symbol	hgncId	ncbiGeneId	ensemblGeneId
A1BG	HGNC:5	1	ENSG00000121410
A1CF	HGNC:24086	29974	ENSG00000148584
A2M	HGNC:7	2	ENSG00000175899
A3GALT2	HGNC:30005	127550	ENSG00000184389
A4GNT	HGNC:17968	51146	ENSG00000118017
AACS	HGNC:21298	65985	ENSG00000081760
AADAC	HGNC:17	13	ENSG00000114771
AADACL2	HGNC:24427	344752	ENSG00000197953
AADACL3	HGNC:32037	126767	ENSG00000188984
AADACL4	HGNC:32038	343066	ENSG00000204518
AADAT	HGNC:17929	51166	ENSG00000109576
AAK1	HGNC:19679	22848	ENSG00000115977
AAMDC	HGNC:30205	28971	ENSG00000087884
AAMP	HGNC:18	14	ENSG00000127837
AAR2	HGNC:15886	25980	ENSG00000131043
AARD	HGNC:33842	441376	ENSG00000205002
AARSD1	HGNC:28417	80755	ENSG00000266967
AASDH	HGNC:23993	132949	ENSG00000157426
AASDHPPT	HGNC:14235	60496	ENSG00000149313
AATF	HGNC:19235	26574	ENSG00000275700
AATK	HGNC:21	9625	ENSG00000181409
ABCA6	HGNC:36	23460	ENSG00000154262
ABCA8	HGNC:38	10351	ENSG00000141338
ABCA9	HGNC:39	10350	ENSG00000154258
ABCA10	HGNC:30	10349	ENSG00000154263
ABCA13	HGNC:14638	154664	ENSG00000179869
ABCB5	HGNC:46	340273	ENSG00000004846
ABCB8	HGNC:49	11194	ENSG00000197150
ABCB9	HGNC:50	23457	ENSG00000150967
ABCB10	HGNC:41	23456	ENSG00000135776
ABCC3	HGNC:54	8714	ENSG00000108846
ABCC5	HGNC:56	10057	ENSG00000114770
ABCC10	HGNC:52	89845	ENSG00000124574
ABCC12	HGNC:14640	94160	ENSG00000140798
ABCD2	HGNC:66	225	ENSG00000173208
ABCE1	HGNC:69	6059	ENSG00000164163
ABCF1	HGNC:70	23	ENSG00000204574
ABCF2	HGNC:71	10061	ENSG00000033050
ABCF3	HGNC:72	55324	ENSG00000161204
ABCG1	HGNC:73	9619	ENSG00000160179
ABCG4	HGNC:13884	64137	ENSG00000172350
ABHD1	HGNC:17553	84696	ENSG00000143994
ABHD2	HGNC:18717	11057	ENSG00000140526
ABHD3	HGNC:18718	171586	ENSG00000158201
ABHD4	HGNC:20154	63874	ENSG00000100439
ABHD6	HGNC:21398	57406	ENSG00000163686
ABHD8	HGNC:23759	79575	ENSG00000127220
ABHD10	HGNC:25656	55347	ENSG00000144827
ABHD11	HGNC:16407	83451	ENSG00000106077
ABHD12B	HGNC:19837	145447	ENSG00000131969
ABHD13	HGNC:20293	84945	ENSG00000139826
ABHD14A	HGNC:24538	25864	ENSG00000248487
ABHD14B	HGNC:28235	84836	ENSG00000114779
ABHD15	HGNC:26971	116236	ENSG00000168792
ABHD16B	HGNC:16128	140701	ENSG00000183260
ABHD17A	HGNC:28756	81926	ENSG00000129968
ABHD17B	HGNC:24278	51104	ENSG00000107362
ABHD17C	HGNC:26925	58489	ENSG00000136379
ABHD18	HGNC:26111	80167	ENSG00000164074
ABI1	HGNC:11320	10006	ENSG00000136754
ABI2	HGNC:24011	10152	ENSG00000138443
ABI3	HGNC:29859	51225	ENSG00000108798
ABI3BP	HGNC:17265	25890	ENSG00000154175
ABITRAM	HGNC:1364	54942	ENSG00000119328
ABL2	HGNC:77	27	ENSG00000143322
ABLIM1	HGNC:78	3983	ENSG00000099204
ABLIM2	HGNC:19195	84448	ENSG00000163995
ABLIM3	HGNC:29132	22885	ENSG00000173210
ABR	HGNC:81	29	ENSG00000159842
ABRA	HGNC:30655	137735	ENSG00000174429
ABRACL	HGNC:21230	58527	ENSG00000146386
ABRAXAS1	HGNC:25829	84142	ENSG00000163322
ABRAXAS2	HGNC:28975	23172	ENSG00000165660
ABT1	HGNC:17369	29777	ENSG00000146109
ABTB1	HGNC:18275	80325	ENSG00000114626
ABTB2	HGNC:23842	25841	ENSG00000166016
ABTB3	HGNC:23844	121551	ENSG00000151136
ACAA1	HGNC:82	30	ENSG00000060971
ACAA2	HGNC:83	10449	ENSG00000167315
ACACB	HGNC:85	32	ENSG00000076555
ACAD10	HGNC:21597	80724	ENSG00000111271
ACAD11	HGNC:30211	84129	ENSG00000240303
ACAP1	HGNC:16467	9744	ENSG00000072818
ACAP2	HGNC:16469	23527	ENSG00000114331
ACAP3	HGNC:16754	116983	ENSG00000131584
ACBD3	HGNC:15453	64746	ENSG00000182827
ACBD4	HGNC:23337	79777	ENSG00000181513
ACBD7	HGNC:17715	414149	ENSG00000176244
ACCS	HGNC:23989	84680	ENSG00000110455
ACCSL	HGNC:34391	390110	ENSG00000205126
ACE2	HGNC:13557	59272	ENSG00000130234
ACER1	HGNC:18356	125981	ENSG00000167769
ACER2	HGNC:23675	340485	ENSG00000177076
ACIN1	HGNC:17066	22985	ENSG00000100813
ACKR2	HGNC:1565	1238	ENSG00000144648
ACKR4	HGNC:1611	51554	ENSG00000129048
ACKR5	HGNC:13708	11318	ENSG00000166856
ACLY	HGNC:115	47	ENSG00000131473
ACMSD	HGNC:19288	130013	ENSG00000153086
ACO1	HGNC:117	48	ENSG00000122729
ACOD1	HGNC:33904	730249	ENSG00000102794
ACOT1	HGNC:33128	641371	ENSG00000184227
ACOT2	HGNC:18431	10965	ENSG00000119673
ACOT4	HGNC:19748	122970	ENSG00000177465
ACOT6	HGNC:33159	641372	ENSG00000205669
ACOT7	HGNC:24157	11332	ENSG00000097021
ACOT8	HGNC:15919	10005	ENSG00000101473
ACOT9	HGNC:17152	23597	ENSG00000123130
ACOT11	HGNC:18156	26027	ENSG00000162390
ACOT12	HGNC:24436	134526	ENSG00000172497
ACOT13	HGNC:20999	55856	ENSG00000112304
ACOX3	HGNC:121	8310	ENSG00000087008
ACOXL	HGNC:25621	55289	ENSG00000153093
ACP1	HGNC:122	52	ENSG00000143727
ACP3	HGNC:125	55	ENSG00000014257
ACP6	HGNC:29609	51205	ENSG00000162836
ACP7	HGNC:33781	390928	ENSG00000183760
ACRBP	HGNC:17195	84519	ENSG00000111644
ACRV1	HGNC:127	56	ENSG00000134940
ACSBG1	HGNC:29567	23205	ENSG00000103740
ACSBG2	HGNC:24174	81616	ENSG00000130377
ACSF2	HGNC:26101	80221	ENSG00000167107
ACSL1	HGNC:3569	2180	ENSG00000151726
ACSL3	HGNC:3570	2181	ENSG00000123983
ACSL6	HGNC:16496	23305	ENSG00000164398
ACSM1	HGNC:18049	116285	ENSG00000166743
ACSM2A	HGNC:32017	123876	ENSG00000183747
ACSM2B	HGNC:30931	348158	ENSG00000066813
ACSM3	HGNC:10522	6296	ENSG00000005187
ACSM4	HGNC:32016	341392	ENSG00000215009
ACSM5	HGNC:26060	54988	ENSG00000183549
ACSM6	HGNC:31665	142827	ENSG00000173124
ACSS1	HGNC:16091	84532	ENSG00000154930
ACSS2	HGNC:15814	55902	ENSG00000131069
ACSS3	HGNC:24723	79611	ENSG00000111058
ACTBL2	HGNC:17780	345651	ENSG00000169067
ACTL7B	HGNC:162	10880	ENSG00000148156
ACTL8	HGNC:24018	81569	ENSG00000117148
ACTL10	HGNC:16127	170487	ENSG00000288649
ACTMAP	HGNC:24758	284325	ENSG00000188493
ACTR1A	HGNC:167	10121	ENSG00000138107
ACTR1B	HGNC:168	10120	ENSG00000115073
ACTR2	HGNC:169	10097	ENSG00000138071
ACTR3	HGNC:170	10096	ENSG00000115091
ACTR3B	HGNC:17256	57180	ENSG00000133627
ACTR3C	HGNC:37282	653857	ENSG00000106526
ACTR5	HGNC:14671	79913	ENSG00000101442
ACTR6	HGNC:24025	64431	ENSG00000075089
ACTR8	HGNC:14672	93973	ENSG00000113812
ACTR10	HGNC:17372	55860	ENSG00000131966
ACTRT1	HGNC:24027	139741	ENSG00000123165
ACTRT2	HGNC:24026	140625	ENSG00000169717
ACTRT3	HGNC:24022	84517	ENSG00000184378
ACVR1C	HGNC:18123	130399	ENSG00000123612
ACVR2A	HGNC:173	92	ENSG00000121989
ACY3	HGNC:24104	91703	ENSG00000132744
ACYP1	HGNC:179	97	ENSG00000119640
ACYP2	HGNC:180	98	ENSG00000170634
ADAD1	HGNC:30713	132612	ENSG00000164113
ADAD2	HGNC:30714	161931	ENSG00000140955
ADAM2	HGNC:198	2515	ENSG00000104755
ADAM7	HGNC:214	8756	ENSG00000069206
ADAM8	HGNC:215	101	ENSG00000151651
ADAM11	HGNC:189	4185	ENSG00000073670
ADAM12	HGNC:190	8038	ENSG00000148848
ADAM15	HGNC:193	8751	ENSG00000143537
ADAM18	HGNC:196	8749	ENSG00000168619
ADAM19	HGNC:197	8728	ENSG00000135074
ADAM20	HGNC:199	8748	ENSG00000134007
ADAM21	HGNC:200	8747	ENSG00000139985
ADAM23	HGNC:202	8745	ENSG00000114948
ADAM28	HGNC:206	10863	ENSG00000042980
ADAM29	HGNC:207	11086	ENSG00000168594
ADAM30	HGNC:208	11085	ENSG00000134249
ADAM32	HGNC:15479	203102	ENSG00000197140
ADAM33	HGNC:15478	80332	ENSG00000149451
ADAMDEC1	HGNC:16299	27299	ENSG00000134028
ADAMTS1	HGNC:217	9510	ENSG00000154734
ADAMTS4	HGNC:220	9507	ENSG00000158859
ADAMTS5	HGNC:221	11096	ENSG00000154736
ADAMTS6	HGNC:222	11174	ENSG00000049192
ADAMTS7	HGNC:223	11173	ENSG00000136378
ADAMTS8	HGNC:224	11095	ENSG00000134917
ADAMTS12	HGNC:14605	81792	ENSG00000151388
ADAMTS14	HGNC:14899	140766	ENSG00000138316
ADAMTS16	HGNC:17108	170690	ENSG00000145536
ADAMTS20	HGNC:17178	80070	ENSG00000173157
ADAMTSL3	HGNC:14633	57188	ENSG00000156218
ADAMTSL5	HGNC:27912	339366	ENSG00000185761
ADAP1	HGNC:16486	11033	ENSG00000105963
ADAP2	HGNC:16487	55803	ENSG00000184060
ADARB2	HGNC:227	105	ENSG00000185736
ADAT1	HGNC:228	23536	ENSG00000065457
ADAT2	HGNC:21172	134637	ENSG00000189007
ADCK1	HGNC:19038	57143	ENSG00000063761
ADCK2	HGNC:19039	90956	ENSG00000133597
ADCK5	HGNC:21738	203054	ENSG00000173137
ADCY2	HGNC:233	108	ENSG00000078295
ADCY4	HGNC:235	196883	ENSG00000129467
ADCY7	HGNC:238	113	ENSG00000121281
ADCY8	HGNC:239	114	ENSG00000155897
ADCY9	HGNC:240	115	ENSG00000162104
ADCYAP1	HGNC:241	116	ENSG00000141433
ADCYAP1R1	HGNC:242	117	ENSG00000078549
ADD2	HGNC:244	119	ENSG00000075340
ADGB	HGNC:21212	79747	ENSG00000118492
ADGRA1	HGNC:13838	84435	ENSG00000197177
ADGRA2	HGNC:17849	25960	ENSG00000020181
ADGRA3	HGNC:13839	166647	ENSG00000152990
ADGRB1	HGNC:943	575	ENSG00000181790
ADGRB2	HGNC:944	576	ENSG00000121753
ADGRB3	HGNC:945	577	ENSG00000135298
ADGRD1	HGNC:19893	283383	ENSG00000111452
ADGRD2	HGNC:18651	347088	ENSG00000180264
ADGRE1	HGNC:3336	2015	ENSG00000174837
ADGRE3	HGNC:23647	84658	ENSG00000131355
ADGRE5	HGNC:1711	976	ENSG00000123146
ADGRF1	HGNC:18990	266977	ENSG00000153292
ADGRF3	HGNC:18989	165082	ENSG00000173567
ADGRF4	HGNC:19011	221393	ENSG00000153294
ADGRF5	HGNC:19030	221395	ENSG00000069122
ADGRG3	HGNC:13728	222487	ENSG00000182885
ADGRG4	HGNC:18992	139378	ENSG00000156920
ADGRG5	HGNC:19010	221188	ENSG00000159618
ADGRG7	HGNC:19241	84873	ENSG00000144820
ADGRL2	HGNC:18582	23266	ENSG00000117114
ADGRL3	HGNC:20974	23284	ENSG00000150471
ADGRL4	HGNC:20822	64123	ENSG00000162618
ADH1A	HGNC:249	124	ENSG00000187758
ADH4	HGNC:252	127	ENSG00000198099
ADH6	HGNC:255	130	ENSG00000172955
ADH7	HGNC:256	131	ENSG00000196344
ADHFE1	HGNC:16354	137872	ENSG00000147576
ADI1	HGNC:30576	55256	ENSG00000182551
ADIG	HGNC:28606	149685	ENSG00000182035
ADIPOR1	HGNC:24040	51094	ENSG00000159346
ADIPOR2	HGNC:24041	79602	ENSG00000006831
ADIRF	HGNC:24043	10974	ENSG00000148671
ADISSP	HGNC:15873	54976	ENSG00000101220
ADM	HGNC:259	133	ENSG00000148926
ADM2	HGNC:28898	79924	ENSG00000128165
ADM5	HGNC:27293	199800	ENSG00000224420
ADNP2	HGNC:23803	22850	ENSG00000101544
ADO	HGNC:23506	84890	ENSG00000181915
ADORA1	HGNC:262	134	ENSG00000163485
ADORA2B	HGNC:264	136	ENSG00000170425
ADORA3	HGNC:268	140	ENSG00000282608
ADPGK	HGNC:25250	83440	ENSG00000159322
ADPRH	HGNC:269	141	ENSG00000144843
ADPRHL1	HGNC:21303	113622	ENSG00000153531
ADPRM	HGNC:30925	56985	ENSG00000170222
ADRA1A	HGNC:277	148	ENSG00000120907
ADRA1B	HGNC:278	147	ENSG00000170214
ADRA1D	HGNC:280	146	ENSG00000171873
ADRA2C	HGNC:283	152	ENSG00000184160
ADRB2	HGNC:286	154	ENSG00000169252
ADRM1	HGNC:15759	11047	ENSG00000130706
ADSS2	HGNC:292	159	ENSG00000035687
ADTRP	HGNC:21214	84830	ENSG00000111863
AEBP2	HGNC:24051	121536	ENSG00000139154
AEN	HGNC:25722	64782	ENSG00000181026
AFAP1	HGNC:24017	60312	ENSG00000196526
AFAP1L1	HGNC:26714	134265	ENSG00000157510
AFAP1L2	HGNC:25901	84632	ENSG00000169129
AFDN	HGNC:7137	4301	ENSG00000130396
AFG1L	HGNC:16411	246269	ENSG00000135537
AFM	HGNC:316	173	ENSG00000079557
AFMID	HGNC:20910	125061	ENSG00000183077
AFTPH	HGNC:25951	54812	ENSG00000119844
AGAP1	HGNC:16922	116987	ENSG00000157985
AGAP2	HGNC:16921	116986	ENSG00000135439
AGAP3	HGNC:16923	116988	ENSG00000133612
AGAP4	HGNC:23459	119016	ENSG00000188234
AGAP5	HGNC:23467	729092	ENSG00000172650
AGAP6	HGNC:23466	414189	ENSG00000204149
AGAP9	HGNC:23463	642517	ENSG00000204172
AGBL2	HGNC:26296	79841	ENSG00000165923
AGBL3	HGNC:27981	340351	ENSG00000146856
AGBL4	HGNC:25892	84871	ENSG00000186094
AGER	HGNC:320	177	ENSG00000204305
AGFG1	HGNC:5175	3267	ENSG00000173744
AGFG2	HGNC:5177	3268	ENSG00000106351
AGMAT	HGNC:18407	79814	ENSG00000116771
AGMO	HGNC:33784	392636	ENSG00000187546
AGO3	HGNC:18421	192669	ENSG00000126070
AGO4	HGNC:18424	192670	ENSG00000134698
AGPAT1	HGNC:324	10554	ENSG00000204310
AGPAT3	HGNC:326	56894	ENSG00000160216
AGPAT4	HGNC:20885	56895	ENSG00000026652
AGPAT5	HGNC:20886	55326	ENSG00000155189
AGR3	HGNC:24167	155465	ENSG00000173467
AGTRAP	HGNC:13539	57085	ENSG00000177674
AHCTF1	HGNC:24618	25909	ENSG00000153207
AHCYL1	HGNC:344	10768	ENSG00000168710
AHCYL2	HGNC:22204	23382	ENSG00000158467
AHNAK	HGNC:347	79026	ENSG00000124942
AHNAK2	HGNC:20125	113146	ENSG00000185567
AHRR	HGNC:346	57491	ENSG00000063438
AHSA1	HGNC:1189	10598	ENSG00000100591
AHSP	HGNC:18075	51327	ENSG00000169877
AIDA	HGNC:25761	64853	ENSG00000186063
AIF1	HGNC:352	199	ENSG00000204472
AIF1L	HGNC:28904	83543	ENSG00000126878
AIFM2	HGNC:21411	84883	ENSG00000042286
AIFM3	HGNC:26398	150209	ENSG00000183773
AIG1	HGNC:21607	51390	ENSG00000146416
AIM2	HGNC:357	9447	ENSG00000163568
AIRIM	HGNC:26039	54955	ENSG00000116922
AJAP1	HGNC:30801	55966	ENSG00000196581
AJM1	HGNC:37284	389813	ENSG00000232434
AJUBA	HGNC:20250	84962	ENSG00000129474
AK3	HGNC:17376	50808	ENSG00000147853
AK4	HGNC:363	205	ENSG00000162433
AK5	HGNC:365	26289	ENSG00000154027
AK6	HGNC:49151	102157402	ENSG00000085231
AK8	HGNC:26526	158067	ENSG00000165695
AKAIN1	HGNC:28285	642597	ENSG00000231824
AKAP1	HGNC:367	8165	ENSG00000121057
AKAP5	HGNC:375	9495	ENSG00000179841
AKAP6	HGNC:376	9472	ENSG00000151320
AKAP7	HGNC:377	9465	ENSG00000118507
AKAP8	HGNC:378	10270	ENSG00000105127
AKAP8L	HGNC:29857	26993	ENSG00000011243
AKAP10	HGNC:368	11216	ENSG00000108599
AKAP11	HGNC:369	11215	ENSG00000023516
AKAP12	HGNC:370	9590	ENSG00000131016
AKAP13	HGNC:371	11214	ENSG00000170776
AKAP14	HGNC:24061	158798	ENSG00000186471
AKAP17A	HGNC:18783	8227	ENSG00000197976
AKAP19	HGNC:28191	84281	ENSG00000187699
AKIP1	HGNC:1170	56672	ENSG00000166452
AKIRIN1	HGNC:25744	79647	ENSG00000174574
AKIRIN2	HGNC:21407	55122	ENSG00000135334
AKNA	HGNC:24108	80709	ENSG00000106948
AKNAD1	HGNC:28398	254268	ENSG00000162641
AKR1A1	HGNC:380	10327	ENSG00000117448
AKR1B1	HGNC:381	231	ENSG00000085662
AKR1B10	HGNC:382	57016	ENSG00000198074
AKR1B15	HGNC:37281	441282	ENSG00000227471
AKR1C1	HGNC:384	1645	ENSG00000187134
AKR1C3	HGNC:386	8644	ENSG00000196139
AKR1C8	HGNC:23469	340811	ENSG00000264006
AKR1E2	HGNC:23437	83592	ENSG00000165568
AKR7A2	HGNC:389	8574	ENSG00000053371
AKR7A3	HGNC:390	22977	ENSG00000162482
AKR7L	HGNC:24056	246181	ENSG00000211454
AKT1S1	HGNC:28426	84335	ENSG00000204673
AKTIP	HGNC:16710	64400	ENSG00000166971
ALAS1	HGNC:396	211	ENSG00000023330
ALCAM	HGNC:400	214	ENSG00000170017
ALDH1A1	HGNC:402	216	ENSG00000165092
ALDH1B1	HGNC:407	219	ENSG00000137124
ALDH1L1	HGNC:3978	10840	ENSG00000144908
ALDH1L2	HGNC:26777	160428	ENSG00000136010
ALDH3A1	HGNC:405	218	ENSG00000108602
ALDH3B1	HGNC:410	221	ENSG00000006534
ALDH3B2	HGNC:411	222	ENSG00000132746
ALDH8A1	HGNC:15471	64577	ENSG00000118514
ALDH16A1	HGNC:28114	126133	ENSG00000161618
ALDOC	HGNC:418	230	ENSG00000109107
ALG1L2	HGNC:37258	644974	ENSG00000251287
ALKAL1	HGNC:33775	389658	ENSG00000196711
ALKAL2	HGNC:27683	285016	ENSG00000189292
ALKBH1	HGNC:17911	8846	ENSG00000100601
ALKBH2	HGNC:32487	121642	ENSG00000189046
ALKBH3	HGNC:30141	221120	ENSG00000166199
ALKBH4	HGNC:21900	54784	ENSG00000160993
ALKBH5	HGNC:25996	54890	ENSG00000091542
ALKBH6	HGNC:28243	84964	ENSG00000239382
ALKBH7	HGNC:21306	84266	ENSG00000125652
ALLC	HGNC:17377	55821	ENSG00000151360
ALOX12	HGNC:429	239	ENSG00000108839
ALOX15	HGNC:433	246	ENSG00000161905
ALOX15B	HGNC:434	247	ENSG00000179593
ERVV-1	HGNC:26501	147664	ENSG00000269526
ERVV-2	HGNC:39051	100271846	ENSG00000268964
ERVW-1	HGNC:13525	30816	ENSG00000242950
ESCO1	HGNC:24645	114799	ENSG00000141446
ESD	HGNC:3465	2098	ENSG00000139684
ESF1	HGNC:15898	51575	ENSG00000089048
ESM1	HGNC:3466	11082	ENSG00000164283
ESPL1	HGNC:16856	9700	ENSG00000135476
ESPNL	HGNC:27937	339768	ENSG00000144488
ESRP2	HGNC:26152	80004	ENSG00000103067
ESRRA	HGNC:3471	2101	ENSG00000173153
ESRRG	HGNC:3474	2104	ENSG00000196482
ESX1	HGNC:14865	80712	ENSG00000123576
ESYT1	HGNC:29534	23344	ENSG00000139641
ESYT2	HGNC:22211	57488	ENSG00000117868
ESYT3	HGNC:24295	83850	ENSG00000158220
ETAA1	HGNC:24648	54465	ENSG00000143971
ETDA	HGNC:53449	101928677	ENSG00000238210
ETDB	HGNC:44269	100129515	ENSG00000224107
ETDC	HGNC:53450	110806299	ENSG00000283644
ETF1	HGNC:3477	2107	ENSG00000120705
ETFBKMT	HGNC:28739	254013	ENSG00000139160
ETFRF1	HGNC:27052	144363	ENSG00000205707
ETNK1	HGNC:24649	55500	ENSG00000139163
ETNK2	HGNC:25575	55224	ENSG00000143845
ETNPPL	HGNC:14404	64850	ENSG00000164089
ETS2	HGNC:3489	2114	ENSG00000157557
ETV2	HGNC:3491	2116	ENSG00000105672
ETV3	HGNC:3492	2117	ENSG00000117036
ETV3L	HGNC:33834	440695	ENSG00000253831
ETV5	HGNC:3494	2119	ENSG00000244405
ETV7	HGNC:18160	51513	ENSG00000010030
EVA1A	HGNC:25816	84141	ENSG00000115363
EVA1B	HGNC:25558	55194	ENSG00000142694
EVA1C	HGNC:13239	59271	ENSG00000166979
EVI2A	HGNC:3499	2123	ENSG00000126860
EVI2B	HGNC:3500	2124	ENSG00000185862
EVI5	HGNC:3501	7813	ENSG00000067208
EVI5L	HGNC:30464	115704	ENSG00000142459
EVL	HGNC:20234	51466	ENSG00000196405
EVPL	HGNC:3503	2125	ENSG00000167880
EVPLL	HGNC:35236	645027	ENSG00000214860
EVX1	HGNC:3506	2128	ENSG00000106038
EVX2	HGNC:3507	344191	ENSG00000174279
EXD1	HGNC:28507	161829	ENSG00000178997
EXD2	HGNC:20217	55218	ENSG00000081177
EXD3	HGNC:26023	54932	ENSG00000187609
EXO5	HGNC:26115	64789	ENSG00000164002
EXOC1	HGNC:30380	55763	ENSG00000090989
EXOC1L	HGNC:53433	644145	ENSG00000250821
EXOC3	HGNC:30378	11336	ENSG00000180104
EXOC3L1	HGNC:27540	283849	ENSG00000179044
EXOC3L4	HGNC:20120	91828	ENSG00000205436
EXOC4	HGNC:30389	60412	ENSG00000131558
EXOC5	HGNC:10696	10640	ENSG00000070367
EXOC6	HGNC:23196	54536	ENSG00000138190
EXOG	HGNC:3347	9941	ENSG00000157036
EXOSC4	HGNC:18189	54512	ENSG00000178896
EXOSC6	HGNC:19055	118460	ENSG00000223496
EXOSC7	HGNC:28112	23016	ENSG00000075914
EXOSC10	HGNC:9138	5394	ENSG00000171824
EXTL1	HGNC:3515	2134	ENSG00000158008
EXTL2	HGNC:3516	2135	ENSG00000162694
EYA2	HGNC:3520	2139	ENSG00000064655
EYA3	HGNC:3521	2140	ENSG00000158161
EZH1	HGNC:3526	2145	ENSG00000108799
EZHIP	HGNC:33738	340602	ENSG00000187690
F2R	HGNC:3537	2149	ENSG00000181104
F2RL1	HGNC:3538	2150	ENSG00000164251
F2RL2	HGNC:3539	2151	ENSG00000164220
F2RL3	HGNC:3540	9002	ENSG00000127533
F3	HGNC:3541	2152	ENSG00000117525
F8A1	HGNC:3547	8263	ENSG00000288722
F8A2	HGNC:31849	474383	ENSG00000288709
F8A3	HGNC:31850	474384	ENSG00000277150
F11R	HGNC:14685	50848	ENSG00000158769
FAAP20	HGNC:26428	199990	ENSG00000162585
FABP1	HGNC:3555	2168	ENSG00000163586
FABP2	HGNC:3556	2169	ENSG00000145384
FABP3	HGNC:3557	2170	ENSG00000121769
FABP4	HGNC:3559	2167	ENSG00000170323
FABP5	HGNC:3560	2171	ENSG00000164687
FABP6	HGNC:3561	2172	ENSG00000170231
FABP7	HGNC:3562	2173	ENSG00000164434
FABP9	HGNC:3563	646480	ENSG00000205186
FABP12	HGNC:34524	646486	ENSG00000197416
FADS1	HGNC:3574	3992	ENSG00000149485
FADS2	HGNC:3575	9415	ENSG00000134824
FADS3	HGNC:3576	3995	ENSG00000221968
FADS6	HGNC:30459	283985	ENSG00000172782
FAF1	HGNC:3578	11124	ENSG00000185104
FAF2	HGNC:24666	23197	ENSG00000113194
FAHD1	HGNC:14169	81889	ENSG00000180185
FAHD2A	HGNC:24252	51011	ENSG00000115042
FAHD2B	HGNC:25318	151313	ENSG00000144199
FAIM	HGNC:18703	55179	ENSG00000158234
FAIM2	HGNC:17067	23017	ENSG00000135472
FAM3A	HGNC:13749	60343	ENSG00000071889
FAM3B	HGNC:1253	54097	ENSG00000183844
FAM3C	HGNC:18664	10447	ENSG00000196937
FAM3D	HGNC:18665	131177	ENSG00000198643
FAM8A1	HGNC:16372	51439	ENSG00000137414
FAM9A	HGNC:18403	171482	ENSG00000183304
FAM9B	HGNC:18404	171483	ENSG00000177138
FAM9C	HGNC:18405	171484	ENSG00000187268
FAM13B	HGNC:1335	51306	ENSG00000031003
FAM13C	HGNC:19371	220965	ENSG00000148541
FAM24A	HGNC:23470	118670	ENSG00000203795
FAM24B	HGNC:23475	196792	ENSG00000213185
FAM25A	HGNC:23436	643161	ENSG00000188100
FAM25C	HGNC:23586	644054	ENSG00000276430
FAM25G	HGNC:23590	100133093	ENSG00000189090
FAM32A	HGNC:24563	26017	ENSG00000105058
FAM43A	HGNC:26888	131583	ENSG00000185112
FAM43B	HGNC:31791	163933	ENSG00000183114
FAM47A	HGNC:29962	158724	ENSG00000185448
FAM47B	HGNC:26659	170062	ENSG00000189132
FAM47C	HGNC:25301	442444	ENSG00000198173
FAM47E	HGNC:34343	100129583	ENSG00000189157
FAM50B	HGNC:18789	26240	ENSG00000145945
FAM53A	HGNC:31860	152877	ENSG00000174137
FAM53B	HGNC:28968	9679	ENSG00000189319
FAM53C	HGNC:1336	51307	ENSG00000120709
FAM72A	HGNC:24044	729533	ENSG00000196550
FAM72B	HGNC:24805	653820	ENSG00000188610
FAM72C	HGNC:30602	554282	ENSG00000263513
FAM72D	HGNC:33593	728833	ENSG00000215784
FAM76A	HGNC:28530	199870	ENSG00000009780
FAM76B	HGNC:28492	143684	ENSG00000077458
FAM78A	HGNC:25465	286336	ENSG00000126882
FAM78B	HGNC:13495	149297	ENSG00000188859
FAM81A	HGNC:28379	145773	ENSG00000157470
FAM81B	HGNC:26335	153643	ENSG00000153347
FAM86B1	HGNC:28268	85002	ENSG00000186523
FAM86B2	HGNC:32222	653333	ENSG00000145002
FAM89A	HGNC:25057	375061	ENSG00000182118
FAM89B	HGNC:16708	23625	ENSG00000176973
FAM90A1	HGNC:25526	55138	ENSG00000171847
FAM90A3	HGNC:32251	389611	ENSG00000233132
FAM90A5	HGNC:32253	441315	ENSG00000215373
FAM90A7	HGNC:32255	441317	ENSG00000285975
FAM90A8	HGNC:32256	441324	ENSG00000285937
FAM90A9	HGNC:32257	441327	ENSG00000285607
FAM90A10	HGNC:32258	441328	ENSG00000285950
FAM90A11	HGNC:32259	441331	ENSG00000233115
FAM90A12	HGNC:32260	645879	ENSG00000254229
FAM90A13	HGNC:32261	441314	ENSG00000223885
FAM90A14	HGNC:32262	645651	ENSG00000285814
FAM90A15	HGNC:32263	389630	ENSG00000230045
FAM90A16	HGNC:32264	441323	ENSG00000285620
FAM90A17	HGNC:32265	728746	ENSG00000285720
FAM90A18	HGNC:32266	441326	ENSG00000285913
FAM90A19	HGNC:32267	728753	ENSG00000285657
FAM90A20	HGNC:32268	728430	ENSG00000233295
FAM90A22	HGNC:32270	645558	ENSG00000285687
FAM90A23	HGNC:32271	645572	ENSG00000285765
FAM90A24	HGNC:32272	441332	ENSG00000215354
FAM90A26	HGNC:43746	100287045	ENSG00000229924
FAM91A1	HGNC:26306	157769	ENSG00000176853
FAM98A	HGNC:24520	25940	ENSG00000119812
FAM98B	HGNC:26773	283742	ENSG00000171262
FAM98C	HGNC:27119	147965	ENSG00000130244
FAM107A	HGNC:30827	11170	ENSG00000168309
FAM107B	HGNC:23726	83641	ENSG00000065809
FAM110A	HGNC:16188	83541	ENSG00000125898
FAM110B	HGNC:28587	90362	ENSG00000169122
FAM110C	HGNC:33340	642273	ENSG00000184731
FAM110D	HGNC:25860	79927	ENSG00000197245
FAM114A1	HGNC:25087	92689	ENSG00000197712
FAM114A2	HGNC:1333	10827	ENSG00000055147
FAM117A	HGNC:24179	81558	ENSG00000121104
FAM117B	HGNC:14440	150864	ENSG00000138439
FAM120A	HGNC:13247	23196	ENSG00000048828
FAM120AOS	HGNC:23389	158293	ENSG00000188938
FAM120B	HGNC:21109	84498	ENSG00000112584
FAM120C	HGNC:16949	54954	ENSG00000184083
FAM124A	HGNC:26413	220108	ENSG00000150510
FAM124B	HGNC:26224	79843	ENSG00000124019
FAM131A	HGNC:28308	131408	ENSG00000175182
FAM131B	HGNC:22202	9715	ENSG00000159784
FAM131C	HGNC:26717	348487	ENSG00000185519
FAM133A	HGNC:26748	286499	ENSG00000179083
FAM133B	HGNC:28629	257415	ENSG00000234545
FAM135A	HGNC:21084	57579	ENSG00000082269
FAM135B	HGNC:28029	51059	ENSG00000147724
FAM149A	HGNC:24527	25854	ENSG00000109794
FAM151A	HGNC:25032	338094	ENSG00000162391
FAM151B	HGNC:33716	167555	ENSG00000152380
FAM153A	HGNC:29940	285596	ENSG00000170074
FAM153B	HGNC:27323	202134	ENSG00000182230
FAM156A	HGNC:30114	29057	ENSG00000268350
FAM156B	HGNC:31962	727866	ENSG00000179304
FAM161B	HGNC:19854	145483	ENSG00000156050
FAM162A	HGNC:17865	26355	ENSG00000114023
FAM162B	HGNC:21549	221303	ENSG00000183807
FAM163A	HGNC:28274	148753	ENSG00000143340
FAM163B	HGNC:33277	642968	ENSG00000196990
FAM167A	HGNC:15549	83648	ENSG00000154319
FAM167B	HGNC:28133	84734	ENSG00000183615
FAM168A	HGNC:28999	23201	ENSG00000054965
FAM168B	HGNC:27016	130074	ENSG00000152102
FAM169A	HGNC:29138	26049	ENSG00000198780
FAM170A	HGNC:27963	340069	ENSG00000164334
FAM170B	HGNC:19736	170370	ENSG00000172538
FAM171A1	HGNC:23522	221061	ENSG00000148468
FAM171A2	HGNC:30480	284069	ENSG00000161682
FAM171B	HGNC:29412	165215	ENSG00000144369
FAM174A	HGNC:24943	345757	ENSG00000174132
FAM174B	HGNC:34339	400451	ENSG00000185442
FAM174C	HGNC:26073	55009	ENSG00000228300
FAM177B	HGNC:34395	400823	ENSG00000197520
FAM178B	HGNC:28036	51252	ENSG00000168754
FAM180A	HGNC:33773	389558	ENSG00000189320
FAM180B	HGNC:34451	399888	ENSG00000196666
FAM181A	HGNC:20491	90050	ENSG00000140067
FAM181B	HGNC:28512	220382	ENSG00000182103
FAM184A	HGNC:20991	79632	ENSG00000111879
FAM184B	HGNC:29235	27146	ENSG00000047662
FAM185A	HGNC:22412	222234	ENSG00000222011
FAM186A	HGNC:26980	121006	ENSG00000185958
FAM186B	HGNC:25296	84070	ENSG00000135436
FAM187A	HGNC:35153	100528020	ENSG00000214447
FAM187B	HGNC:26366	148109	ENSG00000177558
FAM193A	HGNC:16822	8603	ENSG00000125386
FAM193B	HGNC:25524	54540	ENSG00000146067
FAM199X	HGNC:25195	139231	ENSG00000123575
FAM200A	HGNC:25401	221786	ENSG00000221909
FAM200B	HGNC:27740	285550	ENSG00000237765
FAM200C	HGNC:30804	63920	ENSG00000221886
FAM204A	HGNC:25794	63877	ENSG00000165669
FAM209A	HGNC:16100	200232	ENSG00000124103
FAM209B	HGNC:16101	388799	ENSG00000213714
FAM216A	HGNC:30180	29902	ENSG00000204856
FAM216B	HGNC:26883	144809	ENSG00000179813
FAM217A	HGNC:21362	222826	ENSG00000145975
FAM217B	HGNC:16170	63939	ENSG00000196227
FAM219A	HGNC:19920	203259	ENSG00000164970
FAM219B	HGNC:24695	57184	ENSG00000178761
FAM220A	HGNC:22422	84792	ENSG00000178397
FAM221A	HGNC:27977	340277	ENSG00000188732
FAM221B	HGNC:30762	392307	ENSG00000204930
FAM222A	HGNC:25915	84915	ENSG00000139438
FAM222B	HGNC:25563	55731	ENSG00000173065
FAM227A	HGNC:44197	646851	ENSG00000184949
FAM227B	HGNC:26543	196951	ENSG00000166262
FAM228A	HGNC:34418	653140	ENSG00000186453
FAM228B	HGNC:24736	375190	ENSG00000219626
FAM229A	HGNC:44652	100128071	ENSG00000225828
FAM229B	HGNC:33858	619208	ENSG00000203778
FAM234A	HGNC:14163	83986	ENSG00000167930
FAM234B	HGNC:29288	57613	ENSG00000084444
FAM236A	HGNC:44268	100129407	ENSG00000275520
FAM236B	HGNC:52640	100132304	ENSG00000268994
FAM236C	HGNC:52641	109729126	ENSG00000283594
FAM236D	HGNC:52642	105373251	ENSG00000225396
FAM237A	HGNC:52388	200726	ENSG00000235118
FAM237B	HGNC:53217	107986818	ENSG00000283267
FAM240A	HGNC:52390	100132146	ENSG00000283473
FAM240B	HGNC:53430	110806297	ENSG00000283329
FAM240C	HGNC:54200	285095	ENSG00000216921
FAM241A	HGNC:26813	132720	ENSG00000174749
FAM241B	HGNC:23519	219738	ENSG00000171224
FAM246A	HGNC:54844	117134598	ENSG00000286102
FAM246B	HGNC:54843	117134597	ENSG00000286175
FAM246C	HGNC:54842	117134596	ENSG00000286025
FANCD2OS	HGNC:28623	115795	ENSG00000163705
FANK1	HGNC:23527	92565	ENSG00000203780
FAP	HGNC:3590	2191	ENSG00000078098
FAR2	HGNC:25531	55711	ENSG00000064763
FARP1	HGNC:3591	10160	ENSG00000152767
FARP2	HGNC:16460	9855	ENSG00000006607
FASN	HGNC:3594	2194	ENSG00000169710
FASTK	HGNC:24676	10922	ENSG00000164896
FASTKD1	HGNC:26150	79675	ENSG00000138399
FASTKD3	HGNC:28758	79072	ENSG00000124279
FAT3	HGNC:23112	120114	ENSG00000165323
FATE1	HGNC:24683	89885	ENSG00000147378
FAU	HGNC:3597	2197	ENSG00000149806
FAXC	HGNC:20742	84553	ENSG00000146267
FAXDC2	HGNC:1334	10826	ENSG00000170271
FBF1	HGNC:24674	85302	ENSG00000188878
FBH1	HGNC:13620	84893	ENSG00000134452
FBL	HGNC:3599	2091	ENSG00000105202
FBLIM1	HGNC:24686	54751	ENSG00000162458
FBLL1	HGNC:35458	345630	ENSG00000188573
FBN3	HGNC:18794	84467	ENSG00000142449
FBRS	HGNC:20442	64319	ENSG00000156860
FBRSL1	HGNC:29308	57666	ENSG00000112787
FBXL2	HGNC:13598	25827	ENSG00000153558
FBXL5	HGNC:13602	26234	ENSG00000118564
FBXL6	HGNC:13603	26233	ENSG00000182325
FBXL7	HGNC:13604	23194	ENSG00000183580
FBXL8	HGNC:17875	55336	ENSG00000135722
FBXL12	HGNC:13611	54850	ENSG00000127452
FBXL13	HGNC:21658	222235	ENSG00000161040
FBXL14	HGNC:28624	144699	ENSG00000171823
FBXL15	HGNC:28155	79176	ENSG00000107872
FBXL16	HGNC:14150	146330	ENSG00000127585
FBXL17	HGNC:13615	64839	ENSG00000145743
FBXL18	HGNC:21874	80028	ENSG00000155034
FBXL19	HGNC:25300	54620	ENSG00000099364
FBXL20	HGNC:24679	84961	ENSG00000108306
FBXL22	HGNC:27537	283807	ENSG00000197361
FBXO2	HGNC:13581	26232	ENSG00000116661
FBXO3	HGNC:13582	26273	ENSG00000110429
FBXO4	HGNC:13583	26272	ENSG00000151876
FBXO5	HGNC:13584	26271	ENSG00000112029
FBXO6	HGNC:13585	26270	ENSG00000116663
FBXO8	HGNC:13587	26269	ENSG00000164117
FBXO9	HGNC:13588	26268	ENSG00000112146
FBXO10	HGNC:13589	26267	ENSG00000147912
FBXO15	HGNC:13617	201456	ENSG00000141665
FBXO16	HGNC:13618	157574	ENSG00000214050
FBXO17	HGNC:18754	115290	ENSG00000269190
FBXO21	HGNC:13592	23014	ENSG00000135108
FBXO24	HGNC:13595	26261	ENSG00000106336
FBXO25	HGNC:13596	26260	ENSG00000147364
FBXO27	HGNC:18753	126433	ENSG00000161243
FBXO30	HGNC:15600	84085	ENSG00000118496
FBXO33	HGNC:19833	254170	ENSG00000165355
FBXO34	HGNC:20201	55030	ENSG00000178974
FBXO36	HGNC:27020	130888	ENSG00000153832
FBXO39	HGNC:28565	162517	ENSG00000177294
FBXO40	HGNC:29816	51725	ENSG00000163833
FBXO41	HGNC:29409	150726	ENSG00000163013
FBXO42	HGNC:29249	54455	ENSG00000037637
FBXO44	HGNC:24847	93611	ENSG00000132879
FBXO45	HGNC:29148	200933	ENSG00000174013
FBXO46	HGNC:25069	23403	ENSG00000177051
FBXO47	HGNC:31969	494188	ENSG00000204952
FBXO48	HGNC:33857	554251	ENSG00000204923
FBXW2	HGNC:13608	26190	ENSG00000119402
FBXW5	HGNC:13613	54461	ENSG00000159069
FBXW8	HGNC:13597	26259	ENSG00000174989
FBXW9	HGNC:28136	84261	ENSG00000132004
FBXW10	HGNC:1211	10517	ENSG00000171931
FBXW10B	HGNC:14379	374286	ENSG00000241322
FBXW12	HGNC:20729	285231	ENSG00000164049
FCAMR	HGNC:24692	83953	ENSG00000162897
FCAR	HGNC:3608	2204	ENSG00000186431
FCER1A	HGNC:3609	2205	ENSG00000179639
FCER1G	HGNC:3611	2207	ENSG00000158869
FCER2	HGNC:3612	2208	ENSG00000104921
FCF1	HGNC:20220	51077	ENSG00000119616
FCGBP	HGNC:13572	8857	ENSG00000275395
FCGR1A	HGNC:3613	2209	ENSG00000150337
FCGRT	HGNC:3621	2217	ENSG00000104870
FCHO2	HGNC:25180	115548	ENSG00000157107
FCHSD1	HGNC:25463	89848	ENSG00000197948
FCHSD2	HGNC:29114	9873	ENSG00000137478
FCMR	HGNC:14315	9214	ENSG00000162894
FCN1	HGNC:3623	2219	ENSG00000085265
FCN2	HGNC:3624	2220	ENSG00000160339
FCRL1	HGNC:18509	115350	ENSG00000163534
FCRL2	HGNC:14875	79368	ENSG00000132704
FCRL3	HGNC:18506	115352	ENSG00000160856
FCRL4	HGNC:18507	83417	ENSG00000163518
FCRL5	HGNC:18508	83416	ENSG00000143297
FCRL6	HGNC:31910	343413	ENSG00000181036
FCRLA	HGNC:18504	84824	ENSG00000132185
FCRLB	HGNC:26431	127943	ENSG00000162746
FDCSP	HGNC:19215	260436	ENSG00000181617
FDX1	HGNC:3638	2230	ENSG00000137714
FDXACB1	HGNC:25110	91893	ENSG00000255561
FEM1A	HGNC:16934	55527	ENSG00000141965
FEM1C	HGNC:16933	56929	ENSG00000145780
FEN1	HGNC:3650	2237	ENSG00000168496
FER	HGNC:3655	2241	ENSG00000151422
FER1L5	HGNC:19044	90342	ENSG00000249715
FER1L6	HGNC:28065	654463	ENSG00000214814
FERD3L	HGNC:16660	222894	ENSG00000146618
FERMT2	HGNC:15767	10979	ENSG00000073712
FES	HGNC:3657	2242	ENSG00000182511
FETUB	HGNC:3658	26998	ENSG00000090512
FEV	HGNC:18562	54738	ENSG00000163497
FEZ1	HGNC:3659	9638	ENSG00000149557
FEZ2	HGNC:3660	9637	ENSG00000171055
FEZF2	HGNC:13506	55079	ENSG00000153266
FFAR1	HGNC:4498	2864	ENSG00000126266
FFAR2	HGNC:4501	2867	ENSG00000126262
FFAR3	HGNC:4499	2865	ENSG00000185897
FGD2	HGNC:3664	221472	ENSG00000146192
FGD3	HGNC:16027	89846	ENSG00000127084
FGD5	HGNC:19117	152273	ENSG00000154783
FGD6	HGNC:21740	55785	ENSG00000180263
FGF1	HGNC:3665	2246	ENSG00000113578
FGF2	HGNC:3676	2247	ENSG00000138685
FGF6	HGNC:3684	2251	ENSG00000111241
FGF7	HGNC:3685	2252	ENSG00000140285
FGF11	HGNC:3667	2256	ENSG00000161958
FGF18	HGNC:3674	8817	ENSG00000156427
FGF19	HGNC:3675	9965	ENSG00000162344
FGF21	HGNC:3678	26291	ENSG00000105550
FGF22	HGNC:3679	27006	ENSG00000070388
FGFBP1	HGNC:19695	9982	ENSG00000137440
FGFBP2	HGNC:29451	83888	ENSG00000137441
FGFBP3	HGNC:23428	143282	ENSG00000174721
FGFR1OP2	HGNC:23098	26127	ENSG00000111790
FGFR4	HGNC:3691	2264	ENSG00000160867
FGGY	HGNC:25610	55277	ENSG00000172456
FGL1	HGNC:3695	2267	ENSG00000104760
FGL2	HGNC:3696	10875	ENSG00000127951
FGR	HGNC:3697	2268	ENSG00000000938
FHAD1	HGNC:29408	114827	ENSG00000142621
FHDC1	HGNC:29363	85462	ENSG00000137460
FHIP1A	HGNC:34237	729830	ENSG00000164142
FHIP1B	HGNC:25378	84067	ENSG00000051009
FHIP2A	HGNC:29320	57700	ENSG00000151553
FHIP2B	HGNC:16492	64760	ENSG00000158863
FHL3	HGNC:3704	2275	ENSG00000183386
FHL5	HGNC:17371	9457	ENSG00000112214
FHOD1	HGNC:17905	29109	ENSG00000135723
FIBCD1	HGNC:25922	84929	ENSG00000130720
FIBIN	HGNC:33747	387758	ENSG00000176971
FICD	HGNC:18416	11153	ENSG00000198855
FIGN	HGNC:13285	55137	ENSG00000182263
FIGNL1	HGNC:13286	63979	ENSG00000132436
FIGNL2	HGNC:13287	401720	ENSG00000261308
FILIP1L	HGNC:24589	11259	ENSG00000168386
FIMP1	HGNC:26346	146378	ENSG00000167194
FIRRM	HGNC:25565	55732	ENSG00000000460
FIS1	HGNC:21689	51024	ENSG00000214253
FITM1	HGNC:33714	161247	ENSG00000139914
FIZ1	HGNC:25917	84922	ENSG00000179943
FJX1	HGNC:17166	24147	ENSG00000179431
FKBP1A	HGNC:3711	2280	ENSG00000088832
FKBP1B	HGNC:3712	2281	ENSG00000119782
FKBP1C	HGNC:21376	642489	ENSG00000198225
FKBP2	HGNC:3718	2286	ENSG00000173486
FKBP3	HGNC:3719	2287	ENSG00000100442
FKBP4	HGNC:3720	2288	ENSG00000004478
FKBP7	HGNC:3723	51661	ENSG00000079150
FKBP8	HGNC:3724	23770	ENSG00000105701
FKBP9	HGNC:3725	11328	ENSG00000122642
FKBP11	HGNC:18624	51303	ENSG00000134285
FKBP15	HGNC:23397	23307	ENSG00000119321
FKBPL	HGNC:13949	63943	ENSG00000204315
FLACC1	HGNC:14439	130540	ENSG00000155749
FLOT1	HGNC:3757	10211	ENSG00000137312
FLOT2	HGNC:3758	2319	ENSG00000132589
FLRT2	HGNC:3761	23768	ENSG00000185070
FLYWCH1	HGNC:25404	84256	ENSG00000059122
FLYWCH2	HGNC:25178	114984	ENSG00000162076
FMC1	HGNC:26946	154791	ENSG00000164898
FMN1	HGNC:3768	342184	ENSG00000248905
FMNL1	HGNC:1212	752	ENSG00000184922
FMNL2	HGNC:18267	114793	ENSG00000157827
FMNL3	HGNC:23698	91010	ENSG00000161791
FMO1	HGNC:3769	2326	ENSG00000010932
FMO2	HGNC:3770	2327	ENSG00000094963
FMO4	HGNC:3772	2329	ENSG00000076258
FMOD	HGNC:3774	2331	ENSG00000122176
FMR1NB	HGNC:26372	158521	ENSG00000176988
FN3K	HGNC:24822	64122	ENSG00000167363
FN3KRP	HGNC:25700	79672	ENSG00000141560
FNBP1	HGNC:17069	23048	ENSG00000187239
FNBP1L	HGNC:20851	54874	ENSG00000137942
FNBP4	HGNC:19752	23360	ENSG00000109920
FNDC1	HGNC:21184	84624	ENSG00000164694
FNDC3A	HGNC:20296	22862	ENSG00000102531
FNDC3B	HGNC:24670	64778	ENSG00000075420
FNDC4	HGNC:20239	64838	ENSG00000115226
FNDC5	HGNC:20240	252995	ENSG00000160097
FNDC7	HGNC:26668	163479	ENSG00000143107
FNDC8	HGNC:25286	54752	ENSG00000073598
FNDC9	HGNC:33547	408263	ENSG00000172568
FNDC10	HGNC:42951	643988	ENSG00000228594
FNDC11	HGNC:28764	79025	ENSG00000125531
FNIP2	HGNC:29280	57600	ENSG00000052795
FNTA	HGNC:3782	2339	ENSG00000168522
FNTB	HGNC:3785	2342	ENSG00000257365
FOLH1	HGNC:3788	2346	ENSG00000086205
FOLR2	HGNC:3793	2350	ENSG00000165457
FOLR3	HGNC:3795	2352	ENSG00000110203
FOSL1	HGNC:13718	8061	ENSG00000175592
FOXA1	HGNC:5021	3169	ENSG00000129514
FOXA3	HGNC:5023	3171	ENSG00000170608
FOXB1	HGNC:3799	27023	ENSG00000171956
FOXB2	HGNC:23315	442425	ENSG00000204612
FOXD1	HGNC:3802	2297	ENSG00000251493
FOXD2	HGNC:3803	2306	ENSG00000186564
FOXD4	HGNC:3805	2298	ENSG00000170122
FOXD4L1	HGNC:18521	200350	ENSG00000184492
FOXD4L3	HGNC:18523	286380	ENSG00000187559
FOXD4L4	HGNC:23762	349334	ENSG00000184659
FOXD4L5	HGNC:18522	653427	ENSG00000204779
FOXD4L6	HGNC:31986	653404	ENSG00000273514
FOXF2	HGNC:3810	2295	ENSG00000137273
FOXI2	HGNC:32448	399823	ENSG00000186766
FOXJ2	HGNC:24818	55810	ENSG00000065970
FOXJ3	HGNC:29178	22887	ENSG00000198815
FOXK1	HGNC:23480	221937	ENSG00000164916
FOXK2	HGNC:6036	3607	ENSG00000141568
FOXL2NB	HGNC:34428	401089	ENSG00000206262
FOXL3	HGNC:54201	116033993	ENSG00000248767
FOXM1	HGNC:3818	2305	ENSG00000111206
FOXN2	HGNC:5281	3344	ENSG00000170802
FOXN3	HGNC:1928	1112	ENSG00000053254
FOXN4	HGNC:21399	121643	ENSG00000139445
FOXO3	HGNC:3821	2309	ENSG00000118689
FOXO3B	HGNC:3822	2310	ENSG00000240445
FOXO4	HGNC:7139	4303	ENSG00000184481
FOXO6	HGNC:24814	100132074	ENSG00000204060
FOXP4	HGNC:20842	116113	ENSG00000137166
FOXQ1	HGNC:20951	94234	ENSG00000164379
FOXR1	HGNC:29980	283150	ENSG00000176302
FOXR2	HGNC:30469	139628	ENSG00000189299
FOXRED2	HGNC:26264	80020	ENSG00000100350
FOXS1	HGNC:3735	2307	ENSG00000179772
FPGS	HGNC:3824	2356	ENSG00000136877
FPGT	HGNC:3825	8790	ENSG00000254685
FPR2	HGNC:3827	2358	ENSG00000171049
FPR3	HGNC:3828	2359	ENSG00000187474
FRAT1	HGNC:3944	10023	ENSG00000165879
FRAT2	HGNC:16048	23401	ENSG00000181274
FREM3	HGNC:25172	166752	ENSG00000183090
FREY1	HGNC:37213	143678	ENSG00000234776
FRG2	HGNC:19136	448831	ENSG00000205097
FRG2B	HGNC:33518	441581	ENSG00000225899
FRG2C	HGNC:33626	100288801	ENSG00000172969
FRK	HGNC:3955	2444	ENSG00000111816
FRMD1	HGNC:21240	79981	ENSG00000153303
FRMD3	HGNC:24125	257019	ENSG00000172159
FRMD4B	HGNC:24886	23150	ENSG00000114541
FRMD6	HGNC:19839	122786	ENSG00000139926
FRMD8	HGNC:25462	83786	ENSG00000126391
FRMPD1	HGNC:29159	22844	ENSG00000070601
FRMPD2	HGNC:28572	143162	ENSG00000170324
FRMPD3	HGNC:29382	84443	ENSG00000147234
FRRS1	HGNC:27622	391059	ENSG00000156869
FRS2	HGNC:16971	10818	ENSG00000166225
FRS3	HGNC:16970	10817	ENSG00000137218
FRY	HGNC:20367	10129	ENSG00000073910
FSAF1	HGNC:25332	128061	ENSG00000143633
FSBP	HGNC:43653	100861412	ENSG00000265817
FSCB	HGNC:20494	84075	ENSG00000189139
FSCN1	HGNC:11148	6624	ENSG00000075618
FSCN3	HGNC:3961	29999	ENSG00000106328
FSD1	HGNC:13745	79187	ENSG00000105255
FSD1L	HGNC:13753	83856	ENSG00000106701
FSD2	HGNC:18024	123722	ENSG00000186628
FSIP1	HGNC:21674	161835	ENSG00000150667
FST	HGNC:3971	10468	ENSG00000134363
FSTL1	HGNC:3972	11167	ENSG00000163430
FSTL3	HGNC:3973	10272	ENSG00000070404
FSTL4	HGNC:21389	23105	ENSG00000053108
FSTL5	HGNC:21386	56884	ENSG00000168843
FTCDNL1	HGNC:48661	348751	ENSG00000226124
FTHL17	HGNC:3987	53940	ENSG00000132446
FTMT	HGNC:17345	94033	ENSG00000181867
FTSJ3	HGNC:17136	117246	ENSG00000108592
FUBP1	HGNC:4004	8880	ENSG00000162613
FUBP3	HGNC:4005	8939	ENSG00000107164
FUCA2	HGNC:4008	2519	ENSG00000001036
FUNDC1	HGNC:28746	139341	ENSG00000069509
FUNDC2	HGNC:24925	65991	ENSG00000165775
FUOM	HGNC:24733	282969	ENSG00000148803
FURIN	HGNC:8568	5045	ENSG00000140564
FUT4	HGNC:4015	2526	ENSG00000196371
FUT5	HGNC:4016	2527	ENSG00000130383
FUT7	HGNC:4018	2529	ENSG00000180549
FUT9	HGNC:4020	10690	ENSG00000172461
FXR2	HGNC:4024	9513	ENSG00000129245
FXYD1	HGNC:4025	5348	ENSG00000266964
FXYD3	HGNC:4027	5349	ENSG00000089356
FXYD4	HGNC:4028	53828	ENSG00000150201
FXYD5	HGNC:4029	53827	ENSG00000089327
FXYD6	HGNC:4030	53826	ENSG00000137726
FXYD7	HGNC:4034	53822	ENSG00000221946
FYB2	HGNC:27295	199920	ENSG00000187889
FYN	HGNC:4037	2534	ENSG00000010810
FYTTD1	HGNC:25407	84248	ENSG00000122068
FZD1	HGNC:4038	8321	ENSG00000157240
FZD3	HGNC:4041	7976	ENSG00000104290
FZD7	HGNC:4045	8324	ENSG00000155760
FZD8	HGNC:4046	8325	ENSG00000177283
FZD9	HGNC:4047	8326	ENSG00000188763
FZD10	HGNC:4039	11211	ENSG00000111432
G2E3	HGNC:20338	55632	ENSG00000092140
G3BP1	HGNC:30292	10146	ENSG00000145907
G3BP2	HGNC:30291	9908	ENSG00000138757
G6PC2	HGNC:28906	57818	ENSG00000152254
GAB2	HGNC:14458	9846	ENSG00000033327
GAB3	HGNC:17515	139716	ENSG00000160219
GAB4	HGNC:18325	128954	ENSG00000215568
GABARAP	HGNC:4067	11337	ENSG00000170296
GABARAPL1	HGNC:4068	23710	ENSG00000139112
GABARAPL2	HGNC:13291	11345	ENSG00000034713
GABPA	HGNC:4071	2551	ENSG00000154727
GABPB1	HGNC:4074	2553	ENSG00000104064
GABPB2	HGNC:28441	126626	ENSG00000143458
GABRA4	HGNC:4078	2557	ENSG00000109158
GABRA6	HGNC:4080	2559	ENSG00000145863
GABRE	HGNC:4085	2564	ENSG00000102287
GABRG1	HGNC:4086	2565	ENSG00000163285
GABRG3	HGNC:4088	2567	ENSG00000182256
GABRP	HGNC:4089	2568	ENSG00000094755
GABRQ	HGNC:14454	55879	ENSG00000268089
GABRR1	HGNC:4090	2569	ENSG00000146276
GABRR2	HGNC:4091	2570	ENSG00000111886
GABRR3	HGNC:17969	200959	ENSG00000183185
GAD2	HGNC:4093	2572	ENSG00000136750
GADD45A	HGNC:4095	1647	ENSG00000116717
GADD45B	HGNC:4096	4616	ENSG00000099860
GADD45G	HGNC:4097	10912	ENSG00000130222
GADD45GIP1	HGNC:29996	90480	ENSG00000179271
GADL1	HGNC:27949	339896	ENSG00000144644
GAGE1	HGNC:4098	2543	ENSG00000205777
GAGE2A	HGNC:4099	729447	ENSG00000189064
GAGE2B	HGNC:31957	645037	
GAGE2C	HGNC:31958	2574	
GAGE2D	HGNC:31959	729408	
GAGE2E	HGNC:31960	26749	ENSG00000275113
GAGE4	HGNC:4101	2576	
GAGE5	HGNC:4102	2577	
GAGE6	HGNC:4103	2578	
GAGE7	HGNC:4104	2579	
GAGE8	HGNC:4106	100101629	
GAGE10	HGNC:30968	102724473	ENSG00000215274
GAGE12B	HGNC:26779	729428	ENSG00000236737
GAGE12C	HGNC:28402	729422	ENSG00000237671
GAGE12D	HGNC:31904	100132399	ENSG00000227488
GAGE12E	HGNC:31905	729431	ENSG00000216649
GAGE12F	HGNC:31906	100008586	ENSG00000236362
GAGE12G	HGNC:31907	645073	ENSG00000215269
GAGE12H	HGNC:31908	729442	ENSG00000224902
GAGE12I	HGNC:4105	26748	
GAGE12J	HGNC:17778	729396	ENSG00000224659
GAGE13	HGNC:29081	645051	ENSG00000274274
GAK	HGNC:4113	2580	ENSG00000178950
GAL3ST1	HGNC:24240	9514	ENSG00000128242
GAL3ST2	HGNC:24869	64090	ENSG00000154252
GAL3ST3	HGNC:24144	89792	ENSG00000175229
GAL3ST4	HGNC:24145	79690	ENSG00000197093
GALK2	HGNC:4119	2585	ENSG00000156958
GALNT1	HGNC:4123	2589	ENSG00000141429
GALNT4	HGNC:4126	8693	ENSG00000257594
GALNT5	HGNC:4127	11227	ENSG00000136542
GALNT6	HGNC:4128	11226	ENSG00000139629
GALNT7	HGNC:4129	51809	ENSG00000109586
GALNT8	HGNC:4130	26290	ENSG00000130035
GALNT9	HGNC:4131	50614	ENSG00000182870
GALNT10	HGNC:19873	55568	ENSG00000164574
GALNT11	HGNC:19875	63917	ENSG00000178234
GALNT13	HGNC:23242	114805	ENSG00000144278
GALNT14	HGNC:22946	79623	ENSG00000158089
GALNT15	HGNC:21531	117248	ENSG00000131386
GALNT16	HGNC:23233	57452	ENSG00000100626
GALNT17	HGNC:16347	64409	ENSG00000185274
GALNT18	HGNC:30488	374378	ENSG00000110328
GALNTL5	HGNC:21725	168391	ENSG00000106648
GALNTL6	HGNC:33844	442117	ENSG00000174473
GALP	HGNC:24840	85569	ENSG00000197487
GALR1	HGNC:4132	2587	ENSG00000166573
GALR2	HGNC:4133	8811	ENSG00000182687
GALR3	HGNC:4134	8484	ENSG00000128310
GANC	HGNC:4139	2595	ENSG00000214013
GAP43	HGNC:4140	2596	ENSG00000172020
GAPDH	HGNC:4141	2597	ENSG00000111640
GAPDHS	HGNC:24864	26330	ENSG00000105679
GAPT	HGNC:26588	202309	ENSG00000175857
GAR1	HGNC:14264	54433	ENSG00000109534
GAREM1	HGNC:26136	64762	ENSG00000141441
GAREM2	HGNC:27172	150946	ENSG00000157833
GARIN1A	HGNC:27998	346653	ENSG00000205085
GARIN1B	HGNC:30704	84691	ENSG00000135248
GARIN2	HGNC:20101	161142	ENSG00000172717
GARIN3	HGNC:28397	153745	ENSG00000170613
GARIN4	HGNC:26541	149647	ENSG00000162771
GARIN5A	HGNC:25107	112703	ENSG00000142530
GARIN5B	HGNC:25278	284418	ENSG00000180043
GARIN6	HGNC:28594	196472	ENSG00000180219
GARNL3	HGNC:25425	84253	ENSG00000136895
GARRE1	HGNC:29016	9710	ENSG00000166398
GART	HGNC:4163	2618	ENSG00000159131
GAS2L1	HGNC:16955	10634	ENSG00000185340
GAS2L3	HGNC:27475	283431	ENSG00000139354
GAS6	HGNC:4168	2621	ENSG00000183087
GAS7	HGNC:4169	8522	ENSG00000007237
GASK1A	HGNC:24485	729085	ENSG00000144649
GASK1B	HGNC:25312	51313	ENSG00000164125
GAST	HGNC:4164	2520	ENSG00000184502
GATAD2A	HGNC:29989	54815	ENSG00000167491
GATD1	HGNC:26616	347862	ENSG00000177225
GBA3	HGNC:19069	57733	ENSG00000249948
GBGT1	HGNC:20460	26301	ENSG00000148288
GBP1	HGNC:4182	2633	ENSG00000117228
GBP2	HGNC:4183	2634	ENSG00000162645
GBP3	HGNC:4184	2635	ENSG00000117226
GBP4	HGNC:20480	115361	ENSG00000162654
GBP5	HGNC:19895	115362	ENSG00000154451
GBP6	HGNC:25395	163351	ENSG00000183347
GBP7	HGNC:29606	388646	ENSG00000213512
GBX1	HGNC:4185	2636	ENSG00000164900
GBX2	HGNC:4186	2637	ENSG00000168505
GC	HGNC:4187	2638	ENSG00000145321
GCA	HGNC:15990	25801	ENSG00000115271
GCAT	HGNC:4188	23464	ENSG00000100116
GCC1	HGNC:19095	79571	ENSG00000179562
GCC2	HGNC:23218	9648	ENSG00000135968
GCFC2	HGNC:1317	6936	ENSG00000005436
GCG	HGNC:4191	2641	ENSG00000115263
GCHFR	HGNC:4194	2644	ENSG00000137880
GCM1	HGNC:4197	8521	ENSG00000137270
GCN1	HGNC:4199	10985	ENSG00000089154
GCNT1	HGNC:4203	2650	ENSG00000187210
GCNT3	HGNC:4205	9245	ENSG00000140297
GCNT4	HGNC:17973	51301	ENSG00000176928
GCNT7	HGNC:16099	140687	ENSG00000124091
GCSAM	HGNC:20253	257144	ENSG00000174500
GCSAML	HGNC:29583	148823	ENSG00000169224
GDA	HGNC:4212	9615	ENSG00000119125
GDAP1L1	HGNC:4213	78997	ENSG00000124194
GDE1	HGNC:29644	51573	ENSG00000006007
GDF7	HGNC:4222	151449	ENSG00000143869
GDF10	HGNC:4215	2662	ENSG00000266524
GDI2	HGNC:4227	2665	ENSG00000057608
GDPD1	HGNC:20883	284161	ENSG00000153982
GDPD2	HGNC:25974	54857	ENSG00000130055
GDPD3	HGNC:28638	79153	ENSG00000102886
GDPD4	HGNC:24849	220032	ENSG00000178795
GDPD5	HGNC:28804	81544	ENSG00000158555
GDPGP1	HGNC:34360	390637	ENSG00000183208
GEM	HGNC:4234	2669	ENSG00000164949
GEMIN6	HGNC:20044	79833	ENSG00000152147
GEMIN7	HGNC:20045	79760	ENSG00000142252
GEMIN8	HGNC:26044	54960	ENSG00000046647
GET1	HGNC:12790	7485	ENSG00000182093
GFOD1	HGNC:21096	54438	ENSG00000145990
GFOD2	HGNC:28159	81577	ENSG00000141098
GFPT2	HGNC:4242	9945	ENSG00000131459
GFRA2	HGNC:4244	2675	ENSG00000168546
GFRA3	HGNC:4245	2676	ENSG00000146013
GFRA4	HGNC:13821	64096	ENSG00000125861
GFRAL	HGNC:32789	389400	ENSG00000187871
GFY	HGNC:44663	100507003	ENSG00000261949
GGA1	HGNC:17842	26088	ENSG00000100083
GGA2	HGNC:16064	23062	ENSG00000103365
GGA3	HGNC:17079	23163	ENSG00000125447
GGACT	HGNC:25100	87769	ENSG00000134864
GGCT	HGNC:21705	79017	ENSG00000006625
GGH	HGNC:4248	8836	ENSG00000137563
GGNBP2	HGNC:19357	79893	ENSG00000278311
GGT5	HGNC:4260	2687	ENSG00000099998
GGT6	HGNC:26891	124975	ENSG00000167741
GGT7	HGNC:4259	2686	ENSG00000131067
GGTA1	HGNC:4253	2681	ENSG00000204136
GGTLC1	HGNC:16437	92086	ENSG00000149435
GGTLC2	HGNC:18596	91227	ENSG00000100121
GGTLC3	HGNC:33426	728226	ENSG00000274252
GH2	HGNC:4262	2689	ENSG00000136487
GHDC	HGNC:24438	84514	ENSG00000167925
GHITM	HGNC:17281	27069	ENSG00000165678
GHRH	HGNC:4265	2691	ENSG00000118702
GID4	HGNC:28453	79018	ENSG00000141034
GID8	HGNC:15857	54994	ENSG00000101193
GIGYF1	HGNC:9126	64599	ENSG00000146830
GIMAP1	HGNC:23237	170575	ENSG00000213203
GIMAP2	HGNC:21789	26157	ENSG00000106560
GIMAP4	HGNC:21872	55303	ENSG00000133574
GIMAP6	HGNC:21918	474344	ENSG00000133561
GIMAP7	HGNC:22404	168537	ENSG00000179144
GIMAP8	HGNC:21792	155038	ENSG00000171115
GIMD1	HGNC:44141	100507096	ENSG00000250298
GIN1	HGNC:25959	54826	ENSG00000145723
GINM1	HGNC:21074	116254	ENSG00000055211
GINS2	HGNC:24575	51659	ENSG00000131153
GINS4	HGNC:28226	84296	ENSG00000147536
GIP	HGNC:4270	2695	ENSG00000159224
GIPC2	HGNC:18177	54810	ENSG00000137960
GIPR	HGNC:4271	2696	ENSG00000010310
GIT1	HGNC:4272	28964	ENSG00000108262
GIT2	HGNC:4273	9815	ENSG00000139436
GJA4	HGNC:4278	2701	ENSG00000187513
GJA9	HGNC:19155	81025	ENSG00000131233
GJA10	HGNC:16995	84694	ENSG00000135355
GJB5	HGNC:4287	2709	ENSG00000189280
GJB7	HGNC:16690	375519	ENSG00000164411
GJC1	HGNC:4280	10052	ENSG00000182963
GJC3	HGNC:17495	349149	ENSG00000176402
GJD2	HGNC:19154	57369	ENSG00000159248
GJD3	HGNC:19147	125111	ENSG00000183153
GJD4	HGNC:23296	219770	ENSG00000177291
GJE1	HGNC:33251	100126572	ENSG00000203733
GK2	HGNC:4291	2712	ENSG00000196475
GK3	HGNC:4292	2713	ENSG00000229894
GK5	HGNC:28635	256356	ENSG00000175066
GKAP1	HGNC:17496	80318	ENSG00000165113
GKN1	HGNC:23217	56287	ENSG00000169605
GKN2	HGNC:24588	200504	ENSG00000183607
GLB1L	HGNC:28129	79411	ENSG00000163521
GLB1L2	HGNC:25129	89944	ENSG00000149328
GLB1L3	HGNC:25147	112937	ENSG00000166105
GLCE	HGNC:17855	26035	ENSG00000138604
GLG1	HGNC:4316	2734	ENSG00000090863
GLI4	HGNC:4320	2738	ENSG00000250571
GLIPR1	HGNC:17001	11010	ENSG00000139278
GLIPR1L1	HGNC:28392	256710	ENSG00000173401
GLIPR1L2	HGNC:28592	144321	ENSG00000180481
GLIPR2	HGNC:18007	152007	ENSG00000122694
GLIS1	HGNC:29525	148979	ENSG00000174332
GLMP	HGNC:29436	112770	ENSG00000198715
GLO1	HGNC:4323	2739	ENSG00000124767
GLOD4	HGNC:14111	51031	ENSG00000167699
GLOD5	HGNC:33358	392465	ENSG00000171433
GLP1R	HGNC:4324	2740	ENSG00000112164
GLP2R	HGNC:4325	9340	ENSG00000065325
GLRA3	HGNC:4328	8001	ENSG00000145451
GLRX	HGNC:4330	2745	ENSG00000173221
GLRX2	HGNC:16065	51022	ENSG00000023572
GLRX3	HGNC:15987	10539	ENSG00000108010
GLS2	HGNC:29570	27165	ENSG00000135423
GLT1D1	HGNC:26483	144423	ENSG00000151948
GLT6D1	HGNC:23671	360203	ENSG00000204007
GLT8D2	HGNC:24890	83468	ENSG00000120820
GLTP	HGNC:24867	51228	ENSG00000139433
GLTPD2	HGNC:33756	388323	ENSG00000182327
GLUD2	HGNC:4336	2747	ENSG00000182890
GLYAT	HGNC:13734	10249	ENSG00000149124
GLYATL1	HGNC:30519	92292	ENSG00000166840
GLYATL1B	HGNC:37865	100287520	ENSG00000255151
GLYATL2	HGNC:24178	219970	ENSG00000156689
GLYATL3	HGNC:21349	389396	ENSG00000203972
GLYR1	HGNC:24434	84656	ENSG00000140632
GMCL1	HGNC:23843	64395	ENSG00000087338
GMCL2	HGNC:19717	64396	ENSG00000244234
GMDS	HGNC:4369	2762	ENSG00000112699
GMEB1	HGNC:4370	10691	ENSG00000162419
GMEB2	HGNC:4371	26205	ENSG00000101216
GMFB	HGNC:4373	2764	ENSG00000197045
GMFG	HGNC:4374	9535	ENSG00000130755
GMIP	HGNC:24852	51291	ENSG00000089639
GML	HGNC:4375	2765	ENSG00000104499
GMNC	HGNC:40049	647309	ENSG00000205835
GMPR	HGNC:4376	2766	ENSG00000137198
GMPR2	HGNC:4377	51292	ENSG00000100938
GMPS	HGNC:4378	8833	ENSG00000163655
GNA12	HGNC:4380	2768	ENSG00000146535
GNA13	HGNC:4381	10672	ENSG00000120063
GNA15	HGNC:4383	2769	ENSG00000060558
GNAT3	HGNC:22800	346562	ENSG00000214415
GNAZ	HGNC:4395	2781	ENSG00000128266
GNB1L	HGNC:4397	54584	ENSG00000185838
GNG2	HGNC:4404	54331	ENSG00000186469
GNG3	HGNC:4405	2785	ENSG00000162188
GNG4	HGNC:4407	2786	ENSG00000168243
GNG5	HGNC:4408	2787	ENSG00000174021
GNG5B	HGNC:24826	347687	ENSG00000133136
GNG7	HGNC:4410	2788	ENSG00000176533
GNG8	HGNC:19664	94235	ENSG00000167414
GNG10	HGNC:4402	2790	ENSG00000242616
GNG11	HGNC:4403	2791	ENSG00000127920
GNG12	HGNC:19663	55970	ENSG00000172380
GNG13	HGNC:14131	51764	ENSG00000127588
GNG14	HGNC:53439	105372280	ENSG00000283980
GNGT1	HGNC:4411	2792	ENSG00000127928
GNGT2	HGNC:4412	2793	ENSG00000167083
GNL1	HGNC:4413	2794	ENSG00000204590
GNL2	HGNC:29925	29889	ENSG00000134697
GNL3	HGNC:29931	26354	ENSG00000163938
GNL3L	HGNC:25553	54552	ENSG00000130119
GNLY	HGNC:4414	10578	ENSG00000115523
GNPDA1	HGNC:4417	10007	ENSG00000113552
GNPDA2	HGNC:21526	132789	ENSG00000163281
GNRH2	HGNC:4420	2797	ENSG00000125787
GOLGA1	HGNC:4424	2800	ENSG00000136935
GOLGA3	HGNC:4426	2802	ENSG00000090615
GOLGA4	HGNC:4427	2803	ENSG00000144674
GOLGA6A	HGNC:13567	342096	ENSG00000159289
GOLGA6B	HGNC:32205	55889	ENSG00000215186
GOLGA6C	HGNC:32206	653641	ENSG00000167195
GOLGA6D	HGNC:32204	653643	ENSG00000140478
GOLGA6L1	HGNC:37444	283767	ENSG00000273976
GOLGA6L2	HGNC:26695	283685	ENSG00000174450
GOLGA6L4	HGNC:27256	643707	ENSG00000184206
GOLGA6L6	HGNC:37225	727832	ENSG00000277322
GOLGA6L7	HGNC:37442	728310	ENSG00000261649
GOLGA6L9	HGNC:37229	440295	ENSG00000197978
GOLGA6L10	HGNC:37228	647042	ENSG00000278662
GOLGA6L19	HGNC:49416	101927601	
GOLGA6L22	HGNC:50289	440243	ENSG00000277865
GOLGA6L24	HGNC:55710	645202	ENSG00000237850
GOLGA6L25	HGNC:55711	100132202	ENSG00000227717
GOLGA6L26	HGNC:56306	102723623	ENSG00000273756
GOLGA7	HGNC:24876	51125	ENSG00000147533
GOLGA7B	HGNC:31668	401647	ENSG00000155265
GOLGA8A	HGNC:31972	23015	ENSG00000175265
GOLGA8B	HGNC:31973	440270	ENSG00000215252
GOLGA8F	HGNC:32378	100132565	ENSG00000153684
GOLGA8G	HGNC:25328	283768	ENSG00000183629
GOLGA8H	HGNC:37443	728498	ENSG00000261794
GOLGA8J	HGNC:38650	653073	ENSG00000179938
GOLGA8K	HGNC:38652	653125	ENSG00000249931
GOLGA8M	HGNC:44404	653720	ENSG00000188626
GOLGA8N	HGNC:44405	643699	ENSG00000232653
GOLGA8O	HGNC:44406	728047	ENSG00000206127
GOLGA8Q	HGNC:44408	727909	ENSG00000178115
GOLGA8R	HGNC:44407	101059918	ENSG00000186399
GOLGA8S	HGNC:44409	653061	ENSG00000261739
GOLGA8T	HGNC:44410	653075	ENSG00000261247
GOLGB1	HGNC:4429	2804	ENSG00000173230
GOLIM4	HGNC:15448	27333	ENSG00000173905
GOLM1	HGNC:15451	51280	ENSG00000135052
GOLM2	HGNC:24892	113201	ENSG00000166734
GOLPH3	HGNC:15452	64083	ENSG00000113384
GOLPH3L	HGNC:24882	55204	ENSG00000143457
GOLT1A	HGNC:24766	127845	ENSG00000174567
GOLT1B	HGNC:20175	51026	ENSG00000111711
GORASP1	HGNC:16769	64689	ENSG00000114745
GORASP2	HGNC:17500	26003	ENSG00000115806
GOSR1	HGNC:4430	9527	ENSG00000108587
GOT1L1	HGNC:28487	137362	ENSG00000169154
GP2	HGNC:4441	2813	ENSG00000169347
GP5	HGNC:4443	2814	ENSG00000178732
GPA33	HGNC:4445	10223	ENSG00000143167
GPALPP1	HGNC:20298	55425	ENSG00000133114
GPAM	HGNC:24865	57678	ENSG00000119927
GPANK1	HGNC:13920	7918	ENSG00000204438
GPAT2	HGNC:27168	150763	ENSG00000186281
GPAT3	HGNC:28157	84803	ENSG00000138678
GPAT4	HGNC:20880	137964	ENSG00000158669
GPATCH1	HGNC:24658	55094	ENSG00000076650
GPATCH2	HGNC:25499	55105	ENSG00000092978
GPATCH2L	HGNC:20210	55668	ENSG00000089916
GPATCH3	HGNC:25720	63906	ENSG00000198746
GPATCH4	HGNC:25982	54865	ENSG00000160818
GPATCH8	HGNC:29066	23131	ENSG00000186566
GPATCH11	HGNC:26768	253635	ENSG00000152133
GPBAR1	HGNC:19680	151306	ENSG00000179921
GPBP1	HGNC:29520	65056	ENSG00000062194
GPBP1L1	HGNC:28843	60313	ENSG00000159592
GPC1	HGNC:4449	2817	ENSG00000063660
GPC2	HGNC:4450	221914	ENSG00000213420
GPC5	HGNC:4453	2262	ENSG00000179399
GPCPD1	HGNC:26957	56261	ENSG00000125772
GPER1	HGNC:4485	2852	ENSG00000164850
GPHA2	HGNC:18054	170589	ENSG00000149735
GPHB5	HGNC:18055	122876	ENSG00000179600
GPHRA	HGNC:31984	653519	ENSG00000117262
GPHRB	HGNC:13840	51463	ENSG00000188092
GPLD1	HGNC:4459	2822	ENSG00000112293
GPM6A	HGNC:4460	2823	ENSG00000150625
GPM6B	HGNC:4461	2824	ENSG00000046653
GPN1	HGNC:17030	11321	ENSG00000198522
GPN2	HGNC:25513	54707	ENSG00000142751
GPN3	HGNC:30186	51184	ENSG00000111231
GPR3	HGNC:4484	2827	ENSG00000181773
GPR4	HGNC:4497	2828	ENSG00000177464
GPR6	HGNC:4515	2830	ENSG00000146360
GPR12	HGNC:4466	2835	ENSG00000132975
GPR15	HGNC:4469	2838	ENSG00000154165
GPR15LG	HGNC:31428	387695	ENSG00000188373
GPR17	HGNC:4471	2840	ENSG00000144230
GPR18	HGNC:4472	2841	ENSG00000125245
GPR19	HGNC:4473	2842	ENSG00000183150
GPR20	HGNC:4475	2843	ENSG00000204882
GPR21	HGNC:4476	2844	ENSG00000188394
GPR22	HGNC:4477	2845	ENSG00000172209
GPR25	HGNC:4480	2848	ENSG00000170128
GPR26	HGNC:4481	2849	ENSG00000154478
GPR27	HGNC:4482	2850	ENSG00000170837
GPR31	HGNC:4486	2853	ENSG00000120436
GPR32	HGNC:4487	2854	ENSG00000142511
GPR33	HGNC:4489	2856	ENSG00000214943
GPR34	HGNC:4490	2857	ENSG00000171659
GPR37	HGNC:4494	2861	ENSG00000170775
GPR37L1	HGNC:14923	9283	ENSG00000170075
GPR39	HGNC:4496	2863	ENSG00000183840
GPR42	HGNC:4500	2866	ENSG00000126251
GPR45	HGNC:4503	11250	ENSG00000135973
GPR50	HGNC:4506	9248	ENSG00000102195
GPR52	HGNC:4508	9293	ENSG00000203737
GPR55	HGNC:4511	9290	ENSG00000135898
GPR61	HGNC:13300	83873	ENSG00000156097
GPR62	HGNC:13301	118442	ENSG00000180929
GPR63	HGNC:13302	81491	ENSG00000112218
GPR65	HGNC:4517	8477	ENSG00000140030
GPR75	HGNC:4526	10936	ENSG00000119737
GPR78	HGNC:4528	27201	ENSG00000155269
GPR82	HGNC:4533	27197	ENSG00000171657
GPR83	HGNC:4523	10888	ENSG00000123901
GPR84	HGNC:4535	53831	ENSG00000139572
GPR85	HGNC:4536	54329	ENSG00000164604
GPR87	HGNC:4538	53836	ENSG00000138271
GPR107	HGNC:17830	57720	ENSG00000148358
GPR108	HGNC:17829	56927	ENSG00000125734
GPR119	HGNC:19060	139760	ENSG00000147262
GPR132	HGNC:17482	29933	ENSG00000183484
GPR135	HGNC:19991	64582	ENSG00000181619
GPR137	HGNC:24300	56834	ENSG00000173264
GPR137B	HGNC:11862	7107	ENSG00000077585
GPR137C	HGNC:25445	283554	ENSG00000180998
GPR139	HGNC:19995	124274	ENSG00000180269
GPR141	HGNC:19997	353345	ENSG00000187037
GPR142	HGNC:20088	350383	ENSG00000257008
GPR146	HGNC:21718	115330	ENSG00000164849
GPR148	HGNC:23623	344561	ENSG00000173302
GPR149	HGNC:23627	344758	ENSG00000174948
GPR150	HGNC:23628	285601	ENSG00000178015
GPR151	HGNC:23624	134391	ENSG00000173250
GPR152	HGNC:23622	390212	ENSG00000175514
GPR153	HGNC:23618	387509	ENSG00000158292
GPR155	HGNC:22951	151556	ENSG00000163328
GPR157	HGNC:23687	80045	ENSG00000180758
GPR158	HGNC:23689	57512	ENSG00000151025
GPR160	HGNC:23693	26996	ENSG00000173890
GPR162	HGNC:16693	27239	ENSG00000250510
GPR171	HGNC:30057	29909	ENSG00000174946
GPR173	HGNC:18186	54328	ENSG00000184194
GPR174	HGNC:30245	84636	ENSG00000147138
GPR176	HGNC:32370	11245	ENSG00000166073
GPR180	HGNC:28899	160897	ENSG00000152749
GPR183	HGNC:3128	1880	ENSG00000169508
GPRASP1	HGNC:24834	9737	ENSG00000198932
GPRASP3	HGNC:29353	80823	ENSG00000198908
GPRC5A	HGNC:9836	9052	ENSG00000013588
GPRC5C	HGNC:13309	55890	ENSG00000170412
GPRC5D	HGNC:13310	55507	ENSG00000111291
GPRC6A	HGNC:18510	222545	ENSG00000173612
GPRIN1	HGNC:24835	114787	ENSG00000169258
GPRIN2	HGNC:23730	9721	ENSG00000204175
GPRIN3	HGNC:27733	285513	ENSG00000185477
GPS1	HGNC:4549	2873	ENSG00000169727
GPS2	HGNC:4550	2874	ENSG00000132522
GPSM1	HGNC:17858	26086	ENSG00000160360
GPSM3	HGNC:13945	63940	ENSG00000213654
GPT	HGNC:4552	2875	ENSG00000167701
GPX2	HGNC:4554	2877	ENSG00000176153
GPX3	HGNC:4555	2878	ENSG00000211445
GPX5	HGNC:4557	2880	ENSG00000224586
GPX6	HGNC:4558	257202	ENSG00000198704
GPX7	HGNC:4559	2882	ENSG00000116157
GPX8	HGNC:33100	493869	ENSG00000164294
GRAMD1A	HGNC:29305	57655	ENSG00000089351
GRAMD1B	HGNC:29214	57476	ENSG00000023171
GRAMD1C	HGNC:25252	54762	ENSG00000178075
GRAMD2A	HGNC:27287	196996	ENSG00000175318
GRAMD2B	HGNC:24911	65983	ENSG00000155324
GRAMD4	HGNC:29113	23151	ENSG00000075240
GRAP2	HGNC:4563	9402	ENSG00000100351
GRAPL	HGNC:37240	400581	ENSG00000189152
GRB2	HGNC:4566	2885	ENSG00000177885
GRB7	HGNC:4567	2886	ENSG00000141738
GRB14	HGNC:4565	2888	ENSG00000115290
GREB1	HGNC:24885	9687	ENSG00000196208
GREP1	HGNC:27549	283875	ENSG00000262152
GRHL1	HGNC:17923	29841	ENSG00000134317
GRID1	HGNC:4575	2894	ENSG00000182771
GRID2IP	HGNC:18464	392862	ENSG00000215045
GRIFIN	HGNC:4577	402635	ENSG00000275572
GRIK1	HGNC:4579	2897	ENSG00000171189
GRIK3	HGNC:4581	2899	ENSG00000163873
GRIK4	HGNC:4582	2900	ENSG00000149403
GRIK5	HGNC:4583	2901	ENSG00000105737
GRIN2C	HGNC:4587	2905	ENSG00000161509
GRIN3A	HGNC:16767	116443	ENSG00000198785
GRIN3B	HGNC:16768	116444	ENSG00000116032
GRINA	HGNC:4589	2907	ENSG00000178719
GRIP2	HGNC:23841	80852	ENSG00000144596
GRIPAP1	HGNC:18706	56850	ENSG00000068400
GRK2	HGNC:289	156	ENSG00000173020
GRK3	HGNC:290	157	ENSG00000100077
GRK4	HGNC:4543	2868	ENSG00000125388
GRK5	HGNC:4544	2869	ENSG00000198873
GRK6	HGNC:4545	2870	ENSG00000198055
GRK7	HGNC:17031	131890	ENSG00000114124
GRM2	HGNC:4594	2912	ENSG00000164082
GRM3	HGNC:4595	2913	ENSG00000198822
GRM4	HGNC:4596	2914	ENSG00000124493
GRM5	HGNC:4597	2915	ENSG00000168959
GRM8	HGNC:4600	2918	ENSG00000179603
GRP	HGNC:4605	2922	ENSG00000134443
GRPEL1	HGNC:19696	80273	ENSG00000109519
GRPEL2	HGNC:21060	134266	ENSG00000164284
GRPR	HGNC:4609	2925	ENSG00000126010
GRSF1	HGNC:4610	2926	ENSG00000132463
GRTP1	HGNC:20310	79774	ENSG00000139835
G0S2	HGNC:30229	50486	ENSG00000123689
GSAP	HGNC:28042	54103	ENSG00000186088
GSC2	HGNC:4613	2928	ENSG00000063515
GSDMA	HGNC:13311	284110	ENSG00000167914
GSDMB	HGNC:23690	55876	ENSG00000073605
GSDMC	HGNC:7151	56169	ENSG00000147697
GSDMD	HGNC:25697	79792	ENSG00000104518
GSE1	HGNC:28979	23199	ENSG00000131149
GSG1	HGNC:19716	83445	ENSG00000111305
GSG1L	HGNC:28283	146395	ENSG00000169181
GSG1L2	HGNC:51826	644070	ENSG00000214978
GSK3A	HGNC:4616	2931	ENSG00000105723
GSK3B	HGNC:4617	2932	ENSG00000082701
GSKIP	HGNC:20343	51527	ENSG00000100744
GSPT1	HGNC:4621	2935	ENSG00000103342
GSPT2	HGNC:4622	23708	ENSG00000189369
GSTA1	HGNC:4626	2938	ENSG00000243955
GSTA2	HGNC:4627	2939	ENSG00000244067
GSTA3	HGNC:4628	2940	ENSG00000174156
GSTA4	HGNC:4629	2941	ENSG00000170899
GSTA5	HGNC:19662	221357	ENSG00000182793
GSTCD	HGNC:25806	79807	ENSG00000138780
GSTK1	HGNC:16906	373156	ENSG00000197448
GSTM1	HGNC:4632	2944	ENSG00000134184
GSTM2	HGNC:4634	2946	ENSG00000213366
GSTM4	HGNC:4636	2948	ENSG00000168765
GSTM5	HGNC:4637	2949	ENSG00000134201
GSTO1	HGNC:13312	9446	ENSG00000148834
GSTO2	HGNC:23064	119391	ENSG00000065621
GSTP1	HGNC:4638	2950	ENSG00000084207
GSTT1	HGNC:4641	2952	ENSG00000277656
GSTT2	HGNC:4642	2953	ENSG00000099984
GSTT2B	HGNC:33437	653689	ENSG00000133433
GSTT4	HGNC:26930	25774	ENSG00000276950
GSX1	HGNC:20374	219409	ENSG00000169840
GTF2A1	HGNC:4646	2957	ENSG00000165417
GTF2A1L	HGNC:30727	11036	ENSG00000242441
GTF2A2	HGNC:4647	2958	ENSG00000140307
GTF2B	HGNC:4648	2959	ENSG00000137947
GTF2E1	HGNC:4650	2960	ENSG00000153767
GTF2F1	HGNC:4652	2962	ENSG00000125651
GTF2F2	HGNC:4653	2963	ENSG00000188342
GTF2H1	HGNC:4655	2965	ENSG00000110768
GTF2H2	HGNC:4656	2966	ENSG00000145736
GTF2H2C	HGNC:31394	728340	ENSG00000183474
GTF2H2C_2	HGNC:35418	730394	ENSG00000274675
GTF2H3	HGNC:4657	2967	ENSG00000111358
GTF2IRD2B	HGNC:33125	389524	ENSG00000174428
GTF3A	HGNC:4662	2971	ENSG00000122034
GTF3C1	HGNC:4664	2975	ENSG00000077235
GTF3C2	HGNC:4665	2976	ENSG00000115207
GTF3C4	HGNC:4667	9329	ENSG00000125484
GTF3C5	HGNC:4668	9328	ENSG00000148308
GTF3C6	HGNC:20872	112495	ENSG00000155115
GTPBP4	HGNC:21535	23560	ENSG00000107937
GTPBP6	HGNC:30189	8225	ENSG00000178605
GTPBP8	HGNC:25007	29083	ENSG00000163607
GTPBP10	HGNC:25106	85865	ENSG00000105793
GTSE1	HGNC:13698	51512	ENSG00000075218
GTSF1	HGNC:26565	121355	ENSG00000170627
GTSF1L	HGNC:16198	149699	ENSG00000124196
GUCA1C	HGNC:4680	9626	ENSG00000138472
GUCA2A	HGNC:4682	2980	ENSG00000197273
GUCA2B	HGNC:4683	2981	ENSG00000044012
GUCD1	HGNC:14237	83606	ENSG00000138867
GUCY1A2	HGNC:4684	2977	ENSG00000152402
GUCY1B1	HGNC:4687	2983	ENSG00000061918
GUCY2F	HGNC:4691	2986	ENSG00000101890
GULP1	HGNC:18649	51454	ENSG00000144366
GVQW3	HGNC:51239	100506127	ENSG00000179240
GXYLT1	HGNC:27482	283464	ENSG00000151233
GXYLT2	HGNC:33383	727936	ENSG00000172986
GYG2	HGNC:4700	8908	ENSG00000056998
GYPE	HGNC:4705	2996	ENSG00000197465
GZMA	HGNC:4708	3001	ENSG00000145649
GZMB	HGNC:4709	3002	ENSG00000100453
GZMH	HGNC:4710	2999	ENSG00000100450
GZMK	HGNC:4711	3003	ENSG00000113088
GZMM	HGNC:4712	3004	ENSG00000197540
H1-0	HGNC:4714	3005	ENSG00000189060
H1-1	HGNC:4715	3024	ENSG00000124610
H1-2	HGNC:4716	3006	ENSG00000187837
H1-3	HGNC:4717	3007	ENSG00000124575
H1-5	HGNC:4719	3009	ENSG00000184357
H1-6	HGNC:4720	3010	ENSG00000187475
H1-7	HGNC:24893	341567	ENSG00000187166
H1-8	HGNC:18463	132243	ENSG00000178804
H1-10	HGNC:4722	8971	ENSG00000184897
H2AB1	HGNC:22516	474382	ENSG00000274183
H2AB2	HGNC:18298	474381	ENSG00000277858
H2AB3	HGNC:14455	83740	ENSG00000277745
H2AC1	HGNC:18729	221613	ENSG00000164508
H2AC4	HGNC:4734	8335	ENSG00000278463
H2AC6	HGNC:4733	8334	ENSG00000180573
H2AC7	HGNC:4729	3013	ENSG00000196866
H2AC8	HGNC:4724	3012	ENSG00000277075
H2AC11	HGNC:4737	8969	ENSG00000196787
H2AC12	HGNC:13671	85235	ENSG00000274997
H2AC13	HGNC:4725	8329	ENSG00000196747
H2AC14	HGNC:4727	8331	ENSG00000276368
H2AC15	HGNC:4726	8330	ENSG00000275221
H2AC16	HGNC:4730	8332	ENSG00000276903
H2AC17	HGNC:4735	8336	ENSG00000278677
H2AC18	HGNC:4736	8337	ENSG00000288825
H2AC19	HGNC:29668	723790	ENSG00000288859
H2AC20	HGNC:4738	8338	ENSG00000184260
H2AC21	HGNC:20508	317772	ENSG00000184270
H2AC25	HGNC:20507	92815	ENSG00000181218
H2AJ	HGNC:14456	55766	ENSG00000246705
H2AL3	HGNC:53960	115482686	ENSG00000229674
H2AP	HGNC:18417	25763	ENSG00000187516
H2AX	HGNC:4739	3014	ENSG00000188486
H2AZ1	HGNC:4741	3015	ENSG00000164032
H2AZ2	HGNC:20664	94239	ENSG00000105968
H2BC1	HGNC:18730	255626	ENSG00000146047
H2BC3	HGNC:4751	3018	ENSG00000276410
H2BC4	HGNC:4757	8347	ENSG00000180596
H2BC5	HGNC:4747	3017	ENSG00000158373
H2BC6	HGNC:4753	8344	ENSG00000274290
H2BC7	HGNC:4752	8343	ENSG00000277224
H2BC8	HGNC:4746	8339	ENSG00000273802
H2BC9	HGNC:4755	8345	ENSG00000275713
H2BC10	HGNC:4756	8346	ENSG00000278588
H2BC11	HGNC:4761	8970	ENSG00000124635
H2BC12	HGNC:13954	85236	ENSG00000197903
H2BC12L	HGNC:4762	54145	ENSG00000234289
H2BC13	HGNC:4748	8340	ENSG00000185130
H2BC14	HGNC:4750	8342	ENSG00000273703
H2BC15	HGNC:4749	8341	ENSG00000233822
H2BC17	HGNC:4758	8348	ENSG00000274641
H2BC18	HGNC:24700	440689	ENSG00000203814
H2BC21	HGNC:4760	8349	ENSG00000184678
H2BC26	HGNC:20514	128312	ENSG00000196890
H2BK1	HGNC:53833	114483833	ENSG00000285480
H2BN1	HGNC:56200	124188214	ENSG00000290320
H2BW1	HGNC:27252	158983	ENSG00000123569
H2BW2	HGNC:27867	286436	ENSG00000101812
H3-4	HGNC:4778	8290	ENSG00000168148
H3-5	HGNC:33164	440093	ENSG00000188375
H3-7	HGNC:32060	440686	ENSG00000273213
H3C1	HGNC:4766	8350	ENSG00000275714
H3C2	HGNC:4776	8358	ENSG00000286522
H3C3	HGNC:4768	8352	ENSG00000287080
H3C4	HGNC:4767	8351	ENSG00000197409
H3C6	HGNC:4769	8353	ENSG00000274750
H3C7	HGNC:4773	8968	ENSG00000277775
H3C8	HGNC:4772	8355	ENSG00000273983
H3C10	HGNC:4775	8357	ENSG00000278828
H3C11	HGNC:4771	8354	ENSG00000275379
H3C12	HGNC:4774	8356	ENSG00000197153
H3C13	HGNC:25311	653604	ENSG00000183598
H3C14	HGNC:20503	126961	ENSG00000203811
H3C15	HGNC:20505	333932	ENSG00000203852
H3Y1	HGNC:43735	391769	ENSG00000269466
H3Y2	HGNC:43734	340096	ENSG00000268799
H4C1	HGNC:4781	8359	ENSG00000278637
H4C2	HGNC:4789	8366	ENSG00000278705
H4C4	HGNC:4782	8360	ENSG00000277157
H4C6	HGNC:4783	8361	ENSG00000274618
H4C7	HGNC:4792	8369	ENSG00000275663
H4C8	HGNC:4788	8365	ENSG00000158406
H4C12	HGNC:4784	8362	ENSG00000273542
H4C13	HGNC:4791	8368	ENSG00000275126
H4C14	HGNC:4794	8370	ENSG00000270882
H4C15	HGNC:29607	554313	ENSG00000270276
H4C16	HGNC:20510	121504	ENSG00000197837
HABP4	HGNC:17062	22927	ENSG00000130956
HACD2	HGNC:9640	201562	ENSG00000206527
HACD3	HGNC:24175	51495	ENSG00000074696
HACD4	HGNC:20920	401494	ENSG00000188921
HACL1	HGNC:17856	26061	ENSG00000131373
HACL2	HGNC:6041	10994	ENSG00000105135
HAGHL	HGNC:14177	84264	ENSG00000103253
HAO1	HGNC:4809	54363	ENSG00000101323
HAO2	HGNC:4810	51179	ENSG00000116882
HAP1	HGNC:4812	9001	ENSG00000173805
HAPLN1	HGNC:2380	1404	ENSG00000145681
HAPLN2	HGNC:17410	60484	ENSG00000132702
HAPLN3	HGNC:21446	145864	ENSG00000140511
HAPLN4	HGNC:31357	404037	ENSG00000187664
HAPSTR1	HGNC:30103	29035	ENSG00000182831
HAPSTR2	HGNC:55138	389895	ENSG00000230707
HARBI1	HGNC:26522	283254	ENSG00000180423
HAS1	HGNC:4818	3036	ENSG00000105509
HAS3	HGNC:4820	3038	ENSG00000103044
HASPIN	HGNC:19682	83903	ENSG00000177602
HAT1	HGNC:4821	8520	ENSG00000128708
HAUS1	HGNC:25174	115106	ENSG00000152240
HAUS2	HGNC:25530	55142	ENSG00000137814
HAUS3	HGNC:28719	79441	ENSG00000214367
HAUS4	HGNC:20163	54930	ENSG00000092036
HAUS5	HGNC:29130	23354	ENSG00000249115
HAUS6	HGNC:25948	54801	ENSG00000147874
HAUS7	HGNC:32979	55559	ENSG00000213397
HAUS8	HGNC:30532	93323	ENSG00000131351
HAVCR1	HGNC:17866	26762	ENSG00000113249
HBE1	HGNC:4830	3046	ENSG00000213931
HBEGF	HGNC:3059	1839	ENSG00000113070
HBM	HGNC:4826	3042	ENSG00000206177
HBP1	HGNC:23200	26959	ENSG00000105856
HBQ1	HGNC:4833	3049	ENSG00000086506
HBS1L	HGNC:4834	10767	ENSG00000112339
HBZ	HGNC:4835	3050	ENSG00000130656
HCAR1	HGNC:4532	27198	ENSG00000196917
HCAR2	HGNC:24827	338442	ENSG00000182782
HCAR3	HGNC:16824	8843	ENSG00000255398
HCFC1R1	HGNC:21198	54985	ENSG00000103145
HCFC2	HGNC:24972	29915	ENSG00000111727
HCLS1	HGNC:4844	3059	ENSG00000180353
HCN3	HGNC:19183	57657	ENSG00000143630
HCRTR1	HGNC:4848	3061	ENSG00000121764
HCRTR2	HGNC:4849	3062	ENSG00000137252
HCST	HGNC:16977	10870	ENSG00000126264
HDAC2	HGNC:4853	3066	ENSG00000196591
HDAC3	HGNC:4854	8841	ENSG00000171720
HDAC5	HGNC:14068	10014	ENSG00000108840
HDAC7	HGNC:14067	51564	ENSG00000061273
HDAC10	HGNC:18128	83933	ENSG00000100429
HDAC11	HGNC:19086	79885	ENSG00000163517
HDDC2	HGNC:21078	51020	ENSG00000111906
HDDC3	HGNC:30522	374659	ENSG00000184508
HDGF	HGNC:4856	3068	ENSG00000143321
HDGFL1	HGNC:21095	154150	ENSG00000112273
HDGFL2	HGNC:14680	84717	ENSG00000167674
HDGFL3	HGNC:24937	50810	ENSG00000166503
HDHD2	HGNC:25364	84064	ENSG00000167220
HDHD3	HGNC:28171	81932	ENSG00000119431
HDHD5	HGNC:1843	27440	ENSG00000069998
HDLBP	HGNC:4857	3069	ENSG00000115677
HDX	HGNC:26411	139324	ENSG00000165259
HEATR1	HGNC:25517	55127	ENSG00000119285
HEATR4	HGNC:16761	399671	ENSG00000187105
HEATR5A	HGNC:20276	25938	ENSG00000129493
HEATR5B	HGNC:29273	54497	ENSG00000008869
HEATR6	HGNC:24076	63897	ENSG00000068097
HEATR9	HGNC:26548	256957	ENSG00000270379
HEBP1	HGNC:17176	50865	ENSG00000013583
HEBP2	HGNC:15716	23593	ENSG00000051620
HECA	HGNC:21041	51696	ENSG00000112406
HECTD1	HGNC:20157	25831	ENSG00000092148
HECTD2	HGNC:26736	143279	ENSG00000165338
HECTD3	HGNC:26117	79654	ENSG00000126107
HECW1	HGNC:22195	23072	ENSG00000002746
HEG1	HGNC:29227	57493	ENSG00000173706
HELB	HGNC:17196	92797	ENSG00000127311
HELQ	HGNC:18536	113510	ENSG00000163312
HELT	HGNC:33783	391723	ENSG00000187821
HELZ	HGNC:16878	9931	ENSG00000198265
HELZ2	HGNC:30021	85441	ENSG00000130589
HEMGN	HGNC:17509	55363	ENSG00000136929
HEMK1	HGNC:24923	51409	ENSG00000114735
HEMK2	HGNC:16021	29104	ENSG00000156239
HENMT1	HGNC:26400	113802	ENSG00000162639
HEPACAM2	HGNC:27364	253012	ENSG00000188175
HEPH	HGNC:4866	9843	ENSG00000089472
HEPN1	HGNC:34400	641654	ENSG00000221932
HERC3	HGNC:4876	8916	ENSG00000138641
HERC4	HGNC:24521	26091	ENSG00000148634
HERC5	HGNC:24368	51191	ENSG00000138646
HERC6	HGNC:26072	55008	ENSG00000138642
HERPUD1	HGNC:13744	9709	ENSG00000051108
HERPUD2	HGNC:21915	64224	ENSG00000122557
HES1	HGNC:5192	3280	ENSG00000114315
HES2	HGNC:16005	54626	ENSG00000069812
HES3	HGNC:26226	390992	ENSG00000173673
HES4	HGNC:24149	57801	ENSG00000188290
HES5	HGNC:19764	388585	ENSG00000197921
HES6	HGNC:18254	55502	ENSG00000144485
HEXD	HGNC:26307	284004	ENSG00000169660
HEXIM1	HGNC:24953	10614	ENSG00000186834
HEXIM2	HGNC:28591	124790	ENSG00000168517
HEYL	HGNC:4882	26508	ENSG00000163909
HGFAC	HGNC:4894	3083	ENSG00000109758
HGH1	HGNC:24161	51236	ENSG00000235173
HGS	HGNC:4897	9146	ENSG00000185359
HHATL	HGNC:13242	57467	ENSG00000010282
HHEX	HGNC:4901	3087	ENSG00000152804
HHIP	HGNC:14866	64399	ENSG00000164161
HHIPL1	HGNC:19710	84439	ENSG00000182218
HHIPL2	HGNC:25842	79802	ENSG00000143512
HHLA1	HGNC:4904	10086	ENSG00000132297
HHLA2	HGNC:4905	11148	ENSG00000114455
HIC2	HGNC:18595	23119	ENSG00000169635
HIF1A	HGNC:4910	3091	ENSG00000100644
HIF1AN	HGNC:17113	55662	ENSG00000166135
HIF3A	HGNC:15825	64344	ENSG00000124440
HIGD1A	HGNC:29527	25994	ENSG00000181061
HIGD1B	HGNC:24318	51751	ENSG00000131097
HIGD1C	HGNC:28044	613227	ENSG00000214511
HIGD2A	HGNC:28311	192286	ENSG00000146066
HIGD2B	HGNC:26984	123346	ENSG00000175202
HILPDA	HGNC:28859	29923	ENSG00000135245
HINFP	HGNC:17850	25988	ENSG00000172273
HINT2	HGNC:18344	84681	ENSG00000137133
HINT3	HGNC:18468	135114	ENSG00000111911
HIP1	HGNC:4913	3092	ENSG00000127946
HIP1R	HGNC:18415	9026	ENSG00000130787
HIPK1	HGNC:19006	204851	ENSG00000163349
HIPK2	HGNC:14402	28996	ENSG00000064393
HIPK3	HGNC:4915	10114	ENSG00000110422
HIPK4	HGNC:19007	147746	ENSG00000160396
HIRIP3	HGNC:4917	8479	ENSG00000149929
HIVEP1	HGNC:4920	3096	ENSG00000095951
HIVEP3	HGNC:13561	59269	ENSG00000127124
HJURP	HGNC:25444	55355	ENSG00000123485
HK2	HGNC:4923	3099	ENSG00000159399
HK3	HGNC:4925	3101	ENSG00000160883
HLA-DMA	HGNC:4934	3108	ENSG00000204257
HLA-DMB	HGNC:4935	3109	ENSG00000242574
HLA-DOA	HGNC:4936	3111	ENSG00000204252
HLA-DOB	HGNC:4937	3112	ENSG00000241106
HLA-DQA2	HGNC:4943	3118	ENSG00000237541
HLA-DQB2	HGNC:4945	3120	ENSG00000232629
HLA-DRB3	HGNC:4951	3125	ENSG00000196101
HLA-DRB4	HGNC:4952	3126	ENSG00000227357
HLA-DRB5	HGNC:4953	3127	ENSG00000198502
HLA-E	HGNC:4962	3133	ENSG00000204592
HLA-F	HGNC:4963	3134	ENSG00000204642
HLTF	HGNC:11099	6596	ENSG00000071794
HM13	HGNC:16435	81502	ENSG00000101294
HMBOX1	HGNC:26137	79618	ENSG00000147421
HMCES	HGNC:24446	56941	ENSG00000183624
HMCN2	HGNC:21293	256158	ENSG00000148357
HMG20A	HGNC:5001	10363	ENSG00000140382
HMG20B	HGNC:5002	10362	ENSG00000064961
HMGB1	HGNC:4983	3146	ENSG00000189403
HMGB2	HGNC:5000	3148	ENSG00000164104
HMGB4	HGNC:24954	127540	ENSG00000176256
HMGCLL1	HGNC:21359	54511	ENSG00000146151
HMGN1	HGNC:4984	3150	ENSG00000205581
HMGN2	HGNC:4986	3151	ENSG00000198830
HMGN3	HGNC:12312	9324	ENSG00000118418
HMGN4	HGNC:4989	10473	ENSG00000182952
HMGN5	HGNC:8013	79366	ENSG00000198157
HMGXB3	HGNC:28982	22993	ENSG00000113716
HMGXB4	HGNC:5003	10042	ENSG00000100281
HMHB1	HGNC:29677	57824	ENSG00000158497
HMOX2	HGNC:5014	3163	ENSG00000103415
HMSD	HGNC:23037	284293	ENSG00000221887
HMX2	HGNC:5018	3167	ENSG00000188816
HMX3	HGNC:5019	340784	ENSG00000188620
HNF4G	HGNC:5026	3174	ENSG00000164749
HNRNPA0	HGNC:5030	10949	ENSG00000177733
HNRNPA1L2	HGNC:27067	144983	ENSG00000139675
HNRNPA1L3	HGNC:48778	642659	ENSG00000224578
HNRNPA3	HGNC:24941	220988	ENSG00000170144
HNRNPAB	HGNC:5034	3182	ENSG00000197451
HNRNPCL1	HGNC:29295	343069	ENSG00000179172
HNRNPCL2	HGNC:48813	440563	ENSG00000275774
HNRNPCL3	HGNC:51235	649330	ENSG00000277058
HNRNPCL4	HGNC:51333	101060301	ENSG00000179412
HNRNPF	HGNC:5039	3185	ENSG00000169813
HNRNPH3	HGNC:5043	3189	ENSG00000096746
HNRNPL	HGNC:5045	3191	ENSG00000104824
HNRNPLL	HGNC:25127	92906	ENSG00000143889
HNRNPM	HGNC:5046	4670	ENSG00000099783
HNRNPUL1	HGNC:17011	11100	ENSG00000105323
HNRNPUL2	HGNC:25451	221092	ENSG00000214753
HOATZ	HGNC:25061	399949	ENSG00000183644
HOMER1	HGNC:17512	9456	ENSG00000152413
HOMER3	HGNC:17514	9454	ENSG00000051128
HOMEZ	HGNC:20164	57594	ENSG00000290292
HOOK1	HGNC:19884	51361	ENSG00000134709
HOOK2	HGNC:19885	29911	ENSG00000095066
HOOK3	HGNC:23576	84376	ENSG00000168172
HOPX	HGNC:24961	84525	ENSG00000171476
HORMAD1	HGNC:25245	84072	ENSG00000143452
HORMAD2	HGNC:28383	150280	ENSG00000176635
HOXA3	HGNC:5104	3200	ENSG00000105997
HOXA4	HGNC:5105	3201	ENSG00000197576
HOXA5	HGNC:5106	3202	ENSG00000106004
HOXA6	HGNC:5107	3203	ENSG00000106006
HOXA7	HGNC:5108	3204	ENSG00000122592
HOXA9	HGNC:5109	3205	ENSG00000078399
HOXA10	HGNC:5100	3206	ENSG00000253293
HOXB2	HGNC:5113	3212	ENSG00000173917
HOXB3	HGNC:5114	3213	ENSG00000120093
HOXB4	HGNC:5115	3214	ENSG00000182742
HOXB5	HGNC:5116	3215	ENSG00000120075
HOXB6	HGNC:5117	3216	ENSG00000108511
HOXB7	HGNC:5118	3217	ENSG00000260027
HOXB8	HGNC:5119	3218	ENSG00000120068
HOXB9	HGNC:5120	3219	ENSG00000170689
HOXC4	HGNC:5126	3221	ENSG00000198353
HOXC5	HGNC:5127	3222	ENSG00000172789
HOXC6	HGNC:5128	3223	ENSG00000197757
HOXC8	HGNC:5129	3224	ENSG00000037965
HOXC9	HGNC:5130	3225	ENSG00000180806
HOXC10	HGNC:5122	3226	ENSG00000180818
HOXC11	HGNC:5123	3227	ENSG00000123388
HOXC12	HGNC:5124	3228	ENSG00000123407
HOXD1	HGNC:5132	3231	ENSG00000128645
HOXD3	HGNC:5137	3232	ENSG00000128652
HOXD4	HGNC:5138	3233	ENSG00000170166
HOXD8	HGNC:5139	3234	ENSG00000175879
HOXD9	HGNC:5140	3235	ENSG00000128709
HOXD11	HGNC:5134	3237	ENSG00000128713
HOXD12	HGNC:5135	3238	ENSG00000170178
HP1BP3	HGNC:24973	50809	ENSG00000127483
HPCAL1	HGNC:5145	3241	ENSG00000115756
HPCAL4	HGNC:18212	51440	ENSG00000116983
HPF1	HGNC:26051	54969	ENSG00000056050
HPGDS	HGNC:17890	27306	ENSG00000163106
HPN	HGNC:5155	3249	ENSG00000105707
HPR	HGNC:5156	3250	ENSG00000261701
HPSE	HGNC:5164	10855	ENSG00000173083
HPX	HGNC:5171	3263	ENSG00000110169
HRC	HGNC:5178	3270	ENSG00000130528
HRCT1	HGNC:33872	646962	ENSG00000196196
HRH1	HGNC:5182	3269	ENSG00000196639
HRH2	HGNC:5183	3274	ENSG00000113749
HRH3	HGNC:5184	11255	ENSG00000101180
HRH4	HGNC:17383	59340	ENSG00000134489
HRK	HGNC:5185	8739	ENSG00000135116
HRNR	HGNC:20846	388697	ENSG00000197915
HS1BP3	HGNC:24979	64342	ENSG00000118960
HS3ST1	HGNC:5194	9957	ENSG00000002587
HS3ST2	HGNC:5195	9956	ENSG00000122254
HS3ST3A1	HGNC:5196	9955	ENSG00000153976
HS3ST3B1	HGNC:5198	9953	ENSG00000125430
HS3ST4	HGNC:5200	9951	ENSG00000182601
HS3ST5	HGNC:19419	222537	ENSG00000249853
HS6ST3	HGNC:19134	266722	ENSG00000185352
HSBP1	HGNC:5203	3281	ENSG00000230989
HSBP1L1	HGNC:37243	440498	ENSG00000226742
HSD3B1	HGNC:5217	3283	ENSG00000203857
HSD11B1L	HGNC:30419	374875	ENSG00000167733
HSD17B1	HGNC:5210	3292	ENSG00000108786
HSD17B2	HGNC:5211	3294	ENSG00000086696
HSD17B6	HGNC:23316	8630	ENSG00000025423
HSD17B7	HGNC:5215	51478	ENSG00000132196
HSD17B8	HGNC:3554	7923	ENSG00000204228
HSD17B11	HGNC:22960	51170	ENSG00000198189
HSD17B12	HGNC:18646	51144	ENSG00000149084
HSD17B14	HGNC:23238	51171	ENSG00000087076
HSDL1	HGNC:16475	83693	ENSG00000103160
HSDL2	HGNC:18572	84263	ENSG00000119471
HSF1	HGNC:5224	3297	ENSG00000185122
HSF2	HGNC:5225	3298	ENSG00000025156
HSF5	HGNC:26862	124535	ENSG00000176160
HSFX1	HGNC:29603	100506164	ENSG00000171116
HSFX2	HGNC:32701	100130086	ENSG00000268738
HSFX3	HGNC:52395	101928917	ENSG00000283697
HSFX4	HGNC:52398	101927685	ENSG00000283463
HSFY2	HGNC:23950	159119	ENSG00000169953
HSH2D	HGNC:24920	84941	ENSG00000196684
HSP90AA1	HGNC:5253	3320	ENSG00000080824
HSP90AB1	HGNC:5258	3326	ENSG00000096384
HSP90B1	HGNC:12028	7184	ENSG00000166598
HSPA1A	HGNC:5232	3303	ENSG00000204389
HSPA1B	HGNC:5233	3304	ENSG00000204388
HSPA1L	HGNC:5234	3305	ENSG00000204390
HSPA2	HGNC:5235	3306	ENSG00000126803
HSPA4	HGNC:5237	3308	ENSG00000170606
HSPA4L	HGNC:17041	22824	ENSG00000164070
HSPA5	HGNC:5238	3309	ENSG00000044574
HSPA6	HGNC:5239	3310	ENSG00000173110
HSPA8	HGNC:5241	3312	ENSG00000109971
HSPA12A	HGNC:19022	259217	ENSG00000165868
HSPA12B	HGNC:16193	116835	ENSG00000132622
HSPA13	HGNC:11375	6782	ENSG00000155304
HSPA14	HGNC:29526	51182	ENSG00000187522
HSPB2	HGNC:5247	3316	ENSG00000170276
HSPB6	HGNC:26511	126393	ENSG00000004776
HSPB7	HGNC:5249	27129	ENSG00000173641
HSPB9	HGNC:30589	94086	ENSG00000260325
HSPBP1	HGNC:24989	23640	ENSG00000133265
HSPE1	HGNC:5269	3336	ENSG00000115541
HSPH1	HGNC:16969	10808	ENSG00000120694
HTATIP2	HGNC:16637	10553	ENSG00000109854
HTATSF1	HGNC:5276	27336	ENSG00000102241
HTD2	HGNC:53111	109703458	ENSG00000255154
HTN1	HGNC:5283	3346	ENSG00000126550
HTN3	HGNC:5284	3347	ENSG00000205649
HTR1B	HGNC:5287	3351	ENSG00000135312
HTR1D	HGNC:5289	3352	ENSG00000179546
HTR1E	HGNC:5291	3354	ENSG00000168830
HTR1F	HGNC:5292	3355	ENSG00000179097
HTR2B	HGNC:5294	3357	ENSG00000135914
HTR2C	HGNC:5295	3358	ENSG00000147246
HTR3A	HGNC:5297	3359	ENSG00000166736
HTR3B	HGNC:5298	9177	ENSG00000149305
HTR3C	HGNC:24003	170572	ENSG00000178084
HTR3D	HGNC:24004	200909	ENSG00000186090
HTR3E	HGNC:24005	285242	ENSG00000186038
HTR4	HGNC:5299	3360	ENSG00000164270
HTR5A	HGNC:5300	3361	ENSG00000157219
HTR6	HGNC:5301	3362	ENSG00000158748
HTR7	HGNC:5302	3363	ENSG00000148680
HTRA3	HGNC:30406	94031	ENSG00000170801
HTRA4	HGNC:26909	203100	ENSG00000169495
HUNK	HGNC:13326	30811	ENSG00000142149
HUS1	HGNC:5309	3364	ENSG00000136273
HUS1B	HGNC:16485	135458	ENSG00000188996
HVCN1	HGNC:28240	84329	ENSG00000122986
HYAL3	HGNC:5322	8372	ENSG00000186792
HYAL4	HGNC:5323	23553	ENSG00000106302
HYCC2	HGNC:28593	285172	ENSG00000155744
HYI	HGNC:26948	81888	ENSG00000178922
HYPK	HGNC:18418	25764	ENSG00000242028
IAH1	HGNC:27696	285148	ENSG00000134330
IAPP	HGNC:5329	3375	ENSG00000121351
IBSP	HGNC:5341	3381	ENSG00000029559
IBTK	HGNC:17853	25998	ENSG00000005700
ICA1	HGNC:5343	3382	ENSG00000003147
ICA1L	HGNC:14442	130026	ENSG00000163596
ICAM2	HGNC:5345	3384	ENSG00000108622
ICAM3	HGNC:5346	3385	ENSG00000076662
ICAM5	HGNC:5348	7087	ENSG00000105376
ICE1	HGNC:29154	23379	ENSG00000164151
ICE2	HGNC:29885	79664	ENSG00000128915
ICMT	HGNC:5350	23463	ENSG00000116237
ID1	HGNC:5360	3397	ENSG00000125968
ID3	HGNC:5362	3399	ENSG00000117318
ID4	HGNC:5363	3400	ENSG00000172201
IDE	HGNC:5381	3416	ENSG00000119912
IDI1	HGNC:5387	3422	ENSG00000067064
IDI2	HGNC:23487	91734	ENSG00000148377
IDNK	HGNC:31367	414328	ENSG00000148057
IDO1	HGNC:6059	3620	ENSG00000131203
IDO2	HGNC:27269	169355	ENSG00000188676
IER2	HGNC:28871	9592	ENSG00000160888
IER3	HGNC:5392	8870	ENSG00000137331
IER5	HGNC:5393	51278	ENSG00000162783
IER5L	HGNC:23679	389792	ENSG00000188483
IFFO1	HGNC:24970	25900	ENSG00000010295
IFFO2	HGNC:27006	126917	ENSG00000169991
IFI6	HGNC:4054	2537	ENSG00000126709
IFI16	HGNC:5395	3428	ENSG00000163565
IFI27	HGNC:5397	3429	ENSG00000165949
IFI27L1	HGNC:19754	122509	ENSG00000165948
IFI27L2	HGNC:19753	83982	ENSG00000119632
IFI30	HGNC:5398	10437	ENSG00000216490
IFI35	HGNC:5399	3430	ENSG00000068079
IFI44	HGNC:16938	10561	ENSG00000137965
IFI44L	HGNC:17817	10964	ENSG00000137959
IFIT1	HGNC:5407	3434	ENSG00000185745
IFIT1B	HGNC:23442	439996	ENSG00000204010
IFIT2	HGNC:5409	3433	ENSG00000119922
IFIT3	HGNC:5411	3437	ENSG00000119917
IFIT5	HGNC:13328	24138	ENSG00000152778
IFITM1	HGNC:5412	8519	ENSG00000185885
IFITM2	HGNC:5413	10581	ENSG00000185201
IFITM10	HGNC:40022	402778	ENSG00000244242
IFNA1	HGNC:5417	3439	ENSG00000197919
IFNA2	HGNC:5423	3440	ENSG00000188379
IFNA4	HGNC:5425	3441	ENSG00000236637
IFNA5	HGNC:5426	3442	ENSG00000147873
IFNA6	HGNC:5427	3443	ENSG00000120235
IFNA7	HGNC:5428	3444	ENSG00000214042
IFNA8	HGNC:5429	3445	ENSG00000120242
IFNA10	HGNC:5418	3446	ENSG00000186803
IFNA13	HGNC:5419	3447	ENSG00000233816
IFNA14	HGNC:5420	3448	ENSG00000228083
IFNA16	HGNC:5421	3449	ENSG00000147885
IFNA17	HGNC:5422	3451	ENSG00000234829
IFNA21	HGNC:5424	3452	ENSG00000137080
IFNB1	HGNC:5434	3456	ENSG00000171855
IFNE	HGNC:18163	338376	ENSG00000184995
IFNK	HGNC:21714	56832	ENSG00000147896
IFNL1	HGNC:18363	282618	ENSG00000182393
IFNL2	HGNC:18364	282616	ENSG00000183709
IFNLR1	HGNC:18584	163702	ENSG00000185436
IFNW1	HGNC:5448	3467	ENSG00000177047
IFRD2	HGNC:5457	7866	ENSG00000214706
IFT20	HGNC:30989	90410	ENSG00000109083
IFT22	HGNC:21895	64792	ENSG00000128581
IFT25	HGNC:25019	51668	ENSG00000081870
IFT46	HGNC:26146	56912	ENSG00000118096
IFT70A	HGNC:25853	92104	ENSG00000197557
IFT70B	HGNC:26425	150737	ENSG00000196659
IFTAP	HGNC:25142	119710	ENSG00000166352
IGBP1C	HGNC:43611	645545	ENSG00000266826
IGDCC3	HGNC:9700	9543	ENSG00000174498
IGDCC4	HGNC:13770	57722	ENSG00000103742
IGF2BP1	HGNC:28866	10642	ENSG00000159217
IGF2BP3	HGNC:28868	10643	ENSG00000136231
IGFBP1	HGNC:5469	3484	ENSG00000146678
IGFBP2	HGNC:5471	3485	ENSG00000115457
IGFBP3	HGNC:5472	3486	ENSG00000146674
IGFBP4	HGNC:5473	3487	ENSG00000141753
IGFBP5	HGNC:5474	3488	ENSG00000115461
IGFBP6	HGNC:5475	3489	ENSG00000167779
IGFBPL1	HGNC:20081	347252	ENSG00000137142
IGFL1	HGNC:24093	374918	ENSG00000188293
IGFL2	HGNC:32929	147920	ENSG00000204866
IGFL3	HGNC:32930	388555	ENSG00000188624
IGFL4	HGNC:32931	444882	ENSG00000204869
IGFLR1	HGNC:23620	79713	ENSG00000126246
IGFN1	HGNC:24607	91156	ENSG00000163395
IGIP	HGNC:33847	492311	ENSG00000182700
IGK	HGNC:5715	50802	
IGL	HGNC:5853	3535	
IGLL5	HGNC:38476	100423062	ENSG00000254709
IGLON5	HGNC:34550	402665	ENSG00000142549
IGSF5	HGNC:5952	150084	ENSG00000183067
IGSF6	HGNC:5953	10261	ENSG00000140749
IGSF8	HGNC:17813	93185	ENSG00000162729
IGSF9	HGNC:18132	57549	ENSG00000085552
IGSF9B	HGNC:32326	22997	ENSG00000080854
IGSF10	HGNC:26384	285313	ENSG00000152580
IGSF11	HGNC:16669	152404	ENSG00000144847
IGSF21	HGNC:28246	84966	ENSG00000117154
IGSF22	HGNC:26750	283284	ENSG00000179057
IGSF23	HGNC:40040	147710	ENSG00000216588
IHO1	HGNC:27945	339834	ENSG00000173421
IK	HGNC:5958	3550	ENSG00000113141
IKBIP	HGNC:26430	121457	ENSG00000166130
IKBKE	HGNC:14552	9641	ENSG00000263528
IKZF4	HGNC:13179	64375	ENSG00000123411
IL1A	HGNC:5991	3552	ENSG00000115008
IL1F10	HGNC:15552	84639	ENSG00000136697
IL1R2	HGNC:5994	7850	ENSG00000115590
IL1RAP	HGNC:5995	3556	ENSG00000196083
IL1RAPL2	HGNC:5997	26280	ENSG00000189108
IL1RL1	HGNC:5998	9173	ENSG00000115602
IL1RL2	HGNC:5999	8808	ENSG00000115598
IL2	HGNC:6001	3558	ENSG00000109471
IL3	HGNC:6011	3562	ENSG00000164399
IL3RA	HGNC:6012	3563	ENSG00000185291
IL4	HGNC:6014	3565	ENSG00000113520
IL4I1	HGNC:19094	259307	ENSG00000104951
IL4R	HGNC:6015	3566	ENSG00000077238
IL5	HGNC:6016	3567	ENSG00000113525
IL5RA	HGNC:6017	3568	ENSG00000091181
IL9	HGNC:6029	3578	ENSG00000145839
IL9R	HGNC:6030	3581	ENSG00000124334
IL11	HGNC:5966	3589	ENSG00000095752
IL12RB2	HGNC:5972	3595	ENSG00000081985
IL13RA1	HGNC:5974	3597	ENSG00000131724
IL13RA2	HGNC:5975	3598	ENSG00000123496
IL15	HGNC:5977	3600	ENSG00000164136
IL15RA	HGNC:5978	3601	ENSG00000134470
IL16	HGNC:5980	3603	ENSG00000172349
IL17A	HGNC:5981	3605	ENSG00000112115
IL17B	HGNC:5982	27190	ENSG00000127743
IL17C	HGNC:5983	27189	ENSG00000124391
IL17D	HGNC:5984	53342	ENSG00000172458
IL17RB	HGNC:18015	55540	ENSG00000056736
IL17RE	HGNC:18439	132014	ENSG00000163701
IL17REL	HGNC:33808	400935	ENSG00000188263
IL18	HGNC:5986	3606	ENSG00000150782
IL18R1	HGNC:5988	8809	ENSG00000115604
IL18RAP	HGNC:5989	8807	ENSG00000115607
IL19	HGNC:5990	29949	ENSG00000142224
IL20	HGNC:6002	50604	ENSG00000162891
IL20RA	HGNC:6003	53832	ENSG00000016402
IL20RB	HGNC:6004	53833	ENSG00000174564
IL22	HGNC:14900	50616	ENSG00000127318
IL22RA1	HGNC:13700	58985	ENSG00000142677
IL22RA2	HGNC:14901	116379	ENSG00000164485
IL23A	HGNC:15488	51561	ENSG00000110944
IL24	HGNC:11346	11009	ENSG00000162892
IL25	HGNC:13765	64806	ENSG00000166090
IL26	HGNC:17119	55801	ENSG00000111536
IL27	HGNC:19157	246778	ENSG00000197272
IL31	HGNC:19372	386653	ENSG00000204671
IL32	HGNC:16830	9235	ENSG00000008517
IL33	HGNC:16028	90865	ENSG00000137033
IL34	HGNC:28529	146433	ENSG00000157368
IL36A	HGNC:15562	27179	ENSG00000136694
IL36B	HGNC:15564	27177	ENSG00000136696
IL36G	HGNC:15741	56300	ENSG00000136688
ILDR2	HGNC:18131	387597	ENSG00000143195
ILF2	HGNC:6037	3608	ENSG00000143621
ILF3	HGNC:6038	3609	ENSG00000129351
ILKAP	HGNC:15566	80895	ENSG00000132323
ILRUN	HGNC:21215	64771	ENSG00000196821
IMMP1L	HGNC:26317	196294	ENSG00000148950
IMMP2L	HGNC:14598	83943	ENSG00000184903
IMMT	HGNC:6047	10989	ENSG00000132305
IMP3	HGNC:14497	55272	ENSG00000177971
IMP4	HGNC:30856	92856	ENSG00000136718
IMPA2	HGNC:6051	3613	ENSG00000141401
IMPACT	HGNC:20387	55364	ENSG00000154059
INA	HGNC:6057	9118	ENSG00000148798
INAFM1	HGNC:27406	255783	ENSG00000257704
INAFM2	HGNC:35165	100505573	ENSG00000259330
INCA1	HGNC:32224	388324	ENSG00000196388
INCENP	HGNC:6058	3619	ENSG00000149503
ING2	HGNC:6063	3622	ENSG00000168556
ING3	HGNC:14587	54556	ENSG00000071243
ING4	HGNC:19423	51147	ENSG00000111653
ING5	HGNC:19421	84289	ENSG00000168395
INHA	HGNC:6065	3623	ENSG00000123999
INHBB	HGNC:6067	3625	ENSG00000163083
INHBC	HGNC:6068	3626	ENSG00000175189
INHBE	HGNC:24029	83729	ENSG00000139269
INIP	HGNC:24994	58493	ENSG00000148153
INKA1	HGNC:32480	389119	ENSG00000185614
INKA2	HGNC:28045	55924	ENSG00000197852
INMT	HGNC:6069	11185	ENSG00000241644
INO80B	HGNC:13324	83444	ENSG00000115274
INO80C	HGNC:26994	125476	ENSG00000153391
INO80D	HGNC:25997	54891	ENSG00000114933
INO80E	HGNC:26905	283899	ENSG00000169592
INPP1	HGNC:6071	3628	ENSG00000151689
INPP4B	HGNC:6075	8821	ENSG00000109452
INPP5A	HGNC:6076	3632	ENSG00000068383
INPP5B	HGNC:6077	3633	ENSG00000204084
INPP5D	HGNC:6079	3635	ENSG00000168918
INPP5F	HGNC:17054	22876	ENSG00000198825
INPP5J	HGNC:8956	27124	ENSG00000185133
INSC	HGNC:33116	387755	ENSG00000188487
INSIG1	HGNC:6083	3638	ENSG00000186480
INSIG2	HGNC:20452	51141	ENSG00000125629
INSL4	HGNC:6087	3641	ENSG00000120211
INSL5	HGNC:6088	10022	ENSG00000172410
INSL6	HGNC:6089	11172	ENSG00000120210
INSM1	HGNC:6090	3642	ENSG00000173404
INSM2	HGNC:17539	84684	ENSG00000168348
INSRR	HGNC:6093	3645	ENSG00000027644
INSYN1	HGNC:33753	388135	ENSG00000205363
INSYN2A	HGNC:33859	642938	ENSG00000188916
INSYN2B	HGNC:37271	100131897	ENSG00000204767
INTS2	HGNC:29241	57508	ENSG00000108506
INTS3	HGNC:26153	65123	ENSG00000143624
INTS4	HGNC:25048	92105	ENSG00000149262
INTS5	HGNC:29352	80789	ENSG00000185085
INTS6	HGNC:14879	26512	ENSG00000102786
INTS6L	HGNC:27334	203522	ENSG00000165359
INTS7	HGNC:24484	25896	ENSG00000143493
INTS9	HGNC:25592	55756	ENSG00000104299
INTS10	HGNC:25548	55174	ENSG00000104613
INTS12	HGNC:25067	57117	ENSG00000138785
INTS13	HGNC:20174	55726	ENSG00000064102
INTS14	HGNC:25372	81556	ENSG00000138614
INTS15	HGNC:21702	79034	ENSG00000146576
IP6K1	HGNC:18360	9807	ENSG00000176095
IP6K2	HGNC:17313	51447	ENSG00000068745
IP6K3	HGNC:17269	117283	ENSG00000161896
IPCEF1	HGNC:21204	26034	ENSG00000074706
IPO4	HGNC:19426	79711	ENSG00000196497
IPO5	HGNC:6402	3843	ENSG00000065150
IPO7	HGNC:9852	10527	ENSG00000205339
IPO9	HGNC:19425	55705	ENSG00000198700
IPO11	HGNC:20628	51194	ENSG00000086200
IPO13	HGNC:16853	9670	ENSG00000117408
IPP	HGNC:6108	3652	ENSG00000197429
IPPK	HGNC:14645	64768	ENSG00000127080
IQANK1	HGNC:49576	642574	ENSG00000203499
IQCC	HGNC:25545	55721	ENSG00000160051
IQCF1	HGNC:28607	132141	ENSG00000173389
IQCF2	HGNC:31815	389123	ENSG00000184345
IQCF3	HGNC:31816	401067	ENSG00000229972
IQCF5	HGNC:35159	389124	ENSG00000214681
IQCF6	HGNC:35158	440956	ENSG00000214686
IQCH	HGNC:25721	64799	ENSG00000103599
IQCJ	HGNC:32406	654502	ENSG00000214216
IQCK	HGNC:28556	124152	ENSG00000174628
IQCM	HGNC:53443	285423	ENSG00000234828
IQGAP1	HGNC:6110	8826	ENSG00000140575
IQGAP2	HGNC:6111	10788	ENSG00000145703
IQGAP3	HGNC:20669	128239	ENSG00000183856
IQSEC3	HGNC:29193	440073	ENSG00000120645
IQUB	HGNC:21995	154865	ENSG00000164675
IRAG1	HGNC:7237	10335	ENSG00000072952
IRAG2	HGNC:6690	4033	ENSG00000118308
IRAK1BP1	HGNC:17368	134728	ENSG00000146243
IRAK2	HGNC:6113	3656	ENSG00000134070
IRF2	HGNC:6117	3660	ENSG00000168310
IRF2BP1	HGNC:21728	26145	ENSG00000170604
IRGC	HGNC:28835	56269	ENSG00000124449
IRGQ	HGNC:24868	126298	ENSG00000167378
IRX1	HGNC:14358	79192	ENSG00000170549
IRX3	HGNC:14360	79191	ENSG00000177508
IRX6	HGNC:14675	79190	ENSG00000159387
ISG20	HGNC:6130	3669	ENSG00000172183
ISG20L2	HGNC:25745	81875	ENSG00000143319
ISL2	HGNC:18524	64843	ENSG00000159556
ISLR	HGNC:6133	3671	ENSG00000129009
ISLR2	HGNC:29286	57611	ENSG00000167178
ISM1	HGNC:16213	140862	ENSG00000101230
ISM2	HGNC:23176	145501	ENSG00000100593
ISOC1	HGNC:24254	51015	ENSG00000066583
ISOC2	HGNC:26278	79763	ENSG00000063241
IST1	HGNC:28977	9798	ENSG00000182149
ISX	HGNC:28084	91464	ENSG00000175329
ISY1	HGNC:29201	57461	ENSG00000240682
ISYNA1	HGNC:29821	51477	ENSG00000105655
ITFG1	HGNC:30697	81533	ENSG00000129636
ITFG2	HGNC:30879	55846	ENSG00000111203
ITGA1	HGNC:6134	3672	ENSG00000213949
ITGA4	HGNC:6140	3676	ENSG00000115232
ITGA5	HGNC:6141	3678	ENSG00000161638
ITGA9	HGNC:6145	3680	ENSG00000144668
ITGA10	HGNC:6135	8515	ENSG00000143127
ITGA11	HGNC:6136	22801	ENSG00000137809
ITGAD	HGNC:6146	3681	ENSG00000156886
ITGAE	HGNC:6147	3682	ENSG00000083457
ITGAL	HGNC:6148	3683	ENSG00000005844
ITGAX	HGNC:6152	3687	ENSG00000140678
ITGB1	HGNC:6153	3688	ENSG00000150093
ITGB1BP1	HGNC:23927	9270	ENSG00000119185
ITGB1BP2	HGNC:6154	26548	ENSG00000147166
ITGB3BP	HGNC:6157	23421	ENSG00000142856
ITGB5	HGNC:6160	3693	ENSG00000082781
ITGB7	HGNC:6162	3695	ENSG00000139626
ITGB8	HGNC:6163	3696	ENSG00000105855
ITGBL1	HGNC:6164	9358	ENSG00000198542
ITIH1	HGNC:6166	3697	ENSG00000055957
ITIH2	HGNC:6167	3698	ENSG00000151655
ITIH3	HGNC:6168	3699	ENSG00000162267
ITIH5	HGNC:21449	80760	ENSG00000123243
ITIH6	HGNC:28907	347365	ENSG00000102313
ITLN1	HGNC:18259	55600	ENSG00000179914
ITLN2	HGNC:20599	142683	ENSG00000158764
ITM2A	HGNC:6173	9452	ENSG00000078596
ITM2C	HGNC:6175	81618	ENSG00000135916
ITPK1	HGNC:6177	3705	ENSG00000100605
ITPKA	HGNC:6178	3706	ENSG00000137825
ITPKC	HGNC:14897	80271	ENSG00000086544
ITPRID1	HGNC:27363	223075	ENSG00000180347
ITPRID2	HGNC:11319	6744	ENSG00000138434
ITPRIP	HGNC:29370	85450	ENSG00000148841
ITPRIPL1	HGNC:29371	150771	ENSG00000198885
ITPRIPL2	HGNC:27257	162073	ENSG00000205730
ITSN2	HGNC:6184	50618	ENSG00000198399
IVL	HGNC:6187	3713	ENSG00000163207
IWS1	HGNC:25467	55677	ENSG00000163166
IZUMO1	HGNC:28539	284359	ENSG00000182264
IZUMO1R	HGNC:32565	390243	ENSG00000183560
IZUMO2	HGNC:28518	126123	ENSG00000161652
IZUMO3	HGNC:31421	100129669	ENSG00000205442
IZUMO4	HGNC:26950	113177	ENSG00000099840
JADE1	HGNC:30027	79960	ENSG00000077684
JADE2	HGNC:22984	23338	ENSG00000043143
JADE3	HGNC:22982	9767	ENSG00000102221
JAKMIP1	HGNC:26460	152789	ENSG00000152969
JAKMIP2	HGNC:29067	9832	ENSG00000176049
JAKMIP3	HGNC:23523	282973	ENSG00000188385
JAML	HGNC:19084	120425	ENSG00000160593
JCAD	HGNC:29283	57608	ENSG00000165757
JCHAIN	HGNC:5713	3512	ENSG00000132465
JDP2	HGNC:17546	122953	ENSG00000140044
JHY	HGNC:26288	79864	ENSG00000109944
JMJD4	HGNC:25724	65094	ENSG00000081692
JMJD6	HGNC:19355	23210	ENSG00000070495
JMJD7	HGNC:34397	100137047	ENSG00000243789
JMJD8	HGNC:14148	339123	ENSG00000161999
JMY	HGNC:28916	133746	ENSG00000152409
JOSD1	HGNC:28953	9929	ENSG00000100221
JOSD2	HGNC:28853	126119	ENSG00000161677
JPH4	HGNC:20156	84502	ENSG00000092051
JPT1	HGNC:14569	51155	ENSG00000189159
JPT2	HGNC:14137	90861	ENSG00000206053
JRKL	HGNC:6200	8690	ENSG00000183340
JSRP1	HGNC:24963	126306	ENSG00000167476
JTB	HGNC:6201	10899	ENSG00000143543
JUN	HGNC:6204	3725	ENSG00000177606
JUNB	HGNC:6205	3726	ENSG00000171223
JUND	HGNC:6206	3727	ENSG00000130522
KANK3	HGNC:24796	256949	ENSG00000186994
KANK4	HGNC:27263	163782	ENSG00000132854
KANSL1L	HGNC:26310	151050	ENSG00000144445
KANSL2	HGNC:26024	54934	ENSG00000139620
KANSL3	HGNC:25473	55683	ENSG00000114982
KANTR	HGNC:49510	102723508	ENSG00000232593
KAT2A	HGNC:4201	2648	ENSG00000108773
KAT2B	HGNC:8638	8850	ENSG00000114166
KAT7	HGNC:17016	11143	ENSG00000136504
KAT14	HGNC:15904	57325	ENSG00000149474
KATNA1	HGNC:6216	11104	ENSG00000186625
KATNAL1	HGNC:28361	84056	ENSG00000102781
KATNBL1	HGNC:26199	79768	ENSG00000134152
KAZALD1	HGNC:25460	81621	ENSG00000107821
KAZN	HGNC:29173	23254	ENSG00000189337
KBTBD2	HGNC:21751	25948	ENSG00000170852
KBTBD3	HGNC:22934	143879	ENSG00000182359
KBTBD4	HGNC:23761	55709	ENSG00000123444
KBTBD6	HGNC:25340	89890	ENSG00000165572
KBTBD7	HGNC:25266	84078	ENSG00000120696
KBTBD8	HGNC:30691	84541	ENSG00000163376
KBTBD11	HGNC:29104	9920	ENSG00000176595
KBTBD12	HGNC:25731	166348	ENSG00000187715
KCMF1	HGNC:20589	56888	ENSG00000176407
KCNA3	HGNC:6221	3738	ENSG00000177272
KCNA6	HGNC:6225	3742	ENSG00000151079
KCNA7	HGNC:6226	3743	ENSG00000104848
KCNA10	HGNC:6219	3744	ENSG00000143105
KCNAB1	HGNC:6228	7881	ENSG00000169282
KCNAB3	HGNC:6230	9196	ENSG00000170049
KCNB2	HGNC:6232	9312	ENSG00000182674
KCNC4	HGNC:6236	3749	ENSG00000116396
KCND1	HGNC:6237	3750	ENSG00000102057
KCND2	HGNC:6238	3751	ENSG00000184408
KCNE4	HGNC:6244	23704	ENSG00000152049
KCNF1	HGNC:6246	3754	ENSG00000162975
KCNG1	HGNC:6248	3755	ENSG00000026559
KCNG2	HGNC:6249	26251	ENSG00000178342
KCNG3	HGNC:18306	170850	ENSG00000171126
KCNG4	HGNC:19697	93107	ENSG00000168418
KCNH3	HGNC:6252	23416	ENSG00000135519
KCNH4	HGNC:6253	23415	ENSG00000089558
KCNH6	HGNC:18862	81033	ENSG00000173826
KCNH7	HGNC:18863	90134	ENSG00000184611
KCNH8	HGNC:18864	131096	ENSG00000183960
KCNIP1	HGNC:15521	30820	ENSG00000182132
KCNIP2	HGNC:15522	30819	ENSG00000120049
KCNIP3	HGNC:15523	30818	ENSG00000115041
KCNIP4	HGNC:30083	80333	ENSG00000185774
KCNJ4	HGNC:6265	3761	ENSG00000168135
KCNJ9	HGNC:6270	3765	ENSG00000162728
KCNJ12	HGNC:6258	3768	ENSG00000184185
KCNJ14	HGNC:6260	3770	ENSG00000182324
KCNJ15	HGNC:6261	3772	ENSG00000157551
KCNK1	HGNC:6272	3775	ENSG00000135750
KCNK2	HGNC:6277	3776	ENSG00000082482
KCNK5	HGNC:6280	8645	ENSG00000164626
KCNK6	HGNC:6281	9424	ENSG00000099337
KCNK7	HGNC:6282	10089	ENSG00000173338
KCNK10	HGNC:6273	54207	ENSG00000100433
KCNK12	HGNC:6274	56660	ENSG00000184261
KCNK13	HGNC:6275	56659	ENSG00000152315
KCNK15	HGNC:13814	60598	ENSG00000124249
KCNK16	HGNC:14464	83795	ENSG00000095981
KCNK17	HGNC:14465	89822	ENSG00000124780
KCNMB2	HGNC:6286	10242	ENSG00000197584
KCNMB3	HGNC:6287	27094	ENSG00000171121
KCNMB4	HGNC:6289	27345	ENSG00000135643
KCNN1	HGNC:6290	3780	ENSG00000105642
KCNRG	HGNC:18893	283518	ENSG00000198553
KCNS1	HGNC:6300	3787	ENSG00000124134
KCNS2	HGNC:6301	3788	ENSG00000156486
KCNS3	HGNC:6302	3790	ENSG00000170745
KCNV1	HGNC:18861	27012	ENSG00000164794
KCP	HGNC:17585	375616	ENSG00000135253
KCTD2	HGNC:21294	23510	ENSG00000180901
KCTD3	HGNC:21305	51133	ENSG00000136636
KCTD4	HGNC:23227	386618	ENSG00000180332
KCTD5	HGNC:21423	54442	ENSG00000167977
KCTD6	HGNC:22235	200845	ENSG00000168301
KCTD8	HGNC:22394	386617	ENSG00000183783
KCTD9	HGNC:22401	54793	ENSG00000104756
KCTD10	HGNC:23236	83892	ENSG00000110906
KCTD11	HGNC:21302	147040	ENSG00000213859
KCTD12	HGNC:14678	115207	ENSG00000178695
KCTD13	HGNC:22234	253980	ENSG00000174943
KCTD14	HGNC:23295	65987	ENSG00000151364
KCTD15	HGNC:23297	79047	ENSG00000153885
KCTD16	HGNC:29244	57528	ENSG00000183775
KCTD18	HGNC:26446	130535	ENSG00000155729
KCTD19	HGNC:24753	146212	ENSG00000168676
KCTD20	HGNC:21052	222658	ENSG00000112078
KCTD21	HGNC:27452	283219	ENSG00000188997
KDELR1	HGNC:6304	10945	ENSG00000105438
KDELR3	HGNC:6306	11015	ENSG00000100196
KDM1B	HGNC:21577	221656	ENSG00000165097
KDM2A	HGNC:13606	22992	ENSG00000173120
KDM3A	HGNC:20815	55818	ENSG00000115548
KDM4A	HGNC:22978	9682	ENSG00000066135
KDM4C	HGNC:17071	23081	ENSG00000107077
KDM4D	HGNC:25498	55693	ENSG00000186280
KDM4E	HGNC:37098	390245	ENSG00000235268
KDM4F	HGNC:52413	100129053	ENSG00000255855
KDM7A	HGNC:22224	80853	ENSG00000006459
KDM8	HGNC:25840	79831	ENSG00000155666
KGD4	HGNC:16631	92259	ENSG00000134056
KHDC1	HGNC:21366	80759	ENSG00000135314
KHDC1L	HGNC:37274	100129128	ENSG00000256980
KHDC4	HGNC:29145	22889	ENSG00000132680
KHDRBS1	HGNC:18116	10657	ENSG00000121774
KHDRBS2	HGNC:18114	202559	ENSG00000112232
KHDRBS3	HGNC:18117	10656	ENSG00000131773
KHNYN	HGNC:20166	23351	ENSG00000100441
KHSRP	HGNC:6316	8570	ENSG00000088247
KIAA0040	HGNC:28950	9674	ENSG00000235750
KIAA0232	HGNC:28992	9778	ENSG00000170871
KIAA0319	HGNC:21580	9856	ENSG00000137261
KIAA0408	HGNC:21636	9729	ENSG00000189367
KIAA0513	HGNC:29058	9764	ENSG00000135709
KIAA0930	HGNC:1314	23313	ENSG00000100364
KIAA1143	HGNC:29198	57456	ENSG00000163807
KIAA1191	HGNC:29209	57179	ENSG00000122203
KIAA1210	HGNC:29218	57481	ENSG00000250423
KIAA1217	HGNC:25428	56243	ENSG00000120549
KIAA1328	HGNC:29248	57536	ENSG00000150477
KIAA1549L	HGNC:24836	25758	ENSG00000110427
KIAA1586	HGNC:21360	57691	ENSG00000168116
KIAA1614	HGNC:29327	57710	ENSG00000135835
KIAA1671	HGNC:29345	85379	ENSG00000197077
KIAA1755	HGNC:29372	85449	ENSG00000149633
KIAA1958	HGNC:23427	158405	ENSG00000165185
KIAA2012	HGNC:51250	100652824	ENSG00000182329
KIAA2013	HGNC:28513	90231	ENSG00000116685
KIF2B	HGNC:29443	84643	ENSG00000141200
KIF2C	HGNC:6393	11004	ENSG00000142945
KIF3A	HGNC:6319	11127	ENSG00000131437
KIF3C	HGNC:6321	3797	ENSG00000084731
KIF4B	HGNC:6322	285643	ENSG00000226650
KIF5B	HGNC:6324	3799	ENSG00000170759
KIF6	HGNC:21202	221458	ENSG00000164627
KIF9	HGNC:16666	64147	ENSG00000088727
KIF13A	HGNC:14566	63971	ENSG00000137177
KIF13B	HGNC:14405	23303	ENSG00000197892
KIF16B	HGNC:15869	55614	ENSG00000089177
KIF17	HGNC:19167	57576	ENSG00000117245
KIF18A	HGNC:29441	81930	ENSG00000121621
KIF18B	HGNC:27102	146909	ENSG00000186185
KIF19	HGNC:26735	124602	ENSG00000196169
KIF20B	HGNC:7212	9585	ENSG00000138182
KIF21B	HGNC:29442	23046	ENSG00000116852
KIF24	HGNC:19916	347240	ENSG00000186638
KIF25	HGNC:6390	3834	ENSG00000125337
KIF26B	HGNC:25484	55083	ENSG00000162849
KIF27	HGNC:18632	55582	ENSG00000165115
KIFAP3	HGNC:17060	22920	ENSG00000075945
KIFC1	HGNC:6389	3833	ENSG00000237649
KIFC2	HGNC:29530	90990	ENSG00000167702
KIFC3	HGNC:6326	3801	ENSG00000140859
KIN	HGNC:6327	22944	ENSG00000151657
KIR2DL1	HGNC:6329	3802	ENSG00000125498
KIR2DL2	HGNC:6330	3803	
KIR2DL3	HGNC:6331	3804	ENSG00000243772
KIR2DL4	HGNC:6332	3805	ENSG00000189013
KIR2DL5A	HGNC:16345	57292	ENSG00000274143
KIR2DL5B	HGNC:16346	553128	
KIR2DS1	HGNC:6333	3806	ENSG00000276387
KIR2DS2	HGNC:6334	100132285	
KIR2DS3	HGNC:6335	3808	
KIR2DS4	HGNC:6336	3809	ENSG00000221957
KIR2DS5	HGNC:6337	3810	
KIR3DL1	HGNC:6338	3811	ENSG00000167633
KIR3DL2	HGNC:6339	3812	ENSG00000240403
KIR3DL3	HGNC:16312	115653	ENSG00000242019
KIR3DS1	HGNC:6340	3813	ENSG00000275434
KIRREL2	HGNC:18816	84063	ENSG00000126259
KLB	HGNC:15527	152831	ENSG00000134962
KLC1	HGNC:6387	3831	ENSG00000126214
KLC3	HGNC:20717	147700	ENSG00000104892
KLF3	HGNC:16516	51274	ENSG00000109787
KLF4	HGNC:6348	9314	ENSG00000136826
KLF5	HGNC:6349	688	ENSG00000102554
KLF7	HGNC:6350	8609	ENSG00000118263
KLF8	HGNC:6351	11279	ENSG00000102349
KLF9	HGNC:1123	687	ENSG00000119138
KLF12	HGNC:6346	11278	ENSG00000118922
KLF14	HGNC:23025	136259	ENSG00000266265
KLF15	HGNC:14536	28999	ENSG00000163884
KLF16	HGNC:16857	83855	ENSG00000129911
KLF17	HGNC:18830	128209	ENSG00000171872
KLF18	HGNC:51793	105378952	ENSG00000283039
KLHDC1	HGNC:19836	122773	ENSG00000197776
KLHDC2	HGNC:20231	23588	ENSG00000165516
KLHDC3	HGNC:20704	116138	ENSG00000124702
KLHDC4	HGNC:25272	54758	ENSG00000104731
KLHDC7A	HGNC:26791	127707	ENSG00000179023
KLHDC7B	HGNC:25145	113730	ENSG00000130487
KLHDC8A	HGNC:25573	55220	ENSG00000162873
KLHDC9	HGNC:28489	126823	ENSG00000162755
KLHDC10	HGNC:22194	23008	ENSG00000128607
KLHL1	HGNC:6352	57626	ENSG00000150361
KLHL2	HGNC:6353	11275	ENSG00000109466
KLHL4	HGNC:6355	56062	ENSG00000102271
KLHL5	HGNC:6356	51088	ENSG00000109790
KLHL6	HGNC:18653	89857	ENSG00000172578
KLHL8	HGNC:18644	57563	ENSG00000145332
KLHL11	HGNC:19008	55175	ENSG00000178502
KLHL12	HGNC:19360	59349	ENSG00000117153
KLHL13	HGNC:22931	90293	ENSG00000003096
KLHL14	HGNC:29266	57565	ENSG00000197705
KLHL17	HGNC:24023	339451	ENSG00000187961
KLHL18	HGNC:29120	23276	ENSG00000114648
KLHL21	HGNC:29041	9903	ENSG00000162413
KLHL22	HGNC:25888	84861	ENSG00000099910
KLHL23	HGNC:27506	151230	ENSG00000213160
KLHL25	HGNC:25732	64410	ENSG00000183655
KLHL26	HGNC:25623	55295	ENSG00000167487
KLHL28	HGNC:19741	54813	ENSG00000179454
KLHL29	HGNC:29404	114818	ENSG00000119771
KLHL30	HGNC:24770	377007	ENSG00000168427
KLHL31	HGNC:21353	401265	ENSG00000124743
KLHL32	HGNC:21221	114792	ENSG00000186231
KLHL33	HGNC:31952	123103	ENSG00000185271
KLHL34	HGNC:26634	257240	ENSG00000185915
KLHL35	HGNC:26597	283212	ENSG00000149243
KLHL36	HGNC:17844	79786	ENSG00000135686
KLHL38	HGNC:34435	340359	ENSG00000175946
KLHL42	HGNC:29252	57542	ENSG00000087448
KLK2	HGNC:6363	3817	ENSG00000167751
KLK3	HGNC:6364	354	ENSG00000142515
KLK5	HGNC:6366	25818	ENSG00000167754
KLK6	HGNC:6367	5653	ENSG00000167755
KLK7	HGNC:6368	5650	ENSG00000169035
KLK8	HGNC:6369	11202	ENSG00000129455
KLK9	HGNC:6370	284366	ENSG00000213022
KLK10	HGNC:6358	5655	ENSG00000129451
KLK12	HGNC:6360	43849	ENSG00000186474
KLK13	HGNC:6361	26085	ENSG00000167759
KLK14	HGNC:6362	43847	ENSG00000129437
KLK15	HGNC:20453	55554	ENSG00000174562
KLRB1	HGNC:6373	3820	ENSG00000111796
KLRC1	HGNC:6374	3821	ENSG00000134545
KLRC2	HGNC:6375	3822	ENSG00000205809
KLRC3	HGNC:6376	3823	ENSG00000205810
KLRD1	HGNC:6378	3824	ENSG00000134539
KLRF1	HGNC:13342	51348	ENSG00000150045
KLRF2	HGNC:37646	100431172	ENSG00000256797
KLRG1	HGNC:6380	10219	ENSG00000139187
KLRG2	HGNC:24778	346689	ENSG00000188883
KLRK1	HGNC:18788	22914	ENSG00000213809
KMT5A	HGNC:29489	387893	ENSG00000183955
KMT5C	HGNC:28405	84787	ENSG00000133247
KNCN	HGNC:26488	148930	ENSG00000162456
KNDC1	HGNC:29374	85442	ENSG00000171798
KNOP1	HGNC:34404	400506	ENSG00000103550
KNTC1	HGNC:17255	9735	ENSG00000184445
KPLCE	HGNC:29468	100129271	ENSG00000198854
KPNA1	HGNC:6394	3836	ENSG00000114030
KPNA2	HGNC:6395	3838	ENSG00000182481
KPNA4	HGNC:6397	3840	ENSG00000186432
KPNA5	HGNC:6398	3841	ENSG00000196911
KPNA6	HGNC:6399	23633	ENSG00000025800
KPNB1	HGNC:6400	3837	ENSG00000108424
KPRP	HGNC:31823	448834	ENSG00000203786
KRABD1	HGNC:38708	100506243	ENSG00000240747
KRABD2	HGNC:26989	124751	ENSG00000184619
KRABD3	HGNC:22228	84626	ENSG00000133619
KRABD4	HGNC:26007	55634	ENSG00000147121
KRABD5	HGNC:26987	124411	ENSG00000197302
KRCC1	HGNC:28039	51315	ENSG00000172086
KREMEN2	HGNC:18797	79412	ENSG00000131650
KRI1	HGNC:25769	65095	ENSG00000129347
KRR1	HGNC:5176	11103	ENSG00000111615
KRT7	HGNC:6445	3855	ENSG00000135480
KRT8	HGNC:6446	3856	ENSG00000170421
KRT15	HGNC:6421	3866	ENSG00000171346
KRT19	HGNC:6436	3880	ENSG00000171345
KRT20	HGNC:20412	54474	ENSG00000171431
KRT23	HGNC:6438	25984	ENSG00000108244
KRT24	HGNC:18527	192666	ENSG00000167916
KRT26	HGNC:30840	353288	ENSG00000186393
KRT27	HGNC:30841	342574	ENSG00000171446
KRT28	HGNC:30842	162605	ENSG00000173908
KRT31	HGNC:6448	3881	ENSG00000094796
KRT32	HGNC:6449	3882	ENSG00000108759
KRT33A	HGNC:6450	3883	ENSG00000006059
KRT33B	HGNC:6451	3884	ENSG00000131738
KRT34	HGNC:6452	3885	ENSG00000131737
KRT35	HGNC:6453	3886	ENSG00000197079
KRT36	HGNC:6454	8689	ENSG00000126337
KRT37	HGNC:6455	8688	ENSG00000108417
KRT38	HGNC:6456	8687	ENSG00000171360
KRT39	HGNC:32971	390792	ENSG00000196859
KRT40	HGNC:26707	125115	ENSG00000204889
KRT72	HGNC:28932	140807	ENSG00000170486
KRT73	HGNC:28928	319101	ENSG00000186049
KRT76	HGNC:24430	51350	ENSG00000185069
KRT77	HGNC:20411	374454	ENSG00000189182
KRT78	HGNC:28926	196374	ENSG00000170423
KRT79	HGNC:28930	338785	ENSG00000185640
KRT80	HGNC:27056	144501	ENSG00000167767
KRT82	HGNC:6459	3888	ENSG00000161850
KRT84	HGNC:6461	3890	ENSG00000161849
KRT222	HGNC:28695	125113	ENSG00000213424
KRTAP1-1	HGNC:16772	81851	ENSG00000188581
KRTAP1-3	HGNC:16771	81850	ENSG00000221880
KRTAP1-4	HGNC:18904	728255	ENSG00000204887
KRTAP1-5	HGNC:16777	83895	ENSG00000221852
KRTAP2-1	HGNC:16775	81872	ENSG00000212725
KRTAP2-2	HGNC:18905	728279	ENSG00000214518
KRTAP2-3	HGNC:18906	730755	ENSG00000212724
KRTAP2-4	HGNC:18891	85294	ENSG00000213417
KRTAP3-1	HGNC:16778	83896	ENSG00000212901
KRTAP3-2	HGNC:16779	83897	ENSG00000212900
KRTAP3-3	HGNC:18890	85293	ENSG00000212899
KRTAP4-1	HGNC:18907	85285	ENSG00000198443
KRTAP4-2	HGNC:18900	85291	ENSG00000244537
KRTAP4-3	HGNC:18908	85290	ENSG00000196156
KRTAP4-4	HGNC:16928	84616	ENSG00000171396
KRTAP4-5	HGNC:18899	85289	ENSG00000198271
KRTAP4-6	HGNC:18909	81871	ENSG00000198090
KRTAP4-7	HGNC:18898	100132476	ENSG00000240871
KRTAP4-8	HGNC:17230	728224	ENSG00000204880
KRTAP4-9	HGNC:18910	100132386	ENSG00000212722
KRTAP4-11	HGNC:18911	653240	ENSG00000212721
KRTAP4-12	HGNC:16776	83755	ENSG00000213416
KRTAP4-16	HGNC:18921	85354	ENSG00000241241
KRTAP5-1	HGNC:23596	387264	ENSG00000205869
KRTAP5-2	HGNC:23597	440021	ENSG00000205867
KRTAP5-3	HGNC:23598	387266	ENSG00000196224
KRTAP5-4	HGNC:23599	387267	ENSG00000241598
KRTAP5-5	HGNC:23601	439915	ENSG00000185940
KRTAP5-6	HGNC:23600	440023	ENSG00000205864
KRTAP5-7	HGNC:23602	440050	ENSG00000244411
KRTAP5-8	HGNC:23603	57830	ENSG00000241233
KRTAP5-9	HGNC:23604	3846	ENSG00000254997
KRTAP5-10	HGNC:23605	387273	ENSG00000204572
KRTAP5-11	HGNC:23606	440051	ENSG00000204571
KRTAP6-1	HGNC:18931	337966	ENSG00000184724
KRTAP6-2	HGNC:18932	337967	ENSG00000186930
KRTAP6-3	HGNC:18933	337968	ENSG00000212938
KRTAP7-1	HGNC:18934	337878	ENSG00000274749
KRTAP8-1	HGNC:18935	337879	ENSG00000183640
KRTAP9-1	HGNC:18912	728318	ENSG00000240542
KRTAP9-2	HGNC:16926	83899	ENSG00000239886
KRTAP9-3	HGNC:16927	83900	ENSG00000204873
KRTAP9-4	HGNC:18902	85280	ENSG00000241595
KRTAP9-6	HGNC:18914	100507608	ENSG00000212659
KRTAP9-7	HGNC:18915	100505724	ENSG00000180386
KRTAP9-8	HGNC:17231	83901	ENSG00000187272
KRTAP9-9	HGNC:16773	81870	ENSG00000198083
KRTAP10-1	HGNC:22966	386677	ENSG00000215455
KRTAP10-2	HGNC:22967	386679	ENSG00000205445
KRTAP10-3	HGNC:22968	386682	ENSG00000212935
KRTAP10-4	HGNC:20521	386672	ENSG00000215454
KRTAP10-5	HGNC:22969	386680	ENSG00000241123
KRTAP10-6	HGNC:20523	386674	ENSG00000188155
KRTAP10-7	HGNC:22970	386675	ENSG00000272804
KRTAP10-8	HGNC:20525	386681	ENSG00000187766
KRTAP10-9	HGNC:22971	386676	ENSG00000221837
KRTAP10-10	HGNC:22972	353333	ENSG00000221859
KRTAP10-11	HGNC:20528	386678	ENSG00000243489
KRTAP10-12	HGNC:20533	386685	ENSG00000189169
KRTAP11-1	HGNC:18922	337880	ENSG00000182591
KRTAP12-1	HGNC:20529	353332	ENSG00000187175
KRTAP12-2	HGNC:20530	353323	ENSG00000221864
KRTAP12-3	HGNC:20531	386683	ENSG00000205439
KRTAP12-4	HGNC:20532	386684	ENSG00000212933
KRTAP13-1	HGNC:18924	140258	ENSG00000198390
KRTAP13-2	HGNC:18923	337959	ENSG00000182816
KRTAP13-3	HGNC:18925	337960	ENSG00000240432
KRTAP13-4	HGNC:18926	284827	ENSG00000186971
KRTAP15-1	HGNC:18927	254950	ENSG00000186970
KRTAP16-1	HGNC:18916	100505753	ENSG00000212657
KRTAP17-1	HGNC:18917	83902	ENSG00000186860
KRTAP19-1	HGNC:18936	337882	ENSG00000184351
KRTAP19-2	HGNC:18937	337969	ENSG00000186965
KRTAP19-3	HGNC:18938	337970	ENSG00000244025
KRTAP19-4	HGNC:18939	337971	ENSG00000186967
KRTAP19-5	HGNC:18940	337972	ENSG00000186977
KRTAP19-6	HGNC:18941	337973	ENSG00000186925
KRTAP19-7	HGNC:18942	337974	ENSG00000244362
KRTAP19-8	HGNC:33898	728299	ENSG00000206102
KRTAP20-1	HGNC:18943	337975	ENSG00000244624
KRTAP20-2	HGNC:18944	337976	ENSG00000184032
KRTAP20-3	HGNC:34001	337985	ENSG00000206104
KRTAP20-4	HGNC:34002	100151643	ENSG00000206105
KRTAP21-1	HGNC:18945	337977	ENSG00000187005
KRTAP21-2	HGNC:18946	337978	ENSG00000187026
KRTAP21-3	HGNC:34216	100288323	ENSG00000231068
KRTAP22-1	HGNC:18947	337979	ENSG00000186924
KRTAP22-2	HGNC:37091	100288287	ENSG00000206106
KRTAP23-1	HGNC:18928	337963	ENSG00000186980
KRTAP24-1	HGNC:33902	643803	ENSG00000188694
KRTAP25-1	HGNC:34003	100131902	ENSG00000232263
KRTAP26-1	HGNC:33760	388818	ENSG00000197683
KRTAP27-1	HGNC:33864	643812	ENSG00000206107
KRTAP29-1	HGNC:34211	100533177	ENSG00000212658
KRTCAP2	HGNC:28942	200185	ENSG00000163463
KRTCAP3	HGNC:28943	200634	ENSG00000157992
KRTDAP	HGNC:16313	388533	ENSG00000188508
KSR1	HGNC:6465	8844	ENSG00000141068
KSR2	HGNC:18610	283455	ENSG00000171435
KTI12	HGNC:25160	112970	ENSG00000198841
KTN1	HGNC:6467	3895	ENSG00000126777
KXD1	HGNC:28420	79036	ENSG00000105700
KYAT1	HGNC:1564	883	ENSG00000171097
KYAT3	HGNC:33238	56267	ENSG00000137944
L1TD1	HGNC:25595	54596	ENSG00000240563
L3HYPDH	HGNC:20488	112849	ENSG00000126790
L3MBTL1	HGNC:15905	26013	ENSG00000185513
L3MBTL2	HGNC:18594	83746	ENSG00000100395
L3MBTL3	HGNC:23035	84456	ENSG00000198945
L3MBTL4	HGNC:26677	91133	ENSG00000154655
LACRT	HGNC:16430	90070	ENSG00000135413
LACTB	HGNC:16468	114294	ENSG00000103642
LACTB2	HGNC:18512	51110	ENSG00000147592
LACTBL1	HGNC:35445	646262	ENSG00000215906
LAD1	HGNC:6472	3898	ENSG00000159166
LAG3	HGNC:6476	3902	ENSG00000089692
LAIR1	HGNC:6477	3903	ENSG00000167613
LAIR2	HGNC:6478	3904	ENSG00000167618
LALBA	HGNC:6480	3906	ENSG00000167531
LAMB4	HGNC:6491	22798	ENSG00000091128
LAMC1	HGNC:6492	3915	ENSG00000135862
LAMP1	HGNC:6499	3916	ENSG00000185896
LAMP3	HGNC:14582	27074	ENSG00000078081
LAMP5	HGNC:16097	24141	ENSG00000125869
LAMTOR1	HGNC:26068	55004	ENSG00000149357
LAMTOR3	HGNC:15606	8649	ENSG00000109270
LAMTOR4	HGNC:33772	389541	ENSG00000188186
LAMTOR5	HGNC:17955	10542	ENSG00000134248
LANCL1	HGNC:6508	10314	ENSG00000115365
LANCL2	HGNC:6509	55915	ENSG00000132434
LANCL3	HGNC:24767	347404	ENSG00000147036
LAP3	HGNC:18449	51056	ENSG00000002549
LAPTM4A	HGNC:6924	9741	ENSG00000068697
LAPTM4B	HGNC:13646	55353	ENSG00000104341
LAPTM5	HGNC:29612	7805	ENSG00000162511
LARGE2	HGNC:16522	120071	ENSG00000165905
LARP1	HGNC:29531	23367	ENSG00000155506
LARP1B	HGNC:24704	55132	ENSG00000138709
LARP4	HGNC:24320	113251	ENSG00000161813
LARP4B	HGNC:28987	23185	ENSG00000107929
LARP6	HGNC:24012	55323	ENSG00000166173
LASP1	HGNC:6513	3927	ENSG00000002834
LASP1NB	HGNC:44353	100505576	ENSG00000263874
LAT2	HGNC:12749	7462	ENSG00000086730
LATS1	HGNC:6514	9113	ENSG00000131023
LATS2	HGNC:6515	26524	ENSG00000150457
LAX1	HGNC:26005	54900	ENSG00000122188
LAYN	HGNC:29471	143903	ENSG00000204381
LBH	HGNC:29532	81606	ENSG00000213626
LBHD1	HGNC:28351	79081	ENSG00000162194
LBHD2	HGNC:52384	107984640	ENSG00000283071
LBP	HGNC:6517	3929	ENSG00000129988
LBX2	HGNC:15525	85474	ENSG00000179528
LCA5L	HGNC:1255	150082	ENSG00000157578
LCE1A	HGNC:29459	353131	ENSG00000186844
LCE1B	HGNC:16611	353132	ENSG00000196734
LCE1C	HGNC:29464	353133	ENSG00000197084
LCE1D	HGNC:29465	353134	ENSG00000172155
LCE1E	HGNC:29466	353135	ENSG00000186226
LCE1F	HGNC:29467	353137	ENSG00000240386
LCE2A	HGNC:29469	353139	ENSG00000187173
LCE2B	HGNC:16610	26239	ENSG00000159455
LCE2C	HGNC:29460	353140	ENSG00000187180
LCE2D	HGNC:16518	353141	ENSG00000187223
LCE3A	HGNC:29461	353142	ENSG00000185962
LCE3B	HGNC:29462	353143	ENSG00000187238
LCE3C	HGNC:16612	353144	ENSG00000244057
LCE3D	HGNC:16615	84648	ENSG00000163202
LCE3E	HGNC:29463	353145	ENSG00000185966
LCE4A	HGNC:16613	199834	ENSG00000187170
LCE5A	HGNC:16614	254910	ENSG00000186207
LCE6A	HGNC:31824	448835	ENSG00000235942
LCE7A	HGNC:55921	122526777	ENSG00000285946
LCLAT1	HGNC:26756	253558	ENSG00000172954
LCMT1	HGNC:17557	51451	ENSG00000205629
LCMT2	HGNC:17558	9836	ENSG00000168806
LCN1	HGNC:6525	3933	ENSG00000160349
LCN2	HGNC:6526	3934	ENSG00000148346
LCN6	HGNC:17337	158062	ENSG00000267206
LCN8	HGNC:27038	138307	ENSG00000204001
LCN9	HGNC:17442	392399	ENSG00000148386
LCN10	HGNC:20892	414332	ENSG00000187922
LCN12	HGNC:28733	286256	ENSG00000184925
LCN15	HGNC:33777	389812	ENSG00000177984
LCNL1	HGNC:34436	401562	ENSG00000214402
LCOR	HGNC:29503	84458	ENSG00000196233
LCORL	HGNC:30776	254251	ENSG00000178177
LCP1	HGNC:6528	3936	ENSG00000136167
LCTL	HGNC:15583	197021	ENSG00000188501
LDAF1	HGNC:30136	57146	ENSG00000011638
LDAH	HGNC:26145	60526	ENSG00000118961
LDB1	HGNC:6532	8861	ENSG00000198728
LDB2	HGNC:6533	9079	ENSG00000169744
LDHAL6A	HGNC:28335	160287	ENSG00000166800
LDHAL6B	HGNC:21481	92483	ENSG00000171989
LDHC	HGNC:6544	3948	ENSG00000166796
LDLRAD1	HGNC:32069	388633	ENSG00000203985
LDLRAD2	HGNC:32071	401944	ENSG00000187942
LDLRAD3	HGNC:27046	143458	ENSG00000179241
LDLRAD4	HGNC:1224	753	ENSG00000168675
LDOC1	HGNC:6548	23641	ENSG00000182195
LEAP2	HGNC:29571	116842	ENSG00000164406
LECT2	HGNC:6550	3950	ENSG00000145826
LEFTY1	HGNC:6552	10637	ENSG00000243709
LEKR1	HGNC:33765	389170	ENSG00000197980
LELP1	HGNC:32046	149018	ENSG00000203784
LEMD1	HGNC:18725	93273	ENSG00000186007
LENEP	HGNC:14429	55891	ENSG00000163352
LENG1	HGNC:15502	79165	ENSG00000105617
LENG8	HGNC:15500	114823	ENSG00000167615
LENG9	HGNC:16306	94059	ENSG00000275183
LEO1	HGNC:30401	123169	ENSG00000166477
LEPROT	HGNC:29477	54741	ENSG00000213625
LEPROTL1	HGNC:6555	23484	ENSG00000104660
LETM2	HGNC:14648	137994	ENSG00000165046
LETMD1	HGNC:24241	25875	ENSG00000050426
LEUTX	HGNC:31953	342900	ENSG00000213921
LGALS1	HGNC:6561	3956	ENSG00000100097
LGALS3	HGNC:6563	3958	ENSG00000131981
LGALS3BP	HGNC:6564	3959	ENSG00000108679
LGALS4	HGNC:6565	3960	ENSG00000171747
LGALS7	HGNC:6568	3963	ENSG00000205076
LGALS7B	HGNC:34447	653499	ENSG00000178934
LGALS8	HGNC:6569	3964	ENSG00000116977
LGALS9	HGNC:6570	3965	ENSG00000168961
LGALS9B	HGNC:24842	284194	ENSG00000170298
LGALS9C	HGNC:33874	654346	ENSG00000171916
LGALS12	HGNC:15788	85329	ENSG00000133317
LGALS13	HGNC:15449	29124	ENSG00000105198
LGALS14	HGNC:30054	56891	ENSG00000006659
LGALS16	HGNC:40039	148003	ENSG00000249861
LGI2	HGNC:18710	55203	ENSG00000153012
LGMN	HGNC:9472	5641	ENSG00000100600
LGR5	HGNC:4504	8549	ENSG00000139292
LGR6	HGNC:19719	59352	ENSG00000133067
LGSN	HGNC:21016	51557	ENSG00000146166
LHFPL1	HGNC:6587	340596	ENSG00000182508
LHFPL2	HGNC:6588	10184	ENSG00000145685
LHFPL3	HGNC:6589	375612	ENSG00000187416
LHFPL4	HGNC:29568	375323	ENSG00000156959
LHFPL6	HGNC:6586	10186	ENSG00000183722
LHFPL7	HGNC:33725	255349	ENSG00000206069
LHPP	HGNC:30042	64077	ENSG00000107902
LHX5	HGNC:14216	64211	ENSG00000089116
LHX6	HGNC:21735	26468	ENSG00000106852
LHX8	HGNC:28838	431707	ENSG00000162624
LHX9	HGNC:14222	56956	ENSG00000143355
LIAT1	HGNC:33800	400566	ENSG00000187624
LIF	HGNC:6596	3976	ENSG00000128342
LILRA1	HGNC:6602	11024	ENSG00000104974
LILRA2	HGNC:6603	11027	ENSG00000239998
LILRA3	HGNC:6604	11026	ENSG00000276175
LILRA4	HGNC:15503	23547	ENSG00000239961
LILRA5	HGNC:16309	353514	ENSG00000187116
LILRA6	HGNC:15495	79168	ENSG00000244482
LILRB1	HGNC:6605	10859	ENSG00000104972
LILRB2	HGNC:6606	10288	ENSG00000131042
LILRB3	HGNC:6607	11025	ENSG00000204577
LILRB4	HGNC:6608	11006	ENSG00000186818
LILRB5	HGNC:6609	10990	ENSG00000105609
LIMCH1	HGNC:29191	22998	ENSG00000064042
LIMD1	HGNC:6612	8994	ENSG00000144791
LIMD2	HGNC:28142	80774	ENSG00000136490
LIME1	HGNC:26016	54923	ENSG00000203896
LIMK2	HGNC:6614	3985	ENSG00000182541
LIMS1	HGNC:6616	3987	ENSG00000169756
LIMS3	HGNC:30047	96626	ENSG00000256977
LIMS4	HGNC:39941	100288695	ENSG00000256671
LIN7A	HGNC:17787	8825	ENSG00000111052
LIN7B	HGNC:17788	64130	ENSG00000104863
LIN7C	HGNC:17789	55327	ENSG00000148943
LIN9	HGNC:30830	286826	ENSG00000183814
LIN28A	HGNC:15986	79727	ENSG00000131914
LIN37	HGNC:33234	55957	ENSG00000267796
LIN52	HGNC:19856	91750	ENSG00000205659
LIN54	HGNC:25397	132660	ENSG00000189308
LINGO2	HGNC:21207	158038	ENSG00000174482
LINGO3	HGNC:21206	645191	ENSG00000220008
LINGO4	HGNC:31814	339398	ENSG00000213171
LIPF	HGNC:6622	8513	ENSG00000182333
LIPG	HGNC:6623	9388	ENSG00000101670
LIPJ	HGNC:21773	142910	ENSG00000204022
LIPK	HGNC:23444	643414	ENSG00000204021
LIPM	HGNC:23455	340654	ENSG00000173239
LITAFD	HGNC:53927	101929989	ENSG00000283516
LIX1	HGNC:18581	167410	ENSG00000145721
LIX1L	HGNC:28715	128077	ENSG00000271601
LKAAEAR1	HGNC:33718	198437	ENSG00000171695
LLGL1	HGNC:6628	3996	ENSG00000131899
LLGL2	HGNC:6629	3993	ENSG00000073350
LLPH	HGNC:28229	84298	ENSG00000139233
LMAN1L	HGNC:6632	79748	ENSG00000140506
LMAN2	HGNC:16986	10960	ENSG00000169223
LMBR1L	HGNC:18268	55716	ENSG00000139636
LMCD1	HGNC:6633	29995	ENSG00000071282
LMF2	HGNC:25096	91289	ENSG00000100258
LMLN	HGNC:15991	89782	ENSG00000185621
LMNTD1	HGNC:26683	160492	ENSG00000152936
LMNTD2	HGNC:28561	256329	ENSG00000185522
LMO2	HGNC:6642	4005	ENSG00000135363
LMO3	HGNC:6643	55885	ENSG00000048540
LMO4	HGNC:6644	8543	ENSG00000143013
LMO7	HGNC:6646	4008	ENSG00000136153
LMTK2	HGNC:17880	22853	ENSG00000164715
LMTK3	HGNC:19295	114783	ENSG00000142235
LNP1	HGNC:28014	348801	ENSG00000206535
LNPEP	HGNC:6656	4012	ENSG00000113441
LNX1	HGNC:6657	84708	ENSG00000072201
LNX2	HGNC:20421	222484	ENSG00000139517
LONP2	HGNC:20598	83752	ENSG00000102910
LONRF1	HGNC:26302	91694	ENSG00000154359
LONRF2	HGNC:24788	164832	ENSG00000170500
LONRF3	HGNC:21152	79836	ENSG00000175556
LOXL2	HGNC:6666	4017	ENSG00000134013
LOXL4	HGNC:17171	84171	ENSG00000138131
LPAR1	HGNC:3166	1902	ENSG00000198121
LPAR2	HGNC:3168	9170	ENSG00000064547
LPAR3	HGNC:14298	23566	ENSG00000171517
LPAR5	HGNC:13307	57121	ENSG00000184574
LPCAT1	HGNC:25718	79888	ENSG00000153395
LPCAT2	HGNC:26032	54947	ENSG00000087253
LPCAT3	HGNC:30244	10162	ENSG00000111684
LPCAT4	HGNC:30059	254531	ENSG00000176454
LPGAT1	HGNC:28985	9926	ENSG00000123684
LPIN3	HGNC:14451	64900	ENSG00000132793
LPO	HGNC:6678	4025	ENSG00000167419
LPXN	HGNC:14061	9404	ENSG00000110031
LRATD1	HGNC:20743	151354	ENSG00000162981
LRATD2	HGNC:24166	157638	ENSG00000168672
LRCH1	HGNC:20309	23143	ENSG00000136141
LRCH2	HGNC:29292	57631	ENSG00000130224
LRCH3	HGNC:28637	84859	ENSG00000186001
LRCH4	HGNC:6691	4034	ENSG00000077454
LRCOL1	HGNC:44160	100507055	ENSG00000204583
LRFN1	HGNC:29290	57622	ENSG00000128011
LRFN2	HGNC:21226	57497	ENSG00000156564
LRFN3	HGNC:28370	79414	ENSG00000126243
LRFN4	HGNC:28456	78999	ENSG00000173621
LRFN5	HGNC:20360	145581	ENSG00000165379
LRG1	HGNC:29480	116844	ENSG00000171236
LRGUK	HGNC:21964	136332	ENSG00000155530
LRIG1	HGNC:17360	26018	ENSG00000144749
LRIG3	HGNC:30991	121227	ENSG00000139263
LRIT1	HGNC:23404	26103	ENSG00000148602
LRIT2	HGNC:23443	340745	ENSG00000204033
LRP1B	HGNC:6693	53353	ENSG00000168702
LRP2BP	HGNC:25434	55805	ENSG00000109771
LRP3	HGNC:6695	4037	ENSG00000130881
LRP10	HGNC:14553	26020	ENSG00000197324
LRP11	HGNC:16936	84918	ENSG00000120256
LRR1	HGNC:19742	122769	ENSG00000165501
LRRC1	HGNC:14307	55227	ENSG00000137269
LRRC2	HGNC:14676	79442	ENSG00000163827
LRRC3	HGNC:14965	81543	ENSG00000160233
LRRC3B	HGNC:28105	116135	ENSG00000179796
LRRC3C	HGNC:40034	100505591	ENSG00000204913
LRRC4	HGNC:15586	64101	ENSG00000128594
LRRC4B	HGNC:25042	94030	ENSG00000131409
LRRC4C	HGNC:29317	57689	ENSG00000148948
LRRC8B	HGNC:30692	23507	ENSG00000197147
LRRC8D	HGNC:16992	55144	ENSG00000171492
LRRC8E	HGNC:26272	80131	ENSG00000171017
LRRC9	HGNC:19848	341883	ENSG00000131951
LRRC10B	HGNC:37215	390205	ENSG00000204950
LRRC14	HGNC:20419	9684	ENSG00000160959
LRRC14B	HGNC:37268	389257	ENSG00000185028
LRRC15	HGNC:20818	131578	ENSG00000172061
LRRC17	HGNC:16895	10234	ENSG00000128606
LRRC18	HGNC:23199	474354	ENSG00000165383
LRRC19	HGNC:23379	64922	ENSG00000184434
LRRC20	HGNC:23421	55222	ENSG00000172731
LRRC24	HGNC:28947	441381	ENSG00000254402
LRRC25	HGNC:29806	126364	ENSG00000175489
LRRC26	HGNC:31409	389816	ENSG00000184709
LRRC27	HGNC:29346	80313	ENSG00000148814
LRRC28	HGNC:28355	123355	ENSG00000168904
LRRC30	HGNC:30219	339291	ENSG00000206422
LRRC31	HGNC:26261	79782	ENSG00000114248
LRRC34	HGNC:28408	151827	ENSG00000171757
LRRC36	HGNC:25615	55282	ENSG00000159708
LRRC37A	HGNC:29069	9884	ENSG00000176681
LRRC37A2	HGNC:32404	474170	ENSG00000238083
LRRC37A3	HGNC:32427	374819	ENSG00000176809
LRRC37B	HGNC:29070	114659	ENSG00000185158
LRRC38	HGNC:27005	126755	ENSG00000162494
LRRC39	HGNC:28228	127495	ENSG00000122477
LRRC40	HGNC:26004	55631	ENSG00000066557
LRRC41	HGNC:16917	10489	ENSG00000132128
LRRC42	HGNC:28792	115353	ENSG00000116212
LRRC43	HGNC:28562	254050	ENSG00000158113
LRRC45	HGNC:28302	201255	ENSG00000169683
LRRC46	HGNC:25047	90506	ENSG00000141294
LRRC47	HGNC:29207	57470	ENSG00000130764
LRRC49	HGNC:25965	54839	ENSG00000137821
LRRC51	HGNC:55526	120356739	ENSG00000184154
LRRC52	HGNC:32156	440699	ENSG00000162763
LRRC53	HGNC:25255	105378803	ENSG00000162621
LRRC55	HGNC:32324	219527	ENSG00000183908
LRRC57	HGNC:26719	255252	ENSG00000180979
LRRC58	HGNC:26968	116064	ENSG00000163428
LRRC59	HGNC:28817	55379	ENSG00000108829
LRRC61	HGNC:21704	65999	ENSG00000127399
LRRC63	HGNC:34296	220416	ENSG00000173988
LRRC66	HGNC:34299	339977	ENSG00000188993
LRRC69	HGNC:34303	100130742	ENSG00000214954
LRRC70	HGNC:35155	100130733	ENSG00000186105
LRRC71	HGNC:26556	149499	ENSG00000160838
LRRC72	HGNC:42972	100506049	ENSG00000205858
LRRC73	HGNC:21375	221424	ENSG00000204052
LRRC74A	HGNC:23346	145497	ENSG00000100565
LRRC74B	HGNC:34301	400891	ENSG00000187905
LRRC75A	HGNC:32403	388341	ENSG00000181350
LRRC75B	HGNC:33155	388886	ENSG00000178026
LRRCC1	HGNC:29373	85444	ENSG00000133739
LRRD1	HGNC:34300	401387	ENSG00000240720
LRRFIP1	HGNC:6702	9208	ENSG00000124831
LRRFIP2	HGNC:6703	9209	ENSG00000093167
LRRIQ1	HGNC:25708	84125	ENSG00000133640
LRRIQ3	HGNC:28318	127255	ENSG00000162620
LRRIQ4	HGNC:34298	344657	ENSG00000188306
LRRN1	HGNC:20980	57633	ENSG00000175928
LRRN2	HGNC:16914	10446	ENSG00000170382
LRRN3	HGNC:17200	54674	ENSG00000173114
LRRN4	HGNC:16208	164312	ENSG00000125872
LRRN4CL	HGNC:33724	221091	ENSG00000177363
LRRTM1	HGNC:19408	347730	ENSG00000162951
LRRTM2	HGNC:19409	26045	ENSG00000146006
LRRTM3	HGNC:19410	347731	ENSG00000198739
LRRTM4	HGNC:19411	80059	ENSG00000176204
LRTM1	HGNC:25023	57408	ENSG00000144771
LRTM2	HGNC:32443	654429	ENSG00000166159
LRTM3	HGNC:26851	643677	ENSG00000175820
LRWD1	HGNC:21769	222229	ENSG00000161036
LSAMP	HGNC:6705	4045	ENSG00000185565
LSG1	HGNC:25652	55341	ENSG00000041802
LSM2	HGNC:13940	57819	ENSG00000204392
LSM3	HGNC:17874	27258	ENSG00000170860
LSM4	HGNC:17259	25804	ENSG00000130520
LSM5	HGNC:17162	23658	ENSG00000106355
LSM6	HGNC:17017	11157	ENSG00000164167
LSM8	HGNC:20471	51691	ENSG00000128534
LSM10	HGNC:17562	84967	ENSG00000181817
LSM12	HGNC:26407	124801	ENSG00000161654
LSM14A	HGNC:24489	26065	ENSG00000257103
LSM14B	HGNC:15887	149986	ENSG00000149657
LSMEM1	HGNC:22036	286006	ENSG00000181016
LSMEM2	HGNC:26781	132228	ENSG00000179564
LSP1	HGNC:6707	4046	ENSG00000130592
ALPG	HGNC:441	251	ENSG00000163286
ALPK2	HGNC:20565	115701	ENSG00000198796
ALPP	HGNC:439	250	ENSG00000163283
ALS2CL	HGNC:20605	259173	ENSG00000178038
ALYREF	HGNC:19071	10189	ENSG00000183684
AMBP	HGNC:453	259	ENSG00000106927
AMBRA1	HGNC:25990	55626	ENSG00000110497
AMD1	HGNC:457	262	ENSG00000123505
AMDHD1	HGNC:28577	144193	ENSG00000139344
AMDHD2	HGNC:24262	51005	ENSG00000162066
AMELY	HGNC:462	266	ENSG00000099721
AMER2	HGNC:26360	219287	ENSG00000165566
AMER3	HGNC:26771	205147	ENSG00000178171
AMIGO1	HGNC:20824	57463	ENSG00000181754
AMIGO2	HGNC:24073	347902	ENSG00000139211
AMIGO3	HGNC:24075	386724	ENSG00000176020
AMMECR1L	HGNC:28658	83607	ENSG00000144233
AMN1	HGNC:27281	196394	ENSG00000151743
AMOT	HGNC:17810	154796	ENSG00000126016
AMOTL2	HGNC:17812	51421	ENSG00000114019
AMPH	HGNC:471	273	ENSG00000078053
AMY1A	HGNC:474	276	ENSG00000237763
AMY1B	HGNC:475	277	ENSG00000174876
AMY1C	HGNC:476	278	ENSG00000187733
AMY2A	HGNC:477	279	ENSG00000243480
AMY2B	HGNC:478	280	ENSG00000240038
AMZ1	HGNC:22231	155185	ENSG00000174945
AMZ2	HGNC:28041	51321	ENSG00000196704
ANAPC2	HGNC:19989	29882	ENSG00000176248
ANAPC4	HGNC:19990	29945	ENSG00000053900
ANAPC5	HGNC:15713	51433	ENSG00000089053
ANAPC10	HGNC:24077	10393	ENSG00000164162
ANAPC11	HGNC:14452	51529	ENSG00000141552
ANAPC13	HGNC:24540	25847	ENSG00000129055
ANAPC15	HGNC:24531	25906	ENSG00000110200
ANAPC16	HGNC:26976	119504	ENSG00000166295
ANGEL1	HGNC:19961	23357	ENSG00000013523
ANGEL2	HGNC:30534	90806	ENSG00000174606
ANGPT4	HGNC:487	51378	ENSG00000101280
ANGPTL1	HGNC:489	9068	ENSG00000116194
ANGPTL2	HGNC:490	23452	ENSG00000136859
ANGPTL5	HGNC:19705	253935	ENSG00000187151
ANGPTL7	HGNC:24078	10218	ENSG00000171819
ANGPTL8	HGNC:24933	55908	ENSG00000130173
ANHX	HGNC:40024	647589	ENSG00000227059
ANKAR	HGNC:26350	150709	ENSG00000151687
ANKDD1A	HGNC:28002	348094	ENSG00000166839
ANKDD1B	HGNC:32525	728780	ENSG00000189045
ANKEF1	HGNC:15803	63926	ENSG00000132623
ANKFN1	HGNC:26766	162282	ENSG00000153930
ANKHD1	HGNC:24714	54882	ENSG00000131503
ANKIB1	HGNC:22215	54467	ENSG00000001629
ANKLE1	HGNC:26812	126549	ENSG00000160117
ANKMY1	HGNC:20987	51281	ENSG00000144504
ANKMY2	HGNC:25370	57037	ENSG00000106524
ANKRA2	HGNC:13208	57763	ENSG00000164331
ANKRD2	HGNC:495	26287	ENSG00000165887
ANKRD6	HGNC:17280	22881	ENSG00000135299
ANKRD7	HGNC:18588	56311	ENSG00000106013
ANKRD9	HGNC:20096	122416	ENSG00000156381
ANKRD10	HGNC:20265	55608	ENSG00000088448
ANKRD12	HGNC:29135	23253	ENSG00000101745
ANKRD13A	HGNC:21268	88455	ENSG00000076513
ANKRD13B	HGNC:26363	124930	ENSG00000198720
ANKRD13C	HGNC:25374	81573	ENSG00000118454
ANKRD13D	HGNC:27880	338692	ENSG00000172932
ANKRD16	HGNC:23471	54522	ENSG00000134461
ANKRD18A	HGNC:23643	253650	ENSG00000180071
ANKRD18B	HGNC:23644	441459	ENSG00000230453
ANKRD20A1	HGNC:23665	84210	ENSG00000260691
ANKRD22	HGNC:28321	118932	ENSG00000152766
ANKRD23	HGNC:24470	200539	ENSG00000163126
ANKRD24	HGNC:29424	170961	ENSG00000089847
ANKRD27	HGNC:25310	84079	ENSG00000105186
ANKRD28	HGNC:29024	23243	ENSG00000206560
ANKRD29	HGNC:27110	147463	ENSG00000154065
ANKRD30A	HGNC:17234	91074	ENSG00000148513
ANKRD30B	HGNC:24165	374860	ENSG00000180777
ANKRD30BL	HGNC:35167	554226	ENSG00000163046
ANKRD31	HGNC:26853	256006	ENSG00000145700
ANKRD33	HGNC:13788	341405	ENSG00000167612
ANKRD33B	HGNC:35240	651746	ENSG00000164236
ANKRD34A	HGNC:27639	284615	ENSG00000272031
ANKRD34B	HGNC:33736	340120	ENSG00000189127
ANKRD34C	HGNC:33888	390616	ENSG00000235711
ANKRD35	HGNC:26323	148741	ENSG00000198483
ANKRD36	HGNC:24079	375248	ENSG00000135976
ANKRD36B	HGNC:29333	57730	ENSG00000196912
ANKRD36C	HGNC:32946	400986	ENSG00000174501
ANKRD37	HGNC:29593	353322	ENSG00000186352
ANKRD39	HGNC:28640	51239	ENSG00000213337
ANKRD40	HGNC:28233	91369	ENSG00000154945
ANKRD40CL	HGNC:26080	55018	ENSG00000167117
ANKRD42	HGNC:26752	338699	ENSG00000137494
ANKRD44	HGNC:25259	91526	ENSG00000065413
ANKRD45	HGNC:24786	339416	ENSG00000183831
ANKRD46	HGNC:27229	157567	ENSG00000186106
ANKRD49	HGNC:25970	54851	ENSG00000168876
ANKRD50	HGNC:29223	57182	ENSG00000151458
ANKRD52	HGNC:26614	283373	ENSG00000139645
ANKRD53	HGNC:25691	79998	ENSG00000144031
ANKRD54	HGNC:25185	129138	ENSG00000100124
ANKRD60	HGNC:16217	140731	ENSG00000124227
ANKRD61	HGNC:22467	100310846	ENSG00000157999
ANKRD62	HGNC:35241	342850	ENSG00000181626
ANKRD63	HGNC:40027	100131244	ENSG00000230778
ANKRD65	HGNC:42950	441869	ENSG00000235098
ANKRD66	HGNC:44669	100287718	ENSG00000230062
ANKS1A	HGNC:20961	23294	ENSG00000064999
ANKS1B	HGNC:24600	56899	ENSG00000185046
ANKS4B	HGNC:26795	257629	ENSG00000175311
ANKUB1	HGNC:29642	389161	ENSG00000206199
ANO2	HGNC:1183	57101	ENSG00000047617
ANO4	HGNC:23837	121601	ENSG00000151572
ANO7	HGNC:31677	50636	ENSG00000146205
ANO8	HGNC:29329	57719	ENSG00000074855
ANO9	HGNC:20679	338440	ENSG00000185101
ANP32A	HGNC:13233	8125	ENSG00000140350
ANP32B	HGNC:16677	10541	ENSG00000136938
ANP32D	HGNC:16676	23519	ENSG00000139223
ANP32E	HGNC:16673	81611	ENSG00000143401
ANPEP	HGNC:500	290	ENSG00000166825
ANTKMT	HGNC:14152	65990	ENSG00000103254
ANTXRL	HGNC:27277	195977	ENSG00000274209
ANXA1	HGNC:533	301	ENSG00000135046
ANXA2	HGNC:537	302	ENSG00000182718
ANXA2R	HGNC:33463	389289	ENSG00000177721
ANXA3	HGNC:541	306	ENSG00000138772
ANXA4	HGNC:542	307	ENSG00000196975
ANXA6	HGNC:544	309	ENSG00000197043
ANXA7	HGNC:545	310	ENSG00000138279
ANXA8	HGNC:546	653145	ENSG00000265190
ANXA8L1	HGNC:23334	728113	ENSG00000264230
ANXA9	HGNC:547	8416	ENSG00000143412
ANXA10	HGNC:534	11199	ENSG00000109511
ANXA13	HGNC:536	312	ENSG00000104537
AOAH	HGNC:548	313	ENSG00000136250
AOC1	HGNC:80	26	ENSG00000002726
AOC2	HGNC:549	314	ENSG00000131480
AOC3	HGNC:550	8639	ENSG00000131471
AOX1	HGNC:553	316	ENSG00000138356
AP1AR	HGNC:28808	55435	ENSG00000138660
AP1G2	HGNC:556	8906	ENSG00000213983
AP1M1	HGNC:13667	8907	ENSG00000072958
AP1M2	HGNC:558	10053	ENSG00000129354
AP2A1	HGNC:561	160	ENSG00000196961
AP2A2	HGNC:562	161	ENSG00000183020
AP2B1	HGNC:563	163	ENSG00000006125
AP3M1	HGNC:569	26985	ENSG00000185009
AP3M2	HGNC:570	10947	ENSG00000070718
AP3S1	HGNC:2013	1176	ENSG00000177879
AP3S2	HGNC:571	10239	ENSG00000157823
AP5B1	HGNC:25104	91056	ENSG00000254470
AP5M1	HGNC:20192	55745	ENSG00000053770
AP5S1	HGNC:15875	55317	ENSG00000125843
APAF1	HGNC:576	317	ENSG00000120868
APBA1	HGNC:578	320	ENSG00000107282
APBA2	HGNC:579	321	ENSG00000034053
APBA3	HGNC:580	9546	ENSG00000011132
APBB1	HGNC:581	322	ENSG00000166313
APBB1IP	HGNC:17379	54518	ENSG00000077420
APBB2	HGNC:582	323	ENSG00000163697
APBB3	HGNC:20708	10307	ENSG00000113108
APCDD1L	HGNC:26892	164284	ENSG00000198768
APCS	HGNC:584	325	ENSG00000132703
APEH	HGNC:586	327	ENSG00000164062
APELA	HGNC:48925	100506013	ENSG00000248329
APEX1	HGNC:587	328	ENSG00000100823
APEX2	HGNC:17889	27301	ENSG00000169188
APH1A	HGNC:29509	51107	ENSG00000117362
APH1B	HGNC:24080	83464	ENSG00000138613
API5	HGNC:594	8539	ENSG00000166181
APIP	HGNC:17581	51074	ENSG00000149089
APLF	HGNC:28724	200558	ENSG00000169621
APLN	HGNC:16665	8862	ENSG00000171388
APLNR	HGNC:339	187	ENSG00000134817
APLP1	HGNC:597	333	ENSG00000105290
APLP2	HGNC:598	334	ENSG00000084234
APMAP	HGNC:13238	57136	ENSG00000101474
APOBEC1	HGNC:604	339	ENSG00000111701
APOBEC2	HGNC:605	10930	ENSG00000124701
APOBEC3A	HGNC:17343	200315	ENSG00000128383
APOBEC3A_B	HGNC:44196	100913187	ENSG00000262156
APOBEC3B	HGNC:17352	9582	ENSG00000179750
APOBEC3C	HGNC:17353	27350	ENSG00000244509
APOBEC3D	HGNC:17354	140564	ENSG00000243811
APOBEC3F	HGNC:17356	200316	ENSG00000128394
APOBEC3G	HGNC:17357	60489	ENSG00000239713
APOBEC3H	HGNC:24100	164668	ENSG00000100298
APOBEC4	HGNC:32152	403314	ENSG00000173627
APOBR	HGNC:24087	55911	ENSG00000184730
APOC1	HGNC:607	341	ENSG00000130208
APOC4	HGNC:611	346	ENSG00000267467
APOD	HGNC:612	347	ENSG00000189058
APOF	HGNC:615	319	ENSG00000175336
APOH	HGNC:616	350	ENSG00000091583
APOL3	HGNC:14868	80833	ENSG00000128284
APOL4	HGNC:14867	80832	ENSG00000100336
APOL5	HGNC:14869	80831	ENSG00000128313
APOL6	HGNC:14870	80830	ENSG00000221963
APOLTP	HGNC:53879	400499	ENSG00000188897
APOM	HGNC:13916	55937	ENSG00000204444
APOO	HGNC:28727	79135	ENSG00000184831
APOOL	HGNC:24009	139322	ENSG00000155008
APPBP2	HGNC:622	10513	ENSG00000062725
APPL2	HGNC:18242	55198	ENSG00000136044
AQP6	HGNC:639	363	ENSG00000086159
AQP7B	HGNC:53895	100509620	ENSG00000259916
AQP8	HGNC:642	343	ENSG00000103375
AQP9	HGNC:643	366	ENSG00000103569
AQP10	HGNC:16029	89872	ENSG00000143595
AQP11	HGNC:19940	282679	ENSG00000178301
AQP12A	HGNC:19941	375318	ENSG00000184945
AQP12B	HGNC:6096	653437	ENSG00000185176
AQR	HGNC:29513	9716	ENSG00000021776
ARAF	HGNC:646	369	ENSG00000078061
ARAP1	HGNC:16925	116985	ENSG00000186635
ARAP2	HGNC:16924	116984	ENSG00000047365
ARAP3	HGNC:24097	64411	ENSG00000120318
ARB2A	HGNC:25365	83989	ENSG00000113391
ARC	HGNC:648	23237	ENSG00000198576
AREG	HGNC:651	374	ENSG00000109321
AREL1	HGNC:20363	9870	ENSG00000119682
ARF4	HGNC:655	378	ENSG00000168374
ARF5	HGNC:658	381	ENSG00000004059
ARF6	HGNC:659	382	ENSG00000165527
ARFGAP1	HGNC:15852	55738	ENSG00000101199
ARFGAP2	HGNC:13504	84364	ENSG00000149182
ARFGAP3	HGNC:661	26286	ENSG00000242247
ARFGEF3	HGNC:21213	57221	ENSG00000112379
ARFIP1	HGNC:21496	27236	ENSG00000164144
ARFIP2	HGNC:17160	23647	ENSG00000132254
ARFRP1	HGNC:662	10139	ENSG00000101246
ARG2	HGNC:664	384	ENSG00000081181
ARGFX	HGNC:30146	503582	ENSG00000186103
ARGLU1	HGNC:25482	55082	ENSG00000134884
ARHGAP1	HGNC:673	392	ENSG00000175220
ARHGAP4	HGNC:674	393	ENSG00000089820
ARHGAP5	HGNC:675	394	ENSG00000100852
ARHGAP6	HGNC:676	395	ENSG00000047648
ARHGAP8	HGNC:677	23779	ENSG00000241484
ARHGAP10	HGNC:26099	79658	ENSG00000071205
ARHGAP11A	HGNC:15783	9824	ENSG00000198826
ARHGAP11B	HGNC:15782	89839	ENSG00000285077
ARHGAP12	HGNC:16348	94134	ENSG00000165322
ARHGAP15	HGNC:21030	55843	ENSG00000075884
ARHGAP17	HGNC:18239	55114	ENSG00000140750
ARHGAP18	HGNC:21035	93663	ENSG00000146376
ARHGAP20	HGNC:18357	57569	ENSG00000137727
ARHGAP21	HGNC:23725	57584	ENSG00000107863
ARHGAP22	HGNC:30320	58504	ENSG00000128805
ARHGAP23	HGNC:29293	57636	ENSG00000275832
ARHGAP25	HGNC:28951	9938	ENSG00000163219
ARHGAP27	HGNC:31813	201176	ENSG00000159314
ARHGAP28	HGNC:25509	79822	ENSG00000088756
ARHGAP30	HGNC:27414	257106	ENSG00000186517
ARHGAP32	HGNC:17399	9743	ENSG00000134909
ARHGAP33	HGNC:23085	115703	ENSG00000004777
ARHGAP35	HGNC:4591	2909	ENSG00000160007
ARHGAP36	HGNC:26388	158763	ENSG00000147256
ARHGAP39	HGNC:29351	80728	ENSG00000147799
ARHGAP40	HGNC:16226	343578	ENSG00000124143
ARHGAP42	HGNC:26545	143872	ENSG00000165895
ARHGAP44	HGNC:29096	9912	ENSG00000006740
ARHGAP45	HGNC:17102	23526	ENSG00000180448
ARHGDIB	HGNC:679	397	ENSG00000111348
ARHGDIG	HGNC:680	398	ENSG00000242173
ARHGEF3	HGNC:683	50650	ENSG00000163947
ARHGEF4	HGNC:684	50649	ENSG00000136002
ARHGEF5	HGNC:13209	7984	ENSG00000050327
ARHGEF7	HGNC:15607	8874	ENSG00000102606
ARHGEF10L	HGNC:25540	55160	ENSG00000074964
ARHGEF11	HGNC:14580	9826	ENSG00000132694
ARHGEF12	HGNC:14193	23365	ENSG00000196914
ARHGEF16	HGNC:15515	27237	ENSG00000130762
ARHGEF17	HGNC:21726	9828	ENSG00000110237
ARHGEF19	HGNC:26604	128272	ENSG00000142632
ARHGEF25	HGNC:30275	115557	ENSG00000240771
ARHGEF26	HGNC:24490	26084	ENSG00000114790
ARHGEF33	HGNC:37252	100271715	ENSG00000214694
ARHGEF35	HGNC:33846	445328	ENSG00000213214
ARHGEF37	HGNC:34430	389337	ENSG00000183111
ARHGEF39	HGNC:25909	84904	ENSG00000137135
ARHGEF40	HGNC:25516	55701	ENSG00000165801
ARID3A	HGNC:3031	1820	ENSG00000116017
ARID3B	HGNC:14350	10620	ENSG00000179361
ARID3C	HGNC:21209	138715	ENSG00000205143
ARID4A	HGNC:9885	5926	ENSG00000032219
ARID4B	HGNC:15550	51742	ENSG00000054267
ARID5A	HGNC:17361	10865	ENSG00000196843
ARID5B	HGNC:17362	84159	ENSG00000150347
ARIH1	HGNC:689	25820	ENSG00000166233
ARIH2	HGNC:690	10425	ENSG00000177479
ARK2C	HGNC:31696	494470	ENSG00000141622
ARK2N	HGNC:28172	147339	ENSG00000152242
ARL1	HGNC:692	400	ENSG00000120805
ARL4A	HGNC:695	10124	ENSG00000122644
ARL4C	HGNC:698	10123	ENSG00000188042
ARL4D	HGNC:656	379	ENSG00000175906
ARL5A	HGNC:696	26225	ENSG00000162980
ARL5B	HGNC:23052	221079	ENSG00000165997
ARL5C	HGNC:31111	390790	ENSG00000141748
ARL6IP4	HGNC:18076	51329	ENSG00000182196
ARL6IP5	HGNC:16937	10550	ENSG00000144746
ARL8A	HGNC:25192	127829	ENSG00000143862
ARL8B	HGNC:25564	55207	ENSG00000134108
ARL9	HGNC:23592	132946	ENSG00000196503
ARL10	HGNC:22042	285598	ENSG00000175414
ARL13A	HGNC:31709	392509	ENSG00000174225
ARL14	HGNC:22974	80117	ENSG00000179674
ARL14EP	HGNC:26798	120534	ENSG00000152219
ARL14EPL	HGNC:44201	644100	ENSG00000268223
ARL15	HGNC:25945	54622	ENSG00000185305
ARL16	HGNC:27902	339231	ENSG00000214087
ARL17A	HGNC:24096	51326	ENSG00000185829
ARL17B	HGNC:32387	100506084	ENSG00000228696
ARLN	HGNC:19225	401152	ENSG00000164096
ARMC1	HGNC:17684	55156	ENSG00000104442
ARMC3	HGNC:30964	219681	ENSG00000165309
ARMC6	HGNC:25049	93436	ENSG00000105676
ARMC7	HGNC:26168	79637	ENSG00000125449
ARMC8	HGNC:24999	25852	ENSG00000114098
ARMC10	HGNC:21706	83787	ENSG00000170632
ARMCX1	HGNC:18073	51309	ENSG00000126947
ARMCX2	HGNC:16869	9823	ENSG00000184867
ARMCX3	HGNC:24065	51566	ENSG00000102401
ARMCX4	HGNC:28615	100131755	ENSG00000196440
ARMCX5	HGNC:25772	64860	ENSG00000125962
ARMCX6	HGNC:26094	54470	ENSG00000198960
ARMH1	HGNC:34345	339541	ENSG00000198520
ARMH2	HGNC:49394	101928603	ENSG00000260286
ARMH3	HGNC:25788	79591	ENSG00000120029
ARMH4	HGNC:19846	145407	ENSG00000139971
ARNT	HGNC:700	405	ENSG00000143437
ARPC1A	HGNC:703	10552	ENSG00000241685
ARPC2	HGNC:705	10109	ENSG00000163466
ARPC3	HGNC:706	10094	ENSG00000111229
ARPC5L	HGNC:23366	81873	ENSG00000136950
ARPIN	HGNC:28782	348110	ENSG00000242498
ARPP19	HGNC:16967	10776	ENSG00000128989
ARRB1	HGNC:711	408	ENSG00000137486
ARRB2	HGNC:712	409	ENSG00000141480
ARRDC1	HGNC:28633	92714	ENSG00000197070
ARRDC2	HGNC:25225	27106	ENSG00000105643
ARRDC3	HGNC:29263	57561	ENSG00000113369
ARRDC4	HGNC:28087	91947	ENSG00000140450
ARRDC5	HGNC:31407	645432	ENSG00000205784
ARSD	HGNC:717	414	ENSG00000006756
ARSF	HGNC:721	416	ENSG00000062096
ARSH	HGNC:32488	347527	ENSG00000205667
ARSJ	HGNC:26286	79642	ENSG00000180801
ART1	HGNC:723	417	ENSG00000129744
ART3	HGNC:725	419	ENSG00000156219
ART5	HGNC:24049	116969	ENSG00000167311
ARTN	HGNC:727	9048	ENSG00000117407
AS3MT	HGNC:17452	57412	ENSG00000214435
ASAH2	HGNC:18860	56624	ENSG00000188611
ASAH2B	HGNC:23456	653308	ENSG00000204147
ASAP1	HGNC:2720	50807	ENSG00000153317
ASAP2	HGNC:2721	8853	ENSG00000151693
ASAP3	HGNC:14987	55616	ENSG00000088280
ASB1	HGNC:16011	51665	ENSG00000065802
ASB2	HGNC:16012	51676	ENSG00000100628
ASB3	HGNC:16013	51130	ENSG00000115239
ASB4	HGNC:16009	51666	ENSG00000005981
ASB5	HGNC:17180	140458	ENSG00000164122
ASB6	HGNC:17181	140459	ENSG00000148331
ASB7	HGNC:17182	140460	ENSG00000183475
ASB8	HGNC:17183	140461	ENSG00000177981
ASB9	HGNC:17184	140462	ENSG00000102048
ASB11	HGNC:17186	140456	ENSG00000165192
ASB12	HGNC:19763	142689	ENSG00000198881
ASB13	HGNC:19765	79754	ENSG00000196372
ASB14	HGNC:19766	142686	ENSG00000239388
ASB15	HGNC:19767	142685	ENSG00000146809
ASB16	HGNC:19768	92591	ENSG00000161664
ASB17	HGNC:19769	127247	ENSG00000154007
ASB18	HGNC:19770	401036	ENSG00000182177
ASCC2	HGNC:24103	84164	ENSG00000100325
ASCL2	HGNC:739	430	ENSG00000183734
ASCL3	HGNC:740	56676	ENSG00000176009
ASCL4	HGNC:24311	121549	ENSG00000187855
ASCL5	HGNC:33169	647219	ENSG00000232237
ASDURF	HGNC:53619	110599588	ENSG00000286053
ASF1A	HGNC:20995	25842	ENSG00000111875
ASF1B	HGNC:20996	55723	ENSG00000105011
ASGR1	HGNC:742	432	ENSG00000141505
ASGR2	HGNC:743	433	ENSG00000161944
ASH2L	HGNC:744	9070	ENSG00000129691
ASIC1	HGNC:100	41	ENSG00000110881
ASIC2	HGNC:99	40	ENSG00000108684
ASIC3	HGNC:101	9311	ENSG00000213199
ASIC4	HGNC:21263	55515	ENSG00000072182
ASIC5	HGNC:17537	51802	ENSG00000256394
ASMT	HGNC:750	438	ENSG00000196433
ASMTL	HGNC:751	8623	ENSG00000169093
ASNSD1	HGNC:24910	54529	ENSG00000138381
ASPDH	HGNC:33856	554235	ENSG00000204653
ASPG	HGNC:20123	374569	ENSG00000166183
ASPHD1	HGNC:27380	253982	ENSG00000174939
ASPHD2	HGNC:30437	57168	ENSG00000128203
ASRGL1	HGNC:16448	80150	ENSG00000162174
ASTE1	HGNC:25021	28990	ENSG00000034533
ASTN1	HGNC:773	460	ENSG00000152092
ASTN2	HGNC:17021	23245	ENSG00000148219
ASZ1	HGNC:1350	136991	ENSG00000154438
ATAD2	HGNC:30123	29028	ENSG00000156802
ATAD2B	HGNC:29230	54454	ENSG00000119778
ATAD5	HGNC:25752	79915	ENSG00000176208
ATAT1	HGNC:21186	79969	ENSG00000137343
ATF2	HGNC:784	1386	ENSG00000115966
ATF3	HGNC:785	467	ENSG00000162772
ATF4	HGNC:786	468	ENSG00000128272
ATF5	HGNC:790	22809	ENSG00000169136
ATF6B	HGNC:2349	1388	ENSG00000213676
ATF7	HGNC:792	11016	ENSG00000170653
ATF7IP	HGNC:20092	55729	ENSG00000171681
ATF7IP2	HGNC:20397	80063	ENSG00000166669
ATG2A	HGNC:29028	23130	ENSG00000110046
ATG2B	HGNC:20187	55102	ENSG00000066739
ATG3	HGNC:20962	64422	ENSG00000144848
LSR	HGNC:29572	51599	ENSG00000105699
LST1	HGNC:14189	7940	ENSG00000204482
LTA4H	HGNC:6710	4048	ENSG00000111144
LTAP1	HGNC:29876	25912	ENSG00000143612
LTB	HGNC:6711	4050	ENSG00000227507
LTB4R	HGNC:6713	1241	ENSG00000213903
LTB4R2	HGNC:19260	56413	ENSG00000213906
LTBR	HGNC:6718	4055	ENSG00000111321
LTF	HGNC:6720	4057	ENSG00000012223
LTK	HGNC:6721	4058	ENSG00000062524
LTN1	HGNC:13082	26046	ENSG00000198862
LTO1	HGNC:17589	220064	ENSG00000149716
LUC7L	HGNC:6723	55692	ENSG00000007392
LUC7L2	HGNC:21608	51631	ENSG00000146963
LUC7L3	HGNC:24309	51747	ENSG00000108848
LUM	HGNC:6724	4060	ENSG00000139329
LURAP1	HGNC:32327	541468	ENSG00000171357
LURAP1L	HGNC:31452	286343	ENSG00000153714
LUZP2	HGNC:23206	338645	ENSG00000187398
LUZP4	HGNC:24971	51213	ENSG00000102021
LVRN	HGNC:26904	206338	ENSG00000172901
LXN	HGNC:13347	56925	ENSG00000079257
LY6D	HGNC:13348	8581	ENSG00000167656
LY6E	HGNC:6727	4061	ENSG00000160932
LY6G5B	HGNC:13931	58496	ENSG00000240053
LY6G5C	HGNC:13932	80741	ENSG00000204428
LY6G6C	HGNC:13936	80740	ENSG00000204421
LY6G6D	HGNC:13935	58530	ENSG00000244355
LY6G6F	HGNC:13933	259215	ENSG00000204424
LY6H	HGNC:6728	4062	ENSG00000176956
LY6K	HGNC:24225	54742	ENSG00000160886
LY6L	HGNC:52284	101928108	ENSG00000261667
LY6S	HGNC:54397	105375795	ENSG00000291309
LY9	HGNC:6730	4063	ENSG00000122224
LY75	HGNC:6729	4065	ENSG00000054219
LY86	HGNC:16837	9450	ENSG00000112799
LY96	HGNC:17156	23643	ENSG00000154589
LYAR	HGNC:26021	55646	ENSG00000145220
LYG1	HGNC:27014	129530	ENSG00000144214
LYG2	HGNC:29615	254773	ENSG00000185674
LYL1	HGNC:6734	4066	ENSG00000104903
LYNX1	HGNC:29604	66004	ENSG00000180155
LYPD1	HGNC:28431	116372	ENSG00000150551
LYPD2	HGNC:25215	137797	ENSG00000197353
LYPD3	HGNC:24880	27076	ENSG00000124466
LYPD4	HGNC:28659	147719	ENSG00000273111
LYPD5	HGNC:26397	284348	ENSG00000159871
LYPD6	HGNC:28751	130574	ENSG00000187123
LYPD6B	HGNC:27018	130576	ENSG00000150556
LYPD8	HGNC:44208	646627	ENSG00000259823
LYPLA1	HGNC:6737	10434	ENSG00000120992
LYPLA2	HGNC:6738	11313	ENSG00000011009
LYPLAL1	HGNC:20440	127018	ENSG00000143353
LYRM1	HGNC:25074	57149	ENSG00000102897
LYRM2	HGNC:25229	57226	ENSG00000083099
LYRM9	HGNC:27314	201229	ENSG00000232859
LYSET	HGNC:20218	26175	ENSG00000153485
LYSMD1	HGNC:32070	388695	ENSG00000163155
LYSMD2	HGNC:28571	256586	ENSG00000140280
LYSMD3	HGNC:26969	116068	ENSG00000176018
LYSMD4	HGNC:26571	145748	ENSG00000183060
LYVE1	HGNC:14687	10894	ENSG00000133800
LYZL1	HGNC:30502	84569	ENSG00000120563
LYZL2	HGNC:29613	119180	ENSG00000151033
LYZL4	HGNC:28387	131375	ENSG00000157093
LYZL6	HGNC:29614	57151	ENSG00000275722
LZIC	HGNC:17497	84328	ENSG00000162441
LZTS2	HGNC:29381	84445	ENSG00000107816
LZTS3	HGNC:30139	9762	ENSG00000088899
M6PR	HGNC:6752	4074	ENSG00000003056
MAB21L3	HGNC:26787	126868	ENSG00000173212
MAB21L4	HGNC:26216	79919	ENSG00000172478
MACC1	HGNC:30215	346389	ENSG00000183742
MACIR	HGNC:25052	90355	ENSG00000181751
MACO1	HGNC:25572	55219	ENSG00000204178
MACROD1	HGNC:29598	28992	ENSG00000133315
MACROD2	HGNC:16126	140733	ENSG00000172264
MACROH2A2	HGNC:14453	55506	ENSG00000099284
MAD2L1	HGNC:6763	4085	ENSG00000164109
MAD2L1BP	HGNC:21059	9587	ENSG00000124688
MADCAM1	HGNC:6765	8174	ENSG00000099866
MAEA	HGNC:13731	10296	ENSG00000090316
MAEL	HGNC:25929	84944	ENSG00000143194
MAF1	HGNC:24966	84232	ENSG00000179632
MAFF	HGNC:6780	23764	ENSG00000185022
MAFG	HGNC:6781	4097	ENSG00000197063
MAFK	HGNC:6782	7975	ENSG00000198517
MAGEA1	HGNC:6796	4100	ENSG00000198681
MAGEA2	HGNC:6800	4101	ENSG00000268606
MAGEA2B	HGNC:19340	266740	ENSG00000183305
MAGEA3	HGNC:6801	4102	ENSG00000221867
MAGEA4	HGNC:6802	4103	ENSG00000147381
MAGEA6	HGNC:6804	4105	ENSG00000197172
MAGEA8	HGNC:6806	4107	ENSG00000156009
MAGEA9	HGNC:6807	4108	ENSG00000123584
MAGEA9B	HGNC:31909	728269	ENSG00000267978
MAGEA10	HGNC:6797	4109	ENSG00000124260
MAGEA11	HGNC:6798	4110	ENSG00000185247
MAGEA12	HGNC:6799	4111	ENSG00000213401
MAGEB1	HGNC:6808	4112	ENSG00000214107
MAGEB2	HGNC:6809	4113	ENSG00000099399
MAGEB3	HGNC:6810	4114	ENSG00000198798
MAGEB4	HGNC:6811	4115	ENSG00000120289
MAGEB5	HGNC:23795	347541	ENSG00000188408
MAGEB6	HGNC:23796	158809	ENSG00000176746
MAGEB6B	HGNC:28824	392433	ENSG00000232030
MAGEB10	HGNC:25377	139422	ENSG00000177689
MAGEB16	HGNC:21188	139604	ENSG00000189023
MAGEB17	HGNC:17418	645864	ENSG00000182798
MAGEB18	HGNC:28515	286514	ENSG00000176774
MAGEC1	HGNC:6812	9947	ENSG00000155495
MAGEC2	HGNC:13574	51438	ENSG00000046774
MAGEC3	HGNC:23798	139081	ENSG00000165509
MAGED1	HGNC:6813	9500	ENSG00000179222
MAGED4	HGNC:23793	728239	ENSG00000154545
MAGED4B	HGNC:22880	81557	ENSG00000187243
MAGEE1	HGNC:24934	57692	ENSG00000198934
MAGEE2	HGNC:24935	139599	ENSG00000186675
MAGEF1	HGNC:29639	64110	ENSG00000177383
MAGEH1	HGNC:24092	28986	ENSG00000187601
MAGI1	HGNC:946	9223	ENSG00000151276
MAGI3	HGNC:29647	260425	ENSG00000081026
MAGIX	HGNC:30006	79917	ENSG00000269313
MAGOH	HGNC:6815	4116	ENSG00000162385
MAGOHB	HGNC:25504	55110	ENSG00000111196
MAIP1	HGNC:26198	79568	ENSG00000162972
MAJIN	HGNC:27441	283129	ENSG00000168070
MAK16	HGNC:13703	84549	ENSG00000198042
MAL2	HGNC:13634	114569	ENSG00000147676
MALL	HGNC:6818	7851	ENSG00000144063
MALRD1	HGNC:24331	340895	ENSG00000204740
MALSU1	HGNC:21721	115416	ENSG00000156928
MAMDC2	HGNC:23673	256691	ENSG00000165072
MAMDC4	HGNC:24083	158056	ENSG00000177943
MAML1	HGNC:13632	9794	ENSG00000161021
MAML3	HGNC:16272	55534	ENSG00000196782
MAMSTR	HGNC:26689	284358	ENSG00000176909
MAN1A1	HGNC:6821	4121	ENSG00000111885
MAN1A2	HGNC:6822	10905	ENSG00000198162
MAN1C1	HGNC:19080	57134	ENSG00000117643
MAN2A1	HGNC:6824	4124	ENSG00000112893
MANBAL	HGNC:15799	63905	ENSG00000101363
MANEA	HGNC:21072	79694	ENSG00000172469
MANEAL	HGNC:26452	149175	ENSG00000185090
MANSC1	HGNC:25505	54682	ENSG00000111261
MANSC4	HGNC:40023	100287284	ENSG00000205693
MAOB	HGNC:6834	4129	ENSG00000069535
MAP1A	HGNC:6835	4130	ENSG00000166963
MAP1LC3A	HGNC:6838	84557	ENSG00000101460
MAP1LC3B	HGNC:13352	81631	ENSG00000140941
MAP1LC3B2	HGNC:34390	643246	ENSG00000258102
MAP1LC3C	HGNC:13353	440738	ENSG00000197769
MAP1S	HGNC:15715	55201	ENSG00000130479
MAP2	HGNC:6839	4133	ENSG00000078018
MAP2K3	HGNC:6843	5606	ENSG00000034152
MAP2K4	HGNC:6844	6416	ENSG00000065559
MAP2K5	HGNC:6845	5607	ENSG00000137764
MAP2K6	HGNC:6846	5608	ENSG00000108984
MAP2K7	HGNC:6847	5609	ENSG00000076984
MAP3K2	HGNC:6854	10746	ENSG00000169967
MAP3K4	HGNC:6856	4216	ENSG00000085511
MAP3K5	HGNC:6857	4217	ENSG00000197442
MAP3K7CL	HGNC:16457	56911	ENSG00000156265
MAP3K9	HGNC:6861	4293	ENSG00000006432
MAP3K10	HGNC:6849	4294	ENSG00000130758
MAP3K11	HGNC:6850	4296	ENSG00000173327
MAP3K12	HGNC:6851	7786	ENSG00000139625
MAP3K13	HGNC:6852	9175	ENSG00000073803
MAP3K15	HGNC:31689	389840	ENSG00000180815
MAP3K19	HGNC:26249	80122	ENSG00000176601
MAP3K21	HGNC:29798	84451	ENSG00000143674
MAP4	HGNC:6862	4134	ENSG00000047849
MAP4K1	HGNC:6863	11184	ENSG00000104814
MAP4K2	HGNC:6864	5871	ENSG00000168067
MAP4K3	HGNC:6865	8491	ENSG00000011566
MAP4K4	HGNC:6866	9448	ENSG00000071054
MAP4K5	HGNC:6867	11183	ENSG00000012983
MAP6	HGNC:6868	4135	ENSG00000171533
MAP6D1	HGNC:25753	79929	ENSG00000180834
MAP7	HGNC:6869	9053	ENSG00000135525
MAP7D1	HGNC:25514	55700	ENSG00000116871
MAP7D2	HGNC:25899	256714	ENSG00000184368
MAP7D3	HGNC:25742	79649	ENSG00000129680
MAP9	HGNC:26118	79884	ENSG00000164114
MAP10	HGNC:29265	54627	ENSG00000212916
MAPDA	HGNC:31853	161823	ENSG00000168803
MAPK1IP1L	HGNC:19840	93487	ENSG00000168175
MAPK3	HGNC:6877	5595	ENSG00000102882
MAPK4	HGNC:6878	5596	ENSG00000141639
MAPK6	HGNC:6879	5597	ENSG00000069956
MAPK7	HGNC:6880	5598	ENSG00000166484
MAPK8	HGNC:6881	5599	ENSG00000107643
MAPK8IP2	HGNC:6883	23542	ENSG00000008735
MAPK9	HGNC:6886	5601	ENSG00000050748
MAPK11	HGNC:6873	5600	ENSG00000185386
MAPK12	HGNC:6874	6300	ENSG00000188130
MAPK13	HGNC:6875	5603	ENSG00000156711
MAPK14	HGNC:6876	1432	ENSG00000112062
MAPK15	HGNC:24667	225689	ENSG00000181085
MAPKAP1	HGNC:18752	79109	ENSG00000119487
MAPKAPK2	HGNC:6887	9261	ENSG00000162889
MAPRE1	HGNC:6890	22919	ENSG00000101367
MAPRE3	HGNC:6892	22924	ENSG00000084764
MARCHF1	HGNC:26077	55016	ENSG00000145416
MARCHF2	HGNC:28038	51257	ENSG00000099785
MARCHF3	HGNC:28728	115123	ENSG00000173926
MARCHF4	HGNC:29269	57574	ENSG00000144583
MARCHF5	HGNC:26025	54708	ENSG00000198060
MARCHF7	HGNC:17393	64844	ENSG00000136536
MARCHF8	HGNC:23356	220972	ENSG00000165406
MARCHF9	HGNC:25139	92979	ENSG00000139266
MARCHF10	HGNC:26655	162333	ENSG00000173838
MARCHF11	HGNC:33609	441061	ENSG00000183654
MARCKS	HGNC:6759	4082	ENSG00000277443
MARCKSL1	HGNC:7142	65108	ENSG00000175130
MARCO	HGNC:6895	8685	ENSG00000019169
MARCOL	HGNC:53644	105378220	ENSG00000248109
MARF1	HGNC:29562	9665	ENSG00000166783
MARK1	HGNC:6896	4139	ENSG00000116141
MARK4	HGNC:13538	57787	ENSG00000007047
MARVELD1	HGNC:28674	83742	ENSG00000155254
MARVELD3	HGNC:30525	91862	ENSG00000140832
MAS1	HGNC:6899	4142	ENSG00000130368
MAS1L	HGNC:13961	116511	ENSG00000204687
MAST4	HGNC:19037	375449	ENSG00000069020
MAT2B	HGNC:6905	27430	ENSG00000038274
MATCAP1	HGNC:34408	653319	ENSG00000196123
MATCAP2	HGNC:22206	23366	ENSG00000164542
MATK	HGNC:6906	4145	ENSG00000007264
MATN1	HGNC:6907	4146	ENSG00000162510
MATN2	HGNC:6908	4147	ENSG00000132561
MATN4	HGNC:6910	8785	ENSG00000124159
MAU2	HGNC:29140	23383	ENSG00000129933
MAVS	HGNC:29233	57506	ENSG00000088888
MAZ	HGNC:6914	4150	ENSG00000103495
MB21D2	HGNC:30438	151963	ENSG00000180611
MBD1	HGNC:6916	4152	ENSG00000141644
MBD2	HGNC:6917	8932	ENSG00000134046
MBD3	HGNC:6918	53615	ENSG00000071655
MBD3L1	HGNC:15774	85509	ENSG00000170948
MBD3L2	HGNC:18532	125997	ENSG00000230522
MBD3L2B	HGNC:53435	729458	ENSG00000196589
MBD3L3	HGNC:37205	653657	ENSG00000182315
MBD3L4	HGNC:37206	653656	ENSG00000205718
MBD3L5	HGNC:37204	284428	ENSG00000237247
MBD6	HGNC:20445	114785	ENSG00000166987
MBIP	HGNC:20427	51562	ENSG00000151332
MBLAC1	HGNC:22180	255374	ENSG00000214309
MBLAC2	HGNC:33711	153364	ENSG00000176055
MBNL1	HGNC:6923	4154	ENSG00000152601
MBNL2	HGNC:16746	10150	ENSG00000139793
MBNL3	HGNC:20564	55796	ENSG00000076770
MBOAT1	HGNC:21579	154141	ENSG00000172197
MBOAT2	HGNC:25193	129642	ENSG00000143797
MBOAT4	HGNC:32311	619373	ENSG00000177669
MBP	HGNC:6925	4155	ENSG00000197971
MBTD1	HGNC:19866	54799	ENSG00000011258
MC5R	HGNC:6933	4161	ENSG00000176136
MCAM	HGNC:6934	4162	ENSG00000076706
MCCD1	HGNC:20668	401250	ENSG00000204511
MCEMP1	HGNC:27291	199675	ENSG00000183019
MCF2	HGNC:6940	4168	ENSG00000101977
MCF2L	HGNC:14576	23263	ENSG00000126217
MCF2L2	HGNC:30319	23101	ENSG00000053524
MCHR1	HGNC:4479	2847	ENSG00000128285
MCHR2	HGNC:20867	84539	ENSG00000152034
MCL1	HGNC:6943	4170	ENSG00000143384
MCM3	HGNC:6945	4172	ENSG00000112118
MCMBP	HGNC:25782	79892	ENSG00000197771
MCMDC2	HGNC:26368	157777	ENSG00000178460
MCOLN2	HGNC:13357	255231	ENSG00000153898
MCOLN3	HGNC:13358	55283	ENSG00000055732
MCRIP1	HGNC:28007	348262	ENSG00000225663
MCRIP2	HGNC:14142	84331	ENSG00000172366
MCRS1	HGNC:6960	10445	ENSG00000187778
MCTP1	HGNC:26183	79772	ENSG00000175471
MCTS2	HGNC:49760	100101490	ENSG00000101898
MCU	HGNC:23526	90550	ENSG00000156026
MCUB	HGNC:26076	55013	ENSG00000005059
MCUR1	HGNC:21097	63933	ENSG00000050393
MDC1	HGNC:21163	9656	ENSG00000137337
MDFI	HGNC:6967	4188	ENSG00000112559
MDFIC2	HGNC:53442	107986096	ENSG00000242120
MDGA1	HGNC:19267	266727	ENSG00000112139
MDGA2	HGNC:19835	161357	ENSG00000139915
MDH1B	HGNC:17836	130752	ENSG00000138400
MDK	HGNC:6972	4192	ENSG00000110492
MDN1	HGNC:18302	23195	ENSG00000112159
MDP1	HGNC:28781	145553	ENSG00000213920
ME1	HGNC:6983	4199	ENSG00000065833
ME2	HGNC:6984	4200	ENSG00000082212
ME3	HGNC:6985	10873	ENSG00000151376
MEA1	HGNC:6986	4201	ENSG00000124733
MEAF6	HGNC:25674	64769	ENSG00000163875
MEAK7	HGNC:29325	57707	ENSG00000140950
MED1	HGNC:9234	5469	ENSG00000125686
MED4	HGNC:17903	29079	ENSG00000136146
MED6	HGNC:19970	10001	ENSG00000133997
MED7	HGNC:2378	9443	ENSG00000155868
MED8	HGNC:19971	112950	ENSG00000159479
MED9	HGNC:25487	55090	ENSG00000141026
MED10	HGNC:28760	84246	ENSG00000133398
MED14	HGNC:2370	9282	ENSG00000180182
MED14OS	HGNC:40162	100873985	ENSG00000234636
MED15	HGNC:14248	51586	ENSG00000099917
MED18	HGNC:25944	54797	ENSG00000130772
MED19	HGNC:29600	219541	ENSG00000156603
MED20	HGNC:16840	9477	ENSG00000124641
MED21	HGNC:11473	9412	ENSG00000152944
MED22	HGNC:11477	6837	ENSG00000148297
MED24	HGNC:22963	9862	ENSG00000008838
MED26	HGNC:2376	9441	ENSG00000105085
MED28	HGNC:24628	80306	ENSG00000118579
MED29	HGNC:23074	55588	ENSG00000063322
MED30	HGNC:23032	90390	ENSG00000164758
MED31	HGNC:24260	51003	ENSG00000108590
MEDAG	HGNC:25926	84935	ENSG00000102802
MEF2B	HGNC:6995	100271849	ENSG00000213999
MEF2D	HGNC:6997	4209	ENSG00000116604
MEGF6	HGNC:3232	1953	ENSG00000162591
MEGF9	HGNC:3234	1955	ENSG00000106780
MEGF11	HGNC:29635	84465	ENSG00000157890
MEI4	HGNC:43638	101928601	ENSG00000269964
MEIG1	HGNC:23429	644890	ENSG00000197889
MEIKIN	HGNC:51253	728637	ENSG00000239642
MEIOC	HGNC:26670	284071	ENSG00000180336
MEIOSIN	HGNC:44318	388553	ENSG00000237452
MEIS1	HGNC:7000	4211	ENSG00000143995
MEIS3	HGNC:29537	56917	ENSG00000105419
MELK	HGNC:16870	9833	ENSG00000165304
MELTF	HGNC:7037	4241	ENSG00000163975
MEMO1	HGNC:14014	51072	ENSG00000162959
MEOX2	HGNC:7014	4223	ENSG00000106511
MEP1A	HGNC:7015	4224	ENSG00000112818
MEP1B	HGNC:7020	4225	ENSG00000141434
MEPCE	HGNC:20247	56257	ENSG00000146834
MEPE	HGNC:13361	56955	ENSG00000152595
MEST	HGNC:7028	4232	ENSG00000106484
METAP1	HGNC:15789	23173	ENSG00000164024
METAP1D	HGNC:32583	254042	ENSG00000172878
METAP2	HGNC:16672	10988	ENSG00000111142
METRN	HGNC:14151	79006	ENSG00000103260
METRNL	HGNC:27584	284207	ENSG00000176845
METTL1	HGNC:7030	4234	ENSG00000037897
METTL2A	HGNC:25755	339175	ENSG00000087995
METTL2B	HGNC:18272	55798	ENSG00000165055
METTL3	HGNC:17563	56339	ENSG00000165819
METTL4	HGNC:24726	64863	ENSG00000101574
METTL6	HGNC:28343	131965	ENSG00000206562
METTL8	HGNC:25856	79828	ENSG00000123600
METTL9	HGNC:24586	51108	ENSG00000197006
METTL14	HGNC:29330	57721	ENSG00000145388
METTL15	HGNC:26606	196074	ENSG00000169519
METTL16	HGNC:28484	79066	ENSG00000127804
METTL17	HGNC:19280	64745	ENSG00000165792
METTL18	HGNC:28793	92342	ENSG00000171806
METTL21A	HGNC:30476	151194	ENSG00000144401
METTL21C	HGNC:33717	196541	ENSG00000139780
METTL22	HGNC:28368	79091	ENSG00000067365
METTL24	HGNC:21566	728464	ENSG00000053328
METTL25	HGNC:26228	84190	ENSG00000127720
METTL25B	HGNC:24273	51093	ENSG00000143303
METTL26	HGNC:14141	84326	ENSG00000130731
MEX3A	HGNC:33482	92312	ENSG00000254726
MEX3B	HGNC:25297	84206	ENSG00000183496
MEX3C	HGNC:28040	51320	ENSG00000176624
MEX3D	HGNC:16734	399664	ENSG00000181588
MFAP1	HGNC:7032	4236	ENSG00000140259
MFAP2	HGNC:7033	4237	ENSG00000117122
MFAP3	HGNC:7034	4238	ENSG00000037749
MFAP3L	HGNC:29083	9848	ENSG00000198948
MFAP4	HGNC:7035	4239	ENSG00000166482
MFGE8	HGNC:7036	4240	ENSG00000140545
MFHAS1	HGNC:16982	9258	ENSG00000147324
MFN1	HGNC:18262	55669	ENSG00000171109
MFNG	HGNC:7038	4242	ENSG00000100060
MFSD1	HGNC:25874	64747	ENSG00000118855
MFSD2B	HGNC:37207	388931	ENSG00000205639
MFSD6	HGNC:24711	54842	ENSG00000151690
MFSD6L	HGNC:26656	162387	ENSG00000185156
MFSD11	HGNC:25458	79157	ENSG00000092931
MFSD12	HGNC:28299	126321	ENSG00000161091
MGAM	HGNC:7043	8972	ENSG00000257335
MGAM2	HGNC:28101	93432	ENSG00000257743
MGARP	HGNC:29969	84709	ENSG00000137463
MGAT1	HGNC:7044	4245	ENSG00000131446
MGAT3	HGNC:7046	4248	ENSG00000128268
MGAT4A	HGNC:7047	11320	ENSG00000071073
MGAT4B	HGNC:7048	11282	ENSG00000161013
MGAT4C	HGNC:30871	25834	ENSG00000182050
MGAT4D	HGNC:43619	152586	ENSG00000205301
MGAT5	HGNC:7049	4249	ENSG00000152127
MGAT5B	HGNC:24140	146664	ENSG00000167889
MGLL	HGNC:17038	11343	ENSG00000074416
MGRN1	HGNC:20254	23295	ENSG00000102858
MGST1	HGNC:7061	4257	ENSG00000008394
MGST2	HGNC:7063	4258	ENSG00000085871
MGST3	HGNC:7064	4259	ENSG00000143198
MIA	HGNC:7076	8190	ENSG00000261857
MIA2	HGNC:18432	4253	ENSG00000150527
MICA	HGNC:7090	100507436	ENSG00000204520
MICAL2	HGNC:24693	9645	ENSG00000133816
MICAL3	HGNC:24694	57553	ENSG00000243156
MICALL1	HGNC:29804	85377	ENSG00000100139
MICALL2	HGNC:29672	79778	ENSG00000164877
MICB	HGNC:7091	4277	ENSG00000204516
MICOS10	HGNC:32068	440574	ENSG00000173436
MICU3	HGNC:27820	286097	ENSG00000155970
MID1IP1	HGNC:20715	58526	ENSG00000165175
MIDEAS	HGNC:19853	91748	ENSG00000156030
MIDN	HGNC:16298	90007	ENSG00000167470
MIEN1	HGNC:28230	84299	ENSG00000141741
MIER1	HGNC:29657	57708	ENSG00000198160
MIER2	HGNC:29210	54531	ENSG00000105556
MIER3	HGNC:26678	166968	ENSG00000155545
MIF4GD	HGNC:24030	57409	ENSG00000125457
MIGA1	HGNC:24741	374986	ENSG00000180488
MIGA2	HGNC:23621	84895	ENSG00000148343
MIIP	HGNC:25715	60672	ENSG00000116691
MILR1	HGNC:27570	284021	ENSG00000271605
MIMS1	HGNC:28346	125228	ENSG00000177150
MIMS2	HGNC:16102	116151	ENSG00000124098
MINAR1	HGNC:29172	23251	ENSG00000169330
MINDY1	HGNC:25648	55793	ENSG00000143409
MINDY2	HGNC:26954	54629	ENSG00000128923
MINDY3	HGNC:23578	80013	ENSG00000148481
MINDY4	HGNC:21916	84182	ENSG00000106125
MINDY4B	HGNC:35475	646951	ENSG00000214237
MINK1	HGNC:17565	50488	ENSG00000141503
MIOS	HGNC:21905	54468	ENSG00000164654
MIOX	HGNC:14522	55586	ENSG00000100253
MIPOL1	HGNC:21460	145282	ENSG00000151338
MIS12	HGNC:24967	79003	ENSG00000167842
MIS18A	HGNC:1286	54069	ENSG00000159055
MIS18BP1	HGNC:20190	55320	ENSG00000129534
MISFA	HGNC:44122	100506540	ENSG00000247595
MISO1	HGNC:26434	285315	ENSG00000174928
MISP	HGNC:27000	126353	ENSG00000099812
MISP3	HGNC:26963	113230	ENSG00000141854
MITD1	HGNC:25207	129531	ENSG00000158411
MIX23	HGNC:31136	131076	ENSG00000160124
MIXL1	HGNC:13363	83881	ENSG00000185155
MKI67	HGNC:7107	4288	ENSG00000148773
MKLN1	HGNC:7109	4289	ENSG00000128585
MKNK1	HGNC:7110	8569	ENSG00000079277
MKNK2	HGNC:7111	2872	ENSG00000099875
MKRN1	HGNC:7112	23608	ENSG00000133606
MKRN2	HGNC:7113	23609	ENSG00000075975
MKRN2OS	HGNC:40375	100129480	ENSG00000225526
MKX	HGNC:23729	283078	ENSG00000150051
MLANA	HGNC:7124	2315	ENSG00000120215
MLDHR	HGNC:55481	133834869	ENSG00000289051
MLEC	HGNC:28973	9761	ENSG00000110917
MLF1	HGNC:7125	4291	ENSG00000178053
MLF2	HGNC:7126	8079	ENSG00000089693
MLKL	HGNC:26617	197259	ENSG00000168404
MLLT1	HGNC:7134	4298	ENSG00000130382
MLLT6	HGNC:7138	4302	ENSG00000275023
MLLT11	HGNC:16997	10962	ENSG00000213190
MLN	HGNC:7141	4295	ENSG00000096395
MLNR	HGNC:4495	2862	ENSG00000102539
MLST8	HGNC:24825	64223	ENSG00000167965
MLXIP	HGNC:17055	22877	ENSG00000175727
MMD	HGNC:7153	23531	ENSG00000108960
MMD2	HGNC:30133	221938	ENSG00000136297
MMGT1	HGNC:28100	93380	ENSG00000169446
MMP7	HGNC:7174	4316	ENSG00000137673
MMP8	HGNC:7175	4317	ENSG00000118113
MMP10	HGNC:7156	4319	ENSG00000166670
MMP11	HGNC:7157	4320	ENSG00000099953
MMP12	HGNC:7158	4321	ENSG00000262406
MMP15	HGNC:7161	4324	ENSG00000102996
MMP16	HGNC:7162	4325	ENSG00000156103
MMP17	HGNC:7163	4326	ENSG00000198598
MMP24	HGNC:7172	10893	ENSG00000125966
MMP24OS	HGNC:44421	101410538	ENSG00000126005
MMP25	HGNC:14246	64386	ENSG00000008516
MMP26	HGNC:14249	56547	ENSG00000167346
MMP27	HGNC:14250	64066	ENSG00000137675
MMP28	HGNC:14366	79148	ENSG00000271447
MMRN1	HGNC:7178	22915	ENSG00000138722
MMRN2	HGNC:19888	79812	ENSG00000173269
MMS19	HGNC:13824	64210	ENSG00000155229
MMS22L	HGNC:21475	253714	ENSG00000146263
MNAT1	HGNC:7181	4331	ENSG00000020426
MND1	HGNC:24839	84057	ENSG00000121211
MNDA	HGNC:7183	4332	ENSG00000163563
MNT	HGNC:7188	4335	ENSG00000070444
MOAP1	HGNC:16658	64112	ENSG00000165943
MOB1A	HGNC:16015	55233	ENSG00000114978
MOB1B	HGNC:29801	92597	ENSG00000173542
MOB2	HGNC:24904	81532	ENSG00000182208
MOB3A	HGNC:29802	126308	ENSG00000172081
MOB3B	HGNC:23825	79817	ENSG00000120162
MOB3C	HGNC:29800	148932	ENSG00000142961
MOB4	HGNC:17261	25843	ENSG00000115540
MOBP	HGNC:7189	4336	ENSG00000168314
MOGAT1	HGNC:18210	116255	ENSG00000124003
MOGAT2	HGNC:23248	80168	ENSG00000166391
MOGAT3	HGNC:23249	346606	ENSG00000106384
MOK	HGNC:9833	5891	ENSG00000080823
MON1A	HGNC:28207	84315	ENSG00000164077
MON1B	HGNC:25020	22879	ENSG00000103111
MON2	HGNC:29177	23041	ENSG00000061987
MORC1	HGNC:7198	27136	ENSG00000114487
MORC3	HGNC:23572	23515	ENSG00000159256
MORC4	HGNC:23485	79710	ENSG00000133131
MORF4L1	HGNC:16989	10933	ENSG00000185787
MORF4L2	HGNC:16849	9643	ENSG00000123562
MORN1	HGNC:25852	79906	ENSG00000116151
MORN2	HGNC:30166	729967	ENSG00000188010
MORN3	HGNC:29807	283385	ENSG00000139714
MORN4	HGNC:24001	118812	ENSG00000171160
MORN5	HGNC:17841	254956	ENSG00000185681
MOSMO	HGNC:27087	730094	ENSG00000185716
MOSPD1	HGNC:25235	56180	ENSG00000101928
MOSPD2	HGNC:28381	158747	ENSG00000130150
MOSPD3	HGNC:25078	64598	ENSG00000106330
MOV10	HGNC:7200	4343	ENSG00000155363
MOXD1	HGNC:21063	26002	ENSG00000079931
MPC1L	HGNC:44205	347411	ENSG00000238205
MPC2	HGNC:24515	25874	ENSG00000143158
MPG	HGNC:7211	4350	ENSG00000103152
MPHOSPH6	HGNC:7214	10200	ENSG00000135698
MPHOSPH8	HGNC:29810	54737	ENSG00000196199
MPHOSPH9	HGNC:7215	10198	ENSG00000051825
MPHOSPH10	HGNC:7213	10199	ENSG00000124383
MPND	HGNC:25934	84954	ENSG00000008382
MPP1	HGNC:7219	4354	ENSG00000130830
MPP2	HGNC:7220	4355	ENSG00000108852
MPP3	HGNC:7221	4356	ENSG00000161647
MPP4	HGNC:13680	58538	ENSG00000082126
MPP7	HGNC:26542	143098	ENSG00000150054
MPPE1	HGNC:15988	65258	ENSG00000154889
MPPED1	HGNC:1306	758	ENSG00000186732
MPPED2	HGNC:1180	744	ENSG00000066382
MPRIP	HGNC:30321	23164	ENSG00000133030
MPV17L	HGNC:26827	255027	ENSG00000156968
MPV17L2	HGNC:28177	84769	ENSG00000254858
MPZL1	HGNC:7226	9019	ENSG00000197965
MPZL3	HGNC:27279	196264	ENSG00000160588
MR1	HGNC:4975	3140	ENSG00000153029
MRC1	HGNC:7228	4360	ENSG00000260314
MRC2	HGNC:16875	9902	ENSG00000011028
MREG	HGNC:25478	55686	ENSG00000118242
MRFAP1	HGNC:24549	93621	ENSG00000179010
MRFAP1L1	HGNC:28796	114932	ENSG00000178988
MRFAP1L2	HGNC:25109	93622	ENSG00000170846
MRGBP	HGNC:15866	55257	ENSG00000101189
MRGPRD	HGNC:29626	116512	ENSG00000172938
MRGPRE	HGNC:30694	116534	ENSG00000184350
MRGPRF	HGNC:24828	116535	ENSG00000172935
MRGPRG	HGNC:24829	386746	ENSG00000182170
MRGPRX1	HGNC:17962	259249	ENSG00000170255
MRGPRX2	HGNC:17983	117194	ENSG00000183695
MRGPRX3	HGNC:17980	117195	ENSG00000179826
MRGPRX4	HGNC:17617	117196	ENSG00000179817
MRI1	HGNC:28469	84245	ENSG00000037757
MRLN	HGNC:48649	100507027	ENSG00000227877
MRM1	HGNC:26202	79922	ENSG00000278619
MRM3	HGNC:18485	55178	ENSG00000171861
MRNIP	HGNC:30817	51149	ENSG00000161010
MRO	HGNC:24121	83876	ENSG00000134042
MROH1	HGNC:26958	727957	ENSG00000179832
MROH2A	HGNC:27936	339766	ENSG00000185038
MROH2B	HGNC:26857	133558	ENSG00000171495
MROH5	HGNC:42976	389690	ENSG00000226807
MROH6	HGNC:27814	642475	ENSG00000204839
MROH7	HGNC:24802	374977	ENSG00000184313
MROH8	HGNC:16125	140699	ENSG00000101353
MROH9	HGNC:26287	80133	ENSG00000117501
MRPL1	HGNC:14275	65008	ENSG00000169288
MRPL2	HGNC:14056	51069	ENSG00000112651
MRPL4	HGNC:14276	51073	ENSG00000105364
MRPL9	HGNC:14277	65005	ENSG00000143436
MRPL10	HGNC:14055	124995	ENSG00000159111
MRPL11	HGNC:14042	65003	ENSG00000174547
MRPL13	HGNC:14278	28998	ENSG00000172172
MRPL14	HGNC:14279	64928	ENSG00000180992
MRPL15	HGNC:14054	29088	ENSG00000137547
MRPL16	HGNC:14476	54948	ENSG00000166902
MRPL17	HGNC:14053	63875	ENSG00000158042
MRPL18	HGNC:14477	29074	ENSG00000112110
MRPL19	HGNC:14052	9801	ENSG00000115364
MRPL20	HGNC:14478	55052	ENSG00000242485
MRPL21	HGNC:14479	219927	ENSG00000197345
MRPL22	HGNC:14480	29093	ENSG00000082515
MRPL23	HGNC:10322	6150	ENSG00000214026
MRPL24	HGNC:14037	79590	ENSG00000143314
MRPL27	HGNC:14483	51264	ENSG00000108826
MRPL28	HGNC:14484	10573	ENSG00000086504
MRPL30	HGNC:14036	51263	ENSG00000185414
MRPL32	HGNC:14035	64983	ENSG00000106591
MRPL33	HGNC:14487	9553	ENSG00000243147
MRPL34	HGNC:14488	64981	ENSG00000130312
MRPL35	HGNC:14489	51318	ENSG00000132313
MRPL36	HGNC:14490	64979	ENSG00000171421
MRPL37	HGNC:14034	51253	ENSG00000116221
MRPL38	HGNC:14033	64978	ENSG00000204316
MRPL40	HGNC:14491	64976	ENSG00000185608
MRPL41	HGNC:14492	64975	ENSG00000182154
MRPL42	HGNC:14493	28977	ENSG00000198015
MRPL43	HGNC:14517	84545	ENSG00000055950
MRPL45	HGNC:16651	84311	ENSG00000278845
MRPL46	HGNC:1192	26589	ENSG00000259494
MRPL47	HGNC:16652	57129	ENSG00000136522
MRPL48	HGNC:16653	51642	ENSG00000175581
MRPL49	HGNC:1176	740	ENSG00000149792
MRPL50	HGNC:16654	54534	ENSG00000136897
MRPL51	HGNC:14044	51258	ENSG00000111639
MRPL52	HGNC:16655	122704	ENSG00000172590
MRPL53	HGNC:16684	116540	ENSG00000204822
MRPL54	HGNC:16685	116541	ENSG00000183617
MRPL55	HGNC:16686	128308	ENSG00000162910
MRPL57	HGNC:14514	78988	ENSG00000173141
MRPL58	HGNC:5359	3396	ENSG00000167862
MRPS5	HGNC:14498	64969	ENSG00000144029
MRPS6	HGNC:14051	64968	ENSG00000243927
MRPS9	HGNC:14501	64965	ENSG00000135972
MRPS10	HGNC:14502	55173	ENSG00000048544
MRPS11	HGNC:14050	64963	ENSG00000181991
MRPS12	HGNC:10380	6183	ENSG00000128626
MRPS15	HGNC:14504	64960	ENSG00000116898
MRPS17	HGNC:14047	51373	ENSG00000239789
MRPS18A	HGNC:14515	55168	ENSG00000096080
MRPS18B	HGNC:14516	28973	ENSG00000204568
MRPS18C	HGNC:16633	51023	ENSG00000163319
MRPS21	HGNC:14046	54460	ENSG00000266472
MRPS24	HGNC:14510	64951	ENSG00000062582
MRPS26	HGNC:14045	64949	ENSG00000125901
MRPS27	HGNC:14512	23107	ENSG00000113048
MRPS30	HGNC:8769	10884	ENSG00000112996
MRPS31	HGNC:16632	10240	ENSG00000102738
MRPS33	HGNC:16634	51650	ENSG00000090263
MRPS35	HGNC:16635	60488	ENSG00000061794
MRRF	HGNC:7234	92399	ENSG00000148187
MRS2	HGNC:13785	57380	ENSG00000124532
MRTFB	HGNC:29819	57496	ENSG00000186260
MRTO4	HGNC:18477	51154	ENSG00000053372
MS4A2	HGNC:7316	2206	ENSG00000149534
MS4A3	HGNC:7317	932	ENSG00000149516
MS4A4A	HGNC:13371	51338	ENSG00000110079
MS4A4E	HGNC:14284	643680	ENSG00000214787
MS4A5	HGNC:13374	64232	ENSG00000166930
MS4A6A	HGNC:13375	64231	ENSG00000110077
MS4A6E	HGNC:14285	245802	ENSG00000166926
MS4A7	HGNC:13378	58475	ENSG00000166927
MS4A8	HGNC:13380	83661	ENSG00000166959
MS4A10	HGNC:13368	341116	ENSG00000172689
MS4A12	HGNC:13370	54860	ENSG00000071203
MS4A13	HGNC:16674	503497	ENSG00000204979
MS4A14	HGNC:30706	84689	ENSG00000166928
MS4A15	HGNC:28573	219995	ENSG00000166961
MS4A18	HGNC:37636	728588	ENSG00000214782
MSANTD1	HGNC:33741	345222	ENSG00000188981
MSANTD2	HGNC:26266	79684	ENSG00000120458
MSANTD3	HGNC:23370	91283	ENSG00000066697
MSANTD4	HGNC:29383	84437	ENSG00000170903
MSANTD5	HGNC:55184	102724657	ENSG00000285891
MSANTD7	HGNC:56248	100421372	ENSG00000284024
MSC	HGNC:7321	9242	ENSG00000178860
MSGN1	HGNC:14907	343930	ENSG00000151379
MSI1	HGNC:7330	4440	ENSG00000135097
MSI2	HGNC:18585	124540	ENSG00000153944
MSL1	HGNC:27905	339287	ENSG00000188895
MSL3B	HGNC:17837	151507	ENSG00000224287
MSLN	HGNC:7371	10232	ENSG00000102854
MSMP	HGNC:29663	692094	ENSG00000215183
MSRA	HGNC:7377	4482	ENSG00000175806
MSRB1	HGNC:14133	51734	ENSG00000198736
MSRB2	HGNC:17061	22921	ENSG00000148450
MSS51	HGNC:21000	118490	ENSG00000166343
MT1A	HGNC:7393	4489	ENSG00000205362
MT1B	HGNC:7394	4490	ENSG00000169688
MT1E	HGNC:7397	4493	ENSG00000169715
MT1F	HGNC:7398	4494	ENSG00000198417
MT1G	HGNC:7399	4495	ENSG00000125144
MT1H	HGNC:7400	4496	ENSG00000205358
MT1HL1	HGNC:31864	645745	ENSG00000244020
MT1M	HGNC:14296	4499	ENSG00000205364
MT1X	HGNC:7405	4501	ENSG00000187193
MT2A	HGNC:7406	4502	ENSG00000125148
MT3	HGNC:7408	4504	ENSG00000087250
MT4	HGNC:18705	84560	ENSG00000102891
MTA1	HGNC:7410	9112	ENSG00000182979
MTA2	HGNC:7411	9219	ENSG00000149480
MTA3	HGNC:23784	57504	ENSG00000057935
MTARC1	HGNC:26189	64757	ENSG00000186205
MTARC2	HGNC:26064	54996	ENSG00000117791
MTBP	HGNC:7417	27085	ENSG00000172167
MTCH1	HGNC:17586	23787	ENSG00000137409
MTCH2	HGNC:17587	23788	ENSG00000109919
MTCL1	HGNC:29121	23255	ENSG00000168502
MTCL2	HGNC:16111	140710	ENSG00000149639
MTCL3	HGNC:21494	387104	ENSG00000214338
MTCP1	HGNC:7423	4515	ENSG00000214827
MTDH	HGNC:29608	92140	ENSG00000147649
MTERF1	HGNC:21463	7978	ENSG00000127989
MTERF2	HGNC:30779	80298	ENSG00000120832
MTERF3	HGNC:24258	51001	ENSG00000156469
MTERF4	HGNC:28785	130916	ENSG00000122085
MTF1	HGNC:7428	4520	ENSG00000188786
MTF2	HGNC:29535	22823	ENSG00000143033
MTFP1	HGNC:26945	51537	ENSG00000242114
MTFR1	HGNC:29510	9650	ENSG00000066855
MTFR1L	HGNC:28836	56181	ENSG00000117640
MTFR2	HGNC:21115	113115	ENSG00000146410
MTG1	HGNC:32159	92170	ENSG00000148824
MTG2	HGNC:16239	26164	ENSG00000101181
MTHFD1L	HGNC:21055	25902	ENSG00000120254
MTHFD2	HGNC:7434	10797	ENSG00000065911
MTHFD2L	HGNC:31865	441024	ENSG00000163738
MTHFSD	HGNC:25778	64779	ENSG00000103248
MTIF2	HGNC:7441	4528	ENSG00000085760
MTIF3	HGNC:29788	219402	ENSG00000122033
MTLN	HGNC:27339	205251	ENSG00000175701
MTMR1	HGNC:7449	8776	ENSG00000063601
MTMR3	HGNC:7451	8897	ENSG00000100330
MTMR4	HGNC:7452	9110	ENSG00000108389
MTMR6	HGNC:7453	9107	ENSG00000139505
MTMR7	HGNC:7454	9108	ENSG00000003987
MTMR8	HGNC:16825	55613	ENSG00000102043
MTMR9	HGNC:14596	66036	ENSG00000104643
MTMR10	HGNC:25999	54893	ENSG00000166912
MTMR11	HGNC:24307	10903	ENSG00000014914
MTMR12	HGNC:18191	54545	ENSG00000150712
MTNAP1	HGNC:29601	55028	ENSG00000141219
MTNR1A	HGNC:7463	4543	ENSG00000168412
MTPN	HGNC:15667	136319	ENSG00000105887
MTRES1	HGNC:17971	51250	ENSG00000130349
MTREX	HGNC:18734	23517	ENSG00000039123
MTRF1	HGNC:7469	9617	ENSG00000120662
MTRF1L	HGNC:21051	54516	ENSG00000112031
MTSS1	HGNC:20443	9788	ENSG00000170873
MTURN	HGNC:25457	222166	ENSG00000180354
MTUS1	HGNC:29789	57509	ENSG00000129422
MTUS2	HGNC:20595	23281	ENSG00000132938
MTX1	HGNC:7504	4580	ENSG00000173171
MTX3	HGNC:24812	345778	ENSG00000177034
MUC2	HGNC:7512	4583	ENSG00000198788
MUC3A	HGNC:7513	4584	ENSG00000169894
MUC3B	HGNC:13384	57876	
MUC4	HGNC:7514	4585	ENSG00000145113
MUC5AC	HGNC:7515	4586	ENSG00000215182
MUC6	HGNC:7517	4588	ENSG00000184956
MUC8	HGNC:7519	100129528	
MUC12	HGNC:7510	10071	ENSG00000205277
MUC13	HGNC:7511	56667	ENSG00000173702
MUC15	HGNC:14956	143662	ENSG00000169550
MUC16	HGNC:15582	94025	ENSG00000181143
MUC17	HGNC:16800	140453	ENSG00000169876
MUC19	HGNC:14362	283463	ENSG00000205592
MUC20	HGNC:23282	200958	ENSG00000176945
MUC21	HGNC:21661	394263	ENSG00000204544
MUC22	HGNC:39755	100507679	ENSG00000261272
MUCL1	HGNC:30588	118430	ENSG00000172551
MUL1	HGNC:25762	79594	ENSG00000090432
MUS81	HGNC:29814	80198	ENSG00000172732
MUSTN1	HGNC:22144	389125	ENSG00000272573
MVB12A	HGNC:25153	93343	ENSG00000141971
MVB12B	HGNC:23368	89853	ENSG00000196814
MVP	HGNC:7531	9961	ENSG00000013364
MX1	HGNC:7532	4599	ENSG00000157601
MX2	HGNC:7533	4600	ENSG00000183486
MXD1	HGNC:6761	4084	ENSG00000059728
MXD3	HGNC:14008	83463	ENSG00000213347
MXD4	HGNC:13906	10608	ENSG00000123933
MXRA5	HGNC:7539	25878	ENSG00000101825
MXRA7	HGNC:7541	439921	ENSG00000182534
MXRA8	HGNC:7542	54587	ENSG00000162576
MYADM	HGNC:7544	91663	ENSG00000179820
MYADML2	HGNC:34548	255275	ENSG00000185105
MYBBP1A	HGNC:7546	10514	ENSG00000132382
MYBL1	HGNC:7547	4603	ENSG00000185697
MYBL2	HGNC:7548	4605	ENSG00000101057
MYBPC2	HGNC:7550	4606	ENSG00000086967
MYBPH	HGNC:7552	4608	ENSG00000133055
MYBPHL	HGNC:30434	343263	ENSG00000221986
MYCBP	HGNC:7554	26292	ENSG00000214114
MYCBPAP	HGNC:19677	84073	ENSG00000136449
MYCL	HGNC:7555	4610	ENSG00000116990
MYCT1	HGNC:23172	80177	ENSG00000120279
MYDGF	HGNC:16948	56005	ENSG00000074842
MYEF2	HGNC:17940	50804	ENSG00000104177
MYEOV	HGNC:7563	26579	ENSG00000172927
MYG1	HGNC:17590	60314	ENSG00000139637
MYH1	HGNC:7567	4619	ENSG00000109061
MYH4	HGNC:7574	4622	ENSG00000264424
MYH13	HGNC:7571	8735	ENSG00000006788
MYH15	HGNC:31073	22989	ENSG00000144821
MYH16	HGNC:31038	84176	ENSG00000002079
MYL5	HGNC:7586	4636	ENSG00000215375
MYL6	HGNC:7587	4637	ENSG00000092841
MYL6B	HGNC:29823	140465	ENSG00000196465
MYL7	HGNC:21719	58498	ENSG00000106631
MYL10	HGNC:29825	93408	ENSG00000106436
MYL12A	HGNC:16701	10627	ENSG00000101608
MYL12B	HGNC:29827	103910	ENSG00000118680
MYLIP	HGNC:21155	29116	ENSG00000007944
MYLK4	HGNC:27972	340156	ENSG00000145949
MYNN	HGNC:14955	55892	ENSG00000085274
MYO1B	HGNC:7596	4430	ENSG00000128641
MYO1D	HGNC:7598	4642	ENSG00000176658
MYO1G	HGNC:13880	64005	ENSG00000136286
MYO3B	HGNC:15576	140469	ENSG00000071909
MYO5C	HGNC:7604	55930	ENSG00000128833
MYO7B	HGNC:7607	4648	ENSG00000169994
MYO10	HGNC:7593	4651	ENSG00000145555
MYO15B	HGNC:14083	80022	ENSG00000266714
MYO16	HGNC:29822	23026	ENSG00000041515
MYO18A	HGNC:31104	399687	ENSG00000196535
MYO19	HGNC:26234	80179	ENSG00000278259
MYOCOS	HGNC:53429	110806290	ENSG00000283683
MYOG	HGNC:7612	4656	ENSG00000122180
MYOM2	HGNC:7614	9172	ENSG00000036448
MYOM3	HGNC:26679	127294	ENSG00000142661
MYOZ1	HGNC:13752	58529	ENSG00000177791
MYOZ3	HGNC:18565	91977	ENSG00000164591
MYPOP	HGNC:20178	339344	ENSG00000176182
MYRFL	HGNC:26316	196446	ENSG00000166268
MYRIP	HGNC:19156	25924	ENSG00000170011
MYT1	HGNC:7622	4661	ENSG00000196132
MZB1	HGNC:30125	51237	ENSG00000170476
MZF1	HGNC:13108	7593	ENSG00000099326
MZT1	HGNC:33830	440145	ENSG00000204899
MZT2A	HGNC:33187	653784	ENSG00000173272
MZT2B	HGNC:25886	80097	ENSG00000152082
N4BP1	HGNC:29850	9683	ENSG00000102921
N4BP2	HGNC:29851	55728	ENSG00000078177
N4BP2L1	HGNC:25037	90634	ENSG00000139597
N4BP2L2	HGNC:26916	10443	ENSG00000244754
N4BP3	HGNC:29852	23138	ENSG00000145911
NAA11	HGNC:28125	84779	ENSG00000156269
NAA16	HGNC:26164	79612	ENSG00000172766
NAA25	HGNC:25783	80018	ENSG00000111300
NAA30	HGNC:19844	122830	ENSG00000139977
NAA35	HGNC:24340	60560	ENSG00000135040
NAA38	HGNC:28212	84316	ENSG00000183011
NAA40	HGNC:25845	79829	ENSG00000110583
NAA50	HGNC:29533	80218	ENSG00000121579
NAAA	HGNC:736	27163	ENSG00000138744
NAALAD2	HGNC:14526	10003	ENSG00000077616
NAALADL1	HGNC:23536	10004	ENSG00000168060
NAALADL2	HGNC:23219	254827	ENSG00000177694
NAB1	HGNC:7626	4664	ENSG00000138386
NABP2	HGNC:28412	79035	ENSG00000139579
NACA	HGNC:7629	4666	ENSG00000196531
NACA2	HGNC:23290	342538	ENSG00000253506
NACAD	HGNC:22196	23148	ENSG00000136274
NACC2	HGNC:23846	138151	ENSG00000148411
NADK	HGNC:29831	65220	ENSG00000008130
NAGK	HGNC:17174	55577	ENSG00000124357
NAGPA	HGNC:17378	51172	ENSG00000103174
NAIF1	HGNC:25446	203245	ENSG00000171169
NALF1	HGNC:33877	728215	ENSG00000204442
NALF2	HGNC:30701	27112	ENSG00000130054
NAMPT	HGNC:30092	10135	ENSG00000105835
NANOG	HGNC:20857	79923	ENSG00000111704
NANOGNB	HGNC:24958	360030	ENSG00000205857
NANOGP8	HGNC:23106	388112	ENSG00000255192
NANOS2	HGNC:23292	339345	ENSG00000188425
NANOS3	HGNC:22048	342977	ENSG00000187556
NANP	HGNC:16140	140838	ENSG00000170191
NAP1L1	HGNC:7637	4673	ENSG00000187109
NAP1L2	HGNC:7638	4674	ENSG00000186462
NAP1L3	HGNC:7639	4675	ENSG00000186310
NAP1L4	HGNC:7640	4676	ENSG00000205531
NAP1L5	HGNC:19968	266812	ENSG00000177432
NAPA	HGNC:7641	8775	ENSG00000105402
NAPEPLD	HGNC:21683	222236	ENSG00000161048
NAPG	HGNC:7642	8774	ENSG00000134265
NAPRT	HGNC:30450	93100	ENSG00000147813
NAPSA	HGNC:13395	9476	ENSG00000131400
NARF	HGNC:29916	26502	ENSG00000141562
NASP	HGNC:7644	4678	ENSG00000132780
NAT1	HGNC:7645	9	ENSG00000171428
NAT8	HGNC:18069	9027	ENSG00000144035
NAT8B	HGNC:30235	51471	ENSG00000204872
NAT9	HGNC:23133	26151	ENSG00000109065
NAT10	HGNC:29830	55226	ENSG00000135372
NAT14	HGNC:28918	57106	ENSG00000090971
NAT16	HGNC:22030	375607	ENSG00000167011
NATD1	HGNC:30770	256302	ENSG00000274180
NAV1	HGNC:15989	89796	ENSG00000134369
NAV2	HGNC:15997	89797	ENSG00000166833
NBDY	HGNC:50713	550643	ENSG00000204272
NBEAL1	HGNC:20681	65065	ENSG00000144426
NBL1	HGNC:7650	4681	ENSG00000158747
NBPF1	HGNC:26088	55672	ENSG00000219481
NBPF3	HGNC:25076	84224	ENSG00000142794
NBPF4	HGNC:26550	148545	ENSG00000196427
NBPF6	HGNC:31988	653149	ENSG00000186086
NBPF8	HGNC:31990	728841	ENSG00000270231
NBPF9	HGNC:31991	400818	ENSG00000269713
NBPF10	HGNC:31992	100132406	ENSG00000271425
NBPF11	HGNC:31993	200030	ENSG00000263956
NBPF12	HGNC:24297	149013	ENSG00000268043
NBPF14	HGNC:25232	25832	ENSG00000270629
NBPF15	HGNC:28791	284565	ENSG00000266338
NBPF19	HGNC:31999	101060226	ENSG00000271383
NBPF20	HGNC:32000	100288142	ENSG00000162825
NBPF26	HGNC:49571	101060684	ENSG00000273136
NBR1	HGNC:6746	4077	ENSG00000188554
NCALD	HGNC:7655	83988	ENSG00000104490
NCAM1	HGNC:7656	4684	ENSG00000149294
NCAM2	HGNC:7657	4685	ENSG00000154654
NCAN	HGNC:2465	1463	ENSG00000130287
NCAPG	HGNC:24304	64151	ENSG00000109805
NCAPH2	HGNC:25071	29781	ENSG00000025770
NCBP1	HGNC:7658	4686	ENSG00000136937
NCBP2	HGNC:7659	22916	ENSG00000114503
NCBP2AS2	HGNC:25121	152217	ENSG00000270170
NCBP2L	HGNC:31795	392517	ENSG00000170935
NCBP3	HGNC:24612	55421	ENSG00000074356
NCCRP1	HGNC:33739	342897	ENSG00000188505
NCEH1	HGNC:29260	57552	ENSG00000144959
NCK1	HGNC:7664	4690	ENSG00000158092
NCK2	HGNC:7665	8440	ENSG00000071051
NCKAP5	HGNC:29847	344148	ENSG00000176771
NCKAP5L	HGNC:29321	57701	ENSG00000167566
NCKIPSD	HGNC:15486	51517	ENSG00000213672
NCL	HGNC:7667	4691	ENSG00000115053
NCLN	HGNC:26923	56926	ENSG00000125912
NCMAP	HGNC:29332	400746	ENSG00000184454
NCOA1	HGNC:7668	8648	ENSG00000084676
NCOA2	HGNC:7669	10499	ENSG00000140396
NCOA3	HGNC:7670	8202	ENSG00000124151
NCOA5	HGNC:15909	57727	ENSG00000124160
NCOA6	HGNC:15936	23054	ENSG00000198646
NCOA7	HGNC:21081	135112	ENSG00000111912
NCOR1	HGNC:7672	9611	ENSG00000141027
NCOR2	HGNC:7673	9612	ENSG00000196498
NCR1	HGNC:6731	9437	ENSG00000189430
NCR2	HGNC:6732	9436	ENSG00000096264
NCR3LG1	HGNC:42400	374383	ENSG00000188211
NCS1	HGNC:3953	23413	ENSG00000107130
NDC80	HGNC:16909	10403	ENSG00000080986
NDEL1	HGNC:17620	81565	ENSG00000166579
NDFIP1	HGNC:17592	80762	ENSG00000131507
NDFIP2	HGNC:18537	54602	ENSG00000102471
NDOR1	HGNC:29838	27158	ENSG00000188566
NDRG2	HGNC:14460	57447	ENSG00000165795
NDRG3	HGNC:14462	57446	ENSG00000101079
NDRG4	HGNC:14466	65009	ENSG00000103034
NDST2	HGNC:7681	8509	ENSG00000166507
NDST3	HGNC:7682	9348	ENSG00000164100
NDST4	HGNC:20779	64579	ENSG00000138653
NDUFA3	HGNC:7686	4696	ENSG00000170906
NDUFA5	HGNC:7688	4698	ENSG00000128609
NDUFA7	HGNC:7691	4701	ENSG00000267855
NDUFAB1	HGNC:7694	4706	ENSG00000004779
NDUFB1	HGNC:7695	4707	ENSG00000183648
NDUFB2	HGNC:7697	4708	ENSG00000090266
NDUFB4	HGNC:7699	4710	ENSG00000065518
NDUFB5	HGNC:7700	4711	ENSG00000136521
NDUFB6	HGNC:7701	4712	ENSG00000165264
NDUFC1	HGNC:7705	4717	ENSG00000109390
NDUFS5	HGNC:7712	4725	ENSG00000168653
NDUFV3	HGNC:7719	4731	ENSG00000160194
NECAB1	HGNC:20983	64168	ENSG00000123119
NECAB2	HGNC:23746	54550	ENSG00000103154
NECAB3	HGNC:15851	63941	ENSG00000125967
NECAP2	HGNC:25528	55707	ENSG00000157191
NECTIN2	HGNC:9707	5819	ENSG00000130202
NECTIN3	HGNC:17664	25945	ENSG00000177707
NEDD1	HGNC:7723	121441	ENSG00000139350
NEDD4	HGNC:7727	4734	ENSG00000069869
NEDD8	HGNC:7732	4738	ENSG00000129559
NEDD9	HGNC:7733	4739	ENSG00000111859
NEFM	HGNC:7734	4741	ENSG00000104722
NEGR1	HGNC:17302	257194	ENSG00000172260
NEIL1	HGNC:18448	79661	ENSG00000140398
NEIL2	HGNC:18956	252969	ENSG00000154328
NEK3	HGNC:7746	4752	ENSG00000136098
NEK4	HGNC:11399	6787	ENSG00000114904
NEK5	HGNC:7748	341676	ENSG00000197168
NEK6	HGNC:7749	10783	ENSG00000119408
NEK7	HGNC:13386	140609	ENSG00000151414
NEK11	HGNC:18593	79858	ENSG00000114670
NELFB	HGNC:24324	25920	ENSG00000188986
NELFCD	HGNC:15934	51497	ENSG00000101158
NELFE	HGNC:13974	7936	ENSG00000204356
NELL1	HGNC:7750	4745	ENSG00000165973
NELL2	HGNC:7751	4753	ENSG00000184613
NEMP1	HGNC:29001	23306	ENSG00000166881
NEMP2	HGNC:33700	100131211	ENSG00000189362
NENF	HGNC:30384	29937	ENSG00000117691
NEO1	HGNC:7754	4756	ENSG00000067141
NES	HGNC:7756	10763	ENSG00000132688
NET1	HGNC:14592	10276	ENSG00000173848
NETO1	HGNC:13823	81832	ENSG00000166342
NETO2	HGNC:14644	81831	ENSG00000171208
NEU2	HGNC:7759	4759	ENSG00000115488
NEU3	HGNC:7760	10825	ENSG00000162139
NEU4	HGNC:21328	129807	ENSG00000204099
NEURL1	HGNC:7761	9148	ENSG00000107954
NEURL1B	HGNC:35422	54492	ENSG00000214357
NEURL2	HGNC:16156	140825	ENSG00000124257
NEURL3	HGNC:25162	93082	ENSG00000163121
NEURL4	HGNC:34410	84461	ENSG00000215041
NEUROD4	HGNC:13802	58158	ENSG00000123307
NEUROD6	HGNC:13804	63974	ENSG00000164600
NEUROG2	HGNC:13805	63973	ENSG00000178403
NFAM1	HGNC:29872	150372	ENSG00000235568
NFATC2IP	HGNC:25906	84901	ENSG00000176953
NFATC3	HGNC:7777	4775	ENSG00000072736
NFATC4	HGNC:7778	4776	ENSG00000100968
NFE2L1	HGNC:7781	4779	ENSG00000082641
NFE2L3	HGNC:7783	9603	ENSG00000050344
NFIC	HGNC:7786	4782	ENSG00000141905
NFIL3	HGNC:7787	4783	ENSG00000165030
NFILZ	HGNC:52681	105372267	ENSG00000268480
NFKBIB	HGNC:7798	4793	ENSG00000104825
NFKBID	HGNC:15671	84807	ENSG00000167604
NFKBIE	HGNC:7799	4794	ENSG00000146232
NFRKB	HGNC:7802	4798	ENSG00000170322
NFX1	HGNC:7803	4799	ENSG00000086102
NFXL1	HGNC:18726	152518	ENSG00000170448
NFYA	HGNC:7804	4800	ENSG00000001167
NFYB	HGNC:7805	4801	ENSG00000120837
NFYC	HGNC:7806	4802	ENSG00000066136
NGB	HGNC:14077	58157	ENSG00000165553
NGDN	HGNC:20271	25983	ENSG00000129460
NGEF	HGNC:7807	25791	ENSG00000066248
NGFR	HGNC:7809	4804	ENSG00000064300
NGRN	HGNC:18077	51335	ENSG00000182768
NHERF2	HGNC:11076	9351	ENSG00000065054
NHERF4	HGNC:19891	79849	ENSG00000172367
NHLH1	HGNC:7817	4807	ENSG00000171786
NHLRC3	HGNC:33751	387921	ENSG00000188811
NHLRC4	HGNC:26700	283948	ENSG00000257108
NHSL1	HGNC:21021	57224	ENSG00000135540
NHSL2	HGNC:33737	340527	ENSG00000204131
NHSL3	HGNC:29301	57648	ENSG00000162522
NIBAN1	HGNC:16784	116496	ENSG00000135842
NIBAN2	HGNC:25282	64855	ENSG00000136830
NIBAN3	HGNC:24130	199786	ENSG00000167483
NICN1	HGNC:18317	84276	ENSG00000145029
NICOL1	HGNC:34437	401115	ENSG00000243449
NID2	HGNC:13389	22795	ENSG00000087303
NIF3L1	HGNC:13390	60491	ENSG00000196290
NIFK	HGNC:17838	84365	ENSG00000155438
NIM1K	HGNC:28646	167359	ENSG00000177453
NINJ1	HGNC:7824	4814	ENSG00000131669
NINJ2	HGNC:7825	4815	ENSG00000171840
NINL	HGNC:29163	22981	ENSG00000101004
NIP7	HGNC:24328	51388	ENSG00000132603
NIPAL1	HGNC:27194	152519	ENSG00000163293
NIPAL2	HGNC:25854	79815	ENSG00000104361
NIPAL3	HGNC:25233	57185	ENSG00000001461
NIPSNAP1	HGNC:7827	8508	ENSG00000184117
NIPSNAP2	HGNC:4179	2631	ENSG00000146729
NIPSNAP3A	HGNC:23619	25934	ENSG00000136783
NIPSNAP3B	HGNC:23641	55335	ENSG00000165028
NISCH	HGNC:18006	11188	ENSG00000010322
NIT2	HGNC:29878	56954	ENSG00000114021
NKAIN1	HGNC:25743	79570	ENSG00000084628
NKAIN2	HGNC:16443	154215	ENSG00000188580
NKAIN3	HGNC:26829	286183	ENSG00000185942
NKAIN4	HGNC:16191	128414	ENSG00000101198
NKAPD1	HGNC:25569	55216	ENSG00000150776
NKAPL	HGNC:21584	222698	ENSG00000189134
NKD1	HGNC:17045	85407	ENSG00000140807
NKD2	HGNC:17046	85409	ENSG00000145506
NKG7	HGNC:7830	4818	ENSG00000105374
NKIRAS1	HGNC:17899	28512	ENSG00000197885
NKIRAS2	HGNC:17898	28511	ENSG00000168256
NKPD1	HGNC:24739	284353	ENSG00000179846
NKRF	HGNC:19374	55922	ENSG00000186416
NKTR	HGNC:7833	4820	ENSG00000114857
NKX1-1	HGNC:24975	54729	ENSG00000235608
NKX1-2	HGNC:31652	390010	ENSG00000229544
NKX2-2	HGNC:7835	4821	ENSG00000125820
NKX2-3	HGNC:7836	159296	ENSG00000119919
NKX2-4	HGNC:7837	644524	ENSG00000125816
NKX2-8	HGNC:16364	26257	ENSG00000136327
NKX3-1	HGNC:7838	4824	ENSG00000167034
NKX6-1	HGNC:7839	4825	ENSG00000163623
NKX6-3	HGNC:26328	157848	ENSG00000165066
NLE1	HGNC:19889	54475	ENSG00000073536
NLGN2	HGNC:14290	57555	ENSG00000169992
NLGN4Y	HGNC:15529	22829	ENSG00000165246
NLK	HGNC:29858	51701	ENSG00000087095
NLN	HGNC:16058	57486	ENSG00000123213
NLRC3	HGNC:29889	197358	ENSG00000167984
NLRC5	HGNC:29933	84166	ENSG00000140853
NLRP2B	HGNC:29887	286430	ENSG00000215174
NLRP4	HGNC:22943	147945	ENSG00000160505
NLRP6	HGNC:22944	171389	ENSG00000174885
NLRP8	HGNC:22940	126205	ENSG00000179709
NLRP9	HGNC:22941	338321	ENSG00000185792
NLRP10	HGNC:21464	338322	ENSG00000182261
NLRP11	HGNC:22945	204801	ENSG00000179873
NLRP13	HGNC:22937	126204	ENSG00000173572
NLRP14	HGNC:22939	338323	ENSG00000158077
NLRX1	HGNC:29890	79671	ENSG00000160703
NMB	HGNC:7842	4828	ENSG00000197696
NMBR	HGNC:7843	4829	ENSG00000135577
NMD3	HGNC:24250	51068	ENSG00000169251
NME1	HGNC:7849	4830	ENSG00000239672
NME2	HGNC:7850	4831	ENSG00000243678
NME3	HGNC:7851	4832	ENSG00000103024
NME4	HGNC:7852	4833	ENSG00000103202
NME6	HGNC:20567	10201	ENSG00000172113
NME9	HGNC:21343	347736	ENSG00000181322
NMI	HGNC:7854	9111	ENSG00000123609
NMNAT2	HGNC:16789	23057	ENSG00000157064
NMNAT3	HGNC:20989	349565	ENSG00000163864
NMRAL1	HGNC:24987	57407	ENSG00000153406
NMRK1	HGNC:26057	54981	ENSG00000106733
NMRK2	HGNC:17871	27231	ENSG00000077009
NMS	HGNC:32203	129521	ENSG00000204640
NMT1	HGNC:7857	4836	ENSG00000136448
NMT2	HGNC:7858	9397	ENSG00000152465
NMU	HGNC:7859	10874	ENSG00000109255
NMUR1	HGNC:4518	10316	ENSG00000171596
NMUR2	HGNC:16454	56923	ENSG00000132911
NNAT	HGNC:7860	4826	ENSG00000053438
NNMT	HGNC:7861	4837	ENSG00000166741
NOA1	HGNC:28473	84273	ENSG00000084092
NOB1	HGNC:29540	28987	ENSG00000141101
NOC2L	HGNC:24517	26155	ENSG00000188976
NOC3L	HGNC:24034	64318	ENSG00000173145
NOC4L	HGNC:28461	79050	ENSG00000184967
NOCT	HGNC:14254	25819	ENSG00000151014
NOD1	HGNC:16390	10392	ENSG00000106100
NOL4	HGNC:7870	8715	ENSG00000101746
NOL4L	HGNC:16106	140688	ENSG00000197183
NOL6	HGNC:19910	65083	ENSG00000165271
NOL7	HGNC:21040	51406	ENSG00000225921
NOL8	HGNC:23387	55035	ENSG00000198000
NOL9	HGNC:26265	79707	ENSG00000162408
NOL10	HGNC:25862	79954	ENSG00000115761
NOL11	HGNC:24557	25926	ENSG00000130935
NOL12	HGNC:28585	79159	ENSG00000273899
NOLC1	HGNC:15608	9221	ENSG00000166197
NOM1	HGNC:13244	64434	ENSG00000146909
NOMO1	HGNC:30060	23420	ENSG00000103512
NOMO2	HGNC:22652	283820	ENSG00000185164
NOMO3	HGNC:25242	408050	ENSG00000103226
NOP2	HGNC:7867	4839	ENSG00000111641
NOP9	HGNC:19826	161424	ENSG00000196943
NOP14	HGNC:16821	8602	ENSG00000087269
NOP16	HGNC:26934	51491	ENSG00000048162
NOP53	HGNC:4333	29997	ENSG00000105373
NOP58	HGNC:29926	51602	ENSG00000055044
NOPCHAP1	HGNC:28628	121053	ENSG00000151131
NOSIP	HGNC:17946	51070	ENSG00000142546
NOSTRIN	HGNC:20203	115677	ENSG00000163072
NOTCH2NLA	HGNC:31862	388677	ENSG00000264343
NOTCH2NLB	HGNC:53923	100996763	ENSG00000286019
NOTCH2NLR	HGNC:53925	101929796	ENSG00000286106
NOTCH4	HGNC:7884	4855	ENSG00000204301
NOTO	HGNC:31839	344022	ENSG00000214513
NOTUM	HGNC:27106	147111	ENSG00000185269
NOVA1	HGNC:7886	4857	ENSG00000139910
NOX1	HGNC:7889	27035	ENSG00000007952
NOX3	HGNC:7890	50508	ENSG00000074771
NOX4	HGNC:7891	50507	ENSG00000086991
NOX5	HGNC:14874	79400	ENSG00000255346
NOXA1	HGNC:10668	10811	ENSG00000188747
NOXO1	HGNC:19404	124056	ENSG00000196408
NOXRED1	HGNC:20487	122945	ENSG00000165555
NPAS1	HGNC:7894	4861	ENSG00000130751
NPAS2	HGNC:7895	4862	ENSG00000170485
NPAS3	HGNC:19311	64067	ENSG00000151322
NPAS4	HGNC:18983	266743	ENSG00000174576
NPB	HGNC:30099	256933	ENSG00000183979
NPBWR1	HGNC:4522	2831	ENSG00000288611
NPBWR2	HGNC:4530	2832	ENSG00000125522
NPDC1	HGNC:7899	56654	ENSG00000107281
NPEPL1	HGNC:16244	79716	ENSG00000215440
NPEPPS	HGNC:7900	9520	ENSG00000141279
NPFF	HGNC:7901	8620	ENSG00000139574
NPFFR1	HGNC:17425	64106	ENSG00000148734
NPFFR2	HGNC:4525	10886	ENSG00000056291
NPIPA1	HGNC:7909	9284	ENSG00000183426
NPIPA2	HGNC:41979	642799	ENSG00000254852
NPIPA3	HGNC:41978	642778	ENSG00000224712
NPIPA5	HGNC:41980	100288332	ENSG00000183793
NPIPA6	HGNC:27893	131675794	ENSG00000183889
NPIPA7	HGNC:41982	101059938	ENSG00000214967
NPIPA8	HGNC:41983	101059953	ENSG00000214940
NPIPA9	HGNC:41984	105376752	ENSG00000233024
NPIPB2	HGNC:37451	729978	ENSG00000234719
NPIPB3	HGNC:28989	23117	ENSG00000169246
NPIPB4	HGNC:41985	440345	ENSG00000185864
NPIPB5	HGNC:37233	100132247	ENSG00000243716
NPIPB6	HGNC:37454	728741	ENSG00000198156
NPIPB7	HGNC:33832	440350	ENSG00000233232
NPIPB8	HGNC:37490	728734	ENSG00000255524
NPIPB9	HGNC:41987	100507607	ENSG00000196993
NPIPB11	HGNC:37453	728888	ENSG00000254206
NPIPB12	HGNC:37491	440353	ENSG00000169203
NPIPB13	HGNC:41989	613037	ENSG00000198064
NPIPB15	HGNC:34409	440348	ENSG00000196436
NPL	HGNC:16781	80896	ENSG00000135838
NPLOC4	HGNC:18261	55666	ENSG00000182446
NPM2	HGNC:7930	10361	ENSG00000158806
NPM3	HGNC:7931	10360	ENSG00000107833
NPNT	HGNC:27405	255743	ENSG00000168743
NPPB	HGNC:7940	4879	ENSG00000120937
NPPC	HGNC:7941	4880	ENSG00000163273
NPR1	HGNC:7943	4881	ENSG00000169418
NPS	HGNC:33940	594857	ENSG00000214285
NPTN	HGNC:17867	27020	ENSG00000156642
NPTX2	HGNC:7953	4885	ENSG00000106236
NPTXR	HGNC:7954	23467	ENSG00000221890
NPVF	HGNC:13782	64111	ENSG00000105954
NPW	HGNC:30509	283869	ENSG00000183971
NPY	HGNC:7955	4852	ENSG00000122585
NPY1R	HGNC:7956	4886	ENSG00000164128
NPY2R	HGNC:7957	4887	ENSG00000185149
NPY4R	HGNC:9329	5540	ENSG00000204174
NPY4R2	HGNC:52383	100996758	ENSG00000264717
NPY5R	HGNC:7958	4889	ENSG00000164129
NQO1	HGNC:2874	1728	ENSG00000181019
NR1D1	HGNC:7962	9572	ENSG00000126368
NR1D2	HGNC:7963	9975	ENSG00000174738
NR1H2	HGNC:7965	7376	ENSG00000131408
NR1H3	HGNC:7966	10062	ENSG00000025434
NR1I2	HGNC:7968	8856	ENSG00000144852
NR1I3	HGNC:7969	9970	ENSG00000143257
NR2C1	HGNC:7971	7181	ENSG00000120798
NR2C2	HGNC:7972	7182	ENSG00000177463
NR2C2AP	HGNC:30763	126382	ENSG00000184162
NR2E1	HGNC:7973	7101	ENSG00000112333
NR2F6	HGNC:7977	2063	ENSG00000160113
NR4A1	HGNC:7980	3164	ENSG00000123358
NR5A2	HGNC:7984	2494	ENSG00000116833
NRARP	HGNC:33843	441478	ENSG00000198435
NRBF2	HGNC:19692	29982	ENSG00000148572
NRBP1	HGNC:7993	29959	ENSG00000115216
NRBP2	HGNC:19339	340371	ENSG00000185189
NRDC	HGNC:7995	4898	ENSG00000078618
NRDE2	HGNC:20186	55051	ENSG00000119720
NREP	HGNC:16834	9315	ENSG00000134986
NRF1	HGNC:7996	4899	ENSG00000106459
NRG1	HGNC:7997	3084	ENSG00000157168
NRG2	HGNC:7998	9542	ENSG00000158458
NRG3	HGNC:7999	10718	ENSG00000185737
NRG4	HGNC:29862	145957	ENSG00000169752
NRGN	HGNC:8000	4900	ENSG00000154146
NRIP2	HGNC:23078	83714	ENSG00000053702
NRIP3	HGNC:1167	56675	ENSG00000175352
NRK	HGNC:25391	203447	ENSG00000123572
NRM	HGNC:8003	11270	ENSG00000137404
NRN1	HGNC:17972	51299	ENSG00000124785
NRN1L	HGNC:29811	123904	ENSG00000188038
NRP2	HGNC:8005	8828	ENSG00000118257
NRSN1	HGNC:17881	140767	ENSG00000152954
NRSN2	HGNC:16229	80023	ENSG00000125841
NRXN3	HGNC:8010	9369	ENSG00000021645
NSA2	HGNC:30728	10412	ENSG00000164346
NSD3	HGNC:12767	54904	ENSG00000147548
NSFL1C	HGNC:15912	55968	ENSG00000088833
NSG1	HGNC:18790	27065	ENSG00000168824
NSG2	HGNC:24955	51617	ENSG00000170091
NSL1	HGNC:24548	25936	ENSG00000117697
NSMAF	HGNC:8017	8439	ENSG00000035681
NSMCE1	HGNC:29897	197370	ENSG00000169189
NSMCE4A	HGNC:25935	54780	ENSG00000107672
NSUN4	HGNC:31802	387338	ENSG00000117481
NSUN5	HGNC:16385	55695	ENSG00000130305
NSUN7	HGNC:25857	79730	ENSG00000179299
NT5C	HGNC:17144	30833	ENSG00000125458
NT5C1A	HGNC:17819	84618	ENSG00000116981
NT5C1B	HGNC:17818	93034	ENSG00000185013
NT5C3B	HGNC:28300	115024	ENSG00000141698
NT5DC1	HGNC:21556	221294	ENSG00000178425
NT5DC2	HGNC:25717	64943	ENSG00000168268
NT5DC3	HGNC:30826	51559	ENSG00000111696
NT5DC4	HGNC:27678	284958	ENSG00000144130
NT5M	HGNC:15769	56953	ENSG00000205309
NTAN1	HGNC:29909	123803	ENSG00000157045
NTAQ1	HGNC:25490	55093	ENSG00000156795
NTF3	HGNC:8023	4908	ENSG00000185652
NTM	HGNC:17941	50863	ENSG00000182667
NTMT1	HGNC:23373	28989	ENSG00000148335
NTMT2	HGNC:31932	149281	ENSG00000203740
NTN3	HGNC:8030	4917	ENSG00000162068
NTN4	HGNC:13658	59277	ENSG00000074527
NTN5	HGNC:25208	126147	ENSG00000142233
NTPCR	HGNC:28204	84284	ENSG00000135778
NTS	HGNC:8038	4922	ENSG00000133636
NTSR1	HGNC:8039	4923	ENSG00000101188
NTSR2	HGNC:8040	23620	ENSG00000169006
NUAK1	HGNC:14311	9891	ENSG00000074590
NUB1	HGNC:17623	51667	ENSG00000013374
NUBP1	HGNC:8041	4682	ENSG00000103274
NUBP2	HGNC:8042	10101	ENSG00000095906
NUCB1	HGNC:8043	4924	ENSG00000104805
NUCB2	HGNC:8044	4925	ENSG00000070081
NUCKS1	HGNC:29923	64710	ENSG00000069275
NUDC	HGNC:8045	10726	ENSG00000090273
NUDCD1	HGNC:24306	84955	ENSG00000120526
NUDCD2	HGNC:30535	134492	ENSG00000170584
NUDT1	HGNC:8048	4521	ENSG00000106268
NUDT3	HGNC:8050	11165	ENSG00000272325
NUDT4	HGNC:8051	11163	ENSG00000173598
NUDT4B	HGNC:18012	440672	ENSG00000177144
NUDT5	HGNC:8052	11164	ENSG00000165609
NUDT6	HGNC:8053	11162	ENSG00000170917
NUDT7	HGNC:8054	283927	ENSG00000140876
NUDT8	HGNC:8055	254552	ENSG00000167799
NUDT9	HGNC:8056	53343	ENSG00000170502
NUDT10	HGNC:17621	170685	ENSG00000122824
NUDT11	HGNC:18011	55190	ENSG00000196368
NUDT12	HGNC:18826	83594	ENSG00000112874
NUDT13	HGNC:18827	25961	ENSG00000166321
NUDT14	HGNC:20141	256281	ENSG00000183828
NUDT16	HGNC:26442	131870	ENSG00000198585
NUDT16L1	HGNC:28154	84309	ENSG00000168101
NUDT17	HGNC:26618	200035	ENSG00000186364
NUDT18	HGNC:26194	79873	ENSG00000275074
NUDT19	HGNC:32036	390916	ENSG00000213965
NUDT21	HGNC:13870	11051	ENSG00000167005
NUDT22	HGNC:28189	84304	ENSG00000149761
NUF2	HGNC:14621	83540	ENSG00000143228
NUFIP1	HGNC:8057	26747	ENSG00000083635
NUFIP2	HGNC:17634	57532	ENSG00000108256
NUGGC	HGNC:33550	389643	ENSG00000189233
NUMB	HGNC:8060	8650	ENSG00000133961
NUMBL	HGNC:8061	9253	ENSG00000105245
NUP35	HGNC:29797	129401	ENSG00000163002
NUP42	HGNC:17010	11097	ENSG00000136243
NUP43	HGNC:21182	348995	ENSG00000120253
NUP58	HGNC:20261	9818	ENSG00000139496
NUP62CL	HGNC:25960	54830	ENSG00000198088
NUP98	HGNC:8068	4928	ENSG00000110713
NUP153	HGNC:8062	9972	ENSG00000124789
NUP210	HGNC:30052	23225	ENSG00000132182
NUPR1	HGNC:29990	26471	ENSG00000176046
NUPR2	HGNC:44164	389493	ENSG00000185290
NUSAP1	HGNC:18538	51203	ENSG00000137804
NUTF2	HGNC:13722	10204	ENSG00000102898
NUTM2D	HGNC:23447	728130	ENSG00000214562
NUTM2F	HGNC:23450	54754	ENSG00000130950
NUTM2G	HGNC:23449	441457	ENSG00000188152
NVL	HGNC:8070	4931	ENSG00000143748
NWD1	HGNC:27619	284434	ENSG00000188039
NWD2	HGNC:29229	57495	ENSG00000174145
NXF1	HGNC:8071	10482	ENSG00000162231
NXF2	HGNC:8072	56001	ENSG00000269405
NXF2B	HGNC:23984	728343	ENSG00000269437
NXF3	HGNC:8073	56000	ENSG00000147206
NXF5	HGNC:8075	55998	ENSG00000126952
NXNL1	HGNC:25179	115861	ENSG00000171773
NXNL2	HGNC:30482	158046	ENSG00000130045
NXPE1	HGNC:28527	120400	ENSG00000095110
NXPE2	HGNC:26331	120406	ENSG00000204361
NXPE3	HGNC:28238	91775	ENSG00000144815
NXPE4	HGNC:23117	54827	ENSG00000137634
NXPH1	HGNC:20693	30010	ENSG00000122584
NXPH2	HGNC:8076	11249	ENSG00000144227
NXPH3	HGNC:8077	11248	ENSG00000182575
NXPH4	HGNC:8078	11247	ENSG00000182379
NXT1	HGNC:15913	29107	ENSG00000132661
NXT2	HGNC:18151	55916	ENSG00000101888
NYAP1	HGNC:22009	222950	ENSG00000166924
NYAP2	HGNC:29291	57624	ENSG00000144460
NYNRIN	HGNC:20165	57523	ENSG00000205978
OAF	HGNC:28752	220323	ENSG00000184232
OARD1	HGNC:21257	221443	ENSG00000124596
OAS3	HGNC:8088	4940	ENSG00000111331
OASL	HGNC:8090	8638	ENSG00000135114
OAZ1	HGNC:8095	4946	ENSG00000104904
OAZ2	HGNC:8096	4947	ENSG00000180304
OAZ3	HGNC:8097	51686	ENSG00000143450
OBI1	HGNC:20308	79596	ENSG00000152193
OBP2A	HGNC:23380	29991	ENSG00000122136
OBP2B	HGNC:23381	29989	ENSG00000171102
OC90	HGNC:8100	729330	ENSG00000253117
OCEL1	HGNC:26221	79629	ENSG00000099330
OCIAD1	HGNC:16074	54940	ENSG00000109180
OCIAD2	HGNC:28685	132299	ENSG00000145247
OCM	HGNC:8105	654231	ENSG00000122543
OCM2	HGNC:34396	4951	ENSG00000135175
OCSTAMP	HGNC:16116	128506	ENSG00000149635
ODAM	HGNC:26043	54959	ENSG00000109205
ODF1	HGNC:8113	4956	ENSG00000155087
ODF2	HGNC:8114	4957	ENSG00000136811
ODF2L	HGNC:29225	57489	ENSG00000122417
ODF4	HGNC:19056	146852	ENSG00000184650
ODR4	HGNC:24299	54953	ENSG00000157181
OGA	HGNC:7056	10724	ENSG00000198408
OGDHL	HGNC:25590	55753	ENSG00000197444
OGFOD1	HGNC:25585	55239	ENSG00000087263
OGFOD2	HGNC:25823	79676	ENSG00000111325
OGFOD3	HGNC:26174	79701	ENSG00000181396
OGFR	HGNC:15768	11054	ENSG00000060491
OGFRL1	HGNC:21378	79627	ENSG00000119900
OGN	HGNC:8126	4969	ENSG00000106809
OIP5	HGNC:20300	11339	ENSG00000104147
OIT3	HGNC:29953	170392	ENSG00000138315
OLA1	HGNC:28833	29789	ENSG00000138430
OLAH	HGNC:25625	55301	ENSG00000152463
OLFM1	HGNC:17187	10439	ENSG00000130558
OLFM2	HGNC:17189	93145	ENSG00000105088
OLFM3	HGNC:17990	118427	ENSG00000118733
OLFM4	HGNC:17190	10562	ENSG00000102837
OLFML1	HGNC:24473	283298	ENSG00000183801
OLFML2A	HGNC:27270	169611	ENSG00000185585
OLFML2B	HGNC:24558	25903	ENSG00000162745
OLFML3	HGNC:24956	56944	ENSG00000116774
OLIG1	HGNC:16983	116448	ENSG00000184221
OLIG2	HGNC:9398	10215	ENSG00000205927
OLIG3	HGNC:18003	167826	ENSG00000177468
OMA1	HGNC:29661	115209	ENSG00000162600
OMD	HGNC:8134	4958	ENSG00000127083
OMG	HGNC:8135	4974	ENSG00000126861
OMP	HGNC:8136	4975	ENSG00000254550
ONECUT1	HGNC:8138	3175	ENSG00000169856
ONECUT2	HGNC:8139	9480	ENSG00000119547
ONECUT3	HGNC:13399	390874	ENSG00000205922
OOEP	HGNC:21382	441161	ENSG00000203907
OOSP1	HGNC:49233	255649	ENSG00000284873
OOSP2	HGNC:26699	219990	ENSG00000149507
OOSP3	HGNC:53903	112577461	ENSG00000285231
OOSP4A	HGNC:53904	112577462	ENSG00000285010
OOSP4B	HGNC:53905	107987155	ENSG00000255393
OPALIN	HGNC:20707	93377	ENSG00000197430
OPN1MW2	HGNC:26952	728458	ENSG00000166160
OPN1MW3	HGNC:51831	101060233	ENSG00000269433
OPN3	HGNC:14007	23596	ENSG00000054277
OPN4	HGNC:14449	94233	ENSG00000122375
OPN5	HGNC:19992	221391	ENSG00000124818
OPRD1	HGNC:8153	4985	ENSG00000116329
OPRK1	HGNC:8154	4986	ENSG00000082556
OPRL1	HGNC:8155	4987	ENSG00000125510
OPRM1	HGNC:8156	4988	ENSG00000112038
OPRPN	HGNC:17279	58503	ENSG00000171199
OPTC	HGNC:8158	26254	ENSG00000188770
OR1A1	HGNC:8179	8383	ENSG00000172146
OR1A2	HGNC:8180	26189	ENSG00000172150
OR1B1	HGNC:8181	347169	ENSG00000280094
OR1C1	HGNC:8182	26188	ENSG00000221888
OR1D2	HGNC:8183	4991	ENSG00000184166
OR1D4	HGNC:8185	653166	ENSG00000255095
OR1D5	HGNC:8186	8386	ENSG00000262628
OR1E1	HGNC:8189	8387	ENSG00000180016
OR1E2	HGNC:8190	8388	ENSG00000127780
OR1E3	HGNC:8191	8389	ENSG00000142163
OR1F1	HGNC:8194	4992	ENSG00000168124
OR1G1	HGNC:8204	8390	ENSG00000183024
OR1I1	HGNC:8207	126370	ENSG00000094661
OR1J1	HGNC:8208	347168	ENSG00000136834
OR1J2	HGNC:8209	26740	ENSG00000197233
OR1J4	HGNC:8211	26219	ENSG00000239590
OR1K1	HGNC:8212	392392	ENSG00000165204
OR1L1	HGNC:8213	26737	ENSG00000173679
OR1L3	HGNC:8215	26735	ENSG00000171481
OR1L4	HGNC:8216	254973	ENSG00000136939
OR1L6	HGNC:8218	392390	ENSG00000171459
OR1L8	HGNC:15110	138881	ENSG00000171496
OR1M1	HGNC:8220	125963	ENSG00000170929
OR1N1	HGNC:8221	138883	ENSG00000171505
OR1N2	HGNC:15111	138882	ENSG00000171501
OR1P1	HGNC:8222	8391	ENSG00000262085
OR1Q1	HGNC:8223	158131	ENSG00000165202
OR1R1	HGNC:8226	9596	ENSG00000180042
OR1S1	HGNC:8227	219959	ENSG00000280204
OR1S2	HGNC:15141	219958	ENSG00000197887
OR2A1	HGNC:8229	346528	ENSG00000221970
OR2A2	HGNC:8230	442361	ENSG00000221989
OR2A4	HGNC:14729	79541	ENSG00000180658
OR2A5	HGNC:8232	393046	ENSG00000221836
OR2A7	HGNC:8234	401427	ENSG00000243896
OR2A12	HGNC:15082	346525	ENSG00000221858
OR2A14	HGNC:15084	135941	ENSG00000221938
OR2A25	HGNC:19562	392138	ENSG00000221933
OR2A42	HGNC:31230	402317	ENSG00000212807
OR2AE1	HGNC:15087	81392	ENSG00000244623
OR2AG1	HGNC:15142	144125	ENSG00000279486
OR2AG2	HGNC:15143	338755	ENSG00000188124
OR2AJ1	HGNC:15001	127608	ENSG00000177275
OR2AK2	HGNC:19569	391191	ENSG00000187080
OR2AP1	HGNC:15335	121129	ENSG00000179615
OR2AT4	HGNC:19620	341152	ENSG00000171561
OR2B2	HGNC:13966	81697	ENSG00000168131
OR2B3	HGNC:8238	442184	ENSG00000204703
OR2B6	HGNC:8241	26212	ENSG00000124657
OR2B8	HGNC:13968	65944	ENSG00000182477
OR2B11	HGNC:31249	127623	ENSG00000177535
OR2C1	HGNC:8242	4993	ENSG00000168158
OR2C3	HGNC:15005	81472	ENSG00000196242
OR2D2	HGNC:8244	120776	ENSG00000166368
OR2D3	HGNC:15146	120775	ENSG00000178358
OR2F1	HGNC:8246	26211	ENSG00000213215
OR2F2	HGNC:8247	135948	ENSG00000221910
OR2G2	HGNC:15007	81470	ENSG00000177489
OR2G3	HGNC:15008	81469	ENSG00000177476
OR2G6	HGNC:27019	391211	ENSG00000188558
OR2H1	HGNC:8252	26716	ENSG00000204688
OR2H2	HGNC:8253	7932	ENSG00000204657
OR2I1	HGNC:8258	442197	ENSG00000237988
OR2J1	HGNC:8259	442185	ENSG00000204702
OR2J2	HGNC:8260	26707	ENSG00000204700
OR2K2	HGNC:8264	26248	ENSG00000171133
OR2L2	HGNC:8266	26246	ENSG00000203663
OR2L3	HGNC:15009	391192	ENSG00000198128
OR2L5	HGNC:15011	81466	ENSG00000197454
OR2L8	HGNC:15014	391190	ENSG00000279263
OR2L13	HGNC:19578	284521	ENSG00000196071
OR2M2	HGNC:8268	391194	ENSG00000198601
OR2M3	HGNC:8269	127062	ENSG00000228198
OR2M4	HGNC:8270	26245	ENSG00000171180
OR2M5	HGNC:19576	127059	ENSG00000162727
OR2M7	HGNC:19594	391196	ENSG00000177186
OR2S2	HGNC:8276	56656	ENSG00000278889
OR2T1	HGNC:8277	26696	ENSG00000175143
OR2T2	HGNC:14725	401992	ENSG00000196240
OR2T3	HGNC:14727	343173	ENSG00000196539
OR2T4	HGNC:15016	127074	ENSG00000196944
OR2T5	HGNC:15017	401993	ENSG00000203661
OR2T6	HGNC:15018	254879	ENSG00000198104
OR2T7	HGNC:15019	81458	ENSG00000227152
OR2T8	HGNC:15020	343172	ENSG00000177462
OR2T10	HGNC:19573	127069	ENSG00000184022
OR2T11	HGNC:19574	127077	ENSG00000279301
OR2T12	HGNC:19592	127064	ENSG00000177201
OR2T27	HGNC:31252	403239	ENSG00000187701
OR2T29	HGNC:31253	343563	ENSG00000182783
OR2T33	HGNC:31255	391195	ENSG00000177212
OR2T34	HGNC:31256	127068	ENSG00000183310
OR2T35	HGNC:31257	403244	ENSG00000177151
OR2V1	HGNC:8280	26693	ENSG00000185372
OR2V2	HGNC:15341	285659	ENSG00000182613
OR2W1	HGNC:8281	26692	ENSG00000204704
OR2W3	HGNC:15021	343171	ENSG00000238243
OR2Y1	HGNC:14837	134083	ENSG00000174339
OR2Z1	HGNC:15391	284383	ENSG00000181733
OR3A1	HGNC:8282	4994	ENSG00000180090
OR3A2	HGNC:8283	4995	ENSG00000221882
OR3A3	HGNC:8284	8392	ENSG00000159961
OR4A5	HGNC:15162	81318	ENSG00000221840
OR4A8	HGNC:15165	81315	ENSG00000225997
OR4A15	HGNC:15152	81328	ENSG00000181958
OR4A16	HGNC:15153	81327	ENSG00000181961
OR4A47	HGNC:31266	403253	ENSG00000237388
OR4B1	HGNC:8290	119765	ENSG00000175619
OR4C3	HGNC:14697	256144	ENSG00000176547
OR4C5	HGNC:14702	79346	ENSG00000176540
OR4C6	HGNC:14743	219432	ENSG00000181903
OR4C11	HGNC:15167	219429	ENSG00000172188
OR4C12	HGNC:15168	283093	ENSG00000221954
OR4C13	HGNC:15169	283092	ENSG00000258817
OR4C15	HGNC:15171	81309	ENSG00000181939
OR4C16	HGNC:15172	219428	ENSG00000279514
OR4C45	HGNC:31270	403257	ENSG00000260811
OR4C46	HGNC:31271	119749	ENSG00000185926
OR4D1	HGNC:8293	26689	ENSG00000141194
OR4D2	HGNC:8294	124538	ENSG00000255713
OR4D5	HGNC:14852	219875	ENSG00000171014
OR4D6	HGNC:15175	219983	ENSG00000166884
OR4D9	HGNC:15178	390199	ENSG00000172742
OR4D10	HGNC:15173	390197	ENSG00000254466
OR4D11	HGNC:15174	219986	ENSG00000176200
OR4E1	HGNC:8296	26687	ENSG00000276240
OR4E2	HGNC:8297	26686	ENSG00000221977
OR4F3	HGNC:8300	26683	ENSG00000230178
OR4F4	HGNC:8301	26682	ENSG00000177693
OR4F5	HGNC:14825	79501	ENSG00000186092
OR4F6	HGNC:15372	390648	ENSG00000184140
OR4F15	HGNC:15078	390649	ENSG00000182854
OR4F16	HGNC:15079	81399	ENSG00000284662
OR4F17	HGNC:15381	81099	ENSG00000176695
OR4F21	HGNC:19583	441308	ENSG00000176269
OR4F29	HGNC:31275	729759	ENSG00000284733
OR4K1	HGNC:14726	79544	ENSG00000155249
OR4K2	HGNC:14728	390431	ENSG00000165762
OR4K3	HGNC:14731	283617	ENSG00000176290
OR4K5	HGNC:14745	79317	ENSG00000176281
OR4K13	HGNC:15351	390433	ENSG00000176253
OR4K14	HGNC:15352	122740	ENSG00000169484
OR4K15	HGNC:15353	81127	ENSG00000169488
OR4K17	HGNC:15355	390436	ENSG00000176230
OR4L1	HGNC:15356	122742	ENSG00000176246
OR4M1	HGNC:14735	441670	ENSG00000176299
OR4M2	HGNC:15373	390538	ENSG00000274102
OR4M2B	HGNC:55109	118568804	ENSG00000182974
OR4N2	HGNC:14742	390429	ENSG00000176294
OR4N4	HGNC:15375	283694	ENSG00000183706
OR4N4C	HGNC:55110	105369274	ENSG00000279408
OR4N5	HGNC:15358	390437	ENSG00000184394
OR4P4	HGNC:15180	81300	ENSG00000181927
OR4Q2	HGNC:15359	390432	ENSG00000196383
OR4Q3	HGNC:15426	441669	ENSG00000182652
OR4S1	HGNC:14705	256148	ENSG00000176555
OR4S2	HGNC:15183	219431	ENSG00000174982
OR4X1	HGNC:14854	390113	ENSG00000176567
OR4X2	HGNC:15184	119764	ENSG00000172208
OR5A1	HGNC:8319	219982	ENSG00000172320
OR5A2	HGNC:15249	219981	ENSG00000172324
OR5AC1	HGNC:15047	81431	ENSG00000213439
OR5AC2	HGNC:15431	81050	ENSG00000196578
OR5AK2	HGNC:15251	390181	ENSG00000181273
OR5AL1	HGNC:14844	79482	ENSG00000272987
OR5AN1	HGNC:15255	390195	ENSG00000176495
OR5AP2	HGNC:15258	338675	ENSG00000172464
OR5AR1	HGNC:15260	219493	ENSG00000172459
OR5AS1	HGNC:15261	219447	ENSG00000181785
OR5AU1	HGNC:15362	390445	ENSG00000169327
OR5B2	HGNC:8323	390190	ENSG00000172365
OR5B3	HGNC:8324	441608	ENSG00000172769
OR5B12	HGNC:15432	390191	ENSG00000172362
OR5B17	HGNC:15267	219965	ENSG00000197786
OR5B21	HGNC:19616	219968	ENSG00000198283
OR5BS1	HGNC:19627	390313	ENSG00000198678
OR5C1	HGNC:8331	392391	ENSG00000148215
OR5D3	HGNC:8336	8594	ENSG00000186886
OR5D13	HGNC:15280	390142	ENSG00000279761
OR5D14	HGNC:15281	219436	ENSG00000186113
OR5D16	HGNC:15283	390144	ENSG00000205029
OR5D18	HGNC:15285	219438	ENSG00000186119
OR5F1	HGNC:8343	338674	ENSG00000149133
OR5G3	HGNC:15287	81193	ENSG00000241356
OR5H1	HGNC:8346	26341	ENSG00000231192
OR5H2	HGNC:14752	79310	ENSG00000197938
OR5H6	HGNC:14767	79295	ENSG00000230301
OR5H8	HGNC:14773	79289	ENSG00000232535
OR5H14	HGNC:31286	403273	ENSG00000236032
OR5H15	HGNC:31287	403274	ENSG00000233412
OR5I1	HGNC:8347	10798	ENSG00000167825
OR5J2	HGNC:19612	282775	ENSG00000174957
OR5K1	HGNC:8349	26339	ENSG00000232382
OR5K2	HGNC:14774	402135	ENSG00000231861
OR5K3	HGNC:31290	403277	ENSG00000206536
OR5K4	HGNC:31291	403278	ENSG00000196098
OR5L1	HGNC:8350	219437	ENSG00000279395
OR5L2	HGNC:8351	26338	ENSG00000205030
OR5M1	HGNC:8352	390168	ENSG00000255012
OR5M3	HGNC:14806	219482	ENSG00000174937
OR5M8	HGNC:14846	219484	ENSG00000181371
OR5M9	HGNC:15294	390162	ENSG00000150269
OR5M10	HGNC:15290	390167	ENSG00000254834
OR5M11	HGNC:15291	219487	ENSG00000255223
OR5P2	HGNC:14783	120065	ENSG00000183303
OR5P3	HGNC:14784	120066	ENSG00000182334
OR5T1	HGNC:14821	390155	ENSG00000181698
OR5T2	HGNC:15296	219464	ENSG00000181718
OR5T3	HGNC:15297	390154	ENSG00000172489
OR5V1	HGNC:13972	81696	ENSG00000243729
OR5W2	HGNC:15299	390148	ENSG00000187612
OR6A2	HGNC:15301	8590	ENSG00000184933
OR6B1	HGNC:8354	135946	ENSG00000221813
OR6B2	HGNC:15041	389090	ENSG00000182083
OR6B3	HGNC:15042	150681	ENSG00000178586
OR6C1	HGNC:8355	390321	ENSG00000205330
OR6C2	HGNC:15436	341416	ENSG00000179695
OR6C3	HGNC:15437	254786	ENSG00000205329
OR6C4	HGNC:19632	341418	ENSG00000179626
OR6C6	HGNC:31293	283365	ENSG00000188324
OR6C65	HGNC:31295	403282	ENSG00000205328
OR6C68	HGNC:31297	403284	ENSG00000205327
OR6C70	HGNC:31299	390327	ENSG00000184954
OR6C74	HGNC:31303	254783	ENSG00000197706
OR6C75	HGNC:31304	390323	ENSG00000187857
OR6C76	HGNC:31305	390326	ENSG00000185821
OR6F1	HGNC:15027	343169	ENSG00000169214
OR6J1	HGNC:14707	79549	ENSG00000255804
OR6K2	HGNC:15029	81448	ENSG00000196171
OR6K3	HGNC:15030	391114	ENSG00000203757
OR6K6	HGNC:15033	128371	ENSG00000180433
OR6M1	HGNC:14711	390261	ENSG00000196099
OR6N1	HGNC:15034	128372	ENSG00000197403
OR6N2	HGNC:15035	81442	ENSG00000188340
OR6P1	HGNC:15036	128366	ENSG00000186440
OR6Q1	HGNC:15302	219952	ENSG00000279051
OR6S1	HGNC:15363	341799	ENSG00000181803
OR6T1	HGNC:14848	219874	ENSG00000181499
OR6V1	HGNC:15090	346517	ENSG00000225781
OR6X1	HGNC:14737	390260	ENSG00000221931
OR6Y1	HGNC:14823	391112	ENSG00000197532
OR7A5	HGNC:8368	26659	ENSG00000188269
OR7A10	HGNC:8356	390892	ENSG00000127515
OR7A17	HGNC:8363	26333	ENSG00000185385
OR7C1	HGNC:8373	26664	ENSG00000127530
OR7C2	HGNC:8374	26658	ENSG00000127529
OR7D2	HGNC:8378	162998	ENSG00000188000
OR7D4	HGNC:8380	125958	ENSG00000174667
OR7E24	HGNC:8396	26648	ENSG00000237521
OR7G1	HGNC:8465	125962	ENSG00000161807
OR7G2	HGNC:8466	390882	ENSG00000170923
OR7G3	HGNC:8467	390883	ENSG00000170920
OR8A1	HGNC:8469	390275	ENSG00000196119
OR8B2	HGNC:8471	26595	ENSG00000284680
OR8B3	HGNC:8472	390271	ENSG00000284609
OR8B4	HGNC:8473	283162	ENSG00000280090
OR8B8	HGNC:8477	26493	ENSG00000197125
OR8B12	HGNC:15307	219858	ENSG00000170953
OR8D1	HGNC:8481	283159	ENSG00000196341
OR8D2	HGNC:8482	283160	ENSG00000279116
OR8D4	HGNC:14840	338662	ENSG00000181518
OR8G1	HGNC:8484	26494	ENSG00000197849
OR8G3	HGNC:14698	387815	ENSG00000255425
OR8G5	HGNC:19622	219865	ENSG00000255298
OR8H1	HGNC:14824	219469	ENSG00000181693
OR8H2	HGNC:15308	390151	ENSG00000181767
OR8H3	HGNC:15309	390152	ENSG00000181761
OR8I2	HGNC:15310	120586	ENSG00000172154
OR8J1	HGNC:14855	219477	ENSG00000172487
OR8J2	HGNC:15311	81169	ENSG00000254658
OR8J3	HGNC:15312	81168	ENSG00000167822
OR8K1	HGNC:14831	390157	ENSG00000150261
OR8K3	HGNC:15313	219473	ENSG00000280314
OR8K5	HGNC:15315	219453	ENSG00000181752
OR8S1	HGNC:19628	341568	ENSG00000284723
OR8U1	HGNC:19611	219417	ENSG00000172199
OR8U3	HGNC:14841	219479	ENSG00000279961
OR8U8	HGNC:27538	504189	ENSG00000262315
OR8U9	HGNC:29166	504190	ENSG00000281038
OR9A2	HGNC:15093	135924	ENSG00000179468
OR9A4	HGNC:15095	130075	ENSG00000258083
OR9G1	HGNC:15319	390174	ENSG00000174914
OR9G4	HGNC:15322	283189	ENSG00000172457
OR9G9	HGNC:31940	504191	ENSG00000262191
OR9H1	HGNC:15038	81439	ENSG00000228336
OR9I1	HGNC:14718	219954	ENSG00000172377
OR9K2	HGNC:15339	441639	ENSG00000170605
OR9Q1	HGNC:14724	219956	ENSG00000186509
OR9Q2	HGNC:15328	219957	ENSG00000186513
OR10A2	HGNC:8161	341276	ENSG00000170790
OR10A3	HGNC:8162	26496	ENSG00000170683
OR10A4	HGNC:15130	283297	ENSG00000170782
OR10A5	HGNC:15131	144124	ENSG00000166363
OR10A6	HGNC:15132	390093	ENSG00000279000
OR10A7	HGNC:15329	121364	ENSG00000179919
OR10AC1	HGNC:14758	392133	ENSG00000176510
OR10AD1	HGNC:14819	121275	ENSG00000172640
OR10AG1	HGNC:19607	282770	ENSG00000174970
OR10C1	HGNC:8165	442194	ENSG00000206474
OR10D3	HGNC:8168	26497	ENSG00000197309
OR10G2	HGNC:8170	26534	ENSG00000255582
OR10G3	HGNC:8171	26533	ENSG00000169208
OR10G4	HGNC:14809	390264	ENSG00000254737
OR10G6	HGNC:14836	79490	ENSG00000198674
OR10G7	HGNC:14842	390265	ENSG00000182634
OR10G8	HGNC:14845	219869	ENSG00000234560
OR10G9	HGNC:15129	219870	ENSG00000236981
OR10H1	HGNC:8172	26539	ENSG00000186723
OR10H2	HGNC:8173	26538	ENSG00000171942
OR10H3	HGNC:8174	26532	ENSG00000171936
OR10H4	HGNC:15388	126541	ENSG00000176231
OR10H5	HGNC:15389	284433	ENSG00000172519
OR10J1	HGNC:8175	26476	ENSG00000196184
OR10J3	HGNC:14992	441911	ENSG00000196266
OR10J4	HGNC:15408	391121	ENSG00000249730
OR10J5	HGNC:14993	127385	ENSG00000184155
OR10K1	HGNC:14693	391109	ENSG00000173285
OR10K2	HGNC:14826	391107	ENSG00000180708
OR10P1	HGNC:15378	121130	ENSG00000175398
OR10Q1	HGNC:15134	219960	ENSG00000180475
OR10R2	HGNC:14820	343406	ENSG00000198965
OR10S1	HGNC:14807	219873	ENSG00000196248
OR10T2	HGNC:14816	128360	ENSG00000186306
OR10V1	HGNC:15136	390201	ENSG00000172289
OR10W1	HGNC:15139	81341	ENSG00000172772
OR10X1	HGNC:14995	128367	ENSG00000279111
OR10Z1	HGNC:14996	128368	ENSG00000198967
OR11A1	HGNC:8176	26531	ENSG00000204694
OR11G2	HGNC:15346	390439	ENSG00000196832
OR11H1	HGNC:15404	81061	ENSG00000130538
OR11H2	HGNC:14716	79334	ENSG00000258453
OR11H4	HGNC:15347	390442	ENSG00000176198
OR11H6	HGNC:15349	122748	ENSG00000176219
OR11H7	HGNC:15350	390441	ENSG00000258806
OR11H12	HGNC:30738	440153	ENSG00000257115
OR11L1	HGNC:14998	391189	ENSG00000197591
OR12D1	HGNC:8177	26530	ENSG00000251608
OR12D2	HGNC:8178	26529	ENSG00000280236
OR12D3	HGNC:13963	81797	ENSG00000112462
OR13A1	HGNC:14772	79290	ENSG00000256574
OR13C2	HGNC:14701	392376	ENSG00000276119
OR13C3	HGNC:14704	138803	ENSG00000204246
OR13C4	HGNC:14722	138804	ENSG00000148136
OR13C5	HGNC:15100	138799	ENSG00000277556
OR13C7	HGNC:15102	81377	ENSG00000243641
OR13C8	HGNC:15103	138802	ENSG00000186943
OR13C9	HGNC:15104	286362	ENSG00000136839
OR13D1	HGNC:14695	286365	ENSG00000179055
OR13F1	HGNC:14723	138805	ENSG00000186881
OR13G1	HGNC:14999	441933	ENSG00000197437
OR13H1	HGNC:14755	347468	ENSG00000171054
OR13J1	HGNC:15108	392309	ENSG00000168828
OR14A2	HGNC:15024	388761	ENSG00000241128
OR14A16	HGNC:15022	284532	ENSG00000196772
OR14C36	HGNC:15026	127066	ENSG00000177174
OR14I1	HGNC:19575	401994	ENSG00000189181
OR14J1	HGNC:13971	442191	ENSG00000204695
OR14K1	HGNC:15025	343170	ENSG00000153230
OR14L1	HGNC:15023	127617	ENSG00000198452
OR51A2	HGNC:14764	401667	ENSG00000205496
OR51A4	HGNC:14795	401666	ENSG00000205497
OR51A7	HGNC:15188	119687	ENSG00000176895
OR51B2	HGNC:14703	79345	ENSG00000279012
OR51B4	HGNC:14708	79339	ENSG00000183251
OR51B5	HGNC:19599	282763	ENSG00000167355
OR51B6	HGNC:19600	390058	ENSG00000176239
OR51C1	HGNC:15191	401661	ENSG00000197674
OR51D1	HGNC:15193	390038	ENSG00000197428
OR51E1	HGNC:15194	143503	ENSG00000180785
OR51E2	HGNC:15195	81285	ENSG00000167332
OR51F1	HGNC:15196	256892	ENSG00000280021
OR51F2	HGNC:15197	119694	ENSG00000176925
OR51G1	HGNC:14738	79324	ENSG00000278870
OR51G2	HGNC:15198	81282	ENSG00000176893
OR51H1	HGNC:14833	401663	ENSG00000176904
OR51I1	HGNC:15200	390063	ENSG00000167359
OR51I2	HGNC:15201	390064	ENSG00000187918
OR51J1	HGNC:14856	79470	ENSG00000184321
OR51L1	HGNC:14759	119682	ENSG00000176798
OR51M1	HGNC:14847	390059	ENSG00000184698
OR51Q1	HGNC:14851	390061	ENSG00000167360
OR51S1	HGNC:15204	119692	ENSG00000176922
OR51T1	HGNC:15205	401665	ENSG00000176900
OR51V1	HGNC:19597	283111	ENSG00000176742
OR52A1	HGNC:8318	23538	ENSG00000182070
OR52A5	HGNC:19580	390054	ENSG00000171944
OR52B2	HGNC:15207	255725	ENSG00000255307
OR52B4	HGNC:15209	143496	ENSG00000221996
OR52B6	HGNC:15211	340980	ENSG00000187747
OR52D1	HGNC:15212	390066	ENSG00000181609
OR52E1	HGNC:14766	79296	ENSG00000273085
OR52E2	HGNC:14769	119678	ENSG00000176787
OR52E4	HGNC:15213	390081	ENSG00000180974
OR52E5	HGNC:15214	390082	ENSG00000277932
OR52E6	HGNC:15215	390078	ENSG00000205409
OR52E8	HGNC:15217	390079	ENSG00000183269
OR52H1	HGNC:15218	390067	ENSG00000181616
OR52I1	HGNC:15220	390037	ENSG00000232268
OR52I2	HGNC:15221	143502	ENSG00000226288
OR52J3	HGNC:14799	119679	ENSG00000205495
OR52K1	HGNC:15222	390036	ENSG00000196778
OR52K2	HGNC:15223	119774	ENSG00000181963
OR52L1	HGNC:14785	338751	ENSG00000183313
OR52M1	HGNC:15225	119772	ENSG00000197790
OR52N1	HGNC:14853	79473	ENSG00000181001
OR52N2	HGNC:15228	390077	ENSG00000180988
OR52N4	HGNC:15230	390072	ENSG00000181074
OR52N5	HGNC:15231	390075	ENSG00000181009
OR52P1	HGNC:15232	81248	ENSG00000181109
OR52R1	HGNC:15235	119695	ENSG00000279270
OR52W1	HGNC:15239	120787	ENSG00000175485
OR56A1	HGNC:14781	120796	ENSG00000180934
OR56A3	HGNC:14786	390083	ENSG00000184478
OR56A4	HGNC:14791	120793	ENSG00000183389
OR56A5	HGNC:14792	390084	ENSG00000188691
OR56B1	HGNC:15245	387748	ENSG00000181023
OR56B2	HGNC:15246	390073	ENSG00000181017
OR56B4	HGNC:15248	196335	ENSG00000180919
ORAI2	HGNC:21667	80228	ENSG00000160991
ORAI3	HGNC:28185	93129	ENSG00000175938
ORC2	HGNC:8488	4999	ENSG00000115942
ORC3	HGNC:8489	23595	ENSG00000135336
ORC5	HGNC:8491	5001	ENSG00000164815
ORM1	HGNC:8498	5004	ENSG00000229314
ORM2	HGNC:8499	5005	ENSG00000228278
ORMDL1	HGNC:16036	94101	ENSG00000128699
ORMDL2	HGNC:16037	29095	ENSG00000123353
ORMDL3	HGNC:16038	94103	ENSG00000172057
OS9	HGNC:16994	10956	ENSG00000135506
OSBP	HGNC:8503	5007	ENSG00000110048
OSBP2	HGNC:8504	23762	ENSG00000184792
OSBPL1A	HGNC:16398	114876	ENSG00000141447
OSBPL3	HGNC:16370	26031	ENSG00000070882
OSBPL5	HGNC:16392	114879	ENSG00000021762
OSBPL6	HGNC:16388	114880	ENSG00000079156
OSBPL7	HGNC:16387	114881	ENSG00000006025
OSBPL8	HGNC:16396	114882	ENSG00000091039
OSBPL9	HGNC:16386	114883	ENSG00000117859
OSBPL10	HGNC:16395	114884	ENSG00000144645
OSBPL11	HGNC:16397	114885	ENSG00000144909
OSCAR	HGNC:29960	126014	ENSG00000170909
OSCP1	HGNC:29971	127700	ENSG00000116885
OSER1	HGNC:16105	51526	ENSG00000132823
OSGEPL1	HGNC:23075	64172	ENSG00000128694
OSGIN1	HGNC:30093	29948	ENSG00000140961
OSGIN2	HGNC:1355	734	ENSG00000164823
OSM	HGNC:8506	5008	ENSG00000099985
OSR2	HGNC:15830	116039	ENSG00000164920
OST4	HGNC:32483	100128731	ENSG00000228474
OSTC	HGNC:24448	58505	ENSG00000198856
OSTF1	HGNC:8510	26578	ENSG00000134996
OSTN	HGNC:29961	344901	ENSG00000188729
OTOL1	HGNC:34071	131149	ENSG00000182447
OTOP1	HGNC:19656	133060	ENSG00000163982
OTOP2	HGNC:19657	92736	ENSG00000183034
OTOP3	HGNC:19658	347741	ENSG00000182938
OTOR	HGNC:8517	56914	ENSG00000125879
OTOS	HGNC:22644	150677	ENSG00000178602
OTP	HGNC:8518	23440	ENSG00000171540
OTUB1	HGNC:23077	55611	ENSG00000167770
OTUB2	HGNC:20351	78990	ENSG00000089723
OTUD1	HGNC:27346	220213	ENSG00000165312
OTUD3	HGNC:29038	23252	ENSG00000169914
OTUD4	HGNC:24949	54726	ENSG00000164164
OTUD6A	HGNC:32312	139562	ENSG00000189401
OTUD7B	HGNC:16683	56957	ENSG00000264522
OTULINL	HGNC:25629	54491	ENSG00000145569
OTX1	HGNC:8521	5013	ENSG00000115507
OVCA2	HGNC:24203	124641	ENSG00000262664
OVCH1	HGNC:23080	341350	ENSG00000187950
OVCH2	HGNC:29970	341277	ENSG00000183378
OVGP1	HGNC:8524	5016	ENSG00000085465
OVOL1	HGNC:8525	5017	ENSG00000172818
OVOL3	HGNC:14186	728361	ENSG00000105261
OXCT2	HGNC:18606	64064	ENSG00000198754
OXER1	HGNC:24884	165140	ENSG00000162881
OXLD1	HGNC:27901	339229	ENSG00000204237
OXNAD1	HGNC:25128	92106	ENSG00000154814
OXSM	HGNC:26063	54995	ENSG00000151093
OXSR1	HGNC:8508	9943	ENSG00000172939
OXT	HGNC:8528	5020	ENSG00000101405
OXTR	HGNC:8529	5021	ENSG00000180914
P2RX1	HGNC:8533	5023	ENSG00000108405
P2RX3	HGNC:8534	5024	ENSG00000109991
P2RX4	HGNC:8535	5025	ENSG00000135124
P2RX5	HGNC:8536	5026	ENSG00000083454
P2RX6	HGNC:8538	9127	ENSG00000099957
P2RY1	HGNC:8539	5028	ENSG00000169860
P2RY2	HGNC:8541	5029	ENSG00000175591
P2RY4	HGNC:8542	5030	ENSG00000186912
P2RY6	HGNC:8543	5031	ENSG00000171631
P2RY8	HGNC:15524	286530	ENSG00000182162
P2RY10	HGNC:19906	27334	ENSG00000078589
P2RY13	HGNC:4537	53829	ENSG00000181631
P2RY14	HGNC:16442	9934	ENSG00000174944
P3H3	HGNC:19318	10536	ENSG00000110811
P3H4	HGNC:16946	10609	ENSG00000141696
P3R3URF	HGNC:53451	110117498	ENSG00000250719
P4HA1	HGNC:8546	5033	ENSG00000122884
P4HA3	HGNC:30135	283208	ENSG00000149380
PA2G4	HGNC:8550	5036	ENSG00000170515
PAAF1	HGNC:25687	80227	ENSG00000175575
PABIR1	HGNC:23490	116224	ENSG00000187866
PABIR2	HGNC:30490	159090	ENSG00000156504
PABIR3	HGNC:25202	159091	ENSG00000156500
PABPC1	HGNC:8554	26986	ENSG00000070756
PABPC1L2A	HGNC:27989	340529	ENSG00000186288
PABPC1L2B	HGNC:31852	645974	ENSG00000184388
PABPC3	HGNC:8556	5042	ENSG00000151846
PABPC4	HGNC:8557	8761	ENSG00000090621
PABPC4L	HGNC:31955	132430	ENSG00000254535
PABPC5	HGNC:13629	140886	ENSG00000174740
PABPN1L	HGNC:37237	390748	ENSG00000205022
PACC1	HGNC:25593	55248	ENSG00000065600
PACRG	HGNC:19152	135138	ENSG00000112530
PACRGL	HGNC:28442	133015	ENSG00000163138
PACSIN1	HGNC:8570	29993	ENSG00000124507
PACSIN2	HGNC:8571	11252	ENSG00000100266
PADI1	HGNC:18367	29943	ENSG00000142623
PADI2	HGNC:18341	11240	ENSG00000117115
PADI4	HGNC:18368	23569	ENSG00000159339
PAEP	HGNC:8573	5047	ENSG00000122133
PAF1	HGNC:25459	54623	ENSG00000006712
PAFAH1B2	HGNC:8575	5049	ENSG00000168092
PAFAH1B3	HGNC:8576	5050	ENSG00000079462
PAFAH2	HGNC:8579	5051	ENSG00000158006
PAG1	HGNC:30043	55824	ENSG00000076641
PAGE1	HGNC:4107	8712	ENSG00000068985
PAGE2	HGNC:31804	203569	ENSG00000234068
PAGE2B	HGNC:31805	389860	ENSG00000238269
PAGE3	HGNC:4110	139793	ENSG00000204279
PAGE4	HGNC:4108	9506	ENSG00000101951
PAGE5	HGNC:29992	90737	ENSG00000158639
PAGR1	HGNC:28707	79447	ENSG00000280789
PAIP1	HGNC:16945	10605	ENSG00000172239
PAIP2	HGNC:17970	51247	ENSG00000120727
PAIP2B	HGNC:29200	400961	ENSG00000124374
PAK1IP1	HGNC:20882	55003	ENSG00000111845
PAK4	HGNC:16059	10298	ENSG00000130669
PAK5	HGNC:15916	57144	ENSG00000101349
PAK6	HGNC:16061	56924	ENSG00000137843
PALD1	HGNC:23530	27143	ENSG00000107719
PALM	HGNC:8594	5064	ENSG00000099864
PALM2AKAP2	HGNC:33529	445815	ENSG00000157654
PALM3	HGNC:33274	342979	ENSG00000187867
PALMD	HGNC:15846	54873	ENSG00000099260
PALS2	HGNC:18167	51678	ENSG00000105926
PAM	HGNC:8596	5066	ENSG00000145730
PAMR1	HGNC:24554	25891	ENSG00000149090
PAN3	HGNC:29991	255967	ENSG00000152520
PANK1	HGNC:8598	53354	ENSG00000152782
PANK3	HGNC:19365	79646	ENSG00000120137
PANO1	HGNC:51237	101927423	ENSG00000288675
PANX2	HGNC:8600	56666	ENSG00000073150
PANX3	HGNC:20573	116337	ENSG00000154143
PAOX	HGNC:20837	196743	ENSG00000148832
PAPLN	HGNC:19262	89932	ENSG00000100767
PAPOLA	HGNC:14981	10914	ENSG00000090060
PAPOLB	HGNC:15970	56903	ENSG00000218823
PAPOLG	HGNC:14982	64895	ENSG00000115421
PAPPA	HGNC:8602	5069	ENSG00000182752
PAPSS1	HGNC:8603	9061	ENSG00000138801
PAQR3	HGNC:30130	152559	ENSG00000163291
PAQR4	HGNC:26386	124222	ENSG00000162073
PAQR5	HGNC:29645	54852	ENSG00000137819
PAQR6	HGNC:30132	79957	ENSG00000160781
PAQR7	HGNC:23146	164091	ENSG00000182749
PAQR8	HGNC:15708	85315	ENSG00000170915
PAQR9	HGNC:30131	344838	ENSG00000188582
PARD3	HGNC:16051	56288	ENSG00000148498
PARD3B	HGNC:14446	117583	ENSG00000116117
PARD6A	HGNC:15943	50855	ENSG00000102981
PARD6B	HGNC:16245	84612	ENSG00000124171
PARD6G	HGNC:16076	84552	ENSG00000178184
PARG	HGNC:8605	8505	ENSG00000227345
PARL	HGNC:18253	55486	ENSG00000175193
PARM1	HGNC:24536	25849	ENSG00000169116
PARP1	HGNC:270	142	ENSG00000143799
PARP2	HGNC:272	10038	ENSG00000129484
PARP3	HGNC:273	10039	ENSG00000041880
PARP4	HGNC:271	143	ENSG00000102699
PARP6	HGNC:26921	56965	ENSG00000137817
PARP8	HGNC:26124	79668	ENSG00000151883
PARP9	HGNC:24118	83666	ENSG00000138496
PARP10	HGNC:25895	84875	ENSG00000178685
PARP11	HGNC:1186	57097	ENSG00000111224
PARP12	HGNC:21919	64761	ENSG00000059378
PARP14	HGNC:29232	54625	ENSG00000173193
PARP15	HGNC:26876	165631	ENSG00000173200
PARP16	HGNC:26040	54956	ENSG00000138617
PARPBP	HGNC:26074	55010	ENSG00000185480
PARVA	HGNC:14652	55742	ENSG00000197702
PARVB	HGNC:14653	29780	ENSG00000188677
PARVG	HGNC:14654	64098	ENSG00000138964
PASD1	HGNC:20686	139135	ENSG00000166049
PASK	HGNC:17270	23178	ENSG00000115687
PATE1	HGNC:24664	160065	ENSG00000171053
PATE2	HGNC:32249	399967	ENSG00000196844
PATE3	HGNC:35426	100169851	ENSG00000236027
PATE4	HGNC:35427	399968	ENSG00000237353
PATJ	HGNC:28881	10207	ENSG00000132849
PATL1	HGNC:26721	219988	ENSG00000166889
PATZ1	HGNC:13071	23598	ENSG00000100105
PAWR	HGNC:8614	5074	ENSG00000177425
PAXBP1	HGNC:13579	94104	ENSG00000159086
PAXIP1	HGNC:8624	22976	ENSG00000157212
PAXX	HGNC:27849	286257	ENSG00000148362
PBDC1	HGNC:28790	51260	ENSG00000102390
PBK	HGNC:18282	55872	ENSG00000168078
PBLD	HGNC:23301	64081	ENSG00000108187
PBOV1	HGNC:21079	59351	ENSG00000254440
PBX2	HGNC:8633	5089	ENSG00000204304
PBX3	HGNC:8634	5090	ENSG00000167081
PBX4	HGNC:13403	80714	ENSG00000105717
PBXIP1	HGNC:21199	57326	ENSG00000163346
PCBD2	HGNC:24474	84105	ENSG00000132570
PCBP1	HGNC:8647	5093	ENSG00000169564
PCBP2	HGNC:8648	5094	ENSG00000197111
PCBP3	HGNC:8651	54039	ENSG00000183570
PCBP4	HGNC:8652	57060	ENSG00000090097
PCDH1	HGNC:8655	5097	ENSG00000156453
PCDH7	HGNC:8659	5099	ENSG00000169851
PCDH8	HGNC:8660	5100	ENSG00000136099
PCDH9	HGNC:8661	5101	ENSG00000184226
PCDH10	HGNC:13404	57575	ENSG00000138650
PCDH11X	HGNC:8656	27328	ENSG00000102290
PCDH11Y	HGNC:15813	83259	ENSG00000099715
PCDH17	HGNC:14267	27253	ENSG00000118946
PCDH18	HGNC:14268	54510	ENSG00000189184
PCDH20	HGNC:14257	64881	ENSG00000280165
PCDHA@	HGNC:8662	56117	
PCDHB@	HGNC:8679	56116	
PCDHG@	HGNC:8695	56115	
PCED1A	HGNC:16212	64773	ENSG00000132635
PCED1B	HGNC:28255	91523	ENSG00000179715
PCF11	HGNC:30097	51585	ENSG00000165494
PCGF1	HGNC:17615	84759	ENSG00000115289
PCGF3	HGNC:10066	10336	ENSG00000185619
PCGF5	HGNC:28264	84333	ENSG00000180628
PCGF6	HGNC:21156	84108	ENSG00000156374
PCID2	HGNC:25653	55795	ENSG00000126226
PCIF1	HGNC:16200	63935	ENSG00000100982
PCLAF	HGNC:28961	9768	ENSG00000166803
PCMT1	HGNC:8728	5110	ENSG00000120265
PCMTD1	HGNC:30483	115294	ENSG00000168300
PCMTD2	HGNC:15882	55251	ENSG00000203880
PCNP	HGNC:30023	57092	ENSG00000081154
PCNX1	HGNC:19740	22990	ENSG00000100731
PCNX2	HGNC:8736	80003	ENSG00000135749
PCNX3	HGNC:18760	399909	ENSG00000197136
PCNX4	HGNC:20349	64430	ENSG00000126773
PCOLCE	HGNC:8738	5118	ENSG00000106333
PCOLCE2	HGNC:8739	26577	ENSG00000163710
PCP2	HGNC:30209	126006	ENSG00000174788
PCP4	HGNC:8742	5121	ENSG00000183036
PCP4L1	HGNC:20448	654790	ENSG00000248485
PCSK1N	HGNC:17301	27344	ENSG00000102109
PCSK2	HGNC:8744	5126	ENSG00000125851
PCSK4	HGNC:8746	54760	ENSG00000115257
PCSK7	HGNC:8748	9159	ENSG00000160613
PCTP	HGNC:8752	58488	ENSG00000141179
PCYOX1	HGNC:20588	51449	ENSG00000116005
PCYOX1L	HGNC:28477	78991	ENSG00000145882
PCYT1B	HGNC:8755	9468	ENSG00000102230
PDAP1	HGNC:14634	11333	ENSG00000106244
PDC	HGNC:8759	5132	ENSG00000116703
PDCD1LG2	HGNC:18731	80380	ENSG00000197646
PDCD2	HGNC:8762	5134	ENSG00000071994
PDCD2L	HGNC:28194	84306	ENSG00000126249
PDCD4	HGNC:8763	27250	ENSG00000150593
PDCD5	HGNC:8764	9141	ENSG00000105185
PDCD6	HGNC:8765	10016	ENSG00000249915
PDCD7	HGNC:8767	10081	ENSG00000090470
PDCD11	HGNC:13408	22984	ENSG00000148843
PDCL	HGNC:8770	5082	ENSG00000136940
PDCL2	HGNC:29524	132954	ENSG00000163440
PDCL3	HGNC:28860	79031	ENSG00000115539
PDE1A	HGNC:8774	5136	ENSG00000115252
PDE1B	HGNC:8775	5153	ENSG00000123360
PDE3B	HGNC:8779	5140	ENSG00000152270
PDE4A	HGNC:8780	5141	ENSG00000065989
PDE4B	HGNC:8781	5142	ENSG00000184588
PDE4C	HGNC:8782	5143	ENSG00000105650
PDE4DIP	HGNC:15580	9659	ENSG00000178104
PDE5A	HGNC:8784	8654	ENSG00000138735
PDE7A	HGNC:8791	5150	ENSG00000205268
PDE7B	HGNC:8792	27115	ENSG00000171408
PDE8A	HGNC:8793	5151	ENSG00000073417
PDE9A	HGNC:8795	5152	ENSG00000160191
PDE12	HGNC:25386	201626	ENSG00000174840
PDF	HGNC:30012	64146	ENSG00000258429
PDGFA	HGNC:8799	5154	ENSG00000197461
PDGFC	HGNC:8801	56034	ENSG00000145431
PDIA2	HGNC:14180	64714	ENSG00000185615
PDIA3	HGNC:4606	2923	ENSG00000167004
PDIA4	HGNC:30167	9601	ENSG00000155660
PDIA5	HGNC:24811	10954	ENSG00000065485
PDIA6	HGNC:30168	10130	ENSG00000143870
PDIK1L	HGNC:18981	149420	ENSG00000175087
PDILT	HGNC:27338	204474	ENSG00000169340
PDK1	HGNC:8809	5163	ENSG00000152256
PDK2	HGNC:8810	5164	ENSG00000005882
PDK4	HGNC:8812	5166	ENSG00000004799
PDLIM1	HGNC:2067	9124	ENSG00000107438
PDLIM2	HGNC:13992	64236	ENSG00000120913
PDLIM5	HGNC:17468	10611	ENSG00000163110
PDLIM7	HGNC:22958	9260	ENSG00000196923
PDP2	HGNC:30263	57546	ENSG00000172840
PDPK1	HGNC:8816	5170	ENSG00000140992
PDPR	HGNC:30264	55066	ENSG00000090857
PDRG1	HGNC:16119	81572	ENSG00000088356
PDS5A	HGNC:29088	23244	ENSG00000121892
PDS5B	HGNC:20418	23047	ENSG00000083642
PDXDC1	HGNC:28995	23042	ENSG00000179889
PDXP	HGNC:30259	57026	ENSG00000241360
PDZD2	HGNC:18486	23037	ENSG00000133401
PDZD4	HGNC:21167	57595	ENSG00000067840
PDZD9	HGNC:28740	255762	ENSG00000155714
PDZD11	HGNC:28034	51248	ENSG00000120509
PDZK1	HGNC:8821	5174	ENSG00000174827
PDZK1IP1	HGNC:16887	10158	ENSG00000162366
PDZRN3	HGNC:17704	23024	ENSG00000121440
PDZRN4	HGNC:30552	29951	ENSG00000165966
PEA15	HGNC:8822	8682	ENSG00000162734
PEAK1	HGNC:29431	79834	ENSG00000173517
PEAK3	HGNC:24793	374872	ENSG00000188305
PEAR1	HGNC:33631	375033	ENSG00000187800
PEBP1	HGNC:8630	5037	ENSG00000089220
PEBP4	HGNC:28319	157310	ENSG00000134020
PECAM1	HGNC:8823	5175	ENSG00000261371
PECR	HGNC:18281	55825	ENSG00000115425
PEDS1	HGNC:16735	387521	ENSG00000240849
PEF1	HGNC:30009	553115	ENSG00000162517
PEG3	HGNC:8826	5178	ENSG00000198300
PEG10	HGNC:14005	23089	ENSG00000242265
PELI1	HGNC:8827	57162	ENSG00000197329
PELI2	HGNC:8828	57161	ENSG00000139946
PELI3	HGNC:30010	246330	ENSG00000174516
PELO	HGNC:8829	53918	ENSG00000152684
PELP1	HGNC:30134	27043	ENSG00000141456
PEMT	HGNC:8830	10400	ENSG00000133027
PENK	HGNC:8831	5179	ENSG00000181195
PER1	HGNC:8845	5187	ENSG00000179094
PERM1	HGNC:28208	84808	ENSG00000187642
PES1	HGNC:8848	23481	ENSG00000100029
PEX5L	HGNC:30024	51555	ENSG00000114757
PEX39	HGNC:34431	441150	ENSG00000221821
PF4	HGNC:8861	5196	ENSG00000163737
PF4V1	HGNC:8862	5197	ENSG00000109272
PFAS	HGNC:8863	5198	ENSG00000178921
PFDN1	HGNC:8866	5201	ENSG00000113068
PFDN2	HGNC:8867	5202	ENSG00000143256
PFDN4	HGNC:8868	5203	ENSG00000101132
PFDN5	HGNC:8869	5204	ENSG00000123349
PFDN6	HGNC:4926	10471	ENSG00000204220
PFKFB1	HGNC:8872	5207	ENSG00000158571
PFKFB2	HGNC:8873	5208	ENSG00000123836
PFKFB3	HGNC:8874	5209	ENSG00000170525
PFKFB4	HGNC:8875	5210	ENSG00000114268
PFKL	HGNC:8876	5211	ENSG00000141959
PFKP	HGNC:8878	5214	ENSG00000067057
PFN2	HGNC:8882	5217	ENSG00000070087
PFN3	HGNC:18627	345456	ENSG00000196570
PFN4	HGNC:31103	375189	ENSG00000176732
PGA3	HGNC:8885	643834	ENSG00000229859
PGA4	HGNC:8886	643847	ENSG00000229183
PGA5	HGNC:8887	5222	ENSG00000256713
PGAM1	HGNC:8888	5223	ENSG00000171314
PGAM4	HGNC:21731	441531	ENSG00000226784
PGAM5	HGNC:28763	192111	ENSG00000247077
PGAP4	HGNC:28180	84302	ENSG00000165152
PGAP6	HGNC:17205	58986	ENSG00000129925
PGBD1	HGNC:19398	84547	ENSG00000137338
PGBD2	HGNC:19399	267002	ENSG00000185220
PGBD3	HGNC:19400	267004	
PGBD4	HGNC:19401	161779	ENSG00000182405
PGC	HGNC:8890	5225	ENSG00000096088
PGCKA1	HGNC:25618	55286	ENSG00000154274
PGD	HGNC:8891	5226	ENSG00000142657
PGF	HGNC:8893	5228	ENSG00000119630
PGGHG	HGNC:26210	80162	ENSG00000142102
PGGT1B	HGNC:8895	5229	ENSG00000164219
PGK2	HGNC:8898	5232	ENSG00000170950
PGLS	HGNC:8903	25796	ENSG00000130313
PGLYRP1	HGNC:8904	8993	ENSG00000008438
PGLYRP2	HGNC:30013	114770	ENSG00000161031
PGLYRP3	HGNC:30014	114771	ENSG00000159527
PGLYRP4	HGNC:30015	57115	ENSG00000163218
PGM2	HGNC:8906	55276	ENSG00000169299
PGM5	HGNC:8908	5239	ENSG00000154330
PGP	HGNC:8909	283871	ENSG00000184207
PGPEP1	HGNC:13568	54858	ENSG00000130517
PGPEP1L	HGNC:27080	145814	ENSG00000183571
PGRMC2	HGNC:16089	10424	ENSG00000164040
PGS1	HGNC:30029	9489	ENSG00000087157
PHACTR2	HGNC:20956	9749	ENSG00000112419
PHACTR3	HGNC:15833	116154	ENSG00000087495
PHACTR4	HGNC:25793	65979	ENSG00000204138
PHAF1	HGNC:29564	80262	ENSG00000125149
PHAX	HGNC:10241	51808	ENSG00000164902
PHB2	HGNC:30306	11331	ENSG00000215021
PHC2	HGNC:3183	1912	ENSG00000134686
PHC3	HGNC:15682	80012	ENSG00000173889
PHETA1	HGNC:26509	144717	ENSG00000198324
PHETA2	HGNC:27161	150368	ENSG00000177096
PHF1	HGNC:8919	5252	ENSG00000112511
PHF2	HGNC:8920	5253	ENSG00000197724
PHF3	HGNC:8921	23469	ENSG00000118482
PHF5A	HGNC:18000	84844	ENSG00000100410
PHF7	HGNC:18458	51533	ENSG00000010318
PHF10	HGNC:18250	55274	ENSG00000130024
PHF11	HGNC:17024	51131	ENSG00000136147
PHF13	HGNC:22983	148479	ENSG00000116273
PHF14	HGNC:22203	9678	ENSG00000106443
PHF19	HGNC:24566	26147	ENSG00000119403
PHF20	HGNC:16098	51230	ENSG00000025293
PHF20L1	HGNC:24280	51105	ENSG00000129292
PHF21B	HGNC:25161	112885	ENSG00000056487
PHF23	HGNC:28428	79142	ENSG00000040633
PHF24	HGNC:29180	23349	ENSG00000122733
PHGR1	HGNC:37226	644844	ENSG00000233041
PHLDA1	HGNC:8933	22822	ENSG00000139289
PHLDA2	HGNC:12385	7262	ENSG00000181649
PHLDA3	HGNC:8934	23612	ENSG00000174307
PHLDB2	HGNC:29573	90102	ENSG00000144824
PHLDB3	HGNC:30499	653583	ENSG00000176531
PHLPP1	HGNC:20610	23239	ENSG00000081913
PHLPP2	HGNC:29149	23035	ENSG00000040199
PHOSPHO1	HGNC:16815	162466	ENSG00000173868
PHOSPHO2	HGNC:28316	493911	ENSG00000144362
PHPT1	HGNC:30033	29085	ENSG00000054148
PHRF1	HGNC:24351	57661	ENSG00000070047
PHTF1	HGNC:8939	10745	ENSG00000116793
PHTF2	HGNC:13411	57157	ENSG00000006576
PHYHD1	HGNC:23396	254295	ENSG00000175287
PHYHIP	HGNC:16865	9796	ENSG00000168490
PHYHIPL	HGNC:29378	84457	ENSG00000165443
PI3	HGNC:8947	5266	ENSG00000124102
PI4K2B	HGNC:18215	55300	ENSG00000038210
PI15	HGNC:8946	51050	ENSG00000137558
PI16	HGNC:21245	221476	ENSG00000164530
PIANP	HGNC:25338	196500	ENSG00000139200
PIAS1	HGNC:2752	8554	ENSG00000033800
PIAS2	HGNC:17311	9063	ENSG00000078043
PIAS3	HGNC:16861	10401	ENSG00000131788
PIAS4	HGNC:17002	51588	ENSG00000105229
PID1	HGNC:26084	55022	ENSG00000153823
PIERCE1	HGNC:28435	138162	ENSG00000160345
PIERCE2	HGNC:44654	145788	ENSG00000261652
PIF1	HGNC:26220	80119	ENSG00000140451
PIGBOS1	HGNC:50696	101928527	ENSG00000225973
PIGR	HGNC:8968	5284	ENSG00000162896
PIGX	HGNC:26046	54965	ENSG00000163964
PIGZ	HGNC:30596	80235	ENSG00000119227
PIH1D1	HGNC:26075	55011	ENSG00000104872
PIH1D2	HGNC:25210	120379	ENSG00000150773
PIK3AP1	HGNC:30034	118788	ENSG00000155629
PIK3C2B	HGNC:8972	5287	ENSG00000133056
PIK3C2G	HGNC:8973	5288	ENSG00000139144
PIK3C3	HGNC:8974	5289	ENSG00000078142
PIK3CB	HGNC:8976	5291	ENSG00000051382
PIK3IP1	HGNC:24942	113791	ENSG00000100100
PIK3R3	HGNC:8981	8503	ENSG00000117461
PIK3R4	HGNC:8982	30849	ENSG00000196455
PIK3R6	HGNC:27101	146850	ENSG00000276231
PILRA	HGNC:20396	29992	ENSG00000085514
PILRB	HGNC:18297	29990	ENSG00000121716
PIM1	HGNC:8986	5292	ENSG00000137193
PIM2	HGNC:8987	11040	ENSG00000102096
PIM3	HGNC:19310	415116	ENSG00000198355
PIMREG	HGNC:25483	54478	ENSG00000129195
PIN1	HGNC:8988	5300	ENSG00000127445
PIN4	HGNC:8992	5303	ENSG00000102309
PINLYP	HGNC:44206	390940	ENSG00000234465
PINX1	HGNC:30046	54984	ENSG00000254093
PIP	HGNC:8993	5304	ENSG00000159763
PIP4K2B	HGNC:8998	8396	ENSG00000276293
PIP4K2C	HGNC:23786	79837	ENSG00000166908
PIP4P1	HGNC:19299	90809	ENSG00000165782
PIP4P2	HGNC:25452	55529	ENSG00000155099
PIP5K1A	HGNC:8994	8394	ENSG00000143398
PIP5K1B	HGNC:8995	8395	ENSG00000107242
PIP5KL1	HGNC:28711	138429	ENSG00000167103
PIPOX	HGNC:17804	51268	ENSG00000179761
PIR	HGNC:30048	8544	ENSG00000087842
PIRT	HGNC:37239	644139	ENSG00000233670
PITHD1	HGNC:25022	57095	ENSG00000057757
PITPNA	HGNC:9001	5306	ENSG00000174238
PITPNB	HGNC:9002	23760	ENSG00000180957
PITPNC1	HGNC:21045	26207	ENSG00000154217
PITPNM1	HGNC:9003	9600	ENSG00000110697
PITPNM2	HGNC:21044	57605	ENSG00000090975
PIWIL1	HGNC:9007	9271	ENSG00000125207
PIWIL2	HGNC:17644	55124	ENSG00000197181
PIWIL3	HGNC:18443	440822	ENSG00000184571
PIWIL4	HGNC:18444	143689	ENSG00000134627
PJA1	HGNC:16648	64219	ENSG00000181191
PJA2	HGNC:17481	9867	ENSG00000198961
PKD1L2	HGNC:21715	114780	ENSG00000166473
PKD1L3	HGNC:21716	342372	ENSG00000277481
PKD2L1	HGNC:9011	9033	ENSG00000107593
PKD2L2	HGNC:9012	27039	ENSG00000078795
PKDREJ	HGNC:9015	10343	ENSG00000130943
PKIA	HGNC:9017	5569	ENSG00000171033
PKIB	HGNC:9018	5570	ENSG00000135549
PKIG	HGNC:9019	11142	ENSG00000168734
PKM	HGNC:9021	5315	ENSG00000067225
PKMYT1	HGNC:29650	9088	ENSG00000127564
PKN1	HGNC:9405	5585	ENSG00000123143
PKN2	HGNC:9406	5586	ENSG00000065243
PKN3	HGNC:17999	29941	ENSG00000160447
PKNOX1	HGNC:9022	5316	ENSG00000160199
PKNOX2	HGNC:16714	63876	ENSG00000165495
PKP3	HGNC:9025	11187	ENSG00000184363
PKP4	HGNC:9026	8502	ENSG00000144283
PLA1A	HGNC:17661	51365	ENSG00000144837
PLA2G1B	HGNC:9030	5319	ENSG00000170890
PLA2G2C	HGNC:9032	391013	ENSG00000187980
PLA2G2D	HGNC:9033	26279	ENSG00000117215
PLA2G2E	HGNC:13414	30814	ENSG00000188784
PLA2G2F	HGNC:30040	64600	ENSG00000158786
PLA2G3	HGNC:17934	50487	ENSG00000100078
PLA2G4B	HGNC:9036	100137049	ENSG00000243708
PLA2G4C	HGNC:9037	8605	ENSG00000105499
PLA2G4D	HGNC:30038	283748	ENSG00000159337
PLA2G4E	HGNC:24791	123745	ENSG00000188089
PLA2G4F	HGNC:27396	255189	ENSG00000168907
PLA2G10	HGNC:9029	8399	ENSG00000069764
PLA2G12A	HGNC:18554	81579	ENSG00000123739
PLA2G12B	HGNC:18555	84647	ENSG00000138308
PLA2G15	HGNC:17163	23659	ENSG00000103066
PLA2R1	HGNC:9042	22925	ENSG00000153246
PLAAT1	HGNC:14922	57110	ENSG00000127252
PLAAT2	HGNC:17824	54979	ENSG00000133328
PLAAT4	HGNC:9869	5920	ENSG00000133321
PLAAT5	HGNC:24978	117245	ENSG00000168004
PLAC1	HGNC:9044	10761	ENSG00000170965
PLAC8	HGNC:19254	51316	ENSG00000145287
PLAC8L1	HGNC:31746	153770	ENSG00000173261
PLAC9	HGNC:19255	219348	ENSG00000189129
PLAGL2	HGNC:9047	5326	ENSG00000126003
PLAUR	HGNC:9053	5329	ENSG00000011422
PLB1	HGNC:30041	151056	ENSG00000163803
PLBD1	HGNC:26215	79887	ENSG00000121316
PLBD2	HGNC:27283	196463	ENSG00000151176
PLCB2	HGNC:9055	5330	ENSG00000137841
PLCD3	HGNC:9061	113026	ENSG00000161714
PLCD4	HGNC:9062	84812	ENSG00000115556
PLCH2	HGNC:29037	9651	ENSG00000149527
PLCL1	HGNC:9063	5334	ENSG00000115896
PLCL2	HGNC:9064	23228	ENSG00000154822
PLCXD1	HGNC:23148	55344	ENSG00000182378
PLCXD2	HGNC:26462	257068	ENSG00000240891
PLCXD3	HGNC:31822	345557	ENSG00000182836
PLD2	HGNC:9068	5338	ENSG00000129219
PLD5	HGNC:26879	200150	ENSG00000180287
PLD6	HGNC:30447	201164	ENSG00000179598
PLEK	HGNC:9070	5341	ENSG00000115956
PLEK2	HGNC:19238	26499	ENSG00000100558
PLEKHA1	HGNC:14335	59338	ENSG00000107679
PLEKHA2	HGNC:14336	59339	ENSG00000169499
PLEKHA3	HGNC:14338	65977	ENSG00000116095
PLEKHA4	HGNC:14339	57664	ENSG00000105559
PLEKHA5	HGNC:30036	54477	ENSG00000052126
PLEKHA6	HGNC:17053	22874	ENSG00000143850
PLEKHA7	HGNC:27049	144100	ENSG00000166689
PLEKHA8	HGNC:30037	84725	ENSG00000106086
PLEKHB1	HGNC:19079	58473	ENSG00000021300
PLEKHB2	HGNC:19236	55041	ENSG00000115762
PLEKHD1	HGNC:20148	400224	ENSG00000175985
PLEKHF1	HGNC:20764	79156	ENSG00000166289
PLEKHF2	HGNC:20757	79666	ENSG00000175895
PLEKHG1	HGNC:20884	57480	ENSG00000120278
PLEKHG3	HGNC:20364	26030	ENSG00000126822
PLEKHG4B	HGNC:29399	153478	ENSG00000153404
PLEKHG6	HGNC:25562	55200	ENSG00000008323
PLEKHG7	HGNC:33829	440107	ENSG00000187510
PLEKHH1	HGNC:17733	57475	ENSG00000054690
PLEKHH2	HGNC:30506	130271	ENSG00000152527
PLEKHH3	HGNC:26105	79990	ENSG00000068137
PLEKHJ1	HGNC:18211	55111	ENSG00000104886
PLEKHM3	HGNC:34006	389072	ENSG00000178385
PLEKHN1	HGNC:25284	84069	ENSG00000187583
PLEKHO1	HGNC:24310	51177	ENSG00000023902
PLEKHO2	HGNC:30026	80301	ENSG00000241839
PLEKHS1	HGNC:26285	79949	ENSG00000148735
PLET1	HGNC:30053	349633	ENSG00000188771
PLGLB1	HGNC:9072	5343	ENSG00000183281
PLGLB2	HGNC:9073	5342	ENSG00000125551
PLGRKT	HGNC:23633	55848	ENSG00000107020
PLIN2	HGNC:248	123	ENSG00000147872
PLIN3	HGNC:16893	10226	ENSG00000105355
PLIN5	HGNC:33196	440503	ENSG00000214456
PLK1	HGNC:9077	5347	ENSG00000166851
PLK2	HGNC:19699	10769	ENSG00000145632
PLK3	HGNC:2154	1263	ENSG00000173846
PLK5	HGNC:27001	126520	ENSG00000185988
PLLP	HGNC:18553	51090	ENSG00000102934
PLP2	HGNC:9087	5355	ENSG00000102007
PLPP1	HGNC:9228	8611	ENSG00000067113
PLPP2	HGNC:9230	8612	ENSG00000141934
PLPP3	HGNC:9229	8613	ENSG00000162407
PLPP4	HGNC:23531	196051	ENSG00000203805
PLPP5	HGNC:25026	84513	ENSG00000147535
PLPP6	HGNC:23682	403313	ENSG00000205808
PLPP7	HGNC:28174	84814	ENSG00000160539
PLPPR1	HGNC:25993	54886	ENSG00000148123
PLPPR2	HGNC:29566	64748	ENSG00000105520
PLPPR3	HGNC:23497	79948	ENSG00000129951
PLPPR4	HGNC:23496	9890	ENSG00000117600
PLPPR5	HGNC:31703	163404	ENSG00000117598
PLRG1	HGNC:9089	5356	ENSG00000171566
PLSCR1	HGNC:9092	5359	ENSG00000188313
PLSCR2	HGNC:16494	57047	ENSG00000163746
PLSCR3	HGNC:16495	57048	ENSG00000187838
PLSCR4	HGNC:16497	57088	ENSG00000114698
PLSCR5	HGNC:19952	389158	ENSG00000231213
PLTP	HGNC:9093	5360	ENSG00000100979
PLXDC1	HGNC:20945	57125	ENSG00000161381
PLXDC2	HGNC:21013	84898	ENSG00000120594
PLXNA2	HGNC:9100	5362	ENSG00000076356
PLXNA3	HGNC:9101	55558	ENSG00000130827
PLXNA4	HGNC:9102	91584	ENSG00000221866
PLXNB1	HGNC:9103	5364	ENSG00000164050
PLXNB2	HGNC:9104	23654	ENSG00000196576
PLXNB3	HGNC:9105	5365	ENSG00000198753
PLXNC1	HGNC:9106	10154	ENSG00000136040
PM20D1	HGNC:26518	148811	ENSG00000162877
PM20D2	HGNC:21408	135293	ENSG00000146281
PMAIP1	HGNC:9108	5366	ENSG00000141682
PMCH	HGNC:9109	5367	ENSG00000183395
PMEL	HGNC:10880	6490	ENSG00000185664
PMEPA1	HGNC:14107	56937	ENSG00000124225
PMF1	HGNC:9112	11243	ENSG00000160783
PMIS2	HGNC:53649	111216276	ENSG00000283758
PMM1	HGNC:9114	5372	ENSG00000100417
PNCK	HGNC:13415	139728	ENSG00000130822
PNISR	HGNC:21222	25957	ENSG00000132424
PNLIPRP1	HGNC:9156	5407	ENSG00000187021
PNLIPRP2	HGNC:9157	5408	ENSG00000266200
PNLIPRP3	HGNC:23492	119548	ENSG00000203837
PNMA1	HGNC:9158	9240	ENSG00000176903
PNMA2	HGNC:9159	10687	ENSG00000240694
PNMA3	HGNC:18742	29944	ENSG00000183837
PNMA5	HGNC:18743	114824	ENSG00000198883
PNMA6A	HGNC:28248	84968	ENSG00000235961
PNMA6E	HGNC:50767	649238	ENSG00000214897
PNMA6F	HGNC:53119	105373377	ENSG00000225110
PNMA8A	HGNC:25578	55228	ENSG00000182013
PNMA8B	HGNC:29206	57469	ENSG00000204851
PNMA8C	HGNC:53427	110806277	ENSG00000277531
PNMT	HGNC:9160	5409	ENSG00000141744
PNN	HGNC:9162	5411	ENSG00000100941
PNO1	HGNC:32790	56902	ENSG00000115946
PNOC	HGNC:9163	5368	ENSG00000168081
PNPLA3	HGNC:18590	80339	ENSG00000100344
PNPLA4	HGNC:24887	8228	ENSG00000006757
PNPLA5	HGNC:24888	150379	ENSG00000100341
PNPLA7	HGNC:24768	375775	ENSG00000130653
PNRC1	HGNC:17278	10957	ENSG00000146278
PNRC2	HGNC:23158	55629	ENSG00000189266
POC5	HGNC:26658	134359	ENSG00000152359
PODN	HGNC:23174	127435	ENSG00000174348
PODNL1	HGNC:26275	79883	ENSG00000132000
PODXL2	HGNC:17936	50512	ENSG00000114631
POFUT2	HGNC:14683	23275	ENSG00000186866
POFUT3	HGNC:19234	84750	ENSG00000172728
POFUT4	HGNC:19233	170384	ENSG00000196968
POGK	HGNC:18800	57645	ENSG00000143157
POGLUT2	HGNC:19350	79070	ENSG00000134901
POGLUT3	HGNC:28496	143888	ENSG00000178202
POLA2	HGNC:30073	23649	ENSG00000014138
POLB	HGNC:9174	5423	ENSG00000070501
POLD4	HGNC:14106	57804	ENSG00000175482
POLDIP2	HGNC:23781	26073	ENSG00000004142
POLDIP3	HGNC:23782	84271	ENSG00000100227
POLE2	HGNC:9178	5427	ENSG00000100479
POLE3	HGNC:13546	54107	ENSG00000148229
POLE4	HGNC:18755	56655	ENSG00000115350
POLGARF	HGNC:56246	125316803	ENSG00000291307
POLI	HGNC:9182	11201	ENSG00000101751
POLK	HGNC:9183	51426	ENSG00000122008
POLL	HGNC:9184	27343	ENSG00000166169
POLM	HGNC:9185	27434	ENSG00000122678
POLN	HGNC:18870	353497	ENSG00000130997
POLQ	HGNC:9186	10721	ENSG00000051341
POLR1E	HGNC:17631	64425	ENSG00000137054
POLR1F	HGNC:18027	221830	ENSG00000105849
POLR1G	HGNC:24219	10849	ENSG00000117877
POLR1H	HGNC:13182	30834	ENSG00000066379
POLR2B	HGNC:9188	5431	ENSG00000047315
POLR2C	HGNC:9189	5432	ENSG00000102978
POLR2D	HGNC:9191	5433	ENSG00000144231
POLR2E	HGNC:9192	5434	ENSG00000099817
POLR2F	HGNC:9193	5435	ENSG00000100142
POLR2G	HGNC:9194	5436	ENSG00000168002
POLR2H	HGNC:9195	5437	ENSG00000163882
POLR2I	HGNC:9196	5438	ENSG00000105258
POLR2J	HGNC:9197	5439	ENSG00000005075
POLR2J2	HGNC:23208	246721	ENSG00000228049
POLR2J3	HGNC:33853	548644	ENSG00000168255
POLR2K	HGNC:9198	5440	ENSG00000147669
POLR2L	HGNC:9199	5441	ENSG00000177700
POLR2M	HGNC:14862	81488	ENSG00000255529
POLR3C	HGNC:30076	10623	ENSG00000186141
POLR3D	HGNC:1080	661	ENSG00000168495
POLR3E	HGNC:30347	55718	ENSG00000058600
POLR3G	HGNC:30075	10622	ENSG00000113356
POM121	HGNC:19702	9883	ENSG00000196313
POM121C	HGNC:34005	100101267	ENSG00000272391
POM121L2	HGNC:13973	94026	ENSG00000158553
POM121L12	HGNC:25369	285877	ENSG00000221900
POMZP3	HGNC:9203	22932	ENSG00000146707
POP4	HGNC:30081	10775	ENSG00000105171
POP5	HGNC:17689	51367	ENSG00000167272
POP7	HGNC:19949	10248	ENSG00000172336
POSTN	HGNC:16953	10631	ENSG00000133110
POTEA	HGNC:33893	340441	ENSG00000188877
POTEB	HGNC:33734	100996331	ENSG00000233917
POTEB2	HGNC:48327	100287399	ENSG00000230031
POTEB3	HGNC:51240	102724631	ENSG00000278522
POTEC	HGNC:33894	388468	ENSG00000183206
POTED	HGNC:23822	317754	ENSG00000166351
POTEE	HGNC:33895	445582	ENSG00000188219
POTEF	HGNC:33905	728378	ENSG00000196604
POTEG	HGNC:33896	404785	ENSG00000187537
POTEH	HGNC:133	23784	ENSG00000198062
POTEI	HGNC:37093	653269	ENSG00000196834
POTEJ	HGNC:37094	653781	ENSG00000222038
POTEM	HGNC:37096	641455	ENSG00000222036
POU2AF2	HGNC:30527	341032	ENSG00000150750
POU2AF3	HGNC:26978	120376	ENSG00000214290
POU2F1	HGNC:9212	5451	ENSG00000143190
POU2F2	HGNC:9213	5452	ENSG00000028277
POU2F3	HGNC:19864	25833	ENSG00000137709
POU3F1	HGNC:9214	5453	ENSG00000185668
POU3F2	HGNC:9215	5454	ENSG00000184486
POU4F2	HGNC:9219	5458	ENSG00000151615
POU5F1	HGNC:9221	5460	ENSG00000204531
POU5F1B	HGNC:9223	5462	ENSG00000212993
POU5F2	HGNC:26367	134187	ENSG00000248483
POU6F1	HGNC:9224	5463	ENSG00000184271
PP2D1	HGNC:28406	151649	ENSG00000183977
PPA1	HGNC:9226	5464	ENSG00000180817
PPAN	HGNC:9227	56342	ENSG00000130810
PPARA	HGNC:9232	5465	ENSG00000186951
PPARD	HGNC:9235	5467	ENSG00000112033
PPAT	HGNC:9238	5471	ENSG00000128059
PPBP	HGNC:9240	5473	ENSG00000163736
PPCDC	HGNC:28107	60490	ENSG00000138621
PPDPF	HGNC:16142	79144	ENSG00000125534
PPDPFL	HGNC:31745	492307	ENSG00000168333
PPEF1	HGNC:9243	5475	ENSG00000086717
PPEF2	HGNC:9244	5470	ENSG00000156194
PPFIA1	HGNC:9245	8500	ENSG00000131626
PPFIA2	HGNC:9246	8499	ENSG00000139220
PPFIA4	HGNC:9248	8497	ENSG00000143847
PPFIBP2	HGNC:9250	8495	ENSG00000166387
PPHLN1	HGNC:19369	51535	ENSG00000134283
PPIA	HGNC:9253	5478	ENSG00000196262
PPIAL4A	HGNC:24369	653505	ENSG00000263353
PPIAL4C	HGNC:33995	653598	ENSG00000288867
PPIAL4D	HGNC:33998	645142	ENSG00000289549
PPIAL4E	HGNC:33997	730262	ENSG00000271567
PPIAL4F	HGNC:33999	728945	ENSG00000279782
PPIAL4G	HGNC:33996	644591	ENSG00000236334
PPIAL4H	HGNC:53889	105371242	ENSG00000270339
PPIC	HGNC:9256	5480	ENSG00000168938
PPID	HGNC:9257	5481	ENSG00000171497
PPIE	HGNC:9258	10450	ENSG00000084072
PPIF	HGNC:9259	10105	ENSG00000108179
PPIG	HGNC:14650	9360	ENSG00000138398
PPIH	HGNC:14651	10465	ENSG00000171960
PPIL2	HGNC:9261	23759	ENSG00000100023
PPIL3	HGNC:9262	53938	ENSG00000240344
PPIL4	HGNC:15702	85313	ENSG00000131013
PPIL6	HGNC:21557	285755	ENSG00000185250
PPIP5K1	HGNC:29023	9677	ENSG00000168781
PPL	HGNC:9273	5493	ENSG00000118898
PPM1A	HGNC:9275	5494	ENSG00000100614
PPM1E	HGNC:19322	22843	ENSG00000175175
PPM1F	HGNC:19388	9647	ENSG00000100034
PPM1G	HGNC:9278	5496	ENSG00000115241
PPM1H	HGNC:18583	57460	ENSG00000111110
PPM1J	HGNC:20785	333926	ENSG00000155367
PPM1L	HGNC:16381	151742	ENSG00000163590
PPM1M	HGNC:26506	132160	ENSG00000164088
PPM1N	HGNC:26845	147699	ENSG00000213889
PPME1	HGNC:30178	51400	ENSG00000214517
PPP1CA	HGNC:9281	5499	ENSG00000172531
PPP1CC	HGNC:9283	5501	ENSG00000186298
PPP1R1A	HGNC:9286	5502	ENSG00000135447
PPP1R1B	HGNC:9287	84152	ENSG00000131771
PPP1R1C	HGNC:14940	151242	ENSG00000150722
PPP1R2	HGNC:9288	5504	ENSG00000184203
PPP1R2B	HGNC:16318	153743	ENSG00000231989
PPP1R2C	HGNC:16324	80316	ENSG00000102055
PPP1R3B	HGNC:14942	79660	ENSG00000173281
PPP1R3C	HGNC:9293	5507	ENSG00000119938
PPP1R3D	HGNC:9294	5509	ENSG00000132825
PPP1R3E	HGNC:14943	90673	ENSG00000235194
PPP1R3F	HGNC:14944	89801	ENSG00000049769
PPP1R3G	HGNC:14945	648791	ENSG00000219607
PPP1R7	HGNC:9295	5510	ENSG00000115685
PPP1R8	HGNC:9296	5511	ENSG00000117751
PPP1R9A	HGNC:14946	55607	ENSG00000158528
PPP1R9B	HGNC:9298	84687	ENSG00000108819
PPP1R10	HGNC:9284	5514	ENSG00000204569
PPP1R11	HGNC:9285	6992	ENSG00000204619
PPP1R12B	HGNC:7619	4660	ENSG00000077157
PPP1R12C	HGNC:14947	54776	ENSG00000125503
PPP1R13B	HGNC:14950	23368	ENSG00000088808
PPP1R14A	HGNC:14871	94274	ENSG00000167641
PPP1R14B	HGNC:9057	26472	ENSG00000173457
PPP1R14C	HGNC:14952	81706	ENSG00000198729
PPP1R14D	HGNC:14953	54866	ENSG00000166143
PPP1R15A	HGNC:14375	23645	ENSG00000087074
PPP1R16A	HGNC:14941	84988	ENSG00000160972
PPP1R16B	HGNC:15850	26051	ENSG00000101445
PPP1R18	HGNC:29413	170954	ENSG00000146112
PPP1R26	HGNC:29089	9858	ENSG00000196422
PPP1R27	HGNC:16813	116729	ENSG00000182676
PPP1R35	HGNC:28320	221908	ENSG00000160813
PPP1R36	HGNC:20097	145376	ENSG00000165807
PPP1R37	HGNC:27607	284352	ENSG00000104866
PPP1R42	HGNC:33732	286187	ENSG00000178125
PPP2CB	HGNC:9300	5516	ENSG00000104695
PPP2R2A	HGNC:9304	5520	ENSG00000221914
PPP2R2C	HGNC:9306	5522	ENSG00000074211
PPP2R2D	HGNC:23732	55844	ENSG00000175470
PPP2R3A	HGNC:9307	5523	ENSG00000073711
PPP2R3B	HGNC:13417	28227	ENSG00000167393
PPP2R5A	HGNC:9309	5525	ENSG00000066027
PPP2R5B	HGNC:9310	5526	ENSG00000068971
PPP2R5E	HGNC:9313	5529	ENSG00000154001
PPP3CB	HGNC:9315	5532	ENSG00000107758
PPP3CC	HGNC:9316	5533	ENSG00000120910
PPP3R1	HGNC:9317	5534	ENSG00000221823
PPP3R2	HGNC:9318	5535	ENSG00000188386
PPP4C	HGNC:9319	5531	ENSG00000149923
PPP4R1	HGNC:9320	9989	ENSG00000154845
PPP4R2	HGNC:18296	151987	ENSG00000163605
PPP4R3A	HGNC:20219	55671	ENSG00000100796
PPP4R3B	HGNC:29267	57223	ENSG00000275052
PPP4R3C	HGNC:33146	139420	ENSG00000224960
PPP4R4	HGNC:23788	57718	ENSG00000119698
PPP5C	HGNC:9322	5536	ENSG00000011485
PPP6C	HGNC:9323	5537	ENSG00000119414
PPP6R1	HGNC:29195	22870	ENSG00000105063
PPP6R2	HGNC:19253	9701	ENSG00000100239
PPP6R3	HGNC:1173	55291	ENSG00000110075
PPRC1	HGNC:30025	23082	ENSG00000148840
PPT2	HGNC:9326	9374	ENSG00000221988
PPTC7	HGNC:30695	160760	ENSG00000196850
PPWD1	HGNC:28954	23398	ENSG00000113593
PPY	HGNC:9327	5539	ENSG00000108849
PRAC1	HGNC:30591	84366	ENSG00000159182
PRAC2	HGNC:30143	360205	ENSG00000229637
PRADC1	HGNC:16047	84279	ENSG00000135617
PRAF2	HGNC:28911	11230	ENSG00000243279
PRAG1	HGNC:25438	157285	ENSG00000275342
PRAM1	HGNC:30091	84106	ENSG00000133246
PRAME	HGNC:9336	23532	ENSG00000185686
PRAMEF1	HGNC:28840	65121	ENSG00000116721
PRAMEF2	HGNC:28841	65122	ENSG00000120952
PRAMEF4	HGNC:31971	400735	ENSG00000243073
PRAMEF5	HGNC:27995	343068	ENSG00000270601
PRAMEF6	HGNC:30583	440561	ENSG00000232423
PRAMEF7	HGNC:28415	441871	ENSG00000204510
PRAMEF8	HGNC:24074	391002	ENSG00000182330
PRAMEF9	HGNC:27996	343070	ENSG00000204505
PRAMEF10	HGNC:27997	343071	ENSG00000187545
PRAMEF11	HGNC:14086	440560	ENSG00000239810
PRAMEF12	HGNC:22125	390999	ENSG00000116726
PRAMEF13	HGNC:13262	400736	ENSG00000279169
PRAMEF14	HGNC:13576	729528	ENSG00000204481
PRAMEF15	HGNC:26764	653619	ENSG00000204501
PRAMEF17	HGNC:29485	391004	ENSG00000204479
PRAMEF18	HGNC:30693	391003	ENSG00000279804
PRAMEF19	HGNC:24908	645414	ENSG00000204480
PRAMEF20	HGNC:25224	645425	ENSG00000204478
PRAMEF25	HGNC:49179	441873	ENSG00000229571
PRAMEF26	HGNC:49178	645359	ENSG00000280267
PRAMEF27	HGNC:51234	101929983	ENSG00000274764
PRAMEF33	HGNC:49193	645382	ENSG00000237700
PRAP1	HGNC:23304	118471	ENSG00000165828
PRB1	HGNC:9337	5542	ENSG00000251655
PRB2	HGNC:9338	653247	ENSG00000121335
PRB3	HGNC:9339	5544	ENSG00000197870
PRB4	HGNC:9340	5545	ENSG00000230657
PRC1	HGNC:9341	9055	ENSG00000198901
PRCP	HGNC:9344	5547	ENSG00000137509
PRDM1	HGNC:9346	639	ENSG00000057657
PRDM2	HGNC:9347	7799	ENSG00000116731
PRDM4	HGNC:9348	11108	ENSG00000110851
PRDM7	HGNC:9351	11105	ENSG00000126856
PRDM9	HGNC:13994	56979	ENSG00000164256
PRDM11	HGNC:13996	56981	ENSG00000019485
PRDM14	HGNC:14001	63978	ENSG00000147596
PRDM15	HGNC:13999	63977	ENSG00000141956
PRDX2	HGNC:9353	7001	ENSG00000167815
PRDX4	HGNC:17169	10549	ENSG00000123131
PRDX5	HGNC:9355	25824	ENSG00000126432
PRDX6	HGNC:16753	9588	ENSG00000117592
PREB	HGNC:9356	10113	ENSG00000138073
PRELID1	HGNC:30255	27166	ENSG00000169230
PRELID2	HGNC:28306	153768	ENSG00000186314
PRELID3A	HGNC:24639	10650	ENSG00000141391
PRELID3B	HGNC:15892	51012	ENSG00000101166
PRELP	HGNC:9357	5549	ENSG00000188783
PREP	HGNC:9358	5550	ENSG00000085377
PREX1	HGNC:32594	57580	ENSG00000124126
PREX2	HGNC:22950	80243	ENSG00000046889
PRG2	HGNC:9362	5553	ENSG00000186652
PRG3	HGNC:9363	10394	ENSG00000156575
PRH1	HGNC:9366	5554	ENSG00000231887
PRH2	HGNC:9367	5555	ENSG00000134551
PRICKLE4	HGNC:16805	29964	ENSG00000278224
PRIM2	HGNC:9370	5558	ENSG00000146143
PRKAA1	HGNC:9376	5562	ENSG00000132356
PRKAA2	HGNC:9377	5563	ENSG00000162409
PRKAB1	HGNC:9378	5564	ENSG00000111725
PRKAB2	HGNC:9379	5565	ENSG00000131791
PRKAG1	HGNC:9385	5571	ENSG00000181929
PRKAR2A	HGNC:9391	5576	ENSG00000114302
PRKAR2B	HGNC:9392	5577	ENSG00000005249
PRKCA	HGNC:9393	5578	ENSG00000154229
PRKCB	HGNC:9395	5579	ENSG00000166501
PRKCE	HGNC:9401	5581	ENSG00000171132
PRKCI	HGNC:9404	5584	ENSG00000163558
PRKCQ	HGNC:9410	5588	ENSG00000065675
PRKD2	HGNC:17293	25865	ENSG00000105287
PRKD3	HGNC:9408	23683	ENSG00000115825
PRKRIP1	HGNC:21894	79706	ENSG00000128563
PRKX	HGNC:9441	5613	ENSG00000183943
PRL	HGNC:9445	5617	ENSG00000172179
PRLH	HGNC:17945	51052	ENSG00000071677
PRLHR	HGNC:4464	2834	ENSG00000119973
PRM1	HGNC:9447	5619	ENSG00000175646
PRM2	HGNC:9448	5620	ENSG00000122304
PRM3	HGNC:13732	58531	ENSG00000178257
PRMT1	HGNC:5187	3276	ENSG00000126457
PRMT2	HGNC:5186	3275	ENSG00000160310
PRMT3	HGNC:30163	10196	ENSG00000185238
PRMT5	HGNC:10894	10419	ENSG00000100462
PRMT6	HGNC:18241	55170	ENSG00000198890
PRMT8	HGNC:5188	56341	ENSG00000111218
PRMT9	HGNC:25099	90826	ENSG00000164169
PRND	HGNC:15748	23627	ENSG00000171864
PROB1	HGNC:41906	389333	ENSG00000228672
PROCA1	HGNC:28600	147011	ENSG00000167525
PROCR	HGNC:9452	10544	ENSG00000101000
PROK1	HGNC:18454	84432	ENSG00000143125
PROKR1	HGNC:4524	10887	ENSG00000169618
PROM2	HGNC:20685	150696	ENSG00000155066
PRORY	HGNC:38732	100533178	ENSG00000183146
PROSER1	HGNC:20291	80209	ENSG00000120685
PROSER2	HGNC:23728	254427	ENSG00000148426
PROSER3	HGNC:25204	148137	ENSG00000167595
PROX2	HGNC:26715	283571	ENSG00000119608
PRP4K	HGNC:17346	8899	ENSG00000112739
PRPF18	HGNC:17351	8559	ENSG00000165630
PRPF19	HGNC:17896	27339	ENSG00000110107
PRPF38A	HGNC:25930	84950	ENSG00000134748
PRPF38B	HGNC:25512	55119	ENSG00000134186
PRPF39	HGNC:20314	55015	ENSG00000185246
PRPF40A	HGNC:16463	55660	ENSG00000196504
PRPF40B	HGNC:25031	25766	ENSG00000110844
PRPS1L1	HGNC:9463	221823	ENSG00000229937
PRPS2	HGNC:9465	5634	ENSG00000101911
PRPSAP1	HGNC:9466	5635	ENSG00000161542
PRPSAP2	HGNC:9467	5636	ENSG00000141127
PRR3	HGNC:21149	80742	ENSG00000204576
PRR4	HGNC:18020	11272	ENSG00000111215
PRR5	HGNC:31682	55615	ENSG00000186654
PRR5L	HGNC:25878	79899	ENSG00000135362
PRR7	HGNC:28130	80758	ENSG00000131188
PRR9	HGNC:32057	574414	ENSG00000203783
PRR11	HGNC:25619	55771	ENSG00000068489
PRR13	HGNC:24528	54458	ENSG00000205352
PRR14	HGNC:28458	78994	ENSG00000156858
PRR14L	HGNC:28738	253143	ENSG00000183530
PRR15	HGNC:22310	222171	ENSG00000176532
PRR15L	HGNC:28149	79170	ENSG00000167183
PRR16	HGNC:29654	51334	ENSG00000184838
PRR18	HGNC:28574	285800	ENSG00000176381
PRR19	HGNC:33728	284338	ENSG00000188368
PRR20A	HGNC:24754	122183	ENSG00000204919
PRR20B	HGNC:37220	729233	ENSG00000204918
PRR20C	HGNC:37221	729240	ENSG00000229665
PRR20D	HGNC:37222	729246	ENSG00000227151
PRR20E	HGNC:37223	729250	ENSG00000234278
PRR20G	HGNC:53837	100419008	ENSG00000239620
PRR22	HGNC:28354	163154	ENSG00000212123
PRR23A	HGNC:37172	729627	ENSG00000206260
PRR23B	HGNC:33764	389151	ENSG00000184814
PRR23C	HGNC:37173	389152	ENSG00000233701
PRR23D1	HGNC:49420	100131608	ENSG00000255251
PRR23D2	HGNC:49396	100133251	ENSG00000255378
PRR23E	HGNC:32481	285311	ENSG00000214324
PRR27	HGNC:33193	401137	ENSG00000187533
PRR29	HGNC:25673	92340	ENSG00000224383
PRR30	HGNC:28677	339779	ENSG00000186143
PRR32	HGNC:34498	100130613	ENSG00000183631
PRR33	HGNC:35118	102724536	ENSG00000283787
PRR35	HGNC:14139	146325	ENSG00000161992
PRR36	HGNC:26172	80164	ENSG00000183248
PRRC1	HGNC:28164	133619	ENSG00000164244
PRRC2A	HGNC:13918	7916	ENSG00000204469
PRRC2B	HGNC:28121	84726	ENSG00000288701
PRRC2C	HGNC:24903	23215	ENSG00000117523
PRRG1	HGNC:9469	5638	ENSG00000130962
PRRG2	HGNC:9470	5639	ENSG00000126460
PRRG3	HGNC:30798	79057	ENSG00000130032
PRRG4	HGNC:30799	79056	ENSG00000135378
PRRT1	HGNC:13943	80863	ENSG00000204314
PRRT1B	HGNC:53642	642515	ENSG00000283526
PRRT3	HGNC:26591	285368	ENSG00000163704
PRRT4	HGNC:37280	401399	ENSG00000224940
PRRX2	HGNC:21338	51450	ENSG00000167157
PRSS3	HGNC:9486	5646	ENSG00000010438
PRSS8	HGNC:9491	5652	ENSG00000052344
PRSS16	HGNC:9480	10279	ENSG00000112812
PRSS21	HGNC:9485	10942	ENSG00000007038
PRSS22	HGNC:14368	64063	ENSG00000005001
PRSS23	HGNC:14370	11098	ENSG00000150687
PRSS27	HGNC:15475	83886	ENSG00000172382
PRSS33	HGNC:30405	260429	ENSG00000103355
PRSS35	HGNC:21387	167681	ENSG00000146250
PRSS36	HGNC:26906	146547	ENSG00000178226
PRSS37	HGNC:29211	136242	ENSG00000165076
PRSS38	HGNC:29625	339501	ENSG00000185888
PRSS41	HGNC:30715	360226	ENSG00000215148
PRSS48	HGNC:24635	345062	ENSG00000189099
PRSS50	HGNC:17910	29122	ENSG00000283706
PRSS51	HGNC:37321	346702	ENSG00000253649
PRSS53	HGNC:34407	339105	ENSG00000151006
PRSS54	HGNC:26336	221191	ENSG00000103023
PRSS55	HGNC:30824	203074	ENSG00000184647
PRSS57	HGNC:31397	400668	ENSG00000185198
PRSS58	HGNC:39125	136541	ENSG00000258223
PRTFDC1	HGNC:23333	56952	ENSG00000099256
PRTG	HGNC:26373	283659	ENSG00000166450
PRUNE2	HGNC:25209	158471	ENSG00000106772
PRXL2A	HGNC:28651	84293	ENSG00000122378
PRXL2B	HGNC:28390	127281	ENSG00000157870
PRXL2C	HGNC:16881	195827	ENSG00000158122
PSAPL1	HGNC:33131	768239	ENSG00000178597
PSCA	HGNC:9500	8000	ENSG00000167653
ATG4A	HGNC:16489	115201	ENSG00000101844
ATG4B	HGNC:20790	23192	ENSG00000168397
ATG4C	HGNC:16040	84938	ENSG00000125703
ATG9A	HGNC:22408	79065	ENSG00000198925
ATG9B	HGNC:21899	285973	ENSG00000181652
ATG10	HGNC:20315	83734	ENSG00000152348
ATG12	HGNC:588	9140	ENSG00000145782
ATG13	HGNC:29091	9776	ENSG00000175224
ATG14	HGNC:19962	22863	ENSG00000126775
ATG16L2	HGNC:25464	89849	ENSG00000168010
ATG101	HGNC:25679	60673	ENSG00000123395
ATL2	HGNC:24047	64225	ENSG00000119787
ATMIN	HGNC:29034	23300	ENSG00000166454
ATOH8	HGNC:24126	84913	ENSG00000168874
ATOSA	HGNC:25609	56204	ENSG00000047346
ATOSB	HGNC:25666	80256	ENSG00000005238
ATOX1	HGNC:798	475	ENSG00000177556
ATP1A4	HGNC:14073	480	ENSG00000132681
ATP1B2	HGNC:805	482	ENSG00000129244
ATP1B3	HGNC:806	483	ENSG00000069849
ATP1B4	HGNC:808	23439	ENSG00000101892
ATP2A3	HGNC:813	489	ENSG00000074370
ATP2B4	HGNC:817	493	ENSG00000058668
ATP2C2	HGNC:29103	9914	ENSG00000064270
ATP4B	HGNC:820	496	ENSG00000186009
ATP5F1C	HGNC:833	509	ENSG00000165629
ATP5IF1	HGNC:871	93974	ENSG00000130770
ATP5MC1	HGNC:841	516	ENSG00000159199
ATP5MC2	HGNC:842	517	ENSG00000135390
ATP5ME	HGNC:846	521	ENSG00000169020
ATP5MF	HGNC:848	9551	ENSG00000241468
ATP5MG	HGNC:14247	10632	ENSG00000167283
ATP5MGL	HGNC:13213	267020	ENSG00000249222
ATP5MJ	HGNC:1188	9556	ENSG00000156411
ATP5PB	HGNC:840	515	ENSG00000116459
ATP5PD	HGNC:845	10476	ENSG00000167863
ATP5PF	HGNC:847	522	ENSG00000154723
ATP6V1C1	HGNC:856	528	ENSG00000155097
ATP6V1C2	HGNC:18264	245973	ENSG00000143882
ATP6V1D	HGNC:13527	51382	ENSG00000100554
ATP6V1E2	HGNC:18125	90423	ENSG00000250565
ATP6V1F	HGNC:16832	9296	ENSG00000128524
ATP6V1G1	HGNC:864	9550	ENSG00000136888
ATP6V1G2	HGNC:862	534	ENSG00000213760
ATP6V1G3	HGNC:18265	127124	ENSG00000151418
ATP6V1H	HGNC:18303	51606	ENSG00000047249
ATP6V0B	HGNC:861	533	ENSG00000117410
ATP6V0D1	HGNC:13724	9114	ENSG00000159720
ATP6V0D2	HGNC:18266	245972	ENSG00000147614
ATP6V0E1	HGNC:863	8992	ENSG00000113732
ATP6V0E2	HGNC:21723	155066	ENSG00000171130
ATP8A1	HGNC:13531	10396	ENSG00000124406
ATP8B2	HGNC:13534	57198	ENSG00000143515
ATP8B3	HGNC:13535	148229	ENSG00000130270
ATP8B4	HGNC:13536	79895	ENSG00000104043
ATP9B	HGNC:13541	374868	ENSG00000166377
ATP10B	HGNC:13543	23120	ENSG00000118322
ATP10D	HGNC:13549	57205	ENSG00000145246
ATP11B	HGNC:13553	23200	ENSG00000058063
ATP12A	HGNC:13816	479	ENSG00000075673
ATP13A1	HGNC:24215	57130	ENSG00000105726
ATP13A4	HGNC:25422	84239	ENSG00000127249
ATP13A5	HGNC:31789	344905	ENSG00000187527
ATP23	HGNC:29452	91419	ENSG00000166896
ATPAF1	HGNC:18803	64756	ENSG00000123472
ATPSCKMT	HGNC:27029	134145	ENSG00000150756
ATRAID	HGNC:24090	51374	ENSG00000138085
ATRN	HGNC:885	8455	ENSG00000088812
ATRNL1	HGNC:29063	26033	ENSG00000107518
ATXN1L	HGNC:33279	342371	ENSG00000224470
ATXN2L	HGNC:31326	11273	ENSG00000168488
ATXN3L	HGNC:24173	92552	ENSG00000123594
ATXN7L1	HGNC:22210	222255	ENSG00000146776
ATXN7L2	HGNC:28713	127002	ENSG00000162650
ATXN7L3B	HGNC:37931	552889	ENSG00000253719
AUNIP	HGNC:28363	79000	ENSG00000127423
AUP1	HGNC:891	550	ENSG00000115307
AURKAIP1	HGNC:24114	54998	ENSG00000175756
AURKB	HGNC:11390	9212	ENSG00000178999
AVEN	HGNC:13509	57099	ENSG00000169857
AVL9	HGNC:28994	23080	ENSG00000105778
AVPI1	HGNC:30898	60370	ENSG00000119986
AVPR1B	HGNC:896	553	ENSG00000198049
AWAT1	HGNC:23252	158833	ENSG00000204195
AWAT2	HGNC:23251	158835	ENSG00000147160
AXDND1	HGNC:26564	126859	ENSG00000162779
AZGP1	HGNC:910	563	ENSG00000160862
AZI2	HGNC:24002	64343	ENSG00000163512
AZIN1	HGNC:16432	51582	ENSG00000155096
AZIN2	HGNC:29957	113451	ENSG00000142920
AZU1	HGNC:913	566	ENSG00000172232
B3GALT1	HGNC:916	8708	ENSG00000172318
B3GALT2	HGNC:917	8707	ENSG00000162630
B3GALT4	HGNC:919	8705	ENSG00000235863
B3GALT5	HGNC:920	10317	ENSG00000183778
B3GALT9	HGNC:53652	100288842	ENSG00000214654
B3GAT1	HGNC:921	27087	ENSG00000109956
B3GAT2	HGNC:922	135152	ENSG00000112309
B3GNT2	HGNC:15629	10678	ENSG00000170340
B3GNT3	HGNC:13528	10331	ENSG00000179913
B3GNT4	HGNC:15683	79369	ENSG00000176383
B3GNT5	HGNC:15684	84002	ENSG00000176597
B3GNT6	HGNC:24141	192134	ENSG00000198488
B3GNT7	HGNC:18811	93010	ENSG00000156966
B3GNT8	HGNC:24139	374907	ENSG00000177191
B3GNT9	HGNC:28714	84752	ENSG00000237172
B4GALNT3	HGNC:24137	283358	ENSG00000139044
B4GALNT4	HGNC:26315	338707	ENSG00000182272
B4GALT2	HGNC:925	8704	ENSG00000117411
B4GALT3	HGNC:926	8703	ENSG00000158850
B4GALT4	HGNC:927	8702	ENSG00000121578
B4GALT5	HGNC:928	9334	ENSG00000158470
B4GALT6	HGNC:929	9331	ENSG00000118276
BAALC	HGNC:14333	79870	ENSG00000164929
BABAM1	HGNC:25008	29086	ENSG00000105393
BABAM2	HGNC:1106	9577	ENSG00000158019
BACC1	HGNC:28737	124944	ENSG00000258315
BACE1	HGNC:933	23621	ENSG00000186318
BACE2	HGNC:934	25825	ENSG00000182240
BACH1	HGNC:935	571	ENSG00000156273
BAD	HGNC:936	572	ENSG00000002330
BAG1	HGNC:937	573	ENSG00000107262
BAG2	HGNC:938	9532	ENSG00000112208
BAG4	HGNC:940	9530	ENSG00000156735
BAG6	HGNC:13919	7917	ENSG00000204463
BAGE	HGNC:942	574	
BAGE3	HGNC:15728	85318	
BAGE4	HGNC:15730	85317	
BAGE5	HGNC:15732	85316	
BAHCC1	HGNC:29279	57597	ENSG00000266074
BAHD1	HGNC:29153	22893	ENSG00000140320
BAIAP2L1	HGNC:21649	55971	ENSG00000006453
BAIAP2L2	HGNC:26203	80115	ENSG00000128298
BAIAP3	HGNC:948	8938	ENSG00000007516
BAK1	HGNC:949	578	ENSG00000030110
BAMBI	HGNC:30251	25805	ENSG00000095739
BANF2	HGNC:16172	140836	ENSG00000125888
BANP	HGNC:13450	54971	ENSG00000172530
BARHL1	HGNC:953	56751	ENSG00000125492
BARHL2	HGNC:954	343472	ENSG00000143032
BARX1	HGNC:955	56033	ENSG00000131668
BARX2	HGNC:956	8538	ENSG00000043039
BASP1	HGNC:957	10409	ENSG00000176788
BATF	HGNC:958	10538	ENSG00000156127
BATF2	HGNC:25163	116071	ENSG00000168062
BATF3	HGNC:28915	55509	ENSG00000123685
BAZ1A	HGNC:960	11177	ENSG00000198604
BAZ2A	HGNC:962	11176	ENSG00000076108
BBC3	HGNC:17868	27113	ENSG00000105327
BBLN	HGNC:17823	79095	ENSG00000171159
BBOF1	HGNC:19855	80127	ENSG00000119636
BBOX1	HGNC:964	8424	ENSG00000129151
BBX	HGNC:14422	56987	ENSG00000114439
BCAN	HGNC:23059	63827	ENSG00000132692
BCAP29	HGNC:24131	55973	ENSG00000075790
BCAR1	HGNC:971	9564	ENSG00000050820
BCAR3	HGNC:973	8412	ENSG00000137936
BCAS1	HGNC:974	8537	ENSG00000064787
BCAS2	HGNC:975	10286	ENSG00000116752
BCAS4	HGNC:14367	55653	ENSG00000124243
BCAT1	HGNC:976	586	ENSG00000060982
BCCIP	HGNC:978	56647	ENSG00000107949
BCDIN3D	HGNC:27050	144233	ENSG00000186666
BCL2A1	HGNC:991	597	ENSG00000140379
BCL2L1	HGNC:992	598	ENSG00000171552
BCL2L2	HGNC:995	599	ENSG00000129473
BCL2L10	HGNC:993	10017	ENSG00000137875
BCL2L11	HGNC:994	10018	ENSG00000153094
BCL2L12	HGNC:13787	83596	ENSG00000126453
BCL2L13	HGNC:17164	23786	ENSG00000099968
BCL2L14	HGNC:16657	79370	ENSG00000121380
BCL2L15	HGNC:33624	440603	ENSG00000188761
BCL3	HGNC:998	602	ENSG00000069399
BCL6B	HGNC:1002	255877	ENSG00000161940
BCL7A	HGNC:1004	605	ENSG00000110987
BCL7B	HGNC:1005	9275	ENSG00000106635
BCL7C	HGNC:1006	9274	ENSG00000099385
BCL9L	HGNC:23688	283149	ENSG00000186174
BCLAF1	HGNC:16863	9774	ENSG00000029363
BCLAF3	HGNC:27413	256643	ENSG00000173681
BCO2	HGNC:18503	83875	ENSG00000197580
BDH1	HGNC:1027	622	ENSG00000161267
BDH2	HGNC:32389	56898	ENSG00000164039
BDKRB1	HGNC:1029	623	ENSG00000100739
BDKRB2	HGNC:1030	624	ENSG00000168398
BECN1	HGNC:1034	8678	ENSG00000126581
BECN2	HGNC:38606	441925	ENSG00000196289
BEGAIN	HGNC:24163	57596	ENSG00000183092
BEND2	HGNC:28509	139105	ENSG00000177324
BEND3	HGNC:23040	57673	ENSG00000178409
BEND4	HGNC:23815	389206	ENSG00000188848
BEND5	HGNC:25668	79656	ENSG00000162373
BEND6	HGNC:20871	221336	ENSG00000151917
BEND7	HGNC:23514	222389	ENSG00000165626
BEST2	HGNC:17107	54831	ENSG00000039987
BEST3	HGNC:17105	144453	ENSG00000127325
BEST4	HGNC:17106	266675	ENSG00000142959
BET1L	HGNC:19348	51272	ENSG00000177951
BEX1	HGNC:1036	55859	ENSG00000133169
BEX2	HGNC:30933	84707	ENSG00000133134
BEX3	HGNC:13388	27018	ENSG00000166681
BEX4	HGNC:25475	56271	ENSG00000102409
BEX5	HGNC:27990	340542	ENSG00000184515
BFAR	HGNC:17613	51283	ENSG00000103429
BGLAP	HGNC:1043	632	ENSG00000242252
BHLHA15	HGNC:22265	168620	ENSG00000180535
BHLHE22	HGNC:11963	27319	ENSG00000180828
BHLHE23	HGNC:16093	128408	ENSG00000125533
BHLHE40	HGNC:1046	8553	ENSG00000134107
BHMT	HGNC:1047	635	ENSG00000145692
BHMT2	HGNC:1048	23743	ENSG00000132840
BICD1	HGNC:1049	636	ENSG00000151746
BICDL1	HGNC:28095	92558	ENSG00000135127
BICDL2	HGNC:33584	146439	ENSG00000162069
BICRAL	HGNC:21111	23506	ENSG00000112624
BID	HGNC:1050	637	ENSG00000015475
BIK	HGNC:1051	638	ENSG00000100290
BIN2	HGNC:1053	51411	ENSG00000110934
BIN3	HGNC:1054	55909	ENSG00000147439
BIRC2	HGNC:590	329	ENSG00000110330
BIRC5	HGNC:593	332	ENSG00000089685
BIRC6	HGNC:13516	57448	ENSG00000115760
BIRC7	HGNC:13702	79444	ENSG00000101197
BIRC8	HGNC:14878	112401	ENSG00000163098
BIVM	HGNC:16034	54841	ENSG00000134897
BKGD	HGNC:30204	28970	ENSG00000182919
BLACAT1	HGNC:48597	101669762	ENSG00000281406
BLCAP	HGNC:1055	10904	ENSG00000166619
BLID	HGNC:33495	414899	ENSG00000259571
BLOC1S1	HGNC:4200	2647	ENSG00000135441
BLOC1S2	HGNC:20984	282991	ENSG00000196072
BLOC1S4	HGNC:24206	55330	ENSG00000186222
BLTP2	HGNC:28960	9703	ENSG00000007202
BLTP3A	HGNC:21216	54887	ENSG00000065060
BLTP3B	HGNC:29102	23074	ENSG00000111647
BLVRB	HGNC:1063	645	ENSG00000090013
BLZF1	HGNC:1065	8548	ENSG00000117475
BMAL1	HGNC:701	406	ENSG00000133794
BMAL2	HGNC:18984	56938	ENSG00000029153
BMERB1	HGNC:19213	89927	ENSG00000166780
BMF	HGNC:24132	90427	ENSG00000104081
BMI1	HGNC:1066	648	ENSG00000168283
BMP2K	HGNC:18041	55589	ENSG00000138756
BMP3	HGNC:1070	651	ENSG00000152785
BMP5	HGNC:1072	653	ENSG00000112175
BMP7	HGNC:1074	655	ENSG00000101144
BMP8A	HGNC:21650	353500	ENSG00000183682
BMP8B	HGNC:1075	656	ENSG00000116985
BMX	HGNC:1079	660	ENSG00000102010
BNIP2	HGNC:1083	663	ENSG00000140299
BNIP3	HGNC:1084	664	ENSG00000176171
BNIP3L	HGNC:1085	665	ENSG00000104765
BNIP5	HGNC:33769	389384	ENSG00000189325
BNIPL	HGNC:16976	149428	ENSG00000163141
BOC	HGNC:17173	91653	ENSG00000144857
BOD1	HGNC:25114	91272	ENSG00000145919
BOD1L1	HGNC:31792	259282	ENSG00000038219
BOD1L2	HGNC:28505	284257	ENSG00000228075
BOK	HGNC:1087	666	ENSG00000176720
BOLA1	HGNC:24263	51027	ENSG00000178096
BOLA2	HGNC:29488	552900	ENSG00000183336
BOLA2B	HGNC:32479	654483	ENSG00000169627
BOLL	HGNC:14273	66037	ENSG00000152430
BOP1	HGNC:15519	23246	ENSG00000261236
BORA	HGNC:24724	79866	ENSG00000136122
BORCS5	HGNC:17950	118426	ENSG00000165714
BORCS6	HGNC:25939	54785	ENSG00000196544
BORCS7	HGNC:23516	119032	ENSG00000166275
BPHL	HGNC:1094	670	ENSG00000137274
BPI	HGNC:1095	671	ENSG00000101425
BPIFA1	HGNC:15749	51297	ENSG00000198183
BPIFA2	HGNC:16203	140683	ENSG00000131050
BPIFA3	HGNC:16204	128861	ENSG00000131059
BPIFB1	HGNC:16108	92747	ENSG00000125999
BPIFB2	HGNC:16177	80341	ENSG00000078898
BPIFB3	HGNC:16178	359710	ENSG00000186190
BPIFB4	HGNC:16179	149954	ENSG00000186191
BPIFB6	HGNC:16504	128859	ENSG00000167104
BPIFC	HGNC:16503	254240	ENSG00000184459
BPNT1	HGNC:1096	10380	ENSG00000162813
BPY2B	HGNC:25449	442867	ENSG00000183795
BPY2C	HGNC:18225	442868	ENSG00000185894
BRAP	HGNC:1099	8315	ENSG00000089234
BRD1	HGNC:1102	23774	ENSG00000100425
BRD2	HGNC:1103	6046	ENSG00000204256
BRD3	HGNC:1104	8019	ENSG00000169925
BRD3OS	HGNC:24742	266655	ENSG00000235106
BRD7	HGNC:14310	29117	ENSG00000166164
BRD8	HGNC:19874	10902	ENSG00000112983
BRD9	HGNC:25818	65980	ENSG00000028310
BRD10	HGNC:23378	158358	ENSG00000183354
BRF2	HGNC:17298	55290	ENSG00000104221
BRI3	HGNC:1109	25798	ENSG00000164713
BRI3BP	HGNC:14251	140707	ENSG00000184992
BRICD5	HGNC:28309	283870	ENSG00000182685
BRINP1	HGNC:2687	1620	ENSG00000078725
BRINP2	HGNC:13746	57795	ENSG00000198797
BRINP3	HGNC:22393	339479	ENSG00000162670
BRIX1	HGNC:24170	55299	ENSG00000113460
BRK1	HGNC:23057	55845	ENSG00000254999
BRME1	HGNC:28153	79173	ENSG00000132016
BRMS1	HGNC:17262	25855	ENSG00000174744
BRMS1L	HGNC:20512	84312	ENSG00000100916
BROX	HGNC:26512	148362	ENSG00000162819
BRPF3	HGNC:14256	27154	ENSG00000096070
BRS3	HGNC:1113	680	ENSG00000102239
BRSK1	HGNC:18994	84446	ENSG00000160469
BSDC1	HGNC:25501	55108	ENSG00000160058
BSN	HGNC:1117	8927	ENSG00000164061
BSPH1	HGNC:33906	100131137	ENSG00000188334
BSPRY	HGNC:18232	54836	ENSG00000119411
BST1	HGNC:1118	683	ENSG00000109743
BST2	HGNC:1119	684	ENSG00000130303
BSX	HGNC:20450	390259	ENSG00000188909
BTAF1	HGNC:17307	9044	ENSG00000095564
BTBD1	HGNC:1120	53339	ENSG00000064726
BTBD2	HGNC:15504	55643	ENSG00000133243
BTBD3	HGNC:15854	22903	ENSG00000132640
BTBD6	HGNC:19897	90135	ENSG00000184887
BTBD7	HGNC:18269	55727	ENSG00000011114
BTBD8	HGNC:21019	284697	ENSG00000189195
BTBD9	HGNC:21228	114781	ENSG00000183826
BTBD10	HGNC:21445	84280	ENSG00000148925
BTBD16	HGNC:26340	118663	ENSG00000138152
BTBD17	HGNC:33758	388419	ENSG00000204347
BTBD18	HGNC:37214	643376	ENSG00000233436
BTBD19	HGNC:27145	149478	ENSG00000222009
BTC	HGNC:1121	685	ENSG00000174808
BTF3	HGNC:1125	689	ENSG00000145741
BTF3L4	HGNC:30547	91408	ENSG00000134717
BTG1	HGNC:1130	694	ENSG00000133639
BTG2	HGNC:1131	7832	ENSG00000159388
BTG3	HGNC:1132	10950	ENSG00000154640
BTLA	HGNC:21087	151888	ENSG00000186265
BTN1A1	HGNC:1135	696	ENSG00000124557
BTN2A1	HGNC:1136	11120	ENSG00000112763
BTN2A2	HGNC:1137	10385	ENSG00000124508
BTN3A1	HGNC:1138	11119	ENSG00000026950
BTN3A2	HGNC:1139	11118	ENSG00000186470
BTN3A3	HGNC:1140	10384	ENSG00000111801
BTNL3	HGNC:1143	10917	ENSG00000168903
BTNL8	HGNC:26131	79908	ENSG00000113303
BTNL9	HGNC:24176	153579	ENSG00000165810
PSD	HGNC:9507	5662	ENSG00000059915
PSD2	HGNC:19092	84249	ENSG00000146005
PSD4	HGNC:19096	23550	ENSG00000125637
PSG1	HGNC:9514	5669	ENSG00000231924
PSG2	HGNC:9519	5670	ENSG00000242221
PSG3	HGNC:9520	5671	ENSG00000221826
PSG4	HGNC:9521	5672	ENSG00000243137
PSG5	HGNC:9522	5673	ENSG00000204941
PSG6	HGNC:9523	5675	ENSG00000170848
PSG7	HGNC:9524	5676	ENSG00000221878
PSG8	HGNC:9525	440533	ENSG00000124467
PSG9	HGNC:9526	5678	ENSG00000183668
PSG11	HGNC:9516	5680	ENSG00000243130
PSIP1	HGNC:9527	11168	ENSG00000164985
PSKH2	HGNC:18997	85481	ENSG00000147613
PSMA1	HGNC:9530	5682	ENSG00000129084
PSMA2	HGNC:9531	5683	ENSG00000106588
PSMA3	HGNC:9532	5684	ENSG00000100567
PSMA4	HGNC:9533	5685	ENSG00000041357
PSMA5	HGNC:9534	5686	ENSG00000143106
PSMA7	HGNC:9536	5688	ENSG00000101182
PSMA8	HGNC:22985	143471	ENSG00000154611
PSMB2	HGNC:9539	5690	ENSG00000126067
PSMB3	HGNC:9540	5691	ENSG00000277791
PSMB5	HGNC:9542	5693	ENSG00000100804
PSMB6	HGNC:9543	5694	ENSG00000142507
PSMB7	HGNC:9544	5695	ENSG00000136930
PSMB11	HGNC:31963	122706	ENSG00000222028
PSMC2	HGNC:9548	5701	ENSG00000161057
PSMC4	HGNC:9551	5704	ENSG00000013275
PSMC5	HGNC:9552	5705	ENSG00000087191
PSMC6	HGNC:9553	5706	ENSG00000100519
PSMD1	HGNC:9554	5707	ENSG00000173692
PSMD2	HGNC:9559	5708	ENSG00000175166
PSMD3	HGNC:9560	5709	ENSG00000108344
PSMD4	HGNC:9561	5710	ENSG00000159352
PSMD5	HGNC:9563	5711	ENSG00000095261
PSMD6	HGNC:9564	9861	ENSG00000163636
PSMD7	HGNC:9565	5713	ENSG00000103035
PSMD8	HGNC:9566	5714	ENSG00000099341
PSMD9	HGNC:9567	5715	ENSG00000110801
PSMD10	HGNC:9555	5716	ENSG00000101843
PSMD11	HGNC:9556	5717	ENSG00000108671
PSMD13	HGNC:9558	5719	ENSG00000185627
PSMD14	HGNC:16889	10213	ENSG00000115233
PSME1	HGNC:9568	5720	ENSG00000092010
PSME2	HGNC:9569	5721	ENSG00000100911
PSME3	HGNC:9570	10197	ENSG00000131467
PSME3IP1	HGNC:29856	80011	ENSG00000172775
PSME4	HGNC:20635	23198	ENSG00000068878
PSMF1	HGNC:9571	9491	ENSG00000125818
PSMG1	HGNC:3043	8624	ENSG00000183527
PSMG3	HGNC:22420	84262	ENSG00000157778
PSMG4	HGNC:21108	389362	ENSG00000180822
PSORS1C1	HGNC:17202	170679	ENSG00000204540
PSORS1C2	HGNC:17199	170680	ENSG00000204538
PSPC1	HGNC:20320	55269	ENSG00000121390
PSPN	HGNC:9579	5623	ENSG00000125650
PSRC1	HGNC:24472	84722	ENSG00000134222
PSTK	HGNC:28578	118672	ENSG00000179988
PSTPIP2	HGNC:9581	9050	ENSG00000152229
PTAFR	HGNC:9582	5724	ENSG00000169403
PTAR1	HGNC:30449	375743	ENSG00000188647
PTBP2	HGNC:17662	58155	ENSG00000117569
PTBP3	HGNC:10253	9991	ENSG00000119314
PTCD1	HGNC:22198	26024	ENSG00000106246
PTCD2	HGNC:25734	79810	ENSG00000049883
PTCHD3	HGNC:24776	374308	ENSG00000182077
PTCHD4	HGNC:21345	442213	ENSG00000244694
PTDSS2	HGNC:15463	81490	ENSG00000174915
PTER	HGNC:9590	9317	ENSG00000165983
PTGDR2	HGNC:4502	11251	ENSG00000183134
PTGDS	HGNC:9592	5730	ENSG00000107317
PTGER1	HGNC:9593	5731	ENSG00000160951
PTGER3	HGNC:9595	5733	ENSG00000050628
PTGER4	HGNC:9596	5734	ENSG00000171522
PTGES	HGNC:9599	9536	ENSG00000148344
PTGES2	HGNC:17822	80142	ENSG00000148334
PTGES3	HGNC:16049	10728	ENSG00000110958
PTGES3L	HGNC:43943	100885848	ENSG00000267060
PTGFR	HGNC:9600	5737	ENSG00000122420
PTGFRN	HGNC:9601	5738	ENSG00000134247
PTGIR	HGNC:9602	5739	ENSG00000160013
PTGR1	HGNC:18429	22949	ENSG00000106853
PTGR2	HGNC:20149	145482	ENSG00000140043
PTGR3	HGNC:28697	284273	ENSG00000180011
PTGS2	HGNC:9605	5743	ENSG00000073756
PTH2	HGNC:30828	113091	ENSG00000142538
PTH2R	HGNC:9609	5746	ENSG00000144407
PTK2	HGNC:9611	5747	ENSG00000169398
PTK2B	HGNC:9612	2185	ENSG00000120899
PTK6	HGNC:9617	5753	ENSG00000101213
PTK7	HGNC:9618	5754	ENSG00000112655
PTMA	HGNC:9623	5757	ENSG00000187514
PTMS	HGNC:9629	5763	ENSG00000159335
PTN	HGNC:9630	5764	ENSG00000105894
PTOV1	HGNC:9632	53635	ENSG00000104960
PTP4A1	HGNC:9634	7803	ENSG00000112245
PTP4A2	HGNC:9635	8073	ENSG00000184007
PTP4A3	HGNC:9636	11156	ENSG00000184489
PTPDC1	HGNC:30184	138639	ENSG00000158079
PTPN4	HGNC:9656	5775	ENSG00000088179
PTPN5	HGNC:9657	84867	ENSG00000110786
PTPN7	HGNC:9659	5778	ENSG00000143851
PTPN9	HGNC:9661	5780	ENSG00000169410
PTPN13	HGNC:9646	5783	ENSG00000163629
PTPN18	HGNC:9649	26469	ENSG00000072135
PTPN20	HGNC:23423	26095	ENSG00000204179
PTPN21	HGNC:9651	11099	ENSG00000070778
PTPRA	HGNC:9664	5786	ENSG00000132670
PTPRB	HGNC:9665	5787	ENSG00000127329
PTPRCAP	HGNC:9667	5790	ENSG00000213402
PTPRD	HGNC:9668	5789	ENSG00000153707
PTPRE	HGNC:9669	5791	ENSG00000132334
PTPRG	HGNC:9671	5793	ENSG00000144724
PTPRH	HGNC:9672	5794	ENSG00000080031
PTPRK	HGNC:9674	5796	ENSG00000152894
PTPRM	HGNC:9675	5797	ENSG00000173482
PTPRN	HGNC:9676	5798	ENSG00000054356
PTPRN2	HGNC:9677	5799	ENSG00000155093
PTPRR	HGNC:9680	5801	ENSG00000153233
PTPRS	HGNC:9681	5802	ENSG00000105426
PTPRT	HGNC:9682	11122	ENSG00000196090
PTPRU	HGNC:9683	10076	ENSG00000060656
PTPRZ1	HGNC:9685	5803	ENSG00000106278
PTRH1	HGNC:27039	138428	ENSG00000187024
PTTG1	HGNC:9690	9232	ENSG00000164611
PTTG1IP	HGNC:13524	754	ENSG00000183255
PTTG1IP2	HGNC:55318	102723899	ENSG00000251154
PTTG2	HGNC:9691	10744	ENSG00000250254
PTX3	HGNC:9692	5806	ENSG00000163661
PTX4	HGNC:14171	390667	ENSG00000251692
PUDP	HGNC:16818	8226	ENSG00000130021
PUM2	HGNC:14958	23369	ENSG00000055917
PUM3	HGNC:29676	9933	ENSG00000080608
PURB	HGNC:9702	5814	ENSG00000146676
PURG	HGNC:17930	29942	ENSG00000172733
PUS7L	HGNC:25276	83448	ENSG00000129317
PUS10	HGNC:26505	150962	ENSG00000162927
PUSL1	HGNC:26914	126789	ENSG00000169972
PVALB	HGNC:9704	5816	ENSG00000100362
PVALEF	HGNC:40053	388428	ENSG00000225180
PVR	HGNC:9705	5817	ENSG00000073008
PVRIG	HGNC:32190	79037	ENSG00000213413
PWP1	HGNC:17015	11137	ENSG00000136045
PWP2	HGNC:9711	5822	ENSG00000241945
PWWP2A	HGNC:29406	114825	ENSG00000170234
PWWP2B	HGNC:25150	170394	ENSG00000171813
PWWP3A	HGNC:29641	84939	ENSG00000160953
PWWP3B	HGNC:26583	139221	ENSG00000157502
PWWP4	HGNC:55197	728317	ENSG00000278803
PXDC1	HGNC:21361	221749	ENSG00000168994
PXDNL	HGNC:26359	137902	ENSG00000147485
PXMP2	HGNC:9716	5827	ENSG00000176894
PXMP4	HGNC:15920	11264	ENSG00000101417
PXN	HGNC:9718	5829	ENSG00000089159
PXT1	HGNC:18312	222659	ENSG00000179165
PXYLP1	HGNC:26303	92370	ENSG00000155893
PYCARD	HGNC:16608	29108	ENSG00000103490
PYCR3	HGNC:25846	65263	ENSG00000104524
PYDC1	HGNC:30261	260434	ENSG00000169900
PYDC2	HGNC:33512	152138	ENSG00000253548
PYDC5	HGNC:53781	107181291	ENSG00000289721
PYGB	HGNC:9723	5834	ENSG00000100994
PYGO1	HGNC:30256	26108	ENSG00000171016
PYGO2	HGNC:30257	90780	ENSG00000163348
PYHIN1	HGNC:28894	149628	ENSG00000163564
PYM1	HGNC:30258	84305	ENSG00000170473
PYROXD2	HGNC:23517	84795	ENSG00000119943
PYURF	HGNC:44317	100996939	ENSG00000145337
PZP	HGNC:9750	5858	ENSG00000126838
QNG1	HGNC:28144	84267	ENSG00000165118
QPCT	HGNC:9753	25797	ENSG00000115828
QPCTL	HGNC:25952	54814	ENSG00000011478
QPRT	HGNC:9755	23475	ENSG00000103485
QRFP	HGNC:29982	347148	ENSG00000188710
QRFPR	HGNC:15565	84109	ENSG00000186867
QSER1	HGNC:26154	79832	ENSG00000060749
QSOX1	HGNC:9756	5768	ENSG00000116260
QSOX2	HGNC:30249	169714	ENSG00000165661
QTGAL	HGNC:21727	146712	ENSG00000175711
QTMAN	HGNC:20887	79712	ENSG00000121964
QTRT1	HGNC:23797	81890	ENSG00000213339
QTRT2	HGNC:25771	79691	ENSG00000151576
R3HCC1	HGNC:27329	203069	ENSG00000104679
R3HCC1L	HGNC:23512	27291	ENSG00000166024
R3HDM1	HGNC:9757	23518	ENSG00000048991
R3HDM2	HGNC:29167	22864	ENSG00000179912
R3HDM4	HGNC:28270	91300	ENSG00000198858
R3HDML	HGNC:16249	140902	ENSG00000101074
RAB1A	HGNC:9758	5861	ENSG00000138069
RAB1B	HGNC:18370	81876	ENSG00000174903
RAB2A	HGNC:9763	5862	ENSG00000104388
RAB2B	HGNC:20246	84932	ENSG00000129472
RAB3A	HGNC:9777	5864	ENSG00000105649
RAB3B	HGNC:9778	5865	ENSG00000169213
RAB3C	HGNC:30269	115827	ENSG00000152932
RAB3D	HGNC:9779	9545	ENSG00000105514
RAB3IL1	HGNC:9780	5866	ENSG00000167994
RAB3IP	HGNC:16508	117177	ENSG00000127328
RAB4A	HGNC:9781	5867	ENSG00000168118
RAB4B	HGNC:9782	53916	ENSG00000167578
RAB5A	HGNC:9783	5868	ENSG00000144566
RAB5B	HGNC:9784	5869	ENSG00000111540
RAB5C	HGNC:9785	5878	ENSG00000108774
RAB6A	HGNC:9786	5870	ENSG00000175582
RAB6B	HGNC:14902	51560	ENSG00000154917
RAB6C	HGNC:16525	84084	ENSG00000222014
RAB6D	HGNC:30272	150786	ENSG00000233087
RAB7B	HGNC:30513	338382	ENSG00000276600
RAB8A	HGNC:7007	4218	ENSG00000167461
RAB8B	HGNC:30273	51762	ENSG00000166128
RAB9A	HGNC:9792	9367	ENSG00000123595
RAB9B	HGNC:14090	51209	ENSG00000123570
RAB10	HGNC:9759	10890	ENSG00000084733
RAB11FIP1	HGNC:30265	80223	ENSG00000156675
RAB11FIP2	HGNC:29152	22841	ENSG00000107560
RAB11FIP3	HGNC:17224	9727	ENSG00000090565
RAB11FIP4	HGNC:30267	84440	ENSG00000131242
RAB11FIP5	HGNC:24845	26056	ENSG00000135631
RAB12	HGNC:31332	201475	ENSG00000206418
RAB13	HGNC:9762	5872	ENSG00000143545
RAB14	HGNC:16524	51552	ENSG00000119396
RAB15	HGNC:20150	376267	ENSG00000139998
RAB17	HGNC:16523	64284	ENSG00000124839
RAB19	HGNC:19982	401409	ENSG00000146955
RAB20	HGNC:18260	55647	ENSG00000139832
RAB21	HGNC:18263	23011	ENSG00000080371
RAB22A	HGNC:9764	57403	ENSG00000124209
RAB24	HGNC:9765	53917	ENSG00000169228
RAB25	HGNC:18238	57111	ENSG00000132698
RAB26	HGNC:14259	25837	ENSG00000167964
RAB27B	HGNC:9767	5874	ENSG00000041353
RAB29	HGNC:9789	8934	ENSG00000117280
RAB30	HGNC:9770	27314	ENSG00000137502
RAB31	HGNC:9771	11031	ENSG00000168461
RAB33A	HGNC:9773	9363	ENSG00000134594
RAB35	HGNC:9774	11021	ENSG00000111737
RAB36	HGNC:9775	9609	ENSG00000100228
RAB37	HGNC:30268	326624	ENSG00000172794
RAB38	HGNC:9776	23682	ENSG00000123892
RAB39A	HGNC:16521	54734	ENSG00000179331
RAB40A	HGNC:18283	142684	ENSG00000172476
RAB40B	HGNC:18284	10966	ENSG00000141542
RAB40C	HGNC:18285	57799	ENSG00000197562
RAB41	HGNC:18293	347517	ENSG00000147127
RAB42	HGNC:28702	115273	ENSG00000188060
RAB43	HGNC:19983	339122	ENSG00000172780
RAB44	HGNC:21068	401258	ENSG00000255587
RABAC1	HGNC:9794	10567	ENSG00000105404
RABEP1	HGNC:17677	9135	ENSG00000029725
RABEP2	HGNC:24817	79874	ENSG00000177548
RABEPK	HGNC:16896	10244	ENSG00000136933
RABGAP1	HGNC:17155	23637	ENSG00000011454
RABGAP1L	HGNC:24663	9910	ENSG00000152061
RABGEF1	HGNC:17676	27342	ENSG00000154710
RABGGTA	HGNC:9795	5875	ENSG00000100949
RABGGTB	HGNC:9796	5876	ENSG00000137955
RABIF	HGNC:9797	5877	ENSG00000183155
RABL2A	HGNC:9799	11159	ENSG00000144134
RABL2B	HGNC:9800	11158	ENSG00000079974
RABL6	HGNC:24703	55684	ENSG00000196642
RACK1	HGNC:4399	10399	ENSG00000204628
RAD1	HGNC:9806	5810	ENSG00000113456
RAD9A	HGNC:9827	5883	ENSG00000172613
RAD9B	HGNC:21700	144715	ENSG00000151164
RAD17	HGNC:9807	5884	ENSG00000152942
RAD18	HGNC:18278	56852	ENSG00000070950
RAD21L1	HGNC:16271	642636	ENSG00000244588
RAD23A	HGNC:9812	5886	ENSG00000179262
RAD23B	HGNC:9813	5887	ENSG00000119318
RAD51AP1	HGNC:16956	10635	ENSG00000111247
RAD51AP2	HGNC:34417	729475	ENSG00000214842
RAD51B	HGNC:9822	5890	ENSG00000182185
RAD52	HGNC:9824	5893	ENSG00000002016
RAD54L2	HGNC:29123	23132	ENSG00000164080
RADIL	HGNC:22226	55698	ENSG00000157927
RADX	HGNC:25486	55086	ENSG00000147231
RAE1	HGNC:9828	8480	ENSG00000101146
RAET1E	HGNC:16793	135250	ENSG00000164520
RAET1G	HGNC:16795	353091	ENSG00000203722
RAET1L	HGNC:16798	154064	ENSG00000155918
RAI14	HGNC:14873	26064	ENSG00000039560
RALB	HGNC:9840	5899	ENSG00000144118
RALBP1	HGNC:9841	10928	ENSG00000017797
RALGAPA2	HGNC:16207	57186	ENSG00000188559
RALGAPB	HGNC:29221	57148	ENSG00000170471
RALGDS	HGNC:9842	5900	ENSG00000160271
RALGPS1	HGNC:16851	9649	ENSG00000136828
RALGPS2	HGNC:30279	55103	ENSG00000116191
RALY	HGNC:15921	22913	ENSG00000125970
RALYL	HGNC:27036	138046	ENSG00000184672
RAMAC	HGNC:31022	83640	ENSG00000169612
RAMACL	HGNC:21234	353267	ENSG00000235272
RAMP1	HGNC:9843	10267	ENSG00000132329
RAMP2	HGNC:9844	10266	ENSG00000131477
RAMP3	HGNC:9845	10268	ENSG00000122679
RAN	HGNC:9846	5901	ENSG00000132341
RANBP1	HGNC:9847	5902	ENSG00000099901
RANBP3	HGNC:9850	8498	ENSG00000031823
RANBP3L	HGNC:26353	202151	ENSG00000164188
RANBP6	HGNC:9851	26953	ENSG00000137040
RANBP9	HGNC:13727	10048	ENSG00000010017
RANBP10	HGNC:29285	57610	ENSG00000141084
RANBP17	HGNC:14428	64901	ENSG00000204764
RANGAP1	HGNC:9854	5905	ENSG00000100401
RAP1A	HGNC:9855	5906	ENSG00000116473
RAP1GAP	HGNC:9858	5909	ENSG00000076864
RAP1GAP2	HGNC:29176	23108	ENSG00000132359
RAP2A	HGNC:9861	5911	ENSG00000125249
RAP2B	HGNC:9862	5912	ENSG00000181467
RAP2C	HGNC:21165	57826	ENSG00000123728
RAPGEF1	HGNC:4568	2889	ENSG00000107263
RAPGEF3	HGNC:16629	10411	ENSG00000079337
RAPGEF4	HGNC:16626	11069	ENSG00000091428
RAPGEF5	HGNC:16862	9771	ENSG00000136237
RAPGEF6	HGNC:20655	51735	ENSG00000158987
RAPGEFL1	HGNC:17428	51195	ENSG00000108352
RAPH1	HGNC:14436	65059	ENSG00000173166
RARG	HGNC:9866	5916	ENSG00000172819
RARRES1	HGNC:9867	5918	ENSG00000118849
RARRES2	HGNC:9868	5919	ENSG00000106538
RASA3	HGNC:20331	22821	ENSG00000185989
RASA4	HGNC:23181	10156	ENSG00000105808
RASA4B	HGNC:35202	100271927	ENSG00000170667
RASAL1	HGNC:9873	8437	ENSG00000111344
RASAL2	HGNC:9874	9462	ENSG00000075391
RASAL3	HGNC:26129	64926	ENSG00000105122
RASD1	HGNC:15828	51655	ENSG00000108551
RASD2	HGNC:18229	23551	ENSG00000100302
RASEF	HGNC:26464	158158	ENSG00000165105
RASGEF1A	HGNC:24246	221002	ENSG00000198915
RASGEF1B	HGNC:24881	153020	ENSG00000138670
RASGEF1C	HGNC:27400	255426	ENSG00000146090
RASGRF1	HGNC:9875	5923	ENSG00000058335
RASGRF2	HGNC:9876	5924	ENSG00000113319
RASGRP3	HGNC:14545	25780	ENSG00000152689
RASGRP4	HGNC:18958	115727	ENSG00000171777
RASIP1	HGNC:24716	54922	ENSG00000105538
RASL10A	HGNC:16954	10633	ENSG00000100276
RASL10B	HGNC:30295	91608	ENSG00000270885
RASL11A	HGNC:23802	387496	ENSG00000122035
RASL11B	HGNC:23804	65997	ENSG00000128045
RASL12	HGNC:30289	51285	ENSG00000103710
RASSF1	HGNC:9882	11186	ENSG00000068028
RASSF2	HGNC:9883	9770	ENSG00000101265
RASSF3	HGNC:14271	283349	ENSG00000153179
RASSF4	HGNC:20793	83937	ENSG00000107551
RASSF5	HGNC:17609	83593	ENSG00000266094
RASSF6	HGNC:20796	166824	ENSG00000169435
RASSF7	HGNC:1166	8045	ENSG00000099849
RASSF8	HGNC:13232	11228	ENSG00000123094
RASSF9	HGNC:15739	9182	ENSG00000198774
RASSF10	HGNC:33984	644943	ENSG00000189431
RAVER1	HGNC:30296	125950	ENSG00000161847
RAVER2	HGNC:25577	55225	ENSG00000162437
RBAK	HGNC:17680	57786	ENSG00000146587
RBBP4	HGNC:9887	5928	ENSG00000162521
RBBP5	HGNC:9888	5929	ENSG00000117222
RBBP6	HGNC:9889	5930	ENSG00000122257
RBBP8NL	HGNC:16144	140893	ENSG00000130701
RBBP9	HGNC:9892	10741	ENSG00000089050
RBFA	HGNC:26120	79863	ENSG00000101546
RBFOX1	HGNC:18222	54715	ENSG00000078328
RBIS	HGNC:32235	401466	ENSG00000176731
RBKS	HGNC:30325	64080	ENSG00000171174
RBL1	HGNC:9893	5933	ENSG00000080839
RBM3	HGNC:9900	5935	ENSG00000102317
RBM4	HGNC:9901	5936	ENSG00000173933
RBM4B	HGNC:28842	83759	ENSG00000173914
RBM5	HGNC:9902	10181	ENSG00000003756
RBM6	HGNC:9903	10180	ENSG00000004534
RBM7	HGNC:9904	10179	ENSG00000076053
RBM11	HGNC:9897	54033	ENSG00000185272
RBM12B	HGNC:32310	389677	ENSG00000183808
RBM14	HGNC:14219	10432	ENSG00000239306
RBM15B	HGNC:24303	29890	ENSG00000259956
RBM17	HGNC:16944	84991	ENSG00000134453
RBM18	HGNC:28413	92400	ENSG00000119446
RBM19	HGNC:29098	9904	ENSG00000122965
RBM22	HGNC:25503	55696	ENSG00000086589
RBM23	HGNC:20155	55147	ENSG00000100461
RBM24	HGNC:21539	221662	ENSG00000112183
RBM25	HGNC:23244	58517	ENSG00000119707
RBM26	HGNC:20327	64062	ENSG00000139746
RBM27	HGNC:29243	54439	ENSG00000091009
RBM33	HGNC:27223	155435	ENSG00000184863
RBM34	HGNC:28965	23029	ENSG00000188739
RBM38	HGNC:15818	55544	ENSG00000132819
RBM39	HGNC:15923	9584	ENSG00000131051
RBM41	HGNC:25617	55285	ENSG00000089682
RBM42	HGNC:28117	79171	ENSG00000126254
RBM43	HGNC:24790	375287	ENSG00000184898
RBM44	HGNC:24756	375316	ENSG00000177483
RBM45	HGNC:24468	129831	ENSG00000155636
RBM46	HGNC:28401	166863	ENSG00000151962
RBM47	HGNC:30358	54502	ENSG00000163694
RBM48	HGNC:21785	84060	ENSG00000127993
RBMS1	HGNC:9907	5937	ENSG00000153250
RBMS2	HGNC:9909	5939	ENSG00000076067
RBMS3	HGNC:13427	27303	ENSG00000144642
RBMX2	HGNC:24282	51634	ENSG00000134597
RBMXL1	HGNC:25073	494115	ENSG00000213516
RBMXL2	HGNC:17886	27288	ENSG00000170748
RBMXL3	HGNC:26859	139804	ENSG00000175718
RBMY1B	HGNC:23914	378948	ENSG00000242875
RBMY1C	HGNC:9914	5942	
RBMY1D	HGNC:23915	378949	ENSG00000244395
RBMY1E	HGNC:23916	378950	ENSG00000242389
RBMY1F	HGNC:23974	159163	ENSG00000169800
RBMY1J	HGNC:23917	378951	ENSG00000226941
RBP1	HGNC:9919	5947	ENSG00000114115
RBP2	HGNC:9920	5948	ENSG00000114113
RBP5	HGNC:15847	83758	ENSG00000139194
RBP7	HGNC:30316	116362	ENSG00000162444
RBPJL	HGNC:13761	11317	ENSG00000124232
RBPMS	HGNC:19097	11030	ENSG00000157110
RBPMS2	HGNC:19098	348093	ENSG00000166831
RBX1	HGNC:9928	9978	ENSG00000100387
RC3H2	HGNC:21461	54542	ENSG00000056586
RCAN1	HGNC:3040	1827	ENSG00000159200
RCAN2	HGNC:3041	10231	ENSG00000172348
RCAN3	HGNC:3042	11123	ENSG00000117602
RCBTB2	HGNC:1914	1102	ENSG00000136161
RCC1L	HGNC:14948	81554	ENSG00000274523
RCC2	HGNC:30297	55920	ENSG00000179051
RCCD1	HGNC:30457	91433	ENSG00000166965
RCE1	HGNC:13721	9986	ENSG00000173653
RCHY1	HGNC:17479	25898	ENSG00000163743
RCL1	HGNC:17687	10171	ENSG00000120158
RCN1	HGNC:9934	5954	ENSG00000049449
RCN2	HGNC:9935	5955	ENSG00000117906
RCN3	HGNC:21145	57333	ENSG00000142552
RCOR1	HGNC:17441	23186	ENSG00000089902
RCOR2	HGNC:27455	283248	ENSG00000167771
RCOR3	HGNC:25594	55758	ENSG00000117625
RCSD1	HGNC:28310	92241	ENSG00000198771
RCVRN	HGNC:9937	5957	ENSG00000109047
RD3L	HGNC:40912	647286	ENSG00000227729
RDH10	HGNC:19975	157506	ENSG00000121039
RDH13	HGNC:19978	112724	ENSG00000160439
RDH14	HGNC:19979	57665	ENSG00000240857
RDH16	HGNC:29674	8608	ENSG00000139547
RDM1	HGNC:19950	201299	ENSG00000278023
REC8	HGNC:16879	9985	ENSG00000100918
RECK	HGNC:11345	8434	ENSG00000122707
RECQL5	HGNC:9950	9400	ENSG00000108469
REDIC1	HGNC:26846	283461	ENSG00000180116
REELD1	HGNC:53638	345051	ENSG00000250673
REEP3	HGNC:23711	221035	ENSG00000165476
REEP4	HGNC:26176	80346	ENSG00000168476
REEP5	HGNC:30077	7905	ENSG00000129625
REG1A	HGNC:9951	5967	ENSG00000115386
REG1B	HGNC:9952	5968	ENSG00000172023
REG3A	HGNC:8601	5068	ENSG00000172016
REG3G	HGNC:29595	130120	ENSG00000143954
REG4	HGNC:22977	83998	ENSG00000134193
RELCH	HGNC:29289	57614	ENSG00000134444
RELL1	HGNC:27379	768211	ENSG00000181826
RELL2	HGNC:26902	285613	ENSG00000164620
REM1	HGNC:15922	28954	ENSG00000088320
REM2	HGNC:20248	161253	ENSG00000139890
RENBP	HGNC:9959	5973	ENSG00000102032
REP15	HGNC:33748	387849	ENSG00000174236
REPIN1	HGNC:17922	29803	ENSG00000214022
REPS2	HGNC:9963	9185	ENSG00000169891
RER1	HGNC:30309	11079	ENSG00000157916
RERG	HGNC:15980	85004	ENSG00000134533
RERGL	HGNC:26213	79785	ENSG00000111404
RESF1	HGNC:25559	55196	ENSG00000174718
RESP18	HGNC:33762	389075	ENSG00000182698
RETNLB	HGNC:20388	84666	ENSG00000163515
RETREG2	HGNC:28450	79137	ENSG00000144567
RETREG3	HGNC:27258	162427	ENSG00000141699
RETSAT	HGNC:25991	54884	ENSG00000042445
REV1	HGNC:14060	51455	ENSG00000135945
REX1BD	HGNC:26098	55049	ENSG00000006015
REXO1	HGNC:24616	57455	ENSG00000079313
REXO2	HGNC:17851	25996	ENSG00000076043
REXO4	HGNC:12820	57109	ENSG00000148300
REXO5	HGNC:24661	81691	ENSG00000005189
RFC3	HGNC:9971	5983	ENSG00000133119
RFC5	HGNC:9973	5985	ENSG00000111445
RFESD	HGNC:29587	317671	ENSG00000175449
RFFL	HGNC:24821	117584	ENSG00000092871
RFK	HGNC:30324	55312	ENSG00000135002
RFLNA	HGNC:27051	144347	ENSG00000178882
RFLNB	HGNC:28705	359845	ENSG00000183688
RFNG	HGNC:9974	5986	ENSG00000169733
RFPL1	HGNC:9977	5988	ENSG00000128250
RFPL2	HGNC:9979	10739	ENSG00000128253
RFPL3	HGNC:9980	10738	ENSG00000128276
RFPL4A	HGNC:16449	342931	ENSG00000223638
RFPL4AL1	HGNC:45147	729974	ENSG00000229292
RFPL4B	HGNC:33264	442247	ENSG00000251258
RFTN1	HGNC:30278	23180	ENSG00000131378
RFTN2	HGNC:26402	130132	ENSG00000162944
RFX1	HGNC:9982	5989	ENSG00000132005
RFX2	HGNC:9983	5990	ENSG00000087903
RFX4	HGNC:9985	5992	ENSG00000111783
RFX8	HGNC:37253	731220	ENSG00000196460
RGCC	HGNC:20369	28984	ENSG00000102760
RGL1	HGNC:30281	23179	ENSG00000143344
RGL2	HGNC:9769	5863	ENSG00000237441
RGL3	HGNC:30282	57139	ENSG00000205517
RGL4	HGNC:31911	266747	ENSG00000159496
RGMA	HGNC:30308	56963	ENSG00000182175
RGMB	HGNC:26896	285704	ENSG00000174136
RGN	HGNC:9989	9104	ENSG00000130988
RGP1	HGNC:21965	9827	ENSG00000107185
RGPD1	HGNC:32414	400966	ENSG00000187627
RGPD2	HGNC:32415	729857	ENSG00000185304
RGPD3	HGNC:32416	653489	ENSG00000153165
RGPD4	HGNC:32417	285190	ENSG00000196862
RGPD5	HGNC:32418	84220	ENSG00000015568
RGPD6	HGNC:32419	729540	ENSG00000183054
RGPD8	HGNC:9849	727851	ENSG00000169629
RGS1	HGNC:9991	5996	ENSG00000090104
RGS2	HGNC:9998	5997	ENSG00000116741
RGS3	HGNC:9999	5998	ENSG00000138835
RGS4	HGNC:10000	5999	ENSG00000117152
RGS6	HGNC:10002	9628	ENSG00000182732
RGS7	HGNC:10003	6000	ENSG00000182901
RGS7BP	HGNC:23271	401190	ENSG00000186479
RGS8	HGNC:16810	85397	ENSG00000135824
RGS10	HGNC:9992	6001	ENSG00000148908
RGS11	HGNC:9993	8786	ENSG00000076344
RGS12	HGNC:9994	6002	ENSG00000159788
RGS13	HGNC:9995	6003	ENSG00000127074
RGS14	HGNC:9996	10636	ENSG00000169220
RGS16	HGNC:9997	6004	ENSG00000143333
RGS17	HGNC:14088	26575	ENSG00000091844
RGS18	HGNC:14261	64407	ENSG00000150681
RGS19	HGNC:13735	10287	ENSG00000171700
RGS20	HGNC:14600	8601	ENSG00000147509
RGS21	HGNC:26839	431704	ENSG00000253148
RGS22	HGNC:24499	26166	ENSG00000132554
RGSL1	HGNC:18636	353299	ENSG00000121446
RHBDD1	HGNC:23081	84236	ENSG00000144468
RHBDD2	HGNC:23082	57414	ENSG00000005486
RHBDD3	HGNC:1308	25807	ENSG00000100263
RHBDF1	HGNC:20561	64285	ENSG00000007384
RHBDL1	HGNC:10007	9028	ENSG00000103269
RHBDL2	HGNC:16083	54933	ENSG00000158315
RHBDL3	HGNC:16502	162494	ENSG00000141314
RHBG	HGNC:14572	57127	ENSG00000132677
RHCG	HGNC:18140	51458	ENSG00000140519
RHEB	HGNC:10011	6009	ENSG00000106615
RHEBL1	HGNC:21166	121268	ENSG00000167550
RHEX	HGNC:25341	440712	ENSG00000263961
RHNO1	HGNC:28206	83695	ENSG00000171792
RHOB	HGNC:668	388	ENSG00000143878
RHOBTB1	HGNC:18738	9886	ENSG00000072422
RHOBTB3	HGNC:18757	22836	ENSG00000164292
RHOC	HGNC:669	389	ENSG00000155366
RHOD	HGNC:670	29984	ENSG00000173156
RHOF	HGNC:15703	54509	ENSG00000139725
RHOJ	HGNC:688	57381	ENSG00000126785
RHOQ	HGNC:17736	23433	ENSG00000119729
RHOT1	HGNC:21168	55288	ENSG00000126858
RHOT2	HGNC:21169	89941	ENSG00000140983
RHOU	HGNC:17794	58480	ENSG00000116574
RHOV	HGNC:18313	171177	ENSG00000104140
RHOXF1	HGNC:29993	158800	ENSG00000101883
RHOXF2	HGNC:30011	84528	ENSG00000131721
RHOXF2B	HGNC:33519	727940	ENSG00000203989
RHPN1	HGNC:19973	114822	ENSG00000158106
RHPN2	HGNC:19974	85415	ENSG00000131941
RIBC1	HGNC:26537	158787	ENSG00000158423
RIBC2	HGNC:13241	26150	ENSG00000128408
RIC3	HGNC:30338	79608	ENSG00000166405
RIC8A	HGNC:29550	60626	ENSG00000177963
RIC8B	HGNC:25555	55188	ENSG00000111785
RICTOR	HGNC:28611	253260	ENSG00000164327
RIDA	HGNC:16897	10247	ENSG00000132541
RIF1	HGNC:23207	55183	ENSG00000080345
RIIAD1	HGNC:26686	284485	ENSG00000178796
RILP	HGNC:30266	83547	ENSG00000167705
RILPL2	HGNC:28787	196383	ENSG00000150977
RIMBP2	HGNC:30339	23504	ENSG00000060709
RIMBP3	HGNC:29344	85376	ENSG00000275793
RIMBP3B	HGNC:33891	440804	ENSG00000274600
RIMBP3C	HGNC:33892	150221	ENSG00000183246
RIMKLA	HGNC:28725	284716	ENSG00000177181
RIMKLB	HGNC:29228	57494	ENSG00000166532
RIMOC1	HGNC:27750	285636	ENSG00000205765
RIMS3	HGNC:21292	9783	ENSG00000117016
RIMS4	HGNC:16183	140730	ENSG00000101098
RIN1	HGNC:18749	9610	ENSG00000174791
RIN3	HGNC:18751	79890	ENSG00000100599
RING1	HGNC:10018	6015	ENSG00000204227
RINL	HGNC:24795	126432	ENSG00000187994
RIOK1	HGNC:18656	83732	ENSG00000124784
RIOK2	HGNC:18999	55781	ENSG00000058729
RIOK3	HGNC:11451	8780	ENSG00000101782
RIOX1	HGNC:20968	79697	ENSG00000170468
RIOX2	HGNC:19441	84864	ENSG00000170854
RIPK2	HGNC:10020	8767	ENSG00000104312
RIPK3	HGNC:10021	11035	ENSG00000129465
RIPOR1	HGNC:25836	79567	ENSG00000039523
RIPOR3	HGNC:16168	140876	ENSG00000042062
RIPPLY1	HGNC:25117	92129	ENSG00000147223
RIPPLY3	HGNC:3047	53820	ENSG00000183145
RIT2	HGNC:10017	6014	ENSG00000152214
RITA1	HGNC:25925	84934	ENSG00000139405
RLF	HGNC:10025	6018	ENSG00000117000
RLIG1	HGNC:25322	91298	ENSG00000133641
RLN1	HGNC:10026	6013	ENSG00000107018
RLN2	HGNC:10027	6019	ENSG00000107014
RLN3	HGNC:17135	117579	ENSG00000171136
RMC1	HGNC:24326	29919	ENSG00000141452
RMDN1	HGNC:24285	51115	ENSG00000176623
RMDN2	HGNC:26567	151393	ENSG00000115841
RMDN3	HGNC:25550	55177	ENSG00000137824
RMI1	HGNC:25764	80010	ENSG00000178966
RMND5A	HGNC:25850	64795	ENSG00000153561
RMND5B	HGNC:26181	64777	ENSG00000145916
RMP24	HGNC:28802	83608	ENSG00000141428
RNASE1	HGNC:10044	6035	ENSG00000129538
RNASE2	HGNC:10045	6036	ENSG00000169385
RNASE3	HGNC:10046	6037	ENSG00000169397
RNASE4	HGNC:10047	6038	ENSG00000258818
RNASE6	HGNC:10048	6039	ENSG00000169413
RNASE7	HGNC:19278	84659	ENSG00000165799
RNASE8	HGNC:19277	122665	ENSG00000173431
RNASE9	HGNC:20673	390443	ENSG00000188655
RNASE10	HGNC:19275	338879	ENSG00000182545
RNASE11	HGNC:19269	122651	ENSG00000173464
RNASE12	HGNC:24211	493901	ENSG00000258436
RNASE13	HGNC:25285	440163	ENSG00000206150
RNASEK	HGNC:33911	440400	ENSG00000219200
RND1	HGNC:18314	27289	ENSG00000172602
RND2	HGNC:18315	8153	ENSG00000108830
RND3	HGNC:671	390	ENSG00000115963
RNF4	HGNC:10067	6047	ENSG00000063978
RNF5	HGNC:10068	6048	ENSG00000204308
RNF7	HGNC:10070	9616	ENSG00000114125
RNF8	HGNC:10071	9025	ENSG00000112130
RNF10	HGNC:10055	9921	ENSG00000022840
RNF11	HGNC:10056	26994	ENSG00000123091
RNF14	HGNC:10058	9604	ENSG00000013561
RNF17	HGNC:10060	56163	ENSG00000132972
RNF19A	HGNC:13432	25897	ENSG00000034677
RNF19B	HGNC:26886	127544	ENSG00000116514
RNF20	HGNC:10062	56254	ENSG00000155827
RNF24	HGNC:13779	11237	ENSG00000101236
RNF25	HGNC:14662	64320	ENSG00000163481
RNF26	HGNC:14646	79102	ENSG00000173456
RNF32	HGNC:17118	140545	ENSG00000105982
RNF34	HGNC:17297	80196	ENSG00000170633
RNF38	HGNC:18052	152006	ENSG00000137075
RNF39	HGNC:18064	80352	ENSG00000204618
RNF41	HGNC:18401	10193	ENSG00000181852
RNF44	HGNC:19180	22838	ENSG00000146083
RNF103	HGNC:12859	7844	ENSG00000239305
RNF111	HGNC:17384	54778	ENSG00000157450
RNF112	HGNC:12968	7732	ENSG00000128482
RNF113B	HGNC:17267	140432	ENSG00000139797
RNF114	HGNC:13094	55905	ENSG00000124226
RNF115	HGNC:18154	27246	ENSG00000265491
RNF121	HGNC:21070	55298	ENSG00000137522
RNF122	HGNC:21147	79845	ENSG00000133874
RNF123	HGNC:21148	63891	ENSG00000164068
RNF126	HGNC:21151	55658	ENSG00000070423
RNF128	HGNC:21153	79589	ENSG00000133135
RNF130	HGNC:18280	55819	ENSG00000113269
RNF133	HGNC:21154	168433	ENSG00000188050
RNF138	HGNC:17765	51444	ENSG00000134758
RNF141	HGNC:21159	50862	ENSG00000110315
RNF144A	HGNC:20457	9781	ENSG00000151692
RNF144B	HGNC:21578	255488	ENSG00000137393
RNF145	HGNC:20853	153830	ENSG00000145860
RNF146	HGNC:21336	81847	ENSG00000118518
RNF148	HGNC:22411	378925	ENSG00000235631
RNF149	HGNC:23137	284996	ENSG00000163162
RNF150	HGNC:23138	57484	ENSG00000170153
RNF151	HGNC:23235	146310	ENSG00000179580
RNF152	HGNC:26811	220441	ENSG00000176641
RNF157	HGNC:29402	114804	ENSG00000141576
RNF166	HGNC:28856	115992	ENSG00000158717
RNF167	HGNC:24544	26001	ENSG00000108523
RNF169	HGNC:26961	254225	ENSG00000166439
RNF175	HGNC:27735	285533	ENSG00000145428
RNF180	HGNC:27752	285671	ENSG00000164197
RNF181	HGNC:28037	51255	ENSG00000168894
RNF182	HGNC:28522	221687	ENSG00000180537
RNF183	HGNC:28721	138065	ENSG00000165188
RNF185	HGNC:26783	91445	ENSG00000138942
RNF186	HGNC:25978	54546	ENSG00000178828
RNF187	HGNC:27146	149603	ENSG00000168159
RNF207	HGNC:32947	388591	ENSG00000158286
RNF208	HGNC:25420	727800	ENSG00000212864
RNF212B	HGNC:20438	100507650	ENSG00000215277
RNF214	HGNC:25335	257160	ENSG00000167257
RNF215	HGNC:33434	200312	ENSG00000099999
RNF217	HGNC:21487	154214	ENSG00000146373
RNF222	HGNC:34517	643904	ENSG00000189051
RNF223	HGNC:40020	401934	ENSG00000237330
RNF224	HGNC:41912	643596	ENSG00000233198
RNF225	HGNC:51249	646862	ENSG00000269855
RNF227	HGNC:27571	284023	ENSG00000179859
RNF228	HGNC:55809	122319436	ENSG00000288658
RNFT1	HGNC:30206	51136	ENSG00000189050
RNFT2	HGNC:25905	84900	ENSG00000135119
RNGTT	HGNC:10073	8732	ENSG00000111880
RNLS	HGNC:25641	55328	ENSG00000184719
RNMT	HGNC:10075	8731	ENSG00000101654
RNPEP	HGNC:10078	6051	ENSG00000176393
RNPEPL1	HGNC:10079	57140	ENSG00000142327
RNPS1	HGNC:10080	10921	ENSG00000205937
RO60	HGNC:11313	6738	ENSG00000116747
ROCK1	HGNC:10251	6093	ENSG00000067900
ROMO1	HGNC:16185	140823	ENSG00000125995
ROPN1	HGNC:17692	54763	ENSG00000065371
ROPN1B	HGNC:31927	152015	ENSG00000114547
ROPN1L	HGNC:24060	83853	ENSG00000145491
RPA2	HGNC:10290	6118	ENSG00000117748
RPA3	HGNC:10291	6119	ENSG00000106399
RPA4	HGNC:30305	29935	ENSG00000204086
RPAIN	HGNC:28641	84268	ENSG00000129197
RPAP1	HGNC:24567	26015	ENSG00000103932
RPAP2	HGNC:25791	79871	ENSG00000122484
RPAP3	HGNC:26151	79657	ENSG00000005175
RPE	HGNC:10293	6120	ENSG00000197713
RPEL1	HGNC:45241	729020	ENSG00000235376
RPF1	HGNC:30350	80135	ENSG00000117133
RPF2	HGNC:20870	84154	ENSG00000197498
RPH3A	HGNC:17056	22895	ENSG00000089169
RPH3AL	HGNC:10296	9501	ENSG00000181031
RPL3	HGNC:10332	6122	ENSG00000100316
RPL4	HGNC:10353	6124	ENSG00000174444
RPL6	HGNC:10362	6128	ENSG00000089009
RPL7	HGNC:10363	6129	ENSG00000147604
RPL7A	HGNC:10364	6130	ENSG00000148303
RPL7L1	HGNC:21370	285855	ENSG00000146223
RPL10A	HGNC:10299	4736	ENSG00000198755
RPL12	HGNC:10302	6136	ENSG00000197958
RPL13A	HGNC:10304	23521	ENSG00000142541
RPL14	HGNC:10305	9045	ENSG00000188846
RPL18A	HGNC:10311	6142	ENSG00000105640
RPL19	HGNC:10312	6143	ENSG00000108298
RPL22	HGNC:10315	6146	ENSG00000116251
RPL22L1	HGNC:27610	200916	ENSG00000163584
RPL23	HGNC:10316	9349	ENSG00000125691
RPL23A	HGNC:10317	6147	ENSG00000198242
RPL24	HGNC:10325	6152	ENSG00000114391
RPL26L1	HGNC:17050	51121	ENSG00000037241
RPL27A	HGNC:10329	6157	ENSG00000166441
RPL28	HGNC:10330	6158	ENSG00000108107
RPL29	HGNC:10331	6159	ENSG00000162244
RPL30	HGNC:10333	6156	ENSG00000156482
RPL32	HGNC:10336	6161	ENSG00000144713
RPL34	HGNC:10340	6164	ENSG00000109475
RPL36	HGNC:13631	25873	ENSG00000130255
RPL36A	HGNC:10359	6173	ENSG00000241343
RPL36AL	HGNC:10346	6166	ENSG00000165502
RPL37	HGNC:10347	6167	ENSG00000145592
RPL37A	HGNC:10348	6168	ENSG00000197756
RPL38	HGNC:10349	6169	ENSG00000172809
RPL39	HGNC:10350	6170	ENSG00000198918
RPL39L	HGNC:17094	116832	ENSG00000163923
RPL41	HGNC:10354	6171	ENSG00000229117
RPLP0	HGNC:10371	6175	ENSG00000089157
RPLP1	HGNC:10372	6176	ENSG00000137818
RPLP2	HGNC:10377	6181	ENSG00000177600
RPN2	HGNC:10382	6185	ENSG00000118705
RPP14	HGNC:30327	11102	ENSG00000163684
RPP21	HGNC:21300	79897	ENSG00000241370
RPP25	HGNC:30361	54913	ENSG00000178718
RPP25L	HGNC:19909	138716	ENSG00000164967
RPP30	HGNC:17688	10556	ENSG00000148688
RPP38	HGNC:30329	10557	ENSG00000152464
RPP40	HGNC:20992	10799	ENSG00000124787
RPRD1A	HGNC:25560	55197	ENSG00000141425
RPRD1B	HGNC:16209	58490	ENSG00000101413
RPRD2	HGNC:29039	23248	ENSG00000163125
RPRM	HGNC:24201	56475	ENSG00000177519
RPRML	HGNC:32422	388394	ENSG00000179673
RPS2	HGNC:10404	6187	ENSG00000140988
RPS3	HGNC:10420	6188	ENSG00000149273
RPS3A	HGNC:10421	6189	ENSG00000145425
RPS4X	HGNC:10424	6191	ENSG00000198034
RPS4Y1	HGNC:10425	6192	ENSG00000129824
RPS5	HGNC:10426	6193	ENSG00000083845
RPS6	HGNC:10429	6194	ENSG00000137154
RPS6KA1	HGNC:10430	6195	ENSG00000117676
RPS6KA2	HGNC:10431	6196	ENSG00000071242
RPS6KA4	HGNC:10433	8986	ENSG00000162302
RPS6KA5	HGNC:10434	9252	ENSG00000100784
RPS6KA6	HGNC:10435	27330	ENSG00000072133
RPS6KB2	HGNC:10437	6199	ENSG00000175634
RPS6KL1	HGNC:20222	83694	ENSG00000198208
RPS8	HGNC:10441	6202	ENSG00000142937
RPS9	HGNC:10442	6203	ENSG00000170889
RPS11	HGNC:10384	6205	ENSG00000142534
RPS12	HGNC:10385	6206	ENSG00000112306
RPS13	HGNC:10386	6207	ENSG00000110700
RPS16	HGNC:10396	6217	ENSG00000105193
RPS18	HGNC:10401	6222	ENSG00000231500
RPS19BP1	HGNC:28749	91582	ENSG00000187051
RPS21	HGNC:10409	6227	ENSG00000171858
RPS25	HGNC:10413	6230	ENSG00000118181
RPS27A	HGNC:10417	6233	ENSG00000143947
RPS27L	HGNC:18476	51065	ENSG00000185088
RPSA2	HGNC:36809	388524	ENSG00000288920
RPTN	HGNC:26809	126638	ENSG00000215853
RPTOR	HGNC:30287	57521	ENSG00000141564
RPUSD1	HGNC:14173	113000	ENSG00000007376
RPUSD2	HGNC:24180	27079	ENSG00000166133
RPUSD3	HGNC:28437	285367	ENSG00000156990
RPUSD4	HGNC:25898	84881	ENSG00000165526
RRAD	HGNC:10446	6236	ENSG00000166592
RRAGA	HGNC:16963	10670	ENSG00000155876
RRAGB	HGNC:19901	10325	ENSG00000083750
RRBP1	HGNC:10448	6238	ENSG00000125844
RRH	HGNC:10450	10692	ENSG00000180245
RRM2	HGNC:10452	6241	ENSG00000171848
RRN3	HGNC:30346	54700	ENSG00000085721
RRP1	HGNC:18785	8568	ENSG00000160214
RRP1B	HGNC:23818	23076	ENSG00000160208
RRP8	HGNC:29030	23378	ENSG00000132275
RRP9	HGNC:16829	9136	ENSG00000114767
RRP15	HGNC:24255	51018	ENSG00000067533
RRP36	HGNC:21374	88745	ENSG00000124541
RRS1	HGNC:17083	23212	ENSG00000179041
RSAD1	HGNC:25634	55316	ENSG00000136444
RSAD2	HGNC:30908	91543	ENSG00000134321
RSBN1	HGNC:25642	54665	ENSG00000081019
RSBN1L	HGNC:24765	222194	ENSG00000187257
RSC1A1	HGNC:10458	6248	ENSG00000215695
RSF1	HGNC:18118	51773	ENSG00000048649
RSKR	HGNC:26314	124923	ENSG00000167524
RSL1D1	HGNC:24534	26156	ENSG00000171490
RSL24D1	HGNC:18479	51187	ENSG00000137876
RSPH6A	HGNC:14241	81492	ENSG00000104941
RSPH10B	HGNC:27362	222967	ENSG00000155026
RSPH10B2	HGNC:34385	728194	ENSG00000169402
RSPH14	HGNC:13437	27156	ENSG00000100218
RSPO3	HGNC:20866	84870	ENSG00000146374
RSRC2	HGNC:30559	65117	ENSG00000111011
RSRP1	HGNC:25234	57035	ENSG00000117616
RSU1	HGNC:10464	6251	ENSG00000148484
RTBDN	HGNC:30310	83546	ENSG00000132026
RTCA	HGNC:17981	8634	ENSG00000137996
RTCB	HGNC:26935	51493	ENSG00000100220
RTF1	HGNC:28996	23168	ENSG00000137815
RTF2	HGNC:15890	51507	ENSG00000022277
RTKN	HGNC:10466	6242	ENSG00000114993
RTL3	HGNC:22997	203430	ENSG00000179300
RTL4	HGNC:25214	340595	ENSG00000187823
RTL5	HGNC:29430	340526	ENSG00000242732
RTL6	HGNC:13343	84247	ENSG00000188636
RTL8A	HGNC:24514	26071	ENSG00000203950
RTL8B	HGNC:33156	441518	ENSG00000212747
RTL8C	HGNC:2569	8933	ENSG00000134590
RTL9	HGNC:29245	57529	ENSG00000243978
RTL10	HGNC:26112	79680	ENSG00000215012
RTN1	HGNC:10467	6252	ENSG00000139970
RTN3	HGNC:10469	10313	ENSG00000133318
RTN4	HGNC:14085	57142	ENSG00000115310
RTN4RL1	HGNC:21329	146760	ENSG00000185924
RTN4RL2	HGNC:23053	349667	ENSG00000186907
RTP1	HGNC:28580	132112	ENSG00000175077
RTP2	HGNC:32486	344892	ENSG00000198471
RTP3	HGNC:15572	83597	ENSG00000163825
RTP4	HGNC:23992	64108	ENSG00000136514
RTP5	HGNC:26585	285093	ENSG00000188011
RTRAF	HGNC:23169	51637	ENSG00000087302
RUBCNL	HGNC:20420	80183	ENSG00000102445
RUFY1	HGNC:19760	80230	ENSG00000176783
RUFY2	HGNC:19761	55680	ENSG00000204130
RUFY3	HGNC:30285	22902	ENSG00000018189
RUFY4	HGNC:24804	285180	ENSG00000188282
RUNDC1	HGNC:25418	146923	ENSG00000198863
RUNDC3A	HGNC:16984	10900	ENSG00000108309
RUNDC3B	HGNC:30286	154661	ENSG00000105784
RUNX3	HGNC:10473	864	ENSG00000020633
RUSC1	HGNC:17153	23623	ENSG00000160753
RUSF1	HGNC:25848	64755	ENSG00000140688
RUVBL1	HGNC:10474	8607	ENSG00000175792
RUVBL2	HGNC:10475	10856	ENSG00000183207
RWDD1	HGNC:20993	51389	ENSG00000111832
RWDD2A	HGNC:21385	112611	ENSG00000013392
RWDD2B	HGNC:1302	10069	ENSG00000156253
RWDD3	HGNC:21393	25950	ENSG00000122481
RWDD4	HGNC:23750	201965	ENSG00000182552
RXFP1	HGNC:19718	59350	ENSG00000171509
RXFP3	HGNC:24883	51289	ENSG00000182631
RXFP4	HGNC:14666	339403	ENSG00000173080
RXRB	HGNC:10478	6257	ENSG00000204231
RXRG	HGNC:10479	6258	ENSG00000143171
RYBP	HGNC:10480	23429	ENSG00000163602
RYK	HGNC:10481	6259	ENSG00000163785
S1PR1	HGNC:3165	1901	ENSG00000170989
S1PR3	HGNC:3167	1903	ENSG00000213694
S1PR4	HGNC:3170	8698	ENSG00000125910
S1PR5	HGNC:14299	53637	ENSG00000180739
S100A1	HGNC:10486	6271	ENSG00000160678
S100A2	HGNC:10492	6273	ENSG00000196754
S100A3	HGNC:10493	6274	ENSG00000188015
S100A4	HGNC:10494	6275	ENSG00000196154
S100A5	HGNC:10495	6276	ENSG00000196420
S100A6	HGNC:10496	6277	ENSG00000197956
S100A7	HGNC:10497	6278	ENSG00000143556
S100A7A	HGNC:21657	338324	ENSG00000184330
S100A8	HGNC:10498	6279	ENSG00000143546
S100A9	HGNC:10499	6280	ENSG00000163220
S100A10	HGNC:10487	6281	ENSG00000197747
S100A11	HGNC:10488	6282	ENSG00000163191
S100A12	HGNC:10489	6283	ENSG00000163221
S100A13	HGNC:10490	6284	ENSG00000189171
S100A14	HGNC:18901	57402	ENSG00000189334
S100A16	HGNC:20441	140576	ENSG00000188643
S100B	HGNC:10500	6285	ENSG00000160307
S100G	HGNC:1436	795	ENSG00000169906
S100P	HGNC:10504	6286	ENSG00000163993
S100PBP	HGNC:25768	64766	ENSG00000116497
S100Z	HGNC:30367	170591	ENSG00000171643
SAA2	HGNC:10514	6289	ENSG00000134339
SAA4	HGNC:10516	6291	ENSG00000148965
SAAL1	HGNC:25158	113174	ENSG00000166788
SAC3D1	HGNC:30179	29901	ENSG00000168061
SACK1A	HGNC:28210	84985	ENSG00000147689
SACK1B	HGNC:21357	222584	ENSG00000168143
SACK1C	HGNC:16121	128876	ENSG00000125998
SACK1D	HGNC:16122	81610	ENSG00000101447
SACK1E	HGNC:25972	54854	ENSG00000105523
SACK1F	HGNC:25148	113828	ENSG00000133477
SACK1G	HGNC:32554	644815	ENSG00000188522
SACM1L	HGNC:17059	22908	ENSG00000211456
SAE1	HGNC:30660	10055	ENSG00000142230
SAFB	HGNC:10520	6294	ENSG00000160633
SAFB2	HGNC:21605	9667	ENSG00000130254
SAGE1	HGNC:30369	55511	ENSG00000181433
SALL3	HGNC:10527	27164	ENSG00000256463
SAMD1	HGNC:17958	90378	ENSG00000141858
SAMD3	HGNC:21574	154075	ENSG00000164483
SAMD4A	HGNC:23023	23034	ENSG00000020577
SAMD4B	HGNC:25492	55095	ENSG00000179134
SAMD5	HGNC:21180	389432	ENSG00000203727
SAMD8	HGNC:26320	142891	ENSG00000156671
SAMD10	HGNC:16129	140700	ENSG00000130590
SAMD11	HGNC:28706	148398	ENSG00000187634
SAMD13	HGNC:24582	148418	ENSG00000203943
SAMD14	HGNC:27312	201191	ENSG00000167100
SAMD15	HGNC:18631	161394	ENSG00000100583
SAMM50	HGNC:24276	25813	ENSG00000100347
SAMSN1	HGNC:10528	64092	ENSG00000155307
SAMTOR	HGNC:26475	154743	ENSG00000164603
SANBR	HGNC:29387	84542	ENSG00000162929
SAP18	HGNC:10530	10284	ENSG00000150459
SAP25	HGNC:41908	100316904	ENSG00000205307
SAP30	HGNC:10532	8819	ENSG00000164105
SAP30BP	HGNC:30785	29115	ENSG00000161526
SAP30L	HGNC:25663	79685	ENSG00000164576
SAP130	HGNC:29813	79595	ENSG00000136715
SAPCD1	HGNC:13938	401251	ENSG00000228727
SAPCD2	HGNC:28055	89958	ENSG00000186193
SAR1A	HGNC:10534	56681	ENSG00000079332
SARAF	HGNC:28789	51669	ENSG00000133872
SARM1	HGNC:17074	23098	ENSG00000004139
SARNP	HGNC:24432	84324	ENSG00000205323
SART1	HGNC:10538	9092	ENSG00000175467
SAT2	HGNC:23160	112483	ENSG00000141504
SATL1	HGNC:27992	340562	ENSG00000184788
SAV1	HGNC:17795	60485	ENSG00000151748
SAXO1	HGNC:28566	158297	ENSG00000155875
SAXO2	HGNC:33727	283726	ENSG00000188659
SAXO3	HGNC:56771	101059948	ENSG00000268655
SAXO4	HGNC:28869	220004	ENSG00000162148
SAXO5	HGNC:24745	374877	ENSG00000198723
SAXO6	HGNC:29917	56890	ENSG00000111554
SAYSD1	HGNC:21025	55776	ENSG00000112167
SBK1	HGNC:17699	388228	ENSG00000188322
SBK2	HGNC:34416	646643	ENSG00000187550
SBK3	HGNC:44121	100130827	ENSG00000231274
SBNO1	HGNC:22973	55206	ENSG00000139697
SBNO2	HGNC:29158	22904	ENSG00000064932
SBSN	HGNC:24950	374897	ENSG00000189001
SBSPON	HGNC:30362	157869	ENSG00000164764
SCAF1	HGNC:30403	58506	ENSG00000126461
SCAF8	HGNC:20959	22828	ENSG00000213079
SCAF11	HGNC:10784	9169	ENSG00000139218
SCAI	HGNC:26709	286205	ENSG00000173611
SCAMP1	HGNC:10563	9522	ENSG00000085365
SCAMP2	HGNC:10564	10066	ENSG00000140497
SCAMP3	HGNC:10565	10067	ENSG00000116521
SCAMP4	HGNC:30385	113178	ENSG00000227500
SCAMP5	HGNC:30386	192683	ENSG00000198794
SCAND1	HGNC:10566	51282	ENSG00000171222
SCAND3	HGNC:13851	114821	ENSG00000232040
SCAP	HGNC:30634	22937	ENSG00000114650
SCARA3	HGNC:19000	51435	ENSG00000168077
SCARA5	HGNC:28701	286133	ENSG00000168079
SCARF1	HGNC:16820	8578	ENSG00000074660
SCART1	HGNC:32411	619207	ENSG00000214279
SCCPDH	HGNC:24275	51097	ENSG00000143653
SCD	HGNC:10571	6319	ENSG00000099194
SCEL	HGNC:10573	8796	ENSG00000136155
SCFD1	HGNC:20726	23256	ENSG00000092108
SCFD2	HGNC:30676	152579	ENSG00000184178
SCG2	HGNC:10575	7857	ENSG00000171951
SCG3	HGNC:13707	29106	ENSG00000104112
SCG5	HGNC:10816	6447	ENSG00000166922
SCGB1A1	HGNC:12523	7356	ENSG00000149021
SCGB1C1	HGNC:18394	147199	ENSG00000188076
SCGB1C2	HGNC:51242	653486	ENSG00000268320
SCGB1D1	HGNC:18395	10648	ENSG00000168515
SCGB1D2	HGNC:18396	10647	ENSG00000124935
SCGB1D4	HGNC:31748	404552	ENSG00000197745
SCGB2A1	HGNC:7051	4246	ENSG00000124939
SCGB2A2	HGNC:7050	4250	ENSG00000110484
SCGB2B2	HGNC:27616	284402	ENSG00000205209
SCGB3A1	HGNC:18384	92304	ENSG00000161055
SCHIP1	HGNC:15678	29970	ENSG00000151967
SCIMP	HGNC:33504	388325	ENSG00000161929
SCIN	HGNC:21695	85477	ENSG00000006747
SCLY	HGNC:18161	51540	ENSG00000132330
SCMH1	HGNC:19003	22955	ENSG00000010803
SCML1	HGNC:10580	6322	ENSG00000047634
SCML2	HGNC:10581	10389	ENSG00000102098
SCML4	HGNC:21397	256380	ENSG00000146285
SCN7A	HGNC:10594	6332	ENSG00000136546
SCNN1D	HGNC:10601	6339	ENSG00000162572
SCOC	HGNC:20335	60592	ENSG00000153130
SCP2D1	HGNC:16211	140856	ENSG00000132631
SCPEP1	HGNC:29507	59342	ENSG00000121064
SCPPPQ1	HGNC:56851	105377321	
SCRG1	HGNC:17036	11341	ENSG00000164106
SCRIB	HGNC:30377	23513	ENSG00000180900
SCRN1	HGNC:22192	9805	ENSG00000136193
SCRN2	HGNC:30381	90507	ENSG00000141295
SCRN3	HGNC:30382	79634	ENSG00000144306
SCRT1	HGNC:15950	83482	ENSG00000261678
SCRT2	HGNC:15952	85508	ENSG00000215397
SCT	HGNC:10607	6343	ENSG00000070031
SCTR	HGNC:10608	6344	ENSG00000080293
SCUBE1	HGNC:13441	80274	ENSG00000159307
SCUBE2	HGNC:30425	57758	ENSG00000175356
SCX	HGNC:32322	642658	ENSG00000260428
SCYGR1	HGNC:34218	112441428	ENSG00000284629
SCYGR2	HGNC:34220	112441435	ENSG00000284643
SCYGR3	HGNC:34222	112441429	ENSG00000284704
SCYGR4	HGNC:34223	112441430	ENSG00000284631
SCYGR5	HGNC:34224	112441437	ENSG00000284667
SCYGR6	HGNC:34225	112441431	ENSG00000284725
SCYGR7	HGNC:34226	112441438	ENSG00000284718
SCYGR8	HGNC:34227	112441432	ENSG00000284635
SCYGR10	HGNC:34221	112441436	ENSG00000284622
SCYL3	HGNC:19285	57147	ENSG00000000457
SDAD1	HGNC:25537	55153	ENSG00000198301
SDC1	HGNC:10658	6382	ENSG00000115884
SDC2	HGNC:10659	6383	ENSG00000169439
SDC4	HGNC:10661	6385	ENSG00000124145
SDCBP	HGNC:10662	6386	ENSG00000137575
SDCBP2	HGNC:15756	27111	ENSG00000125775
SDE2	HGNC:26643	163859	ENSG00000143751
SDF2	HGNC:10675	6388	ENSG00000132581
SDF2L1	HGNC:10676	23753	ENSG00000128228
SDF4	HGNC:24188	51150	ENSG00000078808
SDHAF3	HGNC:21752	57001	ENSG00000196636
SDHAF4	HGNC:20957	135154	ENSG00000154079
SDIM1	HGNC:38749	100505705	
SDK1	HGNC:19307	221935	ENSG00000146555
SDK2	HGNC:19308	54549	ENSG00000069188
SDR16C5	HGNC:30311	195814	ENSG00000170786
SDR39U1	HGNC:20275	56948	ENSG00000100445
SDR42E1	HGNC:29834	93517	ENSG00000184860
SDR42E2	HGNC:35414	100288072	ENSG00000183921
SDS	HGNC:10691	10993	ENSG00000135094
SDSL	HGNC:30404	113675	ENSG00000139410
SEBOX	HGNC:32942	645832	ENSG00000274529
SEC11A	HGNC:17718	23478	ENSG00000140612
SEC11C	HGNC:23400	90701	ENSG00000166562
SEC13	HGNC:10697	6396	ENSG00000157020
SEC14L1	HGNC:10698	6397	ENSG00000129657
SEC14L2	HGNC:10699	23541	ENSG00000100003
SEC14L3	HGNC:18655	266629	ENSG00000100012
SEC14L4	HGNC:20627	284904	ENSG00000133488
SEC14L5	HGNC:29032	9717	ENSG00000103184
SEC14L6	HGNC:40047	730005	ENSG00000214491
SEC16A	HGNC:29006	9919	ENSG00000148396
SEC16B	HGNC:30301	89866	ENSG00000120341
SEC22A	HGNC:20260	26984	ENSG00000121542
SEC22B	HGNC:10700	9554	ENSG00000265808
SEC22C	HGNC:16828	9117	ENSG00000093183
SEC23IP	HGNC:17018	11196	ENSG00000107651
SEC24A	HGNC:10703	10802	ENSG00000113615
SEC24B	HGNC:10704	10427	ENSG00000138802
SEC31B	HGNC:23197	25956	ENSG00000075826
SEC61A2	HGNC:17702	55176	ENSG00000065665
SEC61G	HGNC:18277	23480	ENSG00000132432
SEC62	HGNC:11846	7095	ENSG00000008952
SECISBP2L	HGNC:28997	9728	ENSG00000138593
SECTM1	HGNC:10707	6398	ENSG00000141574
SEH1L	HGNC:30379	81929	ENSG00000085415
SEL1L2	HGNC:15897	80343	ENSG00000101251
SEL1L3	HGNC:29108	23231	ENSG00000091490
SELE	HGNC:10718	6401	ENSG00000007908
SELENOF	HGNC:17705	9403	ENSG00000183291
SELENOH	HGNC:18251	280636	ENSG00000211450
SELENOK	HGNC:30394	58515	ENSG00000113811
SELENOM	HGNC:30397	140606	ENSG00000198832
SELENOO	HGNC:30395	83642	ENSG00000073169
SELENOP	HGNC:10751	6414	ENSG00000250722
SELENOS	HGNC:30396	55829	ENSG00000131871
SELENOT	HGNC:18136	51714	ENSG00000198843
SELENOV	HGNC:30399	348303	ENSG00000186838
SELENOW	HGNC:10752	6415	ENSG00000178980
SELL	HGNC:10720	6402	ENSG00000188404
SELP	HGNC:10721	6403	ENSG00000174175
SELPLG	HGNC:10722	6404	ENSG00000110876
SEMA3B	HGNC:10724	7869	ENSG00000012171
SEMA3F	HGNC:10728	6405	ENSG00000001617
SEMA3G	HGNC:30400	56920	ENSG00000010319
SEMA4B	HGNC:10730	10509	ENSG00000185033
SEMA4C	HGNC:10731	54910	ENSG00000168758
SEMA4F	HGNC:10734	10505	ENSG00000135622
SEMA4G	HGNC:10735	57715	ENSG00000095539
SEMA5B	HGNC:10737	54437	ENSG00000082684
SEMA6A	HGNC:10738	57556	ENSG00000092421
SEMA6C	HGNC:10740	10500	ENSG00000143434
SEMA6D	HGNC:16770	80031	ENSG00000137872
SEMG1	HGNC:10742	6406	ENSG00000124233
SEMG2	HGNC:10743	6407	ENSG00000124157
SENP1	HGNC:17927	29843	ENSG00000079387
SENP2	HGNC:23116	59343	ENSG00000163904
SENP3	HGNC:17862	26168	ENSG00000161956
SENP5	HGNC:28407	205564	ENSG00000119231
SENP6	HGNC:20944	26054	ENSG00000112701
SENP7	HGNC:30402	57337	ENSG00000138468
SENP8	HGNC:22992	123228	ENSG00000166192
SEPHS2	HGNC:19686	22928	ENSG00000179918
SEPTIN1	HGNC:2879	1731	ENSG00000180096
SEPTIN2	HGNC:7729	4735	ENSG00000168385
SEPTIN3	HGNC:10750	55964	ENSG00000100167
SEPTIN5	HGNC:9164	5413	ENSG00000184702
SEPTIN6	HGNC:15848	23157	ENSG00000125354
SEPTIN7	HGNC:1717	989	ENSG00000122545
SEPTIN8	HGNC:16511	23176	ENSG00000164402
SEPTIN10	HGNC:14349	151011	ENSG00000186522
SEPTIN11	HGNC:25589	55752	ENSG00000138758
SERBP1	HGNC:17860	26135	ENSG00000142864
SERF1A	HGNC:10755	8293	ENSG00000172058
SERF1B	HGNC:10756	728492	ENSG00000205572
SERF2	HGNC:10757	10169	ENSG00000140264
SERGEF	HGNC:17499	26297	ENSG00000129158
SERHL2	HGNC:29446	253190	ENSG00000183569
SERINC1	HGNC:13464	57515	ENSG00000111897
SERINC2	HGNC:23231	347735	ENSG00000168528
SERINC3	HGNC:11699	10955	ENSG00000132824
SERINC4	HGNC:32237	619189	ENSG00000184716
SERINC5	HGNC:18825	256987	ENSG00000164300
SERP1	HGNC:10759	27230	ENSG00000120742
SERP2	HGNC:20607	387923	ENSG00000151778
SERPINA2	HGNC:8985	390502	ENSG00000258597
SERPINA3	HGNC:16	12	ENSG00000196136
SERPINA4	HGNC:8948	5267	ENSG00000100665
SERPINA5	HGNC:8723	5104	ENSG00000188488
SERPINA9	HGNC:15995	327657	ENSG00000170054
SERPINA11	HGNC:19193	256394	ENSG00000186910
SERPINA12	HGNC:18359	145264	ENSG00000165953
SERPINB1	HGNC:3311	1992	ENSG00000021355
SERPINB2	HGNC:8584	5055	ENSG00000197632
SERPINB3	HGNC:10569	6317	ENSG00000057149
SERPINB4	HGNC:10570	6318	ENSG00000206073
SERPINB5	HGNC:8949	5268	ENSG00000206075
SERPINB9	HGNC:8955	5272	ENSG00000170542
SERPINB10	HGNC:8942	5273	ENSG00000242550
SERPINB11	HGNC:14221	89778	ENSG00000206072
SERPINB12	HGNC:14220	89777	ENSG00000166634
SERPINB13	HGNC:8944	5275	ENSG00000197641
SERPINE2	HGNC:8951	5270	ENSG00000135919
SERPINE3	HGNC:24774	647174	ENSG00000253309
SERPINI2	HGNC:8945	5276	ENSG00000114204
SERTAD1	HGNC:17932	29950	ENSG00000197019
SERTAD2	HGNC:30784	9792	ENSG00000179833
SERTAD3	HGNC:17931	29946	ENSG00000167565
SERTAD4	HGNC:25236	56256	ENSG00000082497
SERTM1	HGNC:33792	400120	ENSG00000180440
SERTM2	HGNC:48576	401613	ENSG00000260802
SESN1	HGNC:21595	27244	ENSG00000080546
SESN2	HGNC:20746	83667	ENSG00000130766
SESN3	HGNC:23060	143686	ENSG00000149212
SESTD1	HGNC:18379	91404	ENSG00000187231
SETD3	HGNC:20493	84193	ENSG00000183576
SETD4	HGNC:1258	54093	ENSG00000185917
SETD6	HGNC:26116	79918	ENSG00000103037
SETD7	HGNC:30412	80854	ENSG00000145391
SETD9	HGNC:28508	133383	ENSG00000155542
SETDB1	HGNC:10761	9869	ENSG00000143379
SETDB2	HGNC:20263	83852	ENSG00000136169
SETMAR	HGNC:10762	6419	ENSG00000170364
SETSIP	HGNC:42937	646817	ENSG00000230667
SEZ6	HGNC:15955	124925	ENSG00000063015
SEZ6L	HGNC:10763	23544	ENSG00000100095
SEZ6L2	HGNC:30844	26470	ENSG00000174938
SF1	HGNC:12950	7536	ENSG00000168066
SF3A1	HGNC:10765	10291	ENSG00000099995
SF3A2	HGNC:10766	8175	ENSG00000104897
SF3A3	HGNC:10767	10946	ENSG00000183431
SF3B3	HGNC:10770	23450	ENSG00000189091
SF3B5	HGNC:21083	83443	ENSG00000169976
SF3B6	HGNC:30096	51639	ENSG00000115128
SFI1	HGNC:29064	9814	ENSG00000198089
SFMBT1	HGNC:20255	51460	ENSG00000163935
SFMBT2	HGNC:20256	57713	ENSG00000198879
SFN	HGNC:10773	2810	ENSG00000175793
SFR1	HGNC:29574	119392	ENSG00000156384
SFRP1	HGNC:10776	6422	ENSG00000104332
SFRP2	HGNC:10777	6423	ENSG00000145423
SFRP5	HGNC:10779	6425	ENSG00000120057
SFSWAP	HGNC:10790	6433	ENSG00000061936
SFT2D1	HGNC:21102	113402	ENSG00000198818
SFT2D2	HGNC:25140	375035	ENSG00000213064
SFT2D3	HGNC:28767	84826	ENSG00000173349
SFTA2	HGNC:18386	389376	ENSG00000196260
SFTPD	HGNC:10803	6441	ENSG00000133661
SFXN1	HGNC:16085	94081	ENSG00000164466
SFXN2	HGNC:16086	118980	ENSG00000156398
SFXN3	HGNC:16087	81855	ENSG00000107819
SFXN5	HGNC:16073	94097	ENSG00000144040
SGCZ	HGNC:14075	137868	ENSG00000185053
SGF29	HGNC:25156	112869	ENSG00000176476
SGIP1	HGNC:25412	84251	ENSG00000118473
SGK1	HGNC:10810	6446	ENSG00000118515
SGK2	HGNC:13900	10110	ENSG00000101049
SGK3	HGNC:10812	23678	ENSG00000104205
SGMS1	HGNC:29799	259230	ENSG00000198964
SGO2	HGNC:30812	151246	ENSG00000163535
SGPP1	HGNC:17720	81537	ENSG00000126821
SGPP2	HGNC:19953	130367	ENSG00000163082
SGSM1	HGNC:29410	129049	ENSG00000167037
SGSM2	HGNC:29026	9905	ENSG00000141258
SGTA	HGNC:10819	6449	ENSG00000104969
SGTB	HGNC:23567	54557	ENSG00000197860
SH2B2	HGNC:17381	10603	ENSG00000160999
SH2D1B	HGNC:30416	117157	ENSG00000198574
SH2D2A	HGNC:10821	9047	ENSG00000027869
SH2D3A	HGNC:16885	10045	ENSG00000125731
SH2D3C	HGNC:16884	10044	ENSG00000095370
SH2D4A	HGNC:26102	63898	ENSG00000104611
SH2D4B	HGNC:31440	387694	ENSG00000178217
SH2D5	HGNC:28819	400745	ENSG00000189410
SH2D6	HGNC:30439	284948	ENSG00000152292
SH2D7	HGNC:34549	646892	ENSG00000183476
SH3BGR	HGNC:10822	6450	ENSG00000185437
SH3BGRL	HGNC:10823	6451	ENSG00000131171
SH3BGRL2	HGNC:15567	83699	ENSG00000198478
SH3BGRL3	HGNC:15568	83442	ENSG00000142669
SH3BP1	HGNC:10824	23616	ENSG00000100092
SH3BP4	HGNC:10826	23677	ENSG00000130147
SH3BP5	HGNC:10827	9467	ENSG00000131370
SH3BP5L	HGNC:29360	80851	ENSG00000175137
SH3D19	HGNC:30418	152503	ENSG00000109686
SH3D21	HGNC:26236	79729	ENSG00000214193
SH3GL2	HGNC:10831	6456	ENSG00000107295
SH3GL3	HGNC:10832	6457	ENSG00000140600
SH3GLB1	HGNC:10833	51100	ENSG00000097033
SH3GLB2	HGNC:10834	56904	ENSG00000148341
SH3RF1	HGNC:17650	57630	ENSG00000154447
SH3RF2	HGNC:26299	153769	ENSG00000156463
SH3RF3	HGNC:24699	344558	ENSG00000172985
SH3TC1	HGNC:26009	54436	ENSG00000125089
SH3YL1	HGNC:29546	26751	ENSG00000035115
SHB	HGNC:10838	6461	ENSG00000107338
SHBG	HGNC:10839	6462	ENSG00000129214
SHC1	HGNC:10840	6464	ENSG00000160691
SHC2	HGNC:29869	25759	ENSG00000129946
SHC3	HGNC:18181	53358	ENSG00000148082
SHC4	HGNC:16743	399694	ENSG00000185634
SHCBP1	HGNC:29547	79801	ENSG00000171241
SHCBP1L	HGNC:16788	81626	ENSG00000157060
SHD	HGNC:30633	56961	ENSG00000105251
SHE	HGNC:27004	126669	ENSG00000169291
SHF	HGNC:25116	90525	ENSG00000138606
SHFL	HGNC:25649	55337	ENSG00000130813
SHISA2	HGNC:20366	387914	ENSG00000180730
SHISA3	HGNC:25159	152573	ENSG00000178343
SHISA4	HGNC:27139	149345	ENSG00000198892
SHISA5	HGNC:30376	51246	ENSG00000164054
SHISA6	HGNC:34491	388336	ENSG00000188803
SHISA7	HGNC:35409	729956	ENSG00000187902
SHISA8	HGNC:18351	440829	ENSG00000234965
SHISA9	HGNC:37231	729993	ENSG00000237515
SHISAL1	HGNC:29335	85352	ENSG00000138944
SHISAL2A	HGNC:28757	348378	ENSG00000182183
SHISAL2B	HGNC:34236	100132916	ENSG00000145642
SHKBP1	HGNC:19214	92799	ENSG00000160410
SHLD1	HGNC:26318	149840	ENSG00000171984
SHLD2	HGNC:28773	54537	ENSG00000122376
SHLD3	HGNC:53826	112441434	ENSG00000253251
SHMT1	HGNC:10850	6470	ENSG00000176974
SHOX2	HGNC:10854	6474	ENSG00000168779
SHPRH	HGNC:19336	257218	ENSG00000146414
SHROOM1	HGNC:24084	134549	ENSG00000164403
SHROOM2	HGNC:630	357	ENSG00000146950
SHROOM3	HGNC:30422	57619	ENSG00000138771
SHTN1	HGNC:29319	57698	ENSG00000187164
SIAH2	HGNC:10858	6478	ENSG00000181788
SIAH3	HGNC:30553	283514	ENSG00000215475
SIDT1	HGNC:25967	54847	ENSG00000072858
SIDT2	HGNC:24272	51092	ENSG00000149577
SIGIRR	HGNC:30575	59307	ENSG00000185187
SIGLEC1	HGNC:11127	6614	ENSG00000088827
SIGLEC5	HGNC:10874	8778	ENSG00000105501
SIGLEC6	HGNC:10875	946	ENSG00000105492
SIGLEC7	HGNC:10876	27036	ENSG00000168995
SIGLEC8	HGNC:10877	27181	ENSG00000105366
SIGLEC9	HGNC:10878	27180	ENSG00000129450
SIGLEC10	HGNC:15620	89790	ENSG00000142512
SIGLEC11	HGNC:15622	114132	ENSG00000161640
SIGLEC12	HGNC:15482	89858	ENSG00000254521
SIGLEC14	HGNC:32926	100049587	ENSG00000254415
SIGLEC15	HGNC:27596	284266	ENSG00000197046
SIGLEC16	HGNC:24851	400709	ENSG00000161643
SIGLECL1	HGNC:26856	284369	ENSG00000179213
SIK2	HGNC:21680	23235	ENSG00000170145
SIKE1	HGNC:26119	80143	ENSG00000052723
SIM2	HGNC:10883	6493	ENSG00000159263
SIMC1	HGNC:24779	375484	ENSG00000170085
SINHCAF	HGNC:30702	58516	ENSG00000139146
SIPA1	HGNC:10885	6494	ENSG00000213445
SIPA1L1	HGNC:20284	26037	ENSG00000197555
SIPA1L2	HGNC:23800	57568	ENSG00000116991
SIRAL1	HGNC:26110	79607	ENSG00000197798
SIRAL2	HGNC:1313	55007	ENSG00000100376
SIRPA	HGNC:9662	140885	ENSG00000198053
SIRPB1	HGNC:15928	10326	ENSG00000101307
SIRPB2	HGNC:16247	284759	ENSG00000196209
SIRPD	HGNC:16248	128646	ENSG00000125900
SIRPG	HGNC:15757	55423	ENSG00000089012
SIRT2	HGNC:10886	22933	ENSG00000068903
SIRT3	HGNC:14931	23410	ENSG00000142082
SIRT4	HGNC:14932	23409	ENSG00000089163
SIRT5	HGNC:14933	23408	ENSG00000124523
SIRT7	HGNC:14935	51547	ENSG00000187531
SIT1	HGNC:17710	27240	ENSG00000137078
SIVA1	HGNC:17712	10572	ENSG00000184990
SIX4	HGNC:10890	51804	ENSG00000100625
SKA1	HGNC:28109	220134	ENSG00000154839
SKA2	HGNC:28006	348235	ENSG00000182628
SKA3	HGNC:20262	221150	ENSG00000165480
SKAP1	HGNC:15605	8631	ENSG00000141293
SKAP2	HGNC:15687	8935	ENSG00000005020
SKIC8	HGNC:30300	80349	ENSG00000140395
SKIDA1	HGNC:32697	387640	ENSG00000180592
SKIL	HGNC:10897	6498	ENSG00000136603
SKOR1	HGNC:21326	390598	ENSG00000188779
SKP1	HGNC:10899	6500	ENSG00000113558
SKP2	HGNC:10901	6502	ENSG00000145604
SLA	HGNC:10902	6503	ENSG00000155926
SLA2	HGNC:17329	84174	ENSG00000101082
SLAIN1	HGNC:26387	122060	ENSG00000139737
SLAIN2	HGNC:29282	57606	ENSG00000109171
SLAMF1	HGNC:10903	6504	ENSG00000117090
SLAMF6	HGNC:21392	114836	ENSG00000162739
SLAMF7	HGNC:21394	57823	ENSG00000026751
SLAMF8	HGNC:21391	56833	ENSG00000158714
SLAMF9	HGNC:18430	89886	ENSG00000162723
SLBP	HGNC:10904	7884	ENSG00000163950
SLC1A5	HGNC:10943	6510	ENSG00000105281
SLC1A6	HGNC:10944	6511	ENSG00000105143
SLC1A7	HGNC:10945	6512	ENSG00000162383
SLC2A4	HGNC:11009	6517	ENSG00000181856
SLC2A4RG	HGNC:15930	56731	ENSG00000125520
SLC2A5	HGNC:11010	6518	ENSG00000142583
SLC2A6	HGNC:11011	11182	ENSG00000160326
SLC2A7	HGNC:13445	155184	ENSG00000197241
SLC2A8	HGNC:13812	29988	ENSG00000136856
SLC2A11	HGNC:14239	66035	ENSG00000133460
SLC2A12	HGNC:18067	154091	ENSG00000146411
SLC2A13	HGNC:15956	114134	ENSG00000151229
SLC2A14	HGNC:18301	144195	ENSG00000173262
SLC3A2	HGNC:11026	6520	ENSG00000168003
SLC4A1AP	HGNC:13813	22950	ENSG00000163798
SLC4A5	HGNC:18168	57835	ENSG00000188687
SLC4A7	HGNC:11033	9497	ENSG00000033867
SLC4A8	HGNC:11034	9498	ENSG00000050438
SLC4A9	HGNC:11035	83697	ENSG00000113073
SLC5A3	HGNC:11038	6526	ENSG00000198743
SLC5A4	HGNC:11039	6527	ENSG00000100191
SLC5A8	HGNC:19119	160728	ENSG00000256870
SLC5A9	HGNC:22146	200010	ENSG00000117834
SLC5A10	HGNC:23155	125206	ENSG00000154025
SLC5A11	HGNC:23091	115584	ENSG00000158865
SLC5A12	HGNC:28750	159963	ENSG00000148942
SLC6A7	HGNC:11054	6534	ENSG00000011083
SLC6A11	HGNC:11044	6538	ENSG00000132164
SLC6A12	HGNC:11045	6539	ENSG00000111181
SLC6A13	HGNC:11046	6540	ENSG00000010379
SLC6A15	HGNC:13621	55117	ENSG00000072041
SLC6A16	HGNC:13622	28968	ENSG00000063127
SLC7A1	HGNC:11057	6541	ENSG00000139514
SLC7A2	HGNC:11060	6542	ENSG00000003989
SLC7A3	HGNC:11061	84889	ENSG00000165349
SLC7A4	HGNC:11062	6545	ENSG00000099960
SLC7A6	HGNC:11064	9057	ENSG00000103064
SLC7A8	HGNC:11066	23428	ENSG00000092068
SLC7A10	HGNC:11058	56301	ENSG00000130876
SLC7A11	HGNC:11059	23657	ENSG00000151012
SLC7A13	HGNC:23092	157724	ENSG00000164893
SLC8A1	HGNC:11068	6546	ENSG00000183023
SLC8A2	HGNC:11069	6543	ENSG00000118160
SLC8A3	HGNC:11070	6547	ENSG00000100678
SLC8B1	HGNC:26175	80024	ENSG00000089060
SLC9A2	HGNC:11072	6549	ENSG00000115616
SLC9A4	HGNC:11077	389015	ENSG00000180251
SLC9A5	HGNC:11078	6553	ENSG00000135740
SLC9A8	HGNC:20728	23315	ENSG00000197818
SLC9B1	HGNC:24244	150159	ENSG00000164037
SLC9B2	HGNC:25143	133308	ENSG00000164038
SLC9C1	HGNC:31401	285335	ENSG00000172139
SLC9C2	HGNC:28664	284525	ENSG00000162753
SLC9D1	HGNC:20329	55002	ENSG00000150403
SLC10A3	HGNC:22979	8273	ENSG00000126903
SLC10A4	HGNC:22980	201780	ENSG00000145248
SLC10A5	HGNC:22981	347051	ENSG00000253598
SLC10A6	HGNC:30603	345274	ENSG00000145283
SLC12A4	HGNC:10913	6560	ENSG00000124067
SLC12A8	HGNC:15595	84561	ENSG00000221955
SLC12A9	HGNC:17435	56996	ENSG00000146828
SLC13A1	HGNC:10916	6561	ENSG00000081800
SLC13A2	HGNC:10917	9058	ENSG00000007216
SLC13A4	HGNC:15827	26266	ENSG00000164707
SLC14A2	HGNC:10919	8170	ENSG00000132874
SLC15A1	HGNC:10920	6564	ENSG00000088386
SLC15A2	HGNC:10921	6565	ENSG00000163406
SLC15A3	HGNC:18068	51296	ENSG00000110446
SLC15A4	HGNC:23090	121260	ENSG00000139370
SLC15A5	HGNC:33455	729025	ENSG00000188991
SLC16A3	HGNC:10924	9123	ENSG00000141526
SLC16A4	HGNC:10925	9122	ENSG00000168679
SLC16A5	HGNC:10926	9121	ENSG00000170190
SLC16A6	HGNC:10927	9120	ENSG00000108932
SLC16A7	HGNC:10928	9194	ENSG00000118596
SLC16A8	HGNC:16270	23539	ENSG00000100156
SLC16A9	HGNC:23520	220963	ENSG00000165449
SLC16A10	HGNC:17027	117247	ENSG00000112394
SLC16A11	HGNC:23093	162515	ENSG00000174326
SLC16A13	HGNC:31037	201232	ENSG00000174327
SLC16A14	HGNC:26417	151473	ENSG00000163053
SLC17A1	HGNC:10929	6568	ENSG00000124568
SLC17A2	HGNC:10930	10246	ENSG00000112337
SLC17A4	HGNC:10932	10050	ENSG00000146039
SLC17A6	HGNC:16703	57084	ENSG00000091664
SLC17A7	HGNC:16704	57030	ENSG00000104888
SLC18A1	HGNC:10934	6570	ENSG00000036565
SLC18B1	HGNC:21573	116843	ENSG00000146409
SLC20A1	HGNC:10946	6574	ENSG00000144136
SLC22A1	HGNC:10963	6580	ENSG00000175003
SLC22A2	HGNC:10966	6582	ENSG00000112499
SLC22A3	HGNC:10967	6581	ENSG00000146477
SLC22A6	HGNC:10970	9356	ENSG00000197901
SLC22A7	HGNC:10971	10864	ENSG00000137204
SLC22A8	HGNC:10972	9376	ENSG00000149452
SLC22A9	HGNC:16261	114571	ENSG00000149742
SLC22A10	HGNC:18057	387775	ENSG00000184999
SLC22A11	HGNC:18120	55867	ENSG00000168065
SLC22A13	HGNC:8494	9390	ENSG00000172940
SLC22A14	HGNC:8495	9389	ENSG00000144671
SLC22A15	HGNC:20301	55356	ENSG00000163393
SLC22A16	HGNC:20302	85413	ENSG00000004809
SLC22A17	HGNC:23095	51310	ENSG00000092096
SLC22A23	HGNC:21106	63027	ENSG00000137266
SLC22A24	HGNC:28542	283238	ENSG00000197658
SLC22A25	HGNC:32935	387601	ENSG00000196600
SLC22A31	HGNC:27091	146429	ENSG00000259803
SLC23A1	HGNC:10974	9963	ENSG00000170482
SLC23A2	HGNC:10973	9962	ENSG00000089057
SLC23A3	HGNC:20601	151295	ENSG00000213901
SLC24A2	HGNC:10976	25769	ENSG00000155886
SLC24A3	HGNC:10977	57419	ENSG00000185052
SLC25A2	HGNC:22921	83884	ENSG00000120329
SLC25A5	HGNC:10991	292	ENSG00000005022
SLC25A6	HGNC:10992	293	ENSG00000169100
SLC25A14	HGNC:10984	9016	ENSG00000102078
SLC25A16	HGNC:10986	8034	ENSG00000122912
SLC25A17	HGNC:10987	10478	ENSG00000100372
SLC25A18	HGNC:10988	83733	ENSG00000182902
SLC25A23	HGNC:19375	79085	ENSG00000125648
SLC25A25	HGNC:20663	114789	ENSG00000148339
SLC25A27	HGNC:21065	9481	ENSG00000153291
SLC25A28	HGNC:23472	81894	ENSG00000155287
SLC25A29	HGNC:20116	123096	ENSG00000197119
SLC25A30	HGNC:27371	253512	ENSG00000174032
SLC25A31	HGNC:25319	83447	ENSG00000151475
SLC25A33	HGNC:29681	84275	ENSG00000171612
SLC25A34	HGNC:27653	284723	ENSG00000162461
SLC25A35	HGNC:31921	399512	ENSG00000125434
SLC25A37	HGNC:29786	51312	ENSG00000147454
SLC25A39	HGNC:24279	51629	ENSG00000013306
SLC25A40	HGNC:29680	55972	ENSG00000075303
SLC25A41	HGNC:28533	284427	ENSG00000181240
SLC25A43	HGNC:30557	203427	ENSG00000077713
SLC25A44	HGNC:29036	9673	ENSG00000160785
SLC25A45	HGNC:27442	283130	ENSG00000162241
SLC25A47	HGNC:20115	283600	ENSG00000140107
SLC25A48	HGNC:30451	153328	ENSG00000145832
SLC25A51	HGNC:23323	92014	ENSG00000122696
SLC25A52	HGNC:23324	147407	ENSG00000141437
SLC25A53	HGNC:31894	401612	ENSG00000269743
SLC26A6	HGNC:14472	65010	ENSG00000225697
SLC26A7	HGNC:14467	115111	ENSG00000147606
SLC26A11	HGNC:14471	284129	ENSG00000181045
SLC27A1	HGNC:10995	376497	ENSG00000130304
SLC27A2	HGNC:10996	11001	ENSG00000140284
SLC27A3	HGNC:10997	11000	ENSG00000143554
SLC27A5	HGNC:10999	10998	ENSG00000083807
SLC27A6	HGNC:11000	28965	ENSG00000113396
SLC28A2	HGNC:11002	9153	ENSG00000137860
SLC28A3	HGNC:16484	64078	ENSG00000197506
SLC29A1	HGNC:11003	2030	ENSG00000112759
SLC29A2	HGNC:11004	3177	ENSG00000174669
SLC29A4	HGNC:23097	222962	ENSG00000164638
SLC30A1	HGNC:11012	7779	ENSG00000170385
SLC30A3	HGNC:11014	7781	ENSG00000115194
SLC30A4	HGNC:11015	7782	ENSG00000104154
SLC30A5	HGNC:19089	64924	ENSG00000145740
SLC30A6	HGNC:19305	55676	ENSG00000152683
SLC31A2	HGNC:11017	1318	ENSG00000136867
SLC33A2	HGNC:25157	113655	ENSG00000167700
SLC35A4	HGNC:20753	113829	ENSG00000176087
SLC35A5	HGNC:20792	55032	ENSG00000138459
SLC35B1	HGNC:20798	10237	ENSG00000121073
SLC35B3	HGNC:21601	51000	ENSG00000124786
SLC35B4	HGNC:20584	84912	ENSG00000205060
SLC35D2	HGNC:20799	11046	ENSG00000130958
SLC35D3	HGNC:15621	340146	ENSG00000182747
SLC35D4	HGNC:31723	85019	ENSG00000134490
SLC35E1	HGNC:20803	79939	ENSG00000127526
SLC35E2B	HGNC:33941	728661	ENSG00000189339
SLC35E3	HGNC:20864	55508	ENSG00000175782
SLC35E4	HGNC:17058	339665	ENSG00000100036
SLC35F1	HGNC:21483	222553	ENSG00000196376
SLC35F2	HGNC:23615	54733	ENSG00000110660
SLC35F3	HGNC:23616	148641	ENSG00000183780
SLC35F4	HGNC:19845	341880	ENSG00000151812
SLC35F5	HGNC:23617	80255	ENSG00000115084
SLC35F6	HGNC:26055	54978	ENSG00000213699
SLC35G1	HGNC:26607	159371	ENSG00000176273
SLC35G2	HGNC:28480	80723	ENSG00000168917
SLC35G3	HGNC:26848	146861	ENSG00000164729
SLC35G4	HGNC:31043	646000	ENSG00000236396
SLC35G5	HGNC:15546	83650	ENSG00000177710
SLC35G6	HGNC:31351	643664	ENSG00000259224
SLC35H1	HGNC:17117	51006	ENSG00000080189
SLC36A1	HGNC:18761	206358	ENSG00000123643
SLC36A3	HGNC:19659	285641	ENSG00000186334
SLC36A4	HGNC:19660	120103	ENSG00000180773
SLC37A1	HGNC:11024	54020	ENSG00000160190
SLC37A2	HGNC:20644	219855	ENSG00000134955
SLC37A3	HGNC:20651	84255	ENSG00000157800
SLC38A1	HGNC:13447	81539	ENSG00000111371
SLC38A2	HGNC:13448	54407	ENSG00000134294
SLC38A4	HGNC:14679	55089	ENSG00000139209
SLC38A5	HGNC:18070	92745	ENSG00000017483
SLC38A6	HGNC:19863	145389	ENSG00000139974
SLC38A7	HGNC:25582	55238	ENSG00000103042
SLC38A10	HGNC:28237	124565	ENSG00000157637
SLC38A11	HGNC:26836	151258	ENSG00000169507
SLC38A12	HGNC:25984	54868	ENSG00000109066
SLC39A1	HGNC:12876	27173	ENSG00000143570
SLC39A2	HGNC:17127	29986	ENSG00000165794
SLC39A3	HGNC:17128	29985	ENSG00000141873
SLC39A6	HGNC:18607	25800	ENSG00000141424
SLC39A9	HGNC:20182	55334	ENSG00000029364
SLC39A10	HGNC:20861	57181	ENSG00000196950
SLC39A11	HGNC:14463	201266	ENSG00000133195
SLC39A12	HGNC:20860	221074	ENSG00000148482
SLC41A2	HGNC:31045	84102	ENSG00000136052
SLC41A3	HGNC:31046	54946	ENSG00000114544
SLC43A1	HGNC:9225	8501	ENSG00000149150
SLC43A2	HGNC:23087	124935	ENSG00000167703
SLC43A3	HGNC:17466	29015	ENSG00000134802
SLC44A2	HGNC:17292	57153	ENSG00000129353
SLC44A3	HGNC:28689	126969	ENSG00000143036
SLC44A5	HGNC:28524	204962	ENSG00000137968
SLC45A3	HGNC:8642	85414	ENSG00000158715
SLC45A4	HGNC:29196	57210	ENSG00000022567
SLC46A2	HGNC:16055	57864	ENSG00000119457
SLC46A3	HGNC:27501	283537	ENSG00000139508
SLC47A1	HGNC:25588	55244	ENSG00000142494
SLC47A2	HGNC:26439	146802	ENSG00000180638
SLC48A1	HGNC:26035	55652	ENSG00000211584
SLC49A3	HGNC:26177	84179	ENSG00000169026
SLC50A1	HGNC:30657	55974	ENSG00000169241
SLC60A1	HGNC:25433	148808	ENSG00000174514
SLC60A2	HGNC:21053	91749	ENSG00000173214
SLC61A1	HGNC:28156	84975	ENSG00000182544
SLC66A1	HGNC:26001	54896	ENSG00000040487
SLC66A2	HGNC:26188	80148	ENSG00000122490
SLC66A3	HGNC:28503	130814	ENSG00000162976
SLC67A2	HGNC:28158	84804	ENSG00000135953
SLC68A1	HGNC:26196	79847	ENSG00000138111
SLC71A1	HGNC:23363	64645	ENSG00000156875
SLC71A2	HGNC:23376	84641	ENSG00000148110
SLC75A1	HGNC:16894	10227	ENSG00000109736
SLCO1A2	HGNC:10956	6579	ENSG00000084453
SLCO1B7	HGNC:32934	338821	ENSG00000205754
SLCO1C1	HGNC:13819	53919	ENSG00000139155
SLCO2B1	HGNC:10962	11309	ENSG00000137491
SLCO3A1	HGNC:10952	28232	ENSG00000176463
SLCO4A1	HGNC:10953	28231	ENSG00000101187
SLCO4C1	HGNC:23612	353189	ENSG00000173930
SLCO5A1	HGNC:19046	81796	ENSG00000137571
SLCO6A1	HGNC:23613	133482	ENSG00000205359
SLF1	HGNC:25408	84250	ENSG00000133302
SLFN5	HGNC:28286	162394	ENSG00000166750
SLFN11	HGNC:26633	91607	ENSG00000172716
SLFN12	HGNC:25500	55106	ENSG00000172123
SLFN12L	HGNC:33920	100506736	ENSG00000205045
SLFN13	HGNC:26481	146857	ENSG00000154760
SLFNL1	HGNC:26313	200172	ENSG00000171790
SLIRP	HGNC:20495	81892	ENSG00000119705
SLIT1	HGNC:11085	6585	ENSG00000187122
SLIT2	HGNC:11086	9353	ENSG00000145147
SLIT3	HGNC:11087	6586	ENSG00000184347
SLITRK3	HGNC:23501	22865	ENSG00000121871
SLITRK4	HGNC:23502	139065	ENSG00000179542
SLITRK5	HGNC:20295	26050	ENSG00000165300
SLK	HGNC:11088	9748	ENSG00000065613
SLN	HGNC:11089	6588	ENSG00000170290
SLPI	HGNC:11092	6590	ENSG00000124107
SLTM	HGNC:20709	79811	ENSG00000137776
SLU7	HGNC:16939	10569	ENSG00000164609
SLURP2	HGNC:25549	432355	ENSG00000283992
SLX1A	HGNC:20922	548593	ENSG00000132207
SLX1B	HGNC:28748	79008	ENSG00000181625
SLX4IP	HGNC:16225	128710	ENSG00000149346
SLX9	HGNC:15811	85395	ENSG00000160256
SMAD5	HGNC:6771	4090	ENSG00000113658
SMAGP	HGNC:26918	57228	ENSG00000170545
SMAP1	HGNC:19651	60682	ENSG00000112305
SMAP2	HGNC:25082	64744	ENSG00000084070
SMARCD3	HGNC:11108	6604	ENSG00000082014
SMC1B	HGNC:11112	27127	ENSG00000077935
SMC2	HGNC:14011	10592	ENSG00000136824
SMC4	HGNC:14013	10051	ENSG00000113810
SMC6	HGNC:20466	79677	ENSG00000163029
SMCO1	HGNC:27407	255798	ENSG00000214097
SMCO2	HGNC:34448	341346	ENSG00000165935
SMCO3	HGNC:34401	440087	ENSG00000179256
SMCO4	HGNC:24810	56935	ENSG00000166002
SMCP	HGNC:6962	4184	ENSG00000163206
SMCR8	HGNC:17921	140775	ENSG00000176994
SMDT1	HGNC:25055	91689	ENSG00000183172
SMG1	HGNC:30045	23049	ENSG00000157106
SMG5	HGNC:24644	23381	ENSG00000198952
SMG6	HGNC:17809	23293	ENSG00000070366
SMG7	HGNC:16792	9887	ENSG00000116698
SMIM2	HGNC:28776	79024	ENSG00000139656
SMIM3	HGNC:30248	85027	ENSG00000256235
SMIM5	HGNC:40030	643008	ENSG00000204323
SMIM7	HGNC:28419	79086	ENSG00000214046
SMIM8	HGNC:21401	57150	ENSG00000111850
SMIM9	HGNC:41915	100132963	ENSG00000203870
SMIM10	HGNC:41913	644538	ENSG00000184785
SMIM10L1	HGNC:49847	100129361	ENSG00000256537
SMIM10L2A	HGNC:34499	399668	ENSG00000178947
SMIM10L2B	HGNC:34500	644596	ENSG00000196972
SMIM10L3	HGNC:56768	122526779	ENSG00000286075
SMIM11	HGNC:1293	54065	ENSG00000205670
SMIM12	HGNC:25154	113444	ENSG00000163866
SMIM13	HGNC:27356	221710	ENSG00000224531
SMIM14	HGNC:27321	201895	ENSG00000163683
SMIM15	HGNC:33861	643155	ENSG00000188725
SMIM17	HGNC:27114	147670	ENSG00000268182
SMIM18	HGNC:42973	100507341	ENSG00000253457
SMIM19	HGNC:25166	114926	ENSG00000176209
SMIM20	HGNC:37260	389203	ENSG00000250317
SMIM21	HGNC:27598	284274	ENSG00000206026
SMIM22	HGNC:48329	440335	ENSG00000267795
SMIM23	HGNC:34440	644994	ENSG00000185662
SMIM24	HGNC:37244	284422	ENSG00000095932
SMIM26	HGNC:43430	388789	ENSG00000232388
SMIM28	HGNC:53434	110806279	ENSG00000262543
SMIM29	HGNC:1340	221491	ENSG00000186577
SMIM30	HGNC:48953	401397	ENSG00000214194
SMIM31	HGNC:49638	100505989	ENSG00000248771
SMIM32	HGNC:53640	389332	ENSG00000271824
SMIM33	HGNC:53645	111064649	ENSG00000283288
SMIM34	HGNC:39601	388820	ENSG00000243627
SMIM35	HGNC:44179	100526771	ENSG00000255274
SMIM36	HGNC:53654	101927367	ENSG00000261873
SMIM38	HGNC:54074	107984345	ENSG00000284713
SMIM39	HGNC:54076	113523639	ENSG00000284479
SMIM40	HGNC:54073	113523636	ENSG00000286920
SMIM41	HGNC:54075	113523638	ENSG00000284791
SMIM42	HGNC:55000	117981789	ENSG00000288460
SMIM43	HGNC:55077	132332	ENSG00000164112
SMIM44	HGNC:55815	122405565	ENSG00000284638
SMIM45	HGNC:27930	339674	ENSG00000205704
SMIM46	HGNC:56307	127138866	ENSG00000289762
SMIM47	HGNC:53452	105372440	ENSG00000261341
SMIM48	HGNC:58752	728392	ENSG00000286190
SMKR1	HGNC:43561	100287482	ENSG00000240204
SMLR1	HGNC:44670	100507203	ENSG00000256162
SMOX	HGNC:15862	54498	ENSG00000088826
SMPD2	HGNC:11121	6610	ENSG00000135587
SMPD3	HGNC:14240	55512	ENSG00000103056
SMPDL3A	HGNC:17389	10924	ENSG00000172594
SMPDL3B	HGNC:21416	27293	ENSG00000130768
SMR3A	HGNC:19216	26952	ENSG00000109208
SMR3B	HGNC:17326	10879	ENSG00000171201
SMTN	HGNC:11126	6525	ENSG00000183963
SMTNL1	HGNC:32394	219537	ENSG00000214872
SMTNL2	HGNC:24764	342527	ENSG00000188176
SMU1	HGNC:18247	55234	ENSG00000122692
SMUG1	HGNC:17148	23583	ENSG00000123415
SMURF1	HGNC:16807	57154	ENSG00000198742
SMURF2	HGNC:16809	64750	ENSG00000108854
SMYD1	HGNC:20986	150572	ENSG00000115593
SMYD2	HGNC:20982	56950	ENSG00000143499
SMYD3	HGNC:15513	64754	ENSG00000185420
SMYD4	HGNC:21067	114826	ENSG00000186532
SMYD5	HGNC:16258	10322	ENSG00000135632
SNAI3	HGNC:18411	333929	ENSG00000185669
SNAP23	HGNC:11131	8773	ENSG00000092531
SNAP47	HGNC:30669	116841	ENSG00000143740
SNAP91	HGNC:14986	9892	ENSG00000065609
SNAPC1	HGNC:11134	6617	ENSG00000023608
SNAPC2	HGNC:11135	6618	ENSG00000104976
SNAPC3	HGNC:11136	6619	ENSG00000164975
SNAPC5	HGNC:15484	10302	ENSG00000174446
SNCG	HGNC:11141	6623	ENSG00000173267
SND1	HGNC:30646	27044	ENSG00000197157
SNED1	HGNC:24696	25992	ENSG00000162804
SNN	HGNC:11149	8303	ENSG00000184602
BUD31	HGNC:29629	8896	ENSG00000106245
BYSL	HGNC:1157	705	ENSG00000112578
BZW1	HGNC:18380	9689	ENSG00000082153
BZW2	HGNC:18808	28969	ENSG00000136261
C1D	HGNC:29911	10438	ENSG00000197223
C1GALT1	HGNC:24337	56913	ENSG00000106392
C1GALT1C1L	HGNC:51617	728819	ENSG00000223658
C1QL1	HGNC:24182	10882	ENSG00000131094
C1QL2	HGNC:24181	165257	ENSG00000144119
C1QL3	HGNC:19359	389941	ENSG00000165985
C1QL4	HGNC:31416	338761	ENSG00000186897
C1QTNF1	HGNC:14324	114897	ENSG00000173918
C1QTNF2	HGNC:14325	114898	ENSG00000145861
C1QTNF3	HGNC:14326	114899	ENSG00000082196
C1QTNF4	HGNC:14346	114900	ENSG00000172247
C1QTNF6	HGNC:14343	114904	ENSG00000133466
C1QTNF7	HGNC:14342	114905	ENSG00000163145
C1QTNF8	HGNC:31374	390664	ENSG00000184471
C1QTNF9	HGNC:28732	338872	ENSG00000240654
C1QTNF9B	HGNC:34072	387911	ENSG00000205863
C1QTNF12	HGNC:32308	388581	ENSG00000184163
C1RL	HGNC:21265	51279	ENSG00000139178
C1orf21	HGNC:15494	81563	ENSG00000116667
C1orf35	HGNC:19032	79169	ENSG00000143793
C1orf50	HGNC:28795	79078	ENSG00000164008
C1orf52	HGNC:24871	148423	ENSG00000162642
C1orf53	HGNC:30003	388722	ENSG00000203724
C1orf54	HGNC:26258	79630	ENSG00000118292
C1orf56	HGNC:26045	54964	ENSG00000143443
C1orf74	HGNC:26319	148304	ENSG00000162757
C1orf87	HGNC:28547	127795	ENSG00000162598
C1orf94	HGNC:28250	84970	ENSG00000142698
C1orf105	HGNC:29591	92346	ENSG00000180999
C1orf115	HGNC:25873	79762	ENSG00000162817
C1orf116	HGNC:28667	79098	ENSG00000182795
C1orf122	HGNC:24789	127687	ENSG00000197982
C1orf141	HGNC:32044	400757	ENSG00000203963
C1orf146	HGNC:24032	388649	ENSG00000203910
C1orf159	HGNC:26062	54991	ENSG00000131591
C1orf162	HGNC:28344	128346	ENSG00000143110
C1orf167	HGNC:25262	284498	ENSG00000215910
C1orf174	HGNC:27915	339448	ENSG00000198912
C1orf185	HGNC:28096	284546	ENSG00000204006
C1orf198	HGNC:25900	84886	ENSG00000119280
C1orf202	HGNC:56760	122455338	ENSG00000284188
C1orf210	HGNC:28755	149466	ENSG00000253313
C1orf216	HGNC:26800	127703	ENSG00000142686
C1orf226	HGNC:34351	400793	ENSG00000239887
C1orf232	HGNC:53426	110806296	ENSG00000282872
C2CD2	HGNC:1266	25966	ENSG00000157617
C2CD2L	HGNC:29000	9854	ENSG00000172375
C2CD4A	HGNC:33627	145741	ENSG00000198535
C2CD4B	HGNC:33628	388125	ENSG00000205502
C2CD4C	HGNC:29417	126567	ENSG00000183186
C2CD4D	HGNC:37210	100191040	ENSG00000225556
C2CD5	HGNC:29062	9847	ENSG00000111731
C2orf15	HGNC:28436	150590	ENSG00000273045
C2orf42	HGNC:26056	54980	ENSG00000115998
C2orf49	HGNC:28772	79074	ENSG00000135974
C2orf66	HGNC:33809	401027	ENSG00000187944
C2orf68	HGNC:34353	388969	ENSG00000168887
C2orf72	HGNC:27418	257407	ENSG00000204128
C2orf74	HGNC:34439	339804	ENSG00000237651
C2orf76	HGNC:27017	130355	ENSG00000186132
C2orf78	HGNC:34349	388960	ENSG00000187833
C2orf80	HGNC:34352	389073	ENSG00000188674
C2orf81	HGNC:34350	388963	ENSG00000284308
C2orf92	HGNC:49272	728537	ENSG00000228486
C3AR1	HGNC:1319	719	ENSG00000171860
C3orf18	HGNC:24837	51161	ENSG00000088543
C3orf20	HGNC:25320	84077	ENSG00000131379
C3orf22	HGNC:28534	152065	ENSG00000180697
C3orf38	HGNC:28384	285237	ENSG00000179021
C3orf49	HGNC:25190	132200	ENSG00000163632
C3orf62	HGNC:24771	375341	ENSG00000188315
C3orf70	HGNC:33731	285382	ENSG00000187068
C3orf80	HGNC:40048	401097	ENSG00000180044
C3orf85	HGNC:53432	401081	ENSG00000241224
C4A_2	HGNC:58753	110384692	ENSG00000227746
C4BPA	HGNC:1325	722	ENSG00000123838
C4BPB	HGNC:1328	725	ENSG00000123843
C4B_2	HGNC:42398	100293534	ENSG00000233312
C4orf17	HGNC:25274	84103	ENSG00000138813
C4orf33	HGNC:27025	132321	ENSG00000151470
C4orf36	HGNC:28386	132989	ENSG00000163633
C4orf46	HGNC:27320	201725	ENSG00000205208
C4orf50	HGNC:33766	389197	ENSG00000181215
C4orf51	HGNC:37264	646603	ENSG00000237136
C4orf54	HGNC:27741	285556	ENSG00000248713
C5AR1	HGNC:1338	728	ENSG00000197405
C5AR2	HGNC:4527	27202	ENSG00000134830
C5orf15	HGNC:20656	56951	ENSG00000113583
C5orf22	HGNC:25639	55322	ENSG00000082213
C5orf24	HGNC:26746	134553	ENSG00000181904
C5orf34	HGNC:24738	375444	ENSG00000172244
C5orf46	HGNC:33768	389336	ENSG00000178776
C5orf47	HGNC:27026	133491	ENSG00000185056
C5orf52	HGNC:35121	100190949	ENSG00000187658
C5orf58	HGNC:37272	133874	ENSG00000234511
C5orf63	HGNC:40051	401207	ENSG00000164241
C6orf15	HGNC:13927	29113	ENSG00000204542
C6orf47	HGNC:19076	57827	ENSG00000204439
C6orf52	HGNC:20881	347744	ENSG00000137434
C6orf58	HGNC:20960	352999	ENSG00000184530
C6orf62	HGNC:20998	81688	ENSG00000112308
C6orf89	HGNC:21114	221477	ENSG00000198663
C6orf118	HGNC:21233	168090	ENSG00000112539
C6orf120	HGNC:21247	387263	ENSG00000185127
C6orf132	HGNC:21288	647024	ENSG00000188112
C6orf136	HGNC:21301	221545	ENSG00000204564
C6orf141	HGNC:21351	135398	ENSG00000197261
C6orf163	HGNC:21403	206412	ENSG00000203872
C7orf25	HGNC:21703	79020	ENSG00000136197
C7orf33	HGNC:21724	202865	ENSG00000170279
C7orf57	HGNC:22247	136288	ENSG00000164746
C7orf78	HGNC:55185	102725191	ENSG00000226690
C8orf33	HGNC:26104	65265	ENSG00000182307
C8orf34	HGNC:30905	116328	ENSG00000165084
C8orf48	HGNC:26345	157773	ENSG00000164743
C8orf58	HGNC:32233	541565	ENSG00000241852
C8orf74	HGNC:32296	203076	ENSG00000171060
C8orf76	HGNC:25924	84933	ENSG00000189376
C8orf82	HGNC:33826	414919	ENSG00000213563
C8orf88	HGNC:44672	100127983	ENSG00000253250
C8orf89	HGNC:51258	100130301	ENSG00000274443
C8orf90	HGNC:56305	122455339	ENSG00000226490
C9orf40	HGNC:23433	55071	ENSG00000135045
C9orf43	HGNC:23570	257169	ENSG00000157653
C9orf50	HGNC:23677	375759	ENSG00000179058
C9orf57	HGNC:27037	138240	ENSG00000204669
C9orf78	HGNC:24932	51759	ENSG00000136819
C9orf85	HGNC:28784	138241	ENSG00000155621
C9orf152	HGNC:31455	401546	ENSG00000188959
C9orf153	HGNC:31456	389766	ENSG00000187753
C10orf53	HGNC:27421	282966	ENSG00000178645
C10orf62	HGNC:23294	414157	ENSG00000203942
C10orf67	HGNC:28716	256815	ENSG00000179133
C10orf88	HGNC:25822	80007	ENSG00000119965
C10orf90	HGNC:26563	118611	ENSG00000154493
C10orf95	HGNC:25880	79946	ENSG00000120055
C10orf105	HGNC:20304	414152	ENSG00000214688
C10orf120	HGNC:25707	399814	ENSG00000183559
C10orf126	HGNC:28693	283080	
C10orf143	HGNC:48677	387723	ENSG00000237489
C11orf16	HGNC:1169	56673	ENSG00000176029
C11orf21	HGNC:13231	29125	ENSG00000110665
C11orf24	HGNC:1174	53838	ENSG00000171067
C11orf42	HGNC:28541	160298	ENSG00000180878
C11orf52	HGNC:30531	91894	ENSG00000149300
C11orf58	HGNC:16990	10944	ENSG00000110696
C11orf65	HGNC:28519	160140	ENSG00000166323
C11orf68	HGNC:28801	83638	ENSG00000175573
C11orf71	HGNC:25937	54494	ENSG00000180425
C11orf86	HGNC:34442	254439	ENSG00000173237
C11orf87	HGNC:33788	399947	ENSG00000185742
C11orf91	HGNC:34444	100131378	ENSG00000205177
C11orf96	HGNC:38675	387763	ENSG00000187479
C11orf97	HGNC:49544	643037	ENSG00000257057
C11orf98	HGNC:51238	102288414	ENSG00000278615
C12orf42	HGNC:24729	374470	ENSG00000179088
C12orf43	HGNC:25719	64897	ENSG00000157895
C12orf50	HGNC:26665	160419	ENSG00000165805
C12orf54	HGNC:28553	121273	ENSG00000177627
C12orf56	HGNC:26967	115749	ENSG00000185306
C12orf60	HGNC:28726	144608	ENSG00000182993
C12orf71	HGNC:34452	728858	ENSG00000214700
C12orf75	HGNC:35164	387882	ENSG00000235162
C12orf76	HGNC:33790	400073	ENSG00000174456
C13orf42	HGNC:42693	647166	ENSG00000226792
C13orf46	HGNC:53786	100507747	ENSG00000283199
C14orf93	HGNC:20162	60686	ENSG00000100802
C14orf119	HGNC:20270	55017	ENSG00000179933
C14orf132	HGNC:20346	56967	ENSG00000227051
C14orf180	HGNC:33795	400258	ENSG00000184601
C15orf39	HGNC:24497	56905	ENSG00000167173
C15orf40	HGNC:28443	123207	ENSG00000169609
C15orf61	HGNC:34453	145853	ENSG00000189227
C15orf62	HGNC:34489	643338	ENSG00000188277
C16orf46	HGNC:26525	123775	ENSG00000166455
C16orf54	HGNC:26649	283897	ENSG00000185905
C16orf78	HGNC:28479	123970	ENSG00000166152
C16orf82	HGNC:30755	162083	ENSG00000234186
C16orf86	HGNC:33755	388284	ENSG00000159761
C16orf87	HGNC:33754	388272	ENSG00000155330
C16orf89	HGNC:28687	146556	ENSG00000153446
C16orf90	HGNC:34455	646174	ENSG00000215131
C16orf95	HGNC:40033	100506581	ENSG00000260456
C16orf96	HGNC:40031	342346	ENSG00000205832
C17orf50	HGNC:29581	146853	ENSG00000270806
C17orf58	HGNC:27568	284018	ENSG00000186665
C17orf67	HGNC:27900	339210	ENSG00000214226
C17orf75	HGNC:30173	64149	ENSG00000108666
C17orf78	HGNC:26831	284099	ENSG00000278505
C17orf99	HGNC:34490	100141515	ENSG00000187997
C17orf100	HGNC:34494	388327	ENSG00000256806
C17orf107	HGNC:37238	100130311	ENSG00000205710
C17orf113	HGNC:53437	110806298	ENSG00000267221
C17orf114	HGNC:55343	119139905	ENSG00000262165
C18orf54	HGNC:13796	162681	ENSG00000166845
C18orf63	HGNC:40037	644041	ENSG00000206043
C19orf18	HGNC:28642	147685	ENSG00000177025
C19orf25	HGNC:26711	148223	ENSG00000119559
C19orf33	HGNC:16668	64073	ENSG00000167644
C19orf38	HGNC:34073	255809	ENSG00000214212
C19orf44	HGNC:26141	84167	ENSG00000105072
C19orf47	HGNC:26723	126526	ENSG00000160392
C19orf53	HGNC:24991	28974	ENSG00000104979
C19orf67	HGNC:34354	646457	ENSG00000188032
C19orf73	HGNC:25534	55150	ENSG00000221916
C19orf81	HGNC:40041	342918	ENSG00000235034
C19orf84	HGNC:27112	147646	ENSG00000262874
C19orf85	HGNC:53653	111064650	ENSG00000283567
C20orf96	HGNC:16227	140680	ENSG00000196476
C20orf141	HGNC:16134	128653	ENSG00000258713
C20orf144	HGNC:16137	128864	ENSG00000149609
C20orf173	HGNC:16166	140873	ENSG00000125975
C20orf202	HGNC:37254	400831	ENSG00000215595
C20orf203	HGNC:26592	284805	ENSG00000198547
C20orf204	HGNC:27655	284739	ENSG00000196421
C21orf58	HGNC:1300	54058	ENSG00000160298
C21orf91	HGNC:16459	54149	ENSG00000154642
C21orf140	HGNC:39602	101928147	ENSG00000222018
C22orf15	HGNC:15558	150248	ENSG00000169314
C22orf23	HGNC:18589	84645	ENSG00000128346
C22orf31	HGNC:26931	25770	ENSG00000100249
C22orf39	HGNC:27012	128977	ENSG00000242259
C22orf42	HGNC:27160	150297	ENSG00000205856
CA1	HGNC:1368	759	ENSG00000133742
CA3	HGNC:1374	761	ENSG00000164879
CA5B	HGNC:1378	11238	ENSG00000169239
CA6	HGNC:1380	765	ENSG00000131686
CA7	HGNC:1381	766	ENSG00000168748
CA9	HGNC:1383	768	ENSG00000107159
CA10	HGNC:1369	56934	ENSG00000154975
CA11	HGNC:1370	770	ENSG00000063180
CA13	HGNC:14914	377677	ENSG00000185015
CA14	HGNC:1372	23632	ENSG00000118298
CAAP1	HGNC:25834	79886	ENSG00000120159
CAB39	HGNC:20292	51719	ENSG00000135932
CAB39L	HGNC:20290	81617	ENSG00000102547
CABCOCO1	HGNC:28678	219621	ENSG00000183346
CABIN1	HGNC:24187	23523	ENSG00000099991
CABLES1	HGNC:25097	91768	ENSG00000134508
CABLES2	HGNC:16143	81928	ENSG00000149679
CABP1	HGNC:1384	9478	ENSG00000157782
CABP5	HGNC:13714	56344	ENSG00000105507
CABP7	HGNC:20834	164633	ENSG00000100314
CABS1	HGNC:30710	85438	ENSG00000145309
CABYR	HGNC:15569	26256	ENSG00000154040
CACFD1	HGNC:1365	11094	ENSG00000160325
CACHD1	HGNC:29314	57685	ENSG00000158966
CACNA2D3	HGNC:15460	55799	ENSG00000157445
CACNB1	HGNC:1401	782	ENSG00000067191
CACNB3	HGNC:1403	784	ENSG00000167535
CACNG1	HGNC:1405	786	ENSG00000108878
CACNG3	HGNC:1407	10368	ENSG00000006116
CACNG4	HGNC:1408	27092	ENSG00000075461
CACNG5	HGNC:1409	27091	ENSG00000075429
CACNG6	HGNC:13625	59285	ENSG00000130433
CACNG7	HGNC:13626	59284	ENSG00000105605
CACNG8	HGNC:13628	59283	ENSG00000142408
CACTIN	HGNC:29938	58509	ENSG00000105298
CACUL1	HGNC:23727	143384	ENSG00000151893
CACYBP	HGNC:30423	27101	ENSG00000116161
CADM1	HGNC:5951	23705	ENSG00000182985
CADM2	HGNC:29849	253559	ENSG00000175161
CADM4	HGNC:30825	199731	ENSG00000105767
CADPS	HGNC:1426	8618	ENSG00000163618
CADPS2	HGNC:16018	93664	ENSG00000081803
CAGE1	HGNC:21622	285782	ENSG00000164304
CALB1	HGNC:1434	793	ENSG00000104327
CALB2	HGNC:1435	794	ENSG00000172137
CALCA	HGNC:1437	796	ENSG00000110680
CALCB	HGNC:1438	797	ENSG00000175868
CALCOCO1	HGNC:29306	57658	ENSG00000012822
CALCOCO2	HGNC:29912	10241	ENSG00000136436
CALD1	HGNC:1441	800	ENSG00000122786
CALHM1	HGNC:23494	255022	ENSG00000185933
CALHM2	HGNC:23493	51063	ENSG00000138172
CALHM3	HGNC:23458	119395	ENSG00000183128
CALHM4	HGNC:21094	221301	ENSG00000164451
CALHM5	HGNC:21568	254228	ENSG00000178033
CALHM6	HGNC:33391	441168	ENSG00000188820
CALML3	HGNC:1452	810	ENSG00000178363
CALML4	HGNC:18445	91860	ENSG00000129007
CALML5	HGNC:18180	51806	ENSG00000178372
CALML6	HGNC:24193	163688	ENSG00000169885
CALN1	HGNC:13248	83698	ENSG00000183166
CALU	HGNC:1458	813	ENSG00000128595
CALY	HGNC:17938	50632	ENSG00000130643
CAMK1	HGNC:1459	8536	ENSG00000134072
CAMK1D	HGNC:19341	57118	ENSG00000183049
CAMK1G	HGNC:14585	57172	ENSG00000008118
CAMK2D	HGNC:1462	817	ENSG00000145349
CAMK2N1	HGNC:24190	55450	ENSG00000162545
CAMK2N2	HGNC:24197	94032	ENSG00000163888
CAMK4	HGNC:1464	814	ENSG00000152495
CAMKK1	HGNC:1469	84254	ENSG00000004660
CAMKK2	HGNC:1470	10645	ENSG00000110931
CAMKV	HGNC:28788	79012	ENSG00000164076
CAMP	HGNC:1472	820	ENSG00000164047
CAMSAP2	HGNC:29188	23271	ENSG00000118200
CAMSAP3	HGNC:29307	57662	ENSG00000076826
CAMTA2	HGNC:18807	23125	ENSG00000108509
CAND1	HGNC:30688	55832	ENSG00000111530
CAND2	HGNC:30689	23066	ENSG00000144712
CANX	HGNC:1473	821	ENSG00000127022
CAP1	HGNC:20040	10487	ENSG00000131236
CAPG	HGNC:1474	822	ENSG00000042493
CAPN2	HGNC:1479	824	ENSG00000162909
CAPN6	HGNC:1483	827	ENSG00000077274
CAPN7	HGNC:1484	23473	ENSG00000131375
CAPN8	HGNC:1485	388743	ENSG00000203697
CAPN9	HGNC:1486	10753	ENSG00000135773
CAPN11	HGNC:1478	11131	ENSG00000137225
CAPN12	HGNC:13249	147968	ENSG00000182472
CAPN13	HGNC:16663	92291	ENSG00000162949
CAPN14	HGNC:16664	440854	ENSG00000214711
CAPNS2	HGNC:16371	84290	ENSG00000256812
CAPRIN2	HGNC:21259	65981	ENSG00000110888
CAPS	HGNC:1487	828	ENSG00000105519
CAPS2	HGNC:16471	84698	ENSG00000180881
CAPSL	HGNC:28375	133690	ENSG00000152611
CAPZA1	HGNC:1488	829	ENSG00000116489
CAPZA2	HGNC:1490	830	ENSG00000198898
CAPZA3	HGNC:24205	93661	ENSG00000177938
CAPZB	HGNC:1491	832	ENSG00000077549
CARD6	HGNC:16394	84674	ENSG00000132357
CARD16	HGNC:33701	114769	ENSG00000204397
CARD18	HGNC:28861	59082	ENSG00000255501
CARD19	HGNC:28148	84270	ENSG00000165233
CARF	HGNC:14435	79800	ENSG00000138380
CARHSP1	HGNC:17150	23589	ENSG00000153048
CARM1	HGNC:23393	10498	ENSG00000142453
CARMIL1	HGNC:21581	55604	ENSG00000079691
CARMIL3	HGNC:20272	90668	ENSG00000186648
CARNMT1	HGNC:23435	138199	ENSG00000156017
CARNS1	HGNC:29268	57571	ENSG00000172508
CASC3	HGNC:17040	22794	ENSG00000108349
CASD1	HGNC:16014	64921	ENSG00000127995
CASKIN1	HGNC:20879	57524	ENSG00000167971
CASKIN2	HGNC:18200	57513	ENSG00000177303
CASP1	HGNC:1499	834	ENSG00000137752
CASP3	HGNC:1504	836	ENSG00000164305
CASP4	HGNC:1505	837	ENSG00000196954
CASP5	HGNC:1506	838	ENSG00000137757
CASP6	HGNC:1507	839	ENSG00000138794
CASP7	HGNC:1508	840	ENSG00000165806
CASP8AP2	HGNC:1510	9994	ENSG00000118412
CASP9	HGNC:1511	842	ENSG00000132906
CASS4	HGNC:15878	57091	ENSG00000087589
CASTOR1	HGNC:34423	652968	ENSG00000239282
CASTOR2	HGNC:37073	729438	ENSG00000274070
CATSPER3	HGNC:20819	347732	ENSG00000152705
CATSPER4	HGNC:23220	378807	ENSG00000188782
CATSPERB	HGNC:20500	79820	ENSG00000133962
CATSPERD	HGNC:28598	257062	ENSG00000174898
CATSPERE	HGNC:28491	257044	ENSG00000179397
CATSPERG	HGNC:25243	57828	ENSG00000099338
CATSPERH	HGNC:49389	100130348	ENSG00000187066
CATSPERQ	HGNC:44155	340393	ENSG00000261587
CATSPERZ	HGNC:19231	25858	ENSG00000219435
CAVIN2	HGNC:10690	8436	ENSG00000168497
CAVIN3	HGNC:9400	112464	ENSG00000170955
CAVIN4	HGNC:33742	347273	ENSG00000170681
CBARP	HGNC:28617	255057	ENSG00000099625
CBFA2T2	HGNC:1536	9139	ENSG00000078699
CBLC	HGNC:15961	23624	ENSG00000142273
CBLL1	HGNC:21225	79872	ENSG00000105879
CBLL2	HGNC:26371	158506	ENSG00000175809
CBLN1	HGNC:1543	869	ENSG00000102924
CBLN2	HGNC:1544	147381	ENSG00000141668
CBLN3	HGNC:20146	643866	ENSG00000139899
CBLN4	HGNC:16231	140689	ENSG00000054803
CBR1	HGNC:1548	873	ENSG00000159228
CBR3	HGNC:1549	874	ENSG00000159231
CBR4	HGNC:25891	84869	ENSG00000145439
CBX1	HGNC:1551	10951	ENSG00000108468
CBX3	HGNC:1553	11335	ENSG00000122565
CBX4	HGNC:1554	8535	ENSG00000141582
CBX5	HGNC:1555	23468	ENSG00000094916
CBX6	HGNC:1556	23466	ENSG00000183741
CBX7	HGNC:1557	23492	ENSG00000100307
CBX8	HGNC:15962	57332	ENSG00000141570
CBY2	HGNC:30720	220082	ENSG00000174015
CBY3	HGNC:33278	646019	ENSG00000204659
CC2D1B	HGNC:29386	200014	ENSG00000154222
CC2D2B	HGNC:31666	387707	ENSG00000188649
CCAR1	HGNC:24236	55749	ENSG00000060339
CCAR2	HGNC:23360	57805	ENSG00000158941
CCDC3	HGNC:23813	83643	ENSG00000151468
CCDC7	HGNC:26533	79741	ENSG00000216937
CCDC9	HGNC:24560	26093	ENSG00000105321
CCDC9B	HGNC:33488	388115	ENSG00000188549
CCDC12	HGNC:28332	151903	ENSG00000160799
CCDC13	HGNC:26358	152206	ENSG00000244607
CCDC14	HGNC:25766	64770	ENSG00000175455
CCDC15	HGNC:25798	80071	ENSG00000149548
CCDC17	HGNC:26574	149483	ENSG00000159588
CCDC18	HGNC:30370	343099	ENSG00000122483
CCDC24	HGNC:28688	149473	ENSG00000159214
CCDC25	HGNC:25591	55246	ENSG00000147419
CCDC27	HGNC:26546	148870	ENSG00000162592
CCDC28A	HGNC:21098	25901	ENSG00000024862
CCDC30	HGNC:26103	728621	ENSG00000186409
CCDC33	HGNC:26552	80125	ENSG00000140481
CCDC38	HGNC:26843	120935	ENSG00000165972
CCDC42	HGNC:26528	146849	ENSG00000161973
CCDC43	HGNC:26472	124808	ENSG00000180329
CCDC51	HGNC:25714	79714	ENSG00000164051
CCDC54	HGNC:30703	84692	ENSG00000138483
CCDC57	HGNC:27564	284001	ENSG00000176155
CCDC59	HGNC:25005	29080	ENSG00000133773
CCDC60	HGNC:28610	160777	ENSG00000183273
CCDC61	HGNC:33629	729440	ENSG00000104983
CCDC63	HGNC:26669	160762	ENSG00000173093
CCDC66	HGNC:27709	285331	ENSG00000180376
CCDC68	HGNC:24350	80323	ENSG00000166510
CCDC69	HGNC:24487	26112	ENSG00000198624
CCDC70	HGNC:25303	83446	ENSG00000123171
CCDC71	HGNC:25760	64925	ENSG00000177352
CCDC71L	HGNC:26685	168455	ENSG00000253276
CCDC73	HGNC:23261	493860	ENSG00000186714
CCDC74A	HGNC:25197	90557	ENSG00000163040
CCDC74B	HGNC:25267	91409	ENSG00000152076
CCDC77	HGNC:28203	84318	ENSG00000120647
CCDC80	HGNC:30649	151887	ENSG00000091986
CCDC81	HGNC:26281	60494	ENSG00000149201
CCDC82	HGNC:26282	79780	ENSG00000149231
CCDC83	HGNC:28535	220047	ENSG00000150676
CCDC85A	HGNC:29400	114800	ENSG00000055813
CCDC85B	HGNC:24926	11007	ENSG00000175602
CCDC85C	HGNC:35459	317762	ENSG00000205476
CCDC86	HGNC:28359	79080	ENSG00000110104
CCDC87	HGNC:25579	55231	ENSG00000182791
CCDC88B	HGNC:26757	283234	ENSG00000168071
CCDC89	HGNC:26762	220388	ENSG00000179071
CCDC90B	HGNC:28108	60492	ENSG00000137500
CCDC92	HGNC:29563	80212	ENSG00000119242
CCDC92B	HGNC:52279	101928991	ENSG00000277200
CCDC93	HGNC:25611	54520	ENSG00000125633
CCDC97	HGNC:28289	90324	ENSG00000142039
CCDC102A	HGNC:28097	92922	ENSG00000135736
CCDC102B	HGNC:26295	79839	ENSG00000150636
CCDC106	HGNC:30181	29903	ENSG00000173581
CCDC107	HGNC:28465	203260	ENSG00000159884
CCDC110	HGNC:28504	256309	ENSG00000168491
CCDC112	HGNC:28599	153733	ENSG00000164221
CCDC116	HGNC:26688	164592	ENSG00000161180
CCDC117	HGNC:26599	150275	ENSG00000159873
CCDC120	HGNC:28910	90060	ENSG00000147144
CCDC121	HGNC:25833	79635	ENSG00000176714
CCDC122	HGNC:26478	160857	ENSG00000151773
CCDC124	HGNC:25171	115098	ENSG00000007080
CCDC125	HGNC:28924	202243	ENSG00000183323
CCDC126	HGNC:22398	90693	ENSG00000169193
CCDC127	HGNC:30520	133957	ENSG00000164366
CCDC136	HGNC:22225	64753	ENSG00000128596
CCDC137	HGNC:33451	339230	ENSG00000185298
CCDC138	HGNC:26531	165055	ENSG00000163006
CCDC142	HGNC:25889	84865	ENSG00000135637
CCDC144A	HGNC:29072	9720	ENSG00000170160
CCDC148	HGNC:25191	130940	ENSG00000153237
CCDC149	HGNC:25405	91050	ENSG00000181982
CCDC150	HGNC:26834	284992	ENSG00000144395
CCDC152	HGNC:34438	100129792	ENSG00000198865
CCDC154	HGNC:34454	645811	ENSG00000197599
SNORC	HGNC:33763	389084	ENSG00000182600
SNPH	HGNC:15931	9751	ENSG00000101298
SNRK	HGNC:30598	54861	ENSG00000163788
SNRNP25	HGNC:14161	79622	ENSG00000161981
SNRNP27	HGNC:30240	11017	ENSG00000124380
SNRNP35	HGNC:30852	11066	ENSG00000184209
SNRNP40	HGNC:30857	9410	ENSG00000060688
SNRNP48	HGNC:21368	154007	ENSG00000168566
SNRNP70	HGNC:11150	6625	ENSG00000104852
SNRPA	HGNC:11151	6626	ENSG00000077312
SNRPA1	HGNC:11152	6627	ENSG00000131876
SNRPB2	HGNC:11155	6629	ENSG00000125870
SNRPC	HGNC:11157	6631	ENSG00000124562
SNRPD1	HGNC:11158	6632	ENSG00000167088
SNRPD2	HGNC:11159	6633	ENSG00000125743
SNRPD3	HGNC:11160	6634	ENSG00000100028
SNRPF	HGNC:11162	6636	ENSG00000139343
SNRPG	HGNC:11163	6637	ENSG00000143977
SNTB1	HGNC:11168	6641	ENSG00000172164
SNTB2	HGNC:11169	6645	ENSG00000168807
SNTG1	HGNC:13740	54212	ENSG00000147481
SNTG2	HGNC:13741	54221	ENSG00000172554
SNTN	HGNC:33706	132203	ENSG00000188817
SNU13	HGNC:7819	4809	ENSG00000100138
SNURF	HGNC:11171	8926	ENSG00000273173
SNW1	HGNC:16696	22938	ENSG00000100603
SNX1	HGNC:11172	6642	ENSG00000028528
SNX2	HGNC:11173	6643	ENSG00000205302
SNX3	HGNC:11174	8724	ENSG00000112335
SNX4	HGNC:11175	8723	ENSG00000114520
SNX5	HGNC:14969	27131	ENSG00000089006
SNX6	HGNC:14970	58533	ENSG00000129515
SNX7	HGNC:14971	51375	ENSG00000162627
SNX8	HGNC:14972	29886	ENSG00000106266
SNX9	HGNC:14973	51429	ENSG00000130340
SNX11	HGNC:14975	29916	ENSG00000002919
SNX12	HGNC:14976	29934	ENSG00000147164
SNX13	HGNC:21335	23161	ENSG00000071189
SNX15	HGNC:14978	29907	ENSG00000110025
SNX16	HGNC:14980	64089	ENSG00000104497
SNX17	HGNC:14979	9784	ENSG00000115234
SNX18	HGNC:19245	112574	ENSG00000178996
SNX19	HGNC:21532	399979	ENSG00000120451
SNX20	HGNC:30390	124460	ENSG00000167208
SNX21	HGNC:16154	90203	ENSG00000124104
SNX22	HGNC:16315	79856	ENSG00000157734
SNX24	HGNC:21533	28966	ENSG00000064652
SNX25	HGNC:21883	83891	ENSG00000109762
SNX27	HGNC:20073	81609	ENSG00000143376
SNX29	HGNC:30542	92017	ENSG00000048471
SNX30	HGNC:23685	401548	ENSG00000148158
SNX31	HGNC:28605	169166	ENSG00000174226
SNX32	HGNC:26423	254122	ENSG00000172803
SNX33	HGNC:28468	257364	ENSG00000173548
SOAT1	HGNC:11177	6646	ENSG00000057252
SOAT2	HGNC:11178	8435	ENSG00000167780
SOCS2	HGNC:19382	8835	ENSG00000120833
SOCS3	HGNC:19391	9021	ENSG00000184557
SOCS4	HGNC:19392	122809	ENSG00000180008
SOCS5	HGNC:16852	9655	ENSG00000171150
SOCS6	HGNC:16833	9306	ENSG00000170677
SOCS7	HGNC:29846	30837	ENSG00000274211
SOD3	HGNC:11181	6649	ENSG00000109610
SOFU1	HGNC:21750	135927	ENSG00000165131
SOHLH2	HGNC:26026	54937	ENSG00000120669
SORBS1	HGNC:14565	10580	ENSG00000095637
SORBS2	HGNC:24098	8470	ENSG00000154556
SORBS3	HGNC:30907	10174	ENSG00000120896
SORCS1	HGNC:16697	114815	ENSG00000108018
SORCS2	HGNC:16698	57537	ENSG00000184985
SORCS3	HGNC:16699	22986	ENSG00000156395
SOSTDC1	HGNC:21748	25928	ENSG00000171243
SOWAHA	HGNC:27033	134548	ENSG00000198944
SOWAHB	HGNC:32958	345079	ENSG00000186212
SOWAHC	HGNC:26149	65124	ENSG00000198142
SOWAHD	HGNC:32960	347454	ENSG00000187808
SOX1	HGNC:11189	6656	ENSG00000182968
SOX8	HGNC:11203	30812	ENSG00000005513
SOX12	HGNC:11198	6666	ENSG00000177732
SOX13	HGNC:11192	9580	ENSG00000143842
SOX14	HGNC:11193	8403	ENSG00000168875
SOX15	HGNC:11196	6665	ENSG00000129194
SOX21	HGNC:11197	11166	ENSG00000125285
SOX30	HGNC:30635	11063	ENSG00000039600
SP1	HGNC:11205	6667	ENSG00000185591
SP2	HGNC:11207	6668	ENSG00000167182
SP3	HGNC:11208	6670	ENSG00000172845
SP4	HGNC:11209	6671	ENSG00000105866
SP5	HGNC:14529	389058	ENSG00000204335
SP8	HGNC:19196	221833	ENSG00000164651
SP9	HGNC:30690	100131390	ENSG00000217236
SP100	HGNC:11206	6672	ENSG00000067066
SP140	HGNC:17133	11262	ENSG00000079263
SP140L	HGNC:25105	93349	ENSG00000185404
SPA17	HGNC:11210	53340	ENSG00000064199
SPAAR	HGNC:27244	158376	ENSG00000235387
SPACA3	HGNC:16260	124912	ENSG00000141316
SPACA4	HGNC:16441	171169	ENSG00000177202
SPACA5	HGNC:31353	389852	ENSG00000171489
SPACA5B	HGNC:19142	729201	ENSG00000171478
SPACA6	HGNC:27113	147650	ENSG00000182310
SPACA7	HGNC:29575	122258	ENSG00000153498
SPACA9	HGNC:1367	11092	ENSG00000165698
SPACDR	HGNC:22135	402573	ENSG00000185955
SPADH	HGNC:55808	112577516	ENSG00000286135
SPAG4	HGNC:11214	6676	ENSG00000061656
SPAG5	HGNC:13452	10615	ENSG00000076382
SPAG6	HGNC:11215	9576	ENSG00000077327
SPAG7	HGNC:11216	9552	ENSG00000091640
SPAG8	HGNC:14105	26206	ENSG00000137098
SPAG9	HGNC:14524	9043	ENSG00000008294
SPAG11A	HGNC:33342	653423	ENSG00000178287
SPAG11B	HGNC:14534	10407	ENSG00000164871
SPAG16	HGNC:23225	79582	ENSG00000144451
SPAM1	HGNC:11217	6677	ENSG00000106304
SPANXA1	HGNC:11218	30014	ENSG00000198021
SPANXA2	HGNC:14328	728712	ENSG00000203926
SPANXB1	HGNC:14329	728695	ENSG00000227234
SPANXC	HGNC:14331	64663	ENSG00000198573
SPANXD	HGNC:14332	64648	ENSG00000196406
SPANXN1	HGNC:33174	494118	ENSG00000203923
SPANXN2	HGNC:33175	494119	ENSG00000268988
SPANXN3	HGNC:33176	139067	ENSG00000189252
SPANXN4	HGNC:33177	441525	ENSG00000189326
SPANXN5	HGNC:33178	494197	ENSG00000204363
SPATA1	HGNC:14682	100505741	ENSG00000122432
SPATA2	HGNC:14681	9825	ENSG00000158480
SPATA2L	HGNC:28393	124044	ENSG00000158792
SPATA3	HGNC:17884	130560	ENSG00000173699
SPATA4	HGNC:17333	132851	ENSG00000150628
SPATA6	HGNC:18309	54558	ENSG00000132122
SPATA6L	HGNC:25472	55064	ENSG00000106686
SPATA9	HGNC:22988	83890	ENSG00000145757
SPATA12	HGNC:23221	353324	ENSG00000186451
SPATA17	HGNC:25184	128153	ENSG00000162814
SPATA18	HGNC:29579	132671	ENSG00000163071
SPATA19	HGNC:30614	219938	ENSG00000166118
SPATA20	HGNC:26125	64847	ENSG00000006282
SPATA21	HGNC:28026	374955	ENSG00000187144
SPATA24	HGNC:27322	202051	ENSG00000170469
SPATA25	HGNC:16158	128497	ENSG00000149634
SPATA31A1	HGNC:23394	647060	ENSG00000204849
SPATA31A3	HGNC:32003	727830	ENSG00000275969
SPATA31A5	HGNC:32005	727905	ENSG00000276581
SPATA31A6	HGNC:32006	389730	ENSG00000185775
SPATA31A7	HGNC:32007	26165	ENSG00000276040
SPATA31C1	HGNC:27846	441452	ENSG00000230246
SPATA31C2	HGNC:24508	645961	ENSG00000177910
SPATA31D1	HGNC:37283	389763	ENSG00000214929
SPATA31D3	HGNC:38603	389762	ENSG00000186788
SPATA31D4	HGNC:38601	389761	ENSG00000189357
SPATA31E1	HGNC:26672	286234	ENSG00000177992
SPATA31F1	HGNC:41911	259308	ENSG00000205108
SPATA31F3	HGNC:42673	100129969	ENSG00000187791
SPATA31G1	HGNC:31418	138724	ENSG00000174038
SPATA31H1	HGNC:25275	84226	ENSG00000221843
SPATA32	HGNC:26349	124783	ENSG00000184361
SPATA33	HGNC:26463	124045	ENSG00000167523
SPATA45	HGNC:33709	149643	ENSG00000185523
SPATA46	HGNC:27648	284680	ENSG00000171722
SPATC1	HGNC:30510	375686	ENSG00000186583
SPATC1L	HGNC:1298	84221	ENSG00000160284
SPATS1	HGNC:22957	221409	ENSG00000249481
SPATS2	HGNC:18650	65244	ENSG00000123352
SPATS2L	HGNC:24574	26010	ENSG00000196141
SPC24	HGNC:26913	147841	ENSG00000161888
SPC25	HGNC:24031	57405	ENSG00000152253
SPCS1	HGNC:23401	28972	ENSG00000114902
SPCS2	HGNC:28962	9789	ENSG00000118363
SPCS3	HGNC:26212	60559	ENSG00000129128
SPDEF	HGNC:17257	25803	ENSG00000124664
SPDL1	HGNC:26010	54908	ENSG00000040275
SPDYA	HGNC:30613	245711	ENSG00000163806
SPDYC	HGNC:32681	387778	ENSG00000204710
SPDYE1	HGNC:16408	285955	ENSG00000136206
SPDYE2	HGNC:33841	441273	ENSG00000205238
SPDYE2B	HGNC:48334	100310812	ENSG00000173678
SPDYE3	HGNC:35462	441272	ENSG00000214300
SPDYE4	HGNC:35463	388333	ENSG00000183318
SPDYE5	HGNC:35464	442590	ENSG00000170092
SPDYE6	HGNC:35465	729597	ENSG00000260097
SPDYE8	HGNC:33771	728524	ENSG00000273520
SPDYE9	HGNC:45034	643909	ENSG00000262461
SPDYE10	HGNC:51506	643862	ENSG00000274570
SPDYE11	HGNC:51507	100996746	ENSG00000275976
SPDYE12	HGNC:51508	100101268	ENSG00000184616
SPDYE13	HGNC:51509	105180390	ENSG00000286038
SPDYE14	HGNC:51510	641776	ENSG00000286137
SPDYE15	HGNC:51511	105180391	ENSG00000286014
SPDYE16	HGNC:51512	102723555	ENSG00000185040
SPDYE17	HGNC:51513	102723849	ENSG00000186645
SPDYE18	HGNC:51514	100505767	ENSG00000205482
SPDYE21	HGNC:51517	442572	ENSG00000230358
SPECC1	HGNC:30615	92521	ENSG00000128487
SPEF1	HGNC:15874	25876	ENSG00000101222
SPEGNB	HGNC:51251	100996693	ENSG00000286095
SPEM1	HGNC:32429	374768	ENSG00000181323
SPEM2	HGNC:27315	201243	ENSG00000184560
SPEM3	HGNC:53651	107983988	ENSG00000283439
SPESP1	HGNC:15570	246777	ENSG00000258484
SPHK1	HGNC:11240	8877	ENSG00000176170
SPHK2	HGNC:18859	56848	ENSG00000063176
SPHKAP	HGNC:30619	80309	ENSG00000153820
SPIC	HGNC:29549	121599	ENSG00000166211
SPICE1	HGNC:25083	152185	ENSG00000163611
SPIN1	HGNC:11243	10927	ENSG00000106723
SPIN2A	HGNC:20694	54466	ENSG00000147059
SPIN2B	HGNC:33147	474343	ENSG00000186787
SPIN3	HGNC:27272	169981	ENSG00000204271
SPINDOC	HGNC:25115	144097	ENSG00000168005
SPINK4	HGNC:16646	27290	ENSG00000122711
SPINK6	HGNC:29486	404203	ENSG00000178172
SPINK7	HGNC:24643	84651	ENSG00000145879
SPINK8	HGNC:33160	646424	ENSG00000229453
SPINK9	HGNC:32951	643394	ENSG00000204909
SPINK13	HGNC:27200	153218	ENSG00000214510
SPINK14	HGNC:33825	408187	ENSG00000196800
SPINT1	HGNC:11246	6692	ENSG00000166145
SPINT3	HGNC:11248	10816	ENSG00000101446
SPINT4	HGNC:16130	391253	ENSG00000149651
SPIRE1	HGNC:30622	56907	ENSG00000134278
SPIRE2	HGNC:30623	84501	ENSG00000204991
SPMAP1	HGNC:34492	388381	ENSG00000275489
SPMAP2	HGNC:13706	51298	ENSG00000105549
SPMAP2L	HGNC:43771	100506564	ENSG00000249693
SPMIP1	HGNC:52392	100130705	ENSG00000272899
SPMIP2	HGNC:26342	152940	ENSG00000164123
SPMIP3	HGNC:30435	200159	ENSG00000173728
SPMIP4	HGNC:21722	136895	ENSG00000153790
SPMIP5	HGNC:28500	143379	ENSG00000165863
SPMIP6	HGNC:19919	84688	ENSG00000164972
SPMIP7	HGNC:22564	100130988	ENSG00000164500
SPMIP8	HGNC:33745	374739	ENSG00000159648
SPMIP9	HGNC:26341	200523	ENSG00000172073
SPMIP10	HGNC:33767	389320	ENSG00000196900
SPMIP11	HGNC:48628	255411	ENSG00000257987
SPN	HGNC:11249	6693	ENSG00000197471
SPNS1	HGNC:30621	83985	ENSG00000169682
SPNS3	HGNC:28433	201305	ENSG00000182557
SPO11	HGNC:11250	23626	ENSG00000054796
SPOCD1	HGNC:26338	90853	ENSG00000134668
SPOCK1	HGNC:11251	6695	ENSG00000152377
SPOCK2	HGNC:13564	9806	ENSG00000107742
SPOCK3	HGNC:13565	50859	ENSG00000196104
SPON1	HGNC:11252	10418	ENSG00000262655
SPON2	HGNC:11253	10417	ENSG00000159674
SPOPL	HGNC:27934	339745	ENSG00000144228
SPP2	HGNC:11256	6694	ENSG00000072080
SPPL2B	HGNC:30627	56928	ENSG00000005206
SPPL2C	HGNC:28902	162540	ENSG00000185294
SPPL3	HGNC:30424	121665	ENSG00000157837
SPRED3	HGNC:31041	399473	ENSG00000188766
SPRING1	HGNC:26128	79794	ENSG00000111412
SPRN	HGNC:16871	503542	ENSG00000203772
SPRR1A	HGNC:11259	6698	ENSG00000169474
SPRR1B	HGNC:11260	6699	ENSG00000169469
SPRR2A	HGNC:11261	6700	ENSG00000241794
SPRR2B	HGNC:11262	6701	ENSG00000196805
SPRR2D	HGNC:11264	6703	ENSG00000163216
SPRR2E	HGNC:11265	6704	ENSG00000203785
SPRR2F	HGNC:11266	6705	ENSG00000244094
SPRR2G	HGNC:11267	6706	ENSG00000159516
SPRR3	HGNC:11268	6707	ENSG00000163209
SPRR4	HGNC:23173	163778	ENSG00000184148
SPRR5	HGNC:53428	110806278	ENSG00000283227
SPRY1	HGNC:11269	10252	ENSG00000164056
SPRY3	HGNC:11271	10251	ENSG00000168939
SPRYD3	HGNC:25920	84926	ENSG00000167778
SPRYD4	HGNC:27468	283377	ENSG00000176422
SPRYD7	HGNC:14297	57213	ENSG00000123178
SPSB1	HGNC:30628	80176	ENSG00000171621
SPSB2	HGNC:29522	84727	ENSG00000111671
SPSB3	HGNC:30629	90864	ENSG00000162032
SPSB4	HGNC:30630	92369	ENSG00000175093
SPTBN5	HGNC:15680	51332	ENSG00000137877
SPTLC3	HGNC:16253	55304	ENSG00000172296
SPTSSB	HGNC:24045	165679	ENSG00000196542
SPTY2D1	HGNC:26818	144108	ENSG00000179119
SPX	HGNC:28139	80763	ENSG00000134548
SPZ1	HGNC:30721	84654	ENSG00000164299
SQLE	HGNC:11279	6713	ENSG00000104549
SRARP	HGNC:28339	149563	ENSG00000183888
SRBD1	HGNC:25521	55133	ENSG00000068784
SRCIN1	HGNC:29506	80725	ENSG00000277363
SRD5A1	HGNC:11284	6715	ENSG00000145545
SREBF2	HGNC:11290	6721	ENSG00000198911
SREK1	HGNC:17882	140890	ENSG00000153914
SREK1IP1	HGNC:26716	285672	ENSG00000153006
SRFBP1	HGNC:26333	153443	ENSG00000151304
SRGAP2	HGNC:19751	23380	ENSG00000266028
SRGAP2B	HGNC:35237	647135	ENSG00000196369
SRGAP2C	HGNC:30584	653464	ENSG00000171943
SRGN	HGNC:9361	5552	ENSG00000122862
SRI	HGNC:11292	6717	ENSG00000075142
SRL	HGNC:11295	6345	ENSG00000185739
SRM	HGNC:11296	6723	ENSG00000116649
SRMS	HGNC:11298	6725	ENSG00000125508
SRP9	HGNC:11304	6726	ENSG00000143742
SRP14	HGNC:11299	6727	ENSG00000140319
SRPK1	HGNC:11305	6732	ENSG00000096063
SRPK2	HGNC:11306	6733	ENSG00000135250
SRPRA	HGNC:11307	6734	ENSG00000182934
SRPRB	HGNC:24085	58477	ENSG00000144867
SRPX	HGNC:11309	8406	ENSG00000101955
SRR	HGNC:14398	63826	ENSG00000167720
SRRD	HGNC:33910	402055	ENSG00000100104
SRRM1	HGNC:16638	10250	ENSG00000133226
SRRM3	HGNC:26729	222183	ENSG00000177679
SRRM4	HGNC:29389	84530	ENSG00000139767
SRRM5	HGNC:37248	100170229	ENSG00000226763
SRRT	HGNC:24101	51593	ENSG00000087087
SRSF3	HGNC:10785	6428	ENSG00000112081
SRSF4	HGNC:10786	6429	ENSG00000116350
SRSF5	HGNC:10787	6430	ENSG00000100650
SRSF6	HGNC:10788	6431	ENSG00000124193
SRSF7	HGNC:10789	6432	ENSG00000115875
SRSF8	HGNC:16988	10929	ENSG00000263465
SRSF9	HGNC:10791	8683	ENSG00000111786
SRSF10	HGNC:16713	10772	ENSG00000188529
SRSF11	HGNC:10782	9295	ENSG00000116754
SRSF12	HGNC:21220	135295	ENSG00000154548
SRXN1	HGNC:16132	140809	ENSG00000271303
SS18L2	HGNC:15593	51188	ENSG00000008324
SSB	HGNC:11316	6741	ENSG00000138385
SSBP2	HGNC:15831	23635	ENSG00000145687
SSBP3	HGNC:15674	23648	ENSG00000157216
SSBP4	HGNC:15676	170463	ENSG00000130511
SSC4D	HGNC:14461	136853	ENSG00000146700
SSC5D	HGNC:26641	284297	ENSG00000179954
SSH1	HGNC:30579	54434	ENSG00000084112
SSH2	HGNC:30580	85464	ENSG00000141298
SSH3	HGNC:30581	54961	ENSG00000172830
SSMEM1	HGNC:29580	136263	ENSG00000165120
SSNA1	HGNC:11321	8636	ENSG00000176101
SSPN	HGNC:11322	8082	ENSG00000123096
SSR1	HGNC:11323	6745	ENSG00000124783
SSR2	HGNC:11324	6746	ENSG00000163479
SSR3	HGNC:11325	6747	ENSG00000114850
SSRP1	HGNC:11327	6749	ENSG00000149136
SST	HGNC:11329	6750	ENSG00000157005
SSTR1	HGNC:11330	6751	ENSG00000139874
SSTR2	HGNC:11331	6752	ENSG00000180616
SSTR3	HGNC:11332	6753	ENSG00000278195
SSTR4	HGNC:11333	6754	ENSG00000132671
SSTR5	HGNC:11334	6755	ENSG00000162009
SSU72	HGNC:25016	29101	ENSG00000160075
SSU72L1	HGNC:43626	390033	ENSG00000284438
SSU72L2	HGNC:43621	390031	ENSG00000284306
SSU72L3	HGNC:43622	143506	ENSG00000284546
SSU72L4	HGNC:43623	441584	ENSG00000283873
SSU72L5	HGNC:43624	196120	ENSG00000284018
SSU72L6	HGNC:43627	136157	ENSG00000230268
SSX2B	HGNC:22263	727837	ENSG00000268447
SSX2IP	HGNC:16509	117178	ENSG00000117155
SSX3	HGNC:11337	10214	ENSG00000165584
SSX4	HGNC:11338	6759	ENSG00000268009
SSX4B	HGNC:16880	548313	ENSG00000269791
SSX5	HGNC:11339	6758	ENSG00000165583
SSX7	HGNC:19653	280658	ENSG00000187754
ST3GAL1	HGNC:10862	6482	ENSG00000008513
ST3GAL2	HGNC:10863	6483	ENSG00000157350
ST3GAL4	HGNC:10864	6484	ENSG00000110080
ST3GAL6	HGNC:18080	10402	ENSG00000064225
ST6GAL1	HGNC:10860	6480	ENSG00000073849
ST6GAL2	HGNC:10861	84620	ENSG00000144057
ST6GALNAC1	HGNC:23614	55808	ENSG00000070526
ST6GALNAC2	HGNC:10867	10610	ENSG00000070731
ST6GALNAC3	HGNC:19343	256435	ENSG00000184005
ST6GALNAC4	HGNC:17846	27090	ENSG00000136840
ST6GALNAC5	HGNC:19342	81849	ENSG00000117069
ST6GALNAC6	HGNC:23364	30815	ENSG00000160408
ST7	HGNC:11351	7982	ENSG00000004866
ST7L	HGNC:18441	54879	ENSG00000007341
ST8SIA1	HGNC:10869	6489	ENSG00000111728
ST8SIA2	HGNC:10870	8128	ENSG00000140557
ST8SIA3	HGNC:14269	51046	ENSG00000177511
ST8SIA4	HGNC:10871	7903	ENSG00000113532
ST8SIA5	HGNC:17827	29906	ENSG00000101638
ST8SIA6	HGNC:23317	338596	ENSG00000148488
ST13	HGNC:11343	6767	ENSG00000100380
ST18	HGNC:18695	9705	ENSG00000147488
STAB2	HGNC:18629	55576	ENSG00000136011
STAC	HGNC:11353	6769	ENSG00000144681
STAC2	HGNC:23990	342667	ENSG00000141750
STAM	HGNC:11357	8027	ENSG00000136738
STAM2	HGNC:11358	10254	ENSG00000115145
STAMBPL1	HGNC:24105	57559	ENSG00000138134
STAP1	HGNC:24133	26228	ENSG00000035720
STAP2	HGNC:30430	55620	ENSG00000178078
STARD3	HGNC:17579	10948	ENSG00000131748
STARD3NL	HGNC:19169	83930	ENSG00000010270
STARD4	HGNC:18058	134429	ENSG00000164211
STARD5	HGNC:18065	80765	ENSG00000172345
STARD6	HGNC:18066	147323	ENSG00000174448
STARD8	HGNC:19161	9754	ENSG00000130052
STARD9	HGNC:19162	57519	ENSG00000159433
STARD10	HGNC:10666	10809	ENSG00000214530
STARD13	HGNC:19164	90627	ENSG00000133121
STAT5A	HGNC:11366	6776	ENSG00000126561
STATH	HGNC:11369	6779	ENSG00000126549
STAU1	HGNC:11370	6780	ENSG00000124214
STAU2	HGNC:11371	27067	ENSG00000040341
STBD1	HGNC:24854	8987	ENSG00000118804
STC1	HGNC:11373	6781	ENSG00000159167
STC2	HGNC:11374	8614	ENSG00000113739
STEAP1	HGNC:11378	26872	ENSG00000164647
STEAP1B	HGNC:41907	256227	ENSG00000105889
STEAP2	HGNC:17885	261729	ENSG00000157214
STEAP4	HGNC:21923	79689	ENSG00000127954
STH	HGNC:18839	246744	ENSG00000256762
STIM2	HGNC:19205	57620	ENSG00000109689
STIMATE	HGNC:30526	375346	ENSG00000213533
STIP1	HGNC:11387	10963	ENSG00000168439
STK3	HGNC:11406	6788	ENSG00000104375
STK10	HGNC:11388	6793	ENSG00000072786
STK11IP	HGNC:19184	114790	ENSG00000144589
STK16	HGNC:11394	8576	ENSG00000115661
STK17A	HGNC:11395	9263	ENSG00000164543
STK17B	HGNC:11396	9262	ENSG00000081320
STK24	HGNC:11403	8428	ENSG00000102572
STK25	HGNC:11404	10494	ENSG00000115694
STK26	HGNC:18174	51765	ENSG00000134602
STK31	HGNC:11407	56164	ENSG00000196335
STK32A	HGNC:28317	202374	ENSG00000169302
STK32B	HGNC:14217	55351	ENSG00000152953
STK32C	HGNC:21332	282974	ENSG00000165752
STK35	HGNC:16254	140901	ENSG00000125834
STK38	HGNC:17847	11329	ENSG00000112079
STK38L	HGNC:17848	23012	ENSG00000211455
STK39	HGNC:17717	27347	ENSG00000198648
STK40	HGNC:21373	83931	ENSG00000196182
STKLD1	HGNC:28669	169436	ENSG00000198870
STMN1	HGNC:6510	3925	ENSG00000117632
STMN2	HGNC:10577	11075	ENSG00000104435
STMN3	HGNC:15926	50861	ENSG00000197457
STMN4	HGNC:16078	81551	ENSG00000015592
STMND1	HGNC:44668	401236	ENSG00000230873
STMP1	HGNC:41909	647087	ENSG00000243317
STOM	HGNC:3383	2040	ENSG00000148175
STOML1	HGNC:14560	9399	ENSG00000067221
STOML2	HGNC:14559	30968	ENSG00000165283
STOML3	HGNC:19420	161003	ENSG00000133115
STON1	HGNC:17003	11037	ENSG00000243244
STON2	HGNC:30652	85439	ENSG00000140022
STOX2	HGNC:25450	56977	ENSG00000173320
STPG1	HGNC:28070	90529	ENSG00000001460
STPG2	HGNC:28712	285555	ENSG00000163116
STPG3	HGNC:37285	441476	ENSG00000197768
STPG4	HGNC:26850	285051	ENSG00000239605
STRA8	HGNC:30653	346673	ENSG00000146857
STRADB	HGNC:13205	55437	ENSG00000082146
STRAP	HGNC:30796	11171	ENSG00000023734
STRBP	HGNC:16462	55342	ENSG00000165209
STRIP1	HGNC:25916	85369	ENSG00000143093
STRIP2	HGNC:22209	57464	ENSG00000128578
STRIT1	HGNC:52297	100507537	ENSG00000240045
STRN	HGNC:11424	6801	ENSG00000115808
STRN3	HGNC:15720	29966	ENSG00000196792
STRN4	HGNC:15721	29888	ENSG00000090372
STUM	HGNC:30491	375057	ENSG00000203685
STX2	HGNC:3403	2054	ENSG00000111450
STX5	HGNC:11440	6811	ENSG00000162236
STX6	HGNC:11441	10228	ENSG00000135823
STX7	HGNC:11442	8417	ENSG00000079950
STX8	HGNC:11443	9482	ENSG00000170310
STX10	HGNC:11428	8677	ENSG00000104915
STX12	HGNC:11430	23673	ENSG00000117758
STX17	HGNC:11432	55014	ENSG00000136874
STX18	HGNC:15942	53407	ENSG00000168818
STX19	HGNC:19300	415117	ENSG00000178750
STXBP4	HGNC:19694	252983	ENSG00000166263
STXBP5	HGNC:19665	134957	ENSG00000164506
STXBP5L	HGNC:30757	9515	ENSG00000145087
STXBP6	HGNC:19666	29091	ENSG00000168952
STYK1	HGNC:18889	55359	ENSG00000060140
STYX	HGNC:11447	6815	ENSG00000198252
STYXL1	HGNC:18165	51657	ENSG00000127952
STYXL2	HGNC:25034	92235	ENSG00000198842
SUB1	HGNC:19985	10923	ENSG00000113387
SUCLG2	HGNC:11450	8801	ENSG00000172340
SUCNR1	HGNC:4542	56670	ENSG00000198829
SUCO	HGNC:1240	51430	ENSG00000094975
SUDS3	HGNC:29545	64426	ENSG00000111707
SUGP1	HGNC:18643	57794	ENSG00000105705
SUGP2	HGNC:18641	10147	ENSG00000064607
SUGT1	HGNC:16987	10910	ENSG00000165416
SULF1	HGNC:20391	23213	ENSG00000137573
SULF2	HGNC:20392	55959	ENSG00000196562
SULT1A1	HGNC:11453	6817	ENSG00000196502
SULT1A2	HGNC:11454	6799	ENSG00000197165
SULT1A3	HGNC:11455	6818	ENSG00000261052
SULT1A4	HGNC:30004	445329	ENSG00000213648
SULT1B1	HGNC:17845	27284	ENSG00000173597
SULT1C2	HGNC:11456	6819	ENSG00000198203
SULT1C3	HGNC:33543	442038	ENSG00000196228
SULT1C4	HGNC:11457	27233	ENSG00000198075
SULT1E1	HGNC:11377	6783	ENSG00000109193
SULT2A1	HGNC:11458	6822	ENSG00000105398
SULT4A1	HGNC:14903	25830	ENSG00000130540
SULT6B1	HGNC:33433	391365	ENSG00000138068
SUMO2	HGNC:11125	6613	ENSG00000188612
SUMO3	HGNC:11124	6612	ENSG00000184900
SUN1	HGNC:18587	23353	ENSG00000164828
SUN2	HGNC:14210	25777	ENSG00000100242
SUN3	HGNC:22429	256979	ENSG00000164744
SUPT3H	HGNC:11466	8464	ENSG00000196284
SUPT4H1	HGNC:11467	6827	ENSG00000213246
SUPT5H	HGNC:11469	6829	ENSG00000196235
SUPT6H	HGNC:11470	6830	ENSG00000109111
SUPT20H	HGNC:20596	55578	ENSG00000102710
SUPT20HL1	HGNC:30773	100130302	ENSG00000223731
SUPT20HL2	HGNC:31797	170067	ENSG00000223611
SUPV3L1	HGNC:11471	6832	ENSG00000156502
SURF2	HGNC:11475	6835	ENSG00000148291
SURF4	HGNC:11476	6836	ENSG00000148248
SURF6	HGNC:11478	6838	ENSG00000148296
SUSD1	HGNC:25413	64420	ENSG00000106868
SUSD2	HGNC:30667	56241	ENSG00000099994
SUSD3	HGNC:28391	203328	ENSG00000157303
SUSD4	HGNC:25470	55061	ENSG00000143502
SUSD5	HGNC:29061	26032	ENSG00000173705
SUSD6	HGNC:19956	9766	ENSG00000100647
SUV39H1	HGNC:11479	6839	ENSG00000101945
SUV39H2	HGNC:17287	79723	ENSG00000152455
SV2B	HGNC:16874	9899	ENSG00000185518
SV2C	HGNC:30670	22987	ENSG00000122012
SVEP1	HGNC:15985	79987	ENSG00000165124
SVIP	HGNC:25238	258010	ENSG00000198168
SVOP	HGNC:25417	55530	ENSG00000166111
SVOPL	HGNC:27034	136306	ENSG00000157703
SWAP70	HGNC:17070	23075	ENSG00000133789
SWI5	HGNC:31412	375757	ENSG00000175854
SWSAP1	HGNC:26638	126074	ENSG00000173928
SWT1	HGNC:16785	54823	ENSG00000116668
SYAP1	HGNC:16273	94056	ENSG00000169895
SYBU	HGNC:26011	55638	ENSG00000147642
SYCE1L	HGNC:37236	100130958	ENSG00000205078
SYCE2	HGNC:27411	256126	ENSG00000161860
SYCE3	HGNC:35245	644186	ENSG00000217442
SYCN	HGNC:18442	342898	ENSG00000179751
SYCP1	HGNC:11487	6847	ENSG00000198765
SYDE1	HGNC:25824	85360	ENSG00000105137
SYDE2	HGNC:25841	84144	ENSG00000097096
SYF2	HGNC:19824	25949	ENSG00000117614
SYMPK	HGNC:22935	8189	ENSG00000125755
SYN3	HGNC:11496	8224	ENSG00000185666
SYNC	HGNC:28897	81493	ENSG00000162520
SYNDIG1	HGNC:15885	79953	ENSG00000101463
SYNDIG1L	HGNC:32388	646658	ENSG00000183379
SYNE3	HGNC:19861	161176	ENSG00000176438
SYNGR1	HGNC:11498	9145	ENSG00000100321
SYNGR2	HGNC:11499	9144	ENSG00000108639
SYNGR3	HGNC:11501	9143	ENSG00000127561
SYNGR4	HGNC:11502	23546	ENSG00000105467
SYNJ2	HGNC:11504	8871	ENSG00000078269
SYNJ2BP	HGNC:18955	55333	ENSG00000213463
SYNM	HGNC:24466	23336	ENSG00000182253
SYNPO2	HGNC:17732	171024	ENSG00000172403
SYNPO2L	HGNC:23532	79933	ENSG00000166317
SYNPR	HGNC:16507	132204	ENSG00000163630
SYNRG	HGNC:557	11276	ENSG00000275066
SYPL1	HGNC:11507	6856	ENSG00000008282
SYPL2	HGNC:27638	284612	ENSG00000143028
SYS1	HGNC:16162	90196	ENSG00000204070
SYT3	HGNC:11511	84258	ENSG00000213023
SYT4	HGNC:11512	6860	ENSG00000132872
SYT5	HGNC:11513	6861	ENSG00000129990
SYT6	HGNC:18638	148281	ENSG00000134207
SYT7	HGNC:11514	9066	ENSG00000011347
SYT8	HGNC:19264	90019	ENSG00000149043
SYT9	HGNC:19265	143425	ENSG00000170743
SYT10	HGNC:19266	341359	ENSG00000110975
SYT11	HGNC:19239	23208	ENSG00000132718
SYT12	HGNC:18381	91683	ENSG00000173227
SYT13	HGNC:14962	57586	ENSG00000019505
SYT15	HGNC:17167	83849	ENSG00000204176
SYT15B	HGNC:51487	102724488	ENSG00000277758
SYT16	HGNC:23142	83851	ENSG00000139973
SYT17	HGNC:24119	51760	ENSG00000103528
SYTL1	HGNC:15584	84958	ENSG00000142765
SYTL2	HGNC:15585	54843	ENSG00000137501
SYTL3	HGNC:15587	94120	ENSG00000164674
SYTL4	HGNC:15588	94121	ENSG00000102362
SYTL5	HGNC:15589	94122	ENSG00000147041
SYVN1	HGNC:20738	84447	ENSG00000162298
SZRD1	HGNC:30232	26099	ENSG00000055070
TAAR1	HGNC:17734	134864	ENSG00000146399
TAAR2	HGNC:4514	9287	ENSG00000146378
TAAR5	HGNC:30236	9038	ENSG00000135569
TAAR6	HGNC:20978	319100	ENSG00000146383
TAAR8	HGNC:14964	83551	ENSG00000146385
TAAR9	HGNC:20977	134860	ENSG00000237110
TAB1	HGNC:18157	10454	ENSG00000100324
TAB3	HGNC:30681	257397	ENSG00000157625
TAC1	HGNC:11517	6863	ENSG00000006128
TAC4	HGNC:16641	255061	ENSG00000176358
TACC2	HGNC:11523	10579	ENSG00000138162
TACR1	HGNC:11526	6869	ENSG00000115353
TACR2	HGNC:11527	6865	ENSG00000075073
TADA1	HGNC:30631	117143	ENSG00000152382
TADA2A	HGNC:11531	6871	ENSG00000276234
TADA2B	HGNC:30781	93624	ENSG00000173011
TADA3	HGNC:19422	10474	ENSG00000171148
TAF1B	HGNC:11533	9014	ENSG00000115750
TAF1C	HGNC:11534	9013	ENSG00000103168
TAF1D	HGNC:28759	79101	ENSG00000166012
TAF1L	HGNC:18056	138474	ENSG00000122728
TAF3	HGNC:17303	83860	ENSG00000165632
TAF5	HGNC:11539	6877	ENSG00000148835
TAF5L	HGNC:17304	27097	ENSG00000135801
TAF6L	HGNC:17305	10629	ENSG00000162227
TAF7	HGNC:11541	6879	ENSG00000178913
TAF7L	HGNC:11548	54457	ENSG00000102387
TAF9	HGNC:11542	6880	ENSG00000273841
TAF9B	HGNC:17306	51616	ENSG00000187325
TAF10	HGNC:11543	6881	ENSG00000166337
TAF11	HGNC:11544	6882	ENSG00000064995
TAF11L2	HGNC:53845	391742	ENSG00000284373
TAF11L3	HGNC:53846	646103	ENSG00000284439
TAF11L4	HGNC:53847	391746	ENSG00000284283
TAF11L5	HGNC:53848	646066	ENSG00000284234
TAF11L6	HGNC:53849	391747	ENSG00000284042
TAF11L7	HGNC:53850	112488736	ENSG00000284465
TAF11L8	HGNC:53851	112488737	ENSG00000283967
TAF11L9	HGNC:53852	112488745	ENSG00000283988
TAF11L10	HGNC:53853	112488738	ENSG00000284356
TAF11L11	HGNC:53854	112488746	ENSG00000283740
TAF11L12	HGNC:53855	112488739	ENSG00000249156
TAF11L13	HGNC:53856	112488747	ENSG00000283776
TAF11L14	HGNC:53857	112488740	ENSG00000250782
TAF12	HGNC:11545	6883	ENSG00000120656
TAFA1	HGNC:21587	407738	ENSG00000183662
TAFA2	HGNC:21589	338811	ENSG00000198673
TAFA3	HGNC:21590	284467	ENSG00000184599
TAFA4	HGNC:21591	151647	ENSG00000163377
TAFA5	HGNC:21592	25817	ENSG00000219438
TAGAP	HGNC:15669	117289	ENSG00000164691
TAGLN	HGNC:11553	6876	ENSG00000149591
TAGLN2	HGNC:11554	8407	ENSG00000158710
TAGLN3	HGNC:29868	29114	ENSG00000144834
TAMALIN	HGNC:18707	160622	ENSG00000161835
TANC1	HGNC:29364	85461	ENSG00000115183
TANGO6	HGNC:25749	79613	ENSG00000103047
TANK	HGNC:11562	10010	ENSG00000136560
TAOK2	HGNC:16835	9344	ENSG00000149930
TAOK3	HGNC:18133	51347	ENSG00000135090
TAPBPL	HGNC:30683	55080	ENSG00000139192
TARBP1	HGNC:11568	6894	ENSG00000059588
TARBP2	HGNC:11569	6895	ENSG00000139546
TARM1	HGNC:37250	441864	ENSG00000248385
TARS3	HGNC:24728	123283	ENSG00000185418
TAS1R1	HGNC:14448	80835	ENSG00000173662
TAS1R2	HGNC:14905	80834	ENSG00000179002
TAS1R3	HGNC:15661	83756	ENSG00000169962
TAS2R1	HGNC:14909	50834	ENSG00000169777
TAS2R2	HGNC:20615	338396	ENSG00000203523
TAS2R3	HGNC:14910	50831	ENSG00000127362
TAS2R4	HGNC:14911	50832	ENSG00000127364
TAS2R5	HGNC:14912	54429	ENSG00000127366
TAS2R7	HGNC:14913	50837	ENSG00000121377
TAS2R8	HGNC:14915	50836	ENSG00000121314
TAS2R9	HGNC:14917	50835	ENSG00000121381
TAS2R10	HGNC:14918	50839	ENSG00000121318
TAS2R13	HGNC:14919	50838	ENSG00000212128
TAS2R14	HGNC:14920	50840	ENSG00000212127
TAS2R19	HGNC:19108	259294	ENSG00000212124
TAS2R20	HGNC:19109	259295	ENSG00000255837
TAS2R30	HGNC:19112	259293	ENSG00000256188
TAS2R31	HGNC:19113	259290	ENSG00000256436
TAS2R33	HGNC:19114	266665	
TAS2R36	HGNC:19115	266666	
TAS2R39	HGNC:18886	259285	ENSG00000236398
TAS2R40	HGNC:18885	259286	ENSG00000221937
TAS2R41	HGNC:18883	259287	ENSG00000221855
TAS2R42	HGNC:18888	353164	ENSG00000186136
TAS2R43	HGNC:18875	259289	ENSG00000255374
TAS2R45	HGNC:18876	259291	ENSG00000261936
TAS2R46	HGNC:18877	259292	ENSG00000226761
TAS2R50	HGNC:18882	259296	ENSG00000212126
TAS2R60	HGNC:20639	338398	ENSG00000185899
TASL	HGNC:25667	80231	ENSG00000120280
TASOR	HGNC:30314	23272	ENSG00000163946
TASOR2	HGNC:23484	54906	ENSG00000108021
TATDN1	HGNC:24220	83940	ENSG00000147687
TATDN2	HGNC:28988	9797	ENSG00000157014
TATDN3	HGNC:27010	128387	ENSG00000203705
TAX1BP1	HGNC:11575	8887	ENSG00000106052
TAX1BP3	HGNC:30684	30851	ENSG00000213977
TBATA	HGNC:23511	219793	ENSG00000166220
TBC1D1	HGNC:11578	23216	ENSG00000065882
TBC1D2	HGNC:18026	55357	ENSG00000095383
TBC1D3	HGNC:19031	729873	ENSG00000274611
TBC1D3B	HGNC:27011	414059	ENSG00000274808
TBC1D3C	HGNC:24889	414060	ENSG00000278299
TBC1D3D	HGNC:28944	101060389	ENSG00000274419
TBC1D3E	HGNC:27071	102723859	ENSG00000278599
TBC1D3F	HGNC:18257	84218	ENSG00000275954
TBC1D3G	HGNC:29860	101060321	ENSG00000260287
TBC1D3H	HGNC:30708	729877	ENSG00000274226
TBC1D3I	HGNC:32709	102724862	ENSG00000274933
TBC1D3K	HGNC:51245	101060351	ENSG00000273513
TBC1D3L	HGNC:51246	101060376	ENSG00000274512
TBC1D5	HGNC:19166	9779	ENSG00000131374
TBC1D8	HGNC:17791	11138	ENSG00000204634
TBC1D9	HGNC:21710	23158	ENSG00000109436
TBC1D9B	HGNC:29097	23061	ENSG00000197226
TBC1D10A	HGNC:23609	83874	ENSG00000099992
TBC1D10B	HGNC:24510	26000	ENSG00000169221
TBC1D10C	HGNC:24702	374403	ENSG00000175463
TBC1D12	HGNC:29082	23232	ENSG00000108239
TBC1D13	HGNC:25571	54662	ENSG00000107021
TBC1D14	HGNC:29246	57533	ENSG00000132405
TBC1D15	HGNC:25694	64786	ENSG00000121749
TBC1D16	HGNC:28356	125058	ENSG00000167291
TBC1D17	HGNC:25699	79735	ENSG00000104946
TBC1D19	HGNC:25624	55296	ENSG00000109680
TBC1D21	HGNC:28536	161514	ENSG00000167139
TBC1D22A	HGNC:1309	25771	ENSG00000054611
TBC1D22B	HGNC:21602	55633	ENSG00000065491
TBC1D25	HGNC:8092	4943	ENSG00000068354
TBC1D26	HGNC:28745	353149	ENSG00000214946
TBC1D28	HGNC:26858	254272	ENSG00000189375
TBC1D30	HGNC:29164	23329	ENSG00000111490
TBC1D31	HGNC:30888	93594	ENSG00000156787
TBCA	HGNC:11579	6902	ENSG00000171530
TBCC	HGNC:11580	6903	ENSG00000124659
TBCCD1	HGNC:25546	55171	ENSG00000113838
TBCEL	HGNC:28115	219899	ENSG00000154114
TBKBP1	HGNC:30140	9755	ENSG00000198933
TBL3	HGNC:11587	10607	ENSG00000183751
TBPL1	HGNC:11589	9519	ENSG00000028839
TBPL2	HGNC:19841	387332	ENSG00000182521
TBRG1	HGNC:29551	84897	ENSG00000154144
TBRG4	HGNC:17443	9238	ENSG00000136270
TBX10	HGNC:11593	347853	ENSG00000167800
TC2N	HGNC:19859	123036	ENSG00000165929
TCAF1	HGNC:22201	9747	ENSG00000198420
TCAF2	HGNC:26878	285966	ENSG00000170379
TCAIM	HGNC:25241	285343	ENSG00000179152
TCEA1	HGNC:11612	6917	ENSG00000187735
TCEA2	HGNC:11614	6919	ENSG00000171703
TCEA3	HGNC:11615	6920	ENSG00000204219
TCEAL2	HGNC:29818	140597	ENSG00000184905
TCEAL3	HGNC:28247	85012	ENSG00000196507
TCEAL4	HGNC:26121	79921	ENSG00000133142
TCEAL5	HGNC:22282	340543	ENSG00000204065
TCEAL6	HGNC:24553	158931	ENSG00000204071
TCEAL7	HGNC:28336	56849	ENSG00000182916
TCEAL8	HGNC:28683	90843	ENSG00000180964
TCEAL9	HGNC:30084	51186	ENSG00000185222
TCEANC	HGNC:28277	170082	ENSG00000176896
TCEANC2	HGNC:26494	127428	ENSG00000116205
TCERG1	HGNC:15630	10915	ENSG00000113649
TCERG1L	HGNC:23533	256536	ENSG00000176769
TCF7	HGNC:11639	6932	ENSG00000081059
TCF7L1	HGNC:11640	83439	ENSG00000152284
TCF15	HGNC:11627	6939	ENSG00000125878
TCF19	HGNC:11629	6941	ENSG00000137310
TCF23	HGNC:18602	150921	ENSG00000163792
TCF24	HGNC:32275	100129654	ENSG00000261787
TCF25	HGNC:29181	22980	ENSG00000141002
TCFL5	HGNC:11646	10732	ENSG00000101190
TCHHL1	HGNC:31796	126637	ENSG00000182898
TCHP	HGNC:28135	84260	ENSG00000139437
TCIM	HGNC:1357	56892	ENSG00000176907
TCL1B	HGNC:11649	9623	ENSG00000213231
TCN1	HGNC:11652	6947	ENSG00000134827
TCP10L	HGNC:11657	140290	ENSG00000242220
TCP11	HGNC:11658	6954	ENSG00000124678
TCP11L1	HGNC:25655	55346	ENSG00000176148
TCP11L2	HGNC:28627	255394	ENSG00000166046
TCP11X1	HGNC:48369	100996631	ENSG00000268235
TCP11X2	HGNC:48335	100996648	ENSG00000215029
TCTA	HGNC:11692	6988	ENSG00000145022
TDG	HGNC:11700	6996	ENSG00000139372
TDRD1	HGNC:11712	56165	ENSG00000095627
TDRD3	HGNC:20612	81550	ENSG00000083544
TDRD5	HGNC:20614	163589	ENSG00000162782
TDRD6	HGNC:21339	221400	ENSG00000180113
TDRD10	HGNC:25316	126668	ENSG00000163239
TDRD12	HGNC:25044	91646	ENSG00000173809
TDRD15	HGNC:45037	100129278	ENSG00000218819
TDRKH	HGNC:11713	11022	ENSG00000182134
TDRP	HGNC:26951	157695	ENSG00000180190
TEAD2	HGNC:11715	8463	ENSG00000074219
TEAD3	HGNC:11716	7005	ENSG00000007866
TEAD4	HGNC:11717	7004	ENSG00000197905
TEC	HGNC:11719	7006	ENSG00000135605
TECPR1	HGNC:22214	25851	ENSG00000205356
TECTB	HGNC:11721	6975	ENSG00000119913
TEDC1	HGNC:20127	283643	ENSG00000185347
TEDC2	HGNC:25849	80178	ENSG00000162062
TEDDM1	HGNC:30233	127670	ENSG00000203730
TEF	HGNC:11722	7008	ENSG00000167074
TEKT2	HGNC:11725	27285	ENSG00000092850
TEKT4	HGNC:31012	150483	ENSG00000163060
TEKT5	HGNC:26554	146279	ENSG00000153060
TEKTIP1	HGNC:34496	100128569	ENSG00000183397
TEKTL1	HGNC:26866	126402	ENSG00000160994
TEN1	HGNC:37242	100134934	ENSG00000257949
TENM2	HGNC:29943	57451	ENSG00000145934
TENT2	HGNC:26776	167153	ENSG00000164329
TENT4A	HGNC:16705	11044	ENSG00000112941
TENT4B	HGNC:30758	64282	ENSG00000121274
TENT5B	HGNC:28273	115572	ENSG00000158246
TENT5C	HGNC:24712	54855	ENSG00000183508
TENT5D	HGNC:28399	169966	ENSG00000174016
TEP1	HGNC:11726	7011	ENSG00000129566
TEPSIN	HGNC:26458	146705	ENSG00000167302
TERF1	HGNC:11728	7013	ENSG00000147601
TERF2	HGNC:11729	7014	ENSG00000132604
TES	HGNC:14620	26136	ENSG00000135269
TESC	HGNC:26065	54997	ENSG00000088992
TESK1	HGNC:11731	7016	ENSG00000107140
TESK2	HGNC:11732	10420	ENSG00000070759
TESMIN	HGNC:7446	9633	ENSG00000132749
TESPA1	HGNC:29109	9840	ENSG00000135426
TET1	HGNC:29484	80312	ENSG00000138336
TEX2	HGNC:30884	55852	ENSG00000136478
TEX9	HGNC:29585	374618	ENSG00000151575
TEX10	HGNC:25988	54881	ENSG00000136891
TEX12	HGNC:11734	56158	ENSG00000150783
TEX13A	HGNC:11735	56157	ENSG00000268629
TEX13B	HGNC:11736	56156	ENSG00000170925
TEX13C	HGNC:52277	100129520	ENSG00000282815
TEX13D	HGNC:52278	100132015	ENSG00000282419
TEX19	HGNC:33802	400629	ENSG00000182459
TEX22	HGNC:40026	647310	ENSG00000226174
TEX26	HGNC:28622	122046	ENSG00000175664
TEX28	HGNC:2563	1527	ENSG00000278057
TEX29	HGNC:20370	121793	ENSG00000153495
TEX30	HGNC:25188	93081	ENSG00000151287
TEX35	HGNC:25366	84066	ENSG00000240021
TEX36	HGNC:31653	387718	ENSG00000175018
TEX38	HGNC:29589	374973	ENSG00000186118
TEX44	HGNC:28563	165100	ENSG00000177673
TEX46	HGNC:44651	729059	ENSG00000227868
TEX47	HGNC:22402	219557	ENSG00000164645
TEX48	HGNC:52393	100505478	ENSG00000230601
TEX50	HGNC:52382	730159	ENSG00000232113
TEX51	HGNC:52387	101929926	ENSG00000237524
TEX52	HGNC:53643	101929469	ENSG00000283297
TEX53	HGNC:53655	105376230	ENSG00000230054
TEX54	HGNC:53729	111216277	ENSG00000283268
TEX55	HGNC:26553	152405	ENSG00000163424
TEX101	HGNC:30722	83639	ENSG00000131126
TEX261	HGNC:30712	113419	ENSG00000144043
TEX264	HGNC:30247	51368	ENSG00000164081
TFAP2C	HGNC:11744	7022	ENSG00000087510
TFAP2D	HGNC:15581	83741	ENSG00000008197
TFAP2E	HGNC:30774	339488	ENSG00000116819
TFAP4	HGNC:11745	7023	ENSG00000090447
TFB2M	HGNC:18559	64216	ENSG00000162851
TFCP2	HGNC:11748	7024	ENSG00000135457
TFCP2L1	HGNC:17925	29842	ENSG00000115112
TFDP1	HGNC:11749	7027	ENSG00000198176
TFDP2	HGNC:11751	7029	ENSG00000114126
TFDP3	HGNC:24603	51270	ENSG00000183434
TFEC	HGNC:11754	22797	ENSG00000105967
TFF1	HGNC:11755	7031	ENSG00000160182
TFF2	HGNC:11756	7032	ENSG00000160181
TFF3	HGNC:11757	7033	ENSG00000160180
TFIP11	HGNC:17165	24144	ENSG00000100109
TFPI	HGNC:11760	7035	ENSG00000003436
TFPI2	HGNC:11761	7980	ENSG00000105825
TFPT	HGNC:13630	29844	ENSG00000105619
TGFB1I1	HGNC:11767	7041	ENSG00000140682
TGFBR3L	HGNC:44152	100507588	ENSG00000260001
TGFBRAP1	HGNC:16836	9392	ENSG00000135966
TGIF2	HGNC:15764	60436	ENSG00000118707
TGIF2LX	HGNC:18570	90316	ENSG00000153779
TGIF2LY	HGNC:18569	90655	ENSG00000176679
TGM2	HGNC:11778	7052	ENSG00000198959
TGM4	HGNC:11780	7047	ENSG00000163810
TGM7	HGNC:30790	116179	ENSG00000159495
TGOLN2	HGNC:15450	10618	ENSG00000152291
TGS1	HGNC:17843	96764	ENSG00000137574
THADA	HGNC:19217	63892	ENSG00000115970
THAP2	HGNC:20854	83591	ENSG00000173451
THAP3	HGNC:20855	90326	ENSG00000041988
THAP4	HGNC:23187	51078	ENSG00000176946
THAP5	HGNC:23188	168451	ENSG00000177683
THAP6	HGNC:23189	152815	ENSG00000174796
THAP7	HGNC:23190	80764	ENSG00000184436
THAP8	HGNC:23191	199745	ENSG00000161277
THAP9	HGNC:23192	79725	ENSG00000168152
THAP10	HGNC:23193	56906	ENSG00000129028
THAP12	HGNC:9440	5612	ENSG00000137492
THBS1	HGNC:11785	7057	ENSG00000137801
THBS3	HGNC:11787	7059	ENSG00000169231
THBS4	HGNC:11788	7060	ENSG00000113296
THEM4	HGNC:17947	117145	ENSG00000159445
THEM5	HGNC:26755	284486	ENSG00000196407
THEM6	HGNC:29656	51337	ENSG00000130193
THEMIS	HGNC:21569	387357	ENSG00000172673
THEMIS2	HGNC:16839	9473	ENSG00000130775
THNSL1	HGNC:26160	79896	ENSG00000185875
THNSL2	HGNC:25602	55258	ENSG00000144115
THOC3	HGNC:19072	84321	ENSG00000051596
THOC5	HGNC:19074	8563	ENSG00000100296
THOC7	HGNC:29874	80145	ENSG00000163634
THOP1	HGNC:11793	7064	ENSG00000172009
THRAP3	HGNC:22964	9967	ENSG00000054118
THRSP	HGNC:11800	7069	ENSG00000151365
THSD7A	HGNC:22207	221981	ENSG00000005108
THSD7B	HGNC:29348	80731	ENSG00000144229
THSD8	HGNC:53785	111644133	ENSG00000284491
THTPA	HGNC:18987	79178	ENSG00000259431
THUMPD2	HGNC:14890	80745	ENSG00000138050
THUMPD3	HGNC:24493	25917	ENSG00000134077
THY1	HGNC:11801	7070	ENSG00000154096
THYN1	HGNC:29560	29087	ENSG00000151500
TIAL1	HGNC:11804	7073	ENSG00000151923
TIAM2	HGNC:11806	26230	ENSG00000146426
TICAM2	HGNC:21354	353376	ENSG00000243414
TICRR	HGNC:28704	90381	ENSG00000140534
TIFA	HGNC:19075	92610	ENSG00000145365
TIFAB	HGNC:34024	497189	ENSG00000255833
TIGAR	HGNC:1185	57103	ENSG00000078237
TIGD1	HGNC:14523	200765	ENSG00000221944
TIGD2	HGNC:18333	166815	ENSG00000180346
TIGD3	HGNC:18334	220359	ENSG00000173825
TIGD4	HGNC:18335	201798	ENSG00000169989
TIGD5	HGNC:18336	84948	ENSG00000179886
TIGD6	HGNC:18332	81789	ENSG00000164296
TIGD7	HGNC:18331	91151	ENSG00000140993
TIGIT	HGNC:26838	201633	ENSG00000181847
TIMCC	HGNC:25911	84908	ENSG00000035141
TIMD4	HGNC:25132	91937	ENSG00000145850
TIMM8B	HGNC:11818	26521	ENSG00000150779
TIMM9	HGNC:11819	26520	ENSG00000100575
TIMM10	HGNC:11814	26519	ENSG00000134809
TIMM10B	HGNC:4022	26515	ENSG00000132286
TIMM13	HGNC:11816	26517	ENSG00000099800
TIMM17A	HGNC:17315	10440	ENSG00000134375
TIMM17B	HGNC:17310	10245	ENSG00000126768
TIMM21	HGNC:25010	29090	ENSG00000075336
TIMM23	HGNC:17312	100287932	ENSG00000265354
TIMM23B	HGNC:23581	100652748	ENSG00000204152
TIMM29	HGNC:25152	90580	ENSG00000142444
TIMM44	HGNC:17316	10469	ENSG00000104980
TIMP1	HGNC:11820	7076	ENSG00000102265
TIMP2	HGNC:11821	7077	ENSG00000035862
TIMP4	HGNC:11823	7079	ENSG00000157150
TINAG	HGNC:14599	27283	ENSG00000137251
TINAGL1	HGNC:19168	64129	ENSG00000142910
TINCR	HGNC:14607	257000	ENSG00000223573
TIPARP	HGNC:23696	25976	ENSG00000163659
TIPIN	HGNC:30750	54962	ENSG00000075131
TIPRL	HGNC:30231	261726	ENSG00000143155
TJAP1	HGNC:17949	93643	ENSG00000137221
TJP3	HGNC:11829	27134	ENSG00000105289
TK1	HGNC:11830	7083	ENSG00000167900
TKTL1	HGNC:11835	8277	ENSG00000007350
TKTL2	HGNC:25313	84076	ENSG00000151005
TLCD1	HGNC:25177	116238	ENSG00000160606
TLCD2	HGNC:33522	727910	ENSG00000185561
TLCD3A	HGNC:29646	79850	ENSG00000167695
TLCD4	HGNC:26477	148534	ENSG00000152078
TLCD5	HGNC:28280	219902	ENSG00000181264
TLDC2	HGNC:16112	140711	ENSG00000101342
TLE1	HGNC:11837	7088	ENSG00000196781
TLE2	HGNC:11838	7089	ENSG00000065717
TLE3	HGNC:11839	7090	ENSG00000140332
TLE4	HGNC:11840	7091	ENSG00000106829
TLE5	HGNC:307	166	ENSG00000104964
TLE7	HGNC:53648	102723796	ENSG00000260734
TLK1	HGNC:11841	9874	ENSG00000198586
TLL2	HGNC:11844	7093	ENSG00000095587
TLN1	HGNC:11845	7094	ENSG00000137076
TLN2	HGNC:15447	83660	ENSG00000171914
TLNRD1	HGNC:13519	59274	ENSG00000140406
TLR6	HGNC:16711	10333	ENSG00000174130
TLR9	HGNC:15633	54106	ENSG00000239732
TLR10	HGNC:15634	81793	ENSG00000174123
TLX2	HGNC:5057	3196	ENSG00000115297
TM2D1	HGNC:24142	83941	ENSG00000162604
TM2D2	HGNC:24127	83877	ENSG00000169490
TM4SF1	HGNC:11853	4071	ENSG00000169908
TM4SF4	HGNC:11856	7104	ENSG00000169903
TM4SF5	HGNC:11857	9032	ENSG00000142484
TM4SF18	HGNC:25181	116441	ENSG00000163762
TM4SF19	HGNC:25167	116211	ENSG00000145107
TM6SF1	HGNC:11860	53346	ENSG00000136404
TM6SF2	HGNC:11861	53345	ENSG00000213996
TM7SF2	HGNC:11863	7108	ENSG00000149809
TM7SF3	HGNC:23049	51768	ENSG00000064115
TM9SF1	HGNC:11864	10548	ENSG00000100926
TM9SF2	HGNC:11865	9375	ENSG00000125304
TM9SF3	HGNC:21529	56889	ENSG00000077147
TM9SF4	HGNC:30797	9777	ENSG00000101337
TMA7	HGNC:26932	51372	ENSG00000232112
TMA7B	HGNC:53893	112268293	ENSG00000225528
TMA16	HGNC:25638	55319	ENSG00000198498
TMBIM1	HGNC:23410	64114	ENSG00000135926
TMBIM4	HGNC:24257	51643	ENSG00000155957
TMBIM6	HGNC:11723	7009	ENSG00000139644
TMC2	HGNC:16527	117532	ENSG00000149488
TMC3	HGNC:22995	342125	ENSG00000188869
TMC4	HGNC:22998	147798	ENSG00000167608
TMC5	HGNC:22999	79838	ENSG00000103534
TMC7	HGNC:23000	79905	ENSG00000170537
TMCC1	HGNC:29116	23023	ENSG00000172765
TMCC2	HGNC:24239	9911	ENSG00000133069
TMCC3	HGNC:29199	57458	ENSG00000057704
TMCO2	HGNC:23312	127391	ENSG00000188800
TMCO4	HGNC:27393	255104	ENSG00000162542
TMCO5A	HGNC:28558	145942	ENSG00000166069
TMCO6	HGNC:28814	55374	ENSG00000113119
TMDD1	HGNC:53646	112163659	ENSG00000284730
TMED1	HGNC:17291	11018	ENSG00000099203
TMED2	HGNC:16996	10959	ENSG00000086598
TMED3	HGNC:28889	23423	ENSG00000166557
TMED4	HGNC:22301	222068	ENSG00000158604
TMED5	HGNC:24251	50999	ENSG00000117500
TMED6	HGNC:28331	146456	ENSG00000157315
TMED7	HGNC:24253	51014	ENSG00000134970
TMED8	HGNC:18633	283578	ENSG00000100580
TMED9	HGNC:24878	54732	ENSG00000184840
TMED10	HGNC:16998	10972	ENSG00000170348
TMEFF1	HGNC:11866	8577	ENSG00000241697
TMEFF2	HGNC:11867	23671	ENSG00000144339
TMEM8B	HGNC:21427	51754	ENSG00000137103
TMEM9	HGNC:18823	252839	ENSG00000116857
TMEM9B	HGNC:1168	56674	ENSG00000175348
TMEM11	HGNC:16823	8834	ENSG00000178307
TMEM14A	HGNC:21076	28978	ENSG00000096092
TMEM14B	HGNC:21384	81853	ENSG00000137210
TMEM14C	HGNC:20952	51522	ENSG00000111843
TMEM17	HGNC:26623	200728	ENSG00000186889
TMEM18	HGNC:25257	129787	ENSG00000151353
TMEM19	HGNC:25605	55266	ENSG00000139291
TMEM25	HGNC:25890	84866	ENSG00000149582
TMEM26	HGNC:28550	219623	ENSG00000196932
TMEM31	HGNC:28601	203562	ENSG00000179363
TMEM33	HGNC:25541	55161	ENSG00000109133
TMEM35A	HGNC:25864	59353	ENSG00000126950
TMEM35B	HGNC:40021	100506144	ENSG00000243749
TMEM37	HGNC:18216	140738	ENSG00000171227
TMEM38A	HGNC:28462	79041	ENSG00000072954
TMEM39A	HGNC:25600	55254	ENSG00000176142
TMEM39B	HGNC:25510	55116	ENSG00000121775
TMEM40	HGNC:25620	55287	ENSG00000088726
TMEM41A	HGNC:30544	90407	ENSG00000163900
TMEM41B	HGNC:28948	440026	ENSG00000166471
TMEM42	HGNC:28444	131616	ENSG00000169964
TMEM44	HGNC:25120	93109	ENSG00000145014
TMEM45A	HGNC:25480	55076	ENSG00000181458
TMEM45B	HGNC:25194	120224	ENSG00000151715
TMEM47	HGNC:18515	83604	ENSG00000147027
TMEM50A	HGNC:30590	23585	ENSG00000183726
TMEM50B	HGNC:1280	757	ENSG00000142188
TMEM51	HGNC:25488	55092	ENSG00000171729
TMEM52	HGNC:27916	339456	ENSG00000178821
TMEM52B	HGNC:26438	120939	ENSG00000165685
TMEM54	HGNC:24143	113452	ENSG00000121900
TMEM59	HGNC:1239	9528	ENSG00000116209
TMEM59L	HGNC:13237	25789	ENSG00000105696
TMEM60	HGNC:21754	85025	ENSG00000135211
TMEM61	HGNC:27296	199964	ENSG00000143001
TMEM62	HGNC:26269	80021	ENSG00000137842
TMEM64	HGNC:25441	169200	ENSG00000180694
TMEM68	HGNC:26510	137695	ENSG00000167904
TMEM69	HGNC:28035	51249	ENSG00000159596
TMEM71	HGNC:26572	137835	ENSG00000165071
TMEM72	HGNC:31658	643236	ENSG00000187783
TMEM74	HGNC:26409	157753	ENSG00000164841
TMEM74B	HGNC:15893	55321	ENSG00000125895
TMEM78	HGNC:32307	677790	ENSG00000177800
TMEM79	HGNC:28196	84283	ENSG00000163472
TMEM80	HGNC:27453	283232	ENSG00000177042
TMEM81	HGNC:32349	388730	ENSG00000174529
TMEM82	HGNC:32350	388595	ENSG00000162460
TMEM86A	HGNC:26890	144110	ENSG00000151117
TMEM86B	HGNC:28448	255043	ENSG00000180089
TMEM87A	HGNC:24522	25963	ENSG00000103978
TMEM88	HGNC:32371	92162	ENSG00000167874
TMEM89	HGNC:32372	440955	ENSG00000183396
TMEM91	HGNC:32393	641649	ENSG00000142046
TMEM92	HGNC:26579	162461	ENSG00000167105
TMEM95	HGNC:27898	339168	ENSG00000182896
TMEM97	HGNC:28106	27346	ENSG00000109084
TMEM100	HGNC:25607	55273	ENSG00000166292
TMEM101	HGNC:28653	84336	ENSG00000091947
TMEM102	HGNC:26722	284114	ENSG00000181284
TMEM106A	HGNC:28288	113277	ENSG00000184988
TMEM106C	HGNC:28775	79022	ENSG00000134291
TMEM108	HGNC:28451	66000	ENSG00000144868
TMEM109	HGNC:28771	79073	ENSG00000110108
TMEM114	HGNC:33227	283953	ENSG00000232258
TMEM115	HGNC:30055	11070	ENSG00000126062
TMEM116	HGNC:25084	89894	ENSG00000198270
TMEM117	HGNC:25308	84216	ENSG00000139173
TMEM119	HGNC:27884	338773	ENSG00000183160
TMEM120A	HGNC:21697	83862	ENSG00000189077
TMEM120B	HGNC:32008	144404	ENSG00000188735
TMEM121	HGNC:20511	80757	ENSG00000184986
TMEM121B	HGNC:1844	27439	ENSG00000183307
TMEM123	HGNC:30138	114908	ENSG00000152558
TMEM125	HGNC:28275	128218	ENSG00000179178
TMEM128	HGNC:28201	85013	ENSG00000132406
TMEM129	HGNC:25137	92305	ENSG00000168936
TMEM130	HGNC:25429	222865	ENSG00000166448
TMEM131	HGNC:30366	23505	ENSG00000075568
TMEM131L	HGNC:29146	23240	ENSG00000121210
TMEM132A	HGNC:31092	54972	ENSG00000006118
TMEM132B	HGNC:29397	114795	ENSG00000139364
TMEM132C	HGNC:25436	92293	ENSG00000181234
TMEM132D	HGNC:29411	121256	ENSG00000151952
TMEM134	HGNC:26142	80194	ENSG00000172663
TMEM135	HGNC:26167	65084	ENSG00000166575
TMEM139	HGNC:22058	135932	ENSG00000178826
TMEM140	HGNC:21870	55281	ENSG00000146859
TMEM141	HGNC:28211	85014	ENSG00000244187
TMEM143	HGNC:25603	55260	ENSG00000161558
TMEM144	HGNC:25633	55314	ENSG00000164124
TMEM145	HGNC:26912	284339	ENSG00000167619
TMEM150A	HGNC:24677	129303	ENSG00000168890
TMEM150B	HGNC:34415	284417	ENSG00000180061
TMEM150C	HGNC:37263	441027	ENSG00000249242
TMEM151B	HGNC:21315	441151	ENSG00000178233
TMEM154	HGNC:26489	201799	ENSG00000170006
TMEM156	HGNC:26260	80008	ENSG00000121895
TMEM158	HGNC:30293	25907	ENSG00000249992
TMEM160	HGNC:26042	54958	ENSG00000130748
TMEM161A	HGNC:26020	54929	ENSG00000064545
TMEM161B	HGNC:28483	153396	ENSG00000164180
TMEM164	HGNC:26217	84187	ENSG00000157600
TMEM167A	HGNC:28330	153339	ENSG00000174695
TMEM167B	HGNC:30187	56900	ENSG00000215717
TMEM169	HGNC:25130	92691	ENSG00000163449
TMEM170A	HGNC:29577	124491	ENSG00000166822
TMEM170B	HGNC:34244	100113407	ENSG00000205269
TMEM171	HGNC:27031	134285	ENSG00000157111
TMEM174	HGNC:28187	134288	ENSG00000164325
TMEM175	HGNC:28709	84286	ENSG00000127419
TMEM176A	HGNC:24930	55365	ENSG00000002933
TMEM176B	HGNC:29596	28959	ENSG00000106565
TMEM177	HGNC:28143	80775	ENSG00000144120
TMEM178A	HGNC:28517	130733	ENSG00000152154
TMEM178B	HGNC:44112	100507421	ENSG00000261115
TMEM179	HGNC:20137	388021	ENSG00000258986
TMEM179B	HGNC:33744	374395	ENSG00000185475
TMEM181	HGNC:20958	57583	ENSG00000146433
TMEM182	HGNC:26391	130827	ENSG00000170417
TMEM183A	HGNC:20173	92703	ENSG00000163444
TMEM184A	HGNC:28797	202915	ENSG00000164855
TMEM184B	HGNC:1310	25829	ENSG00000198792
TMEM184C	HGNC:25587	55751	ENSG00000164168
TMEM185B	HGNC:18896	79134	ENSG00000226479
TMEM186	HGNC:24530	25880	ENSG00000184857
TMEM187	HGNC:13705	8269	ENSG00000177854
TMEM190	HGNC:29632	147744	ENSG00000160472
TMEM191B	HGNC:33600	728229	ENSG00000278558
TMEM191C	HGNC:33601	645426	ENSG00000206140
TMEM192	HGNC:26775	201931	ENSG00000170088
TMEM196	HGNC:22431	256130	ENSG00000173452
TMEM198	HGNC:33704	130612	ENSG00000188760
TMEM200A	HGNC:21075	114801	ENSG00000164484
TMEM200B	HGNC:33785	399474	ENSG00000253304
TMEM200C	HGNC:37208	645369	ENSG00000206432
TMEM201	HGNC:33719	199953	ENSG00000188807
TMEM202	HGNC:33733	338949	ENSG00000187806
TMEM203	HGNC:28217	94107	ENSG00000187713
TMEM204	HGNC:14158	79652	ENSG00000131634
TMEM205	HGNC:29631	374882	ENSG00000105518
TMEM207	HGNC:33705	131920	ENSG00000198398
TMEM208	HGNC:25015	29100	ENSG00000168701
TMEM209	HGNC:21898	84928	ENSG00000146842
TMEM210	HGNC:34059	100505993	ENSG00000185863
TMEM212	HGNC:34295	389177	ENSG00000186329
TMEM213	HGNC:27220	155006	ENSG00000214128
TMEM214	HGNC:25983	54867	ENSG00000119777
TMEM215	HGNC:33816	401498	ENSG00000188133
TMEM217	HGNC:21238	221468	ENSG00000172738
TMEM217B	HGNC:55922	121725057	ENSG00000286105
TMEM219	HGNC:25201	124446	ENSG00000149932
TMEM220	HGNC:33757	388335	ENSG00000187824
TMEM221	HGNC:21943	100130519	ENSG00000188051
TMEM223	HGNC:28464	79064	ENSG00000168569
TMEM225	HGNC:32390	338661	ENSG00000204300
TMEM225B	HGNC:53075	100289187	ENSG00000244219
TMEM229A	HGNC:37279	730130	ENSG00000234224
TMEM229B	HGNC:20130	161145	ENSG00000198133
TMEM230	HGNC:15876	29058	ENSG00000089063
TMEM232	HGNC:37270	642987	ENSG00000186952
TMEM233	HGNC:37219	387890	ENSG00000224982
TMEM234	HGNC:28837	56063	ENSG00000160055
TMEM235	HGNC:27563	283999	ENSG00000204278
TMEM236	HGNC:23473	653567	ENSG00000148483
TMEM238	HGNC:40042	388564	ENSG00000233493
TMEM238L	HGNC:44356	100289255	ENSG00000263429
TMEM239	HGNC:40044	100288797	ENSG00000198326
TMEM242	HGNC:17206	729515	ENSG00000215712
TMEM243	HGNC:21707	79161	ENSG00000135185
TMEM244	HGNC:21571	253582	ENSG00000203756
TMEM245	HGNC:1363	23731	ENSG00000106771
TMEM247	HGNC:42967	388946	ENSG00000284701
TMEM248	HGNC:25476	55069	ENSG00000106609
TMEM250	HGNC:31009	90120	ENSG00000238227
TMEM252	HGNC:28537	169693	ENSG00000181778
TMEM253	HGNC:32545	643382	ENSG00000232070
TMEM254	HGNC:25804	80195	ENSG00000133678
TMEM255A	HGNC:26086	55026	ENSG00000125355
TMEM255B	HGNC:28297	348013	ENSG00000184497
TMEM256	HGNC:28618	254863	ENSG00000205544
TMEM258	HGNC:1164	746	ENSG00000134825
TMEM259	HGNC:17039	91304	ENSG00000182087
TMEM263	HGNC:28281	90488	ENSG00000151135
TMEM265	HGNC:51241	100862671	ENSG00000281991
TMEM266	HGNC:26763	123591	ENSG00000169758
TMEM267	HGNC:26139	64417	ENSG00000151881
TMEM268	HGNC:24513	203197	ENSG00000157693
TMEM269	HGNC:52381	100129924	ENSG00000274386
TMEM271	HGNC:53639	112441426	ENSG00000273238
TMEM272	HGNC:26737	283521	ENSG00000281106
TMEM273	HGNC:27274	170371	ENSG00000204161
TMEM275	HGNC:53938	105378696	ENSG00000282881
TMEM276	HGNC:56235	84773	ENSG00000291317
TMEM278	HGNC:37099	643965	ENSG00000205116
TMF1	HGNC:11870	7110	ENSG00000144747
TMIGD1	HGNC:32431	388364	ENSG00000182271
TMIGD2	HGNC:28324	126259	ENSG00000167664
TMIGD3	HGNC:51375	57413	ENSG00000121933
TMOD2	HGNC:11872	29767	ENSG00000128872
TMOD3	HGNC:11873	29766	ENSG00000138594
TMOD4	HGNC:11874	29765	ENSG00000163157
TMPPE	HGNC:33865	643853	ENSG00000188167
TMPRSS2	HGNC:11876	7113	ENSG00000184012
TMPRSS5	HGNC:14908	80975	ENSG00000166682
TMPRSS7	HGNC:30846	344805	ENSG00000176040
TMPRSS9	HGNC:30079	360200	ENSG00000178297
TMPRSS11A	HGNC:27954	339967	ENSG00000187054
TMPRSS11B	HGNC:25398	132724	ENSG00000185873
TMPRSS11D	HGNC:24059	9407	ENSG00000153802
TMPRSS11E	HGNC:24465	28983	ENSG00000087128
TMPRSS11F	HGNC:29994	389208	ENSG00000198092
TMPRSS12	HGNC:28779	283471	ENSG00000186452
TMPRSS13	HGNC:29808	84000	ENSG00000137747
TMSB4X	HGNC:11881	7114	ENSG00000205542
TMSB4Y	HGNC:11882	9087	ENSG00000154620
TMSB10	HGNC:11879	9168	ENSG00000034510
TMSB15A	HGNC:30744	11013	ENSG00000158164
TMSB15B	HGNC:28612	286527	ENSG00000158427
TMSB15C	HGNC:55173	122394733	ENSG00000269226
TMT1A	HGNC:24550	25840	ENSG00000185432
TMT1B	HGNC:28276	196410	ENSG00000170439
TMTC1	HGNC:24099	83857	ENSG00000133687
TMUB1	HGNC:21709	83590	ENSG00000164897
TMUB2	HGNC:28459	79089	ENSG00000168591
TMX1	HGNC:15487	81542	ENSG00000139921
TMX3	HGNC:24718	54495	ENSG00000166479
TMX4	HGNC:25237	56255	ENSG00000125827
TNFAIP1	HGNC:11894	7126	ENSG00000109079
TNFAIP2	HGNC:11895	7127	ENSG00000185215
TNFAIP6	HGNC:11898	7130	ENSG00000123610
TNFAIP8	HGNC:17260	25816	ENSG00000145779
TNFAIP8L1	HGNC:28279	126282	ENSG00000185361
TNFAIP8L2	HGNC:26277	79626	ENSG00000163154
TNFAIP8L3	HGNC:20620	388121	ENSG00000183578
TNFRSF6B	HGNC:11921	8771	ENSG00000243509
TNFRSF8	HGNC:11923	943	ENSG00000120949
TNFRSF10A	HGNC:11904	8797	ENSG00000104689
TNFRSF10C	HGNC:11906	8794	ENSG00000173535
TNFRSF10D	HGNC:11907	8793	ENSG00000173530
TNFRSF12A	HGNC:18152	51330	ENSG00000006327
TNFRSF14	HGNC:11912	8764	ENSG00000157873
TNFRSF17	HGNC:11913	608	ENSG00000048462
TNFRSF18	HGNC:11914	8784	ENSG00000186891
TNFRSF19	HGNC:11915	55504	ENSG00000127863
TNFRSF21	HGNC:13469	27242	ENSG00000146072
TNFRSF25	HGNC:11910	8718	ENSG00000215788
TNFSF8	HGNC:11938	944	ENSG00000106952
TNFSF9	HGNC:11939	8744	ENSG00000125657
TNFSF10	HGNC:11925	8743	ENSG00000121858
TNFSF13B	HGNC:11929	10673	ENSG00000102524
TNFSF14	HGNC:11930	8740	ENSG00000125735
TNFSF18	HGNC:11932	8995	ENSG00000120337
TNIP2	HGNC:19118	79155	ENSG00000168884
TNIP3	HGNC:19315	79931	ENSG00000050730
TNK1	HGNC:11940	8711	ENSG00000174292
TNKS	HGNC:11941	8658	ENSG00000173273
TNKS1BP1	HGNC:19081	85456	ENSG00000149115
TNKS2	HGNC:15677	80351	ENSG00000107854
TNMD	HGNC:17757	64102	ENSG00000000005
TNN	HGNC:22942	63923	ENSG00000120332
TNP1	HGNC:11951	7141	ENSG00000118245
TNP2	HGNC:11952	7142	ENSG00000178279
TNPO1	HGNC:6401	3842	ENSG00000083312
TNRC6C	HGNC:29318	57690	ENSG00000078687
TNRC18	HGNC:11962	84629	ENSG00000182095
TNS1	HGNC:11973	7145	ENSG00000079308
TNS2	HGNC:19737	23371	ENSG00000111077
TNS3	HGNC:21616	64759	ENSG00000136205
TNS4	HGNC:24352	84951	ENSG00000131746
TOB1	HGNC:11979	10140	ENSG00000141232
TOB2	HGNC:11980	10766	ENSG00000183864
TOGARAM2	HGNC:33715	165186	ENSG00000189350
TOLLIP	HGNC:16476	54472	ENSG00000078902
TOM1L1	HGNC:11983	10040	ENSG00000141198
TOM1L2	HGNC:11984	146691	ENSG00000175662
TOMM5	HGNC:31369	401505	ENSG00000175768
TOMM6	HGNC:34528	100188893	ENSG00000214736
TOMM20	HGNC:20947	9804	ENSG00000173726
TOMM20L	HGNC:33752	387990	ENSG00000196860
TOMM22	HGNC:18002	56993	ENSG00000100216
TOMM34	HGNC:15746	10953	ENSG00000025772
TOMM40L	HGNC:25756	84134	ENSG00000158882
TOMM70	HGNC:11985	9868	ENSG00000154174
TOMT	HGNC:55527	120356740	ENSG00000284844
TOP1	HGNC:11986	7150	ENSG00000198900
TOP1MT	HGNC:29787	116447	ENSG00000184428
TOP2A	HGNC:11989	7153	ENSG00000131747
TOP3B	HGNC:11993	8940	ENSG00000100038
TOPAZ1	HGNC:24746	375337	ENSG00000173769
TOR1AIP2	HGNC:24055	163590	ENSG00000169905
TOR1B	HGNC:11995	27348	ENSG00000136816
TOR2A	HGNC:11996	27433	ENSG00000160404
TOR3A	HGNC:11997	64222	ENSG00000186283
TOR4A	HGNC:25981	54863	ENSG00000198113
TOX	HGNC:18988	9760	ENSG00000198846
TOX2	HGNC:16095	84969	ENSG00000124191
TOX3	HGNC:11972	27324	ENSG00000103460
TOX4	HGNC:20161	9878	ENSG00000092203
TP53AIP1	HGNC:29984	63970	ENSG00000120471
TP53BP1	HGNC:11999	7158	ENSG00000067369
TP53I3	HGNC:19373	9540	ENSG00000115129
TP53I11	HGNC:16842	9537	ENSG00000175274
TP53I13	HGNC:25102	90313	ENSG00000167543
TP53INP1	HGNC:18022	94241	ENSG00000164938
TP53INP2	HGNC:16104	58476	ENSG00000078804
TP53TG3	HGNC:30759	24150	ENSG00000183632
TP53TG3B	HGNC:37202	729355	ENSG00000261509
TP53TG3C	HGNC:42962	653550	ENSG00000205457
TP53TG3D	HGNC:44657	729264	ENSG00000205456
TP53TG3E	HGNC:51816	102724101	ENSG00000275034
TP53TG3F	HGNC:51817	102724127	ENSG00000278848
TP53TG5	HGNC:15856	27296	ENSG00000124251
TPBG	HGNC:12004	7162	ENSG00000146242
TPBGL	HGNC:44159	100507050	ENSG00000261594
TPCN1	HGNC:18182	53373	ENSG00000186815
TPD52	HGNC:12005	7163	ENSG00000076554
TPD52L1	HGNC:12006	7164	ENSG00000111907
TPD52L2	HGNC:12007	7165	ENSG00000101150
TPD52L3	HGNC:23382	89882	ENSG00000170777
TPGS1	HGNC:25058	91978	ENSG00000141933
TPGS2	HGNC:24561	25941	ENSG00000134779
TPH1	HGNC:12008	7166	ENSG00000129167
TPPP	HGNC:24164	11076	ENSG00000171368
TPPP2	HGNC:19293	122664	ENSG00000179636
TPPP3	HGNC:24162	51673	ENSG00000159713
TPRA1	HGNC:30413	131601	ENSG00000163870
TPRG1	HGNC:24759	285386	ENSG00000188001
TPRG1L	HGNC:27007	127262	ENSG00000158109
TPRX1	HGNC:32174	284355	ENSG00000178928
TPRX2	HGNC:32175	503627	ENSG00000259009
TPSAB1	HGNC:12019	7177	ENSG00000172236
TPSB2	HGNC:14120	64499	ENSG00000197253
TPSD1	HGNC:14118	23430	ENSG00000095917
TPSG1	HGNC:14134	25823	ENSG00000116176
TPST1	HGNC:12020	8460	ENSG00000169902
TPST2	HGNC:12021	8459	ENSG00000128294
TPT1	HGNC:12022	7178	ENSG00000133112
TPTE	HGNC:12023	7179	ENSG00000274391
TPTE2	HGNC:17299	93492	ENSG00000132958
TPX2	HGNC:1249	22974	ENSG00000088325
TRA2A	HGNC:16645	29896	ENSG00000164548
TRABD	HGNC:28805	80305	ENSG00000170638
TRABD2A	HGNC:27013	129293	ENSG00000186854
TRABD2B	HGNC:44200	388630	ENSG00000269113
TRADD	HGNC:12030	8717	ENSG00000102871
TRAF1	HGNC:12031	7185	ENSG00000056558
TRAF2	HGNC:12032	7186	ENSG00000127191
TRAF3IP3	HGNC:30766	80342	ENSG00000009790
TRAF4	HGNC:12034	9618	ENSG00000076604
TRAF5	HGNC:12035	7188	ENSG00000082512
TRAFD1	HGNC:24808	10906	ENSG00000135148
TRAK2	HGNC:13206	66008	ENSG00000115993
TRAM1	HGNC:20568	23471	ENSG00000067167
TRAM1L1	HGNC:28371	133022	ENSG00000174599
TRAM2	HGNC:16855	9697	ENSG00000065308
TRAP1	HGNC:16264	10131	ENSG00000126602
TRAPPC1	HGNC:19894	58485	ENSG00000170043
TRAPPC2B	HGNC:10710	10597	ENSG00000256060
TRAPPC3	HGNC:19942	27095	ENSG00000054116
TRAPPC3L	HGNC:21090	100128327	ENSG00000173626
TRAPPC5	HGNC:23067	126003	ENSG00000181029
TRAPPC6A	HGNC:23069	79090	ENSG00000007255
TRAPPC8	HGNC:29169	22878	ENSG00000153339
TRAPPC13	HGNC:25828	80006	ENSG00000113597
TRARG1	HGNC:29592	286753	ENSG00000184811
TRAT1	HGNC:30698	50852	ENSG00000163519
TRDMT1	HGNC:2977	1787	ENSG00000107614
TREM1	HGNC:17760	54210	ENSG00000124731
TREML1	HGNC:20434	340205	ENSG00000161911
TREML2	HGNC:21092	79865	ENSG00000112195
TREML4	HGNC:30807	285852	ENSG00000188056
TRERF1	HGNC:18273	55809	ENSG00000124496
TREX2	HGNC:12270	11219	ENSG00000183479
TRHDE	HGNC:30748	29953	ENSG00000072657
TRIAP1	HGNC:26937	51499	ENSG00000170855
TRIB1	HGNC:16891	10221	ENSG00000173334
TRIB2	HGNC:30809	28951	ENSG00000071575
TRIB3	HGNC:16228	57761	ENSG00000101255
TRIL	HGNC:22200	9865	ENSG00000255690
TRIM3	HGNC:10064	10612	ENSG00000110171
TRIM4	HGNC:16275	89122	ENSG00000146833
TRIM5	HGNC:16276	85363	ENSG00000132256
TRIM6	HGNC:16277	117854	ENSG00000121236
TRIM7	HGNC:16278	81786	ENSG00000146054
TRIM9	HGNC:16288	114088	ENSG00000100505
TRIM10	HGNC:10072	10107	ENSG00000204613
TRIM11	HGNC:16281	81559	ENSG00000154370
TRIM13	HGNC:9976	10206	ENSG00000204977
TRIM14	HGNC:16283	9830	ENSG00000106785
TRIM15	HGNC:16284	89870	ENSG00000204610
TRIM16	HGNC:17241	10626	ENSG00000221926
TRIM17	HGNC:13430	51127	ENSG00000162931
TRIM21	HGNC:11312	6737	ENSG00000132109
TRIM23	HGNC:660	373	ENSG00000113595
TRIM25	HGNC:12932	7706	ENSG00000121060
TRIM26	HGNC:12962	7726	ENSG00000234127
TRIM29	HGNC:17274	23650	ENSG00000137699
TRIM31	HGNC:16289	11074	ENSG00000204616
TRIM34	HGNC:10063	53840	ENSG00000258659
TRIM35	HGNC:16285	23087	ENSG00000104228
TRIM38	HGNC:10059	10475	ENSG00000112343
TRIM39	HGNC:10065	56658	ENSG00000204599
TRIM40	HGNC:18736	135644	ENSG00000204614
TRIM41	HGNC:19013	90933	ENSG00000146063
TRIM42	HGNC:19014	287015	ENSG00000155890
TRIM43	HGNC:19015	129868	ENSG00000144015
TRIM43B	HGNC:37146	653192	ENSG00000144010
TRIM45	HGNC:19018	80263	ENSG00000134253
TRIM46	HGNC:19019	80128	ENSG00000163462
TRIM47	HGNC:19020	91107	ENSG00000132481
TRIM48	HGNC:19021	79097	ENSG00000150244
TRIM49	HGNC:13431	57093	ENSG00000168930
TRIM49B	HGNC:42955	283116	ENSG00000182053
TRIM49C	HGNC:38877	642612	ENSG00000204449
TRIM49D1	HGNC:43973	399939	ENSG00000223417
TRIM49D2	HGNC:37217	729384	ENSG00000233802
TRIM50	HGNC:19017	135892	ENSG00000146755
TRIM51	HGNC:19023	84767	ENSG00000124900
TRIM51G	HGNC:43972	120824	ENSG00000220948
TRIM52	HGNC:19024	84851	ENSG00000183718
TRIM54	HGNC:16008	57159	ENSG00000138100
TRIM55	HGNC:14215	84675	ENSG00000147573
TRIM56	HGNC:19028	81844	ENSG00000169871
TRIM58	HGNC:24150	25893	ENSG00000162722
TRIM59	HGNC:30834	286827	ENSG00000213186
TRIM60	HGNC:21162	166655	ENSG00000176979
TRIM61	HGNC:24339	391712	ENSG00000183439
TRIM62	HGNC:25574	55223	ENSG00000116525
TRIM64	HGNC:14663	120146	ENSG00000204450
TRIM64B	HGNC:37147	642446	ENSG00000189253
TRIM64C	HGNC:37148	646754	ENSG00000214891
TRIM65	HGNC:27316	201292	ENSG00000141569
TRIM66	HGNC:29005	9866	ENSG00000166436
TRIM67	HGNC:31859	440730	ENSG00000119283
TRIM68	HGNC:21161	55128	ENSG00000167333
TRIM69	HGNC:17857	140691	ENSG00000185880
TRIM72	HGNC:32671	493829	ENSG00000177238
TRIM73	HGNC:18162	375593	ENSG00000178809
TRIM74	HGNC:17453	378108	ENSG00000155428
TRIM75	HGNC:32686	391714	ENSG00000250374
TRIM77	HGNC:34228	390231	ENSG00000214414
TRIML1	HGNC:26698	339976	ENSG00000184108
TRIML2	HGNC:26378	205860	ENSG00000179046
TRIP6	HGNC:12311	7205	ENSG00000087077
TRIP10	HGNC:12304	9322	ENSG00000125733
TRIQK	HGNC:27828	286144	ENSG00000205133
TRIR	HGNC:28424	79002	ENSG00000123144
TRMO	HGNC:30967	51531	ENSG00000136932
TRMT1L	HGNC:16782	81627	ENSG00000121486
TRMT2A	HGNC:24974	27037	ENSG00000099899
TRMT2B	HGNC:25748	79979	ENSG00000188917
TRMT6	HGNC:20900	51605	ENSG00000089195
TRMT9B	HGNC:26725	57604	ENSG00000250305
TRMT10B	HGNC:26454	158234	ENSG00000165275
TRMT11	HGNC:21080	60487	ENSG00000066651
TRMT13	HGNC:25502	54482	ENSG00000122435
TRMT44	HGNC:26653	152992	ENSG00000155275
TRMT61A	HGNC:23790	115708	ENSG00000166166
TRMT61B	HGNC:26070	55006	ENSG00000171103
TRMT112	HGNC:26940	51504	ENSG00000173113
TRNAU1AP	HGNC:30813	54952	ENSG00000180098
TRNP1	HGNC:34348	388610	ENSG00000253368
TRO	HGNC:12326	7216	ENSG00000067445
TROAP	HGNC:12327	10024	ENSG00000135451
TRPC1	HGNC:12333	7220	ENSG00000144935
TRPC4	HGNC:12336	7223	ENSG00000133107
TRPC4AP	HGNC:16181	26133	ENSG00000100991
TRPC5	HGNC:12337	7224	ENSG00000072315
TRPC5OS	HGNC:40593	100329135	ENSG00000204025
TRPC7	HGNC:20754	57113	ENSG00000069018
TRPM2	HGNC:12339	7226	ENSG00000142185
TRPM5	HGNC:14323	29850	ENSG00000070985
TRPM8	HGNC:17961	79054	ENSG00000144481
TRPT1	HGNC:20316	83707	ENSG00000149743
TRPV1	HGNC:12716	7442	ENSG00000196689
TRPV2	HGNC:18082	51393	ENSG00000187688
TRPV5	HGNC:3145	56302	ENSG00000127412
TRUB1	HGNC:16060	142940	ENSG00000165832
TRUB2	HGNC:17170	26995	ENSG00000167112
TSACC	HGNC:30636	128229	ENSG00000163467
TSBP1	HGNC:13922	10665	ENSG00000204296
TSC22D1	HGNC:16826	8848	ENSG00000102804
TSC22D2	HGNC:29095	9819	ENSG00000196428
TSC22D3	HGNC:3051	1831	ENSG00000157514
TSC22D4	HGNC:21696	81628	ENSG00000166925
TSG101	HGNC:15971	7251	ENSG00000074319
TSGA10IP	HGNC:26555	254187	ENSG00000175513
TSGA13	HGNC:12369	114960	ENSG00000213265
TSHZ2	HGNC:13010	128553	ENSG00000182463
TSHZ3	HGNC:30700	57616	ENSG00000121297
TSKS	HGNC:30719	60385	ENSG00000126467
TSKU	HGNC:28850	25987	ENSG00000182704
TSLP	HGNC:30743	85480	ENSG00000145777
TSN	HGNC:12379	7247	ENSG00000211460
TSNARE1	HGNC:26437	203062	ENSG00000171045
TSNAX	HGNC:12380	7257	ENSG00000116918
TSNAXIP1	HGNC:18586	55815	ENSG00000102904
TSPAN1	HGNC:20657	10103	ENSG00000117472
TSPAN2	HGNC:20659	10100	ENSG00000134198
TSPAN3	HGNC:17752	10099	ENSG00000140391
TSPAN4	HGNC:11859	7106	ENSG00000214063
TSPAN5	HGNC:17753	10098	ENSG00000168785
TSPAN6	HGNC:11858	7105	ENSG00000000003
TSPAN8	HGNC:11855	7103	ENSG00000127324
TSPAN9	HGNC:21640	10867	ENSG00000011105
TSPAN10	HGNC:29942	83882	ENSG00000182612
TSPAN11	HGNC:30795	441631	ENSG00000110900
TSPAN13	HGNC:21643	27075	ENSG00000106537
TSPAN14	HGNC:23303	81619	ENSG00000108219
TSPAN15	HGNC:23298	23555	ENSG00000099282
TSPAN16	HGNC:30725	26526	ENSG00000130167
TSPAN17	HGNC:13594	26262	ENSG00000048140
TSPAN18	HGNC:20660	90139	ENSG00000157570
TSPAN19	HGNC:31886	144448	ENSG00000231738
TSPAN31	HGNC:10539	6302	ENSG00000135452
TSPAN32	HGNC:13410	10077	ENSG00000064201
TSPAN33	HGNC:28743	340348	ENSG00000158457
TSPO	HGNC:1158	706	ENSG00000100300
TSPO2	HGNC:21256	222642	ENSG00000112212
TSPY2	HGNC:23924	64591	ENSG00000168757
TSPY3	HGNC:33876	728137	ENSG00000228927
TSPY4	HGNC:37287	728395	ENSG00000233803
TSPY8	HGNC:37471	728403	ENSG00000229549
TSPY9	HGNC:37472	728132	ENSG00000238074
TSPY10	HGNC:37473	100289087	ENSG00000236424
TSPYL2	HGNC:24358	64061	ENSG00000184205
TSPYL4	HGNC:21559	23270	ENSG00000187189
TSPYL5	HGNC:29367	85453	ENSG00000180543
TSPYL6	HGNC:14521	388951	ENSG00000178021
TSR1	HGNC:25542	55720	ENSG00000167721
TSR3	HGNC:14175	115939	ENSG00000007520
TSSC4	HGNC:12386	10078	ENSG00000184281
TSSK1B	HGNC:14968	83942	ENSG00000212122
TSSK2	HGNC:11401	23617	ENSG00000206203
TSSK3	HGNC:15473	81629	ENSG00000162526
TSSK4	HGNC:19825	283629	ENSG00000139908
TSSK6	HGNC:30410	83983	ENSG00000178093
TST	HGNC:12388	7263	ENSG00000128311
TSTD1	HGNC:35410	100131187	ENSG00000215845
TSTD2	HGNC:30087	158427	ENSG00000136925
TSTD3	HGNC:40910	100130890	ENSG00000279170
TTBK1	HGNC:19140	84630	ENSG00000146216
TTC1	HGNC:12391	7265	ENSG00000113312
TTC3	HGNC:12393	7267	ENSG00000182670
TTC4	HGNC:12394	7268	ENSG00000243725
TTC6	HGNC:19739	319089	ENSG00000139865
TTC7B	HGNC:19858	145567	ENSG00000165914
TTC9	HGNC:20267	23508	ENSG00000133985
TTC9B	HGNC:26395	148014	ENSG00000174521
TTC9C	HGNC:28432	283237	ENSG00000162222
TTC13	HGNC:26204	79573	ENSG00000143643
TTC14	HGNC:24697	151613	ENSG00000163728
TTC16	HGNC:26536	158248	ENSG00000167094
TTC17	HGNC:25596	55761	ENSG00000052841
TTC22	HGNC:26067	55001	ENSG00000006555
TTC23	HGNC:25730	64927	ENSG00000103852
TTC23L	HGNC:26355	153657	ENSG00000205838
TTC24	HGNC:32348	164118	ENSG00000187862
TTC27	HGNC:25986	55622	ENSG00000018699
TTC28	HGNC:29179	23331	ENSG00000100154
TTC31	HGNC:25759	64427	ENSG00000115282
TTC32	HGNC:32954	130502	ENSG00000183891
TTC33	HGNC:29959	23548	ENSG00000113638
TTC34	HGNC:34297	100287898	ENSG00000215912
TTC36	HGNC:33708	143941	ENSG00000172425
TTC38	HGNC:26082	55020	ENSG00000075234
TTC39A	HGNC:18657	22996	ENSG00000085831
TTC39B	HGNC:23704	158219	ENSG00000155158
TTC39C	HGNC:26595	125488	ENSG00000168234
TTF1	HGNC:12397	7270	ENSG00000125482
TTF2	HGNC:12398	8458	ENSG00000116830
TTK	HGNC:12401	7272	ENSG00000112742
TTL	HGNC:21586	150465	ENSG00000114999
TTLL1	HGNC:1312	25809	ENSG00000100271
TTLL2	HGNC:21211	83887	ENSG00000120440
TTLL3	HGNC:24483	26140	ENSG00000214021
TTLL4	HGNC:28976	9654	ENSG00000135912
TTLL6	HGNC:26664	284076	ENSG00000170703
TTLL7	HGNC:26242	79739	ENSG00000137941
TTLL8	HGNC:34000	164714	ENSG00000138892
TTLL9	HGNC:16118	164395	ENSG00000131044
TTLL10	HGNC:26693	254173	ENSG00000162571
TTLL11	HGNC:18113	158135	ENSG00000175764
TTLL12	HGNC:28974	23170	ENSG00000100304
TTLL13	HGNC:32484	440307	ENSG00000213471
TTPAL	HGNC:16114	79183	ENSG00000124120
TTYH1	HGNC:13476	57348	ENSG00000167614
TTYH2	HGNC:13877	94015	ENSG00000141540
TTYH3	HGNC:22222	80727	ENSG00000136295
TUBA1B	HGNC:18809	10376	ENSG00000123416
TUBA3C	HGNC:12408	7278	ENSG00000198033
TUBA3E	HGNC:20765	112714	ENSG00000152086
TUBA4B	HGNC:18637	80086	ENSG00000243910
TUBAL3	HGNC:23534	79861	ENSG00000178462
TUBB8B	HGNC:24983	260334	ENSG00000173213
TUBD1	HGNC:16811	51174	ENSG00000108423
TUBE1	HGNC:20775	51175	ENSG00000074935
TUBG2	HGNC:12419	27175	ENSG00000037042
TUBGCP3	HGNC:18598	10426	ENSG00000126216
TUBGCP5	HGNC:18600	114791	ENSG00000275835
TUG1	HGNC:26066	55000	ENSG00000253352
TULP2	HGNC:12424	7288	ENSG00000104804
TULP4	HGNC:15530	56995	ENSG00000130338
TUNAR	HGNC:44088	100507043	ENSG00000250366
TUSC1	HGNC:31010	286319	ENSG00000198680
TUSC2	HGNC:17034	11334	ENSG00000114383
TUT1	HGNC:26184	64852	ENSG00000149016
TUT4	HGNC:28981	23318	ENSG00000134744
TUT7	HGNC:25817	79670	ENSG00000083223
TVP23A	HGNC:20398	780776	ENSG00000166676
TVP23B	HGNC:20399	51030	ENSG00000171928
TVP23C	HGNC:30453	201158	ENSG00000175106
TWF1	HGNC:9620	5756	ENSG00000151239
TWF2	HGNC:9621	11344	ENSG00000247596
TWSG1	HGNC:12429	57045	ENSG00000128791
TXK	HGNC:12434	7294	ENSG00000074966
TXLNA	HGNC:30685	200081	ENSG00000084652
TXLNB	HGNC:21617	167838	ENSG00000164440
TXLNG	HGNC:18578	55787	ENSG00000086712
TXN	HGNC:12435	7295	ENSG00000136810
TXNDC2	HGNC:16470	84203	ENSG00000168454
TXNDC5	HGNC:21073	81567	ENSG00000239264
TXNDC8	HGNC:31454	255220	ENSG00000204193
TXNDC9	HGNC:24110	10190	ENSG00000115514
TXNDC11	HGNC:28030	51061	ENSG00000153066
TXNDC12	HGNC:24626	51060	ENSG00000117862
TXNDC16	HGNC:19965	57544	ENSG00000087301
TXNDC17	HGNC:28218	84817	ENSG00000129235
TXNIP	HGNC:16952	10628	ENSG00000265972
TXNL1	HGNC:12436	9352	ENSG00000091164
TXNL4B	HGNC:26041	54957	ENSG00000140830
TXNRD1	HGNC:12437	7296	ENSG00000198431
TXNRD3	HGNC:20667	114112	ENSG00000197763
TYRO3	HGNC:12446	7301	ENSG00000092445
TYSND1	HGNC:28531	219743	ENSG00000156521
TYW1	HGNC:25598	55253	ENSG00000198874
TYW1B	HGNC:33908	441250	ENSG00000277149
TYW2	HGNC:26091	55039	ENSG00000183665
TYW3	HGNC:24757	127253	ENSG00000162623
TYW5	HGNC:26754	129450	ENSG00000162971
TZMP1	HGNC:31420	100129250	ENSG00000235453
U2AF1	HGNC:12453	7307	ENSG00000160201
U2AF1L4	HGNC:23020	199746	ENSG00000161265
U2AF2	HGNC:23156	11338	ENSG00000063244
U2SURP	HGNC:30855	23350	ENSG00000163714
UACA	HGNC:15947	55075	ENSG00000137831
UAP1	HGNC:12457	6675	ENSG00000117143
UAP1L1	HGNC:28082	91373	ENSG00000197355
UBA3	HGNC:12470	9039	ENSG00000144744
UBA6	HGNC:25581	55236	ENSG00000033178
UBA7	HGNC:12471	7318	ENSG00000182179
UBA52	HGNC:12458	7311	ENSG00000221983
UBAC1	HGNC:30221	10422	ENSG00000130560
UBALD1	HGNC:29576	124402	ENSG00000153443
UBALD2	HGNC:28438	283991	ENSG00000185262
UBAP2	HGNC:14185	55833	ENSG00000137073
UBASH3A	HGNC:12462	53347	ENSG00000160185
UBASH3B	HGNC:29884	84959	ENSG00000154127
UBC	HGNC:12468	7316	ENSG00000150991
UBD	HGNC:18795	10537	ENSG00000213886
UBE2B	HGNC:12473	7320	ENSG00000119048
UBE2C	HGNC:15937	11065	ENSG00000175063
UBE2D1	HGNC:12474	7321	ENSG00000072401
UBE2D2	HGNC:12475	7322	ENSG00000131508
UBE2D3	HGNC:12476	7323	ENSG00000109332
UBE2D4	HGNC:21647	51619	ENSG00000078967
UBE2E1	HGNC:12477	7324	ENSG00000170142
UBE2E2	HGNC:12478	7325	ENSG00000182247
UBE2E3	HGNC:12479	10477	ENSG00000170035
UBE2F	HGNC:12480	140739	ENSG00000184182
UBE2G1	HGNC:12482	7326	ENSG00000132388
UBE2G2	HGNC:12483	7327	ENSG00000184787
UBE2H	HGNC:12484	7328	ENSG00000186591
UBE2I	HGNC:12485	7329	ENSG00000103275
UBE2J1	HGNC:17598	51465	ENSG00000198833
UBE2J2	HGNC:19268	118424	ENSG00000160087
UBE2K	HGNC:4914	3093	ENSG00000078140
UBE2L5	HGNC:13477	171222	ENSG00000236444
UBE2L6	HGNC:12490	9246	ENSG00000156587
UBE2M	HGNC:12491	9040	ENSG00000130725
UBE2N	HGNC:12492	7334	ENSG00000177889
UBE2NL	HGNC:31710	389898	ENSG00000276380
UBE2O	HGNC:29554	63893	ENSG00000175931
UBE2Q1	HGNC:15698	55585	ENSG00000160714
UBE2Q2	HGNC:19248	92912	ENSG00000140367
UBE2QL1	HGNC:37269	134111	ENSG00000215218
UBE2R2	HGNC:19907	54926	ENSG00000107341
UBE2S	HGNC:17895	27338	ENSG00000108106
UBE2U	HGNC:28559	148581	ENSG00000177414
UBE2V1	HGNC:12494	7335	ENSG00000244687
UBE2V2	HGNC:12495	7336	ENSG00000169139
UBE2W	HGNC:25616	55284	ENSG00000104343
UBE2Z	HGNC:25847	65264	ENSG00000159202
UBE3D	HGNC:21381	90025	ENSG00000118420
UBFD1	HGNC:30565	56061	ENSG00000103353
UBL3	HGNC:12504	5412	ENSG00000122042
UBL4A	HGNC:12505	8266	ENSG00000102178
UBL4B	HGNC:32309	164153	ENSG00000186150
UBL5	HGNC:13736	59286	ENSG00000198258
UBL7	HGNC:28221	84993	ENSG00000138629
UBLCP1	HGNC:28110	134510	ENSG00000164332
UBN1	HGNC:12506	29855	ENSG00000118900
UBN2	HGNC:21931	254048	ENSG00000157741
UBOX5	HGNC:17777	22888	ENSG00000185019
UBP1	HGNC:12507	7342	ENSG00000153560
UBQLN1	HGNC:12508	29979	ENSG00000135018
UBQLN3	HGNC:12510	50613	ENSG00000175520
UBQLN4	HGNC:1237	56893	ENSG00000160803
UBQLNL	HGNC:28294	143630	ENSG00000175518
UBR2	HGNC:21289	23304	ENSG00000024048
UBR3	HGNC:30467	130507	ENSG00000144357
UBR4	HGNC:30313	23352	ENSG00000127481
UBTD1	HGNC:25683	80019	ENSG00000165886
UBTD2	HGNC:24463	92181	ENSG00000168246
UBTFL1	HGNC:14533	642623	ENSG00000255009
UBXN1	HGNC:18402	51035	ENSG00000162191
UBXN2A	HGNC:27265	165324	ENSG00000173960
UBXN2B	HGNC:27035	137886	ENSG00000215114
UBXN4	HGNC:14860	23190	ENSG00000144224
UBXN6	HGNC:14928	80700	ENSG00000167671
UBXN7	HGNC:29119	26043	ENSG00000163960
UBXN8	HGNC:30307	7993	ENSG00000104691
UBXN10	HGNC:26354	127733	ENSG00000162543
UBXN11	HGNC:30600	91544	ENSG00000158062
UCHL3	HGNC:12515	7347	ENSG00000118939
UCHL5	HGNC:19678	51377	ENSG00000116750
UCK1	HGNC:14859	83549	ENSG00000130717
UCK2	HGNC:12562	7371	ENSG00000143179
UCKL1	HGNC:15938	54963	ENSG00000198276
UCMA	HGNC:25205	221044	ENSG00000165623
UCN	HGNC:12516	7349	ENSG00000163794
UCN2	HGNC:18414	90226	ENSG00000145040
UCN3	HGNC:17781	114131	ENSG00000178473
UCP1	HGNC:12517	7350	ENSG00000109424
UEVLD	HGNC:30866	55293	ENSG00000151116
UFL1	HGNC:23039	23376	ENSG00000014123
UFSP1	HGNC:33821	402682	ENSG00000176125
UGCG	HGNC:12524	7357	ENSG00000148154
UGGT2	HGNC:15664	55757	ENSG00000102595
UGT1A	HGNC:12529	7361	
UGT2A1	HGNC:12542	10941	ENSG00000173610
UGT2A3	HGNC:28528	79799	ENSG00000135220
UGT2B4	HGNC:12553	7363	ENSG00000156096
UGT2B7	HGNC:12554	7364	ENSG00000171234
UGT2B10	HGNC:12544	7365	ENSG00000109181
UGT2B11	HGNC:12545	10720	ENSG00000213759
UGT2B15	HGNC:12546	7366	ENSG00000196620
UGT2B28	HGNC:13479	54490	ENSG00000135226
UGT3A1	HGNC:26625	133688	ENSG00000145626
UGT3A2	HGNC:27266	167127	ENSG00000168671
UGT8	HGNC:12555	7368	ENSG00000174607
UHMK1	HGNC:19683	127933	ENSG00000152332
UHRF2	HGNC:12557	115426	ENSG00000147854
UIMC1	HGNC:30298	51720	ENSG00000087206
ULBP1	HGNC:14893	80329	ENSG00000111981
ULBP2	HGNC:14894	80328	ENSG00000131015
ULBP3	HGNC:14895	79465	ENSG00000131019
ULK1	HGNC:12558	8408	ENSG00000177169
ULK2	HGNC:13480	9706	ENSG00000083290
ULK3	HGNC:19703	25989	ENSG00000140474
ULK4	HGNC:15784	54986	ENSG00000168038
UMAD1	HGNC:48955	729852	ENSG00000219545
UMODL1	HGNC:12560	89766	ENSG00000177398
UNC5A	HGNC:12567	90249	ENSG00000113763
UNC5B	HGNC:12568	219699	ENSG00000107731
UNC5C	HGNC:12569	8633	ENSG00000182168
UNC5CL	HGNC:21203	222643	ENSG00000124602
UNC5D	HGNC:18634	137970	ENSG00000156687
UNC13B	HGNC:12566	10497	ENSG00000198722
UNC13C	HGNC:23149	440279	ENSG00000137766
UNC50	HGNC:16046	25972	ENSG00000115446
UNC79	HGNC:19966	57578	ENSG00000133958
UNC93A	HGNC:12570	54346	ENSG00000112494
UNC119B	HGNC:16488	84747	ENSG00000175970
UNCX	HGNC:33194	340260	ENSG00000164853
UNK	HGNC:29369	85451	ENSG00000132478
UNKL	HGNC:14184	64718	ENSG00000059145
UPF2	HGNC:17854	26019	ENSG00000151461
UPF3A	HGNC:20332	65110	ENSG00000169062
UPK1A	HGNC:12577	11045	ENSG00000105668
UPK1B	HGNC:12578	7348	ENSG00000114638
UPK2	HGNC:12579	7379	ENSG00000110375
UPK3B	HGNC:21444	105375355	ENSG00000243566
UPK3BL1	HGNC:37278	100134938	ENSG00000267368
UPK3BL2	HGNC:53444	107983993	ENSG00000284981
UPP1	HGNC:12576	7378	ENSG00000183696
UPP2	HGNC:23061	151531	ENSG00000007001
UPRT	HGNC:28334	139596	ENSG00000094841
UQCC1	HGNC:15891	55245	ENSG00000101019
UQCC4	HGNC:27558	283951	ENSG00000174109
UQCC5	HGNC:37257	440957	ENSG00000168273
UQCC6	HGNC:34450	728568	ENSG00000204954
UQCR10	HGNC:30863	29796	ENSG00000184076
UQCR11	HGNC:30862	10975	ENSG00000127540
UQCRHL	HGNC:51714	440567	ENSG00000233954
URAD	HGNC:17785	646625	ENSG00000183463
URB1	HGNC:17344	9875	ENSG00000142207
URB2	HGNC:28967	9816	ENSG00000135763
URGCP	HGNC:30890	55665	ENSG00000106608
URI1	HGNC:13236	8725	ENSG00000105176
URM1	HGNC:28378	81605	ENSG00000167118
USE1	HGNC:30882	55850	ENSG00000053501
USF2	HGNC:12594	7392	ENSG00000105698
USHBP1	HGNC:24058	83878	ENSG00000130307
USO1	HGNC:30904	8615	ENSG00000138768
USP1	HGNC:12607	7398	ENSG00000162607
USP2	HGNC:12618	9099	ENSG00000036672
USP3	HGNC:12626	9960	ENSG00000140455
USP4	HGNC:12627	7375	ENSG00000114316
USP5	HGNC:12628	8078	ENSG00000111667
USP6NL	HGNC:16858	9712	ENSG00000148429
USP10	HGNC:12608	9100	ENSG00000103194
USP11	HGNC:12609	8237	ENSG00000102226
USP12	HGNC:20485	219333	ENSG00000152484
USP13	HGNC:12611	8975	ENSG00000058056
USP14	HGNC:12612	9097	ENSG00000101557
USP15	HGNC:12613	9958	ENSG00000135655
USP16	HGNC:12614	10600	ENSG00000156256
USP17L1	HGNC:37182	401447	ENSG00000230549
USP17L2	HGNC:34434	377630	ENSG00000223443
USP17L3	HGNC:37175	645836	ENSG00000225327
USP17L4	HGNC:37176	645402	ENSG00000236125
USP17L5	HGNC:37177	728386	ENSG00000227140
USP17L7	HGNC:37180	392197	ENSG00000226430
USP17L8	HGNC:37181	392188	ENSG00000237038
USP17L10	HGNC:44438	100287144	ENSG00000231396
USP17L11	HGNC:44439	100287178	ENSG00000233136
USP17L12	HGNC:44440	100287205	ENSG00000227551
USP17L13	HGNC:44441	100287238	ENSG00000232399
USP17L15	HGNC:44443	100288520	ENSG00000223569
USP17L17	HGNC:44445	100287327	ENSG00000249104
USP17L18	HGNC:44446	100287364	ENSG00000250844
USP17L19	HGNC:44447	100287404	ENSG00000248920
USP17L20	HGNC:44448	100287441	ENSG00000250745
USP17L21	HGNC:44449	100287478	ENSG00000249811
USP17L22	HGNC:44450	100287513	ENSG00000248933
USP17L23	HGNC:44451	101241878	ENSG00000250913
USP17L24	HGNC:44453	728369	ENSG00000232264
USP17L25	HGNC:44452	728373	ENSG00000230430
USP17L26	HGNC:44454	728379	ENSG00000229579
USP17L27	HGNC:44455	728393	ENSG00000235780
USP17L28	HGNC:44456	728400	ENSG00000231051
USP17L29	HGNC:44457	728405	ENSG00000231637
USP17L30	HGNC:44458	728419	ENSG00000228856
USP19	HGNC:12617	10869	ENSG00000172046
USP20	HGNC:12619	10868	ENSG00000136878
USP21	HGNC:12620	27005	ENSG00000143258
USP22	HGNC:12621	23326	ENSG00000124422
USP24	HGNC:12623	23358	ENSG00000162402
USP28	HGNC:12625	57646	ENSG00000048028
USP29	HGNC:18563	57663	ENSG00000131864
USP30	HGNC:20065	84749	ENSG00000135093
USP31	HGNC:20060	57478	ENSG00000103404
USP32	HGNC:19143	84669	ENSG00000170832
USP33	HGNC:20059	23032	ENSG00000077254
USP35	HGNC:20061	57558	ENSG00000118369
USP36	HGNC:20062	57602	ENSG00000055483
USP37	HGNC:20063	57695	ENSG00000135913
USP38	HGNC:20067	84640	ENSG00000170185
USP39	HGNC:20071	10713	ENSG00000168883
USP40	HGNC:20069	55230	ENSG00000085982
USP42	HGNC:20068	84132	ENSG00000106346
USP43	HGNC:20072	124739	ENSG00000154914
USP46	HGNC:20075	64854	ENSG00000109189
USP47	HGNC:20076	55031	ENSG00000170242
USP49	HGNC:20078	25862	ENSG00000164663
USP50	HGNC:20079	373509	ENSG00000170236
USP51	HGNC:23086	158880	ENSG00000247746
USP54	HGNC:23513	159195	ENSG00000166348
USPL1	HGNC:20294	10208	ENSG00000132952
UST	HGNC:17223	10090	ENSG00000111962
UTF1	HGNC:12634	8433	ENSG00000171794
UTP3	HGNC:24477	57050	ENSG00000132467
UTP6	HGNC:18279	55813	ENSG00000108651
UTP11	HGNC:24329	51118	ENSG00000183520
UTP14A	HGNC:10665	10813	ENSG00000156697
UTP14C	HGNC:20321	9724	ENSG00000253797
UTP15	HGNC:25758	84135	ENSG00000164338
UTP18	HGNC:24274	51096	ENSG00000011260
UTP20	HGNC:17897	27340	ENSG00000120800
UTP23	HGNC:28224	84294	ENSG00000147679
UTP25	HGNC:28440	27042	ENSG00000117597
UTRN	HGNC:12635	7402	ENSG00000152818
UTS2	HGNC:12636	10911	ENSG00000049247
UTS2B	HGNC:30894	257313	ENSG00000188958
UTS2R	HGNC:4468	2837	ENSG00000181408
UTY	HGNC:12638	7404	ENSG00000183878
UVRAG	HGNC:12640	7405	ENSG00000198382
UXS1	HGNC:17729	80146	ENSG00000115652
UXT	HGNC:12641	8409	ENSG00000126756
VAMP3	HGNC:12644	9341	ENSG00000049245
VAMP4	HGNC:12645	8674	ENSG00000117533
VAMP5	HGNC:12646	10791	ENSG00000168899
VAMP8	HGNC:12647	8673	ENSG00000118640
VAPA	HGNC:12648	9218	ENSG00000101558
VASH1	HGNC:19964	22846	ENSG00000071246
VASH2	HGNC:25723	79805	ENSG00000143494
VASN	HGNC:18517	114990	ENSG00000168140
VASP	HGNC:12652	7408	ENSG00000125753
VAT1	HGNC:16919	10493	ENSG00000108828
VAT1L	HGNC:29315	57687	ENSG00000171724
VAV1	HGNC:12657	7409	ENSG00000141968
VAV2	HGNC:12658	7410	ENSG00000160293
VAV3	HGNC:12659	10451	ENSG00000134215
VAX2	HGNC:12661	25806	ENSG00000116035
VBP1	HGNC:12662	7411	ENSG00000155959
VCAM1	HGNC:12663	7412	ENSG00000162692
VCF1	HGNC:25918	84923	ENSG00000133193
VCF2	HGNC:25085	90736	ENSG00000182518
VCPIP1	HGNC:30897	80124	ENSG00000175073
VCPKMT	HGNC:20352	79609	ENSG00000100483
VCX	HGNC:12667	26609	ENSG00000182583
VCX2	HGNC:18158	51480	ENSG00000177504
VCX3A	HGNC:18159	51481	ENSG00000169059
VCX3B	HGNC:31838	425054	ENSG00000205642
VCY1B	HGNC:31751	353513	ENSG00000129862
VDAC1	HGNC:12669	7416	ENSG00000213585
VDAC2	HGNC:12672	7417	ENSG00000165637
VDAC3	HGNC:12674	7419	ENSG00000078668
VEGFB	HGNC:12681	7423	ENSG00000173511
VEGFD	HGNC:3708	2277	ENSG00000165197
VENTX	HGNC:13639	27287	ENSG00000151650
VEPH1	HGNC:25735	79674	ENSG00000197415
VEZT	HGNC:18258	55591	ENSG00000028203
VGF	HGNC:12684	7425	ENSG00000128564
VGLL1	HGNC:20985	51442	ENSG00000102243
VGLL2	HGNC:20232	245806	ENSG00000170162
VGLL3	HGNC:24327	389136	ENSG00000206538
VGLL4	HGNC:28966	9686	ENSG00000144560
VHLL	HGNC:30666	391104	ENSG00000189030
VIL1	HGNC:12690	7429	ENSG00000127831
VILL	HGNC:30906	50853	ENSG00000136059
VIP	HGNC:12693	7432	ENSG00000146469
VIPR1	HGNC:12694	7433	ENSG00000114812
VIPR2	HGNC:12695	7434	ENSG00000106018
VIRMA	HGNC:24500	25962	ENSG00000164944
VIT	HGNC:12697	5212	ENSG00000205221
VKORC1L1	HGNC:21492	154807	ENSG00000196715
VMAC	HGNC:33803	400673	ENSG00000187650
VMO1	HGNC:30387	284013	ENSG00000182853
VMP1	HGNC:29559	81671	ENSG00000062716
VN1R1	HGNC:13548	57191	ENSG00000178201
VN1R2	HGNC:19872	317701	ENSG00000196131
VN1R4	HGNC:19871	317703	ENSG00000228567
VN1R5	HGNC:19870	317705	ENSG00000197617
VNN2	HGNC:12706	8875	ENSG00000112303
VOPP1	HGNC:34518	81552	ENSG00000154978
VPREB1	HGNC:12709	7441	ENSG00000169575
VPREB3	HGNC:12710	29802	ENSG00000128218
VPS9D1	HGNC:13526	9605	ENSG00000075399
VPS18	HGNC:15972	57617	ENSG00000104142
VPS25	HGNC:28122	84313	ENSG00000131475
VPS26A	HGNC:12711	9559	ENSG00000122958
VPS26B	HGNC:28119	112936	ENSG00000151502
VPS26C	HGNC:3044	10311	ENSG00000157538
VPS28	HGNC:18178	51160	ENSG00000160948
VPS29	HGNC:14340	51699	ENSG00000111237
VPS36	HGNC:20312	51028	ENSG00000136100
VPS37B	HGNC:25754	79720	ENSG00000139722
VPS37C	HGNC:26097	55048	ENSG00000167987
VPS39	HGNC:20593	23339	ENSG00000166887
VPS52	HGNC:10518	6293	ENSG00000223501
VPS54	HGNC:18652	51542	ENSG00000143952
VPS72	HGNC:11644	6944	ENSG00000163159
VRK2	HGNC:12719	7444	ENSG00000028116
VRK3	HGNC:18996	51231	ENSG00000105053
VRTN	HGNC:20223	55237	ENSG00000133980
VSIG1	HGNC:28675	340547	ENSG00000101842
VSIG2	HGNC:17149	23584	ENSG00000019102
VSIG4	HGNC:17032	11326	ENSG00000155659
VSIG8	HGNC:32063	391123	ENSG00000243284
VSIG10	HGNC:26078	54621	ENSG00000176834
VSIG10L	HGNC:27111	147645	ENSG00000186806
VSIG10L2	HGNC:27879	338667	ENSG00000283703
VSIR	HGNC:30085	64115	ENSG00000107738
VSNL1	HGNC:12722	7447	ENSG00000163032
VSTM1	HGNC:29455	284415	ENSG00000189068
VSTM2A	HGNC:28499	222008	ENSG00000170419
VSTM2B	HGNC:33595	342865	ENSG00000187135
VSTM2L	HGNC:16096	128434	ENSG00000132821
VSTM4	HGNC:26470	196740	ENSG00000165633
VSTM5	HGNC:34443	387804	ENSG00000214376
VTA1	HGNC:20954	51534	ENSG00000009844
VTCN1	HGNC:28873	79679	ENSG00000134258
VTI1A	HGNC:17792	143187	ENSG00000151532
VTI1B	HGNC:17793	10490	ENSG00000100568
VTN	HGNC:12724	7448	ENSG00000109072
VWA2	HGNC:24709	340706	ENSG00000165816
VWA3A	HGNC:27088	146177	ENSG00000175267
VWA5A	HGNC:6658	4013	ENSG00000110002
VWA5B1	HGNC:26538	127731	ENSG00000158816
VWA5B2	HGNC:25144	90113	ENSG00000145198
VWA7	HGNC:13939	80737	ENSG00000204396
VWC2	HGNC:30200	375567	ENSG00000188730
VWC2L	HGNC:37203	402117	ENSG00000174453
VWCE	HGNC:26487	220001	ENSG00000167992
VWDE	HGNC:21897	221806	ENSG00000146530
VXN	HGNC:28498	254778	ENSG00000169085
WAPL	HGNC:23293	23063	ENSG00000062650
WASF2	HGNC:12733	10163	ENSG00000158195
WASF3	HGNC:12734	10810	ENSG00000132970
WASHC1	HGNC:24361	100287171	ENSG00000181404
WASHC2A	HGNC:23416	387680	ENSG00000099290
WASHC2C	HGNC:23414	253725	ENSG00000172661
WASHC3	HGNC:24256	51019	ENSG00000120860
WASL	HGNC:12735	8976	ENSG00000106299
WBP1	HGNC:12737	23559	ENSG00000239779
WBP1L	HGNC:23510	54838	ENSG00000166272
WBP2NL	HGNC:28389	164684	ENSG00000183066
WDCP	HGNC:26157	80304	ENSG00000163026
WDFY1	HGNC:20451	57590	ENSG00000085449
WDFY2	HGNC:20482	115825	ENSG00000139668
WDFY4	HGNC:29323	57705	ENSG00000128815
WDHD1	HGNC:23170	11169	ENSG00000198554
WDR3	HGNC:12755	10885	ENSG00000065183
WDR5B	HGNC:17826	54554	ENSG00000196981
WDR6	HGNC:12758	11180	ENSG00000178252
WDR7	HGNC:13490	23335	ENSG00000091157
WDR12	HGNC:14098	55759	ENSG00000138442
WDR13	HGNC:14352	64743	ENSG00000101940
WDR17	HGNC:16661	116966	ENSG00000150627
WDR18	HGNC:17956	57418	ENSG00000065268
WDR20	HGNC:19667	91833	ENSG00000140153
WDR24	HGNC:20852	84219	ENSG00000127580
WDR25	HGNC:21064	79446	ENSG00000176473
WDR27	HGNC:21248	253769	ENSG00000184465
WDR31	HGNC:21421	114987	ENSG00000148225
WDR33	HGNC:25651	55339	ENSG00000136709
WDR38	HGNC:23745	401551	ENSG00000136918
WDR41	HGNC:25601	55255	ENSG00000164253
WDR43	HGNC:28945	23160	ENSG00000163811
WDR44	HGNC:30512	54521	ENSG00000131725
WDR46	HGNC:13923	9277	ENSG00000227057
WDR47	HGNC:29141	22911	ENSG00000085433
WDR49	HGNC:26587	151790	ENSG00000174776
WDR53	HGNC:28786	348793	ENSG00000185798
WDR54	HGNC:25770	84058	ENSG00000005448
WDR55	HGNC:25971	54853	ENSG00000120314
WDR59	HGNC:25706	79726	ENSG00000103091
WDR64	HGNC:26570	128025	ENSG00000162843
WDR70	HGNC:25495	55100	ENSG00000082068
WDR74	HGNC:25529	54663	ENSG00000133316
WDR75	HGNC:25725	84128	ENSG00000115368
WDR76	HGNC:25773	79968	ENSG00000092470
WDR77	HGNC:29652	79084	ENSG00000116455
WDR82	HGNC:28826	80335	ENSG00000164091
WDR83	HGNC:32672	84292	ENSG00000123154
WDR86	HGNC:28020	349136	ENSG00000187260
WDR87	HGNC:29934	83889	ENSG00000171804
WDR88	HGNC:26999	126248	ENSG00000166359
WDR89	HGNC:20489	112840	ENSG00000140006
WDR90	HGNC:26960	197335	ENSG00000161996
WDR91	HGNC:24997	29062	ENSG00000105875
WDR93	HGNC:26924	56964	ENSG00000140527
WDR97	HGNC:26959	340390	ENSG00000179698
WDSUB1	HGNC:26697	151525	ENSG00000196151
WDTC1	HGNC:29175	23038	ENSG00000142784
WEE1	HGNC:12761	7465	ENSG00000166483
WFDC1	HGNC:15466	58189	ENSG00000103175
WFDC3	HGNC:15957	140686	ENSG00000124116
WFDC5	HGNC:20477	149708	ENSG00000175121
WFDC6	HGNC:16164	140870	ENSG00000243543
WFDC8	HGNC:16163	90199	ENSG00000158901
WFDC9	HGNC:20380	259240	ENSG00000180205
WFDC10A	HGNC:16139	140832	ENSG00000180305
WFDC10B	HGNC:20479	280664	ENSG00000182931
WFDC11	HGNC:20478	259239	ENSG00000180083
WFDC12	HGNC:16115	128488	ENSG00000168703
WFDC13	HGNC:16131	164237	ENSG00000168634
WFIKKN1	HGNC:30912	117166	ENSG00000127578
WFIKKN2	HGNC:30916	124857	ENSG00000173714
WHAMM	HGNC:30493	123720	ENSG00000156232
WHR1	HGNC:11398	8859	ENSG00000204344
WIF1	HGNC:18081	11197	ENSG00000156076
WIPF2	HGNC:30923	147179	ENSG00000171475
WIPF3	HGNC:22004	644150	ENSG00000122574
WIPI1	HGNC:25471	55062	ENSG00000070540
WIZ	HGNC:30917	58525	ENSG00000011451
WNK2	HGNC:14542	65268	ENSG00000165238
WNT2	HGNC:12780	7472	ENSG00000105989
WNT5B	HGNC:16265	81029	ENSG00000111186
WNT6	HGNC:12785	7475	ENSG00000115596
WNT8A	HGNC:12788	7478	ENSG00000061492
WNT8B	HGNC:12789	7479	ENSG00000075290
WNT9A	HGNC:12778	7483	ENSG00000143816
WNT11	HGNC:12776	7481	ENSG00000085741
WNT16	HGNC:16267	51384	ENSG00000002745
WRAP73	HGNC:12759	49856	ENSG00000116213
WRNIP1	HGNC:20876	56897	ENSG00000124535
WSB1	HGNC:19221	26118	ENSG00000109046
WSB2	HGNC:19222	55884	ENSG00000176871
WSCD1	HGNC:29060	23302	ENSG00000179314
WSCD2	HGNC:29117	9671	ENSG00000075035
WTAP	HGNC:16846	9589	ENSG00000146457
WTIP	HGNC:20964	126374	ENSG00000142279
WWC2	HGNC:24148	80014	ENSG00000151718
WWC3	HGNC:29237	55841	ENSG00000047644
WWP1	HGNC:17004	11059	ENSG00000123124
WWP2	HGNC:16804	11060	ENSG00000198373
XAB2	HGNC:14089	56949	ENSG00000076924
XAF1	HGNC:30932	54739	ENSG00000132530
XAGE1A	HGNC:4111	653220	ENSG00000204379
XAGE1B	HGNC:25400	653067	ENSG00000204382
XAGE2	HGNC:4112	9502	ENSG00000155622
XAGE3	HGNC:14618	170626	ENSG00000171402
XAGE5	HGNC:30930	170627	ENSG00000171405
XCL1	HGNC:10645	6375	ENSG00000143184
XCL2	HGNC:10646	6846	ENSG00000143185
XCR1	HGNC:1625	2829	ENSG00000173578
XG	HGNC:12806	7499	ENSG00000124343
XIRP1	HGNC:14301	165904	ENSG00000168334
XIRP2	HGNC:14303	129446	ENSG00000163092
XKR3	HGNC:28778	150165	ENSG00000172967
XKR4	HGNC:29394	114786	ENSG00000206579
XKR5	HGNC:20782	389610	ENSG00000275591
XKR6	HGNC:27806	286046	ENSG00000171044
XKR7	HGNC:23062	343702	ENSG00000260903
XKR8	HGNC:25508	55113	ENSG00000158156
XKR9	HGNC:20937	389668	ENSG00000221947
XKRX	HGNC:29845	402415	ENSG00000182489
XNDC1N	HGNC:54661	100133315	ENSG00000254469
XPNPEP1	HGNC:12822	7511	ENSG00000108039
XPO4	HGNC:17796	64328	ENSG00000132953
XPO5	HGNC:17675	57510	ENSG00000124571
XPO6	HGNC:19733	23214	ENSG00000169180
XPO7	HGNC:14108	23039	ENSG00000130227
XPOT	HGNC:12826	11260	ENSG00000184575
XRCC5	HGNC:12833	7520	ENSG00000079246
XRCC6	HGNC:4055	2547	ENSG00000196419
XRN1	HGNC:30654	54464	ENSG00000114127
XRN2	HGNC:12836	22803	ENSG00000088930
XRRA1	HGNC:18868	143570	ENSG00000166435
XTBD1	HGNC:30545	91368	ENSG00000237190
XXYLT1	HGNC:26639	152002	ENSG00000173950
XYLB	HGNC:12839	9942	ENSG00000093217
YAE1	HGNC:24857	57002	ENSG00000241127
YAF2	HGNC:17363	10138	ENSG00000015153
YBEY	HGNC:1299	54059	ENSG00000182362
YBX1	HGNC:8014	4904	ENSG00000065978
YBX2	HGNC:17948	51087	ENSG00000006047
YBX3	HGNC:2428	8531	ENSG00000060138
YDJC	HGNC:27158	150223	ENSG00000161179
YEATS4	HGNC:24859	8089	ENSG00000127337
YES1	HGNC:12841	7525	ENSG00000176105
YIF1A	HGNC:16688	10897	ENSG00000174851
YIPF1	HGNC:25231	54432	ENSG00000058799
YIPF2	HGNC:28476	78992	ENSG00000130733
YIPF3	HGNC:21023	25844	ENSG00000137207
YIPF4	HGNC:28145	84272	ENSG00000119820
YIPF6	HGNC:28304	286451	ENSG00000181704
YIPF7	HGNC:26825	285525	ENSG00000177752
YJEFN3	HGNC:24785	374887	ENSG00000250067
YJU2	HGNC:25518	55702	ENSG00000105248
YJU2B	HGNC:28118	81576	ENSG00000104957
YKT6	HGNC:16959	10652	ENSG00000106636
YLPM1	HGNC:17798	56252	ENSG00000119596
YOD1	HGNC:25035	55432	ENSG00000180667
YPEL1	HGNC:12845	29799	ENSG00000100027
YPEL2	HGNC:18326	388403	ENSG00000175155
YPEL3	HGNC:18327	83719	ENSG00000090238
YPEL4	HGNC:18328	219539	ENSG00000166793
YPEL5	HGNC:18329	51646	ENSG00000119801
YTHDC1	HGNC:30626	91746	ENSG00000083896
YTHDC2	HGNC:24721	64848	ENSG00000047188
YTHDF1	HGNC:15867	54915	ENSG00000149658
YTHDF2	HGNC:31675	51441	ENSG00000198492
YTHDF3	HGNC:26465	253943	ENSG00000185728
YWHAB	HGNC:12849	7529	ENSG00000166913
YWHAH	HGNC:12853	7533	ENSG00000128245
YWHAQ	HGNC:12854	10971	ENSG00000134308
YY2	HGNC:31684	404281	ENSG00000230797
ZACN	HGNC:29504	353174	ENSG00000186919
ZAN	HGNC:12857	7455	ENSG00000146839
ZAR1	HGNC:20436	326340	ENSG00000182223
ZAR1L	HGNC:37116	646799	ENSG00000189167
ZBBX	HGNC:26245	79740	ENSG00000169064
ZBED1	HGNC:447	9189	ENSG00000214717
ZBED2	HGNC:20710	79413	ENSG00000177494
ZBED3	HGNC:20711	84327	ENSG00000132846
ZBED4	HGNC:20721	9889	ENSG00000100426
ZBED5	HGNC:30803	58486	ENSG00000236287
ZBED6	HGNC:33273	100381270	ENSG00000257315
ZBP1	HGNC:16176	81030	ENSG00000124256
ZBTB1	HGNC:20259	22890	ENSG00000126804
ZBTB2	HGNC:20868	57621	ENSG00000181472
ZBTB3	HGNC:22918	79842	ENSG00000185670
ZBTB4	HGNC:23847	57659	ENSG00000174282
ZBTB5	HGNC:23836	9925	ENSG00000168795
ZBTB6	HGNC:16764	10773	ENSG00000186130
ZBTB7B	HGNC:18668	51043	ENSG00000160685
ZBTB7C	HGNC:31700	201501	ENSG00000184828
ZBTB8A	HGNC:24172	653121	ENSG00000160062
ZBTB8B	HGNC:37057	728116	ENSG00000273274
ZBTB8OS	HGNC:24094	339487	ENSG00000176261
ZBTB9	HGNC:28323	221504	ENSG00000213588
ZBTB10	HGNC:30953	65986	ENSG00000205189
ZBTB12	HGNC:19066	221527	ENSG00000204366
ZBTB14	HGNC:12860	7541	ENSG00000198081
ZBTB17	HGNC:12936	7709	ENSG00000116809
ZBTB21	HGNC:13083	49854	ENSG00000173276
ZBTB22	HGNC:13085	9278	ENSG00000236104
ZBTB25	HGNC:13112	7597	ENSG00000089775
ZBTB26	HGNC:23383	57684	ENSG00000171448
ZBTB32	HGNC:16763	27033	ENSG00000011590
ZBTB33	HGNC:16682	10009	ENSG00000177485
ZBTB34	HGNC:31446	403341	ENSG00000177125
ZBTB37	HGNC:28365	84614	ENSG00000185278
ZBTB38	HGNC:26636	253461	ENSG00000177311
ZBTB39	HGNC:29014	9880	ENSG00000166860
ZBTB40	HGNC:29045	9923	ENSG00000184677
ZBTB41	HGNC:24819	360023	ENSG00000177888
ZBTB43	HGNC:17908	23099	ENSG00000169155
ZBTB44	HGNC:25001	29068	ENSG00000196323
ZBTB45	HGNC:23715	84878	ENSG00000119574
ZBTB46	HGNC:16094	140685	ENSG00000130584
ZBTB47	HGNC:26955	92999	ENSG00000114853
ZBTB48	HGNC:4930	3104	ENSG00000204859
ZBTB49	HGNC:19883	166793	ENSG00000168826
ZC2HC1A	HGNC:24277	51101	ENSG00000104427
ZC2HC1B	HGNC:21174	153918	ENSG00000118491
ZC2HC1C	HGNC:20354	79696	ENSG00000119703
ZC3H3	HGNC:28972	23144	ENSG00000014164
ZC3H4	HGNC:17808	23211	ENSG00000130749
ZC3H6	HGNC:24762	376940	ENSG00000188177
ZC3H7A	HGNC:30959	29066	ENSG00000122299
ZC3H7B	HGNC:30869	23264	ENSG00000100403
ZC3H8	HGNC:30941	84524	ENSG00000144161
ZC3H10	HGNC:25893	84872	ENSG00000135482
ZC3H11A	HGNC:29093	9877	ENSG00000058673
ZC3H11B	HGNC:25659	643136	ENSG00000215817
ZC3H11C	HGNC:56304	441155	ENSG00000214558
ZC3H12A	HGNC:26259	80149	ENSG00000163874
ZC3H12B	HGNC:17407	340554	ENSG00000102053
ZC3H12C	HGNC:29362	85463	ENSG00000149289
ZC3H12D	HGNC:21175	340152	ENSG00000178199
ZC3H13	HGNC:20368	23091	ENSG00000123200
ZC3H15	HGNC:29528	55854	ENSG00000065548
ZC3H18	HGNC:25091	124245	ENSG00000158545
ZC3HAV1	HGNC:23721	56829	ENSG00000105939
ZC3HAV1L	HGNC:22423	92092	ENSG00000146858
ZC3HC1	HGNC:29913	51530	ENSG00000091732
ZCCHC2	HGNC:22916	54877	ENSG00000141664
ZCCHC3	HGNC:16230	85364	ENSG00000247315
ZCCHC4	HGNC:22917	29063	ENSG00000168228
ZCCHC7	HGNC:26209	84186	ENSG00000147905
ZCCHC9	HGNC:25424	84240	ENSG00000131732
ZCCHC10	HGNC:25954	54819	ENSG00000155329
ZCCHC12	HGNC:27273	170261	ENSG00000174460
ZCCHC13	HGNC:31749	389874	ENSG00000187969
ZCCHC14	HGNC:24134	23174	ENSG00000140948
ZCCHC17	HGNC:30246	51538	ENSG00000121766
ZCCHC18	HGNC:32459	644353	ENSG00000166707
ZCCHC24	HGNC:26911	219654	ENSG00000165424
ZCRB1	HGNC:29620	85437	ENSG00000139168
ZCWPW1	HGNC:23486	55063	ENSG00000078487
ZCWPW2	HGNC:23574	152098	ENSG00000206559
ZDBF2	HGNC:29313	57683	ENSG00000204186
ZDHHC1	HGNC:17916	29800	ENSG00000159714
ZDHHC2	HGNC:18469	51201	ENSG00000104219
ZDHHC3	HGNC:18470	51304	ENSG00000163812
ZDHHC4	HGNC:18471	55146	ENSG00000136247
ZDHHC5	HGNC:18472	25921	ENSG00000156599
ZDHHC6	HGNC:19160	64429	ENSG00000023041
ZDHHC7	HGNC:18459	55625	ENSG00000153786
ZDHHC8	HGNC:18474	29801	ENSG00000099904
ZDHHC11	HGNC:19158	79844	ENSG00000188818
ZDHHC11B	HGNC:32962	653082	ENSG00000206077
ZDHHC12	HGNC:19159	84885	ENSG00000160446
ZDHHC13	HGNC:18413	54503	ENSG00000177054
ZDHHC14	HGNC:20341	79683	ENSG00000175048
ZDHHC16	HGNC:20714	84287	ENSG00000171307
ZDHHC17	HGNC:18412	23390	ENSG00000186908
ZDHHC18	HGNC:20712	84243	ENSG00000204160
ZDHHC19	HGNC:20713	131540	ENSG00000163958
ZDHHC20	HGNC:20749	253832	ENSG00000180776
ZDHHC21	HGNC:20750	340481	ENSG00000175893
ZDHHC22	HGNC:20106	283576	ENSG00000177108
ZDHHC23	HGNC:28654	254887	ENSG00000184307
ZDHHC24	HGNC:27387	254359	ENSG00000174165
ZER1	HGNC:30960	10444	ENSG00000160445
ZFAND1	HGNC:25858	79752	ENSG00000104231
ZFAND2A	HGNC:28073	90637	ENSG00000178381
ZFAND2B	HGNC:25206	130617	ENSG00000158552
ZFAND3	HGNC:18019	60685	ENSG00000156639
ZFAND4	HGNC:23504	93550	ENSG00000172671
ZFAND5	HGNC:13008	7763	ENSG00000107372
ZFAND6	HGNC:30164	54469	ENSG00000086666
ZFC3H1	HGNC:28328	196441	ENSG00000133858
ZFP1	HGNC:23328	162239	ENSG00000184517
ZFP2	HGNC:26138	80108	ENSG00000198939
ZFP3	HGNC:12861	124961	ENSG00000180787
ZFP14	HGNC:29312	57677	ENSG00000142065
ZFP28	HGNC:17801	140612	ENSG00000196867
ZFP30	HGNC:29555	22835	ENSG00000120784
ZFP36	HGNC:12862	7538	ENSG00000128016
ZFP36L1	HGNC:1107	677	ENSG00000185650
ZFP37	HGNC:12863	7539	ENSG00000136866
ZFP41	HGNC:26786	286128	ENSG00000181638
ZFP42	HGNC:30949	132625	ENSG00000179059
ZFP62	HGNC:23241	643836	ENSG00000196670
ZFP64	HGNC:15940	55734	ENSG00000020256
ZFP69	HGNC:24708	339559	ENSG00000187815
ZFP69B	HGNC:28053	65243	ENSG00000187801
ZFP82	HGNC:28682	284406	ENSG00000181007
ZFP90	HGNC:23329	146198	ENSG00000184939
ZFP91	HGNC:14983	80829	ENSG00000186660
ZFP92	HGNC:12865	139735	ENSG00000189420
ZFPL1	HGNC:12868	7542	ENSG00000162300
ZFR2	HGNC:29189	23217	ENSG00000105278
ZFTRAF1	HGNC:17806	50626	ENSG00000187954
ZFY	HGNC:12870	7544	ENSG00000067646
ZFYVE1	HGNC:13180	53349	ENSG00000165861
ZFYVE9	HGNC:6775	9372	ENSG00000157077
ZFYVE16	HGNC:20756	9765	ENSG00000039319
ZFYVE21	HGNC:20760	79038	ENSG00000100711
ZFYVE28	HGNC:29334	57732	ENSG00000159733
ZG16	HGNC:30961	653808	ENSG00000174992
ZG16B	HGNC:30456	124220	ENSG00000162078
ZGLP1	HGNC:37245	100125288	ENSG00000220201
ZGPAT	HGNC:15948	84619	ENSG00000197114
ZGRF1	HGNC:25654	55345	ENSG00000138658
ZHX1	HGNC:12871	11244	ENSG00000165156
ZHX2	HGNC:18513	22882	ENSG00000178764
ZHX3	HGNC:15935	23051	ENSG00000174306
ZIC5	HGNC:20322	85416	ENSG00000139800
ZIK1	HGNC:33104	284307	ENSG00000171649
ZIM2	HGNC:12875	23619	ENSG00000269699
ZIM3	HGNC:16366	114026	ENSG00000141946
ZKSCAN1	HGNC:13101	7586	ENSG00000106261
ZKSCAN2	HGNC:25677	342357	ENSG00000155592
ZKSCAN3	HGNC:13853	80317	ENSG00000189298
ZKSCAN4	HGNC:13854	387032	ENSG00000187626
ZKSCAN5	HGNC:12867	23660	ENSG00000196652
ZKSCAN7	HGNC:12955	55888	ENSG00000196345
ZKSCAN8	HGNC:12983	7745	ENSG00000198315
ZMAT1	HGNC:29377	84460	ENSG00000166432
ZMAT2	HGNC:26433	153527	ENSG00000146007
ZMAT3	HGNC:29983	64393	ENSG00000172667
ZMAT4	HGNC:25844	79698	ENSG00000165061
ZMAT5	HGNC:28046	55954	ENSG00000100319
ZMIZ2	HGNC:22229	83637	ENSG00000122515
ZMYM1	HGNC:26253	79830	ENSG00000197056
ZMYM4	HGNC:13055	9202	ENSG00000146463
ZMYM5	HGNC:13029	9205	ENSG00000132950
ZMYM6	HGNC:13050	9204	ENSG00000163867
ZMYND12	HGNC:21192	84217	ENSG00000066185
ZMYND19	HGNC:21146	116225	ENSG00000165724
ZNF2	HGNC:12991	7549	ENSG00000275111
ZNF3	HGNC:13089	7551	ENSG00000166526
ZNF7	HGNC:13139	7553	ENSG00000147789
ZNF8	HGNC:13154	7554	ENSG00000278129
ZNF10	HGNC:12879	7556	ENSG00000256223
ZNF12	HGNC:12902	7559	ENSG00000164631
ZNF14	HGNC:12924	7561	ENSG00000105708
ZNF16	HGNC:12947	7564	ENSG00000170631
ZNF17	HGNC:12958	7565	ENSG00000186272
ZNF18	HGNC:12969	7566	ENSG00000154957
ZNF19	HGNC:12981	7567	ENSG00000157429
ZNF20	HGNC:12992	7568	ENSG00000132010
ZNF22	HGNC:13012	7570	ENSG00000165512
ZNF23	HGNC:13023	7571	ENSG00000167377
ZNF24	HGNC:13032	7572	ENSG00000172466
ZNF25	HGNC:13043	219749	ENSG00000175395
ZNF26	HGNC:13053	7574	ENSG00000198393
ZNF28	HGNC:13073	7576	ENSG00000198538
ZNF30	HGNC:13090	90075	ENSG00000168661
ZNF32	HGNC:13095	7580	ENSG00000169740
ZNF33A	HGNC:13096	7581	ENSG00000189180
ZNF33B	HGNC:13097	7582	ENSG00000196693
ZNF34	HGNC:13098	80778	ENSG00000196378
ZNF35	HGNC:13099	7584	ENSG00000169981
ZNF37A	HGNC:13102	7587	ENSG00000075407
ZNF43	HGNC:13109	7594	ENSG00000198521
ZNF44	HGNC:13110	51710	ENSG00000197857
ZNF45	HGNC:13111	7596	ENSG00000124459
ZNF48	HGNC:13114	197407	ENSG00000180035
ZNF57	HGNC:13125	126295	ENSG00000171970
ZNF66	HGNC:13135	7617	ENSG00000160229
ZNF69	HGNC:13138	7620	ENSG00000198429
ZNF70	HGNC:13140	7621	ENSG00000187792
ZNF71	HGNC:13141	58491	ENSG00000197951
ZNF74	HGNC:13144	7625	ENSG00000185252
ZNF75A	HGNC:13146	7627	ENSG00000162086
ZNF75D	HGNC:13145	7626	ENSG00000186376
ZNF76	HGNC:13149	7629	ENSG00000065029
ZNF77	HGNC:13150	58492	ENSG00000175691
ZNF79	HGNC:13153	7633	ENSG00000196152
ZNF80	HGNC:13155	7634	ENSG00000174255
ZNF83	HGNC:13158	55769	ENSG00000167766
ZNF84	HGNC:13159	7637	ENSG00000198040
ZNF85	HGNC:13160	7639	ENSG00000105750
ZNF90	HGNC:13165	7643	ENSG00000213988
ZNF91	HGNC:13166	7644	ENSG00000167232
ZNF92	HGNC:13168	168374	ENSG00000146757
ZNF93	HGNC:13169	81931	ENSG00000184635
ZNF98	HGNC:13174	148198	ENSG00000197360
ZNF99	HGNC:13175	7652	ENSG00000213973
ZNF100	HGNC:12880	163227	ENSG00000197020
ZNF101	HGNC:12881	94039	ENSG00000181896
ZNF106	HGNC:12886	64397	ENSG00000103994
ZNF107	HGNC:12887	51427	ENSG00000196247
ZNF112	HGNC:12892	7771	ENSG00000062370
ZNF114	HGNC:12894	163071	ENSG00000178150
ZNF117	HGNC:12897	51351	ENSG00000152926
ZNF121	HGNC:12904	7675	ENSG00000197961
ZNF124	HGNC:12907	7678	ENSG00000196418
ZNF131	HGNC:12915	7690	ENSG00000172262
ZNF132	HGNC:12916	7691	ENSG00000131849
ZNF133	HGNC:12917	7692	ENSG00000125846
ZNF134	HGNC:12918	7693	ENSG00000213762
ZNF135	HGNC:12919	7694	ENSG00000176293
ZNF136	HGNC:12920	7695	ENSG00000196646
ZNF138	HGNC:12922	7697	ENSG00000197008
ZNF140	HGNC:12925	7699	ENSG00000196387
ZNF146	HGNC:12931	7705	ENSG00000167635
ZNF154	HGNC:12939	7710	ENSG00000179909
ZNF155	HGNC:12940	7711	ENSG00000204920
ZNF157	HGNC:12942	7712	ENSG00000147117
ZNF160	HGNC:12948	90338	ENSG00000170949
ZNF165	HGNC:12953	7718	ENSG00000197279
ZNF169	HGNC:12957	169841	ENSG00000175787
ZNF174	HGNC:12963	7727	ENSG00000103343
ZNF175	HGNC:12964	7728	ENSG00000105497
ZNF177	HGNC:12966	7730	ENSG00000188629
ZNF180	HGNC:12970	7733	ENSG00000167384
ZNF181	HGNC:12971	339318	ENSG00000197841
ZNF182	HGNC:13001	7569	ENSG00000147118
ZNF184	HGNC:12975	7738	ENSG00000096654
ZNF185	HGNC:12976	7739	ENSG00000147394
ZNF189	HGNC:12980	7743	ENSG00000136870
ZNF195	HGNC:12986	7748	ENSG00000005801
ZNF197	HGNC:12988	10168	ENSG00000186448
ZNF200	HGNC:12993	7752	ENSG00000010539
ZNF202	HGNC:12994	7753	ENSG00000166261
ZNF205	HGNC:12996	7755	ENSG00000122386
ZNF207	HGNC:12998	7756	ENSG00000010244
ZNF208	HGNC:12999	7757	ENSG00000160321
ZNF211	HGNC:13003	10520	ENSG00000121417
ZNF212	HGNC:13004	7988	ENSG00000170260
ZNF213	HGNC:13005	7760	ENSG00000085644
ZNF214	HGNC:13006	7761	ENSG00000149050
ZNF215	HGNC:13007	7762	ENSG00000149054
ZNF217	HGNC:13009	7764	ENSG00000171940
ZNF219	HGNC:13011	51222	ENSG00000165804
ZNF221	HGNC:13014	7638	ENSG00000159905
ZNF222	HGNC:13015	7673	ENSG00000159885
ZNF223	HGNC:13016	7766	ENSG00000178386
ZNF224	HGNC:13017	7767	ENSG00000267680
ZNF225	HGNC:13018	7768	ENSG00000256294
ZNF226	HGNC:13019	7769	ENSG00000167380
ZNF227	HGNC:13020	7770	ENSG00000131115
ZNF229	HGNC:13022	7772	ENSG00000278318
ZNF230	HGNC:13024	7773	ENSG00000159882
ZNF232	HGNC:13026	7775	ENSG00000167840
ZNF233	HGNC:30946	353355	ENSG00000159915
ZNF234	HGNC:13027	10780	ENSG00000263002
ZNF235	HGNC:12866	9310	ENSG00000159917
ZNF236	HGNC:13028	7776	ENSG00000130856
ZNF239	HGNC:13031	8187	ENSG00000196793
ZNF248	HGNC:13041	57209	ENSG00000198105
ZNF250	HGNC:13044	58500	ENSG00000196150
ZNF251	HGNC:13045	90987	ENSG00000198169
ZNF253	HGNC:13497	56242	ENSG00000256771
ZNF254	HGNC:13047	9534	ENSG00000213096
ZNF256	HGNC:13049	10172	ENSG00000152454
ZNF257	HGNC:13498	113835	ENSG00000197134
ZNF260	HGNC:13499	339324	ENSG00000254004
ZNF263	HGNC:13056	10127	ENSG00000006194
ZNF264	HGNC:13057	9422	ENSG00000083844
ZNF266	HGNC:13059	10781	ENSG00000174652
ZNF267	HGNC:13060	10308	ENSG00000185947
ZNF268	HGNC:13061	10795	ENSG00000090612
ZNF273	HGNC:13067	10793	ENSG00000198039
ZNF274	HGNC:13068	10782	ENSG00000171606
ZNF275	HGNC:13069	10838	ENSG00000063587
ZNF276	HGNC:23330	92822	ENSG00000158805
ZNF277	HGNC:13070	11179	ENSG00000198839
ZNF280A	HGNC:18597	129025	ENSG00000169548
ZNF280B	HGNC:23022	140883	ENSG00000275004
ZNF280C	HGNC:25955	55609	ENSG00000056277
ZNF280D	HGNC:25953	54816	ENSG00000137871
ZNF281	HGNC:13075	23528	ENSG00000162702
ZNF282	HGNC:13076	8427	ENSG00000170265
ZNF283	HGNC:13077	284349	ENSG00000167637
ZNF284	HGNC:13078	342909	ENSG00000186026
ZNF285	HGNC:13079	26974	ENSG00000267508
ZNF286A	HGNC:13501	57335	ENSG00000187607
ZNF287	HGNC:13502	57336	ENSG00000141040
ZNF296	HGNC:15981	162979	ENSG00000170684
ZNF300	HGNC:13091	91975	ENSG00000145908
ZNF302	HGNC:13848	55900	ENSG00000089335
ZNF304	HGNC:13505	57343	ENSG00000131845
ZNF311	HGNC:13847	282890	ENSG00000197935
ZNF316	HGNC:13843	100131017	ENSG00000205903
ZNF317	HGNC:13507	57693	ENSG00000130803
ZNF318	HGNC:13578	24149	ENSG00000171467
ZNF319	HGNC:13644	57567	ENSG00000166188
ZNF320	HGNC:13842	162967	ENSG00000182986
ZNF322	HGNC:23640	79692	ENSG00000181315
ZNF324	HGNC:14096	25799	ENSG00000083812
ZNF324B	HGNC:33107	388569	ENSG00000249471
ZNF326	HGNC:14104	284695	ENSG00000162664
ZNF329	HGNC:14209	79673	ENSG00000181894
ZNF330	HGNC:15462	27309	ENSG00000109445
ZNF331	HGNC:15489	55422	ENSG00000130844
ZNF333	HGNC:15624	84449	ENSG00000160961
ZNF334	HGNC:15806	55713	ENSG00000198185
ZNF337	HGNC:15809	26152	ENSG00000130684
ZNF343	HGNC:16017	79175	ENSG00000088876
ZNF345	HGNC:16367	25850	ENSG00000251247
ZNF346	HGNC:16403	23567	ENSG00000113761
ZNF347	HGNC:16447	84671	ENSG00000197937
ZNF350	HGNC:16656	59348	ENSG00000256683
ZNF354A	HGNC:11628	6940	ENSG00000169131
ZNF354B	HGNC:17197	117608	ENSG00000178338
ZNF354C	HGNC:16736	30832	ENSG00000177932
ZNF358	HGNC:16838	140467	ENSG00000198816
ZNF362	HGNC:18079	149076	ENSG00000160094
ZNF366	HGNC:18316	167465	ENSG00000178175
ZNF367	HGNC:18320	195828	ENSG00000165244
ZNF382	HGNC:17409	84911	ENSG00000161298
ZNF383	HGNC:18609	163087	ENSG00000188283
ZNF384	HGNC:11955	171017	ENSG00000126746
ZNF385A	HGNC:17521	25946	ENSG00000161642
ZNF385B	HGNC:26332	151126	ENSG00000144331
ZNF385C	HGNC:33722	201181	ENSG00000187595
ZNF385D	HGNC:26191	79750	ENSG00000151789
ZNF391	HGNC:18779	346157	ENSG00000124613
ZNF394	HGNC:18832	84124	ENSG00000160908
ZNF395	HGNC:18737	55893	ENSG00000186918
ZNF396	HGNC:18824	252884	ENSG00000186496
ZNF397	HGNC:18818	84307	ENSG00000186812
ZNF398	HGNC:18373	57541	ENSG00000197024
ZNF404	HGNC:19417	342908	ENSG00000176222
ZNF410	HGNC:20144	57862	ENSG00000119725
ZNF414	HGNC:20630	84330	ENSG00000133250
ZNF415	HGNC:20636	55786	ENSG00000170954
ZNF416	HGNC:20645	55659	ENSG00000083817
ZNF417	HGNC:20646	147687	ENSG00000173480
ZNF418	HGNC:20647	147686	ENSG00000196724
ZNF419	HGNC:20648	79744	ENSG00000105136
ZNF420	HGNC:20649	147923	ENSG00000197050
ZNF425	HGNC:20690	155054	ENSG00000204947
ZNF426	HGNC:20725	79088	ENSG00000130818
ZNF428	HGNC:20804	126299	ENSG00000131116
ZNF429	HGNC:20817	353088	ENSG00000197013
ZNF430	HGNC:20808	80264	ENSG00000118620
ZNF431	HGNC:20809	170959	ENSG00000196705
ZNF432	HGNC:20810	9668	ENSG00000256087
ZNF433	HGNC:20811	163059	ENSG00000197647
ZNF436	HGNC:20814	80818	ENSG00000125945
ZNF438	HGNC:21029	220929	ENSG00000183621
ZNF439	HGNC:20873	90594	ENSG00000171291
ZNF440	HGNC:20874	126070	ENSG00000171295
ZNF441	HGNC:20875	126068	ENSG00000197044
ZNF442	HGNC:20877	79973	ENSG00000198342
ZNF443	HGNC:20878	10224	ENSG00000180855
ZNF444	HGNC:16052	55311	ENSG00000167685
ZNF445	HGNC:21018	353274	ENSG00000185219
ZNF446	HGNC:21036	55663	ENSG00000083838
ZNF449	HGNC:21039	203523	ENSG00000173275
ZNF451	HGNC:21091	26036	ENSG00000112200
ZNF454	HGNC:21200	285676	ENSG00000178187
ZNF460	HGNC:21628	10794	ENSG00000197714
ZNF461	HGNC:21629	92283	ENSG00000197808
ZNF467	HGNC:23154	168544	ENSG00000181444
ZNF468	HGNC:33105	90333	ENSG00000204604
ZNF470	HGNC:22220	388566	ENSG00000197016
ZNF471	HGNC:23226	57573	ENSG00000196263
ZNF473	HGNC:23239	25888	ENSG00000142528
ZNF474	HGNC:23245	133923	ENSG00000164185
ZNF475	HGNC:53564	100505841	ENSG00000250803
ZNF479	HGNC:23258	90827	ENSG00000185177
ZNF480	HGNC:23305	147657	ENSG00000198464
ZNF483	HGNC:23384	158399	ENSG00000173258
ZNF484	HGNC:23385	83744	ENSG00000127081
ZNF485	HGNC:23440	220992	ENSG00000198298
ZNF486	HGNC:20807	90649	ENSG00000256229
ZNF487	HGNC:23488	642819	ENSG00000243660
ZNF488	HGNC:23535	118738	ENSG00000265763
ZNF490	HGNC:23705	57474	ENSG00000188033
ZNF491	HGNC:23706	126069	ENSG00000177599
ZNF492	HGNC:23707	57615	ENSG00000229676
ZNF493	HGNC:23708	284443	ENSG00000196268
ZNF496	HGNC:23713	84838	ENSG00000162714
ZNF497	HGNC:23714	162968	ENSG00000174586
ZNF500	HGNC:23716	26048	ENSG00000103199
ZNF501	HGNC:23717	115560	ENSG00000186446
ZNF502	HGNC:23718	91392	ENSG00000196653
ZNF503	HGNC:23589	84858	ENSG00000165655
ZNF506	HGNC:23780	440515	ENSG00000081665
ZNF507	HGNC:23783	22847	ENSG00000168813
ZNF510	HGNC:29161	22869	ENSG00000081386
ZNF511	HGNC:28445	118472	ENSG00000198546
ZNF512	HGNC:29380	84450	ENSG00000243943
ZNF512B	HGNC:29212	57473	ENSG00000196700
ZNF514	HGNC:25894	84874	ENSG00000144026
ZNF516	HGNC:28990	9658	ENSG00000101493
ZNF517	HGNC:27984	340385	ENSG00000197363
ZNF518A	HGNC:29009	9849	ENSG00000177853
ZNF518B	HGNC:29365	85460	ENSG00000178163
ZNF519	HGNC:30574	162655	ENSG00000175322
ZNF521	HGNC:24605	25925	ENSG00000198795
ZNF524	HGNC:28322	147807	ENSG00000171443
ZNF525	HGNC:29423	170958	ENSG00000203326
ZNF527	HGNC:29385	84503	ENSG00000189164
ZNF528	HGNC:29384	84436	ENSG00000167555
ZNF529	HGNC:29328	57711	ENSG00000186020
ZNF530	HGNC:29297	348327	ENSG00000183647
ZNF532	HGNC:30940	55205	ENSG00000074657
ZNF534	HGNC:26337	147658	ENSG00000198633
ZNF536	HGNC:29025	9745	ENSG00000198597
ZNF540	HGNC:25331	163255	ENSG00000171817
ZNF541	HGNC:25294	84215	ENSG00000118156
ZNF543	HGNC:25281	125919	ENSG00000178229
ZNF544	HGNC:16759	27300	ENSG00000198131
ZNF546	HGNC:28671	339327	ENSG00000187187
ZNF547	HGNC:26432	284306	ENSG00000152433
ZNF548	HGNC:26561	147694	ENSG00000188785
ZNF549	HGNC:26632	256051	ENSG00000121406
ZNF550	HGNC:28643	162972	ENSG00000251369
ZNF551	HGNC:25108	90233	ENSG00000204519
ZNF552	HGNC:26135	79818	ENSG00000178935
ZNF554	HGNC:26629	115196	ENSG00000172006
ZNF555	HGNC:28382	148254	ENSG00000186300
ZNF556	HGNC:25669	80032	ENSG00000172000
ZNF557	HGNC:28632	79230	ENSG00000130544
ZNF558	HGNC:26422	148156	ENSG00000167785
ZNF559	HGNC:28197	84527	ENSG00000188321
ZNF560	HGNC:26484	147741	ENSG00000198028
ZNF561	HGNC:28684	93134	ENSG00000171469
ZNF562	HGNC:25950	54811	ENSG00000171466
ZNF563	HGNC:30498	147837	ENSG00000188868
ZNF564	HGNC:31106	163050	ENSG00000249709
ZNF565	HGNC:26726	147929	ENSG00000196357
ZNF566	HGNC:25919	84924	ENSG00000186017
ZNF567	HGNC:28696	163081	ENSG00000189042
ZNF568	HGNC:25392	374900	ENSG00000198453
ZNF569	HGNC:24737	148266	ENSG00000196437
ZNF570	HGNC:26416	148268	ENSG00000171827
ZNF571	HGNC:25000	51276	ENSG00000180479
ZNF572	HGNC:26758	137209	ENSG00000180938
ZNF573	HGNC:26420	126231	ENSG00000189144
ZNF574	HGNC:26166	64763	ENSG00000105732
ZNF575	HGNC:27606	284346	ENSG00000176472
ZNF576	HGNC:28357	79177	ENSG00000124444
ZNF577	HGNC:28673	84765	ENSG00000161551
ZNF578	HGNC:26449	147660	ENSG00000258405
ZNF579	HGNC:26646	163033	ENSG00000218891
ZNF580	HGNC:29473	51157	ENSG00000213015
ZNF581	HGNC:25017	51545	ENSG00000171425
ZNF582	HGNC:26421	147948	ENSG00000018869
ZNF583	HGNC:26427	147949	ENSG00000198440
ZNF584	HGNC:27318	201514	ENSG00000171574
ZNF585A	HGNC:26305	199704	ENSG00000196967
ZNF585B	HGNC:30948	92285	ENSG00000245680
ZNF586	HGNC:25949	54807	ENSG00000083828
ZNF587	HGNC:30955	84914	ENSG00000198466
ZNF587B	HGNC:37142	100293516	ENSG00000269343
ZNF589	HGNC:16747	51385	ENSG00000164048
ZNF593	HGNC:30943	51042	ENSG00000142684
ZNF593OS	HGNC:41278	118568799	ENSG00000236782
ZNF594	HGNC:29392	84622	ENSG00000180626
ZNF595	HGNC:27196	152687	ENSG00000272602
ZNF596	HGNC:27268	169270	ENSG00000172748
ZNF597	HGNC:26573	146434	ENSG00000167981
ZNF598	HGNC:28079	90850	ENSG00000167962
ZNF599	HGNC:26408	148103	ENSG00000153896
ZNF600	HGNC:30951	162966	ENSG00000189190
ZNF605	HGNC:28068	100289635	ENSG00000196458
ZNF606	HGNC:25879	80095	ENSG00000166704
ZNF607	HGNC:28192	84775	ENSG00000198182
ZNF608	HGNC:29238	57507	ENSG00000168916
ZNF609	HGNC:29003	23060	ENSG00000180357
ZNF610	HGNC:26687	162963	ENSG00000167554
ZNF611	HGNC:28766	81856	ENSG00000213020
ZNF613	HGNC:25827	79898	ENSG00000176024
ZNF614	HGNC:24722	80110	ENSG00000142556
ZNF615	HGNC:24740	284370	ENSG00000197619
ZNF616	HGNC:28062	90317	ENSG00000204611
ZNF618	HGNC:29416	114991	ENSG00000157657
ZNF619	HGNC:26910	285267	ENSG00000177873
ZNF620	HGNC:28742	253639	ENSG00000177842
ZNF621	HGNC:24787	285268	ENSG00000172888
ZNF622	HGNC:30958	90441	ENSG00000173545
ZNF623	HGNC:29084	9831	ENSG00000183309
ZNF624	HGNC:29254	57547	ENSG00000197566
ZNF625	HGNC:30571	90589	ENSG00000257591
ZNF626	HGNC:30461	199777	ENSG00000188171
ZNF627	HGNC:30570	199692	ENSG00000198551
ZNF628	HGNC:28054	89887	ENSG00000197483
ZNF629	HGNC:29008	23361	ENSG00000102870
ZNF630	HGNC:28855	57232	ENSG00000221994
ZNF638	HGNC:17894	27332	ENSG00000075292
ZNF639	HGNC:30950	51193	ENSG00000121864
ZNF641	HGNC:31834	121274	ENSG00000167528
ZNF646	HGNC:29004	9726	ENSG00000167395
ZNF648	HGNC:18190	127665	ENSG00000179930
ZNF649	HGNC:25741	65251	ENSG00000198093
ZNF652	HGNC:29147	22834	ENSG00000198740
ZNF653	HGNC:25196	115950	ENSG00000161914
ZNF654	HGNC:25612	55279	ENSG00000175105
ZNF655	HGNC:30899	79027	ENSG00000197343
ZNF658	HGNC:25226	26149	ENSG00000274349
ZNF660	HGNC:26720	285349	ENSG00000144792
ZNF662	HGNC:31930	389114	ENSG00000182983
ZNF664	HGNC:25406	144348	ENSG00000179195
ZNF665	HGNC:25885	79788	ENSG00000197497
ZNF667	HGNC:28854	63934	ENSG00000198046
ZNF669	HGNC:25736	79862	ENSG00000188295
ZNF670	HGNC:28167	93474	ENSG00000277462
ZNF671	HGNC:26279	79891	ENSG00000083814
ZNF672	HGNC:26179	79894	ENSG00000171161
ZNF675	HGNC:30768	171392	ENSG00000197372
ZNF676	HGNC:20429	163223	ENSG00000196109
ZNF677	HGNC:28730	342926	ENSG00000197928
ZNF678	HGNC:28652	339500	ENSG00000181450
ZNF679	HGNC:28650	168417	ENSG00000197123
ZNF680	HGNC:26897	340252	ENSG00000173041
ZNF681	HGNC:26457	148213	ENSG00000196172
ZNF682	HGNC:28857	91120	ENSG00000197124
ZNF683	HGNC:28495	257101	ENSG00000176083
ZNF684	HGNC:28418	127396	ENSG00000117010
ZNF688	HGNC:30489	146542	ENSG00000229809
ZNF689	HGNC:25173	115509	ENSG00000156853
ZNF691	HGNC:28028	51058	ENSG00000164011
ZNF692	HGNC:26049	55657	ENSG00000171163
ZNF695	HGNC:30954	57116	ENSG00000197472
ZNF696	HGNC:25872	79943	ENSG00000185730
ZNF697	HGNC:32034	90874	ENSG00000143067
ZNF700	HGNC:25292	90592	ENSG00000196757
ZNF701	HGNC:25597	55762	ENSG00000167562
ZNF703	HGNC:25883	80139	ENSG00000183779
ZNF704	HGNC:32291	619279	ENSG00000164684
ZNF705A	HGNC:32281	440077	ENSG00000196946
ZNF705B	HGNC:32284	100132396	ENSG00000215356
ZNF705D	HGNC:33202	728957	ENSG00000215343
ZNF705G	HGNC:37134	100131980	ENSG00000215372
ZNF706	HGNC:24992	51123	ENSG00000120963
ZNF707	HGNC:27815	286075	ENSG00000181135
ZNF708	HGNC:12945	7562	ENSG00000182141
ZNF709	HGNC:20629	163051	ENSG00000242852
ZNF710	HGNC:25352	374655	ENSG00000140548
ZNF713	HGNC:22043	349075	ENSG00000178665
ZNF714	HGNC:27124	148206	ENSG00000160352
ZNF716	HGNC:32458	441234	ENSG00000182111
ZNF717	HGNC:29448	100131827	ENSG00000227124
ZNF718	HGNC:26889	255403	ENSG00000250312
ZNF721	HGNC:29425	170960	ENSG00000182903
ZNF722	HGNC:22571	100419780	ENSG00000241149
ZNF723	HGNC:32286	646864	ENSG00000268696
ZNF724	HGNC:32460	440519	ENSG00000196081
ZNF726	HGNC:32462	730087	ENSG00000213967
ZNF727	HGNC:22785	442319	ENSG00000214652
ZNF728	HGNC:32463	388523	ENSG00000269067
ZNF729	HGNC:32464	100287226	ENSG00000196350
ZNF730	HGNC:32470	100129543	ENSG00000183850
ZNF732	HGNC:37138	654254	ENSG00000186777
ZNF735	HGNC:32466	730291	ENSG00000223614
ZNF736	HGNC:32467	728927	ENSG00000234444
ZNF737	HGNC:32468	100129842	ENSG00000237440
ZNF738	HGNC:32469	148203	ENSG00000172687
ZNF740	HGNC:27465	283337	ENSG00000139651
ZNF746	HGNC:21948	155061	ENSG00000181220
ZNF747	HGNC:28350	65988	ENSG00000169955
ZNF749	HGNC:32783	388567	ENSG00000186230
ZNF761	HGNC:23179	388561	ENSG00000160336
ZNF763	HGNC:27614	284390	ENSG00000197054
ZNF764	HGNC:28200	92595	ENSG00000169951
ZNF765	HGNC:25092	91661	ENSG00000196417
ZNF766	HGNC:28063	90321	ENSG00000196214
ZNF768	HGNC:26273	79724	ENSG00000169957
ZNF770	HGNC:26061	54989	ENSG00000198146
ZNF771	HGNC:29653	51333	ENSG00000179965
ZNF772	HGNC:33106	400720	ENSG00000197128
ZNF773	HGNC:30487	374928	ENSG00000152439
ZNF774	HGNC:33108	342132	ENSG00000196391
ZNF775	HGNC:28501	285971	ENSG00000196456
ZNF776	HGNC:26765	284309	ENSG00000152443
ZNF777	HGNC:22213	27153	ENSG00000196453
ZNF778	HGNC:26479	197320	ENSG00000170100
ZNF780A	HGNC:27603	284323	ENSG00000197782
ZNF780B	HGNC:33109	163131	ENSG00000128000
ZNF782	HGNC:33110	158431	ENSG00000196597
ZNF783	HGNC:27222	100289678	ENSG00000204946
ZNF784	HGNC:33111	147808	ENSG00000179922
ZNF785	HGNC:26496	146540	ENSG00000197162
ZNF786	HGNC:21806	136051	ENSG00000197362
ZNF787	HGNC:26998	126208	ENSG00000142409
ZNF789	HGNC:27801	285989	ENSG00000198556
ZNF790	HGNC:33114	388536	ENSG00000197863
ZNF791	HGNC:26895	163049	ENSG00000173875
ZNF792	HGNC:24751	126375	ENSG00000180884
ZNF793	HGNC:33115	390927	ENSG00000188227
ZNF799	HGNC:28071	90576	ENSG00000196466
ZNF800	HGNC:27267	168850	ENSG00000048405
ZNF804A	HGNC:21711	91752	ENSG00000170396
ZNF804B	HGNC:21958	219578	ENSG00000182348
ZNF805	HGNC:23272	390980	ENSG00000204524
ZNF813	HGNC:33257	126017	ENSG00000198346
ZNF814	HGNC:33258	730051	ENSG00000204514
ZNF816	HGNC:26995	125893	ENSG00000180257
ZNF821	HGNC:28043	55565	ENSG00000102984
ZNF823	HGNC:30936	55552	ENSG00000197933
ZNF827	HGNC:27193	152485	ENSG00000151612
ZNF829	HGNC:34032	374899	ENSG00000185869
ZNF830	HGNC:28291	91603	ENSG00000198783
ZNF831	HGNC:16167	128611	ENSG00000124203
ZNF835	HGNC:34332	90485	ENSG00000127903
ZNF836	HGNC:34333	162962	ENSG00000196267
ZNF837	HGNC:25164	116412	ENSG00000152475
ZNF839	HGNC:20345	55778	ENSG00000022976
ZNF841	HGNC:27611	284371	ENSG00000197608
ZNF843	HGNC:28710	283933	ENSG00000176723
ZNF844	HGNC:25932	284391	ENSG00000223547
ZNF845	HGNC:25112	91664	ENSG00000213799
ZNF846	HGNC:27260	162993	ENSG00000196605
ZNF850	HGNC:27994	342892	ENSG00000267041
ZNF852	HGNC:27713	285346	ENSG00000178917
ZNF853	HGNC:21767	54753	ENSG00000236609
ZNF860	HGNC:34513	344787	ENSG00000197385
ZNF865	HGNC:38705	100507290	ENSG00000261221
ZNF875	HGNC:4928	284459	ENSG00000181666
ZNF878	HGNC:37246	729747	ENSG00000257446
ZNF879	HGNC:37273	345462	ENSG00000234284
ZNF880	HGNC:37249	400713	ENSG00000221923
ZNF883	HGNC:27271	169834	ENSG00000228623
ZNF888	HGNC:38695	388559	ENSG00000213793
ZNF891	HGNC:38709	101060200	ENSG00000214029
ZNF892	HGNC:38707	344065	ENSG00000233757
ZNG1A	HGNC:17134	55871	ENSG00000172785
ZNG1B	HGNC:17907	150472	ENSG00000136682
ZNG1C	HGNC:18519	445571	ENSG00000196873
ZNG1E	HGNC:24584	220869	ENSG00000147996
ZNG1F	HGNC:31978	644019	ENSG00000215126
ZNHIT1	HGNC:21688	10467	ENSG00000106400
ZNHIT2	HGNC:1177	741	ENSG00000174276
ZNHIT6	HGNC:26089	54680	ENSG00000117174
ZNRD2	HGNC:11328	10534	ENSG00000173465
ZNRF1	HGNC:18452	84937	ENSG00000186187
ZNRF2	HGNC:22316	223082	ENSG00000180233
ZNRF4	HGNC:17726	148066	ENSG00000105428
ZP4	HGNC:15770	57829	ENSG00000116996
ZPBP2	HGNC:20678	124626	ENSG00000186075
ZPLD1	HGNC:27022	131368	ENSG00000170044
ZRANB1	HGNC:18224	54764	ENSG00000019995
ZRANB2	HGNC:13058	9406	ENSG00000132485
ZRANB3	HGNC:25249	84083	ENSG00000121988
ZSCAN1	HGNC:23712	284312	ENSG00000152467
ZSCAN2	HGNC:20994	54993	ENSG00000176371
ZSCAN4	HGNC:23709	201516	ENSG00000180532
ZSCAN5A	HGNC:23710	79149	ENSG00000131848
ZSCAN5B	HGNC:34246	342933	ENSG00000197213
ZSCAN5C	HGNC:34294	649137	ENSG00000204532
ZSCAN9	HGNC:12984	7746	ENSG00000137185
ZSCAN12	HGNC:13172	9753	ENSG00000158691
ZSCAN16	HGNC:20813	80345	ENSG00000196812
ZSCAN18	HGNC:21037	65982	ENSG00000121413
ZSCAN20	HGNC:13093	7579	ENSG00000121903
ZSCAN21	HGNC:13104	7589	ENSG00000166529
ZSCAN22	HGNC:4929	342945	ENSG00000182318
ZSCAN23	HGNC:21193	222696	ENSG00000187987
ZSCAN25	HGNC:21961	221785	ENSG00000197037
ZSCAN26	HGNC:12978	7741	ENSG00000197062
ZSCAN29	HGNC:26673	146050	ENSG00000140265
ZSCAN30	HGNC:33517	100101467	ENSG00000186814
ZSCAN31	HGNC:14097	64288	ENSG00000235109
ZSCAN32	HGNC:20812	54925	ENSG00000140987
ZSWIM1	HGNC:16155	90204	ENSG00000168612
ZSWIM2	HGNC:30990	151112	ENSG00000163012
ZSWIM3	HGNC:16157	140831	ENSG00000132801
ZSWIM4	HGNC:25704	65249	ENSG00000132003
ZSWIM5	HGNC:29299	57643	ENSG00000162415
ZSWIM8	HGNC:23528	23053	ENSG00000214655
ZSWIM9	HGNC:34495	374920	ENSG00000185453
ZUP1	HGNC:21224	221302	ENSG00000153975
ZW10	HGNC:13194	9183	ENSG00000086827
ZWILCH	HGNC:25468	55055	ENSG00000174442
ZWINT	HGNC:13195	11130	ENSG00000122952
ZXDA	HGNC:13198	7789	ENSG00000198205
ZXDB	HGNC:13199	158586	ENSG00000198455
ZXDC	HGNC:28160	79364	ENSG00000070476
ZYG11A	HGNC:32058	440590	ENSG00000203995
ZYG11B	HGNC:25820	79699	ENSG00000162378
ZYX	HGNC:13200	7791	ENSG00000159840
ZZEF1	HGNC:29027	23140	ENSG00000074755
ZZZ3	HGNC:24523	26009	ENSG00000036549
CCDC157	HGNC:33854	550631	ENSG00000187860
CCDC158	HGNC:26374	339965	ENSG00000163749
CCDC159	HGNC:26996	126075	ENSG00000183401
CCDC160	HGNC:37286	347475	ENSG00000203952
CCDC163	HGNC:27003	126661	ENSG00000280670
CCDC166	HGNC:41910	100130274	ENSG00000255181
CCDC167	HGNC:21239	154467	ENSG00000198937
CCDC169	HGNC:34361	728591	ENSG00000242715
CCDC170	HGNC:21177	80129	ENSG00000120262
CCDC171	HGNC:29828	203238	ENSG00000164989
CCDC172	HGNC:30524	374355	ENSG00000182645
CCDC175	HGNC:19847	729665	ENSG00000151838
CCDC177	HGNC:23243	56936	ENSG00000267909
CCDC178	HGNC:29588	374864	ENSG00000166960
CCDC179	HGNC:44653	100500938	ENSG00000255359
CCDC180	HGNC:29303	100499483	ENSG00000197816
CCDC181	HGNC:28051	57821	ENSG00000117477
CCDC182	HGNC:49392	101927581	ENSG00000166329
CCDC183	HGNC:28236	84960	ENSG00000213213
CCDC184	HGNC:33749	387856	ENSG00000177875
CCDC185	HGNC:26654	164127	ENSG00000178395
CCDC186	HGNC:24349	55088	ENSG00000165813
CCDC187	HGNC:30942	399693	ENSG00000260220
CCDC188	HGNC:51899	388849	ENSG00000234409
CCDC190	HGNC:28736	339512	ENSG00000185860
CCDC191	HGNC:29272	57577	ENSG00000163617
CCDC192	HGNC:49566	728586	ENSG00000230561
CCDC194	HGNC:53438	110806280	ENSG00000269720
CCDC195	HGNC:53441	110806281	ENSG00000283428
CCDC196	HGNC:20100	440184	ENSG00000196553
CCDC197	HGNC:19860	256369	ENSG00000175699
CCDC198	HGNC:20189	55195	ENSG00000100557
CCDC200	HGNC:43658	100874261	ENSG00000236383
CCDC201	HGNC:54081	114515518	ENSG00000283247
CCER1	HGNC:28373	196477	ENSG00000197651
CCER2	HGNC:44662	643669	ENSG00000262484
CCHCR1	HGNC:13930	54535	ENSG00000204536
CCK	HGNC:1569	885	ENSG00000187094
CCKAR	HGNC:1570	886	ENSG00000163394
CCKBR	HGNC:1571	887	ENSG00000110148
CCL1	HGNC:10609	6346	ENSG00000108702
CCL3L3	HGNC:30554	414062	ENSG00000276085
CCL4	HGNC:10630	6351	ENSG00000275302
CCL4L1	HGNC:10631	388372	ENSG00000282604
CCL4L2	HGNC:24066	9560	ENSG00000276070
CCL7	HGNC:10634	6354	ENSG00000108688
CCL8	HGNC:10635	6355	ENSG00000108700
CCL13	HGNC:10611	6357	ENSG00000181374
CCL14	HGNC:10612	6358	ENSG00000276409
CCL15	HGNC:10613	6359	ENSG00000275718
CCL16	HGNC:10614	6360	ENSG00000275152
CCL17	HGNC:10615	6361	ENSG00000102970
CCL18	HGNC:10616	6362	ENSG00000275385
CCL19	HGNC:10617	6363	ENSG00000172724
CCL20	HGNC:10619	6364	ENSG00000115009
CCL21	HGNC:10620	6366	ENSG00000137077
CCL22	HGNC:10621	6367	ENSG00000102962
CCL23	HGNC:10622	6368	ENSG00000274736
CCL24	HGNC:10623	6369	ENSG00000106178
CCL25	HGNC:10624	6370	ENSG00000131142
CCL26	HGNC:10625	10344	ENSG00000006606
CCL27	HGNC:10626	10850	ENSG00000213927
CCL28	HGNC:17700	56477	ENSG00000151882
CCM2L	HGNC:16153	140706	ENSG00000101331
CCN1	HGNC:2654	3491	ENSG00000142871
CCN3	HGNC:7885	4856	ENSG00000136999
CCN4	HGNC:12769	8840	ENSG00000104415
CCN5	HGNC:12770	8839	ENSG00000064205
CCNA1	HGNC:1577	8900	ENSG00000133101
CCNA2	HGNC:1578	890	ENSG00000145386
CCNB1	HGNC:1579	891	ENSG00000134057
CCNB1IP1	HGNC:19437	57820	ENSG00000100814
CCNB2	HGNC:1580	9133	ENSG00000157456
CCNB3	HGNC:18709	85417	ENSG00000147082
CCNC	HGNC:1581	892	ENSG00000112237
CCND3	HGNC:1585	896	ENSG00000112576
CCNDBP1	HGNC:1587	23582	ENSG00000166946
CCNE1	HGNC:1589	898	ENSG00000105173
CCNE2	HGNC:1590	9134	ENSG00000175305
CCNG1	HGNC:1592	900	ENSG00000113328
CCNG2	HGNC:1593	901	ENSG00000138764
CCNH	HGNC:1594	902	ENSG00000134480
CCNI	HGNC:1595	10983	ENSG00000118816
CCNI2	HGNC:33869	645121	ENSG00000205089
CCNJ	HGNC:23434	54619	ENSG00000107443
CCNJL	HGNC:25876	79616	ENSG00000135083
CCNL1	HGNC:20569	57018	ENSG00000163660
CCNL2	HGNC:20570	81669	ENSG00000221978
CCNP	HGNC:25805	79935	ENSG00000105219
CCNT1	HGNC:1599	904	ENSG00000129315
CCNT2	HGNC:1600	905	ENSG00000082258
CCNY	HGNC:23354	219771	ENSG00000108100
CCNYL1	HGNC:26868	151195	ENSG00000163249
CCNYL1B	HGNC:56313	102724485	ENSG00000284209
CCP110	HGNC:24342	9738	ENSG00000103540
CCPG1	HGNC:24227	9236	ENSG00000260916
CCR3	HGNC:1604	1232	ENSG00000183625
CCR4	HGNC:1605	1233	ENSG00000183813
CCR7	HGNC:1608	1236	ENSG00000126353
CCR8	HGNC:1609	1237	ENSG00000179934
CCR9	HGNC:1610	10803	ENSG00000173585
CCR10	HGNC:4474	2826	ENSG00000184451
CCRL2	HGNC:1612	9034	ENSG00000121797
CCSAP	HGNC:29578	126731	ENSG00000154429
CCSER1	HGNC:29349	401145	ENSG00000184305
CCSER2	HGNC:29197	54462	ENSG00000107771
CCT2	HGNC:1615	10576	ENSG00000166226
CCT4	HGNC:1617	10575	ENSG00000115484
CCT6A	HGNC:1620	908	ENSG00000146731
CCT6B	HGNC:1621	10693	ENSG00000132141
CCT7	HGNC:1622	10574	ENSG00000135624
CCT8	HGNC:1623	10694	ENSG00000156261
CCT8L2	HGNC:15553	150160	ENSG00000198445
CCZ1	HGNC:21691	51622	ENSG00000122674
CCZ1B	HGNC:21717	221960	ENSG00000146574
CD1A	HGNC:1634	909	ENSG00000158477
CD1B	HGNC:1635	910	ENSG00000158485
CD1C	HGNC:1636	911	ENSG00000158481
CD1D	HGNC:1637	912	ENSG00000158473
CD1E	HGNC:1638	913	ENSG00000158488
CD2	HGNC:1639	914	ENSG00000116824
CD2BP2	HGNC:1656	10421	ENSG00000169217
CD5	HGNC:1685	921	ENSG00000110448
CD5L	HGNC:1690	922	ENSG00000073754
CD6	HGNC:1691	923	ENSG00000013725
CD7	HGNC:1695	924	ENSG00000173762
CD8B	HGNC:1707	926	ENSG00000172116
CD8B2	HGNC:1708	927	ENSG00000254126
CD9	HGNC:1709	928	ENSG00000010278
CD14	HGNC:1628	929	ENSG00000170458
CD22	HGNC:1643	933	ENSG00000012124
CD24	HGNC:1645	100133941	ENSG00000272398
CD33	HGNC:1659	945	ENSG00000105383
CD34	HGNC:1662	947	ENSG00000174059
CD37	HGNC:1666	951	ENSG00000104894
CD38	HGNC:1667	952	ENSG00000004468
CD47	HGNC:1682	961	ENSG00000196776
CD48	HGNC:1683	962	ENSG00000117091
CD52	HGNC:1804	1043	ENSG00000169442
CD53	HGNC:1686	963	ENSG00000143119
CD58	HGNC:1688	965	ENSG00000116815
CD63	HGNC:1692	967	ENSG00000135404
CD68	HGNC:1693	968	ENSG00000129226
CD69	HGNC:1694	969	ENSG00000110848
CD72	HGNC:1696	971	ENSG00000137101
CD74	HGNC:1697	972	ENSG00000019582
CD80	HGNC:1700	941	ENSG00000121594
CD82	HGNC:6210	3732	ENSG00000085117
CD83	HGNC:1703	9308	ENSG00000112149
CD84	HGNC:1704	8832	ENSG00000066294
CD86	HGNC:1705	942	ENSG00000114013
CD93	HGNC:15855	22918	ENSG00000125810
CD99	HGNC:7082	4267	ENSG00000002586
CD99L2	HGNC:18237	83692	ENSG00000102181
CD101	HGNC:5949	9398	ENSG00000134256
CD160	HGNC:17013	11126	ENSG00000117281
CD163	HGNC:1631	9332	ENSG00000177575
CD163L1	HGNC:30375	283316	ENSG00000177675
CD164L2	HGNC:32043	388611	ENSG00000174950
CD177	HGNC:30072	57126	ENSG00000204936
CD180	HGNC:6726	4064	ENSG00000134061
CD200	HGNC:7203	4345	ENSG00000091972
CD200R1	HGNC:24235	131450	ENSG00000163606
CD200R1L	HGNC:24665	344807	ENSG00000206531
CD226	HGNC:16961	10666	ENSG00000150637
CD248	HGNC:18219	57124	ENSG00000174807
CD276	HGNC:19137	80381	ENSG00000103855
CD300A	HGNC:19319	11314	ENSG00000167851
CD300C	HGNC:19320	10871	ENSG00000167850
CD300E	HGNC:28874	342510	ENSG00000186407
CD300H	HGNC:52292	100130520	ENSG00000284690
CD300LB	HGNC:30811	124599	ENSG00000178789
CD300LD	HGNC:16848	100131439	ENSG00000204345
CD300LF	HGNC:29883	146722	ENSG00000186074
CD300LG	HGNC:30455	146894	ENSG00000161649
CD302	HGNC:30843	9936	ENSG00000241399
CDA	HGNC:1712	978	ENSG00000158825
CDADC1	HGNC:20299	81602	ENSG00000102543
CDC5L	HGNC:1743	988	ENSG00000096401
CDC7	HGNC:1745	8317	ENSG00000097046
CDC14B	HGNC:1719	8555	ENSG00000081377
CDC14C	HGNC:22427	168448	ENSG00000218305
CDC16	HGNC:1720	8881	ENSG00000130177
CDC20B	HGNC:24222	166979	ENSG00000164287
CDC23	HGNC:1724	8697	ENSG00000094880
CDC25A	HGNC:1725	993	ENSG00000164045
CDC25B	HGNC:1726	994	ENSG00000101224
CDC25C	HGNC:1727	995	ENSG00000158402
CDC26	HGNC:17839	246184	ENSG00000176386
CDC27	HGNC:1728	996	ENSG00000004897
CDC34	HGNC:1734	997	ENSG00000099804
CDC37	HGNC:1735	11140	ENSG00000105401
CDC37L1	HGNC:17179	55664	ENSG00000106993
CDC42BPA	HGNC:1737	8476	ENSG00000143776
CDC42BPG	HGNC:29829	55561	ENSG00000171219
CDC42EP1	HGNC:17014	11135	ENSG00000128283
CDC42EP2	HGNC:16263	10435	ENSG00000149798
CDC42EP3	HGNC:16943	10602	ENSG00000163171
CDC42EP4	HGNC:17147	23580	ENSG00000179604
CDC42EP5	HGNC:17408	148170	ENSG00000167617
CDC42SE1	HGNC:17719	56882	ENSG00000197622
CDC42SE2	HGNC:18547	56990	ENSG00000158985
CDC50A	HGNC:16667	55754	ENSG00000112697
CDC50B	HGNC:27254	161291	ENSG00000182107
CDC123	HGNC:16827	8872	ENSG00000151465
CDCA2	HGNC:14623	157313	ENSG00000184661
CDCA3	HGNC:14624	83461	ENSG00000111665
CDCA4	HGNC:14625	55038	ENSG00000170779
CDCA5	HGNC:14626	113130	ENSG00000146670
CDCA7L	HGNC:30777	55536	ENSG00000164649
CDCA8	HGNC:14629	55143	ENSG00000134690
CDCP1	HGNC:24357	64866	ENSG00000163814
CDCP2	HGNC:27297	200008	ENSG00000157211
CDH4	HGNC:1763	1002	ENSG00000179242
CDH5	HGNC:1764	1003	ENSG00000179776
CDH6	HGNC:1765	1004	ENSG00000113361
CDH7	HGNC:1766	1005	ENSG00000081138
CDH8	HGNC:1767	1006	ENSG00000150394
CDH9	HGNC:1768	1007	ENSG00000113100
CDH10	HGNC:1749	1008	ENSG00000040731
CDH12	HGNC:1751	1010	ENSG00000154162
CDH13	HGNC:1753	1012	ENSG00000140945
CDH16	HGNC:1755	1014	ENSG00000166589
CDH17	HGNC:1756	1015	ENSG00000079112
CDH18	HGNC:1757	1016	ENSG00000145526
CDH19	HGNC:1758	28513	ENSG00000071991
CDH20	HGNC:1760	28316	ENSG00000101542
CDH22	HGNC:13251	64405	ENSG00000149654
CDH24	HGNC:14265	64403	ENSG00000139880
CDH26	HGNC:15902	60437	ENSG00000124215
CDHR2	HGNC:18231	54825	ENSG00000074276
CDHR3	HGNC:26308	222256	ENSG00000128536
CDHR4	HGNC:34527	389118	ENSG00000187492
CDHR5	HGNC:7521	53841	ENSG00000099834
CDIP1	HGNC:13234	29965	ENSG00000089486
CDIPT	HGNC:1769	10423	ENSG00000103502
CDK1	HGNC:1722	983	ENSG00000170312
CDK2	HGNC:1771	1017	ENSG00000123374
CDK2AP1	HGNC:14002	8099	ENSG00000111328
CDK2AP2	HGNC:30833	10263	ENSG00000167797
CDK3	HGNC:1772	1018	ENSG00000250506
CDK5R1	HGNC:1775	8851	ENSG00000176749
CDK5R2	HGNC:1776	8941	ENSG00000171450
CDK5RAP1	HGNC:15880	51654	ENSG00000101391
CDK5RAP3	HGNC:18673	80279	ENSG00000108465
CDK7	HGNC:1778	1022	ENSG00000134058
CDK9	HGNC:1780	1025	ENSG00000136807
CDK11A	HGNC:1730	728642	ENSG00000008128
CDK11B	HGNC:1729	984	ENSG00000248333
CDK12	HGNC:24224	51755	ENSG00000167258
CDK14	HGNC:8883	5218	ENSG00000058091
CDK15	HGNC:14434	65061	ENSG00000138395
CDK17	HGNC:8750	5128	ENSG00000059758
CDK18	HGNC:8751	5129	ENSG00000117266
CDK20	HGNC:21420	23552	ENSG00000156345
CDKL1	HGNC:1781	8814	ENSG00000100490
CDKL2	HGNC:1782	8999	ENSG00000138769
CDKL3	HGNC:15483	51265	ENSG00000006837
CDKL4	HGNC:19287	344387	ENSG00000205111
CDKN1A	HGNC:1784	1026	ENSG00000124762
CDKN2AIP	HGNC:24325	55602	ENSG00000168564
CDKN2C	HGNC:1789	1031	ENSG00000123080
CDKN2D	HGNC:1790	1032	ENSG00000129355
CDKN3	HGNC:1791	1033	ENSG00000100526
CDNF	HGNC:24913	441549	ENSG00000185267
CDO1	HGNC:1795	1036	ENSG00000129596
CDPF1	HGNC:33710	150383	ENSG00000205643
CDR2	HGNC:1799	1039	ENSG00000140743
CDR2L	HGNC:29999	30850	ENSG00000109089
CDRT4	HGNC:14383	284040	ENSG00000239704
CDRT15	HGNC:14395	146822	ENSG00000223510
CDRT15L2	HGNC:34075	256223	ENSG00000214819
CDS1	HGNC:1800	1040	ENSG00000163624
CDS2	HGNC:1801	8760	ENSG00000101290
CDV3	HGNC:26928	55573	ENSG00000091527
CDX1	HGNC:1805	1044	ENSG00000113722
CDX2	HGNC:1806	1045	ENSG00000165556
CDX4	HGNC:1808	1046	ENSG00000131264
CDY1B	HGNC:23920	253175	ENSG00000172352
CDY2B	HGNC:23921	203611	ENSG00000129873
CDYL	HGNC:1811	9425	ENSG00000153046
CDYL2	HGNC:23030	124359	ENSG00000166446
CEACAM1	HGNC:1814	634	ENSG00000079385
CEACAM4	HGNC:1816	1089	ENSG00000105352
CEACAM5	HGNC:1817	1048	ENSG00000105388
CEACAM7	HGNC:1819	1087	ENSG00000007306
CEACAM8	HGNC:1820	1088	ENSG00000124469
CEACAM18	HGNC:31949	729767	ENSG00000213822
CEACAM19	HGNC:31951	56971	ENSG00000186567
CEACAM20	HGNC:24879	125931	ENSG00000273777
CEACAM21	HGNC:28834	90273	ENSG00000007129
CEBPB	HGNC:1834	1051	ENSG00000172216
CEBPD	HGNC:1835	1052	ENSG00000221869
CEBPG	HGNC:1837	1054	ENSG00000153879
CEBPZ	HGNC:24218	10153	ENSG00000115816
CEBPZOS	HGNC:49288	100505876	ENSG00000218739
CECR2	HGNC:1840	27443	ENSG00000099954
CELA1	HGNC:3308	1990	ENSG00000139610
CELA2B	HGNC:29995	51032	ENSG00000215704
CELA3A	HGNC:15944	10136	ENSG00000142789
CELA3B	HGNC:15945	23436	ENSG00000219073
CELF1	HGNC:2549	10658	ENSG00000149187
CELF3	HGNC:11967	11189	ENSG00000159409
CELF4	HGNC:14015	56853	ENSG00000101489
CELF5	HGNC:14058	60680	ENSG00000161082
CELF6	HGNC:14059	60677	ENSG00000140488
CELSR2	HGNC:3231	1952	ENSG00000143126
CELSR3	HGNC:3230	1951	ENSG00000008300
CEMIP2	HGNC:11869	23670	ENSG00000135048
CEMP1	HGNC:32553	752014	ENSG00000205923
CEND1	HGNC:24153	51286	ENSG00000184524
CENPA	HGNC:1851	1058	ENSG00000115163
CENPB	HGNC:1852	1059	ENSG00000125817
CENPC	HGNC:1854	1060	ENSG00000145241
CENPH	HGNC:17268	64946	ENSG00000153044
CENPI	HGNC:3968	2491	ENSG00000102384
CENPK	HGNC:29479	64105	ENSG00000123219
CENPL	HGNC:17879	91687	ENSG00000120334
CENPM	HGNC:18352	79019	ENSG00000100162
CENPN	HGNC:30873	55839	ENSG00000166451
CENPO	HGNC:28152	79172	ENSG00000138092
CENPQ	HGNC:21347	55166	ENSG00000031691
CENPS	HGNC:23163	378708	ENSG00000175279
CENPU	HGNC:21348	79682	ENSG00000151725
CENPV	HGNC:29920	201161	ENSG00000166582
CENPVL1	HGNC:31851	389857	ENSG00000223591
CENPVL2	HGNC:43879	441495	ENSG00000283093
CENPVL3	HGNC:43880	347549	ENSG00000224109
CENPW	HGNC:21488	387103	ENSG00000203760
CENPX	HGNC:11422	201254	ENSG00000169689
CEP15	HGNC:25024	57415	ENSG00000114405
CEP20	HGNC:26435	123811	ENSG00000133393
CEP43	HGNC:17012	11116	ENSG00000213066
CEP44	HGNC:29356	80817	ENSG00000164118
CEP57L1	HGNC:21561	285753	ENSG00000183137
CEP68	HGNC:29076	23177	ENSG00000011523
CEP70	HGNC:29972	80321	ENSG00000114107
CEP72	HGNC:25547	55722	ENSG00000112877
CEP76	HGNC:25727	79959	ENSG00000101624
CEP85	HGNC:25309	64793	ENSG00000130695
CEP89	HGNC:25907	84902	ENSG00000121289
CEP95	HGNC:25141	90799	ENSG00000258890
CEP97	HGNC:26244	79598	ENSG00000182504
CEP128	HGNC:20359	145508	ENSG00000100629
CEP131	HGNC:29511	22994	ENSG00000141577
CEP162	HGNC:21107	22832	ENSG00000135315
CEP170	HGNC:28920	9859	ENSG00000143702
CEP170B	HGNC:20362	283638	ENSG00000099814
CEP192	HGNC:25515	55125	ENSG00000101639
CEP295NL	HGNC:44659	100653515	ENSG00000178404
CEP350	HGNC:24238	9857	ENSG00000135837
CEPT1	HGNC:24289	10390	ENSG00000134255
CER1	HGNC:1862	9350	ENSG00000147869
CERCAM	HGNC:23723	51148	ENSG00000167123
CERK	HGNC:19256	64781	ENSG00000100422
CERS2	HGNC:14076	29956	ENSG00000143418
CERS4	HGNC:23747	79603	ENSG00000090661
CERS5	HGNC:23749	91012	ENSG00000139624
CERS6	HGNC:23826	253782	ENSG00000172292
CES2	HGNC:1864	8824	ENSG00000172831
CES3	HGNC:1865	23491	ENSG00000172828
CES4A	HGNC:26741	283848	ENSG00000172824
CES5A	HGNC:26459	221223	ENSG00000159398
CETN1	HGNC:1866	1068	ENSG00000177143
CETN2	HGNC:1867	1069	ENSG00000147400
CETN3	HGNC:1868	1070	ENSG00000153140
CFAP20	HGNC:29523	29105	ENSG00000070761
CFAP20DC	HGNC:24763	200844	ENSG00000163689
CFAP36	HGNC:30540	112942	ENSG00000163001
CFAP68	HGNC:1163	64776	ENSG00000137720
CFAP73	HGNC:37100	387885	ENSG00000186710
CFAP77	HGNC:33776	389799	ENSG00000188523
CFAP90	HGNC:27028	134121	ENSG00000215217
CFAP92	HGNC:29231	57501	ENSG00000114656
CFAP95	HGNC:31422	138255	ENSG00000204711
CFAP96	HGNC:34346	441054	ENSG00000205129
CFAP97	HGNC:29276	57587	ENSG00000164323
CFAP97D1	HGNC:37241	284067	ENSG00000231256
CFAP97D2	HGNC:53789	101929355	ENSG00000283361
CFAP99	HGNC:51180	402160	ENSG00000206113
CFAP100	HGNC:26842	348807	ENSG00000163885
CFAP107	HGNC:28567	93190	ENSG00000157330
CFAP119	HGNC:28078	90835	ENSG00000196118
CFAP126	HGNC:32325	257177	ENSG00000188931
CFAP141	HGNC:32305	388701	ENSG00000163263
CFAP144	HGNC:34347	440585	ENSG00000186973
CFAP157	HGNC:27843	286207	ENSG00000160401
CFAP161	HGNC:26782	161502	ENSG00000156206
CFAP184	HGNC:26900	257236	ENSG00000173013
CFAP210	HGNC:25064	129881	ENSG00000154479
CFAP263	HGNC:25002	29070	ENSG00000103021
CFAP276	HGNC:32331	127003	ENSG00000179902
CFAP299	HGNC:28554	255119	ENSG00000197826
CFC1B	HGNC:33983	653275	ENSG00000152093
CFDP1	HGNC:1873	10428	ENSG00000153774
CFL1	HGNC:1874	1072	ENSG00000172757
CFLAR	HGNC:1876	8837	ENSG00000003402
CGA	HGNC:1885	1081	ENSG00000135346
CGAS	HGNC:21367	115004	ENSG00000164430
CGB1	HGNC:16721	114335	ENSG00000267631
CGB2	HGNC:16722	114336	ENSG00000104818
CGB3	HGNC:1886	1082	ENSG00000104827
CGB5	HGNC:16452	93659	ENSG00000189052
CGB7	HGNC:16451	94027	ENSG00000196337
CGB8	HGNC:16453	94115	ENSG00000213030
CGGBP1	HGNC:1888	8545	ENSG00000163320
CGN	HGNC:17429	57530	ENSG00000143375
CGNL1	HGNC:25931	84952	ENSG00000128849
CGREF1	HGNC:16962	10669	ENSG00000138028
CGRRF1	HGNC:15528	10668	ENSG00000100532
CH25H	HGNC:1907	9023	ENSG00000138135
CHAC1	HGNC:28680	79094	ENSG00000128965
CHAC2	HGNC:32363	494143	ENSG00000143942
CHAD	HGNC:1909	1101	ENSG00000136457
CHADL	HGNC:25165	150356	ENSG00000100399
CHAF1A	HGNC:1910	10036	ENSG00000167670
CHAF1B	HGNC:1911	8208	ENSG00000159259
CHCHD1	HGNC:23518	118487	ENSG00000172586
CHCHD3	HGNC:21906	54927	ENSG00000106554
CHCHD4	HGNC:26467	131474	ENSG00000163528
CHCHD5	HGNC:17840	84269	ENSG00000125611
CHCHD6	HGNC:28184	84303	ENSG00000159685
CHCHD7	HGNC:28314	79145	ENSG00000170791
CHCT1	HGNC:26990	124773	ENSG00000141371
CHD9	HGNC:25701	80205	ENSG00000177200
CHD9NB	HGNC:53436	105371267	ENSG00000277639
CHDH	HGNC:24288	55349	ENSG00000016391
CHERP	HGNC:16930	10523	ENSG00000085872
CHFR	HGNC:20455	55743	ENSG00000072609
CHGA	HGNC:1929	1113	ENSG00000100604
CHGB	HGNC:1930	1114	ENSG00000089199
CHI3L2	HGNC:1933	1117	ENSG00000064886
CHIA	HGNC:17432	27159	ENSG00000134216
CHIC1	HGNC:1934	53344	ENSG00000204116
CHID1	HGNC:28474	66005	ENSG00000177830
CHL1	HGNC:1939	10752	ENSG00000134121
CHLSN	HGNC:22421	84310	ENSG00000146540
CHML	HGNC:1941	1122	ENSG00000203668
CHMP1B	HGNC:24287	57132	ENSG00000255112
CHMP2A	HGNC:30216	27243	ENSG00000130724
CHMP3	HGNC:29865	51652	ENSG00000115561
CHMP4A	HGNC:20274	29082	ENSG00000254505
CHMP4C	HGNC:30599	92421	ENSG00000164695
CHMP5	HGNC:26942	51510	ENSG00000086065
CHMP6	HGNC:25675	79643	ENSG00000176108
CHMP7	HGNC:28439	91782	ENSG00000147457
CHN2	HGNC:1944	1124	ENSG00000106069
CHODL	HGNC:17807	140578	ENSG00000154645
CHORDC1	HGNC:14525	26973	ENSG00000110172
CHP2	HGNC:24927	63928	ENSG00000166869
CHPF	HGNC:24291	79586	ENSG00000123989
CHPF2	HGNC:29270	54480	ENSG00000033100
CHPT1	HGNC:17852	56994	ENSG00000111666
CHRAC1	HGNC:13544	54108	ENSG00000104472
CHRDL2	HGNC:24168	25884	ENSG00000054938
CHRFAM7A	HGNC:15781	89832	ENSG00000166664
CHRM1	HGNC:1950	1128	ENSG00000168539
CHRM2	HGNC:1951	1129	ENSG00000181072
CHRM4	HGNC:1953	1132	ENSG00000180720
CHRM5	HGNC:1954	1133	ENSG00000184984
CHRNA6	HGNC:15963	8973	ENSG00000147434
CHRNA9	HGNC:14079	55584	ENSG00000174343
CHRNA10	HGNC:13800	57053	ENSG00000129749
CHRNB3	HGNC:1963	1142	ENSG00000147432
CHRNB4	HGNC:1964	1143	ENSG00000117971
CHST1	HGNC:1969	8534	ENSG00000175264
CHST2	HGNC:1970	9435	ENSG00000175040
CHST4	HGNC:1972	10164	ENSG00000140835
CHST5	HGNC:1973	23563	ENSG00000135702
CHST7	HGNC:13817	56548	ENSG00000147119
CHST9	HGNC:19898	83539	ENSG00000154080
CHST10	HGNC:19650	9486	ENSG00000115526
CHST12	HGNC:17423	55501	ENSG00000136213
CHST13	HGNC:21755	166012	ENSG00000180767
CHST15	HGNC:18137	51363	ENSG00000182022
CHSY3	HGNC:24293	337876	ENSG00000198108
CHTF8	HGNC:24353	54921	ENSG00000168802
CHTF18	HGNC:18435	63922	ENSG00000127586
CHTOP	HGNC:24511	26097	ENSG00000160679
CHURC1	HGNC:20099	91612	ENSG00000258289
CIAO1	HGNC:14280	9391	ENSG00000144021
CIAO2A	HGNC:26235	84191	ENSG00000166797
CIAO2B	HGNC:24261	51647	ENSG00000166595
CIAO3	HGNC:14179	64428	ENSG00000103245
CIAPIN1	HGNC:28050	57019	ENSG00000005194
CIART	HGNC:25200	148523	ENSG00000159208
CIB3	HGNC:24580	117286	ENSG00000141977
CIB4	HGNC:33703	130106	ENSG00000157884
CIBAR2	HGNC:24781	339145	ENSG00000153789
CIDEA	HGNC:1976	1149	ENSG00000176194
CIDEB	HGNC:1977	27141	ENSG00000136305
CILP2	HGNC:24213	148113	ENSG00000160161
CIMAP1A	HGNC:19905	113746	ENSG00000177947
CIMAP1B	HGNC:34388	440836	ENSG00000177989
CIMAP1C	HGNC:28735	161753	ENSG00000182950
CIMAP1D	HGNC:26841	284451	ENSG00000181781
CIMAP2	HGNC:26854	163747	ENSG00000162398
CIMAP3	HGNC:27009	128344	ENSG00000173947
CIMIP1	HGNC:16216	128602	ENSG00000124237
CIMIP2A	HGNC:33818	401565	ENSG00000188163
CIMIP2B	HGNC:34242	730112	ENSG00000215187
CIMIP2C	HGNC:27938	339778	ENSG00000173557
CIMIP3	HGNC:55126	114841037	ENSG00000287363
CIMIP4	HGNC:28568	339669	ENSG00000185264
CIMIP5	HGNC:26324	130813	ENSG00000150873
CIMIP6	HGNC:26861	129852	ENSG00000177994
CIMIP7	HGNC:44666	646498	ENSG00000236980
CINP	HGNC:23789	51550	ENSG00000100865
CIP2A	HGNC:29302	57650	ENSG00000163507
CIPC	HGNC:20365	85457	ENSG00000198894
CIRBP	HGNC:1982	1153	ENSG00000099622
CIRSR	HGNC:24217	9541	ENSG00000138433
CISD1	HGNC:30880	55847	ENSG00000122873
CISD3	HGNC:27578	284106	ENSG00000277972
CIST1	HGNC:55823	729966	ENSG00000284797
CITED1	HGNC:1986	4435	ENSG00000125931
CITED4	HGNC:18696	163732	ENSG00000179862
CKAP2	HGNC:1990	26586	ENSG00000136108
CKAP4	HGNC:16991	10970	ENSG00000136026
CKAP5	HGNC:28959	9793	ENSG00000175216
CKB	HGNC:1991	1152	ENSG00000166165
CKLF	HGNC:13253	51192	ENSG00000217555
CKM	HGNC:1994	1158	ENSG00000104879
CKMT1A	HGNC:31736	548596	ENSG00000223572
CKMT1B	HGNC:1995	1159	ENSG00000237289
CKMT2	HGNC:1996	1160	ENSG00000131730
CKS1B	HGNC:19083	1163	ENSG00000173207
CKS2	HGNC:2000	1164	ENSG00000123975
CLASP1	HGNC:17088	23332	ENSG00000074054
CLASP2	HGNC:17078	23122	ENSG00000163539
CLASRP	HGNC:17731	11129	ENSG00000104859
CLBA1	HGNC:20126	122616	ENSG00000140104
CLC	HGNC:2014	1178	ENSG00000105205
CLCA1	HGNC:2015	1179	ENSG00000016490
CLCA2	HGNC:2016	9635	ENSG00000137975
CLDN3	HGNC:2045	1365	ENSG00000165215
CLDN4	HGNC:2046	1364	ENSG00000189143
CLDN5	HGNC:2047	7122	ENSG00000184113
CLDN6	HGNC:2048	9074	ENSG00000184697
CLDN7	HGNC:2049	1366	ENSG00000181885
CLDN8	HGNC:2050	9073	ENSG00000156284
CLDN12	HGNC:2034	9069	ENSG00000157224
CLDN15	HGNC:2036	24146	ENSG00000106404
CLDN17	HGNC:2038	26285	ENSG00000156282
CLDN18	HGNC:2039	51208	ENSG00000066405
CLDN20	HGNC:2042	49861	ENSG00000171217
CLDN22	HGNC:2044	53842	ENSG00000177300
CLDN23	HGNC:17591	137075	ENSG00000253958
CLDN24	HGNC:37200	100132463	ENSG00000185758
CLDN25	HGNC:37218	644672	ENSG00000228607
CLDN34	HGNC:51259	100288814	ENSG00000234469
CLDND1	HGNC:1322	56650	ENSG00000080822
CLDND2	HGNC:28511	125875	ENSG00000160318
CLEC1B	HGNC:24356	51266	ENSG00000165682
CLEC2A	HGNC:24191	387836	ENSG00000188393
CLEC2B	HGNC:2053	9976	ENSG00000110852
CLEC2D	HGNC:14351	29121	ENSG00000069493
CLEC2L	HGNC:21969	154790	ENSG00000236279
CLEC3A	HGNC:2052	10143	ENSG00000166509
CLEC4A	HGNC:13257	50856	ENSG00000111729
CLEC4C	HGNC:13258	170482	ENSG00000198178
CLEC4D	HGNC:14554	338339	ENSG00000166527
CLEC4E	HGNC:14555	26253	ENSG00000166523
CLEC4F	HGNC:25357	165530	ENSG00000152672
CLEC4G	HGNC:24591	339390	ENSG00000182566
CLEC4M	HGNC:13523	10332	ENSG00000104938
CLEC5A	HGNC:2054	23601	ENSG00000258227
CLEC6A	HGNC:14556	93978	ENSG00000205846
CLEC9A	HGNC:26705	283420	ENSG00000197992
CLEC10A	HGNC:16916	10462	ENSG00000132514
CLEC11A	HGNC:10576	6320	ENSG00000105472
CLEC12A	HGNC:31713	160364	ENSG00000172322
CLEC12B	HGNC:31966	387837	ENSG00000256660
CLEC14A	HGNC:19832	161198	ENSG00000176435
CLEC16A	HGNC:29013	23274	ENSG00000038532
CLEC17A	HGNC:34520	388512	ENSG00000187912
CLEC18A	HGNC:30388	348174	ENSG00000157322
CLEC18B	HGNC:33849	497190	ENSG00000140839
CLEC18C	HGNC:28538	283971	ENSG00000157335
CLEC19A	HGNC:34522	728276	ENSG00000261210
CLEC20A	HGNC:34521	400797	ENSG00000188585
CLECL1	HGNC:24462	160365	ENSG00000184293
CLGN	HGNC:2060	1047	ENSG00000153132
CLHC1	HGNC:26453	130162	ENSG00000162994
CLIC1	HGNC:2062	1192	ENSG00000213719
CLIC3	HGNC:2064	9022	ENSG00000169583
CLIC4	HGNC:13518	25932	ENSG00000169504
CLIC6	HGNC:2065	54102	ENSG00000159212
CLINT1	HGNC:23186	9685	ENSG00000113282
CLIP3	HGNC:24314	25999	ENSG00000105270
CLIP4	HGNC:26108	79745	ENSG00000115295
CLK1	HGNC:2068	1195	ENSG00000013441
CLK2	HGNC:2069	1196	ENSG00000176444
CLK3	HGNC:2071	1198	ENSG00000179335
CLK4	HGNC:13659	57396	ENSG00000113240
CLMB	HGNC:23362	404550	ENSG00000154102
CLMN	HGNC:19972	79789	ENSG00000165959
CLNK	HGNC:17438	116449	ENSG00000109684
CLNS1A	HGNC:2080	1207	ENSG00000074201
CLOCK	HGNC:2082	9575	ENSG00000134852
CLPS	HGNC:2085	1208	ENSG00000137392
CLPSL1	HGNC:21251	340204	ENSG00000204140
CLPSL2	HGNC:21250	389383	ENSG00000196748
CLPTM1	HGNC:2087	1209	ENSG00000104853
CLPTM1L	HGNC:24308	81037	ENSG00000049656
CLRN3	HGNC:20795	119467	ENSG00000180745
CLSPN	HGNC:19715	63967	ENSG00000092853
CLSTN1	HGNC:17447	22883	ENSG00000171603
CLSTN2	HGNC:17448	64084	ENSG00000158258
CLSTN3	HGNC:18371	9746	ENSG00000139182
CLTA	HGNC:2090	1211	ENSG00000122705
CLTB	HGNC:2091	1212	ENSG00000175416
CLU	HGNC:2095	1191	ENSG00000120885
CLUAP1	HGNC:19009	23059	ENSG00000103351
CLUH	HGNC:29094	23277	ENSG00000132361
CLUL1	HGNC:2096	27098	ENSG00000079101
CLVS1	HGNC:23139	157807	ENSG00000177182
CLVS2	HGNC:23046	134829	ENSG00000146352
CLYBL	HGNC:18355	171425	ENSG00000125246
CMA1	HGNC:2097	1215	ENSG00000092009
CMAS	HGNC:18290	55907	ENSG00000111726
CMBL	HGNC:25090	134147	ENSG00000164237
CMC1	HGNC:28783	152100	ENSG00000187118
CMC2	HGNC:24447	56942	ENSG00000103121
CMC4	HGNC:35428	100272147	ENSG00000182712
CMIP	HGNC:24319	80790	ENSG00000153815
CMKLR1	HGNC:2121	1240	ENSG00000174600
CMKLR2	HGNC:4463	2825	ENSG00000183671
CMPK1	HGNC:18170	51727	ENSG00000162368
CMSS1	HGNC:28666	84319	ENSG00000184220
CMTM1	HGNC:19172	113540	ENSG00000089505
CMTM2	HGNC:19173	146225	ENSG00000140932
CMTM3	HGNC:19174	123920	ENSG00000140931
CMTM4	HGNC:19175	146223	ENSG00000183723
CMTM5	HGNC:19176	116173	ENSG00000166091
CMTM6	HGNC:19177	54918	ENSG00000091317
CMTM7	HGNC:19178	112616	ENSG00000153551
CMTM8	HGNC:19179	152189	ENSG00000170293
CMTR1	HGNC:21077	23070	ENSG00000137200
CMTR2	HGNC:25635	55783	ENSG00000180917
CMYA5	HGNC:14305	202333	ENSG00000164309
CNBD1	HGNC:26663	168975	ENSG00000176571
CNBD2	HGNC:16145	140894	ENSG00000149646
CNDP1	HGNC:20675	84735	ENSG00000150656
CNDP2	HGNC:24437	55748	ENSG00000133313
CNEP1R1	HGNC:26759	255919	ENSG00000205423
CNFN	HGNC:30183	84518	ENSG00000105427
CNGA4	HGNC:2152	1262	ENSG00000132259
CNIH1	HGNC:19431	10175	ENSG00000100528
CNIH2	HGNC:28744	254263	ENSG00000174871
CNIH3	HGNC:26802	149111	ENSG00000143786
CNIH4	HGNC:25013	29097	ENSG00000143771
CNKSR1	HGNC:19700	10256	ENSG00000142675
CNKSR3	HGNC:23034	154043	ENSG00000153721
CNMD	HGNC:17005	11061	ENSG00000136110
CNN1	HGNC:2155	1264	ENSG00000130176
CNN2	HGNC:2156	1265	ENSG00000064666
CNN3	HGNC:2157	1266	ENSG00000117519
CNNM1	HGNC:102	26507	ENSG00000119946
CNNM3	HGNC:104	26505	ENSG00000168763
CNOT4	HGNC:7880	4850	ENSG00000080802
CNOT6	HGNC:14099	57472	ENSG00000113300
CNOT6L	HGNC:18042	246175	ENSG00000138767
CNOT7	HGNC:14101	29883	ENSG00000198791
CNOT8	HGNC:9207	9337	ENSG00000155508
CNOT10	HGNC:23817	25904	ENSG00000182973
CNOT11	HGNC:25217	55571	ENSG00000158435
CNP	HGNC:2158	1267	ENSG00000173786
CNPPD1	HGNC:25220	27013	ENSG00000115649
CNPY1	HGNC:27786	285888	ENSG00000146910
CNPY2	HGNC:13529	10330	ENSG00000257727
CNPY4	HGNC:28631	245812	ENSG00000166997
CNR1	HGNC:2159	1268	ENSG00000118432
CNR2	HGNC:2160	1269	ENSG00000188822
CNRIP1	HGNC:24546	25927	ENSG00000119865
CNST	HGNC:26486	163882	ENSG00000162852
CNTD1	HGNC:26847	124817	ENSG00000176563
CNTF	HGNC:2169	1270	ENSG00000242689
CNTFR	HGNC:2170	1271	ENSG00000122756
CNTLN	HGNC:23432	54875	ENSG00000044459
CNTN3	HGNC:2173	5067	ENSG00000113805
CNTN5	HGNC:2175	53942	ENSG00000149972
CNTNAP3	HGNC:13834	79937	ENSG00000106714
CNTNAP3B	HGNC:32035	728577	ENSG00000154529
CNTNAP3C	HGNC:53878	100289279	ENSG00000283378
CNTNAP4	HGNC:18747	85445	ENSG00000152910
CNTRL	HGNC:1858	11064	ENSG00000119397
CNTROB	HGNC:29616	116840	ENSG00000170037
COA1	HGNC:21868	55744	ENSG00000106603
COA4	HGNC:24604	51287	ENSG00000181924
COBL	HGNC:22199	23242	ENSG00000106078
COIL	HGNC:2184	8161	ENSG00000121058
COL5A3	HGNC:14864	50509	ENSG00000080573
COL6A5	HGNC:26674	256076	ENSG00000172752
COL6A6	HGNC:27023	131873	ENSG00000206384
COL8A1	HGNC:2215	1295	ENSG00000144810
COL15A1	HGNC:2192	1306	ENSG00000204291
COL16A1	HGNC:2193	1307	ENSG00000084636
COL19A1	HGNC:2196	1310	ENSG00000082293
COL20A1	HGNC:14670	57642	ENSG00000101203
COL21A1	HGNC:17025	81578	ENSG00000124749
COL22A1	HGNC:22989	169044	ENSG00000169436
COL23A1	HGNC:22990	91522	ENSG00000050767
COL24A1	HGNC:20821	255631	ENSG00000171502
COL26A1	HGNC:18038	136227	ENSG00000160963
COL28A1	HGNC:22442	340267	ENSG00000215018
COLEC12	HGNC:16016	81035	ENSG00000158270
COLGALT2	HGNC:16790	23127	ENSG00000198756
COMMD1	HGNC:23024	150684	ENSG00000173163
COMMD2	HGNC:24993	51122	ENSG00000114744
COMMD3	HGNC:23332	23412	ENSG00000148444
COMMD4	HGNC:26027	54939	ENSG00000140365
COMMD5	HGNC:17902	28991	ENSG00000170619
COMMD6	HGNC:24015	170622	ENSG00000188243
COMMD7	HGNC:16223	149951	ENSG00000149600
COMMD8	HGNC:26036	54951	ENSG00000169019
COMMD9	HGNC:25014	29099	ENSG00000110442
COMMD10	HGNC:30201	51397	ENSG00000145781
COMTD1	HGNC:26309	118881	ENSG00000165644
COP1	HGNC:17440	64326	ENSG00000143207
COPE	HGNC:2234	11316	ENSG00000105669
COPG2	HGNC:2237	26958	ENSG00000158623
COPRS	HGNC:28848	55352	ENSG00000172301
COPS2	HGNC:30747	9318	ENSG00000166200
COPS3	HGNC:2239	8533	ENSG00000141030
COPS4	HGNC:16702	51138	ENSG00000138663
COPS5	HGNC:2240	10987	ENSG00000121022
COPS6	HGNC:21749	10980	ENSG00000168090
COPS7A	HGNC:16758	50813	ENSG00000111652
COPS7B	HGNC:16760	64708	ENSG00000144524
COPS8	HGNC:24335	10920	ENSG00000198612
COPS9	HGNC:21314	150678	ENSG00000172428
COPZ2	HGNC:19356	51226	ENSG00000005243
COQ3	HGNC:18175	51805	ENSG00000132423
COQ10A	HGNC:26515	93058	ENSG00000135469
COQ10B	HGNC:25819	80219	ENSG00000115520
CORO1B	HGNC:2253	57175	ENSG00000172725
CORO1C	HGNC:2254	23603	ENSG00000110880
CORO2A	HGNC:2255	7464	ENSG00000106789
CORO2B	HGNC:2256	10391	ENSG00000103647
CORO6	HGNC:21356	84940	ENSG00000167549
CORO7	HGNC:26161	79585	ENSG00000262246
CORT	HGNC:2257	1325	ENSG00000241563
COTL1	HGNC:18304	23406	ENSG00000103187
COX5B	HGNC:2269	1329	ENSG00000135940
COX6B2	HGNC:24380	125965	ENSG00000160471
COX6C	HGNC:2285	1345	ENSG00000164919
COX7A1	HGNC:2287	1346	ENSG00000161281
COX7A2	HGNC:2288	1347	ENSG00000112695
COX7A2L	HGNC:2289	9167	ENSG00000115944
COX7B2	HGNC:24381	170712	ENSG00000170516
COX7C	HGNC:2292	1350	ENSG00000127184
COX8C	HGNC:24382	341947	ENSG00000187581
COX17	HGNC:2264	10063	ENSG00000138495
COX19	HGNC:28074	90639	ENSG00000240230
COXFA4L2	HGNC:29836	56901	ENSG00000185633
COXFA4L3	HGNC:29898	84419	ENSG00000166920
CPA2	HGNC:2297	1358	ENSG00000158516
CPA3	HGNC:2298	1359	ENSG00000163751
CPA4	HGNC:15740	51200	ENSG00000128510
CPA5	HGNC:15722	93979	ENSG00000158525
CPB1	HGNC:2299	1360	ENSG00000153002
CPB2	HGNC:2300	1361	ENSG00000080618
CPD	HGNC:2301	1362	ENSG00000108582
CPEB1	HGNC:21744	64506	ENSG00000214575
CPEB2	HGNC:21745	132864	ENSG00000137449
CPEB3	HGNC:21746	22849	ENSG00000107864
CPEB4	HGNC:21747	80315	ENSG00000113742
CPED1	HGNC:26159	79974	ENSG00000106034
CPHXL	HGNC:51815	105371346	ENSG00000283755
CPHXL2	HGNC:55919	112268164	ENSG00000284484
CPLANE2	HGNC:28127	79363	ENSG00000132881
CPLX2	HGNC:2310	10814	ENSG00000145920
CPLX3	HGNC:27652	594855	ENSG00000213578
CPLX4	HGNC:24330	339302	ENSG00000166569
CPM	HGNC:2311	1368	ENSG00000135678
CPN2	HGNC:2313	1370	ENSG00000178772
CPNE1	HGNC:2314	8904	ENSG00000214078
CPNE2	HGNC:2315	221184	ENSG00000140848
CPNE3	HGNC:2316	8895	ENSG00000085719
CPNE4	HGNC:2317	131034	ENSG00000196353
CPNE5	HGNC:2318	57699	ENSG00000124772
CPNE6	HGNC:2319	9362	ENSG00000100884
CPNE7	HGNC:2320	27132	ENSG00000178773
CPNE8	HGNC:23498	144402	ENSG00000139117
CPNE9	HGNC:24336	151835	ENSG00000144550
CPO	HGNC:21011	130749	ENSG00000144410
CPPED1	HGNC:25632	55313	ENSG00000103381
CPQ	HGNC:16910	10404	ENSG00000104324
CPSF2	HGNC:2325	53981	ENSG00000165934
CPSF4	HGNC:2327	10898	ENSG00000160917
CPSF4L	HGNC:33632	642843	ENSG00000187959
CPSF6	HGNC:13871	11052	ENSG00000111605
CPSF7	HGNC:30098	79869	ENSG00000149532
CPTP	HGNC:28116	80772	ENSG00000224051
CPVL	HGNC:14399	54504	ENSG00000106066
CPXCR1	HGNC:2332	53336	ENSG00000147183
CPXM1	HGNC:15771	56265	ENSG00000088882
CPXM2	HGNC:26977	119587	ENSG00000121898
CPZ	HGNC:2333	8532	ENSG00000109625
CR1L	HGNC:2335	1379	ENSG00000197721
CRABP1	HGNC:2338	1381	ENSG00000166426
CRABP2	HGNC:2339	1382	ENSG00000143320
CRACD	HGNC:29219	57482	ENSG00000109265
CRACDL	HGNC:33454	343990	ENSG00000196872
CRACR2B	HGNC:28703	283229	ENSG00000177685
CRAMP1	HGNC:14122	57585	ENSG00000007545
CRB3	HGNC:20237	92359	ENSG00000130545
CRCP	HGNC:17888	27297	ENSG00000241258
CRCT1	HGNC:29875	54544	ENSG00000169509
CREB3	HGNC:2347	10488	ENSG00000107175
CREB3L4	HGNC:18854	148327	ENSG00000143578
CREB5	HGNC:16844	9586	ENSG00000146592
CREBL2	HGNC:2350	1389	ENSG00000111269
CREBRF	HGNC:24050	153222	ENSG00000164463
CREBZF	HGNC:24905	58487	ENSG00000137504
CREG1	HGNC:2351	8804	ENSG00000143162
CREG2	HGNC:14272	200407	ENSG00000175874
CRELD2	HGNC:28150	79174	ENSG00000184164
CREM	HGNC:2352	1390	ENSG00000095794
CRHBP	HGNC:2356	1393	ENSG00000145708
CRHR1	HGNC:2357	1394	ENSG00000120088
CRHR2	HGNC:2358	1395	ENSG00000106113
CRIP1	HGNC:2360	1396	ENSG00000213145
CRIP2	HGNC:2361	1397	ENSG00000182809
CRIP3	HGNC:17751	401262	ENSG00000146215
CRIPTO3	HGNC:11703	6998	ENSG00000225366
CRISP1	HGNC:304	167	ENSG00000124812
CRISP2	HGNC:12024	7180	ENSG00000124490
CRISP3	HGNC:16904	10321	ENSG00000096006
CRISPLD1	HGNC:18206	83690	ENSG00000121005
CRISPLD2	HGNC:25248	83716	ENSG00000103196
CRK	HGNC:2362	1398	ENSG00000167193
CRLF2	HGNC:14281	64109	ENSG00000205755
CRLF3	HGNC:17177	51379	ENSG00000176390
CRMP1	HGNC:2365	1400	ENSG00000072832
CRNN	HGNC:1230	49860	ENSG00000143536
CROCC	HGNC:21299	9696	ENSG00000058453
CROCC2	HGNC:51677	728763	ENSG00000226321
CROT	HGNC:2366	54677	ENSG00000005469
CRP	HGNC:2367	1401	ENSG00000132693
CRTAC1	HGNC:14882	55118	ENSG00000095713
CRTAM	HGNC:24313	56253	ENSG00000109943
CRTC1	HGNC:16062	23373	ENSG00000105662
CRTC2	HGNC:27301	200186	ENSG00000160741
CRTC3	HGNC:26148	64784	ENSG00000140577
CRY2	HGNC:2385	1408	ENSG00000121671
CRYBG1	HGNC:356	202	ENSG00000112297
CRYBG2	HGNC:17295	55057	ENSG00000176092
CRYBG3	HGNC:34427	131544	ENSG00000080200
CRYGA	HGNC:2408	1418	ENSG00000168582
CRYGN	HGNC:20458	155051	ENSG00000127377
CRYL1	HGNC:18246	51084	ENSG00000165475
CRYZ	HGNC:2419	1429	ENSG00000116791
CRYZL1	HGNC:2420	9946	ENSG00000205758
CS	HGNC:2422	1431	ENSG00000062485
CSAD	HGNC:18966	51380	ENSG00000139631
CSAG1	HGNC:24294	158511	ENSG00000198930
CSAG2	HGNC:16847	102723547	ENSG00000268902
CSAG3	HGNC:26237	389903	ENSG00000268916
CSDC2	HGNC:30359	27254	ENSG00000172346
CSE1L	HGNC:2431	1434	ENSG00000124207
CSF1	HGNC:2432	1435	ENSG00000184371
CSF2	HGNC:2434	1437	ENSG00000164400
CSF3	HGNC:2438	1440	ENSG00000108342
CSGALNACT2	HGNC:24292	55454	ENSG00000169826
CSH1	HGNC:2440	1442	ENSG00000136488
CSH2	HGNC:2441	1443	ENSG00000213218
CSHL1	HGNC:2442	1444	ENSG00000204414
CSK	HGNC:2444	1445	ENSG00000103653
CSKMT	HGNC:33113	751071	ENSG00000214756
CSMD1	HGNC:14026	64478	ENSG00000183117
CSMD2	HGNC:19290	114784	ENSG00000121904
CSMD3	HGNC:19291	114788	ENSG00000164796
CSN1S1	HGNC:2445	1446	ENSG00000126545
CSN2	HGNC:2447	1447	ENSG00000135222
CSN3	HGNC:2446	1448	ENSG00000171209
CSNK1A1	HGNC:2451	1452	ENSG00000113712
CSNK1A1L	HGNC:20289	122011	ENSG00000180138
CSNK1E	HGNC:2453	1454	ENSG00000213923
CSNK1G1	HGNC:2454	53944	ENSG00000169118
CSNK1G2	HGNC:2455	1455	ENSG00000133275
CSNK1G3	HGNC:2456	1456	ENSG00000151292
CSNK2A2	HGNC:2459	1459	ENSG00000070770
CSNK2A2IP	HGNC:53637	111064647	ENSG00000283434
CSNK2A3	HGNC:2458	283106	ENSG00000254598
CSPG4	HGNC:2466	1464	ENSG00000173546
CSPG5	HGNC:2467	10675	ENSG00000114646
CSRNP1	HGNC:14300	64651	ENSG00000144655
CSRNP2	HGNC:16006	81566	ENSG00000110925
CSRNP3	HGNC:30729	80034	ENSG00000178662
CSRP2	HGNC:2470	1466	ENSG00000175183
CST1	HGNC:2473	1469	ENSG00000170373
CST2	HGNC:2474	1470	ENSG00000170369
CST4	HGNC:2476	1472	ENSG00000101441
CST5	HGNC:2477	1473	ENSG00000170367
CST7	HGNC:2479	8530	ENSG00000077984
CST8	HGNC:2480	10047	ENSG00000125815
CST9	HGNC:13261	128822	ENSG00000173335
CST9L	HGNC:16233	128821	ENSG00000101435
CST11	HGNC:15959	140880	ENSG00000125831
CSTF1	HGNC:2483	1477	ENSG00000101138
CSTF2T	HGNC:17086	23283	ENSG00000177613
CSTF3	HGNC:2485	1479	ENSG00000176102
CSTL1	HGNC:15958	128817	ENSG00000125823
CSTPP1	HGNC:28720	79096	ENSG00000149179
CT45A1	HGNC:33267	541466	ENSG00000268940
CT45A2	HGNC:28400	728911	ENSG00000271449
CT45A3	HGNC:33268	441519	ENSG00000269096
CT45A5	HGNC:33270	441521	ENSG00000228836
CT45A6	HGNC:33271	541465	ENSG00000278289
CT45A7	HGNC:51260	101060211	ENSG00000273696
CT45A8	HGNC:51261	102723737	ENSG00000278085
CT45A9	HGNC:51262	102723680	ENSG00000270946
CT45A10	HGNC:51263	102723631	ENSG00000269586
CT47A1	HGNC:33282	728096	ENSG00000236371
CT47A2	HGNC:33283	728090	ENSG00000242362
CT47A3	HGNC:33284	728082	ENSG00000236126
CT47A4	HGNC:33285	728075	ENSG00000230594
CT47A5	HGNC:33286	728072	ENSG00000237957
CT47A6	HGNC:33287	728062	ENSG00000226023
CT47A7	HGNC:33288	653282	ENSG00000228517
CT47A8	HGNC:33289	728049	ENSG00000230347
CT47A9	HGNC:33290	728042	ENSG00000226600
CT47A10	HGNC:33291	728036	ENSG00000224089
CT47A11	HGNC:27397	255313	ENSG00000226929
CT47A12	HGNC:33292	100507170	ENSG00000226685
CT47B1	HGNC:33293	643311	ENSG00000236446
CT47C1	HGNC:53820	727838	ENSG00000277535
CT83	HGNC:33494	203413	ENSG00000204019
CTAG1A	HGNC:24198	246100	ENSG00000268651
CTAG1B	HGNC:2491	1485	ENSG00000184033
CTAG2	HGNC:2492	30848	ENSG00000126890
CTAGE1	HGNC:24346	64693	ENSG00000212710
CTAGE4	HGNC:24772	100128553	ENSG00000288784
CTAGE6	HGNC:28644	340307	ENSG00000271321
CTAGE8	HGNC:37294	100142659	ENSG00000289604
CTAGE9	HGNC:37275	643854	ENSG00000236761
CTAGE15	HGNC:37295	441294	ENSG00000271079
CTBP2	HGNC:2495	1488	ENSG00000175029
CTBS	HGNC:2496	1486	ENSG00000117151
CTCFL	HGNC:16234	140690	ENSG00000124092
CTDNEP1	HGNC:19085	23399	ENSG00000175826
CTDSP1	HGNC:21614	58190	ENSG00000144579
CTDSP2	HGNC:17077	10106	ENSG00000175215
CTDSPL	HGNC:16890	10217	ENSG00000144677
CTDSPL2	HGNC:26936	51496	ENSG00000137770
CTIF	HGNC:23925	9811	ENSG00000134030
CTNNAL1	HGNC:2512	8727	ENSG00000119326
CTNNBIP1	HGNC:16913	56998	ENSG00000178585
CTPS2	HGNC:2520	56474	ENSG00000047230
CTRB1	HGNC:2521	1504	ENSG00000168925
CTRB2	HGNC:2522	440387	ENSG00000168928
CTRL	HGNC:2524	1506	ENSG00000141086
CTSE	HGNC:2530	1510	ENSG00000196188
CTSG	HGNC:2532	1511	ENSG00000100448
CTSL	HGNC:2537	1514	ENSG00000135047
CTSO	HGNC:2542	1519	ENSG00000256043
CTSS	HGNC:2545	1520	ENSG00000163131
CTSV	HGNC:2538	1515	ENSG00000136943
CTSW	HGNC:2546	1521	ENSG00000172543
CTSZ	HGNC:2547	1522	ENSG00000101160
CTTN	HGNC:3338	2017	ENSG00000085733
CTTNBP2	HGNC:15679	83992	ENSG00000077063
CTTNBP2NL	HGNC:25330	55917	ENSG00000143079
CTU1	HGNC:29590	90353	ENSG00000142544
CTXN1	HGNC:31108	404217	ENSG00000178531
CTXN2	HGNC:31109	399697	ENSG00000233932
CTXN3	HGNC:31110	613212	ENSG00000205279
CTXND1	HGNC:50507	100996492	ENSG00000259417
CTXND2	HGNC:53440	100996521	ENSG00000283324
CUEDC1	HGNC:31350	404093	ENSG00000180891
CUEDC2	HGNC:28352	79004	ENSG00000107874
CUL1	HGNC:2551	8454	ENSG00000055130
CUL2	HGNC:2552	8453	ENSG00000108094
CUL4A	HGNC:2554	8451	ENSG00000139842
CUL5	HGNC:2556	8065	ENSG00000166266
CUL9	HGNC:15982	23113	ENSG00000112659
CUTA	HGNC:21101	51596	ENSG00000112514
CUTC	HGNC:24271	51076	ENSG00000119929
CUZD1	HGNC:17937	50624	ENSG00000138161
CWC15	HGNC:26939	51503	ENSG00000150316
CWC22	HGNC:29322	57703	ENSG00000163510
CWC25	HGNC:25989	54883	ENSG00000273559
CWF19L2	HGNC:26508	143884	ENSG00000152404
CWH43	HGNC:26133	80157	ENSG00000109182
CX3CL1	HGNC:10647	6376	ENSG00000006210
CXADR	HGNC:2559	1525	ENSG00000154639
CXCL1	HGNC:4602	2919	ENSG00000163739
CXCL2	HGNC:4603	2920	ENSG00000081041
CXCL3	HGNC:4604	2921	ENSG00000163734
CXCL5	HGNC:10642	6374	ENSG00000163735
CXCL6	HGNC:10643	6372	ENSG00000124875
CXCL8	HGNC:6025	3576	ENSG00000169429
CXCL9	HGNC:7098	4283	ENSG00000138755
CXCL10	HGNC:10637	3627	ENSG00000169245
CXCL11	HGNC:10638	6373	ENSG00000169248
CXCL13	HGNC:10639	10563	ENSG00000156234
CXCL14	HGNC:10640	9547	ENSG00000145824
CXCL16	HGNC:16642	58191	ENSG00000161921
CXCL17	HGNC:19232	284340	ENSG00000189377
CXCR3	HGNC:4540	2833	ENSG00000186810
CXCR5	HGNC:1060	643	ENSG00000160683
CXCR6	HGNC:16647	10663	ENSG00000172215
CXXC1	HGNC:24343	30827	ENSG00000154832
CXXC4	HGNC:24593	80319	ENSG00000168772
CXXC5	HGNC:26943	51523	ENSG00000171604
CXorf38	HGNC:28589	159013	ENSG00000185753
CXorf49	HGNC:30891	100130361	ENSG00000215115
CXorf49B	HGNC:34229	100132994	ENSG00000215113
CXorf49C	HGNC:53552	101059915	ENSG00000283599
CXorf51A	HGNC:30533	100129239	ENSG00000224440
CXorf51B	HGNC:42787	100133053	ENSG00000235699
CXorf58	HGNC:26356	254158	ENSG00000165182
CXorf65	HGNC:33713	158830	ENSG00000204165
CXorf66	HGNC:33743	347487	ENSG00000203933
CYB5B	HGNC:24374	80777	ENSG00000103018
CYB5D1	HGNC:26516	124637	ENSG00000182224
CYB5D2	HGNC:28471	124936	ENSG00000167740
CYB5R1	HGNC:13397	51706	ENSG00000159348
CYB5R2	HGNC:24376	51700	ENSG00000166394
CYB5R4	HGNC:20147	51167	ENSG00000065615
CYB5RL	HGNC:32220	606495	ENSG00000215883
CYB561A3	HGNC:23014	220002	ENSG00000162144
CYB561D1	HGNC:26804	284613	ENSG00000174151
CYB561D2	HGNC:30253	11068	ENSG00000114395
CYBRD1	HGNC:20797	79901	ENSG00000071967
CYFIP1	HGNC:13759	23191	ENSG00000273749
CYGB	HGNC:16505	114757	ENSG00000161544
CYLC2	HGNC:2583	1539	ENSG00000155833
CYP1A1	HGNC:2595	1543	ENSG00000140465
CYP2A7	HGNC:2611	1549	ENSG00000198077
CYP2A13	HGNC:2608	1553	ENSG00000197838
CYP2C18	HGNC:2620	1562	ENSG00000108242
CYP2D7	HGNC:2624	1564	ENSG00000205702
CYP2E1	HGNC:2631	1571	ENSG00000130649
CYP2F1	HGNC:2632	1572	ENSG00000197446
CYP2J2	HGNC:2634	1573	ENSG00000134716
CYP2S1	HGNC:15654	29785	ENSG00000167600
CYP2W1	HGNC:20243	54905	ENSG00000073067
CYP3A7	HGNC:2640	1551	ENSG00000160870
CYP3A43	HGNC:17450	64816	ENSG00000021461
CYP4A11	HGNC:2642	1579	ENSG00000187048
CYP4A22	HGNC:20575	284541	ENSG00000162365
CYP4B1	HGNC:2644	1580	ENSG00000142973
CYP4F2	HGNC:2645	8529	ENSG00000186115
CYP4F3	HGNC:2646	4051	ENSG00000186529
CYP4F8	HGNC:2648	11283	ENSG00000186526
CYP4F11	HGNC:13265	57834	ENSG00000171903
CYP4F12	HGNC:18857	66002	ENSG00000186204
CYP4X1	HGNC:20244	260293	ENSG00000186377
CYP4Z1	HGNC:20583	199974	ENSG00000186160
CYP8B1	HGNC:2653	1582	ENSG00000180432
CYP20A1	HGNC:20576	57404	ENSG00000119004
CYP26A1	HGNC:2603	1592	ENSG00000095596
CYP27C1	HGNC:33480	339761	ENSG00000186684
CYP39A1	HGNC:17449	51302	ENSG00000146233
CYP46A1	HGNC:2641	10858	ENSG00000036530
CYREN	HGNC:22432	78996	ENSG00000122783
CYRIA	HGNC:25373	81553	ENSG00000197872
CYRIB	HGNC:25216	51571	ENSG00000153310
CYSLTR1	HGNC:17451	10800	ENSG00000173198
CYSRT1	HGNC:30529	375791	ENSG00000197191
CYSTM1	HGNC:30239	84418	ENSG00000120306
CYTH1	HGNC:9501	9267	ENSG00000108669
CYTH2	HGNC:9502	9266	ENSG00000105443
CYTH3	HGNC:9504	9265	ENSG00000008256
CYTH4	HGNC:9505	27128	ENSG00000100055
CYTIP	HGNC:9506	9595	ENSG00000115165
CYTL1	HGNC:24435	54360	ENSG00000170891
CYYR1	HGNC:16274	116159	ENSG00000166265
CZIB	HGNC:26059	54987	ENSG00000162384
DAAM1	HGNC:18142	23002	ENSG00000100592
DAB2	HGNC:2662	1601	ENSG00000153071
DAB2IP	HGNC:17294	153090	ENSG00000136848
DACH2	HGNC:16814	117154	ENSG00000126733
DACT2	HGNC:21231	168002	ENSG00000164488
DACT3	HGNC:30745	147906	ENSG00000197380
DAD1	HGNC:2664	1603	ENSG00000129562
DAGLB	HGNC:28923	221955	ENSG00000164535
DAP	HGNC:2672	1611	ENSG00000112977
DAPK1	HGNC:2674	1612	ENSG00000196730
DAPK2	HGNC:2675	23604	ENSG00000035664
DAPK3	HGNC:2676	1613	ENSG00000167657
DAPL1	HGNC:21490	92196	ENSG00000163331
DAPP1	HGNC:16500	27071	ENSG00000070190
DAXX	HGNC:2681	1616	ENSG00000204209
DAZAP1	HGNC:2683	26528	ENSG00000071626
DAZAP2	HGNC:2684	9802	ENSG00000183283
DBF4	HGNC:17364	10926	ENSG00000006634
DBF4B	HGNC:17883	80174	ENSG00000161692
DBI	HGNC:2690	1622	ENSG00000155368
DBN1	HGNC:2695	1627	ENSG00000113758
DBNDD1	HGNC:28455	79007	ENSG00000003249
DBNDD2	HGNC:15881	55861	ENSG00000244274
DBNL	HGNC:2696	28988	ENSG00000136279
DBP	HGNC:2697	1628	ENSG00000105516
DBX1	HGNC:33185	120237	ENSG00000109851
DBX2	HGNC:33186	440097	ENSG00000185610
DCAF1	HGNC:30911	9730	ENSG00000145041
DCAF4	HGNC:20229	26094	ENSG00000119599
DCAF4L1	HGNC:27723	285429	ENSG00000182308
DCAF4L2	HGNC:26657	138009	ENSG00000176566
DCAF5	HGNC:20224	8816	ENSG00000139990
DCAF6	HGNC:30002	55827	ENSG00000143164
DCAF7	HGNC:30915	10238	ENSG00000136485
DCAF8L1	HGNC:31810	139425	ENSG00000226372
DCAF8L2	HGNC:31811	347442	ENSG00000189186
DCAF10	HGNC:23686	79269	ENSG00000122741
DCAF11	HGNC:20258	80344	ENSG00000100897
DCAF12	HGNC:19911	25853	ENSG00000198876
DCAF12L1	HGNC:29395	139170	ENSG00000198889
DCAF12L2	HGNC:32950	340578	ENSG00000198354
DCAF13	HGNC:24535	25879	ENSG00000164934
DCAF15	HGNC:25095	90379	ENSG00000132017
DCAF16	HGNC:25987	54876	ENSG00000163257
DCAKD	HGNC:26238	79877	ENSG00000172992
DCANP1	HGNC:24459	140947	ENSG00000251380
DCBLD1	HGNC:21479	285761	ENSG00000164465
DCBLD2	HGNC:24627	131566	ENSG00000057019
DCD	HGNC:14669	117159	ENSG00000161634
DCDC1	HGNC:20625	341019	ENSG00000170959
DCDC2B	HGNC:32576	149069	ENSG00000222046
DCDC2C	HGNC:32696	728597	ENSG00000214866
DCHS2	HGNC:23111	54798	ENSG00000197410
DCLK1	HGNC:2700	9201	ENSG00000133083
DCLK2	HGNC:19002	166614	ENSG00000170390
DCLK3	HGNC:19005	85443	ENSG00000163673
DCLRE1A	HGNC:17660	9937	ENSG00000198924
DCP1A	HGNC:18714	55802	ENSG00000272886
DCP1B	HGNC:24451	196513	ENSG00000151065
DCP2	HGNC:24452	167227	ENSG00000172795
DCPH1	HGNC:17872	79624	ENSG00000146476
DCST1	HGNC:26539	149095	ENSG00000163357
DCST2	HGNC:26562	127579	ENSG00000163354
DCSTAMP	HGNC:18549	81501	ENSG00000164935
DCTD	HGNC:2710	1635	ENSG00000129187
DCTN3	HGNC:2713	11258	ENSG00000137100
DCTN5	HGNC:24594	84516	ENSG00000166847
DCTN6	HGNC:16964	10671	ENSG00000104671
DCTPP1	HGNC:28777	79077	ENSG00000179958
DCUN1D1	HGNC:18184	54165	ENSG00000043093
DCUN1D2	HGNC:20328	55208	ENSG00000150401
DCUN1D3	HGNC:28734	123879	ENSG00000188215
DCUN1D4	HGNC:28998	23142	ENSG00000109184
DCUN1D5	HGNC:28409	84259	ENSG00000137692
DDA1	HGNC:28360	79016	ENSG00000130311
DDAH1	HGNC:2715	23576	ENSG00000153904
DDAH2	HGNC:2716	23564	ENSG00000213722
DDI1	HGNC:18961	414301	ENSG00000170967
DDI2	HGNC:24578	84301	ENSG00000197312
DDIAS	HGNC:26351	220042	ENSG00000165490
DDIT4	HGNC:24944	54541	ENSG00000168209
DDIT4L	HGNC:30555	115265	ENSG00000145358
DDN	HGNC:24458	23109	ENSG00000181418
DDO	HGNC:2727	8528	ENSG00000203797
DDR1	HGNC:2730	780	ENSG00000204580
DDT	HGNC:2732	1652	ENSG00000099977
DDTL	HGNC:33446	100037417	ENSG00000099974
DDX1	HGNC:2734	1653	ENSG00000079785
DDX4	HGNC:18700	54514	ENSG00000152670
DDX5	HGNC:2746	1655	ENSG00000108654
DDX10	HGNC:2735	1662	ENSG00000178105
DDX11L13	HGNC:37112	138304584	
DDX17	HGNC:2740	10521	ENSG00000100201
DDX18	HGNC:2741	8886	ENSG00000088205
DDX19A	HGNC:25628	55308	ENSG00000168872
DDX19B	HGNC:2742	11269	ENSG00000157349
DDX20	HGNC:2743	11218	ENSG00000064703
DDX21	HGNC:2744	9188	ENSG00000165732
DDX24	HGNC:13266	57062	ENSG00000089737
DDX25	HGNC:18698	29118	ENSG00000109832
DDX27	HGNC:15837	55661	ENSG00000124228
DDX28	HGNC:17330	55794	ENSG00000182810
DDX31	HGNC:16715	64794	ENSG00000125485
DDX39A	HGNC:17821	10212	ENSG00000123136
DDX39B	HGNC:13917	7919	ENSG00000198563
DDX42	HGNC:18676	11325	ENSG00000198231
DDX43	HGNC:18677	55510	ENSG00000080007
DDX46	HGNC:18681	9879	ENSG00000145833
DDX47	HGNC:18682	51202	ENSG00000213782
DDX49	HGNC:18684	54555	ENSG00000105671
DDX50	HGNC:17906	79009	ENSG00000107625
DDX51	HGNC:20082	317781	ENSG00000185163
DDX52	HGNC:20038	11056	ENSG00000278053
DDX53	HGNC:20083	168400	ENSG00000184735
DDX54	HGNC:20084	79039	ENSG00000123064
DDX55	HGNC:20085	57696	ENSG00000111364
DDX56	HGNC:18193	54606	ENSG00000136271
DDX60	HGNC:25942	55601	ENSG00000137628
DDX60L	HGNC:26429	91351	ENSG00000181381
DECR2	HGNC:2754	26063	ENSG00000242612
DEDD	HGNC:2755	9191	ENSG00000158796
DEDD2	HGNC:24450	162989	ENSG00000160570
DEF8	HGNC:25969	54849	ENSG00000140995
DEFA1	HGNC:2761	1667	ENSG00000206047
DEFA1B	HGNC:33596	728358	ENSG00000240247
DEFA3	HGNC:2762	1668	ENSG00000239839
DEFA4	HGNC:2763	1669	ENSG00000164821
DEFA5	HGNC:2764	1670	ENSG00000164816
DEFA6	HGNC:2765	1671	ENSG00000164822
DEFB1	HGNC:2766	1672	ENSG00000164825
DEFB4A	HGNC:2767	1673	ENSG00000171711
DEFB4B	HGNC:30193	100289462	ENSG00000177257
DEFB103A	HGNC:15967	414325	ENSG00000176797
DEFB103B	HGNC:31702	55894	ENSG00000177243
DEFB104A	HGNC:18115	140596	ENSG00000176782
DEFB104B	HGNC:26165	503618	ENSG00000177023
DEFB105A	HGNC:18087	245908	ENSG00000186562
DEFB105B	HGNC:29930	504180	ENSG00000186599
DEFB106A	HGNC:18088	245909	ENSG00000186579
DEFB106B	HGNC:28879	503841	ENSG00000187082
DEFB107A	HGNC:18086	245910	ENSG00000186572
DEFB107B	HGNC:31918	503614	ENSG00000198129
DEFB108B	HGNC:29966	245911	ENSG00000184276
DEFB109B	HGNC:33469	641517	ENSG00000206034
DEFB109C	HGNC:43844	100286963	ENSG00000205989
DEFB109D	HGNC:30838	503838	ENSG00000254866
DEFB110	HGNC:18091	245913	ENSG00000203970
DEFB112	HGNC:18093	245915	ENSG00000180872
DEFB113	HGNC:18094	245927	ENSG00000214642
DEFB114	HGNC:18095	245928	ENSG00000177684
DEFB115	HGNC:18096	245929	ENSG00000215547
DEFB116	HGNC:18097	245930	ENSG00000215545
DEFB118	HGNC:16196	117285	ENSG00000131068
DEFB119	HGNC:18099	245932	ENSG00000180483
DEFB121	HGNC:18101	245934	ENSG00000204548
DEFB123	HGNC:18103	245936	ENSG00000180424
DEFB124	HGNC:18104	245937	ENSG00000180383
DEFB125	HGNC:18105	245938	ENSG00000178591
DEFB126	HGNC:15900	81623	ENSG00000125788
DEFB127	HGNC:16206	140850	ENSG00000088782
DEFB128	HGNC:18106	245939	ENSG00000185982
DEFB129	HGNC:16218	140881	ENSG00000125903
DEFB130A	HGNC:18107	245940	ENSG00000232948
DEFB130B	HGNC:39814	100133267	ENSG00000233050
DEFB131A	HGNC:18108	644414	ENSG00000186146
DEFB131B	HGNC:38058	100129216	ENSG00000225805
DEFB132	HGNC:33806	400830	ENSG00000186458
DEFB134	HGNC:32399	613211	ENSG00000205882
DEFB135	HGNC:32400	613209	ENSG00000205883
DEFB136	HGNC:34433	613210	ENSG00000205884
DEGS2	HGNC:20113	123099	ENSG00000168350
DELE1	HGNC:28969	9812	ENSG00000081791
DENND1A	HGNC:29324	57706	ENSG00000119522
DENND1B	HGNC:28404	163486	ENSG00000213047
DENND1C	HGNC:26225	79958	ENSG00000205744
DENND2A	HGNC:22212	27147	ENSG00000146966
DENND2B	HGNC:11350	6764	ENSG00000166444
DENND2C	HGNC:24748	163259	ENSG00000175984
DENND2D	HGNC:26192	79961	ENSG00000162777
DENND3	HGNC:29134	22898	ENSG00000105339
DENND4A	HGNC:24321	10260	ENSG00000174485
DENND4B	HGNC:29044	9909	ENSG00000198837
DENND4C	HGNC:26079	55667	ENSG00000137145
DENND5B	HGNC:28338	160518	ENSG00000170456
DENND6A	HGNC:26635	201627	ENSG00000174839
DENND6B	HGNC:32690	414918	ENSG00000205593
DENND10	HGNC:31793	404636	ENSG00000119979
DENND11	HGNC:29472	57189	ENSG00000257093
DENR	HGNC:2769	8562	ENSG00000139726
DEPDC1	HGNC:22949	55635	ENSG00000024526
DEPDC1B	HGNC:24902	55789	ENSG00000035499
DEPDC4	HGNC:22952	120863	ENSG00000166153
DEPDC7	HGNC:29899	91614	ENSG00000121690
DEPP1	HGNC:23355	11067	ENSG00000165507
DEPTOR	HGNC:22953	64798	ENSG00000155792
DERA	HGNC:24269	51071	ENSG00000023697
DERL1	HGNC:28454	79139	ENSG00000136986
DERL2	HGNC:17943	51009	ENSG00000072849
DERL3	HGNC:14236	91319	ENSG00000099958
DERPC	HGNC:54084	113455421	ENSG00000286140
DESI1	HGNC:24577	27351	ENSG00000100418
DESI2	HGNC:24264	51029	ENSG00000121644
DET1	HGNC:25477	55070	ENSG00000140543
DEUP1	HGNC:26344	159989	ENSG00000165325
DEXI	HGNC:13267	28955	ENSG00000182108
DFFA	HGNC:2772	1676	ENSG00000160049
DFFB	HGNC:2773	1677	ENSG00000169598
DGAT2L6	HGNC:23250	347516	ENSG00000184210
DGCR6L	HGNC:18551	85359	ENSG00000128185
DGKA	HGNC:2849	1606	ENSG00000065357
DGKB	HGNC:2850	1607	ENSG00000136267
DGKD	HGNC:2851	8527	ENSG00000077044
DGKG	HGNC:2853	1608	ENSG00000058866
DGKH	HGNC:2854	160851	ENSG00000102780
DGKI	HGNC:2855	9162	ENSG00000157680
DGKK	HGNC:32395	139189	ENSG00000274588
DGKQ	HGNC:2856	1609	ENSG00000145214
DGKZ	HGNC:2857	8525	ENSG00000149091
DGLUCY	HGNC:20498	80017	ENSG00000133943
DHDH	HGNC:17887	27294	ENSG00000104808
DHFR2	HGNC:27309	200895	ENSG00000178700
DHRS1	HGNC:16445	115817	ENSG00000157379
DHRS2	HGNC:18349	10202	ENSG00000100867
DHRS4	HGNC:16985	10901	ENSG00000157326
DHRS4L2	HGNC:19731	317749	ENSG00000187630
DHRS7	HGNC:21524	51635	ENSG00000100612
DHRS7B	HGNC:24547	25979	ENSG00000109016
DHRS7C	HGNC:32423	201140	ENSG00000184544
DHRS9	HGNC:16888	10170	ENSG00000073737
DHRS11	HGNC:28639	79154	ENSG00000278535
DHRS12	HGNC:25832	79758	ENSG00000102796
DHRS13	HGNC:28326	147015	ENSG00000167536
DHX8	HGNC:2749	1659	ENSG00000067596
DHX15	HGNC:2738	1665	ENSG00000109606
DHX29	HGNC:15815	54505	ENSG00000067248
DHX32	HGNC:16717	55760	ENSG00000089876
DHX33	HGNC:16718	56919	ENSG00000005100
DHX34	HGNC:16719	9704	ENSG00000134815
DHX35	HGNC:15861	60625	ENSG00000101452
DHX36	HGNC:14410	170506	ENSG00000174953
DHX40	HGNC:18018	79665	ENSG00000108406
DHX57	HGNC:20086	90957	ENSG00000163214
DHX58	HGNC:29517	79132	ENSG00000108771
DIDO1	HGNC:2680	11083	ENSG00000101191
DIMT1	HGNC:30217	27292	ENSG00000086189
DIO2	HGNC:2884	1734	ENSG00000211448
DIO3	HGNC:2885	1735	ENSG00000197406
DIP2A	HGNC:17217	23181	ENSG00000160305
DIP2C	HGNC:29150	22982	ENSG00000151240
DIPK1A	HGNC:32213	388650	ENSG00000154511
DIPK1B	HGNC:28290	138311	ENSG00000165716
DIPK1C	HGNC:31729	125704	ENSG00000187773
DIPK2A	HGNC:28490	205428	ENSG00000181744
DIPK2B	HGNC:25866	79742	ENSG00000147113
DIRAS1	HGNC:19127	148252	ENSG00000176490
DIRAS2	HGNC:19323	54769	ENSG00000165023
DIRAS3	HGNC:687	9077	ENSG00000162595
DIS3	HGNC:20604	22894	ENSG00000083520
DIS3L	HGNC:28698	115752	ENSG00000166938
DISP2	HGNC:19712	85455	ENSG00000140323
DISP3	HGNC:29251	57540	ENSG00000204624
DIXDC1	HGNC:23695	85458	ENSG00000150764
DKK2	HGNC:2892	27123	ENSG00000155011
DKK3	HGNC:2893	27122	ENSG00000050165
DKK4	HGNC:2894	27121	ENSG00000104371
DKKL1	HGNC:16528	27120	ENSG00000104901
DLEU7	HGNC:17567	220107	ENSG00000186047
DLG2	HGNC:2901	1740	ENSG00000150672
DLGAP1	HGNC:2905	9229	ENSG00000170579
DLGAP3	HGNC:30368	58512	ENSG00000116544
DLGAP4	HGNC:24476	22839	ENSG00000080845
DLGAP5	HGNC:16864	9787	ENSG00000126787
DLK2	HGNC:21113	65989	ENSG00000171462
DLX1	HGNC:2914	1745	ENSG00000144355
DLX2	HGNC:2915	1746	ENSG00000115844
DMAC1	HGNC:30536	90871	ENSG00000137038
DMAC2	HGNC:25496	55101	ENSG00000105341
DMAC2L	HGNC:18799	27109	ENSG00000125375
DMAP1	HGNC:18291	55929	ENSG00000178028
DMBT1	HGNC:2926	1755	ENSG00000187908
DMBX1	HGNC:19026	127343	ENSG00000197587
DMC1	HGNC:2927	11144	ENSG00000100206
DMKN	HGNC:25063	93099	ENSG00000161249
DMRT3	HGNC:13909	58524	ENSG00000064218
DMRTA1	HGNC:13826	63951	ENSG00000176399
DMRTA2	HGNC:13908	63950	ENSG00000142700
DMRTB1	HGNC:13913	63948	ENSG00000143006
DMRTC1	HGNC:13910	63947	ENSG00000269502
DMRTC1B	HGNC:31686	728656	ENSG00000184911
DMRTC2	HGNC:13911	63946	ENSG00000142025
DMTF1	HGNC:14603	9988	ENSG00000135164
DMTN	HGNC:3382	2039	ENSG00000158856
DMWD	HGNC:2936	1762	ENSG00000185800
DMXL1	HGNC:2937	1657	ENSG00000172869
DNAAF8	HGNC:25081	146562	ENSG00000166246
DNAAF9	HGNC:17721	25943	ENSG00000088854
DNAAF10	HGNC:25176	116143	ENSG00000243667
DNAH3	HGNC:2949	55567	ENSG00000158486
DNAH10OS	HGNC:37121	642797	ENSG00000250091
DNAI3	HGNC:30711	126820	ENSG00000162643
DNAI4	HGNC:26252	79819	ENSG00000152763
DNAI7	HGNC:29599	55259	ENSG00000118307
DNAJA1	HGNC:5229	3301	ENSG00000086061
DNAJA2	HGNC:14884	10294	ENSG00000069345
DNAJA3	HGNC:11808	9093	ENSG00000103423
DNAJA4	HGNC:14885	55466	ENSG00000140403
DNAJB5	HGNC:14887	25822	ENSG00000137094
DNAJB7	HGNC:24986	150353	ENSG00000172404
DNAJB8	HGNC:23699	165721	ENSG00000179407
DNAJB9	HGNC:6968	4189	ENSG00000128590
DNAJB12	HGNC:14891	54788	ENSG00000148719
DNAJB14	HGNC:25881	79982	ENSG00000164031
DNAJC1	HGNC:20090	64215	ENSG00000136770
DNAJC2	HGNC:13192	27000	ENSG00000105821
DNAJC4	HGNC:5271	3338	ENSG00000110011
DNAJC5B	HGNC:24138	85479	ENSG00000147570
DNAJC5G	HGNC:24844	285126	ENSG00000163793
DNAJC8	HGNC:15470	22826	ENSG00000126698
DNAJC9	HGNC:19123	23234	ENSG00000213551
DNAJC10	HGNC:24637	54431	ENSG00000077232
DNAJC11	HGNC:25570	55735	ENSG00000007923
DNAJC14	HGNC:24581	85406	ENSG00000135392
DNAJC15	HGNC:20325	29103	ENSG00000120675
DNAJC16	HGNC:29157	23341	ENSG00000116138
DNAJC17	HGNC:25556	55192	ENSG00000104129
DNAJC18	HGNC:28429	202052	ENSG00000170464
DNAJC22	HGNC:25802	79962	ENSG00000178401
DNAJC24	HGNC:26979	120526	ENSG00000170946
DNAJC25	HGNC:34187	548645	ENSG00000059769
DNAJC27	HGNC:30290	51277	ENSG00000115137
DNAJC28	HGNC:1297	54943	ENSG00000177692
DNASE1L1	HGNC:2957	1774	ENSG00000013563
DNASE1L2	HGNC:2958	1775	ENSG00000167968
DNASE2B	HGNC:28875	58511	ENSG00000137976
DND1	HGNC:23799	373863	ENSG00000256453
DNER	HGNC:24456	92737	ENSG00000187957
DNLZ	HGNC:33879	728489	ENSG00000213221
DNM3	HGNC:29125	26052	ENSG00000197959
DNMT3L	HGNC:2980	29947	ENSG00000142182
DNPEP	HGNC:2981	23549	ENSG00000123992
DNPH1	HGNC:21218	10591	ENSG00000112667
DNTT	HGNC:2983	1791	ENSG00000107447
DNTTIP1	HGNC:16160	116092	ENSG00000101457
DNTTIP2	HGNC:24013	30836	ENSG00000067334
DOC2A	HGNC:2985	8448	ENSG00000149927
DOC2B	HGNC:2986	8447	ENSG00000272636
DOCK1	HGNC:2987	1793	ENSG00000150760
DOCK4	HGNC:19192	9732	ENSG00000128512
DOCK5	HGNC:23476	80005	ENSG00000147459
DOCK9	HGNC:14132	23348	ENSG00000088387
DOCK10	HGNC:23479	55619	ENSG00000135905
DOK1	HGNC:2990	1796	ENSG00000115325
DOK2	HGNC:2991	9046	ENSG00000147443
DOK3	HGNC:24583	79930	ENSG00000146094
DOK4	HGNC:19868	55715	ENSG00000125170
DOK5	HGNC:16173	55816	ENSG00000101134
DOK6	HGNC:28301	220164	ENSG00000206052
DOLPP1	HGNC:29565	57171	ENSG00000167130
DOP1A	HGNC:21194	23033	ENSG00000083097
DOP1B	HGNC:1291	9980	ENSG00000142197
DORIP1	HGNC:19834	122525	ENSG00000179476
DPCD	HGNC:24542	25911	ENSG00000166171
DPEP1	HGNC:3002	1800	ENSG00000015413
DPEP2	HGNC:23028	64174	ENSG00000167261
DPEP2NB	HGNC:52385	100131303	ENSG00000263201
DPEP3	HGNC:23029	64180	ENSG00000141096
DPF1	HGNC:20225	8193	ENSG00000011332
DPF3	HGNC:17427	8110	ENSG00000205683
DPH3	HGNC:27717	285381	ENSG00000154813
DPH6	HGNC:30543	89978	ENSG00000134146
DPH7	HGNC:25199	92715	ENSG00000148399
DPP3	HGNC:3008	10072	ENSG00000254986
DPP4	HGNC:3009	1803	ENSG00000197635
DPP7	HGNC:14892	29952	ENSG00000176978
DPP8	HGNC:16490	54878	ENSG00000074603
DPP10	HGNC:20823	57628	ENSG00000175497
DPPA2	HGNC:19197	151871	ENSG00000163530
DPPA3	HGNC:19199	359787	ENSG00000187569
DPPA4	HGNC:19200	55211	ENSG00000121570
DPPA5	HGNC:19201	340168	ENSG00000203909
DPRX	HGNC:32166	503834	ENSG00000204595
DPT	HGNC:3011	1805	ENSG00000143196
DPY19L1	HGNC:22205	23333	ENSG00000173852
DPY19L3	HGNC:27120	147991	ENSG00000178904
DPY19L4	HGNC:27829	286148	ENSG00000156162
DPY30	HGNC:24590	84661	ENSG00000162961
DPYSL3	HGNC:3015	1809	ENSG00000113657
DPYSL4	HGNC:3016	10570	ENSG00000151640
DQX1	HGNC:20410	165545	ENSG00000144045
DR1	HGNC:3017	1810	ENSG00000117505
DRAM1	HGNC:25645	55332	ENSG00000136048
DRAP1	HGNC:3019	10589	ENSG00000175550
DRAXIN	HGNC:25054	374946	ENSG00000162490
DRC3	HGNC:25384	83450	ENSG00000171962
DRC5	HGNC:11693	202500	ENSG00000146221
DRC7	HGNC:25289	84229	ENSG00000159625
DRC8	HGNC:28166	84288	ENSG00000203666
DRC9	HGNC:25251	84223	ENSG00000114473
DRC10	HGNC:25168	115811	ENSG00000166578
DRC11	HGNC:26195	79781	ENSG00000132321
DRC11L	HGNC:22831	392843	ENSG00000278685
DRC12	HGNC:27446	283152	ENSG00000248712
DRD1	HGNC:3020	1812	ENSG00000184845
DRG2	HGNC:3030	1819	ENSG00000108591
DRGX	HGNC:21536	644168	ENSG00000165606
DRICH1	HGNC:28031	51233	ENSG00000189269
DROSHA	HGNC:17904	29102	ENSG00000113360
DSC1	HGNC:3035	1823	ENSG00000134765
DSCAM	HGNC:3039	1826	ENSG00000171587
DSCAML1	HGNC:14656	57453	ENSG00000177103
DSCC1	HGNC:24453	79075	ENSG00000136982
DSEL	HGNC:18144	92126	ENSG00000171451
DSN1	HGNC:16165	79980	ENSG00000149636
DSTN	HGNC:15750	11034	ENSG00000125868
DTD1	HGNC:16219	92675	ENSG00000125821
DTD2	HGNC:20277	112487	ENSG00000129480
DTHD1	HGNC:37261	401124	ENSG00000197057
DTL	HGNC:30288	51514	ENSG00000143476
DTNB	HGNC:3058	1838	ENSG00000138101
DTWD1	HGNC:30926	56986	ENSG00000104047
DTWD2	HGNC:19334	285605	ENSG00000169570
DTX1	HGNC:3060	1840	ENSG00000135144
DTX2	HGNC:15973	113878	ENSG00000091073
DTX3	HGNC:24457	196403	ENSG00000178498
DTX3L	HGNC:30323	151636	ENSG00000163840
DTX4	HGNC:29151	23220	ENSG00000110042
DUOX1	HGNC:3062	53905	ENSG00000137857
DUOXA1	HGNC:26507	90527	ENSG00000140254
DUS1L	HGNC:30086	64118	ENSG00000169718
DUS2	HGNC:26014	54920	ENSG00000167264
DUS3L	HGNC:26920	56931	ENSG00000141994
DUS4L	HGNC:21517	11062	ENSG00000105865
DUSP1	HGNC:3064	1843	ENSG00000120129
DUSP2	HGNC:3068	1844	ENSG00000158050
DUSP3	HGNC:3069	1845	ENSG00000108861
DUSP4	HGNC:3070	1846	ENSG00000120875
DUSP5	HGNC:3071	1847	ENSG00000138166
DUSP7	HGNC:3073	1849	ENSG00000164086
DUSP8	HGNC:3074	1850	ENSG00000184545
DUSP9	HGNC:3076	1852	ENSG00000130829
DUSP10	HGNC:3065	11221	ENSG00000143507
DUSP11	HGNC:3066	8446	ENSG00000144048
DUSP12	HGNC:3067	11266	ENSG00000081721
DUSP13A	HGNC:56772	128854680	ENSG00000293543
DUSP13B	HGNC:19681	51207	ENSG00000079393
DUSP14	HGNC:17007	11072	ENSG00000276023
DUSP15	HGNC:16236	128853	ENSG00000149599
DUSP16	HGNC:17909	80824	ENSG00000111266
DUSP18	HGNC:18484	150290	ENSG00000167065
DUSP19	HGNC:18894	142679	ENSG00000162999
DUSP21	HGNC:20476	63904	ENSG00000189037
DUSP22	HGNC:16077	56940	ENSG00000112679
DUSP23	HGNC:21480	54935	ENSG00000158716
DUSP26	HGNC:28161	78986	ENSG00000133878
DUSP28	HGNC:33237	285193	ENSG00000188542
DUSP29	HGNC:23481	338599	ENSG00000188716
DUX1	HGNC:3079	26584	
DUX3	HGNC:3081	26582	
DUX5	HGNC:3083	26581	
DUXA	HGNC:32179	503835	ENSG00000258873
DUXB	HGNC:33345	100033411	ENSG00000282757
DVL2	HGNC:3086	1856	ENSG00000004975
DXO	HGNC:2992	1797	ENSG00000204348
DYDC1	HGNC:23460	143241	ENSG00000170788
DYDC2	HGNC:23468	84332	ENSG00000133665
DYNAP	HGNC:26808	284254	ENSG00000178690
DYNC1I1	HGNC:2963	1780	ENSG00000158560
DYNC1LI1	HGNC:18745	51143	ENSG00000144635
DYNC1LI2	HGNC:2966	1783	ENSG00000135720
DYNLL1	HGNC:15476	8655	ENSG00000088986
DYNLL2	HGNC:24596	140735	ENSG00000264364
DYNLRB1	HGNC:15468	83658	ENSG00000125971
DYNLRB2	HGNC:15467	83657	ENSG00000168589
DYNLT1	HGNC:11697	6993	ENSG00000146425
DYNLT2	HGNC:11695	6991	ENSG00000184786
DYNLT3	HGNC:11694	6990	ENSG00000165169
DYNLT4	HGNC:32315	343521	ENSG00000188396
DYNLT5	HGNC:26882	200132	ENSG00000152760
DYRK2	HGNC:3093	8445	ENSG00000127334
DYRK3	HGNC:3094	8444	ENSG00000143479
DYRK4	HGNC:3095	8798	ENSG00000010219
DYTN	HGNC:23279	391475	ENSG00000232125
DZANK1	HGNC:15858	55184	ENSG00000089091
DZIP3	HGNC:30938	9666	ENSG00000198919
E2F1	HGNC:3113	1869	ENSG00000101412
E2F2	HGNC:3114	1870	ENSG00000007968
E2F3	HGNC:3115	1871	ENSG00000112242
E2F4	HGNC:3118	1874	ENSG00000205250
E2F5	HGNC:3119	1875	ENSG00000133740
E2F6	HGNC:3120	1876	ENSG00000169016
E2F7	HGNC:23820	144455	ENSG00000165891
E2F8	HGNC:24727	79733	ENSG00000129173
E4F1	HGNC:3121	1877	ENSG00000167967
EAF1	HGNC:20907	85403	ENSG00000144597
EAF2	HGNC:23115	55840	ENSG00000145088
EAPP	HGNC:19312	55837	ENSG00000129518
EBAG9	HGNC:3123	9166	ENSG00000147654
EBF1	HGNC:3126	1879	ENSG00000164330
EBF2	HGNC:19090	64641	ENSG00000221818
EBF4	HGNC:29278	57593	ENSG00000088881
EBI3	HGNC:3129	10148	ENSG00000105246
EBLN1	HGNC:39430	340900	ENSG00000223601
EBLN2	HGNC:25493	55096	ENSG00000255423
EBNA1BP2	HGNC:15531	10969	ENSG00000117395
EBPL	HGNC:18061	84650	ENSG00000123179
ECD	HGNC:17029	11319	ENSG00000122882
ECE2	HGNC:13275	9718	ENSG00000145194
ECH1	HGNC:3149	1891	ENSG00000104823
ECHDC1	HGNC:21489	55862	ENSG00000093144
ECHDC2	HGNC:23408	55268	ENSG00000121310
ECHDC3	HGNC:23489	79746	ENSG00000134463
ECI1	HGNC:2703	1632	ENSG00000167969
ECI2	HGNC:14601	10455	ENSG00000198721
ECM2	HGNC:3154	1842	ENSG00000106823
ECPAS	HGNC:29020	23392	ENSG00000136813
ECRG4	HGNC:24642	84417	ENSG00000119147
ECSCR	HGNC:35454	641700	ENSG00000249751
ECSIT	HGNC:29548	51295	ENSG00000130159
ECT2	HGNC:3155	1894	ENSG00000114346
ECT2L	HGNC:21118	345930	ENSG00000203734
EDC4	HGNC:17157	23644	ENSG00000038358
EDDM3A	HGNC:16978	10876	ENSG00000181562
EDDM3B	HGNC:19223	64184	ENSG00000181552
EDDM13	HGNC:53168	100506374	ENSG00000267710
EDEM1	HGNC:18967	9695	ENSG00000134109
EDEM2	HGNC:15877	55741	ENSG00000088298
EDF1	HGNC:3164	8721	ENSG00000107223
EDIL3	HGNC:3173	10085	ENSG00000164176
EDN2	HGNC:3177	1907	ENSG00000127129
EDRF1	HGNC:24640	26098	ENSG00000107938
EEA1	HGNC:3185	8411	ENSG00000102189
EEF1A1	HGNC:3189	1915	ENSG00000156508
EEF1AKMT1	HGNC:27351	221143	ENSG00000150456
EEF1AKMT2	HGNC:33787	399818	ENSG00000203791
EEF1AKMT3	HGNC:24936	25895	ENSG00000123427
EEF1AKMT4	HGNC:53611	110599564	ENSG00000284753
EEF1D	HGNC:3211	1936	ENSG00000104529
EEF1E1	HGNC:3212	9521	ENSG00000124802
EEF1G	HGNC:3213	1937	ENSG00000254772
EEF2K	HGNC:24615	29904	ENSG00000103319
EEF2KMT	HGNC:32221	196483	ENSG00000118894
EEIG1	HGNC:31419	399665	ENSG00000167106
EEIG2	HGNC:27637	284611	ENSG00000162636
EEPD1	HGNC:22223	80820	ENSG00000122547
EFCAB3	HGNC:26379	146779	ENSG00000172421
EFCAB5	HGNC:24801	374786	ENSG00000176927
EFCAB6	HGNC:24204	64800	ENSG00000186976
EFCAB7	HGNC:29379	84455	ENSG00000203965
EFCAB8	HGNC:34532	388795	ENSG00000215529
EFCAB9	HGNC:34530	285588	ENSG00000214360
EFCAB10	HGNC:34531	100130771	ENSG00000185055
EFCAB11	HGNC:20357	90141	ENSG00000140025
EFCAB12	HGNC:28061	90288	ENSG00000172771
EFCAB13	HGNC:26864	124989	ENSG00000178852
EFCAB14	HGNC:29051	9813	ENSG00000159658
EFCC1	HGNC:25692	79825	ENSG00000114654
EFHB	HGNC:26330	151651	ENSG00000163576
EFHC2	HGNC:26233	80258	ENSG00000183690
EFHD1	HGNC:29556	80303	ENSG00000115468
EFHD2	HGNC:28670	79180	ENSG00000142634
EFNA1	HGNC:3221	1942	ENSG00000169242
EFNA2	HGNC:3222	1943	ENSG00000099617
EFNA3	HGNC:3223	1944	ENSG00000143590
EFNA4	HGNC:3224	1945	ENSG00000243364
EFNA5	HGNC:3225	1946	ENSG00000184349
EFNB2	HGNC:3227	1948	ENSG00000125266
EFNB3	HGNC:3228	1949	ENSG00000108947
EFR3A	HGNC:28970	23167	ENSG00000132294
EFR3B	HGNC:29155	22979	ENSG00000084710
EFS	HGNC:16898	10278	ENSG00000100842
EGFL6	HGNC:3235	25975	ENSG00000198759
EGFL7	HGNC:20594	51162	ENSG00000172889
EGFL8	HGNC:13944	80864	ENSG00000241404
EGFLAM	HGNC:26810	133584	ENSG00000164318
EGLN2	HGNC:14660	112398	ENSG00000269858
EGLN3	HGNC:14661	112399	ENSG00000129521
EGR1	HGNC:3238	1958	ENSG00000120738
EGR3	HGNC:3240	1960	ENSG00000179388
EGR4	HGNC:3241	1961	ENSG00000135625
EHBP1L1	HGNC:30682	254102	ENSG00000173442
EHD1	HGNC:3242	10938	ENSG00000110047
EHD2	HGNC:3243	30846	ENSG00000024422
EHD3	HGNC:3244	30845	ENSG00000013016
EHD4	HGNC:3245	30844	ENSG00000103966
EHF	HGNC:3246	26298	ENSG00000135373
EHMT2	HGNC:14129	10919	ENSG00000204371
EI24	HGNC:13276	9538	ENSG00000149547
EID1	HGNC:1191	23741	ENSG00000255302
EID2	HGNC:28292	163126	ENSG00000176396
EID2B	HGNC:26796	126272	ENSG00000176401
EID3	HGNC:32961	493861	ENSG00000255150
EIF1	HGNC:3249	10209	ENSG00000173812
EIF1AD	HGNC:28147	84285	ENSG00000175376
EIF1AY	HGNC:3252	9086	ENSG00000198692
EIF1B	HGNC:30792	10289	ENSG00000114784
EIF2A	HGNC:3254	83939	ENSG00000144895
EIF2D	HGNC:6583	1939	ENSG00000143486
EIF2S1	HGNC:3265	1965	ENSG00000134001
EIF2S2	HGNC:3266	8894	ENSG00000125977
EIF2S3B	HGNC:43863	255308	ENSG00000180574
EIF3A	HGNC:3271	8661	ENSG00000107581
EIF3B	HGNC:3280	8662	ENSG00000106263
EIF3C	HGNC:3279	8663	ENSG00000184110
EIF3CL	HGNC:26347	728689	ENSG00000205609
EIF3D	HGNC:3278	8664	ENSG00000100353
EIF3E	HGNC:3277	3646	ENSG00000104408
EIF3G	HGNC:3274	8666	ENSG00000130811
EIF3H	HGNC:3273	8667	ENSG00000147677
EIF3I	HGNC:3272	8668	ENSG00000084623
EIF3J	HGNC:3270	8669	ENSG00000104131
EIF3K	HGNC:24656	27335	ENSG00000178982
EIF3L	HGNC:18138	51386	ENSG00000100129
EIF3M	HGNC:24460	10480	ENSG00000149100
EIF4A1	HGNC:3282	1973	ENSG00000161960
EIF4B	HGNC:3285	1975	ENSG00000063046
EIF4E1B	HGNC:33179	253314	ENSG00000175766
EIF4E2	HGNC:3293	9470	ENSG00000135930
EIF4E3	HGNC:31837	317649	ENSG00000163412
EIF4EBP1	HGNC:3288	1978	ENSG00000187840
EIF4EBP2	HGNC:3289	1979	ENSG00000148730
EIF4EBP3	HGNC:3290	8637	ENSG00000243056
EIF4ENIF1	HGNC:16687	56478	ENSG00000184708
EIF4G2	HGNC:3297	1982	ENSG00000110321
EIF4G3	HGNC:3298	8672	ENSG00000075151
EIF5	HGNC:3299	1983	ENSG00000100664
EIF5A2	HGNC:3301	56648	ENSG00000163577
EIF5AL1	HGNC:17419	143244	ENSG00000253626
EIF5B	HGNC:30793	9669	ENSG00000158417
EIF6	HGNC:6159	3692	ENSG00000242372
EIPR1	HGNC:12383	7260	ENSG00000032389
ELAC1	HGNC:14197	55520	ENSG00000141642
ELAPOR1	HGNC:29618	57535	ENSG00000116299
ELAPOR2	HGNC:21945	222223	ENSG00000164659
ELAVL1	HGNC:3312	1994	ENSG00000066044
ELAVL2	HGNC:3313	1993	ENSG00000107105
ELAVL3	HGNC:3314	1995	ENSG00000196361
ELAVL4	HGNC:3315	1996	ENSG00000162374
ELF1	HGNC:3316	1997	ENSG00000120690
ELF2	HGNC:3317	1998	ENSG00000109381
ELF3	HGNC:3318	1999	ENSG00000163435
ELF5	HGNC:3320	2001	ENSG00000135374
ELFN2	HGNC:29396	114794	ENSG00000166897
ELK1	HGNC:3321	2002	ENSG00000126767
ELK3	HGNC:3325	2004	ENSG00000111145
ELK4	HGNC:3326	2005	ENSG00000158711
ELL	HGNC:23114	8178	ENSG00000105656
ELL2	HGNC:17064	22936	ENSG00000118985
ELL3	HGNC:23113	80237	ENSG00000128886
ELMO1	HGNC:16286	9844	ENSG00000155849
ELMO3	HGNC:17289	79767	ENSG00000102890
ELMOD1	HGNC:25334	55531	ENSG00000110675
ELOA	HGNC:11620	6924	ENSG00000011007
ELOA2	HGNC:30771	51224	ENSG00000206181
ELOB	HGNC:11619	6923	ENSG00000103363
ELOC	HGNC:11617	6921	ENSG00000154582
ELOF1	HGNC:28691	84337	ENSG00000130165
ELOVL2	HGNC:14416	54898	ENSG00000197977
ELOVL3	HGNC:18047	83401	ENSG00000119915
ELOVL6	HGNC:15829	79071	ENSG00000170522
ELOVL7	HGNC:26292	79993	ENSG00000164181
ELP3	HGNC:20696	55140	ENSG00000134014
ELP5	HGNC:30617	23587	ENSG00000170291
ELP6	HGNC:25976	54859	ENSG00000163832
ELSPBP1	HGNC:14417	64100	ENSG00000169393
EMB	HGNC:30465	133418	ENSG00000170571
EMC2	HGNC:28963	9694	ENSG00000104412
EMC3	HGNC:23999	55831	ENSG00000125037
EMC4	HGNC:28032	51234	ENSG00000128463
EMC6	HGNC:28430	83460	ENSG00000127774
EMC7	HGNC:24301	56851	ENSG00000134153
EMC8	HGNC:7864	10328	ENSG00000131148
EMC9	HGNC:20273	51016	ENSG00000100908
EMCN	HGNC:16041	51705	ENSG00000164035
EME1	HGNC:24965	146956	ENSG00000154920
EME2	HGNC:27289	197342	ENSG00000197774
EMID1	HGNC:18036	129080	ENSG00000186998
EMILIN2	HGNC:19881	84034	ENSG00000132205
EMILIN3	HGNC:16123	90187	ENSG00000183798
EML2	HGNC:18035	24139	ENSG00000125746
EML3	HGNC:26666	256364	ENSG00000149499
EML4	HGNC:1316	27436	ENSG00000143924
EML5	HGNC:18197	161436	ENSG00000165521
EML6	HGNC:35412	400954	ENSG00000214595
EMP1	HGNC:3333	2012	ENSG00000134531
EMP3	HGNC:3335	2014	ENSG00000142227
EMSY	HGNC:18071	56946	ENSG00000158636
EMX1	HGNC:3340	2016	ENSG00000135638
ENAH	HGNC:18271	55740	ENSG00000154380
ENC1	HGNC:3345	8507	ENSG00000171617
ENDOD1	HGNC:29129	23052	ENSG00000149218
ENDOG	HGNC:3346	2021	ENSG00000167136
ENDOU	HGNC:14369	8909	ENSG00000111405
ENDOV	HGNC:26640	284131	ENSG00000173818
ENGASE	HGNC:24622	64772	ENSG00000167280
ENHO	HGNC:24838	375704	ENSG00000168913
ENKD1	HGNC:25246	84080	ENSG00000124074
ENKUR	HGNC:28388	219670	ENSG00000151023
ENO1	HGNC:3350	2023	ENSG00000074800
ENO2	HGNC:3353	2026	ENSG00000111674
ENO4	HGNC:31670	387712	ENSG00000188316
ENOPH1	HGNC:24599	58478	ENSG00000145293
ENOSF1	HGNC:30365	55556	ENSG00000132199
ENOX1	HGNC:25474	55068	ENSG00000120658
ENOX2	HGNC:2259	10495	ENSG00000165675
ENPEP	HGNC:3355	2028	ENSG00000138792
ENPP2	HGNC:3357	5168	ENSG00000136960
ENPP3	HGNC:3358	5169	ENSG00000154269
ENPP4	HGNC:3359	22875	ENSG00000001561
ENPP5	HGNC:13717	59084	ENSG00000112796
ENPP6	HGNC:23409	133121	ENSG00000164303
ENPP7	HGNC:23764	339221	ENSG00000182156
ENSA	HGNC:3360	2029	ENSG00000143420
ENTHD1	HGNC:26352	150350	ENSG00000176177
ENTPD2	HGNC:3364	954	ENSG00000054179
ENTPD3	HGNC:3365	956	ENSG00000168032
ENTPD4	HGNC:14573	9583	ENSG00000197217
ENTPD5	HGNC:3367	957	ENSG00000187097
ENTPD6	HGNC:3368	955	ENSG00000197586
ENTPD7	HGNC:19745	57089	ENSG00000198018
ENTPD8	HGNC:24860	377841	ENSG00000188833
ENTR1	HGNC:10667	10807	ENSG00000165689
ENTREP1	HGNC:24820	9413	ENSG00000135063
ENTREP2	HGNC:29075	23359	ENSG00000104059
ENTREP3	HGNC:1233	10712	ENSG00000160767
ENY2	HGNC:24449	56943	ENSG00000120533
EOLA1	HGNC:28089	91966	ENSG00000197620
EOLA2	HGNC:17402	541578	ENSG00000197021
EP400	HGNC:11958	57634	ENSG00000183495
EPB41L2	HGNC:3379	2037	ENSG00000079819
EPB41L3	HGNC:3380	23136	ENSG00000082397
EPB41L4A	HGNC:13278	64097	ENSG00000129595
EPB41L4B	HGNC:19818	54566	ENSG00000095203
EPB41L5	HGNC:19819	57669	ENSG00000115109
EPC1	HGNC:19876	80314	ENSG00000120616
EPC2	HGNC:24543	26122	ENSG00000135999
EPCIP	HGNC:1305	56245	ENSG00000205929
EPDR1	HGNC:17572	54749	ENSG00000086289
EPGN	HGNC:17470	255324	ENSG00000182585
EPHA1	HGNC:3385	2041	ENSG00000146904
EPHA3	HGNC:3387	2042	ENSG00000044524
EPHA4	HGNC:3388	2043	ENSG00000116106
EPHA5	HGNC:3389	2044	ENSG00000145242
EPHA6	HGNC:19296	285220	ENSG00000080224
EPHA7	HGNC:3390	2045	ENSG00000135333
EPHA8	HGNC:3391	2046	ENSG00000070886
EPHB1	HGNC:3392	2047	ENSG00000154928
EPHB3	HGNC:3394	2049	ENSG00000182580
EPHB6	HGNC:3396	2051	ENSG00000106123
EPHX3	HGNC:23760	79852	ENSG00000105131
EPHX4	HGNC:23758	253152	ENSG00000172031
EPM2AIP1	HGNC:19735	9852	ENSG00000178567
EPN1	HGNC:21604	29924	ENSG00000063245
EPN2	HGNC:18639	22905	ENSG00000072134
EPN3	HGNC:18235	55040	ENSG00000049283
EPOP	HGNC:34493	100170841	ENSG00000273604
EPPIN	HGNC:15932	57119	ENSG00000101448
EPPK1	HGNC:15577	83481	ENSG00000261150
EPS8L1	HGNC:21295	54869	ENSG00000131037
EPS15	HGNC:3419	2060	ENSG00000085832
EPSTI1	HGNC:16465	94240	ENSG00000133106
EPYC	HGNC:3053	1833	ENSG00000083782
EQTN	HGNC:1359	54586	ENSG00000120160
ERAP2	HGNC:29499	64167	ENSG00000164308
ERAS	HGNC:5174	3266	ENSG00000187682
ERC2	HGNC:31922	26059	ENSG00000187672
ERCC6L	HGNC:20794	54821	ENSG00000186871
EREG	HGNC:3443	2069	ENSG00000124882
ERFE	HGNC:26727	151176	ENSG00000178752
ERFL	HGNC:53894	390937	ENSG00000268041
ERG28	HGNC:1187	11161	ENSG00000133935
ERGIC2	HGNC:30208	51290	ENSG00000087502
ERGIC3	HGNC:15927	51614	ENSG00000125991
ERH	HGNC:3447	2079	ENSG00000100632
ERI2	HGNC:30541	112479	ENSG00000196678
ERI3	HGNC:17276	79033	ENSG00000117419
ERICH1	HGNC:27234	157697	ENSG00000104714
ERICH2	HGNC:44395	285141	ENSG00000204334
ERICH3	HGNC:25346	127254	ENSG00000178965
ERICH4	HGNC:34497	100170765	ENSG00000204978
ERICH5	HGNC:26823	203111	ENSG00000177459
ERICH6	HGNC:28602	131831	ENSG00000163645
ERICH6B	HGNC:26523	220081	ENSG00000165837
ERLEC1	HGNC:25222	27248	ENSG00000068912
ERLN	HGNC:40032	100130933	ENSG00000259120
ERMN	HGNC:29208	57471	ENSG00000136541
ERMP1	HGNC:23703	79956	ENSG00000099219
ERN1	HGNC:3449	2081	ENSG00000178607
ERN2	HGNC:16942	10595	ENSG00000134398
ERO1A	HGNC:13280	30001	ENSG00000197930
ERO1B	HGNC:14355	56605	ENSG00000086619
ERP27	HGNC:26495	121506	ENSG00000139055
ERP29	HGNC:13799	10961	ENSG00000089248
ERP44	HGNC:18311	23071	ENSG00000023318
ERRFI1	HGNC:18185	54206	ENSG00000116285
ERV3-1	HGNC:3454	2086	ENSG00000213462
ERVFRD-1	HGNC:33823	405754	ENSG00000244476
ERVMER34-1	HGNC:42970	100288413	ENSG00000226887