rank	score	gene_symbol	gene_identifier
1.0	0.049	SPTAN1	ENSG00000197694
8.0	0.0143	AP2M1	ENSG00000161203
8.0	0.0143	CHD2	ENSG00000173575
8.0	0.0143	NEXMIF	ENSG00000050030
8.0	0.0143	SCN1A	ENSG00000144285
8.0	0.0143	SLC2A1	ENSG00000117394
8.0	0.0143	SLC6A1	ENSG00000157103
8.0	0.0143	SYNGAP1	ENSG00000197283
9.0	0.0132	GNB1	ENSG00000078369
36.0	0.0124	ARX	ENSG00000004848
36.0	0.0124	CASK	ENSG00000147044
36.0	0.0124	CDKL5	ENSG00000008086
36.0	0.0124	DMXL2	ENSG00000104093
36.0	0.0124	GNAO1	ENSG00000087258
36.0	0.0124	GRIN1	ENSG00000176884
36.0	0.0124	GRM7	ENSG00000196277
36.0	0.0124	KCNA1	ENSG00000111262
36.0	0.0124	NEUROD2	ENSG00000171532
36.0	0.0124	PIGP	ENSG00000185808
36.0	0.0124	PIGQ	ENSG00000007541
36.0	0.0124	PNKP	ENSG00000039650
36.0	0.0124	SCN1B	ENSG00000105711
36.0	0.0124	SCN2A	ENSG00000136531
36.0	0.0124	SIK1	ENSG00000142178
36.0	0.0124	SLC25A22	ENSG00000177542
36.0	0.0124	SLC32A1	ENSG00000101438
36.0	0.0124	TRIM8	ENSG00000171206
36.0	0.0124	SEPSECS	ENSG00000109618
36.0	0.0124	TSEN15	ENSG00000198860
36.0	0.0124	TSEN2	ENSG00000154743
36.0	0.0124	TSEN34	ENSG00000170892
36.0	0.0124	TSEN54	ENSG00000182173
36.0	0.0124	SDHA	ENSG00000073578
36.0	0.0124	SDHAF1	ENSG00000205138
36.0	0.0124	SDHB	ENSG00000117118
36.0	0.0124	SDHD	ENSG00000204370
37.0	0.0118	GRIK2	ENSG00000164418
38.0	0.0116	FZR1	ENSG00000105325
40.0	0.0115	KCNC2	ENSG00000166006
40.0	0.0115	GABRG2	ENSG00000113327
41.0	0.0113	STXBP1	ENSG00000136854
42.0	0.0111	KDM5C	ENSG00000126012
43.0	0.0108	GPAA1	ENSG00000197858
44.0	0.0107	RARS1	ENSG00000113643
45.0	0.0102	GABRB3	ENSG00000166206
46.0	0.01	CAMK2B	ENSG00000058404
47.0	0.0094	FA2H	ENSG00000103089
49.0	0.0093	DOHH	ENSG00000129932
49.0	0.0093	LBR	ENSG00000143815
50.0	0.0091	DNM1	ENSG00000106976
51.0	0.009	CEP85L	ENSG00000111860
52.0	0.0088	GRIN2A	ENSG00000183454
54.0	0.0087	ALDH18A1	ENSG00000059573
54.0	0.0087	FAR1	ENSG00000197601
55.0	0.0086	ATP6V1A	ENSG00000114573
57.0	0.0085	PHGDH	ENSG00000092621
57.0	0.0085	PCDH19	ENSG00000165194
58.0	0.0083	ALDH4A1	ENSG00000159423
59.0	0.0082	KCNH5	ENSG00000140015
60.0	0.0081	BRAT1	ENSG00000106009
70.0	0.008	PAFAH1B1	ENSG00000007168
70.0	0.008	CLN5	ENSG00000102805
70.0	0.008	CLN6	ENSG00000128973
70.0	0.008	CLN8	ENSG00000182372
70.0	0.008	CTSD	ENSG00000117984
70.0	0.008	DNAJC5	ENSG00000101152
70.0	0.008	GRN	ENSG00000030582
70.0	0.008	MFSD8	ENSG00000164073
70.0	0.008	PPT1	ENSG00000131238
70.0	0.008	TPP1	ENSG00000166340
75.0	0.0079	UFSP2	ENSG00000109775
75.0	0.0079	EPM2A	ENSG00000112425
75.0	0.0079	NHLRC1	ENSG00000187566
75.0	0.0079	RUSC2	ENSG00000198853
75.0	0.0079	DOCK7	ENSG00000116641
77.0	0.0078	SPG7	ENSG00000197912
77.0	0.0078	ALDH5A1	ENSG00000112294
78.0	0.0077	HNRNPU	ENSG00000153187
80.0	0.0076	ATP6V0C	ENSG00000185883
80.0	0.0076	AFG2A	ENSG00000145375
84.0	0.0075	SCN3A	ENSG00000153253
84.0	0.0075	MTRR	ENSG00000124275
84.0	0.0075	CTNNA2	ENSG00000066032
84.0	0.0075	GAMT	ENSG00000130005
87.0	0.0074	CLCN4	ENSG00000073464
87.0	0.0074	CACNA1A	ENSG00000141837
87.0	0.0074	HID1	ENSG00000167861
90.0	0.0073	ADGRG1	ENSG00000205336
90.0	0.0073	PTEN	ENSG00000171862
90.0	0.0073	PIGA	ENSG00000165195
96.0	0.0072	SLC33A1	ENSG00000169359
96.0	0.0072	ADGRV1	ENSG00000164199
96.0	0.0072	GABRD	ENSG00000187730
96.0	0.0072	HCN1	ENSG00000164588
96.0	0.0072	SCN9A	ENSG00000169432
96.0	0.0072	STX1B	ENSG00000099365
100.0	0.0071	ALG13	ENSG00000101901
100.0	0.0071	PGAP2	ENSG00000148985
100.0	0.0071	DPM1	ENSG00000000419
100.0	0.0071	CNTNAP2	ENSG00000174469
103.0	0.007	FRRS1L	ENSG00000260230
103.0	0.007	PRMT7	ENSG00000132600
103.0	0.007	AGO1	ENSG00000092847
105.0	0.0069	ST3GAL3	ENSG00000126091
105.0	0.0069	MACF1	ENSG00000127603
108.0	0.0068	UFC1	ENSG00000143222
108.0	0.0068	TANGO2	ENSG00000183597
108.0	0.0068	GABBR2	ENSG00000136928
109.0	0.0067	SCN8A	ENSG00000196876
113.0	0.0066	AMFR	ENSG00000159461
113.0	0.0066	CUX2	ENSG00000111249
113.0	0.0066	PPFIBP1	ENSG00000110841
113.0	0.0066	EIF4A2	ENSG00000156976
122.0	0.0065	MTHFS	ENSG00000136371
122.0	0.0065	CIC	ENSG00000079432
122.0	0.0065	GABRA1	ENSG00000022355
122.0	0.0065	MAPK10	ENSG00000109339
122.0	0.0065	KCNQ2	ENSG00000075043
122.0	0.0065	KCNT1	ENSG00000107147
122.0	0.0065	PLCB1	ENSG00000182621
122.0	0.0065	SLC12A5	ENSG00000124140
122.0	0.0065	TBC1D24	ENSG00000162065
128.0	0.0064	ITPR1	ENSG00000150995
128.0	0.0064	KCNQ3	ENSG00000184156
128.0	0.0064	PRRT2	ENSG00000167371
128.0	0.0064	GRIA2	ENSG00000120251
128.0	0.0064	KCNB1	ENSG00000158445
128.0	0.0064	NGLY1	ENSG00000151092
132.0	0.0063	SLC1A4	ENSG00000115902
132.0	0.0063	DYRK1A	ENSG00000157540
132.0	0.0063	COX8A	ENSG00000176340
132.0	0.0063	PPIL1	ENSG00000137168
138.0	0.0062	SLC35C1	ENSG00000181830
138.0	0.0062	AFG2B	ENSG00000171763
138.0	0.0062	ALDH7A1	ENSG00000164904
138.0	0.0062	PLPBP	ENSG00000147471
138.0	0.0062	VLDLR	ENSG00000147852
138.0	0.0062	MTPAP	ENSG00000107951
144.0	0.0061	DOLK	ENSG00000175283
144.0	0.0061	ATXN10	ENSG00000130638
144.0	0.0061	PI4KA	ENSG00000241973
144.0	0.0061	SRPX2	ENSG00000102359
144.0	0.0061	TRIT1	ENSG00000043514
144.0	0.0061	MTHFR	ENSG00000177000
147.0	0.006	ATP1A3	ENSG00000105409
147.0	0.006	ATP6AP2	ENSG00000182220
147.0	0.006	ATRX	ENSG00000085224
153.0	0.0059	GRIN2B	ENSG00000273079
153.0	0.0059	MBOAT7	ENSG00000125505
153.0	0.0059	DBT	ENSG00000137992
153.0	0.0059	FBXO28	ENSG00000143756
153.0	0.0059	KIDINS220	ENSG00000134313
153.0	0.0059	DNM1L	ENSG00000087470
159.0	0.0058	OPHN1	ENSG00000079482
159.0	0.0058	CDC40	ENSG00000168438
159.0	0.0058	VPS53	ENSG00000141252
159.0	0.0058	IQSEC2	ENSG00000124313
159.0	0.0058	ASXL1	ENSG00000171456
159.0	0.0058	PCDH12	ENSG00000113555
167.0	0.0056	FIG4	ENSG00000112367
167.0	0.0056	RFX7	ENSG00000181827
167.0	0.0056	HTT	ENSG00000197386
167.0	0.0056	PAK3	ENSG00000077264
167.0	0.0056	CDH2	ENSG00000170558
167.0	0.0056	GDAP2	ENSG00000196505
167.0	0.0056	AFG3L2	ENSG00000141385
167.0	0.0056	SLC39A14	ENSG00000104635
171.0	0.0055	CLDN11	ENSG00000013297
171.0	0.0055	RUBCN	ENSG00000145016
171.0	0.0055	CNPY3	ENSG00000137161
171.0	0.0055	PGAP1	ENSG00000197121
175.0	0.0054	SPTBN1	ENSG00000115306
175.0	0.0054	NBEA	ENSG00000172915
175.0	0.0054	SATB1	ENSG00000182568
175.0	0.0054	DPYD	ENSG00000188641
181.0	0.0053	SLC25A12	ENSG00000115840
181.0	0.0053	GJC2	ENSG00000198835
181.0	0.0053	CSNK2A1	ENSG00000101266
181.0	0.0053	PTPN23	ENSG00000076201
181.0	0.0053	HK1	ENSG00000156515
181.0	0.0053	NACC1	ENSG00000160877
185.0	0.0052	NUS1	ENSG00000153989
185.0	0.0052	KAT6A	ENSG00000083168
185.0	0.0052	HIBCH	ENSG00000198130
185.0	0.0052	DPAGT1	ENSG00000172269
197.0	0.0051	UBE3A	ENSG00000114062
197.0	0.0051	TBCD	ENSG00000141556
197.0	0.0051	MT-ATP6	ENSG00000198899
197.0	0.0051	MT-ND1	ENSG00000198888
197.0	0.0051	MT-ND2	ENSG00000198763
197.0	0.0051	MT-ND3	ENSG00000198840
197.0	0.0051	MT-ND4	ENSG00000198886
197.0	0.0051	MT-ND5	ENSG00000198786
197.0	0.0051	MT-ND6	ENSG00000198695
197.0	0.0051	BTD	ENSG00000169814
197.0	0.0051	ZFYVE26	ENSG00000072121
197.0	0.0051	SELENOI	ENSG00000138018
206.0	0.005	SUCLA2	ENSG00000136143
206.0	0.005	APC2	ENSG00000115266
206.0	0.005	FGF13	ENSG00000129682
206.0	0.005	KCNQ5	ENSG00000185760
206.0	0.005	POGZ	ENSG00000143442
206.0	0.005	ALG2	ENSG00000119523
206.0	0.005	GCSH	ENSG00000140905
206.0	0.005	AASS	ENSG00000008311
206.0	0.005	COG4	ENSG00000103051
213.0	0.0049	CPLX1	ENSG00000168993
213.0	0.0049	CACNB4	ENSG00000182389
213.0	0.0049	PIGT	ENSG00000124155
213.0	0.0049	UBA5	ENSG00000081307
213.0	0.0049	SZT2	ENSG00000198198
213.0	0.0049	PPP3CA	ENSG00000138814
213.0	0.0049	WWOX	ENSG00000186153
220.0	0.0048	RPL10	ENSG00000147403
220.0	0.0048	ATP6V0A1	ENSG00000033627
220.0	0.0048	ASAH1	ENSG00000104763
220.0	0.0048	MDH2	ENSG00000146701
220.0	0.0048	ARFGEF1	ENSG00000066777
220.0	0.0048	AUH	ENSG00000148090
220.0	0.0048	ATL1	ENSG00000198513
233.0	0.0047	TRPM3	ENSG00000083067
233.0	0.0047	MECP2	ENSG00000169057
233.0	0.0047	NTNG1	ENSG00000162631
233.0	0.0047	SMC1A	ENSG00000072501
233.0	0.0047	GNB2	ENSG00000172354
233.0	0.0047	KDM1A	ENSG00000004487
233.0	0.0047	CHD3	ENSG00000170004
233.0	0.0047	GOSR2	ENSG00000108433
233.0	0.0047	RP11-156P1.2	ENSG00000262633
233.0	0.0047	CACNA1G	ENSG00000006283
233.0	0.0047	GOLGA2	ENSG00000167110
233.0	0.0047	CACNA1D	ENSG00000157388
233.0	0.0047	TAF1	ENSG00000147133
238.0	0.0046	ZNF142	ENSG00000115568
238.0	0.0046	YWHAG	ENSG00000170027
238.0	0.0046	GALC	ENSG00000054983
238.0	0.0046	ADPRS	ENSG00000116863
238.0	0.0046	RNF13	ENSG00000082996
245.0	0.0045	PACS2	ENSG00000179364
245.0	0.0045	SLC31A1	ENSG00000136868
245.0	0.0045	GABRA3	ENSG00000011677
245.0	0.0045	ATP1A2	ENSG00000018625
245.0	0.0045	ACTL6B	ENSG00000077080
245.0	0.0045	AP4S1	ENSG00000100478
245.0	0.0045	EEF1A2	ENSG00000101210
253.0	0.0044	CAMK2A	ENSG00000070808
253.0	0.0044	SLC1A2	ENSG00000110436
253.0	0.0044	KDM6B	ENSG00000132510
253.0	0.0044	WDR26	ENSG00000162923
253.0	0.0044	DHDDS	ENSG00000117682
253.0	0.0044	TIMM50	ENSG00000105197
253.0	0.0044	MAST3	ENSG00000099308
253.0	0.0044	SLC19A3	ENSG00000135917
262.0	0.0043	KCTD7	ENSG00000243335
262.0	0.0043	HERC2	ENSG00000128731
262.0	0.0043	ST3GAL5	ENSG00000115525
262.0	0.0043	SMG9	ENSG00000105771
262.0	0.0043	GPHN	ENSG00000171723
262.0	0.0043	MYT1L	ENSG00000186487
262.0	0.0043	NUBPL	ENSG00000151413
262.0	0.0043	NADK2	ENSG00000152620
262.0	0.0043	WAC	ENSG00000095787
269.0	0.0042	MFF	ENSG00000168958
269.0	0.0042	OGDHL	ENSG00000197444
269.0	0.0042	NEDD4L	ENSG00000049759
269.0	0.0042	KCNMA1	ENSG00000156113
269.0	0.0042	CLCN3	ENSG00000109572
269.0	0.0042	ACSF3	ENSG00000176715
269.0	0.0042	VPS11	ENSG00000160695
277.0	0.0041	DTYMK	ENSG00000168393
277.0	0.0041	CACNA2D1	ENSG00000153956
277.0	0.0041	DCX	ENSG00000077279
277.0	0.0041	FARS2	ENSG00000145982
277.0	0.0041	H4C5	ENSG00000198518
277.0	0.0041	WARS2	ENSG00000116874
277.0	0.0041	NARS1	ENSG00000134440
277.0	0.0041	PIGH	ENSG00000100564
307.0	0.004	AARS1	ENSG00000090861
307.0	0.004	AP3B2	ENSG00000103723
307.0	0.004	ARV1	ENSG00000173409
307.0	0.004	CACNA1B	ENSG00000148408
307.0	0.004	CDK19	ENSG00000155111
307.0	0.004	CELF2	ENSG00000048740
307.0	0.004	CLTC	ENSG00000141367
307.0	0.004	CNKSR2	ENSG00000149970
307.0	0.004	CYFIP2	ENSG00000055163
307.0	0.004	DALRD3	ENSG00000178149
307.0	0.004	FGF12	ENSG00000114279
307.0	0.004	FOXG1	ENSG00000176165
307.0	0.004	GABRA2	ENSG00000151834
307.0	0.004	GABRA5	ENSG00000186297
307.0	0.004	GABRB2	ENSG00000145864
307.0	0.004	GRIN2D	ENSG00000105464
307.0	0.004	KCNA2	ENSG00000177301
307.0	0.004	NECAP1	ENSG00000089818
307.0	0.004	NTRK2	ENSG00000148053
307.0	0.004	PARS2	ENSG00000162396
307.0	0.004	SLC13A5	ENSG00000141485
307.0	0.004	SYNJ1	ENSG00000159082
307.0	0.004	TRAK1	ENSG00000182606
307.0	0.004	NSD1	ENSG00000165671
307.0	0.004	SETD2	ENSG00000181555
307.0	0.004	U2AF2	ENSG00000063244
307.0	0.004	GPT2	ENSG00000166123
307.0	0.004	HNRNPC	ENSG00000092199
307.0	0.004	GNAI1	ENSG00000127955
307.0	0.004	PPP2CA	ENSG00000113575
320.0	0.0039	SLC16A2	ENSG00000147100
320.0	0.0039	TUBA1A	ENSG00000167552
320.0	0.0039	ATAD3A	ENSG00000197785
320.0	0.0039	CLPB	ENSG00000162129
320.0	0.0039	RSRC1	ENSG00000174891
320.0	0.0039	POLR1A	ENSG00000068654
320.0	0.0039	KDM4B	ENSG00000127663
320.0	0.0039	HEXB	ENSG00000049860
320.0	0.0039	AP4M1	ENSG00000221838
320.0	0.0039	DHFR	ENSG00000228716
320.0	0.0039	EXOSC5	ENSG00000077348
320.0	0.0039	ROGDI	ENSG00000067836
320.0	0.0039	ARHGEF9	ENSG00000131089
334.0	0.0038	ERLIN2	ENSG00000147475
334.0	0.0038	DEPDC5	ENSG00000100150
334.0	0.0038	NPRL2	ENSG00000114388
334.0	0.0038	NPRL3	ENSG00000103148
334.0	0.0038	SETBP1	ENSG00000152217
334.0	0.0038	COG3	ENSG00000136152
334.0	0.0038	IER3IP1	ENSG00000134049
334.0	0.0038	DPH5	ENSG00000117543
334.0	0.0038	TRRAP	ENSG00000196367
334.0	0.0038	D2HGDH	ENSG00000180902
334.0	0.0038	MMACHC	ENSG00000132763
334.0	0.0038	VPS13D	ENSG00000048707
334.0	0.0038	GJB1	ENSG00000169562
334.0	0.0038	CACNA1H	ENSG00000196557
343.0	0.0037	NAXE	ENSG00000163382
343.0	0.0037	TUBB2B	ENSG00000137285
343.0	0.0037	PNPT1	ENSG00000138035
343.0	0.0037	MED11	ENSG00000161920
343.0	0.0037	EXOC8	ENSG00000116903
343.0	0.0037	ABHD16A	ENSG00000204427
343.0	0.0037	VPS37A	ENSG00000155975
343.0	0.0037	MICOS13	ENSG00000174917
343.0	0.0037	MSL3	ENSG00000005302
359.0	0.0036	SLC44A1	ENSG00000070214
359.0	0.0036	ALG11	ENSG00000253710
359.0	0.0036	ATP9A	ENSG00000054793
359.0	0.0036	RALGAPA1	ENSG00000174373
359.0	0.0036	CARS1	ENSG00000110619
359.0	0.0036	AFF3	ENSG00000144218
359.0	0.0036	CUL3	ENSG00000036257
359.0	0.0036	TBK1	ENSG00000183735
359.0	0.0036	TICAM1	ENSG00000127666
359.0	0.0036	TLR3	ENSG00000164342
359.0	0.0036	TRAF3	ENSG00000131323
359.0	0.0036	UNC93B1	ENSG00000110057
359.0	0.0036	CLP1	ENSG00000172409
359.0	0.0036	SMPD1	ENSG00000166311
359.0	0.0036	PYCR2	ENSG00000143811
359.0	0.0036	SUPT16H	ENSG00000092201
378.0	0.0035	UBTF	ENSG00000108312
378.0	0.0035	GAD1	ENSG00000128683
378.0	0.0035	GNB5	ENSG00000069966
378.0	0.0035	KIF1A	ENSG00000130294
378.0	0.0035	ZNHIT3	ENSG00000108278
378.0	0.0035	PRUNE1	ENSG00000143363
378.0	0.0035	NAXD	ENSG00000213995
378.0	0.0035	ATP13A2	ENSG00000159363
378.0	0.0035	BCORL1	ENSG00000085185
378.0	0.0035	DHX16	ENSG00000204560
378.0	0.0035	ERCC5	ENSG00000134899
378.0	0.0035	LNPK	ENSG00000144320
378.0	0.0035	LGI1	ENSG00000108231
378.0	0.0035	DENND5A	ENSG00000184014
378.0	0.0035	SLC35A2	ENSG00000102100
378.0	0.0035	HCFC1	ENSG00000172534
378.0	0.0035	IFNG	ENSG00000111537
378.0	0.0035	TSC1	ENSG00000165699
378.0	0.0035	TSC2	ENSG00000103197
390.0	0.0034	STRADA	ENSG00000266173
390.0	0.0034	NONO	ENSG00000147140
390.0	0.0034	TAF4	ENSG00000130699
390.0	0.0034	ATP5F1A	ENSG00000152234
390.0	0.0034	ATP5F1D	ENSG00000099624
390.0	0.0034	ATP5F1E	ENSG00000124172
390.0	0.0034	ATP5MK	ENSG00000173915
390.0	0.0034	ATPAF1	ENSG00000123472
390.0	0.0034	ATPAF2	ENSG00000171953
390.0	0.0034	MT-ATP8	ENSG00000228253
390.0	0.0034	SATB2	ENSG00000119042
390.0	0.0034	GATAD2B	ENSG00000143614
408.0	0.0033	PRDM13	ENSG00000112238
408.0	0.0033	MAPK1	ENSG00000100030
408.0	0.0033	KCNJ6	ENSG00000157542
408.0	0.0033	SETD5	ENSG00000168137
408.0	0.0033	IFIH1	ENSG00000115267
408.0	0.0033	KPNA3	ENSG00000102753
408.0	0.0033	SPG11	ENSG00000104133
408.0	0.0033	KIF5A	ENSG00000155980
408.0	0.0033	TGFB1	ENSG00000105329
408.0	0.0033	EHMT1	ENSG00000181090
408.0	0.0033	LMNB1	ENSG00000113368
408.0	0.0033	PTS	ENSG00000150787
408.0	0.0033	SPAST	ENSG00000021574
408.0	0.0033	ACADM	ENSG00000117054
408.0	0.0033	KCNJ10	ENSG00000177807
408.0	0.0033	PURA	ENSG00000185129
408.0	0.0033	CDK13	ENSG00000065883
408.0	0.0033	SPR	ENSG00000116096
418.0	0.0032	SLC6A19	ENSG00000174358
418.0	0.0032	ASPA	ENSG00000108381
418.0	0.0032	KIF1C	ENSG00000129250
418.0	0.0032	NDUFA1	ENSG00000125356
418.0	0.0032	HACE1	ENSG00000085382
418.0	0.0032	ATP6V1B2	ENSG00000147416
418.0	0.0032	ELOVL4	ENSG00000118402
418.0	0.0032	MBD5	ENSG00000204406
418.0	0.0032	RBL2	ENSG00000103479
418.0	0.0032	HNRNPH2	ENSG00000126945
432.0	0.0031	PNPLA8	ENSG00000135241
432.0	0.0031	STAMBP	ENSG00000124356
432.0	0.0031	APOE	ENSG00000130203
432.0	0.0031	PSEN1	ENSG00000080815
432.0	0.0031	ATAD1	ENSG00000138138
432.0	0.0031	HDAC4	ENSG00000068024
432.0	0.0031	GM2A	ENSG00000196743
432.0	0.0031	TRAPPC6B	ENSG00000182400
432.0	0.0031	PRICKLE1	ENSG00000139174
432.0	0.0031	PCYT2	ENSG00000185813
432.0	0.0031	TREX1	ENSG00000213689
432.0	0.0031	EMC1	ENSG00000127463
432.0	0.0031	UGDH	ENSG00000109814
432.0	0.0031	MINPP1	ENSG00000107789
453.0	0.003	CILK1	ENSG00000112144
453.0	0.003	CLCN2	ENSG00000114859
453.0	0.003	EFHC1	ENSG00000096093
453.0	0.003	CACNA1C	ENSG00000151067
453.0	0.003	NDUFV1	ENSG00000167792
453.0	0.003	GCDH	ENSG00000105607
453.0	0.003	TMEM63C	ENSG00000165548
453.0	0.003	HYCC1	ENSG00000122591
453.0	0.003	IQSEC1	ENSG00000144711
453.0	0.003	PGAP3	ENSG00000161395
453.0	0.003	KMT2D	ENSG00000167548
453.0	0.003	DHX37	ENSG00000150990
453.0	0.003	MTRFR	ENSG00000130921
453.0	0.003	KPTN	ENSG00000118162
453.0	0.003	CNOT1	ENSG00000125107
453.0	0.003	SLC25A10	ENSG00000183048
453.0	0.003	GCH1	ENSG00000131979
453.0	0.003	ADNP	ENSG00000101126
453.0	0.003	DHPS	ENSG00000095059
453.0	0.003	TBC1D23	ENSG00000036054
453.0	0.003	ASXL2	ENSG00000143970
463.0	0.0029	RAB18	ENSG00000099246
463.0	0.0029	PSAT1	ENSG00000135069
463.0	0.0029	LONP1	ENSG00000196365
463.0	0.0029	PDHA1	ENSG00000131828
463.0	0.0029	EMC10	ENSG00000161671
463.0	0.0029	KCNT2	ENSG00000162687
463.0	0.0029	TNR	ENSG00000116147
463.0	0.0029	PLAA	ENSG00000137055
463.0	0.0029	ASNS	ENSG00000070669
463.0	0.0029	TNPO2	ENSG00000105576
479.0	0.0028	CAMTA1	ENSG00000171735
479.0	0.0028	POU4F1	ENSG00000152192
479.0	0.0028	SLC12A6	ENSG00000140199
479.0	0.0028	LAMA2	ENSG00000196569
479.0	0.0028	SLC13A3	ENSG00000158296
479.0	0.0028	RTN2	ENSG00000125744
479.0	0.0028	UBAP1	ENSG00000165006
479.0	0.0028	NUP214	ENSG00000126883
479.0	0.0028	ACO2	ENSG00000100412
479.0	0.0028	SLC25A15	ENSG00000102743
479.0	0.0028	LARGE1	ENSG00000133424
479.0	0.0028	DYNC1I2	ENSG00000077380
479.0	0.0028	PHACTR1	ENSG00000112137
479.0	0.0028	GMPPB	ENSG00000173540
479.0	0.0028	ANO10	ENSG00000160746
479.0	0.0028	DLAT	ENSG00000150768
497.0	0.0027	GLYCTK	ENSG00000168237
497.0	0.0027	COQ5	ENSG00000110871
497.0	0.0027	EZH2	ENSG00000106462
497.0	0.0027	GLUL	ENSG00000135821
497.0	0.0027	GFM2	ENSG00000164347
497.0	0.0027	RHOBTB2	ENSG00000008853
497.0	0.0027	TUBG1	ENSG00000131462
497.0	0.0027	KMT5B	ENSG00000110066
497.0	0.0027	ZNF526	ENSG00000167625
497.0	0.0027	CYP27A1	ENSG00000135929
497.0	0.0027	SLC1A3	ENSG00000079215
497.0	0.0027	NIPA1	ENSG00000170113
497.0	0.0027	ZNF292	ENSG00000188994
497.0	0.0027	CAPN1	ENSG00000014216
497.0	0.0027	SON	ENSG00000159140
497.0	0.0027	MGAT2	ENSG00000168282
497.0	0.0027	ZBTB18	ENSG00000179456
497.0	0.0027	YME1L1	ENSG00000136758
513.0	0.0026	TAOK1	ENSG00000160551
513.0	0.0026	KCNN2	ENSG00000080709
513.0	0.0026	NEU1	ENSG00000204386
513.0	0.0026	KATNB1	ENSG00000140854
513.0	0.0026	COL18A1	ENSG00000182871
513.0	0.0026	POLA1	ENSG00000101868
513.0	0.0026	SYNE1	ENSG00000131018
513.0	0.0026	SACS	ENSG00000151835
513.0	0.0026	MED13	ENSG00000108510
513.0	0.0026	ABCD1	ENSG00000101986
513.0	0.0026	TRAPPC12	ENSG00000171853
513.0	0.0026	GBA1	ENSG00000177628
513.0	0.0026	PPP1R21	ENSG00000162869
513.0	0.0026	METTL5	ENSG00000138382
513.0	0.0026	FMR1	ENSG00000102081
513.0	0.0026	OSTM1	ENSG00000081087
527.0	0.0025	TUBB2A	ENSG00000137267
527.0	0.0025	AUTS2	ENSG00000158321
527.0	0.0025	PIDD1	ENSG00000177595
527.0	0.0025	MRAP	ENSG00000170262
527.0	0.0025	ESAM	ENSG00000149564
527.0	0.0025	TET3	ENSG00000187605
527.0	0.0025	SLC6A8	ENSG00000130821
527.0	0.0025	HNRNPR	ENSG00000125944
527.0	0.0025	PLXNA1	ENSG00000114554
527.0	0.0025	DOCK6	ENSG00000130158
527.0	0.0025	FOXP1	ENSG00000114861
527.0	0.0025	ADSL	ENSG00000239900
527.0	0.0025	WDR62	ENSG00000075702
527.0	0.0025	MKS1	ENSG00000011143
551.0	0.0024	TANC2	ENSG00000170921
551.0	0.0024	TEFM	ENSG00000172171
551.0	0.0024	DDC	ENSG00000132437
551.0	0.0024	CASR	ENSG00000036828
551.0	0.0024	ZEB2	ENSG00000169554
551.0	0.0024	ATP2B1	ENSG00000070961
551.0	0.0024	COX4I1	ENSG00000131143
551.0	0.0024	GABBR1	ENSG00000204681
551.0	0.0024	CRIPT	ENSG00000119878
551.0	0.0024	KCNK4	ENSG00000182450
551.0	0.0024	TDP1	ENSG00000042088
551.0	0.0024	PLA2G6	ENSG00000184381
551.0	0.0024	GLS	ENSG00000115419
551.0	0.0024	FMN2	ENSG00000155816
551.0	0.0024	SARDH	ENSG00000123453
551.0	0.0024	SUOX	ENSG00000139531
551.0	0.0024	PIGL	ENSG00000108474
551.0	0.0024	USP7	ENSG00000187555
551.0	0.0024	THOC2	ENSG00000125676
551.0	0.0024	EXTL3	ENSG00000012232
551.0	0.0024	LGI4	ENSG00000153902
551.0	0.0024	NDUFC2	ENSG00000151366
551.0	0.0024	NCDN	ENSG00000020129
551.0	0.0024	SPRED1	ENSG00000166068
575.0	0.0023	TRIO	ENSG00000038382
575.0	0.0023	UBE4A	ENSG00000110344
575.0	0.0023	PIGS	ENSG00000087111
575.0	0.0023	SOX5	ENSG00000134532
575.0	0.0023	PRORP	ENSG00000100890
575.0	0.0023	GRM1	ENSG00000152822
575.0	0.0023	PIGM	ENSG00000143315
575.0	0.0023	CAMSAP1	ENSG00000130559
575.0	0.0023	PDE2A	ENSG00000186642
575.0	0.0023	WASHC5	ENSG00000164961
575.0	0.0023	SMARCA2	ENSG00000080503
575.0	0.0023	PSAP	ENSG00000197746
575.0	0.0023	SLC35A3	ENSG00000117620
575.0	0.0023	TH	ENSG00000180176
575.0	0.0023	TSPOAP1	ENSG00000005379
575.0	0.0023	DLG3	ENSG00000082458
575.0	0.0023	TRAPPC11	ENSG00000168538
575.0	0.0023	ERMARD	ENSG00000130023
575.0	0.0023	SUMF1	ENSG00000144455
575.0	0.0023	LRP5	ENSG00000162337
575.0	0.0023	ATP7A	ENSG00000165240
575.0	0.0023	FGFR3	ENSG00000068078
575.0	0.0023	RARS2	ENSG00000146282
575.0	0.0023	P2RY8	ENSG00000182162
599.0	0.0022	DNAJC6	ENSG00000116675
599.0	0.0022	DPYSL5	ENSG00000157851
599.0	0.0022	TLK2	ENSG00000146872
599.0	0.0022	POLG	ENSG00000140521
599.0	0.0022	NIPA2	ENSG00000140157
599.0	0.0022	TUBB4A	ENSG00000104833
599.0	0.0022	ALG14	ENSG00000172339
599.0	0.0022	NTNG2	ENSG00000196358
599.0	0.0022	BUB1B	ENSG00000156970
599.0	0.0022	TNRC6B	ENSG00000100354
599.0	0.0022	RAP1GDS1	ENSG00000138698
599.0	0.0022	DNMT3A	ENSG00000119772
599.0	0.0022	PRDM8	ENSG00000152784
599.0	0.0022	NR2F1	ENSG00000175745
599.0	0.0022	MORC2	ENSG00000133422
599.0	0.0022	PANK2	ENSG00000125779
599.0	0.0022	POLR3A	ENSG00000148606
599.0	0.0022	GTPBP2	ENSG00000172432
599.0	0.0022	HCN2	ENSG00000099822
599.0	0.0022	NDUFAF3	ENSG00000178057
599.0	0.0022	TPK1	ENSG00000196511
599.0	0.0022	MED12L	ENSG00000144893
599.0	0.0022	PAH	ENSG00000171759
599.0	0.0022	LAGE3	ENSG00000196976
641.0	0.0021	GRIA4	ENSG00000152578
641.0	0.0021	NDUFA2	ENSG00000131495
641.0	0.0021	IRF2BPL	ENSG00000119669
641.0	0.0021	MTFMT	ENSG00000103707
641.0	0.0021	CCDC88A	ENSG00000115355
641.0	0.0021	CARS2	ENSG00000134905
641.0	0.0021	MADD	ENSG00000110514
641.0	0.0021	ADGRL1	ENSG00000072071
641.0	0.0021	BCAS3	ENSG00000141376
641.0	0.0021	SPART	ENSG00000133104
641.0	0.0021	DEAF1	ENSG00000177030
641.0	0.0021	FLII	ENSG00000177731
641.0	0.0021	RAI1	ENSG00000108557
641.0	0.0021	NDUFS4	ENSG00000164258
641.0	0.0021	POLR3B	ENSG00000013503
641.0	0.0021	GBA2	ENSG00000070610
641.0	0.0021	PRKAR1B	ENSG00000188191
641.0	0.0021	IFRD1	ENSG00000006652
641.0	0.0021	TECPR2	ENSG00000196663
641.0	0.0021	IMPDH2	ENSG00000178035
641.0	0.0021	NR4A2	ENSG00000153234
641.0	0.0021	SLC9A6	ENSG00000198689
641.0	0.0021	AGO2	ENSG00000123908
641.0	0.0021	SPEN	ENSG00000065526
641.0	0.0021	PTRH2	ENSG00000141378
641.0	0.0021	CYP2U1	ENSG00000155016
641.0	0.0021	PPOX	ENSG00000143224
641.0	0.0021	KANSL1	ENSG00000120071
641.0	0.0021	SLC6A9	ENSG00000196517
641.0	0.0021	ERCC6	ENSG00000225830
641.0	0.0021	ERCC6-PGBD3	ENSG00000258838
641.0	0.0021	CDK8	ENSG00000132964
641.0	0.0021	COQ8A	ENSG00000163050
641.0	0.0021	NDP	ENSG00000124479
641.0	0.0021	MAF	ENSG00000178573
641.0	0.0021	DARS2	ENSG00000117593
641.0	0.0021	EBP	ENSG00000147155
641.0	0.0021	VPS35L	ENSG00000103544
641.0	0.0021	FRMPD4	ENSG00000169933
641.0	0.0021	VPS41	ENSG00000006715
641.0	0.0021	FTL	ENSG00000087086
641.0	0.0021	CHRNA7	ENSG00000175344
694.0	0.002	TBX1	ENSG00000184058
694.0	0.002	NKX6-2	ENSG00000148826
694.0	0.002	DKK1	ENSG00000107984
694.0	0.002	ALMS1	ENSG00000116127
694.0	0.002	SETD1B	ENSG00000139718
694.0	0.002	AP3D1	ENSG00000065000
694.0	0.002	AGRN	ENSG00000188157
694.0	0.002	CHAT	ENSG00000070748
694.0	0.002	COL13A1	ENSG00000197467
694.0	0.002	MYO9A	ENSG00000066933
694.0	0.002	SLC18A3	ENSG00000187714
694.0	0.002	SLC25A1	ENSG00000100075
694.0	0.002	SLC5A7	ENSG00000115665
694.0	0.002	SNAP25	ENSG00000132639
694.0	0.002	SYT2	ENSG00000143858
694.0	0.002	VAMP1	ENSG00000139190
694.0	0.002	REEP1	ENSG00000068615
694.0	0.002	WARS1	ENSG00000140105
694.0	0.002	ADAR	ENSG00000160710
694.0	0.002	NUP54	ENSG00000138750
694.0	0.002	NUP62	ENSG00000213024
694.0	0.002	COL3A1	ENSG00000168542
694.0	0.002	TARS2	ENSG00000143374
694.0	0.002	PTCHD1	ENSG00000165186
694.0	0.002	CDON	ENSG00000064309
694.0	0.002	CRIPTO	ENSG00000241186
694.0	0.002	DISP1	ENSG00000154309
694.0	0.002	DLL1	ENSG00000198719
694.0	0.002	FGF8	ENSG00000107831
694.0	0.002	FGFR1	ENSG00000077782
694.0	0.002	FOXH1	ENSG00000160973
694.0	0.002	GAS1	ENSG00000180447
694.0	0.002	GLI2	ENSG00000074047
694.0	0.002	NODAL	ENSG00000156574
694.0	0.002	PLCH1	ENSG00000114805
694.0	0.002	PTCH1	ENSG00000185920
694.0	0.002	SHH	ENSG00000164690
694.0	0.002	SIX3	ENSG00000138083
694.0	0.002	STAG2	ENSG00000101972
694.0	0.002	STIL	ENSG00000123473
694.0	0.002	TGIF1	ENSG00000177426
694.0	0.002	ZIC2	ENSG00000043355
694.0	0.002	SOCS1	ENSG00000185338
694.0	0.002	PIGG	ENSG00000174227
694.0	0.002	TMEM163	ENSG00000152128
694.0	0.002	CSF1R	ENSG00000182578
694.0	0.002	COPB1	ENSG00000129083
694.0	0.002	SLC25A19	ENSG00000125454
694.0	0.002	SNX14	ENSG00000135317
694.0	0.002	ABCB7	ENSG00000131269
694.0	0.002	CSTB	ENSG00000160213
694.0	0.002	BAP1	ENSG00000163930
694.0	0.002	HNRNPK	ENSG00000165119
729.0	0.0019	GRIA3	ENSG00000125675
729.0	0.0019	WDR11	ENSG00000120008
729.0	0.0019	HADHA	ENSG00000084754
729.0	0.0019	HADHB	ENSG00000138029
729.0	0.0019	SH2B1	ENSG00000178188
729.0	0.0019	DPM2	ENSG00000136908
729.0	0.0019	KCNC1	ENSG00000129159
729.0	0.0019	NFIB	ENSG00000147862
729.0	0.0019	EXOSC9	ENSG00000123737
729.0	0.0019	RNH1	ENSG00000023191
729.0	0.0019	IKBKG	ENSG00000073009
729.0	0.0019	ACY1	ENSG00000243989
729.0	0.0019	EBF3	ENSG00000108001
729.0	0.0019	MOCS2	ENSG00000164172
729.0	0.0019	MRPS34	ENSG00000074071
729.0	0.0019	DHCR7	ENSG00000172893
729.0	0.0019	RERE	ENSG00000142599
729.0	0.0019	RORB	ENSG00000198963
729.0	0.0019	CNTN2	ENSG00000184144
729.0	0.0019	NDE1	ENSG00000072864
729.0	0.0019	MED12	ENSG00000184634
729.0	0.0019	SNRPN	ENSG00000128739
729.0	0.0019	TSFM	ENSG00000123297
729.0	0.0019	EXOSC3	ENSG00000107371
729.0	0.0019	MARK2	ENSG00000072518
729.0	0.0019	AMELX	ENSG00000125363
729.0	0.0019	B4GALNT1	ENSG00000135454
729.0	0.0019	SPG21	ENSG00000090487
729.0	0.0019	HEPACAM	ENSG00000165478
729.0	0.0019	TBCE	ENSG00000116957
729.0	0.0019	OGDH	ENSG00000105953
729.0	0.0019	CERS1	ENSG00000223802
729.0	0.0019	ERLIN1	ENSG00000107566
729.0	0.0019	MTR	ENSG00000116984
729.0	0.0019	DEGS1	ENSG00000143753
797.0	0.0018	NDUFS1	ENSG00000023228
797.0	0.0018	FLI1	ENSG00000151702
797.0	0.0018	ZMIZ1	ENSG00000108175
797.0	0.0018	TRMT10A	ENSG00000145331
797.0	0.0018	TUBB3	ENSG00000198211
797.0	0.0018	PCCA	ENSG00000175198
797.0	0.0018	PCCB	ENSG00000114054
797.0	0.0018	FRMD4A	ENSG00000151474
797.0	0.0018	KCNC3	ENSG00000131398
797.0	0.0018	SEMA6B	ENSG00000167680
797.0	0.0018	ADAM22	ENSG00000008277
797.0	0.0018	SHMT2	ENSG00000182199
797.0	0.0018	EPCAM	ENSG00000119888
797.0	0.0018	FAN1	ENSG00000198690
797.0	0.0018	KRAS	ENSG00000133703
797.0	0.0018	MLH1	ENSG00000076242
797.0	0.0018	MLH3	ENSG00000119684
797.0	0.0018	MSH2	ENSG00000095002
797.0	0.0018	MSH6	ENSG00000116062
797.0	0.0018	PIK3CA	ENSG00000121879
797.0	0.0018	PMS1	ENSG00000064933
797.0	0.0018	PMS2	ENSG00000122512
797.0	0.0018	TGFBR2	ENSG00000163513
797.0	0.0018	NDUFAF4	ENSG00000123545
797.0	0.0018	ABCC8	ENSG00000006071
797.0	0.0018	GCK	ENSG00000106633
797.0	0.0018	INS	ENSG00000254647
797.0	0.0018	KCNJ11	ENSG00000187486
797.0	0.0018	PDX1	ENSG00000139515
797.0	0.0018	STAT3	ENSG00000168610
797.0	0.0018	THUMPD1	ENSG00000066654
797.0	0.0018	PMPCB	ENSG00000105819
797.0	0.0018	AP4E1	ENSG00000081014
797.0	0.0018	PHIP	ENSG00000146247
797.0	0.0018	AKT1	ENSG00000142208
797.0	0.0018	NF2	ENSG00000186575
797.0	0.0018	PDGFB	ENSG00000100311
797.0	0.0018	SMARCB1	ENSG00000099956
797.0	0.0018	SMARCE1	ENSG00000073584
797.0	0.0018	SMO	ENSG00000128602
797.0	0.0018	SUFU	ENSG00000107882
797.0	0.0018	TERT	ENSG00000164362
797.0	0.0018	TRAF7	ENSG00000131653
797.0	0.0018	CYP7B1	ENSG00000172817
797.0	0.0018	SIN3A	ENSG00000169375
797.0	0.0018	PRNP	ENSG00000171867
797.0	0.0018	PPP2R5D	ENSG00000112640
797.0	0.0018	SLC39A8	ENSG00000138821
797.0	0.0018	VARS1	ENSG00000204394
797.0	0.0018	NEUROG1	ENSG00000181965
797.0	0.0018	KDM3B	ENSG00000120733
797.0	0.0018	TBL1XR1	ENSG00000177565
797.0	0.0018	LRPPRC	ENSG00000138095
797.0	0.0018	SRCAP	ENSG00000080603
797.0	0.0018	CYB5A	ENSG00000166347
797.0	0.0018	CYB5R3	ENSG00000100243
797.0	0.0018	MAPK8IP3	ENSG00000138834
797.0	0.0018	DNAJC12	ENSG00000108176
797.0	0.0018	UBAP2L	ENSG00000143569
797.0	0.0018	PTPRF	ENSG00000142949
797.0	0.0018	PMM2	ENSG00000140650
797.0	0.0018	TMEM231	ENSG00000205084
797.0	0.0018	MT-CO1	ENSG00000198804
797.0	0.0018	MT-CO2	ENSG00000198712
797.0	0.0018	MT-CO3	ENSG00000198938
797.0	0.0018	TMEM222	ENSG00000186501
797.0	0.0018	ABCC9	ENSG00000069431
797.0	0.0018	GDI1	ENSG00000203879
850.0	0.0017	ARG1	ENSG00000118520
850.0	0.0017	TMX2	ENSG00000213593
850.0	0.0017	CNTNAP1	ENSG00000108797
850.0	0.0017	VPS13A	ENSG00000197969
850.0	0.0017	CPT1C	ENSG00000169169
850.0	0.0017	RAB11B	ENSG00000185236
850.0	0.0017	COG8	ENSG00000213380
850.0	0.0017	GALNT2	ENSG00000143641
850.0	0.0017	NDUFA13	ENSG00000186010
850.0	0.0017	PACS1	ENSG00000175115
850.0	0.0017	VPS50	ENSG00000004766
850.0	0.0017	VARS2	ENSG00000137411
850.0	0.0017	SMC5	ENSG00000198887
850.0	0.0017	ZMYM2	ENSG00000121741
850.0	0.0017	RORA	ENSG00000069667
850.0	0.0017	RNASEH1	ENSG00000171865
850.0	0.0017	SLC7A6OS	ENSG00000103061
850.0	0.0017	KIF11	ENSG00000138160
850.0	0.0017	FOXC2	ENSG00000176692
850.0	0.0017	AP4B1	ENSG00000134262
850.0	0.0017	DHX30	ENSG00000132153
850.0	0.0017	CTSF	ENSG00000174080
850.0	0.0017	TTI1	ENSG00000101407
850.0	0.0017	LETM1	ENSG00000168924
850.0	0.0017	GRIA1	ENSG00000155511
850.0	0.0017	ODC1	ENSG00000115758
850.0	0.0017	MACROH2A2	ENSG00000099284
850.0	0.0017	NFIA	ENSG00000162599
850.0	0.0017	NFASC	ENSG00000163531
850.0	0.0017	DDHD2	ENSG00000085788
850.0	0.0017	CPA6	ENSG00000165078
850.0	0.0017	PLP1	ENSG00000123560
850.0	0.0017	GLUD1	ENSG00000148672
850.0	0.0017	NDUFA4	ENSG00000189043
850.0	0.0017	YIF1B	ENSG00000167645
850.0	0.0017	TMEM94	ENSG00000177728
850.0	0.0017	NCAPD3	ENSG00000151503
850.0	0.0017	SLC30A9	ENSG00000014824
850.0	0.0017	SETD4	ENSG00000185917
850.0	0.0017	WDR45	ENSG00000196998
850.0	0.0017	ARID2	ENSG00000189079
850.0	0.0017	TIAM1	ENSG00000156299
850.0	0.0017	COG5	ENSG00000164597
850.0	0.0017	BRD4	ENSG00000141867
850.0	0.0017	HDAC8	ENSG00000147099
850.0	0.0017	NIPBL	ENSG00000164190
850.0	0.0017	RAD21	ENSG00000164754
850.0	0.0017	SMC3	ENSG00000108055
850.0	0.0017	TCF20	ENSG00000100207
850.0	0.0017	RNF170	ENSG00000120925
850.0	0.0017	TXN2	ENSG00000100348
850.0	0.0017	ALG1	ENSG00000033011
850.0	0.0017	NF1	ENSG00000196712
942.0	0.0016	UFM1	ENSG00000120686
942.0	0.0016	LMNB2	ENSG00000176619
942.0	0.0016	HTRA1	ENSG00000166033
942.0	0.0016	GNE	ENSG00000159921
942.0	0.0016	SCAF4	ENSG00000156304
942.0	0.0016	STUB1	ENSG00000103266
942.0	0.0016	HIVEP2	ENSG00000010818
942.0	0.0016	BSCL2	ENSG00000168000
942.0	0.0016	SLCO1C1	ENSG00000139155
942.0	0.0016	SNAPIN	ENSG00000143553
942.0	0.0016	KCNK10	ENSG00000100433
942.0	0.0016	CSNK2B	ENSG00000204435
942.0	0.0016	DPM3	ENSG00000179085
942.0	0.0016	FCSK	ENSG00000157353
942.0	0.0016	COL4A2	ENSG00000134871
942.0	0.0016	JARID2	ENSG00000008083
942.0	0.0016	C9orf72	ENSG00000147894
942.0	0.0016	CHMP2B	ENSG00000083937
942.0	0.0016	MAPT	ENSG00000186868
942.0	0.0016	SQSTM1	ENSG00000161011
942.0	0.0016	TMEM106B	ENSG00000106460
942.0	0.0016	TREM2	ENSG00000095970
942.0	0.0016	VCP	ENSG00000165280
942.0	0.0016	MEGF8	ENSG00000105429
942.0	0.0016	PGM3	ENSG00000013375
942.0	0.0016	NARS2	ENSG00000137513
942.0	0.0016	MTOR	ENSG00000198793
942.0	0.0016	ANKRD17	ENSG00000132466
942.0	0.0016	MED27	ENSG00000160563
942.0	0.0016	NAT8L	ENSG00000185818
942.0	0.0016	PUS7	ENSG00000091127
942.0	0.0016	PIGO	ENSG00000165282
942.0	0.0016	PIGV	ENSG00000060642
942.0	0.0016	PIGW	ENSG00000184886
942.0	0.0016	PIGY	ENSG00000255072
942.0	0.0016	GALT	ENSG00000213930
942.0	0.0016	WDR73	ENSG00000177082
942.0	0.0016	VPS4A	ENSG00000132612
942.0	0.0016	CHD5	ENSG00000116254
942.0	0.0016	PHF21A	ENSG00000135365
942.0	0.0016	LMAN2L	ENSG00000114988
942.0	0.0016	ZNFX1	ENSG00000124201
942.0	0.0016	HECW2	ENSG00000138411
942.0	0.0016	TMEM147	ENSG00000105677
942.0	0.0016	COQ2	ENSG00000173085
942.0	0.0016	PRODH2	ENSG00000250799
942.0	0.0016	YARS1	ENSG00000134684
942.0	0.0016	OSGEP	ENSG00000092094
942.0	0.0016	ARSA	ENSG00000100299
942.0	0.0016	TBC1D25	ENSG00000068354
942.0	0.0016	PDE8B	ENSG00000113231
942.0	0.0016	KAT5	ENSG00000172977
942.0	0.0016	EFCAB12	ENSG00000172771
942.0	0.0016	ZBTB20	ENSG00000181722
942.0	0.0016	PUS3	ENSG00000110060
942.0	0.0016	ZNF669	ENSG00000188295
942.0	0.0016	SERAC1	ENSG00000122335
942.0	0.0016	BCR	ENSG00000186716
942.0	0.0016	CRKL	ENSG00000099942
942.0	0.0016	ANG	ENSG00000214274
942.0	0.0016	ANXA11	ENSG00000122359
942.0	0.0016	ATXN2	ENSG00000204842
942.0	0.0016	CCNF	ENSG00000162063
942.0	0.0016	CFAP410	ENSG00000160226
942.0	0.0016	CHCHD10	ENSG00000250479
942.0	0.0016	DAO	ENSG00000110887
942.0	0.0016	DCTN1	ENSG00000204843
942.0	0.0016	EPHA4	ENSG00000116106
942.0	0.0016	ERBB4	ENSG00000178568
942.0	0.0016	FUS	ENSG00000089280
942.0	0.0016	GLE1	ENSG00000119392
942.0	0.0016	GLT8D1	ENSG00000016864
942.0	0.0016	HNRNPA1	ENSG00000135486
942.0	0.0016	MATR3	ENSG00000015479
942.0	0.0016	NEFH	ENSG00000100285
942.0	0.0016	NEK1	ENSG00000137601
942.0	0.0016	OPTN	ENSG00000123240
942.0	0.0016	PFN1	ENSG00000108518
942.0	0.0016	PON1	ENSG00000005421
942.0	0.0016	PON2	ENSG00000105854
942.0	0.0016	PON3	ENSG00000105852
942.0	0.0016	PPARGC1A	ENSG00000109819
942.0	0.0016	PRPH	ENSG00000135406
942.0	0.0016	SOD1	ENSG00000142168
942.0	0.0016	TAF15	ENSG00000172660
942.0	0.0016	TARDBP	ENSG00000120948
942.0	0.0016	UBQLN2	ENSG00000188021
942.0	0.0016	UNC13A	ENSG00000130477
942.0	0.0016	VAPB	ENSG00000124164
942.0	0.0016	L2HGDH	ENSG00000087299
942.0	0.0016	EPRS1	ENSG00000136628
942.0	0.0016	SLC5A6	ENSG00000138074
1015.0	0.0015	FBXO41	ENSG00000163013
1015.0	0.0015	CDC42BPB	ENSG00000198752
1015.0	0.0015	BCS1L	ENSG00000074582
1015.0	0.0015	PIGU	ENSG00000101464
1015.0	0.0015	VAMP2	ENSG00000220205
1015.0	0.0015	OCRL	ENSG00000122126
1015.0	0.0015	ERCC1	ENSG00000012061
1015.0	0.0015	ERCC8	ENSG00000049167
1015.0	0.0015	HS6ST2	ENSG00000171004
1015.0	0.0015	TRAPPC9	ENSG00000167632
1015.0	0.0015	GLB1	ENSG00000170266
1015.0	0.0015	KAT8	ENSG00000103510
1015.0	0.0015	GNAQ	ENSG00000156052
1015.0	0.0015	FDX2	ENSG00000267673
1015.0	0.0015	SLC9A7	ENSG00000065923
1015.0	0.0015	DYNC1H1	ENSG00000197102
1015.0	0.0015	USP19	ENSG00000172046
1015.0	0.0015	EIF2B3	ENSG00000070785
1015.0	0.0015	HERC1	ENSG00000103657
1015.0	0.0015	CABP4	ENSG00000175544
1015.0	0.0015	CHRNA2	ENSG00000120903
1015.0	0.0015	CHRNA4	ENSG00000101204
1015.0	0.0015	CHRNB2	ENSG00000160716
1015.0	0.0015	CRH	ENSG00000147571
1015.0	0.0015	MICU1	ENSG00000107745
1015.0	0.0015	KMT2A	ENSG00000118058
1015.0	0.0015	EXOC7	ENSG00000182473
1015.0	0.0015	ARVCF	ENSG00000099889
1015.0	0.0015	COMT	ENSG00000093010
1015.0	0.0015	GP1BB	ENSG00000203618
1015.0	0.0015	HIRA	ENSG00000100084
1015.0	0.0015	JMJD1C	ENSG00000171988
1015.0	0.0015	RREB1	ENSG00000124782
1015.0	0.0015	SEC24C	ENSG00000176986
1015.0	0.0015	UFD1	ENSG00000070010
1015.0	0.0015	BICD2	ENSG00000185963
1015.0	0.0015	TWNK	ENSG00000107815
1015.0	0.0015	IREB2	ENSG00000136381
1015.0	0.0015	POLRMT	ENSG00000099821
1015.0	0.0015	IL16	ENSG00000172349
1015.0	0.0015	SUCLG1	ENSG00000163541
1015.0	0.0015	UCHL1	ENSG00000154277
1015.0	0.0015	ASH1L	ENSG00000116539
1015.0	0.0015	FBXO11	ENSG00000138081
1015.0	0.0015	WDR45B	ENSG00000141580
1015.0	0.0015	MAP1B	ENSG00000131711
1015.0	0.0015	CACNA2D2	ENSG00000007402
1015.0	0.0015	PTH1R	ENSG00000160801
1015.0	0.0015	REEP2	ENSG00000132563
1015.0	0.0015	NDUFA8	ENSG00000119421
1015.0	0.0015	RELN	ENSG00000189056
1015.0	0.0015	TBP	ENSG00000112592
1015.0	0.0015	GAL	ENSG00000069482
1015.0	0.0015	GFAP	ENSG00000131095
1015.0	0.0015	NPPA	ENSG00000175206
1015.0	0.0015	SARS1	ENSG00000031698
1015.0	0.0015	ELP2	ENSG00000134759
1015.0	0.0015	ERCC2	ENSG00000104884
1015.0	0.0015	ERCC3	ENSG00000163161
1015.0	0.0015	GTF2E2	ENSG00000197265
1015.0	0.0015	GTF2H5	ENSG00000272047
1015.0	0.0015	MPLKIP	ENSG00000168303
1015.0	0.0015	RNF113A	ENSG00000125352
1015.0	0.0015	TARS1	ENSG00000113407
1015.0	0.0015	ASPM	ENSG00000066279
1015.0	0.0015	COX11	ENSG00000166260
1015.0	0.0015	RTN4IP1	ENSG00000130347
1015.0	0.0015	PEX19	ENSG00000162735
1015.0	0.0015	ZC3H6	ENSG00000188177
1015.0	0.0015	HMGN3	ENSG00000118418
1015.0	0.0015	PIGN	ENSG00000197563
1015.0	0.0015	KIF4A	ENSG00000090889
1015.0	0.0015	GNPTAB	ENSG00000111670
1100.0	0.0014	H3-3A	ENSG00000163041
1100.0	0.0014	POLG2	ENSG00000256525
1100.0	0.0014	RRM2B	ENSG00000048392
1100.0	0.0014	SLC25A4	ENSG00000151729
1100.0	0.0014	PCDH7	ENSG00000169851
1100.0	0.0014	SLC44A5	ENSG00000137968
1100.0	0.0014	AP1G1	ENSG00000166747
1100.0	0.0014	ANK3	ENSG00000151150
1100.0	0.0014	PRMT5	ENSG00000100462
1100.0	0.0014	ALG9	ENSG00000086848
1100.0	0.0014	NFU1	ENSG00000169599
1100.0	0.0014	DPP9	ENSG00000142002
1100.0	0.0014	INTS11	ENSG00000127054
1100.0	0.0014	OLIG2	ENSG00000205927
1100.0	0.0014	TRAP1	ENSG00000126602
1100.0	0.0014	PUM1	ENSG00000134644
1100.0	0.0014	GPKOW	ENSG00000068394
1100.0	0.0014	KCNA4	ENSG00000182255
1100.0	0.0014	IBA57	ENSG00000181873
1100.0	0.0014	HUWE1	ENSG00000086758
1100.0	0.0014	AP5Z1	ENSG00000242802
1100.0	0.0014	SMS	ENSG00000102172
1100.0	0.0014	ADAT3	ENSG00000213638
1100.0	0.0014	USP14	ENSG00000101557
1100.0	0.0014	ARL6	ENSG00000113966
1100.0	0.0014	BBIP1	ENSG00000214413
1100.0	0.0014	BBS1	ENSG00000174483
1100.0	0.0014	BBS10	ENSG00000179941
1100.0	0.0014	BBS12	ENSG00000181004
1100.0	0.0014	BBS2	ENSG00000125124
1100.0	0.0014	BBS4	ENSG00000140463
1100.0	0.0014	BBS5	ENSG00000163093
1100.0	0.0014	BBS7	ENSG00000138686
1100.0	0.0014	BBS9	ENSG00000122507
1100.0	0.0014	CEP19	ENSG00000174007
1100.0	0.0014	CEP290	ENSG00000198707
1100.0	0.0014	CFAP418	ENSG00000156172
1100.0	0.0014	CTD-3074O7.11	ENSG00000256349
1100.0	0.0014	IFT172	ENSG00000138002
1100.0	0.0014	IFT27	ENSG00000100360
1100.0	0.0014	IFT74	ENSG00000096872
1100.0	0.0014	LZTFL1	ENSG00000163818
1100.0	0.0014	MKKS	ENSG00000125863
1100.0	0.0014	NPHP1	ENSG00000144061
1100.0	0.0014	SCAPER	ENSG00000140386
1100.0	0.0014	SCLT1	ENSG00000151466
1100.0	0.0014	SDCCAG8	ENSG00000054282
1100.0	0.0014	TRIM32	ENSG00000119401
1100.0	0.0014	TTC8	ENSG00000165533
1100.0	0.0014	WDPCP	ENSG00000143951
1100.0	0.0014	NDRG1	ENSG00000104419
1100.0	0.0014	CDC42	ENSG00000070831
1100.0	0.0014	TBC1D20	ENSG00000125875
1100.0	0.0014	PHF10	ENSG00000130024
1100.0	0.0014	SPTBN2	ENSG00000173898
1100.0	0.0014	TRIP12	ENSG00000153827
1100.0	0.0014	AQP4	ENSG00000171885
1100.0	0.0014	KIF5C	ENSG00000168280
1100.0	0.0014	DISC1	ENSG00000162946
1100.0	0.0014	CA9	ENSG00000107159
1100.0	0.0014	GRID2	ENSG00000152208
1100.0	0.0014	PMPCA	ENSG00000165688
1100.0	0.0014	OPA1	ENSG00000198836
1100.0	0.0014	LYRM4	ENSG00000214113
1100.0	0.0014	SCYL1	ENSG00000142186
1100.0	0.0014	ZMYND11	ENSG00000015171
1100.0	0.0014	TK2	ENSG00000166548
1100.0	0.0014	NAPB	ENSG00000125814
1100.0	0.0014	GET4	ENSG00000239857
1100.0	0.0014	TNNT1	ENSG00000105048
1100.0	0.0014	PRR21	ENSG00000221961
1100.0	0.0014	WNK1	ENSG00000060237
1100.0	0.0014	TBCK	ENSG00000145348
1100.0	0.0014	NDUFAF6	ENSG00000156170
1100.0	0.0014	MCFD2	ENSG00000180398
1100.0	0.0014	PSMD12	ENSG00000197170
1100.0	0.0014	PEX2	ENSG00000164751
1100.0	0.0014	UPF3B	ENSG00000125351
1100.0	0.0014	ZDHHC9	ENSG00000188706
1100.0	0.0014	GNRH1	ENSG00000147437
1100.0	0.0014	SRD5A3	ENSG00000128039
1100.0	0.0014	GNS	ENSG00000135677
1100.0	0.0014	ALG3	ENSG00000214160
1100.0	0.0014	UGP2	ENSG00000169764
1100.0	0.0014	PEPD	ENSG00000124299
1183.0	0.0013	BRF1	ENSG00000185024
1183.0	0.0013	CLN3	ENSG00000188603
1183.0	0.0013	STT3A	ENSG00000134910
1183.0	0.0013	EEF2	ENSG00000167658
1183.0	0.0013	MCTP2	ENSG00000140563
1183.0	0.0013	HSD17B4	ENSG00000133835
1183.0	0.0013	DARS1	ENSG00000115866
1183.0	0.0013	PRR12	ENSG00000126464
1183.0	0.0013	ETFBKMT	ENSG00000139160
1183.0	0.0013	SHANK3	ENSG00000251322
1183.0	0.0013	SRRM2	ENSG00000167978
1183.0	0.0013	USP18	ENSG00000184979
1183.0	0.0013	ADD3	ENSG00000148700
1183.0	0.0013	TRAPPC4	ENSG00000196655
1183.0	0.0013	DDX3X	ENSG00000215301
1183.0	0.0013	PCLO	ENSG00000186472
1183.0	0.0013	DHX40	ENSG00000108406
1183.0	0.0013	MYH14	ENSG00000105357
1183.0	0.0013	PRKCG	ENSG00000126583
1183.0	0.0013	KNSTRN	ENSG00000128944
1183.0	0.0013	PIK3CD	ENSG00000171608
1183.0	0.0013	AMACR	ENSG00000242110
1183.0	0.0013	TFE3	ENSG00000068323
1183.0	0.0013	CFAP276	ENSG00000179902
1183.0	0.0013	ARCN1	ENSG00000095139
1183.0	0.0013	SLITRK2	ENSG00000185985
1183.0	0.0013	COL4A1	ENSG00000187498
1183.0	0.0013	PDCD6IP	ENSG00000170248
1183.0	0.0013	BCAP31	ENSG00000185825
1183.0	0.0013	AGTPBP1	ENSG00000135049
1183.0	0.0013	DPYS	ENSG00000147647
1183.0	0.0013	CERT1	ENSG00000113163
1183.0	0.0013	PSPH	ENSG00000146733
1183.0	0.0013	CAD	ENSG00000084774
1183.0	0.0013	CAMLG	ENSG00000164615
1183.0	0.0013	ADCY5	ENSG00000173175
1183.0	0.0013	MECR	ENSG00000116353
1183.0	0.0013	KIF1B	ENSG00000054523
1183.0	0.0013	COQ9	ENSG00000088682
1183.0	0.0013	TELO2	ENSG00000100726
1183.0	0.0013	SMARCC2	ENSG00000139613
1183.0	0.0013	NAA10	ENSG00000102030
1183.0	0.0013	GAN	ENSG00000261609
1183.0	0.0013	CWF19L1	ENSG00000095485
1183.0	0.0013	SHQ1	ENSG00000144736
1183.0	0.0013	CUL4B	ENSG00000158290
1183.0	0.0013	ZSWIM6	ENSG00000130449
1183.0	0.0013	FOXRED1	ENSG00000110074
1183.0	0.0013	PEX16	ENSG00000121680
1183.0	0.0013	ARPC4	ENSG00000241553
1183.0	0.0013	BAZ1B	ENSG00000009954
1183.0	0.0013	BCL7B	ENSG00000106635
1183.0	0.0013	BUD23	ENSG00000071462
1183.0	0.0013	CLIP2	ENSG00000106665
1183.0	0.0013	DNAJC30	ENSG00000176410
1183.0	0.0013	EIF4H	ENSG00000106682
1183.0	0.0013	ELN	ENSG00000049540
1183.0	0.0013	FKBP6	ENSG00000077800
1183.0	0.0013	GTF2I	ENSG00000077809
1183.0	0.0013	GTF2IRD1	ENSG00000006704
1183.0	0.0013	GTF2IRD2	ENSG00000196275
1183.0	0.0013	LIMK1	ENSG00000106683
1183.0	0.0013	METTL27	ENSG00000165171
1183.0	0.0013	MLXIPL	ENSG00000009950
1183.0	0.0013	NCF1	ENSG00000158517
1183.0	0.0013	RFC2	ENSG00000049541
1183.0	0.0013	STX1A	ENSG00000106089
1183.0	0.0013	TBL2	ENSG00000106638
1183.0	0.0013	TMEM270	ENSG00000175877
1183.0	0.0013	VPS37D	ENSG00000176428
1183.0	0.0013	KARS1	ENSG00000065427
1183.0	0.0013	NFKB2	ENSG00000077150
1183.0	0.0013	ATP5PO	ENSG00000241837
1183.0	0.0013	FRMD5	ENSG00000171877
1183.0	0.0013	WDR4	ENSG00000160193
1183.0	0.0013	ACOX1	ENSG00000161533
1183.0	0.0013	ARMC9	ENSG00000135931
1183.0	0.0013	QKI	ENSG00000112531
1183.0	0.0013	ARID1A	ENSG00000117713
1183.0	0.0013	PEX5	ENSG00000139197
1183.0	0.0013	LAMC3	ENSG00000050555
1183.0	0.0013	HHAT	ENSG00000054392
1183.0	0.0013	SETD1A	ENSG00000099381
1253.0	0.0012	REEP5	ENSG00000129625
1253.0	0.0012	TMEM240	ENSG00000205090
1253.0	0.0012	GFM1	ENSG00000168827
1253.0	0.0012	SIGLEC14	ENSG00000254415
1253.0	0.0012	ARID1B	ENSG00000049618
1253.0	0.0012	DPF2	ENSG00000133884
1253.0	0.0012	SMARCA4	ENSG00000127616
1253.0	0.0012	SMARCD1	ENSG00000066117
1253.0	0.0012	SOX11	ENSG00000176887
1253.0	0.0012	SOX4	ENSG00000124766
1253.0	0.0012	SLC6A5	ENSG00000165970
1253.0	0.0012	EXOSC8	ENSG00000120699
1253.0	0.0012	SLC25A46	ENSG00000164209
1253.0	0.0012	VRK1	ENSG00000100749
1253.0	0.0012	MME	ENSG00000196549
1253.0	0.0012	NSDHL	ENSG00000147383
1253.0	0.0012	JAM3	ENSG00000166086
1253.0	0.0012	NDST1	ENSG00000070614
1253.0	0.0012	FBXL4	ENSG00000112234
1253.0	0.0012	TRMT1	ENSG00000104907
1253.0	0.0012	ACHE	ENSG00000087085
1253.0	0.0012	TMCO1	ENSG00000143183
1253.0	0.0012	YY1	ENSG00000100811
1253.0	0.0012	KMT2B	ENSG00000272333
1253.0	0.0012	UQCRFS1	ENSG00000169021
1253.0	0.0012	AIFM1	ENSG00000156709
1253.0	0.0012	MTMR2	ENSG00000087053
1253.0	0.0012	ASNSD1	ENSG00000138381
1253.0	0.0012	ATXN1	ENSG00000124788
1253.0	0.0012	LYRM7	ENSG00000186687
1253.0	0.0012	HGD	ENSG00000113924
1253.0	0.0012	AIMP1	ENSG00000164022
1253.0	0.0012	KIF14	ENSG00000118193
1253.0	0.0012	HTRA2	ENSG00000115317
1253.0	0.0012	CREBBP	ENSG00000005339
1253.0	0.0012	EP300	ENSG00000100393
1253.0	0.0012	GLDC	ENSG00000178445
1253.0	0.0012	LYST	ENSG00000143669
1253.0	0.0012	NSUN2	ENSG00000037474
1253.0	0.0012	RTTN	ENSG00000176225
1253.0	0.0012	HSPD1	ENSG00000144381
1253.0	0.0012	CPSF3	ENSG00000119203
1253.0	0.0012	TMEM67	ENSG00000164953
1253.0	0.0012	NOP56	ENSG00000101361
1253.0	0.0012	GUF1	ENSG00000151806
1253.0	0.0012	METTL23	ENSG00000181038
1253.0	0.0012	PEX13	ENSG00000162928
1253.0	0.0012	GMPPA	ENSG00000144591
1253.0	0.0012	LAMC1	ENSG00000135862
1253.0	0.0012	HSD17B10	ENSG00000072506
1253.0	0.0012	SBF1	ENSG00000100241
1253.0	0.0012	PEX3	ENSG00000034693
1253.0	0.0012	GLRA2	ENSG00000101958
1253.0	0.0012	INPP5K	ENSG00000132376
1253.0	0.0012	POMK	ENSG00000185900
1253.0	0.0012	TTC19	ENSG00000011295
1253.0	0.0012	PIGF	ENSG00000151665
1253.0	0.0012	ARNT2	ENSG00000172379
1253.0	0.0012	TMEM216	ENSG00000187049
1253.0	0.0012	DST	ENSG00000151914
1253.0	0.0012	ECM1	ENSG00000143369
1253.0	0.0012	LGALS1	ENSG00000100097
1253.0	0.0012	SEC31A	ENSG00000138674
1253.0	0.0012	PUF60	ENSG00000179950
1253.0	0.0012	VPS54	ENSG00000143952
1253.0	0.0012	MUSK	ENSG00000030304
1253.0	0.0012	MAG	ENSG00000105695
1253.0	0.0012	CCP110	ENSG00000103540
1253.0	0.0012	SBF2	ENSG00000133812
1253.0	0.0012	DNAJC9	ENSG00000213551
1308.0	0.0011	OXR1	ENSG00000164830
1308.0	0.0011	CNP	ENSG00000173786
1308.0	0.0011	RAC1	ENSG00000136238
1308.0	0.0011	COG7	ENSG00000168434
1308.0	0.0011	TOE1	ENSG00000132773
1308.0	0.0011	PRODH	ENSG00000100033
1308.0	0.0011	ATXN7	ENSG00000163635
1308.0	0.0011	ANKRD11	ENSG00000167522
1308.0	0.0011	GARS1	ENSG00000106105
1308.0	0.0011	AIMP2	ENSG00000106305
1308.0	0.0011	SLC17A5	ENSG00000119899
1308.0	0.0011	ATXN3	ENSG00000066427
1308.0	0.0011	C19orf12	ENSG00000131943
1308.0	0.0011	MRE11	ENSG00000020922
1308.0	0.0011	NALCN	ENSG00000102452
1308.0	0.0011	PAK1	ENSG00000149269
1308.0	0.0011	SIL1	ENSG00000120725
1308.0	0.0011	NDUFAF8	ENSG00000224877
1308.0	0.0011	LTN1	ENSG00000198862
1308.0	0.0011	NSF	ENSG00000073969
1308.0	0.0011	LIG4	ENSG00000174405
1308.0	0.0011	MVK	ENSG00000110921
1308.0	0.0011	INPP5E	ENSG00000148384
1308.0	0.0011	RNASEH2A	ENSG00000104889
1308.0	0.0011	TBC1D2B	ENSG00000167202
1308.0	0.0011	MDGA2	ENSG00000139915
1308.0	0.0011	REPS1	ENSG00000135597
1308.0	0.0011	DGUOK	ENSG00000114956
1308.0	0.0011	CRBN	ENSG00000113851
1308.0	0.0011	SPTLC1	ENSG00000090054
1308.0	0.0011	PCNT	ENSG00000160299
1308.0	0.0011	AMPD2	ENSG00000116337
1308.0	0.0011	RSPH9	ENSG00000172426
1308.0	0.0011	NAA15	ENSG00000164134
1308.0	0.0011	PDZD8	ENSG00000165650
1308.0	0.0011	EIF2S3	ENSG00000130741
1308.0	0.0011	LGI3	ENSG00000168481
1308.0	0.0011	MFSD2A	ENSG00000168389
1308.0	0.0011	GDF1	ENSG00000130283
1308.0	0.0011	MRM2	ENSG00000122687
1308.0	0.0011	PMP22	ENSG00000109099
1308.0	0.0011	COX10	ENSG00000006695
1308.0	0.0011	UNC80	ENSG00000144406
1308.0	0.0011	STS	ENSG00000101846
1308.0	0.0011	ADARB1	ENSG00000197381
1308.0	0.0011	PSMB1	ENSG00000008018
1308.0	0.0011	HGS	ENSG00000185359
1308.0	0.0011	PRKAB1	ENSG00000111725
1308.0	0.0011	STT3B	ENSG00000163527
1308.0	0.0011	PPP2R1A	ENSG00000105568
1308.0	0.0011	NOVA2	ENSG00000104967
1308.0	0.0011	MAN2B1	ENSG00000104774
1308.0	0.0011	CRYAB	ENSG00000109846
1308.0	0.0011	PRPS1	ENSG00000147224
1308.0	0.0011	WDR81	ENSG00000167716
1387.0	0.001	MYO5A	ENSG00000197535
1387.0	0.001	MYPN	ENSG00000138347
1387.0	0.001	TPM2	ENSG00000198467
1387.0	0.001	TPM3	ENSG00000143549
1387.0	0.001	CHD7	ENSG00000171316
1387.0	0.001	SEMA3E	ENSG00000170381
1387.0	0.001	PCGF2	ENSG00000056661
1387.0	0.001	SHOC2	ENSG00000108061
1387.0	0.001	SLC6A3	ENSG00000142319
1387.0	0.001	PODXL	ENSG00000128567
1387.0	0.001	PIEZO2	ENSG00000154864
1387.0	0.001	NAGA	ENSG00000198951
1387.0	0.001	ACAT1	ENSG00000075239
1387.0	0.001	DPH1	ENSG00000108963
1387.0	0.001	DPH2	ENSG00000132768
1387.0	0.001	CAV1	ENSG00000105974
1387.0	0.001	HPDL	ENSG00000186603
1387.0	0.001	DHTKD1	ENSG00000181192
1387.0	0.001	KCND3	ENSG00000171385
1387.0	0.001	PLEC	ENSG00000178209
1387.0	0.001	GLRX5	ENSG00000182512
1387.0	0.001	CLCNKB	ENSG00000184908
1387.0	0.001	SLC12A3	ENSG00000070915
1387.0	0.001	PIGK	ENSG00000142892
1387.0	0.001	COG6	ENSG00000133103
1387.0	0.001	NDUFA9	ENSG00000139180
1387.0	0.001	CIT	ENSG00000122966
1387.0	0.001	EN1	ENSG00000163064
1387.0	0.001	SLC35A1	ENSG00000164414
1387.0	0.001	AHDC1	ENSG00000126705
1387.0	0.001	AP1S2	ENSG00000182287
1387.0	0.001	SPTBN4	ENSG00000160460
1387.0	0.001	MPDU1	ENSG00000129255
1387.0	0.001	RFT1	ENSG00000163933
1387.0	0.001	NPC2	ENSG00000119655
1387.0	0.001	HMGCL	ENSG00000117305
1387.0	0.001	MCM3AP	ENSG00000160294
1387.0	0.001	HSPG2	ENSG00000142798
1387.0	0.001	MCOLN1	ENSG00000090674
1387.0	0.001	KIFBP	ENSG00000198954
1387.0	0.001	NPC1	ENSG00000141458
1387.0	0.001	PRKD1	ENSG00000184304
1387.0	0.001	CENPE	ENSG00000138778
1387.0	0.001	ANKFY1	ENSG00000185722
1387.0	0.001	CTNNB1	ENSG00000168036
1387.0	0.001	MMADHC	ENSG00000168288
1387.0	0.001	TTR	ENSG00000118271
1387.0	0.001	MARS2	ENSG00000247626
1387.0	0.001	GAS7	ENSG00000007237
1387.0	0.001	TKT	ENSG00000163931
1387.0	0.001	ZNF592	ENSG00000166716
1387.0	0.001	EGR2	ENSG00000122877
1387.0	0.001	MPZ	ENSG00000158887
1387.0	0.001	PRX	ENSG00000105227
1387.0	0.001	TCEAL1	ENSG00000172465
1387.0	0.001	PNPLA2	ENSG00000177666
1387.0	0.001	EIF3F	ENSG00000175390
1387.0	0.001	GPRC5B	ENSG00000167191
1387.0	0.001	ALKBH8	ENSG00000137760
1387.0	0.001	HCN4	ENSG00000138622
1387.0	0.001	MN1	ENSG00000169184
1387.0	0.001	OCLN	ENSG00000197822
1387.0	0.001	GEMIN4	ENSG00000179409
1387.0	0.001	PLK4	ENSG00000142731
1387.0	0.001	POU3F4	ENSG00000196767
1387.0	0.001	ACADVL	ENSG00000072778
1387.0	0.001	GDAP1	ENSG00000104381
1387.0	0.001	SETX	ENSG00000107290
1387.0	0.001	DSTYK	ENSG00000133059
1387.0	0.001	RNASET2	ENSG00000026297
1387.0	0.001	TIMM8A	ENSG00000126953
1387.0	0.001	MYH3	ENSG00000109063
1387.0	0.001	STEEP1	ENSG00000018610
1387.0	0.001	DYM	ENSG00000141627
1387.0	0.001	PPM1D	ENSG00000170836
1387.0	0.001	NDUFAF2	ENSG00000164182
1387.0	0.001	SMN1	ENSG00000172062
1387.0	0.001	SMN2	ENSG00000205571
1387.0	0.001	PDHX	ENSG00000110435
1536.0	0.0009	SET	ENSG00000119335
1536.0	0.0009	SAMD12	ENSG00000177570
1536.0	0.0009	GIPC1	ENSG00000123159
1536.0	0.0009	LRP12	ENSG00000147650
1536.0	0.0009	RILPL1	ENSG00000188026
1536.0	0.0009	VWA3B	ENSG00000168658
1536.0	0.0009	TGM6	ENSG00000166948
1536.0	0.0009	COG2	ENSG00000135775
1536.0	0.0009	NKX2-1	ENSG00000136352
1536.0	0.0009	RPGRIP1L	ENSG00000103494
1536.0	0.0009	TMEM237	ENSG00000155755
1536.0	0.0009	ASXL3	ENSG00000141431
1536.0	0.0009	COA8	ENSG00000256053
1536.0	0.0009	FKRP	ENSG00000181027
1536.0	0.0009	NANS	ENSG00000095380
1536.0	0.0009	SLC25A13	ENSG00000004864
1536.0	0.0009	FBXW7	ENSG00000109670
1536.0	0.0009	HMBS	ENSG00000256269
1536.0	0.0009	SCARB2	ENSG00000138760
1536.0	0.0009	SCN4A	ENSG00000007314
1536.0	0.0009	DCC	ENSG00000187323
1536.0	0.0009	FERRY3	ENSG00000047621
1536.0	0.0009	ATP7B	ENSG00000123191
1536.0	0.0009	CACNA1S	ENSG00000081248
1536.0	0.0009	SURF1	ENSG00000148290
1536.0	0.0009	LINGO1	ENSG00000169783
1536.0	0.0009	TP53RK	ENSG00000172315
1536.0	0.0009	POMGNT1	ENSG00000085998
1536.0	0.0009	DYSF	ENSG00000135636
1536.0	0.0009	AHI1	ENSG00000135541
1536.0	0.0009	ARL13B	ENSG00000169379
1536.0	0.0009	ARL3	ENSG00000138175
1536.0	0.0009	B9D1	ENSG00000108641
1536.0	0.0009	B9D2	ENSG00000123810
1536.0	0.0009	CBY1	ENSG00000100211
1536.0	0.0009	CEP104	ENSG00000116198
1536.0	0.0009	CEP120	ENSG00000168944
1536.0	0.0009	CEP41	ENSG00000106477
1536.0	0.0009	CPLANE1	ENSG00000197603
1536.0	0.0009	CSPP1	ENSG00000104218
1536.0	0.0009	HYLS1	ENSG00000198331
1536.0	0.0009	KATNIP	ENSG00000047578
1536.0	0.0009	KIAA0586	ENSG00000100578
1536.0	0.0009	KIAA0753	ENSG00000198920
1536.0	0.0009	OFD1	ENSG00000046651
1536.0	0.0009	PDE6D	ENSG00000156973
1536.0	0.0009	PIBF1	ENSG00000083535
1536.0	0.0009	TCTN1	ENSG00000204852
1536.0	0.0009	TCTN2	ENSG00000168778
1536.0	0.0009	TCTN3	ENSG00000119977
1536.0	0.0009	TMEM218	ENSG00000150433
1536.0	0.0009	TOGARAM1	ENSG00000198718
1536.0	0.0009	MPV17	ENSG00000115204
1536.0	0.0009	APTX	ENSG00000137074
1536.0	0.0009	RNF220	ENSG00000187147
1536.0	0.0009	AARS2	ENSG00000124608
1536.0	0.0009	GAA	ENSG00000171298
1536.0	0.0009	CHD8	ENSG00000100888
1536.0	0.0009	MAN1B1	ENSG00000177239
1536.0	0.0009	DOCK3	ENSG00000088538
1536.0	0.0009	CC2D2A	ENSG00000048342
1536.0	0.0009	TMEM138	ENSG00000149483
1536.0	0.0009	ZNF423	ENSG00000102935
1536.0	0.0009	ISCA1	ENSG00000135070
1536.0	0.0009	MAGEL2	ENSG00000254585
1536.0	0.0009	RPIA	ENSG00000153574
1536.0	0.0009	WLS	ENSG00000116729
1536.0	0.0009	NDUFS8	ENSG00000110717
1536.0	0.0009	KMT2C	ENSG00000055609
1536.0	0.0009	PGM2L1	ENSG00000165434
1536.0	0.0009	GOT2	ENSG00000125166
1536.0	0.0009	L1CAM	ENSG00000198910
1536.0	0.0009	ATP6V0A2	ENSG00000185344
1536.0	0.0009	ATP6V1E1	ENSG00000131100
1536.0	0.0009	ATP2B3	ENSG00000067842
1536.0	0.0009	NMNAT1	ENSG00000173614
1536.0	0.0009	MRPS2	ENSG00000122140
1536.0	0.0009	ATG7	ENSG00000197548
1536.0	0.0009	MRPL12	ENSG00000262814
1536.0	0.0009	AMMECR1L	ENSG00000144233
1536.0	0.0009	ABCA7	ENSG00000064687
1536.0	0.0009	APP	ENSG00000142192
1536.0	0.0009	PSEN2	ENSG00000143801
1536.0	0.0009	SORL1	ENSG00000137642
1536.0	0.0009	TOMM40	ENSG00000130204
1536.0	0.0009	POMT1	ENSG00000130714
1536.0	0.0009	POMT2	ENSG00000009830
1536.0	0.0009	ADSS1	ENSG00000185100
1536.0	0.0009	HARS1	ENSG00000170445
1536.0	0.0009	LMBRD2	ENSG00000164187
1536.0	0.0009	MRPL39	ENSG00000154719
1536.0	0.0009	JAM2	ENSG00000154721
1536.0	0.0009	MPDZ	ENSG00000107186
1536.0	0.0009	CHKA	ENSG00000110721
1536.0	0.0009	NDUFAF5	ENSG00000101247
1536.0	0.0009	ZC4H2	ENSG00000126970
1536.0	0.0009	CACNA1E	ENSG00000198216
1536.0	0.0009	FAM149B1	ENSG00000138286
1536.0	0.0009	KIF7	ENSG00000166813
1536.0	0.0009	TOPORS	ENSG00000197579
1536.0	0.0009	SPOP	ENSG00000121067
1536.0	0.0009	IDS	ENSG00000010404
1536.0	0.0009	SLC2A3	ENSG00000059804
1536.0	0.0009	NHLRC2	ENSG00000196865
1536.0	0.0009	ARL6IP1	ENSG00000170540
1536.0	0.0009	SC5D	ENSG00000109929
1536.0	0.0009	QARS1	ENSG00000172053
1536.0	0.0009	AIPL1	ENSG00000129221
1536.0	0.0009	CRB1	ENSG00000134376
1536.0	0.0009	CRX	ENSG00000105392
1536.0	0.0009	GDF6	ENSG00000156466
1536.0	0.0009	GUCY2D	ENSG00000132518
1536.0	0.0009	IFT140	ENSG00000187535
1536.0	0.0009	IMPDH1	ENSG00000106348
1536.0	0.0009	IQCB1	ENSG00000173226
1536.0	0.0009	KCNJ13	ENSG00000115474
1536.0	0.0009	LCA5	ENSG00000135338
1536.0	0.0009	LRAT	ENSG00000121207
1536.0	0.0009	PCYT1A	ENSG00000161217
1536.0	0.0009	RD3	ENSG00000198570
1536.0	0.0009	RDH12	ENSG00000139988
1536.0	0.0009	RPE65	ENSG00000116745
1536.0	0.0009	RPGRIP1	ENSG00000092200
1536.0	0.0009	SPATA7	ENSG00000042317
1536.0	0.0009	TUBB4B	ENSG00000188229
1536.0	0.0009	TULP1	ENSG00000112041
1536.0	0.0009	USP45	ENSG00000123552
1536.0	0.0009	PEX6	ENSG00000124587
1536.0	0.0009	PEX10	ENSG00000157911
1536.0	0.0009	HECTD4	ENSG00000173064
1536.0	0.0009	AR	ENSG00000169083
1536.0	0.0009	SIGMAR1	ENSG00000147955
1536.0	0.0009	SOX10	ENSG00000100146
1536.0	0.0009	SPTSSA	ENSG00000165389
1536.0	0.0009	HPRT1	ENSG00000165704
1536.0	0.0009	IARS1	ENSG00000196305
1536.0	0.0009	EIF2B2	ENSG00000119718
1536.0	0.0009	ATCAY	ENSG00000167654
1536.0	0.0009	HNRNPH1	ENSG00000169045
1536.0	0.0009	PRDX1	ENSG00000117450
1536.0	0.0009	TP53	ENSG00000141510
1536.0	0.0009	COA7	ENSG00000162377
1536.0	0.0009	MAST1	ENSG00000105613
1536.0	0.0009	CLTRN	ENSG00000147003
1536.0	0.0009	PET100	ENSG00000229833
1536.0	0.0009	FASTKD2	ENSG00000118246
1536.0	0.0009	HINT1	ENSG00000169567
1536.0	0.0009	EIF2AK2	ENSG00000055332
1536.0	0.0009	PLEKHG2	ENSG00000090924
1704.0	0.0008	MFN2	ENSG00000116688
1704.0	0.0008	EXT2	ENSG00000151348
1704.0	0.0008	ATN1	ENSG00000111676
1704.0	0.0008	IGF1	ENSG00000017427
1704.0	0.0008	CRADD	ENSG00000169372
1704.0	0.0008	TCF4	ENSG00000196628
1704.0	0.0008	JAG2	ENSG00000184916
1704.0	0.0008	MARCHF6	ENSG00000145495
1704.0	0.0008	ASTN1	ENSG00000152092
1704.0	0.0008	NAGS	ENSG00000161653
1704.0	0.0008	TYROBP	ENSG00000011600
1704.0	0.0008	MEF2C	ENSG00000081189
1704.0	0.0008	MOCS1	ENSG00000124615
1704.0	0.0008	TIMMDC1	ENSG00000113845
1704.0	0.0008	CHKB	ENSG00000100288
1704.0	0.0008	SHROOM4	ENSG00000158352
1704.0	0.0008	CTBP1	ENSG00000159692
1704.0	0.0008	SLC9A1	ENSG00000090020
1704.0	0.0008	BAG3	ENSG00000151929
1704.0	0.0008	TMTC3	ENSG00000139324
1704.0	0.0008	RPS6KA3	ENSG00000177189
1704.0	0.0008	BRPF1	ENSG00000156983
1704.0	0.0008	ARK2C	ENSG00000141622
1704.0	0.0008	ARF1	ENSG00000143761
1704.0	0.0008	LSM11	ENSG00000155858
1704.0	0.0008	RNASEH2B	ENSG00000136104
1704.0	0.0008	RNASEH2C	ENSG00000172922
1704.0	0.0008	SAMHD1	ENSG00000101347
1704.0	0.0008	PDP1	ENSG00000164951
1704.0	0.0008	POLR3K	ENSG00000161980
1704.0	0.0008	STARD7	ENSG00000084090
1704.0	0.0008	ALDH3A2	ENSG00000072210
1704.0	0.0008	IGHMBP2	ENSG00000132740
1704.0	0.0008	NSUN3	ENSG00000178694
1704.0	0.0008	DNM2	ENSG00000079805
1704.0	0.0008	MTMR14	ENSG00000163719
1704.0	0.0008	MED17	ENSG00000042429
1704.0	0.0008	PDK3	ENSG00000067992
1704.0	0.0008	UPB1	ENSG00000100024
1704.0	0.0008	ABHD12	ENSG00000100997
1704.0	0.0008	NEB	ENSG00000183091
1704.0	0.0008	XRCC1	ENSG00000073050
1704.0	0.0008	ALS2	ENSG00000003393
1704.0	0.0008	UQCC2	ENSG00000137288
1704.0	0.0008	COQ7	ENSG00000167186
1704.0	0.0008	PNPLA6	ENSG00000032444
1704.0	0.0008	ATM	ENSG00000149311
1704.0	0.0008	TTPA	ENSG00000137561
1704.0	0.0008	GJA1	ENSG00000152661
1704.0	0.0008	CRPPA	ENSG00000214960
1704.0	0.0008	FKTN	ENSG00000106692
1704.0	0.0008	GNPAT	ENSG00000116906
1704.0	0.0008	AK9	ENSG00000155085
1704.0	0.0008	CHRNA1	ENSG00000138435
1704.0	0.0008	CHRNB1	ENSG00000170175
1704.0	0.0008	CHRND	ENSG00000135902
1704.0	0.0008	CHRNE	ENSG00000108556
1704.0	0.0008	DOK7	ENSG00000175920
1704.0	0.0008	LRP4	ENSG00000134569
1704.0	0.0008	RAPSN	ENSG00000165917
1704.0	0.0008	AHCY	ENSG00000101444
1704.0	0.0008	PEX1	ENSG00000127980
1704.0	0.0008	PEX11B	ENSG00000131779
1704.0	0.0008	PEX12	ENSG00000108733
1704.0	0.0008	PEX14	ENSG00000142655
1704.0	0.0008	PEX26	ENSG00000215193
1704.0	0.0008	CKAP2L	ENSG00000169607
1704.0	0.0008	PNPO	ENSG00000108439
1704.0	0.0008	VEGFA	ENSG00000112715
1704.0	0.0008	ACTA1	ENSG00000143632
1704.0	0.0008	PQBP1	ENSG00000102103
1704.0	0.0008	POU3F3	ENSG00000198914
1704.0	0.0008	HESX1	ENSG00000163666
1704.0	0.0008	OTX2	ENSG00000165588
1704.0	0.0008	PROKR2	ENSG00000101292
1704.0	0.0008	SOX2	ENSG00000181449
1704.0	0.0008	SOX3	ENSG00000134595
1704.0	0.0008	TRAPPC10	ENSG00000160218
1704.0	0.0008	SKP1	ENSG00000113558
1704.0	0.0008	AGPS	ENSG00000018510
1704.0	0.0008	ADA2	ENSG00000093072
1704.0	0.0008	XK	ENSG00000047597
1704.0	0.0008	DDB1	ENSG00000167986
1704.0	0.0008	CASZ1	ENSG00000130940
1704.0	0.0008	KCNAB2	ENSG00000069424
1704.0	0.0008	LUZP1	ENSG00000169641
1704.0	0.0008	MMP23B	ENSG00000189409
1704.0	0.0008	PDPN	ENSG00000162493
1704.0	0.0008	PRDM16	ENSG00000142611
1704.0	0.0008	PRKCZ	ENSG00000067606
1704.0	0.0008	SKI	ENSG00000157933
1704.0	0.0008	UBE4B	ENSG00000130939
1704.0	0.0008	SP110	ENSG00000135899
1704.0	0.0008	HACD1	ENSG00000165996
1704.0	0.0008	ITGA7	ENSG00000135424
1704.0	0.0008	MLTK	ENSG00000091436
1704.0	0.0008	MYL2	ENSG00000111245
1704.0	0.0008	SELENON	ENSG00000162430
1704.0	0.0008	SVBP	ENSG00000177868
1704.0	0.0008	ADRA2B	ENSG00000222040
1704.0	0.0008	CTNND2	ENSG00000169862
1704.0	0.0008	YEATS2	ENSG00000163872
1704.0	0.0008	GEMIN5	ENSG00000082516
1704.0	0.0008	LIAS	ENSG00000121897
1704.0	0.0008	TUBGCP4	ENSG00000137822
1704.0	0.0008	TUBGCP6	ENSG00000128159
1704.0	0.0008	CSNK2A3	ENSG00000254598
1704.0	0.0008	DAB1	ENSG00000173406
1704.0	0.0008	PAK1IP1	ENSG00000111845
1704.0	0.0008	COX6A1	ENSG00000111775
1704.0	0.0008	SLC25A42	ENSG00000181035
1704.0	0.0008	P4HTM	ENSG00000178467
1704.0	0.0008	GLI3	ENSG00000106571
1704.0	0.0008	FHL1	ENSG00000022267
1704.0	0.0008	FUCA1	ENSG00000179163
1704.0	0.0008	CRAT	ENSG00000095321
1704.0	0.0008	RANBP2	ENSG00000153201
1704.0	0.0008	NDUFA6	ENSG00000184983
1704.0	0.0008	CISD2	ENSG00000145354
1704.0	0.0008	WFS1	ENSG00000109501
1704.0	0.0008	TRPV4	ENSG00000111199
1704.0	0.0008	NELFA	ENSG00000185049
1704.0	0.0008	NSD2	ENSG00000109685
1704.0	0.0008	DNMT1	ENSG00000130816
1704.0	0.0008	PIK3R5	ENSG00000141506
1704.0	0.0008	RNF125	ENSG00000101695
1704.0	0.0008	CCR10	ENSG00000184451
1704.0	0.0008	RFC1	ENSG00000035928
1704.0	0.0008	ACADSB	ENSG00000196177
1704.0	0.0008	MANBA	ENSG00000109323
1704.0	0.0008	DCPS	ENSG00000110063
1704.0	0.0008	LAMB1	ENSG00000091136
1704.0	0.0008	ELP1	ENSG00000070061
1704.0	0.0008	VPS51	ENSG00000149823
1704.0	0.0008	HGSNAT	ENSG00000165102
1704.0	0.0008	KDM2B	ENSG00000089094
1704.0	0.0008	HSPB8	ENSG00000152137
1704.0	0.0008	RNF2	ENSG00000121481
1704.0	0.0008	POLR1C	ENSG00000171453
1704.0	0.0008	OTUD6B	ENSG00000155100
1704.0	0.0008	NSRP1	ENSG00000126653
1704.0	0.0008	FGF14	ENSG00000102466
1704.0	0.0008	ABCA2	ENSG00000107331
1704.0	0.0008	COX20	ENSG00000203667
1704.0	0.0008	MLC1	ENSG00000100427
1704.0	0.0008	CSGALNACT1	ENSG00000147408
1704.0	0.0008	B3GALNT2	ENSG00000162885
1704.0	0.0008	EPG5	ENSG00000152223
1704.0	0.0008	ITGB1	ENSG00000150093
1704.0	0.0008	ERCC4	ENSG00000175595
1704.0	0.0008	NFIX	ENSG00000008441
1704.0	0.0008	SGPL1	ENSG00000166224
1704.0	0.0008	SLC15A5	ENSG00000188991
1704.0	0.0008	MID2	ENSG00000080561
1704.0	0.0008	SAMD9L	ENSG00000177409
1704.0	0.0008	ZFYVE27	ENSG00000155256
1704.0	0.0008	MTTP	ENSG00000138823
1704.0	0.0008	VWA1	ENSG00000179403
1704.0	0.0008	AGA	ENSG00000038002
1704.0	0.0008	EIF2AK1	ENSG00000086232
1704.0	0.0008	NUP133	ENSG00000069248
1704.0	0.0008	LRRK2	ENSG00000188906
1704.0	0.0008	PARK7	ENSG00000116288
1704.0	0.0008	PINK1	ENSG00000158828
1704.0	0.0008	PRKN	ENSG00000185345
1704.0	0.0008	SNCA	ENSG00000145335
1704.0	0.0008	VPS13C	ENSG00000129003
1704.0	0.0008	EDARADD	ENSG00000186197
1859.0	0.0007	PPP1R15B	ENSG00000158615
1859.0	0.0007	MEGF10	ENSG00000145794
1859.0	0.0007	FBXO38	ENSG00000145868
1859.0	0.0007	RAB3GAP1	ENSG00000115839
1859.0	0.0007	RAB3GAP2	ENSG00000118873
1859.0	0.0007	SLC20A2	ENSG00000168575
1859.0	0.0007	DLD	ENSG00000091140
1859.0	0.0007	PDSS2	ENSG00000164494
1859.0	0.0007	ZMYM3	ENSG00000147130
1859.0	0.0007	BEAN1	ENSG00000166546
1859.0	0.0007	KBTBD13	ENSG00000234438
1859.0	0.0007	KLHL41	ENSG00000239474
1859.0	0.0007	BOLA3	ENSG00000163170
1859.0	0.0007	NOTCH1	ENSG00000148400
1859.0	0.0007	MED25	ENSG00000104973
1859.0	0.0007	ALG12	ENSG00000182858
1859.0	0.0007	SLC25A36	ENSG00000114120
1859.0	0.0007	DDHD1	ENSG00000100523
1859.0	0.0007	ALG6	ENSG00000088035
1859.0	0.0007	DNAH5	ENSG00000039139
1859.0	0.0007	CCBE1	ENSG00000183287
1859.0	0.0007	SYT14	ENSG00000143469
1859.0	0.0007	ATR	ENSG00000175054
1859.0	0.0007	TSHB	ENSG00000134200
1859.0	0.0007	SNIP1	ENSG00000163877
1859.0	0.0007	KDM6A	ENSG00000147050
1859.0	0.0007	PNP	ENSG00000198805
1859.0	0.0007	SNAP29	ENSG00000099940
1859.0	0.0007	FGD4	ENSG00000139132
1859.0	0.0007	MCCC2	ENSG00000131844
1859.0	0.0007	CRLS1	ENSG00000088766
1859.0	0.0007	DNAJC19	ENSG00000205981
1859.0	0.0007	SPTLC2	ENSG00000100596
1859.0	0.0007	SLC36A2	ENSG00000186335
1859.0	0.0007	MED13L	ENSG00000123066
1859.0	0.0007	NDUFA11	ENSG00000174886
1859.0	0.0007	CHAMP1	ENSG00000198824
1859.0	0.0007	BCL6	ENSG00000113916
1859.0	0.0007	EARS2	ENSG00000103356
1859.0	0.0007	ABITRAM	ENSG00000119328
1859.0	0.0007	ZBTB7A	ENSG00000178951
1859.0	0.0007	ATP8A2	ENSG00000132932
1859.0	0.0007	CA8	ENSG00000178538
1859.0	0.0007	S100B	ENSG00000160307
1859.0	0.0007	ALG8	ENSG00000159063
1859.0	0.0007	CHMP1A	ENSG00000131165
1859.0	0.0007	PFDN5	ENSG00000123349
1859.0	0.0007	EIF2B1	ENSG00000111361
1859.0	0.0007	MYMK	ENSG00000187616
1859.0	0.0007	MCCC1	ENSG00000078070
1859.0	0.0007	CHP1	ENSG00000187446
1859.0	0.0007	ETHE1	ENSG00000105755
1859.0	0.0007	VPS13B	ENSG00000132549
1859.0	0.0007	MAPRE2	ENSG00000166974
1859.0	0.0007	HIPK2	ENSG00000064393
1859.0	0.0007	WASF1	ENSG00000112290
1859.0	0.0007	SUN1	ENSG00000164828
1859.0	0.0007	GLRA1	ENSG00000145888
1859.0	0.0007	TOR1A	ENSG00000136827
1859.0	0.0007	CAPN3	ENSG00000092529
1859.0	0.0007	CDK9	ENSG00000136807
1859.0	0.0007	RIC1	ENSG00000107036
1859.0	0.0007	COPB2	ENSG00000184432
1859.0	0.0007	PLCB4	ENSG00000101333
1859.0	0.0007	HSD17B7	ENSG00000132196
1859.0	0.0007	LMNA	ENSG00000160789
1859.0	0.0007	MPC1	ENSG00000060762
1859.0	0.0007	UBE3C	ENSG00000009335
1859.0	0.0007	ANTXR1	ENSG00000169604
1859.0	0.0007	ATP1A1	ENSG00000163399
1859.0	0.0007	FLNC	ENSG00000128591
1859.0	0.0007	COL25A1	ENSG00000188517
1859.0	0.0007	ERGIC1	ENSG00000113719
1859.0	0.0007	SCYL2	ENSG00000136021
1859.0	0.0007	SMARCAL1	ENSG00000138375
1859.0	0.0007	PPP2R2B	ENSG00000156475
1859.0	0.0007	DDB2	ENSG00000134574
1859.0	0.0007	XPA	ENSG00000136936
1859.0	0.0007	XPC	ENSG00000154767
1859.0	0.0007	PDHB	ENSG00000168291
1859.0	0.0007	ACADS	ENSG00000122971
1859.0	0.0007	MLPH	ENSG00000115648
1859.0	0.0007	SLC46A1	ENSG00000076351
1859.0	0.0007	LPIN1	ENSG00000134324
1859.0	0.0007	OBSCN	ENSG00000154358
1859.0	0.0007	PLOD1	ENSG00000083444
1859.0	0.0007	MYH7	ENSG00000092054
1859.0	0.0007	DLG1	ENSG00000075711
1859.0	0.0007	GNPTG	ENSG00000090581
1859.0	0.0007	CTC1	ENSG00000178971
1859.0	0.0007	DHCR24	ENSG00000116133
1859.0	0.0007	BEX3	ENSG00000166681
1859.0	0.0007	SSR4	ENSG00000180879
1859.0	0.0007	FOCAD	ENSG00000188352
1859.0	0.0007	DBNL	ENSG00000136279
1859.0	0.0007	TM4SF4	ENSG00000169903
1859.0	0.0007	TRNT1	ENSG00000072756
1859.0	0.0007	CDK5	ENSG00000164885
1859.0	0.0007	SH3TC2	ENSG00000169247
1859.0	0.0007	MGRN1	ENSG00000102858
1859.0	0.0007	SGCE	ENSG00000127990
1859.0	0.0007	KIF2A	ENSG00000068796
1859.0	0.0007	NDN	ENSG00000182636
1859.0	0.0007	OCA2	ENSG00000104044
1859.0	0.0007	TTC5	ENSG00000136319
1859.0	0.0007	PDE10A	ENSG00000112541
1859.0	0.0007	SLC25A20	ENSG00000178537
1859.0	0.0007	STAG1	ENSG00000118007
1859.0	0.0007	NDUFB11	ENSG00000147123
1859.0	0.0007	SLC22A8	ENSG00000149452
1859.0	0.0007	MID1	ENSG00000101871
1859.0	0.0007	OTUD5	ENSG00000068308
1859.0	0.0007	BLTP1	ENSG00000138688
1859.0	0.0007	PYROXD1	ENSG00000121350
1859.0	0.0007	COG1	ENSG00000166685
1859.0	0.0007	LIPT2	ENSG00000175536
1859.0	0.0007	SEMA4C	ENSG00000168758
1859.0	0.0007	MDH1	ENSG00000014641
1859.0	0.0007	AAAS	ENSG00000094914
1859.0	0.0007	SLC19A1	ENSG00000173638
1859.0	0.0007	UNC5C	ENSG00000182168
1859.0	0.0007	EIF2AK3	ENSG00000172071
1859.0	0.0007	PCNA	ENSG00000132646
1859.0	0.0007	CACNA1I	ENSG00000100346
1859.0	0.0007	CLCN6	ENSG00000011021
1859.0	0.0007	YJEFN3	ENSG00000250067
1859.0	0.0007	MLLT3	ENSG00000171843
1859.0	0.0007	RIMKLA	ENSG00000177181
1859.0	0.0007	RAB39B	ENSG00000155961
1859.0	0.0007	ILK	ENSG00000166333
1859.0	0.0007	SLC52A2	ENSG00000185803
1859.0	0.0007	CFL2	ENSG00000165410
1859.0	0.0007	INTS8	ENSG00000164941
1859.0	0.0007	B4GAT1	ENSG00000174684
1859.0	0.0007	TRUB1	ENSG00000165832
1859.0	0.0007	IFT81	ENSG00000122970
1859.0	0.0007	IL1RAPL1	ENSG00000169306
1859.0	0.0007	YIPF5	ENSG00000145817
1859.0	0.0007	PRDX6	ENSG00000117592
1859.0	0.0007	MYH10	ENSG00000133026
1859.0	0.0007	TAT	ENSG00000198650
1859.0	0.0007	FLVCR1	ENSG00000162769
1859.0	0.0007	MCM2	ENSG00000073111
1859.0	0.0007	XRCC4	ENSG00000152422
1859.0	0.0007	PLXNB2	ENSG00000196576
1859.0	0.0007	IL10	ENSG00000136634
1859.0	0.0007	FBP1	ENSG00000165140
1859.0	0.0007	VPS37B	ENSG00000139722
1859.0	0.0007	SPCS1	ENSG00000114902
1859.0	0.0007	CPT1A	ENSG00000110090
1859.0	0.0007	NOTCH3	ENSG00000074181
1859.0	0.0007	POLR2A	ENSG00000181222
1859.0	0.0007	TMX3	ENSG00000166479
1859.0	0.0007	PTBP2	ENSG00000117569
1859.0	0.0007	SLC8A3	ENSG00000100678
2061.0	0.0006	SLF2	ENSG00000119906
2061.0	0.0006	DMPK	ENSG00000104936
2061.0	0.0006	KCNJ8	ENSG00000121361
2061.0	0.0006	ANOS1	ENSG00000011201
2061.0	0.0006	CCDC141	ENSG00000163492
2061.0	0.0006	DUSP6	ENSG00000139318
2061.0	0.0006	FEZF1	ENSG00000128610
2061.0	0.0006	FGF17	ENSG00000158815
2061.0	0.0006	FLRT3	ENSG00000125848
2061.0	0.0006	HS6ST1	ENSG00000136720
2061.0	0.0006	IL17RD	ENSG00000144730
2061.0	0.0006	NDNF	ENSG00000173376
2061.0	0.0006	PROK2	ENSG00000163421
2061.0	0.0006	SEMA3A	ENSG00000075213
2061.0	0.0006	SPRY4	ENSG00000187678
2061.0	0.0006	TACR3	ENSG00000169836
2061.0	0.0006	ARHGEF2	ENSG00000116584
2061.0	0.0006	TMX1	ENSG00000139921
2061.0	0.0006	GFI1B	ENSG00000165702
2061.0	0.0006	NAGPA	ENSG00000103174
2061.0	0.0006	PPP1R12A	ENSG00000058272
2061.0	0.0006	TFG	ENSG00000114354
2061.0	0.0006	CHN1	ENSG00000128656
2061.0	0.0006	MAFB	ENSG00000204103
2061.0	0.0006	SALL4	ENSG00000101115
2061.0	0.0006	MAP2K1	ENSG00000169032
2061.0	0.0006	SH3TC1	ENSG00000125089
2061.0	0.0006	RPL27A	ENSG00000166441
2061.0	0.0006	TRPV1	ENSG00000196689
2061.0	0.0006	ACP5	ENSG00000102575
2061.0	0.0006	KNL1	ENSG00000137812
2061.0	0.0006	INTS1	ENSG00000164880
2061.0	0.0006	TBC1D22B	ENSG00000065491
2061.0	0.0006	TBC1D22A	ENSG00000054611
2061.0	0.0006	SCO2	ENSG00000130489
2061.0	0.0006	UGT1A1	ENSG00000242366
2061.0	0.0006	PGK1	ENSG00000102144
2061.0	0.0006	H4C3	ENSG00000197061
2061.0	0.0006	CCDC88C	ENSG00000015133
2061.0	0.0006	EXOSC2	ENSG00000130713
2061.0	0.0006	SIN3B	ENSG00000127511
2061.0	0.0006	FRA10AC1	ENSG00000148690
2061.0	0.0006	MCHR1	ENSG00000128285
2061.0	0.0006	GFPT1	ENSG00000198380
2061.0	0.0006	HIKESHI	ENSG00000149196
2061.0	0.0006	IMMT	ENSG00000132305
2061.0	0.0006	SHISA6	ENSG00000188803
2061.0	0.0006	GLRB	ENSG00000109738
2061.0	0.0006	ANKLE2	ENSG00000176915
2061.0	0.0006	ZBTB42	ENSG00000179627
2061.0	0.0006	TTN	ENSG00000155657
2061.0	0.0006	SLC22A5	ENSG00000197375
2061.0	0.0006	MEAK7	ENSG00000140950
2061.0	0.0006	BCL11B	ENSG00000127152
2061.0	0.0006	TCAP	ENSG00000173991
2061.0	0.0006	HTR2C	ENSG00000147246
2061.0	0.0006	CAMK2G	ENSG00000148660
2061.0	0.0006	CDK10	ENSG00000185324
2061.0	0.0006	SGSH	ENSG00000181523
2061.0	0.0006	RNF31	ENSG00000092098
2061.0	0.0006	HSPB1	ENSG00000106211
2061.0	0.0006	JAKMIP1	ENSG00000152969
2061.0	0.0006	SHANK2	ENSG00000162105
2061.0	0.0006	SMARCD3	ENSG00000082014
2061.0	0.0006	ANO5	ENSG00000171714
2061.0	0.0006	GAPDH	ENSG00000111640
2061.0	0.0006	NBN	ENSG00000104320
2061.0	0.0006	PDXK	ENSG00000160209
2061.0	0.0006	SKOR2	ENSG00000215474
2061.0	0.0006	SHC1	ENSG00000160691
2061.0	0.0006	TTI2	ENSG00000129696
2061.0	0.0006	TAF2	ENSG00000064313
2061.0	0.0006	GATM	ENSG00000171766
2061.0	0.0006	CNTF	ENSG00000242689
2061.0	0.0006	C2orf69	ENSG00000178074
2061.0	0.0006	ADAM23	ENSG00000114948
2061.0	0.0006	TRAPPC2L	ENSG00000167515
2061.0	0.0006	TTBK2	ENSG00000128881
2061.0	0.0006	BTBD9	ENSG00000183826
2061.0	0.0006	LAMA1	ENSG00000101680
2061.0	0.0006	RYR1	ENSG00000196218
2061.0	0.0006	TNPO3	ENSG00000064419
2061.0	0.0006	BRAF	ENSG00000157764
2061.0	0.0006	IP6K3	ENSG00000161896
2061.0	0.0006	LAMP2	ENSG00000005893
2061.0	0.0006	ZNF668	ENSG00000167394
2061.0	0.0006	SECISBP2	ENSG00000187742
2061.0	0.0006	BCOR	ENSG00000183337
2061.0	0.0006	ZHX2	ENSG00000178764
2061.0	0.0006	ALAD	ENSG00000148218
2061.0	0.0006	MBTPS2	ENSG00000012174
2061.0	0.0006	LRRC4B	ENSG00000131409
2061.0	0.0006	LDB3	ENSG00000122367
2061.0	0.0006	PCDHGC4	ENSG00000242419
2061.0	0.0006	CADM3	ENSG00000162706
2061.0	0.0006	PHF6	ENSG00000156531
2061.0	0.0006	STIM1	ENSG00000167323
2061.0	0.0006	ATP5MC3	ENSG00000154518
2061.0	0.0006	MTO1	ENSG00000135297
2061.0	0.0006	BICRA	ENSG00000063169
2061.0	0.0006	SNAPC4	ENSG00000165684
2061.0	0.0006	CYCS	ENSG00000172115
2061.0	0.0006	PHKB	ENSG00000102893
2061.0	0.0006	JAG1	ENSG00000101384
2061.0	0.0006	OPA3	ENSG00000125741
2061.0	0.0006	CYP26C1	ENSG00000187553
2061.0	0.0006	GPR88	ENSG00000181656
2061.0	0.0006	SOX6	ENSG00000110693
2061.0	0.0006	DNAJC11	ENSG00000007923
2061.0	0.0006	DGKG	ENSG00000058866
2061.0	0.0006	MGME1	ENSG00000125871
2061.0	0.0006	BACE1	ENSG00000186318
2061.0	0.0006	ELOVL5	ENSG00000012660
2061.0	0.0006	USP42	ENSG00000106346
2061.0	0.0006	FANCD2	ENSG00000144554
2061.0	0.0006	PRDX3	ENSG00000165672
2061.0	0.0006	ETV1	ENSG00000006468
2061.0	0.0006	CLCN1	ENSG00000188037
2061.0	0.0006	ADK	ENSG00000156110
2061.0	0.0006	FGD1	ENSG00000102302
2061.0	0.0006	PRF1	ENSG00000180644
2061.0	0.0006	TRIM67	ENSG00000119283
2061.0	0.0006	PHKA1	ENSG00000067177
2061.0	0.0006	CCDC78	ENSG00000162004
2061.0	0.0006	PDYN	ENSG00000101327
2061.0	0.0006	TMEM70	ENSG00000175606
2061.0	0.0006	GABRB1	ENSG00000163288
2061.0	0.0006	PPM1L	ENSG00000163590
2061.0	0.0006	RAB7A	ENSG00000075785
2061.0	0.0006	SLC35B2	ENSG00000157593
2061.0	0.0006	CEND1	ENSG00000184524
2061.0	0.0006	MAPK8IP2	ENSG00000008735
2061.0	0.0006	CBL	ENSG00000110395
2061.0	0.0006	ZNF106	ENSG00000103994
2061.0	0.0006	ALPL	ENSG00000162551
2061.0	0.0006	RNASE8	ENSG00000173431
2061.0	0.0006	SLC18A2	ENSG00000165646
2061.0	0.0006	RAB1A	ENSG00000138069
2061.0	0.0006	DEPDC1B	ENSG00000035499
2061.0	0.0006	DSCAM	ENSG00000171587
2061.0	0.0006	NT5C2	ENSG00000076685
2061.0	0.0006	CDKN1C	ENSG00000129757
2061.0	0.0006	HMGA2	ENSG00000149948
2061.0	0.0006	IGF2	ENSG00000167244
2061.0	0.0006	PLAG1	ENSG00000181690
2061.0	0.0006	NDUFS2	ENSG00000158864
2061.0	0.0006	SLC17A7	ENSG00000104888
2061.0	0.0006	KLLN	ENSG00000227268
2061.0	0.0006	SDHC	ENSG00000143252
2061.0	0.0006	SEC23B	ENSG00000101310
2061.0	0.0006	USF3	ENSG00000176542
2061.0	0.0006	SRBD1	ENSG00000068784
2061.0	0.0006	ELOVL1	ENSG00000066322
2061.0	0.0006	ZIC1	ENSG00000152977
2061.0	0.0006	ADGRA2	ENSG00000020181
2061.0	0.0006	MET	ENSG00000105976
2061.0	0.0006	DRP2	ENSG00000102385
2061.0	0.0006	NDUFS7	ENSG00000115286
2061.0	0.0006	TOP3A	ENSG00000177302
2061.0	0.0006	USP9X	ENSG00000124486
2061.0	0.0006	ARHGAP31	ENSG00000031081
2061.0	0.0006	SLC35D1	ENSG00000116704
2061.0	0.0006	RMND1	ENSG00000155906
2061.0	0.0006	RBMX	ENSG00000147274
2061.0	0.0006	ABAT	ENSG00000183044
2061.0	0.0006	RBM8A	ENSG00000131795
2061.0	0.0006	PITRM1	ENSG00000107959
2061.0	0.0006	HNRNPA2B1	ENSG00000122566
2061.0	0.0006	FZD4	ENSG00000174804
2061.0	0.0006	RAB1B	ENSG00000174903
2061.0	0.0006	BIRC5	ENSG00000089685
2061.0	0.0006	PTBP1	ENSG00000011304
2061.0	0.0006	LARS1	ENSG00000133706
2061.0	0.0006	CADPS2	ENSG00000081803
2061.0	0.0006	PEX7	ENSG00000112357
2061.0	0.0006	FARSB	ENSG00000116120
2061.0	0.0006	ALDH1L1	ENSG00000144908
2061.0	0.0006	HNF4A	ENSG00000101076
2061.0	0.0006	ATXN1L	ENSG00000224470
2061.0	0.0006	ARFGEF2	ENSG00000124198
2061.0	0.0006	QDPR	ENSG00000151552
2061.0	0.0006	DNA2	ENSG00000138346
2061.0	0.0006	GALK1	ENSG00000108479
2061.0	0.0006	KCNH1	ENSG00000143473
2061.0	0.0006	CDS1	ENSG00000163624
2061.0	0.0006	WASHC4	ENSG00000136051
2061.0	0.0006	MTX2	ENSG00000128654
2061.0	0.0006	TGM2	ENSG00000198959
2061.0	0.0006	CD81	ENSG00000110651
2061.0	0.0006	BCKDHA	ENSG00000248098
2061.0	0.0006	B3GALT6	ENSG00000176022
2061.0	0.0006	IFT56	ENSG00000105948
2061.0	0.0006	GBF1	ENSG00000107862
2061.0	0.0006	MTHFD1	ENSG00000100714
2061.0	0.0006	BIRC3	ENSG00000023445
2061.0	0.0006	ADAT2	ENSG00000189007
2061.0	0.0006	MTHFD1L	ENSG00000120254
2061.0	0.0006	CWH43	ENSG00000109182
2061.0	0.0006	MTSS2	ENSG00000132613
2061.0	0.0006	MYOT	ENSG00000120729
2061.0	0.0006	BIN1	ENSG00000136717
2061.0	0.0006	MYF6	ENSG00000111046
2444.0	0.0005	PREPL	ENSG00000138078
2444.0	0.0005	ABCD2	ENSG00000173208
2444.0	0.0005	DAG1	ENSG00000173402
2444.0	0.0005	POMGNT2	ENSG00000144647
2444.0	0.0005	RXYLT1	ENSG00000118600
2444.0	0.0005	EML1	ENSG00000066629
2444.0	0.0005	EIF2B5	ENSG00000145191
2444.0	0.0005	DLL4	ENSG00000128917
2444.0	0.0005	EOGT	ENSG00000163378
2444.0	0.0005	RBPJ	ENSG00000168214
2444.0	0.0005	GSS	ENSG00000100983
2444.0	0.0005	SLC19A2	ENSG00000117479
2444.0	0.0005	CCDC47	ENSG00000108588
2444.0	0.0005	C4A	ENSG00000244731
2444.0	0.0005	CCR1	ENSG00000163823
2444.0	0.0005	ERAP1	ENSG00000164307
2444.0	0.0005	FAS	ENSG00000026103
2444.0	0.0005	HLA-B	ENSG00000234745
2444.0	0.0005	IFNGR1	ENSG00000027697
2444.0	0.0005	IL12A	ENSG00000168811
2444.0	0.0005	IL23R	ENSG00000162594
2444.0	0.0005	KLRC4	ENSG00000183542
2444.0	0.0005	MEFV	ENSG00000103313
2444.0	0.0005	STAT4	ENSG00000138378
2444.0	0.0005	TLR4	ENSG00000136869
2444.0	0.0005	HNRNPDL	ENSG00000152795
2444.0	0.0005	EED	ENSG00000074266
2444.0	0.0005	RALA	ENSG00000006451
2444.0	0.0005	MTM1	ENSG00000171100
2444.0	0.0005	SP4	ENSG00000105866
2444.0	0.0005	LSS	ENSG00000160285
2444.0	0.0005	CALB2	ENSG00000172137
2444.0	0.0005	DLG4	ENSG00000132535
2444.0	0.0005	WBP11	ENSG00000084463
2444.0	0.0005	IDH2	ENSG00000182054
2444.0	0.0005	PDGFRB	ENSG00000113721
2444.0	0.0005	XRN2	ENSG00000088930
2444.0	0.0005	CANX	ENSG00000127022
2444.0	0.0005	SLC35F6	ENSG00000213699
2444.0	0.0005	TUBGCP5	ENSG00000153575
2444.0	0.0005	ZNF335	ENSG00000198026
2444.0	0.0005	ATG2B	ENSG00000066739
2444.0	0.0005	SYT1	ENSG00000067715
2444.0	0.0005	ELAVL3	ENSG00000196361
2444.0	0.0005	EBF2	ENSG00000221818
2444.0	0.0005	POLE4	ENSG00000115350
2444.0	0.0005	CD8A	ENSG00000153563
2444.0	0.0005	CNTN1	ENSG00000018236
2444.0	0.0005	ERMN	ENSG00000136541
2444.0	0.0005	EN2	ENSG00000164778
2444.0	0.0005	BMP4	ENSG00000125378
2444.0	0.0005	CTBP2	ENSG00000175029
2444.0	0.0005	ADAT1	ENSG00000065457
2444.0	0.0005	LRP8	ENSG00000157193
2444.0	0.0005	CHST14	ENSG00000169105
2444.0	0.0005	HIF1A	ENSG00000100644
2444.0	0.0005	CTTN	ENSG00000085733
2444.0	0.0005	SERPINI1	ENSG00000163536
2444.0	0.0005	LIPT1	ENSG00000144182
2444.0	0.0005	UBE2A	ENSG00000077721
2444.0	0.0005	MARVELD1	ENSG00000155254
2444.0	0.0005	VIM	ENSG00000026025
2444.0	0.0005	ASS1	ENSG00000130707
2444.0	0.0005	HRAS	ENSG00000174775
2444.0	0.0005	NRAS	ENSG00000213281
2444.0	0.0005	RALBP1	ENSG00000017797
2444.0	0.0005	NTRK1	ENSG00000198400
2444.0	0.0005	GYS1	ENSG00000104812
2444.0	0.0005	VMA21	ENSG00000160131
2444.0	0.0005	CD96	ENSG00000153283
2444.0	0.0005	DNER	ENSG00000187957
2444.0	0.0005	ZDHHC17	ENSG00000186908
2444.0	0.0005	LMOD3	ENSG00000163380
2444.0	0.0005	FAM110A	ENSG00000125898
2444.0	0.0005	FAM110C	ENSG00000184731
2444.0	0.0005	TASP1	ENSG00000089123
2444.0	0.0005	CLIC2	ENSG00000155962
2444.0	0.0005	MSTO1	ENSG00000125459
2444.0	0.0005	FBXW11	ENSG00000072803
2444.0	0.0005	GYG1	ENSG00000163754
2444.0	0.0005	NDUFAF1	ENSG00000137806
2444.0	0.0005	NDUFB10	ENSG00000140990
2444.0	0.0005	NDUFB3	ENSG00000119013
2444.0	0.0005	NDUFB9	ENSG00000147684
2444.0	0.0005	NDUFS3	ENSG00000213619
2444.0	0.0005	NDUFS6	ENSG00000145494
2444.0	0.0005	NDUFV2	ENSG00000178127
2444.0	0.0005	TMEM126B	ENSG00000171204
2444.0	0.0005	GK	ENSG00000198814
2444.0	0.0005	BCL11A	ENSG00000119866
2444.0	0.0005	COL12A1	ENSG00000111799
2444.0	0.0005	COL6A1	ENSG00000142156
2444.0	0.0005	COL6A2	ENSG00000142173
2444.0	0.0005	COL6A3	ENSG00000163359
2444.0	0.0005	CENPJ	ENSG00000151849
2444.0	0.0005	ALX4	ENSG00000052850
2444.0	0.0005	NRDC	ENSG00000078618
2444.0	0.0005	HDAC2	ENSG00000196591
2444.0	0.0005	HPN	ENSG00000105707
2444.0	0.0005	TRAPPC14	ENSG00000146826
2444.0	0.0005	TDP2	ENSG00000111802
2444.0	0.0005	OTC	ENSG00000036473
2444.0	0.0005	SLC7A7	ENSG00000155465
2444.0	0.0005	HEPN1	ENSG00000221932
2444.0	0.0005	CBFB	ENSG00000067955
2444.0	0.0005	EMILIN1	ENSG00000138080
2444.0	0.0005	MBP	ENSG00000197971
2444.0	0.0005	PMP2	ENSG00000147588
2444.0	0.0005	EXOSC10	ENSG00000171824
2444.0	0.0005	PLD3	ENSG00000105223
2444.0	0.0005	EVX2	ENSG00000174279
2444.0	0.0005	PC	ENSG00000173599
2444.0	0.0005	PHB1	ENSG00000167085
2444.0	0.0005	ANAPC1	ENSG00000153107
2444.0	0.0005	THRB	ENSG00000151090
2444.0	0.0005	TRIP13	ENSG00000071539
2444.0	0.0005	MBD3	ENSG00000071655
2444.0	0.0005	TINF2	ENSG00000092330
2444.0	0.0005	NPHP4	ENSG00000131697
2444.0	0.0005	DRD2	ENSG00000149295
2444.0	0.0005	CTSH	ENSG00000103811
2444.0	0.0005	HCRT	ENSG00000161610
2444.0	0.0005	HLA-DQB1	ENSG00000179344
2444.0	0.0005	HLA-DRB1	ENSG00000196126
2444.0	0.0005	MOG	ENSG00000204655
2444.0	0.0005	P2RY11	ENSG00000244165
2444.0	0.0005	TNFSF4	ENSG00000117586
2444.0	0.0005	ZNF365	ENSG00000138311
2444.0	0.0005	SLC1A1	ENSG00000106688
2444.0	0.0005	MYL7	ENSG00000106631
2444.0	0.0005	SS18L1	ENSG00000184402
2444.0	0.0005	EMD	ENSG00000102119
2444.0	0.0005	HOXD1	ENSG00000128645
2444.0	0.0005	RBM17	ENSG00000134453
2444.0	0.0005	ELFN1	ENSG00000225968
2444.0	0.0005	LEP	ENSG00000174697
2444.0	0.0005	GBX1	ENSG00000164900
2444.0	0.0005	RSPH4A	ENSG00000111834
2444.0	0.0005	CLDN16	ENSG00000113946
2444.0	0.0005	NRCAM	ENSG00000091129
2444.0	0.0005	KMT2E	ENSG00000005483
2444.0	0.0005	GLRA3	ENSG00000145451
2444.0	0.0005	TNFRSF21	ENSG00000146072
2444.0	0.0005	SYNE2	ENSG00000054654
2444.0	0.0005	TMEM43	ENSG00000170876
2444.0	0.0005	GNB4	ENSG00000114450
2444.0	0.0005	KALRN	ENSG00000160145
2444.0	0.0005	TYMS	ENSG00000176890
2444.0	0.0005	STARD3	ENSG00000131748
2444.0	0.0005	CPOX	ENSG00000080819
2444.0	0.0005	DDOST	ENSG00000244038
2444.0	0.0005	VTA1	ENSG00000009844
2444.0	0.0005	DEPP1	ENSG00000165507
2444.0	0.0005	NAGLU	ENSG00000108784
2444.0	0.0005	TCIRG1	ENSG00000110719
2444.0	0.0005	PKD2	ENSG00000118762
2444.0	0.0005	TXNDC17	ENSG00000129235
2444.0	0.0005	RASA1	ENSG00000145715
2444.0	0.0005	INPP5A	ENSG00000068383
2444.0	0.0005	MIEN1	ENSG00000141741
2444.0	0.0005	FOXP2	ENSG00000128573
2444.0	0.0005	COLQ	ENSG00000206561
2444.0	0.0005	CACNG2	ENSG00000166862
2444.0	0.0005	NUP155	ENSG00000113569
2444.0	0.0005	UBL4A	ENSG00000102178
2444.0	0.0005	ITPA	ENSG00000125877
2444.0	0.0005	ROBO3	ENSG00000154134
2444.0	0.0005	SGCB	ENSG00000163069
2444.0	0.0005	IDH1	ENSG00000138413
2444.0	0.0005	RXRA	ENSG00000186350
2444.0	0.0005	CTLA4	ENSG00000163599
2444.0	0.0005	HSPB3	ENSG00000169271
2444.0	0.0005	KY	ENSG00000174611
2444.0	0.0005	MYLK3	ENSG00000140795
2444.0	0.0005	TFAP2A	ENSG00000137203
2444.0	0.0005	CUL4A	ENSG00000139842
2444.0	0.0005	CNKSR3	ENSG00000153721
2444.0	0.0005	ZBTB11	ENSG00000066422
2444.0	0.0005	INTS5	ENSG00000185085
2444.0	0.0005	INTS6	ENSG00000102786
2444.0	0.0005	CP	ENSG00000047457
2444.0	0.0005	PROZ	ENSG00000126231
2444.0	0.0005	KIRREL1	ENSG00000183853
2444.0	0.0005	KIRREL3	ENSG00000149571
2444.0	0.0005	CYFIP1	ENSG00000068793
2444.0	0.0005	SOD2	ENSG00000112096
2444.0	0.0005	ACBD5	ENSG00000107897
2444.0	0.0005	ST8SIA1	ENSG00000111728
2444.0	0.0005	SCTR	ENSG00000080293
2444.0	0.0005	PRC1	ENSG00000198901
2444.0	0.0005	IGFBP2	ENSG00000115457
2444.0	0.0005	TNFRSF11A	ENSG00000141655
2444.0	0.0005	CBLN1	ENSG00000102924
2444.0	0.0005	TRIP4	ENSG00000103671
2444.0	0.0005	IRS1	ENSG00000169047
2444.0	0.0005	MARS1	ENSG00000166986
2444.0	0.0005	RYR3	ENSG00000198838
2444.0	0.0005	NEFM	ENSG00000104722
2444.0	0.0005	ACP2	ENSG00000134575
2444.0	0.0005	ST8SIA5	ENSG00000101638
2444.0	0.0005	DMRT3	ENSG00000064218
2444.0	0.0005	GNAS	ENSG00000087460
2444.0	0.0005	RIMS2	ENSG00000176406
2444.0	0.0005	ERBB3	ENSG00000065361
2444.0	0.0005	NCAPG2	ENSG00000146918
2444.0	0.0005	DNAJC7	ENSG00000168259
2444.0	0.0005	ABCC11	ENSG00000121270
2444.0	0.0005	ATP1B2	ENSG00000129244
2444.0	0.0005	FITM2	ENSG00000197296
2444.0	0.0005	ECHS1	ENSG00000127884
2444.0	0.0005	NPTX1	ENSG00000171246
2444.0	0.0005	AGT	ENSG00000135744
2444.0	0.0005	ABCC12	ENSG00000140798
2444.0	0.0005	GRM2	ENSG00000164082
2444.0	0.0005	SAE1	ENSG00000142230
2444.0	0.0005	MAPK11	ENSG00000185386
2444.0	0.0005	CCND2	ENSG00000118971
2444.0	0.0005	CMAHP	ENSG00000168405
2444.0	0.0005	PTGS1	ENSG00000095303
2444.0	0.0005	SERPINA10	ENSG00000140093
2444.0	0.0005	WDR70	ENSG00000082068
2444.0	0.0005	DCLK1	ENSG00000133083
2444.0	0.0005	MAB21L1	ENSG00000180660
2444.0	0.0005	LMX1B	ENSG00000136944
2444.0	0.0005	LIG3	ENSG00000005156
2444.0	0.0005	TYMP	ENSG00000025708
2444.0	0.0005	SHANK1	ENSG00000161681
2444.0	0.0005	NEUROD4	ENSG00000123307
2444.0	0.0005	FAM110B	ENSG00000169122
2444.0	0.0005	PCDH9	ENSG00000184226
2444.0	0.0005	RBM4	ENSG00000173933
2444.0	0.0005	SLC35D2	ENSG00000130958
2444.0	0.0005	FBP2	ENSG00000130957
2444.0	0.0005	FH	ENSG00000091483
2444.0	0.0005	TMEM230	ENSG00000089063
2444.0	0.0005	SUSD4	ENSG00000143502
2444.0	0.0005	CLTA	ENSG00000122705
2444.0	0.0005	UBE3B	ENSG00000151148
2444.0	0.0005	OTUD7B	ENSG00000163113
2444.0	0.0005	BORCS7	ENSG00000166275
2444.0	0.0005	RNF216	ENSG00000011275
2444.0	0.0005	CIAO3	ENSG00000103245
2444.0	0.0005	DOCK1	ENSG00000150760
2444.0	0.0005	SBK3	ENSG00000231274
2444.0	0.0005	SNPH	ENSG00000101298
2444.0	0.0005	SOBP	ENSG00000112320
2444.0	0.0005	SEZ6	ENSG00000063015
2444.0	0.0005	SPIRE1	ENSG00000134278
2444.0	0.0005	DNAI1	ENSG00000122735
2444.0	0.0005	ATP5F1B	ENSG00000110955
2444.0	0.0005	ZSCAN10	ENSG00000130182
2444.0	0.0005	STK39	ENSG00000198648
2444.0	0.0005	ERVFRD-1	ENSG00000244476
2444.0	0.0005	MRPS22	ENSG00000175110
2444.0	0.0005	SNW1	ENSG00000100603
2444.0	0.0005	KCNN3	ENSG00000143603
2444.0	0.0005	DES	ENSG00000175084
2444.0	0.0005	PPP1CA	ENSG00000172531
2444.0	0.0005	GPSM2	ENSG00000121957
2444.0	0.0005	ATG2A	ENSG00000110046
2444.0	0.0005	RECQL4	ENSG00000160957
2444.0	0.0005	NPPC	ENSG00000163273
2444.0	0.0005	NARF	ENSG00000141562
2444.0	0.0005	ERF	ENSG00000105722
2444.0	0.0005	FXN	ENSG00000165060
2444.0	0.0005	MMAA	ENSG00000151611
2444.0	0.0005	HDDC3	ENSG00000184508
2444.0	0.0005	RSPH6A	ENSG00000104941
2444.0	0.0005	LTA4H	ENSG00000111144
2444.0	0.0005	STXBP5L	ENSG00000145087
2444.0	0.0005	DENND1A	ENSG00000119522
2444.0	0.0005	KCNK9	ENSG00000169427
2444.0	0.0005	FOXQ1	ENSG00000164379
2444.0	0.0005	NID1	ENSG00000116962
2444.0	0.0005	GADD45GIP1	ENSG00000179271
2444.0	0.0005	ETFB	ENSG00000105379
2444.0	0.0005	BUB1	ENSG00000169679
2444.0	0.0005	BUB3	ENSG00000154473
2444.0	0.0005	CEP57	ENSG00000166037
2444.0	0.0005	MAPK13	ENSG00000156711
2444.0	0.0005	TNFSF11	ENSG00000120659
2444.0	0.0005	NOMO2	ENSG00000185164
2444.0	0.0005	LIPE	ENSG00000079435
2444.0	0.0005	ZFHX3	ENSG00000140836
2444.0	0.0005	MAPK12	ENSG00000188130
2444.0	0.0005	MYO1H	ENSG00000174527
2444.0	0.0005	OTUD7A	ENSG00000169918
2444.0	0.0005	DOCK11	ENSG00000147251
2444.0	0.0005	MEIS2	ENSG00000134138
2444.0	0.0005	MFAP4	ENSG00000166482
2444.0	0.0005	KIF21A	ENSG00000139116
2444.0	0.0005	PHOX2A	ENSG00000165462
2444.0	0.0005	THG1L	ENSG00000113272
2444.0	0.0005	MAEA	ENSG00000090316
2444.0	0.0005	SSRP1	ENSG00000149136
2444.0	0.0005	NLGN4X	ENSG00000146938
2444.0	0.0005	CDK5R1	ENSG00000176749
2444.0	0.0005	DOCK8	ENSG00000107099
2444.0	0.0005	DMD	ENSG00000198947
2444.0	0.0005	MAP2K2	ENSG00000126934
2444.0	0.0005	HLCS	ENSG00000159267
2444.0	0.0005	SLC7A8	ENSG00000092068
2444.0	0.0005	VPS33A	ENSG00000139719
2444.0	0.0005	CC2D1A	ENSG00000132024
2444.0	0.0005	USP22	ENSG00000124422
2444.0	0.0005	SPIRE2	ENSG00000204991
2444.0	0.0005	PNKD	ENSG00000127838
2444.0	0.0005	FMN1	ENSG00000248905
2444.0	0.0005	TRAPPC8	ENSG00000153339
2444.0	0.0005	TRAPPC3	ENSG00000054116
2444.0	0.0005	CCND1	ENSG00000110092
2444.0	0.0005	VHL	ENSG00000134086
2444.0	0.0005	SPEG	ENSG00000072195
2444.0	0.0005	MPST	ENSG00000128309
2444.0	0.0005	MAGI3	ENSG00000081026
2444.0	0.0005	GUCY1A1	ENSG00000164116
2444.0	0.0005	SLC52A3	ENSG00000101276
2444.0	0.0005	SMAD4	ENSG00000141646
2444.0	0.0005	CAMP	ENSG00000164047
2444.0	0.0005	CALM2	ENSG00000143933
2444.0	0.0005	TOPBP1	ENSG00000163781
2444.0	0.0005	ASCL1	ENSG00000139352
2444.0	0.0005	PHOX2B	ENSG00000109132
2444.0	0.0005	RET	ENSG00000165731
2444.0	0.0005	ATP5PD	ENSG00000167863
2444.0	0.0005	TECPR1	ENSG00000205356
2444.0	0.0005	RALB	ENSG00000144118
2444.0	0.0005	MECOM	ENSG00000085276
2444.0	0.0005	PHYH	ENSG00000107537
2444.0	0.0005	STMN2	ENSG00000104435
2444.0	0.0005	UNC79	ENSG00000133958
2444.0	0.0005	RAB31	ENSG00000168461
2444.0	0.0005	STAU2	ENSG00000040341
2444.0	0.0005	DOCK9	ENSG00000088387
2444.0	0.0005	CEP164	ENSG00000110274
2444.0	0.0005	CAMK4	ENSG00000152495
2444.0	0.0005	TRIB2	ENSG00000071575
2444.0	0.0005	HDAC3	ENSG00000171720
2444.0	0.0005	DDRGK1	ENSG00000198171
2444.0	0.0005	METTL1	ENSG00000037897
2444.0	0.0005	ISCA2	ENSG00000165898
2444.0	0.0005	GON7	ENSG00000170270
2444.0	0.0005	NUP107	ENSG00000111581
2444.0	0.0005	TPRKB	ENSG00000144034
2444.0	0.0005	YRDC	ENSG00000196449
2444.0	0.0005	SCAMP5	ENSG00000198794
2444.0	0.0005	CTSS	ENSG00000163131
2444.0	0.0005	B3GLCT	ENSG00000187676
2444.0	0.0005	YIPF7	ENSG00000177752
2444.0	0.0005	NUDT2	ENSG00000164978
2444.0	0.0005	PAX2	ENSG00000075891
2444.0	0.0005	CCKBR	ENSG00000110148
2444.0	0.0005	UFL1	ENSG00000014123
2444.0	0.0005	STAC3	ENSG00000185482
2444.0	0.0005	FANCL	ENSG00000115392
2444.0	0.0005	ARF6	ENSG00000165527
2444.0	0.0005	TUBB	ENSG00000196230
2444.0	0.0005	KATNA1	ENSG00000186625
2444.0	0.0005	PCGF1	ENSG00000115289
2444.0	0.0005	NKAP	ENSG00000101882
2444.0	0.0005	SIK3	ENSG00000160584
2444.0	0.0005	TSN	ENSG00000211460
2444.0	0.0005	ADARB2	ENSG00000185736
2444.0	0.0005	ATOH1	ENSG00000172238
2444.0	0.0005	RTF1	ENSG00000137815
2444.0	0.0005	AKAP5	ENSG00000179841
2444.0	0.0005	SELV	ENSG00000186838
2444.0	0.0005	CMAS	ENSG00000111726
2444.0	0.0005	FXR2	ENSG00000129245
2444.0	0.0005	PPCS	ENSG00000127125
2444.0	0.0005	GPR83	ENSG00000123901
2444.0	0.0005	CLCN7	ENSG00000103249
2444.0	0.0005	RLIM	ENSG00000131263
2444.0	0.0005	TIMM9	ENSG00000100575
2444.0	0.0005	XPO1	ENSG00000082898
2444.0	0.0005	CTCFL	ENSG00000124092
2444.0	0.0005	TBX2	ENSG00000121068
2444.0	0.0005	SYNE3	ENSG00000176438
2444.0	0.0005	ASF1B	ENSG00000105011
2444.0	0.0005	IFI30	ENSG00000216490
2444.0	0.0005	ILF3	ENSG00000129351
2444.0	0.0005	MYOD1	ENSG00000129152
2444.0	0.0005	SSTR2	ENSG00000180616
3661.0	0.0004	ARHGAP32	ENSG00000134909
3661.0	0.0004	NAA20	ENSG00000173418
3661.0	0.0004	ASF1A	ENSG00000111875
3661.0	0.0004	TPTE	ENSG00000166157
3661.0	0.0004	RNF103	ENSG00000239305
3661.0	0.0004	MAX	ENSG00000125952
3661.0	0.0004	MRTFB	ENSG00000186260
3661.0	0.0004	NHERF2	ENSG00000065054
3661.0	0.0004	XPO7	ENSG00000130227
3661.0	0.0004	H2AC20	ENSG00000184260
3661.0	0.0004	TENT4B	ENSG00000121274
3661.0	0.0004	SCN2B	ENSG00000149575
3661.0	0.0004	PPP1CB	ENSG00000213639
3661.0	0.0004	CSN3	ENSG00000171209
3661.0	0.0004	CCT5	ENSG00000150753
3661.0	0.0004	AXIN1	ENSG00000103126
3661.0	0.0004	TMOD2	ENSG00000128872
3661.0	0.0004	DUSP19	ENSG00000162999
3661.0	0.0004	CYBB	ENSG00000165168
3661.0	0.0004	CYB561D2	ENSG00000114395
3661.0	0.0004	VDAC1	ENSG00000213585
3661.0	0.0004	PRDM1	ENSG00000057657
3661.0	0.0004	PTPN21	ENSG00000070778
3661.0	0.0004	RMND5A	ENSG00000153561
3661.0	0.0004	RAB3C	ENSG00000152932
3661.0	0.0004	CEP55	ENSG00000138180
3661.0	0.0004	MMP2	ENSG00000087245
3661.0	0.0004	RMND5B	ENSG00000145916
3661.0	0.0004	ZMYND10	ENSG00000004838
3661.0	0.0004	HEXA	ENSG00000213614
3661.0	0.0004	PGF	ENSG00000119630
3661.0	0.0004	CAMK1	ENSG00000134072
3661.0	0.0004	MRTFA	ENSG00000196588
3661.0	0.0004	NEUROG2	ENSG00000178403
3661.0	0.0004	WDR37	ENSG00000047056
3661.0	0.0004	FUT2	ENSG00000176920
3661.0	0.0004	SMPX	ENSG00000091482
3661.0	0.0004	ALKBH1	ENSG00000100601
3661.0	0.0004	RIMS1	ENSG00000079841
3661.0	0.0004	ATP5F1C	ENSG00000165629
3661.0	0.0004	CNOT3	ENSG00000088038
3661.0	0.0004	MARCHF7	ENSG00000136536
3661.0	0.0004	VDR	ENSG00000111424
3661.0	0.0004	NUBP2	ENSG00000095906
3661.0	0.0004	EGFR	ENSG00000146648
3661.0	0.0004	DLG2	ENSG00000150672
3661.0	0.0004	PDE4B	ENSG00000184588
3661.0	0.0004	ARL4D	ENSG00000175906
3661.0	0.0004	SCN3B	ENSG00000166257
3661.0	0.0004	NUBP1	ENSG00000103274
3661.0	0.0004	PDE4C	ENSG00000105650
3661.0	0.0004	DDX25	ENSG00000109832
3661.0	0.0004	ATIC	ENSG00000138363
3661.0	0.0004	ESR1	ENSG00000091831
3661.0	0.0004	CTDP1	ENSG00000060069
3661.0	0.0004	XRCC5	ENSG00000079246
3661.0	0.0004	PDE1B	ENSG00000123360
3661.0	0.0004	FLRT1	ENSG00000126500
3661.0	0.0004	KLC2	ENSG00000174996
3661.0	0.0004	MED23	ENSG00000112282
3661.0	0.0004	NLGN3	ENSG00000196338
3661.0	0.0004	TSPO	ENSG00000100300
3661.0	0.0004	EIF5A	ENSG00000132507
3661.0	0.0004	PEX5L	ENSG00000114757
3661.0	0.0004	RAC3	ENSG00000169750
3661.0	0.0004	HMGCR	ENSG00000113161
3661.0	0.0004	EZR	ENSG00000092820
3661.0	0.0004	MAP1LC3B	ENSG00000140941
3661.0	0.0004	PHYKPL	ENSG00000175309
3661.0	0.0004	EIF5A2	ENSG00000163577
3661.0	0.0004	SCCPDH	ENSG00000143653
3661.0	0.0004	KIF3A	ENSG00000131437
3661.0	0.0004	SLIRP	ENSG00000119705
3661.0	0.0004	PKNOX2	ENSG00000165495
3661.0	0.0004	SUCLG2	ENSG00000172340
3661.0	0.0004	ZMPSTE24	ENSG00000084073
3661.0	0.0004	NIT2	ENSG00000114021
3661.0	0.0004	NANP	ENSG00000170191
3661.0	0.0004	CDKN1A	ENSG00000124762
3661.0	0.0004	CDKN1B	ENSG00000111276
3661.0	0.0004	CDKN2B	ENSG00000147883
3661.0	0.0004	CDKN2C	ENSG00000123080
3661.0	0.0004	MEN1	ENSG00000133895
3661.0	0.0004	RAP1B	ENSG00000127314
3661.0	0.0004	NOMO1	ENSG00000103512
3661.0	0.0004	ATP2B2	ENSG00000157087
3661.0	0.0004	TUSC2	ENSG00000114383
3661.0	0.0004	TFB1M	ENSG00000029639
3661.0	0.0004	NELL2	ENSG00000184613
3661.0	0.0004	FURIN	ENSG00000140564
3661.0	0.0004	ACTB	ENSG00000075624
3661.0	0.0004	FBXO7	ENSG00000100225
3661.0	0.0004	PFKL	ENSG00000141959
3661.0	0.0004	QRICH1	ENSG00000198218
3661.0	0.0004	SPHK1	ENSG00000176170
3661.0	0.0004	DIAPH1	ENSG00000131504
3661.0	0.0004	TACR1	ENSG00000115353
3661.0	0.0004	AGMO	ENSG00000187546
3661.0	0.0004	AASDHPPT	ENSG00000149313
3661.0	0.0004	NHS	ENSG00000188158
3661.0	0.0004	C1GALT1C1	ENSG00000171155
3661.0	0.0004	ATG5	ENSG00000057663
3661.0	0.0004	FUT8	ENSG00000033170
3661.0	0.0004	RNF4	ENSG00000063978
3661.0	0.0004	PASK	ENSG00000115687
3661.0	0.0004	PCSK5	ENSG00000099139
3661.0	0.0004	TAF6	ENSG00000106290
3661.0	0.0004	TENT4A	ENSG00000112941
3661.0	0.0004	PDPK1	ENSG00000140992
3661.0	0.0004	NRG3	ENSG00000185737
3661.0	0.0004	PCSK1	ENSG00000175426
3661.0	0.0004	ELMO1	ENSG00000155849
3661.0	0.0004	PCSK7	ENSG00000160613
3661.0	0.0004	DNAJB6	ENSG00000105993
3661.0	0.0004	PCSK4	ENSG00000115257
3661.0	0.0004	NTPCR	ENSG00000135778
3661.0	0.0004	TRMT5	ENSG00000126814
3661.0	0.0004	LRRC4C	ENSG00000148948
3661.0	0.0004	KLHL40	ENSG00000157119
3661.0	0.0004	COL17A1	ENSG00000065618
3661.0	0.0004	AMER1	ENSG00000184675
3661.0	0.0004	DIAPH2	ENSG00000147202
3661.0	0.0004	PRPH2	ENSG00000112619
3661.0	0.0004	TMEM176B	ENSG00000106565
3661.0	0.0004	COASY	ENSG00000068120
3661.0	0.0004	ELAVL4	ENSG00000162374
3661.0	0.0004	LMX1A	ENSG00000162761
3661.0	0.0004	PAWR	ENSG00000177425
3661.0	0.0004	PTPN3	ENSG00000070159
3661.0	0.0004	APOA1	ENSG00000118137
3661.0	0.0004	TMEM63A	ENSG00000196187
3661.0	0.0004	NPL	ENSG00000135838
3661.0	0.0004	KATNAL1	ENSG00000102781
3661.0	0.0004	BSND	ENSG00000162399
3661.0	0.0004	DRG2	ENSG00000108591
3661.0	0.0004	KATNAL2	ENSG00000167216
3661.0	0.0004	AGK	ENSG00000006530
3661.0	0.0004	LAMB2	ENSG00000172037
3661.0	0.0004	IARS2	ENSG00000067704
3661.0	0.0004	RTP1	ENSG00000175077
3661.0	0.0004	RTP2	ENSG00000198471
3661.0	0.0004	THTPA	ENSG00000259431
3661.0	0.0004	WT1	ENSG00000184937
3661.0	0.0004	NDUFA12	ENSG00000184752
3661.0	0.0004	ADAMTS4	ENSG00000158859
3661.0	0.0004	PTPN4	ENSG00000088179
3661.0	0.0004	SAMD9	ENSG00000205413
3661.0	0.0004	TNIK	ENSG00000154310
3661.0	0.0004	CST4	ENSG00000101441
3661.0	0.0004	GMPS	ENSG00000163655
3661.0	0.0004	HSP90B1	ENSG00000166598
3661.0	0.0004	GOT1	ENSG00000120053
3661.0	0.0004	CNNM2	ENSG00000148842
3661.0	0.0004	MYCN	ENSG00000134323
3661.0	0.0004	ACSL4	ENSG00000068366
3661.0	0.0004	PDE6B	ENSG00000133256
3661.0	0.0004	CRLF1	ENSG00000006016
3661.0	0.0004	HNRNPF	ENSG00000169813
3661.0	0.0004	EVL	ENSG00000196405
3661.0	0.0004	RFX1	ENSG00000132005
3661.0	0.0004	HDAC5	ENSG00000108840
3661.0	0.0004	NAT8	ENSG00000144035
3661.0	0.0004	BICDL1	ENSG00000135127
3661.0	0.0004	ADAM12	ENSG00000148848
3661.0	0.0004	CCNA1	ENSG00000133101
3661.0	0.0004	KCNJ1	ENSG00000151704
3661.0	0.0004	LGMN	ENSG00000100600
3661.0	0.0004	PABPN1	ENSG00000100836
3661.0	0.0004	MAN2C1	ENSG00000140400
3661.0	0.0004	ETFA	ENSG00000140374
3661.0	0.0004	NTS	ENSG00000133636
3661.0	0.0004	ARL6IP5	ENSG00000144746
3661.0	0.0004	ZMYM4	ENSG00000146463
3661.0	0.0004	TLR7	ENSG00000196664
3661.0	0.0004	PFAS	ENSG00000178921
3661.0	0.0004	SLC12A1	ENSG00000074803
3661.0	0.0004	PDZD7	ENSG00000186862
3661.0	0.0004	TRMT112	ENSG00000173113
3661.0	0.0004	AFF2	ENSG00000155966
3661.0	0.0004	TIMM13	ENSG00000099800
3661.0	0.0004	UQCRQ	ENSG00000164405
3661.0	0.0004	CEP43	ENSG00000213066
3661.0	0.0004	UCP3	ENSG00000175564
3661.0	0.0004	ELAVL1	ENSG00000066044
3661.0	0.0004	INPP4A	ENSG00000040933
3661.0	0.0004	SPAG9	ENSG00000008294
3661.0	0.0004	PPCDC	ENSG00000138621
3661.0	0.0004	OXCT1	ENSG00000083720
3661.0	0.0004	LEFTY2	ENSG00000143768
3661.0	0.0004	ALKBH3	ENSG00000166199
3661.0	0.0004	EXOSC1	ENSG00000171311
3661.0	0.0004	BTRC	ENSG00000166167
3661.0	0.0004	ACIN1	ENSG00000100813
3661.0	0.0004	HYDIN	ENSG00000157423
3661.0	0.0004	SMYD1	ENSG00000115593
3661.0	0.0004	ELK1	ENSG00000126767
3661.0	0.0004	ACACB	ENSG00000076555
3661.0	0.0004	ACACA	ENSG00000132142
3661.0	0.0004	SMPD4	ENSG00000136699
3661.0	0.0004	BDNF	ENSG00000176697
3661.0	0.0004	COLGALT1	ENSG00000130309
3661.0	0.0004	RAP1A	ENSG00000116473
3661.0	0.0004	CYB5D2	ENSG00000167740
3661.0	0.0004	RAD23B	ENSG00000119318
3661.0	0.0004	SAFB	ENSG00000160633
3661.0	0.0004	PLXNA3	ENSG00000130827
3661.0	0.0004	PLXNB1	ENSG00000164050
3661.0	0.0004	CRK	ENSG00000167193
3661.0	0.0004	PLXNA2	ENSG00000076356
3661.0	0.0004	NGF	ENSG00000134259
3661.0	0.0004	SAP30BP	ENSG00000161526
3661.0	0.0004	ABHD5	ENSG00000011198
3661.0	0.0004	NCOR1	ENSG00000141027
3661.0	0.0004	YWHAB	ENSG00000166913
3661.0	0.0004	RAD23A	ENSG00000179262
3661.0	0.0004	WHRN	ENSG00000095397
3661.0	0.0004	KDM3A	ENSG00000115548
3661.0	0.0004	TTC1	ENSG00000113312
3661.0	0.0004	TAB2	ENSG00000055208
3661.0	0.0004	SPICE1	ENSG00000163611
3661.0	0.0004	PCDH15	ENSG00000150275
3661.0	0.0004	SAP18	ENSG00000150459
3661.0	0.0004	PCGF3	ENSG00000185619
3661.0	0.0004	CDCA7L	ENSG00000164649
3661.0	0.0004	ACD	ENSG00000102977
3661.0	0.0004	DKC1	ENSG00000130826
3661.0	0.0004	PARN	ENSG00000140694
3661.0	0.0004	RTEL1	ENSG00000258366
3661.0	0.0004	TPI1	ENSG00000111669
3661.0	0.0004	TLE5	ENSG00000104964
3661.0	0.0004	EBNA1BP2	ENSG00000117395
3661.0	0.0004	PSIP1	ENSG00000164985
3661.0	0.0004	DTNA	ENSG00000134769
3661.0	0.0004	KCNE2	ENSG00000159197
3661.0	0.0004	TMEM107	ENSG00000179029
3661.0	0.0004	CKAP5	ENSG00000175216
3661.0	0.0004	RHBDF1	ENSG00000007384
3661.0	0.0004	DCP2	ENSG00000172795
3661.0	0.0004	NOS1	ENSG00000089250
3661.0	0.0004	FIGN	ENSG00000182263
3661.0	0.0004	SYCP2	ENSG00000196074
3661.0	0.0004	ASL	ENSG00000126522
3661.0	0.0004	SCN5A	ENSG00000183873
3661.0	0.0004	FAT2	ENSG00000086570
3661.0	0.0004	FIS1	ENSG00000214253
3661.0	0.0004	LZTS2	ENSG00000107816
3661.0	0.0004	NEBL	ENSG00000078114
3661.0	0.0004	DNAJC3	ENSG00000102580
3661.0	0.0004	EXOC2	ENSG00000112685
3661.0	0.0004	IGDCC3	ENSG00000174498
3661.0	0.0004	POFUT2	ENSG00000186866
3661.0	0.0004	ABI3	ENSG00000108798
3661.0	0.0004	ABCA4	ENSG00000198691
3661.0	0.0004	STXBP2	ENSG00000076944
3661.0	0.0004	LEFTY1	ENSG00000243709
3661.0	0.0004	MRPL49	ENSG00000149792
3661.0	0.0004	FECH	ENSG00000066926
3661.0	0.0004	SLC25A21	ENSG00000183032
3661.0	0.0004	CEP63	ENSG00000182923
3661.0	0.0004	USH1C	ENSG00000006611
3661.0	0.0004	YWHAZ	ENSG00000164924
3661.0	0.0004	ABCB1	ENSG00000085563
3661.0	0.0004	CLDN5	ENSG00000184113
3661.0	0.0004	HRH3	ENSG00000101180
3661.0	0.0004	TNFRSF19	ENSG00000127863
3661.0	0.0004	VWF	ENSG00000110799
3661.0	0.0004	NRTN	ENSG00000171119
3661.0	0.0004	RGS19	ENSG00000171700
3661.0	0.0004	CRLF2	ENSG00000205755
3661.0	0.0004	EIF5AL1	ENSG00000253626
3661.0	0.0004	CDK5RAP2	ENSG00000136861
3661.0	0.0004	NEO1	ENSG00000067141
3661.0	0.0004	DPH3	ENSG00000154813
3661.0	0.0004	ANKRD1	ENSG00000148677
3661.0	0.0004	CPS1	ENSG00000021826
3661.0	0.0004	MIEF1	ENSG00000100335
3661.0	0.0004	GNAT3	ENSG00000214415
3661.0	0.0004	TESK1	ENSG00000107140
3661.0	0.0004	ALKBH2	ENSG00000189046
3661.0	0.0004	CEP152	ENSG00000103995
3661.0	0.0004	RGS20	ENSG00000147509
3661.0	0.0004	USP6	ENSG00000129204
3661.0	0.0004	KLHL15	ENSG00000174010
3661.0	0.0004	COX7B	ENSG00000131174
3661.0	0.0004	HCCS	ENSG00000004961
3661.0	0.0004	CDH11	ENSG00000140937
3661.0	0.0004	HYOU1	ENSG00000149428
3661.0	0.0004	CDH23	ENSG00000107736
3661.0	0.0004	TIMM23	ENSG00000138297
3661.0	0.0004	PAX7	ENSG00000009709
3661.0	0.0004	IGDCC4	ENSG00000103742
3661.0	0.0004	SYN1	ENSG00000008056
3661.0	0.0004	PRTG	ENSG00000166450
3661.0	0.0004	CEP162	ENSG00000135315
3661.0	0.0004	NHERF1	ENSG00000109062
3661.0	0.0004	USH1G	ENSG00000182040
3661.0	0.0004	AP2A2	ENSG00000183020
3661.0	0.0004	MMUT	ENSG00000146085
3661.0	0.0004	ERBB2	ENSG00000141736
3661.0	0.0004	ZNF804A	ENSG00000170396
3661.0	0.0004	ARL16	ENSG00000214087
3661.0	0.0004	RACK1	ENSG00000204628
3661.0	0.0004	DBR1	ENSG00000138231
3661.0	0.0004	CDC16	ENSG00000130177
3661.0	0.0004	USHBP1	ENSG00000130307
3661.0	0.0004	ZNF699	ENSG00000196110
3661.0	0.0004	RAB38	ENSG00000123892
3661.0	0.0004	AP2A1	ENSG00000196961
3661.0	0.0004	CPSF6	ENSG00000111605
3661.0	0.0004	TACC3	ENSG00000013810
3661.0	0.0004	B3GALT5	ENSG00000183778
3661.0	0.0004	CBX5	ENSG00000094916
3661.0	0.0004	TCP1	ENSG00000120438
3661.0	0.0004	ANXA3	ENSG00000138772
3661.0	0.0004	TLR5	ENSG00000187554
3661.0	0.0004	PTF1A	ENSG00000168267
3661.0	0.0004	FBN2	ENSG00000138829
3661.0	0.0004	TUBB6	ENSG00000176014
3661.0	0.0004	APEH	ENSG00000164062
3661.0	0.0004	PLK1	ENSG00000166851
3661.0	0.0004	PHB2	ENSG00000215021
3661.0	0.0004	FOXM1	ENSG00000111206
3661.0	0.0004	SYCP3	ENSG00000139351
3661.0	0.0004	RAF1	ENSG00000132155
3661.0	0.0004	SGCG	ENSG00000102683
3661.0	0.0004	BPTF	ENSG00000171634
3661.0	0.0004	CORO1A	ENSG00000102879
3661.0	0.0004	KAT6B	ENSG00000156650
3661.0	0.0004	GJA5	ENSG00000143140
3661.0	0.0004	INF2	ENSG00000203485
3661.0	0.0004	STAT6	ENSG00000166888
3661.0	0.0004	IFT88	ENSG00000032742
3661.0	0.0004	LMBRD1	ENSG00000168216
3661.0	0.0004	IHH	ENSG00000163501
3661.0	0.0004	KCNJ2	ENSG00000123700
3661.0	0.0004	PDCD6	ENSG00000249915
3661.0	0.0004	FANCI	ENSG00000140525
3661.0	0.0004	CNTN5	ENSG00000149972
3661.0	0.0004	CDK2	ENSG00000123374
3661.0	0.0004	RAMP2	ENSG00000131477
3661.0	0.0004	TRPC3	ENSG00000138741
3661.0	0.0004	EMSY	ENSG00000158636
3661.0	0.0004	CEP83	ENSG00000173588
3661.0	0.0004	UROD	ENSG00000126088
3661.0	0.0004	ANKH	ENSG00000154122
3661.0	0.0004	CD4	ENSG00000010610
3661.0	0.0004	ATP6V1D	ENSG00000100554
3661.0	0.0004	BECN1	ENSG00000126581
3661.0	0.0004	ACVR1B	ENSG00000135503
3661.0	0.0004	RAB2A	ENSG00000104388
3661.0	0.0004	ANKRD23	ENSG00000163126
3661.0	0.0004	PIK3C3	ENSG00000078142
3661.0	0.0004	PTPN11	ENSG00000179295
3661.0	0.0004	LRRC4	ENSG00000128594
3661.0	0.0004	PIGC	ENSG00000135845
3661.0	0.0004	LSM1	ENSG00000175324
3661.0	0.0004	AGTRAP	ENSG00000177674
3661.0	0.0004	DHH	ENSG00000139549
3661.0	0.0004	ALKBH5	ENSG00000091542
3661.0	0.0004	DICER1	ENSG00000100697
3661.0	0.0004	NAA16	ENSG00000172766
3661.0	0.0004	TACC1	ENSG00000147526
3661.0	0.0004	TIA1	ENSG00000116001
3661.0	0.0004	ANKRD49	ENSG00000168876
3661.0	0.0004	LRP2	ENSG00000081479
3661.0	0.0004	TEAD2	ENSG00000074219
3661.0	0.0004	GET3	ENSG00000198356
3661.0	0.0004	TNFRSF13B	ENSG00000240505
3661.0	0.0004	PLEKHG4	ENSG00000196155
3661.0	0.0004	RHOT1	ENSG00000126858
3661.0	0.0004	BUD31	ENSG00000106245
3661.0	0.0004	CFH	ENSG00000000971
3661.0	0.0004	CRABP2	ENSG00000143320
3661.0	0.0004	MTERF1	ENSG00000127989
3661.0	0.0004	ISCU	ENSG00000136003
3661.0	0.0004	RPS15	ENSG00000115268
3661.0	0.0004	SNAP91	ENSG00000065609
3661.0	0.0004	IL3	ENSG00000164399
3661.0	0.0004	MC2R	ENSG00000185231
3661.0	0.0004	NFS1	ENSG00000244005
3661.0	0.0004	TLCD2	ENSG00000185561
3661.0	0.0004	ZHX1	ENSG00000165156
3661.0	0.0004	ARSH	ENSG00000205667
3661.0	0.0004	ACTN2	ENSG00000077522
3661.0	0.0004	OMA1	ENSG00000162600
3661.0	0.0004	BCL2	ENSG00000171791
3661.0	0.0004	EPS15	ENSG00000085832
3661.0	0.0004	TMUB1	ENSG00000164897
3661.0	0.0004	FBF1	ENSG00000188878
3661.0	0.0004	GUSB	ENSG00000169919
3661.0	0.0004	B3GALNT1	ENSG00000169255
3661.0	0.0004	GAL3ST1	ENSG00000128242
3661.0	0.0004	TMEM19	ENSG00000139291
3661.0	0.0004	CLPP	ENSG00000125656
3661.0	0.0004	SETD6	ENSG00000103037
3661.0	0.0004	UVRAG	ENSG00000198382
3661.0	0.0004	ACP3	ENSG00000014257
3661.0	0.0004	CEP89	ENSG00000121289
3661.0	0.0004	CYP27B1	ENSG00000111012
3661.0	0.0004	DDX6	ENSG00000110367
3661.0	0.0004	MTA3	ENSG00000057935
3661.0	0.0004	ZBTB14	ENSG00000198081
3661.0	0.0004	PSMD11	ENSG00000108671
3661.0	0.0004	TMED10	ENSG00000170348
3661.0	0.0004	SMYD4	ENSG00000186532
3661.0	0.0004	PKHD1	ENSG00000170927
3661.0	0.0004	OGT	ENSG00000147162
3661.0	0.0004	CD59	ENSG00000085063
3661.0	0.0004	RNF122	ENSG00000133874
3661.0	0.0004	SLC4A7	ENSG00000033867
3661.0	0.0004	TAMALIN	ENSG00000161835
3661.0	0.0004	AMD1	ENSG00000123505
3661.0	0.0004	GLRX	ENSG00000173221
3661.0	0.0004	ATRN	ENSG00000088812
3661.0	0.0004	WNT4	ENSG00000162552
3661.0	0.0004	TANK	ENSG00000136560
3661.0	0.0004	HSPA8	ENSG00000109971
3661.0	0.0004	RIGI	ENSG00000107201
3661.0	0.0004	ETNPPL	ENSG00000164089
3661.0	0.0004	CHRM3	ENSG00000133019
3661.0	0.0004	PRDM6	ENSG00000061455
3661.0	0.0004	USP50	ENSG00000170236
3661.0	0.0004	PHOSPHO1	ENSG00000173868
3661.0	0.0004	LY96	ENSG00000154589
3661.0	0.0004	PPARD	ENSG00000112033
3661.0	0.0004	POU3F2	ENSG00000184486
3661.0	0.0004	SCUBE3	ENSG00000146197
3661.0	0.0004	STX16	ENSG00000124222
3661.0	0.0004	TADA3	ENSG00000171148
3661.0	0.0004	HSCB	ENSG00000100209
3661.0	0.0004	MICU2	ENSG00000165487
3661.0	0.0004	CXCL2	ENSG00000081041
3661.0	0.0004	RBP2	ENSG00000114113
3661.0	0.0004	RHOT2	ENSG00000140983
3661.0	0.0004	HDAC9	ENSG00000048052
3661.0	0.0004	C1QTNF9	ENSG00000240654
3661.0	0.0004	C1QTNF9B	ENSG00000205863
3661.0	0.0004	DYRK1B	ENSG00000105204
3661.0	0.0004	UROS	ENSG00000188690
3661.0	0.0004	PRPS2	ENSG00000101911
3661.0	0.0004	MAOA	ENSG00000189221
3661.0	0.0004	MAOB	ENSG00000069535
3661.0	0.0004	RTN4RL1	ENSG00000185924
3661.0	0.0004	VIPR2	ENSG00000106018
3661.0	0.0004	PIK3R4	ENSG00000196455
3661.0	0.0004	RRM2	ENSG00000171848
3661.0	0.0004	METTL21C	ENSG00000139780
3661.0	0.0004	ATP11A	ENSG00000068650
3661.0	0.0004	PSMC2	ENSG00000161057
3661.0	0.0004	TSPAN12	ENSG00000106025
3661.0	0.0004	KDM1B	ENSG00000165097
3661.0	0.0004	SMIM3	ENSG00000256235
3661.0	0.0004	LONP2	ENSG00000102910
3661.0	0.0004	TRPC1	ENSG00000144935
3661.0	0.0004	FABP7	ENSG00000164434
3661.0	0.0004	CACNA1F	ENSG00000102001
3661.0	0.0004	POLR2G	ENSG00000168002
3661.0	0.0004	SGTA	ENSG00000104969
3661.0	0.0004	PHYHIPL	ENSG00000165443
3661.0	0.0004	BCAS4	ENSG00000124243
3661.0	0.0004	NCOA3	ENSG00000124151
3661.0	0.0004	TRAPPC1	ENSG00000170043
3661.0	0.0004	NAA35	ENSG00000135040
3661.0	0.0004	RBFOX3	ENSG00000167281
3661.0	0.0004	EFNB1	ENSG00000090776
3661.0	0.0004	PRPF19	ENSG00000110107
3661.0	0.0004	CPE	ENSG00000109472
3661.0	0.0004	SRM	ENSG00000116649
3661.0	0.0004	TRPM7	ENSG00000092439
3661.0	0.0004	CCDC28B	ENSG00000160050
3661.0	0.0004	AGPAT2	ENSG00000169692
3661.0	0.0004	ZIC3	ENSG00000156925
3661.0	0.0004	FBLN5	ENSG00000140092
3661.0	0.0004	FEV	ENSG00000163497
3661.0	0.0004	EP400	ENSG00000183495
3661.0	0.0004	RPTOR	ENSG00000141564
3661.0	0.0004	CLPX	ENSG00000166855
3661.0	0.0004	TRAPPC5	ENSG00000181029
3661.0	0.0004	ARSB	ENSG00000113273
3661.0	0.0004	ETNK2	ENSG00000143845
3661.0	0.0004	CYP2R1	ENSG00000186104
3661.0	0.0004	S100A6	ENSG00000197956
3661.0	0.0004	TRAPPC2	ENSG00000196459
3661.0	0.0004	STMN1	ENSG00000117632
3661.0	0.0004	MCUR1	ENSG00000050393
3661.0	0.0004	RP11-667K14.8	ENSG00000262402
3661.0	0.0004	TRPV5	ENSG00000127412
3661.0	0.0004	PSMD5	ENSG00000095261
3661.0	0.0004	GPR173	ENSG00000184194
3661.0	0.0004	ETNK1	ENSG00000139163
3661.0	0.0004	PIGX	ENSG00000163964
3661.0	0.0004	MGAT1	ENSG00000131446
3661.0	0.0004	PSTK	ENSG00000179988
3661.0	0.0004	HSPA5	ENSG00000044574
3661.0	0.0004	NLK	ENSG00000087095
3661.0	0.0004	NXPE3	ENSG00000144815
3661.0	0.0004	CEBPA	ENSG00000245848
3661.0	0.0004	SOX18	ENSG00000203883
3661.0	0.0004	LARP7	ENSG00000174720
3661.0	0.0004	FRMD6	ENSG00000139926
3661.0	0.0004	CALM1	ENSG00000198668
3661.0	0.0004	SRY	ENSG00000184895
3661.0	0.0004	INAFM1	ENSG00000257704
3661.0	0.0004	MRPS16	ENSG00000182180
3661.0	0.0004	TRPV2	ENSG00000187688
3661.0	0.0004	AMPH	ENSG00000078053
3661.0	0.0004	ALG5	ENSG00000120697
3661.0	0.0004	SLIT2	ENSG00000145147
3661.0	0.0004	SLIT1	ENSG00000187122
3661.0	0.0004	DOLPP1	ENSG00000167130
3661.0	0.0004	SLIT3	ENSG00000184347
3661.0	0.0004	MRPS25	ENSG00000131368
3661.0	0.0004	CLDN7	ENSG00000181885
3661.0	0.0004	MMAB	ENSG00000139428
3661.0	0.0004	NCOA2	ENSG00000140396
3661.0	0.0004	TRPV6	ENSG00000165125
3661.0	0.0004	USP2	ENSG00000036672
3661.0	0.0004	MYO5C	ENSG00000128833
3661.0	0.0004	ATOX1	ENSG00000177556
3661.0	0.0004	EMC4	ENSG00000128463
3661.0	0.0004	TRPV3	ENSG00000167723
3661.0	0.0004	TRPA1	ENSG00000104321
3661.0	0.0004	SEPHS1	ENSG00000086475
3661.0	0.0004	ATG14	ENSG00000126775
3661.0	0.0004	FUBP1	ENSG00000162613
3661.0	0.0004	TSPYL2	ENSG00000184205
3661.0	0.0004	TRPM1	ENSG00000134160
3661.0	0.0004	DPH7	ENSG00000148399
3661.0	0.0004	EMC2	ENSG00000104412
3661.0	0.0004	SEPHS2	ENSG00000179918
3661.0	0.0004	SEC13	ENSG00000157020
3661.0	0.0004	EMC3	ENSG00000125037
3661.0	0.0004	TFF1	ENSG00000160182
3661.0	0.0004	BMPR2	ENSG00000204217
3661.0	0.0004	MYORG	ENSG00000164976
3661.0	0.0004	EMC8	ENSG00000131148
3661.0	0.0004	LRSAM1	ENSG00000148356
3661.0	0.0004	SLC8B1	ENSG00000089060
3661.0	0.0004	SF3B1	ENSG00000115524
3661.0	0.0004	GAS2	ENSG00000148935
3661.0	0.0004	KAT2B	ENSG00000114166
3661.0	0.0004	KIF5B	ENSG00000170759
3661.0	0.0004	GTF2A1	ENSG00000165417
3661.0	0.0004	PSMC1	ENSG00000100764
3661.0	0.0004	DAB2	ENSG00000153071
3661.0	0.0004	FUBP3	ENSG00000107164
3661.0	0.0004	ADAMTS3	ENSG00000156140
3661.0	0.0004	CPLX2	ENSG00000145920
3661.0	0.0004	SGTB	ENSG00000197860
3661.0	0.0004	SORT1	ENSG00000134243
3661.0	0.0004	SLC35C2	ENSG00000080189
3661.0	0.0004	MTMR10	ENSG00000166912
3661.0	0.0004	SCLY	ENSG00000132330
3661.0	0.0004	WNK4	ENSG00000126562
3661.0	0.0004	DDX41	ENSG00000183258
3661.0	0.0004	PRPSAP1	ENSG00000161542
3661.0	0.0004	NRP1	ENSG00000099250
3661.0	0.0004	ACAD9	ENSG00000177646
3661.0	0.0004	EMC9	ENSG00000100908
3661.0	0.0004	DERL1	ENSG00000136986
3661.0	0.0004	UNC119	ENSG00000109103
3661.0	0.0004	MATCAP1	ENSG00000196123
3661.0	0.0004	PLXND1	ENSG00000004399
3661.0	0.0004	NTF3	ENSG00000185652
3661.0	0.0004	EDN1	ENSG00000078401
3661.0	0.0004	PYURF	ENSG00000145337
3661.0	0.0004	YIPF4	ENSG00000119820
3661.0	0.0004	CEPT1	ENSG00000134255
3661.0	0.0004	NAA30	ENSG00000139977
3661.0	0.0004	EMC6	ENSG00000127774
3661.0	0.0004	ALDH16A1	ENSG00000161618
3661.0	0.0004	TRAPPC3L	ENSG00000173626
3661.0	0.0004	GANAB	ENSG00000089597
3661.0	0.0004	CD63	ENSG00000135404
3661.0	0.0004	OVCA2	ENSG00000262664
3661.0	0.0004	FPGT	ENSG00000254685
3661.0	0.0004	OLIG1	ENSG00000184221
3661.0	0.0004	TRNAU1AP	ENSG00000180098
3661.0	0.0004	EGR4	ENSG00000135625
3661.0	0.0004	TNFSF13B	ENSG00000102524
3661.0	0.0004	TRH	ENSG00000170893
3661.0	0.0004	EDEM3	ENSG00000116406
3661.0	0.0004	EEFSEC	ENSG00000132394
3661.0	0.0004	MMGT1	ENSG00000169446
3661.0	0.0004	EMC7	ENSG00000134153
3661.0	0.0004	BMPR1A	ENSG00000107779
3661.0	0.0004	GOPC	ENSG00000047932
3661.0	0.0004	ADGRG6	ENSG00000112414
3661.0	0.0004	MAST2	ENSG00000086015
3661.0	0.0004	PSTPIP2	ENSG00000152229
3661.0	0.0004	RAB5A	ENSG00000144566
3661.0	0.0004	SFXN4	ENSG00000183605
3661.0	0.0004	IMPG1	ENSG00000112706
3661.0	0.0004	RABAC1	ENSG00000105404
3661.0	0.0004	UNC5D	ENSG00000156687
3661.0	0.0004	GPNMB	ENSG00000136235
3661.0	0.0004	RPP30	ENSG00000148688
3661.0	0.0004	YIPF6	ENSG00000181704
3661.0	0.0004	PISD	ENSG00000241878
3661.0	0.0004	MRPL58	ENSG00000167862
3661.0	0.0004	GPM6A	ENSG00000150625
3661.0	0.0004	RFC3	ENSG00000133119
3661.0	0.0004	SLC30A5	ENSG00000145740
3661.0	0.0004	BTF3	ENSG00000145741
3661.0	0.0004	ZNF217	ENSG00000171940
3661.0	0.0004	CFTR	ENSG00000001626
3661.0	0.0004	SCN10A	ENSG00000185313
3661.0	0.0004	HOXA1	ENSG00000105991
3661.0	0.0004	FTH1	ENSG00000167996
3661.0	0.0004	RRAS	ENSG00000126458
3661.0	0.0004	SIX6	ENSG00000184302
3661.0	0.0004	MGAT4C	ENSG00000182050
3661.0	0.0004	FDXR	ENSG00000161513
3661.0	0.0004	HMX2	ENSG00000188816
3661.0	0.0004	HMX3	ENSG00000188620
3661.0	0.0004	MAN2A1	ENSG00000112893
3661.0	0.0004	KSR1	ENSG00000141068
3661.0	0.0004	SUGCT	ENSG00000175600
3661.0	0.0004	DRD1	ENSG00000184845
3661.0	0.0004	ABCD3	ENSG00000117528
3661.0	0.0004	CA10	ENSG00000154975
3661.0	0.0004	HOXC10	ENSG00000180818
3661.0	0.0004	GZMH	ENSG00000100450
3661.0	0.0004	EDEM1	ENSG00000134109
3661.0	0.0004	LEMD3	ENSG00000174106
3661.0	0.0004	HK2	ENSG00000159399
3661.0	0.0004	KDM4A	ENSG00000066135
3661.0	0.0004	HK3	ENSG00000160883
3661.0	0.0004	CTPS2	ENSG00000047230
3661.0	0.0004	SP1	ENSG00000185591
3661.0	0.0004	HKDC1	ENSG00000156510
3661.0	0.0004	RPP38	ENSG00000152464
3661.0	0.0004	IL4	ENSG00000113520
3661.0	0.0004	PURB	ENSG00000146676
3661.0	0.0004	SLC34A1	ENSG00000131183
3661.0	0.0004	TSPAN8	ENSG00000127324
3661.0	0.0004	IGFBP5	ENSG00000115461
3661.0	0.0004	RSPRY1	ENSG00000159579
3661.0	0.0004	LINC02875	ENSG00000187013
3661.0	0.0004	TUFM	ENSG00000178952
3661.0	0.0004	CRYZL1	ENSG00000205758
3661.0	0.0004	AHSG	ENSG00000145192
3661.0	0.0004	ITGB6	ENSG00000115221
3661.0	0.0004	POT1	ENSG00000128513
3661.0	0.0004	COMMD1	ENSG00000173163
3661.0	0.0004	ACSBG1	ENSG00000103740
3661.0	0.0004	LEF1	ENSG00000138795
3661.0	0.0004	MRPL53	ENSG00000204822
3661.0	0.0004	DHRS9	ENSG00000073737
3661.0	0.0004	CCS	ENSG00000173992
3661.0	0.0004	HAX1	ENSG00000143575
3661.0	0.0004	AP000322.53	ENSG00000243627
3661.0	0.0004	KCNE1	ENSG00000180509
3661.0	0.0004	TENT5A	ENSG00000112773
3661.0	0.0004	SLC30A7	ENSG00000162695
3661.0	0.0004	TSG101	ENSG00000074319
3661.0	0.0004	CDIPT	ENSG00000103502
3661.0	0.0004	IGF1R	ENSG00000140443
3661.0	0.0004	SLC30A6	ENSG00000152683
3661.0	0.0004	GMDS	ENSG00000112699
3661.0	0.0004	APPBP2	ENSG00000062725
3661.0	0.0004	CUL1	ENSG00000055130
3661.0	0.0004	N6AMT1	ENSG00000156239
3661.0	0.0004	RP11-178H8.3	ENSG00000255515
3661.0	0.0004	SORD	ENSG00000140263
3661.0	0.0004	HEMK1	ENSG00000114735
3661.0	0.0004	ADH5	ENSG00000197894
3661.0	0.0004	TECR	ENSG00000099797
3661.0	0.0004	SLC12A2	ENSG00000064651
3661.0	0.0004	KHK	ENSG00000138030
3661.0	0.0004	CHAF1B	ENSG00000159259
3661.0	0.0004	KSR2	ENSG00000171435
3661.0	0.0004	SLC39A1	ENSG00000143570
3661.0	0.0004	FAF1	ENSG00000185104
3661.0	0.0004	NAA11	ENSG00000156269
3661.0	0.0004	CACNA2D4	ENSG00000151062
3661.0	0.0004	PRKAA1	ENSG00000132356
3661.0	0.0004	CDC20	ENSG00000117399
3661.0	0.0004	GNPNAT1	ENSG00000100522
3661.0	0.0004	PRKAA2	ENSG00000162409
3661.0	0.0004	PHPT1	ENSG00000054148
3661.0	0.0004	MANEA	ENSG00000172469
3661.0	0.0004	CDH17	ENSG00000079112
3661.0	0.0004	ACE	ENSG00000159640
3661.0	0.0004	PGRMC1	ENSG00000101856
3661.0	0.0004	TNIP3	ENSG00000050730
3661.0	0.0004	CTSA	ENSG00000064601
3661.0	0.0004	PCDH10	ENSG00000138650
3661.0	0.0004	ARAF	ENSG00000078061
3661.0	0.0004	STN1	ENSG00000107960
3661.0	0.0004	CD55	ENSG00000196352
3661.0	0.0004	SUGP1	ENSG00000105705
3661.0	0.0004	PLPP7	ENSG00000160539
3661.0	0.0004	PES1	ENSG00000100029
3661.0	0.0004	ACE2	ENSG00000130234
3661.0	0.0004	GLUD2	ENSG00000182890
3661.0	0.0004	RNASE2	ENSG00000169385
3661.0	0.0004	SLC30A2	ENSG00000158014
3661.0	0.0004	SEC61B	ENSG00000106803
3661.0	0.0004	EBF1	ENSG00000164330
3661.0	0.0004	ATAD2B	ENSG00000119778
3661.0	0.0004	NR2F2	ENSG00000185551
3661.0	0.0004	PDSS1	ENSG00000148459
3661.0	0.0004	NR2E1	ENSG00000112333
3661.0	0.0004	SLC35E2B	ENSG00000189339
3661.0	0.0004	COQ6	ENSG00000119723
3661.0	0.0004	PMM1	ENSG00000100417
3661.0	0.0004	SBDS	ENSG00000126524
3661.0	0.0004	CD36	ENSG00000135218
3661.0	0.0004	VPS37C	ENSG00000167987
3661.0	0.0004	RBM27	ENSG00000091009
3661.0	0.0004	CCNA2	ENSG00000145386
3661.0	0.0004	THY1	ENSG00000154096
3661.0	0.0004	NFKB1	ENSG00000109320
3661.0	0.0004	RBM10	ENSG00000182872
3661.0	0.0004	KCNJ16	ENSG00000153822
3661.0	0.0004	RND2	ENSG00000108830
3661.0	0.0004	GAD2	ENSG00000136750
3661.0	0.0004	COQ8B	ENSG00000123815
3661.0	0.0004	NAA38	ENSG00000183011
3661.0	0.0004	ACAA2	ENSG00000167315
3661.0	0.0004	POP4	ENSG00000105171
3661.0	0.0004	FLNA	ENSG00000196924
3661.0	0.0004	HIRIP3	ENSG00000149929
3661.0	0.0004	SERPINF1	ENSG00000132386
3661.0	0.0004	CIZ1	ENSG00000148337
3661.0	0.0004	VPS52	ENSG00000223501
3661.0	0.0004	VAMP3	ENSG00000049245
3661.0	0.0004	AJUBA	ENSG00000129474
3661.0	0.0004	VAC14	ENSG00000103043
3661.0	0.0004	GABARAP	ENSG00000170296
3661.0	0.0004	THBS1	ENSG00000137801
3661.0	0.0004	SLC30A4	ENSG00000104154
3661.0	0.0004	COQ4	ENSG00000167113
3661.0	0.0004	CYC1	ENSG00000179091
3661.0	0.0004	LRRC7	ENSG00000033122
3661.0	0.0004	YARS2	ENSG00000139131
3661.0	0.0004	SLC26A7	ENSG00000147606
3661.0	0.0004	B4GALT6	ENSG00000118276
3661.0	0.0004	GSTA1	ENSG00000243955
3661.0	0.0004	DNAJC28	ENSG00000177692
3661.0	0.0004	GABARAPL1	ENSG00000139112
3661.0	0.0004	NCOR2	ENSG00000196498
3661.0	0.0004	WWP1	ENSG00000123124
3661.0	0.0004	LRP6	ENSG00000070018
3661.0	0.0004	PLXNB3	ENSG00000198753
3661.0	0.0004	CERS2	ENSG00000143418
3661.0	0.0004	BACH2	ENSG00000112182
3661.0	0.0004	CTSB	ENSG00000164733
3661.0	0.0004	TRIM45	ENSG00000134253
3661.0	0.0004	TBX19	ENSG00000143178
3661.0	0.0004	TBXT	ENSG00000164458
3661.0	0.0004	TLR8	ENSG00000101916
3661.0	0.0004	DPH6	ENSG00000134146
3661.0	0.0004	WDR7	ENSG00000091157
3661.0	0.0004	AMBRA1	ENSG00000110497
3661.0	0.0004	ARMS2	ENSG00000254636
3661.0	0.0004	ANXA8L1	ENSG00000150165
3661.0	0.0004	ANXA8L2	ENSG00000186807
3661.0	0.0004	AVEN	ENSG00000169857
3661.0	0.0004	MNX1	ENSG00000130675
3661.0	0.0004	NNT	ENSG00000112992
3661.0	0.0004	PLCL1	ENSG00000115896
3661.0	0.0004	TMEM97	ENSG00000109084
3661.0	0.0004	GABARAPL2	ENSG00000034713
3661.0	0.0004	BABAM1	ENSG00000105393
3661.0	0.0004	WASHC3	ENSG00000120860
3661.0	0.0004	RPP25	ENSG00000178718
3661.0	0.0004	KAT2A	ENSG00000108773
3661.0	0.0004	OSBPL5	ENSG00000021762
3661.0	0.0004	VPS28	ENSG00000160948
3661.0	0.0004	LZTR1	ENSG00000099949
3661.0	0.0004	MRAS	ENSG00000158186
3661.0	0.0004	RASA2	ENSG00000155903
3661.0	0.0004	RIT1	ENSG00000143622
3661.0	0.0004	RRAS2	ENSG00000133818
3661.0	0.0004	SOS1	ENSG00000115904
3661.0	0.0004	SOS2	ENSG00000100485
3661.0	0.0004	SPRED2	ENSG00000198369
3661.0	0.0004	POP5	ENSG00000167272
3661.0	0.0004	PIKFYVE	ENSG00000115020
3661.0	0.0004	CEP131	ENSG00000141577
3661.0	0.0004	NHP2	ENSG00000145912
3661.0	0.0004	AZIN1	ENSG00000155096
3661.0	0.0004	UEVLD	ENSG00000151116
3661.0	0.0004	NPAS3	ENSG00000151322
3661.0	0.0004	PKP4	ENSG00000144283
3661.0	0.0004	TRAK2	ENSG00000115993
3661.0	0.0004	BAALC	ENSG00000164929
3661.0	0.0004	NUB1	ENSG00000013374
3661.0	0.0004	WNK3	ENSG00000196632
3661.0	0.0004	NEU4	ENSG00000204099
3661.0	0.0004	SLC30A3	ENSG00000115194
3661.0	0.0004	SEC24D	ENSG00000150961
3661.0	0.0004	CACUL1	ENSG00000151893
3661.0	0.0004	RAB3A	ENSG00000105649
3661.0	0.0004	HYPK	ENSG00000242028
3661.0	0.0004	UAP1	ENSG00000117143
3661.0	0.0004	MYO5B	ENSG00000167306
3661.0	0.0004	MRAP2	ENSG00000135324
3661.0	0.0004	ITGAM	ENSG00000169896
3661.0	0.0004	INVS	ENSG00000119509
3661.0	0.0004	SLC39A2	ENSG00000165794
3661.0	0.0004	NOP10	ENSG00000182117
3661.0	0.0004	KDM5B	ENSG00000117139
3661.0	0.0004	NUDT19	ENSG00000213965
3661.0	0.0004	LDHC	ENSG00000166796
3661.0	0.0004	GAR1	ENSG00000109534
3661.0	0.0004	ACTR8	ENSG00000113812
3661.0	0.0004	GRHL2	ENSG00000083307
3661.0	0.0004	MVB12A	ENSG00000141971
3661.0	0.0004	TECRL	ENSG00000205678
3661.0	0.0004	FLG	ENSG00000143631
3661.0	0.0004	SPAG5	ENSG00000076382
3661.0	0.0004	HELT	ENSG00000187821
3661.0	0.0004	KYNU	ENSG00000115919
3661.0	0.0004	STYK1	ENSG00000060140
3661.0	0.0004	SLC35B3	ENSG00000124786
3661.0	0.0004	KANK1	ENSG00000107104
3661.0	0.0004	TMEM17	ENSG00000186889
3661.0	0.0004	FAM21B	ENSG00000152726
3661.0	0.0004	MTDH	ENSG00000147649
3661.0	0.0004	ADORA1	ENSG00000163485
3661.0	0.0004	OSGEPL1	ENSG00000128694
3661.0	0.0004	CHMP7	ENSG00000147457
3661.0	0.0004	TRAPPC6A	ENSG00000007255
3661.0	0.0004	CDH1	ENSG00000039068
3661.0	0.0004	MVB12B	ENSG00000196814
3661.0	0.0004	NT5M	ENSG00000205309
3661.0	0.0004	PLEKHA1	ENSG00000107679
3661.0	0.0004	LARGE2	ENSG00000165905
3661.0	0.0004	COQ3	ENSG00000132423
3661.0	0.0004	GALE	ENSG00000117308
3661.0	0.0004	KIF2C	ENSG00000142945
3661.0	0.0004	PRPSAP2	ENSG00000141127
3661.0	0.0004	RPP40	ENSG00000124787
3661.0	0.0004	MTF1	ENSG00000188786
3661.0	0.0004	ARHGAP10	ENSG00000071205
3661.0	0.0004	MCL1	ENSG00000143384
3661.0	0.0004	HCRTR2	ENSG00000137252
3661.0	0.0004	PFKFB3	ENSG00000170525
3661.0	0.0004	LDHB	ENSG00000111716
3661.0	0.0004	MAP2	ENSG00000078018
3661.0	0.0004	SLC29A1	ENSG00000112759
3661.0	0.0004	RBX1	ENSG00000100387
3661.0	0.0004	OVGP1	ENSG00000085465
3661.0	0.0004	EIF2S2	ENSG00000125977
3661.0	0.0004	SRSF11	ENSG00000116754
3661.0	0.0004	COL1A2	ENSG00000164692
3661.0	0.0004	PALS1	ENSG00000072415
3661.0	0.0004	AVP	ENSG00000101200
3661.0	0.0004	CCR5	ENSG00000160791
3661.0	0.0004	SLC30A1	ENSG00000170385
3661.0	0.0004	CD320	ENSG00000167775
3661.0	0.0004	AMOT	ENSG00000126016
3661.0	0.0004	SELP	ENSG00000174175
3661.0	0.0004	NAGK	ENSG00000124357
3661.0	0.0004	MGAT3	ENSG00000128268
3661.0	0.0004	RAPGEF5	ENSG00000136237
3661.0	0.0004	CREB1	ENSG00000118260
3661.0	0.0004	EIF2B4	ENSG00000115211
3661.0	0.0004	GOLGA3	ENSG00000090615
3661.0	0.0004	EIF2S1	ENSG00000134001
3661.0	0.0004	PPP1R3C	ENSG00000119938
3661.0	0.0004	PPARG	ENSG00000132170
3661.0	0.0004	GRHPR	ENSG00000137106
3661.0	0.0004	PDIA4	ENSG00000155660
3661.0	0.0004	PTPRC	ENSG00000081237
3661.0	0.0004	FTSJ1	ENSG00000068438
3661.0	0.0004	SLC6A13	ENSG00000010379
3661.0	0.0004	BMPR1B	ENSG00000138696
3661.0	0.0004	EPAS1	ENSG00000116016
3661.0	0.0004	GLRX3	ENSG00000108010
3661.0	0.0004	ARFGAP3	ENSG00000242247
3661.0	0.0004	SNRPE	ENSG00000182004
3661.0	0.0004	GPER1	ENSG00000164850
3661.0	0.0004	SLC22A4	ENSG00000197208
3661.0	0.0004	PROM1	ENSG00000007062
3661.0	0.0004	GTF2B	ENSG00000137947
3661.0	0.0004	MPZL1	ENSG00000197965
3661.0	0.0004	CAPZB	ENSG00000077549
3661.0	0.0004	CAPZA1	ENSG00000116489
3661.0	0.0004	UAP1L1	ENSG00000197355
3661.0	0.0004	MOCS3	ENSG00000124217
3661.0	0.0004	IRAK1	ENSG00000184216
3661.0	0.0004	NKX2-5	ENSG00000183072
3661.0	0.0004	MIPEP	ENSG00000027001
3661.0	0.0004	LRRC32	ENSG00000137507
3661.0	0.0004	CHRNB4	ENSG00000117971
3661.0	0.0004	WASHC2A	ENSG00000099290
3661.0	0.0004	NOG	ENSG00000183691
3661.0	0.0004	UBE2G2	ENSG00000184787
3661.0	0.0004	CTSK	ENSG00000143387
3661.0	0.0004	RRP1B	ENSG00000160208
3661.0	0.0004	CHRNA3	ENSG00000080644
3661.0	0.0004	PGM1	ENSG00000079739
3661.0	0.0004	GTF2H3	ENSG00000111358
3661.0	0.0004	SCARB1	ENSG00000073060
3661.0	0.0004	MAPK14	ENSG00000112062
3661.0	0.0004	HMGCS1	ENSG00000112972
3661.0	0.0004	ORAI1	ENSG00000182500
3661.0	0.0004	HMGCS2	ENSG00000134240
3661.0	0.0004	RB1CC1	ENSG00000023287
3661.0	0.0004	CLU	ENSG00000120885
3661.0	0.0004	UMPS	ENSG00000114491
3661.0	0.0004	CS	ENSG00000062485
3661.0	0.0004	FGF7	ENSG00000140285
3661.0	0.0004	PIGB	ENSG00000069943
3661.0	0.0004	HSD17B2	ENSG00000086696
3661.0	0.0004	YBX1	ENSG00000065978
3661.0	0.0004	WNK2	ENSG00000165238
3661.0	0.0004	UBE2G1	ENSG00000132388
3661.0	0.0004	ATP6V1B1	ENSG00000116039
3661.0	0.0004	MAFF	ENSG00000185022
3661.0	0.0004	ANXA6	ENSG00000197043
3661.0	0.0004	PDGFA	ENSG00000197461
3661.0	0.0004	SPI1	ENSG00000066336
3661.0	0.0004	MTA2	ENSG00000149480
3661.0	0.0004	CASP2	ENSG00000106144
3661.0	0.0004	SMAD1	ENSG00000170365
3661.0	0.0004	TIAL1	ENSG00000151923
3661.0	0.0004	RAB6C	ENSG00000222014
3661.0	0.0004	KPNA7	ENSG00000185467
3661.0	0.0004	RAB6A	ENSG00000175582
3661.0	0.0004	APOA2	ENSG00000158874
3661.0	0.0004	SLC39A11	ENSG00000133195
3661.0	0.0004	SHMT1	ENSG00000176974
3661.0	0.0004	UGCG	ENSG00000148154
3661.0	0.0004	ACLY	ENSG00000131473
3661.0	0.0004	SLC26A4	ENSG00000091137
3661.0	0.0004	MAFG	ENSG00000197063
3661.0	0.0004	CASP6	ENSG00000138794
3661.0	0.0004	GYS2	ENSG00000111713
3661.0	0.0004	GTF2H1	ENSG00000110768
3661.0	0.0004	E2F3	ENSG00000112242
3661.0	0.0004	TBR1	ENSG00000136535
3661.0	0.0004	GTPBP1	ENSG00000100226
3661.0	0.0004	STAC	ENSG00000144681
3661.0	0.0004	PARP1	ENSG00000143799
3661.0	0.0004	CHRNG	ENSG00000196811
3661.0	0.0004	PLXNA4	ENSG00000221866
3661.0	0.0004	PYGB	ENSG00000100994
3661.0	0.0004	CST3	ENSG00000101439
3661.0	0.0004	ZNF608	ENSG00000168916
3661.0	0.0004	RNF7	ENSG00000114125
3661.0	0.0004	GTF2E1	ENSG00000153767
3661.0	0.0004	PTGS2	ENSG00000073756
3661.0	0.0004	FOXI1	ENSG00000168269
3661.0	0.0004	PPARA	ENSG00000186951
3661.0	0.0004	PGM2	ENSG00000169299
3661.0	0.0004	FBXO39	ENSG00000177294
3661.0	0.0004	NFE2L1	ENSG00000082641
3661.0	0.0004	RAB27A	ENSG00000069974
3661.0	0.0004	SLC2A4	ENSG00000181856
3661.0	0.0004	GJB2	ENSG00000165474
3661.0	0.0004	NFE2L3	ENSG00000050344
3661.0	0.0004	CHMP4B	ENSG00000101421
3661.0	0.0004	ATP6V1E2	ENSG00000250565
3661.0	0.0004	LMO2	ENSG00000135363
3661.0	0.0004	SMAD2	ENSG00000175387
3661.0	0.0004	CHMP4A	ENSG00000254505
3661.0	0.0004	STX6	ENSG00000135823
3661.0	0.0004	DSTN	ENSG00000125868
3661.0	0.0004	NAF1	ENSG00000145414
3661.0	0.0004	GALK2	ENSG00000156958
3661.0	0.0004	FCHSD2	ENSG00000137478
3661.0	0.0004	UBE2I	ENSG00000103275
3661.0	0.0004	F5	ENSG00000198734
3661.0	0.0004	RER1	ENSG00000157916
3661.0	0.0004	IL6	ENSG00000136244
3661.0	0.0004	TRIM39-RPP21	ENSG00000248167
3661.0	0.0004	MMD	ENSG00000108960
3661.0	0.0004	KCNA5	ENSG00000130037
3661.0	0.0004	INPP4B	ENSG00000109452
3661.0	0.0004	TMPO	ENSG00000120802
3661.0	0.0004	PGAM2	ENSG00000164708
3661.0	0.0004	RUVBL2	ENSG00000183207
3661.0	0.0004	RPA1	ENSG00000132383
3661.0	0.0004	RPA3	ENSG00000106399
3661.0	0.0004	RPA2	ENSG00000117748
3661.0	0.0004	SIAH1	ENSG00000196470
3661.0	0.0004	G3BP2	ENSG00000138757
3661.0	0.0004	THOC1	ENSG00000079134
3661.0	0.0004	CRYBB2	ENSG00000244752
3661.0	0.0004	ZNF638	ENSG00000075292
3661.0	0.0004	PLIN3	ENSG00000105355
3661.0	0.0004	NUP153	ENSG00000124789
3661.0	0.0004	STARD3NL	ENSG00000010270
3661.0	0.0004	PLP2	ENSG00000102007
3661.0	0.0004	PGAM1	ENSG00000171314
3661.0	0.0004	BVES	ENSG00000112276
3661.0	0.0004	INSIG1	ENSG00000186480
3661.0	0.0004	ERVW-1	ENSG00000242950
3661.0	0.0004	SLC39A3	ENSG00000141873
3661.0	0.0004	GART	ENSG00000159131
3661.0	0.0004	IL1F10	ENSG00000136697
3661.0	0.0004	RTN4R	ENSG00000040608
3661.0	0.0004	BPGM	ENSG00000172331
3661.0	0.0004	MCM4	ENSG00000104738
3661.0	0.0004	GYG2	ENSG00000056998
3661.0	0.0004	BANF1	ENSG00000175334
3661.0	0.0004	ALPI	ENSG00000163295
3661.0	0.0004	MSL2	ENSG00000174579
3661.0	0.0004	USPL1	ENSG00000132952
3661.0	0.0004	CRYAA	ENSG00000160202
3661.0	0.0004	PAMR1	ENSG00000149090
3661.0	0.0004	CWC27	ENSG00000153015
3661.0	0.0004	BMP2	ENSG00000125845
3661.0	0.0004	UNC13B	ENSG00000198722
3661.0	0.0004	ENPP1	ENSG00000197594
3661.0	0.0004	DBF4	ENSG00000006634
3661.0	0.0004	RPA4	ENSG00000204086
3661.0	0.0004	ENPP3	ENSG00000154269
3661.0	0.0004	SFN	ENSG00000175793
3661.0	0.0004	MAGOH	ENSG00000162385
3661.0	0.0004	MGAT4A	ENSG00000071073
3661.0	0.0004	PRKRA	ENSG00000180228
3661.0	0.0004	YWHAH	ENSG00000128245
3661.0	0.0004	GALM	ENSG00000143891
3661.0	0.0004	YWHAQ	ENSG00000134308
3661.0	0.0004	NIPSNAP2	ENSG00000146729
3661.0	0.0004	APOD	ENSG00000189058
3661.0	0.0004	TAF8	ENSG00000137413
3661.0	0.0004	EGF	ENSG00000138798
3661.0	0.0004	ATP6V1C2	ENSG00000143882
3661.0	0.0004	CYP1A1	ENSG00000140465
3661.0	0.0004	IDH3A	ENSG00000166411
3661.0	0.0004	ATP6V1C1	ENSG00000155097
3661.0	0.0004	STMN4	ENSG00000015592
3661.0	0.0004	ALDH1B1	ENSG00000137124
3661.0	0.0004	SMARCC1	ENSG00000173473
3661.0	0.0004	ABCA1	ENSG00000165029
3661.0	0.0004	GABPA	ENSG00000154727
3661.0	0.0004	TFB2M	ENSG00000162851
3661.0	0.0004	LMAN2	ENSG00000169223
3661.0	0.0004	CDC7	ENSG00000097046
3661.0	0.0004	MGAT4B	ENSG00000161013
3661.0	0.0004	DMGDH	ENSG00000132837
3661.0	0.0004	TST	ENSG00000128311
3661.0	0.0004	MSL1	ENSG00000188895
3661.0	0.0004	SREBF2	ENSG00000198911
3661.0	0.0004	HOXA2	ENSG00000105996
3661.0	0.0004	COX17	ENSG00000138495
3661.0	0.0004	GID8	ENSG00000101193
3661.0	0.0004	SDCBP	ENSG00000137575
3661.0	0.0004	POLR3GL	ENSG00000121851
3661.0	0.0004	AMT	ENSG00000145020
3661.0	0.0004	POP7	ENSG00000172336
3661.0	0.0004	SLC30A10	ENSG00000196660
3661.0	0.0004	ITSN1	ENSG00000205726
3661.0	0.0004	MTMR7	ENSG00000003987
3661.0	0.0004	AKT2	ENSG00000105221
3661.0	0.0004	REC8	ENSG00000100918
3661.0	0.0004	SMAD5	ENSG00000113658
3661.0	0.0004	RAD21L1	ENSG00000244588
3661.0	0.0004	C1QB	ENSG00000173369
3661.0	0.0004	DECR1	ENSG00000104325
3661.0	0.0004	MCPH1	ENSG00000147316
3661.0	0.0004	SCAP	ENSG00000114650
3661.0	0.0004	BHLHE22	ENSG00000180828
3661.0	0.0004	CCKAR	ENSG00000163394
3661.0	0.0004	ALDH9A1	ENSG00000143149
3661.0	0.0004	FLOT2	ENSG00000132589
3661.0	0.0004	MTMR4	ENSG00000108389
3661.0	0.0004	SLC2A2	ENSG00000163581
3661.0	0.0004	RANBP9	ENSG00000010017
3661.0	0.0004	GRID2IP	ENSG00000215045
3661.0	0.0004	MAFK	ENSG00000198517
3661.0	0.0004	ALPP	ENSG00000163283
3661.0	0.0004	CHMP1B	ENSG00000255112
3661.0	0.0004	TSC22D1	ENSG00000102804
3661.0	0.0004	SLC22A2	ENSG00000112499
3661.0	0.0004	EPB41L3	ENSG00000082397
3661.0	0.0004	DVL2	ENSG00000004975
3661.0	0.0004	SFPQ	ENSG00000116560
3661.0	0.0004	GRIN2C	ENSG00000161509
3661.0	0.0004	SACM1L	ENSG00000211456
3661.0	0.0004	CTNNA1	ENSG00000044115
3661.0	0.0004	SLC31A2	ENSG00000136867
3661.0	0.0004	KIF18B	ENSG00000186185
3661.0	0.0004	RRP1	ENSG00000160214
3661.0	0.0004	USP20	ENSG00000136878
3661.0	0.0004	UPP1	ENSG00000183696
3661.0	0.0004	IST1	ENSG00000182149
3661.0	0.0004	CIITA	ENSG00000179583
3661.0	0.0004	PVALB	ENSG00000100362
3661.0	0.0004	PIH1D1	ENSG00000104872
3661.0	0.0004	TREH	ENSG00000118094
3661.0	0.0004	SGF29	ENSG00000176476
3661.0	0.0004	ATF2	ENSG00000115966
3661.0	0.0004	SP7	ENSG00000170374
3661.0	0.0004	TTC21B	ENSG00000123607
3661.0	0.0004	AMHR2	ENSG00000135409
3661.0	0.0004	KIT	ENSG00000157404
3661.0	0.0004	PDPR	ENSG00000090857
3661.0	0.0004	WDR19	ENSG00000157796
3661.0	0.0004	CTNNA3	ENSG00000183230
3661.0	0.0004	RP11-566F5.1	ENSG00000270294
3661.0	0.0004	XIAP	ENSG00000101966
3661.0	0.0004	XRCC6	ENSG00000196419
3661.0	0.0004	NANOG	ENSG00000111704
3661.0	0.0004	ALDH3A1	ENSG00000108602
3661.0	0.0004	DNAJC21	ENSG00000168724
3661.0	0.0004	PCBD1	ENSG00000166228
3661.0	0.0004	TJP1	ENSG00000104067
3661.0	0.0004	CRYGC	ENSG00000163254
3661.0	0.0004	HADH	ENSG00000138796
3661.0	0.0004	KITLG	ENSG00000049130
3661.0	0.0004	FLCN	ENSG00000154803
3661.0	0.0004	TXNL1	ENSG00000091164
3661.0	0.0004	TYRP1	ENSG00000107165
3661.0	0.0004	CIB1	ENSG00000185043
3661.0	0.0004	ACAT2	ENSG00000120437
3661.0	0.0004	PAX6	ENSG00000007372
3661.0	0.0004	RPL37	ENSG00000145592
3661.0	0.0004	PCK1	ENSG00000124253
3661.0	0.0004	HMGN2	ENSG00000198830
3661.0	0.0004	SYNM	ENSG00000182253
3661.0	0.0004	CDC6	ENSG00000094804
3661.0	0.0004	RANBP10	ENSG00000141084
3661.0	0.0004	MOK	ENSG00000080823
3661.0	0.0004	RPL7A	ENSG00000148303
3661.0	0.0004	STING1	ENSG00000184584
3661.0	0.0004	ITGA1	ENSG00000213949
3661.0	0.0004	ACSL1	ENSG00000151726
3661.0	0.0004	ACSL5	ENSG00000197142
3661.0	0.0004	LRRK1	ENSG00000154237
3661.0	0.0004	RAD1	ENSG00000113456
3661.0	0.0004	ARPC2	ENSG00000163466
3661.0	0.0004	MRM1	ENSG00000129282
3661.0	0.0004	ARPC3	ENSG00000111229
3661.0	0.0004	RARB	ENSG00000077092
3661.0	0.0004	PTPRN	ENSG00000054356
3661.0	0.0004	IFT122	ENSG00000163913
3661.0	0.0004	SLC16A8	ENSG00000100156
3661.0	0.0004	ACSL3	ENSG00000123983
3661.0	0.0004	ACSBG2	ENSG00000130377
3661.0	0.0004	MCEE	ENSG00000124370
3661.0	0.0004	IL4I1	ENSG00000104951
3661.0	0.0004	ACTR2	ENSG00000138071
3661.0	0.0004	NINL	ENSG00000101004
3661.0	0.0004	AP3B1	ENSG00000132842
3661.0	0.0004	ACSL6	ENSG00000164398
3661.0	0.0004	B4GALT2	ENSG00000117411
3661.0	0.0004	TFAM	ENSG00000108064
3661.0	0.0004	CKMT1A	ENSG00000223572
3661.0	0.0004	CKMT1B	ENSG00000237289
3661.0	0.0004	POLE3	ENSG00000148229
3661.0	0.0004	AGXT	ENSG00000172482
3661.0	0.0004	DRAP1	ENSG00000175550
3661.0	0.0004	POLD1	ENSG00000062822
3661.0	0.0004	CHRNA5	ENSG00000169684
3661.0	0.0004	ACAA1	ENSG00000060971
3661.0	0.0004	ANXA7	ENSG00000138279
3661.0	0.0004	ACTR3	ENSG00000115091
3661.0	0.0004	PPP1R3B	ENSG00000173281
3661.0	0.0004	KLF5	ENSG00000102554
3661.0	0.0004	TNFRSF1B	ENSG00000028137
3661.0	0.0004	CKMT2	ENSG00000131730
3661.0	0.0004	MAN2A2	ENSG00000196547
3661.0	0.0004	PRKG2	ENSG00000138669
3661.0	0.0004	CYP1A2	ENSG00000140505
3661.0	0.0004	IFT52	ENSG00000101052
3661.0	0.0004	MAPK8	ENSG00000107643
3661.0	0.0004	ARPC5	ENSG00000162704
3661.0	0.0004	EHHADH	ENSG00000113790
3661.0	0.0004	SMC2	ENSG00000136824
3661.0	0.0004	ENTPD1	ENSG00000138185
3661.0	0.0004	SMC4	ENSG00000113810
3661.0	0.0004	HNRNPA1L2	ENSG00000139675
3661.0	0.0004	NUP88	ENSG00000108559
3661.0	0.0004	SDS	ENSG00000135094
3661.0	0.0004	SCFD1	ENSG00000092108
3661.0	0.0004	AP3S1	ENSG00000177879
3661.0	0.0004	ECSIT	ENSG00000130159
3661.0	0.0004	LUC7L	ENSG00000007392
3661.0	0.0004	EPB41	ENSG00000159023
3661.0	0.0004	CHRNA6	ENSG00000147434
3661.0	0.0004	ARPC1B	ENSG00000130429
3661.0	0.0004	ASPSCR1	ENSG00000169696
3661.0	0.0004	CDK7	ENSG00000134058
3661.0	0.0004	PITX2	ENSG00000164093
3661.0	0.0004	SARS2	ENSG00000104835
3661.0	0.0004	CHRNB3	ENSG00000147432
3661.0	0.0004	HNRNPUL2	ENSG00000214753
3661.0	0.0004	SUMO1	ENSG00000116030
3661.0	0.0004	LRPAP1	ENSG00000163956
3661.0	0.0004	DHODH	ENSG00000102967
3661.0	0.0004	GUCA1A	ENSG00000048545
3661.0	0.0004	SASS6	ENSG00000156876
3661.0	0.0004	KAT14	ENSG00000149474
3661.0	0.0004	CBS	ENSG00000160200
3661.0	0.0004	KDR	ENSG00000128052
3661.0	0.0004	MSMO1	ENSG00000052802
3661.0	0.0004	KCNMB3	ENSG00000171121
3661.0	0.0004	BYSL	ENSG00000112578
3661.0	0.0004	SNRPD1	ENSG00000167088
3661.0	0.0004	VAMP4	ENSG00000117533
3661.0	0.0004	NIP7	ENSG00000132603
3661.0	0.0004	NES	ENSG00000132688
3661.0	0.0004	UBE2D1	ENSG00000072401
3661.0	0.0004	SRR	ENSG00000167720
3661.0	0.0004	SDSL	ENSG00000139410
3661.0	0.0004	MRPL11	ENSG00000174547
3661.0	0.0004	LTBP4	ENSG00000090006
3661.0	0.0004	GUCA1B	ENSG00000112599
3661.0	0.0004	PAK2	ENSG00000180370
3661.0	0.0004	NSMCE2	ENSG00000156831
3661.0	0.0004	HSF4	ENSG00000102878
3661.0	0.0004	JAK2	ENSG00000096968
3661.0	0.0004	TSPAN16	ENSG00000130167
3661.0	0.0004	SALL1	ENSG00000103449
3661.0	0.0004	ALG1L1P	ENSG00000189366
3661.0	0.0004	GSC	ENSG00000133937
3661.0	0.0004	JUP	ENSG00000173801
3661.0	0.0004	PRCC	ENSG00000143294
3661.0	0.0004	LALBA	ENSG00000167531
13920.0	0.0003	MRPS12	ENSG00000128626
13920.0	0.0003	SNU13	ENSG00000100138
13920.0	0.0003	COL1A1	ENSG00000108821
13920.0	0.0003	AP3S2	ENSG00000157823
13920.0	0.0003	REV3L	ENSG00000009413
13920.0	0.0003	ARPC5L	ENSG00000136950
13920.0	0.0003	SPRTN	ENSG00000010072
13920.0	0.0003	SCNN1G	ENSG00000166828
13920.0	0.0003	NPC1L1	ENSG00000015520
13920.0	0.0003	CELSR3	ENSG00000008300
13920.0	0.0003	IPO8	ENSG00000133704
13920.0	0.0003	RAB6B	ENSG00000154917
13920.0	0.0003	PAPSS1	ENSG00000138801
13920.0	0.0003	CRB2	ENSG00000148204
13920.0	0.0003	MGAT5	ENSG00000152127
13920.0	0.0003	CCNE1	ENSG00000105173
13920.0	0.0003	SQOR	ENSG00000137767
13920.0	0.0003	PPIF	ENSG00000108179
13920.0	0.0003	A1CF	ENSG00000148584
13920.0	0.0003	RAB41	ENSG00000147127
13920.0	0.0003	DLGAP2	ENSG00000198010
13920.0	0.0003	TIMM10B	ENSG00000132286
13920.0	0.0003	VPS26A	ENSG00000122958
13920.0	0.0003	TYR	ENSG00000077498
13920.0	0.0003	WDR83	ENSG00000123154
13920.0	0.0003	LRRC3B	ENSG00000179796
13920.0	0.0003	UBE2D3	ENSG00000109332
13920.0	0.0003	SCN4B	ENSG00000177098
13920.0	0.0003	TIMM10	ENSG00000134809
13920.0	0.0003	NDUFAF7	ENSG00000003509
13920.0	0.0003	RHOJ	ENSG00000126785
13920.0	0.0003	FBXO4	ENSG00000151876
13920.0	0.0003	HSPB6	ENSG00000004776
13920.0	0.0003	SCNN1A	ENSG00000111319
13920.0	0.0003	GFPT2	ENSG00000131459
13920.0	0.0003	CHD4	ENSG00000111642
13920.0	0.0003	PAPSS2	ENSG00000198682
13920.0	0.0003	POLM	ENSG00000122678
13920.0	0.0003	XDH	ENSG00000158125
13920.0	0.0003	CNTN4	ENSG00000144619
13920.0	0.0003	WDR35	ENSG00000118965
13920.0	0.0003	PRKCA	ENSG00000154229
13920.0	0.0003	NCAPH	ENSG00000121152
13920.0	0.0003	IK	ENSG00000113141
13920.0	0.0003	AOX1	ENSG00000138356
13920.0	0.0003	NCAPG	ENSG00000109805
13920.0	0.0003	HAO2	ENSG00000116882
13920.0	0.0003	CASP9	ENSG00000132906
13920.0	0.0003	GDF5	ENSG00000125965
13920.0	0.0003	DCLRE1C	ENSG00000152457
13920.0	0.0003	H2AZ1	ENSG00000164032
13920.0	0.0003	VPS26B	ENSG00000151502
13920.0	0.0003	SUMO2	ENSG00000188612
13920.0	0.0003	PPP1R8	ENSG00000117751
13920.0	0.0003	MPP4	ENSG00000082126
13920.0	0.0003	APEX2	ENSG00000169188
13920.0	0.0003	ACTG1	ENSG00000184009
13920.0	0.0003	TLX1	ENSG00000107807
13920.0	0.0003	HSF1	ENSG00000185122
13920.0	0.0003	NUP43	ENSG00000120253
13920.0	0.0003	TADA2A	ENSG00000108264
13920.0	0.0003	TIMM44	ENSG00000104980
13920.0	0.0003	NCAPD2	ENSG00000010292
13920.0	0.0003	SUZ12	ENSG00000178691
13920.0	0.0003	MITF	ENSG00000187098
13920.0	0.0003	RBM42	ENSG00000126254
13920.0	0.0003	RTN1	ENSG00000139970
13920.0	0.0003	IL5RA	ENSG00000091181
13920.0	0.0003	EPHB1	ENSG00000154928
13920.0	0.0003	UBE2M	ENSG00000130725
13920.0	0.0003	ARPC1A	ENSG00000241685
13920.0	0.0003	ARPC4-TTLL3	ENSG00000250151
13920.0	0.0003	DDX5	ENSG00000108654
13920.0	0.0003	CPT1B	ENSG00000205560
13920.0	0.0003	SGCA	ENSG00000108823
13920.0	0.0003	RPL12	ENSG00000197958
13920.0	0.0003	SSNA1	ENSG00000176101
13920.0	0.0003	GTPBP4	ENSG00000107937
13920.0	0.0003	SMU1	ENSG00000122692
13920.0	0.0003	ARMC8	ENSG00000114098
13920.0	0.0003	TSPAN4	ENSG00000214063
13920.0	0.0003	AP3M1	ENSG00000185009
13920.0	0.0003	MEOX2	ENSG00000106511
13920.0	0.0003	TIMM17A	ENSG00000134375
13920.0	0.0003	NAA50	ENSG00000121579
13920.0	0.0003	APOB	ENSG00000084674
13920.0	0.0003	USP11	ENSG00000102226
13920.0	0.0003	RBBP8	ENSG00000101773
13920.0	0.0003	SF3B3	ENSG00000189091
13920.0	0.0003	COX15	ENSG00000014919
13920.0	0.0003	MAP3K3	ENSG00000198909
13920.0	0.0003	PRKCE	ENSG00000171132
13920.0	0.0003	H2AZ2	ENSG00000105968
13920.0	0.0003	GLI1	ENSG00000111087
13920.0	0.0003	ROCK2	ENSG00000134318
13920.0	0.0003	GPC1	ENSG00000063660
13920.0	0.0003	SCAMP2	ENSG00000140497
13920.0	0.0003	FOXE3	ENSG00000186790
13920.0	0.0003	FLVCR2	ENSG00000119686
13920.0	0.0003	DR1	ENSG00000117505
13920.0	0.0003	RPS23	ENSG00000186468
13920.0	0.0003	MYH7B	ENSG00000078814
13920.0	0.0003	GPC4	ENSG00000076716
13920.0	0.0003	GPC6	ENSG00000183098
13920.0	0.0003	FGFR2	ENSG00000066468
13920.0	0.0003	TWIST1	ENSG00000122691
13920.0	0.0003	CRYBB3	ENSG00000100053
13920.0	0.0003	GPC2	ENSG00000213420
13920.0	0.0003	ENAM	ENSG00000132464
13920.0	0.0003	LCAT	ENSG00000213398
13920.0	0.0003	MAPK1IP1L	ENSG00000168175
13920.0	0.0003	TCEAL4	ENSG00000133142
13920.0	0.0003	MIXL1	ENSG00000185155
13920.0	0.0003	UFSP1	ENSG00000176125
13920.0	0.0003	HSD17B12	ENSG00000149084
13920.0	0.0003	GRIK5	ENSG00000105737
13920.0	0.0003	CEBPD	ENSG00000221869
13920.0	0.0003	BIRC2	ENSG00000110330
13920.0	0.0003	VDAC2	ENSG00000165637
13920.0	0.0003	AEBP2	ENSG00000139154
13920.0	0.0003	APEX1	ENSG00000100823
13920.0	0.0003	BUD13	ENSG00000137656
13920.0	0.0003	TIMM21	ENSG00000075336
13920.0	0.0003	PGP	ENSG00000184207
13920.0	0.0003	EPHB3	ENSG00000182580
13920.0	0.0003	GABRA6	ENSG00000145863
13920.0	0.0003	SLU7	ENSG00000164609
13920.0	0.0003	VDAC3	ENSG00000078668
13920.0	0.0003	H4C11	ENSG00000197238
13920.0	0.0003	GABRA4	ENSG00000109158
13920.0	0.0003	RELA	ENSG00000173039
13920.0	0.0003	ITGB4	ENSG00000132470
13920.0	0.0003	CDC5L	ENSG00000096401
13920.0	0.0003	ITGA6	ENSG00000091409
13920.0	0.0003	GRPEL1	ENSG00000109519
13920.0	0.0003	TRAF6	ENSG00000175104
13920.0	0.0003	AHR	ENSG00000106546
13920.0	0.0003	ANGPT1	ENSG00000154188
13920.0	0.0003	ZNF687	ENSG00000143373
13920.0	0.0003	IFT46	ENSG00000118096
13920.0	0.0003	SYVN1	ENSG00000162298
13920.0	0.0003	GLO1	ENSG00000124767
13920.0	0.0003	DDX54	ENSG00000123064
13920.0	0.0003	ACOX3	ENSG00000087008
13920.0	0.0003	GRPEL2	ENSG00000164284
13920.0	0.0003	AP3M2	ENSG00000070718
13920.0	0.0003	TPO	ENSG00000115705
13920.0	0.0003	INSR	ENSG00000171105
13920.0	0.0003	MICAL3	ENSG00000243156
13920.0	0.0003	MICAL2	ENSG00000133816
13920.0	0.0003	SRPK1	ENSG00000096063
13920.0	0.0003	GUK1	ENSG00000143774
13920.0	0.0003	GPR22	ENSG00000172209
13920.0	0.0003	NPAS4	ENSG00000174576
13920.0	0.0003	MAML1	ENSG00000161021
13920.0	0.0003	THOC5	ENSG00000100296
13920.0	0.0003	FYN	ENSG00000010810
13920.0	0.0003	PAM16	ENSG00000217930
13920.0	0.0003	WDR77	ENSG00000116455
13920.0	0.0003	GRK6	ENSG00000198055
13920.0	0.0003	FDX1	ENSG00000137714
13920.0	0.0003	AP1G2	ENSG00000213983
13920.0	0.0003	AP2B1	ENSG00000006125
13920.0	0.0003	NGFR	ENSG00000064300
13920.0	0.0003	SLC23A2	ENSG00000089057
13920.0	0.0003	SLC23A1	ENSG00000170482
13920.0	0.0003	HEY1	ENSG00000164683
13920.0	0.0003	TCEAL2	ENSG00000184905
13920.0	0.0003	DLK1	ENSG00000185559
13920.0	0.0003	RTL1	ENSG00000254656
13920.0	0.0003	SAP130	ENSG00000136715
13920.0	0.0003	SQLE	ENSG00000104549
13920.0	0.0003	HSPA4	ENSG00000170606
13920.0	0.0003	CNTN6	ENSG00000134115
13920.0	0.0003	AP1B1	ENSG00000100280
13920.0	0.0003	RAPGEF4	ENSG00000091428
13920.0	0.0003	RCVRN	ENSG00000109047
13920.0	0.0003	MAML2	ENSG00000184384
13920.0	0.0003	CYP7A1	ENSG00000167910
13920.0	0.0003	AMBN	ENSG00000178522
13920.0	0.0003	FOXA2	ENSG00000125798
13920.0	0.0003	EEA1	ENSG00000102189
13920.0	0.0003	RAPGEF3	ENSG00000079337
13920.0	0.0003	NRG1	ENSG00000157168
13920.0	0.0003	RASD1	ENSG00000108551
13920.0	0.0003	NPHS1	ENSG00000161270
13920.0	0.0003	WIPI1	ENSG00000070540
13920.0	0.0003	MT-CYB	ENSG00000198727
13920.0	0.0003	MYT1	ENSG00000196132
13920.0	0.0003	CYP1B1	ENSG00000138061
13920.0	0.0003	ADRA1D	ENSG00000171873
13920.0	0.0003	POU3F1	ENSG00000185668
13920.0	0.0003	NAAA	ENSG00000138744
13920.0	0.0003	CHL1	ENSG00000134121
13920.0	0.0003	SPTLC3	ENSG00000172296
13920.0	0.0003	REN	ENSG00000143839
13920.0	0.0003	HES1	ENSG00000114315
13920.0	0.0003	CBR1	ENSG00000159228
13920.0	0.0003	CCNB1	ENSG00000134057
13920.0	0.0003	DLST	ENSG00000119689
13920.0	0.0003	SELENBP1	ENSG00000143416
13920.0	0.0003	ETV3	ENSG00000117036
13920.0	0.0003	OMG	ENSG00000126861
13920.0	0.0003	GGA2	ENSG00000103365
13920.0	0.0003	NBL1	ENSG00000158747
13920.0	0.0003	FDFT1	ENSG00000079459
13920.0	0.0003	SDC2	ENSG00000169439
13920.0	0.0003	MLIP	ENSG00000146147
13920.0	0.0003	DTNBP1	ENSG00000047579
13920.0	0.0003	BOC	ENSG00000144857
13920.0	0.0003	ERAL1	ENSG00000132591
13920.0	0.0003	FAAH2	ENSG00000165591
13920.0	0.0003	RHOB	ENSG00000143878
13920.0	0.0003	SPRYD3	ENSG00000167778
13920.0	0.0003	SCO1	ENSG00000133028
13920.0	0.0003	TK1	ENSG00000167900
13920.0	0.0003	CH25H	ENSG00000138135
13920.0	0.0003	RHOC	ENSG00000155366
13920.0	0.0003	SS18	ENSG00000141380
13920.0	0.0003	SUMO4	ENSG00000177688
13920.0	0.0003	COQ10A	ENSG00000135469
13920.0	0.0003	COQ10B	ENSG00000115520
13920.0	0.0003	NFATC2IP	ENSG00000176953
13920.0	0.0003	GATB	ENSG00000059691
13920.0	0.0003	CRYBB1	ENSG00000100122
13920.0	0.0003	ADIPOQ	ENSG00000181092
13920.0	0.0003	ACTR3B	ENSG00000133627
13920.0	0.0003	VAMP7	ENSG00000124333
13920.0	0.0003	TRIM56	ENSG00000169871
13920.0	0.0003	RB1	ENSG00000139687
13920.0	0.0003	NEDD9	ENSG00000111859
13920.0	0.0003	PIAS4	ENSG00000105229
13920.0	0.0003	SVIL	ENSG00000197321
13920.0	0.0003	SUMO3	ENSG00000184900
13920.0	0.0003	GATA4	ENSG00000136574
13920.0	0.0003	TREM1	ENSG00000124731
13920.0	0.0003	ABI2	ENSG00000138443
13920.0	0.0003	PHF12	ENSG00000109118
13920.0	0.0003	AMIGO3	ENSG00000176020
13920.0	0.0003	CHIA	ENSG00000134216
13920.0	0.0003	IFT43	ENSG00000119650
13920.0	0.0003	IFT25	ENSG00000081870
13920.0	0.0003	IL1B	ENSG00000125538
13920.0	0.0003	UQCRB	ENSG00000156467
13920.0	0.0003	NSUN4	ENSG00000117481
13920.0	0.0003	ACTR3C	ENSG00000106526
13920.0	0.0003	OTOG	ENSG00000188162
13920.0	0.0003	CRB3	ENSG00000130545
13920.0	0.0003	SCNN1B	ENSG00000168447
13920.0	0.0003	IL11RA	ENSG00000137070
13920.0	0.0003	ALAS1	ENSG00000023330
13920.0	0.0003	AGXT2	ENSG00000113492
13920.0	0.0003	MTRF1	ENSG00000120662
13920.0	0.0003	ALAS2	ENSG00000158578
13920.0	0.0003	CNTN3	ENSG00000113805
13920.0	0.0003	ARSK	ENSG00000164291
13920.0	0.0003	IFT80	ENSG00000068885
13920.0	0.0003	RP11-432B6.3	ENSG00000248710
13920.0	0.0003	GABRG3	ENSG00000182256
13920.0	0.0003	GRK5	ENSG00000198873
13920.0	0.0003	ALDH1A2	ENSG00000128918
13920.0	0.0003	TBC1D5	ENSG00000131374
13920.0	0.0003	BCAP29	ENSG00000075790
13920.0	0.0003	ARHGDIA	ENSG00000141522
13920.0	0.0003	MTRF1L	ENSG00000112031
13920.0	0.0003	CHST7	ENSG00000147119
13920.0	0.0003	HSPA12A	ENSG00000165868
13920.0	0.0003	HSPE1	ENSG00000115541
13920.0	0.0003	ARSI	ENSG00000183876
13920.0	0.0003	USP24	ENSG00000162402
13920.0	0.0003	SGSM3	ENSG00000100359
13920.0	0.0003	MRGBP	ENSG00000101189
13920.0	0.0003	ARSF	ENSG00000062096
13920.0	0.0003	ELMO2	ENSG00000062598
13920.0	0.0003	ARSL	ENSG00000157399
13920.0	0.0003	STX5	ENSG00000162236
13920.0	0.0003	ARSJ	ENSG00000180801
13920.0	0.0003	GCAT	ENSG00000100116
13920.0	0.0003	NOP2	ENSG00000111641
13920.0	0.0003	SNRNP200	ENSG00000144028
13920.0	0.0003	ARNT	ENSG00000143437
13920.0	0.0003	CYLD	ENSG00000083799
13920.0	0.0003	CTH	ENSG00000116761
13920.0	0.0003	CYP26A1	ENSG00000095596
13920.0	0.0003	ARSD	ENSG00000006756
13920.0	0.0003	PEX11A	ENSG00000166821
13920.0	0.0003	A4GALT	ENSG00000128274
13920.0	0.0003	EIF4A3	ENSG00000141543
13920.0	0.0003	PICK1	ENSG00000100151
13920.0	0.0003	GRB2	ENSG00000177885
13920.0	0.0003	WIPI2	ENSG00000157954
13920.0	0.0003	ANAPC11	ENSG00000141552
13920.0	0.0003	INA	ENSG00000148798
13920.0	0.0003	ZNF496	ENSG00000162714
13920.0	0.0003	TOP1MT	ENSG00000184428
13920.0	0.0003	QRSL1	ENSG00000130348
13920.0	0.0003	GJD3	ENSG00000183153
13920.0	0.0003	VPS29	ENSG00000111237
13920.0	0.0003	NCL	ENSG00000115053
13920.0	0.0003	MFAP1	ENSG00000140259
13920.0	0.0003	CDC34	ENSG00000099804
13920.0	0.0003	NCSTN	ENSG00000162736
13920.0	0.0003	CBLN3	ENSG00000139899
13920.0	0.0003	SDR42E1	ENSG00000184860
13920.0	0.0003	DNAJB1	ENSG00000132002
13920.0	0.0003	UBE2E1	ENSG00000170142
13920.0	0.0003	HIF3A	ENSG00000124440
13920.0	0.0003	SYK	ENSG00000165025
13920.0	0.0003	IFT57	ENSG00000114446
13920.0	0.0003	UBE2R2	ENSG00000107341
13920.0	0.0003	POLB	ENSG00000070501
13920.0	0.0003	TIMM22	ENSG00000177370
13920.0	0.0003	RCOR3	ENSG00000117625
13920.0	0.0003	MOGS	ENSG00000115275
13920.0	0.0003	SLC9A9	ENSG00000181804
13920.0	0.0003	URM1	ENSG00000167118
13920.0	0.0003	GSK3B	ENSG00000082701
13920.0	0.0003	PIPOX	ENSG00000179761
13920.0	0.0003	BLID	ENSG00000259571
13920.0	0.0003	COX19	ENSG00000240230
13920.0	0.0003	CPT2	ENSG00000157184
13920.0	0.0003	SLC25A37	ENSG00000147454
13920.0	0.0003	UQCRC1	ENSG00000010256
13920.0	0.0003	SURF4	ENSG00000148248
13920.0	0.0003	AP5B1	ENSG00000254470
13920.0	0.0003	ANK1	ENSG00000029534
13920.0	0.0003	AP5S1	ENSG00000125843
13920.0	0.0003	ERG28	ENSG00000133935
13920.0	0.0003	SLC9B2	ENSG00000164038
13920.0	0.0003	UGT8	ENSG00000174607
13920.0	0.0003	GTF2F2	ENSG00000188342
13920.0	0.0003	ELMO3	ENSG00000102890
13920.0	0.0003	HSPA14	ENSG00000187522
13920.0	0.0003	G3BP1	ENSG00000145907
13920.0	0.0003	WAS	ENSG00000015285
13920.0	0.0003	CYP46A1	ENSG00000036530
13920.0	0.0003	HSPA12B	ENSG00000132622
13920.0	0.0003	PRKACA	ENSG00000072062
13920.0	0.0003	DMAP1	ENSG00000178028
13920.0	0.0003	EIF4E	ENSG00000151247
13920.0	0.0003	TBX4	ENSG00000121075
13920.0	0.0003	PRKACB	ENSG00000142875
13920.0	0.0003	SLC30A8	ENSG00000164756
13920.0	0.0003	PRKACG	ENSG00000165059
13920.0	0.0003	SEMA6D	ENSG00000137872
13920.0	0.0003	PLCG2	ENSG00000197943
13920.0	0.0003	HPD	ENSG00000158104
13920.0	0.0003	PLCG1	ENSG00000124181
13920.0	0.0003	TLR2	ENSG00000137462
13920.0	0.0003	SLC25A28	ENSG00000155287
13920.0	0.0003	PDE6A	ENSG00000132915
13920.0	0.0003	MEAF6	ENSG00000163875
13920.0	0.0003	PLCB2	ENSG00000137841
13920.0	0.0003	ARHGEF1	ENSG00000076928
13920.0	0.0003	PLCB3	ENSG00000149782
13920.0	0.0003	LCP2	ENSG00000043462
13920.0	0.0003	ADCY10	ENSG00000143199
13920.0	0.0003	CUX1	ENSG00000257923
13920.0	0.0003	GRAP2	ENSG00000100351
13920.0	0.0003	BHMT	ENSG00000145692
13920.0	0.0003	PLCD3	ENSG00000161714
13920.0	0.0003	MTHFD2	ENSG00000065911
13920.0	0.0003	PLCD1	ENSG00000187091
13920.0	0.0003	PLCD4	ENSG00000115556
13920.0	0.0003	PLCZ1	ENSG00000139151
13920.0	0.0003	AP1M1	ENSG00000072958
13920.0	0.0003	SCGB1A1	ENSG00000149021
13920.0	0.0003	CCNT1	ENSG00000129315
13920.0	0.0003	SF3B2	ENSG00000087365
13920.0	0.0003	SURF2	ENSG00000148291
13920.0	0.0003	AP5M1	ENSG00000053770
13920.0	0.0003	NXF1	ENSG00000162231
13920.0	0.0003	PIK3CB	ENSG00000051382
13920.0	0.0003	MTHFD2L	ENSG00000163738
13920.0	0.0003	CNST	ENSG00000162852
13920.0	0.0003	HSPA6	ENSG00000173110
13920.0	0.0003	CXCL14	ENSG00000145824
13920.0	0.0003	HSPA4L	ENSG00000164070
13920.0	0.0003	MRPS9	ENSG00000135972
13920.0	0.0003	FTCD	ENSG00000160282
13920.0	0.0003	ADCK2	ENSG00000133597
13920.0	0.0003	P4HA2	ENSG00000072682
13920.0	0.0003	PTPN22	ENSG00000134242
13920.0	0.0003	MRPS10	ENSG00000048544
13920.0	0.0003	UBE2N	ENSG00000177889
13920.0	0.0003	APOA5	ENSG00000110243
13920.0	0.0003	PIGR	ENSG00000162896
13920.0	0.0003	TUBA4A	ENSG00000127824
13920.0	0.0003	TM7SF2	ENSG00000149809
13920.0	0.0003	HSPA2	ENSG00000126803
13920.0	0.0003	HOXA10	ENSG00000253293
13920.0	0.0003	HSPH1	ENSG00000120694
13920.0	0.0003	YPEL5	ENSG00000119801
13920.0	0.0003	SMC6	ENSG00000163029
13920.0	0.0003	RPN2	ENSG00000118705
13920.0	0.0003	AP1S1	ENSG00000106367
13920.0	0.0003	BSG	ENSG00000172270
13920.0	0.0003	HSPA13	ENSG00000155304
13920.0	0.0003	AP2S1	ENSG00000042753
13920.0	0.0003	IPO4	ENSG00000196497
13920.0	0.0003	TRPM4	ENSG00000130529
13920.0	0.0003	DHFR2	ENSG00000178700
13920.0	0.0003	HIBADH	ENSG00000106049
13920.0	0.0003	DAD1	ENSG00000129562
13920.0	0.0003	INPP5J	ENSG00000185133
13920.0	0.0003	IPMK	ENSG00000151151
13920.0	0.0003	EPC1	ENSG00000120616
13920.0	0.0003	EIF4G1	ENSG00000114867
13920.0	0.0003	MEMO1	ENSG00000162959
13920.0	0.0003	DAP3	ENSG00000132676
13920.0	0.0003	GOSR1	ENSG00000108587
13920.0	0.0003	RPN1	ENSG00000163902
13920.0	0.0003	HSD3B7	ENSG00000099377
13920.0	0.0003	NPLOC4	ENSG00000182446
13920.0	0.0003	TUBA1C	ENSG00000167553
13920.0	0.0003	IRAK2	ENSG00000134070
13920.0	0.0003	EFL1	ENSG00000140598
13920.0	0.0003	SRP54	ENSG00000100883
13920.0	0.0003	EPC2	ENSG00000135999
13920.0	0.0003	GNA13	ENSG00000120063
13920.0	0.0003	AXL	ENSG00000167601
13920.0	0.0003	NRF1	ENSG00000106459
13920.0	0.0003	EID3	ENSG00000255150
13920.0	0.0003	TUBA1B	ENSG00000123416
13920.0	0.0003	MTERF3	ENSG00000156469
13920.0	0.0003	POLR2E	ENSG00000099817
13920.0	0.0003	GNA12	ENSG00000146535
13920.0	0.0003	AFTPH	ENSG00000119844
13920.0	0.0003	MTF2	ENSG00000143033
13920.0	0.0003	POLR2L	ENSG00000177700
13920.0	0.0003	TMEM18	ENSG00000151353
13920.0	0.0003	RNF38	ENSG00000137075
13920.0	0.0003	BCAR1	ENSG00000050820
13920.0	0.0003	NSMCE4A	ENSG00000107672
13920.0	0.0003	AHCTF1	ENSG00000153207
13920.0	0.0003	RAB23	ENSG00000112210
13920.0	0.0003	PDE6C	ENSG00000095464
13920.0	0.0003	CLDN23	ENSG00000253958
13920.0	0.0003	POLR2C	ENSG00000102978
13920.0	0.0003	POLR2B	ENSG00000047315
13920.0	0.0003	TREML1	ENSG00000161911
13920.0	0.0003	PTCD1	ENSG00000106246
13920.0	0.0003	CCDC43	ENSG00000180329
13920.0	0.0003	RABEP1	ENSG00000029725
13920.0	0.0003	MYB	ENSG00000118513
13920.0	0.0003	METTL17	ENSG00000165792
13920.0	0.0003	ZIC5	ENSG00000139800
13920.0	0.0003	SFXN2	ENSG00000156398
13920.0	0.0003	ACTR6	ENSG00000075089
13920.0	0.0003	PITPNA	ENSG00000174238
13920.0	0.0003	MRPS15	ENSG00000116898
13920.0	0.0003	MYH6	ENSG00000197616
13920.0	0.0003	POLR2D	ENSG00000144231
13920.0	0.0003	PITPNB	ENSG00000180957
13920.0	0.0003	POLR2I	ENSG00000105258
13920.0	0.0003	HEXIM1	ENSG00000186834
13920.0	0.0003	VCL	ENSG00000035403
13920.0	0.0003	TUBB1	ENSG00000101162
13920.0	0.0003	ASH2L	ENSG00000129691
13920.0	0.0003	CDO1	ENSG00000129596
13920.0	0.0003	NOD1	ENSG00000106100
13920.0	0.0003	SH2B3	ENSG00000111252
13920.0	0.0003	ANKRD45	ENSG00000183831
13920.0	0.0003	UBQLN1	ENSG00000135018
13920.0	0.0003	EMCN	ENSG00000164035
13920.0	0.0003	WDR5	ENSG00000196363
13920.0	0.0003	ITPK1	ENSG00000100605
13920.0	0.0003	TCN2	ENSG00000185339
13920.0	0.0003	NTRK3	ENSG00000140538
13920.0	0.0003	COX5A	ENSG00000178741
13920.0	0.0003	MYO9B	ENSG00000099331
13920.0	0.0003	RAB8A	ENSG00000167461
13920.0	0.0003	KRBOX4	ENSG00000147121
13920.0	0.0003	USO1	ENSG00000138768
13920.0	0.0003	MSI2	ENSG00000153944
13920.0	0.0003	MSI1	ENSG00000135097
13920.0	0.0003	TBCA	ENSG00000171530
13920.0	0.0003	TUSC3	ENSG00000104723
13920.0	0.0003	FBXW10B	ENSG00000241322
13920.0	0.0003	HTR2A	ENSG00000102468
13920.0	0.0003	RBBP5	ENSG00000117222
13920.0	0.0003	YPEL4	ENSG00000166793
13920.0	0.0003	JAK3	ENSG00000105639
13920.0	0.0003	MRPL40	ENSG00000185608
13920.0	0.0003	SLC17A6	ENSG00000091664
13920.0	0.0003	TMCO3	ENSG00000150403
13920.0	0.0003	PKN1	ENSG00000123143
13920.0	0.0003	CLDN17	ENSG00000156282
13920.0	0.0003	TBCB	ENSG00000105254
13920.0	0.0003	TREML2	ENSG00000112195
13920.0	0.0003	LARS2	ENSG00000011376
13920.0	0.0003	POLR2F	ENSG00000100142
13920.0	0.0003	TCEAL7	ENSG00000182916
13920.0	0.0003	ADCY9	ENSG00000162104
13920.0	0.0003	ISG15	ENSG00000187608
13920.0	0.0003	TKTL2	ENSG00000151005
13920.0	0.0003	KLHL1	ENSG00000150361
13920.0	0.0003	PMAIP1	ENSG00000141682
13920.0	0.0003	NCOA6	ENSG00000198646
13920.0	0.0003	ADCK1	ENSG00000063761
13920.0	0.0003	ADCK5	ENSG00000173137
13920.0	0.0003	PGLYRP1	ENSG00000008438
13920.0	0.0003	MFN1	ENSG00000171109
13920.0	0.0003	ADCY3	ENSG00000138031
13920.0	0.0003	NSMCE3	ENSG00000185115
13920.0	0.0003	POLR2H	ENSG00000163882
13920.0	0.0003	ADCY4	ENSG00000129467
13920.0	0.0003	NSMCE1	ENSG00000169189
13920.0	0.0003	BSN	ENSG00000164061
13920.0	0.0003	TBCC	ENSG00000124659
13920.0	0.0003	TLE1	ENSG00000196781
13920.0	0.0003	DAZAP1	ENSG00000071626
13920.0	0.0003	ADCY2	ENSG00000078295
13920.0	0.0003	ADCY6	ENSG00000174233
13920.0	0.0003	ADCY7	ENSG00000121281
13920.0	0.0003	ADCY8	ENSG00000155897
13920.0	0.0003	SCNM1	ENSG00000163156
13920.0	0.0003	ADCY1	ENSG00000164742
13920.0	0.0003	SOAT1	ENSG00000057252
13920.0	0.0003	ANK2	ENSG00000145362
13920.0	0.0003	CBX3	ENSG00000122565
13920.0	0.0003	MAD2L1	ENSG00000164109
13920.0	0.0003	TLE2	ENSG00000065717
13920.0	0.0003	AMTN	ENSG00000187689
13920.0	0.0003	DNAAF2	ENSG00000165506
13920.0	0.0003	YES1	ENSG00000176105
13920.0	0.0003	TLE3	ENSG00000140332
13920.0	0.0003	HSD3B1	ENSG00000203857
13920.0	0.0003	EEF1D	ENSG00000104529
13920.0	0.0003	GORASP2	ENSG00000115806
13920.0	0.0003	MSX2	ENSG00000120149
13920.0	0.0003	GNAI3	ENSG00000065135
13920.0	0.0003	RAE1	ENSG00000101146
13920.0	0.0003	PIH1D2	ENSG00000150773
13920.0	0.0003	CPEB3	ENSG00000107864
13920.0	0.0003	GLCE	ENSG00000138604
13920.0	0.0003	SLC27A5	ENSG00000083807
13920.0	0.0003	GRIP1	ENSG00000155974
13920.0	0.0003	GSK3A	ENSG00000105723
13920.0	0.0003	COIL	ENSG00000121058
13920.0	0.0003	UQCRC2	ENSG00000140740
13920.0	0.0003	PHLPP1	ENSG00000081913
13920.0	0.0003	NKX2-6	ENSG00000180053
13920.0	0.0003	RIT2	ENSG00000152214
13920.0	0.0003	UBXN7	ENSG00000163960
13920.0	0.0003	NEUROG3	ENSG00000122859
13920.0	0.0003	NEU2	ENSG00000115488
13920.0	0.0003	GRIK1	ENSG00000171189
13920.0	0.0003	CHM	ENSG00000188419
13920.0	0.0003	GNAZ	ENSG00000128266
13920.0	0.0003	PSMD4	ENSG00000159352
13920.0	0.0003	TJP2	ENSG00000119139
13920.0	0.0003	CEL	ENSG00000170835
13920.0	0.0003	PAXIP1	ENSG00000157212
13920.0	0.0003	BRCA1	ENSG00000012048
13920.0	0.0003	BRCA2	ENSG00000139618
13920.0	0.0003	BRIP1	ENSG00000136492
13920.0	0.0003	FANCA	ENSG00000187741
13920.0	0.0003	FANCB	ENSG00000181544
13920.0	0.0003	FANCC	ENSG00000158169
13920.0	0.0003	FANCE	ENSG00000112039
13920.0	0.0003	FANCF	ENSG00000183161
13920.0	0.0003	FANCG	ENSG00000221829
13920.0	0.0003	FANCM	ENSG00000187790
13920.0	0.0003	MAD2L2	ENSG00000116670
13920.0	0.0003	PALB2	ENSG00000083093
13920.0	0.0003	RAD51	ENSG00000051180
13920.0	0.0003	RAD51C	ENSG00000108384
13920.0	0.0003	RFWD3	ENSG00000168411
13920.0	0.0003	SLX4	ENSG00000188827
13920.0	0.0003	UBE2T	ENSG00000077152
13920.0	0.0003	XRCC2	ENSG00000196584
13920.0	0.0003	MRPS5	ENSG00000144029
13920.0	0.0003	PKD1	ENSG00000008710
13920.0	0.0003	THOC7	ENSG00000163634
13920.0	0.0003	CCNT2	ENSG00000082258
13920.0	0.0003	HSD3B2	ENSG00000203859
13920.0	0.0003	SMUG1	ENSG00000123415
13920.0	0.0003	LIPA	ENSG00000107798
13920.0	0.0003	NEU3	ENSG00000162139
13920.0	0.0003	GALNT4	ENSG00000257594
13920.0	0.0003	POLE	ENSG00000177084
13920.0	0.0003	HTATSF1	ENSG00000102241
13920.0	0.0003	KIAA0391	ENSG00000258790
13920.0	0.0003	PSMA6	ENSG00000100902
13920.0	0.0003	PSPC1	ENSG00000121390
13920.0	0.0003	RBCK1	ENSG00000125826
13920.0	0.0003	TBC1D1	ENSG00000065882
13920.0	0.0003	PSMA1	ENSG00000129084
13920.0	0.0003	PSMA3	ENSG00000100567
13920.0	0.0003	HNF1A	ENSG00000135100
13920.0	0.0003	PSMA5	ENSG00000143106
13920.0	0.0003	UBQLN4	ENSG00000160803
13920.0	0.0003	CBX1	ENSG00000108468
13920.0	0.0003	BCL2L1	ENSG00000171552
13920.0	0.0003	TJP3	ENSG00000105289
13920.0	0.0003	PRAME	ENSG00000185686
13920.0	0.0003	ING5	ENSG00000168395
13920.0	0.0003	SLC4A1AP	ENSG00000163798
13920.0	0.0003	PITX3	ENSG00000107859
13920.0	0.0003	UCHL3	ENSG00000118939
13920.0	0.0003	IL7	ENSG00000104432
13920.0	0.0003	ARL2	ENSG00000213465
13920.0	0.0003	TUFT1	ENSG00000143367
13920.0	0.0003	COX4I2	ENSG00000131055
13920.0	0.0003	CLDN22	ENSG00000177300
13920.0	0.0003	THOC3	ENSG00000051596
13920.0	0.0003	TOMM7	ENSG00000196683
13920.0	0.0003	GALNT8	ENSG00000130035
13920.0	0.0003	PSMA2	ENSG00000106588
13920.0	0.0003	ISL1	ENSG00000016082
13920.0	0.0003	NETO2	ENSG00000171208
13920.0	0.0003	ICE2	ENSG00000128915
13920.0	0.0003	CDKN2A	ENSG00000147889
13920.0	0.0003	RBBP7	ENSG00000102054
13920.0	0.0003	SOAT2	ENSG00000167780
13920.0	0.0003	UBQLNL	ENSG00000175518
13920.0	0.0003	GCG	ENSG00000115263
13920.0	0.0003	PITX1	ENSG00000069011
13920.0	0.0003	CLDN18	ENSG00000066405
13920.0	0.0003	CRHR1	ENSG00000120088
13920.0	0.0003	NDUFAB1	ENSG00000004779
13920.0	0.0003	BRPF3	ENSG00000096070
13920.0	0.0003	GORASP1	ENSG00000114745
13920.0	0.0003	SMAD7	ENSG00000101665
13920.0	0.0003	ZFYVE19	ENSG00000166140
13920.0	0.0003	GATA3	ENSG00000107485
13920.0	0.0003	PRKX	ENSG00000183943
13920.0	0.0003	MMP20	ENSG00000137674
13920.0	0.0003	ZNF462	ENSG00000148143
13920.0	0.0003	YPEL2	ENSG00000175155
13920.0	0.0003	STOM	ENSG00000148175
13920.0	0.0003	BRD1	ENSG00000100425
13920.0	0.0003	CLDN2	ENSG00000165376
13920.0	0.0003	NCBP1	ENSG00000136937
13920.0	0.0003	EGR1	ENSG00000120738
13920.0	0.0003	CLDN15	ENSG00000106404
13920.0	0.0003	GNPDA2	ENSG00000163281
13920.0	0.0003	ANP32A	ENSG00000140350
13920.0	0.0003	CLDN14	ENSG00000159261
13920.0	0.0003	NME4	ENSG00000103202
13920.0	0.0003	SIGLEC11	ENSG00000161640
13920.0	0.0003	PNOC	ENSG00000168081
13920.0	0.0003	GBGT1	ENSG00000148288
13920.0	0.0003	RETSAT	ENSG00000042445
13920.0	0.0003	DPP7	ENSG00000176978
13920.0	0.0003	FBL	ENSG00000105202
13920.0	0.0003	PTCD3	ENSG00000132300
13920.0	0.0003	MAPK8IP1	ENSG00000121653
13920.0	0.0003	EEF1E1	ENSG00000124802
13920.0	0.0003	KLC1	ENSG00000126214
13920.0	0.0003	RP11-73M18.2	ENSG00000256500
13920.0	0.0003	NRL	ENSG00000129535
13920.0	0.0003	ATXN3L	ENSG00000123594
13920.0	0.0003	MAGT1	ENSG00000102158
13920.0	0.0003	RBBP4	ENSG00000162521
13920.0	0.0003	PGD	ENSG00000142657
13920.0	0.0003	CLDN1	ENSG00000163347
13920.0	0.0003	CLDN8	ENSG00000156284
13920.0	0.0003	SEC16B	ENSG00000120341
13920.0	0.0003	HTR2B	ENSG00000135914
13920.0	0.0003	GPC5	ENSG00000179399
13920.0	0.0003	MVD	ENSG00000167508
13920.0	0.0003	PDZD11	ENSG00000120509
13920.0	0.0003	UBXN1	ENSG00000162191
13920.0	0.0003	BCO1	ENSG00000135697
13920.0	0.0003	CLDN9	ENSG00000213937
13920.0	0.0003	RBM39	ENSG00000131051
13920.0	0.0003	CNNM4	ENSG00000158158
13920.0	0.0003	CAMK2D	ENSG00000145349
13920.0	0.0003	ALDH1A1	ENSG00000165092
13920.0	0.0003	TFRC	ENSG00000072274
13920.0	0.0003	GPC3	ENSG00000147257
13920.0	0.0003	HHEX	ENSG00000152804
13920.0	0.0003	CD79A	ENSG00000105369
13920.0	0.0003	PRKAR1A	ENSG00000108946
13920.0	0.0003	AQP2	ENSG00000167580
13920.0	0.0003	CYP2C9	ENSG00000138109
13920.0	0.0003	KCTD15	ENSG00000153885
13920.0	0.0003	SLC9B1	ENSG00000164037
13920.0	0.0003	HBA2	ENSG00000188536
13920.0	0.0003	FAXDC2	ENSG00000170271
13920.0	0.0003	VPS16	ENSG00000215305
13920.0	0.0003	PTK2B	ENSG00000120899
13920.0	0.0003	CLDN20	ENSG00000171217
13920.0	0.0003	SDC4	ENSG00000124145
13920.0	0.0003	AKAP8L	ENSG00000011243
13920.0	0.0003	CLASP1	ENSG00000074054
13920.0	0.0003	RPE	ENSG00000197713
13920.0	0.0003	ATP5MF-PTCD1	ENSG00000248919
13920.0	0.0003	PRKG1	ENSG00000185532
13920.0	0.0003	RNF34	ENSG00000170633
13920.0	0.0003	ALG10	ENSG00000139133
13920.0	0.0003	ALG10B	ENSG00000175548
13920.0	0.0003	CLASP2	ENSG00000163539
13920.0	0.0003	GTF2F1	ENSG00000125651
13920.0	0.0003	ZPR1	ENSG00000109917
13920.0	0.0003	SDC1	ENSG00000115884
13920.0	0.0003	AP1M2	ENSG00000129354
13920.0	0.0003	MPI	ENSG00000178802
13920.0	0.0003	CLDN6	ENSG00000184697
13920.0	0.0003	NAB1	ENSG00000138386
13920.0	0.0003	UNK	ENSG00000132478
13920.0	0.0003	SDC3	ENSG00000162512
13920.0	0.0003	SRPRB	ENSG00000144867
13920.0	0.0003	NAB2	ENSG00000166886
13920.0	0.0003	RBKS	ENSG00000171174
13920.0	0.0003	HBA1	ENSG00000206172
13920.0	0.0003	YPEL1	ENSG00000100027
13920.0	0.0003	PLOD3	ENSG00000106397
13920.0	0.0003	KRT74	ENSG00000170484
13920.0	0.0003	CLDN19	ENSG00000164007
13920.0	0.0003	DHDH	ENSG00000104808
13920.0	0.0003	BCL10	ENSG00000142867
13920.0	0.0003	SELENOS	ENSG00000131871
13920.0	0.0003	AWAT2	ENSG00000147160
13920.0	0.0003	PRPS1L1	ENSG00000229937
13920.0	0.0003	EIF3M	ENSG00000149100
13920.0	0.0003	PER1	ENSG00000179094
13920.0	0.0003	LRR1	ENSG00000165501
13920.0	0.0003	SNRPF	ENSG00000139343
13920.0	0.0003	IPP	ENSG00000197429
13920.0	0.0003	KRT71	ENSG00000139648
13920.0	0.0003	CLDN10	ENSG00000134873
13920.0	0.0003	GCHFR	ENSG00000137880
13920.0	0.0003	OXA1L	ENSG00000155463
13920.0	0.0003	ALYREF	ENSG00000183684
13920.0	0.0003	PRELID1	ENSG00000169230
13920.0	0.0003	MAP10	ENSG00000212916
13920.0	0.0003	DCXR	ENSG00000169738
13920.0	0.0003	GALNT1	ENSG00000141429
13920.0	0.0003	PMVK	ENSG00000163344
13920.0	0.0003	H2AX	ENSG00000188486
13920.0	0.0003	SPACA9	ENSG00000165698
13920.0	0.0003	GALNT3	ENSG00000115339
13920.0	0.0003	SERP1	ENSG00000120742
13920.0	0.0003	PNPLA4	ENSG00000006757
13920.0	0.0003	RPS14	ENSG00000164587
13920.0	0.0003	GFOD1	ENSG00000145990
13920.0	0.0003	GFOD2	ENSG00000141098
13920.0	0.0003	INSRR	ENSG00000027644
13920.0	0.0003	CLMP	ENSG00000166250
13920.0	0.0003	ENKD1	ENSG00000124074
13920.0	0.0003	RHO	ENSG00000163914
13920.0	0.0003	GRAMD2B	ENSG00000155324
13920.0	0.0003	CIMAP1D	ENSG00000181781
13920.0	0.0003	AKAP7	ENSG00000118507
13920.0	0.0003	CLDN25	ENSG00000228607
13920.0	0.0003	PER2	ENSG00000132326
13920.0	0.0003	FBXO45	ENSG00000174013
13920.0	0.0003	IDI1	ENSG00000067064
13920.0	0.0003	FAH	ENSG00000103876
13920.0	0.0003	PLOD2	ENSG00000152952
13920.0	0.0003	NUTF2	ENSG00000102898
13920.0	0.0003	CLDN24	ENSG00000185758
13920.0	0.0003	ARF5	ENSG00000004059
13920.0	0.0003	ZNRD2	ENSG00000173465
13920.0	0.0003	RFX6	ENSG00000185002
13920.0	0.0003	ELAVL2	ENSG00000107105
13920.0	0.0003	CXCR4	ENSG00000121966
13920.0	0.0003	ACVR2B	ENSG00000114739
13920.0	0.0003	VAX1	ENSG00000148704
13920.0	0.0003	TACO1	ENSG00000136463
13920.0	0.0003	THOC6	ENSG00000131652
13920.0	0.0003	CSK	ENSG00000103653
13920.0	0.0003	POMC	ENSG00000115138
13920.0	0.0003	SIGLEC15	ENSG00000197046
13920.0	0.0003	KIF20A	ENSG00000112984
13920.0	0.0003	CYP3A4	ENSG00000160868
13920.0	0.0003	ENC1	ENSG00000171617
13920.0	0.0003	FLT1	ENSG00000102755
13920.0	0.0003	ZYX	ENSG00000159840
13920.0	0.0003	NFYB	ENSG00000120837
13920.0	0.0003	ACTL6A	ENSG00000136518
13920.0	0.0003	SEC14L5	ENSG00000103184
13920.0	0.0003	SUPT5H	ENSG00000196235
13920.0	0.0003	MAP2K4	ENSG00000065559
13920.0	0.0003	NFYA	ENSG00000001167
13920.0	0.0003	RUVBL1	ENSG00000175792
13920.0	0.0003	EEF1B2	ENSG00000114942
13920.0	0.0003	PI4KB	ENSG00000143393
13920.0	0.0003	ALPG	ENSG00000163286
13920.0	0.0003	UBA1	ENSG00000130985
13920.0	0.0003	ATL3	ENSG00000184743
13920.0	0.0003	VSIG2	ENSG00000019102
13920.0	0.0003	BCKDHB	ENSG00000083123
13920.0	0.0003	PDHA2	ENSG00000163114
13920.0	0.0003	RICTOR	ENSG00000164327
13920.0	0.0003	RABEP2	ENSG00000177548
13920.0	0.0003	KIF23	ENSG00000137807
13920.0	0.0003	CFP	ENSG00000126759
13920.0	0.0003	UTRN	ENSG00000152818
13920.0	0.0003	SLC6A18	ENSG00000164363
13920.0	0.0003	DOC2A	ENSG00000149927
13920.0	0.0003	FEN1	ENSG00000168496
13920.0	0.0003	KLHL17	ENSG00000187961
13920.0	0.0003	CHCHD3	ENSG00000106554
13920.0	0.0003	HAT1	ENSG00000128708
13920.0	0.0003	YPEL3	ENSG00000090238
13920.0	0.0003	CYP2E1	ENSG00000130649
13920.0	0.0003	MTCH2	ENSG00000109919
13920.0	0.0003	HAP1	ENSG00000173805
13920.0	0.0003	SOCS3	ENSG00000184557
13920.0	0.0003	HBD	ENSG00000223609
13920.0	0.0003	LDLR	ENSG00000130164
13920.0	0.0003	KIF3B	ENSG00000101350
13920.0	0.0003	PUS1	ENSG00000177192
13920.0	0.0003	GNG12	ENSG00000172380
13920.0	0.0003	STK11	ENSG00000118046
13920.0	0.0003	GNG7	ENSG00000176533
13920.0	0.0003	GNG3	ENSG00000162188
13920.0	0.0003	UGT1A6	ENSG00000167165
13920.0	0.0003	BGLAP	ENSG00000242252
13920.0	0.0003	KRT4	ENSG00000170477
13920.0	0.0003	GNG5	ENSG00000174021
13920.0	0.0003	COX18	ENSG00000163626
13920.0	0.0003	GNG4	ENSG00000168243
13920.0	0.0003	MAP3K5	ENSG00000197442
13920.0	0.0003	SCAF1	ENSG00000126461
13920.0	0.0003	MUC2	ENSG00000198788
13920.0	0.0003	AQP1	ENSG00000240583
13920.0	0.0003	MED22	ENSG00000148297
13920.0	0.0003	PSMA7	ENSG00000101182
13920.0	0.0003	SNX1	ENSG00000028528
13920.0	0.0003	AFF1	ENSG00000172493
13920.0	0.0003	USP21	ENSG00000143258
13920.0	0.0003	EXOC5	ENSG00000070367
13920.0	0.0003	AXIN2	ENSG00000168646
13920.0	0.0003	PSMA8	ENSG00000154611
13920.0	0.0003	GNG10	ENSG00000242616
13920.0	0.0003	CDC27	ENSG00000004897
13920.0	0.0003	HAND1	ENSG00000113196
13920.0	0.0003	GNG8	ENSG00000167414
13920.0	0.0003	UGT1A9	ENSG00000241119
13920.0	0.0003	GNGT2	ENSG00000167083
13920.0	0.0003	CDK5RAP3	ENSG00000108465
13920.0	0.0003	SEC61A1	ENSG00000058262
13920.0	0.0003	DNAAF4	ENSG00000256061
13920.0	0.0003	CSNK2A2	ENSG00000070770
13920.0	0.0003	CAB39	ENSG00000135932
13920.0	0.0003	ERC2	ENSG00000187672
13920.0	0.0003	CYP4A11	ENSG00000187048
13920.0	0.0003	FKBP14	ENSG00000106080
13920.0	0.0003	MYD88	ENSG00000172936
13920.0	0.0003	PARL	ENSG00000175193
13920.0	0.0003	GRP	ENSG00000134443
13920.0	0.0003	PPP3R1	ENSG00000221823
13920.0	0.0003	FAM90A1	ENSG00000171847
13920.0	0.0003	SLC6A20	ENSG00000163817
13920.0	0.0003	DUS2	ENSG00000167264
13920.0	0.0003	MAP3K11	ENSG00000173327
13920.0	0.0003	HMOX1	ENSG00000100292
13920.0	0.0003	RAB36	ENSG00000100228
13920.0	0.0003	ZC3H15	ENSG00000065548
13920.0	0.0003	GALNT6	ENSG00000139629
13920.0	0.0003	FTO	ENSG00000140718
13920.0	0.0003	CMA1	ENSG00000092009
13920.0	0.0003	GALNT13	ENSG00000144278
13920.0	0.0003	MAP3K1	ENSG00000095015
13920.0	0.0003	RAD52	ENSG00000002016
13920.0	0.0003	CYP11A1	ENSG00000140459
13920.0	0.0003	CHEK1	ENSG00000149554
13920.0	0.0003	MUC1	ENSG00000185499
13920.0	0.0003	HBB	ENSG00000244734
13920.0	0.0003	EFTUD2	ENSG00000108883
13920.0	0.0003	USP8	ENSG00000138592
13920.0	0.0003	PPP1CC	ENSG00000186298
13920.0	0.0003	KRT10	ENSG00000186395
13920.0	0.0003	SULT2B1	ENSG00000088002
13920.0	0.0003	RAB34	ENSG00000109113
13920.0	0.0003	KCNJ9	ENSG00000162728
13920.0	0.0003	PAGR1	ENSG00000185928
13920.0	0.0003	YOD1	ENSG00000180667
13920.0	0.0003	B3GAT1	ENSG00000109956
13920.0	0.0003	NUTM1	ENSG00000184507
13920.0	0.0003	STK25	ENSG00000115694
13920.0	0.0003	EPO	ENSG00000130427
13920.0	0.0003	UGT1A3	ENSG00000243135
13920.0	0.0003	UGT2B7	ENSG00000171234
13920.0	0.0003	CNTNAP3	ENSG00000106714
13920.0	0.0003	STX2	ENSG00000111450
13920.0	0.0003	MED1	ENSG00000125686
13920.0	0.0003	BAK1	ENSG00000030110
13920.0	0.0003	CNTNAP4	ENSG00000152910
13920.0	0.0003	CDX1	ENSG00000113722
13920.0	0.0003	CDX2	ENSG00000165556
13920.0	0.0003	ACVR2A	ENSG00000121989
13920.0	0.0003	CNTNAP5	ENSG00000155052
13920.0	0.0003	MKNK1	ENSG00000079277
13920.0	0.0003	CYP17A1	ENSG00000148795
13920.0	0.0003	CHCHD7	ENSG00000170791
13920.0	0.0003	BLTP3A	ENSG00000065060
13920.0	0.0003	CYP2B6	ENSG00000197408
13920.0	0.0003	RTN4RL2	ENSG00000186907
13920.0	0.0003	PI3	ENSG00000124102
13920.0	0.0003	ST3GAL1	ENSG00000008513
13920.0	0.0003	SEC61A2	ENSG00000065665
13920.0	0.0003	TP53BP1	ENSG00000067369
13920.0	0.0003	SARNP	ENSG00000205323
13920.0	0.0003	IFT22	ENSG00000128581
13920.0	0.0003	SNTG2	ENSG00000172554
13920.0	0.0003	RPAP3	ENSG00000005175
13920.0	0.0003	MKNK2	ENSG00000099875
13920.0	0.0003	NEK9	ENSG00000119638
13920.0	0.0003	MED24	ENSG00000008838
13920.0	0.0003	SEC23A	ENSG00000100934
13920.0	0.0003	SNTG1	ENSG00000147481
13920.0	0.0003	SMG1	ENSG00000157106
13920.0	0.0003	RUNX2	ENSG00000124813
13920.0	0.0003	ST3GAL2	ENSG00000157350
13920.0	0.0003	PLK3	ENSG00000173846
13920.0	0.0003	NOD2	ENSG00000167207
13920.0	0.0003	CD209	ENSG00000090659
13920.0	0.0003	SYNRG	ENSG00000006114
13920.0	0.0003	FIZ1	ENSG00000179943
13920.0	0.0003	MSH3	ENSG00000113318
13920.0	0.0003	STX3	ENSG00000166900
13920.0	0.0003	CD40LG	ENSG00000102245
13920.0	0.0003	PPP3R2	ENSG00000188386
13920.0	0.0003	SMARCD2	ENSG00000108604
13920.0	0.0003	EWSR1	ENSG00000182944
13920.0	0.0003	JPH3	ENSG00000154118
13920.0	0.0003	BMP7	ENSG00000101144
13920.0	0.0003	MED14	ENSG00000180182
13920.0	0.0003	RNF43	ENSG00000108375
13920.0	0.0003	MNAT1	ENSG00000020426
13920.0	0.0003	ISL2	ENSG00000159556
13920.0	0.0003	NCBP2	ENSG00000114503
13920.0	0.0003	ELOC	ENSG00000154582
13920.0	0.0003	TOMM20	ENSG00000173726
13920.0	0.0003	RDH8	ENSG00000080511
13920.0	0.0003	MAVS	ENSG00000088888
13920.0	0.0003	CATSPER1	ENSG00000175294
13920.0	0.0003	MED16	ENSG00000175221
13920.0	0.0003	COPS5	ENSG00000121022
13920.0	0.0003	OXCT2	ENSG00000198754
13920.0	0.0003	GPA33	ENSG00000143167
13920.0	0.0003	PDC	ENSG00000116703
13920.0	0.0003	SYS1	ENSG00000204070
13920.0	0.0003	MEIS1	ENSG00000143995
13920.0	0.0003	RHBDL1	ENSG00000103269
13920.0	0.0003	CUL2	ENSG00000108094
13920.0	0.0003	ATP6V0A4	ENSG00000105929
13920.0	0.0003	ARID3A	ENSG00000116017
13920.0	0.0003	SRSF6	ENSG00000124193
13920.0	0.0003	F11R	ENSG00000158769
13920.0	0.0003	STX4	ENSG00000103496
13920.0	0.0003	TARS3	ENSG00000185418
13920.0	0.0003	BID	ENSG00000015475
13920.0	0.0003	PDZD2	ENSG00000133401
13920.0	0.0003	MCRS1	ENSG00000187778
13920.0	0.0003	MDH1B	ENSG00000138400
13920.0	0.0003	MDM4	ENSG00000198625
13920.0	0.0003	TNK2	ENSG00000061938
13920.0	0.0003	OSTC	ENSG00000198856
13920.0	0.0003	CD99	ENSG00000002586
13920.0	0.0003	FEM1A	ENSG00000141965
13920.0	0.0003	UBE2V2	ENSG00000169139
13920.0	0.0003	TIPIN	ENSG00000075131
13920.0	0.0003	COX6B1	ENSG00000126267
13920.0	0.0003	UGT2B4	ENSG00000156096
13920.0	0.0003	TOP2B	ENSG00000077097
13920.0	0.0003	UGT1A5	ENSG00000240224
13920.0	0.0003	CYP3A5	ENSG00000106258
13920.0	0.0003	LIMK2	ENSG00000182541
13920.0	0.0003	PDCD5	ENSG00000105185
13920.0	0.0003	IMPA1	ENSG00000133731
13920.0	0.0003	ARID3C	ENSG00000205143
13920.0	0.0003	ARID3B	ENSG00000179361
13920.0	0.0003	CHPF	ENSG00000123989
13920.0	0.0003	FEM1C	ENSG00000145780
13920.0	0.0003	FDPS	ENSG00000160752
13920.0	0.0003	PRR5	ENSG00000186654
13920.0	0.0003	IRF3	ENSG00000126456
13920.0	0.0003	ALDH6A1	ENSG00000119711
13920.0	0.0003	ARF4	ENSG00000168374
13920.0	0.0003	CIAPIN1	ENSG00000005194
13920.0	0.0003	AGGF1	ENSG00000164252
13920.0	0.0003	ABCF2	ENSG00000033050
13920.0	0.0003	ABCD4	ENSG00000119688
13920.0	0.0003	RAD9A	ENSG00000172613
13920.0	0.0003	POLR2J	ENSG00000005075
13920.0	0.0003	UGT1A7	ENSG00000244122
13920.0	0.0003	ACSS1	ENSG00000154930
13920.0	0.0003	CYP2D6	ENSG00000100197
13920.0	0.0003	ACVR1C	ENSG00000123612
13920.0	0.0003	MLLT1	ENSG00000130382
13920.0	0.0003	CIAO1	ENSG00000144021
13920.0	0.0003	FGFR4	ENSG00000160867
13920.0	0.0003	IDH3G	ENSG00000067829
13920.0	0.0003	CRTC2	ENSG00000160741
13920.0	0.0003	KCNJ3	ENSG00000162989
13920.0	0.0003	POLR2K	ENSG00000147669
13920.0	0.0003	KIF17	ENSG00000117245
13920.0	0.0003	TRMT10B	ENSG00000165275
13920.0	0.0003	NLRC5	ENSG00000140853
13920.0	0.0003	GNG13	ENSG00000127588
13920.0	0.0003	TRMT10C	ENSG00000174173
13920.0	0.0003	NUP93	ENSG00000102900
13920.0	0.0003	POLR3F	ENSG00000132664
13920.0	0.0003	POLR3H	ENSG00000100413
13920.0	0.0003	ASAH2	ENSG00000188611
13920.0	0.0003	POLR3D	ENSG00000168495
13920.0	0.0003	TTLL12	ENSG00000100304
13920.0	0.0003	RAD50	ENSG00000113522
13920.0	0.0003	POLR3E	ENSG00000058600
13920.0	0.0003	UGT1A10	ENSG00000242515
13920.0	0.0003	LSM4	ENSG00000130520
13920.0	0.0003	GSR	ENSG00000104687
13920.0	0.0003	POLR1D	ENSG00000186184
13920.0	0.0003	TOMM70	ENSG00000154174
13920.0	0.0003	PTPN1	ENSG00000196396
13920.0	0.0003	CFC1	ENSG00000136698
13920.0	0.0003	POLR3G	ENSG00000113356
13920.0	0.0003	CHSY1	ENSG00000131873
13920.0	0.0003	EXO1	ENSG00000174371
13920.0	0.0003	GNG11	ENSG00000127920
13920.0	0.0003	LGALS3	ENSG00000131981
13920.0	0.0003	POLR2J2	ENSG00000228049
13920.0	0.0003	POLR2J3	ENSG00000168255
13920.0	0.0003	EIF4G3	ENSG00000075151
13920.0	0.0003	H1-4	ENSG00000168298
13920.0	0.0003	PDS5A	ENSG00000121892
13920.0	0.0003	MSH4	ENSG00000057468
13920.0	0.0003	UGT1A4	ENSG00000244474
13920.0	0.0003	ZCRB1	ENSG00000139168
13920.0	0.0003	U2AF1	ENSG00000160201
13920.0	0.0003	HOMER3	ENSG00000051128
13920.0	0.0003	ATP1B1	ENSG00000143153
13920.0	0.0003	NDOR1	ENSG00000188566
13920.0	0.0003	ACSS2	ENSG00000131069
13920.0	0.0003	LRRFIP1	ENSG00000124831
13920.0	0.0003	TOMM22	ENSG00000100216
13920.0	0.0003	CIAO2B	ENSG00000166595
13920.0	0.0003	GATA1	ENSG00000102145
13920.0	0.0003	COA5	ENSG00000183513
13920.0	0.0003	PDS5B	ENSG00000083642
13920.0	0.0003	HUS1	ENSG00000136273
13920.0	0.0003	DCHS1	ENSG00000166341
13920.0	0.0003	FAT4	ENSG00000196159
13920.0	0.0003	IMPA2	ENSG00000141401
13920.0	0.0003	BET1	ENSG00000105829
13920.0	0.0003	YAP1	ENSG00000137693
13920.0	0.0003	PABPC1	ENSG00000070756
13920.0	0.0003	HAO1	ENSG00000101323
13920.0	0.0003	NADSYN1	ENSG00000172890
13920.0	0.0003	IGF2R	ENSG00000197081
13920.0	0.0003	PCYT1B	ENSG00000102230
13920.0	0.0003	PDCD10	ENSG00000114209
13920.0	0.0003	VPS4B	ENSG00000119541
13920.0	0.0003	LZTS1	ENSG00000061337
13920.0	0.0003	ITGA4	ENSG00000115232
13920.0	0.0003	GNMT	ENSG00000124713
13920.0	0.0003	KRTCAP2	ENSG00000163463
13920.0	0.0003	CDK12	ENSG00000167258
13920.0	0.0003	VPS36	ENSG00000136100
13920.0	0.0003	VPS39	ENSG00000166887
13920.0	0.0003	QPRT	ENSG00000103485
13920.0	0.0003	TRIP6	ENSG00000087077
13920.0	0.0003	F2	ENSG00000180210
13920.0	0.0003	NAPRT	ENSG00000147813
13920.0	0.0003	ARL1	ENSG00000120805
13920.0	0.0003	TRMT1L	ENSG00000121486
13920.0	0.0003	STRADB	ENSG00000082146
13920.0	0.0003	DPY30	ENSG00000162961
13920.0	0.0003	UGT2B15	ENSG00000196620
13920.0	0.0003	SH3GLB1	ENSG00000097033
13920.0	0.0003	PRR5L	ENSG00000135362
13920.0	0.0003	RCE1	ENSG00000173653
13920.0	0.0003	VPS18	ENSG00000104142
13920.0	0.0003	CHMP6	ENSG00000176108
13920.0	0.0003	DDX19B	ENSG00000157349
13920.0	0.0003	LAMP1	ENSG00000185896
13920.0	0.0003	RAB37	ENSG00000172794
13920.0	0.0003	AANAT	ENSG00000129673
13920.0	0.0003	ITGB2	ENSG00000160255
13920.0	0.0003	NKX2-2	ENSG00000125820
13920.0	0.0003	UGT1A8	ENSG00000241635
13920.0	0.0003	NENF	ENSG00000117691
13920.0	0.0003	CLDN12	ENSG00000157224
13920.0	0.0003	XPO4	ENSG00000132953
13920.0	0.0003	GRIK4	ENSG00000149403
13920.0	0.0003	ITGAX	ENSG00000140678
13920.0	0.0003	BET1L	ENSG00000177951
13920.0	0.0003	LCOR	ENSG00000196233
13920.0	0.0003	ANKZF1	ENSG00000163516
13920.0	0.0003	SLC6A11	ENSG00000132164
13920.0	0.0003	TXNRD1	ENSG00000198431
13920.0	0.0003	CLTCL1	ENSG00000070371
13920.0	0.0003	PBX1	ENSG00000185630
13920.0	0.0003	SEC22C	ENSG00000093183
13920.0	0.0003	RBL1	ENSG00000080839
13920.0	0.0003	ABL1	ENSG00000097007
13920.0	0.0003	SEC22A	ENSG00000121542
13920.0	0.0003	VPS25	ENSG00000131475
13920.0	0.0003	DVL1	ENSG00000107404
13920.0	0.0003	IVD	ENSG00000128928
13920.0	0.0003	GOLGB1	ENSG00000173230
13920.0	0.0003	UGT2B17	ENSG00000197888
13920.0	0.0003	HPCAL1	ENSG00000115756
13920.0	0.0003	DVL3	ENSG00000161202
13920.0	0.0003	TLE6	ENSG00000104953
13920.0	0.0003	PIAS2	ENSG00000078043
13920.0	0.0003	ACSS3	ENSG00000111058
13920.0	0.0003	SGPP1	ENSG00000126821
13920.0	0.0003	WAPL	ENSG00000062650
13920.0	0.0003	CCNK	ENSG00000090061
13920.0	0.0003	RBM14	ENSG00000239306
13920.0	0.0003	DCTN2	ENSG00000175203
13920.0	0.0003	SHPK	ENSG00000197417
13920.0	0.0003	BMI1	ENSG00000168283
13920.0	0.0003	URI1	ENSG00000105176
13920.0	0.0003	CHMP2A	ENSG00000130724
13920.0	0.0003	CHMP5	ENSG00000086065
13920.0	0.0003	EXOSC7	ENSG00000075914
13920.0	0.0003	CBX2	ENSG00000173894
13920.0	0.0003	RECQL	ENSG00000004700
13920.0	0.0003	SGPP2	ENSG00000163082
13920.0	0.0003	VAPA	ENSG00000101558
13920.0	0.0003	EXD1	ENSG00000178997
13920.0	0.0003	WNT1	ENSG00000125084
13920.0	0.0003	CHMP4C	ENSG00000164695
13920.0	0.0003	HIGD1A	ENSG00000181061
13920.0	0.0003	GK2	ENSG00000196475
13920.0	0.0003	ATP1B3	ENSG00000069849
13920.0	0.0003	FXYD2	ENSG00000137731
13920.0	0.0003	MED4	ENSG00000136146
13920.0	0.0003	DSE	ENSG00000111817
13920.0	0.0003	SNF8	ENSG00000159210
13920.0	0.0003	GK5	ENSG00000175066
13920.0	0.0003	PDK2	ENSG00000005882
13920.0	0.0003	MED30	ENSG00000164758
13920.0	0.0003	ASMT	ENSG00000196433
13920.0	0.0003	UHMK1	ENSG00000152332
13920.0	0.0003	EXOSC4	ENSG00000178896
13920.0	0.0003	RBFOX1	ENSG00000078328
13920.0	0.0003	EXOSC6	ENSG00000223496
13920.0	0.0003	SMPD2	ENSG00000135587
13920.0	0.0003	BCAT2	ENSG00000105552
13920.0	0.0003	BRIX1	ENSG00000113460
13920.0	0.0003	FOXO1	ENSG00000150907
13920.0	0.0003	PDGFRA	ENSG00000134853
13920.0	0.0003	FLT4	ENSG00000037280
13920.0	0.0003	ZNF384	ENSG00000126746
13920.0	0.0003	BLM	ENSG00000197299
13920.0	0.0003	YKT6	ENSG00000106636
13920.0	0.0003	PLPP3	ENSG00000162407
13920.0	0.0003	ZNF195	ENSG00000005801
13920.0	0.0003	ACY3	ENSG00000132744
13920.0	0.0003	PLTP	ENSG00000100979
13920.0	0.0003	PLPP1	ENSG00000067113
13920.0	0.0003	PRKAG2	ENSG00000106617
13920.0	0.0003	DPYSL2	ENSG00000092964
13920.0	0.0003	PTPN12	ENSG00000127947
13920.0	0.0003	UBXN6	ENSG00000167671
13920.0	0.0003	PDF	ENSG00000258429
13920.0	0.0003	TLR6	ENSG00000174130
13920.0	0.0003	CD2BP2	ENSG00000169217
13920.0	0.0003	DHX9	ENSG00000135829
13920.0	0.0003	CLHC1	ENSG00000162994
13920.0	0.0003	WDR82	ENSG00000164091
13920.0	0.0003	WRN	ENSG00000165392
13920.0	0.0003	C4BPB	ENSG00000123843
13920.0	0.0003	PRDX2	ENSG00000167815
13920.0	0.0003	LZTS3	ENSG00000088899
13920.0	0.0003	COPZ1	ENSG00000111481
13920.0	0.0003	SERPINE1	ENSG00000106366
13920.0	0.0003	RS1	ENSG00000102104
13920.0	0.0003	IGFBP3	ENSG00000146674
13920.0	0.0003	COPA	ENSG00000122218
13920.0	0.0003	PRKAG1	ENSG00000181929
13920.0	0.0003	BDH1	ENSG00000161267
13920.0	0.0003	CBX4	ENSG00000141582
13920.0	0.0003	BDH2	ENSG00000164039
13920.0	0.0003	CER1	ENSG00000147869
13920.0	0.0003	MAPRE3	ENSG00000084764
13920.0	0.0003	TEK	ENSG00000120156
13920.0	0.0003	PLPP2	ENSG00000141934
13920.0	0.0003	MCM5	ENSG00000100297
13920.0	0.0003	PEX11G	ENSG00000104883
13920.0	0.0003	PHC1	ENSG00000111752
13920.0	0.0003	WWTR1	ENSG00000018408
13920.0	0.0003	FAF2	ENSG00000113194
13920.0	0.0003	RND3	ENSG00000115963
13920.0	0.0003	COA6	ENSG00000168275
13920.0	0.0003	PSTPIP1	ENSG00000140368
13920.0	0.0003	COPG1	ENSG00000181789
13920.0	0.0003	KLC4	ENSG00000137171
13920.0	0.0003	WNT3A	ENSG00000154342
13920.0	0.0003	WNT7A	ENSG00000154764
13920.0	0.0003	TMED2	ENSG00000086598
13920.0	0.0003	DTL	ENSG00000143476
13920.0	0.0003	PCGF6	ENSG00000156374
13920.0	0.0003	MAP9	ENSG00000164114
13920.0	0.0003	CAB39L	ENSG00000102547
13920.0	0.0003	AP1S3	ENSG00000152056
13920.0	0.0003	PCM1	ENSG00000078674
13920.0	0.0003	ABCG4	ENSG00000172350
13920.0	0.0003	SMPD3	ENSG00000103056
13920.0	0.0003	NEDD8	ENSG00000129559
13920.0	0.0003	BRINP1	ENSG00000078725
13920.0	0.0003	CBX8	ENSG00000141570
13920.0	0.0003	DPYSL3	ENSG00000113657
13920.0	0.0003	COPE	ENSG00000105669
13920.0	0.0003	DEGS2	ENSG00000168350
13920.0	0.0003	HOOK1	ENSG00000134709
13920.0	0.0003	SAP30	ENSG00000164105
13920.0	0.0003	NR0B1	ENSG00000169297
13920.0	0.0003	ST6GALNAC1	ENSG00000070526
13920.0	0.0003	NADK	ENSG00000008130
13920.0	0.0003	DERL2	ENSG00000072849
13920.0	0.0003	SLC40A1	ENSG00000138449
13920.0	0.0003	IGSF5	ENSG00000183067
13920.0	0.0003	RXRG	ENSG00000143171
13920.0	0.0003	CBX7	ENSG00000100307
13920.0	0.0003	LRRFIP2	ENSG00000093167
13920.0	0.0003	DDX39A	ENSG00000123136
13920.0	0.0003	DCAF13	ENSG00000164934
13920.0	0.0003	MACROH2A1	ENSG00000113648
13920.0	0.0003	OAT	ENSG00000065154
13920.0	0.0003	NKX6-1	ENSG00000163623
13920.0	0.0003	FBH1	ENSG00000134452
13920.0	0.0003	HOGA1	ENSG00000241935
13920.0	0.0003	CBX6	ENSG00000183741
13920.0	0.0003	TRPC4AP	ENSG00000100991
13920.0	0.0003	MALL	ENSG00000144063
13920.0	0.0003	COPZ2	ENSG00000005243
13920.0	0.0003	NR1I2	ENSG00000144852
13920.0	0.0003	CDK4	ENSG00000135446
13920.0	0.0003	DCAF11	ENSG00000100897
13920.0	0.0003	GEN1	ENSG00000178295
13920.0	0.0003	PTPN7	ENSG00000143851
13920.0	0.0003	TAF9	ENSG00000085231
13920.0	0.0003	NUDT9	ENSG00000170502
13920.0	0.0003	EPHA2	ENSG00000142627
13920.0	0.0003	TGIF2	ENSG00000118707
13920.0	0.0003	STXBP5	ENSG00000164506
13920.0	0.0003	RPS20	ENSG00000008988
13920.0	0.0003	SCML2	ENSG00000102098
13920.0	0.0003	TAF7	ENSG00000178913
13920.0	0.0003	CERK	ENSG00000100422
13920.0	0.0003	INO80	ENSG00000128908
13920.0	0.0003	DCAF7	ENSG00000136485
13920.0	0.0003	DPYSL4	ENSG00000151640
13920.0	0.0003	MRPL43	ENSG00000055950
13920.0	0.0003	H6PD	ENSG00000049239
13920.0	0.0003	HS2ST1	ENSG00000153936
13920.0	0.0003	GP1BA	ENSG00000185245
13920.0	0.0003	CYB5R1	ENSG00000159348
13920.0	0.0003	DCAF4	ENSG00000119599
13920.0	0.0003	SENP3	ENSG00000161956
13920.0	0.0003	TUBGCP2	ENSG00000130640
13920.0	0.0003	E2F6	ENSG00000169016
13920.0	0.0003	DCAF6	ENSG00000143164
13920.0	0.0003	PCGF5	ENSG00000180628
13920.0	0.0003	ATP1A4	ENSG00000132681
13920.0	0.0003	INO80C	ENSG00000153391
13920.0	0.0003	PTPRA	ENSG00000132670
13920.0	0.0003	FAAP24	ENSG00000131944
13920.0	0.0003	MRPL45	ENSG00000174100
13920.0	0.0003	DDX19A	ENSG00000168872
13920.0	0.0003	PELP1	ENSG00000141456
13920.0	0.0003	TEX10	ENSG00000136891
13920.0	0.0003	DCAF5	ENSG00000139990
13920.0	0.0003	TKFC	ENSG00000149476
13920.0	0.0003	SLC10A1	ENSG00000100652
13920.0	0.0003	GGT1	ENSG00000100031
13920.0	0.0003	ACOT11	ENSG00000162390
13920.0	0.0003	DCAF10	ENSG00000122741
13920.0	0.0003	CARM1	ENSG00000142453
13920.0	0.0003	UXS1	ENSG00000115652
13920.0	0.0003	DCAF8	ENSG00000132716
13920.0	0.0003	NDST2	ENSG00000166507
13920.0	0.0003	RP11-574K11.31	ENSG00000272916
13920.0	0.0003	C17orf49	ENSG00000258315
13920.0	0.0003	LAS1L	ENSG00000001497
13920.0	0.0003	DCAF16	ENSG00000163257
13920.0	0.0003	ITGA2B	ENSG00000005961
13920.0	0.0003	DCAF17	ENSG00000115827
13920.0	0.0003	UBA3	ENSG00000144744
13920.0	0.0003	CCNL1	ENSG00000163660
13920.0	0.0003	DERL3	ENSG00000099958
13920.0	0.0003	MUS81	ENSG00000172732
13920.0	0.0003	SI	ENSG00000090402
13920.0	0.0003	GOLGA1	ENSG00000136935
13920.0	0.0003	MYL12A	ENSG00000101608
13920.0	0.0003	CARD10	ENSG00000100065
13920.0	0.0003	MAU2	ENSG00000129933
13920.0	0.0003	CARD14	ENSG00000141527
13920.0	0.0003	TCF3	ENSG00000071564
13920.0	0.0003	PA2G4	ENSG00000170515
13920.0	0.0003	KLK3	ENSG00000142515
13920.0	0.0003	MGA	ENSG00000174197
13920.0	0.0003	NSFL1C	ENSG00000088833
13920.0	0.0003	THRA	ENSG00000126351
13920.0	0.0003	DIABLO	ENSG00000184047
13920.0	0.0003	GP5	ENSG00000178732
13920.0	0.0003	PTP4A1	ENSG00000112245
13920.0	0.0003	DPF3	ENSG00000205683
13920.0	0.0003	IRX6	ENSG00000159387
13920.0	0.0003	PRKAG3	ENSG00000115592
13920.0	0.0003	ROCK1	ENSG00000067900
13920.0	0.0003	TF	ENSG00000091513
13920.0	0.0003	SETDB1	ENSG00000143379
13920.0	0.0003	SETDB2	ENSG00000136169
13920.0	0.0003	PSMC4	ENSG00000013275
13920.0	0.0003	PTPN5	ENSG00000110786
13920.0	0.0003	NR5A1	ENSG00000136931
13920.0	0.0003	UTP6	ENSG00000108651
13920.0	0.0003	ACAD8	ENSG00000151498
13920.0	0.0003	MAD1L1	ENSG00000002822
13920.0	0.0003	PTPRH	ENSG00000080031
13920.0	0.0003	PPA1	ENSG00000180817
13920.0	0.0003	ARHGEF4	ENSG00000136002
13920.0	0.0003	ABCB8	ENSG00000197150
13920.0	0.0003	STAG3	ENSG00000066923
13920.0	0.0003	KCNV2	ENSG00000168263
13920.0	0.0003	TUBA3C	ENSG00000198033
13920.0	0.0003	SGMS2	ENSG00000164023
13920.0	0.0003	L3HYPDH	ENSG00000126790
13920.0	0.0003	RUNX3	ENSG00000020633
13920.0	0.0003	KEAP1	ENSG00000079999
13920.0	0.0003	IRX3	ENSG00000177508
13920.0	0.0003	PPM1A	ENSG00000100614
13920.0	0.0003	POR	ENSG00000127948
13920.0	0.0003	LIN7B	ENSG00000104863
13920.0	0.0003	PLD2	ENSG00000129219
13920.0	0.0003	MST4	ENSG00000134602
13920.0	0.0003	LSM12	ENSG00000161654
13920.0	0.0003	ABCB6	ENSG00000115657
13920.0	0.0003	CD38	ENSG00000004468
13920.0	0.0003	GGCT	ENSG00000006625
13920.0	0.0003	PRAC1	ENSG00000159182
13920.0	0.0003	RIOK2	ENSG00000058729
13920.0	0.0003	KLHL12	ENSG00000117153
13920.0	0.0003	THRSP	ENSG00000151365
13920.0	0.0003	SGMS1	ENSG00000198964
13920.0	0.0003	RIPK4	ENSG00000183421
13920.0	0.0003	MAPRE1	ENSG00000101367
13920.0	0.0003	SLC25A17	ENSG00000100372
13920.0	0.0003	PLK2	ENSG00000145632
13920.0	0.0003	GPX1	ENSG00000233276
13920.0	0.0003	TNS1	ENSG00000079308
13920.0	0.0003	CYB5R2	ENSG00000166394
13920.0	0.0003	UTY	ENSG00000183878
13920.0	0.0003	KANSL2	ENSG00000139620
13920.0	0.0003	KLHL24	ENSG00000114796
13920.0	0.0003	KLHL9	ENSG00000198642
13920.0	0.0003	TACR2	ENSG00000075073
13920.0	0.0003	ST6GALNAC4	ENSG00000136840
13920.0	0.0003	GP9	ENSG00000169704
13920.0	0.0003	KLHL22	ENSG00000099910
13920.0	0.0003	HOXD9	ENSG00000128709
13920.0	0.0003	BST1	ENSG00000109743
13920.0	0.0003	ZDHHC3	ENSG00000163812
13920.0	0.0003	KLHL13	ENSG00000003096
13920.0	0.0003	PTPN2	ENSG00000175354
13920.0	0.0003	DYNC1I1	ENSG00000158560
13920.0	0.0003	KCTD13	ENSG00000174943
13920.0	0.0003	CRMP1	ENSG00000072832
13920.0	0.0003	SPTA1	ENSG00000163554
13920.0	0.0003	STAM2	ENSG00000115145
13920.0	0.0003	KLHL42	ENSG00000087448
13920.0	0.0003	SIRT1	ENSG00000096717
13920.0	0.0003	BLOC1S2	ENSG00000196072
13920.0	0.0003	AURKB	ENSG00000178999
13920.0	0.0003	MZT1	ENSG00000204899
13920.0	0.0003	RIC3	ENSG00000166405
13920.0	0.0003	KLHL21	ENSG00000162413
13920.0	0.0003	GABRR1	ENSG00000146276
13920.0	0.0003	TRMT44	ENSG00000155275
13920.0	0.0003	ERN1	ENSG00000178607
13920.0	0.0003	INSIG2	ENSG00000125629
13920.0	0.0003	H4C13	ENSG00000198558
13920.0	0.0003	SPOPL	ENSG00000144228
13920.0	0.0003	FAR2	ENSG00000064763
13920.0	0.0003	NAPA	ENSG00000105402
13920.0	0.0003	KLHL8	ENSG00000145332
13920.0	0.0003	DPF1	ENSG00000011332
13920.0	0.0003	OSBP	ENSG00000110048
13920.0	0.0003	HNRNPM	ENSG00000099783
13920.0	0.0003	PLK5	ENSG00000185988
13920.0	0.0003	KLHL7	ENSG00000122550
13920.0	0.0003	TNFAIP1	ENSG00000109079
13920.0	0.0003	KLHL20	ENSG00000076321
13920.0	0.0003	TLN1	ENSG00000137076
13920.0	0.0003	KLHL3	ENSG00000146021
13920.0	0.0003	CAT	ENSG00000121691
13920.0	0.0003	CYP2C19	ENSG00000165841
13920.0	0.0003	BIRC6	ENSG00000115760
13920.0	0.0003	RPS6KB1	ENSG00000108443
13920.0	0.0003	GLRX2	ENSG00000023572
13920.0	0.0003	MYLIP	ENSG00000007944
13920.0	0.0003	KLHL25	ENSG00000183655
13920.0	0.0003	CLRN1	ENSG00000163646
13920.0	0.0003	DLGAP1	ENSG00000170579
13920.0	0.0003	INHBA	ENSG00000122641
13920.0	0.0003	NME8	ENSG00000086288
13920.0	0.0003	SPTB	ENSG00000070182
13920.0	0.0003	MZT2B	ENSG00000152082
13920.0	0.0003	NLRX1	ENSG00000160703
13920.0	0.0003	GPX4	ENSG00000167468
13920.0	0.0003	SPTBN5	ENSG00000137877
13920.0	0.0003	QPCT	ENSG00000115828
13920.0	0.0003	C1D	ENSG00000197223
13920.0	0.0003	TGFBRAP1	ENSG00000135966
13920.0	0.0003	PRKCD	ENSG00000163932
13920.0	0.0003	SH3GL2	ENSG00000107295
13920.0	0.0003	TBL1X	ENSG00000101849
13920.0	0.0003	SH3GL3	ENSG00000140600
13920.0	0.0003	UGT2A1	ENSG00000173610
13920.0	0.0003	NCOA1	ENSG00000084676
13920.0	0.0003	TSHZ1	ENSG00000179981
13920.0	0.0003	HYKK	ENSG00000188266
13920.0	0.0003	TXNRD3	ENSG00000197763
13920.0	0.0003	CCND3	ENSG00000112576
13920.0	0.0003	PPP2CB	ENSG00000104695
13920.0	0.0003	NOS3	ENSG00000164867
13920.0	0.0003	RPS3	ENSG00000149273
13920.0	0.0003	ERN2	ENSG00000134398
13920.0	0.0003	PAFAH1B3	ENSG00000079462
13920.0	0.0003	VPS33B	ENSG00000184056
13920.0	0.0003	BCAN	ENSG00000132692
13920.0	0.0003	MPL	ENSG00000117400
13920.0	0.0003	PPP2R1B	ENSG00000137713
13920.0	0.0003	CPN1	ENSG00000120054
13920.0	0.0003	ERBIN	ENSG00000112851
13920.0	0.0003	PRKCQ	ENSG00000065675
13920.0	0.0003	GFRA1	ENSG00000151892
13920.0	0.0003	SLC25A6	ENSG00000169100
13920.0	0.0003	CERS3	ENSG00000154227
13920.0	0.0003	GRM5	ENSG00000168959
13920.0	0.0003	UBXN2B	ENSG00000215114
13920.0	0.0003	TBL1Y	ENSG00000092377
13920.0	0.0003	SF3A2	ENSG00000104897
13920.0	0.0003	SPHK2	ENSG00000063176
13920.0	0.0003	RIMKLB	ENSG00000166532
13920.0	0.0003	MZT2A	ENSG00000173272
13920.0	0.0003	ECI1	ENSG00000167969
13920.0	0.0003	MAGI1	ENSG00000151276
13920.0	0.0003	MND1	ENSG00000121211
13920.0	0.0003	ACER1	ENSG00000167769
13920.0	0.0003	CERS4	ENSG00000090661
13920.0	0.0003	ST6GALNAC6	ENSG00000160408
13920.0	0.0003	ST6GALNAC5	ENSG00000117069
13920.0	0.0003	NMRK2	ENSG00000077009
13920.0	0.0003	CNGB1	ENSG00000070729
13920.0	0.0003	DIS3L	ENSG00000166938
13920.0	0.0003	ATP12A	ENSG00000075673
13920.0	0.0003	GADD45A	ENSG00000116717
13920.0	0.0003	CD82	ENSG00000085117
13920.0	0.0003	NOC2L	ENSG00000188976
13920.0	0.0003	INHBB	ENSG00000163083
13920.0	0.0003	M6PR	ENSG00000003056
13920.0	0.0003	ST6GALNAC3	ENSG00000184005
13920.0	0.0003	CERS6	ENSG00000172292
13920.0	0.0003	SFT2D3	ENSG00000173349
13920.0	0.0003	RNF139	ENSG00000170881
13920.0	0.0003	SIPA1L1	ENSG00000197555
13920.0	0.0003	UBXN2A	ENSG00000173960
13920.0	0.0003	ADSS2	ENSG00000035687
13920.0	0.0003	ITGA3	ENSG00000005884
13920.0	0.0003	IFIT1	ENSG00000185745
13920.0	0.0003	CDC14A	ENSG00000079335
13920.0	0.0003	CERS5	ENSG00000139624
13920.0	0.0003	PRDX4	ENSG00000123131
13920.0	0.0003	POLR1B	ENSG00000125630
13920.0	0.0003	LPL	ENSG00000175445
13920.0	0.0003	GBE1	ENSG00000114480
13920.0	0.0003	ATP6V0D2	ENSG00000147614
13920.0	0.0003	RAPGEF1	ENSG00000107263
13920.0	0.0003	NCOA5	ENSG00000124160
13920.0	0.0003	UGGT2	ENSG00000102595
13920.0	0.0003	UST	ENSG00000111962
13920.0	0.0003	FEZF2	ENSG00000153266
13920.0	0.0003	PYGO1	ENSG00000171016
13920.0	0.0003	ATP6V0D1	ENSG00000159720
13920.0	0.0003	STAM	ENSG00000136738
13920.0	0.0003	MARK4	ENSG00000007047
13920.0	0.0003	NT5C1A	ENSG00000116981
13920.0	0.0003	HS3ST6	ENSG00000162040
13920.0	0.0003	HS3ST3B1	ENSG00000125430
13920.0	0.0003	ACER2	ENSG00000177076
13920.0	0.0003	SMC1B	ENSG00000077935
13920.0	0.0003	ACAN	ENSG00000157766
13920.0	0.0003	ST3GAL6	ENSG00000064225
13920.0	0.0003	VCAN	ENSG00000038427
13920.0	0.0003	SETD7	ENSG00000145391
13920.0	0.0003	NT5E	ENSG00000135318
13920.0	0.0003	GRWD1	ENSG00000105447
13920.0	0.0003	NUP85	ENSG00000125450
13920.0	0.0003	DAOA	ENSG00000182346
13920.0	0.0003	LHX4	ENSG00000121454
13920.0	0.0003	UGT2B10	ENSG00000109181
13920.0	0.0003	NT5C	ENSG00000125458
13920.0	0.0003	NMRK1	ENSG00000106733
13920.0	0.0003	ST3GAL4	ENSG00000110080
13920.0	0.0003	WDR12	ENSG00000138442
13920.0	0.0003	KDM4C	ENSG00000107077
13920.0	0.0003	SNTB2	ENSG00000168807
13920.0	0.0003	CCNC	ENSG00000112237
13920.0	0.0003	OSBPL10	ENSG00000144645
13920.0	0.0003	BRSK1	ENSG00000160469
13920.0	0.0003	CLTB	ENSG00000175416
13920.0	0.0003	INHBC	ENSG00000175189
13920.0	0.0003	BOP1	ENSG00000170727
13920.0	0.0003	PTK2	ENSG00000169398
13920.0	0.0003	CTCF	ENSG00000102974
13920.0	0.0003	ARFRP1	ENSG00000101246
13920.0	0.0003	NR1H2	ENSG00000131408
13920.0	0.0003	BRSK2	ENSG00000174672
13920.0	0.0003	AGO3	ENSG00000126070
13920.0	0.0003	FOLH1B	ENSG00000134612
13920.0	0.0003	CD86	ENSG00000114013
13920.0	0.0003	PAQR8	ENSG00000170915
13920.0	0.0003	SIK2	ENSG00000170145
13920.0	0.0003	APPL2	ENSG00000136044
13920.0	0.0003	INHBE	ENSG00000139269
13920.0	0.0003	NR1H3	ENSG00000025434
13920.0	0.0003	TOMM5	ENSG00000175768
13920.0	0.0003	EXT1	ENSG00000182197
13920.0	0.0003	TOMM6	ENSG00000214736
13920.0	0.0003	AGO4	ENSG00000134698
13920.0	0.0003	KIFAP3	ENSG00000075945
13920.0	0.0003	NEK8	ENSG00000160602
13920.0	0.0003	TXNDC8	ENSG00000204193
13920.0	0.0003	PLN	ENSG00000198523
13920.0	0.0003	PWP2	ENSG00000241945
13920.0	0.0003	CDH15	ENSG00000129910
13920.0	0.0003	NUDT14	ENSG00000183828
13920.0	0.0003	PDK1	ENSG00000152256
13920.0	0.0003	SEC31B	ENSG00000075826
13920.0	0.0003	MYH9	ENSG00000100345
13920.0	0.0003	HS3ST1	ENSG00000002587
13920.0	0.0003	MYL12B	ENSG00000118680
13920.0	0.0003	PXN	ENSG00000089159
13920.0	0.0003	CAPNS1	ENSG00000126247
13920.0	0.0003	CHFR	ENSG00000072609
13920.0	0.0003	UBOX5	ENSG00000185019
13920.0	0.0003	IGFBP4	ENSG00000141753
13920.0	0.0003	RLBP1	ENSG00000140522
13920.0	0.0003	YLPM1	ENSG00000119596
13920.0	0.0003	RDH5	ENSG00000135437
13920.0	0.0003	DDX21	ENSG00000165732
13920.0	0.0003	CDK6	ENSG00000105810
13920.0	0.0003	CHD9	ENSG00000177200
13920.0	0.0003	RNFT1	ENSG00000189050
13920.0	0.0003	RNF145	ENSG00000145860
13920.0	0.0003	RNFT2	ENSG00000135119
13920.0	0.0003	RALY	ENSG00000125970
13920.0	0.0003	TCF7	ENSG00000081059
13920.0	0.0003	ADM	ENSG00000148926
13920.0	0.0003	BDKRB1	ENSG00000100739
13920.0	0.0003	MPHOSPH6	ENSG00000135698
13920.0	0.0003	TP53BP2	ENSG00000143514
13920.0	0.0003	KDSR	ENSG00000119537
13920.0	0.0003	MYL6	ENSG00000092841
13920.0	0.0003	PUS7L	ENSG00000129317
13920.0	0.0003	RPTN	ENSG00000215853
13920.0	0.0003	USP46	ENSG00000109189
13920.0	0.0003	CYP11B1	ENSG00000160882
13920.0	0.0003	NMD3	ENSG00000169251
13920.0	0.0003	PCSK9	ENSG00000169174
13920.0	0.0003	FXYD6	ENSG00000137726
13920.0	0.0003	NME1	ENSG00000239672
13920.0	0.0003	SLC22A18	ENSG00000110628
13920.0	0.0003	CEBPB	ENSG00000172216
13920.0	0.0003	ATF3	ENSG00000162772
13920.0	0.0003	ITGB3	ENSG00000259207
13920.0	0.0003	ITGB7	ENSG00000139626
13920.0	0.0003	CORO1C	ENSG00000110880
13920.0	0.0003	MAP2K3	ENSG00000034152
13920.0	0.0003	RRM1	ENSG00000167325
13920.0	0.0003	RABL2B	ENSG00000079974
13920.0	0.0003	DIPK2A	ENSG00000181744
13920.0	0.0003	TMED7	ENSG00000134970
13920.0	0.0003	RABL2A	ENSG00000144134
13920.0	0.0003	MOV10	ENSG00000155363
13920.0	0.0003	MMP21	ENSG00000154485
13920.0	0.0003	MPC2	ENSG00000143158
13920.0	0.0003	NCK2	ENSG00000071051
13920.0	0.0003	NCALD	ENSG00000104490
13920.0	0.0003	MAPK3	ENSG00000102882
13920.0	0.0003	ARIH2	ENSG00000177479
13920.0	0.0003	FTSJ3	ENSG00000108592
13920.0	0.0003	TNRC6C	ENSG00000078687
13920.0	0.0003	UTP14A	ENSG00000156697
13920.0	0.0003	UTP14C	ENSG00000253797
13920.0	0.0003	PCDHA2	ENSG00000204969
13920.0	0.0003	MEIS3	ENSG00000105419
13920.0	0.0003	SLC4A11	ENSG00000088836
13920.0	0.0003	TUT1	ENSG00000149016
13920.0	0.0003	RARA	ENSG00000131759
13920.0	0.0003	ZFR	ENSG00000056097
13920.0	0.0003	DCTD	ENSG00000129187
13920.0	0.0003	ST6GAL1	ENSG00000073849
13920.0	0.0003	RDH10	ENSG00000121039
13920.0	0.0003	TMOD3	ENSG00000138594
13920.0	0.0003	IL13	ENSG00000169194
13920.0	0.0003	SEM1	ENSG00000127922
13920.0	0.0003	ITGB5	ENSG00000082781
13920.0	0.0003	RBMXL1	ENSG00000213516
13920.0	0.0003	PIAS1	ENSG00000033800
13920.0	0.0003	MMP14	ENSG00000157227
13920.0	0.0003	SLC25A2	ENSG00000120329
13920.0	0.0003	HYI	ENSG00000178922
13920.0	0.0003	ST6GALNAC2	ENSG00000070731
13920.0	0.0003	ST8SIA3	ENSG00000177511
13920.0	0.0003	PABPC4	ENSG00000090621
13920.0	0.0003	VPS72	ENSG00000163159
13920.0	0.0003	BOLA2B	ENSG00000169627
13920.0	0.0003	PLAU	ENSG00000122861
13920.0	0.0003	NOP53	ENSG00000105373
13920.0	0.0003	RIPK1	ENSG00000137275
13920.0	0.0003	ENTPD3	ENSG00000168032
13920.0	0.0003	PIK3CG	ENSG00000105851
13920.0	0.0003	ATP6V1H	ENSG00000047249
13920.0	0.0003	DMRTA2	ENSG00000142700
13920.0	0.0003	RTCA	ENSG00000137996
13920.0	0.0003	UGT2B11	ENSG00000213759
13920.0	0.0003	ENTPD8	ENSG00000188833
13920.0	0.0003	MARCHF5	ENSG00000198060
13920.0	0.0003	FOXJ1	ENSG00000129654
13920.0	0.0003	SLC25A38	ENSG00000144659
13920.0	0.0003	ST8SIA4	ENSG00000113532
13920.0	0.0003	F12	ENSG00000131187
13920.0	0.0003	NRXN1	ENSG00000179915
13920.0	0.0003	EFNB2	ENSG00000125266
13920.0	0.0003	PPIG	ENSG00000138398
13920.0	0.0003	EFNA5	ENSG00000184349
13920.0	0.0003	PABPC5	ENSG00000174740
13920.0	0.0003	PSME3	ENSG00000131467
13920.0	0.0003	LHX3	ENSG00000107187
13920.0	0.0003	BOLA2	ENSG00000183336
13920.0	0.0003	RP11-345J4.5	ENSG00000261740
13920.0	0.0003	ATP6V1F	ENSG00000128524
13920.0	0.0003	FXYD1	ENSG00000266964
13920.0	0.0003	ABI1	ENSG00000136754
13920.0	0.0003	PABPC1L	ENSG00000101104
13920.0	0.0003	ST8SIA2	ENSG00000140557
13920.0	0.0003	IL2	ENSG00000109471
13920.0	0.0003	VTI1B	ENSG00000100568
13920.0	0.0003	INTS10	ENSG00000104613
13920.0	0.0003	ST6GAL2	ENSG00000144057
13920.0	0.0003	APOC3	ENSG00000110245
13920.0	0.0003	ATP6V0B	ENSG00000117410
13920.0	0.0003	PABPC3	ENSG00000151846
13920.0	0.0003	FXYD7	ENSG00000221946
13920.0	0.0003	WNT5A	ENSG00000114251
13920.0	0.0003	NME2	ENSG00000011052
13920.0	0.0003	FADD	ENSG00000168040
13920.0	0.0003	PABPC1L2A	ENSG00000186288
13920.0	0.0003	F11	ENSG00000088926
13920.0	0.0003	NME1-NME2	ENSG00000243678
13920.0	0.0003	FXYD4	ENSG00000150201
13920.0	0.0003	EFNB3	ENSG00000108947
13920.0	0.0003	STK38L	ENSG00000211455
13920.0	0.0003	CORO7-PAM16	ENSG00000103426
13920.0	0.0003	CMPK1	ENSG00000162368
13920.0	0.0003	LATS1	ENSG00000131023
13920.0	0.0003	PSMB2	ENSG00000126067
13920.0	0.0003	FXYD3	ENSG00000089356
13920.0	0.0003	CAST	ENSG00000153113
13920.0	0.0003	WNT3	ENSG00000108379
13920.0	0.0003	XRN1	ENSG00000114127
13920.0	0.0003	NME3	ENSG00000103024
13920.0	0.0003	C1QBP	ENSG00000108561
13920.0	0.0003	DIRAS3	ENSG00000162595
13920.0	0.0003	NEK6	ENSG00000119408
13920.0	0.0003	EFNA1	ENSG00000169242
13920.0	0.0003	SREBF1	ENSG00000072310
13920.0	0.0003	SCG5	ENSG00000166922
13920.0	0.0003	ACADL	ENSG00000115361
13920.0	0.0003	PABPC4L	ENSG00000254535
13920.0	0.0003	WNT7B	ENSG00000188064
13920.0	0.0003	NME6	ENSG00000172113
13920.0	0.0003	ACAD10	ENSG00000111271
13920.0	0.0003	ATP6V0E1	ENSG00000113732
13920.0	0.0003	ORMDL3	ENSG00000172057
13920.0	0.0003	HEATR5B	ENSG00000008869
13920.0	0.0003	INTS9	ENSG00000104299
13920.0	0.0003	ZNF350	ENSG00000256683
13920.0	0.0003	EFNA3	ENSG00000143590
13920.0	0.0003	ELP6	ENSG00000163832
13920.0	0.0003	HEATR5A	ENSG00000129493
13920.0	0.0003	YEATS4	ENSG00000127337
13920.0	0.0003	WNT5B	ENSG00000111186
13920.0	0.0003	FBXO9	ENSG00000112146
13920.0	0.0003	NME5	ENSG00000112981
13920.0	0.0003	SUCO	ENSG00000094975
13920.0	0.0003	PNO1	ENSG00000115946
13920.0	0.0003	GOLPH3	ENSG00000113384
13920.0	0.0003	EFNA4	ENSG00000243364
13920.0	0.0003	NME7	ENSG00000143156
13920.0	0.0003	KPNB1	ENSG00000108424
13920.0	0.0003	EFNA2	ENSG00000099617
13920.0	0.0003	CXXC1	ENSG00000154832
13920.0	0.0003	DGLUCY	ENSG00000133943
13920.0	0.0003	TSR1	ENSG00000167721
13920.0	0.0003	B3GNTL1	ENSG00000175711
13920.0	0.0003	DLGAP3	ENSG00000116544
13920.0	0.0003	CFDP1	ENSG00000153774
13920.0	0.0003	F9	ENSG00000101981
13920.0	0.0003	SH3YL1	ENSG00000035115
13920.0	0.0003	WDHD1	ENSG00000198554
13920.0	0.0003	ESCO2	ENSG00000171320
13920.0	0.0003	MAPK7	ENSG00000166484
13920.0	0.0003	NEK7	ENSG00000151414
13920.0	0.0003	IKBKB	ENSG00000104365
13920.0	0.0003	FN1	ENSG00000115414
13920.0	0.0003	KRT17	ENSG00000128422
13920.0	0.0003	CSN2	ENSG00000135222
13920.0	0.0003	INTS2	ENSG00000108506
13920.0	0.0003	DDX60	ENSG00000137628
13920.0	0.0003	RAB9A	ENSG00000123595
13920.0	0.0003	KLKB1	ENSG00000164344
13920.0	0.0003	SGO2	ENSG00000163535
13920.0	0.0003	GATA2	ENSG00000179348
13920.0	0.0003	WNT11	ENSG00000085741
13920.0	0.0003	PGR	ENSG00000082175
13920.0	0.0003	YIF1A	ENSG00000174851
13920.0	0.0003	CPVL	ENSG00000106066
13920.0	0.0003	ATP6V1G3	ENSG00000151418
13920.0	0.0003	FGFRL1	ENSG00000127418
13920.0	0.0003	IL5	ENSG00000113525
13920.0	0.0003	SMAD6	ENSG00000137834
13920.0	0.0003	COX7C	ENSG00000127184
13920.0	0.0003	AMPD1	ENSG00000116748
13920.0	0.0003	RELB	ENSG00000104856
13920.0	0.0003	MS4A6A	ENSG00000110077
13920.0	0.0003	ZNHIT1	ENSG00000106400
13920.0	0.0003	APBB1	ENSG00000166313
13920.0	0.0003	ENG	ENSG00000106991
13920.0	0.0003	UGGT1	ENSG00000136731
13920.0	0.0003	ACTN1	ENSG00000072110
13920.0	0.0003	ATP6V1G1	ENSG00000136888
13920.0	0.0003	CDH5	ENSG00000179776
13920.0	0.0003	ACTN4	ENSG00000130402
13920.0	0.0003	IFNB1	ENSG00000171855
13920.0	0.0003	WNT2B	ENSG00000134245
13920.0	0.0003	SOX9	ENSG00000125398
13920.0	0.0003	UQCRH	ENSG00000173660
13920.0	0.0003	WNT2	ENSG00000105989
13920.0	0.0003	CHUK	ENSG00000213341
13920.0	0.0003	STK36	ENSG00000163482
13920.0	0.0003	WNT16	ENSG00000002745
13920.0	0.0003	ATG12	ENSG00000145782
13920.0	0.0003	UTP20	ENSG00000120800
13920.0	0.0003	CSNK1D	ENSG00000141551
13920.0	0.0003	RMDN3	ENSG00000137824
13920.0	0.0003	TRAF2	ENSG00000127191
13920.0	0.0003	ZRANB1	ENSG00000019995
13920.0	0.0003	CAMK1G	ENSG00000008118
13920.0	0.0003	KHSRP	ENSG00000088247
13920.0	0.0003	OSBPL2	ENSG00000130703
13920.0	0.0003	COX5B	ENSG00000135940
13920.0	0.0003	ODAD3	ENSG00000198003
13920.0	0.0003	PFDN1	ENSG00000113068
13920.0	0.0003	PF4	ENSG00000163737
13920.0	0.0003	STX7	ENSG00000079950
13920.0	0.0003	SGO1	ENSG00000129810
13920.0	0.0003	CHCT1	ENSG00000141371
13920.0	0.0003	CCNQ	ENSG00000147382
13920.0	0.0003	MPG	ENSG00000103152
13920.0	0.0003	FGF9	ENSG00000102678
13920.0	0.0003	MMP1	ENSG00000196611
13920.0	0.0003	CPSF2	ENSG00000165934
13920.0	0.0003	SUPV3L1	ENSG00000156502
13920.0	0.0003	S100A16	ENSG00000188643
13920.0	0.0003	GDF3	ENSG00000184344
13920.0	0.0003	LEO1	ENSG00000166477
13920.0	0.0003	KCND2	ENSG00000184408
13920.0	0.0003	NCAN	ENSG00000130287
13920.0	0.0003	COX6C	ENSG00000164919
13920.0	0.0003	CASP12	ENSG00000204403
13920.0	0.0003	LYN	ENSG00000254087
13920.0	0.0003	CSTF3	ENSG00000176102
13920.0	0.0003	UQCR10	ENSG00000184076
13920.0	0.0003	CMPK2	ENSG00000134326
13920.0	0.0003	SPTSSB	ENSG00000196542
13920.0	0.0003	FOXN4	ENSG00000139445
13920.0	0.0003	SSU72	ENSG00000160075
13920.0	0.0003	THBS2	ENSG00000186340
13920.0	0.0003	RAB9B	ENSG00000123570
13920.0	0.0003	CCN2	ENSG00000118523
13920.0	0.0003	ATG3	ENSG00000144848
13920.0	0.0003	RAB11A	ENSG00000103769
13920.0	0.0003	GCFC2	ENSG00000005436
13920.0	0.0003	HDAC6	ENSG00000094631
13920.0	0.0003	PDK4	ENSG00000004799
13920.0	0.0003	CDC23	ENSG00000094880
13920.0	0.0003	PDLIM7	ENSG00000196923
13920.0	0.0003	IRF7	ENSG00000185507
13920.0	0.0003	VPS8	ENSG00000156931
13920.0	0.0003	DUOXA1	ENSG00000140254
13920.0	0.0003	BNIP2	ENSG00000140299
13920.0	0.0003	MAP2K6	ENSG00000108984
13920.0	0.0003	HDAC10	ENSG00000100429
13920.0	0.0003	KCNA3	ENSG00000177272
13920.0	0.0003	PYGO2	ENSG00000163348
13920.0	0.0003	WNT6	ENSG00000115596
13920.0	0.0003	TRAIP	ENSG00000183763
13920.0	0.0003	TCF12	ENSG00000140262
13920.0	0.0003	LHPP	ENSG00000107902
13920.0	0.0003	NAALADL1	ENSG00000168060
13920.0	0.0003	MYL9	ENSG00000101335
13920.0	0.0003	GAK	ENSG00000178950
13920.0	0.0003	RNF11	ENSG00000123091
13920.0	0.0003	ABCB11	ENSG00000073734
13920.0	0.0003	SKP2	ENSG00000145604
13920.0	0.0003	MUTYH	ENSG00000132781
13920.0	0.0003	ATP6V0E2	ENSG00000171130
13920.0	0.0003	KCNB2	ENSG00000182674
13920.0	0.0003	PTPRZ1	ENSG00000106278
13920.0	0.0003	CARTPT	ENSG00000164326
13920.0	0.0003	RFNG	ENSG00000169733
13920.0	0.0003	KCNG3	ENSG00000171126
13920.0	0.0003	KCNG4	ENSG00000168418
13920.0	0.0003	KCNA10	ENSG00000143105
13920.0	0.0003	ESPL1	ENSG00000135476
13920.0	0.0003	KCNQ4	ENSG00000117013
13920.0	0.0003	EPHA3	ENSG00000044524
13920.0	0.0003	KCNF1	ENSG00000162975
13920.0	0.0003	PBX2	ENSG00000204304
13920.0	0.0003	SELE	ENSG00000007908
13920.0	0.0003	CNDP2	ENSG00000133313
13920.0	0.0003	NAMPT	ENSG00000105835
13920.0	0.0003	BIRC7	ENSG00000101197
13920.0	0.0003	CARNS1	ENSG00000172508
13920.0	0.0003	CNDP1	ENSG00000150656
13920.0	0.0003	TMEM263	ENSG00000151135
13920.0	0.0003	AK3	ENSG00000147853
13920.0	0.0003	KCNQ1	ENSG00000053918
13920.0	0.0003	RIPK3	ENSG00000129465
13920.0	0.0003	USP15	ENSG00000135655
13920.0	0.0003	KCNG2	ENSG00000178342
13920.0	0.0003	PITPNM1	ENSG00000110697
13920.0	0.0003	RBP1	ENSG00000114115
13920.0	0.0003	ACO1	ENSG00000122729
13920.0	0.0003	ZFP36	ENSG00000128016
13920.0	0.0003	PBX3	ENSG00000167081
13920.0	0.0003	KCNAB3	ENSG00000170049
13920.0	0.0003	WNT9A	ENSG00000143816
13920.0	0.0003	TSHR	ENSG00000165409
13920.0	0.0003	WNT9B	ENSG00000158955
13920.0	0.0003	KCNS2	ENSG00000156486
13920.0	0.0003	GANC	ENSG00000214013
13920.0	0.0003	WNT10B	ENSG00000169884
13920.0	0.0003	ZFYVE9	ENSG00000157077
13920.0	0.0003	NTN3	ENSG00000162068
13920.0	0.0003	CLUAP1	ENSG00000103351
13920.0	0.0003	STX12	ENSG00000117758
13920.0	0.0003	CPSF1	ENSG00000071894
13920.0	0.0003	IRF2BP1	ENSG00000170604
13920.0	0.0003	KCNS3	ENSG00000170745
13920.0	0.0003	COPS6	ENSG00000168090
13920.0	0.0003	ATP5PF	ENSG00000154723
13920.0	0.0003	WNT8B	ENSG00000075290
13920.0	0.0003	PBX4	ENSG00000105717
13920.0	0.0003	TICAM2	ENSG00000243414
13920.0	0.0003	FGF20	ENSG00000078579
13920.0	0.0003	KCNS1	ENSG00000124134
13920.0	0.0003	SARM1	ENSG00000004139
13920.0	0.0003	ATAD5	ENSG00000176208
13920.0	0.0003	KCNA6	ENSG00000151079
13920.0	0.0003	EPHA6	ENSG00000080224
13920.0	0.0003	WNT8A	ENSG00000061492
13920.0	0.0003	EPHA5	ENSG00000145242
13920.0	0.0003	KCNG1	ENSG00000026559
13920.0	0.0003	WNT10A	ENSG00000135925
13920.0	0.0003	GLDN	ENSG00000186417
13920.0	0.0003	KCNC4	ENSG00000116396
13920.0	0.0003	TUBA3E	ENSG00000152086
13920.0	0.0003	ATP5MF	ENSG00000241468
13920.0	0.0003	COX7A2L	ENSG00000115944
13920.0	0.0003	GAL3ST2	ENSG00000154252
13920.0	0.0003	NUP205	ENSG00000155561
13920.0	0.0003	KCNH2	ENSG00000055118
13920.0	0.0003	EPHA1	ENSG00000146904
13920.0	0.0003	KLHL2	ENSG00000109466
13920.0	0.0003	NFKBIA	ENSG00000100906
13920.0	0.0003	GLMN	ENSG00000174842
13920.0	0.0003	SMARCA5	ENSG00000153147
13920.0	0.0003	FUT3	ENSG00000171124
13920.0	0.0003	MC1R	ENSG00000258839
13920.0	0.0003	TCF7L2	ENSG00000148737
13920.0	0.0003	KCNV1	ENSG00000164794
13920.0	0.0003	HARS2	ENSG00000112855
13920.0	0.0003	BCL9L	ENSG00000186174
13920.0	0.0003	TET2	ENSG00000168769
13920.0	0.0003	BAZ1A	ENSG00000198604
13920.0	0.0003	CLK3	ENSG00000179335
13920.0	0.0003	ZFAND6	ENSG00000086666
13920.0	0.0003	DOT1L	ENSG00000104885
13920.0	0.0003	MAT1A	ENSG00000151224
13920.0	0.0003	KCNA7	ENSG00000104848
13920.0	0.0003	CSPG4	ENSG00000173546
13920.0	0.0003	CTR9	ENSG00000198730
13920.0	0.0003	CDC73	ENSG00000134371
13920.0	0.0003	DIO3	ENSG00000197406
13920.0	0.0003	APC	ENSG00000134982
13920.0	0.0003	PPP1R12B	ENSG00000077157
13920.0	0.0003	ATP5MG	ENSG00000167283
13920.0	0.0003	SLC13A2	ENSG00000007216
13920.0	0.0003	ATP5ME	ENSG00000169020
13920.0	0.0003	PPP1R12C	ENSG00000125503
13920.0	0.0003	STX17	ENSG00000136874
13920.0	0.0003	SELL	ENSG00000188404
13920.0	0.0003	KCNH3	ENSG00000135519
13920.0	0.0003	KCNH8	ENSG00000183960
13920.0	0.0003	ATP5MC1	ENSG00000159199
13920.0	0.0003	CECR2	ENSG00000099954
13920.0	0.0003	WDR5B	ENSG00000196981
13920.0	0.0003	PGAM5	ENSG00000247077
13920.0	0.0003	KCNH7	ENSG00000184611
13920.0	0.0003	KCNH6	ENSG00000173826
13920.0	0.0003	EPHB2	ENSG00000133216
13920.0	0.0003	LUC7L3	ENSG00000108848
13920.0	0.0003	GORAB	ENSG00000120370
13920.0	0.0003	KCNH4	ENSG00000089558
13920.0	0.0003	PTCH2	ENSG00000117425
13920.0	0.0003	MAP1LC3A	ENSG00000101460
13920.0	0.0003	ATP5MC2	ENSG00000135390
13920.0	0.0003	SFRP1	ENSG00000104332
13920.0	0.0003	OXT	ENSG00000101405
13920.0	0.0003	NDC80	ENSG00000080986
13920.0	0.0003	TNPO1	ENSG00000083312
13920.0	0.0003	NTN1	ENSG00000065320
13920.0	0.0003	ULK1	ENSG00000177169
13920.0	0.0003	SLC35B1	ENSG00000121073
13920.0	0.0003	SYMPK	ENSG00000125755
13920.0	0.0003	EPHA8	ENSG00000070886
13920.0	0.0003	TRAF1	ENSG00000056558
13920.0	0.0003	IKZF1	ENSG00000185811
13920.0	0.0003	TXN	ENSG00000136810
13920.0	0.0003	EXOC4	ENSG00000131558
13920.0	0.0003	SAFB2	ENSG00000130254
13920.0	0.0003	BCCIP	ENSG00000107949
13920.0	0.0003	XPOT	ENSG00000184575
13920.0	0.0003	CSTF2	ENSG00000101811
13920.0	0.0003	MED8	ENSG00000159479
13920.0	0.0003	MAT2A	ENSG00000168906
13920.0	0.0003	ITGAV	ENSG00000138448
13920.0	0.0003	FUT1	ENSG00000174951
13920.0	0.0003	KCTD10	ENSG00000110906
13920.0	0.0003	HCK	ENSG00000101336
13920.0	0.0003	CCL22	ENSG00000102962
13920.0	0.0003	PIP5K1C	ENSG00000186111
13920.0	0.0003	FGR	ENSG00000000938
13920.0	0.0003	ARFGAP2	ENSG00000149182
13920.0	0.0003	ZFP36L1	ENSG00000185650
13920.0	0.0003	MRPL13	ENSG00000172172
13920.0	0.0003	UXT	ENSG00000126756
13920.0	0.0003	LLGL1	ENSG00000131899
13920.0	0.0003	EPHB4	ENSG00000196411
13920.0	0.0003	SLC27A1	ENSG00000130304
13920.0	0.0003	SH3GL1	ENSG00000141985
13920.0	0.0003	EPHB6	ENSG00000106123
13920.0	0.0003	ITGB8	ENSG00000105855
13920.0	0.0003	E2F1	ENSG00000101412
13920.0	0.0003	EPHA10	ENSG00000183317
13920.0	0.0003	BLK	ENSG00000136573
13920.0	0.0003	ATP5PB	ENSG00000116459
13920.0	0.0003	LUM	ENSG00000139329
13920.0	0.0003	CPSF4	ENSG00000160917
13920.0	0.0003	DIXDC1	ENSG00000150764
13920.0	0.0003	USE1	ENSG00000053501
13920.0	0.0003	TAF10	ENSG00000166337
13920.0	0.0003	SWT1	ENSG00000116668
13920.0	0.0003	F2R	ENSG00000181104
13920.0	0.0003	ITGA5	ENSG00000161638
13920.0	0.0003	OGN	ENSG00000106809
13920.0	0.0003	TFDP1	ENSG00000198176
13920.0	0.0003	ITGA9	ENSG00000144668
13920.0	0.0003	RPS2	ENSG00000140988
13920.0	0.0003	FARSA	ENSG00000179115
13920.0	0.0003	ITGA8	ENSG00000077943
13920.0	0.0003	SLC16A10	ENSG00000112394
13920.0	0.0003	ENDOG	ENSG00000167136
13920.0	0.0003	RNF40	ENSG00000103549
13920.0	0.0003	NUP62CL	ENSG00000198088
13920.0	0.0003	PRELP	ENSG00000188783
13920.0	0.0003	KERA	ENSG00000139330
13920.0	0.0003	WDR33	ENSG00000136709
13920.0	0.0003	JAZF1	ENSG00000153814
13920.0	0.0003	IL37	ENSG00000125571
13920.0	0.0003	BHMT2	ENSG00000132840
13920.0	0.0003	FMOD	ENSG00000122176
13920.0	0.0003	AADAT	ENSG00000109576
13920.0	0.0003	SEL1L	ENSG00000071537
13920.0	0.0003	FPGS	ENSG00000136877
13920.0	0.0003	PROS1	ENSG00000184500
13920.0	0.0003	OMD	ENSG00000127083
13920.0	0.0003	ZBP1	ENSG00000124256
13920.0	0.0003	LRFN5	ENSG00000165379
13920.0	0.0003	MS4A6E	ENSG00000166926
13920.0	0.0003	ARHGAP35	ENSG00000160007
13920.0	0.0003	PHEX	ENSG00000102174
13920.0	0.0003	ITGA2	ENSG00000164171
13920.0	0.0003	PROC	ENSG00000115718
13920.0	0.0003	LFNG	ENSG00000106003
13920.0	0.0003	CST7	ENSG00000077984
13920.0	0.0003	SFXN1	ENSG00000164466
13920.0	0.0003	WDR74	ENSG00000133316
13920.0	0.0003	SELPLG	ENSG00000110876
13920.0	0.0003	MUC4	ENSG00000145113
13920.0	0.0003	EXOC6	ENSG00000138190
13920.0	0.0003	NFKBIB	ENSG00000104825
13920.0	0.0003	HEBP2	ENSG00000051620
13920.0	0.0003	CEP135	ENSG00000174799
13920.0	0.0003	PARP2	ENSG00000129484
13920.0	0.0003	LRRC47	ENSG00000130764
13920.0	0.0003	ITGA11	ENSG00000137809
13920.0	0.0003	SYNJ2	ENSG00000078269
13920.0	0.0003	KCNMB1	ENSG00000145936
13920.0	0.0003	MUC7	ENSG00000171195
13920.0	0.0003	TPM1	ENSG00000140416
13920.0	0.0003	MUC16	ENSG00000181143
13920.0	0.0003	TMED3	ENSG00000166557
13920.0	0.0003	TNNI3	ENSG00000129991
13920.0	0.0003	MAPKAPK3	ENSG00000114738
13920.0	0.0003	EXOC1	ENSG00000090989
13920.0	0.0003	NDUFC2-KCTD14	ENSG00000259112
13920.0	0.0003	CDKN2D	ENSG00000129355
13920.0	0.0003	MUC12	ENSG00000205277
13920.0	0.0003	MRPL32	ENSG00000106591
13920.0	0.0003	LCP1	ENSG00000136167
13920.0	0.0003	GLYAT	ENSG00000149124
13920.0	0.0003	ITPKA	ENSG00000137825
13920.0	0.0003	ATXN7L3	ENSG00000087152
13920.0	0.0003	TSNARE1	ENSG00000171045
13920.0	0.0003	SFXN3	ENSG00000107819
13920.0	0.0003	MRPL38	ENSG00000204316
13920.0	0.0003	ITPKB	ENSG00000143772
13920.0	0.0003	OS9	ENSG00000135506
13920.0	0.0003	PTPRN2	ENSG00000155093
13920.0	0.0003	INTS4	ENSG00000149262
13920.0	0.0003	SRD5A1	ENSG00000145545
13920.0	0.0003	MUC6	ENSG00000184956
13920.0	0.0003	TNNI2	ENSG00000130598
13920.0	0.0003	CD14	ENSG00000170458
13920.0	0.0003	USP13	ENSG00000058056
13920.0	0.0003	ITPKC	ENSG00000086544
13920.0	0.0003	BCKDK	ENSG00000103507
13920.0	0.0003	MUC17	ENSG00000169876
13920.0	0.0003	MUC20	ENSG00000176945
13920.0	0.0003	MUC15	ENSG00000169550
13920.0	0.0003	MRPL15	ENSG00000137547
13920.0	0.0003	MUC13	ENSG00000173702
13920.0	0.0003	E2F2	ENSG00000007968
13920.0	0.0003	SAC3D1	ENSG00000168061
13920.0	0.0003	TAF12	ENSG00000120656
13920.0	0.0003	SUPT3H	ENSG00000196284
13920.0	0.0003	MUCL1	ENSG00000172551
13920.0	0.0003	DDX20	ENSG00000064703
13920.0	0.0003	ETS2	ENSG00000157557
13920.0	0.0003	GEMIN2	ENSG00000092208
13920.0	0.0003	ING2	ENSG00000168556
13920.0	0.0003	CSTF2T	ENSG00000177613
13920.0	0.0003	SLC35G5	ENSG00000177710
13920.0	0.0003	TOMM40L	ENSG00000158882
13920.0	0.0003	SEPTIN5	ENSG00000184702
13920.0	0.0003	CYP2J2	ENSG00000134716
13920.0	0.0003	AHCYL1	ENSG00000168710
13920.0	0.0003	TNNC1	ENSG00000114854
13920.0	0.0003	CKM	ENSG00000104879
13920.0	0.0003	ETS1	ENSG00000134954
13920.0	0.0003	MAP1LC3C	ENSG00000197769
13920.0	0.0003	AHCYL2	ENSG00000158467
13920.0	0.0003	LCT	ENSG00000115850
13920.0	0.0003	DLGAP4	ENSG00000080845
13920.0	0.0003	NECAP2	ENSG00000157191
13920.0	0.0003	ITPR3	ENSG00000096433
13920.0	0.0003	JAK1	ENSG00000162434
13920.0	0.0003	INTS12	ENSG00000138785
13920.0	0.0003	NFE2L2	ENSG00000116044
13920.0	0.0003	ZFP62	ENSG00000196670
13920.0	0.0003	SNRPB	ENSG00000125835
13920.0	0.0003	PIP5K1A	ENSG00000143398
13920.0	0.0003	DIS3L2	ENSG00000144535
13920.0	0.0003	ITPR2	ENSG00000123104
13920.0	0.0003	TNNC2	ENSG00000101470
13920.0	0.0003	SNRPD3	ENSG00000100028
13920.0	0.0003	HES4	ENSG00000188290
13920.0	0.0003	DDX24	ENSG00000089737
13920.0	0.0003	MRPL19	ENSG00000115364
13920.0	0.0003	MRPL3	ENSG00000114686
13920.0	0.0003	DMAC2L	ENSG00000125375
13920.0	0.0003	IL6R	ENSG00000160712
13920.0	0.0003	CFLAR	ENSG00000003402
13920.0	0.0003	MTA1	ENSG00000182979
13920.0	0.0003	CASP10	ENSG00000003400
13920.0	0.0003	ATG4B	ENSG00000168397
13920.0	0.0003	RAB5C	ENSG00000108774
13920.0	0.0003	RCOR1	ENSG00000089902
13920.0	0.0003	HELZ2	ENSG00000130589
13920.0	0.0003	TAX1BP3	ENSG00000213977
13920.0	0.0003	ALK	ENSG00000171094
13920.0	0.0003	CKB	ENSG00000166165
13920.0	0.0003	MRPL9	ENSG00000143436
13920.0	0.0003	AFG1L	ENSG00000135537
13920.0	0.0003	PIK3C2G	ENSG00000139144
13920.0	0.0003	KPNA2	ENSG00000182481
13920.0	0.0003	OSBP2	ENSG00000184792
13920.0	0.0003	KPNA6	ENSG00000025800
13920.0	0.0003	VSNL1	ENSG00000163032
13920.0	0.0003	FRMPD2	ENSG00000170324
13920.0	0.0003	PPAT	ENSG00000128059
13920.0	0.0003	TMED5	ENSG00000117500
13920.0	0.0003	KPNA4	ENSG00000186432
13920.0	0.0003	KPNA1	ENSG00000114030
13920.0	0.0003	MTREX	ENSG00000039123
13920.0	0.0003	GZMA	ENSG00000145649
13920.0	0.0003	MIEF2	ENSG00000177427
13920.0	0.0003	PICALM	ENSG00000073921
13920.0	0.0003	VTI1A	ENSG00000151532
13920.0	0.0003	KPNA5	ENSG00000196911
13920.0	0.0003	DDO	ENSG00000203797
13920.0	0.0003	INPP1	ENSG00000151689
13920.0	0.0003	CSE1L	ENSG00000124207
13920.0	0.0003	SNAP23	ENSG00000092531
13920.0	0.0003	SNRPD2	ENSG00000125743
13920.0	0.0003	RAB5B	ENSG00000111540
13920.0	0.0003	MS4A13	ENSG00000204979
13920.0	0.0003	CHST5	ENSG00000135702
13920.0	0.0003	RAB10	ENSG00000084733
13920.0	0.0003	HDAC11	ENSG00000163517
13920.0	0.0003	HMGB2	ENSG00000164104
13920.0	0.0003	ANGPT2	ENSG00000091879
13920.0	0.0003	NCKAP1	ENSG00000061676
13920.0	0.0003	EEF1G	ENSG00000254772
13920.0	0.0003	STH	ENSG00000256762
13920.0	0.0003	KCNMB4	ENSG00000135643
13920.0	0.0003	SPAG6	ENSG00000077327
13920.0	0.0003	CHST6	ENSG00000183196
13920.0	0.0003	CACNB1	ENSG00000067191
13920.0	0.0003	STXBP3	ENSG00000116266
13920.0	0.0003	HLF	ENSG00000108924
13920.0	0.0003	H3-4	ENSG00000168148
13920.0	0.0003	CHST2	ENSG00000175040
13920.0	0.0003	GEMIN7	ENSG00000142252
13920.0	0.0003	CACNB2	ENSG00000165995
13920.0	0.0003	ALDH1L2	ENSG00000136010
13920.0	0.0003	ARRB1	ENSG00000137486
13920.0	0.0003	SYNJ2BP	ENSG00000213463
13920.0	0.0003	TTC13	ENSG00000143643
13920.0	0.0003	MYH8	ENSG00000133020
13920.0	0.0003	MYBPC3	ENSG00000134571
13920.0	0.0003	MAP1LC3B2	ENSG00000171471
13920.0	0.0003	SNRPG	ENSG00000143977
13920.0	0.0003	PIK3R3	ENSG00000117461
13920.0	0.0003	GEMIN6	ENSG00000152147
13920.0	0.0003	TGFBR1	ENSG00000106799
13920.0	0.0003	NUMBL	ENSG00000105245
13920.0	0.0003	RASGRF2	ENSG00000113319
13920.0	0.0003	GLIS2	ENSG00000126603
13920.0	0.0003	SST	ENSG00000157005
13920.0	0.0003	CNIH2	ENSG00000174871
13920.0	0.0003	STRAP	ENSG00000023734
13920.0	0.0003	MON1B	ENSG00000103111
13920.0	0.0003	CAV3	ENSG00000182533
13920.0	0.0003	CCL1	ENSG00000108702
13920.0	0.0003	PPP1R16B	ENSG00000101445
13920.0	0.0003	CNIH3	ENSG00000143786
13920.0	0.0003	MYL3	ENSG00000160808
13920.0	0.0003	RASGRF1	ENSG00000058335
13920.0	0.0003	CLINT1	ENSG00000113282
13920.0	0.0003	KRT8	ENSG00000170421
13920.0	0.0003	KCNMB2	ENSG00000197584
13920.0	0.0003	CACNB3	ENSG00000167535
13920.0	0.0003	NPY	ENSG00000122585
13920.0	0.0003	GATAD2A	ENSG00000167491
13920.0	0.0003	USP53	ENSG00000145390
13920.0	0.0003	PAPOLA	ENSG00000090060
13920.0	0.0003	RDH11	ENSG00000072042
13920.0	0.0003	PAPOLB	ENSG00000218823
13920.0	0.0003	RAB13	ENSG00000143545
13920.0	0.0003	CALD1	ENSG00000122786
13920.0	0.0003	TIRAP	ENSG00000150455
13920.0	0.0003	USP25	ENSG00000155313
13920.0	0.0003	OTUB1	ENSG00000167770
13920.0	0.0003	GCLC	ENSG00000001084
13920.0	0.0003	SLCO1B7	ENSG00000205754
13920.0	0.0003	B3GALT1	ENSG00000172318
13920.0	0.0003	IRF8	ENSG00000140968
13920.0	0.0003	DMC1	ENSG00000100206
13920.0	0.0003	USP28	ENSG00000048028
13920.0	0.0003	WASF2	ENSG00000158195
13920.0	0.0003	MYL1	ENSG00000168530
13920.0	0.0003	ATG10	ENSG00000152348
13920.0	0.0003	SKIC3	ENSG00000198677
13920.0	0.0003	PPP1R16A	ENSG00000160972
13920.0	0.0003	ATP10B	ENSG00000118322
13920.0	0.0003	ATP10D	ENSG00000145246
13920.0	0.0003	SINHCAF	ENSG00000139146
13920.0	0.0003	SH3D19	ENSG00000109686
13920.0	0.0003	PRKAR2A	ENSG00000114302
13920.0	0.0003	PRKAR2B	ENSG00000005249
13920.0	0.0003	RANBP1	ENSG00000099901
13920.0	0.0003	UQCR11	ENSG00000127540
13920.0	0.0003	EXOC3	ENSG00000180104
13920.0	0.0003	PARP3	ENSG00000041880
13920.0	0.0003	PAPOLG	ENSG00000115421
13920.0	0.0003	VAMP8	ENSG00000118640
13920.0	0.0003	CYP4F3	ENSG00000186529
13920.0	0.0003	CHRNA9	ENSG00000174343
13920.0	0.0003	TRMT11	ENSG00000066651
13920.0	0.0003	TAF5L	ENSG00000135801
13920.0	0.0003	SEL1L2	ENSG00000101251
13920.0	0.0003	B3GALT2	ENSG00000162630
13920.0	0.0003	CYP4F2	ENSG00000186115
13920.0	0.0003	NFATC2	ENSG00000101096
13920.0	0.0003	PUS10	ENSG00000162927
13920.0	0.0003	HMG20B	ENSG00000064961
13920.0	0.0003	HSD17B6	ENSG00000025423
13920.0	0.0003	MYL4	ENSG00000198336
13920.0	0.0003	CHRNA10	ENSG00000129749
13920.0	0.0003	GSTP1	ENSG00000084207
13920.0	0.0003	RSL1D1	ENSG00000171490
13920.0	0.0003	PAK4	ENSG00000130669
13920.0	0.0003	PRSS12	ENSG00000164099
13920.0	0.0003	TAX1BP1	ENSG00000106052
13920.0	0.0003	CNBD2	ENSG00000149646
13920.0	0.0003	RAB8B	ENSG00000166128
13920.0	0.0003	USP40	ENSG00000085982
13920.0	0.0003	IRF4	ENSG00000137265
13920.0	0.0003	CDKAL1	ENSG00000145996
13920.0	0.0003	PAK6	ENSG00000137843
13920.0	0.0003	PLAAT3	ENSG00000176485
13920.0	0.0003	DHRS3	ENSG00000162496
13920.0	0.0003	PAK5	ENSG00000101349
13920.0	0.0003	EXOC6B	ENSG00000144036
13920.0	0.0003	TNNT2	ENSG00000118194
13920.0	0.0003	IPO5	ENSG00000065150
13920.0	0.0003	PLB1	ENSG00000163803
13920.0	0.0003	APPL1	ENSG00000157500
13920.0	0.0003	LIN7A	ENSG00000111052
13920.0	0.0003	BRK1	ENSG00000254999
13920.0	0.0003	LYZ	ENSG00000090382
13920.0	0.0003	NOP58	ENSG00000055044
13920.0	0.0003	MRPL55	ENSG00000162910
13920.0	0.0003	RBP4	ENSG00000138207
13920.0	0.0003	MYBPC1	ENSG00000196091
13920.0	0.0003	DYRK2	ENSG00000127334
13920.0	0.0003	MRPL52	ENSG00000172590
13920.0	0.0003	B2M	ENSG00000166710
13920.0	0.0003	RABGGTB	ENSG00000137955
13920.0	0.0003	IAPP	ENSG00000121351
13920.0	0.0003	SLC38A1	ENSG00000111371
13920.0	0.0003	CSNK1G2	ENSG00000133275
13920.0	0.0003	ACER3	ENSG00000078124
13920.0	0.0003	GSN	ENSG00000148180
13920.0	0.0003	CYP2C8	ENSG00000138115
13920.0	0.0003	RCC1	ENSG00000180198
13920.0	0.0003	AKAP9	ENSG00000127914
13920.0	0.0003	CAMSAP3	ENSG00000076826
13920.0	0.0003	AARD	ENSG00000205002
13920.0	0.0003	EXTL1	ENSG00000158008
13920.0	0.0003	MFSD5	ENSG00000182544
13920.0	0.0003	LRRTM3	ENSG00000198739
13920.0	0.0003	SCP2	ENSG00000116171
13920.0	0.0003	IGF2BP2	ENSG00000073792
13920.0	0.0003	WDR38	ENSG00000136918
13920.0	0.0003	VIP	ENSG00000146469
13920.0	0.0003	MYO18A	ENSG00000196535
13920.0	0.0003	TMPRSS3	ENSG00000160183
13920.0	0.0003	MT-ND4L	ENSG00000212907
13920.0	0.0003	MRC1	ENSG00000120586
13920.0	0.0003	ALOX15	ENSG00000161905
13920.0	0.0003	GCLM	ENSG00000023909
13920.0	0.0003	ST20-MTHFS	ENSG00000259332
13920.0	0.0003	MYBPC2	ENSG00000086967
13920.0	0.0003	NPS	ENSG00000214285
13920.0	0.0003	ALOX15B	ENSG00000179593
13920.0	0.0003	SLC27A6	ENSG00000113396
13920.0	0.0003	ALOX12B	ENSG00000179477
13920.0	0.0003	MRPL44	ENSG00000135900
13920.0	0.0003	ICAM1	ENSG00000090339
13920.0	0.0003	ALOX12	ENSG00000108839
13920.0	0.0003	MRPL37	ENSG00000116221
13920.0	0.0003	PIK3C2A	ENSG00000011405
13920.0	0.0003	ULK4	ENSG00000168038
13920.0	0.0003	TMOD1	ENSG00000136842
13920.0	0.0003	ADH7	ENSG00000196344
13920.0	0.0003	PI4K2B	ENSG00000038210
13920.0	0.0003	PDZRN3	ENSG00000121440
13920.0	0.0003	RDH16	ENSG00000139547
13920.0	0.0003	ADH1B	ENSG00000196616
13920.0	0.0003	ADH4	ENSG00000198099
13920.0	0.0003	NFE2	ENSG00000123405
13920.0	0.0003	PIP5KL1	ENSG00000167103
13920.0	0.0003	ADH1A	ENSG00000187758
13920.0	0.0003	ULK2	ENSG00000083290
13920.0	0.0003	SLC7A14	ENSG00000013293
13920.0	0.0003	ADH6	ENSG00000172955
13920.0	0.0003	ACOX2	ENSG00000168306
13920.0	0.0003	ARID4A	ENSG00000032219
13920.0	0.0003	CPEB1	ENSG00000214575
13920.0	0.0003	WSB2	ENSG00000176871
13920.0	0.0003	CFAP52	ENSG00000166596
13920.0	0.0003	FGA	ENSG00000171560
13920.0	0.0003	GPM6B	ENSG00000046653
13920.0	0.0003	DRD5	ENSG00000169676
13920.0	0.0003	ATG4C	ENSG00000125703
13920.0	0.0003	GEMIN8	ENSG00000046647
13920.0	0.0003	NFATC1	ENSG00000131196
13920.0	0.0003	FGF10	ENSG00000070193
13920.0	0.0003	SAMM50	ENSG00000100347
13920.0	0.0003	LBX1	ENSG00000138136
13920.0	0.0003	RFPL3	ENSG00000128276
13920.0	0.0003	TAF6L	ENSG00000162227
13920.0	0.0003	RSAD2	ENSG00000134321
13920.0	0.0003	WDR88	ENSG00000166359
13920.0	0.0003	DYRK4	ENSG00000010219
13920.0	0.0003	AFP	ENSG00000081051
13920.0	0.0003	ADO	ENSG00000181915
13920.0	0.0003	SUDS3	ENSG00000111707
13920.0	0.0003	ONECUT1	ENSG00000169856
13920.0	0.0003	PRL	ENSG00000172179
13920.0	0.0003	DBN1	ENSG00000113758
13920.0	0.0003	ATG4D	ENSG00000130734
13920.0	0.0003	RCHY1	ENSG00000163743
13920.0	0.0003	CAVIN3	ENSG00000170955
13920.0	0.0003	HBS1L	ENSG00000112339
13920.0	0.0003	SDR16C5	ENSG00000170786
13920.0	0.0003	UBLCP1	ENSG00000164332
13920.0	0.0003	BAIAP2	ENSG00000175866
13920.0	0.0003	FAU	ENSG00000149806
13920.0	0.0003	PARP4	ENSG00000102699
13920.0	0.0003	ITM2B	ENSG00000136156
13920.0	0.0003	SLC3A2	ENSG00000168003
13920.0	0.0003	STRA6	ENSG00000137868
13920.0	0.0003	SDR9C7	ENSG00000170426
13920.0	0.0003	PHLPP2	ENSG00000040199
13920.0	0.0003	C1GALT1	ENSG00000106392
13920.0	0.0003	CYP19A1	ENSG00000137869
13920.0	0.0003	CHRM1	ENSG00000168539
13920.0	0.0003	UCP1	ENSG00000109424
13920.0	0.0003	FOSL1	ENSG00000175592
13920.0	0.0003	MYOC	ENSG00000034971
13920.0	0.0003	FABP1	ENSG00000163586
13920.0	0.0003	PYGM	ENSG00000068976
13920.0	0.0003	RAB40AL	ENSG00000102128
13920.0	0.0003	AKR1B10	ENSG00000198074
13920.0	0.0003	RGPD2	ENSG00000185304
13920.0	0.0003	HS6ST3	ENSG00000185352
13920.0	0.0003	AKR1B1	ENSG00000085662
13920.0	0.0003	APCS	ENSG00000132703
13920.0	0.0003	PEA15	ENSG00000162734
13920.0	0.0003	NFATC3	ENSG00000072736
13920.0	0.0003	VCAM1	ENSG00000162692
13920.0	0.0003	GGT6	ENSG00000167741
13920.0	0.0003	MRTO4	ENSG00000053372
13920.0	0.0003	XYLT1	ENSG00000103489
13920.0	0.0003	PIK3C2B	ENSG00000133056
13920.0	0.0003	GALNT12	ENSG00000119514
13920.0	0.0003	ZC3H8	ENSG00000144161
13920.0	0.0003	RNASEL	ENSG00000135828
13920.0	0.0003	GGT5	ENSG00000099998
13920.0	0.0003	GALNT7	ENSG00000109586
13920.0	0.0003	FKBP2	ENSG00000173486
13920.0	0.0003	ZC3H4	ENSG00000130749
13920.0	0.0003	CPSF4L	ENSG00000187959
13920.0	0.0003	HSD17B3	ENSG00000130948
13920.0	0.0003	CALCA	ENSG00000110680
13920.0	0.0003	GALNT11	ENSG00000178234
13920.0	0.0003	GGT7	ENSG00000131067
13920.0	0.0003	PLA2R1	ENSG00000153246
13920.0	0.0003	PIP4K2A	ENSG00000150867
13920.0	0.0003	GALNT5	ENSG00000136542
13920.0	0.0003	DNAAF3	ENSG00000167646
13920.0	0.0003	MFGE8	ENSG00000140545
13920.0	0.0003	ANPEP	ENSG00000166825
13920.0	0.0003	RPF2	ENSG00000197498
13920.0	0.0003	AHNAK	ENSG00000124942
13920.0	0.0003	GALNT15	ENSG00000131386
13920.0	0.0003	MAFA	ENSG00000182759
13920.0	0.0003	COX6A2	ENSG00000156885
13920.0	0.0003	ITGB1BP1	ENSG00000119185
13920.0	0.0003	MSN	ENSG00000147065
13920.0	0.0003	USP10	ENSG00000103194
13920.0	0.0003	ME1	ENSG00000065833
13920.0	0.0003	BCHE	ENSG00000114200
13920.0	0.0003	RBM15	ENSG00000162775
13920.0	0.0003	DBH	ENSG00000123454
13920.0	0.0003	PLA2G10	ENSG00000069764
13920.0	0.0003	HNF1B	ENSG00000108753
13920.0	0.0003	NRARP	ENSG00000198435
13920.0	0.0003	PPP1R27	ENSG00000182676
13920.0	0.0003	KISS1R	ENSG00000116014
13920.0	0.0003	ITIH4	ENSG00000055955
13920.0	0.0003	ROM1	ENSG00000149489
13920.0	0.0003	NRIP1	ENSG00000180530
13920.0	0.0003	P4HA3	ENSG00000149380
13920.0	0.0003	PLA2G2A	ENSG00000188257
13920.0	0.0003	P4HA1	ENSG00000122884
13920.0	0.0003	GSTM1	ENSG00000134184
13920.0	0.0003	PIP4K2B	ENSG00000141720
13920.0	0.0003	PIP4K2C	ENSG00000166908
13920.0	0.0003	HIVEP1	ENSG00000095951
13920.0	0.0003	TNFSF13	ENSG00000161955
13920.0	0.0003	MERTK	ENSG00000153208
13920.0	0.0003	AKR1D1	ENSG00000122787
13920.0	0.0003	AVL9	ENSG00000105778
13920.0	0.0003	IQGAP2	ENSG00000145703
13920.0	0.0003	ODAM	ENSG00000109205
13920.0	0.0003	RP11-286N22.8	ENSG00000256591
13920.0	0.0003	SDHAF2	ENSG00000167985
13920.0	0.0003	SRA1	ENSG00000213523
13920.0	0.0003	GNAT1	ENSG00000114349
13920.0	0.0003	PLA2G12A	ENSG00000123739
13920.0	0.0003	CCDC102A	ENSG00000135736
13920.0	0.0003	USP32	ENSG00000170832
13920.0	0.0003	PLA2G4A	ENSG00000116711
13920.0	0.0003	YY1AP1	ENSG00000163374
13920.0	0.0003	MCM6	ENSG00000076003
13920.0	0.0003	MYH2	ENSG00000125414
13920.0	0.0003	OPRM1	ENSG00000112038
13920.0	0.0003	GON4L	ENSG00000116580
13920.0	0.0003	PLA2G3	ENSG00000100078
13920.0	0.0003	H3-3B	ENSG00000132475
13920.0	0.0003	CITED2	ENSG00000164442
13920.0	0.0003	MYH1	ENSG00000109061
13920.0	0.0003	GCNT1	ENSG00000187210
13920.0	0.0003	CACNG3	ENSG00000006116
13920.0	0.0003	GSTT1	ENSG00000184674
13920.0	0.0003	MYH4	ENSG00000264424
13920.0	0.0003	RFPL1	ENSG00000128250
13920.0	0.0003	USH2A	ENSG00000042781
13920.0	0.0003	NSA2	ENSG00000164346
13920.0	0.0003	GZMK	ENSG00000113088
13920.0	0.0003	GTF3C3	ENSG00000119041
13920.0	0.0003	GRIN3A	ENSG00000198785
13920.0	0.0003	GNB1L	ENSG00000185838
13920.0	0.0003	ERAS	ENSG00000187682
13920.0	0.0003	JMJD7-PLA2G4B	ENSG00000168970
13920.0	0.0003	PLA2G4D	ENSG00000159337
13920.0	0.0003	NSUN6	ENSG00000241058
13920.0	0.0003	PLA2G12B	ENSG00000138308
13920.0	0.0003	CSNK1G3	ENSG00000151292
13920.0	0.0003	SMCHD1	ENSG00000101596
13920.0	0.0003	PLA2G5	ENSG00000127472
13920.0	0.0003	GALNS	ENSG00000141012
13920.0	0.0003	UBE2D2	ENSG00000131508
13920.0	0.0003	SHISA9	ENSG00000237515
13920.0	0.0003	PLA2G4F	ENSG00000168907
13920.0	0.0003	PLA2G2F	ENSG00000158786
13920.0	0.0003	GRIN3B	ENSG00000116032
13920.0	0.0003	PLA2G4C	ENSG00000105499
13920.0	0.0003	PLA2G4E	ENSG00000188089
13920.0	0.0003	CNOT8	ENSG00000155508
13920.0	0.0003	WDR43	ENSG00000163811
13920.0	0.0003	PLA2G1B	ENSG00000170890
13920.0	0.0003	PLA2G2E	ENSG00000188784
13920.0	0.0003	PLA2G2C	ENSG00000187980
13920.0	0.0003	KDELR1	ENSG00000105438
13920.0	0.0003	MYO1C	ENSG00000197879
13920.0	0.0003	ENY2	ENSG00000120533
13920.0	0.0003	SPECC1	ENSG00000128487
13920.0	0.0003	RHOQ	ENSG00000119729
13920.0	0.0003	CABP1	ENSG00000157782
13920.0	0.0003	PYCR1	ENSG00000183010
13920.0	0.0003	PWP1	ENSG00000136045
13920.0	0.0003	SDAD1	ENSG00000198301
13920.0	0.0003	RDX	ENSG00000137710
13920.0	0.0003	NANOS1	ENSG00000188613
13920.0	0.0003	CMIP	ENSG00000153815
13920.0	0.0003	STX8	ENSG00000170310
13920.0	0.0003	PLD1	ENSG00000075651
13920.0	0.0003	CHCHD4	ENSG00000163528
13920.0	0.0003	GNL3	ENSG00000163938
13920.0	0.0003	TPH1	ENSG00000129167
13920.0	0.0003	MCM3	ENSG00000112118
13920.0	0.0003	LDHAL6A	ENSG00000166800
13920.0	0.0003	ZFAND1	ENSG00000104231
13920.0	0.0003	GNL3L	ENSG00000130119
13920.0	0.0003	LAX1	ENSG00000122188
13920.0	0.0003	CACNG7	ENSG00000105605
13920.0	0.0003	RGPD6	ENSG00000183054
13920.0	0.0003	NOB1	ENSG00000141101
13920.0	0.0003	ATP5MGL	ENSG00000249222
13920.0	0.0003	PAF1	ENSG00000006712
13920.0	0.0003	COX8C	ENSG00000187581
13920.0	0.0003	H4C8	ENSG00000158406
13920.0	0.0003	B3GNT2	ENSG00000170340
13920.0	0.0003	H4C4	ENSG00000188987
13920.0	0.0003	HAL	ENSG00000084110
13920.0	0.0003	ATP5MJ	ENSG00000156411
13920.0	0.0003	H3-5	ENSG00000188375
13920.0	0.0003	TAF5	ENSG00000148835
13920.0	0.0003	LRRTM1	ENSG00000162951
13920.0	0.0003	WDR75	ENSG00000115368
13920.0	0.0003	B3GNT3	ENSG00000179913
13920.0	0.0003	RAB14	ENSG00000119396
13920.0	0.0003	TNFRSF1A	ENSG00000067182
13920.0	0.0003	GFER	ENSG00000127554
13920.0	0.0003	B3GNT4	ENSG00000176383
13920.0	0.0003	RGPD4	ENSG00000196862
13920.0	0.0003	G6PC1	ENSG00000131482
13920.0	0.0003	MTX1	ENSG00000173171
13920.0	0.0003	G6PC3	ENSG00000141349
13920.0	0.0003	CACNG8	ENSG00000142408
13920.0	0.0003	RAC2	ENSG00000128340
13920.0	0.0003	PLD4	ENSG00000166428
13920.0	0.0003	CACNG5	ENSG00000075429
13920.0	0.0003	MBD6	ENSG00000166987
13920.0	0.0003	PAN2	ENSG00000135473
13920.0	0.0003	STIP1	ENSG00000168439
13920.0	0.0003	CCT3	ENSG00000163468
13920.0	0.0003	DDX56	ENSG00000136271
13920.0	0.0003	TADA2B	ENSG00000173011
13920.0	0.0003	NCKAP1L	ENSG00000123338
13920.0	0.0003	ADD1	ENSG00000087274
13920.0	0.0003	ADD2	ENSG00000075340
13920.0	0.0003	TAF1L	ENSG00000122728
13920.0	0.0003	MTFP1	ENSG00000242114
13920.0	0.0003	CACNG4	ENSG00000075461
13920.0	0.0003	B3GNT5	ENSG00000176597
13920.0	0.0003	GOLGA7	ENSG00000147533
13920.0	0.0003	FOXA1	ENSG00000129514
13920.0	0.0003	B3GNT7	ENSG00000156966
13920.0	0.0003	CSNK1G1	ENSG00000169118
13920.0	0.0003	TCOF1	ENSG00000070814
13920.0	0.0003	GLIS3	ENSG00000107249
13920.0	0.0003	MRPL50	ENSG00000136897
13920.0	0.0003	NDUFA5	ENSG00000128609
13920.0	0.0003	GMPR	ENSG00000137198
13920.0	0.0003	PLG	ENSG00000122194
13920.0	0.0003	SLC10A2	ENSG00000125255
13920.0	0.0003	POLL	ENSG00000166169
13920.0	0.0003	CETN3	ENSG00000153140
13920.0	0.0003	RFC5	ENSG00000111445
13920.0	0.0003	SLC6A16	ENSG00000063127
13920.0	0.0003	PFDN4	ENSG00000101132
13920.0	0.0003	B3GNT8	ENSG00000177191
13920.0	0.0003	ZNF747	ENSG00000169955
13920.0	0.0003	IDO1	ENSG00000131203
13920.0	0.0003	CCT7	ENSG00000135624
13920.0	0.0003	GMPR2	ENSG00000100938
13920.0	0.0003	EYA4	ENSG00000112319
13920.0	0.0003	SUPT4H1	ENSG00000213246
13920.0	0.0003	ITLN1	ENSG00000179914
13920.0	0.0003	IDO2	ENSG00000188676
13920.0	0.0003	GRAP	ENSG00000154016
13920.0	0.0003	MAPK15	ENSG00000181085
13920.0	0.0003	TMX4	ENSG00000125827
13920.0	0.0003	TPH2	ENSG00000139287
13920.0	0.0003	ELP3	ENSG00000134014
13920.0	0.0003	TCEA2	ENSG00000171703
13920.0	0.0003	CCT2	ENSG00000166226
13920.0	0.0003	NELFB	ENSG00000188986
13920.0	0.0003	RGPD8	ENSG00000169629
13920.0	0.0003	RGPD1	ENSG00000187627
13920.0	0.0003	NELFCD	ENSG00000101158
13920.0	0.0003	CCT4	ENSG00000115484
13920.0	0.0003	FOXA3	ENSG00000170608
13920.0	0.0003	RGPD5	ENSG00000015568
13920.0	0.0003	ELP4	ENSG00000109911
13920.0	0.0003	LRRC26	ENSG00000184709
13920.0	0.0003	TPR	ENSG00000047410
13920.0	0.0003	ACTR5	ENSG00000101442
13920.0	0.0003	FBXO47	ENSG00000204952
13920.0	0.0003	OPN4	ENSG00000122375
13920.0	0.0003	MRPL14	ENSG00000180992
13920.0	0.0003	SKIC8	ENSG00000140395
13920.0	0.0003	RO60	ENSG00000116747
13920.0	0.0003	TNFRSF9	ENSG00000049249
13920.0	0.0003	UBFD1	ENSG00000103353
13920.0	0.0003	HOXA9	ENSG00000078399
13920.0	0.0003	PFDN2	ENSG00000143256
13920.0	0.0003	CYP11B2	ENSG00000179142
13920.0	0.0003	ERG	ENSG00000157554
13920.0	0.0003	MAPK6	ENSG00000069956
13920.0	0.0003	ELL3	ENSG00000128886
13920.0	0.0003	HSPB2	ENSG00000170276
13920.0	0.0003	ZNF280C	ENSG00000056277
13920.0	0.0003	NDUFB5	ENSG00000136521
13920.0	0.0003	VCPIP1	ENSG00000175073
13920.0	0.0003	TBKBP1	ENSG00000198933
13920.0	0.0003	NELFE	ENSG00000204356
13920.0	0.0003	WASF3	ENSG00000132970
13920.0	0.0003	RAG1	ENSG00000166349
13920.0	0.0003	EYA1	ENSG00000104313
13920.0	0.0003	AMPD3	ENSG00000133805
13920.0	0.0003	JUNB	ENSG00000171223
13920.0	0.0003	RGPD3	ENSG00000153165
13920.0	0.0003	CCT6A	ENSG00000146731
13920.0	0.0003	SCN11A	ENSG00000168356
13920.0	0.0003	BLOC1S3	ENSG00000189114
13920.0	0.0003	FAHD1	ENSG00000180185
13920.0	0.0003	CGN	ENSG00000143375
13920.0	0.0003	TMEM127	ENSG00000135956
13920.0	0.0003	RSL24D1	ENSG00000137876
13920.0	0.0003	CALML5	ENSG00000178372
13920.0	0.0003	LGSN	ENSG00000146166
13920.0	0.0003	CALML3	ENSG00000178363
13920.0	0.0003	PROX1	ENSG00000117707
13920.0	0.0003	GPR37	ENSG00000170775
13920.0	0.0003	CALML6	ENSG00000169885
13920.0	0.0003	LAMA5	ENSG00000130702
13920.0	0.0003	LAMA3	ENSG00000053747
13920.0	0.0003	STX10	ENSG00000104915
13920.0	0.0003	H2BC11	ENSG00000124635
13920.0	0.0003	AZI2	ENSG00000163512
13920.0	0.0003	LAMB3	ENSG00000196878
13920.0	0.0003	SLC38A2	ENSG00000134294
13920.0	0.0003	LAMC2	ENSG00000058085
13920.0	0.0003	FBXW4	ENSG00000107829
13920.0	0.0003	BLOC1S1	ENSG00000135441
13920.0	0.0003	CCT8	ENSG00000156261
13920.0	0.0003	H2BC14	ENSG00000196374
13920.0	0.0003	MBOAT1	ENSG00000172197
13920.0	0.0003	MYO6	ENSG00000196586
13920.0	0.0003	PARD6A	ENSG00000102981
13920.0	0.0003	TSPAN1	ENSG00000117472
13920.0	0.0003	IQGAP1	ENSG00000140575
13920.0	0.0003	RANBP6	ENSG00000137040
13920.0	0.0003	PFN2	ENSG00000070087
13920.0	0.0003	ATP6AP1	ENSG00000071553
13920.0	0.0003	ENTPD4	ENSG00000197217
13920.0	0.0003	PFN4	ENSG00000176732
13920.0	0.0003	IL21R	ENSG00000103522
13920.0	0.0003	PPP2R3A	ENSG00000073711
13920.0	0.0003	IGFN1	ENSG00000163395
13920.0	0.0003	LRRTM4	ENSG00000176204
13920.0	0.0003	PRPF40A	ENSG00000196504
13920.0	0.0003	ATP4A	ENSG00000105675
13920.0	0.0003	APLP2	ENSG00000084234
13920.0	0.0003	TGFBR3	ENSG00000069702
13920.0	0.0003	BLOC1S6	ENSG00000104164
13920.0	0.0003	ENTPD6	ENSG00000197586
13920.0	0.0003	ENTPD5	ENSG00000187097
13920.0	0.0003	MBOAT2	ENSG00000143797
13920.0	0.0003	UBL7	ENSG00000138629
13920.0	0.0003	MRPS7	ENSG00000125445
13920.0	0.0003	MAK16	ENSG00000198042
13920.0	0.0003	BLOC1S4	ENSG00000186222
13920.0	0.0003	ZNF280B	ENSG00000198477
13920.0	0.0003	FCGR2A	ENSG00000143226
13920.0	0.0003	HERPUD1	ENSG00000051108
13920.0	0.0003	NANOS3	ENSG00000187556
13920.0	0.0003	CATSPERG	ENSG00000099338
13920.0	0.0003	MACROD2	ENSG00000172264
13920.0	0.0003	VAMP5	ENSG00000168899
13920.0	0.0003	ACTA2	ENSG00000107796
13920.0	0.0003	HSD17B1	ENSG00000108786
13920.0	0.0003	RND1	ENSG00000172602
13920.0	0.0003	STK4	ENSG00000101109
13920.0	0.0003	BRD3	ENSG00000169925
13920.0	0.0003	GPI	ENSG00000105220
13920.0	0.0003	RORC	ENSG00000143365
13920.0	0.0003	GRAPL	ENSG00000189152
13920.0	0.0003	AREG	ENSG00000109321
13920.0	0.0003	AREGB	ENSG00000205595
13920.0	0.0003	NOL10	ENSG00000115761
13920.0	0.0003	CANT1	ENSG00000171302
13920.0	0.0003	TCERG1	ENSG00000113649
13920.0	0.0003	SLAMF7	ENSG00000026751
13920.0	0.0003	PTDSS2	ENSG00000174915
13920.0	0.0003	DDX52	ENSG00000141141
13920.0	0.0003	ZNF280D	ENSG00000137871
13920.0	0.0003	NR1D2	ENSG00000174738
13920.0	0.0003	DRD3	ENSG00000151577
13920.0	0.0003	PACSIN1	ENSG00000124507
13920.0	0.0003	MAMDC2	ENSG00000165072
13920.0	0.0003	UBE2D4	ENSG00000078967
13920.0	0.0003	ZNF280A	ENSG00000169548
13920.0	0.0003	PPP4C	ENSG00000149923
13920.0	0.0003	NRP2	ENSG00000118257
13920.0	0.0003	PPP3CB	ENSG00000107758
13920.0	0.0003	TIMM8B	ENSG00000150779
13920.0	0.0003	TXNDC5	ENSG00000239264
13920.0	0.0003	RRS1	ENSG00000179041
13920.0	0.0003	FXR1	ENSG00000114416
13920.0	0.0003	NR1D1	ENSG00000126368
13920.0	0.0003	LHX2	ENSG00000106689
13920.0	0.0003	WDR31	ENSG00000148225
13920.0	0.0003	SIRT2	ENSG00000068903
13920.0	0.0003	CATSPERB	ENSG00000133962
13920.0	0.0003	CGA	ENSG00000135346
13920.0	0.0003	SH3KBP1	ENSG00000147010
13920.0	0.0003	FBXW10	ENSG00000171931
13920.0	0.0003	NUP50	ENSG00000093000
13920.0	0.0003	VAV1	ENSG00000141968
13920.0	0.0003	PYCR3	ENSG00000104524
13920.0	0.0003	LPCAT4	ENSG00000176454
13920.0	0.0003	ASIC1	ENSG00000110881
13920.0	0.0003	PYCARD	ENSG00000103490
13920.0	0.0003	ADAM10	ENSG00000137845
13920.0	0.0003	ORMDL1	ENSG00000128699
13920.0	0.0003	STAT5A	ENSG00000126561
13920.0	0.0003	METTL6	ENSG00000206562
13920.0	0.0003	POTEI	ENSG00000196834
13920.0	0.0003	FOSB	ENSG00000125740
13920.0	0.0003	TOMM20L	ENSG00000196860
13920.0	0.0003	NDUFB7	ENSG00000099795
13920.0	0.0003	SIGLEC5	ENSG00000105501
13920.0	0.0003	STAT5B	ENSG00000173757
13920.0	0.0003	ACTC1	ENSG00000159251
13920.0	0.0003	ACTG2	ENSG00000163017
13920.0	0.0003	PPP2R2A	ENSG00000221914
13920.0	0.0003	CATSPER2	ENSG00000166762
13920.0	0.0003	RANBP3	ENSG00000031823
13920.0	0.0003	NBR1	ENSG00000188554
13920.0	0.0003	NDUFB8	ENSG00000166136
13920.0	0.0003	DMWD	ENSG00000185800
13920.0	0.0003	MST1	ENSG00000173531
13920.0	0.0003	METTL2B	ENSG00000165055
13920.0	0.0003	ADRM1	ENSG00000130706
13920.0	0.0003	UBE2E2	ENSG00000182247
13920.0	0.0003	DIMT1	ENSG00000086189
13920.0	0.0003	EXOC3L1	ENSG00000179044
13920.0	0.0003	HAS1	ENSG00000105509
13920.0	0.0003	F10	ENSG00000126218
13920.0	0.0003	RETREG1	ENSG00000154153
13920.0	0.0003	PPT2	ENSG00000221988
13920.0	0.0003	UBE2E3	ENSG00000170035
13920.0	0.0003	CACNG1	ENSG00000108878
13920.0	0.0003	ACTBL2	ENSG00000169067
13920.0	0.0003	AOC3	ENSG00000131471
13920.0	0.0003	CACNG6	ENSG00000130433
13920.0	0.0003	CATSPER3	ENSG00000152705
13920.0	0.0003	APRT	ENSG00000198931
13920.0	0.0003	PPP2R2C	ENSG00000074211
13920.0	0.0003	IMP4	ENSG00000136718
13920.0	0.0003	EBAG9	ENSG00000147654
13920.0	0.0003	PPP2R5A	ENSG00000066027
13920.0	0.0003	AOC2	ENSG00000131480
13920.0	0.0003	PPP2R5C	ENSG00000078304
13920.0	0.0003	NCK1	ENSG00000158092
13920.0	0.0003	PGLS	ENSG00000130313
13920.0	0.0003	UBE2NL	ENSG00000102069
13920.0	0.0003	CSNK1E	ENSG00000213923
13920.0	0.0003	GRK2	ENSG00000173020
13920.0	0.0003	HNMT	ENSG00000150540
13920.0	0.0003	PFKM	ENSG00000152556
13920.0	0.0003	AOC1	ENSG00000002726
13920.0	0.0003	H2BC3	ENSG00000196226
13920.0	0.0003	EXOC3L4	ENSG00000205436
13920.0	0.0003	RASGRP1	ENSG00000172575
13920.0	0.0003	EXOC3L2	ENSG00000130201
13920.0	0.0003	TNFAIP2	ENSG00000185215
13920.0	0.0003	LRRC8A	ENSG00000136802
13920.0	0.0003	CATSPER4	ENSG00000188782
13920.0	0.0003	CYP3A7	ENSG00000160870
13920.0	0.0003	NUDT16	ENSG00000198585
13920.0	0.0003	PFKP	ENSG00000067057
13920.0	0.0003	RPLP0	ENSG00000089157
13920.0	0.0003	CIAO2A	ENSG00000166797
13920.0	0.0003	ADAMTS12	ENSG00000151388
13920.0	0.0003	POTEF	ENSG00000196604
13920.0	0.0003	ATG16L1	ENSG00000085978
13920.0	0.0003	RAB11FIP4	ENSG00000131242
13920.0	0.0003	POTEJ	ENSG00000222038
13920.0	0.0003	POTEE	ENSG00000188219
13920.0	0.0003	PPP4R2	ENSG00000163605
13920.0	0.0003	CD5	ENSG00000110448
13920.0	0.0003	AFMID	ENSG00000183077
13920.0	0.0003	CRYGD	ENSG00000118231
13920.0	0.0003	TOX4	ENSG00000092203
13920.0	0.0003	SNAI1	ENSG00000124216
13920.0	0.0003	MORF4L2	ENSG00000123562
13920.0	0.0003	NCAM2	ENSG00000154654
13920.0	0.0003	CTDNEP1	ENSG00000175826
13920.0	0.0003	RASGRP2	ENSG00000068831
13920.0	0.0003	TUBA3D	ENSG00000075886
13920.0	0.0003	TBXA2R	ENSG00000006638
13920.0	0.0003	NR0B2	ENSG00000131910
13920.0	0.0003	PPP4R4	ENSG00000119698
13920.0	0.0003	RASGRP3	ENSG00000152689
13920.0	0.0003	CNEP1R1	ENSG00000205423
13920.0	0.0003	NAP1L1	ENSG00000187109
13920.0	0.0003	POLR1F	ENSG00000105849
13920.0	0.0003	SEMA3F	ENSG00000001617
13920.0	0.0003	PSMD2	ENSG00000175166
13920.0	0.0003	NPHS2	ENSG00000116218
13920.0	0.0003	LHB	ENSG00000104826
13920.0	0.0003	NDUFB6	ENSG00000165264
13920.0	0.0003	CHGB	ENSG00000089199
13920.0	0.0003	RPL3	ENSG00000100316
13920.0	0.0003	SMURF1	ENSG00000198742
13920.0	0.0003	ULK3	ENSG00000140474
13920.0	0.0003	EIF5B	ENSG00000158417
13920.0	0.0003	SLC5A8	ENSG00000256870
13920.0	0.0003	SLC5A12	ENSG00000148942
13920.0	0.0003	PI4K2A	ENSG00000155252
13920.0	0.0003	KDM2A	ENSG00000173120
13920.0	0.0003	ADA	ENSG00000196839
13920.0	0.0003	TPBG	ENSG00000146242
13920.0	0.0003	SLC5A5	ENSG00000105641
13920.0	0.0003	ADAL	ENSG00000168803
13920.0	0.0003	OTUB2	ENSG00000089723
13920.0	0.0003	SLC4A4	ENSG00000080493
13920.0	0.0003	RASGRP4	ENSG00000171777
13920.0	0.0003	SRF	ENSG00000112658
13920.0	0.0003	ZRANB2	ENSG00000132485
13920.0	0.0003	SVIP	ENSG00000198168
13920.0	0.0003	DYNLL1	ENSG00000088986
13920.0	0.0003	ATP1B4	ENSG00000101892
13920.0	0.0003	CFL1	ENSG00000172757
13920.0	0.0003	H2BC13	ENSG00000185130
13920.0	0.0003	NHEJ1	ENSG00000187736
13920.0	0.0003	NRBP1	ENSG00000115216
13920.0	0.0003	TAF1A	ENSG00000143498
13920.0	0.0003	CD3D	ENSG00000167286
13920.0	0.0003	TNFAIP3	ENSG00000118503
13920.0	0.0003	ETF1	ENSG00000120705
13920.0	0.0003	TNP2	ENSG00000178279
13920.0	0.0003	IL2RA	ENSG00000134460
13920.0	0.0003	RPL3L	ENSG00000140986
13920.0	0.0003	C3	ENSG00000125730
13920.0	0.0003	PTMA	ENSG00000187514
13920.0	0.0003	RHOG	ENSG00000177105
13920.0	0.0003	ALKBH4	ENSG00000160993
13920.0	0.0003	GDI2	ENSG00000057608
13920.0	0.0003	RHOBTB1	ENSG00000072422
13920.0	0.0003	PDZRN4	ENSG00000165966
13920.0	0.0003	DYNLL2	ENSG00000264364
13920.0	0.0003	TPMT	ENSG00000137364
13920.0	0.0003	H2AC16	ENSG00000198374
13920.0	0.0003	WWP2	ENSG00000198373
13920.0	0.0003	H2AC15	ENSG00000184348
13920.0	0.0003	TARBP2	ENSG00000139546
13920.0	0.0003	H2BC10	ENSG00000168242
13920.0	0.0003	THAP1	ENSG00000131931
13920.0	0.0003	RAB11FIP2	ENSG00000107560
13920.0	0.0003	CD19	ENSG00000177455
13920.0	0.0003	EPB41L1	ENSG00000088367
13920.0	0.0003	H2BC7	ENSG00000197846
13920.0	0.0003	DMXL1	ENSG00000172869
13920.0	0.0003	H2BC6	ENSG00000197697
13920.0	0.0003	UBR1	ENSG00000159459
13920.0	0.0003	CATSPERD	ENSG00000174898
13920.0	0.0003	H2AC13	ENSG00000196747
13920.0	0.0003	KIF26A	ENSG00000066735
13920.0	0.0003	PSENEN	ENSG00000205155
13920.0	0.0003	NR4A1	ENSG00000123358
13920.0	0.0003	ESR2	ENSG00000140009
13920.0	0.0003	FABP9	ENSG00000205186
13920.0	0.0003	H2BC12	ENSG00000197903
13920.0	0.0003	DTX4	ENSG00000110042
13920.0	0.0003	MOSPD3	ENSG00000106330
13920.0	0.0003	RHOU	ENSG00000116574
13920.0	0.0003	H2BC8	ENSG00000187990
13920.0	0.0003	RHOD	ENSG00000173156
13920.0	0.0003	PTPN6	ENSG00000111679
13920.0	0.0003	NR5A2	ENSG00000116833
13920.0	0.0003	NR2C1	ENSG00000120798
13920.0	0.0003	HECW1	ENSG00000002746
13920.0	0.0003	ZNF706	ENSG00000120963
13920.0	0.0003	GABRG1	ENSG00000163285
13920.0	0.0003	RHOH	ENSG00000168421
13920.0	0.0003	H2BC5	ENSG00000158373
13920.0	0.0003	RHOF	ENSG00000139725
13920.0	0.0003	RHOV	ENSG00000104140
13920.0	0.0003	NR2C2	ENSG00000177463
13920.0	0.0003	ESRRA	ENSG00000173153
13920.0	0.0003	FARP2	ENSG00000006607
13920.0	0.0003	TCF15	ENSG00000125878
13920.0	0.0003	ESRRG	ENSG00000196482
13920.0	0.0003	MSMP	ENSG00000215183
13920.0	0.0003	DYNLT1	ENSG00000146425
13920.0	0.0003	H2AC11	ENSG00000196787
13920.0	0.0003	CALCOCO2	ENSG00000136436
13920.0	0.0003	GPD2	ENSG00000115159
13920.0	0.0003	DIAPH3	ENSG00000139734
13920.0	0.0003	ORMDL2	ENSG00000123353
13920.0	0.0003	H2AC17	ENSG00000233224
13920.0	0.0003	HNF4G	ENSG00000164749
13920.0	0.0003	NR2F6	ENSG00000160113
13920.0	0.0003	ESRRB	ENSG00000119715
13920.0	0.0003	POP1	ENSG00000104356
13920.0	0.0003	ART5	ENSG00000167311
13920.0	0.0003	H2BC15	ENSG00000233822
13920.0	0.0003	ABR	ENSG00000159842
13920.0	0.0003	RARG	ENSG00000172819
13920.0	0.0003	H2BC9	ENSG00000197459
13920.0	0.0003	MOCOS	ENSG00000075643
13920.0	0.0003	MAP3K10	ENSG00000130758
13920.0	0.0003	CDK3	ENSG00000250506
13920.0	0.0003	DDI1	ENSG00000170967
13920.0	0.0003	MIS18A	ENSG00000159055
13920.0	0.0003	NLRP4	ENSG00000160505
13920.0	0.0003	CENPA	ENSG00000115163
13920.0	0.0003	ARHGEF12	ENSG00000196914
13920.0	0.0003	PDE1A	ENSG00000115252
13920.0	0.0003	NOSTRIN	ENSG00000163072
13920.0	0.0003	PPP2R3B	ENSG00000167393
13920.0	0.0003	RPL4	ENSG00000174444
13920.0	0.0003	ARHGAP29	ENSG00000137962
13920.0	0.0003	RBPJL	ENSG00000124232
13920.0	0.0003	DNAJB2	ENSG00000135924
13920.0	0.0003	PLEKHG6	ENSG00000008323
13920.0	0.0003	PSMD14	ENSG00000115233
13920.0	0.0003	GPR39	ENSG00000183840
13920.0	0.0003	LRP1	ENSG00000123384
13920.0	0.0003	NR2C2AP	ENSG00000184162
13920.0	0.0003	H2BC1	ENSG00000146047
13920.0	0.0003	PRPF8	ENSG00000174231
13920.0	0.0003	H2AC8	ENSG00000168274
13920.0	0.0003	VANGL2	ENSG00000162738
13920.0	0.0003	ECH1	ENSG00000104823
13920.0	0.0003	SMARCA1	ENSG00000102038
13920.0	0.0003	SLC39A4	ENSG00000147804
13920.0	0.0003	ARHGEF6	ENSG00000129675
13920.0	0.0003	JUND	ENSG00000130522
13920.0	0.0003	LPIN2	ENSG00000101577
13920.0	0.0003	SESN3	ENSG00000149212
13920.0	0.0003	SLC39A5	ENSG00000139540
13920.0	0.0003	WDTC1	ENSG00000142784
13920.0	0.0003	APH1B	ENSG00000138613
13920.0	0.0003	ERI3	ENSG00000117419
13920.0	0.0003	SIKE1	ENSG00000052723
13920.0	0.0003	MESP2	ENSG00000188095
13920.0	0.0003	KCNN4	ENSG00000104783
13920.0	0.0003	ATF4	ENSG00000128272
13920.0	0.0003	ALDOA	ENSG00000149925
13920.0	0.0003	ARHGEF11	ENSG00000132694
13920.0	0.0003	TGS1	ENSG00000137574
13920.0	0.0003	ADAM17	ENSG00000151694
13920.0	0.0003	CD9	ENSG00000010278
13920.0	0.0003	ROS1	ENSG00000047936
13920.0	0.0003	RPS3A	ENSG00000145425
13920.0	0.0003	KDM7A	ENSG00000006459
13920.0	0.0003	DYNC1LI2	ENSG00000135720
13920.0	0.0003	ACTR1A	ENSG00000138107
13920.0	0.0003	COL15A1	ENSG00000204291
13920.0	0.0003	AK8	ENSG00000165695
13920.0	0.0003	NOC3L	ENSG00000173145
13920.0	0.0003	DLL3	ENSG00000090932
13920.0	0.0003	ALDOC	ENSG00000109107
13920.0	0.0003	DYNC1LI1	ENSG00000144635
13920.0	0.0003	LPIN3	ENSG00000132793
13920.0	0.0003	AK1	ENSG00000106992
13920.0	0.0003	USP17L2	ENSG00000223443
13920.0	0.0003	STRN	ENSG00000115808
13920.0	0.0003	ALDOB	ENSG00000136872
13920.0	0.0003	MYSM1	ENSG00000162601
13920.0	0.0003	CNBP	ENSG00000169714
13920.0	0.0003	SIGLEC10	ENSG00000142512
13920.0	0.0003	STRN3	ENSG00000196792
13920.0	0.0003	NDUFV3	ENSG00000160194
13920.0	0.0003	NINJ1	ENSG00000131669
13920.0	0.0003	SRSF1	ENSG00000136450
13920.0	0.0003	DCK	ENSG00000156136
13920.0	0.0003	PPP2R5B	ENSG00000068971
13920.0	0.0003	H2AC1	ENSG00000164508
13920.0	0.0003	GGH	ENSG00000137563
13920.0	0.0003	PPP2R5E	ENSG00000154001
13920.0	0.0003	GIT1	ENSG00000108262
13920.0	0.0003	APOBEC3G	ENSG00000239713
13920.0	0.0003	H2AC4	ENSG00000137259
13920.0	0.0003	DROSHA	ENSG00000113360
13920.0	0.0003	GPD1	ENSG00000167588
13920.0	0.0003	E2F4	ENSG00000205250
13920.0	0.0003	AK4	ENSG00000162433
13920.0	0.0003	HOXA4	ENSG00000197576
13920.0	0.0003	HOXC4	ENSG00000198353
13920.0	0.0003	COX6B2	ENSG00000160471
13920.0	0.0003	LATS2	ENSG00000150457
13920.0	0.0003	NGEF	ENSG00000066248
13920.0	0.0003	FOXO3	ENSG00000118689
13920.0	0.0003	ZFAND4	ENSG00000172671
13920.0	0.0003	SSTR5	ENSG00000162009
13920.0	0.0003	PDCD11	ENSG00000148843
13920.0	0.0003	HES7	ENSG00000179111
13920.0	0.0003	KCTD1	ENSG00000134504
13920.0	0.0003	NDUFA10	ENSG00000130414
13920.0	0.0003	NLRP3	ENSG00000162711
13920.0	0.0003	ZFPM2	ENSG00000169946
13920.0	0.0003	GPD1L	ENSG00000152642
13920.0	0.0003	RILP	ENSG00000167705
13920.0	0.0003	SMOC1	ENSG00000198732
13920.0	0.0003	RPS6	ENSG00000137154
13920.0	0.0003	KDELR2	ENSG00000136240
13920.0	0.0003	STX19	ENSG00000178750
13920.0	0.0003	RHEB	ENSG00000106615
13920.0	0.0003	AK7	ENSG00000140057
13920.0	0.0003	H2BC26	ENSG00000196890
13920.0	0.0003	SERPINA4	ENSG00000100665
13920.0	0.0003	SLC25A11	ENSG00000108528
13920.0	0.0003	ORC1	ENSG00000085840
13920.0	0.0003	STX11	ENSG00000135604
13920.0	0.0003	H2BC17	ENSG00000196331
13920.0	0.0003	TBX21	ENSG00000073861
13920.0	0.0003	AK5	ENSG00000154027
13920.0	0.0003	RPL13	ENSG00000167526
13920.0	0.0003	UBE2L3	ENSG00000185651
13920.0	0.0003	H2AC18	ENSG00000183558
13920.0	0.0003	DTX1	ENSG00000135144
13920.0	0.0003	STK38	ENSG00000112079
13920.0	0.0003	REL	ENSG00000162924
13920.0	0.0003	COL4A5	ENSG00000188153
13920.0	0.0003	PDE11A	ENSG00000128655
13920.0	0.0003	NDUFB2	ENSG00000090266
13920.0	0.0003	PDE3A	ENSG00000172572
13920.0	0.0003	PDE1C	ENSG00000154678
13920.0	0.0003	ERLEC1	ENSG00000068912
13920.0	0.0003	NDUFS5	ENSG00000168653
13920.0	0.0003	PSMC5	ENSG00000087191
13920.0	0.0003	NDUFB4	ENSG00000065518
13920.0	0.0003	RAB11FIP5	ENSG00000135631
13920.0	0.0003	NEURL1B	ENSG00000214357
13920.0	0.0003	PCIF1	ENSG00000100982
13920.0	0.0003	KCNK3	ENSG00000171303
13920.0	0.0003	RPRD1A	ENSG00000141425
13920.0	0.0003	GIT2	ENSG00000139436
13920.0	0.0003	ARF3	ENSG00000134287
13920.0	0.0003	GGCX	ENSG00000115486
13920.0	0.0003	NDUFC1	ENSG00000109390
13920.0	0.0003	OTX1	ENSG00000115507
13920.0	0.0003	OXTR	ENSG00000180914
13920.0	0.0003	DDX17	ENSG00000100201
13920.0	0.0003	MCF2	ENSG00000101977
13920.0	0.0003	H2AC6	ENSG00000180573
13920.0	0.0003	OAS2	ENSG00000111335
13920.0	0.0003	OASL	ENSG00000135114
13920.0	0.0003	OAS3	ENSG00000111331
13920.0	0.0003	SYTL4	ENSG00000102362
13920.0	0.0003	CAP1	ENSG00000131236
13920.0	0.0003	NDUFB1	ENSG00000183648
13920.0	0.0003	GPR143	ENSG00000101850
13920.0	0.0003	DGKD	ENSG00000077044
13920.0	0.0003	DGKQ	ENSG00000145214
13920.0	0.0003	DGKZ	ENSG00000149091
13920.0	0.0003	DGKA	ENSG00000065357
13920.0	0.0003	DGKI	ENSG00000157680
13920.0	0.0003	C1QTNF3	ENSG00000082196
13920.0	0.0003	DGKH	ENSG00000102780
13920.0	0.0003	DGKE	ENSG00000153933
13920.0	0.0003	SLC22A1	ENSG00000175003
13920.0	0.0003	H2AC14	ENSG00000182611
13920.0	0.0003	KIF22	ENSG00000079616
13920.0	0.0003	SUN2	ENSG00000100242
13920.0	0.0003	SEC24A	ENSG00000113615
13920.0	0.0003	KRT16	ENSG00000186832
13920.0	0.0003	SESN1	ENSG00000080546
13920.0	0.0003	RTN3	ENSG00000133318
13920.0	0.0003	DACH1	ENSG00000165659
13920.0	0.0003	H2AC7	ENSG00000196866
13920.0	0.0003	CHDH	ENSG00000016391
13920.0	0.0003	GAS8	ENSG00000141013
13920.0	0.0003	CCNH	ENSG00000134480
13920.0	0.0003	CCN3	ENSG00000136999
13920.0	0.0003	PSMC6	ENSG00000100519
13920.0	0.0003	NEURL1	ENSG00000107954
13920.0	0.0003	NDEL1	ENSG00000166579
13920.0	0.0003	ARHGDIB	ENSG00000111348
13920.0	0.0003	KLF4	ENSG00000136826
13920.0	0.0003	AKAP13	ENSG00000170776
13920.0	0.0003	GNRH2	ENSG00000125787
13920.0	0.0003	PTPRJ	ENSG00000149177
13920.0	0.0003	ARHGDIG	ENSG00000242173
13920.0	0.0003	WIPF1	ENSG00000115935
13920.0	0.0003	CDT1	ENSG00000167513
13920.0	0.0003	FOXO4	ENSG00000184481
13920.0	0.0003	ACOT12	ENSG00000172497
13920.0	0.0003	SSH1	ENSG00000084112
13920.0	0.0003	ASGR2	ENSG00000161944
13920.0	0.0003	UBL4B	ENSG00000186150
13920.0	0.0003	SEC24B	ENSG00000138802
13920.0	0.0003	RAB11FIP1	ENSG00000156675
13920.0	0.0003	KIF4B	ENSG00000226650
13920.0	0.0003	FGD3	ENSG00000127084
13920.0	0.0003	CD7	ENSG00000173762
13920.0	0.0003	MTX3	ENSG00000177034
13920.0	0.0003	TIAM2	ENSG00000146426
13920.0	0.0003	TERF1	ENSG00000147601
13920.0	0.0003	CDC45	ENSG00000093009
13920.0	0.0003	CD34	ENSG00000174059
13920.0	0.0003	WIPF2	ENSG00000171475
13920.0	0.0003	TSPAN7	ENSG00000156298
13920.0	0.0003	MEX3B	ENSG00000183496
13920.0	0.0003	FGD2	ENSG00000146192
13920.0	0.0003	ECT2	ENSG00000114346
13920.0	0.0003	NET1	ENSG00000173848
13920.0	0.0003	ACTR1B	ENSG00000115073
13920.0	0.0003	CD22	ENSG00000012124
13920.0	0.0003	ARHGEF16	ENSG00000130762
13920.0	0.0003	COL5A1	ENSG00000130635
13920.0	0.0003	APBA2	ENSG00000034053
13920.0	0.0003	ARHGEF17	ENSG00000110237
13920.0	0.0003	FZD3	ENSG00000104290
13920.0	0.0003	TAS2R10	ENSG00000121318
13920.0	0.0003	ARHGEF18	ENSG00000104880
13920.0	0.0003	CTD-2207O23.3	ENSG00000268861
13920.0	0.0003	POLE2	ENSG00000100479
13920.0	0.0003	UBA2	ENSG00000126261
13920.0	0.0003	WDR83OS	ENSG00000105583
13920.0	0.0003	TFDP2	ENSG00000114126
13920.0	0.0003	TRA2B	ENSG00000136527
13920.0	0.0003	SAR1B	ENSG00000152700
13920.0	0.0003	VASP	ENSG00000125753
13920.0	0.0003	BCL3	ENSG00000069399
13920.0	0.0003	H2AC25	ENSG00000181218
13920.0	0.0003	VEGFB	ENSG00000173511
13920.0	0.0003	TERF2	ENSG00000132604
13920.0	0.0003	UNC13C	ENSG00000137766
13920.0	0.0003	NKX3-2	ENSG00000109705
13920.0	0.0003	PCTP	ENSG00000141179
13920.0	0.0003	ANGPTL3	ENSG00000132855
13920.0	0.0003	CYSTM1	ENSG00000120306
13920.0	0.0003	ERI1	ENSG00000104626
13920.0	0.0003	LIN52	ENSG00000205659
13920.0	0.0003	COL24A1	ENSG00000171502
13920.0	0.0003	TERF2IP	ENSG00000166848
13920.0	0.0003	COL27A1	ENSG00000196739
13920.0	0.0003	COL5A3	ENSG00000080573
13920.0	0.0003	USP44	ENSG00000136014
13920.0	0.0003	RASSF3	ENSG00000153179
13920.0	0.0003	SYCE2	ENSG00000161860
13920.0	0.0003	LPAR1	ENSG00000198121
13920.0	0.0003	COL4A6	ENSG00000197565
13920.0	0.0003	PDE7A	ENSG00000205268
13920.0	0.0003	PDE7B	ENSG00000171408
13920.0	0.0003	APLF	ENSG00000169621
13920.0	0.0003	TP73	ENSG00000078900
13920.0	0.0003	COL11A1	ENSG00000060718
13920.0	0.0003	ISX	ENSG00000175329
13920.0	0.0003	COL16A1	ENSG00000084636
13920.0	0.0003	DOP1A	ENSG00000083097
13920.0	0.0003	DOP1B	ENSG00000142197
13920.0	0.0003	AKT3	ENSG00000117020
13920.0	0.0003	SLC39A6	ENSG00000141424
13920.0	0.0003	FBXO5	ENSG00000112029
13920.0	0.0003	ARHGEF15	ENSG00000198844
13920.0	0.0003	COL4A4	ENSG00000081052
13920.0	0.0003	SYCE1	ENSG00000171772
13920.0	0.0003	CYP39A1	ENSG00000146233
13920.0	0.0003	SYCP1	ENSG00000198765
13920.0	0.0003	ELL2	ENSG00000118985
13920.0	0.0003	KHDRBS2	ENSG00000112232
13920.0	0.0003	CHRAC1	ENSG00000104472
13920.0	0.0003	COL8A1	ENSG00000144810
13920.0	0.0003	RIN1	ENSG00000174791
13920.0	0.0003	TEX12	ENSG00000150783
13920.0	0.0003	CETN2	ENSG00000147400
13920.0	0.0003	COL9A3	ENSG00000092758
13920.0	0.0003	TRIAP1	ENSG00000170855
13920.0	0.0003	COL7A1	ENSG00000114270
13920.0	0.0003	COL9A2	ENSG00000049089
13920.0	0.0003	SWSAP1	ENSG00000173928
13920.0	0.0003	CCT6B	ENSG00000132141
13920.0	0.0003	MGMT	ENSG00000170430
13920.0	0.0003	DCTN3	ENSG00000137100
13920.0	0.0003	RNF5	ENSG00000204308
13920.0	0.0003	TTF2	ENSG00000116830
13920.0	0.0003	KDM4D	ENSG00000186280
13920.0	0.0003	PNMT	ENSG00000141744
13920.0	0.0003	PRND	ENSG00000171864
13920.0	0.0003	KIF18A	ENSG00000121621
13920.0	0.0003	NAE1	ENSG00000159593
13920.0	0.0003	RRP12	ENSG00000052749
13920.0	0.0003	CTSZ	ENSG00000101160
13920.0	0.0003	H2AB3	ENSG00000185978
13920.0	0.0003	H2AB1	ENSG00000198082
13920.0	0.0003	ZSWIM7	ENSG00000214941
13920.0	0.0003	COL20A1	ENSG00000101203
13920.0	0.0003	SERF1A	ENSG00000172058
13920.0	0.0003	SH3BP1	ENSG00000100092
13920.0	0.0003	CD33	ENSG00000105383
13920.0	0.0003	PFKFB4	ENSG00000114268
13920.0	0.0003	H2BC18	ENSG00000203814
13920.0	0.0003	ATP23	ENSG00000166896
13920.0	0.0003	H2BW1	ENSG00000123569
13920.0	0.0003	OIP5	ENSG00000104147
13920.0	0.0003	DPY19L2	ENSG00000177990
13920.0	0.0003	H2AJ	ENSG00000246705
13920.0	0.0003	STX18	ENSG00000168818
13920.0	0.0003	NUFIP1	ENSG00000083635
13920.0	0.0003	KLF2	ENSG00000127528
13920.0	0.0003	H2AC12	ENSG00000184825
13920.0	0.0003	ADRB1	ENSG00000043591
13920.0	0.0003	SYT5	ENSG00000129990
13920.0	0.0003	UBE2C	ENSG00000175063
13920.0	0.0003	COL23A1	ENSG00000050767
13920.0	0.0003	COL22A1	ENSG00000169436
13920.0	0.0003	COL8A2	ENSG00000171812
13920.0	0.0003	GABRE	ENSG00000102287
13920.0	0.0003	DCTN6	ENSG00000104671
13920.0	0.0003	COL10A1	ENSG00000123500
13920.0	0.0003	DNTT	ENSG00000107447
13920.0	0.0003	APBA3	ENSG00000011132
13920.0	0.0003	TAGLN	ENSG00000149591
13920.0	0.0003	GMNN	ENSG00000112312
13920.0	0.0003	SUV39H1	ENSG00000101945
13920.0	0.0003	PFKFB1	ENSG00000158571
13920.0	0.0003	PSMC3	ENSG00000165916
13920.0	0.0003	ACOXL	ENSG00000153093
13920.0	0.0003	DCTN4	ENSG00000132912
13920.0	0.0003	UBA7	ENSG00000182179
13920.0	0.0003	DEPTOR	ENSG00000155792
13920.0	0.0003	EMP2	ENSG00000213853
13920.0	0.0003	DCTN5	ENSG00000166847
13920.0	0.0003	TSHZ2	ENSG00000182463
13920.0	0.0003	COL21A1	ENSG00000124749
13920.0	0.0003	C3AR1	ENSG00000171860
13920.0	0.0003	COX7A1	ENSG00000161281
13920.0	0.0003	TALDO1	ENSG00000177156
13920.0	0.0003	CYP8B1	ENSG00000180432
13920.0	0.0003	WWC1	ENSG00000113645
13920.0	0.0003	PFKFB2	ENSG00000123836
13920.0	0.0003	COL28A1	ENSG00000215018
13920.0	0.0003	GRK1	ENSG00000185974
13920.0	0.0003	OSBPL1A	ENSG00000141447
13920.0	0.0003	NTN5	ENSG00000142233
13920.0	0.0003	BHLHE40	ENSG00000134107
13920.0	0.0003	WASL	ENSG00000106299
13920.0	0.0003	ALDH1A3	ENSG00000184254
13920.0	0.0003	SLC25A32	ENSG00000164933
13920.0	0.0003	DDI2	ENSG00000197312
13920.0	0.0003	DAAM1	ENSG00000100592
13920.0	0.0003	TIGAR	ENSG00000078237
13920.0	0.0003	ALDH3B2	ENSG00000132746
13920.0	0.0003	CELF1	ENSG00000149187
13920.0	0.0003	MARCHF4	ENSG00000144583
13920.0	0.0003	UNC45A	ENSG00000140553
13920.0	0.0003	REST	ENSG00000084093
13920.0	0.0003	LIN54	ENSG00000189308
13920.0	0.0003	DACH2	ENSG00000126733
13920.0	0.0003	ZW10	ENSG00000086827
13920.0	0.0003	TAF1C	ENSG00000103168
13920.0	0.0003	TRADD	ENSG00000102871
13920.0	0.0003	KNTC1	ENSG00000184445
13920.0	0.0003	RNF167	ENSG00000108523
13920.0	0.0003	DNMT3L	ENSG00000142182
13920.0	0.0003	KLC3	ENSG00000104892
13920.0	0.0003	EIF4E1B	ENSG00000175766
13920.0	0.0003	CETN1	ENSG00000177143
13920.0	0.0003	SERF1B	ENSG00000205572
13920.0	0.0003	SEH1L	ENSG00000085415
13920.0	0.0003	TAGLN2	ENSG00000158710
13920.0	0.0003	EIF4E2	ENSG00000135930
13920.0	0.0003	EIF3C	ENSG00000184110
13920.0	0.0003	LLGL2	ENSG00000073350
13920.0	0.0003	IFFO2	ENSG00000169991
13920.0	0.0003	TAGLN3	ENSG00000144834
13920.0	0.0003	SLC27A2	ENSG00000140284
13920.0	0.0003	VANGL1	ENSG00000173218
13920.0	0.0003	HMOX2	ENSG00000103415
13920.0	0.0003	UCN	ENSG00000163794
13920.0	0.0003	CD2	ENSG00000116824
13920.0	0.0003	NAT10	ENSG00000135372
13920.0	0.0003	LIN9	ENSG00000183814
13920.0	0.0003	RAB4A	ENSG00000168118
13920.0	0.0003	NDUFA7	ENSG00000167774
13920.0	0.0003	ZBTB17	ENSG00000116809
13920.0	0.0003	VEGFC	ENSG00000150630
13920.0	0.0003	PTGIS	ENSG00000124212
13920.0	0.0003	SIRT3	ENSG00000142082
13920.0	0.0003	E2F5	ENSG00000133740
13920.0	0.0003	CD93	ENSG00000125810
13920.0	0.0003	CXCL16	ENSG00000161921
13920.0	0.0003	RPS11	ENSG00000142534
13920.0	0.0003	CFAP100	ENSG00000163885
13920.0	0.0003	UBE2L6	ENSG00000156587
13920.0	0.0003	CRIP1	ENSG00000213145
13920.0	0.0003	AURKA	ENSG00000087586
13920.0	0.0003	LIN37	ENSG00000267796
13920.0	0.0003	CSNK1A1	ENSG00000113712
13920.0	0.0003	MYH11	ENSG00000133392
13920.0	0.0003	SERPINA7	ENSG00000123561
13920.0	0.0003	KCNE4	ENSG00000152049
13920.0	0.0003	SCRG1	ENSG00000164106
13920.0	0.0003	PKM	ENSG00000067225
13920.0	0.0003	PREB	ENSG00000138073
13920.0	0.0003	KDM4E	ENSG00000235268
13920.0	0.0003	TMCC1	ENSG00000172765
13920.0	0.0003	ACYP2	ENSG00000170634
13920.0	0.0003	ACYP1	ENSG00000119640
13920.0	0.0003	BAG2	ENSG00000112208
13920.0	0.0003	TYK2	ENSG00000105397
13920.0	0.0003	NRIP2	ENSG00000053702
13920.0	0.0003	NRIP3	ENSG00000175352
13920.0	0.0003	LAP3	ENSG00000002549
13920.0	0.0003	XPO6	ENSG00000169180
13920.0	0.0003	ACOT8	ENSG00000101473
13920.0	0.0003	G6PD	ENSG00000160211
13920.0	0.0003	GLRA4	ENSG00000188828
13920.0	0.0003	CASP3	ENSG00000164305
13920.0	0.0003	SLC6A4	ENSG00000108576
13920.0	0.0003	PPP2R2D	ENSG00000175470
13920.0	0.0003	SKA1	ENSG00000154839
13920.0	0.0003	TAF1B	ENSG00000115750
13920.0	0.0003	TNIP1	ENSG00000145901
13920.0	0.0003	PSMD3	ENSG00000108344
13920.0	0.0003	GABRP	ENSG00000094755
13920.0	0.0003	SEPTIN11	ENSG00000138758
13920.0	0.0003	HMGB1	ENSG00000189403
13920.0	0.0003	MMP9	ENSG00000100985
13920.0	0.0003	ROBO1	ENSG00000169855
13920.0	0.0003	DNAJB7	ENSG00000172404
13920.0	0.0003	CREB3	ENSG00000107175
13920.0	0.0003	SKA3	ENSG00000165480
13920.0	0.0003	PTRH1	ENSG00000187024
13920.0	0.0003	PODXL2	ENSG00000114631
13920.0	0.0003	H1-1	ENSG00000124610
13920.0	0.0003	SRGAP3	ENSG00000196220
13920.0	0.0003	DDIT4	ENSG00000168209
13920.0	0.0003	ERGIC2	ENSG00000087502
13920.0	0.0003	ETFDH	ENSG00000171503
13920.0	0.0003	PSMD7	ENSG00000103035
13920.0	0.0003	PSMD8	ENSG00000099341
13920.0	0.0003	PSMD6	ENSG00000163636
13920.0	0.0003	PSMA4	ENSG00000041357
13920.0	0.0003	PPP4R1	ENSG00000154845
13920.0	0.0003	PSMD13	ENSG00000185627
13920.0	0.0003	RRN3	ENSG00000085721
13920.0	0.0003	AKR1A1	ENSG00000117448
13920.0	0.0003	PEF1	ENSG00000162517
13920.0	0.0003	PNLIP	ENSG00000175535
13920.0	0.0003	TANC1	ENSG00000115183
13920.0	0.0003	PSMB4	ENSG00000159377
13920.0	0.0003	BBOX1	ENSG00000129151
13920.0	0.0003	SEC63	ENSG00000025796
13920.0	0.0003	MIS12	ENSG00000167842
13920.0	0.0003	ZNF385B	ENSG00000144331
13920.0	0.0003	IL12B	ENSG00000113302
13920.0	0.0003	PSMB3	ENSG00000108294
13920.0	0.0003	NPM3	ENSG00000107833
13920.0	0.0003	PSMB7	ENSG00000136930
13920.0	0.0003	ZWINT	ENSG00000122952
13920.0	0.0003	CD2AP	ENSG00000198087
13920.0	0.0003	HOXB1	ENSG00000120094
13920.0	0.0003	PSMB10	ENSG00000205220
13920.0	0.0003	PSMB6	ENSG00000142507
13920.0	0.0003	PSMD10	ENSG00000101843
13920.0	0.0003	ALDH8A1	ENSG00000118514
13920.0	0.0003	METTL18	ENSG00000171806
13920.0	0.0003	PSME4	ENSG00000068878
13920.0	0.0003	RBM28	ENSG00000106344
13920.0	0.0003	NSMAF	ENSG00000035681
13920.0	0.0003	MAP3K8	ENSG00000107968
13920.0	0.0003	PSMB11	ENSG00000222028
13920.0	0.0003	PNPLA3	ENSG00000100344
13920.0	0.0003	TAF1D	ENSG00000166012
13920.0	0.0003	UBE2S	ENSG00000108106
13920.0	0.0003	PSME2	ENSG00000100911
13920.0	0.0003	PSME1	ENSG00000092010
13920.0	0.0003	RCAN1	ENSG00000159200
13920.0	0.0003	PSMD9	ENSG00000110801
13920.0	0.0003	TTL	ENSG00000114999
13920.0	0.0003	PHYHIP	ENSG00000168490
13920.0	0.0003	APBB1IP	ENSG00000077420
13920.0	0.0003	RNF182	ENSG00000180537
13920.0	0.0003	RABGEF1	ENSG00000154710
13920.0	0.0003	CCT8L2	ENSG00000198445
13920.0	0.0003	SESN2	ENSG00000130766
13920.0	0.0003	PSMF1	ENSG00000125818
13920.0	0.0003	RAB4B	ENSG00000167578
13920.0	0.0003	IL12RB1	ENSG00000096996
13920.0	0.0003	MYH13	ENSG00000006788
13920.0	0.0003	MFNG	ENSG00000100060
13920.0	0.0003	HP	ENSG00000257017
13920.0	0.0003	PTGES3	ENSG00000110958
13920.0	0.0003	GNPDA1	ENSG00000113552
13920.0	0.0003	KCNIP2	ENSG00000120049
13920.0	0.0003	CASP1	ENSG00000137752
13920.0	0.0003	SLC7A9	ENSG00000021488
13920.0	0.0003	SPATA2	ENSG00000158480
13920.0	0.0003	RAD54L2	ENSG00000164080
13920.0	0.0003	SELT	ENSG00000198843
13920.0	0.0003	RBM19	ENSG00000122965
13920.0	0.0003	CCDC85B	ENSG00000175602
13920.0	0.0003	APLP1	ENSG00000105290
13920.0	0.0003	ENDOU	ENSG00000111405
13920.0	0.0003	PNRC1	ENSG00000146278
13920.0	0.0003	TRMT6	ENSG00000089195
13920.0	0.0003	IRAG1	ENSG00000072952
13920.0	0.0003	ENTPD2	ENSG00000054179
13920.0	0.0003	CYP4A22	ENSG00000162365
13920.0	0.0003	KCNIP1	ENSG00000182132
13920.0	0.0003	IL12RB2	ENSG00000081985
13920.0	0.0003	GRM4	ENSG00000124493
13920.0	0.0003	CPLX3	ENSG00000213578
13920.0	0.0003	TTF1	ENSG00000125482
13920.0	0.0003	EIF3G	ENSG00000130811
13920.0	0.0003	WDR36	ENSG00000134987
13920.0	0.0003	SALL3	ENSG00000256463
13920.0	0.0003	STK3	ENSG00000104375
13920.0	0.0003	VSX2	ENSG00000119614
13920.0	0.0003	TGFB2	ENSG00000092969
13920.0	0.0003	TBL3	ENSG00000183751
13920.0	0.0003	CSNK1A1L	ENSG00000180138
13920.0	0.0003	SEMA4D	ENSG00000187764
13920.0	0.0003	TNFSF10	ENSG00000121858
13920.0	0.0003	LIPC	ENSG00000166035
13920.0	0.0003	POLR1E	ENSG00000137054
13920.0	0.0003	PKLR	ENSG00000143627
13920.0	0.0003	LIPF	ENSG00000182333
13920.0	0.0003	TBX18	ENSG00000112837
13920.0	0.0003	FUT4	ENSG00000196371
13920.0	0.0003	SAR1A	ENSG00000079332
13920.0	0.0003	PRKCI	ENSG00000163558
13920.0	0.0003	PTHLH	ENSG00000087494
13920.0	0.0003	POFUT1	ENSG00000101346
13920.0	0.0003	ENAH	ENSG00000154380
13920.0	0.0003	AGER	ENSG00000204305
13920.0	0.0003	TDO2	ENSG00000151790
13920.0	0.0003	TUBG2	ENSG00000037042
13920.0	0.0003	NUMA1	ENSG00000137497
13920.0	0.0003	TUBGCP3	ENSG00000126216
13920.0	0.0003	TNFRSF10B	ENSG00000120889
13920.0	0.0003	IL18	ENSG00000150782
13920.0	0.0003	NR3C1	ENSG00000113580
13920.0	0.0003	UTP4	ENSG00000141076
13920.0	0.0003	AURKC	ENSG00000105146
13920.0	0.0003	FASLG	ENSG00000117560
13920.0	0.0003	TRAM1	ENSG00000067167
13920.0	0.0003	PER3	ENSG00000049246
13920.0	0.0003	P2RY1	ENSG00000169860
13920.0	0.0003	NPTX2	ENSG00000106236
13920.0	0.0003	TDG	ENSG00000139372
13920.0	0.0003	LIPG	ENSG00000101670
13920.0	0.0003	GDF11	ENSG00000135414
13920.0	0.0003	CLASRP	ENSG00000104859
13920.0	0.0003	MMP7	ENSG00000137673
13920.0	0.0003	SEPTIN6	ENSG00000125354
13920.0	0.0003	DAPK1	ENSG00000196730
13920.0	0.0003	HMGA1	ENSG00000137309
13920.0	0.0003	TAF11	ENSG00000064995
13920.0	0.0003	PNLIPRP3	ENSG00000203837
13920.0	0.0003	TAF4B	ENSG00000141384
13920.0	0.0003	TAF13	ENSG00000197780
13920.0	0.0003	NFIL3	ENSG00000165030
13920.0	0.0003	CRABP1	ENSG00000166426
13920.0	0.0003	DGAT2	ENSG00000062282
13920.0	0.0003	H2AP	ENSG00000187516
13920.0	0.0003	H1-0	ENSG00000189060
13920.0	0.0003	ANAPC2	ENSG00000176248
13920.0	0.0003	LSG1	ENSG00000041802
13920.0	0.0003	CABIN1	ENSG00000099991
13920.0	0.0003	ANAPC10	ENSG00000164162
13920.0	0.0003	GTF2A2	ENSG00000140307
13920.0	0.0003	ANAPC5	ENSG00000089053
13920.0	0.0003	ANAPC4	ENSG00000053900
13920.0	0.0003	CDC26	ENSG00000176386
13920.0	0.0003	TNFRSF8	ENSG00000120949
13920.0	0.0003	SEPTIN8	ENSG00000164402
13920.0	0.0003	SEPTIN14	ENSG00000154997
13920.0	0.0003	EIF3B	ENSG00000106263
13920.0	0.0003	ANAPC7	ENSG00000196510
13920.0	0.0003	TXNDC12	ENSG00000117862
13920.0	0.0003	ZNF22-AS1	ENSG00000165511
13920.0	0.0003	SEPTIN10	ENSG00000186522
13920.0	0.0003	TXNDC9	ENSG00000115514
13920.0	0.0003	PRR25	ENSG00000167945
13920.0	0.0003	THAP11	ENSG00000168286
13920.0	0.0003	H1-5	ENSG00000184357
13920.0	0.0003	HBEGF	ENSG00000113070
13920.0	0.0003	MCU	ENSG00000156026
13920.0	0.0003	MFSD4A	ENSG00000174514
13920.0	0.0003	HTR6	ENSG00000158748
13920.0	0.0003	RNMT	ENSG00000101654
13920.0	0.0003	SP2	ENSG00000167182
13920.0	0.0003	DNAH8	ENSG00000124721
13920.0	0.0003	IL2RG	ENSG00000147168
13920.0	0.0003	IL2RB	ENSG00000100385
13920.0	0.0003	PAICS	ENSG00000128050
13920.0	0.0003	GFI1	ENSG00000162676
13920.0	0.0003	SUV39H2	ENSG00000152455
13920.0	0.0003	BHLHE41	ENSG00000123095
13920.0	0.0003	UBXN4	ENSG00000144224
13920.0	0.0003	BMS1	ENSG00000165733
13920.0	0.0003	GAB2	ENSG00000033327
13920.0	0.0003	NOC4L	ENSG00000184967
13920.0	0.0003	EPS15L1	ENSG00000127527
13920.0	0.0003	R3HCC1L	ENSG00000166024
13920.0	0.0003	TRIM71	ENSG00000206557
13920.0	0.0003	TSPAN3	ENSG00000140391
13920.0	0.0003	EDNRB	ENSG00000136160
13920.0	0.0003	NAP1L4	ENSG00000205531
13920.0	0.0003	DUSP10	ENSG00000143507
13920.0	0.0003	MBTPS1	ENSG00000140943
13920.0	0.0003	HLA-C	ENSG00000204525
13920.0	0.0003	EIF4E3	ENSG00000163412
13920.0	0.0003	MARCHF9	ENSG00000139266
13920.0	0.0003	EIF4EBP1	ENSG00000187840
13920.0	0.0003	HLA-A	ENSG00000206503
13920.0	0.0003	UBN1	ENSG00000118900
13920.0	0.0003	RPS6KB2	ENSG00000175634
13920.0	0.0003	MARCHF1	ENSG00000145416
13920.0	0.0003	FBXL3	ENSG00000005812
13920.0	0.0003	FZD1	ENSG00000157240
13920.0	0.0003	SUGT1	ENSG00000165416
13920.0	0.0003	POLI	ENSG00000101751
13920.0	0.0003	EMX2	ENSG00000170370
13920.0	0.0003	MARCHF8	ENSG00000165406
13920.0	0.0003	CPLX4	ENSG00000166569
13920.0	0.0003	SH3PXD2A	ENSG00000107957
13920.0	0.0003	CRY1	ENSG00000008405
13920.0	0.0003	IDE	ENSG00000119912
13920.0	0.0003	NPAS2	ENSG00000170485
13920.0	0.0003	HIP1R	ENSG00000130787
13920.0	0.0003	SH3PXD2B	ENSG00000174705
13920.0	0.0003	MAP4K4	ENSG00000071054
13920.0	0.0003	CAPRIN1	ENSG00000135387
13920.0	0.0003	EVI5	ENSG00000067208
13920.0	0.0003	EIF4A1	ENSG00000161960
13920.0	0.0003	DENND4A	ENSG00000174485
13920.0	0.0003	MYH15	ENSG00000144821
13920.0	0.0003	SELENOW	ENSG00000178980
13920.0	0.0003	HOXD11	ENSG00000128713
13920.0	0.0003	SKA2	ENSG00000182628
13920.0	0.0003	ASAP1	ENSG00000153317
13920.0	0.0003	PATL1	ENSG00000166889
13920.0	0.0003	DCLK3	ENSG00000163673
13920.0	0.0003	NPR3	ENSG00000113389
13920.0	0.0003	MED21	ENSG00000152944
13920.0	0.0003	MED29	ENSG00000063322
13920.0	0.0003	CREBZF	ENSG00000137504
13920.0	0.0003	MED18	ENSG00000130772
13920.0	0.0003	OTUD4	ENSG00000164164
13920.0	0.0003	ASAP2	ENSG00000151693
13920.0	0.0003	MGLL	ENSG00000074416
13920.0	0.0003	MED6	ENSG00000133997
13920.0	0.0003	DCDC2	ENSG00000146038
13920.0	0.0003	PDLIM5	ENSG00000163110
13920.0	0.0003	LDHAL6B	ENSG00000171989
13920.0	0.0003	IRAK3	ENSG00000090376
13920.0	0.0003	CAP2	ENSG00000112186
13920.0	0.0003	PAX8	ENSG00000125618
13920.0	0.0003	PANK4	ENSG00000157881
13920.0	0.0003	METTL8	ENSG00000123600
13920.0	0.0003	CAMKK1	ENSG00000004660
13920.0	0.0003	MED10	ENSG00000133398
13920.0	0.0003	METTL2A	ENSG00000087995
13920.0	0.0003	PANK3	ENSG00000120137
13920.0	0.0003	ZNF513	ENSG00000163795
13920.0	0.0003	SRSF9	ENSG00000111786
13920.0	0.0003	RAB27B	ENSG00000041353
13920.0	0.0003	FZD2	ENSG00000180340
13920.0	0.0003	HERC3	ENSG00000138641
13920.0	0.0003	CSF2	ENSG00000164400
13920.0	0.0003	FEZ2	ENSG00000171055
13920.0	0.0003	RPS6KA2	ENSG00000071242
13920.0	0.0003	HES5	ENSG00000197921
13920.0	0.0003	CAPN6	ENSG00000077274
13920.0	0.0003	HAS3	ENSG00000103044
13920.0	0.0003	GUCY1B1	ENSG00000061918
13920.0	0.0003	ACTRT3	ENSG00000184378
13920.0	0.0003	DNAJB4	ENSG00000162616
13920.0	0.0003	HAS2	ENSG00000170961
13920.0	0.0003	DERA	ENSG00000023697
13920.0	0.0003	IRF2	ENSG00000168310
13920.0	0.0003	MOGAT3	ENSG00000106384
13920.0	0.0003	GUCY2C	ENSG00000070019
13920.0	0.0003	MLYCD	ENSG00000103150
13920.0	0.0003	ITGAL	ENSG00000005844
13920.0	0.0003	GUCY2F	ENSG00000101890
13920.0	0.0003	NPR1	ENSG00000169418
13920.0	0.0003	USP49	ENSG00000164663
13920.0	0.0003	SLC39A10	ENSG00000196950
13920.0	0.0003	TRAF5	ENSG00000082512
13920.0	0.0003	PCK2	ENSG00000100889
13920.0	0.0003	KRT7	ENSG00000135480
13920.0	0.0003	MEX3D	ENSG00000181588
13920.0	0.0003	CUL5	ENSG00000166266
13920.0	0.0003	PIWIL1	ENSG00000125207
13920.0	0.0003	IRF1	ENSG00000125347
13920.0	0.0003	SHC2	ENSG00000129946
13920.0	0.0003	GUCY1A2	ENSG00000152402
13920.0	0.0003	NUDT8	ENSG00000167799
13920.0	0.0003	EDC4	ENSG00000038358
13920.0	0.0003	GTF3A	ENSG00000122034
13920.0	0.0003	CR2	ENSG00000117322
13920.0	0.0003	METAP1D	ENSG00000172878
13920.0	0.0003	MIB2	ENSG00000197530
13920.0	0.0003	TBC1D14	ENSG00000132405
13920.0	0.0003	USF2	ENSG00000105698
13920.0	0.0003	DNAJA1	ENSG00000086061
13920.0	0.0003	IGF2BP1	ENSG00000159217
13920.0	0.0003	NIN	ENSG00000100503
13920.0	0.0003	RAMAC	ENSG00000169612
13920.0	0.0003	MPHOSPH8	ENSG00000196199
13920.0	0.0003	RP11-157G21.2	ENSG00000255836
13920.0	0.0003	MED19	ENSG00000156603
13920.0	0.0003	IRF6	ENSG00000117595
13920.0	0.0003	IWS1	ENSG00000163166
13920.0	0.0003	USF1	ENSG00000158773
13920.0	0.0003	TXNIP	ENSG00000117289
13920.0	0.0003	XRCC3	ENSG00000126215
13920.0	0.0003	RPP14	ENSG00000163684
13920.0	0.0003	THAP3	ENSG00000041988
13920.0	0.0003	RXRB	ENSG00000204231
13920.0	0.0003	SART3	ENSG00000075856
13920.0	0.0003	TYSND1	ENSG00000156521
13920.0	0.0003	FZD8	ENSG00000177283
13920.0	0.0003	METAP1	ENSG00000164024
13920.0	0.0003	ATF7IP	ENSG00000171681
13920.0	0.0003	NLGN2	ENSG00000169992
13920.0	0.0003	DNAJB5	ENSG00000137094
13920.0	0.0003	SIRT7	ENSG00000187531
13920.0	0.0003	MYLK	ENSG00000065534
13920.0	0.0003	LPAR6	ENSG00000139679
13920.0	0.0003	ECPAS	ENSG00000136813
13920.0	0.0003	IRX1	ENSG00000170549
13920.0	0.0003	SHC3	ENSG00000148082
13920.0	0.0003	OAZ1	ENSG00000104904
13920.0	0.0003	CEP192	ENSG00000101639
13920.0	0.0003	RIMBP2	ENSG00000060709
13920.0	0.0003	ABCF3	ENSG00000161204
13920.0	0.0003	SPN	ENSG00000197471
13920.0	0.0003	DNAJB13	ENSG00000187726
13920.0	0.0003	SV2B	ENSG00000185518
13920.0	0.0003	IQGAP3	ENSG00000183856
13920.0	0.0003	TTC12	ENSG00000149292
13920.0	0.0003	POU2F1	ENSG00000143190
13920.0	0.0003	LEPR	ENSG00000116678
13920.0	0.0003	TTC31	ENSG00000115282
13920.0	0.0003	MED26	ENSG00000105085
13920.0	0.0003	KREMEN2	ENSG00000131650
13920.0	0.0003	CPEB2	ENSG00000137449
13920.0	0.0003	CPEB4	ENSG00000113742
13920.0	0.0003	H1-10	ENSG00000184897
13920.0	0.0003	NTF4	ENSG00000225950
13920.0	0.0003	GRM3	ENSG00000198822
13920.0	0.0003	SND1	ENSG00000197157
13920.0	0.0003	TRPM8	ENSG00000144481
13920.0	0.0003	CCNB2	ENSG00000157456
13920.0	0.0003	SEMA3C	ENSG00000075223
13920.0	0.0003	PTPRO	ENSG00000151490
13920.0	0.0003	OAZ3	ENSG00000143450
13920.0	0.0003	SV2C	ENSG00000122012
13920.0	0.0003	IGF2BP3	ENSG00000136231
13920.0	0.0003	SRSF2	ENSG00000161547
13920.0	0.0003	LSM14B	ENSG00000149657
13920.0	0.0003	MED9	ENSG00000141026
13920.0	0.0003	MED20	ENSG00000124641
13920.0	0.0003	ATP13A4	ENSG00000127249
13920.0	0.0003	STK35	ENSG00000125834
13920.0	0.0003	H1-8	ENSG00000178804
13920.0	0.0003	UCHL5	ENSG00000116750
13920.0	0.0003	CGGBP1	ENSG00000163320
13920.0	0.0003	EIF5	ENSG00000100664
13920.0	0.0003	KLHDC10	ENSG00000128607
13920.0	0.0003	ACTR10	ENSG00000131966
13920.0	0.0003	LSM14A	ENSG00000257103
13920.0	0.0003	OAZ2	ENSG00000180304
13920.0	0.0003	PDIK1L	ENSG00000175087
13920.0	0.0003	LPCAT2	ENSG00000087253
13920.0	0.0003	BRD8	ENSG00000112983
13920.0	0.0003	AGL	ENSG00000162688
13920.0	0.0003	NCF4	ENSG00000100365
13920.0	0.0003	ACTRT2	ENSG00000169717
13920.0	0.0003	LTBR	ENSG00000111321
13920.0	0.0003	EXD3	ENSG00000187609
13920.0	0.0003	SNRPA1	ENSG00000131876
13920.0	0.0003	ACTRT1	ENSG00000123165
13920.0	0.0003	UPF1	ENSG00000005007
13920.0	0.0003	EIF3I	ENSG00000084623
13920.0	0.0003	PGK2	ENSG00000170950
13920.0	0.0003	EDN2	ENSG00000127129
13920.0	0.0003	ACTL7A	ENSG00000187003
13920.0	0.0003	ACTL7B	ENSG00000148156
13920.0	0.0003	LPCAT1	ENSG00000153395
13920.0	0.0003	MYLK4	ENSG00000145949
13920.0	0.0003	SERPINB5	ENSG00000206075
13920.0	0.0003	SPRY2	ENSG00000136158
13920.0	0.0003	GNA11	ENSG00000088256
13920.0	0.0003	OGG1	ENSG00000114026
13920.0	0.0003	ACTL9	ENSG00000181786
13920.0	0.0003	ACTL10	ENSG00000182584
13920.0	0.0003	ACTL8	ENSG00000117148
13920.0	0.0003	CAVIN1	ENSG00000177469
13920.0	0.0003	KLRB1	ENSG00000111796
13920.0	0.0003	ATP13A3	ENSG00000133657
13920.0	0.0003	ATP13A5	ENSG00000187527
13920.0	0.0003	SHC4	ENSG00000185634
13920.0	0.0003	PREP	ENSG00000085377
13920.0	0.0003	LSM10	ENSG00000181817
13920.0	0.0003	ABRAXAS2	ENSG00000165660
13920.0	0.0003	STAU1	ENSG00000124214
13920.0	0.0003	CHAF1A	ENSG00000167670
13920.0	0.0003	TRAF3IP2	ENSG00000056972
13920.0	0.0003	TRMT2A	ENSG00000099899
13920.0	0.0003	ENO3	ENSG00000108515
13920.0	0.0003	RAB43	ENSG00000172780
13920.0	0.0003	SEC23IP	ENSG00000107651
13920.0	0.0003	RPS15A	ENSG00000134419
13920.0	0.0003	EIF3CL	ENSG00000205609
13920.0	0.0003	NCS1	ENSG00000107130
13920.0	0.0003	FNIP1	ENSG00000217128
13920.0	0.0003	ENO1	ENSG00000074800
13920.0	0.0003	NOP14	ENSG00000087269
13920.0	0.0003	TAF9B	ENSG00000187325
13920.0	0.0003	UVSSA	ENSG00000163945
13920.0	0.0003	SSTR3	ENSG00000183473
13920.0	0.0003	ERP44	ENSG00000023318
13920.0	0.0003	SART1	ENSG00000175467
13920.0	0.0003	EIF3D	ENSG00000100353
13920.0	0.0003	AIP	ENSG00000110711
13920.0	0.0003	TBPL1	ENSG00000028839
13920.0	0.0003	ENPEP	ENSG00000138792
13920.0	0.0003	MDK	ENSG00000110492
13920.0	0.0003	RPS16	ENSG00000105193
13920.0	0.0003	FRS2	ENSG00000166225
13920.0	0.0003	CRY2	ENSG00000121671
13920.0	0.0003	NEDD1	ENSG00000139350
13920.0	0.0003	MBD2	ENSG00000134046
13920.0	0.0003	NEK2	ENSG00000117650
13920.0	0.0003	BAAT	ENSG00000136881
13920.0	0.0003	ZNF431	ENSG00000196705
13920.0	0.0003	CEP76	ENSG00000101624
13920.0	0.0003	CHD1	ENSG00000153922
13920.0	0.0003	MNS1	ENSG00000138587
13920.0	0.0003	HAUS2	ENSG00000137814
13920.0	0.0003	DNAJA2	ENSG00000069345
13920.0	0.0003	CEP72	ENSG00000112877
13920.0	0.0003	MYL6B	ENSG00000196465
13920.0	0.0003	CEP250	ENSG00000126001
13920.0	0.0003	ODF2	ENSG00000136811
13920.0	0.0003	CEP78	ENSG00000148019
13920.0	0.0003	MYLK2	ENSG00000101306
13920.0	0.0003	MED31	ENSG00000108590
13920.0	0.0003	SEPTIN4	ENSG00000108387
13920.0	0.0003	UNC5CL	ENSG00000124602
13920.0	0.0003	FKBP4	ENSG00000004478
13920.0	0.0003	CYP4F22	ENSG00000171954
13920.0	0.0003	ESS2	ENSG00000100056
13920.0	0.0003	HAAO	ENSG00000162882
13920.0	0.0003	RPL13A	ENSG00000142541
13920.0	0.0003	SYNCRIP	ENSG00000135316
13920.0	0.0003	NR6A1	ENSG00000148200
13920.0	0.0003	DNAJA4	ENSG00000140403
13920.0	0.0003	ADORA2A	ENSG00000128271
13920.0	0.0003	WDR3	ENSG00000065183
13920.0	0.0003	CYP4V2	ENSG00000145476
13920.0	0.0003	RAB33B	ENSG00000172007
13920.0	0.0003	GSPT1	ENSG00000103342
13920.0	0.0003	GSPT2	ENSG00000189369
13920.0	0.0003	RRP9	ENSG00000114767
13920.0	0.0003	CYP20A1	ENSG00000119004
13920.0	0.0003	CYP4B1	ENSG00000142973
13920.0	0.0003	CYP4F11	ENSG00000171903
13920.0	0.0003	CYP4F12	ENSG00000186204
13920.0	0.0003	CYP4X1	ENSG00000186377
13920.0	0.0003	CYP4Z1	ENSG00000186160
13920.0	0.0003	TWIST2	ENSG00000233608
13920.0	0.0003	AGMAT	ENSG00000116771
13920.0	0.0003	SNRPC	ENSG00000124562
13920.0	0.0003	BARD1	ENSG00000138376
13920.0	0.0003	SAG	ENSG00000130561
13920.0	0.0003	RPS6KA6	ENSG00000072133
13920.0	0.0003	OLFM4	ENSG00000102837
13920.0	0.0003	EFEMP2	ENSG00000172638
13920.0	0.0003	MED28	ENSG00000118579
13920.0	0.0003	MYBBP1A	ENSG00000132382
13920.0	0.0003	UNC5B	ENSG00000107731
13920.0	0.0003	ATP10A	ENSG00000206190
13920.0	0.0003	MCM7	ENSG00000166508
13920.0	0.0003	ILVBL	ENSG00000105135
13920.0	0.0003	SLC1A6	ENSG00000105143
13920.0	0.0003	TRPM5	ENSG00000070985
13920.0	0.0003	TCL1B	ENSG00000213231
13920.0	0.0003	RAB33A	ENSG00000134594
13920.0	0.0003	SNUPN	ENSG00000169371
13920.0	0.0003	ANAPC13	ENSG00000129055
13920.0	0.0003	CLSPN	ENSG00000092853
13920.0	0.0003	KCNJ15	ENSG00000157551
13920.0	0.0003	PJA1	ENSG00000181191
13920.0	0.0003	RAB19	ENSG00000146955
13920.0	0.0003	NR1H4	ENSG00000012504
13920.0	0.0003	SRSF5	ENSG00000100650
13920.0	0.0003	PANK1	ENSG00000152782
13920.0	0.0003	ZNRF1	ENSG00000186187
13920.0	0.0003	FZD10	ENSG00000111432
13920.0	0.0003	SLC3A1	ENSG00000138079
13920.0	0.0003	CUL7	ENSG00000044090
13920.0	0.0003	CTSV	ENSG00000136943
13920.0	0.0003	ANAPC16	ENSG00000166295
13920.0	0.0003	DGCR6	ENSG00000183628
13920.0	0.0003	CREM	ENSG00000095794
13920.0	0.0003	DKK2	ENSG00000155011
13920.0	0.0003	H1-3	ENSG00000124575
13920.0	0.0003	PLA2G15	ENSG00000103066
13920.0	0.0003	BORA	ENSG00000136122
13920.0	0.0003	EEF1A1	ENSG00000156508
13920.0	0.0003	ANAPC15	ENSG00000110200
13920.0	0.0003	CCNB3	ENSG00000147082
13920.0	0.0003	DGAT1	ENSG00000185000
13920.0	0.0003	PLA2G7	ENSG00000146070
13920.0	0.0003	DNAI2	ENSG00000171595
13920.0	0.0003	MED7	ENSG00000155868
13920.0	0.0003	TXLNG	ENSG00000086712
13920.0	0.0003	AKT1S1	ENSG00000204673
13920.0	0.0003	HEATR1	ENSG00000119285
13920.0	0.0003	RSPO1	ENSG00000169218
13920.0	0.0003	RPL9	ENSG00000163682
13920.0	0.0003	SUPT7L	ENSG00000119760
13920.0	0.0003	ASCC3	ENSG00000112249
13920.0	0.0003	GAPDHS	ENSG00000105679
13920.0	0.0003	UTP15	ENSG00000164338
13920.0	0.0003	FOXK1	ENSG00000164916
13920.0	0.0003	SPRED3	ENSG00000188766
13920.0	0.0003	FERMT2	ENSG00000073712
13920.0	0.0003	LSM8	ENSG00000128534
13920.0	0.0003	OLFM1	ENSG00000130558
13920.0	0.0003	SF3A3	ENSG00000183431
13920.0	0.0003	SELO	ENSG00000073169
13920.0	0.0003	ADCYAP1R1	ENSG00000078549
13920.0	0.0003	ADCYAP1	ENSG00000141433
13920.0	0.0003	SAT1	ENSG00000130066
13920.0	0.0003	MYBL2	ENSG00000101057
13920.0	0.0003	UNC5A	ENSG00000113763
13920.0	0.0003	IRAK4	ENSG00000198001
13920.0	0.0003	TSPYL5	ENSG00000180543
13920.0	0.0003	GGA3	ENSG00000125447
13920.0	0.0003	PRPF4	ENSG00000136875
13920.0	0.0003	SYT9	ENSG00000170743
13920.0	0.0003	PTDSS1	ENSG00000156471
13920.0	0.0003	HACL1	ENSG00000131373
13920.0	0.0003	MPHOSPH10	ENSG00000124383
13920.0	0.0003	SFTPB	ENSG00000168878
13920.0	0.0003	PPID	ENSG00000171497
13920.0	0.0003	PPM1G	ENSG00000115241
13920.0	0.0003	CELSR1	ENSG00000075275
13920.0	0.0003	SLC6A2	ENSG00000103546
13920.0	0.0003	DHRS4L2	ENSG00000187630
13920.0	0.0003	KRR1	ENSG00000111615
13920.0	0.0003	KCNE3	ENSG00000175538
13920.0	0.0003	RPH3A	ENSG00000089169
13920.0	0.0003	TRDMT1	ENSG00000107614
13920.0	0.0003	RAD18	ENSG00000070950
13920.0	0.0003	PLIN1	ENSG00000166819
13920.0	0.0003	ADAMTS18	ENSG00000140873
13920.0	0.0003	KDM5A	ENSG00000073614
13920.0	0.0003	RPL8	ENSG00000161016
13920.0	0.0003	CDC25A	ENSG00000164045
13920.0	0.0003	GIGYF2	ENSG00000204120
13920.0	0.0003	GADD45B	ENSG00000099860
13920.0	0.0003	TRPC6	ENSG00000137672
13920.0	0.0003	CORT	ENSG00000241563
13920.0	0.0003	NFKBIE	ENSG00000146232
13920.0	0.0003	SSH2	ENSG00000141298
13920.0	0.0003	TNC	ENSG00000041982
13920.0	0.0003	EHD4	ENSG00000103966
13920.0	0.0003	PPIH	ENSG00000171960
13920.0	0.0003	TCEA1	ENSG00000187735
13920.0	0.0003	NKTR	ENSG00000114857
13920.0	0.0003	DBI	ENSG00000155368
13920.0	0.0003	FBXL19	ENSG00000099364
13920.0	0.0003	TADA1	ENSG00000152382
13920.0	0.0003	XAB2	ENSG00000076924
13920.0	0.0003	SOST	ENSG00000167941
13920.0	0.0003	IMP3	ENSG00000177971
13920.0	0.0003	MRPL2	ENSG00000112651
13920.0	0.0003	SFTPC	ENSG00000168484
13920.0	0.0003	LSM3	ENSG00000170860
13920.0	0.0003	ELF1	ENSG00000120690
13920.0	0.0003	FABP4	ENSG00000170323
13920.0	0.0003	ARC	ENSG00000198576
13920.0	0.0003	ELF2	ENSG00000109381
13920.0	0.0003	LSM6	ENSG00000164167
13920.0	0.0003	ELF4	ENSG00000102034
13920.0	0.0003	PHAX	ENSG00000164902
13920.0	0.0003	EEF2K	ENSG00000103319
13920.0	0.0003	PDE5A	ENSG00000138735
13920.0	0.0003	SPATA13	ENSG00000182957
13920.0	0.0003	FRS3	ENSG00000137218
13920.0	0.0003	ISG20	ENSG00000172183
13920.0	0.0003	RAD54B	ENSG00000197275
13920.0	0.0003	SEC16A	ENSG00000148396
13920.0	0.0003	MRPL4	ENSG00000105364
13920.0	0.0003	TPT1	ENSG00000133112
13920.0	0.0003	THUMPD2	ENSG00000138050
13920.0	0.0003	WDR46	ENSG00000227057
13920.0	0.0003	EIF4B	ENSG00000063046
13920.0	0.0003	INO80E	ENSG00000169592
13920.0	0.0003	RPS5	ENSG00000083845
13920.0	0.0003	JADE2	ENSG00000043143
13920.0	0.0003	RNF168	ENSG00000163961
13920.0	0.0003	LYPLA1	ENSG00000120992
13920.0	0.0003	PAFAH2	ENSG00000158006
13920.0	0.0003	RIN2	ENSG00000132669
13920.0	0.0003	PLIN5	ENSG00000214456
13920.0	0.0003	NUP35	ENSG00000163002
13920.0	0.0003	LMOD1	ENSG00000163431
13920.0	0.0003	ZNF346	ENSG00000113761
13920.0	0.0003	HTR7	ENSG00000148680
13920.0	0.0003	CEBPG	ENSG00000153879
13920.0	0.0003	CD40	ENSG00000101017
13920.0	0.0003	FBXO6	ENSG00000116663
13920.0	0.0003	NUP160	ENSG00000030066
13920.0	0.0003	NUP37	ENSG00000075188
13920.0	0.0003	PPFIA1	ENSG00000131626
13920.0	0.0003	ENPP2	ENSG00000136960
13920.0	0.0003	LSM7	ENSG00000130332
13920.0	0.0003	SAT2	ENSG00000141504
13920.0	0.0003	PLEKHA2	ENSG00000169499
13920.0	0.0003	EMX1	ENSG00000135638
13920.0	0.0003	MPP3	ENSG00000161647
13920.0	0.0003	CDY2B	ENSG00000129873
13920.0	0.0003	CDC37	ENSG00000105401
13920.0	0.0003	CNOT4	ENSG00000080802
13920.0	0.0003	NUP210	ENSG00000132182
13920.0	0.0003	FLT3	ENSG00000122025
13920.0	0.0003	XPNPEP1	ENSG00000108039
13920.0	0.0003	PRELID3A	ENSG00000141391
13920.0	0.0003	KCNIP3	ENSG00000115041
13920.0	0.0003	CRYL1	ENSG00000165475
13920.0	0.0003	PPFIA3	ENSG00000177380
13920.0	0.0003	RPL5	ENSG00000122406
13920.0	0.0003	APOL6	ENSG00000221963
13920.0	0.0003	FOXK2	ENSG00000141568
13920.0	0.0003	NUP42	ENSG00000136243
13920.0	0.0003	NFRKB	ENSG00000170322
13920.0	0.0003	NUP188	ENSG00000095319
13920.0	0.0003	INO80B	ENSG00000115274
13920.0	0.0003	ROR2	ENSG00000169071
13920.0	0.0003	IGLL5	ENSG00000254709
13920.0	0.0003	RP2	ENSG00000102218
13920.0	0.0003	RPL17	ENSG00000265681
13920.0	0.0003	PTPRE	ENSG00000132334
13920.0	0.0003	MRPL22	ENSG00000082515
13920.0	0.0003	MRPL1	ENSG00000169288
13920.0	0.0003	MINK1	ENSG00000141503
13920.0	0.0003	FBXO44	ENSG00000132879
13920.0	0.0003	SH3RF1	ENSG00000154447
13920.0	0.0003	BTK	ENSG00000010671
13920.0	0.0003	FZD6	ENSG00000164930
13920.0	0.0003	INCENP	ENSG00000149503
13920.0	0.0003	PLIN2	ENSG00000147872
13920.0	0.0003	SORBS3	ENSG00000120896
13920.0	0.0003	RPL10A	ENSG00000198755
13920.0	0.0003	PTH	ENSG00000152266
13920.0	0.0003	GATA6	ENSG00000141448
13920.0	0.0003	RCOR2	ENSG00000167771
13920.0	0.0003	SEPTIN2	ENSG00000168385
13920.0	0.0003	ENPP6	ENSG00000164303
13920.0	0.0003	ARG2	ENSG00000081181
13920.0	0.0003	CDK20	ENSG00000156345
13920.0	0.0003	ANGPTL4	ENSG00000167772
13920.0	0.0003	PPIL6	ENSG00000185250
13920.0	0.0003	MRPL17	ENSG00000158042
13920.0	0.0003	GJC3	ENSG00000176402
13920.0	0.0003	PRELID3B	ENSG00000101166
13920.0	0.0003	DHX58	ENSG00000108771
13920.0	0.0003	ANO6	ENSG00000177119
13920.0	0.0003	CDY2A	ENSG00000182415
13920.0	0.0003	POLR1G	ENSG00000117877
13920.0	0.0003	NAA25	ENSG00000111300
13920.0	0.0003	RPL7	ENSG00000147604
13920.0	0.0003	ANP32E	ENSG00000143401
13920.0	0.0003	RPL17-C18orf32	ENSG00000215472
13920.0	0.0003	FADS2	ENSG00000134824
13920.0	0.0003	SCRIB	ENSG00000180900
13920.0	0.0003	DLGAP5	ENSG00000126787
13920.0	0.0003	APOL4	ENSG00000100336
13920.0	0.0003	KCNIP4	ENSG00000185774
13920.0	0.0003	CNOT9	ENSG00000144580
13920.0	0.0003	HOMER1	ENSG00000152413
13920.0	0.0003	HSPBP1	ENSG00000133265
13920.0	0.0003	GTF2H2	ENSG00000145736
13920.0	0.0003	SF3A1	ENSG00000099995
13920.0	0.0003	TAL2	ENSG00000186051
13920.0	0.0003	SNRPB2	ENSG00000125870
13920.0	0.0003	PENK	ENSG00000181195
13920.0	0.0003	CLOCK	ENSG00000134852
13920.0	0.0003	FBXO31	ENSG00000103264
13920.0	0.0003	RPL10L	ENSG00000165496
13920.0	0.0003	PPFIA2	ENSG00000139220
13920.0	0.0003	USP47	ENSG00000170242
13920.0	0.0003	IBSP	ENSG00000029559
13920.0	0.0003	FZD5	ENSG00000163251
13920.0	0.0003	RCL1	ENSG00000120158
13920.0	0.0003	GJD2	ENSG00000159248
13920.0	0.0003	RACGAP1	ENSG00000161800
13920.0	0.0003	PRPF39	ENSG00000185246
13920.0	0.0003	CTPS1	ENSG00000171793
13920.0	0.0003	MRPL16	ENSG00000166902
13920.0	0.0003	CDV3	ENSG00000091527
13920.0	0.0003	FBXO17	ENSG00000269190
13920.0	0.0003	FHL2	ENSG00000115641
13920.0	0.0003	FBXO27	ENSG00000161243
13920.0	0.0003	EIF6	ENSG00000242372
13920.0	0.0003	ALKBH6	ENSG00000239382
13920.0	0.0003	SLC25A16	ENSG00000122912
13920.0	0.0003	PRLHR	ENSG00000119973
13920.0	0.0003	MBD3L2	ENSG00000230522
13920.0	0.0003	CREB3L4	ENSG00000143578
13920.0	0.0003	MRPS6	ENSG00000243927
13920.0	0.0003	EPB41L2	ENSG00000079819
13920.0	0.0003	DNAJB9	ENSG00000128590
13920.0	0.0003	SFTPD	ENSG00000133661
13920.0	0.0003	POLH	ENSG00000170734
13920.0	0.0003	DNAJB12	ENSG00000148719
13920.0	0.0003	KHDRBS1	ENSG00000121774
13920.0	0.0003	DNAJB8	ENSG00000179407
13920.0	0.0003	MYO10	ENSG00000145555
13920.0	0.0003	P4HB	ENSG00000185624
13920.0	0.0003	DNAJB14	ENSG00000164031
13920.0	0.0003	TBC1D7	ENSG00000145979
13920.0	0.0003	DNAJC18	ENSG00000170464
13920.0	0.0003	ZNF704	ENSG00000164684
13920.0	0.0003	DNAJC22	ENSG00000178401
13920.0	0.0003	TRIM28	ENSG00000130726
13920.0	0.0003	MTIF3	ENSG00000122033
13920.0	0.0003	MRPL20	ENSG00000242485
13920.0	0.0003	CDY1B	ENSG00000172352
13920.0	0.0003	PPARGC1B	ENSG00000155846
13920.0	0.0003	CDYL2	ENSG00000166446
13920.0	0.0003	TTK	ENSG00000112742
13920.0	0.0003	RANGAP1	ENSG00000100401
13920.0	0.0003	EPN1	ENSG00000063245
13920.0	0.0003	DLX2	ENSG00000115844
13920.0	0.0003	ECHDC2	ENSG00000121310
13920.0	0.0003	SRSF4	ENSG00000116350
13920.0	0.0003	H4C9	ENSG00000198339
13920.0	0.0003	SRI	ENSG00000075142
13920.0	0.0003	GTF2H2C	ENSG00000183474
13920.0	0.0003	CDY1	ENSG00000172288
13920.0	0.0003	UHRF2	ENSG00000147854
13920.0	0.0003	ABCA3	ENSG00000167972
13920.0	0.0003	MYL11	ENSG00000180209
13920.0	0.0003	YIPF2	ENSG00000130733
13920.0	0.0003	TSNAX	ENSG00000116918
13920.0	0.0003	COX7A2	ENSG00000112695
13920.0	0.0003	ZFPM1	ENSG00000179588
13920.0	0.0003	KIFC3	ENSG00000140859
13920.0	0.0003	CLIP1	ENSG00000130779
13920.0	0.0003	CNOT7	ENSG00000198791
13920.0	0.0003	HSF2	ENSG00000025156
13920.0	0.0003	MYO7A	ENSG00000137474
13920.0	0.0003	APCDD1	ENSG00000154856
13920.0	0.0003	PPFIA4	ENSG00000143847
13920.0	0.0003	MYO15A	ENSG00000091536
13920.0	0.0003	RPL11	ENSG00000142676
13920.0	0.0003	NMRAL1	ENSG00000153406
13920.0	0.0003	MRPS18A	ENSG00000096080
13920.0	0.0003	MLF1	ENSG00000178053
13920.0	0.0003	PTH2	ENSG00000142538
13920.0	0.0003	PYDC1	ENSG00000169900
13920.0	0.0003	MRPS18C	ENSG00000163319
13920.0	0.0003	MESD	ENSG00000117899
13920.0	0.0003	DNAJB11	ENSG00000090520
13920.0	0.0003	GHRH	ENSG00000118702
13920.0	0.0003	FBXL7	ENSG00000183580
13920.0	0.0003	NHLH1	ENSG00000171786
13920.0	0.0003	BLOC1S5	ENSG00000188428
13920.0	0.0003	DKK3	ENSG00000050165
13920.0	0.0003	SNRNP35	ENSG00000184209
13920.0	0.0003	TNFRSF13C	ENSG00000159958
13920.0	0.0003	NUF2	ENSG00000143228
13920.0	0.0003	GDF15	ENSG00000130513
13920.0	0.0003	WEE1	ENSG00000166483
13920.0	0.0003	LIMD1	ENSG00000144791
13920.0	0.0003	KIFC2	ENSG00000167702
13920.0	0.0003	CLNS1A	ENSG00000074201
13920.0	0.0003	TNFRSF17	ENSG00000048462
13920.0	0.0003	QTRT1	ENSG00000213339
13920.0	0.0003	TXNL4A	ENSG00000141759
13920.0	0.0003	THRAP3	ENSG00000054118
13920.0	0.0003	SIAH2	ENSG00000181788
13920.0	0.0003	ZMAT5	ENSG00000100319
13920.0	0.0003	HHIP	ENSG00000164161
13920.0	0.0003	LRMDA	ENSG00000148655
13920.0	0.0003	KDM5D	ENSG00000012817
13920.0	0.0003	DLX1	ENSG00000144355
13920.0	0.0003	RPL35	ENSG00000136942
13920.0	0.0003	TRAF4	ENSG00000076604
13920.0	0.0003	CSF1	ENSG00000184371
13920.0	0.0003	NPAT	ENSG00000149308
13920.0	0.0003	SPDEF	ENSG00000124664
13920.0	0.0003	RETN	ENSG00000104918
13920.0	0.0003	MYOG	ENSG00000122180
13920.0	0.0003	RPL23	ENSG00000125691
13920.0	0.0003	MTCH1	ENSG00000137409
13920.0	0.0003	CALR	ENSG00000179218
13920.0	0.0003	SERBP1	ENSG00000142864
13920.0	0.0003	LGALS9	ENSG00000168961
13920.0	0.0003	RPL23A	ENSG00000198242
13920.0	0.0003	HMGXB4	ENSG00000100281
13920.0	0.0003	CROT	ENSG00000005469
13920.0	0.0003	MPND	ENSG00000008382
13920.0	0.0003	CHRM2	ENSG00000181072
13920.0	0.0003	ATF7IP2	ENSG00000166669
13920.0	0.0003	ZNF14	ENSG00000105708
13920.0	0.0003	GDA	ENSG00000119125
13920.0	0.0003	FBXO2	ENSG00000116661
13920.0	0.0003	ABLIM1	ENSG00000099204
13920.0	0.0003	COX14	ENSG00000178449
13920.0	0.0003	MATK	ENSG00000007264
13920.0	0.0003	MCMBP	ENSG00000197771
13920.0	0.0003	GCGR	ENSG00000215644
13920.0	0.0003	ALKBH7	ENSG00000125652
13920.0	0.0003	PDCL3	ENSG00000115539
13920.0	0.0003	PLRG1	ENSG00000171566
13920.0	0.0003	GIP	ENSG00000159224
13920.0	0.0003	ABLIM3	ENSG00000173210
13920.0	0.0003	ABLIM2	ENSG00000163995
13920.0	0.0003	MYL5	ENSG00000215375
13920.0	0.0003	CCDC59	ENSG00000133773
13920.0	0.0003	ZC3H13	ENSG00000123200
13920.0	0.0003	HOXA7	ENSG00000122592
13920.0	0.0003	NQO1	ENSG00000181019
13920.0	0.0003	UBE2W	ENSG00000104343
13920.0	0.0003	NTHL1	ENSG00000065057
13920.0	0.0003	UTP18	ENSG00000011260
13920.0	0.0003	LHCGR	ENSG00000138039
13920.0	0.0003	FZD7	ENSG00000155760
13920.0	0.0003	RAB15	ENSG00000139998
13920.0	0.0003	CCNE2	ENSG00000175305
13920.0	0.0003	SFRP2	ENSG00000145423
13920.0	0.0003	PTGER4	ENSG00000171522
13920.0	0.0003	CALCR	ENSG00000004948
13920.0	0.0003	ADORA2B	ENSG00000170425
13920.0	0.0003	HENMT1	ENSG00000162639
13920.0	0.0003	MC4R	ENSG00000166603
13920.0	0.0003	IRS2	ENSG00000185950
13920.0	0.0003	TGFB3	ENSG00000119699
13920.0	0.0003	FOXF1	ENSG00000103241
13920.0	0.0003	LHX8	ENSG00000162624
13920.0	0.0003	CADM1	ENSG00000182985
13920.0	0.0003	CREB3L1	ENSG00000157613
13920.0	0.0003	CRHR2	ENSG00000106113
13920.0	0.0003	FSHR	ENSG00000170820
13920.0	0.0003	NOLC1	ENSG00000166197
13920.0	0.0003	RXFP1	ENSG00000171509
13920.0	0.0003	VIPR1	ENSG00000114812
13920.0	0.0003	GLP2R	ENSG00000065325
13920.0	0.0003	RAB12	ENSG00000206418
13920.0	0.0003	GLP1R	ENSG00000112164
13920.0	0.0003	RAB40C	ENSG00000197562
13920.0	0.0003	RXFP2	ENSG00000133105
13920.0	0.0003	HBZ	ENSG00000130656
13920.0	0.0003	CRYBA1	ENSG00000108255
13920.0	0.0003	RAB40B	ENSG00000141542
13920.0	0.0003	RASEF	ENSG00000165105
13920.0	0.0003	GHRHR	ENSG00000106128
13920.0	0.0003	GIPR	ENSG00000010310
13920.0	0.0003	RAB28	ENSG00000157869
13920.0	0.0003	RAB40A	ENSG00000172476
13920.0	0.0003	MC3R	ENSG00000124089
13920.0	0.0003	PTH2R	ENSG00000144407
13920.0	0.0003	ADRB3	ENSG00000188778
13920.0	0.0003	FGF1	ENSG00000113578
13920.0	0.0003	TAAR1	ENSG00000146399
13920.0	0.0003	PTGDR	ENSG00000168229
13920.0	0.0003	CALCB	ENSG00000175868
13920.0	0.0003	TBPL2	ENSG00000182521
13920.0	0.0003	ADM2	ENSG00000128165
13920.0	0.0003	MC5R	ENSG00000176136
13920.0	0.0003	HRH2	ENSG00000113749
13920.0	0.0003	TFDP3	ENSG00000183434
13920.0	0.0003	PTGIR	ENSG00000160013
13920.0	0.0003	SCT	ENSG00000070031
13920.0	0.0003	UBE2B	ENSG00000119048
13920.0	0.0003	PTGER2	ENSG00000125384
13920.0	0.0003	ADAMTS8	ENSG00000134917
13920.0	0.0003	RFC4	ENSG00000163918
13920.0	0.0003	GPBAR1	ENSG00000179921
13920.0	0.0003	ZMAT2	ENSG00000146007
13920.0	0.0003	FBXO25	ENSG00000147364
13920.0	0.0003	CREB3L2	ENSG00000182158
13920.0	0.0003	FBLN2	ENSG00000163520
13920.0	0.0003	GPR15	ENSG00000154165
13920.0	0.0003	HLTF	ENSG00000071794
13920.0	0.0003	RYR2	ENSG00000198626
13920.0	0.0003	AKIRIN2	ENSG00000135334
13920.0	0.0003	EXPH5	ENSG00000110723
13920.0	0.0003	NID2	ENSG00000087303
13920.0	0.0003	LSM5	ENSG00000106355
13920.0	0.0003	MPP7	ENSG00000150054
13920.0	0.0003	RIPK2	ENSG00000104312
13920.0	0.0003	PROK1	ENSG00000143125
13920.0	0.0003	ZNF385A	ENSG00000161642
13920.0	0.0003	UBR5	ENSG00000104517
13920.0	0.0003	FGF4	ENSG00000075388
13920.0	0.0003	KIF25	ENSG00000125337
13920.0	0.0003	LRRC69	ENSG00000214954
13920.0	0.0003	MRPS11	ENSG00000181991
13920.0	0.0003	TPTE2	ENSG00000132958
13920.0	0.0003	FRZB	ENSG00000162998
13920.0	0.0003	USP5	ENSG00000111667
13920.0	0.0003	SNRPA	ENSG00000077312
13920.0	0.0003	EFS	ENSG00000100842
13920.0	0.0003	FGF6	ENSG00000111241
13920.0	0.0003	RPF1	ENSG00000117133
13920.0	0.0003	SNX9	ENSG00000130340
13920.0	0.0003	UNC119B	ENSG00000175970
13920.0	0.0003	USP30	ENSG00000135093
13920.0	0.0003	FBXO30	ENSG00000118496
13920.0	0.0003	RPL26	ENSG00000161970
13920.0	0.0003	RPL26L1	ENSG00000037241
13920.0	0.0003	RPS29	ENSG00000213741
13920.0	0.0003	IER5	ENSG00000162783
13920.0	0.0003	MAN1A1	ENSG00000111885
13920.0	0.0003	SGK3	ENSG00000104205
13920.0	0.0003	SFRP4	ENSG00000106483
13920.0	0.0003	CKS1B	ENSG00000173207
13920.0	0.0003	UNG	ENSG00000076248
13920.0	0.0003	ASIC4	ENSG00000072182
13920.0	0.0003	WIF1	ENSG00000156076
13920.0	0.0003	SERPINE2	ENSG00000135919
13920.0	0.0003	WSB1	ENSG00000109046
13920.0	0.0003	DNAH11	ENSG00000105877
13920.0	0.0003	AATF	ENSG00000108270
13920.0	0.0003	DPEP1	ENSG00000015413
13920.0	0.0003	EPN2	ENSG00000072134
13920.0	0.0003	MRPS14	ENSG00000120333
13920.0	0.0003	CKS2	ENSG00000123975
13920.0	0.0003	RINT1	ENSG00000135249
13920.0	0.0003	STRN4	ENSG00000090372
13920.0	0.0003	FAT1	ENSG00000083857
13920.0	0.0003	MALT1	ENSG00000172175
13920.0	0.0003	FGF18	ENSG00000156427
13920.0	0.0003	KCNJ12	ENSG00000184185
13920.0	0.0003	PPIL4	ENSG00000131013
13920.0	0.0003	ATF6	ENSG00000118217
13920.0	0.0003	ADPGK	ENSG00000159322
13920.0	0.0003	USP4	ENSG00000114316
13920.0	0.0003	WEE2	ENSG00000214102
13920.0	0.0003	XPNPEP3	ENSG00000196236
13920.0	0.0003	UTP3	ENSG00000132467
13920.0	0.0003	HABP4	ENSG00000130956
13920.0	0.0003	MPO	ENSG00000005381
13920.0	0.0003	SCNN1D	ENSG00000162572
13920.0	0.0003	GFUS	ENSG00000104522
13920.0	0.0003	ZNF330	ENSG00000109445
13920.0	0.0003	ANLN	ENSG00000011426
13920.0	0.0003	TSC22D3	ENSG00000157514
13920.0	0.0003	TNFRSF14	ENSG00000157873
13920.0	0.0003	ACVRL1	ENSG00000139567
13920.0	0.0003	TAL1	ENSG00000162367
13920.0	0.0003	CCNG2	ENSG00000138764
13920.0	0.0003	SMG8	ENSG00000167447
13920.0	0.0003	STRIP1	ENSG00000143093
13920.0	0.0003	ITSN2	ENSG00000198399
13920.0	0.0003	LMO3	ENSG00000048540
13920.0	0.0003	DAW1	ENSG00000123977
13920.0	0.0003	RPL7L1	ENSG00000146223
13920.0	0.0003	TRAF3IP1	ENSG00000204104
13920.0	0.0003	EGLN3	ENSG00000129521
13920.0	0.0003	FGF23	ENSG00000118972
13920.0	0.0003	PPP3CC	ENSG00000120910
13920.0	0.0003	SRP68	ENSG00000167881
13920.0	0.0003	SGK2	ENSG00000101049
13920.0	0.0003	MEF2D	ENSG00000116604
13920.0	0.0003	RGS9BP	ENSG00000186326
13920.0	0.0003	CCNG1	ENSG00000113328
13920.0	0.0003	LIPK	ENSG00000204021
13920.0	0.0003	SMAD9	ENSG00000120693
13920.0	0.0003	AAR2	ENSG00000131043
13920.0	0.0003	AKAP1	ENSG00000121057
13920.0	0.0003	ID2	ENSG00000115738
13920.0	0.0003	TAF3	ENSG00000165632
13920.0	0.0003	DNAJC8	ENSG00000126698
13920.0	0.0003	CDK16	ENSG00000102225
13920.0	0.0003	RGS9	ENSG00000108370
13920.0	0.0003	CDK18	ENSG00000117266
13920.0	0.0003	FKBP1A	ENSG00000088832
13920.0	0.0003	NFIC	ENSG00000141905
13920.0	0.0003	USP51	ENSG00000247746
13920.0	0.0003	DIO2	ENSG00000211448
13920.0	0.0003	OR2AG1	ENSG00000170803
13920.0	0.0003	CCDC6	ENSG00000108091
13920.0	0.0003	CD47	ENSG00000196776
13920.0	0.0003	UPF3A	ENSG00000169062
13920.0	0.0003	UBE2QL1	ENSG00000215218
13920.0	0.0003	TFIP11	ENSG00000100109
13920.0	0.0003	BIN2	ENSG00000110934
13920.0	0.0003	ZNF207	ENSG00000010244
13920.0	0.0003	C15orf48	ENSG00000166920
13920.0	0.0003	TSHZ3	ENSG00000121297
13920.0	0.0003	PTX3	ENSG00000163661
13920.0	0.0003	CDK17	ENSG00000059758
13920.0	0.0003	FGF3	ENSG00000186895
13920.0	0.0003	RPS6KA5	ENSG00000100784
13920.0	0.0003	ERCC6L	ENSG00000186871
13920.0	0.0003	EHD2	ENSG00000024422
13920.0	0.0003	MBD4	ENSG00000129071
13920.0	0.0003	DPP10	ENSG00000175497
13920.0	0.0003	FGF5	ENSG00000138675
13920.0	0.0003	PRPF40B	ENSG00000110844
13920.0	0.0003	MYOM1	ENSG00000101605
13920.0	0.0003	RPS6KA4	ENSG00000162302
13920.0	0.0003	HNRNPA0	ENSG00000177733
13920.0	0.0003	ZBTB32	ENSG00000011590
13920.0	0.0003	AP1AR	ENSG00000138660
13920.0	0.0003	CCNI	ENSG00000118816
13920.0	0.0003	SEMA6A	ENSG00000092421
13920.0	0.0003	WBP4	ENSG00000120688
13920.0	0.0003	POLA2	ENSG00000014138
13920.0	0.0003	CMTM5	ENSG00000166091
13920.0	0.0003	LUC7L2	ENSG00000269955
13920.0	0.0003	TOM1	ENSG00000100284
13920.0	0.0003	SMG5	ENSG00000198952
13920.0	0.0003	CENPI	ENSG00000102384
13920.0	0.0003	MTMR6	ENSG00000139505
13920.0	0.0003	CENPH	ENSG00000153044
13920.0	0.0003	SMG6	ENSG00000070366
13920.0	0.0003	CENPS	ENSG00000175279
13920.0	0.0003	FOXE1	ENSG00000178919
13920.0	0.0003	CENPU	ENSG00000151725
13920.0	0.0003	TOM1L1	ENSG00000141198
13920.0	0.0003	CENPF	ENSG00000117724
13920.0	0.0003	ZACN	ENSG00000186919
13920.0	0.0003	NOP9	ENSG00000196943
13920.0	0.0003	CDCA8	ENSG00000134690
13920.0	0.0003	KAT7	ENSG00000136504
13920.0	0.0003	CENPO	ENSG00000138092
13920.0	0.0003	SMG7	ENSG00000116698
13920.0	0.0003	CENPP	ENSG00000188312
13920.0	0.0003	CENPK	ENSG00000123219
13920.0	0.0003	RPS27	ENSG00000177954
13920.0	0.0003	CENPC	ENSG00000145241
13920.0	0.0003	CENPQ	ENSG00000031691
13920.0	0.0003	CEBPZ	ENSG00000115816
13920.0	0.0003	CENPT	ENSG00000102901
13920.0	0.0003	ZWILCH	ENSG00000174442
13920.0	0.0003	CDCA5	ENSG00000146670
13920.0	0.0003	SRSF3	ENSG00000112081
13920.0	0.0003	TAF7L	ENSG00000102387
13920.0	0.0003	CDK15	ENSG00000138395
13920.0	0.0003	DSN1	ENSG00000149636
13920.0	0.0003	SPC24	ENSG00000161888
13920.0	0.0003	KIF2B	ENSG00000141200
13920.0	0.0003	CENPL	ENSG00000120334
13920.0	0.0003	CENPM	ENSG00000100162
13920.0	0.0003	NSL1	ENSG00000117697
13920.0	0.0003	OPALIN	ENSG00000197430
13920.0	0.0003	RCC2	ENSG00000179051
13920.0	0.0003	SPDL1	ENSG00000040275
13920.0	0.0003	UTP23	ENSG00000147679
13920.0	0.0003	NUDC	ENSG00000090273
13920.0	0.0003	BIVM	ENSG00000134897
13920.0	0.0003	RNPS1	ENSG00000205937
13920.0	0.0003	TJAP1	ENSG00000137221
13920.0	0.0003	ETV5	ENSG00000244405
13920.0	0.0003	FGF21	ENSG00000105550
13920.0	0.0003	CEP170	ENSG00000143702
13920.0	0.0003	DNAL4	ENSG00000100246
13920.0	0.0003	FABP2	ENSG00000145384
13920.0	0.0003	HNRNPA3	ENSG00000170144
13920.0	0.0003	SPP1	ENSG00000118785
13920.0	0.0003	PRIM1	ENSG00000198056
13920.0	0.0003	SRSF7	ENSG00000115875
13920.0	0.0003	CLCNKA	ENSG00000186510
13920.0	0.0003	RPS13	ENSG00000110700
13920.0	0.0003	RGS7	ENSG00000182901
13920.0	0.0003	RPS8	ENSG00000142937
13920.0	0.0003	FGF19	ENSG00000162344
13920.0	0.0003	RPL18A	ENSG00000105640
13920.0	0.0003	RPL18	ENSG00000063177
13920.0	0.0003	RPL19	ENSG00000108298
13920.0	0.0003	THNSL1	ENSG00000185875
13920.0	0.0003	RPL21	ENSG00000122026
13920.0	0.0003	RPL32	ENSG00000144713
13920.0	0.0003	RPL38	ENSG00000172809
13920.0	0.0003	RPL30	ENSG00000156482
13920.0	0.0003	RPS4X	ENSG00000198034
13920.0	0.0003	DPP6	ENSG00000130226
13920.0	0.0003	RPS19	ENSG00000105372
13920.0	0.0003	LTC4S	ENSG00000213316
13920.0	0.0003	RPL31	ENSG00000071082
13920.0	0.0003	RPS7	ENSG00000171863
13920.0	0.0003	RPS24	ENSG00000138326
13920.0	0.0003	RPL37A	ENSG00000197756
13920.0	0.0003	RPL24	ENSG00000114391
13920.0	0.0003	SPRY1	ENSG00000164056
13920.0	0.0003	RPL35A	ENSG00000182899
13920.0	0.0003	RPS4Y1	ENSG00000129824
13920.0	0.0003	EPN3	ENSG00000049283
13920.0	0.0003	RPL36	ENSG00000130255
13920.0	0.0003	RPL29	ENSG00000162244
13920.0	0.0003	RPL34	ENSG00000109475
13920.0	0.0003	RPS28	ENSG00000233927
13920.0	0.0003	RPS21	ENSG00000171858
13920.0	0.0003	ALOX5AP	ENSG00000132965
13920.0	0.0003	RPS26	ENSG00000197728
13920.0	0.0003	RPL6	ENSG00000089009
13920.0	0.0003	RPL39	ENSG00000198918
13920.0	0.0003	DNAH2	ENSG00000183914
13920.0	0.0003	RPLP2	ENSG00000177600
13920.0	0.0003	RPL27	ENSG00000131469
13920.0	0.0003	RPS10	ENSG00000124614
13920.0	0.0003	RPS12	ENSG00000112306
13920.0	0.0003	RPL22	ENSG00000116251
13920.0	0.0003	RPL28	ENSG00000108107
13920.0	0.0003	WDR59	ENSG00000103091
13920.0	0.0003	RPLP1	ENSG00000137818
13920.0	0.0003	TAB1	ENSG00000100324
13920.0	0.0003	STOML2	ENSG00000165283
13920.0	0.0003	ACAP1	ENSG00000072818
13920.0	0.0003	PCF11	ENSG00000165494
13920.0	0.0003	H4C16	ENSG00000197837
13920.0	0.0003	SUPT20H	ENSG00000102710
13920.0	0.0003	NUDT21	ENSG00000167005
13920.0	0.0003	FABP5	ENSG00000164687
13920.0	0.0003	UTP25	ENSG00000117597
13920.0	0.0003	CCNI2	ENSG00000205089
13920.0	0.0003	SCMH1	ENSG00000010803
13920.0	0.0003	SLC39A13	ENSG00000165915
13920.0	0.0003	MAP2K5	ENSG00000137764
13920.0	0.0003	HPS4	ENSG00000100099
13920.0	0.0003	IRS4	ENSG00000133124
13920.0	0.0003	CCL11	ENSG00000172156
13920.0	0.0003	DNAH9	ENSG00000007174
13920.0	0.0003	PTN	ENSG00000105894
13920.0	0.0003	TRNP1	ENSG00000253368
13920.0	0.0003	NLGN1	ENSG00000169760
13920.0	0.0003	MAP1A	ENSG00000166963
13920.0	0.0003	CARD11	ENSG00000198286
13920.0	0.0003	GCKR	ENSG00000084734
13920.0	0.0003	HNRNPL	ENSG00000104824
13920.0	0.0003	GNAT2	ENSG00000134183
13920.0	0.0003	SGSM1	ENSG00000167037
13920.0	0.0003	NFX1	ENSG00000086102
13920.0	0.0003	UPRT	ENSG00000094841
13920.0	0.0003	HPS6	ENSG00000166189
13920.0	0.0003	HPS3	ENSG00000163755
13920.0	0.0003	BASP1	ENSG00000176788
13920.0	0.0003	BRD7	ENSG00000166164
13920.0	0.0003	H4C14	ENSG00000183941
13920.0	0.0003	ANKRD42	ENSG00000137494
13920.0	0.0003	HCLS1	ENSG00000180353
13920.0	0.0003	SNX4	ENSG00000114520
13920.0	0.0003	E2F7	ENSG00000165891
13920.0	0.0003	RGS6	ENSG00000182732
13920.0	0.0003	BAG5	ENSG00000166170
13920.0	0.0003	H4C12	ENSG00000197914
13920.0	0.0003	RGS11	ENSG00000076344
13920.0	0.0003	KLF1	ENSG00000105610
13920.0	0.0003	H4C1	ENSG00000196176
13920.0	0.0003	TNFRSF4	ENSG00000186827
13920.0	0.0003	PCBP1	ENSG00000169564
13920.0	0.0003	DNAAF1	ENSG00000154099
13920.0	0.0003	GPT	ENSG00000167701
13920.0	0.0003	SNX33	ENSG00000173548
13920.0	0.0003	FGFBP1	ENSG00000137440
13920.0	0.0003	MAZ	ENSG00000103495
13920.0	0.0003	STON2	ENSG00000140022
13920.0	0.0003	H4C2	ENSG00000124529
13920.0	0.0003	CASC3	ENSG00000108349
13920.0	0.0003	H4C15	ENSG00000182217
13920.0	0.0003	RP11-287D1.3	ENSG00000264324
13920.0	0.0003	SLC4A5	ENSG00000188687
13920.0	0.0003	PTGES	ENSG00000148344
13920.0	0.0003	EDA2R	ENSG00000131080
13920.0	0.0003	OXSR1	ENSG00000172939
13920.0	0.0003	ACVR1	ENSG00000115170
13920.0	0.0003	TXNL4B	ENSG00000140830
13920.0	0.0003	MCM9	ENSG00000111877
13920.0	0.0003	NDFIP2	ENSG00000102471
13920.0	0.0003	ZFYVE16	ENSG00000039319
13920.0	0.0003	ARR3	ENSG00000120500
13920.0	0.0003	RYBP	ENSG00000163602
13920.0	0.0003	CPSF7	ENSG00000149532
13920.0	0.0003	HPS1	ENSG00000107521
13920.0	0.0003	SRRM1	ENSG00000133226
13920.0	0.0003	PACSIN3	ENSG00000165912
13920.0	0.0003	DDX23	ENSG00000174243
13920.0	0.0003	H4C6	ENSG00000198327
13920.0	0.0003	GAST	ENSG00000184502
13920.0	0.0003	PACSIN2	ENSG00000100266
13920.0	0.0003	THBS3	ENSG00000169231
13920.0	0.0003	BAMBI	ENSG00000095739
13920.0	0.0003	TBX3	ENSG00000135111
13920.0	0.0003	PPP1R15A	ENSG00000087074
13920.0	0.0003	LTV1	ENSG00000135521
13920.0	0.0003	COMP	ENSG00000105664
13920.0	0.0003	PPP1R42	ENSG00000178125
13920.0	0.0003	TEX28	ENSG00000185254
13920.0	0.0003	KCTD8	ENSG00000183783
13920.0	0.0003	DHX38	ENSG00000140829
13920.0	0.0003	PDXDC1	ENSG00000179889
13920.0	0.0003	GMFB	ENSG00000197045
13920.0	0.0003	RGS7BP	ENSG00000186479
13920.0	0.0003	SLC12A7	ENSG00000113504
13920.0	0.0003	HOXC8	ENSG00000037965
13920.0	0.0003	FGF22	ENSG00000070388
13920.0	0.0003	IL17RA	ENSG00000177663
13920.0	0.0003	MTIF2	ENSG00000085760
13920.0	0.0003	MMP13	ENSG00000137745
13920.0	0.0003	CXCR2	ENSG00000180871
13920.0	0.0003	SF3B5	ENSG00000169976
13920.0	0.0003	DNAH10	ENSG00000197653
13920.0	0.0003	NUDT6	ENSG00000170917
13920.0	0.0003	ARHGEF28	ENSG00000214944
13920.0	0.0003	ABCC2	ENSG00000023839
13920.0	0.0003	SF3B14	ENSG00000115128
13920.0	0.0003	ARL2BP	ENSG00000102931
13920.0	0.0003	PHF5A	ENSG00000100410
13920.0	0.0003	MIF	ENSG00000240972
13920.0	0.0003	CSTF1	ENSG00000101138
13920.0	0.0003	CNGA1	ENSG00000198515
13920.0	0.0003	SNRNP40	ENSG00000060688
13920.0	0.0003	PRSS16	ENSG00000112812
13920.0	0.0003	CXCR3	ENSG00000186810
13920.0	0.0003	RPS17	ENSG00000184779
13920.0	0.0003	RPS17L	ENSG00000182774
13920.0	0.0003	YAF2	ENSG00000015153
13920.0	0.0003	NRG2	ENSG00000158458
13920.0	0.0003	TNFRSF18	ENSG00000186891
13920.0	0.0003	LDLRAP1	ENSG00000157978
13920.0	0.0003	E2F8	ENSG00000129173
13920.0	0.0003	HPS5	ENSG00000110756
13920.0	0.0003	SLC24A2	ENSG00000155886
13920.0	0.0003	CXCL10	ENSG00000169245
13920.0	0.0003	PAIP2B	ENSG00000124374
13920.0	0.0003	DYNLRB1	ENSG00000125971
13920.0	0.0003	TTBK1	ENSG00000146216
13920.0	0.0003	KRI1	ENSG00000129347
13920.0	0.0003	GJA3	ENSG00000121743
13920.0	0.0003	XPR1	ENSG00000143324
13920.0	0.0003	RPS25	ENSG00000118181
13920.0	0.0003	NRG4	ENSG00000169752
13920.0	0.0003	SIRT5	ENSG00000124523
13920.0	0.0003	RPL36AL	ENSG00000165502
13920.0	0.0003	SLC35E3	ENSG00000175782
13920.0	0.0003	RPL36A	ENSG00000241343
13920.0	0.0003	ATP5IF1	ENSG00000130770
13920.0	0.0003	RNPC3	ENSG00000185946
13920.0	0.0003	ESD	ENSG00000139684
13920.0	0.0003	GREM1	ENSG00000166923
13920.0	0.0003	BRMS1L	ENSG00000100916
13920.0	0.0003	TBC1D4	ENSG00000136111
13920.0	0.0003	GUCA1C	ENSG00000138472
13920.0	0.0003	RPS27L	ENSG00000185088
13920.0	0.0003	IQSEC3	ENSG00000120645
13920.0	0.0003	FOXL1	ENSG00000176678
13920.0	0.0003	UBE2Q1	ENSG00000160714
13920.0	0.0003	POLD3	ENSG00000077514
13920.0	0.0003	IKZF5	ENSG00000095574
13920.0	0.0003	DNAAF11	ENSG00000129295
13920.0	0.0003	DCN	ENSG00000011465
13920.0	0.0003	WDR1	ENSG00000071127
13920.0	0.0003	CD27	ENSG00000139193
13920.0	0.0003	BRMS1	ENSG00000174744
13920.0	0.0003	ZNF274	ENSG00000171606
13920.0	0.0003	MCAM	ENSG00000076706
13920.0	0.0003	MSR1	ENSG00000038945
13920.0	0.0003	RPS4Y2	ENSG00000157828
13920.0	0.0003	NDFIP1	ENSG00000131507
13920.0	0.0003	ENO2	ENSG00000111674
13920.0	0.0003	CDH4	ENSG00000179242
13920.0	0.0003	FGF11	ENSG00000161958
13920.0	0.0003	PPFIBP2	ENSG00000166387
13920.0	0.0003	ELOA	ENSG00000011007
13920.0	0.0003	MTMR3	ENSG00000100330
13920.0	0.0003	TNFAIP8	ENSG00000145779
13920.0	0.0003	LGR5	ENSG00000139292
13920.0	0.0003	ZNF148	ENSG00000163848
13920.0	0.0003	SULT1A1	ENSG00000196502
13920.0	0.0003	ELOB	ENSG00000103363
13920.0	0.0003	SLCO1B1	ENSG00000134538
13920.0	0.0003	PKMYT1	ENSG00000127564
13920.0	0.0003	AMOTL1	ENSG00000166025
13920.0	0.0003	SPO11	ENSG00000054796
13920.0	0.0003	FRK	ENSG00000111816
13920.0	0.0003	PDE6H	ENSG00000139053
13920.0	0.0003	PDE6G	ENSG00000185527
13920.0	0.0003	DYNLT3	ENSG00000165169
13920.0	0.0003	ELL	ENSG00000105656
13920.0	0.0003	CSPG5	ENSG00000114646
13920.0	0.0003	PTGR1	ENSG00000106853
13920.0	0.0003	CHST10	ENSG00000115526
13920.0	0.0003	TRIM9	ENSG00000100505
13920.0	0.0003	TRPC4	ENSG00000133107
13920.0	0.0003	SLCO1A2	ENSG00000084453
13920.0	0.0003	GNA15	ENSG00000060558
13920.0	0.0003	ICAM5	ENSG00000105376
13920.0	0.0003	ENTHD1	ENSG00000176177
13920.0	0.0003	ORC2	ENSG00000115942
13920.0	0.0003	HAND2	ENSG00000164107
13920.0	0.0003	DENND1C	ENSG00000205744
13920.0	0.0003	BEX1	ENSG00000133169
13920.0	0.0003	CNN1	ENSG00000130176
13920.0	0.0003	TLR1	ENSG00000174125
13920.0	0.0003	EIF2A	ENSG00000144895
13920.0	0.0003	POLD2	ENSG00000106628
13920.0	0.0003	LIPN	ENSG00000204020
13920.0	0.0003	DDX1	ENSG00000079785
13920.0	0.0003	KLF7	ENSG00000118263
13920.0	0.0003	CHN2	ENSG00000106069
13920.0	0.0003	HERC5	ENSG00000138646
13920.0	0.0003	ARHGAP6	ENSG00000047648
13920.0	0.0003	ARHGAP11A	ENSG00000198826
13920.0	0.0003	ARHGAP11B	ENSG00000187951
13920.0	0.0003	BFAR	ENSG00000103429
13920.0	0.0003	ARHGAP36	ENSG00000147256
13920.0	0.0003	B4GALT7	ENSG00000027847
13920.0	0.0003	PBK	ENSG00000168078
13920.0	0.0003	MSRB1	ENSG00000198736
13920.0	0.0003	PRB1	ENSG00000251655
13920.0	0.0003	KCNU1	ENSG00000215262
13920.0	0.0003	HOXB9	ENSG00000170689
13920.0	0.0003	SRGAP2	ENSG00000163486
13920.0	0.0003	S1PR1	ENSG00000170989
13920.0	0.0003	ARHGAP9	ENSG00000123329
13920.0	0.0003	CBLB	ENSG00000114423
13920.0	0.0003	MSX1	ENSG00000163132
13920.0	0.0003	NELL1	ENSG00000165973
13920.0	0.0003	TMCC2	ENSG00000133069
13920.0	0.0003	SRGAP1	ENSG00000196935
13920.0	0.0003	MYF5	ENSG00000111049
13920.0	0.0003	FHIT	ENSG00000189283
13920.0	0.0003	REM2	ENSG00000139890
13920.0	0.0003	DYNLT2	ENSG00000184786
13920.0	0.0003	RPL39L	ENSG00000163923
13920.0	0.0003	IRX2	ENSG00000170561
13920.0	0.0003	BICD1	ENSG00000151746
13920.0	0.0003	TMEM30A	ENSG00000112697
13920.0	0.0003	KIF3C	ENSG00000084731
13920.0	0.0003	TRAF3IP3	ENSG00000009790
13920.0	0.0003	GAB1	ENSG00000109458
13920.0	0.0003	HOXA5	ENSG00000106004
13920.0	0.0003	CNOT2	ENSG00000111596
13920.0	0.0003	CSTA	ENSG00000121552
13920.0	0.0003	DYNLRB2	ENSG00000168589
13920.0	0.0003	GXYLT1	ENSG00000151233
13920.0	0.0003	ORC5	ENSG00000164815
13920.0	0.0003	DOK4	ENSG00000125170
13920.0	0.0003	DLC1	ENSG00000164741
13920.0	0.0003	VEGFD	ENSG00000165197
13920.0	0.0003	DDIT3	ENSG00000175197
13920.0	0.0003	API5	ENSG00000166181
13920.0	0.0003	GNA14	ENSG00000156049
13920.0	0.0003	ARHGAP28	ENSG00000088756
13920.0	0.0003	H4C7	ENSG00000124578
13920.0	0.0003	ARHGAP39	ENSG00000147799
13920.0	0.0003	ARHGAP1	ENSG00000175220
13920.0	0.0003	ARAP2	ENSG00000047365
13920.0	0.0003	FOXL2	ENSG00000183770
13920.0	0.0003	ARAP3	ENSG00000120318
13920.0	0.0003	FAM13A	ENSG00000138640
13920.0	0.0003	LNP1	ENSG00000206535
13920.0	0.0003	MEPE	ENSG00000152595
13920.0	0.0003	EREG	ENSG00000124882
13920.0	0.0003	ARIH1	ENSG00000166233
13920.0	0.0003	STARD13	ENSG00000133121
13920.0	0.0003	STARD8	ENSG00000130052
13920.0	0.0003	ARHGAP8	ENSG00000241484
13920.0	0.0003	PTAFR	ENSG00000169403
13920.0	0.0003	SMYD5	ENSG00000135632
13920.0	0.0003	PIF1	ENSG00000140451
13920.0	0.0003	PINX1	ENSG00000254093
13920.0	0.0003	ARHGAP18	ENSG00000146376
13920.0	0.0003	NMNAT2	ENSG00000157064
13920.0	0.0003	ARHGAP26	ENSG00000145819
13920.0	0.0003	ARHGAP24	ENSG00000138639
13920.0	0.0003	L3MBTL2	ENSG00000100395
13920.0	0.0003	PRSS3	ENSG00000010438
13920.0	0.0003	FKBP5	ENSG00000096060
13920.0	0.0003	ARHGAP44	ENSG00000006740
13920.0	0.0003	ARHGAP22	ENSG00000128805
13920.0	0.0003	ARHGAP25	ENSG00000163219
13920.0	0.0003	FAM13B	ENSG00000031003
13920.0	0.0003	ABCC4	ENSG00000125257
13920.0	0.0003	CDC25B	ENSG00000101224
13920.0	0.0003	CDC25C	ENSG00000158402
13920.0	0.0003	CBLC	ENSG00000142273
13920.0	0.0003	HPCA	ENSG00000121905
13920.0	0.0003	ARHGAP23	ENSG00000225485
13920.0	0.0003	SLC35F1	ENSG00000196376
13920.0	0.0003	GINS4	ENSG00000147536
13920.0	0.0003	STAP2	ENSG00000178078
13920.0	0.0003	CCDC40	ENSG00000141519
13920.0	0.0003	IFNAR1	ENSG00000142166
13920.0	0.0003	SNAI2	ENSG00000019549
13920.0	0.0003	TEP1	ENSG00000129566
13920.0	0.0003	DLX5	ENSG00000105880
13920.0	0.0003	CSMD1	ENSG00000183117
13920.0	0.0003	WBP2	ENSG00000132471
13920.0	0.0003	TAGAP	ENSG00000164691
13920.0	0.0003	A2M	ENSG00000175899
13920.0	0.0003	ARHGAP30	ENSG00000186517
13920.0	0.0003	DEPDC7	ENSG00000121690
13920.0	0.0003	ARHGAP33	ENSG00000004777
13920.0	0.0003	ARHGAP12	ENSG00000165322
13920.0	0.0003	GMIP	ENSG00000089639
13920.0	0.0003	SYDE1	ENSG00000105137
13920.0	0.0003	SYDE2	ENSG00000097096
13920.0	0.0003	CDH13	ENSG00000140945
13920.0	0.0003	NMNAT3	ENSG00000163864
13920.0	0.0003	SLC25A5	ENSG00000005022
13920.0	0.0003	HOXB2	ENSG00000173917
13920.0	0.0003	IL11	ENSG00000095752
13920.0	0.0003	POLD4	ENSG00000175482
13920.0	0.0003	RIOK1	ENSG00000124784
13920.0	0.0003	SULT1E1	ENSG00000109193
13920.0	0.0003	HS3ST2	ENSG00000122254
13920.0	0.0003	TRIM63	ENSG00000158022
13920.0	0.0003	CDH3	ENSG00000062038
13920.0	0.0003	HOXC13	ENSG00000123364
13920.0	0.0003	IDUA	ENSG00000127415
13920.0	0.0003	FRMD8	ENSG00000126391
13920.0	0.0003	GRB14	ENSG00000115290
13920.0	0.0003	MTMR9	ENSG00000104643
13920.0	0.0003	DNHD1	ENSG00000179532
13920.0	0.0003	SLC26A6	ENSG00000225697
13920.0	0.0003	DHX8	ENSG00000067596
13920.0	0.0003	SERPINB2	ENSG00000197632
13920.0	0.0003	EVX1	ENSG00000106038
13920.0	0.0003	CDH6	ENSG00000113361
13920.0	0.0003	SERPINB8	ENSG00000166401
13920.0	0.0003	BMX	ENSG00000102010
13920.0	0.0003	PRKCSH	ENSG00000130175
13920.0	0.0003	GRM6	ENSG00000113262
13920.0	0.0003	CDH18	ENSG00000145526
13920.0	0.0003	UBIAD1	ENSG00000120942
13920.0	0.0003	RAI2	ENSG00000131831
13920.0	0.0003	SERPINB7	ENSG00000166396
13920.0	0.0003	HPSE	ENSG00000173083
13920.0	0.0003	CDH7	ENSG00000081138
13920.0	0.0003	RSPH10B	ENSG00000155026
13920.0	0.0003	CDH8	ENSG00000150394
13920.0	0.0003	HS3ST3A1	ENSG00000153976
13920.0	0.0003	PI16	ENSG00000164530
13920.0	0.0003	LRRIQ3	ENSG00000162620
13920.0	0.0003	GCNT7	ENSG00000124091
13920.0	0.0003	CDH12	ENSG00000154162
13920.0	0.0003	FOXN1	ENSG00000109101
13920.0	0.0003	WRAP53	ENSG00000141499
13920.0	0.0003	GBX2	ENSG00000168505
13920.0	0.0003	HS3ST5	ENSG00000249853
13920.0	0.0003	CDH9	ENSG00000113100
13920.0	0.0003	CDH10	ENSG00000040731
13920.0	0.0003	SNX13	ENSG00000071189
13920.0	0.0003	SLBP	ENSG00000163950
13920.0	0.0003	MYBPH	ENSG00000133055
13920.0	0.0003	TNKS	ENSG00000173273
13920.0	0.0003	CCDC172	ENSG00000182645
13920.0	0.0003	CDH24	ENSG00000139880
13920.0	0.0003	PDGFC	ENSG00000145431
13920.0	0.0003	HPSE2	ENSG00000172987
13920.0	0.0003	SHARPIN	ENSG00000179526
13920.0	0.0003	BACH1	ENSG00000156273
13920.0	0.0003	CD79B	ENSG00000007312
13920.0	0.0003	ORC6	ENSG00000091651
13920.0	0.0003	FEZ1	ENSG00000149557
13920.0	0.0003	SIRT4	ENSG00000089163
13920.0	0.0003	BAD	ENSG00000002330
13920.0	0.0003	MAN1A2	ENSG00000198162
13920.0	0.0003	MAP3K2	ENSG00000169967
13920.0	0.0003	SH3GLB2	ENSG00000148341
13920.0	0.0003	RAB25	ENSG00000132698
13920.0	0.0003	PPP1R1B	ENSG00000131771
13920.0	0.0003	DAPP1	ENSG00000070190
13920.0	0.0003	CSAD	ENSG00000139631
13920.0	0.0003	RPH3AL	ENSG00000181031
13920.0	0.0003	EHD1	ENSG00000110047
13920.0	0.0003	MGAT5B	ENSG00000167889
13920.0	0.0003	DMP1	ENSG00000152592
13920.0	0.0003	GNAI2	ENSG00000114353
13920.0	0.0003	KRT6A	ENSG00000205420
13920.0	0.0003	ORC4	ENSG00000115947
13920.0	0.0003	FCHO2	ENSG00000157107
13920.0	0.0003	FCHO1	ENSG00000130475
13920.0	0.0003	SLX1B	ENSG00000181625
13920.0	0.0003	TECTA	ENSG00000109927
13920.0	0.0003	COPS2	ENSG00000166200
13920.0	0.0003	PDGFD	ENSG00000170962
13920.0	0.0003	ANGPT4	ENSG00000101280
13920.0	0.0003	RBSN	ENSG00000131381
13920.0	0.0003	RP1	ENSG00000104237
13920.0	0.0003	PXMP2	ENSG00000176894
13920.0	0.0003	EIF4EBP2	ENSG00000148730
13920.0	0.0003	THBS4	ENSG00000113296
13920.0	0.0003	CES1	ENSG00000198848
13920.0	0.0003	MEA1	ENSG00000124733
13920.0	0.0003	DOK1	ENSG00000115325
13920.0	0.0003	SLCO1B3	ENSG00000111700
13920.0	0.0003	RNF41	ENSG00000181852
13920.0	0.0003	UBE2H	ENSG00000186591
13920.0	0.0003	MRPL27	ENSG00000108826
13920.0	0.0003	MRPL36	ENSG00000171421
13920.0	0.0003	FKBP8	ENSG00000105701
13920.0	0.0003	AGTR1	ENSG00000144891
13920.0	0.0003	LPAR2	ENSG00000064547
13920.0	0.0003	LPAR3	ENSG00000171517
13920.0	0.0003	MRPL33	ENSG00000243147
13920.0	0.0003	RCAN2	ENSG00000172348
13920.0	0.0003	DLX3	ENSG00000064195
13920.0	0.0003	NFAT5	ENSG00000102908
13920.0	0.0003	LPAR5	ENSG00000184574
13920.0	0.0003	MTNR1B	ENSG00000134640
13920.0	0.0003	AKAP8	ENSG00000105127
13920.0	0.0003	NAPG	ENSG00000134265
13920.0	0.0003	CLRN3	ENSG00000180745
13920.0	0.0003	NKD1	ENSG00000140807
13920.0	0.0003	GID4	ENSG00000141034
13920.0	0.0003	ABCA8	ENSG00000141338
13920.0	0.0003	KLHDC3	ENSG00000124702
13920.0	0.0003	TIMP1	ENSG00000102265
13920.0	0.0003	TAOK3	ENSG00000135090
13920.0	0.0003	CCDC39	ENSG00000145075
13920.0	0.0003	MASTL	ENSG00000120539
13920.0	0.0003	ATP2A2	ENSG00000174437
13920.0	0.0003	MXD1	ENSG00000059728
13920.0	0.0003	TBX6	ENSG00000149922
13920.0	0.0003	NUP58	ENSG00000139496
13920.0	0.0003	MARCKS	ENSG00000155130
13920.0	0.0003	PTPRS	ENSG00000105426
13920.0	0.0003	DYNLT4	ENSG00000188396
13920.0	0.0003	PHF11	ENSG00000136147
13920.0	0.0003	PPP1R1A	ENSG00000135447
13920.0	0.0003	ZCCHC7	ENSG00000147905
13920.0	0.0003	ARRDC3	ENSG00000113369
13920.0	0.0003	CHRM4	ENSG00000180720
13920.0	0.0003	SLC9A3	ENSG00000066230
13920.0	0.0003	LMTK2	ENSG00000164715
13920.0	0.0003	PAG1	ENSG00000076641
13920.0	0.0003	DOCK4	ENSG00000128512
13920.0	0.0003	EDAR	ENSG00000135960
13920.0	0.0003	HTR1A	ENSG00000178394
13920.0	0.0003	PHF7	ENSG00000010318
13920.0	0.0003	HTR5A	ENSG00000157219
13920.0	0.0003	CHTF18	ENSG00000127586
13920.0	0.0003	HTR1B	ENSG00000135312
13920.0	0.0003	HTR1D	ENSG00000179546
13920.0	0.0003	HTR1F	ENSG00000179097
13920.0	0.0003	HTR1E	ENSG00000168830
13920.0	0.0003	SP3	ENSG00000172845
13920.0	0.0003	TAPBPL	ENSG00000139192
13920.0	0.0003	DLX6	ENSG00000006377
13920.0	0.0003	ZCCHC9	ENSG00000131732
13920.0	0.0003	EIF4EBP3	ENSG00000243056
13920.0	0.0003	MTNR1A	ENSG00000168412
13920.0	0.0003	PHKG2	ENSG00000156873
13920.0	0.0003	TCF7L1	ENSG00000152284
13920.0	0.0003	MZF1	ENSG00000099326
13920.0	0.0003	CSDE1	ENSG00000009307
13920.0	0.0003	TRPC5	ENSG00000072315
13920.0	0.0003	ATRIP	ENSG00000164053
13920.0	0.0003	EIF3H	ENSG00000147677
13920.0	0.0003	KCNJ5	ENSG00000120457
13920.0	0.0003	GINS1	ENSG00000101003
13920.0	0.0003	AKAP4	ENSG00000147081
13920.0	0.0003	XBP1	ENSG00000100219
13920.0	0.0003	DCTPP1	ENSG00000179958
13920.0	0.0003	CETP	ENSG00000087237
13920.0	0.0003	PXMP4	ENSG00000101417
13920.0	0.0003	DCLK2	ENSG00000170390
13920.0	0.0003	SYNE4	ENSG00000181392
13920.0	0.0003	EIF1AX	ENSG00000173674
13920.0	0.0003	TTYH3	ENSG00000136295
13920.0	0.0003	TMEM30B	ENSG00000182107
13920.0	0.0003	IFNAR2	ENSG00000159110
13920.0	0.0003	CA2	ENSG00000104267
13920.0	0.0003	PTPRM	ENSG00000173482
13920.0	0.0003	LPAR4	ENSG00000147145
13920.0	0.0003	CRHBP	ENSG00000145708
13920.0	0.0003	PAX9	ENSG00000198807
13920.0	0.0003	DLX4	ENSG00000108813
13920.0	0.0003	TRMT12	ENSG00000183665
13920.0	0.0003	ME3	ENSG00000151376
13920.0	0.0003	ATAD2	ENSG00000156802
13920.0	0.0003	CIB2	ENSG00000136425
13920.0	0.0003	MYBL1	ENSG00000185697
13920.0	0.0003	OTOA	ENSG00000155719
13920.0	0.0003	C16orf74	ENSG00000154102
13920.0	0.0003	CEP97	ENSG00000182504
13920.0	0.0003	INPPL1	ENSG00000165458
13920.0	0.0003	ARRDC4	ENSG00000140450
13920.0	0.0003	SLC47A1	ENSG00000142494
13920.0	0.0003	CAMK2N2	ENSG00000163888
13920.0	0.0003	SLX1A	ENSG00000132207
13920.0	0.0003	CCL2	ENSG00000108691
13920.0	0.0003	KIF27	ENSG00000165115
13920.0	0.0003	DNMBP	ENSG00000107554
13920.0	0.0003	TRIM23	ENSG00000113595
13920.0	0.0003	DOC2B	ENSG00000272636
13920.0	0.0003	RNF6	ENSG00000127870
13920.0	0.0003	SLC4A2	ENSG00000164889
13920.0	0.0003	PEDS1	ENSG00000240849
13920.0	0.0003	DUSP1	ENSG00000120129
13920.0	0.0003	ALOX5	ENSG00000012779
13920.0	0.0003	EIF3A	ENSG00000107581
13920.0	0.0003	CNPY1	ENSG00000146910
13920.0	0.0003	RAB2B	ENSG00000129472
13920.0	0.0003	DRC1	ENSG00000157856
13920.0	0.0003	MTMR1	ENSG00000063601
13920.0	0.0003	PLSCR1	ENSG00000188313
13920.0	0.0003	YIPF1	ENSG00000058799
13920.0	0.0003	MCUB	ENSG00000005059
13920.0	0.0003	SLC7A1	ENSG00000139514
13920.0	0.0003	ZNF470	ENSG00000197016
13920.0	0.0003	HOXA13	ENSG00000106031
13920.0	0.0003	PVR	ENSG00000073008
13920.0	0.0003	SLC17A1	ENSG00000124568
13920.0	0.0003	NRXN3	ENSG00000021645
13920.0	0.0003	PAIP1	ENSG00000172239
13920.0	0.0003	PPEF1	ENSG00000086717
13920.0	0.0003	VPS45	ENSG00000136631
13920.0	0.0003	MRPL57	ENSG00000173141
13920.0	0.0003	CACNA2D3	ENSG00000157445
13920.0	0.0003	APOC1	ENSG00000130208
13920.0	0.0003	ZNF611	ENSG00000213020
13920.0	0.0003	DCLRE1A	ENSG00000198924
13920.0	0.0003	HOMER2	ENSG00000103942
13920.0	0.0003	RGS2	ENSG00000116741
13920.0	0.0003	FOXS1	ENSG00000179772
13920.0	0.0003	IL6ST	ENSG00000134352
13920.0	0.0003	IFNA2	ENSG00000188379
13920.0	0.0003	ANO1	ENSG00000131620
13920.0	0.0003	SLC8A2	ENSG00000118160
13920.0	0.0003	EIF1	ENSG00000173812
13920.0	0.0003	RNF8	ENSG00000112130
13920.0	0.0003	MTMR12	ENSG00000150712
13920.0	0.0003	PITPNC1	ENSG00000154217
13920.0	0.0003	SLCO2B1	ENSG00000137491
13920.0	0.0003	NXF2	ENSG00000185554
13920.0	0.0003	RGS1	ENSG00000090104
13920.0	0.0003	EIF3E	ENSG00000104408
13920.0	0.0003	MTMR8	ENSG00000102043
13920.0	0.0003	POLN	ENSG00000130997
13920.0	0.0003	MYOZ2	ENSG00000172399
13920.0	0.0003	CHCHD6	ENSG00000159685
13920.0	0.0003	PDAP1	ENSG00000106244
13920.0	0.0003	ARRDC1	ENSG00000197070
13920.0	0.0003	EIF3J	ENSG00000104131
13920.0	0.0003	MLLT10	ENSG00000078403
13920.0	0.0003	SMARCAD1	ENSG00000163104
13920.0	0.0003	CREB3L3	ENSG00000060566
13920.0	0.0003	LNPEP	ENSG00000113441
13920.0	0.0003	FCHSD1	ENSG00000197948
13920.0	0.0003	PEBP1	ENSG00000089220
13920.0	0.0003	SCAND1	ENSG00000171222
13920.0	0.0003	EIF3K	ENSG00000178982
13920.0	0.0003	ATP2A3	ENSG00000074370
13920.0	0.0003	DUSP16	ENSG00000111266
13920.0	0.0003	NUDT12	ENSG00000112874
13920.0	0.0003	IFNA21	ENSG00000137080
13920.0	0.0003	IFNA10	ENSG00000186803
13920.0	0.0003	FOXD3	ENSG00000187140
13920.0	0.0003	IFNA17	ENSG00000234829
13920.0	0.0003	FBN1	ENSG00000166147
13920.0	0.0003	IFNA8	ENSG00000120242
13920.0	0.0003	MIP	ENSG00000135517
13920.0	0.0003	CCL8	ENSG00000108700
13920.0	0.0003	ZEB1	ENSG00000148516
13920.0	0.0003	ZCCHC14	ENSG00000140948
13920.0	0.0003	TMEM126A	ENSG00000171202
13920.0	0.0003	IFNA5	ENSG00000147873
13920.0	0.0003	IFNA4	ENSG00000236637
13920.0	0.0003	EIF4G2	ENSG00000110321
13920.0	0.0003	GLYATL1	ENSG00000166840
13920.0	0.0003	IFNA6	ENSG00000120235
13920.0	0.0003	NEURL4	ENSG00000215041
13920.0	0.0003	DUOX1	ENSG00000137857
13920.0	0.0003	IL34	ENSG00000157368
13920.0	0.0003	SYNPO2	ENSG00000172403
13920.0	0.0003	IFNA14	ENSG00000228083
13920.0	0.0003	S1PR5	ENSG00000180739
13920.0	0.0003	ATP2A1	ENSG00000196296
13920.0	0.0003	FER	ENSG00000151422
13920.0	0.0003	NXF3	ENSG00000147206
13920.0	0.0003	IFNA16	ENSG00000147885
13920.0	0.0003	IFNGR2	ENSG00000159128
13920.0	0.0003	TONSL	ENSG00000160949
13920.0	0.0003	IFNA7	ENSG00000214042
13920.0	0.0003	DCAF1	ENSG00000145041
13920.0	0.0003	BCL6B	ENSG00000161940
13920.0	0.0003	ABCG5	ENSG00000138075
13920.0	0.0003	RNF19A	ENSG00000034677
13920.0	0.0003	FCER2	ENSG00000104921
13920.0	0.0003	SCN7A	ENSG00000136546
13920.0	0.0003	IL23A	ENSG00000110944
13920.0	0.0003	HOXA3	ENSG00000105997
13920.0	0.0003	PLGLB1	ENSG00000183281
13920.0	0.0003	FBXO43	ENSG00000156509
13920.0	0.0003	OLR1	ENSG00000173391
13920.0	0.0003	PPM1F	ENSG00000100034
13920.0	0.0003	MRPL42	ENSG00000198015
13920.0	0.0003	TEN1	ENSG00000257949
13920.0	0.0003	RPL22L1	ENSG00000163584
13920.0	0.0003	TAB3	ENSG00000157625
13920.0	0.0003	GNRHR	ENSG00000109163
13920.0	0.0003	YIPF3	ENSG00000137207
13920.0	0.0003	PRMT1	ENSG00000126457
13920.0	0.0003	NTSR1	ENSG00000101188
13920.0	0.0003	SIRPG	ENSG00000089012
13920.0	0.0003	MRPL10	ENSG00000159111
13920.0	0.0003	TP53I3	ENSG00000115129
13920.0	0.0003	TRIM13	ENSG00000204977
13920.0	0.0003	GRHL3	ENSG00000158055
13920.0	0.0003	NECTIN1	ENSG00000110400
13920.0	0.0003	MON2	ENSG00000061987
13920.0	0.0003	BTC	ENSG00000174808
13920.0	0.0003	FOSL2	ENSG00000075426
13920.0	0.0003	MAN2B2	ENSG00000013288
13920.0	0.0003	AUP1	ENSG00000115307
13920.0	0.0003	DUSP8	ENSG00000184545
13920.0	0.0003	DUSP4	ENSG00000120875
13920.0	0.0003	RFXANK	ENSG00000064490
13920.0	0.0003	SLC4A1	ENSG00000004939
13920.0	0.0003	CABLES1	ENSG00000134508
13920.0	0.0003	DUSP2	ENSG00000158050
13920.0	0.0003	S1PR3	ENSG00000213694
13920.0	0.0003	MYO1E	ENSG00000157483
13920.0	0.0003	RBM22	ENSG00000086589
13920.0	0.0003	S1PR2	ENSG00000267534
13920.0	0.0003	RECQL5	ENSG00000108469
13920.0	0.0003	MB	ENSG00000198125
13920.0	0.0003	ANKRA2	ENSG00000164331
13920.0	0.0003	ATXN2L	ENSG00000168488
13920.0	0.0003	CNOT6L	ENSG00000138767
13920.0	0.0003	REV1	ENSG00000135945
13920.0	0.0003	S1PR4	ENSG00000125910
13920.0	0.0003	SAAL1	ENSG00000166788
13920.0	0.0003	CNOT6	ENSG00000113300
13920.0	0.0003	BLVRB	ENSG00000090013
13920.0	0.0003	CWC22	ENSG00000163510
13920.0	0.0003	SYF2	ENSG00000117614
13920.0	0.0003	TRIM21	ENSG00000132109
13920.0	0.0003	ABRAXAS1	ENSG00000163322
13920.0	0.0003	TYW1	ENSG00000198874
13920.0	0.0003	OPRD1	ENSG00000116329
13920.0	0.0003	GPR17	ENSG00000144230
13920.0	0.0003	IL18R1	ENSG00000115604
13920.0	0.0003	MKLN1	ENSG00000128585
13920.0	0.0003	NMUR1	ENSG00000171596
13920.0	0.0003	MCHR2	ENSG00000152034
13920.0	0.0003	NMUR2	ENSG00000132911
13920.0	0.0003	NMU	ENSG00000109255
13920.0	0.0003	PMCH	ENSG00000183395
13920.0	0.0003	ANXA1	ENSG00000135046
13920.0	0.0003	FPR2	ENSG00000171049
13920.0	0.0003	NMS	ENSG00000204640
13920.0	0.0003	BDKRB2	ENSG00000168398
13920.0	0.0003	HRH4	ENSG00000134489
13920.0	0.0003	UCN2	ENSG00000145040
13920.0	0.0003	BATF	ENSG00000156127
13920.0	0.0003	TNKS1BP1	ENSG00000149115
13920.0	0.0003	LAG3	ENSG00000089692
13920.0	0.0003	MTRNR2L2	ENSG00000271043
13920.0	0.0003	CNOT11	ENSG00000158435
13920.0	0.0003	LAT	ENSG00000213658
13920.0	0.0003	SLC1A5	ENSG00000105281
13920.0	0.0003	CCR3	ENSG00000183625
13920.0	0.0003	HMGN1	ENSG00000205581
13920.0	0.0003	RGS16	ENSG00000143333
13920.0	0.0003	GNB3	ENSG00000111664
13920.0	0.0003	SSTR4	ENSG00000132671
13920.0	0.0003	CCR2	ENSG00000121807
13920.0	0.0003	CCR7	ENSG00000126353
13920.0	0.0003	TRPM2	ENSG00000142185
13920.0	0.0003	CCR9	ENSG00000173585
13920.0	0.0003	SMAP1	ENSG00000112305
13920.0	0.0003	CXCR6	ENSG00000172215
13920.0	0.0003	CNR2	ENSG00000188822
13920.0	0.0003	OPRL1	ENSG00000125510
13920.0	0.0003	TMEM33	ENSG00000109133
13920.0	0.0003	PTGER3	ENSG00000050628
13920.0	0.0003	CCR4	ENSG00000183813
13920.0	0.0003	SSTR1	ENSG00000139874
13920.0	0.0003	TAS2R1	ENSG00000169777
13920.0	0.0003	CXCR5	ENSG00000160683
13920.0	0.0003	HCAR3	ENSG00000255398
13920.0	0.0003	HCAR2	ENSG00000182782
13920.0	0.0003	HCAR1	ENSG00000196917
13920.0	0.0003	CCR8	ENSG00000179934
13920.0	0.0003	ADORA3	ENSG00000121933
13920.0	0.0003	SYN3	ENSG00000185666
13920.0	0.0003	CCL5	ENSG00000161570
13920.0	0.0003	NPY5R	ENSG00000164129
13920.0	0.0003	CCR6	ENSG00000112486
13920.0	0.0003	NPBWR1	ENSG00000183729
13920.0	0.0003	OPRK1	ENSG00000082556
13920.0	0.0003	CCL19	ENSG00000172724
13920.0	0.0003	CCL21	ENSG00000137077
13920.0	0.0003	TAS2R40	ENSG00000221937
13920.0	0.0003	CCL20	ENSG00000115009
13920.0	0.0003	CXCL9	ENSG00000138755
13920.0	0.0003	CXCL11	ENSG00000169248
13920.0	0.0003	CXCL1	ENSG00000163739
13920.0	0.0003	CXCL13	ENSG00000156234
13920.0	0.0003	NPY1R	ENSG00000164128
13920.0	0.0003	CCL25	ENSG00000131142
13920.0	0.0003	APLNR	ENSG00000134817
13920.0	0.0003	RXFP4	ENSG00000173080
13920.0	0.0003	ADRA2A	ENSG00000150594
13920.0	0.0003	TESC	ENSG00000088992
13920.0	0.0003	NPY2R	ENSG00000185149
13920.0	0.0003	CCL27	ENSG00000213927
13920.0	0.0003	GALR2	ENSG00000182687
13920.0	0.0003	GALR1	ENSG00000166573
13920.0	0.0003	PPBP	ENSG00000163736
13920.0	0.0003	SUCNR1	ENSG00000198829
13920.0	0.0003	PPY	ENSG00000108849
13920.0	0.0003	ADRA2C	ENSG00000184160
13920.0	0.0003	NPBWR2	ENSG00000125522
13920.0	0.0003	RXFP3	ENSG00000182631
13920.0	0.0003	GALR3	ENSG00000128310
13920.0	0.0003	CCL28	ENSG00000151882
13920.0	0.0003	CXCL5	ENSG00000163735
13920.0	0.0003	LITAF	ENSG00000189067
13920.0	0.0003	PYY	ENSG00000131096
13920.0	0.0003	TEX15	ENSG00000133863
13920.0	0.0003	ACKR3	ENSG00000144476
13920.0	0.0003	CXCL6	ENSG00000124875
13920.0	0.0003	FPR1	ENSG00000171051
13920.0	0.0003	CCL16	ENSG00000161573
13920.0	0.0003	P2RY12	ENSG00000169313
13920.0	0.0003	CXCL3	ENSG00000163734
13920.0	0.0003	C5	ENSG00000106804
13920.0	0.0003	TAS2R16	ENSG00000128519
13920.0	0.0003	NPB	ENSG00000183979
13920.0	0.0003	NPW	ENSG00000183971
13920.0	0.0003	P2RY13	ENSG00000181631
13920.0	0.0003	STXBP4	ENSG00000166263
13920.0	0.0003	DMRT1	ENSG00000137090
13920.0	0.0003	APLN	ENSG00000171388
13920.0	0.0003	P2RY14	ENSG00000174944
13920.0	0.0003	C5AR1	ENSG00000197405
13920.0	0.0003	SEPTIN7	ENSG00000122545
13920.0	0.0003	OXGR1	ENSG00000165621
13920.0	0.0003	FPR3	ENSG00000187474
13920.0	0.0003	TAS2R4	ENSG00000127364
13920.0	0.0003	CLPTM1L	ENSG00000049656
13920.0	0.0003	PTGDR2	ENSG00000183134
13920.0	0.0003	TAS2R43	ENSG00000255374
13920.0	0.0003	TAS2R5	ENSG00000127366
13920.0	0.0003	TAS2R3	ENSG00000127362
13920.0	0.0003	TAS2R60	ENSG00000185899
13920.0	0.0003	HEBP1	ENSG00000013583
13920.0	0.0003	GPR18	ENSG00000125245
13920.0	0.0003	TAS2R42	ENSG00000186136
13920.0	0.0003	TAS2R39	ENSG00000236398
13920.0	0.0003	P2RY4	ENSG00000186912
13920.0	0.0003	OXER1	ENSG00000162881
13920.0	0.0003	TAS2R41	ENSG00000221855
13920.0	0.0003	GPR55	ENSG00000135898
13920.0	0.0003	BLNK	ENSG00000095585
13920.0	0.0003	NXF2B	ENSG00000185945
13920.0	0.0003	HELQ	ENSG00000163312
13920.0	0.0003	PDIA3	ENSG00000167004
13920.0	0.0003	LECT2	ENSG00000145826
13920.0	0.0003	CITED1	ENSG00000125931
13920.0	0.0003	RGS4	ENSG00000117152
13920.0	0.0003	IDNK	ENSG00000148057
13920.0	0.0003	MRPL23	ENSG00000214026
13920.0	0.0003	BORCS8-MEF2B	ENSG00000064489
13920.0	0.0003	MRPL34	ENSG00000130312
13920.0	0.0003	PRSS50	ENSG00000206549
13920.0	0.0003	DCLRE1B	ENSG00000118655
13920.0	0.0003	TTC4	ENSG00000243725
13920.0	0.0003	RGS18	ENSG00000150681
13920.0	0.0003	SP8	ENSG00000164651
13920.0	0.0003	MACROD1	ENSG00000133315
13920.0	0.0003	DUSP3	ENSG00000108861
13920.0	0.0003	TRIM3	ENSG00000110171
13920.0	0.0003	CD3E	ENSG00000198851
13920.0	0.0003	RGS14	ENSG00000169220
13920.0	0.0003	NOM1	ENSG00000146909
13920.0	0.0003	ZBTB16	ENSG00000109906
13920.0	0.0003	RGS10	ENSG00000148908
13920.0	0.0003	PPAN	ENSG00000130810
13920.0	0.0003	LMO4	ENSG00000143013
13920.0	0.0003	ELOVL7	ENSG00000164181
13920.0	0.0003	CHP2	ENSG00000166869
13920.0	0.0003	LIG1	ENSG00000105486
13920.0	0.0003	PHKA2	ENSG00000044446
13920.0	0.0003	CD247	ENSG00000198821
13920.0	0.0003	CD3G	ENSG00000160654
13920.0	0.0003	PDCD4	ENSG00000150593
13920.0	0.0003	FGFR1OP2	ENSG00000111790
13920.0	0.0003	IL27RA	ENSG00000104998
13920.0	0.0003	IL4R	ENSG00000077238
13920.0	0.0003	ELOVL2	ENSG00000197977
13920.0	0.0003	IL27	ENSG00000197272
13920.0	0.0003	HNRNPH3	ENSG00000096746
13920.0	0.0003	DUSP5	ENSG00000138166
13920.0	0.0003	NAP1L5	ENSG00000177432
13920.0	0.0003	CEACAM1	ENSG00000079385
13920.0	0.0003	NIFK	ENSG00000155438
13920.0	0.0003	MAML3	ENSG00000196782
13920.0	0.0003	GRID1	ENSG00000182771
13920.0	0.0003	CD80	ENSG00000121594
13920.0	0.0003	PDCL	ENSG00000136940
13920.0	0.0003	SBSN	ENSG00000189001
13920.0	0.0003	CIB4	ENSG00000157884
13920.0	0.0003	PRKD3	ENSG00000115825
13920.0	0.0003	CDA	ENSG00000158825
13920.0	0.0003	TRPC7	ENSG00000069018
13920.0	0.0003	RGS5	ENSG00000143248
13920.0	0.0003	PTPRR	ENSG00000153233
13920.0	0.0003	IL13RA1	ENSG00000131724
13920.0	0.0003	IL22RA1	ENSG00000142677
13920.0	0.0003	EBI3	ENSG00000105246
13920.0	0.0003	RASD2	ENSG00000100302
13920.0	0.0003	CDX4	ENSG00000131264
13920.0	0.0003	MYOZ1	ENSG00000177791
13920.0	0.0003	IL10RA	ENSG00000110324
13920.0	0.0003	FBLN1	ENSG00000077942
13920.0	0.0003	CDC14B	ENSG00000081377
13920.0	0.0003	OSMR	ENSG00000145623
13920.0	0.0003	CORO6	ENSG00000167549
13920.0	0.0003	CORO1B	ENSG00000172725
13920.0	0.0003	CORO2B	ENSG00000103647
13920.0	0.0003	CORO2A	ENSG00000106789
13920.0	0.0003	EOMES	ENSG00000163508
13920.0	0.0003	TEKT4	ENSG00000163060
13920.0	0.0003	IL3RA	ENSG00000185291
13920.0	0.0003	LRIG1	ENSG00000144749
13920.0	0.0003	DUSP23	ENSG00000158716
13920.0	0.0003	PTPDC1	ENSG00000158079
13920.0	0.0003	LIFR	ENSG00000113594
13920.0	0.0003	ANKRD27	ENSG00000105186
13920.0	0.0003	SIGLEC12	ENSG00000254521
13920.0	0.0003	EPOR	ENSG00000187266
13920.0	0.0003	CSF2RA	ENSG00000198223
13920.0	0.0003	CDIN1	ENSG00000186073
13920.0	0.0003	CD28	ENSG00000178562
13920.0	0.0003	ASIP	ENSG00000101440
13920.0	0.0003	DUSP7	ENSG00000164086
13920.0	0.0003	WDFY2	ENSG00000139668
13920.0	0.0003	CNTFR	ENSG00000122756
13920.0	0.0003	IL15RA	ENSG00000134470
13920.0	0.0003	RGCC	ENSG00000102760
13920.0	0.0003	CSF3R	ENSG00000119535
13920.0	0.0003	IL18RAP	ENSG00000115607
13920.0	0.0003	TUBA8	ENSG00000183785
13920.0	0.0003	OSBPL8	ENSG00000091039
13920.0	0.0003	IL20RA	ENSG00000016402
13920.0	0.0003	JSRP1	ENSG00000167476
13920.0	0.0003	PTTG1	ENSG00000164611
13920.0	0.0003	IFNLR1	ENSG00000185436
13920.0	0.0003	IL9R	ENSG00000124334
13920.0	0.0003	EIF1AY	ENSG00000198692
13920.0	0.0003	MARK3	ENSG00000075413
13920.0	0.0003	OLFM3	ENSG00000118733
13920.0	0.0003	TRO	ENSG00000067445
13920.0	0.0003	IL22RA2	ENSG00000164485
13920.0	0.0003	OSM	ENSG00000099985
13920.0	0.0003	ODAD1	ENSG00000105479
13920.0	0.0003	CSF2RB	ENSG00000100368
13920.0	0.0003	ORM2	ENSG00000228278
13920.0	0.0003	DHX15	ENSG00000109606
13920.0	0.0003	ZFX	ENSG00000005889
13920.0	0.0003	GHR	ENSG00000112964
13920.0	0.0003	MYL10	ENSG00000106436
13920.0	0.0003	CD69	ENSG00000110848
13920.0	0.0003	MST1R	ENSG00000164078
13920.0	0.0003	F2RL2	ENSG00000164220
13920.0	0.0003	SENP6	ENSG00000112701
13920.0	0.0003	GJB6	ENSG00000121742
13920.0	0.0003	RAD54L	ENSG00000085999
13920.0	0.0003	HDLBP	ENSG00000115677
13920.0	0.0003	NECTIN2	ENSG00000130202
13920.0	0.0003	GSKIP	ENSG00000100744
13920.0	0.0003	SENP7	ENSG00000138468
13920.0	0.0003	IL20RB	ENSG00000174564
13920.0	0.0003	HOXD4	ENSG00000170166
13920.0	0.0003	CMYA5	ENSG00000164309
13920.0	0.0003	TRAPPC13	ENSG00000113597
13920.0	0.0003	USP1	ENSG00000162607
13920.0	0.0003	TYW3	ENSG00000162623
13920.0	0.0003	DNAJA3	ENSG00000103423
13920.0	0.0003	NABP2	ENSG00000139579
13920.0	0.0003	POU4F2	ENSG00000151615
13920.0	0.0003	CCK	ENSG00000187094
13920.0	0.0003	MAP6	ENSG00000171533
13920.0	0.0003	MREG	ENSG00000118242
13920.0	0.0003	MMP15	ENSG00000102996
13920.0	0.0003	DSCC1	ENSG00000136982
13920.0	0.0003	HIF1AN	ENSG00000166135
13920.0	0.0003	NPPB	ENSG00000120937
13920.0	0.0003	TAMM41	ENSG00000144559
13920.0	0.0003	ETV6	ENSG00000139083
13920.0	0.0003	USP3	ENSG00000140455
13920.0	0.0003	HRK	ENSG00000135116
13920.0	0.0003	POMP	ENSG00000132963
13920.0	0.0003	RHOBTB3	ENSG00000164292
13920.0	0.0003	ILF2	ENSG00000143621
13920.0	0.0003	B4GALT3	ENSG00000158850
13920.0	0.0003	NEGR1	ENSG00000172260
13920.0	0.0003	DOCK2	ENSG00000134516
13920.0	0.0003	AGRP	ENSG00000159723
13920.0	0.0003	TRHR	ENSG00000174417
13920.0	0.0003	FAAP100	ENSG00000185504
13920.0	0.0003	PIN1	ENSG00000127445
13920.0	0.0003	TLL1	ENSG00000038295
13920.0	0.0003	TNIP2	ENSG00000168884
13920.0	0.0003	PRPF18	ENSG00000165630
13920.0	0.0003	TNKS2	ENSG00000107854
13920.0	0.0003	DHRS11	ENSG00000108272
13920.0	0.0003	HCRTR1	ENSG00000121764
13920.0	0.0003	DBF4B	ENSG00000161692
13920.0	0.0003	ADRA1B	ENSG00000170214
13920.0	0.0003	HRH1	ENSG00000196639
13920.0	0.0003	CHRM5	ENSG00000184984
13920.0	0.0003	AVPR1A	ENSG00000166148
13920.0	0.0003	KISS1	ENSG00000170498
13920.0	0.0003	DCUN1D1	ENSG00000043093
13920.0	0.0003	AJM1	ENSG00000232434
13920.0	0.0003	GPRC6A	ENSG00000173612
13920.0	0.0003	MAP4K1	ENSG00000104814
13920.0	0.0003	LTB4R	ENSG00000213903
13920.0	0.0003	ADRA1A	ENSG00000120907
13920.0	0.0003	SPATC1	ENSG00000186583
13920.0	0.0003	NMBR	ENSG00000135577
13920.0	0.0003	RNGTT	ENSG00000111880
13920.0	0.0003	F2RL3	ENSG00000127533
13920.0	0.0003	ANKS6	ENSG00000165138
13920.0	0.0003	SUSD2	ENSG00000099994
13920.0	0.0003	FCGR2B	ENSG00000072694
13920.0	0.0003	POU4F3	ENSG00000091010
13920.0	0.0003	P2RY2	ENSG00000175591
13920.0	0.0003	LTB4R2	ENSG00000213906
13920.0	0.0003	TPP2	ENSG00000134900
13920.0	0.0003	TAC3	ENSG00000166863
13920.0	0.0003	PTGER1	ENSG00000160951
13920.0	0.0003	NMB	ENSG00000197696
13920.0	0.0003	PROKR1	ENSG00000169618
13920.0	0.0003	NTSR2	ENSG00000169006
13920.0	0.0003	NPFF	ENSG00000139574
13920.0	0.0003	CBLL1	ENSG00000105879
13920.0	0.0003	SEC61G	ENSG00000132432
13920.0	0.0003	GRPR	ENSG00000126010
13920.0	0.0003	TLL2	ENSG00000095587
13920.0	0.0003	PRRC2B	ENSG00000130723
13920.0	0.0003	GHSR	ENSG00000121853
13920.0	0.0003	SLC16A1	ENSG00000155380
13920.0	0.0003	ATF7	ENSG00000170653
13920.0	0.0003	RNF146	ENSG00000118518
13920.0	0.0003	XCR1	ENSG00000173578
13920.0	0.0003	RHBDL3	ENSG00000141314
13920.0	0.0003	NPFFR1	ENSG00000148734
13920.0	0.0003	FFAR1	ENSG00000126266
13920.0	0.0003	F2RL1	ENSG00000164251
13920.0	0.0003	FFAR3	ENSG00000185897
13920.0	0.0003	VWA2	ENSG00000165816
13920.0	0.0003	NPFFR2	ENSG00000056291
13920.0	0.0003	GPR65	ENSG00000140030
13920.0	0.0003	MLN	ENSG00000096395
13920.0	0.0003	MLNR	ENSG00000102539
13920.0	0.0003	PTGFR	ENSG00000122420
13920.0	0.0003	QRFPR	ENSG00000186867
13920.0	0.0003	UTS2R	ENSG00000181408
13920.0	0.0003	XCL1	ENSG00000143184
13920.0	0.0003	EDN3	ENSG00000124205
13920.0	0.0003	XCL2	ENSG00000143185
13920.0	0.0003	CYSLTR1	ENSG00000173198
13920.0	0.0003	QRFP	ENSG00000188710
13920.0	0.0003	FFAR2	ENSG00000126262
13920.0	0.0003	CYSLTR2	ENSG00000152207
13920.0	0.0003	GPR4	ENSG00000177464
13920.0	0.0003	UTS2	ENSG00000049247
13920.0	0.0003	P2RY10	ENSG00000078589
13920.0	0.0003	GPR68	ENSG00000119714
13920.0	0.0003	GPR132	ENSG00000183484
13920.0	0.0003	P2RY6	ENSG00000171631
13920.0	0.0003	UTS2B	ENSG00000188958
13920.0	0.0003	SRPK2	ENSG00000135250
13920.0	0.0003	ZFAND2B	ENSG00000158552
13920.0	0.0003	NPEPPS	ENSG00000141279
13920.0	0.0003	BTN3A1	ENSG00000026950
13920.0	0.0003	TGFB1I1	ENSG00000140682
13920.0	0.0003	MRPS27	ENSG00000113048
13920.0	0.0003	CGNL1	ENSG00000128849
13920.0	0.0003	COP1	ENSG00000143207
13920.0	0.0003	RHBDL2	ENSG00000158315
13920.0	0.0003	SH3BP2	ENSG00000087266
13920.0	0.0003	NXT1	ENSG00000132661
13920.0	0.0003	SERPINA6	ENSG00000170099
13920.0	0.0003	MCC	ENSG00000171444
13920.0	0.0003	BLMH	ENSG00000108578
13920.0	0.0003	FNBP1L	ENSG00000137942
13920.0	0.0003	CDK11A	ENSG00000008128
13920.0	0.0003	U2SURP	ENSG00000163714
13920.0	0.0003	ARHGEF25	ENSG00000240771
13920.0	0.0003	TRIM25	ENSG00000121060
13920.0	0.0003	LYZL1	ENSG00000120563
13920.0	0.0003	LYZL2	ENSG00000151033
13920.0	0.0003	ADAMTSL1	ENSG00000178031
13920.0	0.0003	BRF2	ENSG00000104221
13920.0	0.0003	MFAP2	ENSG00000117122
13920.0	0.0003	EFCAB13	ENSG00000178852
13920.0	0.0003	MFAP5	ENSG00000197614
13920.0	0.0003	EFCAB3	ENSG00000172421
13920.0	0.0003	MIIP	ENSG00000116691
13920.0	0.0003	SLC16A3	ENSG00000141526
13920.0	0.0003	NOA1	ENSG00000084092
13920.0	0.0003	JDP2	ENSG00000140044
13920.0	0.0003	TRMT9B	ENSG00000250305
13920.0	0.0003	RAB3B	ENSG00000169213
13920.0	0.0003	GAB4	ENSG00000215568
13920.0	0.0003	RAB3D	ENSG00000105514
13920.0	0.0003	SH2D1B	ENSG00000198574
13920.0	0.0003	CORIN	ENSG00000145244
13920.0	0.0003	MRPS26	ENSG00000125901
13920.0	0.0003	FCRL5	ENSG00000143297
13920.0	0.0003	CYTIP	ENSG00000115165
13920.0	0.0003	MYO19	ENSG00000141140
13920.0	0.0003	ZC3H11A	ENSG00000058673
13920.0	0.0003	CD1C	ENSG00000158481
13920.0	0.0003	CALB1	ENSG00000104327
13920.0	0.0003	OR52N4	ENSG00000181074
13920.0	0.0003	UNC45B	ENSG00000141161
13920.0	0.0003	CENPB	ENSG00000125817
13920.0	0.0003	OCM	ENSG00000122543
13920.0	0.0003	OCM2	ENSG00000135175
13920.0	0.0003	HOXD3	ENSG00000128652
13920.0	0.0003	BEST1	ENSG00000167995
13920.0	0.0003	NDC1	ENSG00000058804
13920.0	0.0003	FCMR	ENSG00000162894
13920.0	0.0003	NGDN	ENSG00000129460
13920.0	0.0003	TBX5	ENSG00000089225
13920.0	0.0003	MAP3K4	ENSG00000085511
13920.0	0.0003	CABP5	ENSG00000105507
13920.0	0.0003	CABP2	ENSG00000167791
13920.0	0.0003	SCGN	ENSG00000079689
13920.0	0.0003	CABP7	ENSG00000100314
13920.0	0.0003	CALML4	ENSG00000129007
13920.0	0.0003	CALN1	ENSG00000183166
13920.0	0.0003	EFCAB11	ENSG00000140025
13920.0	0.0003	EFCAB2	ENSG00000203666
13920.0	0.0003	EFCAB7	ENSG00000203965
13920.0	0.0003	EFCAB9	ENSG00000214360
13920.0	0.0003	SPATA21	ENSG00000187144
13920.0	0.0003	KLHL11	ENSG00000178502
13920.0	0.0003	ABCE1	ENSG00000164163
13920.0	0.0003	KCTD5	ENSG00000167977
13920.0	0.0003	FOXP3	ENSG00000049768
13920.0	0.0003	MAGEA1	ENSG00000198681
13920.0	0.0003	JOSD2	ENSG00000161677
13920.0	0.0003	LPXN	ENSG00000110031
13920.0	0.0003	EGLN2	ENSG00000269858
13920.0	0.0003	PJVK	ENSG00000204311
13920.0	0.0003	EGLN1	ENSG00000135766
13920.0	0.0003	BATF3	ENSG00000123685
13920.0	0.0003	OBI1	ENSG00000152193
13920.0	0.0003	PRKD2	ENSG00000105287
13920.0	0.0003	MAP4K5	ENSG00000012983
13920.0	0.0003	RFX5	ENSG00000143390
13920.0	0.0003	SYP	ENSG00000102003
13920.0	0.0003	IL1R2	ENSG00000115590
13920.0	0.0003	ANXA5	ENSG00000164111
13920.0	0.0003	STAT2	ENSG00000170581
13920.0	0.0003	ESF1	ENSG00000089048
13920.0	0.0003	MARK1	ENSG00000116141
13920.0	0.0003	PHKG1	ENSG00000164776
13920.0	0.0003	TNFSF15	ENSG00000181634
13920.0	0.0003	KLHL10	ENSG00000161594
13920.0	0.0003	AQR	ENSG00000021776
13920.0	0.0003	FBXO32	ENSG00000156804
13920.0	0.0003	BTBD1	ENSG00000064726
13920.0	0.0003	UCKL1	ENSG00000198276
13920.0	0.0003	CDHR2	ENSG00000074276
13920.0	0.0003	MRPL46	ENSG00000259494
13920.0	0.0003	EFEMP1	ENSG00000115380
13920.0	0.0003	EIF1B	ENSG00000114784
13920.0	0.0003	INTS14	ENSG00000138614
13920.0	0.0003	INTS15	ENSG00000146576
13920.0	0.0003	RNF113B	ENSG00000139797
13920.0	0.0003	ANKAR	ENSG00000151687
13920.0	0.0003	ARL9	ENSG00000196503
13920.0	0.0003	SYPL1	ENSG00000008282
13920.0	0.0003	DNALI1	ENSG00000163879
13920.0	0.0003	BATF2	ENSG00000168062
13920.0	0.0003	POU2AF1	ENSG00000110777
13920.0	0.0003	MFAP3	ENSG00000037749
13920.0	0.0003	RBMX2	ENSG00000134597
13920.0	0.0003	UBL5	ENSG00000198258
13920.0	0.0003	DSPP	ENSG00000152591
13920.0	0.0003	ROBO2	ENSG00000185008
13920.0	0.0003	KCTD11	ENSG00000213859
13920.0	0.0003	UTP11	ENSG00000183520
13920.0	0.0003	PKD2L1	ENSG00000107593
13920.0	0.0003	GPR31	ENSG00000120436
13920.0	0.0003	RALGDS	ENSG00000160271
13920.0	0.0003	HIC1	ENSG00000177374
13920.0	0.0003	RP9	ENSG00000164610
13920.0	0.0003	MMP3	ENSG00000149968
13920.0	0.0003	WDR17	ENSG00000150627
13920.0	0.0003	CIRBP	ENSG00000099622
13920.0	0.0003	SNAPC1	ENSG00000023608
13920.0	0.0003	DDX11	ENSG00000013573
13920.0	0.0003	SNAPC3	ENSG00000164975
13920.0	0.0003	ZNF143	ENSG00000166478
13920.0	0.0003	FCGR1BP	ENSG00000198019
13920.0	0.0003	MAP3K12	ENSG00000139625
13920.0	0.0003	MRPL41	ENSG00000182154
13920.0	0.0003	YJU2	ENSG00000105248
13920.0	0.0003	SNAPC5	ENSG00000174446
13920.0	0.0003	SNAPC2	ENSG00000104976
13920.0	0.0003	MPRIP	ENSG00000133030
13920.0	0.0003	PARD6B	ENSG00000124171
13920.0	0.0003	NYX	ENSG00000188937
13920.0	0.0003	CRCP	ENSG00000241258
13920.0	0.0003	NUDCD3	ENSG00000015676
13920.0	0.0003	CARMIL1	ENSG00000079691
13920.0	0.0003	SSX2	ENSG00000241476
13920.0	0.0003	HMGN5	ENSG00000198157
13920.0	0.0003	RIPPLY3	ENSG00000183145
13920.0	0.0003	SOD3	ENSG00000109610
13920.0	0.0003	DOK2	ENSG00000147443
13920.0	0.0003	DHX29	ENSG00000067248
13920.0	0.0003	SENP1	ENSG00000079387
13920.0	0.0003	MTCL1	ENSG00000168502
13920.0	0.0003	CDC123	ENSG00000151465
13920.0	0.0003	MRS2	ENSG00000124532
13920.0	0.0003	SAP30L	ENSG00000164576
13920.0	0.0003	CCDC12	ENSG00000160799
13920.0	0.0003	SLC15A1	ENSG00000088386
13920.0	0.0003	TEAD1	ENSG00000187079
13920.0	0.0003	S100A1	ENSG00000160678
13920.0	0.0003	ARL13A	ENSG00000174225
13920.0	0.0003	BCAS2	ENSG00000116752
13920.0	0.0003	KIF19	ENSG00000196169
13920.0	0.0003	HDC	ENSG00000140287
13920.0	0.0003	TEAD4	ENSG00000197905
13920.0	0.0003	SCAF11	ENSG00000139218
13920.0	0.0003	FAM3B	ENSG00000183844
13920.0	0.0003	HBE1	ENSG00000213931
13920.0	0.0003	WFDC5	ENSG00000175121
13920.0	0.0003	TEAD3	ENSG00000007866
13920.0	0.0003	HTR3A	ENSG00000166736
13920.0	0.0003	PFN3	ENSG00000196570
13920.0	0.0003	CWC25	ENSG00000108296
13920.0	0.0003	ABTB1	ENSG00000114626
13920.0	0.0003	CSH2	ENSG00000213218
13920.0	0.0003	U2AF1L4	ENSG00000161265
13920.0	0.0003	AFF4	ENSG00000072364
13920.0	0.0003	HLA-G	ENSG00000204632
13920.0	0.0003	SPIB	ENSG00000269404
13920.0	0.0003	PNMA3	ENSG00000183837
13920.0	0.0003	MAGOHB	ENSG00000111196
13920.0	0.0003	GNL2	ENSG00000134697
13920.0	0.0003	GTF3C1	ENSG00000077235
13920.0	0.0003	TMEM106C	ENSG00000134291
13920.0	0.0003	GTF3C4	ENSG00000125484
13920.0	0.0003	SCARA3	ENSG00000168077
13920.0	0.0003	NAIF1	ENSG00000171169
13920.0	0.0003	ZHX3	ENSG00000174306
13920.0	0.0003	HBG2	ENSG00000196565
13920.0	0.0003	GBP2	ENSG00000162645
13920.0	0.0003	GATC	ENSG00000257218
13920.0	0.0003	GTF3C2	ENSG00000115207
13920.0	0.0003	LGALS3BP	ENSG00000108679
13920.0	0.0003	SNX2	ENSG00000205302
13920.0	0.0003	SPARC	ENSG00000113140
13920.0	0.0003	RAPGEF2	ENSG00000109756
13920.0	0.0003	NEMF	ENSG00000165525
13920.0	0.0003	RBPMS2	ENSG00000166831
13920.0	0.0003	HORMAD2	ENSG00000176635
13920.0	0.0003	PUM2	ENSG00000055917
13920.0	0.0003	HMCN1	ENSG00000143341
13920.0	0.0003	ICAM3	ENSG00000076662
13920.0	0.0003	ZRSR2	ENSG00000169249
13920.0	0.0003	INTS13	ENSG00000064102
13920.0	0.0003	TRIB3	ENSG00000101255
13920.0	0.0003	ARTN	ENSG00000117407
13920.0	0.0003	METAP2	ENSG00000111142
13920.0	0.0003	LGALS4	ENSG00000171747
13920.0	0.0003	PPP1R9A	ENSG00000158528
13920.0	0.0003	DCUN1D2	ENSG00000150401
13920.0	0.0003	BAZ2A	ENSG00000076108
13920.0	0.0003	GPS1	ENSG00000169727
13920.0	0.0003	TMF1	ENSG00000144747
13920.0	0.0003	DCUN1D5	ENSG00000137692
13920.0	0.0003	GFRA2	ENSG00000168546
13920.0	0.0003	PTGR3	ENSG00000180011
13920.0	0.0003	UNKL	ENSG00000059145
13920.0	0.0003	RUNX1T1	ENSG00000079102
13920.0	0.0003	RASSF2	ENSG00000101265
13920.0	0.0003	SULT2A1	ENSG00000105398
13920.0	0.0003	TNFRSF10A	ENSG00000104689
13920.0	0.0003	GAP43	ENSG00000172020
13920.0	0.0003	KHDRBS3	ENSG00000131773
13920.0	0.0003	SSB	ENSG00000138385
13920.0	0.0003	NOX3	ENSG00000074771
13920.0	0.0003	DOCK5	ENSG00000147459
13920.0	0.0003	ABCB4	ENSG00000005471
13920.0	0.0003	CSHL1	ENSG00000204414
13920.0	0.0003	GLIPR1	ENSG00000139278
13920.0	0.0003	AFAP1L1	ENSG00000157510
13920.0	0.0003	PSPN	ENSG00000125650
13920.0	0.0003	CSDC2	ENSG00000172346
13920.0	0.0003	RGL1	ENSG00000143344
13920.0	0.0003	G0S2	ENSG00000123689
13920.0	0.0003	MAN1C1	ENSG00000117643
13920.0	0.0003	HSDL1	ENSG00000103160
13920.0	0.0003	OR5AC2	ENSG00000196578
13920.0	0.0003	AMMECR1	ENSG00000101935
13920.0	0.0003	SLC2A14	ENSG00000173262
13920.0	0.0003	ITGAE	ENSG00000083457
13920.0	0.0003	ITGAD	ENSG00000156886
13920.0	0.0003	GGPS1	ENSG00000152904
13920.0	0.0003	DDX18	ENSG00000088205
13920.0	0.0003	AAMP	ENSG00000127837
13920.0	0.0003	TBC1D31	ENSG00000156787
13920.0	0.0003	SKIL	ENSG00000136603
13920.0	0.0003	GPR21	ENSG00000188394
13920.0	0.0003	BCAM	ENSG00000187244
13920.0	0.0003	FNTB	ENSG00000257365
13920.0	0.0003	HAMP	ENSG00000105697
13920.0	0.0003	ABCB10	ENSG00000135776
13920.0	0.0003	FRMD7	ENSG00000165694
13920.0	0.0003	PPRC1	ENSG00000148840
13920.0	0.0003	OR1J2	ENSG00000197233
13920.0	0.0003	RCN2	ENSG00000117906
13920.0	0.0003	KCTD6	ENSG00000168301
13920.0	0.0003	ABTB2	ENSG00000166016
13920.0	0.0003	KIF13B	ENSG00000197892
13920.0	0.0003	PRMT2	ENSG00000160310
13920.0	0.0003	GCSAM	ENSG00000174500
13920.0	0.0003	DCUN1D3	ENSG00000188215
13920.0	0.0003	ISY1	ENSG00000240682
13920.0	0.0003	YJU2B	ENSG00000104957
13920.0	0.0003	ISY1-RAB43	ENSG00000261796
13920.0	0.0003	PIK3R2	ENSG00000105647
13920.0	0.0003	HFM1	ENSG00000162669
13920.0	0.0003	CRELD1	ENSG00000163703
13920.0	0.0003	KLF11	ENSG00000172059
13920.0	0.0003	CASP7	ENSG00000165806
13920.0	0.0003	IGSF9B	ENSG00000080854
13920.0	0.0003	CPPED1	ENSG00000103381
13920.0	0.0003	MBNL1	ENSG00000152601
13920.0	0.0003	DDX10	ENSG00000178105
13920.0	0.0003	PMEL	ENSG00000185664
13920.0	0.0003	YTHDC2	ENSG00000047188
13920.0	0.0003	THUMPD3	ENSG00000134077
13920.0	0.0003	TFCP2	ENSG00000135457
13920.0	0.0003	SDE2	ENSG00000143751
13920.0	0.0003	HIPK3	ENSG00000110422
13920.0	0.0003	FAIM2	ENSG00000135472
13920.0	0.0003	CMC1	ENSG00000187118
13920.0	0.0003	CYTH2	ENSG00000105443
13920.0	0.0003	MRM3	ENSG00000171861
13920.0	0.0003	INPP5D	ENSG00000168918
13920.0	0.0003	MBTD1	ENSG00000011258
13920.0	0.0003	NOVA1	ENSG00000139910
13920.0	0.0003	KLF16	ENSG00000129911
13920.0	0.0003	CASP4	ENSG00000196954
13920.0	0.0003	HIPK1	ENSG00000163349
13920.0	0.0003	NIPSNAP1	ENSG00000184117
13920.0	0.0003	HIPK4	ENSG00000160396
13920.0	0.0003	JMJD6	ENSG00000070495
13920.0	0.0003	MNT	ENSG00000070444
13920.0	0.0003	CX3CL1	ENSG00000006210
13920.0	0.0003	THADA	ENSG00000115970
13920.0	0.0003	COPS3	ENSG00000141030
13920.0	0.0003	USP43	ENSG00000154914
13920.0	0.0003	MAF1	ENSG00000179632
13920.0	0.0003	ADGRB1	ENSG00000181790
13920.0	0.0003	DDX49	ENSG00000105671
13920.0	0.0003	DPP4	ENSG00000197635
13920.0	0.0003	PPP1R14A	ENSG00000167641
13920.0	0.0003	CD163	ENSG00000177575
13920.0	0.0003	DEK	ENSG00000124795
13920.0	0.0003	TMEM177	ENSG00000144120
13920.0	0.0003	DDX47	ENSG00000213782
13920.0	0.0003	PDCL2	ENSG00000163440
13920.0	0.0003	DHX34	ENSG00000134815
13920.0	0.0003	KBTBD7	ENSG00000120696
13920.0	0.0003	ANKRD20A3P	ENSG00000132498
13920.0	0.0003	TAC4	ENSG00000176358
13920.0	0.0003	RELT	ENSG00000054967
13920.0	0.0003	GH1	ENSG00000259384
13920.0	0.0003	WDR20	ENSG00000140153
13920.0	0.0003	PIK3AP1	ENSG00000155629
13920.0	0.0003	PLAGL1	ENSG00000118495
13920.0	0.0003	LUZP2	ENSG00000187398
13920.0	0.0003	TES	ENSG00000135269
13920.0	0.0003	ITK	ENSG00000113263
13920.0	0.0003	ROBO4	ENSG00000154133
13920.0	0.0003	RAPGEF6	ENSG00000158987
13920.0	0.0003	KLF10	ENSG00000155090
13920.0	0.0003	FUT6	ENSG00000156413
13920.0	0.0003	HES6	ENSG00000144485
13920.0	0.0003	HEY2	ENSG00000135547
13920.0	0.0003	HOXA11	ENSG00000005073
13920.0	0.0003	C1RL	ENSG00000139178
13920.0	0.0003	SERGEF	ENSG00000129158
13920.0	0.0003	DSEL	ENSG00000171451
13920.0	0.0003	PRMT3	ENSG00000185238
13920.0	0.0003	S100A8	ENSG00000143546
13920.0	0.0003	ZAP70	ENSG00000115085
13920.0	0.0003	FUT5	ENSG00000130383
13920.0	0.0003	ZBTB4	ENSG00000174282
13920.0	0.0003	SETMAR	ENSG00000170364
13920.0	0.0003	CAMK1D	ENSG00000183049
13920.0	0.0003	RRP15	ENSG00000067533
13920.0	0.0003	SPA17	ENSG00000064199
13920.0	0.0003	ANKRD20A2P	ENSG00000183148
13920.0	0.0003	FBXO42	ENSG00000037637
13920.0	0.0003	SLC7A10	ENSG00000130876
13920.0	0.0003	ELF3	ENSG00000163435
13920.0	0.0003	PKD2L2	ENSG00000078795
13920.0	0.0003	HCFC2	ENSG00000111727
13920.0	0.0003	CTSW	ENSG00000172543
13920.0	0.0003	GPATCH1	ENSG00000076650
13920.0	0.0003	CTSL	ENSG00000135047
13920.0	0.0003	PHF19	ENSG00000119403
13920.0	0.0003	POU2F3	ENSG00000137709
13920.0	0.0003	S100A4	ENSG00000196154
13920.0	0.0003	FUT7	ENSG00000180549
13920.0	0.0003	FKBP3	ENSG00000100442
13920.0	0.0003	LAMTOR1	ENSG00000149357
13920.0	0.0003	TMEM81	ENSG00000174529
13920.0	0.0003	AIFM2	ENSG00000042286
13920.0	0.0003	RGL4	ENSG00000159496
13920.0	0.0003	CAMTA2	ENSG00000108509
13920.0	0.0003	RASL10A	ENSG00000100276
13920.0	0.0003	PGGT1B	ENSG00000164219
13920.0	0.0003	GRIK3	ENSG00000163873
13920.0	0.0003	SAP25	ENSG00000205307
13920.0	0.0003	RBM34	ENSG00000188739
13920.0	0.0003	RASL10B	ENSG00000141150
13920.0	0.0003	CBFA2T2	ENSG00000078699
13920.0	0.0003	GCNT2	ENSG00000111846
13920.0	0.0003	CSN1S1	ENSG00000126545
13920.0	0.0003	DHX33	ENSG00000005100
13920.0	0.0003	TOM1L2	ENSG00000175662
13920.0	0.0003	CACYBP	ENSG00000116161
13920.0	0.0003	PTPRG	ENSG00000144724
13920.0	0.0003	CWF19L2	ENSG00000152404
13920.0	0.0003	DDX28	ENSG00000182810
13920.0	0.0003	HDGFRP2	ENSG00000167674
13920.0	0.0003	CNKSR1	ENSG00000142675
13920.0	0.0003	RASSF7	ENSG00000099849
13920.0	0.0003	SMTN	ENSG00000183963
13920.0	0.0003	FYB1	ENSG00000082074
13920.0	0.0003	LHFPL4	ENSG00000156959
13920.0	0.0003	CAV2	ENSG00000105971
13920.0	0.0003	ZCCHC17	ENSG00000121766
13920.0	0.0003	TRIM41	ENSG00000146063
13920.0	0.0003	CCDC63	ENSG00000173093
13920.0	0.0003	RBMS1	ENSG00000153250
13920.0	0.0003	KCTD19	ENSG00000168676
13920.0	0.0003	NLE1	ENSG00000073536
13920.0	0.0003	C1orf35	ENSG00000143793
13920.0	0.0003	RBPMS	ENSG00000157110
13920.0	0.0003	TCEA3	ENSG00000204219
13920.0	0.0003	CAPZA2	ENSG00000198898
13920.0	0.0003	SUB1	ENSG00000113387
13920.0	0.0003	HNRNPCL1	ENSG00000179172
13920.0	0.0003	TNS4	ENSG00000131746
13920.0	0.0003	EPB41L5	ENSG00000115109
13920.0	0.0003	ADAMTS5	ENSG00000154736
13920.0	0.0003	ZNF676	ENSG00000196109
13920.0	0.0003	RRAD	ENSG00000166592
13920.0	0.0003	RASSF4	ENSG00000107551
13920.0	0.0003	AKAP10	ENSG00000108599
13920.0	0.0003	LHFPL3	ENSG00000187416
13920.0	0.0003	LIPI	ENSG00000188992
13920.0	0.0003	MRPS28	ENSG00000147586
13920.0	0.0003	PTGFRN	ENSG00000134247
13920.0	0.0003	SLC38A5	ENSG00000017483
13920.0	0.0003	MANF	ENSG00000145050
13920.0	0.0003	DDX43	ENSG00000080007
13920.0	0.0003	TXK	ENSG00000074966
13920.0	0.0003	BCDIN3D	ENSG00000186666
13920.0	0.0003	ICMT	ENSG00000116237
13920.0	0.0003	EPX	ENSG00000121053
13920.0	0.0003	ADAMTS9	ENSG00000163638
13920.0	0.0003	IFITM1	ENSG00000185885
13920.0	0.0003	OXSM	ENSG00000151093
13920.0	0.0003	AHSP	ENSG00000169877
13920.0	0.0003	BEX4	ENSG00000102409
13920.0	0.0003	ADAMTSL4	ENSG00000143382
13920.0	0.0003	DDX46	ENSG00000145833
13920.0	0.0003	HAGHL	ENSG00000103253
13920.0	0.0003	PKP2	ENSG00000057294
13920.0	0.0003	GPR20	ENSG00000204882
13920.0	0.0003	ZC3H18	ENSG00000158545
13920.0	0.0003	PRDM4	ENSG00000110851
13920.0	0.0003	GABPB1	ENSG00000104064
13920.0	0.0003	WDR6	ENSG00000178252
13920.0	0.0003	KCNK18	ENSG00000186795
13920.0	0.0003	ADAMTS7	ENSG00000136378
13920.0	0.0003	HOXD13	ENSG00000128714
13920.0	0.0003	MDN1	ENSG00000112159
13920.0	0.0003	ARK2N	ENSG00000152242
13920.0	0.0003	EFCAB14	ENSG00000159658
13920.0	0.0003	FBRS	ENSG00000156860
13920.0	0.0003	FBRSL1	ENSG00000112787
13920.0	0.0003	GPATCH2	ENSG00000092978
13920.0	0.0003	EPS8	ENSG00000151491
13920.0	0.0003	HNRNPAB	ENSG00000197451
13920.0	0.0003	PRMT6	ENSG00000198890
13920.0	0.0003	PRDM5	ENSG00000138738
13920.0	0.0003	CD300A	ENSG00000167851
13920.0	0.0003	PARVA	ENSG00000197702
13920.0	0.0003	CDC37L1	ENSG00000106993
13920.0	0.0003	SH2D3C	ENSG00000095370
13920.0	0.0003	MXD4	ENSG00000123933
13920.0	0.0003	COPS7A	ENSG00000111652
13920.0	0.0003	WDR18	ENSG00000065268
13920.0	0.0003	LASP1	ENSG00000002834
13920.0	0.0003	UBP1	ENSG00000153560
13920.0	0.0003	DHX35	ENSG00000101452
13920.0	0.0003	PXDN	ENSG00000130508
13920.0	0.0003	PAX1	ENSG00000125813
13920.0	0.0003	FCER1G	ENSG00000158869
13920.0	0.0003	ERH	ENSG00000100632
13920.0	0.0003	SLC9A5	ENSG00000135740
13920.0	0.0003	MRPS31	ENSG00000102738
13920.0	0.0003	BTAF1	ENSG00000095564
13920.0	0.0003	HOXB13	ENSG00000159184
13920.0	0.0003	MRPS21	ENSG00000187145
13920.0	0.0003	MRPS24	ENSG00000062582
13920.0	0.0003	CPNE3	ENSG00000085719
13920.0	0.0003	RABIF	ENSG00000183155
13920.0	0.0003	AKTIP	ENSG00000166971
13920.0	0.0003	ZP2	ENSG00000103310
13920.0	0.0003	LPO	ENSG00000167419
13920.0	0.0003	TBX20	ENSG00000164532
13920.0	0.0003	LTBP1	ENSG00000049323
13920.0	0.0003	RRAGC	ENSG00000116954
13920.0	0.0003	PPP1R3E	ENSG00000235194
13920.0	0.0003	HOXD12	ENSG00000170178
13920.0	0.0003	DCP1B	ENSG00000151065
13920.0	0.0003	HOXB7	ENSG00000260027
13920.0	0.0003	PPP1R3D	ENSG00000132825
13920.0	0.0003	CBLIF	ENSG00000134812
13920.0	0.0003	EGR3	ENSG00000179388
13920.0	0.0003	PPP1R3A	ENSG00000154415
13920.0	0.0003	ZSCAN1	ENSG00000152467
13920.0	0.0003	GPN1	ENSG00000198522
13920.0	0.0003	RRAGB	ENSG00000083750
13920.0	0.0003	STAR	ENSG00000147465
13920.0	0.0003	P2RX7	ENSG00000089041
13920.0	0.0003	FERMT3	ENSG00000149781
13920.0	0.0003	IKZF4	ENSG00000123411
13920.0	0.0003	RBMY1J	ENSG00000226941
13920.0	0.0003	CHERP	ENSG00000085872
13920.0	0.0003	IGSF8	ENSG00000162729
13920.0	0.0003	PRDM2	ENSG00000116731
13920.0	0.0003	STK24	ENSG00000102572
13920.0	0.0003	MOB4	ENSG00000115540
13920.0	0.0003	GSTM3	ENSG00000134202
13920.0	0.0003	APOBEC3B	ENSG00000179750
13920.0	0.0003	KLF14	ENSG00000174595
13920.0	0.0003	ADAM8	ENSG00000151651
13920.0	0.0003	ELAC2	ENSG00000006744
13920.0	0.0003	PHF20L1	ENSG00000129292
13920.0	0.0003	UCP2	ENSG00000175567
13920.0	0.0003	RRAGD	ENSG00000025039
13920.0	0.0003	TRAT1	ENSG00000163519
13920.0	0.0003	TFEB	ENSG00000112561
13920.0	0.0003	KIF9	ENSG00000088727
13920.0	0.0003	IL36B	ENSG00000136696
13920.0	0.0003	FNBP4	ENSG00000109920
13920.0	0.0003	AGAP2	ENSG00000135439
13920.0	0.0003	RRAGA	ENSG00000155876
13920.0	0.0003	IKZF2	ENSG00000030419
13920.0	0.0003	PHF1	ENSG00000112511
13920.0	0.0003	PSCA	ENSG00000167653
13920.0	0.0003	CHST15	ENSG00000182022
13920.0	0.0003	SLC26A3	ENSG00000091138
13920.0	0.0003	HOXB4	ENSG00000182742
13920.0	0.0003	LHX1	ENSG00000132130
13920.0	0.0003	APOBEC1	ENSG00000111701
13920.0	0.0003	GTF2A1L	ENSG00000242441
13920.0	0.0003	SLC9A2	ENSG00000115616
13920.0	0.0003	NOBOX	ENSG00000106410
13920.0	0.0003	LORICRIN	ENSG00000203782
13920.0	0.0003	DNTTIP2	ENSG00000067334
13920.0	0.0003	GLIPR2	ENSG00000122694
13920.0	0.0003	GALP	ENSG00000197487
13920.0	0.0003	C1QA	ENSG00000173372
13920.0	0.0003	ATG13	ENSG00000175224
13920.0	0.0003	FOXN3	ENSG00000053254
13920.0	0.0003	B4GALT4	ENSG00000121578
13920.0	0.0003	CAVIN2	ENSG00000168497
13920.0	0.0003	GPRASP1	ENSG00000198932
13920.0	0.0003	TNS3	ENSG00000136205
13920.0	0.0003	SRPK3	ENSG00000184343
13920.0	0.0003	C11orf58	ENSG00000110696
13920.0	0.0003	HCST	ENSG00000126264
13920.0	0.0003	MLLT6	ENSG00000108292
13920.0	0.0003	MNDA	ENSG00000163563
13920.0	0.0003	FOXC1	ENSG00000054598
13920.0	0.0003	NOX1	ENSG00000007952
13920.0	0.0003	GJC1	ENSG00000182963
13920.0	0.0003	FAM50A	ENSG00000071859
13920.0	0.0003	CTTNBP2	ENSG00000077063
13920.0	0.0003	MMP10	ENSG00000166670
13920.0	0.0003	ESPN	ENSG00000187017
13920.0	0.0003	NVL	ENSG00000143748
13920.0	0.0003	DDX51	ENSG00000185163
13920.0	0.0003	EDF1	ENSG00000107223
13920.0	0.0003	SULF1	ENSG00000137573
13920.0	0.0003	MTSS1	ENSG00000170873
13920.0	0.0003	EML4	ENSG00000143924
13920.0	0.0003	BNC1	ENSG00000169594
13920.0	0.0003	S100A2	ENSG00000196754
13920.0	0.0003	RASA3	ENSG00000185989
13920.0	0.0003	NR1I3	ENSG00000143257
13920.0	0.0003	ERVV-2	ENSG00000268964
13920.0	0.0003	TLN2	ENSG00000171914
13920.0	0.0003	PRDX5	ENSG00000126432
13920.0	0.0003	MAP3K19	ENSG00000176601
13920.0	0.0003	CFHR3	ENSG00000116785
13920.0	0.0003	ICOS	ENSG00000163600
13920.0	0.0003	DSG3	ENSG00000134757
13920.0	0.0003	HMMR	ENSG00000072571
13920.0	0.0003	DEFB1	ENSG00000164825
13920.0	0.0003	XYLT2	ENSG00000015532
13920.0	0.0003	C1QC	ENSG00000159189
13920.0	0.0003	CTSG	ENSG00000100448
13920.0	0.0003	FCF1	ENSG00000119616
13920.0	0.0003	ERCC6L2	ENSG00000182150
13920.0	0.0003	B4GALNT4	ENSG00000182272
13920.0	0.0003	CLCC1	ENSG00000121940
13920.0	0.0003	SLC22A12	ENSG00000197891
13920.0	0.0003	ERI2	ENSG00000196678
13920.0	0.0003	PIGZ	ENSG00000119227
13920.0	0.0003	CTTNBP2NL	ENSG00000143079
13920.0	0.0003	NDST3	ENSG00000164100
13920.0	0.0003	ZNF76	ENSG00000065029
13920.0	0.0003	GIGYF1	ENSG00000146830
13920.0	0.0003	NUDCD2	ENSG00000170584
13920.0	0.0003	KNDC1	ENSG00000171798
13920.0	0.0003	SIM2	ENSG00000159263
13920.0	0.0003	VMP1	ENSG00000062716
13920.0	0.0003	RBM3	ENSG00000102317
13920.0	0.0003	LBP	ENSG00000129988
13920.0	0.0003	IRX5	ENSG00000176842
13920.0	0.0003	FOXF2	ENSG00000137273
13920.0	0.0003	FKBP1B	ENSG00000119782
13920.0	0.0003	ODF1	ENSG00000155087
13920.0	0.0003	NQO2	ENSG00000124588
13920.0	0.0003	KTI12	ENSG00000198841
13920.0	0.0003	BMP6	ENSG00000153162
13920.0	0.0003	NAA40	ENSG00000110583
13920.0	0.0003	TTC27	ENSG00000018699
13920.0	0.0003	PYM1	ENSG00000170473
13920.0	0.0003	RPRD1B	ENSG00000101413
13920.0	0.0003	EDC3	ENSG00000179151
13920.0	0.0003	GAS6	ENSG00000183087
13920.0	0.0003	IFNA1	ENSG00000197919
13920.0	0.0003	PCDHGB4	ENSG00000253953
13920.0	0.0003	ATOH7	ENSG00000179774
13920.0	0.0003	GPX7	ENSG00000116157
13920.0	0.0003	ZBTB38	ENSG00000177311
13920.0	0.0003	MPP1	ENSG00000130830
13920.0	0.0003	RP11-420K10.1	ENSG00000270874
13920.0	0.0003	RPAP2	ENSG00000122484
13920.0	0.0003	STRC	ENSG00000242866
13920.0	0.0003	IGBP1	ENSG00000089289
13920.0	0.0003	MYOCD	ENSG00000141052
13920.0	0.0003	SLC9C1	ENSG00000172139
13920.0	0.0003	CHST1	ENSG00000175264
13920.0	0.0003	ANXA2	ENSG00000182718
13920.0	0.0003	SPRY3	ENSG00000168939
13920.0	0.0003	NDST4	ENSG00000138653
13920.0	0.0003	SLC9A8	ENSG00000197818
13920.0	0.0003	CMKLR2	ENSG00000183671
13920.0	0.0003	LGR4	ENSG00000205213
13920.0	0.0003	EBF4	ENSG00000088881
13920.0	0.0003	LGR6	ENSG00000133067
13920.0	0.0003	PTP4A3	ENSG00000184489
13920.0	0.0003	MYCBP2	ENSG00000005810
13920.0	0.0003	KLF13	ENSG00000169926
13920.0	0.0003	TOX2	ENSG00000124191
13920.0	0.0003	SERPINA1	ENSG00000197249
13920.0	0.0003	TIPRL	ENSG00000143155
13920.0	0.0003	S100A7	ENSG00000143556
13920.0	0.0003	STON1-GTF2A1L	ENSG00000068781
13920.0	0.0003	CCN1	ENSG00000142871
13920.0	0.0003	ATF5	ENSG00000169136
13920.0	0.0003	TIMP3	ENSG00000100234
13920.0	0.0003	PPME1	ENSG00000214517
13920.0	0.0003	LAMTOR5	ENSG00000134248
13920.0	0.0003	F13A1	ENSG00000124491
13920.0	0.0003	RAB22A	ENSG00000124209
13920.0	0.0003	AEBP1	ENSG00000106624
13920.0	0.0003	SRRM4	ENSG00000139767
13920.0	0.0003	TRIB1	ENSG00000173334
13920.0	0.0003	CRP	ENSG00000132693
13920.0	0.0003	SNCAIP	ENSG00000064692
13920.0	0.0003	SERPINF2	ENSG00000167711
13920.0	0.0003	UBASH3B	ENSG00000154127
13920.0	0.0003	SPAG4	ENSG00000061656
13920.0	0.0003	TCEANC2	ENSG00000116205
13920.0	0.0003	TAAR5	ENSG00000135569
13920.0	0.0003	ADGRA1	ENSG00000197177
13920.0	0.0003	SGCD	ENSG00000170624
13920.0	0.0003	CYTH3	ENSG00000008256
13920.0	0.0003	SOCS6	ENSG00000170677
13920.0	0.0003	LRRC39	ENSG00000122477
13920.0	0.0003	BMP5	ENSG00000112175
13920.0	0.0003	LRRC66	ENSG00000188993
13920.0	0.0003	SLC28A2	ENSG00000137860
13920.0	0.0003	TCEANC	ENSG00000176896
13920.0	0.0003	LRRC8E	ENSG00000171017
13920.0	0.0003	PTCD2	ENSG00000049883
13920.0	0.0003	LRRN3	ENSG00000173114
13920.0	0.0003	LRRIQ4	ENSG00000188306
13920.0	0.0003	CLEC6A	ENSG00000205846
13920.0	0.0003	SLC27A4	ENSG00000167114
13920.0	0.0003	AGPAT4	ENSG00000026652
13920.0	0.0003	RSPO2	ENSG00000147655
13920.0	0.0003	SLC28A3	ENSG00000197506
13920.0	0.0003	LCMT1	ENSG00000205629
13920.0	0.0003	HRG	ENSG00000113905
13920.0	0.0003	KLK2	ENSG00000167751
13920.0	0.0003	TCTE1	ENSG00000146221
13920.0	0.0003	LCLAT1	ENSG00000172954
13920.0	0.0003	ECM2	ENSG00000106823
13920.0	0.0003	GCNT3	ENSG00000140297
13920.0	0.0003	CPN2	ENSG00000178772
13920.0	0.0003	EHD3	ENSG00000013016
13920.0	0.0003	CFD	ENSG00000197766
13920.0	0.0003	HBQ1	ENSG00000086506
13920.0	0.0003	CHAD	ENSG00000136457
13920.0	0.0003	PREX2	ENSG00000046889
13920.0	0.0003	IGFALS	ENSG00000099769
13920.0	0.0003	LRRC10	ENSG00000198812
13920.0	0.0003	MMRN1	ENSG00000138722
13920.0	0.0003	LRIT3	ENSG00000183423
13920.0	0.0003	AMH	ENSG00000104899
13920.0	0.0003	NRXN2	ENSG00000110076
13920.0	0.0003	LINGO3	ENSG00000220008
13920.0	0.0003	FST	ENSG00000134363
13920.0	0.0003	LRIT1	ENSG00000148602
13920.0	0.0003	BGN	ENSG00000182492
13920.0	0.0003	LRIT2	ENSG00000204033
13920.0	0.0003	SRGN	ENSG00000122862
13920.0	0.0003	AGPAT3	ENSG00000160216
13920.0	0.0003	SERPING1	ENSG00000149131
13920.0	0.0003	LRRTM2	ENSG00000146006
13920.0	0.0003	LRFN4	ENSG00000173621
13920.0	0.0003	OR1F1	ENSG00000168124
13920.0	0.0003	LRRC38	ENSG00000162494
13920.0	0.0003	ADGRA3	ENSG00000152990
13920.0	0.0003	LRRC24	ENSG00000254402
13920.0	0.0003	LRWD1	ENSG00000161036
13920.0	0.0003	LRRN2	ENSG00000170382
13920.0	0.0003	MFHAS1	ENSG00000147324
13920.0	0.0003	LRRC55	ENSG00000183908
13920.0	0.0003	TSKU	ENSG00000182704
13920.0	0.0003	LRRC52	ENSG00000162763
13920.0	0.0003	LRIG3	ENSG00000139263
13920.0	0.0003	ASPN	ENSG00000106819
13920.0	0.0003	LRRC70	ENSG00000186105
13920.0	0.0003	VASN	ENSG00000168140
13920.0	0.0003	LRFN1	ENSG00000128011
13920.0	0.0003	LRFN2	ENSG00000156564
13920.0	0.0003	LINGO2	ENSG00000174482
13920.0	0.0003	LRTM1	ENSG00000144771
13920.0	0.0003	LRRC15	ENSG00000172061
13920.0	0.0003	OPTC	ENSG00000188770
13920.0	0.0003	XRRA1	ENSG00000166435
13920.0	0.0003	LRRC8D	ENSG00000171492
13920.0	0.0003	LRRC8B	ENSG00000197147
13920.0	0.0003	PODN	ENSG00000174348
13920.0	0.0003	LRRC8C	ENSG00000171488
13920.0	0.0003	CHADL	ENSG00000100399
13920.0	0.0003	EPYC	ENSG00000083782
13920.0	0.0003	IGSF10	ENSG00000152580
13920.0	0.0003	ISLR	ENSG00000129009
13920.0	0.0003	ISLR2	ENSG00000167178
13920.0	0.0003	LINGO4	ENSG00000213171
13920.0	0.0003	LRCH1	ENSG00000136141
13920.0	0.0003	LRFN3	ENSG00000126243
13920.0	0.0003	LRG1	ENSG00000171236
13920.0	0.0003	LRRC10B	ENSG00000204950
13920.0	0.0003	LRRC17	ENSG00000128606
13920.0	0.0003	LRRC18	ENSG00000165383
13920.0	0.0003	LRRC19	ENSG00000184434
13920.0	0.0003	LRRC2	ENSG00000163827
13920.0	0.0003	LRRC28	ENSG00000168904
13920.0	0.0003	LRRC30	ENSG00000206422
13920.0	0.0003	LRRC57	ENSG00000180979
13920.0	0.0003	LRRC58	ENSG00000163428
13920.0	0.0003	LRRD1	ENSG00000240720
13920.0	0.0003	LRRN1	ENSG00000175928
13920.0	0.0003	LRRN4	ENSG00000125872
13920.0	0.0003	LRTM2	ENSG00000166159
13920.0	0.0003	MXRA5	ENSG00000101825
13920.0	0.0003	NRROS	ENSG00000174004
13920.0	0.0003	PODNL1	ENSG00000132000
13920.0	0.0003	SSPN	ENSG00000123096
13920.0	0.0003	CD274	ENSG00000120217
13920.0	0.0003	TMSB4X	ENSG00000205542
13920.0	0.0003	SECISBP2L	ENSG00000138593
13920.0	0.0003	CRNN	ENSG00000143536
13920.0	0.0003	SLC28A1	ENSG00000156222
13920.0	0.0003	SRXN1	ENSG00000271303
13920.0	0.0003	ADGRE5	ENSG00000123146
13920.0	0.0003	IL17A	ENSG00000112115
13920.0	0.0003	SLCO4A1	ENSG00000101187
13920.0	0.0003	CAPN2	ENSG00000162909
13920.0	0.0003	ELP5	ENSG00000170291
13920.0	0.0003	SLC39A9	ENSG00000029364
13920.0	0.0003	MAGEF1	ENSG00000177383
13920.0	0.0003	DNASE1L2	ENSG00000167968
13920.0	0.0003	CLEC10A	ENSG00000132514
13920.0	0.0003	FLAD1	ENSG00000160688
13920.0	0.0003	SLC14A2	ENSG00000132874
13920.0	0.0003	F3	ENSG00000117525
13920.0	0.0003	TUB	ENSG00000166402
13920.0	0.0003	APOBEC3D	ENSG00000243811
13920.0	0.0003	LCE3C	ENSG00000244057
13920.0	0.0003	NAP1L2	ENSG00000186462
13920.0	0.0003	DUSP11	ENSG00000144048
13920.0	0.0003	ELK4	ENSG00000158711
13920.0	0.0003	PIRT	ENSG00000233670
13920.0	0.0003	RIC8B	ENSG00000111785
13920.0	0.0003	ADGRE2	ENSG00000127507
13920.0	0.0003	ZBTB25	ENSG00000089775
13920.0	0.0003	DAP	ENSG00000112977
13920.0	0.0003	RNASE7	ENSG00000165799
13920.0	0.0003	OGA	ENSG00000198408
13920.0	0.0003	SP6	ENSG00000189120
13920.0	0.0003	MBIP	ENSG00000151332
13920.0	0.0003	MARCHF3	ENSG00000173926
13920.0	0.0003	SLC25A31	ENSG00000151475
13920.0	0.0003	IGFBP1	ENSG00000146678
13920.0	0.0003	NLRP1	ENSG00000091592
13920.0	0.0003	CAND2	ENSG00000144712
13920.0	0.0003	MRPL51	ENSG00000111639
13920.0	0.0003	FAP	ENSG00000078098
13920.0	0.0003	SNTB1	ENSG00000172164
13920.0	0.0003	NUFIP2	ENSG00000108256
13920.0	0.0003	CNGA3	ENSG00000144191
13920.0	0.0003	SNTA1	ENSG00000101400
13920.0	0.0003	MARCHF2	ENSG00000099785
13920.0	0.0003	SCAI	ENSG00000173611
13920.0	0.0003	LIM2	ENSG00000105370
13920.0	0.0003	YY2	ENSG00000230797
13920.0	0.0003	APOBEC3F	ENSG00000128394
13920.0	0.0003	SEMA4A	ENSG00000196189
13920.0	0.0003	ELOA2	ENSG00000206181
13920.0	0.0003	PPIB	ENSG00000166794
13920.0	0.0003	CYTH1	ENSG00000108669
13920.0	0.0003	OSR2	ENSG00000164920
13920.0	0.0003	PPP6R1	ENSG00000105063
13920.0	0.0003	TFPI	ENSG00000003436
13920.0	0.0003	ARHGAP27	ENSG00000159314
13920.0	0.0003	NIF3L1	ENSG00000196290
13920.0	0.0003	TIMP2	ENSG00000035862
13920.0	0.0003	PLEKHA7	ENSG00000166689
13920.0	0.0003	SLC36A1	ENSG00000123643
13920.0	0.0003	MT2A	ENSG00000125148
13920.0	0.0003	PPP6R2	ENSG00000100239
13920.0	0.0003	CYP2C18	ENSG00000108242
13920.0	0.0003	MTHFSD	ENSG00000103248
13920.0	0.0003	TXNDC2	ENSG00000168454
13920.0	0.0003	PPP1R14B	ENSG00000173457
13920.0	0.0003	PLPP6	ENSG00000205808
13920.0	0.0003	CYP2A13	ENSG00000197838
13920.0	0.0003	PADI2	ENSG00000117115
13920.0	0.0003	ANKLE1	ENSG00000160117
13920.0	0.0003	NKX3-1	ENSG00000167034
13920.0	0.0003	CNGA4	ENSG00000132259
13920.0	0.0003	PGS1	ENSG00000087157
13920.0	0.0003	SGCZ	ENSG00000185053
13920.0	0.0003	RHEBL1	ENSG00000167550
13920.0	0.0003	CYP2S1	ENSG00000167600
13920.0	0.0003	GABRR2	ENSG00000111886
13920.0	0.0003	MGAM	ENSG00000257335
13920.0	0.0003	KCNJ4	ENSG00000168135
13920.0	0.0003	AQP3	ENSG00000165272
13920.0	0.0003	ARHGEF5	ENSG00000050327
13920.0	0.0003	EEF2KMT	ENSG00000118894
13920.0	0.0003	IDI2	ENSG00000148377
13920.0	0.0003	TMPRSS2	ENSG00000184012
13920.0	0.0003	SLC11A1	ENSG00000018280
13920.0	0.0003	MT1A	ENSG00000205362
13920.0	0.0003	DNAJC5B	ENSG00000147570
13920.0	0.0003	MBOAT4	ENSG00000177669
13920.0	0.0003	IL1A	ENSG00000115008
13920.0	0.0003	DDX4	ENSG00000152670
13920.0	0.0003	GPR151	ENSG00000173250
13920.0	0.0003	PPP4R3B	ENSG00000138041
13920.0	0.0003	RNF135	ENSG00000181481
13920.0	0.0003	KIF24	ENSG00000186638
13920.0	0.0003	DFFB	ENSG00000169598
13920.0	0.0003	MT1E	ENSG00000169715
13920.0	0.0003	MTERF2	ENSG00000120832
13920.0	0.0003	CCDC88B	ENSG00000168071
13920.0	0.0003	HSBP1	ENSG00000230989
13920.0	0.0003	BPNT2	ENSG00000104331
13920.0	0.0003	FNIP2	ENSG00000052795
13920.0	0.0003	CASQ2	ENSG00000118729
13920.0	0.0003	MAST4	ENSG00000069020
13920.0	0.0003	GPX2	ENSG00000176153
13920.0	0.0003	RGL2	ENSG00000237441
13920.0	0.0003	AQP10	ENSG00000143595
13920.0	0.0003	ZNF483	ENSG00000173258
13920.0	0.0003	CD177	ENSG00000204936
13920.0	0.0003	PLEK	ENSG00000115956
13920.0	0.0003	HSD11B1	ENSG00000117594
13920.0	0.0003	DNAJC15	ENSG00000120675
13920.0	0.0003	GHRL	ENSG00000157017
13920.0	0.0003	GOLGA5	ENSG00000066455
13920.0	0.0003	TSR3	ENSG00000007520
13920.0	0.0003	TNFRSF11B	ENSG00000164761
13920.0	0.0003	LGALS7	ENSG00000205076
13920.0	0.0003	GPX3	ENSG00000211445
13920.0	0.0003	SNURF	ENSG00000214265
13920.0	0.0003	ZNF205	ENSG00000122386
13920.0	0.0003	PIR	ENSG00000087842
13920.0	0.0003	TPD52	ENSG00000076554
13920.0	0.0003	TMTC1	ENSG00000133687
13920.0	0.0003	PRM1	ENSG00000175646
13920.0	0.0003	NLRP13	ENSG00000173572
13920.0	0.0003	NLRP14	ENSG00000158077
13920.0	0.0003	NLRP8	ENSG00000179709
13920.0	0.0003	NLRP9	ENSG00000185792
13920.0	0.0003	GET1	ENSG00000182093
13920.0	0.0003	RAB35	ENSG00000111737
13920.0	0.0003	COPRS	ENSG00000172301
13920.0	0.0003	CBR3	ENSG00000159231
13920.0	0.0003	SOCS2	ENSG00000120833
13920.0	0.0003	NOX4	ENSG00000086991
13920.0	0.0003	POSTN	ENSG00000133110
13920.0	0.0003	SLC25A24	ENSG00000085491
13920.0	0.0003	INHA	ENSG00000123999
13920.0	0.0003	KCNJ14	ENSG00000182324
13920.0	0.0003	RSPH14	ENSG00000100218
13920.0	0.0003	ELANE	ENSG00000197561
13920.0	0.0003	KLF15	ENSG00000163884
13920.0	0.0003	CES2	ENSG00000172831
13920.0	0.0003	DNAJC24	ENSG00000170946
13920.0	0.0003	TGM4	ENSG00000163810
13920.0	0.0003	NABP1	ENSG00000173559
13920.0	0.0003	SPCS2	ENSG00000118363
13920.0	0.0003	PPIL2	ENSG00000100023
13920.0	0.0003	CEMP1	ENSG00000205923
13920.0	0.0003	DNAJC16	ENSG00000116138
13920.0	0.0003	PATZ1	ENSG00000100105
13920.0	0.0003	SULF2	ENSG00000196562
13920.0	0.0003	SEP15	ENSG00000183291
13920.0	0.0003	ZNF224	ENSG00000267680
13920.0	0.0003	CRIP2	ENSG00000182809
13920.0	0.0003	BLZF1	ENSG00000117475
13920.0	0.0003	USP33	ENSG00000077254
13920.0	0.0003	TMEM117	ENSG00000139173
13920.0	0.0003	RFXAP	ENSG00000133111
13920.0	0.0003	FAM167A	ENSG00000154319
13920.0	0.0003	BLVRA	ENSG00000106605
13920.0	0.0003	AQP7	ENSG00000165269
13920.0	0.0003	KL	ENSG00000133116
13920.0	0.0003	ZNF850	ENSG00000267041
13920.0	0.0003	SLAMF1	ENSG00000117090
13920.0	0.0003	ABCC3	ENSG00000108846
13920.0	0.0003	KLF6	ENSG00000067082
13920.0	0.0003	DNAJC4	ENSG00000110011
13920.0	0.0003	SLC45A3	ENSG00000158715
13920.0	0.0003	NRBF2	ENSG00000148572
13920.0	0.0003	YTHDF2	ENSG00000198492
13920.0	0.0003	PORCN	ENSG00000102312
13920.0	0.0003	STRIP2	ENSG00000128578
13920.0	0.0003	SPATA4	ENSG00000150628
13920.0	0.0003	RBM7	ENSG00000076053
13920.0	0.0003	SLPI	ENSG00000124107
13920.0	0.0003	FIRRM	ENSG00000000460
13920.0	0.0003	FBXW2	ENSG00000119402
13920.0	0.0003	RAP2B	ENSG00000181467
13920.0	0.0003	DNAJC5G	ENSG00000163793
13920.0	0.0003	AQP9	ENSG00000103569
13920.0	0.0003	DUOXA2	ENSG00000140274
13920.0	0.0003	DNAJC25	ENSG00000059769
13920.0	0.0003	ANO7	ENSG00000146205
13920.0	0.0003	ZZZ3	ENSG00000036549
13920.0	0.0003	GLYATL2	ENSG00000156689
13920.0	0.0003	KLK4	ENSG00000167749
13920.0	0.0003	MON1A	ENSG00000164077
13920.0	0.0003	SFRP5	ENSG00000120057
13920.0	0.0003	TBX22	ENSG00000122145
13920.0	0.0003	FUT9	ENSG00000172461
13920.0	0.0003	OR8S1	ENSG00000197376
13920.0	0.0003	NCKIPSD	ENSG00000213672
13920.0	0.0003	PPIL3	ENSG00000240344
13920.0	0.0003	FAM3C	ENSG00000196937
13920.0	0.0003	RAP2A	ENSG00000125249
13920.0	0.0003	CRISP3	ENSG00000096006
13920.0	0.0003	PPP1R17	ENSG00000106341
13920.0	0.0003	IRF9	ENSG00000213928
13920.0	0.0003	RP11-468E2.4	ENSG00000259529
13920.0	0.0003	ALCAM	ENSG00000170017
13920.0	0.0003	TVP23A	ENSG00000166676
13920.0	0.0003	TVP23B	ENSG00000171928
13920.0	0.0003	TVP23C	ENSG00000175106
13920.0	0.0003	HAGH	ENSG00000063854
13920.0	0.0003	PCOLCE	ENSG00000106333
13920.0	0.0003	TNP1	ENSG00000118245
13920.0	0.0003	AHSA1	ENSG00000100591
13920.0	0.0003	PRG4	ENSG00000116690
13920.0	0.0003	SLC26A2	ENSG00000155850
13920.0	0.0003	RGMB	ENSG00000174136
13920.0	0.0003	AQP6	ENSG00000086159
13920.0	0.0003	TPD52L2	ENSG00000101150
13920.0	0.0003	PRMT8	ENSG00000111218
13920.0	0.0003	ASCL2	ENSG00000183734
13920.0	0.0003	RBM23	ENSG00000100461
13920.0	0.0003	GBP1	ENSG00000117228
13920.0	0.0003	AQP5	ENSG00000161798
13920.0	0.0003	DNAJC1	ENSG00000136770
13920.0	0.0003	AQP8	ENSG00000103375
13920.0	0.0003	WIPF3	ENSG00000122574
13920.0	0.0003	HYAL2	ENSG00000068001
13920.0	0.0003	FAAH	ENSG00000117480
13920.0	0.0003	AHSA2P	ENSG00000173209
13920.0	0.0003	BMP8B	ENSG00000116985
13920.0	0.0003	STYX	ENSG00000198252
13920.0	0.0003	PCOLCE2	ENSG00000163710
13920.0	0.0003	MIA	ENSG00000261857
13920.0	0.0003	UNCX	ENSG00000164853
13920.0	0.0003	TMC1	ENSG00000165091
13920.0	0.0003	PRKCH	ENSG00000027075
13920.0	0.0003	GDF7	ENSG00000143869
13920.0	0.0003	LTBP3	ENSG00000168056
13920.0	0.0003	RGMA	ENSG00000182175
13920.0	0.0003	LAMTOR3	ENSG00000109270
13920.0	0.0003	CD226	ENSG00000150637
13920.0	0.0003	SP100	ENSG00000067066
13920.0	0.0003	PPM1B	ENSG00000138032
13920.0	0.0003	FFAR4	ENSG00000186188
13920.0	0.0003	MAP7D1	ENSG00000116871
13920.0	0.0003	MAP4	ENSG00000047849
13920.0	0.0003	PTPN14	ENSG00000152104
13920.0	0.0003	CSRP2	ENSG00000175183
13920.0	0.0003	SLC5A2	ENSG00000140675
13920.0	0.0003	CCN5	ENSG00000064205
13920.0	0.0003	DAPK3	ENSG00000167657
13920.0	0.0003	RGS13	ENSG00000127074
13920.0	0.0003	PTOV1	ENSG00000104960
13920.0	0.0003	BMP8A	ENSG00000183682
13920.0	0.0003	GALNT9	ENSG00000182870
13920.0	0.0003	STK16	ENSG00000115661
13920.0	0.0003	ETV2	ENSG00000105672
13920.0	0.0003	MT1X	ENSG00000187193
13920.0	0.0003	MSANTD1	ENSG00000188981
13920.0	0.0003	PGGHG	ENSG00000142102
13920.0	0.0003	PDXP	ENSG00000241360
13920.0	0.0003	CCL3	ENSG00000006075
13920.0	0.0003	FSHB	ENSG00000131808
13920.0	0.0003	SLC5A4	ENSG00000100191
13920.0	0.0003	MAPKAPK5	ENSG00000089022
13920.0	0.0003	TULP3	ENSG00000078246
13920.0	0.0003	DNAJC17	ENSG00000104129
13920.0	0.0003	UPP2	ENSG00000007001
13920.0	0.0003	NXN	ENSG00000167693
13920.0	0.0003	GOLT1A	ENSG00000174567
13920.0	0.0003	GOLT1B	ENSG00000111711
13920.0	0.0003	GABRR3	ENSG00000183185
13920.0	0.0003	KMO	ENSG00000117009
13920.0	0.0003	SIX1	ENSG00000126778
13920.0	0.0003	DUOX2	ENSG00000140279
13920.0	0.0003	FOXP4	ENSG00000137166
13920.0	0.0003	CFI	ENSG00000205403
13920.0	0.0003	TWF2	ENSG00000247596
13920.0	0.0003	GZMB	ENSG00000100453
13920.0	0.0003	TGM3	ENSG00000125780
13920.0	0.0003	MICOS10	ENSG00000173436
13920.0	0.0003	ME2	ENSG00000082212
13920.0	0.0003	MOSPD2	ENSG00000130150
13920.0	0.0003	CPB2	ENSG00000080618
13920.0	0.0003	SNX12	ENSG00000147164
13920.0	0.0003	ZNRF4	ENSG00000105428
13920.0	0.0003	PTGES3L	ENSG00000267060
13920.0	0.0003	CISH	ENSG00000114737
13920.0	0.0003	P3H4	ENSG00000141696
13920.0	0.0003	MPEG1	ENSG00000197629
13920.0	0.0003	DET1	ENSG00000140543
13920.0	0.0003	OR13G1	ENSG00000197437
13920.0	0.0003	IL17C	ENSG00000124391
13920.0	0.0003	IRX4	ENSG00000113430
13920.0	0.0003	AS3MT	ENSG00000214435
13920.0	0.0003	NNMT	ENSG00000166741
13920.0	0.0003	PIM2	ENSG00000102096
13920.0	0.0003	MSTN	ENSG00000138379
13920.0	0.0003	SLC41A1	ENSG00000133065
13920.0	0.0003	IVL	ENSG00000163207
13920.0	0.0003	DDA1	ENSG00000130311
13920.0	0.0003	TMEM35A	ENSG00000126950
13920.0	0.0003	TET1	ENSG00000138336
13920.0	0.0003	STATH	ENSG00000126549
13920.0	0.0003	HUNK	ENSG00000142149
13920.0	0.0003	MMP19	ENSG00000123342
13920.0	0.0003	NUDT5	ENSG00000165609
13920.0	0.0003	GPR119	ENSG00000147262
13920.0	0.0003	SIGIRR	ENSG00000185187
13920.0	0.0003	FAM120C	ENSG00000184083
13920.0	0.0003	PIM1	ENSG00000137193
13920.0	0.0003	ADPRM	ENSG00000170222
13920.0	0.0003	SOCS7	ENSG00000174111
13920.0	0.0003	COPS4	ENSG00000138663
13920.0	0.0003	AARSD1	ENSG00000266967
13920.0	0.0003	SOX12	ENSG00000177732
13920.0	0.0003	SOX15	ENSG00000129194
13920.0	0.0003	SLC12A4	ENSG00000124067
13920.0	0.0003	MARCO	ENSG00000019169
13920.0	0.0003	SOX8	ENSG00000005513
13920.0	0.0003	PRR14	ENSG00000156858
13920.0	0.0003	NMI	ENSG00000123609
13920.0	0.0003	MIF4GD	ENSG00000125457
13920.0	0.0003	TKTL1	ENSG00000007350
13920.0	0.0003	PRR14L	ENSG00000183530
13920.0	0.0003	ABCG8	ENSG00000143921
13920.0	0.0003	NRN1	ENSG00000124785
13920.0	0.0003	GCNT4	ENSG00000176928
13920.0	0.0003	GSX2	ENSG00000180613
13920.0	0.0003	S100A10	ENSG00000197747
13920.0	0.0003	WHAMM	ENSG00000156232
13920.0	0.0003	COPS8	ENSG00000198612
13920.0	0.0003	DENND11	ENSG00000257093
13920.0	0.0003	ATG101	ENSG00000123395
13920.0	0.0003	CUBN	ENSG00000107611
13920.0	0.0003	THAP12	ENSG00000137492
13920.0	0.0003	STAMBPL1	ENSG00000138134
13920.0	0.0003	CNNM1	ENSG00000119946
13920.0	0.0003	GPX6	ENSG00000198704
13920.0	0.0003	DENND10	ENSG00000119979
13920.0	0.0003	DENND6A	ENSG00000174839
13920.0	0.0003	FDXACB1	ENSG00000255561
13920.0	0.0003	SYT12	ENSG00000173227
13920.0	0.0003	GOLGA4	ENSG00000144674
13920.0	0.0003	ACBD3	ENSG00000182827
13920.0	0.0003	LDLRAD4	ENSG00000168675
13920.0	0.0003	SLC10A3	ENSG00000126903
13920.0	0.0003	BSPRY	ENSG00000119411
13920.0	0.0003	PIM3	ENSG00000198355
13920.0	0.0003	VIPAS39	ENSG00000151445
13920.0	0.0003	CTU2	ENSG00000174177
13920.0	0.0003	ICA1	ENSG00000003147
13920.0	0.0003	GPR179	ENSG00000188888
13920.0	0.0003	ELOVL6	ENSG00000170522
13920.0	0.0003	SENP5	ENSG00000119231
13920.0	0.0003	DTX2	ENSG00000091073
13920.0	0.0003	TOB1	ENSG00000141232
13920.0	0.0003	AIF1	ENSG00000204472
13920.0	0.0003	TRPS1	ENSG00000104447
13920.0	0.0003	CTU1	ENSG00000142544
13920.0	0.0003	GC	ENSG00000145321
13920.0	0.0003	IER3	ENSG00000137331
13920.0	0.0003	RIDA	ENSG00000132541
13920.0	0.0003	PLS1	ENSG00000120756
13920.0	0.0003	PLS3	ENSG00000102024
13920.0	0.0003	NOL3	ENSG00000140939
13920.0	0.0003	SIM1	ENSG00000112246
13920.0	0.0003	PLA1A	ENSG00000144837
13920.0	0.0003	LACRT	ENSG00000135413
13920.0	0.0003	KRT86	ENSG00000170442
13920.0	0.0003	CIP2A	ENSG00000163507
13920.0	0.0003	RAB39A	ENSG00000179331
13920.0	0.0003	KCNE5	ENSG00000176076
13920.0	0.0003	PABPN1L	ENSG00000205022
13920.0	0.0003	ZFAND5	ENSG00000107372
13920.0	0.0003	EXD2	ENSG00000081177
13920.0	0.0003	DUSP22	ENSG00000112679
13920.0	0.0003	HACD2	ENSG00000206527
13920.0	0.0003	SENP2	ENSG00000163904
13920.0	0.0003	TLK1	ENSG00000198586
13920.0	0.0003	RBM45	ENSG00000155636
13920.0	0.0003	RBM24	ENSG00000112183
13920.0	0.0003	ZFAND3	ENSG00000156639
13920.0	0.0003	SNX8	ENSG00000106266
13920.0	0.0003	B4GALT5	ENSG00000158470
13920.0	0.0003	GARIN6	ENSG00000180219
13920.0	0.0003	KLF3	ENSG00000109787
13920.0	0.0003	BCL2L2	ENSG00000129473
13920.0	0.0003	HOXB5	ENSG00000120075
13920.0	0.0003	GCM2	ENSG00000124827
13920.0	0.0003	FTMT	ENSG00000181867
13920.0	0.0003	ARGLU1	ENSG00000134884
13920.0	0.0003	OR4B1	ENSG00000175619
13920.0	0.0003	KYAT1	ENSG00000171097
13920.0	0.0003	TMPRSS9	ENSG00000178297
13920.0	0.0003	CD151	ENSG00000177697
13920.0	0.0003	TPSG1	ENSG00000116176
13920.0	0.0003	EYS	ENSG00000188107
13920.0	0.0003	MKRN3	ENSG00000179455
13920.0	0.0003	ADAMTS14	ENSG00000138316
13920.0	0.0003	POC5	ENSG00000152359
13920.0	0.0003	SERPINB4	ENSG00000206073
13920.0	0.0003	DUS3L	ENSG00000141994
13920.0	0.0003	IFI35	ENSG00000068079
13920.0	0.0003	PHLDA2	ENSG00000181649
13920.0	0.0003	NEK3	ENSG00000136098
13920.0	0.0003	PPP5C	ENSG00000011485
13920.0	0.0003	INSM1	ENSG00000173404
13920.0	0.0003	LRRC3	ENSG00000160233
13920.0	0.0003	LRRC3C	ENSG00000204913
13920.0	0.0003	SLC22A18AS	ENSG00000254827
13920.0	0.0003	ZFYVE1	ENSG00000165861
13920.0	0.0003	IL21	ENSG00000138684
13920.0	0.0003	RAP2C	ENSG00000123728
13920.0	0.0003	SNX6	ENSG00000129515
13920.0	0.0003	FJX1	ENSG00000179431
13920.0	0.0003	PANX1	ENSG00000110218
13920.0	0.0003	PLEKHB2	ENSG00000115762
13920.0	0.0003	LARP1	ENSG00000155506
13920.0	0.0003	PIP	ENSG00000159763
13920.0	0.0003	SLC7A4	ENSG00000099960
13920.0	0.0003	ADHFE1	ENSG00000147576
13920.0	0.0003	LARP1B	ENSG00000138709
13920.0	0.0003	ABCB5	ENSG00000004846
13920.0	0.0003	ADIPOR1	ENSG00000159346
13920.0	0.0003	PARD6G	ENSG00000178184
13920.0	0.0003	TNFSF12	ENSG00000239697
13920.0	0.0003	ICE1	ENSG00000164151
13920.0	0.0003	CNNM3	ENSG00000168763
13920.0	0.0003	CHML	ENSG00000203668
13920.0	0.0003	KRT85	ENSG00000135443
13920.0	0.0003	FAM161B	ENSG00000156050
13920.0	0.0003	CCHCR1	ENSG00000204536
13920.0	0.0003	OTP	ENSG00000171540
13920.0	0.0003	PTPRB	ENSG00000127329
13920.0	0.0003	TIGIT	ENSG00000181847
13920.0	0.0003	ZCCHC8	ENSG00000033030
13920.0	0.0003	FBXO3	ENSG00000110429
13920.0	0.0003	TAS2R50	ENSG00000212126
13920.0	0.0003	NAT9	ENSG00000109065
13920.0	0.0003	MT3	ENSG00000087250
13920.0	0.0003	KYAT3	ENSG00000137944
13920.0	0.0003	ACOT2	ENSG00000119673
13920.0	0.0003	ACOT1	ENSG00000184227
13920.0	0.0003	IL22	ENSG00000127318
13920.0	0.0003	DCT	ENSG00000080166
13920.0	0.0003	TRMT61A	ENSG00000166166
13920.0	0.0003	STC1	ENSG00000159167
13920.0	0.0003	ACOT4	ENSG00000177465
13920.0	0.0003	CHURC1	ENSG00000258289
13920.0	0.0003	PLAAT4	ENSG00000133321
13920.0	0.0003	PDCD2	ENSG00000071994
13920.0	0.0003	UBE2F	ENSG00000184182
13920.0	0.0003	DUSP9	ENSG00000130829
13920.0	0.0003	S100A9	ENSG00000163220
13920.0	0.0003	KMT5C	ENSG00000133247
13920.0	0.0003	RDH14	ENSG00000240857
13920.0	0.0003	SH2D1A	ENSG00000183918
13920.0	0.0003	SLC26A1	ENSG00000145217
13920.0	0.0003	BPNT1	ENSG00000162813
13920.0	0.0003	LYPD4	ENSG00000183103
13920.0	0.0003	TPRG1L	ENSG00000158109
13920.0	0.0003	MX2	ENSG00000183486
13920.0	0.0003	MS4A4A	ENSG00000110079
13920.0	0.0003	LIN7C	ENSG00000148943
13920.0	0.0003	PKP3	ENSG00000184363
13920.0	0.0003	CEP350	ENSG00000135837
13920.0	0.0003	TAS1R3	ENSG00000169962
13920.0	0.0003	PSD	ENSG00000059915
13920.0	0.0003	TEC	ENSG00000135605
13920.0	0.0003	PKP1	ENSG00000081277
13920.0	0.0003	SNX5	ENSG00000089006
13920.0	0.0003	SCARF1	ENSG00000074660
13920.0	0.0003	FBXL6	ENSG00000182325
13920.0	0.0003	TTC9C	ENSG00000162222
13920.0	0.0003	SERTAD4	ENSG00000082497
13920.0	0.0003	ABCA12	ENSG00000144452
13920.0	0.0003	LAD1	ENSG00000159166
13920.0	0.0003	NACA	ENSG00000196531
13920.0	0.0003	CHIC2	ENSG00000109220
13920.0	0.0003	SIX2	ENSG00000170577
13920.0	0.0003	FBXL17	ENSG00000145743
13920.0	0.0003	IP6K1	ENSG00000176095
13920.0	0.0003	MS4A10	ENSG00000172689
13920.0	0.0003	ONECUT2	ENSG00000119547
13920.0	0.0003	NACA2	ENSG00000253506
13920.0	0.0003	BCAT1	ENSG00000060982
13920.0	0.0003	FUT11	ENSG00000196968
13920.0	0.0003	JPT1	ENSG00000189159
13920.0	0.0003	MT4	ENSG00000102891
13920.0	0.0003	SEMA5A	ENSG00000112902
13920.0	0.0003	CLC	ENSG00000105205
13920.0	0.0003	ACMSD	ENSG00000153086
13920.0	0.0003	COLGALT2	ENSG00000198756
13920.0	0.0003	PECR	ENSG00000115425
13920.0	0.0003	MAGEH1	ENSG00000187601
13920.0	0.0003	DKFZP761J1410	ENSG00000105520
13920.0	0.0003	PACRG	ENSG00000112530
13920.0	0.0003	SEPTIN1	ENSG00000180096
13920.0	0.0003	ASAH2B	ENSG00000204147
13920.0	0.0003	FBXL9P	ENSG00000125122
13920.0	0.0003	IPPK	ENSG00000127080
13920.0	0.0003	SERPINB9	ENSG00000170542
13920.0	0.0003	CLPS	ENSG00000137392
13920.0	0.0003	CHRDL1	ENSG00000101938
13920.0	0.0003	MAGEC2	ENSG00000046774
13920.0	0.0003	ACP1	ENSG00000143727
13920.0	0.0003	CLEC1B	ENSG00000165682
13920.0	0.0003	KMT5A	ENSG00000183955
13920.0	0.0003	TMIE	ENSG00000181585
13920.0	0.0003	ANKFN1	ENSG00000153930
13920.0	0.0003	ZP3	ENSG00000188372
13920.0	0.0003	GRK7	ENSG00000114124
13920.0	0.0003	RABGGTA	ENSG00000100949
13920.0	0.0003	ASB9	ENSG00000102048
13920.0	0.0003	MAGED2	ENSG00000102316
13920.0	0.0003	SLC25A3	ENSG00000075415
13920.0	0.0003	BMP3	ENSG00000152785
13920.0	0.0003	SLC47A2	ENSG00000180638
13920.0	0.0003	MAP4K3	ENSG00000011566
13920.0	0.0003	ZNF219	ENSG00000165804
13920.0	0.0003	ADAM2	ENSG00000104755
13920.0	0.0003	TRIM59	ENSG00000213186
13920.0	0.0003	MAGEB1	ENSG00000214107
13920.0	0.0003	MTPN	ENSG00000105887
13920.0	0.0003	SRL	ENSG00000185739
13920.0	0.0003	HAVCR1	ENSG00000113249
13920.0	0.0003	HEYL	ENSG00000163909
13920.0	0.0003	MBD1	ENSG00000141644
13920.0	0.0003	NACAD	ENSG00000136274
13920.0	0.0003	ZP4	ENSG00000116996
13920.0	0.0003	PADI4	ENSG00000159339
13920.0	0.0003	TOLLIP	ENSG00000078902
13920.0	0.0003	GPX5	ENSG00000224586
13920.0	0.0003	GPAT4	ENSG00000158669
13920.0	0.0003	KRT1	ENSG00000167768
13920.0	0.0003	TLCD3A	ENSG00000167695
13920.0	0.0003	GPAT3	ENSG00000138678
13920.0	0.0003	ZP1	ENSG00000149506
13920.0	0.0003	LRP3	ENSG00000130881
13920.0	0.0003	ADAM20	ENSG00000134007
13920.0	0.0003	XYLB	ENSG00000093217
13920.0	0.0003	HMGCLL1	ENSG00000146151
13920.0	0.0003	ATP8B1	ENSG00000081923
13920.0	0.0003	ADAM30	ENSG00000134249
13920.0	0.0003	ADAM21	ENSG00000139985
13920.0	0.0003	MRPL47	ENSG00000136522
13920.0	0.0003	GPAM	ENSG00000119927
13920.0	0.0003	CHSY3	ENSG00000198108
13920.0	0.0003	PPHLN1	ENSG00000134283
13920.0	0.0003	ZKSCAN5	ENSG00000196652
13920.0	0.0003	FAM168A	ENSG00000054965
13920.0	0.0003	HVCN1	ENSG00000122986
13920.0	0.0003	HPR	ENSG00000261701
13920.0	0.0003	IFIT3	ENSG00000119917
13920.0	0.0003	IFIT2	ENSG00000119922
13920.0	0.0003	PLIN4	ENSG00000167676
13920.0	0.0003	NOX5	ENSG00000255346
13920.0	0.0003	ZNF674	ENSG00000251192
13920.0	0.0003	ZNRF3	ENSG00000183579
13920.0	0.0003	CCDC65	ENSG00000139537
13920.0	0.0003	ZNF81	ENSG00000197779
13920.0	0.0003	GPR6	ENSG00000146360
13920.0	0.0003	HSFY2	ENSG00000169953
13920.0	0.0003	ZNF830	ENSG00000198783
13920.0	0.0003	HEPH	ENSG00000089472
13920.0	0.0003	CKAP4	ENSG00000136026
13920.0	0.0003	SLC25A18	ENSG00000182902
13920.0	0.0003	MTERF4	ENSG00000122085
13920.0	0.0003	ARSG	ENSG00000141337
13920.0	0.0003	CD300C	ENSG00000167850
13920.0	0.0003	HSFX1	ENSG00000171116
13920.0	0.0003	HSFX2	ENSG00000171129
13920.0	0.0003	HSFY1	ENSG00000172468
13920.0	0.0003	CST5	ENSG00000170367
13920.0	0.0003	IFIT5	ENSG00000152778
13920.0	0.0003	FKBPL	ENSG00000204315
13920.0	0.0003	DHX36	ENSG00000174953
13920.0	0.0003	IFIT1B	ENSG00000204010
13920.0	0.0003	GPAT2	ENSG00000186281
13920.0	0.0003	IZUMO1	ENSG00000182264
13920.0	0.0003	SPAG1	ENSG00000104450
13920.0	0.0003	TOMM34	ENSG00000025772
13920.0	0.0003	TTC16	ENSG00000167094
13920.0	0.0003	TTC24	ENSG00000187862
13920.0	0.0003	TTC32	ENSG00000183891
13920.0	0.0003	LY86	ENSG00000112799
13920.0	0.0003	ABI3BP	ENSG00000154175
13920.0	0.0003	WDFY1	ENSG00000085449
13920.0	0.0003	MUL1	ENSG00000090432
13920.0	0.0003	CDCP2	ENSG00000157211
13920.0	0.0003	COL6A6	ENSG00000206384
13920.0	0.0003	CHCHD5	ENSG00000125611
13920.0	0.0003	SP140	ENSG00000079263
13920.0	0.0003	RBBP9	ENSG00000089050
13920.0	0.0003	RHAG	ENSG00000112077
13920.0	0.0003	HOXB3	ENSG00000120093
13920.0	0.0003	ATXN7L2	ENSG00000162650
13920.0	0.0003	GDPD2	ENSG00000130055
13920.0	0.0003	SYT7	ENSG00000011347
13920.0	0.0003	PDE12	ENSG00000174840
13920.0	0.0003	TNN	ENSG00000120332
13920.0	0.0003	LAMB4	ENSG00000091128
13920.0	0.0003	USP39	ENSG00000168883
13920.0	0.0003	DAZAP2	ENSG00000183283
13920.0	0.0003	SSR2	ENSG00000163479
13920.0	0.0003	LONRF2	ENSG00000170500
13920.0	0.0003	CYBA	ENSG00000051523
13920.0	0.0003	SAV1	ENSG00000151748
13920.0	0.0003	CAPG	ENSG00000042493
13920.0	0.0003	GDPD5	ENSG00000158555
13920.0	0.0003	PXDNL	ENSG00000147485
13920.0	0.0003	LONRF3	ENSG00000175556
13920.0	0.0003	SPAM1	ENSG00000106304
13920.0	0.0003	HYAL4	ENSG00000106302
13920.0	0.0003	EPHX1	ENSG00000143819
13920.0	0.0003	CD180	ENSG00000134061
13920.0	0.0003	HOOK3	ENSG00000168172
13920.0	0.0003	BNIP3L	ENSG00000104765
13920.0	0.0003	DAB2IP	ENSG00000136848
13920.0	0.0003	ASIC3	ENSG00000213199
13920.0	0.0003	TAPT1	ENSG00000169762
13920.0	0.0003	PCBD2	ENSG00000132570
13920.0	0.0003	TRIM7	ENSG00000146054
13920.0	0.0003	NOL4L	ENSG00000197183
13920.0	0.0003	ZNF606	ENSG00000166704
13920.0	0.0003	VBP1	ENSG00000155959
13920.0	0.0003	MLANA	ENSG00000120215
13920.0	0.0003	XPNPEP2	ENSG00000122121
13920.0	0.0003	MOS	ENSG00000172680
13920.0	0.0003	DMRTB1	ENSG00000143006
13920.0	0.0003	FHIP1B	ENSG00000051009
13920.0	0.0003	STRBP	ENSG00000165209
13920.0	0.0003	PALS2	ENSG00000105926
13920.0	0.0003	SEC11A	ENSG00000140612
13920.0	0.0003	MAGEA4	ENSG00000147381
13920.0	0.0003	YTHDC1	ENSG00000083896
13920.0	0.0003	PAPPA2	ENSG00000116183
13920.0	0.0003	SEC11C	ENSG00000166562
13920.0	0.0003	GAS8-AS1	ENSG00000221819
13920.0	0.0003	PRICKLE2	ENSG00000163637
13920.0	0.0003	RNF130	ENSG00000113269
13920.0	0.0003	PAPPA	ENSG00000182752
13920.0	0.0003	NKX6-3	ENSG00000165066
13920.0	0.0003	PPIP5K2	ENSG00000145725
13920.0	0.0003	RHD	ENSG00000187010
13920.0	0.0003	CENPX	ENSG00000169689
13920.0	0.0003	RTRAF	ENSG00000087302
13920.0	0.0003	MAGEC1	ENSG00000155495
13920.0	0.0003	MLEC	ENSG00000110917
13920.0	0.0003	MALSU1	ENSG00000156928
13920.0	0.0003	HOOK2	ENSG00000095066
13920.0	0.0003	SLC17A8	ENSG00000179520
13920.0	0.0003	H1-2	ENSG00000187837
13920.0	0.0003	MAGED1	ENSG00000179222
13920.0	0.0003	SLC24A5	ENSG00000188467
13920.0	0.0003	IFT70B	ENSG00000196659
13920.0	0.0003	KRT2	ENSG00000172867
13920.0	0.0003	HIVEP3	ENSG00000127124
13920.0	0.0003	FABP6	ENSG00000170231
13920.0	0.0003	EVI2B	ENSG00000185862
13920.0	0.0003	IPO7	ENSG00000205339
13920.0	0.0003	GCC2	ENSG00000135968
13920.0	0.0003	B4GALNT2	ENSG00000167080
13920.0	0.0003	AGTR2	ENSG00000180772
13920.0	0.0003	ESRP1	ENSG00000104413
13920.0	0.0003	UCK2	ENSG00000143179
13920.0	0.0003	DAZ1	ENSG00000188120
13920.0	0.0003	CHST3	ENSG00000122863
13920.0	0.0003	HACD4	ENSG00000188921
13920.0	0.0003	CHPF2	ENSG00000033100
13920.0	0.0003	TMOD4	ENSG00000163157
13920.0	0.0003	DAZL	ENSG00000092345
13920.0	0.0003	DNAAF5	ENSG00000164818
13920.0	0.0003	DDX3Y	ENSG00000067048
13920.0	0.0003	CRYGS	ENSG00000213139
13920.0	0.0003	OR5M1	ENSG00000255012
13920.0	0.0003	USP9Y	ENSG00000114374
13920.0	0.0003	ATP2B4	ENSG00000058668
13920.0	0.0003	FAM131C	ENSG00000185519
13920.0	0.0003	FMO3	ENSG00000007933
13920.0	0.0003	MEPCE	ENSG00000146834
13920.0	0.0003	DSP	ENSG00000096696
13920.0	0.0003	SERPINA12	ENSG00000165953
13920.0	0.0003	GP2	ENSG00000169347
13920.0	0.0003	KRIT1	ENSG00000001631
13920.0	0.0003	LIMS1	ENSG00000169756
13920.0	0.0003	TRMU	ENSG00000100416
13920.0	0.0003	KLK1	ENSG00000167748
13920.0	0.0003	PARVG	ENSG00000138964
13920.0	0.0003	RAB17	ENSG00000124839
13920.0	0.0003	HPGD	ENSG00000164120
13920.0	0.0003	TEX11	ENSG00000120498
13920.0	0.0003	CHST13	ENSG00000180767
13920.0	0.0003	YBX3	ENSG00000060138
13920.0	0.0003	AGAP1	ENSG00000157985
13920.0	0.0003	CRISP2	ENSG00000124490
13920.0	0.0003	PTPRD	ENSG00000153707
13920.0	0.0003	ECD	ENSG00000122882
13920.0	0.0003	KDELR3	ENSG00000100196
13920.0	0.0003	SSX4B	ENSG00000198946
13920.0	0.0003	CSGALNACT2	ENSG00000169826
13920.0	0.0003	RSC1A1	ENSG00000215695
13920.0	0.0003	CHST12	ENSG00000136213
13920.0	0.0003	KRT26	ENSG00000186393
13920.0	0.0003	CHST11	ENSG00000171310
13920.0	0.0003	COMMD6	ENSG00000188243
13920.0	0.0003	LIPH	ENSG00000163898
13920.0	0.0003	NIBAN2	ENSG00000136830
13920.0	0.0003	GPX8	ENSG00000164294
13920.0	0.0003	LANCL1	ENSG00000115365
13920.0	0.0003	BNIP3	ENSG00000176171
13920.0	0.0003	RP11-399J13.3	ENSG00000273003
13920.0	0.0003	SNX15	ENSG00000110025
13920.0	0.0003	DEDD	ENSG00000158796
13920.0	0.0003	MKX	ENSG00000150051
13920.0	0.0003	ASIC2	ENSG00000108684
13920.0	0.0003	CLGN	ENSG00000153132
13920.0	0.0003	EVI2A	ENSG00000126860
13920.0	0.0003	KLF12	ENSG00000118922
13920.0	0.0003	DNLZ	ENSG00000213221
13920.0	0.0003	MIOX	ENSG00000100253
13920.0	0.0003	OPN1SW	ENSG00000128617
13920.0	0.0003	SPCS3	ENSG00000129128
13920.0	0.0003	TXLNB	ENSG00000164440
13920.0	0.0003	LYPD1	ENSG00000150551
13920.0	0.0003	BTG1	ENSG00000133639
13920.0	0.0003	ASB4	ENSG00000005981
13920.0	0.0003	ZNF639	ENSG00000121864
13920.0	0.0003	HOXC6	ENSG00000197757
13920.0	0.0003	RABGAP1	ENSG00000011454
13920.0	0.0003	TPST1	ENSG00000169902
13920.0	0.0003	BIK	ENSG00000100290
13920.0	0.0003	BTG2	ENSG00000159388
13920.0	0.0003	TFF2	ENSG00000160181
13920.0	0.0003	SELK	ENSG00000113811
13920.0	0.0003	LYVE1	ENSG00000133800
13920.0	0.0003	SCAF8	ENSG00000213079
13920.0	0.0003	TP53INP2	ENSG00000078804
13920.0	0.0003	SLC38A4	ENSG00000139209
13920.0	0.0003	MYO1F	ENSG00000142347
13920.0	0.0003	RGR	ENSG00000148604
13920.0	0.0003	ADAMTS2	ENSG00000087116
13920.0	0.0003	ZDHHC8	ENSG00000099904
13920.0	0.0003	TMEM9	ENSG00000116857
13920.0	0.0003	RC3H1	ENSG00000135870
13920.0	0.0003	ZNF468	ENSG00000204604
13920.0	0.0003	ZBED4	ENSG00000100426
13920.0	0.0003	DDX60L	ENSG00000181381
13920.0	0.0003	ZNF83	ENSG00000167766
13920.0	0.0003	POU1F1	ENSG00000064835
13920.0	0.0003	PSMC3IP	ENSG00000131470
13920.0	0.0003	TOP3B	ENSG00000100038
13920.0	0.0003	ANXA4	ENSG00000196975
13920.0	0.0003	LIMS2	ENSG00000072163
13920.0	0.0003	ZER1	ENSG00000160445
13920.0	0.0003	TRIM54	ENSG00000138100
13920.0	0.0003	COA3	ENSG00000183978
13920.0	0.0003	PIEZO1	ENSG00000103335
13920.0	0.0003	COPS7B	ENSG00000144524
13920.0	0.0003	NUAK1	ENSG00000074590
13920.0	0.0003	ZNF117	ENSG00000152926
13920.0	0.0003	SHROOM2	ENSG00000146950
13920.0	0.0003	HPX	ENSG00000110169
13920.0	0.0003	ARFIP2	ENSG00000132254
13920.0	0.0003	WBP1L	ENSG00000166272
13920.0	0.0003	VGLL2	ENSG00000170162
13920.0	0.0003	RNF207	ENSG00000158286
13920.0	0.0003	ATXN7L1	ENSG00000146776
13920.0	0.0003	CDK2AP1	ENSG00000111328
13920.0	0.0003	ATP2C2	ENSG00000064270
13920.0	0.0003	REXO1	ENSG00000079313
13920.0	0.0003	MAGEA3	ENSG00000221867
13920.0	0.0003	PRM2	ENSG00000122304
13920.0	0.0003	CTF1	ENSG00000150281
13920.0	0.0003	MARVELD2	ENSG00000152939
13920.0	0.0003	CKLF	ENSG00000217555
13920.0	0.0003	GYPC	ENSG00000136732
13920.0	0.0003	BAG4	ENSG00000156735
13920.0	0.0003	ELMOD1	ENSG00000110675
13920.0	0.0003	SLC22A3	ENSG00000146477
13920.0	0.0003	ZCCHC4	ENSG00000168228
13920.0	0.0003	LNX1	ENSG00000072201
13920.0	0.0003	GIPC3	ENSG00000179855
13920.0	0.0003	GDF9	ENSG00000164404
13920.0	0.0003	SOSTDC1	ENSG00000171243
13920.0	0.0003	CYTH4	ENSG00000100055
13920.0	0.0003	MAP4K2	ENSG00000168067
13920.0	0.0003	GSTA2	ENSG00000244067
13920.0	0.0003	GSTT2	ENSG00000099984
13920.0	0.0003	SSR3	ENSG00000114850
13920.0	0.0003	CMC2	ENSG00000103121
13920.0	0.0003	ZG16	ENSG00000174992
13920.0	0.0003	ZNF503	ENSG00000165655
13920.0	0.0003	C4BPA	ENSG00000123838
13920.0	0.0003	DRG1	ENSG00000185721
13920.0	0.0003	GSTA4	ENSG00000170899
13920.0	0.0003	ZNF567	ENSG00000189042
13920.0	0.0003	MGST1	ENSG00000008394
13920.0	0.0003	ABCA5	ENSG00000154265
13920.0	0.0003	PLEKHM3	ENSG00000178385
13920.0	0.0003	GSTM2	ENSG00000213366
13920.0	0.0003	NCOA7	ENSG00000111912
13920.0	0.0003	GSTO1	ENSG00000148834
13920.0	0.0003	OBP2A	ENSG00000122136
13920.0	0.0003	GSTM5	ENSG00000134201
13920.0	0.0003	SEMA4B	ENSG00000185033
13920.0	0.0003	PAX4	ENSG00000106331
13920.0	0.0003	GSTA3	ENSG00000174156
13920.0	0.0003	MGST2	ENSG00000085871
13920.0	0.0003	GSTA5	ENSG00000182793
13920.0	0.0003	GSTM4	ENSG00000168765
13920.0	0.0003	MGST3	ENSG00000143198
13920.0	0.0003	GSTO2	ENSG00000065621
13920.0	0.0003	PPP1R7	ENSG00000115685
13920.0	0.0003	AC004381.6	ENSG00000005189
13920.0	0.0003	REXO1L1P	ENSG00000205176
13920.0	0.0003	SPIN1	ENSG00000106723
13920.0	0.0003	DSG2	ENSG00000046604
13920.0	0.0003	PDIA2	ENSG00000185615
13920.0	0.0003	GSTK1	ENSG00000197448
13920.0	0.0003	CALCOCO1	ENSG00000012822
13920.0	0.0003	DSC2	ENSG00000134755
13920.0	0.0003	ZFC3H1	ENSG00000133858
13920.0	0.0003	VNN1	ENSG00000112299
13920.0	0.0003	NOS1AP	ENSG00000198929
13920.0	0.0003	TBC1D10A	ENSG00000099992
13920.0	0.0003	SRP14	ENSG00000140319
13920.0	0.0003	ELMOD2	ENSG00000179387
13920.0	0.0003	SRP19	ENSG00000153037
13920.0	0.0003	CRYBA4	ENSG00000196431
13920.0	0.0003	CLEC4C	ENSG00000198178
13920.0	0.0003	RYK	ENSG00000163785
13920.0	0.0003	FYCO1	ENSG00000163820
13920.0	0.0003	OCIAD1	ENSG00000109180
13920.0	0.0003	CD6	ENSG00000013725
13920.0	0.0003	LCN1	ENSG00000160349
13920.0	0.0003	KCND1	ENSG00000102057
13920.0	0.0003	SRP9	ENSG00000143742
13920.0	0.0003	CRIM1	ENSG00000150938
13920.0	0.0003	REPS2	ENSG00000169891
13920.0	0.0003	LCORL	ENSG00000178177
13920.0	0.0003	NOMO3	ENSG00000103226
13920.0	0.0003	CYB5R4	ENSG00000065615
13920.0	0.0003	GKN2	ENSG00000183607
13920.0	0.0003	AKAP6	ENSG00000151320
13920.0	0.0003	SHBG	ENSG00000129214
13920.0	0.0003	SRPRA	ENSG00000182934
13920.0	0.0003	KCTD2	ENSG00000180901
13920.0	0.0003	MYO1D	ENSG00000176658
13920.0	0.0003	SRP72	ENSG00000174780
13920.0	0.0003	KCNK15	ENSG00000124249
13920.0	0.0003	SIX4	ENSG00000100625
13920.0	0.0003	TMED9	ENSG00000184840
13920.0	0.0003	KCTD17	ENSG00000100379
13920.0	0.0003	DOK5	ENSG00000101134
13920.0	0.0003	ZNF276	ENSG00000158805
13920.0	0.0003	ZFY	ENSG00000067646
13920.0	0.0003	CRYGA	ENSG00000168582
13920.0	0.0003	FERMT1	ENSG00000101311
13920.0	0.0003	RAP1GAP2	ENSG00000132359
13920.0	0.0003	SEMA4F	ENSG00000135622
13920.0	0.0003	PPP1R14C	ENSG00000198729
13920.0	0.0003	TIMELESS	ENSG00000111602
13920.0	0.0003	RSU1	ENSG00000148484
13920.0	0.0003	ASPG	ENSG00000166183
13920.0	0.0003	CBLN4	ENSG00000054803
13920.0	0.0003	OXNAD1	ENSG00000154814
13920.0	0.0003	FAM9C	ENSG00000187268
13920.0	0.0003	ILKAP	ENSG00000132323
13920.0	0.0003	CYB5RL	ENSG00000215883
13920.0	0.0003	FOXD4L5	ENSG00000204779
13920.0	0.0003	XG	ENSG00000124343
13920.0	0.0003	TSLP	ENSG00000145777
13920.0	0.0003	TFF3	ENSG00000160180
13920.0	0.0003	KLHL14	ENSG00000197705
13920.0	0.0003	FOXD4	ENSG00000170122
13920.0	0.0003	FOXD4L2	ENSG00000204828
13920.0	0.0003	FOXD4L4	ENSG00000184659
13920.0	0.0003	FOXD4L1	ENSG00000184492
13920.0	0.0003	FOXD4L6	ENSG00000204793
13920.0	0.0003	APRG1	ENSG00000198590
13920.0	0.0003	UNC13D	ENSG00000092929
13920.0	0.0003	CLEC7A	ENSG00000172243
13920.0	0.0003	USP36	ENSG00000055483
13920.0	0.0003	VWCE	ENSG00000167992
13920.0	0.0003	SLC5A3	ENSG00000198743
13920.0	0.0003	ATXN7L3B	ENSG00000253719
13920.0	0.0003	KLHL23	ENSG00000213160
13920.0	0.0003	LRGUK	ENSG00000155530
13920.0	0.0003	SYTL3	ENSG00000164674
13920.0	0.0003	AMDHD2	ENSG00000162066
13920.0	0.0003	BRAP	ENSG00000089234
13920.0	0.0003	RBMY1A1	ENSG00000234414
13920.0	0.0003	SELENOH	ENSG00000211450
13920.0	0.0003	DPP3	ENSG00000254986
13920.0	0.0003	LAPTM5	ENSG00000162511
13920.0	0.0003	SGSM2	ENSG00000141258
13920.0	0.0003	LYL1	ENSG00000104903
13920.0	0.0003	SEMA4G	ENSG00000095539
13920.0	0.0003	ZC3H12A	ENSG00000163874
13920.0	0.0003	SLC4A3	ENSG00000114923
13920.0	0.0003	BROX	ENSG00000162819
13920.0	0.0003	ERO1B	ENSG00000086619
13920.0	0.0003	FAM9A	ENSG00000183304
13920.0	0.0003	NIPSNAP3A	ENSG00000136783
13920.0	0.0003	ARL8B	ENSG00000134108
13920.0	0.0003	S100A14	ENSG00000189334
13920.0	0.0003	CENPV	ENSG00000166582
13920.0	0.0003	AWAT1	ENSG00000204195
13920.0	0.0003	ZNF33A	ENSG00000189180
13920.0	0.0003	GEM	ENSG00000164949
13920.0	0.0003	ADAM9	ENSG00000168615
13920.0	0.0003	CHCHD1	ENSG00000172586
13920.0	0.0003	ARL8A	ENSG00000143862
13920.0	0.0003	MOGAT2	ENSG00000166391
13920.0	0.0003	SLC34A2	ENSG00000157765
13920.0	0.0003	ID4	ENSG00000172201
13920.0	0.0003	TFAP2C	ENSG00000087510
13920.0	0.0003	BEGAIN	ENSG00000183092
13920.0	0.0003	MGARP	ENSG00000137463
13920.0	0.0003	MMEL1	ENSG00000142606
13920.0	0.0003	TFAP2B	ENSG00000008196
13920.0	0.0003	THOP1	ENSG00000172009
13920.0	0.0003	NPVF	ENSG00000105954
13920.0	0.0003	THAP5	ENSG00000177683
13920.0	0.0003	SHOX	ENSG00000185960
13920.0	0.0003	CD1D	ENSG00000158473
13920.0	0.0003	SMYD2	ENSG00000143499
13920.0	0.0003	LMO1	ENSG00000166407
13920.0	0.0003	ARFIP1	ENSG00000164144
13920.0	0.0003	NAV2	ENSG00000166833
13920.0	0.0003	NAV3	ENSG00000067798
13920.0	0.0003	STXBP6	ENSG00000168952
13920.0	0.0003	EPB42	ENSG00000166947
13920.0	0.0003	C9	ENSG00000113600
13920.0	0.0003	DGAT2L6	ENSG00000184210
13920.0	0.0003	MOGAT1	ENSG00000124003
13920.0	0.0003	RIMBP3C	ENSG00000183246
13920.0	0.0003	AKAP11	ENSG00000023516
13920.0	0.0003	ERO1A	ENSG00000197930
13920.0	0.0003	LDHD	ENSG00000166816
13920.0	0.0003	DGAT2L7P	ENSG00000205267
13920.0	0.0003	LDB1	ENSG00000198728
13920.0	0.0003	CCDC116	ENSG00000161180
13920.0	0.0003	USP6NL	ENSG00000148429
13920.0	0.0003	AMY1C	ENSG00000187733
13920.0	0.0003	RIMBP3B	ENSG00000196934
13920.0	0.0003	AMY2A	ENSG00000243480
13920.0	0.0003	KIF26B	ENSG00000162849
13920.0	0.0003	UBR7	ENSG00000012963
13920.0	0.0003	AMY2B	ENSG00000240038
13920.0	0.0003	SLC22A7	ENSG00000137204
13920.0	0.0003	SEC62	ENSG00000008952
13920.0	0.0003	CHGA	ENSG00000100604
13920.0	0.0003	WDR64	ENSG00000162843
13920.0	0.0003	LYAR	ENSG00000145220
13920.0	0.0003	ITGB1BP2	ENSG00000147166
13920.0	0.0003	CCM2	ENSG00000136280
13920.0	0.0003	FRY	ENSG00000073910
13920.0	0.0003	RFK	ENSG00000135002
13920.0	0.0003	MBL2	ENSG00000165471
13920.0	0.0003	C8A	ENSG00000157131
13920.0	0.0003	FRYL	ENSG00000075539
13920.0	0.0003	PALM	ENSG00000099864
13920.0	0.0003	CNPY4	ENSG00000166997
13920.0	0.0003	SIX5	ENSG00000177045
13920.0	0.0003	RGS3	ENSG00000138835
13920.0	0.0003	BBC3	ENSG00000105327
13920.0	0.0003	ACP4	ENSG00000142513
13920.0	0.0003	CAPN7	ENSG00000131375
13920.0	0.0003	FCRL1	ENSG00000163534
13920.0	0.0003	FCRL2	ENSG00000132704
13920.0	0.0003	CLK2	ENSG00000176444
13920.0	0.0003	FCRL4	ENSG00000163518
13920.0	0.0003	PHOSPHO2	ENSG00000144362
13920.0	0.0003	LTA	ENSG00000226979
13920.0	0.0003	TSPY1	ENSG00000258992
13920.0	0.0003	IL1R1	ENSG00000115594
13920.0	0.0003	BMP10	ENSG00000163217
13920.0	0.0003	IL1RAP	ENSG00000196083
13920.0	0.0003	TUBD1	ENSG00000108423
13920.0	0.0003	UBAP2	ENSG00000137073
13920.0	0.0003	MELK	ENSG00000165304
13920.0	0.0003	LDB2	ENSG00000169744
13920.0	0.0003	TSPY10	ENSG00000236424
13920.0	0.0003	RIMBP3	ENSG00000196622
13920.0	0.0003	SH2D3A	ENSG00000125731
13920.0	0.0003	HTRA4	ENSG00000169495
13920.0	0.0003	HTRA3	ENSG00000170801
13920.0	0.0003	C8B	ENSG00000021852
13920.0	0.0003	PLEKHA8	ENSG00000106086
13920.0	0.0003	RAP1GAP	ENSG00000076864
13920.0	0.0003	INSM2	ENSG00000168348
13920.0	0.0003	DMRT2	ENSG00000173253
13920.0	0.0003	DPCD	ENSG00000166171
13920.0	0.0003	IYD	ENSG00000009765
13920.0	0.0003	DECR2	ENSG00000242612
13920.0	0.0003	C6	ENSG00000039537
13920.0	0.0003	TFR2	ENSG00000106327
13920.0	0.0003	ACCS	ENSG00000110455
13920.0	0.0003	CLEC12A	ENSG00000172322
13920.0	0.0003	ID3	ENSG00000117318
13920.0	0.0003	COMMD7	ENSG00000149600
13920.0	0.0003	C8G	ENSG00000176919
13920.0	0.0003	CNPY2	ENSG00000257727
13920.0	0.0003	RMI1	ENSG00000178966
13920.0	0.0003	TRA2A	ENSG00000164548
13920.0	0.0003	AMELY	ENSG00000099721
13920.0	0.0003	LCTL	ENSG00000188501
13920.0	0.0003	ACAP2	ENSG00000114331
13920.0	0.0003	ZCCHC10	ENSG00000155329
13920.0	0.0003	REXO4	ENSG00000148300
13920.0	0.0003	LHX9	ENSG00000143355
13920.0	0.0003	SNX30	ENSG00000148158
13920.0	0.0003	OGFOD1	ENSG00000087263
13920.0	0.0003	TMED4	ENSG00000158604
13920.0	0.0003	C7	ENSG00000112936
13920.0	0.0003	IRF2BP2	ENSG00000168264
13920.0	0.0003	PPL	ENSG00000118898
13920.0	0.0003	AEN	ENSG00000181026
13920.0	0.0003	NHERF4	ENSG00000172367
13920.0	0.0003	ISG20L2	ENSG00000143319
13920.0	0.0003	AMN	ENSG00000166126
13920.0	0.0003	SCG2	ENSG00000171951
13920.0	0.0003	WDR72	ENSG00000166415
13920.0	0.0003	IFNL1	ENSG00000182393
13920.0	0.0003	SENP8	ENSG00000166192
13920.0	0.0003	SRSF12	ENSG00000154548
13920.0	0.0003	ZNF131	ENSG00000172262
13920.0	0.0003	IGSF1	ENSG00000147255
13920.0	0.0003	C1orf50	ENSG00000164008
13920.0	0.0003	ARHGAP21	ENSG00000107863
13920.0	0.0003	SLC23A3	ENSG00000213901
13920.0	0.0003	C2CD4B	ENSG00000205502
13920.0	0.0003	TRPM6	ENSG00000119121
13920.0	0.0003	B3GAT2	ENSG00000112309
13920.0	0.0003	NLRP12	ENSG00000142405
13920.0	0.0003	SLC2A5	ENSG00000142583
13920.0	0.0003	ARFGEF3	ENSG00000112379
13920.0	0.0003	CSF3	ENSG00000108342
13920.0	0.0003	NOSIP	ENSG00000142546
13920.0	0.0003	SFTPA1	ENSG00000122852
13920.0	0.0003	TTC14	ENSG00000163728
13920.0	0.0003	CDHR1	ENSG00000148600
13920.0	0.0003	GCM1	ENSG00000137270
13920.0	0.0003	GXYLT2	ENSG00000172986
13920.0	0.0003	RAD9B	ENSG00000151164
13920.0	0.0003	ICOSLG	ENSG00000160223
13920.0	0.0003	CGAS	ENSG00000164430
13920.0	0.0003	ADAP1	ENSG00000105963
13920.0	0.0003	MSC	ENSG00000178860
13920.0	0.0003	RHPN1	ENSG00000158106
13920.0	0.0003	RHPN2	ENSG00000131941
13920.0	0.0003	VGLL1	ENSG00000102243
13920.0	0.0003	GOLPH3L	ENSG00000143457
13920.0	0.0003	MRPL21	ENSG00000197345
13920.0	0.0003	SIPA1	ENSG00000213445
13920.0	0.0003	CTNNBIP1	ENSG00000178585
13920.0	0.0003	PRB4	ENSG00000230657
13920.0	0.0003	ATP4B	ENSG00000186009
13920.0	0.0003	CADM2	ENSG00000175161
13920.0	0.0003	PRM3	ENSG00000178257
13920.0	0.0003	ONECUT3	ENSG00000205922
13920.0	0.0003	DENR	ENSG00000139726
13920.0	0.0003	ENOSF1	ENSG00000132199
13920.0	0.0003	MMP11	ENSG00000099953
13920.0	0.0003	IRX2-DT	ENSG00000186493
13920.0	0.0003	CMKLR1	ENSG00000174600
13920.0	0.0003	RGN	ENSG00000130988
13920.0	0.0003	XAF1	ENSG00000132530
13920.0	0.0003	ZNF197	ENSG00000186448
13920.0	0.0003	SERPINH1	ENSG00000149257
13920.0	0.0003	TMEM258	ENSG00000134825
13920.0	0.0003	OSR1	ENSG00000143867
13920.0	0.0003	NIPAL4	ENSG00000172548
13920.0	0.0003	TBCEL	ENSG00000154114
13920.0	0.0003	RCSD1	ENSG00000198771
13920.0	0.0003	CLIC3	ENSG00000169583
13920.0	0.0003	MPP2	ENSG00000108852
13920.0	0.0003	ERP27	ENSG00000139055
13920.0	0.0003	MMS22L	ENSG00000146263
13920.0	0.0003	PDIA6	ENSG00000143870
13920.0	0.0003	GLG1	ENSG00000090863
13920.0	0.0003	RWDD1	ENSG00000111832
13920.0	0.0003	PRCP	ENSG00000137509
13920.0	0.0003	PIWIL4	ENSG00000134627
13920.0	0.0003	CRYBG1	ENSG00000112297
13920.0	0.0003	IL19	ENSG00000142224
13920.0	0.0003	OTUD1	ENSG00000165312
13920.0	0.0003	RTKN	ENSG00000114993
13920.0	0.0003	FSTL1	ENSG00000163430
13920.0	0.0003	TIFA	ENSG00000145365
13920.0	0.0003	VWA3A	ENSG00000175267
13920.0	0.0003	CAPZA3	ENSG00000177938
13920.0	0.0003	CLCF1	ENSG00000175505
13920.0	0.0003	PTPN18	ENSG00000072135
13920.0	0.0003	OR2A4	ENSG00000180658
13920.0	0.0003	ELSPBP1	ENSG00000169393
13920.0	0.0003	IL24	ENSG00000162892
13920.0	0.0003	CALR3	ENSG00000269058
13920.0	0.0003	TCF21	ENSG00000118526
13920.0	0.0003	TRIM24	ENSG00000122779
13920.0	0.0003	SCD5	ENSG00000145284
13920.0	0.0003	SUGP2	ENSG00000064607
13920.0	0.0003	OTULIN	ENSG00000154124
13920.0	0.0003	BPIFA1	ENSG00000198183
13920.0	0.0003	PROP1	ENSG00000175325
13920.0	0.0003	RMI2	ENSG00000175643
13920.0	0.0003	ARL14EP	ENSG00000152219
13920.0	0.0003	S100G	ENSG00000169906
13920.0	0.0003	SELENOP	ENSG00000250722
13920.0	0.0003	TMBIM6	ENSG00000139644
13920.0	0.0003	HECA	ENSG00000112406
13920.0	0.0003	CARD6	ENSG00000132357
13920.0	0.0003	KLK15	ENSG00000174562
13920.0	0.0003	SHKBP1	ENSG00000160410
13920.0	0.0003	SPRYD7	ENSG00000123178
13920.0	0.0003	NUDT16L1	ENSG00000168101
13920.0	0.0003	SOCS5	ENSG00000171150
13920.0	0.0003	TICRR	ENSG00000140534
13920.0	0.0003	IL15	ENSG00000164136
13920.0	0.0003	SMCP	ENSG00000163206
13920.0	0.0003	CELSR2	ENSG00000143126
13920.0	0.0003	KRT18	ENSG00000111057
13920.0	0.0003	MXI1	ENSG00000119950
13920.0	0.0003	TDRD3	ENSG00000083544
13920.0	0.0003	DDX55	ENSG00000111364
13920.0	0.0003	GADL1	ENSG00000144644
13920.0	0.0003	PDILT	ENSG00000169340
13920.0	0.0003	PHAF1	ENSG00000125149
13920.0	0.0003	ZNHIT2	ENSG00000174276
13920.0	0.0003	SPOUT1	ENSG00000198917
13920.0	0.0003	STIM2	ENSG00000109689
13920.0	0.0003	RCBTB1	ENSG00000136144
13920.0	0.0003	NHLH2	ENSG00000177551
13920.0	0.0003	SLC7A5	ENSG00000103257
13920.0	0.0003	DSG1	ENSG00000134760
13920.0	0.0003	IP6K2	ENSG00000068745
13920.0	0.0003	ACSM4	ENSG00000215009
13920.0	0.0003	ACSM2B	ENSG00000066813
13920.0	0.0003	ACSM3	ENSG00000005187
13920.0	0.0003	MMP8	ENSG00000118113
13920.0	0.0003	ACOT13	ENSG00000112304
13920.0	0.0003	IL9	ENSG00000145839
13920.0	0.0003	SLC6A14	ENSG00000087916
13920.0	0.0003	P2RX3	ENSG00000109991
13920.0	0.0003	NEPRO	ENSG00000163608
13920.0	0.0003	APBB3	ENSG00000113108
13920.0	0.0003	ACSM1	ENSG00000166743
13920.0	0.0003	FPGT-TNNI3K	ENSG00000259030
13920.0	0.0003	ACSM2A	ENSG00000183747
13920.0	0.0003	HEXIM2	ENSG00000168517
13920.0	0.0003	RANGRF	ENSG00000108961
13920.0	0.0003	LACTB	ENSG00000103642
13920.0	0.0003	SOCS4	ENSG00000180008
13920.0	0.0003	SOX17	ENSG00000164736
13920.0	0.0003	PSRC1	ENSG00000134222
13920.0	0.0003	ACSM5	ENSG00000183549
13920.0	0.0003	SCG3	ENSG00000104112
13920.0	0.0003	KLRK1	ENSG00000213809
13920.0	0.0003	TNNI3K	ENSG00000116783
13920.0	0.0003	ABCC6	ENSG00000091262
13920.0	0.0003	GSDMB	ENSG00000073605
13920.0	0.0003	CCZ1	ENSG00000122674
13920.0	0.0003	CCZ1B	ENSG00000146574
13920.0	0.0003	RFX2	ENSG00000087903
13920.0	0.0003	ASB2	ENSG00000100628
13920.0	0.0003	AIRE	ENSG00000160224
13920.0	0.0003	ORAI2	ENSG00000160991
13920.0	0.0003	CTNS	ENSG00000040531
13920.0	0.0003	IL1RL1	ENSG00000115602
13920.0	0.0003	IFNL2	ENSG00000183709
13920.0	0.0003	LPP	ENSG00000145012
13920.0	0.0003	SCRT1	ENSG00000170616
13920.0	0.0003	CPA3	ENSG00000163751
13920.0	0.0003	IFNL3	ENSG00000197110
13920.0	0.0003	SLITRK5	ENSG00000165300
13920.0	0.0003	B3GAT3	ENSG00000149541
13920.0	0.0003	IRAK1BP1	ENSG00000146243
13920.0	0.0003	SCRT2	ENSG00000215397
13920.0	0.0003	SIAH3	ENSG00000215475
13920.0	0.0003	SLC4A8	ENSG00000050438
13920.0	0.0003	PELI3	ENSG00000174516
13920.0	0.0003	FHL5	ENSG00000112214
13920.0	0.0003	SPACA4	ENSG00000177202
13920.0	0.0003	FBXW8	ENSG00000174989
13920.0	0.0003	THAP7	ENSG00000184436
13920.0	0.0003	TRIM11	ENSG00000154370
13920.0	0.0003	ATF1	ENSG00000123268
13920.0	0.0003	SLC5A1	ENSG00000100170
13920.0	0.0003	TMPRSS11D	ENSG00000153802
13920.0	0.0003	IL20	ENSG00000162891
13920.0	0.0003	SKOR1	ENSG00000188779
13920.0	0.0003	SLC2A9	ENSG00000109667
13920.0	0.0003	TNK1	ENSG00000174292
13920.0	0.0003	NECTIN3	ENSG00000177707
13920.0	0.0003	RNASEK	ENSG00000219200
13920.0	0.0003	ZNF593	ENSG00000142684
13920.0	0.0003	VRK3	ENSG00000105053
13920.0	0.0003	ENKUR	ENSG00000151023
13920.0	0.0003	PPIC	ENSG00000168938
13920.0	0.0003	RRP8	ENSG00000132275
13920.0	0.0003	SPHKAP	ENSG00000153820
13920.0	0.0003	ASGR1	ENSG00000141505
13920.0	0.0003	PPM1J	ENSG00000155367
13920.0	0.0003	UBAC1	ENSG00000130560
13920.0	0.0003	PPP1R2	ENSG00000184203
13920.0	0.0003	PELI1	ENSG00000197329
13920.0	0.0003	IPO13	ENSG00000117408
13920.0	0.0003	MOB1A	ENSG00000114978
13920.0	0.0003	GH2	ENSG00000136487
13920.0	0.0003	CSH1	ENSG00000136488
13920.0	0.0003	PELI2	ENSG00000139946
13920.0	0.0003	IFNA13	ENSG00000233816
13920.0	0.0003	RCBTB2	ENSG00000136161
13920.0	0.0003	GPR87	ENSG00000138271
13920.0	0.0003	ATP8B2	ENSG00000143515
13920.0	0.0003	IL18BP	ENSG00000137496
13920.0	0.0003	MOB1B	ENSG00000173542
13920.0	0.0003	ZNF622	ENSG00000173545
13920.0	0.0003	CYGB	ENSG00000161544
13920.0	0.0003	CDHR5	ENSG00000099834
13920.0	0.0003	USP17L29	ENSG00000231637
13920.0	0.0003	IL26	ENSG00000111536
13920.0	0.0003	AMBP	ENSG00000106927
13920.0	0.0003	SLC2A7	ENSG00000197241
13920.0	0.0003	CCDC136	ENSG00000128596
13920.0	0.0003	BIRC8	ENSG00000163098
13920.0	0.0003	SEC14L1	ENSG00000129657
13920.0	0.0003	CMTM4	ENSG00000183723
13920.0	0.0003	AGPAT5	ENSG00000155189
13920.0	0.0003	VEZF1	ENSG00000136451
13920.0	0.0003	PSG4	ENSG00000243137
13920.0	0.0003	CDAN1	ENSG00000140326
13920.0	0.0003	IFNW1	ENSG00000177047
13920.0	0.0003	IFI6	ENSG00000126709
13920.0	0.0003	OR4K15	ENSG00000169488
13920.0	0.0003	SLC6A12	ENSG00000111181
13920.0	0.0003	FBXL2	ENSG00000153558
13920.0	0.0003	FBXO22	ENSG00000167196
13920.0	0.0003	RLN1	ENSG00000107018
13920.0	0.0003	IFI27	ENSG00000165949
13920.0	0.0003	RSRP1	ENSG00000117616
13920.0	0.0003	GML	ENSG00000104499
13920.0	0.0003	SCIN	ENSG00000006747
13920.0	0.0003	IFNE	ENSG00000184995
13920.0	0.0003	PLEKHM1	ENSG00000225190
13920.0	0.0003	LIN28B	ENSG00000187772
13920.0	0.0003	OLIG3	ENSG00000177468
13920.0	0.0003	UBE2J2	ENSG00000160087
13920.0	0.0003	GOT1L1	ENSG00000169154
13920.0	0.0003	NLGN4Y	ENSG00000165246
13920.0	0.0003	MRPL18	ENSG00000112110
13920.0	0.0003	SPMIP6	ENSG00000164972
13920.0	0.0003	IFNK	ENSG00000147896
13920.0	0.0003	DEDD2	ENSG00000160570
13920.0	0.0003	FCER1A	ENSG00000179639
13920.0	0.0003	NAT1	ENSG00000171428
13920.0	0.0003	IFITM3	ENSG00000142089
13920.0	0.0003	SOX1	ENSG00000182968
13920.0	0.0003	ATP8B4	ENSG00000104043
13920.0	0.0003	SLC34A3	ENSG00000198569
13920.0	0.0003	VCX3A	ENSG00000169059
13920.0	0.0003	PDLIM4	ENSG00000131435
13920.0	0.0003	USP17L24	ENSG00000232264
13920.0	0.0003	USP17L25	ENSG00000230430
13920.0	0.0003	USP17L26	ENSG00000229579
13920.0	0.0003	USP17L27	ENSG00000235780
13920.0	0.0003	USP17L28	ENSG00000231051
13920.0	0.0003	USP17L30	ENSG00000228856
13920.0	0.0003	NAT2	ENSG00000156006
13920.0	0.0003	FAM162A	ENSG00000114023
13920.0	0.0003	MDFIC	ENSG00000135272
13920.0	0.0003	CMTM6	ENSG00000091317
13920.0	0.0003	ZPBP2	ENSG00000186075
13920.0	0.0003	NASP	ENSG00000132780
13920.0	0.0003	QTRT2	ENSG00000151576
13920.0	0.0003	FAM20B	ENSG00000116199
13920.0	0.0003	FAM210A	ENSG00000177150
13920.0	0.0003	RPS6KC1	ENSG00000136643
13920.0	0.0003	CYREN	ENSG00000122783
13920.0	0.0003	IFITM2	ENSG00000185201
13920.0	0.0003	VCX	ENSG00000182583
13920.0	0.0003	VCX2	ENSG00000177504
13920.0	0.0003	VCX3B	ENSG00000205642
13920.0	0.0003	PHACTR3	ENSG00000087495
13920.0	0.0003	DHRS7	ENSG00000100612
13920.0	0.0003	USP17L22	ENSG00000248933
13920.0	0.0003	USP26	ENSG00000134588
13920.0	0.0003	KRTAP5-9	ENSG00000254997
13920.0	0.0003	APOF	ENSG00000175336
13920.0	0.0003	DNAAF10	ENSG00000243667
13920.0	0.0003	CLK4	ENSG00000113240
13920.0	0.0003	IPCEF1	ENSG00000074706
13920.0	0.0003	METTL3	ENSG00000165819
13920.0	0.0003	NPTN	ENSG00000156642
13920.0	0.0003	MS4A2	ENSG00000149534
13920.0	0.0003	CDK5R2	ENSG00000171450
13920.0	0.0003	RPS19BP1	ENSG00000187051
13920.0	0.0003	PNCK	ENSG00000130822
13920.0	0.0003	PRLH	ENSG00000071677
13920.0	0.0003	RPAP1	ENSG00000103932
13920.0	0.0003	ATP8A1	ENSG00000124406
13920.0	0.0003	FBXO8	ENSG00000164117
13920.0	0.0003	TENT2	ENSG00000164329
13920.0	0.0003	FBXO46	ENSG00000177051
13920.0	0.0003	SLC49A4	ENSG00000138463
13920.0	0.0003	DNASE2B	ENSG00000137976
13920.0	0.0003	SORCS1	ENSG00000108018
13920.0	0.0003	SNX17	ENSG00000115234
13920.0	0.0003	CCNO	ENSG00000152669
13920.0	0.0003	ZDHHC23	ENSG00000184307
13920.0	0.0003	RRP36	ENSG00000124541
13920.0	0.0003	MRPS30	ENSG00000112996
13920.0	0.0003	DISP2	ENSG00000140323
13920.0	0.0003	HSH2D	ENSG00000196684
13920.0	0.0003	TULP2	ENSG00000104804
13920.0	0.0003	CD248	ENSG00000174807
13920.0	0.0003	AAK1	ENSG00000115977
13920.0	0.0003	TEX14	ENSG00000121101
13920.0	0.0003	ZFTRAF1	ENSG00000187954
13920.0	0.0003	KIAA0513	ENSG00000135709
13920.0	0.0003	FGGY	ENSG00000172456
13920.0	0.0003	ZMYND19	ENSG00000165724
13920.0	0.0003	PIWIL3	ENSG00000184571
13920.0	0.0003	NLRC4	ENSG00000091106
13920.0	0.0003	THAP4	ENSG00000176946
13920.0	0.0003	ABRA	ENSG00000174429
13920.0	0.0003	MAK	ENSG00000111837
13920.0	0.0003	SOX13	ENSG00000143842
13920.0	0.0003	NAPEPLD	ENSG00000161048
13920.0	0.0003	MIPOL1	ENSG00000151338
13920.0	0.0003	GFRAL	ENSG00000187871
13920.0	0.0003	FBXL8	ENSG00000135722
13920.0	0.0003	BMP2K	ENSG00000138756
13920.0	0.0003	CCNP	ENSG00000105219
13920.0	0.0003	SLC29A2	ENSG00000174669
13920.0	0.0003	MMD2	ENSG00000136297
13920.0	0.0003	CCDC42	ENSG00000161973
13920.0	0.0003	GINS2	ENSG00000131153
13920.0	0.0003	RAB21	ENSG00000080371
13920.0	0.0003	SMIM21	ENSG00000206026
13920.0	0.0003	PDRG1	ENSG00000088356
13920.0	0.0003	KLRG1	ENSG00000139187
13920.0	0.0003	CALHM1	ENSG00000185933
13920.0	0.0003	MOB2	ENSG00000182208
13920.0	0.0003	ASMTL	ENSG00000169093
13920.0	0.0003	POGLUT1	ENSG00000163389
13920.0	0.0003	LPGAT1	ENSG00000123684
13920.0	0.0003	HSPBAP1	ENSG00000169087
13920.0	0.0003	HMX1	ENSG00000215612
13920.0	0.0003	SLC38A7	ENSG00000103042
13920.0	0.0003	SLC45A2	ENSG00000164175
13920.0	0.0003	BCAS1	ENSG00000064787
13920.0	0.0003	F7	ENSG00000057593
13920.0	0.0003	TFAP2D	ENSG00000008197
13920.0	0.0003	ASAP3	ENSG00000088280
13920.0	0.0003	TFAP2E	ENSG00000116819
13920.0	0.0003	YBX2	ENSG00000006047
13920.0	0.0003	FOXD1	ENSG00000251493
13920.0	0.0003	WTAP	ENSG00000146457
13920.0	0.0003	TRDN	ENSG00000186439
13920.0	0.0003	LNX2	ENSG00000139517
13920.0	0.0003	CABLES2	ENSG00000149679
13920.0	0.0003	GINS3	ENSG00000181938
13920.0	0.0003	MMP16	ENSG00000156103
13920.0	0.0003	OPN1LW	ENSG00000102076
13920.0	0.0003	MCAT	ENSG00000100294
13920.0	0.0003	THPO	ENSG00000090534
13920.0	0.0003	ZNF569	ENSG00000196437
13920.0	0.0003	FBXL12	ENSG00000127452
13920.0	0.0003	TP53I11	ENSG00000175274
13920.0	0.0003	SERPINA5	ENSG00000188488
13920.0	0.0003	PLXDC2	ENSG00000120594
13920.0	0.0003	GALNTL6	ENSG00000174473
13920.0	0.0003	SKAP2	ENSG00000005020
13920.0	0.0003	NAIP	ENSG00000249437
13920.0	0.0003	WTIP	ENSG00000142279
13920.0	0.0003	GMEB1	ENSG00000162419
13920.0	0.0003	GALNT16	ENSG00000100626
13920.0	0.0003	P2RX1	ENSG00000108405
13920.0	0.0003	LY6E	ENSG00000160932
13920.0	0.0003	EAF1	ENSG00000144597
13920.0	0.0003	CA7	ENSG00000168748
13920.0	0.0003	PTK6	ENSG00000101213
13920.0	0.0003	CLXN	ENSG00000034239
13920.0	0.0003	CLEC2D	ENSG00000069493
13920.0	0.0003	RP11-75L1.2	ENSG00000213443
13920.0	0.0003	KLRD1	ENSG00000134539
13920.0	0.0003	SELM	ENSG00000198832
13920.0	0.0003	GALNT17	ENSG00000185274
13920.0	0.0003	DDX42	ENSG00000198231
13920.0	0.0003	AATK	ENSG00000181409
13920.0	0.0003	GALNT18	ENSG00000110328
13920.0	0.0003	BTF3L4	ENSG00000134717
13920.0	0.0003	CACTIN	ENSG00000105298
13920.0	0.0003	BTN1A1	ENSG00000124557
13920.0	0.0003	TRIM17	ENSG00000162931
13920.0	0.0003	LIN28A	ENSG00000131914
13920.0	0.0003	AKAP17A	ENSG00000197976
13920.0	0.0003	CIDEA	ENSG00000176194
13920.0	0.0003	POC1B-GALNT4	ENSG00000259075
13920.0	0.0003	MCMDC2	ENSG00000178460
13920.0	0.0003	GALNTL5	ENSG00000106648
13920.0	0.0003	PPP1R13B	ENSG00000088808
13920.0	0.0003	PDCD1	ENSG00000188389
13920.0	0.0003	STARD5	ENSG00000172345
13920.0	0.0003	STARD4	ENSG00000164211
13920.0	0.0003	STARD6	ENSG00000174448
13920.0	0.0003	TRERF1	ENSG00000124496
13920.0	0.0003	PLXDC1	ENSG00000161381
13920.0	0.0003	EME1	ENSG00000154920
13920.0	0.0003	EIF1AD	ENSG00000175376
13920.0	0.0003	POU2F2	ENSG00000028277
13920.0	0.0003	LHX5	ENSG00000089116
13920.0	0.0003	SLC24A1	ENSG00000074621
13920.0	0.0003	S100A13	ENSG00000189171
13920.0	0.0003	TBATA	ENSG00000166220
13920.0	0.0003	ZNF202	ENSG00000166261
13920.0	0.0003	CLEC2A	ENSG00000188393
13920.0	0.0003	UROC1	ENSG00000159650
13920.0	0.0003	C2CD5	ENSG00000111731
13920.0	0.0003	MMP28	ENSG00000129270
13920.0	0.0003	TYRO3	ENSG00000092445
13920.0	0.0003	BMPER	ENSG00000164619
13920.0	0.0003	FIBP	ENSG00000172500
13920.0	0.0003	ASZ1	ENSG00000154438
13920.0	0.0003	ERGIC3	ENSG00000125991
13920.0	0.0003	NNAT	ENSG00000053438
13920.0	0.0003	LRP2BP	ENSG00000109771
13920.0	0.0003	PSMG3	ENSG00000157778
13920.0	0.0003	ADAP2	ENSG00000184060
13920.0	0.0003	DPPA3	ENSG00000187569
13920.0	0.0003	WBP1	ENSG00000239779
13920.0	0.0003	TBC1D15	ENSG00000121749
13920.0	0.0003	NUDT1	ENSG00000106268
13920.0	0.0003	GPIHBP1	ENSG00000182851
13920.0	0.0003	PLVAP	ENSG00000130300
13920.0	0.0003	USP29	ENSG00000131864
13920.0	0.0003	SHPRH	ENSG00000146414
13920.0	0.0003	ERP29	ENSG00000089248
13920.0	0.0003	KRT5	ENSG00000186081
13920.0	0.0003	HSPB7	ENSG00000173641
13920.0	0.0003	BICC1	ENSG00000122870
13920.0	0.0003	TBX10	ENSG00000167800
13920.0	0.0003	FAAP20	ENSG00000162585
13920.0	0.0003	TRIM33	ENSG00000197323
13920.0	0.0003	PTMS	ENSG00000159335
13920.0	0.0003	FBLIM1	ENSG00000162458
13920.0	0.0003	HAVCR2	ENSG00000135077
13920.0	0.0003	ZMAT3	ENSG00000172667
13920.0	0.0003	BANP	ENSG00000172530
13920.0	0.0003	KLRC2	ENSG00000205809
13920.0	0.0003	CALU	ENSG00000128595
13920.0	0.0003	FBXO48	ENSG00000204923
13920.0	0.0003	TBC1D13	ENSG00000107021
13920.0	0.0003	MYO1G	ENSG00000136286
13920.0	0.0003	DDT	ENSG00000099977
13920.0	0.0003	LEMD2	ENSG00000161904
13920.0	0.0003	FBXL20	ENSG00000108306
13920.0	0.0003	SNX20	ENSG00000167208
13920.0	0.0003	TNFSF14	ENSG00000125735
13920.0	0.0003	ANKS1B	ENSG00000185046
13920.0	0.0003	STK32C	ENSG00000165752
13920.0	0.0003	ELOVL3	ENSG00000119915
13920.0	0.0003	ESX1	ENSG00000123576
13920.0	0.0003	SERPINB6	ENSG00000124570
13920.0	0.0003	DTNB	ENSG00000138101
13920.0	0.0003	AMDHD1	ENSG00000139344
13920.0	0.0003	FABP3	ENSG00000121769
13920.0	0.0003	BEST2	ENSG00000039987
13920.0	0.0003	PHLDB2	ENSG00000144824
13920.0	0.0003	SERTAD3	ENSG00000167565
13920.0	0.0003	TMEM181	ENSG00000146433
13920.0	0.0003	SLC22A11	ENSG00000168065
13920.0	0.0003	TPPP	ENSG00000171368
13920.0	0.0003	SNX18	ENSG00000178996
13920.0	0.0003	DZIP1	ENSG00000134874
13920.0	0.0003	CLSTN1	ENSG00000171603
13920.0	0.0003	ANKS3	ENSG00000168096
13920.0	0.0003	ZNF263	ENSG00000006194
13920.0	0.0003	BCAR3	ENSG00000137936
13920.0	0.0003	PSD4	ENSG00000125637
13920.0	0.0003	NCR2	ENSG00000096264
13920.0	0.0003	NBEAL2	ENSG00000160796
13920.0	0.0003	HUS1B	ENSG00000188996
13920.0	0.0003	PRDM14	ENSG00000147596
13920.0	0.0003	PKN2	ENSG00000065243
13920.0	0.0003	SLC15A4	ENSG00000139370
13920.0	0.0003	PPP1R13L	ENSG00000104881
13920.0	0.0003	BST2	ENSG00000130303
13920.0	0.0003	DUSP28	ENSG00000188542
13920.0	0.0003	SYT17	ENSG00000103528
13920.0	0.0003	ZBTB7B	ENSG00000160685
13920.0	0.0003	SERTAD1	ENSG00000197019
13920.0	0.0003	FBXO15	ENSG00000141665
13920.0	0.0003	PKNOX1	ENSG00000160199
13920.0	0.0003	TLX2	ENSG00000115297
13920.0	0.0003	GSX1	ENSG00000169840
13920.0	0.0003	RAVER2	ENSG00000162437
13920.0	0.0003	CCNYL1	ENSG00000163249
13920.0	0.0003	MITD1	ENSG00000158411
13920.0	0.0003	LARP6	ENSG00000166173
13920.0	0.0003	SCGB3A2	ENSG00000164265
13920.0	0.0003	RAVER1	ENSG00000161847
13920.0	0.0003	TMEM65	ENSG00000164983
13920.0	0.0003	ACSM6	ENSG00000173124
13920.0	0.0003	SH3BGRL	ENSG00000131171
13920.0	0.0003	ZNF740	ENSG00000139651
13920.0	0.0003	SYNPO	ENSG00000171992
13920.0	0.0003	FBXL13	ENSG00000161040
13920.0	0.0003	PGPEP1	ENSG00000130517
13920.0	0.0003	SLX4IP	ENSG00000149346
13920.0	0.0003	C1QL3	ENSG00000165985
13920.0	0.0003	BARX2	ENSG00000043039
13920.0	0.0003	ZNF473	ENSG00000142528
13920.0	0.0003	ZNF157	ENSG00000147117
13920.0	0.0003	LIF	ENSG00000128342
13920.0	0.0003	RSRC2	ENSG00000111011
13920.0	0.0003	FBXL22	ENSG00000197361
13920.0	0.0003	RAB3IL1	ENSG00000167994
13920.0	0.0003	THAP2	ENSG00000173451
13920.0	0.0003	CXXC5	ENSG00000171604
13920.0	0.0003	BARX1	ENSG00000131668
13920.0	0.0003	SLC37A3	ENSG00000157800
13920.0	0.0003	DAZ4	ENSG00000205916
13920.0	0.0003	UBE2U	ENSG00000177414
13920.0	0.0003	PEBP4	ENSG00000134020
13920.0	0.0003	RUSC1	ENSG00000160753
13920.0	0.0003	CD83	ENSG00000112149
13920.0	0.0003	PCDH8	ENSG00000136099
13920.0	0.0003	OOEP	ENSG00000203907
13920.0	0.0003	MYRF	ENSG00000124920
13920.0	0.0003	RAB32	ENSG00000118508
13920.0	0.0003	CA4	ENSG00000167434
13920.0	0.0003	PRRX2	ENSG00000167157
13920.0	0.0003	SOHLH1	ENSG00000165643
13920.0	0.0003	IGFBP6	ENSG00000167779
13920.0	0.0003	RAG2	ENSG00000175097
13920.0	0.0003	CD300E	ENSG00000186407
13920.0	0.0003	HS3ST4	ENSG00000182601
13920.0	0.0003	CD68	ENSG00000129226
13920.0	0.0003	SYTL5	ENSG00000147041
13920.0	0.0003	SNX32	ENSG00000172803
13920.0	0.0003	TMSB4Y	ENSG00000154620
13920.0	0.0003	KDM8	ENSG00000155666
13920.0	0.0003	CD300LB	ENSG00000178789
13920.0	0.0003	MARCHF11	ENSG00000183654
13920.0	0.0003	MARCHF10	ENSG00000173838
13920.0	0.0003	NEMP2	ENSG00000189362
13920.0	0.0003	RSF1	ENSG00000048649
13920.0	0.0003	ASB1	ENSG00000065802
13920.0	0.0003	VEZT	ENSG00000028203
13920.0	0.0003	EDIL3	ENSG00000164176
13920.0	0.0003	WDR76	ENSG00000092470
13920.0	0.0003	SYT13	ENSG00000019505
13920.0	0.0003	RNF128	ENSG00000133135
13920.0	0.0003	FBXO16	ENSG00000214050
13920.0	0.0003	ADAM33	ENSG00000149451
13920.0	0.0003	ODAD2	ENSG00000169126
13920.0	0.0003	AQP11	ENSG00000178301
13920.0	0.0003	SYTL1	ENSG00000142765
13920.0	0.0003	CNIH1	ENSG00000100528
13920.0	0.0003	FSD1	ENSG00000105255
13920.0	0.0003	FLACC1	ENSG00000155749
13920.0	0.0003	HOXB8	ENSG00000120068
13920.0	0.0003	NEMP1	ENSG00000166881
13920.0	0.0003	FMO1	ENSG00000010932
13920.0	0.0003	PAEP	ENSG00000122133
13920.0	0.0003	LOX	ENSG00000113083
13920.0	0.0003	CLEC5A	ENSG00000258227
13920.0	0.0003	FBXW9	ENSG00000132004
13920.0	0.0003	ANGPTL8	ENSG00000130173
13920.0	0.0003	STEAP1	ENSG00000164647
13920.0	0.0003	ZBED1	ENSG00000214717
13920.0	0.0003	FMO4	ENSG00000076258
13920.0	0.0003	APOBEC4	ENSG00000173627
13920.0	0.0003	RUFY1	ENSG00000176783
13920.0	0.0003	FMO2	ENSG00000094963
13920.0	0.0003	FAM151B	ENSG00000152380
13920.0	0.0003	ALDH2	ENSG00000111275
13920.0	0.0003	PRR19	ENSG00000188368
13920.0	0.0003	SLC22A9	ENSG00000149742
13920.0	0.0003	C9orf78	ENSG00000136819
13920.0	0.0003	AJAP1	ENSG00000196581
13920.0	0.0003	AICDA	ENSG00000111732
13920.0	0.0003	CPD	ENSG00000108582
13920.0	0.0003	PTGES2	ENSG00000148334
13920.0	0.0003	SLC2A8	ENSG00000136856
13920.0	0.0003	ANKS1A	ENSG00000064999
13920.0	0.0003	SLC2A12	ENSG00000146411
13920.0	0.0003	LETM2	ENSG00000165046
13920.0	0.0003	MYO1A	ENSG00000166866
13920.0	0.0003	CHRDL2	ENSG00000054938
13920.0	0.0003	ZNF461	ENSG00000197808
13920.0	0.0003	GAS2L1	ENSG00000185340
13920.0	0.0003	FHL3	ENSG00000183386
13920.0	0.0003	STON1	ENSG00000243244
13920.0	0.0003	UQCC1	ENSG00000101019
13920.0	0.0003	ADAMTS1	ENSG00000154734
13920.0	0.0003	GAS2L2	ENSG00000132139
13920.0	0.0003	PCLAF	ENSG00000166803
13920.0	0.0003	LEMD1	ENSG00000186007
13920.0	0.0003	SURF6	ENSG00000148296
13920.0	0.0003	PRRX1	ENSG00000116132
13920.0	0.0003	THBD	ENSG00000178726
13920.0	0.0003	MLKL	ENSG00000168404
13920.0	0.0003	ICAM2	ENSG00000108622
13920.0	0.0003	MIER3	ENSG00000155545
13920.0	0.0003	KLF9	ENSG00000119138
13920.0	0.0003	SPP2	ENSG00000072080
13920.0	0.0003	SNCG	ENSG00000173267
13920.0	0.0003	COA4	ENSG00000181924
13920.0	0.0003	ATAD3B	ENSG00000160072
13920.0	0.0003	LRRC59	ENSG00000108829
13920.0	0.0003	N4BP3	ENSG00000145911
13920.0	0.0003	ZNF770	ENSG00000198146
13920.0	0.0003	CAPN5	ENSG00000149260
13920.0	0.0003	CCDC34	ENSG00000109881
13920.0	0.0003	CCDC73	ENSG00000186714
13920.0	0.0003	TRIM4	ENSG00000146833
13920.0	0.0003	PAIP2	ENSG00000120727
13920.0	0.0003	LEPROTL1	ENSG00000104660
13920.0	0.0003	SPAG16	ENSG00000144451
13920.0	0.0003	NEIL1	ENSG00000140398
13920.0	0.0003	TSSK6	ENSG00000178093
13920.0	0.0003	TCHP	ENSG00000139437
13920.0	0.0003	FOXR1	ENSG00000176302
13920.0	0.0003	BACE2	ENSG00000182240
13920.0	0.0003	LY75	ENSG00000054219
13920.0	0.0003	SMCR8	ENSG00000176994
13920.0	0.0003	TBC1D32	ENSG00000146350
13920.0	0.0003	WDR41	ENSG00000164253
13920.0	0.0003	APOH	ENSG00000091583
13920.0	0.0003	GIMAP6	ENSG00000133561
13920.0	0.0003	RBM38	ENSG00000132819
13920.0	0.0003	GPCPD1	ENSG00000125772
13920.0	0.0003	SUN3	ENSG00000164744
13920.0	0.0003	SUN5	ENSG00000167098
13920.0	0.0003	MRPL48	ENSG00000175581
13920.0	0.0003	LMF1	ENSG00000103227
13920.0	0.0003	TCF23	ENSG00000163792
13920.0	0.0003	HOXC9	ENSG00000180806
13920.0	0.0003	PDCD1LG2	ENSG00000197646
13920.0	0.0003	OMP	ENSG00000254550
13920.0	0.0003	SH3BGR	ENSG00000185437
13920.0	0.0003	SEMA3G	ENSG00000010319
13920.0	0.0003	MMP24	ENSG00000125966
13920.0	0.0003	LINC01565	ENSG00000198685
13920.0	0.0003	ZNF382	ENSG00000161298
13920.0	0.0003	HOXD10	ENSG00000128710
13920.0	0.0003	ALOXE3	ENSG00000179148
13920.0	0.0003	TFAP4	ENSG00000090447
13920.0	0.0003	HECTD1	ENSG00000092148
13920.0	0.0003	TMC8	ENSG00000167895
13920.0	0.0003	MZB1	ENSG00000170476
13920.0	0.0003	HOXC11	ENSG00000123388
13920.0	0.0003	SDF2L1	ENSG00000128228
13920.0	0.0003	TMC6	ENSG00000141524
13920.0	0.0003	HOXC12	ENSG00000123407
13920.0	0.0003	CX3CR1	ENSG00000168329
13920.0	0.0003	SLC8A1	ENSG00000183023
13920.0	0.0003	RINL	ENSG00000187994
13920.0	0.0003	SYT4	ENSG00000132872
13920.0	0.0003	RFFL	ENSG00000092871
13920.0	0.0003	GREM2	ENSG00000180875
13920.0	0.0003	BCL2A1	ENSG00000140379
13920.0	0.0003	BMERB1	ENSG00000166780
13920.0	0.0003	SIRPB1	ENSG00000101307
13920.0	0.0003	ZKSCAN1	ENSG00000106261
13920.0	0.0003	PCNP	ENSG00000081154
13920.0	0.0003	RSPO3	ENSG00000146374
13920.0	0.0003	DYNC2I2	ENSG00000119333
13920.0	0.0003	RASAL1	ENSG00000111344
13920.0	0.0003	ENTREP1	ENSG00000135063
13920.0	0.0003	SPNS3	ENSG00000182557
13920.0	0.0003	KHDC3L	ENSG00000203908
13920.0	0.0003	PF4V1	ENSG00000109272
13920.0	0.0003	EAF2	ENSG00000145088
13920.0	0.0003	DSC3	ENSG00000134762
13920.0	0.0003	RSPO4	ENSG00000101282
13920.0	0.0003	CD70	ENSG00000125726
13920.0	0.0003	FSTL3	ENSG00000070404
13920.0	0.0003	SH3BP5	ENSG00000131370
13920.0	0.0003	LRRC1	ENSG00000137269
13920.0	0.0003	PRPF38A	ENSG00000134748
13920.0	0.0003	CLRN2	ENSG00000249581
13920.0	0.0003	TMEM201	ENSG00000188807
13920.0	0.0003	KLRC1	ENSG00000134545
13920.0	0.0003	SORCS3	ENSG00000156395
13920.0	0.0003	NTAN1	ENSG00000157045
13920.0	0.0003	SLF1	ENSG00000133302
13920.0	0.0003	SPMIP8	ENSG00000159648
13920.0	0.0003	EVI5L	ENSG00000142459
13920.0	0.0003	SBNO1	ENSG00000139697
13920.0	0.0003	DNAJC2	ENSG00000105821
13920.0	0.0003	CD58	ENSG00000116815
13920.0	0.0003	H1-7	ENSG00000187166
13920.0	0.0003	OPCML	ENSG00000183715
13920.0	0.0003	PARP10	ENSG00000178685
13920.0	0.0003	GADD45G	ENSG00000130222
13920.0	0.0003	KRT14	ENSG00000186847
13920.0	0.0003	SEMA3D	ENSG00000153993
13920.0	0.0003	ADAD1	ENSG00000164113
13920.0	0.0003	FOXI2	ENSG00000186766
13920.0	0.0003	ASB6	ENSG00000148331
13920.0	0.0003	ADAM19	ENSG00000135074
13920.0	0.0003	CCL4	ENSG00000129277
13920.0	0.0003	SERINC3	ENSG00000132824
13920.0	0.0003	ARRDC2	ENSG00000105643
13920.0	0.0003	PAGE5	ENSG00000158639
13920.0	0.0003	PDGFRL	ENSG00000104213
13920.0	0.0003	POU5F1B	ENSG00000212993
13920.0	0.0003	PARP6	ENSG00000137817
13920.0	0.0003	LAMP3	ENSG00000078081
13920.0	0.0003	PPTC7	ENSG00000196850
13920.0	0.0003	ABT1	ENSG00000146109
13920.0	0.0003	AGR2	ENSG00000106541
13920.0	0.0003	ACKR2	ENSG00000144648
13920.0	0.0003	RASGEF1B	ENSG00000138670
13920.0	0.0003	RIN3	ENSG00000100599
13920.0	0.0003	RASGEF1A	ENSG00000198915
13920.0	0.0003	CIDEB	ENSG00000136305
13920.0	0.0003	FUCA2	ENSG00000001036
13920.0	0.0003	FEM1B	ENSG00000169018
13920.0	0.0003	DACT1	ENSG00000165617
13920.0	0.0003	APOL1	ENSG00000100342
13920.0	0.0003	KLK6	ENSG00000167755
13920.0	0.0003	SPINK1	ENSG00000164266
13920.0	0.0003	CR1	ENSG00000203710
13920.0	0.0003	CRTC3	ENSG00000140577
13920.0	0.0003	MGP	ENSG00000111341
13920.0	0.0003	CEACAM5	ENSG00000105388
13920.0	0.0003	AFAP1	ENSG00000196526
13920.0	0.0003	FUNDC1	ENSG00000069509
13920.0	0.0003	SPATA2L	ENSG00000158792
13920.0	0.0003	WDR24	ENSG00000127580
13920.0	0.0003	GLIS1	ENSG00000174332
13920.0	0.0003	MARVELD3	ENSG00000140832
13920.0	0.0003	IL25	ENSG00000166090
13920.0	0.0003	NXPH3	ENSG00000182575
13920.0	0.0003	NOL9	ENSG00000162408
13920.0	0.0003	UBR2	ENSG00000024048
13920.0	0.0003	DCUN1D4	ENSG00000109184
13920.0	0.0003	AMER2	ENSG00000165566
13920.0	0.0003	F8	ENSG00000185010
13920.0	0.0003	LMO7	ENSG00000136153
13920.0	0.0003	TNFRSF10D	ENSG00000173530
13920.0	0.0003	ASB7	ENSG00000183475
13920.0	0.0003	COLEC12	ENSG00000158270
13920.0	0.0003	THEM4	ENSG00000159445
13920.0	0.0003	DNPH1	ENSG00000112667
13920.0	0.0003	FIGLA	ENSG00000183733
13920.0	0.0003	PLBD1	ENSG00000121316
13920.0	0.0003	TNFSF9	ENSG00000125657
13920.0	0.0003	TFCP2L1	ENSG00000115112
13920.0	0.0003	RAB24	ENSG00000169228
13920.0	0.0003	ARHGEF19	ENSG00000142632
13920.0	0.0003	CST2	ENSG00000170369
13920.0	0.0003	ZKSCAN4	ENSG00000187626
13920.0	0.0003	JCHAIN	ENSG00000132465
13920.0	0.0003	POLQ	ENSG00000051341
13920.0	0.0003	IL17RB	ENSG00000056736
13920.0	0.0003	RAPH1	ENSG00000173166
13920.0	0.0003	AGR3	ENSG00000173467
13920.0	0.0003	ZKSCAN7	ENSG00000196345
13920.0	0.0003	HOXD8	ENSG00000175879
13920.0	0.0003	CLK1	ENSG00000013441
13920.0	0.0003	DELE1	ENSG00000081791
13920.0	0.0003	NXPH1	ENSG00000122584
13920.0	0.0003	CDR1	ENSG00000184258
13920.0	0.0003	BHLHA9	ENSG00000205899
13920.0	0.0003	CYP2F1	ENSG00000197446
13920.0	0.0003	MRPL28	ENSG00000086504
13920.0	0.0003	SLC25A41	ENSG00000181240
13920.0	0.0003	S100P	ENSG00000163993
13920.0	0.0003	FUT10	ENSG00000172728
13920.0	0.0003	HARBI1	ENSG00000180423
13920.0	0.0003	CCL17	ENSG00000102970
13920.0	0.0003	REP15	ENSG00000174236
13920.0	0.0003	TRIM46	ENSG00000163462
13920.0	0.0003	VWC2L	ENSG00000174453
13920.0	0.0003	PTCRA	ENSG00000171611
13920.0	0.0003	GARIN2	ENSG00000172717
13920.0	0.0003	TMED6	ENSG00000157315
13920.0	0.0003	IL1RN	ENSG00000136689
13920.0	0.0003	RIPOR2	ENSG00000111913
13920.0	0.0003	INIP	ENSG00000148153
13920.0	0.0003	TMEM8B	ENSG00000137103
13920.0	0.0003	ANP32B	ENSG00000136938
13920.0	0.0003	DISP3	ENSG00000204624
13920.0	0.0003	DOK6	ENSG00000206052
13920.0	0.0003	FGB	ENSG00000171564
13920.0	0.0003	SLA	ENSG00000155926
13920.0	0.0003	PKN3	ENSG00000160447
13920.0	0.0003	CEACAM7	ENSG00000007306
13920.0	0.0003	DBX2	ENSG00000185610
13920.0	0.0003	ALPK2	ENSG00000198796
13920.0	0.0003	GNLY	ENSG00000115523
13920.0	0.0003	ACRV1	ENSG00000134940
13920.0	0.0003	CSRP3	ENSG00000129170
13920.0	0.0003	NOTCH2NLA	ENSG00000213240
13920.0	0.0003	SCEL	ENSG00000136155
13920.0	0.0003	RAX	ENSG00000134438
13920.0	0.0003	NR3C2	ENSG00000151623
13920.0	0.0003	PDP2	ENSG00000172840
13920.0	0.0003	PP2D1	ENSG00000183977
13920.0	0.0003	PPM1E	ENSG00000175175
13920.0	0.0003	PPM1N	ENSG00000213889
13920.0	0.0003	TEX13A	ENSG00000133149
13920.0	0.0003	ZNF521	ENSG00000198795
13920.0	0.0003	NEIL2	ENSG00000154328
13920.0	0.0003	GPR85	ENSG00000164604
13920.0	0.0003	SERPIND1	ENSG00000099937
13920.0	0.0003	UNC50	ENSG00000115446
13920.0	0.0003	CALY	ENSG00000130643
13920.0	0.0003	TMEM250	ENSG00000238227
13920.0	0.0003	MEIG1	ENSG00000197889
13920.0	0.0003	RGS8	ENSG00000135824
13920.0	0.0003	PCYOX1	ENSG00000116005
13920.0	0.0003	ZNF366	ENSG00000178175
13920.0	0.0003	SPAG17	ENSG00000155761
13920.0	0.0003	USP12	ENSG00000152484
13920.0	0.0003	PCMT1	ENSG00000120265
13920.0	0.0003	TGIF2LX	ENSG00000153779
13920.0	0.0003	TGIF2LY	ENSG00000176679
13920.0	0.0003	LYPD2	ENSG00000197353
13920.0	0.0003	PGAM4	ENSG00000226784
13920.0	0.0003	CST1	ENSG00000170373
13920.0	0.0003	APBB2	ENSG00000163697
13920.0	0.0003	SCYL3	ENSG00000000457
13920.0	0.0003	GLS2	ENSG00000135423
13920.0	0.0003	FNTA	ENSG00000168522
13920.0	0.0003	HABP2	ENSG00000148702
13920.0	0.0003	ZNF705A	ENSG00000196946
13920.0	0.0003	ZNF705B	ENSG00000215356
13920.0	0.0003	ZNF705D	ENSG00000215343
13920.0	0.0003	ZNF705G	ENSG00000215372
13920.0	0.0003	FRAT1	ENSG00000165879
13920.0	0.0003	ETV4	ENSG00000175832
13920.0	0.0003	STEAP2	ENSG00000157214
13920.0	0.0003	CLECL1P	ENSG00000184293
13920.0	0.0003	ORAI3	ENSG00000175938
13920.0	0.0003	STEAP4	ENSG00000127954
13920.0	0.0003	OVOL1	ENSG00000172818
13920.0	0.0003	APOC4	ENSG00000267467
13920.0	0.0003	SP9	ENSG00000217236
13920.0	0.0003	PID1	ENSG00000153823
13920.0	0.0003	STAP1	ENSG00000035720
13920.0	0.0003	ZNF599	ENSG00000153896
13920.0	0.0003	CDNF	ENSG00000185267
13920.0	0.0003	PALLD	ENSG00000129116
13920.0	0.0003	TRHDE	ENSG00000072657
13920.0	0.0003	ST18	ENSG00000147488
13920.0	0.0003	UBE2Q2	ENSG00000140367
13920.0	0.0003	SSX2IP	ENSG00000117155
13920.0	0.0003	H1-6	ENSG00000187475
13920.0	0.0003	ZNF282	ENSG00000170265
13920.0	0.0003	PPP6C	ENSG00000119414
13920.0	0.0003	CHRFAM7A	ENSG00000166664
13920.0	0.0003	CD72	ENSG00000137101
13920.0	0.0003	F13B	ENSG00000143278
13920.0	0.0003	EME2	ENSG00000197774
13920.0	0.0003	ZFP64	ENSG00000020256
13920.0	0.0003	CAPN13	ENSG00000162949
13920.0	0.0003	ZNF24	ENSG00000172466
13920.0	0.0003	ATE1	ENSG00000107669
13920.0	0.0003	LTK	ENSG00000062524
13920.0	0.0003	PSKH1	ENSG00000159792
13920.0	0.0003	SORBS2	ENSG00000154556
13920.0	0.0003	RARRES2	ENSG00000106538
13920.0	0.0003	GPSM1	ENSG00000160360
13920.0	0.0003	ARHGEF10	ENSG00000104728
13920.0	0.0003	HEATR4	ENSG00000187105
13920.0	0.0003	AGFG2	ENSG00000106351
13920.0	0.0003	CAPN9	ENSG00000135773
13920.0	0.0003	USP31	ENSG00000103404
13920.0	0.0003	MIDN	ENSG00000167470
13920.0	0.0003	SORCS2	ENSG00000184985
13920.0	0.0003	DNASE1	ENSG00000213918
13920.0	0.0003	RAB20	ENSG00000139832
13920.0	0.0003	CAPN12	ENSG00000182472
13920.0	0.0003	TMEM209	ENSG00000146842
13920.0	0.0003	TENT5D	ENSG00000174016
13920.0	0.0003	TBC1D3B	ENSG00000224226
13920.0	0.0003	IQCF2	ENSG00000184345
13920.0	0.0003	A1BG	ENSG00000121410
13920.0	0.0003	LTB	ENSG00000227507
13920.0	0.0003	FRAT2	ENSG00000181274
13920.0	0.0003	KBTBD2	ENSG00000170852
13920.0	0.0003	MPHOSPH9	ENSG00000051825
13920.0	0.0003	CLIC4	ENSG00000169504
13920.0	0.0003	REM1	ENSG00000088320
13920.0	0.0003	DTX3	ENSG00000178498
13920.0	0.0003	KIAA0930	ENSG00000100364
13920.0	0.0003	CDR2	ENSG00000140743
13920.0	0.0003	COL11A2	ENSG00000204248
13920.0	0.0003	SLC22A13	ENSG00000172940
13920.0	0.0003	GGTLC2	ENSG00000100121
13920.0	0.0003	ADGB	ENSG00000118492
13920.0	0.0003	CAPN11	ENSG00000137225
13920.0	0.0003	CAPN14	ENSG00000214711
13920.0	0.0003	CAPN15	ENSG00000103326
13920.0	0.0003	SHOX2	ENSG00000168779
13920.0	0.0003	SALL2	ENSG00000165821
13920.0	0.0003	DTX3L	ENSG00000163840
13920.0	0.0003	ATP8B3	ENSG00000130270
13920.0	0.0003	GMFG	ENSG00000130755
13920.0	0.0003	BCL2L10	ENSG00000137875
13920.0	0.0003	NOTUM	ENSG00000185269
13920.0	0.0003	PARP14	ENSG00000173193
13920.0	0.0003	PRICKLE3	ENSG00000012211
13920.0	0.0003	PTTG2	ENSG00000250254
13920.0	0.0003	KNCN	ENSG00000162456
13920.0	0.0003	PEG3	ENSG00000198300
13920.0	0.0003	CARHSP1	ENSG00000153048
13920.0	0.0003	VHLL	ENSG00000189030
13920.0	0.0003	NLRP10	ENSG00000182261
13920.0	0.0003	ANKRD6	ENSG00000135299
13920.0	0.0003	COCH	ENSG00000100473
13920.0	0.0003	SPATC1L	ENSG00000160284
13920.0	0.0003	SLC29A4	ENSG00000164638
13920.0	0.0003	TSNAXIP1	ENSG00000102904
13920.0	0.0003	TNFAIP6	ENSG00000123610
13920.0	0.0003	JOSD1	ENSG00000100221
13920.0	0.0003	OTOF	ENSG00000115155
13920.0	0.0003	KBTBD6	ENSG00000165572
13920.0	0.0003	PDE3B	ENSG00000152270
13920.0	0.0003	PLAC1	ENSG00000170965
13920.0	0.0003	ZNF398	ENSG00000197024
13920.0	0.0003	BMP15	ENSG00000130385
13920.0	0.0003	STRA8	ENSG00000146857
13920.0	0.0003	IMMP1L	ENSG00000148950
13920.0	0.0003	FOXN2	ENSG00000170802
13920.0	0.0003	ARL6IP4	ENSG00000182196
13920.0	0.0003	CASP14	ENSG00000105141
13920.0	0.0003	LOXHD1	ENSG00000167210
13920.0	0.0003	RANBP3L	ENSG00000164188
13920.0	0.0003	AZGP1	ENSG00000160862
13920.0	0.0003	TBC1D3C	ENSG00000234972
13920.0	0.0003	RAD51AP1	ENSG00000111247
13920.0	0.0003	CTHRC1	ENSG00000164932
13920.0	0.0003	YAE1	ENSG00000241127
13920.0	0.0003	CPNE7	ENSG00000178773
13920.0	0.0003	IPO11	ENSG00000086200
13920.0	0.0003	KRT77	ENSG00000189182
13920.0	0.0003	LRIG2	ENSG00000198799
13920.0	0.0003	TIMP4	ENSG00000157150
13920.0	0.0003	SEL1L3	ENSG00000091490
13920.0	0.0003	MADCAM1	ENSG00000099866
13920.0	0.0003	MAP3K9	ENSG00000006432
13920.0	0.0003	MSRA	ENSG00000175806
13920.0	0.0003	CAMKMT	ENSG00000143919
13920.0	0.0003	PLAC8	ENSG00000145287
13920.0	0.0003	DDN	ENSG00000181418
13920.0	0.0003	CNGB3	ENSG00000170289
13920.0	0.0003	FAIM	ENSG00000158234
13920.0	0.0003	TENM1	ENSG00000009694
13920.0	0.0003	RECK	ENSG00000122707
13920.0	0.0003	KLHDC9	ENSG00000162755
13920.0	0.0003	CLIC5	ENSG00000112782
13920.0	0.0003	INO80D	ENSG00000114933
13920.0	0.0003	MDFI	ENSG00000112559
13920.0	0.0003	TP53AIP1	ENSG00000120471
13920.0	0.0003	CIR1	ENSG00000138433
13920.0	0.0003	TSKS	ENSG00000126467
13920.0	0.0003	ASPH	ENSG00000198363
13920.0	0.0003	SLC7A6	ENSG00000103064
13920.0	0.0003	DHX57	ENSG00000163214
13920.0	0.0003	PARP11	ENSG00000111224
13920.0	0.0003	TBC1D3F	ENSG00000185128
13920.0	0.0003	PLEKHG4B	ENSG00000153404
13920.0	0.0003	RETNLB	ENSG00000163515
13920.0	0.0003	RNF24	ENSG00000101236
13920.0	0.0003	DMTF1	ENSG00000135164
13920.0	0.0003	IQCN	ENSG00000130518
13920.0	0.0003	KTN1	ENSG00000126777
13920.0	0.0003	GPRC5C	ENSG00000170412
13920.0	0.0003	REG4	ENSG00000134193
13920.0	0.0003	ZNF3	ENSG00000166526
13920.0	0.0003	GGACT	ENSG00000134864
13920.0	0.0003	NECTIN4	ENSG00000143217
13920.0	0.0003	CD276	ENSG00000103855
13920.0	0.0003	MXD3	ENSG00000213347
13920.0	0.0003	UBQLN3	ENSG00000175520
13920.0	0.0003	C1orf127	ENSG00000175262
13920.0	0.0003	ELF5	ENSG00000135374
13920.0	0.0003	GLIPR1L1	ENSG00000173401
13920.0	0.0003	ST13	ENSG00000100380
13920.0	0.0003	DONSON	ENSG00000159147
13920.0	0.0003	NKAIN4	ENSG00000101198
13920.0	0.0003	PNISR	ENSG00000132424
13920.0	0.0003	RNF25	ENSG00000163481
13920.0	0.0003	PNMA8B	ENSG00000204851
13920.0	0.0003	PDLIM1	ENSG00000107438
13920.0	0.0003	CINP	ENSG00000100865
13920.0	0.0003	HINFP	ENSG00000172273
13920.0	0.0003	SH3BP4	ENSG00000130147
13920.0	0.0003	PNMA1	ENSG00000176903
13920.0	0.0003	EGFL7	ENSG00000172889
13920.0	0.0003	BMF	ENSG00000104081
13920.0	0.0003	WDSUB1	ENSG00000196151
13920.0	0.0003	CTDSP1	ENSG00000144579
13920.0	0.0003	REG3A	ENSG00000172016
13920.0	0.0003	PELO	ENSG00000152684
13920.0	0.0003	SKAP1	ENSG00000141293
13920.0	0.0003	MTG2	ENSG00000101181
13920.0	0.0003	RANBP17	ENSG00000204764
13920.0	0.0003	UTF1	ENSG00000171794
13920.0	0.0003	EPS8L2	ENSG00000177106
13920.0	0.0003	RASL11A	ENSG00000122035
13920.0	0.0003	BFSP1	ENSG00000125864
13920.0	0.0003	CTDSPL	ENSG00000144677
13920.0	0.0003	CELF3	ENSG00000159409
13920.0	0.0003	CTDSP2	ENSG00000175215
13920.0	0.0003	MEP1A	ENSG00000112818
13920.0	0.0003	NOXA1	ENSG00000188747
13920.0	0.0003	PTGDS	ENSG00000107317
13920.0	0.0003	FGL2	ENSG00000127951
13920.0	0.0003	MYO3A	ENSG00000095777
13920.0	0.0003	IL17F	ENSG00000112116
13920.0	0.0003	KCNRG	ENSG00000198553
13920.0	0.0003	ZFPL1	ENSG00000162300
13920.0	0.0003	MYO3B	ENSG00000071909
13920.0	0.0003	ARPP19	ENSG00000128989
13920.0	0.0003	BNIPL	ENSG00000163141
13920.0	0.0003	SBNO2	ENSG00000064932
13920.0	0.0003	AMOTL2	ENSG00000114019
13920.0	0.0003	IMMP2L	ENSG00000184903
13920.0	0.0003	TENM3	ENSG00000218336
13920.0	0.0003	KIF15	ENSG00000163808
13920.0	0.0003	MAP3K6	ENSG00000142733
13920.0	0.0003	FRMD1	ENSG00000153303
13920.0	0.0003	PHF2	ENSG00000197724
13920.0	0.0003	DMTN	ENSG00000158856
13920.0	0.0003	HSF5	ENSG00000176160
13920.0	0.0003	DDR2	ENSG00000162733
13920.0	0.0003	NKAIN1	ENSG00000084628
13920.0	0.0003	ARL11	ENSG00000152213
13920.0	0.0003	ANXA13	ENSG00000104537
13920.0	0.0003	ASCL4	ENSG00000187855
13920.0	0.0003	SIVA1	ENSG00000184990
13920.0	0.0003	CARD8	ENSG00000105483
13920.0	0.0003	BHLHA15	ENSG00000180535
13920.0	0.0003	STK17B	ENSG00000081320
13920.0	0.0003	NMT1	ENSG00000136448
13920.0	0.0003	STK17A	ENSG00000164543
13920.0	0.0003	MIOS	ENSG00000164654
13920.0	0.0003	CELF6	ENSG00000140488
13920.0	0.0003	ATP11B	ENSG00000058063
13920.0	0.0003	ZFHX4	ENSG00000091656
13920.0	0.0003	TMEM114	ENSG00000232258
13920.0	0.0003	PRTFDC1	ENSG00000099256
13920.0	0.0003	PNRC2	ENSG00000189266
13920.0	0.0003	ST8SIA6	ENSG00000148488
13920.0	0.0003	MOXD1	ENSG00000079931
13920.0	0.0003	SLN	ENSG00000170290
13920.0	0.0003	TPCN2	ENSG00000162341
13920.0	0.0003	EHF	ENSG00000135373
13920.0	0.0003	TCAF1	ENSG00000198420
13920.0	0.0003	HBP1	ENSG00000105856
13920.0	0.0003	TMEM132D	ENSG00000151952
13920.0	0.0003	MRPL30	ENSG00000185414
13920.0	0.0003	CDCA7	ENSG00000144354
13920.0	0.0003	GFRA3	ENSG00000146013
13920.0	0.0003	RASA4	ENSG00000105808
13920.0	0.0003	KCNK1	ENSG00000135750
13920.0	0.0003	BTLA	ENSG00000186265
13920.0	0.0003	PEG10	ENSG00000242265
13920.0	0.0003	NXNL1	ENSG00000171773
13920.0	0.0003	EYA3	ENSG00000158161
13920.0	0.0003	SLC7A11	ENSG00000151012
13920.0	0.0003	MYCT1	ENSG00000120279
13920.0	0.0003	OCIAD2	ENSG00000145247
13920.0	0.0003	TIAF1	ENSG00000221995
13920.0	0.0003	RUFY3	ENSG00000018189
13920.0	0.0003	KCNK6	ENSG00000099337
13920.0	0.0003	KCNK7	ENSG00000173338
13920.0	0.0003	DIP2B	ENSG00000066084
13920.0	0.0003	CYP24A1	ENSG00000019186
13920.0	0.0003	RASAL2	ENSG00000075391
13920.0	0.0003	RASIP1	ENSG00000105538
13920.0	0.0003	HMG20A	ENSG00000140382
13920.0	0.0003	RASAL3	ENSG00000105122
13920.0	0.0003	TMEM86A	ENSG00000151117
13920.0	0.0003	GCA	ENSG00000115271
13920.0	0.0003	TFPI2	ENSG00000105825
13920.0	0.0003	CD207	ENSG00000116031
13920.0	0.0003	ZYG11B	ENSG00000162378
13920.0	0.0003	TYW5	ENSG00000162971
13920.0	0.0003	ROR1	ENSG00000185483
13920.0	0.0003	RASL11B	ENSG00000128045
13920.0	0.0003	TCP11	ENSG00000124678
13920.0	0.0003	YTHDF1	ENSG00000149658
13920.0	0.0003	GFRA4	ENSG00000125861
13920.0	0.0003	RASA4B	ENSG00000170667
13920.0	0.0003	CCL7	ENSG00000108688
13920.0	0.0003	PPEF2	ENSG00000156194
13920.0	0.0003	OCSTAMP	ENSG00000149635
13920.0	0.0003	ZBED3	ENSG00000132846
13920.0	0.0003	CTA-221G9.10	ENSG00000271181
13920.0	0.0003	STMN3	ENSG00000197457
13920.0	0.0003	GAL3ST3	ENSG00000175229
13920.0	0.0003	ZBED2	ENSG00000177494
13920.0	0.0003	RASSF6	ENSG00000169435
13920.0	0.0003	AQP12B	ENSG00000185176
13920.0	0.0003	HASPIN	ENSG00000177602
13920.0	0.0003	MACC1	ENSG00000183742
13920.0	0.0003	DCD	ENSG00000161634
13920.0	0.0003	MIS18BP1	ENSG00000129534
13920.0	0.0003	CEP68	ENSG00000011523
13920.0	0.0003	ZBTB8OS	ENSG00000176261
13920.0	0.0003	CCDC134	ENSG00000100147
13920.0	0.0003	PARPBP	ENSG00000185480
13920.0	0.0003	DKK4	ENSG00000104371
13920.0	0.0003	SIPA1L2	ENSG00000116991
13920.0	0.0003	ZNF281	ENSG00000162702
13920.0	0.0003	BARHL2	ENSG00000143032
13920.0	0.0003	SYNGR1	ENSG00000100321
13920.0	0.0003	AHRR	ENSG00000063438
13920.0	0.0003	SPEF1	ENSG00000101222
13920.0	0.0003	RAMP1	ENSG00000132329
13920.0	0.0003	HJURP	ENSG00000123485
13920.0	0.0003	GIMAP4	ENSG00000133574
13920.0	0.0003	ANKRD2	ENSG00000165887
13920.0	0.0003	MYCL	ENSG00000116990
13920.0	0.0003	IFRG15	ENSG00000258664
13920.0	0.0003	TOR1AIP2	ENSG00000169905
13920.0	0.0003	TROAP	ENSG00000135451
13920.0	0.0003	DGCR2	ENSG00000070413
13920.0	0.0003	BCL7C	ENSG00000099385
13920.0	0.0003	GHITM	ENSG00000165678
13920.0	0.0003	IFRD2	ENSG00000214706
13920.0	0.0003	SLC26A9	ENSG00000174502
13920.0	0.0003	QSOX2	ENSG00000165661
13920.0	0.0003	TMA16	ENSG00000198498
13920.0	0.0003	RASL12	ENSG00000103710
13920.0	0.0003	PIMREG	ENSG00000129195
13920.0	0.0003	AKAP12	ENSG00000131016
13920.0	0.0003	TDRKH	ENSG00000182134
13920.0	0.0003	TNFSF18	ENSG00000120337
13920.0	0.0003	BEST3	ENSG00000127325
13920.0	0.0003	VKORC1	ENSG00000167397
13920.0	0.0003	FCGR3A	ENSG00000203747
13920.0	0.0003	PATL2	ENSG00000229474
13920.0	0.0003	TRIM6-TRIM34	ENSG00000258588
13920.0	0.0003	CCL23	ENSG00000167236
13920.0	0.0003	EIF4ENIF1	ENSG00000184708
13920.0	0.0003	MINDY1	ENSG00000143409
13920.0	0.0003	AMY1A	ENSG00000237763
13920.0	0.0003	AMY1B	ENSG00000174876
13920.0	0.0003	AVPR2	ENSG00000126895
13920.0	0.0003	MICU3	ENSG00000155970
13920.0	0.0003	CNN2	ENSG00000064666
13920.0	0.0003	EHBP1	ENSG00000115504
13920.0	0.0003	TNFRSF6B	ENSG00000243509
13920.0	0.0003	R3HDM1	ENSG00000048991
13920.0	0.0003	NKAIN2	ENSG00000188580
13920.0	0.0003	NTMT1	ENSG00000148335
13920.0	0.0003	CCN4	ENSG00000104415
13920.0	0.0003	SYNC	ENSG00000162520
13920.0	0.0003	SLC6A17	ENSG00000197106
13920.0	0.0003	ZNF746	ENSG00000181220
13920.0	0.0003	SNRK	ENSG00000163788
13920.0	0.0003	CEBPE	ENSG00000092067
13920.0	0.0003	SYT11	ENSG00000132718
13920.0	0.0003	FLT3LG	ENSG00000090554
13920.0	0.0003	TDRD9	ENSG00000156414
13920.0	0.0003	PTPN9	ENSG00000169410
13920.0	0.0003	HINT2	ENSG00000137133
13920.0	0.0003	MAPKBP1	ENSG00000137802
13920.0	0.0003	LOXL1	ENSG00000129038
13920.0	0.0003	MAL	ENSG00000172005
13920.0	0.0003	TSR2	ENSG00000158526
13920.0	0.0003	EVC	ENSG00000072840
13920.0	0.0003	STK32B	ENSG00000152953
13920.0	0.0003	NOP16	ENSG00000048162
13920.0	0.0003	QSOX1	ENSG00000116260
13920.0	0.0003	SLC14A1	ENSG00000141469
13920.0	0.0003	INS-IGF2	ENSG00000129965
13920.0	0.0003	TRIM34	ENSG00000258659
13920.0	0.0003	TCN1	ENSG00000134827
13920.0	0.0003	MTUS2	ENSG00000132938
13920.0	0.0003	FADS3	ENSG00000221968
13920.0	0.0003	TBC1D9B	ENSG00000197226
13920.0	0.0003	CRACR2A	ENSG00000130038
13920.0	0.0003	TDRD6	ENSG00000180113
13920.0	0.0003	TOX	ENSG00000198846
13920.0	0.0003	STK32A	ENSG00000169302
13920.0	0.0003	IGFBP7	ENSG00000163453
13920.0	0.0003	TRMT61B	ENSG00000171103
13920.0	0.0003	ASCL3	ENSG00000176009
13920.0	0.0003	NALF2	ENSG00000130054
13920.0	0.0003	CTNNAL1	ENSG00000119326
13920.0	0.0003	FSCN1	ENSG00000075618
13920.0	0.0003	TRAM2	ENSG00000065308
13920.0	0.0003	GCC1	ENSG00000179562
13920.0	0.0003	NSG1	ENSG00000168824
13920.0	0.0003	PCDH18	ENSG00000189184
13920.0	0.0003	BOK	ENSG00000176720
13920.0	0.0003	SECTM1	ENSG00000141574
13920.0	0.0003	SLC18B1	ENSG00000146409
13920.0	0.0003	TM9SF2	ENSG00000125304
13920.0	0.0003	DSCAML1	ENSG00000177103
13920.0	0.0003	SLC18A1	ENSG00000036565
13920.0	0.0003	CD244	ENSG00000122223
13920.0	0.0003	GTF3C6	ENSG00000155115
13920.0	0.0003	TBXAS1	ENSG00000059377
13920.0	0.0003	FRAS1	ENSG00000138759
13920.0	0.0003	SH3RF2	ENSG00000156463
13920.0	0.0003	ZCCHC12	ENSG00000174460
13920.0	0.0003	PPP1R14D	ENSG00000166143
13920.0	0.0003	TIE1	ENSG00000066056
13920.0	0.0003	LCE2A	ENSG00000187173
13920.0	0.0003	GYPA	ENSG00000170180
13920.0	0.0003	SIGLEC1	ENSG00000088827
13920.0	0.0003	IRGM	ENSG00000237693
13920.0	0.0003	GTSF1	ENSG00000170627
13920.0	0.0003	TSPY2	ENSG00000168757
13920.0	0.0003	PLEKHA3	ENSG00000116095
13920.0	0.0003	PNPLA5	ENSG00000100341
13920.0	0.0003	IQCG	ENSG00000114473
13920.0	0.0003	BARHL1	ENSG00000125492
13920.0	0.0003	UBE2Z	ENSG00000159202
13920.0	0.0003	AKIRIN1	ENSG00000174574
13920.0	0.0003	HPGDS	ENSG00000163106
13920.0	0.0003	FNDC5	ENSG00000160097
13920.0	0.0003	FAM8A1	ENSG00000137414
13920.0	0.0003	CADPS	ENSG00000163618
13920.0	0.0003	AKR7A2	ENSG00000053371
13920.0	0.0003	SFMBT1	ENSG00000163935
13920.0	0.0003	FILIP1	ENSG00000118407
13920.0	0.0003	IL17RE	ENSG00000163701
13920.0	0.0003	LCMT2	ENSG00000168806
13920.0	0.0003	ABHD1	ENSG00000143994
13920.0	0.0003	DEFA5	ENSG00000164816
13920.0	0.0003	CHORDC1	ENSG00000110172
13920.0	0.0003	CSRNP2	ENSG00000110925
13920.0	0.0003	CRYZ	ENSG00000116791
13920.0	0.0003	DSC1	ENSG00000134765
13920.0	0.0003	DNTTIP1	ENSG00000101457
13920.0	0.0003	GBP5	ENSG00000154451
13920.0	0.0003	C1orf116	ENSG00000182795
13920.0	0.0003	SEPTIN12	ENSG00000140623
13920.0	0.0003	ZXDC	ENSG00000070476
13920.0	0.0003	STAB2	ENSG00000136011
13920.0	0.0003	FAM20C	ENSG00000177706
13920.0	0.0003	ZBTB22	ENSG00000236104
13920.0	0.0003	ALX3	ENSG00000156150
13920.0	0.0003	C1QTNF1	ENSG00000173918
13920.0	0.0003	SLC2A4RG	ENSG00000125520
13920.0	0.0003	TRIP11	ENSG00000100815
13920.0	0.0003	FAHD2B	ENSG00000144199
13920.0	0.0003	CHI3L1	ENSG00000133048
13920.0	0.0003	PJA2	ENSG00000198961
13920.0	0.0003	ZG16B	ENSG00000162078
13920.0	0.0003	TBC1D3H	ENSG00000242384
13920.0	0.0003	KLHDC1	ENSG00000197776
13920.0	0.0003	TRIM29	ENSG00000137699
13920.0	0.0003	PNPLA1	ENSG00000180316
13920.0	0.0003	KLHDC2	ENSG00000165516
13920.0	0.0003	PRRG2	ENSG00000126460
13920.0	0.0003	IFFO1	ENSG00000010295
13920.0	0.0003	MAGEB2	ENSG00000099399
13920.0	0.0003	SRPX	ENSG00000101955
13920.0	0.0003	RPUSD4	ENSG00000165526
13920.0	0.0003	ITFG1	ENSG00000129636
13920.0	0.0003	AVIL	ENSG00000135407
13920.0	0.0003	MRGPRX1	ENSG00000170255
13920.0	0.0003	INSL3	ENSG00000248099
13920.0	0.0003	COMMD4	ENSG00000140365
13920.0	0.0003	TBC1D17	ENSG00000104946
13920.0	0.0003	ANTXR2	ENSG00000163297
13920.0	0.0003	CILP2	ENSG00000160161
13920.0	0.0003	PRXL2B	ENSG00000157870
13920.0	0.0003	FAHD2A	ENSG00000115042
13920.0	0.0003	MBNL2	ENSG00000139793
13920.0	0.0003	RNF19B	ENSG00000116514
13920.0	0.0003	PTPRCAP	ENSG00000213402
13920.0	0.0003	MYOZ3	ENSG00000164591
13920.0	0.0003	BOLL	ENSG00000152430
13920.0	0.0003	INSC	ENSG00000188487
13920.0	0.0003	SDF2	ENSG00000132581
13920.0	0.0003	TNFRSF12A	ENSG00000006327
13920.0	0.0003	MT1F	ENSG00000198417
13920.0	0.0003	KRT31	ENSG00000094796
13920.0	0.0003	KRT36	ENSG00000126337
13920.0	0.0003	NBAS	ENSG00000151779
13920.0	0.0003	SSH3	ENSG00000172830
13920.0	0.0003	LY9	ENSG00000122224
13920.0	0.0003	ICAM4	ENSG00000105371
13920.0	0.0003	UBAC2	ENSG00000134882
13920.0	0.0003	CELA3B	ENSG00000219073
13920.0	0.0003	RELL2	ENSG00000164620
13920.0	0.0003	PEAK1	ENSG00000173517
13920.0	0.0003	OARD1	ENSG00000124596
13920.0	0.0003	NKIRAS1	ENSG00000197885
13920.0	0.0003	TCF25	ENSG00000141002
13920.0	0.0003	PARP9	ENSG00000138496
13920.0	0.0003	ANO2	ENSG00000047617
13920.0	0.0003	RELL1	ENSG00000181826
13920.0	0.0003	SLAIN2	ENSG00000109171
13920.0	0.0003	TGM1	ENSG00000092295
13920.0	0.0003	CARD9	ENSG00000187796
13920.0	0.0003	YBEY	ENSG00000182362
13920.0	0.0003	PRSS8	ENSG00000052344
13920.0	0.0003	HLA-DPB1	ENSG00000223865
13920.0	0.0003	S100A11	ENSG00000163191
13920.0	0.0003	CRYM	ENSG00000103316
13920.0	0.0003	PSAPL1	ENSG00000178597
13920.0	0.0003	CFAP251	ENSG00000158023
13920.0	0.0003	TAS1R2	ENSG00000179002
13920.0	0.0003	IL33	ENSG00000137033
13920.0	0.0003	NOL12	ENSG00000100101
13920.0	0.0003	RASSF9	ENSG00000198774
13920.0	0.0003	NLN	ENSG00000123213
13920.0	0.0003	GRSF1	ENSG00000132463
13920.0	0.0003	CALCRL	ENSG00000064989
13920.0	0.0003	PRR13	ENSG00000205352
13920.0	0.0003	MYO1B	ENSG00000128641
13920.0	0.0003	TRAFD1	ENSG00000135148
13920.0	0.0003	LTO1	ENSG00000149716
13920.0	0.0003	ZNF557	ENSG00000130544
13920.0	0.0003	DBP	ENSG00000105516
13920.0	0.0003	MYG1	ENSG00000139637
13920.0	0.0003	RWDD4	ENSG00000182552
13920.0	0.0003	CCDC85A	ENSG00000055813
13920.0	0.0003	CCDC85C	ENSG00000205476
13920.0	0.0003	GSE1	ENSG00000131149
13920.0	0.0003	RHCG	ENSG00000140519
13920.0	0.0003	CA1	ENSG00000133742
13920.0	0.0003	MBD3L1	ENSG00000170948
13920.0	0.0003	HGH1	ENSG00000235173
13920.0	0.0003	FAM203B	ENSG00000230567
13920.0	0.0003	MVP	ENSG00000013364
13920.0	0.0003	SLC16A7	ENSG00000118596
13920.0	0.0003	MEOX1	ENSG00000005102
13920.0	0.0003	SHROOM3	ENSG00000138771
13920.0	0.0003	AGBL3	ENSG00000146856
13920.0	0.0003	AIM2	ENSG00000163568
13920.0	0.0003	SLC20A1	ENSG00000144136
13920.0	0.0003	SLC26A8	ENSG00000112053
13920.0	0.0003	RNF186	ENSG00000178828
13920.0	0.0003	UCK1	ENSG00000130717
13920.0	0.0003	NAP1L3	ENSG00000186310
13920.0	0.0003	KIAA2013	ENSG00000116685
13920.0	0.0003	CELA3A	ENSG00000142789
13920.0	0.0003	TOR3A	ENSG00000186283
13920.0	0.0003	ZBED6	ENSG00000257315
13920.0	0.0003	ATP2C1	ENSG00000017260
13920.0	0.0003	DELEC1	ENSG00000173077
13920.0	0.0003	ERAP2	ENSG00000164308
13920.0	0.0003	CNN3	ENSG00000117519
13920.0	0.0003	RBM15B	ENSG00000179837
13920.0	0.0003	WFIKKN2	ENSG00000173714
13920.0	0.0003	HTN1	ENSG00000126550
13920.0	0.0003	PRAM1	ENSG00000133246
13920.0	0.0003	RNF185	ENSG00000138942
13920.0	0.0003	MEX3C	ENSG00000176624
13920.0	0.0003	CGB1	ENSG00000267631
13920.0	0.0003	NT5C3B	ENSG00000141698
13920.0	0.0003	RBMS2	ENSG00000076067
13920.0	0.0003	CEACAM8	ENSG00000124469
13920.0	0.0003	PRSS58	ENSG00000258223
13920.0	0.0003	BEND3	ENSG00000178409
13920.0	0.0003	SHB	ENSG00000107338
13920.0	0.0003	SP5	ENSG00000204335
13920.0	0.0003	TAS1R1	ENSG00000173662
13920.0	0.0003	ACR	ENSG00000100312
13920.0	0.0003	NRGN	ENSG00000154146
13920.0	0.0003	RAMP3	ENSG00000122679
13920.0	0.0003	C18orf54	ENSG00000166845
13920.0	0.0003	ZDHHC18	ENSG00000204160
13920.0	0.0003	RNF144B	ENSG00000137393
13920.0	0.0003	CES5A	ENSG00000159398
13920.0	0.0003	DUSP12	ENSG00000081721
13920.0	0.0003	RIOK3	ENSG00000101782
13920.0	0.0003	CES4A	ENSG00000172824
13920.0	0.0003	ZNF322	ENSG00000181315
13920.0	0.0003	PLA2G2D	ENSG00000117215
13920.0	0.0003	NPTXR	ENSG00000221890
13920.0	0.0003	GPS2	ENSG00000132522
13920.0	0.0003	RP11-542C16.2	ENSG00000261915
13920.0	0.0003	IFITM10	ENSG00000244242
13920.0	0.0003	MIDEAS	ENSG00000156030
13920.0	0.0003	CES3	ENSG00000172828
13920.0	0.0003	ADIPOR2	ENSG00000006831
13920.0	0.0003	NKX1-2	ENSG00000229544
13920.0	0.0003	MCTS1	ENSG00000232119
13920.0	0.0003	BTN2A2	ENSG00000124508
13920.0	0.0003	TRAM1L1	ENSG00000174599
13920.0	0.0003	MRFAP1	ENSG00000179010
13920.0	0.0003	GPR160	ENSG00000173890
13920.0	0.0003	BTNL9	ENSG00000165810
13920.0	0.0003	LRP1B	ENSG00000168702
13920.0	0.0003	GDPD1	ENSG00000153982
13920.0	0.0003	HOMEZ	ENSG00000215271
13920.0	0.0003	MLXIP	ENSG00000175727
13920.0	0.0003	TSPYL4	ENSG00000187189
13920.0	0.0003	PABIR2	ENSG00000156504
13920.0	0.0003	MYCBP	ENSG00000214114
13920.0	0.0003	HEATR6	ENSG00000068097
13920.0	0.0003	SLC22A14	ENSG00000144671
13920.0	0.0003	CASQ1	ENSG00000143318
13920.0	0.0003	NKX2-8	ENSG00000136327
13920.0	0.0003	ZXDA	ENSG00000198205
13920.0	0.0003	GPR180	ENSG00000152749
13920.0	0.0003	PAQR3	ENSG00000163291
13920.0	0.0003	SPON2	ENSG00000159674
13920.0	0.0003	PARD3B	ENSG00000116117
13920.0	0.0003	DDAH1	ENSG00000153904
13920.0	0.0003	VSIG1	ENSG00000101842
13920.0	0.0003	RNF144A	ENSG00000151692
13920.0	0.0003	CEACAM6	ENSG00000086548
13920.0	0.0003	DNPEP	ENSG00000123992
13920.0	0.0003	KLK11	ENSG00000167757
13920.0	0.0003	HHATL	ENSG00000010282
13920.0	0.0003	S100A12	ENSG00000163221
13920.0	0.0003	TNFRSF10C	ENSG00000173535
13920.0	0.0003	HRNR	ENSG00000197915
13920.0	0.0003	HAPLN1	ENSG00000145681
13920.0	0.0003	LAMTOR2	ENSG00000116586
13920.0	0.0003	CARD19	ENSG00000165233
13920.0	0.0003	POGLUT2	ENSG00000134901
13920.0	0.0003	CUL9	ENSG00000112659
13920.0	0.0003	ATP13A1	ENSG00000105726
13920.0	0.0003	KHDC4	ENSG00000132680
13920.0	0.0003	UGT2B28	ENSG00000135226
13920.0	0.0003	CMSS1	ENSG00000184220
13920.0	0.0003	SEPTIN3	ENSG00000100167
13920.0	0.0003	SPATA31A1	ENSG00000204849
13920.0	0.0003	SMNDC1	ENSG00000119953
13920.0	0.0003	UBASH3A	ENSG00000160185
13920.0	0.0003	NOL8	ENSG00000198000
13920.0	0.0003	ZNF445	ENSG00000185219
13920.0	0.0003	CRTAM	ENSG00000109943
13920.0	0.0003	TP53INP1	ENSG00000164938
13920.0	0.0003	GTPBP3	ENSG00000130299
13920.0	0.0003	TNFSF8	ENSG00000106952
13920.0	0.0003	ANO4	ENSG00000151572
13920.0	0.0003	TMEM59	ENSG00000116209
13920.0	0.0003	RUFY2	ENSG00000204130
13920.0	0.0003	ZFP42	ENSG00000179059
13920.0	0.0003	TSSC4	ENSG00000184281
13920.0	0.0003	CASD1	ENSG00000127995
13920.0	0.0003	WDCP	ENSG00000163026
13920.0	0.0003	SMYD3	ENSG00000185420
13920.0	0.0003	PKIA	ENSG00000171033
13920.0	0.0003	SPEM1	ENSG00000181323
13920.0	0.0003	HTN3	ENSG00000205649
13920.0	0.0003	RAB29	ENSG00000117280
13920.0	0.0003	PPM1H	ENSG00000111110
13920.0	0.0003	ESPNL	ENSG00000144488
13920.0	0.0003	CLCA1	ENSG00000016490
13920.0	0.0003	DAGLA	ENSG00000134780
13920.0	0.0003	CCDC97	ENSG00000142039
13920.0	0.0003	OSGIN2	ENSG00000164823
13920.0	0.0003	REXO2	ENSG00000076043
13920.0	0.0003	NKIRAS2	ENSG00000168256
13920.0	0.0003	SPRR2A	ENSG00000241794
13920.0	0.0003	PROCR	ENSG00000101000
13920.0	0.0003	VENTX	ENSG00000151650
13920.0	0.0003	SSBP1	ENSG00000106028
13920.0	0.0003	FGL1	ENSG00000104760
13920.0	0.0003	USP38	ENSG00000170185
13920.0	0.0003	USP35	ENSG00000118369
13920.0	0.0003	TSPYL6	ENSG00000178021
13920.0	0.0003	CHCHD2	ENSG00000106153
13920.0	0.0003	HGFAC	ENSG00000109758
13920.0	0.0003	PTPMT1	ENSG00000110536
13920.0	0.0003	CCDC80	ENSG00000091986
13920.0	0.0003	CSRP1	ENSG00000159176
13920.0	0.0003	SNN	ENSG00000184602
13920.0	0.0003	TSPYL1	ENSG00000189241
13920.0	0.0003	ADAMTS13	ENSG00000160323
13920.0	0.0003	GPR156	ENSG00000175697
13920.0	0.0003	TSPY3	ENSG00000228927
13920.0	0.0003	TSPY4	ENSG00000233803
13920.0	0.0003	TSPY8	ENSG00000229549
13920.0	0.0003	EVPL	ENSG00000167880
13920.0	0.0003	POF1B	ENSG00000124429
13920.0	0.0003	ATG16L2	ENSG00000168010
13920.0	0.0003	DDIT4L	ENSG00000145358
13920.0	0.0003	FCRLA	ENSG00000132185
13920.0	0.0003	MKI67	ENSG00000148773
13920.0	0.0003	SMTNL1	ENSG00000214872
13920.0	0.0003	LCE3D	ENSG00000163202
13920.0	0.0003	MATN3	ENSG00000132031
13920.0	0.0003	TESPA1	ENSG00000135426
13920.0	0.0003	HPCAL4	ENSG00000116983
13920.0	0.0003	NKD2	ENSG00000145506
13920.0	0.0003	DUX4L4	ENSG00000258834
13920.0	0.0003	TIMM29	ENSG00000142444
13920.0	0.0003	BIN3	ENSG00000147439
13920.0	0.0003	DUX4L7	ENSG00000258755
13920.0	0.0003	DSG4	ENSG00000175065
13920.0	0.0003	SPC25	ENSG00000152253
13920.0	0.0003	KRT75	ENSG00000170454
13920.0	0.0003	EAPP	ENSG00000129518
13920.0	0.0003	DAAM2	ENSG00000146122
13920.0	0.0003	TXNDC11	ENSG00000153066
13920.0	0.0003	LINS1	ENSG00000140471
13920.0	0.0003	GPRASP2	ENSG00000158301
13920.0	0.0003	ZNG1B	ENSG00000136682
13920.0	0.0003	TPX2	ENSG00000088325
13920.0	0.0003	PLD6	ENSG00000179598
13920.0	0.0003	WFIKKN1	ENSG00000127578
13920.0	0.0003	DFFA	ENSG00000160049
13920.0	0.0003	ARL4C	ENSG00000188042
13920.0	0.0003	TRUB2	ENSG00000167112
13920.0	0.0003	SLC9A4	ENSG00000180251
13920.0	0.0003	BAHD1	ENSG00000140320
13920.0	0.0003	ANKS4B	ENSG00000175311
13920.0	0.0003	MOB3A	ENSG00000172081
13920.0	0.0003	PDLIM3	ENSG00000154553
13920.0	0.0003	NGB	ENSG00000165553
13920.0	0.0003	KRT79	ENSG00000185640
13920.0	0.0003	MICALL2	ENSG00000164877
13920.0	0.0003	EXOG	ENSG00000157036
13920.0	0.0003	SAMD4A	ENSG00000020577
13920.0	0.0003	RP11-542P2.1	ENSG00000205301
13920.0	0.0003	TRIM64B	ENSG00000189253
13920.0	0.0003	DUS1L	ENSG00000169718
13920.0	0.0003	PBLD	ENSG00000108187
13920.0	0.0003	PTPRK	ENSG00000152894
13920.0	0.0003	TMED7-TICAM2	ENSG00000251201
13920.0	0.0003	SHF	ENSG00000138606
13920.0	0.0003	CAPNS2	ENSG00000256812
13920.0	0.0003	ANKRD28	ENSG00000206560
13920.0	0.0003	DIRAS1	ENSG00000176490
13920.0	0.0003	RBM43	ENSG00000184898
13920.0	0.0003	SLC43A3	ENSG00000134802
13920.0	0.0003	BZW1	ENSG00000082153
13920.0	0.0003	SYT8	ENSG00000149043
13920.0	0.0003	BZW2	ENSG00000136261
13920.0	0.0003	CPLANE2	ENSG00000132881
13920.0	0.0003	ENTPD7	ENSG00000198018
13920.0	0.0003	KXD1	ENSG00000105700
13920.0	0.0003	FOXRED2	ENSG00000100350
13920.0	0.0003	N4BP2	ENSG00000078177
13920.0	0.0003	MARCKSL1	ENSG00000175130
13920.0	0.0003	RERG	ENSG00000134533
13920.0	0.0003	DIRAS2	ENSG00000165023
13920.0	0.0003	RERGL	ENSG00000111404
13920.0	0.0003	LYPD6B	ENSG00000150556
13920.0	0.0003	CABCOCO1	ENSG00000183346
13920.0	0.0003	NCEH1	ENSG00000144959
13920.0	0.0003	DYNC2I1	ENSG00000126870
13920.0	0.0003	TMEM119	ENSG00000183160
13920.0	0.0003	DCHS2	ENSG00000197410
13920.0	0.0003	RGS17	ENSG00000091844
13920.0	0.0003	RARRES1	ENSG00000118849
13920.0	0.0003	ZNF354C	ENSG00000177932
13920.0	0.0003	LIMA1	ENSG00000050405
13920.0	0.0003	CNMD	ENSG00000136110
13920.0	0.0003	DCDC1	ENSG00000170959
13920.0	0.0003	SFT2D1	ENSG00000198818
13920.0	0.0003	SFT2D2	ENSG00000213064
13920.0	0.0003	MATN4	ENSG00000124159
13920.0	0.0003	MATN1	ENSG00000162510
13920.0	0.0003	CLEC3A	ENSG00000166509
13920.0	0.0003	LCE3B	ENSG00000187238
13920.0	0.0003	ART3	ENSG00000156219
13920.0	0.0003	KRTAP5-6	ENSG00000205864
13920.0	0.0003	FHOD1	ENSG00000135723
13920.0	0.0003	DCSTAMP	ENSG00000164935
13920.0	0.0003	CDCP1	ENSG00000163814
13920.0	0.0003	GLT8D2	ENSG00000120820
13920.0	0.0003	LYPD3	ENSG00000124466
13920.0	0.0003	CLEC2B	ENSG00000110852
13920.0	0.0003	ARL4A	ENSG00000122644
13920.0	0.0003	NPAS1	ENSG00000130751
13920.0	0.0003	GAB3	ENSG00000160219
13920.0	0.0003	SCGB2A2	ENSG00000110484
13920.0	0.0003	NRK	ENSG00000123572
13920.0	0.0003	ITIH3	ENSG00000162267
13920.0	0.0003	HSD17B14	ENSG00000087076
13920.0	0.0003	MPPED2	ENSG00000066382
13920.0	0.0003	MOB3B	ENSG00000120162
13920.0	0.0003	CXXC4	ENSG00000168772
13920.0	0.0003	FSBP	ENSG00000265817
13920.0	0.0003	CHTF8	ENSG00000168802
13920.0	0.0003	ART1	ENSG00000129744
13920.0	0.0003	TUBB8	ENSG00000173876
13920.0	0.0003	ZNRF2	ENSG00000180233
13920.0	0.0003	PRDM15	ENSG00000141956
13920.0	0.0003	MORN4	ENSG00000171160
13920.0	0.0003	REPIN1	ENSG00000214022
13920.0	0.0003	HINT3	ENSG00000111911
13920.0	0.0003	HBG1	ENSG00000213934
13920.0	0.0003	KLB	ENSG00000134962
13920.0	0.0003	TWSG1	ENSG00000128791
13920.0	0.0003	CLEC14A	ENSG00000176435
13920.0	0.0003	MEP1B	ENSG00000141434
13920.0	0.0003	AL390877.1	ENSG00000228217
13920.0	0.0003	LCE3E	ENSG00000185966
13920.0	0.0003	MOB3C	ENSG00000142961
13920.0	0.0003	NOXO1	ENSG00000196408
13920.0	0.0003	FSD1L	ENSG00000106701
13920.0	0.0003	OR10S1	ENSG00000196248
13920.0	0.0003	PDLIM2	ENSG00000120913
13920.0	0.0003	STK11IP	ENSG00000144589
13920.0	0.0003	SH2D2A	ENSG00000027869
13920.0	0.0003	RASSF8	ENSG00000123094
13920.0	0.0003	LRATD2	ENSG00000168672
13920.0	0.0003	TTLL5	ENSG00000119685
13920.0	0.0003	LDLRAD1	ENSG00000203985
13920.0	0.0003	ANKK1	ENSG00000170209
13920.0	0.0003	DNAL1	ENSG00000119661
13920.0	0.0003	GDE1	ENSG00000006007
13920.0	0.0003	SLC25A26	ENSG00000144741
13920.0	0.0003	SULT4A1	ENSG00000130540
13920.0	0.0003	GJB3	ENSG00000188910
13920.0	0.0003	BAIAP3	ENSG00000007516
13920.0	0.0003	SYCE3	ENSG00000217442
13920.0	0.0003	NOCT	ENSG00000151014
13920.0	0.0003	L3MBTL3	ENSG00000198945
13920.0	0.0003	SH2D4A	ENSG00000104611
13920.0	0.0003	MAP3K15	ENSG00000180815
13920.0	0.0003	CMBL	ENSG00000164237
13920.0	0.0003	ANGEL2	ENSG00000174606
13920.0	0.0003	LILRA6	ENSG00000244482
13920.0	0.0003	LACTB2	ENSG00000147592
13920.0	0.0003	SFR1	ENSG00000156384
13920.0	0.0003	CLCA2	ENSG00000137975
13920.0	0.0003	SWI5	ENSG00000175854
13920.0	0.0003	SDCBP2	ENSG00000125775
13920.0	0.0003	ABHD6	ENSG00000163686
13920.0	0.0003	FN3K	ENSG00000167363
13920.0	0.0003	ZDHHC2	ENSG00000104219
13920.0	0.0003	ZBTB2	ENSG00000181472
13920.0	0.0003	SLC35D3	ENSG00000182747
13920.0	0.0003	MMP26	ENSG00000167346
13920.0	0.0003	BANK1	ENSG00000153064
13920.0	0.0003	THEMIS	ENSG00000172673
13920.0	0.0003	RTCB	ENSG00000100220
13920.0	0.0003	CCDC191	ENSG00000163617
13920.0	0.0003	PRP4K	ENSG00000112739
13920.0	0.0003	RP11-78H18.2	ENSG00000229817
13920.0	0.0003	WFDC12	ENSG00000168703
13920.0	0.0003	SOX14	ENSG00000168875
13920.0	0.0003	UACA	ENSG00000137831
13920.0	0.0003	OPRPN	ENSG00000171199
13920.0	0.0003	PRICKLE4	ENSG00000124593
13920.0	0.0003	RCN1	ENSG00000049449
13920.0	0.0003	IL31RA	ENSG00000164509
13920.0	0.0003	TMC5	ENSG00000103534
13920.0	0.0003	MYDGF	ENSG00000074842
13920.0	0.0003	SPSB1	ENSG00000171621
13920.0	0.0003	ZBTB5	ENSG00000168795
13920.0	0.0003	FAM98B	ENSG00000171262
13920.0	0.0003	LARP4B	ENSG00000107929
13920.0	0.0003	SEMA7A	ENSG00000138623
13920.0	0.0003	SRFBP1	ENSG00000151304
13920.0	0.0003	TESK2	ENSG00000070759
13920.0	0.0003	C2orf49	ENSG00000135974
13920.0	0.0003	SLC25A34	ENSG00000162461
13920.0	0.0003	SLC25A35	ENSG00000125434
13920.0	0.0003	CUEDC2	ENSG00000107874
13920.0	0.0003	ZNF358	ENSG00000198816
13920.0	0.0003	GPR63	ENSG00000112218
13920.0	0.0003	GHDC	ENSG00000167925
13920.0	0.0003	ERRFI1	ENSG00000116285
13920.0	0.0003	WDFY4	ENSG00000128815
13920.0	0.0003	SULT1A4	ENSG00000213648
13920.0	0.0003	CELF4	ENSG00000101489
13920.0	0.0003	MCOLN3	ENSG00000055732
13920.0	0.0003	ACSF2	ENSG00000167107
13920.0	0.0003	AC010240.3	ENSG00000229738
13920.0	0.0003	SNRNP27	ENSG00000124380
13920.0	0.0003	KRT34	ENSG00000131737
13920.0	0.0003	PILRA	ENSG00000085514
13920.0	0.0003	KRT35	ENSG00000197079
13920.0	0.0003	KRT81	ENSG00000205426
13920.0	0.0003	KRT83	ENSG00000170523
13920.0	0.0003	SNHG28	ENSG00000188004
13920.0	0.0003	UNC93A	ENSG00000112494
13920.0	0.0003	RFX8	ENSG00000196460
13920.0	0.0003	GKAP1	ENSG00000165113
13920.0	0.0003	AKAP3	ENSG00000111254
13920.0	0.0003	NMT2	ENSG00000152465
13920.0	0.0003	SLC9C2	ENSG00000162753
13920.0	0.0003	CARD18	ENSG00000255501
13920.0	0.0003	GRTP1	ENSG00000139835
13920.0	0.0003	RBM12B	ENSG00000183808
13920.0	0.0003	CCL13	ENSG00000181374
13920.0	0.0003	RGS22	ENSG00000132554
13920.0	0.0003	MCOLN2	ENSG00000153898
13920.0	0.0003	CRIPAK	ENSG00000179979
13920.0	0.0003	RGS21	ENSG00000253148
13920.0	0.0003	TRIM72	ENSG00000177238
13920.0	0.0003	ADGRG2	ENSG00000173698
13920.0	0.0003	DDX50	ENSG00000107625
13920.0	0.0003	SPRR1B	ENSG00000169469
13920.0	0.0003	LRBA	ENSG00000198589
13920.0	0.0003	CCNB1IP1	ENSG00000100814
13920.0	0.0003	P3H2	ENSG00000090530
13920.0	0.0003	OLAH	ENSG00000152463
13920.0	0.0003	FBXO33	ENSG00000165355
13920.0	0.0003	LLPH	ENSG00000139233
13920.0	0.0003	ANKRD12	ENSG00000101745
13920.0	0.0003	COTL1	ENSG00000103187
13920.0	0.0003	DUSP14	ENSG00000161326
13920.0	0.0003	SLC13A1	ENSG00000081800
13920.0	0.0003	LCE3A	ENSG00000185962
13920.0	0.0003	TSC22D4	ENSG00000166925
13920.0	0.0003	SLITRK6	ENSG00000184564
13920.0	0.0003	GSDME	ENSG00000105928
13920.0	0.0003	APOO	ENSG00000184831
13920.0	0.0003	SPEF2	ENSG00000152582
13920.0	0.0003	PYDC2	ENSG00000253548
13920.0	0.0003	TCP10L	ENSG00000242220
13920.0	0.0003	MPV17L2	ENSG00000254858
13920.0	0.0003	MDGA1	ENSG00000112139
13920.0	0.0003	EDDM3B	ENSG00000181552
13920.0	0.0003	ANKRD52	ENSG00000139645
13920.0	0.0003	TSPAN33	ENSG00000158457
13920.0	0.0003	DOK3	ENSG00000146094
13920.0	0.0003	TPSAB1	ENSG00000172236
13920.0	0.0003	NKX2-3	ENSG00000119919
13920.0	0.0003	WFDC11	ENSG00000180083
13920.0	0.0003	FETUB	ENSG00000090512
13920.0	0.0003	CNTROB	ENSG00000170037
13920.0	0.0003	TLX3	ENSG00000164438
13920.0	0.0003	ACRBP	ENSG00000111644
13920.0	0.0003	SHCBP1	ENSG00000171241
13920.0	0.0003	ZNF408	ENSG00000175213
13920.0	0.0003	DDX59	ENSG00000118197
13920.0	0.0003	IL10RB	ENSG00000243646
13920.0	0.0003	C19orf25	ENSG00000119559
13920.0	0.0003	FCGR3B	ENSG00000162747
13920.0	0.0003	CORO7	ENSG00000262246
13920.0	0.0003	CPNE6	ENSG00000100884
13920.0	0.0003	CD48	ENSG00000117091
13920.0	0.0003	DEFA4	ENSG00000164821
13920.0	0.0003	DOCK10	ENSG00000135905
13920.0	0.0003	DEFA3	ENSG00000239839
13920.0	0.0003	HSPB9	ENSG00000197723
13920.0	0.0003	CMTM3	ENSG00000140931
13920.0	0.0003	DEFA6	ENSG00000164822
13920.0	0.0003	ANKRD33	ENSG00000167612
13920.0	0.0003	KAAG1	ENSG00000146049
13920.0	0.0003	CTBS	ENSG00000117151
13920.0	0.0003	IL17B	ENSG00000127743
13920.0	0.0003	CHID1	ENSG00000177830
13920.0	0.0003	ABHD14A	ENSG00000248487
13920.0	0.0003	KIR2DL3	ENSG00000243772
13920.0	0.0003	DPT	ENSG00000143196
13920.0	0.0003	ST14	ENSG00000149418
13920.0	0.0003	ATP9B	ENSG00000166377
13920.0	0.0003	ELOF1	ENSG00000130165
13920.0	0.0003	LRRC34	ENSG00000171757
13920.0	0.0003	TAS2R13	ENSG00000212128
13920.0	0.0003	TAS2R7	ENSG00000121377
13920.0	0.0003	TAS2R8	ENSG00000121314
13920.0	0.0003	TAS2R9	ENSG00000121381
13920.0	0.0003	LRRC14	ENSG00000160959
13920.0	0.0003	SERP2	ENSG00000151778
13920.0	0.0003	CMTM2	ENSG00000140932
13920.0	0.0003	DCDC2B	ENSG00000222046
13920.0	0.0003	FN3KRP	ENSG00000141560
13920.0	0.0003	EID1	ENSG00000255302
13920.0	0.0003	ROPN1	ENSG00000065371
13920.0	0.0003	CCDC86	ENSG00000110104
13920.0	0.0003	NANOS2	ENSG00000188425
13920.0	0.0003	SLC6A7	ENSG00000011083
13920.0	0.0003	PPP1R26	ENSG00000196422
13920.0	0.0003	SCGB1D4	ENSG00000197745
13920.0	0.0003	TBX15	ENSG00000092607
13920.0	0.0003	DNASE2	ENSG00000105612
13920.0	0.0003	SLAMF6	ENSG00000162739
13920.0	0.0003	ACOD1	ENSG00000102794
13920.0	0.0003	ZKSCAN3	ENSG00000189298
13920.0	0.0003	KLHL18	ENSG00000114648
13920.0	0.0003	CCL18	ENSG00000006074
13920.0	0.0003	COX7B2	ENSG00000170516
13920.0	0.0003	NT5C1B	ENSG00000185013
13920.0	0.0003	RSPH1	ENSG00000160188
13920.0	0.0003	MAB21L2	ENSG00000181541
13920.0	0.0003	NOL11	ENSG00000130935
13920.0	0.0003	PCMTD1	ENSG00000168300
13920.0	0.0003	SIT1	ENSG00000137078
13920.0	0.0003	FOXD2	ENSG00000186564
13920.0	0.0003	DDIAS	ENSG00000165490
13920.0	0.0003	ZNF692	ENSG00000171163
13920.0	0.0003	DPPA4	ENSG00000121570
13920.0	0.0003	FBXO10	ENSG00000147912
13920.0	0.0003	CLYBL	ENSG00000125246
13920.0	0.0003	VGLL3	ENSG00000206538
13920.0	0.0003	SEMA5B	ENSG00000082684
13920.0	0.0003	CCL14	ENSG00000213494
13920.0	0.0003	TSGA10	ENSG00000135951
13920.0	0.0003	CCL15	ENSG00000267596
13920.0	0.0003	KIR2DL1	ENSG00000125498
13920.0	0.0003	WWC3	ENSG00000047644
13920.0	0.0003	GPR149	ENSG00000174948
13920.0	0.0003	SLC6A6	ENSG00000131389
13920.0	0.0003	TCL1A	ENSG00000100721
13920.0	0.0003	ELOA3P	ENSG00000183791
13920.0	0.0003	KHDC1	ENSG00000135314
13920.0	0.0003	DHRS1	ENSG00000157379
13920.0	0.0003	GPHA2	ENSG00000149735
13920.0	0.0003	SPINK7	ENSG00000145879
13920.0	0.0003	CAGE1	ENSG00000164304
13920.0	0.0003	SLCO5A1	ENSG00000137571
13920.0	0.0003	ADAM28	ENSG00000042980
13920.0	0.0003	ZSCAN18	ENSG00000121413
13920.0	0.0003	ZNF85	ENSG00000105750
13920.0	0.0003	TDRD12	ENSG00000173809
13920.0	0.0003	POU6F1	ENSG00000184271
13920.0	0.0003	ATOH8	ENSG00000168874
13920.0	0.0003	NKX2-4	ENSG00000125816
13920.0	0.0003	SPINT4	ENSG00000149651
13920.0	0.0003	RNASE3	ENSG00000169397
13920.0	0.0003	BCL7A	ENSG00000110987
13920.0	0.0003	GYPE	ENSG00000197465
13920.0	0.0003	NFKBIZ	ENSG00000144802
13920.0	0.0003	ZBTB1	ENSG00000126804
13920.0	0.0003	ANKRD54	ENSG00000100124
13920.0	0.0003	PSG9	ENSG00000183668
13920.0	0.0003	HSF2BP	ENSG00000160207
13920.0	0.0003	TRIM37	ENSG00000108395
13920.0	0.0003	POGLUT3	ENSG00000178202
13920.0	0.0003	TNMD	ENSG00000000005
13920.0	0.0003	LILRB4	ENSG00000186818
13920.0	0.0003	SYNGR2	ENSG00000108639
13920.0	0.0003	AFAP1L2	ENSG00000169129
13920.0	0.0003	ELOA3BP	ENSG00000234298
13920.0	0.0003	ELOA3DP	ENSG00000266996
13920.0	0.0003	SPDYA	ENSG00000163806
13920.0	0.0003	CDKN2AIP	ENSG00000168564
13920.0	0.0003	TM4SF5	ENSG00000142484
13920.0	0.0003	SLCO4C1	ENSG00000173930
13920.0	0.0003	PRR15	ENSG00000176532
13920.0	0.0003	CLCA4	ENSG00000016602
13920.0	0.0003	CLSTN2	ENSG00000158258
13920.0	0.0003	P2RX4	ENSG00000135124
13920.0	0.0003	GPR61	ENSG00000156097
13920.0	0.0003	ARL14	ENSG00000179674
13920.0	0.0003	SIGLEC7	ENSG00000168995
13920.0	0.0003	SEMG2	ENSG00000124157
13920.0	0.0003	ZNF511	ENSG00000198546
13920.0	0.0003	PAQR5	ENSG00000137819
13920.0	0.0003	GGTLC1	ENSG00000149435
13920.0	0.0003	JAML	ENSG00000160593
13920.0	0.0003	ROPN1L	ENSG00000145491
13920.0	0.0003	CXADR	ENSG00000154639
13920.0	0.0003	OTOP1	ENSG00000163982
13920.0	0.0003	BAZ2B	ENSG00000123636
13920.0	0.0003	MORC3	ENSG00000159256
13920.0	0.0003	RTP5	ENSG00000188011
13920.0	0.0003	STC2	ENSG00000113739
13920.0	0.0003	SPSB4	ENSG00000175093
13920.0	0.0003	OBSL1	ENSG00000124006
13920.0	0.0003	CROCC	ENSG00000058453
13920.0	0.0003	ZNF460	ENSG00000197714
13920.0	0.0003	SPSB2	ENSG00000111671
13920.0	0.0003	KPRP	ENSG00000203786
13920.0	0.0003	GPR62	ENSG00000180929
13920.0	0.0003	E4F1	ENSG00000167967
13920.0	0.0003	SMPDL3A	ENSG00000172594
13920.0	0.0003	SMIM20	ENSG00000250317
13920.0	0.0003	ESRP2	ENSG00000103067
13920.0	0.0003	NUAK2	ENSG00000163545
13920.0	0.0003	KIN	ENSG00000151657
13920.0	0.0003	TMEM160	ENSG00000130748
13920.0	0.0003	VWA8	ENSG00000102763
13920.0	0.0003	TOB2	ENSG00000183864
13920.0	0.0003	ANGPTL1	ENSG00000116194
13920.0	0.0003	TEF	ENSG00000167074
13920.0	0.0003	RWDD3	ENSG00000122481
13920.0	0.0003	OR4S2	ENSG00000174982
13920.0	0.0003	SPDYC	ENSG00000204710
13920.0	0.0003	TINAG	ENSG00000137251
13920.0	0.0003	SLC22A17	ENSG00000092096
13920.0	0.0003	ZNF653	ENSG00000161914
13920.0	0.0003	TMEM50A	ENSG00000183726
13920.0	0.0003	FAM98A	ENSG00000119812
13920.0	0.0003	FOXB1	ENSG00000171956
13920.0	0.0003	GPRIN1	ENSG00000169258
13920.0	0.0003	ANGPTL2	ENSG00000136859
13920.0	0.0003	FOLR1	ENSG00000110195
13920.0	0.0003	ADAMTS10	ENSG00000142303
13920.0	0.0003	TRIM35	ENSG00000104228
13920.0	0.0003	TMEM158	ENSG00000249992
13920.0	0.0003	SPIC	ENSG00000166211
13920.0	0.0003	ARPP21	ENSG00000172995
13920.0	0.0003	VIL1	ENSG00000127831
13920.0	0.0003	NUCB1	ENSG00000104805
13920.0	0.0003	ZNF451	ENSG00000112200
13920.0	0.0003	RCAN3	ENSG00000117602
13920.0	0.0003	MAD2L1BP	ENSG00000124688
13920.0	0.0003	TOX3	ENSG00000103460
13920.0	0.0003	MATN2	ENSG00000132561
13920.0	0.0003	CLUH	ENSG00000132361
13920.0	0.0003	METTL14	ENSG00000145388
13920.0	0.0003	SYAP1	ENSG00000169895
13920.0	0.0003	ASB8	ENSG00000177981
13920.0	0.0003	CHIC1	ENSG00000204116
13920.0	0.0003	COMMD3	ENSG00000148444
13920.0	0.0003	RHBDF2	ENSG00000129667
13920.0	0.0003	CNGA2	ENSG00000183862
13920.0	0.0003	CCDC38	ENSG00000165972
13920.0	0.0003	CA3	ENSG00000164879
13920.0	0.0003	BCLAF1	ENSG00000029363
13920.0	0.0003	CPB1	ENSG00000153002
13920.0	0.0003	FMNL3	ENSG00000161791
13920.0	0.0003	SLC16A12	ENSG00000152779
13920.0	0.0003	BCL2L14	ENSG00000121380
13920.0	0.0003	NCBP3	ENSG00000074356
13920.0	0.0003	CD53	ENSG00000143119
13920.0	0.0003	ZNF598	ENSG00000167962
13920.0	0.0003	PSG5	ENSG00000204941
13920.0	0.0003	KEL	ENSG00000197993
13920.0	0.0003	COPS9	ENSG00000172428
13920.0	0.0003	BFSP2	ENSG00000170819
13920.0	0.0003	PHLDA1	ENSG00000139289
13920.0	0.0003	JPH2	ENSG00000149596
13920.0	0.0003	MTG1	ENSG00000148824
13920.0	0.0003	RP11-108K14.8	ENSG00000254536
13920.0	0.0003	PITPNM2	ENSG00000090975
13920.0	0.0003	GPR182	ENSG00000166856
13920.0	0.0003	DEFB103A	ENSG00000176797
13920.0	0.0003	ADGRD2	ENSG00000180264
13920.0	0.0003	SLC7A3	ENSG00000165349
13920.0	0.0003	GABRQ	ENSG00000147402
13920.0	0.0003	MRPL54	ENSG00000183617
13920.0	0.0003	IMPACT	ENSG00000154059
13920.0	0.0003	SPMAP2	ENSG00000105549
13920.0	0.0003	PLAGL2	ENSG00000126003
13920.0	0.0003	CDC42EP4	ENSG00000179604
13920.0	0.0003	SMIM29	ENSG00000186577
13920.0	0.0003	ANGEL1	ENSG00000013523
13920.0	0.0003	TSSK4	ENSG00000139908
13920.0	0.0003	SWAP70	ENSG00000133789
13920.0	0.0003	PLEKHF2	ENSG00000175895
13920.0	0.0003	GMEB2	ENSG00000101216
13920.0	0.0003	REG1A	ENSG00000115386
13920.0	0.0003	XXYLT1	ENSG00000173950
13920.0	0.0003	GAPVD1	ENSG00000165219
13920.0	0.0003	PSMG2	ENSG00000128789
13920.0	0.0003	CHURC1-FNTB	ENSG00000125954
13920.0	0.0003	CCDC50	ENSG00000152492
13920.0	0.0003	LILRB2	ENSG00000131042
13920.0	0.0003	HEMGN	ENSG00000136929
13920.0	0.0003	LRRC41	ENSG00000132128
13920.0	0.0003	USB1	ENSG00000103005
13920.0	0.0003	NUDT7	ENSG00000140876
13920.0	0.0003	SPOCK3	ENSG00000196104
13920.0	0.0003	FANK1	ENSG00000203780
13920.0	0.0003	UBR3	ENSG00000144357
13920.0	0.0003	PPP1R3F	ENSG00000049769
13920.0	0.0003	MYCBPAP	ENSG00000136449
13920.0	0.0003	PM20D1	ENSG00000162877
13920.0	0.0003	PITPNM3	ENSG00000091622
13920.0	0.0003	R3HDM2	ENSG00000179912
13920.0	0.0003	FUZ	ENSG00000010361
13920.0	0.0003	ADGRL4	ENSG00000162618
13920.0	0.0003	DGCR6L	ENSG00000128185
13920.0	0.0003	FREM1	ENSG00000164946
13920.0	0.0003	LYPLA2	ENSG00000011009
13920.0	0.0003	SPMIP10	ENSG00000196900
13920.0	0.0003	OC90	ENSG00000253117
13920.0	0.0003	SGK494	ENSG00000167524
13920.0	0.0003	KASH5	ENSG00000161609
13920.0	0.0003	HTR3B	ENSG00000149305
13920.0	0.0003	NUDT15	ENSG00000136159
13920.0	0.0003	RNF126	ENSG00000070423
13920.0	0.0003	LGALS7B	ENSG00000178934
13920.0	0.0003	ULBP3	ENSG00000131019
13920.0	0.0003	STK10	ENSG00000072786
13920.0	0.0003	SREK1	ENSG00000153914
13920.0	0.0003	ULBP1	ENSG00000111981
13920.0	0.0003	ZPBP	ENSG00000042813
13920.0	0.0003	ZNF260	ENSG00000254004
13920.0	0.0003	EI24	ENSG00000149547
13920.0	0.0003	CMTM7	ENSG00000153551
13920.0	0.0003	DEFB4A	ENSG00000171711
13920.0	0.0003	CDK2AP2	ENSG00000167797
13920.0	0.0003	ZDHHC13	ENSG00000177054
13920.0	0.0003	CIMAP1A	ENSG00000177947
13920.0	0.0003	ATMIN	ENSG00000166454
13920.0	0.0003	HTR3D	ENSG00000186090
13920.0	0.0003	HAUS8	ENSG00000131351
13920.0	0.0003	TCP10L3	ENSG00000203690
13920.0	0.0003	NUCKS1	ENSG00000069275
13920.0	0.0003	KLRF2	ENSG00000256797
13920.0	0.0003	HTR3C	ENSG00000178084
13920.0	0.0003	CCL3L3	ENSG00000256515
13920.0	0.0003	HTR3E	ENSG00000186038
13920.0	0.0003	APOL5	ENSG00000128313
13920.0	0.0003	JTB	ENSG00000143543
13920.0	0.0003	SESTD1	ENSG00000187231
13920.0	0.0003	NAPSA	ENSG00000131400
13920.0	0.0003	SLCO2A1	ENSG00000174640
13920.0	0.0003	BHLHE23	ENSG00000125533
13920.0	0.0003	ADAMTSL2	ENSG00000197859
13920.0	0.0003	LENEP	ENSG00000163352
13920.0	0.0003	RGS12	ENSG00000159788
13920.0	0.0003	LAMTOR4	ENSG00000188186
13920.0	0.0003	CLIP3	ENSG00000105270
13920.0	0.0003	BLCAP	ENSG00000166619
13920.0	0.0003	KRT9	ENSG00000171403
13920.0	0.0003	FAM83H	ENSG00000180921
13920.0	0.0003	ZFR2	ENSG00000105278
13920.0	0.0003	RAET1E	ENSG00000164520
13920.0	0.0003	LCE2D	ENSG00000187223
13920.0	0.0003	SSBP3	ENSG00000157216
13920.0	0.0003	CLEC4E	ENSG00000166523
13920.0	0.0003	CTSO	ENSG00000256043
13920.0	0.0003	IL13RA2	ENSG00000123496
13920.0	0.0003	MAP3K7CL	ENSG00000156265
13920.0	0.0003	DYDC2	ENSG00000133665
13920.0	0.0003	FASTK	ENSG00000164896
13920.0	0.0003	RLN3	ENSG00000171136
13920.0	0.0003	ACKR4	ENSG00000129048
13920.0	0.0003	AVPI1	ENSG00000119986
13920.0	0.0003	AKAP14	ENSG00000186471
13920.0	0.0003	UPK1B	ENSG00000114638
13920.0	0.0003	REEP6	ENSG00000115255
13920.0	0.0003	CLEC9A	ENSG00000197992
13920.0	0.0003	HOPX	ENSG00000171476
13920.0	0.0003	TMLHE	ENSG00000185973
13920.0	0.0003	PARP15	ENSG00000173200
13920.0	0.0003	PCDP1	ENSG00000163075
13920.0	0.0003	TBRG1	ENSG00000154144
13920.0	0.0003	PGLYRP3	ENSG00000159527
13920.0	0.0003	FCN2	ENSG00000160339
13920.0	0.0003	FAM32A	ENSG00000105058
13920.0	0.0003	SPOCK1	ENSG00000152377
13920.0	0.0003	CST8	ENSG00000125815
13920.0	0.0003	MISP	ENSG00000099812
13920.0	0.0003	PMEPA1	ENSG00000124225
13920.0	0.0003	GIPC2	ENSG00000137960
13920.0	0.0003	CEP20	ENSG00000133393
13920.0	0.0003	PLEK2	ENSG00000100558
13920.0	0.0003	KLRF1	ENSG00000150045
13920.0	0.0003	TFEC	ENSG00000105967
13920.0	0.0003	DEFB103B	ENSG00000177243
13920.0	0.0003	CIMAP3	ENSG00000173947
13920.0	0.0003	ULBP2	ENSG00000131015
13920.0	0.0003	GTPBP6	ENSG00000178605
13920.0	0.0003	LOXL2	ENSG00000134013
13920.0	0.0003	ZDHHC15	ENSG00000102383
13920.0	0.0003	ZDHHC20	ENSG00000180776
13920.0	0.0003	SLC13A4	ENSG00000164707
13920.0	0.0003	CCL3L1	ENSG00000205021
13920.0	0.0003	CLCN5	ENSG00000171365
13920.0	0.0003	DKKL1	ENSG00000104901
13920.0	0.0003	DUX4L1	ENSG00000258389
13920.0	0.0003	RNF181	ENSG00000168894
13920.0	0.0003	KRTAP1-4	ENSG00000204887
13920.0	0.0003	KLK7	ENSG00000169035
13920.0	0.0003	HAUS1	ENSG00000152240
13920.0	0.0003	AURKAIP1	ENSG00000175756
13920.0	0.0003	BTG3	ENSG00000154640
13920.0	0.0003	MEI1	ENSG00000167077
13920.0	0.0003	CPNE1	ENSG00000214078
13920.0	0.0003	RLN2	ENSG00000107014
13920.0	0.0003	TMEM115	ENSG00000126062
13920.0	0.0003	DHRS2	ENSG00000100867
13920.0	0.0003	RAET1G	ENSG00000203722
13920.0	0.0003	ZBTB6	ENSG00000186130
13920.0	0.0003	CMTM8	ENSG00000170293
13920.0	0.0003	TANGO6	ENSG00000103047
13920.0	0.0003	UBL3	ENSG00000122042
13920.0	0.0003	FMNL1	ENSG00000184922
13920.0	0.0003	CFAP263	ENSG00000103021
13920.0	0.0003	KIAA1549L	ENSG00000110427
13920.0	0.0003	TMSB10	ENSG00000034510
13920.0	0.0003	LPCAT3	ENSG00000111684
13920.0	0.0003	GPR84	ENSG00000139572
13920.0	0.0003	CLPTM1	ENSG00000104853
13920.0	0.0003	LRRC43	ENSG00000158113
13920.0	0.0003	POTEH	ENSG00000198062
13920.0	0.0003	PLPP4	ENSG00000203805
13920.0	0.0003	DQX1	ENSG00000144045
13920.0	0.0003	GSDMC	ENSG00000147697
13920.0	0.0003	TINAGL1	ENSG00000142910
13920.0	0.0003	FBLN7	ENSG00000144152
13920.0	0.0003	ZBTB7C	ENSG00000184828
13920.0	0.0003	MCIDAS	ENSG00000234602
13920.0	0.0003	INAVA	ENSG00000163362
13920.0	0.0003	RAD51AP2	ENSG00000214842
13920.0	0.0003	RBAK	ENSG00000146587
13920.0	0.0003	RNF32	ENSG00000105982
13920.0	0.0003	EID2	ENSG00000176396
13920.0	0.0003	SLC26A5	ENSG00000170615
13920.0	0.0003	CARD16	ENSG00000204397
13920.0	0.0003	MRPS33	ENSG00000090263
13920.0	0.0003	DYDC1	ENSG00000170788
13920.0	0.0003	ZC3H3	ENSG00000014164
13920.0	0.0003	CCDC174	ENSG00000154781
13920.0	0.0003	GKN1	ENSG00000169605
13920.0	0.0003	NKRF	ENSG00000186416
13920.0	0.0003	ZNF10	ENSG00000256223
13920.0	0.0003	GGN	ENSG00000179168
13920.0	0.0003	FMNL2	ENSG00000157827
13920.0	0.0003	BCL2L12	ENSG00000126453
13920.0	0.0003	CTIF	ENSG00000134030
13920.0	0.0003	HAUS4	ENSG00000092036
13920.0	0.0003	LRTOMT	ENSG00000184154
13920.0	0.0003	RHNO1	ENSG00000171792
13920.0	0.0003	HAUS7	ENSG00000213397
13920.0	0.0003	GPR19	ENSG00000183150
13920.0	0.0003	PSMG1	ENSG00000183527
13920.0	0.0003	HAUS5	ENSG00000249115
13920.0	0.0003	BRS3	ENSG00000102239
13920.0	0.0003	LMBR1	ENSG00000105983
13920.0	0.0003	CPA2	ENSG00000158516
13920.0	0.0003	HAUS3	ENSG00000214367
13920.0	0.0003	HRC	ENSG00000130528
13920.0	0.0003	AKNA	ENSG00000106948
13920.0	0.0003	PARM1	ENSG00000169116
13920.0	0.0003	PANX3	ENSG00000154143
13920.0	0.0003	PLEKHO2	ENSG00000241839
13920.0	0.0003	CIDEC	ENSG00000187288
13920.0	0.0003	INSL5	ENSG00000172410
13920.0	0.0003	PRR20B	ENSG00000204918
13920.0	0.0003	NFAM1	ENSG00000235568
13920.0	0.0003	MRI1	ENSG00000037757
13920.0	0.0003	LGALS9B	ENSG00000170298
13920.0	0.0003	AAMDC	ENSG00000087884
13920.0	0.0003	KRTAP5-1	ENSG00000205869
13920.0	0.0003	GGNBP2	ENSG00000005955
13920.0	0.0003	MT1G	ENSG00000125144
13920.0	0.0003	TRIM69	ENSG00000185880
13920.0	0.0003	OR11H1	ENSG00000130538
13920.0	0.0003	CLNK	ENSG00000109684
13920.0	0.0003	SCARF2	ENSG00000244486
13920.0	0.0003	DNAJC14	ENSG00000135392
13920.0	0.0003	LGALS9C	ENSG00000171916
13920.0	0.0003	ZNF703	ENSG00000183779
13920.0	0.0003	C1QTNF12	ENSG00000184163
13920.0	0.0003	FCGRT	ENSG00000104870
13920.0	0.0003	MMP25	ENSG00000008516
13920.0	0.0003	ZFP1	ENSG00000184517
13920.0	0.0003	MID1IP1	ENSG00000165175
13920.0	0.0003	SCUBE2	ENSG00000175356
13920.0	0.0003	PLGLB2	ENSG00000125551
13920.0	0.0003	GUCA2A	ENSG00000197273
13920.0	0.0003	SLC46A2	ENSG00000119457
13920.0	0.0003	GPR176	ENSG00000166073
13920.0	0.0003	ZNF45	ENSG00000124459
13920.0	0.0003	KLHDC4	ENSG00000104731
13920.0	0.0003	ANKRD44	ENSG00000065413
13920.0	0.0003	TSSK2	ENSG00000206203
13920.0	0.0003	SLC24A4	ENSG00000140090
13920.0	0.0003	VPREB1	ENSG00000169575
13920.0	0.0003	ROMO1	ENSG00000125995
13920.0	0.0003	MLK4	ENSG00000143674
13920.0	0.0003	NIM1K	ENSG00000177453
13920.0	0.0003	PKDCC	ENSG00000162878
13920.0	0.0003	SRMS	ENSG00000125508
13920.0	0.0003	TSSK1B	ENSG00000212122
13920.0	0.0003	TSSK3	ENSG00000162526
13920.0	0.0003	ZNF79	ENSG00000196152
13920.0	0.0003	NME9	ENSG00000181322
13920.0	0.0003	RSPH3	ENSG00000130363
13920.0	0.0003	EVC2	ENSG00000173040
13920.0	0.0003	KRTAP9-1	ENSG00000240542
13920.0	0.0003	GPN3	ENSG00000111231
13920.0	0.0003	PLEKHH2	ENSG00000152527
13920.0	0.0003	GPATCH4	ENSG00000160818
13920.0	0.0003	GPN2	ENSG00000142751
13920.0	0.0003	FSIP1	ENSG00000150667
13920.0	0.0003	CLEC3B	ENSG00000163815
13920.0	0.0003	DEF6	ENSG00000023892
13920.0	0.0003	ZFP69	ENSG00000187815
13920.0	0.0003	FSIP2	ENSG00000188738
13920.0	0.0003	CDC42EP3	ENSG00000163171
13920.0	0.0003	KRTAP1-5	ENSG00000221852
13920.0	0.0003	ZC3H10	ENSG00000135482
13920.0	0.0003	OR2W3	ENSG00000238243
13920.0	0.0003	PLGRKT	ENSG00000107020
13920.0	0.0003	SLC22A25	ENSG00000196600
13920.0	0.0003	ORM1	ENSG00000229314
13920.0	0.0003	CCDC180	ENSG00000197816
13920.0	0.0003	SPATA24	ENSG00000170469
13920.0	0.0003	TMPRSS7	ENSG00000176040
13920.0	0.0003	CCDC9	ENSG00000105321
13920.0	0.0003	SPIN2A	ENSG00000147059
13920.0	0.0003	APOBEC3C	ENSG00000244509
13920.0	0.0003	C12orf75	ENSG00000235162
13920.0	0.0003	PATE1	ENSG00000171053
13920.0	0.0003	CD1B	ENSG00000158485
13920.0	0.0003	GLT6D1	ENSG00000204007
13920.0	0.0003	GYPB	ENSG00000250361
13920.0	0.0003	LCN10	ENSG00000187922
13920.0	0.0003	PEAR1	ENSG00000187800
13920.0	0.0003	LCN15	ENSG00000177984
13920.0	0.0003	LEAP2	ENSG00000164406
13920.0	0.0003	RAX2	ENSG00000173976
13920.0	0.0003	ZIM3	ENSG00000141946
13920.0	0.0003	TRIM44	ENSG00000166326
13920.0	0.0003	RUNDC3A	ENSG00000108309
13920.0	0.0003	COMMD9	ENSG00000110442
13920.0	0.0003	TMEM204	ENSG00000131634
13920.0	0.0003	CD1A	ENSG00000158477
13920.0	0.0003	TMPRSS11E	ENSG00000087128
13920.0	0.0003	RNF115	ENSG00000121848
13920.0	0.0003	CTAG1B	ENSG00000184033
13920.0	0.0003	KRTAP16-1	ENSG00000212657
13920.0	0.0003	LRIF1	ENSG00000121931
13920.0	0.0003	FRMD4B	ENSG00000114541
13920.0	0.0003	TARBP1	ENSG00000059588
13920.0	0.0003	TCHH	ENSG00000159450
13920.0	0.0003	COMMD10	ENSG00000145781
13920.0	0.0003	COMMD8	ENSG00000169019
13920.0	0.0003	EXO5	ENSG00000164002
13920.0	0.0003	SPATA25	ENSG00000149634
13920.0	0.0003	FBXL14	ENSG00000171823
13920.0	0.0003	SERTAD2	ENSG00000179833
13920.0	0.0003	OPN3	ENSG00000054277
13920.0	0.0003	PANX2	ENSG00000073150
13920.0	0.0003	SLC25A27	ENSG00000153291
13920.0	0.0003	DDX53	ENSG00000184735
13920.0	0.0003	CENPW	ENSG00000203760
13920.0	0.0003	RNF121	ENSG00000137522
13920.0	0.0003	A2ML1	ENSG00000166535
13920.0	0.0003	SOX30	ENSG00000039600
13920.0	0.0003	VTCN1	ENSG00000134258
13920.0	0.0003	KRT15	ENSG00000171346
13920.0	0.0003	ALPK3	ENSG00000136383
13920.0	0.0003	CMTM1	ENSG00000089505
13920.0	0.0003	SNCB	ENSG00000074317
13920.0	0.0003	CNFN	ENSG00000105427
13920.0	0.0003	COMMD5	ENSG00000170619
13920.0	0.0003	RNF175	ENSG00000145428
13920.0	0.0003	PRDM9	ENSG00000164256
13920.0	0.0003	IL36A	ENSG00000136694
13920.0	0.0003	ATRAID	ENSG00000138085
13920.0	0.0003	VGF	ENSG00000128564
13920.0	0.0003	AMIGO1	ENSG00000181754
13920.0	0.0003	CDCA4	ENSG00000170779
13920.0	0.0003	OGFOD2	ENSG00000111325
13920.0	0.0003	GARIN1A	ENSG00000205085
13920.0	0.0003	TTLL7	ENSG00000137941
13920.0	0.0003	TREX2	ENSG00000183479
13920.0	0.0003	ELAC1	ENSG00000141642
13920.0	0.0003	ZGLP1	ENSG00000220201
13920.0	0.0003	SNX22	ENSG00000157734
13920.0	0.0003	FNDC4	ENSG00000115226
13920.0	0.0003	LMBR1L	ENSG00000139636
13920.0	0.0003	HR	ENSG00000168453
13920.0	0.0003	SLC51A	ENSG00000163959
13920.0	0.0003	ZNF214	ENSG00000149050
13920.0	0.0003	HLA-F	ENSG00000204642
13920.0	0.0003	ZNF267	ENSG00000185947
13920.0	0.0003	CD1E	ENSG00000158488
13920.0	0.0003	CD160	ENSG00000117281
13920.0	0.0003	KIR3DL1	ENSG00000167633
13920.0	0.0003	KRT12	ENSG00000187242
13920.0	0.0003	TRIR	ENSG00000123144
13920.0	0.0003	OR2AK2	ENSG00000187080
13920.0	0.0003	CD37	ENSG00000104894
13920.0	0.0003	ZNF215	ENSG00000149054
13920.0	0.0003	GRXCR1	ENSG00000215203
13920.0	0.0003	C19orf33	ENSG00000167644
13920.0	0.0003	FAM83B	ENSG00000168143
13920.0	0.0003	SNX24	ENSG00000064652
13920.0	0.0003	SNX25	ENSG00000109762
13920.0	0.0003	APOBEC3H	ENSG00000100298
13920.0	0.0003	PLD5	ENSG00000180287
13920.0	0.0003	CFAP20	ENSG00000070761
13920.0	0.0003	CFAP57	ENSG00000243710
13920.0	0.0003	INSL6	ENSG00000120210
13920.0	0.0003	LOXL3	ENSG00000115318
13920.0	0.0003	CTRL	ENSG00000141086
13920.0	0.0003	CCRL2	ENSG00000121797
13920.0	0.0003	ZFAND2A	ENSG00000178381
13920.0	0.0003	MTRNR2L5	ENSG00000249860
13920.0	0.0003	GPR50	ENSG00000102195
13920.0	0.0003	HELB	ENSG00000127311
13920.0	0.0003	FAT3	ENSG00000165323
13920.0	0.0003	MAGEB4	ENSG00000120289
13920.0	0.0003	PLEKHO1	ENSG00000023902
13920.0	0.0003	SFSWAP	ENSG00000061936
13920.0	0.0003	TGM7	ENSG00000159495
13920.0	0.0003	ARMC7	ENSG00000125449
13920.0	0.0003	C14orf93	ENSG00000100802
13920.0	0.0003	ZNF230	ENSG00000159882
13920.0	0.0003	LUZP6	ENSG00000267697
13920.0	0.0003	LY6H	ENSG00000176956
13920.0	0.0003	ZDHHC21	ENSG00000175893
13920.0	0.0003	ZFP36L2	ENSG00000152518
13920.0	0.0003	SLC38A9	ENSG00000177058
13920.0	0.0003	PSMG4	ENSG00000180822
13920.0	0.0003	ZUP1	ENSG00000153975
13920.0	0.0003	BSPH1	ENSG00000188334
13920.0	0.0003	MESP1	ENSG00000166823
13920.0	0.0003	SLITRK1	ENSG00000178235
13920.0	0.0003	CSMD3	ENSG00000164796
13920.0	0.0003	C7orf50	ENSG00000146540
13920.0	0.0003	SMIM1	ENSG00000235169
13920.0	0.0003	ZNF444	ENSG00000167685
13920.0	0.0003	C1QL4	ENSG00000186897
13920.0	0.0003	HPF1	ENSG00000056050
13920.0	0.0003	PCDHA4	ENSG00000204967
13920.0	0.0003	NIBAN3	ENSG00000167483
13920.0	0.0003	POM121	ENSG00000196313
13920.0	0.0003	PRG2	ENSG00000186652
13920.0	0.0003	SYNPR	ENSG00000163630
13920.0	0.0003	DAPK2	ENSG00000035664
13920.0	0.0003	C1QTNF6	ENSG00000133466
13920.0	0.0003	TAS2R46	ENSG00000226761
13920.0	0.0003	HLX	ENSG00000136630
13920.0	0.0003	TMED1	ENSG00000099203
13920.0	0.0003	TMEM11	ENSG00000178307
13920.0	0.0003	NPDC1	ENSG00000107281
13920.0	0.0003	LY6D	ENSG00000167656
13920.0	0.0003	BTBD7	ENSG00000011114
13920.0	0.0003	BAIAP2L1	ENSG00000006453
13920.0	0.0003	PRPF38B	ENSG00000134186
13920.0	0.0003	CCDC13	ENSG00000244607
13920.0	0.0003	OPN1MW	ENSG00000147380
13920.0	0.0003	GAREM1	ENSG00000141441
13920.0	0.0003	ZSCAN21	ENSG00000166529
13920.0	0.0003	STAB1	ENSG00000010327
13920.0	0.0003	S100PBP	ENSG00000116497
13920.0	0.0003	EFHC2	ENSG00000183690
13920.0	0.0003	UBE3D	ENSG00000118420
13920.0	0.0003	SLC16A9	ENSG00000165449
13920.0	0.0003	SLC15A3	ENSG00000110446
13920.0	0.0003	DRGX	ENSG00000165606
13920.0	0.0003	FKBP7	ENSG00000079150
13920.0	0.0003	ECEL1	ENSG00000171551
13920.0	0.0003	MMP17	ENSG00000198598
13920.0	0.0003	ARHGEF26	ENSG00000114790
13920.0	0.0003	EPB41L4B	ENSG00000095203
13920.0	0.0003	URB1	ENSG00000142207
13920.0	0.0003	LCE4A	ENSG00000187170
13920.0	0.0003	SYCP2L	ENSG00000153157
13920.0	0.0003	IGSF11	ENSG00000144847
13920.0	0.0003	SCIMP	ENSG00000161929
13920.0	0.0003	OSTN	ENSG00000188729
13920.0	0.0003	WDR55	ENSG00000120314
13920.0	0.0003	IKBIP	ENSG00000166130
13920.0	0.0003	CDC42EP2	ENSG00000149798
13920.0	0.0003	ZNF317	ENSG00000130803
13920.0	0.0003	CDC42EP1	ENSG00000128283
13920.0	0.0003	GMNC	ENSG00000205835
13920.0	0.0003	CRTAP	ENSG00000170275
13920.0	0.0003	EPB41L4A	ENSG00000129595
13920.0	0.0003	ZDHHC14	ENSG00000175048
13920.0	0.0003	RPUSD2	ENSG00000166133
13920.0	0.0003	ANKRD13C	ENSG00000118454
13920.0	0.0003	NCKAP5	ENSG00000176771
13920.0	0.0003	ANXA2R	ENSG00000177721
13920.0	0.0003	ANXA10	ENSG00000109511
13920.0	0.0003	SPOCD1	ENSG00000134668
13920.0	0.0003	TCERG1L	ENSG00000176769
13920.0	0.0003	GLTP	ENSG00000139433
13920.0	0.0003	LPPR3	ENSG00000129951
13920.0	0.0003	FAM83F	ENSG00000133477
13920.0	0.0003	CDCA2	ENSG00000184661
13920.0	0.0003	TRIM22	ENSG00000132274
13920.0	0.0003	TRIM6	ENSG00000121236
13920.0	0.0003	TMEM53	ENSG00000126106
13920.0	0.0003	TMEM50B	ENSG00000142188
13920.0	0.0003	CHST4	ENSG00000140835
13920.0	0.0003	SLC43A1	ENSG00000149150
13920.0	0.0003	LARP4	ENSG00000161813
13920.0	0.0003	C2orf80	ENSG00000188674
13920.0	0.0003	TBC1D21	ENSG00000167139
13920.0	0.0003	MLF2	ENSG00000089693
13920.0	0.0003	SERPINB13	ENSG00000197641
13920.0	0.0003	TMIGD2	ENSG00000167664
13920.0	0.0003	SERPINB1	ENSG00000021355
13920.0	0.0003	SLC66A3	ENSG00000162976
13920.0	0.0003	ESM1	ENSG00000164283
13920.0	0.0003	ZSCAN32	ENSG00000140987
13920.0	0.0003	LMOD2	ENSG00000170807
13920.0	0.0003	PLLP	ENSG00000102934
13920.0	0.0003	PAPLN	ENSG00000100767
13920.0	0.0003	GSTCD	ENSG00000138780
13920.0	0.0003	ADM5	ENSG00000224420
13920.0	0.0003	LCE1C	ENSG00000197084
13920.0	0.0003	CASKIN1	ENSG00000167971
13920.0	0.0003	C4orf17	ENSG00000138813
13920.0	0.0003	STK31	ENSG00000196335
13920.0	0.0003	HDGF	ENSG00000143321
13920.0	0.0003	LCE1D	ENSG00000172155
13920.0	0.0003	ATRNL1	ENSG00000107518
13920.0	0.0003	LIME1	ENSG00000203896
13920.0	0.0003	RP4-583P15.15	ENSG00000273154
13920.0	0.0003	ZFYVE21	ENSG00000100711
13920.0	0.0003	WRAP73	ENSG00000116213
13920.0	0.0003	LXN	ENSG00000079257
13920.0	0.0003	SERPINB10	ENSG00000242550
13920.0	0.0003	CLEC16A	ENSG00000038532
13920.0	0.0003	DNAI7	ENSG00000118307
13920.0	0.0003	HEG1	ENSG00000173706
13920.0	0.0003	NKAPL	ENSG00000189134
13920.0	0.0003	LCE1E	ENSG00000186226
13920.0	0.0003	VAT1	ENSG00000108828
13920.0	0.0003	LCE1B	ENSG00000196734
13920.0	0.0003	ITIH2	ENSG00000151655
13920.0	0.0003	IL17RC	ENSG00000163702
13920.0	0.0003	ZNF396	ENSG00000186496
13920.0	0.0003	SIGLEC6	ENSG00000105492
13920.0	0.0003	C10orf90	ENSG00000154493
13920.0	0.0003	ANKRD35	ENSG00000198483
13920.0	0.0003	TUT4	ENSG00000134744
13920.0	0.0003	MEGF11	ENSG00000157890
13920.0	0.0003	SHD	ENSG00000105251
13920.0	0.0003	FKBP11	ENSG00000134285
13920.0	0.0003	NUDCD1	ENSG00000120526
13920.0	0.0003	TMPRSS11B	ENSG00000185873
13920.0	0.0003	MEGF6	ENSG00000162591
13920.0	0.0003	STOML1	ENSG00000067221
13920.0	0.0003	DND1	ENSG00000256453
13920.0	0.0003	CABYR	ENSG00000154040
13920.0	0.0003	ZC3H7A	ENSG00000122299
13920.0	0.0003	TRIM2	ENSG00000109654
13920.0	0.0003	FKBP10	ENSG00000141756
13920.0	0.0003	MAGEA2	ENSG00000184750
13920.0	0.0003	MAGEA2B	ENSG00000183305
13920.0	0.0003	GPR158	ENSG00000151025
13920.0	0.0003	MS4A1	ENSG00000156738
13920.0	0.0003	TACSTD2	ENSG00000184292
13920.0	0.0003	GPR150	ENSG00000178015
13920.0	0.0003	SPAG8	ENSG00000137098
13920.0	0.0003	AKR7A3	ENSG00000162482
13920.0	0.0003	LGALS2	ENSG00000100079
13920.0	0.0003	MIR9-1HG	ENSG00000125462
13920.0	0.0003	SLC43A2	ENSG00000167703
13920.0	0.0003	CA6	ENSG00000131686
13920.0	0.0003	STOML3	ENSG00000133115
13920.0	0.0003	REX1BD	ENSG00000006015
13920.0	0.0003	SOHLH2	ENSG00000120669
13920.0	0.0003	VSIG4	ENSG00000155659
13920.0	0.0003	EMILIN2	ENSG00000132205
13920.0	0.0003	CFHR1	ENSG00000244414
13920.0	0.0003	LCE1F	ENSG00000240386
13920.0	0.0003	ARHGAP4	ENSG00000089820
13920.0	0.0003	KRT3	ENSG00000186442
13920.0	0.0003	CFHR4	ENSG00000134365
13920.0	0.0003	CFHR5	ENSG00000134389
13920.0	0.0003	DYTN	ENSG00000232125
13920.0	0.0003	RLF	ENSG00000117000
13920.0	0.0003	LCE2B	ENSG00000159455
13920.0	0.0003	LCE2C	ENSG00000187180
13920.0	0.0003	ZNF77	ENSG00000175691
13920.0	0.0003	SLC17A3	ENSG00000124564
13920.0	0.0003	CLEC4A	ENSG00000111729
13920.0	0.0003	CITED4	ENSG00000179862
13920.0	0.0003	MAS1	ENSG00000130368
13920.0	0.0003	FRRS1	ENSG00000156869
13920.0	0.0003	CEACAM3	ENSG00000170956
13920.0	0.0003	SLFN12	ENSG00000172123
13920.0	0.0003	MAGEA12	ENSG00000213401
13920.0	0.0003	SNED1	ENSG00000162804
13920.0	0.0003	NPY4R	ENSG00000204174
13920.0	0.0003	TXNDC16	ENSG00000087301
13920.0	0.0003	NEK11	ENSG00000114670
13920.0	0.0003	RELCH	ENSG00000134444
13920.0	0.0003	SPINT1	ENSG00000166145
13920.0	0.0003	ZNF300	ENSG00000145908
13920.0	0.0003	FAM178B	ENSG00000168754
13920.0	0.0003	CTD-2140B24.4	ENSG00000256825
13920.0	0.0003	ZNF268	ENSG00000090612
13920.0	0.0003	ATPSCKMT	ENSG00000150756
13920.0	0.0003	EMB	ENSG00000170571
13920.0	0.0003	SPOCK2	ENSG00000107742
13920.0	0.0003	LIX1	ENSG00000145721
13920.0	0.0003	RNF114	ENSG00000124226
13920.0	0.0003	NXPH4	ENSG00000182379
13920.0	0.0003	PTTG1IP	ENSG00000183255
13920.0	0.0003	NAALAD2	ENSG00000077616
13920.0	0.0003	ACKR1	ENSG00000213088
13920.0	0.0003	SSBP4	ENSG00000130511
13920.0	0.0003	HS1BP3	ENSG00000118960
13920.0	0.0003	HSD17B11	ENSG00000198189
13920.0	0.0003	SCGB1D2	ENSG00000124935
13920.0	0.0003	TMEM38B	ENSG00000095209
13920.0	0.0003	CBR4	ENSG00000145439
13920.0	0.0003	BSX	ENSG00000188909
13920.0	0.0003	PNMA2	ENSG00000240694
13920.0	0.0003	TPCN1	ENSG00000186815
13920.0	0.0003	SLC25A14	ENSG00000102078
13920.0	0.0003	ZNF683	ENSG00000176083
13920.0	0.0003	CMTR2	ENSG00000180917
13920.0	0.0003	CTRC	ENSG00000162438
13920.0	0.0003	ANKRD13C-DT	ENSG00000197568
13920.0	0.0003	GPR3	ENSG00000181773
13920.0	0.0003	RAB30	ENSG00000137502
13920.0	0.0003	TSPAN32	ENSG00000064201
13920.0	0.0003	RCCD1	ENSG00000166965
13920.0	0.0003	TAAR6	ENSG00000146383
13920.0	0.0003	KCTD18	ENSG00000155729
13920.0	0.0003	GSDMA	ENSG00000167914
13920.0	0.0003	N4BP2L2	ENSG00000244754
13920.0	0.0003	ARL10	ENSG00000175414
13920.0	0.0003	EGFL6	ENSG00000198759
13920.0	0.0003	SPRR2B	ENSG00000196805
13920.0	0.0003	IL31	ENSG00000204671
13920.0	0.0003	BNC2	ENSG00000173068
13920.0	0.0003	CARF	ENSG00000138380
13920.0	0.0003	RTF2	ENSG00000022277
13920.0	0.0003	ZNF469	ENSG00000225614
13920.0	0.0003	CDR2L	ENSG00000109089
13920.0	0.0003	SMCO4	ENSG00000166002
13920.0	0.0003	SPINK2	ENSG00000128040
13920.0	0.0003	TMPRSS15	ENSG00000154646
13920.0	0.0003	LELP1	ENSG00000203784
13920.0	0.0003	DCAF8L2	ENSG00000189186
13920.0	0.0003	GPRC5A	ENSG00000013588
13920.0	0.0003	ITIH1	ENSG00000055957
13920.0	0.0003	SPINT2	ENSG00000167642
13920.0	0.0003	PAPL	ENSG00000183760
13920.0	0.0003	SLC50A1	ENSG00000169241
13920.0	0.0003	MSRB2	ENSG00000148450
13920.0	0.0003	OSCP1	ENSG00000116885
13920.0	0.0003	MSRB3	ENSG00000174099
13920.0	0.0003	TIMD4	ENSG00000145850
13920.0	0.0003	PRMT9	ENSG00000164169
13920.0	0.0003	HAPLN3	ENSG00000140511
13920.0	0.0003	C11orf65	ENSG00000166323
13920.0	0.0003	SH2B2	ENSG00000160999
13920.0	0.0003	HOXB6	ENSG00000108511
13920.0	0.0003	KLK5	ENSG00000167754
13920.0	0.0003	AC010547.9	ENSG00000261611
13920.0	0.0003	ZNF23	ENSG00000167377
13920.0	0.0003	SPRR1A	ENSG00000169474
13920.0	0.0003	ZNF16	ENSG00000170631
13920.0	0.0003	ZNF19	ENSG00000157429
13920.0	0.0003	UMOD	ENSG00000169344
13920.0	0.0003	ABHD15	ENSG00000168792
13920.0	0.0003	RAET1L	ENSG00000155918
13920.0	0.0003	SLC25A23	ENSG00000125648
13920.0	0.0003	OR4F17	ENSG00000176695
13920.0	0.0003	NCR3LG1	ENSG00000188211
13920.0	0.0003	TCFL5	ENSG00000101190
13920.0	0.0003	RPUSD3	ENSG00000156990
13920.0	0.0003	PDIA5	ENSG00000065485
13920.0	0.0003	JMJD8	ENSG00000161999
13920.0	0.0003	PHTF1	ENSG00000116793
13920.0	0.0003	MOAP1	ENSG00000165943
13920.0	0.0003	NEIL3	ENSG00000109674
13920.0	0.0003	ZNF331	ENSG00000130844
13920.0	0.0003	RNPEP	ENSG00000176393
13920.0	0.0003	CCDC124	ENSG00000007080
13920.0	0.0003	RAB26	ENSG00000167964
13920.0	0.0003	KLHL32	ENSG00000186231
13920.0	0.0003	PLXNC1	ENSG00000136040
13920.0	0.0003	NIPSNAP3B	ENSG00000165028
13920.0	0.0003	GPR52	ENSG00000203737
13920.0	0.0003	RPUSD1	ENSG00000007376
13920.0	0.0003	ARMC2	ENSG00000118690
13920.0	0.0003	TMPRSS4	ENSG00000137648
13920.0	0.0003	DIP2A	ENSG00000160305
13920.0	0.0003	SPARCL1	ENSG00000152583
13920.0	0.0003	TMEM203	ENSG00000187713
13920.0	0.0003	PCP2	ENSG00000174788
13920.0	0.0003	ABHD4	ENSG00000100439
13920.0	0.0003	IL17D	ENSG00000172458
13920.0	0.0003	GJB4	ENSG00000189433
13920.0	0.0003	LCE1A	ENSG00000186844
13920.0	0.0003	C2orf73	ENSG00000177994
13920.0	0.0003	SLC5A11	ENSG00000158865
13920.0	0.0003	TRIM47	ENSG00000132481
13920.0	0.0003	ZAR1	ENSG00000182223
13920.0	0.0003	KLRC3	ENSG00000205810
13920.0	0.0003	ZNF91	ENSG00000167232
13920.0	0.0003	OR51T1	ENSG00000176900
13920.0	0.0003	MORC1	ENSG00000114487
13920.0	0.0003	DHRSX	ENSG00000169084
13920.0	0.0003	AGAP5	ENSG00000172650
13920.0	0.0003	GPR135	ENSG00000181619
13920.0	0.0003	IGLL1	ENSG00000128322
13920.0	0.0003	METTL4	ENSG00000101574
13920.0	0.0003	RFPL4A	ENSG00000223638
13920.0	0.0003	GPR78	ENSG00000155269
13920.0	0.0003	NTAQ1	ENSG00000156795
13920.0	0.0003	AGAP3	ENSG00000133612
13920.0	0.0003	AGAP4	ENSG00000188234
13920.0	0.0003	AGAP6	ENSG00000204149
13920.0	0.0003	AGAP7P	ENSG00000204169
13920.0	0.0003	AGAP8	ENSG00000174194
13920.0	0.0003	ADGRB3	ENSG00000135298
13920.0	0.0003	TDRD5	ENSG00000162782
13920.0	0.0003	TMEM104	ENSG00000109066
13920.0	0.0003	DPPA5	ENSG00000203909
13920.0	0.0003	KRTAP5-5	ENSG00000185940
13920.0	0.0003	OR52L1	ENSG00000183313
13920.0	0.0003	OR2L13	ENSG00000196071
13920.0	0.0003	OR2M3	ENSG00000228198
13920.0	0.0003	OR2M7	ENSG00000177186
13920.0	0.0003	OR4F5	ENSG00000186092
13920.0	0.0003	OR4F21	ENSG00000176269
13920.0	0.0003	OR2M2	ENSG00000198601
13920.0	0.0003	OR2M5	ENSG00000162727
13920.0	0.0003	OR4F4	ENSG00000177693
13920.0	0.0003	OR52W1	ENSG00000175485
13920.0	0.0003	OR51Q1	ENSG00000167360
13920.0	0.0003	OR56B1	ENSG00000181023
13920.0	0.0003	OR52I2	ENSG00000226288
13920.0	0.0003	OR52M1	ENSG00000197790
13920.0	0.0003	OR4K2	ENSG00000165762
13920.0	0.0003	OR51A2	ENSG00000205496
13920.0	0.0003	OR51A4	ENSG00000205497
13920.0	0.0003	OR52J3	ENSG00000205495
13920.0	0.0003	OR8U1	ENSG00000172199
13920.0	0.0003	OR10H1	ENSG00000186723
13920.0	0.0003	OR10P1	ENSG00000175398
13920.0	0.0003	OR51L1	ENSG00000176798
13920.0	0.0003	OR2T5	ENSG00000203661
13920.0	0.0003	OR4C11	ENSG00000172188
13920.0	0.0003	OR4C3	ENSG00000176547
13920.0	0.0003	OR7D4	ENSG00000174667
13920.0	0.0003	OR1B1	ENSG00000171484
13920.0	0.0003	OR6X1	ENSG00000221931
13920.0	0.0003	OR2T8	ENSG00000177462
13920.0	0.0003	OR10AD1	ENSG00000172640
13920.0	0.0003	OR13H1	ENSG00000171054
13920.0	0.0003	OR10W1	ENSG00000172772
13920.0	0.0003	OR4D11	ENSG00000176200
13920.0	0.0003	OR5K4	ENSG00000196098
13920.0	0.0003	OR1K1	ENSG00000165204
13920.0	0.0003	OR2T2	ENSG00000196240
13920.0	0.0003	OR2C1	ENSG00000168158
13920.0	0.0003	OR2L8	ENSG00000196936
13920.0	0.0003	OR2T27	ENSG00000187701
13920.0	0.0003	OR5W2	ENSG00000187612
13920.0	0.0003	OR7G2	ENSG00000170923
13920.0	0.0003	OR8U3	ENSG00000174942
13920.0	0.0003	OR10A2	ENSG00000170790
13920.0	0.0003	OR6A2	ENSG00000184933
13920.0	0.0003	OR7E24	ENSG00000237521
13920.0	0.0003	OR11H4	ENSG00000176198
13920.0	0.0003	OR11H6	ENSG00000176219
13920.0	0.0003	OR13C4	ENSG00000148136
13920.0	0.0003	OR2A12	ENSG00000221858
13920.0	0.0003	OR5D16	ENSG00000205029
13920.0	0.0003	OR11G2	ENSG00000196832
13920.0	0.0003	OR2AT4	ENSG00000171561
13920.0	0.0003	OR51E1	ENSG00000180785
13920.0	0.0003	OR52I1	ENSG00000232268
13920.0	0.0003	OR1D2	ENSG00000184166
13920.0	0.0003	OR2AE1	ENSG00000244623
13920.0	0.0003	OR7C1	ENSG00000127530
13920.0	0.0003	OR1A2	ENSG00000172150
13920.0	0.0003	OR51F2	ENSG00000176925
13920.0	0.0003	OR5AS1	ENSG00000181785
13920.0	0.0003	OR5P3	ENSG00000182334
13920.0	0.0003	OR4D2	ENSG00000255713
13920.0	0.0003	OR5L2	ENSG00000205030
13920.0	0.0003	OR5M11	ENSG00000255223
13920.0	0.0003	OR10G7	ENSG00000182634
13920.0	0.0003	OR10J5	ENSG00000184155
13920.0	0.0003	OR2L3	ENSG00000198128
13920.0	0.0003	OR4X1	ENSG00000176567
13920.0	0.0003	OR52D1	ENSG00000181609
13920.0	0.0003	OR6C74	ENSG00000197706
13920.0	0.0003	OR8I2	ENSG00000172154
13920.0	0.0003	OR10G3	ENSG00000169208
13920.0	0.0003	OR13C5	ENSG00000255800
13920.0	0.0003	OR4A16	ENSG00000181961
13920.0	0.0003	OR4N4	ENSG00000183706
13920.0	0.0003	OR51E2	ENSG00000167332
13920.0	0.0003	OR5AR1	ENSG00000172459
13920.0	0.0003	OR8D4	ENSG00000181518
13920.0	0.0003	OR10G9	ENSG00000236981
13920.0	0.0003	OR2G3	ENSG00000177476
13920.0	0.0003	OR4F15	ENSG00000182854
13920.0	0.0003	OR52E2	ENSG00000176787
13920.0	0.0003	OR52N2	ENSG00000180988
13920.0	0.0003	OR6B2	ENSG00000182083
13920.0	0.0003	OR7A5	ENSG00000188269
13920.0	0.0003	OR10A4	ENSG00000170782
13920.0	0.0003	OR10K2	ENSG00000180708
13920.0	0.0003	OR10T2	ENSG00000186306
13920.0	0.0003	OR13C3	ENSG00000204246
13920.0	0.0003	OR1A1	ENSG00000172146
13920.0	0.0003	OR1E1	ENSG00000180016
13920.0	0.0003	OR2T10	ENSG00000184022
13920.0	0.0003	OR51V1	ENSG00000176742
13920.0	0.0003	OR5B3	ENSG00000172769
13920.0	0.0003	OR5D13	ENSG00000198877
13920.0	0.0003	OR5K3	ENSG00000206536
13920.0	0.0003	OR6B1	ENSG00000221813
13920.0	0.0003	OR10A3	ENSG00000170683
13920.0	0.0003	OR10J1	ENSG00000196184
13920.0	0.0003	OR10K1	ENSG00000173285
13920.0	0.0003	OR1E2	ENSG00000127780
13920.0	0.0003	OR2AG2	ENSG00000188124
13920.0	0.0003	OR2Y1	ENSG00000174339
13920.0	0.0003	OR3A1	ENSG00000180090
13920.0	0.0003	OR4C16	ENSG00000181935
13920.0	0.0003	OR4D6	ENSG00000166884
13920.0	0.0003	OR4X2	ENSG00000172208
13920.0	0.0003	OR51M1	ENSG00000184698
13920.0	0.0003	OR52A5	ENSG00000171944
13920.0	0.0003	OR52N1	ENSG00000181001
13920.0	0.0003	OR5P2	ENSG00000183303
13920.0	0.0003	OR6B3	ENSG00000178586
13920.0	0.0003	OR6Q1	ENSG00000172381
13920.0	0.0003	OR7D2	ENSG00000188000
13920.0	0.0003	OR8A1	ENSG00000196119
13920.0	0.0003	OR8B8	ENSG00000197125
13920.0	0.0003	OR8D1	ENSG00000196341
13920.0	0.0003	OR10G4	ENSG00000254737
13920.0	0.0003	OR10R2	ENSG00000198965
13920.0	0.0003	OR11L1	ENSG00000197591
13920.0	0.0003	OR13J1	ENSG00000168828
13920.0	0.0003	OR1G1	ENSG00000183024
13920.0	0.0003	OR1J4	ENSG00000239590
13920.0	0.0003	OR2D3	ENSG00000178358
13920.0	0.0003	OR4N2	ENSG00000176294
13920.0	0.0003	OR52A1	ENSG00000182070
13920.0	0.0003	OR52E8	ENSG00000183269
13920.0	0.0003	OR52H1	ENSG00000181616
13920.0	0.0003	OR6T1	ENSG00000181499
13920.0	0.0003	OR6Y1	ENSG00000197532
13920.0	0.0003	OR8D2	ENSG00000197263
13920.0	0.0003	OR10A5	ENSG00000166363
13920.0	0.0003	OR13C8	ENSG00000186943
13920.0	0.0003	OR13C9	ENSG00000136839
13920.0	0.0003	OR13F1	ENSG00000186881
13920.0	0.0003	OR2B2	ENSG00000168131
13920.0	0.0003	OR2M4	ENSG00000171180
13920.0	0.0003	OR2T4	ENSG00000196944
13920.0	0.0003	OR4D9	ENSG00000172742
13920.0	0.0003	OR4K5	ENSG00000176281
13920.0	0.0003	OR52B2	ENSG00000255307
13920.0	0.0003	OR52B6	ENSG00000187747
13920.0	0.0003	OR56A4	ENSG00000183389
13920.0	0.0003	OR5I1	ENSG00000167825
13920.0	0.0003	OR5J2	ENSG00000174957
13920.0	0.0003	OR5K1	ENSG00000232382
13920.0	0.0003	OR5K2	ENSG00000231861
13920.0	0.0003	OR5M8	ENSG00000181371
13920.0	0.0003	OR8H2	ENSG00000181767
13920.0	0.0003	OR10AG1	ENSG00000174970
13920.0	0.0003	OR10H2	ENSG00000171942
13920.0	0.0003	OR10H3	ENSG00000171936
13920.0	0.0003	OR10Q1	ENSG00000180475
13920.0	0.0003	OR13D1	ENSG00000179055
13920.0	0.0003	OR1I1	ENSG00000094661
13920.0	0.0003	OR1J1	ENSG00000136834
13920.0	0.0003	OR1N1	ENSG00000171505
13920.0	0.0003	OR2B6	ENSG00000124657
13920.0	0.0003	OR2F2	ENSG00000221910
13920.0	0.0003	OR2G6	ENSG00000188558
13920.0	0.0003	OR2L2	ENSG00000203663
13920.0	0.0003	OR2L5	ENSG00000197454
13920.0	0.0003	OR4C6	ENSG00000181903
13920.0	0.0003	OR4D1	ENSG00000141194
13920.0	0.0003	OR4E2	ENSG00000221977
13920.0	0.0003	OR4F6	ENSG00000184140
13920.0	0.0003	OR4Q3	ENSG00000182652
13920.0	0.0003	OR51B2	ENSG00000184881
13920.0	0.0003	OR51B4	ENSG00000183251
13920.0	0.0003	OR51B6	ENSG00000176239
13920.0	0.0003	OR51G1	ENSG00000176879
13920.0	0.0003	OR51S1	ENSG00000176922
13920.0	0.0003	OR56A1	ENSG00000180934
13920.0	0.0003	OR56A3	ENSG00000184478
13920.0	0.0003	OR5A2	ENSG00000172324
13920.0	0.0003	OR6C1	ENSG00000205330
13920.0	0.0003	OR6C2	ENSG00000179695
13920.0	0.0003	OR6F1	ENSG00000169214
13920.0	0.0003	OR6K2	ENSG00000196171
13920.0	0.0003	OR8K5	ENSG00000181752
13920.0	0.0003	OR10G2	ENSG00000255582
13920.0	0.0003	OR10V1	ENSG00000172289
13920.0	0.0003	OR14A16	ENSG00000196772
13920.0	0.0003	OR14C36	ENSG00000177174
13920.0	0.0003	OR1C1	ENSG00000221888
13920.0	0.0003	OR1L6	ENSG00000171459
13920.0	0.0003	OR2A2	ENSG00000221989
13920.0	0.0003	OR2A25	ENSG00000221933
13920.0	0.0003	OR2A7	ENSG00000243896
13920.0	0.0003	OR2B11	ENSG00000177535
13920.0	0.0003	OR2F1	ENSG00000213215
13920.0	0.0003	OR2G2	ENSG00000177489
13920.0	0.0003	OR2K2	ENSG00000171133
13920.0	0.0003	OR2S2	ENSG00000122718
13920.0	0.0003	OR2T12	ENSG00000177201
13920.0	0.0003	OR2T29	ENSG00000182783
13920.0	0.0003	OR2T33	ENSG00000177212
13920.0	0.0003	OR3A2	ENSG00000221882
13920.0	0.0003	OR4A47	ENSG00000237388
13920.0	0.0003	OR4C12	ENSG00000221954
13920.0	0.0003	OR4C46	ENSG00000185926
13920.0	0.0003	OR4K1	ENSG00000155249
13920.0	0.0003	OR4K13	ENSG00000176253
13920.0	0.0003	OR4M1	ENSG00000176299
13920.0	0.0003	OR4M2	ENSG00000182974
13920.0	0.0003	OR4N5	ENSG00000184394
13920.0	0.0003	OR4P4	ENSG00000181927
13920.0	0.0003	OR51B5	ENSG00000242180
13920.0	0.0003	OR51I2	ENSG00000187918
13920.0	0.0003	OR52B4	ENSG00000221996
13920.0	0.0003	OR52E4	ENSG00000180974
13920.0	0.0003	OR56B4	ENSG00000180919
13920.0	0.0003	OR5AK2	ENSG00000181273
13920.0	0.0003	OR5AU1	ENSG00000169327
13920.0	0.0003	OR5B12	ENSG00000172362
13920.0	0.0003	OR5B21	ENSG00000198283
13920.0	0.0003	OR5D14	ENSG00000186113
13920.0	0.0003	OR5F1	ENSG00000149133
13920.0	0.0003	OR5H2	ENSG00000197938
13920.0	0.0003	OR5H6	ENSG00000230301
13920.0	0.0003	OR6K3	ENSG00000203757
13920.0	0.0003	OR6N2	ENSG00000188340
13920.0	0.0003	OR7A17	ENSG00000185385
13920.0	0.0003	OR7G1	ENSG00000161807
13920.0	0.0003	OR7G3	ENSG00000170920
13920.0	0.0003	OR9K2	ENSG00000170605
13920.0	0.0003	OR10A6	ENSG00000175393
13920.0	0.0003	OR10A7	ENSG00000179919
13920.0	0.0003	OR10G8	ENSG00000234560
13920.0	0.0003	OR10H4	ENSG00000176231
13920.0	0.0003	OR10H5	ENSG00000172519
13920.0	0.0003	OR10J3	ENSG00000196266
13920.0	0.0003	OR13C2	ENSG00000257019
13920.0	0.0003	OR14I1	ENSG00000189181
13920.0	0.0003	OR1L1	ENSG00000173679
13920.0	0.0003	OR1L3	ENSG00000171481
13920.0	0.0003	OR1L4	ENSG00000136939
13920.0	0.0003	OR1L8	ENSG00000171496
13920.0	0.0003	OR1M1	ENSG00000170929
13920.0	0.0003	OR1N2	ENSG00000171501
13920.0	0.0003	OR1Q1	ENSG00000165202
13920.0	0.0003	OR1S1	ENSG00000172774
13920.0	0.0003	OR1S2	ENSG00000197887
13920.0	0.0003	OR2A14	ENSG00000221938
13920.0	0.0003	OR2A5	ENSG00000221836
13920.0	0.0003	OR2AP1	ENSG00000179615
13920.0	0.0003	OR2C3	ENSG00000196242
13920.0	0.0003	OR2D2	ENSG00000166368
13920.0	0.0003	OR2T1	ENSG00000175143
13920.0	0.0003	OR2T11	ENSG00000183130
13920.0	0.0003	OR2T3	ENSG00000196539
13920.0	0.0003	OR2T34	ENSG00000183310
13920.0	0.0003	OR2T35	ENSG00000177151
13920.0	0.0003	OR2T6	ENSG00000198104
13920.0	0.0003	OR2V1	ENSG00000185372
13920.0	0.0003	OR2V2	ENSG00000182613
13920.0	0.0003	OR3A3	ENSG00000159961
13920.0	0.0003	OR4A15	ENSG00000181958
13920.0	0.0003	OR4A5	ENSG00000221840
13920.0	0.0003	OR4C15	ENSG00000181939
13920.0	0.0003	OR4D10	ENSG00000254466
13920.0	0.0003	OR4D5	ENSG00000171014
13920.0	0.0003	OR4K14	ENSG00000169484
13920.0	0.0003	OR4K17	ENSG00000176230
13920.0	0.0003	OR4L1	ENSG00000176246
13920.0	0.0003	OR4S1	ENSG00000176555
13920.0	0.0003	OR51A7	ENSG00000176895
13920.0	0.0003	OR51D1	ENSG00000197428
13920.0	0.0003	OR51F1	ENSG00000188069
13920.0	0.0003	OR51G2	ENSG00000176893
13920.0	0.0003	OR51I1	ENSG00000167359
13920.0	0.0003	OR52E6	ENSG00000205409
13920.0	0.0003	OR52K1	ENSG00000196778
13920.0	0.0003	OR52K2	ENSG00000181963
13920.0	0.0003	OR52N5	ENSG00000181009
13920.0	0.0003	OR52R1	ENSG00000176937
13920.0	0.0003	OR5A1	ENSG00000172320
13920.0	0.0003	OR5AN1	ENSG00000176495
13920.0	0.0003	OR5AP2	ENSG00000172464
13920.0	0.0003	OR5B17	ENSG00000197786
13920.0	0.0003	OR5B2	ENSG00000172365
13920.0	0.0003	OR5C1	ENSG00000148215
13920.0	0.0003	OR5D18	ENSG00000186119
13920.0	0.0003	OR5H1	ENSG00000231192
13920.0	0.0003	OR5H14	ENSG00000236032
13920.0	0.0003	OR5H15	ENSG00000233412
13920.0	0.0003	OR5L1	ENSG00000186117
13920.0	0.0003	OR5M10	ENSG00000254834
13920.0	0.0003	OR5M3	ENSG00000174937
13920.0	0.0003	OR5M9	ENSG00000150269
13920.0	0.0003	OR6C3	ENSG00000205329
13920.0	0.0003	OR6C4	ENSG00000179626
13920.0	0.0003	OR6C6	ENSG00000188324
13920.0	0.0003	OR6C65	ENSG00000205328
13920.0	0.0003	OR6C68	ENSG00000205327
13920.0	0.0003	OR6C70	ENSG00000184954
13920.0	0.0003	OR6C75	ENSG00000187857
13920.0	0.0003	OR6C76	ENSG00000185821
13920.0	0.0003	OR6K6	ENSG00000180433
13920.0	0.0003	OR6M1	ENSG00000196099
13920.0	0.0003	OR6N1	ENSG00000197403
13920.0	0.0003	OR6P1	ENSG00000186440
13920.0	0.0003	OR6S1	ENSG00000181803
13920.0	0.0003	OR7A10	ENSG00000127515
13920.0	0.0003	OR7C2	ENSG00000127529
13920.0	0.0003	OR8B12	ENSG00000170953
13920.0	0.0003	OR8B2	ENSG00000204293
13920.0	0.0003	OR8B3	ENSG00000196661
13920.0	0.0003	OR8B4	ENSG00000198657
13920.0	0.0003	OR8H3	ENSG00000181761
13920.0	0.0003	OR8J3	ENSG00000167822
13920.0	0.0003	OR9I1	ENSG00000172377
13920.0	0.0003	OR9Q1	ENSG00000186509
13920.0	0.0003	OR9Q2	ENSG00000186513
13920.0	0.0003	CREBL2	ENSG00000111269
13920.0	0.0003	MBD3L3	ENSG00000182315
13920.0	0.0003	MBD3L4	ENSG00000205718
13920.0	0.0003	MBD3L5	ENSG00000237247
13920.0	0.0003	ZNF541	ENSG00000118156
13920.0	0.0003	CISD3	ENSG00000230055
13920.0	0.0003	CCDC8	ENSG00000169515
13920.0	0.0003	KRTAP12-2	ENSG00000221864
13920.0	0.0003	LANCL2	ENSG00000132434
13920.0	0.0003	TIGD5	ENSG00000179886
13920.0	0.0003	RNF17	ENSG00000132972
13920.0	0.0003	SCX	ENSG00000187786
13920.0	0.0003	SCXA	ENSG00000188686
13920.0	0.0003	KRTAP23-1	ENSG00000186980
13920.0	0.0003	ADGRE1	ENSG00000174837
13920.0	0.0003	LEPROT	ENSG00000213625
13920.0	0.0003	CD101	ENSG00000134256
13920.0	0.0003	LCE5A	ENSG00000186207
13920.0	0.0003	SPRN	ENSG00000203772
13920.0	0.0003	C5AR2	ENSG00000134830
13920.0	0.0003	LEUTX	ENSG00000213921
13920.0	0.0003	REG3G	ENSG00000143954
13920.0	0.0003	ZC3H12D	ENSG00000178199
13920.0	0.0003	RTP3	ENSG00000163825
13920.0	0.0003	C22orf42	ENSG00000205856
13920.0	0.0003	RNF217	ENSG00000146373
13920.0	0.0003	TMEM185A	ENSG00000155984
13920.0	0.0003	G6PC2	ENSG00000152254
13920.0	0.0003	C7orf76	ENSG00000197851
13920.0	0.0003	VASH1	ENSG00000071246
13920.0	0.0003	GPR107	ENSG00000148358
13920.0	0.0003	MRGPRD	ENSG00000172938
13920.0	0.0003	MRGPRE	ENSG00000184350
13920.0	0.0003	MRGPRF	ENSG00000172935
13920.0	0.0003	MRGPRG	ENSG00000182170
13920.0	0.0003	MRGPRX3	ENSG00000179826
13920.0	0.0003	MRGPRX4	ENSG00000179817
13920.0	0.0003	ZNF239	ENSG00000196793
13920.0	0.0003	CD200	ENSG00000091972
13920.0	0.0003	SPX	ENSG00000134548
13920.0	0.0003	SLC51B	ENSG00000186198
13920.0	0.0003	DCANP1	ENSG00000251380
13920.0	0.0003	CC2D1B	ENSG00000154222
13920.0	0.0003	NUDT3	ENSG00000272325
13920.0	0.0003	SLURP1	ENSG00000126233
13920.0	0.0003	METTL22	ENSG00000067365
13920.0	0.0003	TMEM254	ENSG00000133678
13920.0	0.0003	KRT24	ENSG00000167916
13920.0	0.0003	INTU	ENSG00000164066
13920.0	0.0003	C19orf48P	ENSG00000167747
13920.0	0.0003	UPK3A	ENSG00000100373
13920.0	0.0003	GPR142	ENSG00000257008
13920.0	0.0003	CPNE9	ENSG00000144550
13920.0	0.0003	ABCB9	ENSG00000150967
13920.0	0.0003	ZNF34	ENSG00000196378
13920.0	0.0003	INSL4	ENSG00000120211
13920.0	0.0003	PRIMPOL	ENSG00000164306
13920.0	0.0003	WFDC8	ENSG00000158901
13920.0	0.0003	L1TD1	ENSG00000240563
13920.0	0.0003	ZBTB26	ENSG00000171448
13920.0	0.0003	HHLA1	ENSG00000132297
13920.0	0.0003	DEFB104A	ENSG00000176782
13920.0	0.0003	UPK2	ENSG00000110375
13920.0	0.0003	MTRNR2L4	ENSG00000232196
13920.0	0.0003	KLK14	ENSG00000129437
13920.0	0.0003	KANK4	ENSG00000132854
13920.0	0.0003	EDDM3A	ENSG00000181562
13920.0	0.0003	CCDC87	ENSG00000182791
13920.0	0.0003	SPAG11A	ENSG00000178287
13920.0	0.0003	CA5A	ENSG00000174990
13920.0	0.0003	FHDC1	ENSG00000137460
13920.0	0.0003	C10orf55	ENSG00000222047
13920.0	0.0003	RNASE10	ENSG00000182545
13920.0	0.0003	CCDC54	ENSG00000138483
13920.0	0.0003	APIP	ENSG00000149089
13920.0	0.0003	OTOL1	ENSG00000182447
13920.0	0.0003	ZFP3	ENSG00000180787
13920.0	0.0003	ZFP37	ENSG00000136866
13920.0	0.0003	NUCB2	ENSG00000070081
13920.0	0.0003	EPPIN-WFDC6	ENSG00000249139
13920.0	0.0003	EMID1	ENSG00000186998
13920.0	0.0003	ENOX1	ENSG00000120658
13920.0	0.0003	RWDD2B	ENSG00000156253
13920.0	0.0003	WFDC6	ENSG00000243543
13920.0	0.0003	XKR3	ENSG00000172967
13920.0	0.0003	XKRX	ENSG00000182489
13920.0	0.0003	PRG3	ENSG00000156575
13920.0	0.0003	PRSS54	ENSG00000103023
13920.0	0.0003	ENOPH1	ENSG00000145293
13920.0	0.0003	SIPA1L3	ENSG00000105738
13920.0	0.0003	NUDT18	ENSG00000173566
13920.0	0.0003	URB2	ENSG00000135763
13920.0	0.0003	TMEM242	ENSG00000215712
13920.0	0.0003	RNF180	ENSG00000164197
13920.0	0.0003	LRRC40	ENSG00000066557
13920.0	0.0003	MYADM	ENSG00000179820
13920.0	0.0003	RBMXL2	ENSG00000170748
13920.0	0.0003	RTL10	ENSG00000215012
13920.0	0.0003	IFI27L1	ENSG00000165948
13920.0	0.0003	MS4A5	ENSG00000166930
13920.0	0.0003	COMMD2	ENSG00000114744
13920.0	0.0003	LMNTD1	ENSG00000152936
13920.0	0.0003	TMBIM4	ENSG00000155957
13920.0	0.0003	IFITM5	ENSG00000206013
13920.0	0.0003	ZNF467	ENSG00000181444
13920.0	0.0003	SCP2D1	ENSG00000132631
13920.0	0.0003	AZU1	ENSG00000172232
13920.0	0.0003	TMEM88B	ENSG00000205116
13920.0	0.0003	CCDC144NL	ENSG00000205212
13920.0	0.0003	CDRT15L2	ENSG00000214819
13920.0	0.0003	LINC02693	ENSG00000212719
13920.0	0.0003	GPR34	ENSG00000171659
13920.0	0.0003	GPR82	ENSG00000171657
13920.0	0.0003	MTRNR2L1	ENSG00000256618
13920.0	0.0003	LMLN	ENSG00000185621
13920.0	0.0003	ZNF446	ENSG00000083838
13920.0	0.0003	RENBP	ENSG00000102032
13920.0	0.0003	CYB561	ENSG00000008283
13920.0	0.0003	SPINK13	ENSG00000214510
13920.0	0.0003	TIFAB	ENSG00000255833
13920.0	0.0003	CPA4	ENSG00000128510
13920.0	0.0003	SPINK6	ENSG00000178172
13920.0	0.0003	MT1H	ENSG00000205358
13920.0	0.0003	ZBTB40	ENSG00000184677
13920.0	0.0003	CCDC183	ENSG00000213213
13920.0	0.0003	SLC25A39	ENSG00000013306
13920.0	0.0003	TIPARP	ENSG00000163659
13920.0	0.0003	HHLA2	ENSG00000114455
13920.0	0.0003	ZSCAN22	ENSG00000182318
13920.0	0.0003	MS4A3	ENSG00000149516
13920.0	0.0003	MS4A7	ENSG00000166927
13920.0	0.0003	GPR26	ENSG00000154478
13920.0	0.0003	OPN5	ENSG00000124818
13920.0	0.0003	LCE6A	ENSG00000235942
13920.0	0.0003	CHST8	ENSG00000124302
13920.0	0.0003	TMEM79	ENSG00000163472
13920.0	0.0003	ZNF200	ENSG00000010539
13920.0	0.0003	CHST9	ENSG00000154080
13920.0	0.0003	FSCB	ENSG00000189139
13920.0	0.0003	TMEM223	ENSG00000168569
13920.0	0.0003	SPINK9	ENSG00000204909
13920.0	0.0003	UPK1A	ENSG00000105668
13920.0	0.0003	IGSF3	ENSG00000143061
13920.0	0.0003	CISD1	ENSG00000122873
13920.0	0.0003	KRTAP24-1	ENSG00000188694
13920.0	0.0003	OR13A1	ENSG00000256574
13920.0	0.0003	VPREB3	ENSG00000128218
13920.0	0.0003	KBTBD12	ENSG00000187715
13920.0	0.0003	SIGLEC9	ENSG00000129450
13920.0	0.0003	ZNF570	ENSG00000171827
13920.0	0.0003	DEFB105A	ENSG00000186562
13920.0	0.0003	DEFB126	ENSG00000125788
13920.0	0.0003	RBM46	ENSG00000151962
13920.0	0.0003	LYPD6	ENSG00000187123
13920.0	0.0003	LYNX1	ENSG00000180155
13920.0	0.0003	ETFRF1	ENSG00000205707
13920.0	0.0003	CCDC22	ENSG00000101997
13920.0	0.0003	GPR108	ENSG00000125734
13920.0	0.0003	TPRX1	ENSG00000178928
13920.0	0.0003	ZNF773	ENSG00000152439
13920.0	0.0003	DPRX	ENSG00000204595
13920.0	0.0003	RETREG3	ENSG00000141699
13920.0	0.0003	TMEM187	ENSG00000177854
13920.0	0.0003	ENOX2	ENSG00000165675
13920.0	0.0003	DUXA	ENSG00000258873
13920.0	0.0003	SEBOX	ENSG00000109072
13920.0	0.0003	MS4A8	ENSG00000166959
13920.0	0.0003	GPR101	ENSG00000165370
13920.0	0.0003	SPINK4	ENSG00000122711
13920.0	0.0003	PGBD1	ENSG00000137338
13920.0	0.0003	MTRNR2L3	ENSG00000256222
13920.0	0.0003	FAM81B	ENSG00000153347
13920.0	0.0003	PATE3	ENSG00000236027
13920.0	0.0003	DEFB132	ENSG00000186458
13920.0	0.0003	EEF1AKMT1	ENSG00000150456
13920.0	0.0003	CLPSL1	ENSG00000204140
13920.0	0.0003	SPINK14	ENSG00000196800
13920.0	0.0003	GLOD5	ENSG00000171433
13920.0	0.0003	KLK13	ENSG00000167759
13920.0	0.0003	ARGFX	ENSG00000186103
13920.0	0.0003	KRTAP25-1	ENSG00000232263
13920.0	0.0003	KRTAP27-1	ENSG00000206107
13920.0	0.0003	KRTAP19-8	ENSG00000206102
13920.0	0.0003	KRTAP20-3	ENSG00000206104
13920.0	0.0003	IGLON5	ENSG00000142549
13920.0	0.0003	CNTD1	ENSG00000176563
13920.0	0.0003	MSANTD4	ENSG00000170903
13920.0	0.0003	GAGE13	ENSG00000237597
13920.0	0.0003	GAGE2E	ENSG00000205775
13920.0	0.0003	PRR35	ENSG00000161992
13920.0	0.0003	KRTAP26-1	ENSG00000197683
13920.0	0.0003	ZNF543	ENSG00000178229
13920.0	0.0003	CIMIP2A	ENSG00000188163
13920.0	0.0003	FAM181A	ENSG00000140067
13920.0	0.0003	PATE2	ENSG00000196844
13920.0	0.0003	THAP6	ENSG00000174796
13920.0	0.0003	PATE4	ENSG00000237353
13920.0	0.0003	DEFB125	ENSG00000178591
13920.0	0.0003	CNBD1	ENSG00000176571
13920.0	0.0003	KRTAP10-1	ENSG00000215455
13920.0	0.0003	TERB2	ENSG00000167014
13920.0	0.0003	CALHM4	ENSG00000164451
13920.0	0.0003	POTEB2	ENSG00000230031
13920.0	0.0003	LRCH2	ENSG00000130224
13920.0	0.0003	DEFB121	ENSG00000204548
13920.0	0.0003	LRP5L	ENSG00000100068
13920.0	0.0003	ZNF229	ENSG00000167383
13920.0	0.0003	C1orf216	ENSG00000142686
13920.0	0.0003	DEFB128	ENSG00000185982
13920.0	0.0003	DEFB129	ENSG00000125903
13920.0	0.0003	DEFB127	ENSG00000088782
13920.0	0.0003	TOR4A	ENSG00000198113
13920.0	0.0003	SPATA32	ENSG00000184361
13920.0	0.0003	GOLGA6L6	ENSG00000215405
13920.0	0.0003	PRRG1	ENSG00000130962
13920.0	0.0003	KRTAP12-1	ENSG00000187175
13920.0	0.0003	KRTAP12-4	ENSG00000212933
13920.0	0.0003	DEFB119	ENSG00000180483
13920.0	0.0003	DEFB123	ENSG00000180424
13920.0	0.0003	DEFB118	ENSG00000131068
13920.0	0.0003	LANCL3	ENSG00000147036
13920.0	0.0003	TEX55	ENSG00000163424
13920.0	0.0003	KRTAP10-5	ENSG00000241123
13920.0	0.0003	KRTAP10-9	ENSG00000221837
13920.0	0.0003	KRTAP10-10	ENSG00000221859
13920.0	0.0003	KRTAP10-7	ENSG00000205441
13920.0	0.0003	KRTAP10-8	ENSG00000187766
13920.0	0.0003	KRTAP10-4	ENSG00000215454
13920.0	0.0003	KRTAP10-12	ENSG00000189169
13920.0	0.0003	KRTAP10-2	ENSG00000205445
13920.0	0.0003	DNAAF6	ENSG00000080572
13920.0	0.0003	KRTAP12-3	ENSG00000205439
13920.0	0.0003	KRTAP9-8	ENSG00000187272
13920.0	0.0003	KRTAP4-6	ENSG00000198090
13920.0	0.0003	KRTAP9-4	ENSG00000241595
13920.0	0.0003	KRTAP13-3	ENSG00000240432
13920.0	0.0003	KRTAP3-1	ENSG00000212901
13920.0	0.0003	ARMH4	ENSG00000139971
13920.0	0.0003	KRTAP9-3	ENSG00000204873
13920.0	0.0003	CCDC198	ENSG00000100557
13920.0	0.0003	VPS35	ENSG00000069329
13920.0	0.0003	KIF20B	ENSG00000138182
13920.0	0.0003	TMEM175	ENSG00000127419
13920.0	0.0003	MTAP	ENSG00000099810
13920.0	0.0003	C2CD3	ENSG00000168014
13920.0	0.0003	PDE4D	ENSG00000113448
13920.0	0.0003	ZNF407	ENSG00000215421
13920.0	0.0003	OLFM2	ENSG00000105088
13920.0	0.0003	C12orf57	ENSG00000111678
13920.0	0.0003	HLA-DQA1	ENSG00000196735
13920.0	0.0003	PRKDC	ENSG00000253729
13920.0	0.0003	MINAR2	ENSG00000186367
13920.0	0.0003	PIANP	ENSG00000139200
13920.0	0.0003	CHCHD2P9	ENSG00000186940
13920.0	0.0003	ZNF212	ENSG00000170260
13920.0	0.0003	YWHAE	ENSG00000108953
13920.0	0.0003	ITCH	ENSG00000078747
13920.0	0.0003	SRRM3	ENSG00000177679
13920.0	0.0003	TNF	ENSG00000232810
13920.0	0.0003	ENHO	ENSG00000168913
13920.0	0.0003	WDFY3	ENSG00000163625
13920.0	0.0003	TMEM165	ENSG00000134851
13920.0	0.0003	MIA3	ENSG00000154305
13920.0	0.0003	SLC37A4	ENSG00000137700
13920.0	0.0003	SLC2A10	ENSG00000197496
13920.0	0.0003	GCOM1	ENSG00000137878
13920.0	0.0003	MYZAP	ENSG00000263155
13920.0	0.0003	POLR2M	ENSG00000255529
13920.0	0.0003	DNAJC13	ENSG00000138246
13920.0	0.0003	AGBL5	ENSG00000084693
13920.0	0.0003	CERKL	ENSG00000188452
13920.0	0.0003	FAM161A	ENSG00000170264
13920.0	0.0003	FSCN2	ENSG00000186765
13920.0	0.0003	IDH3B	ENSG00000101365
13920.0	0.0003	IMPG2	ENSG00000081148
13920.0	0.0003	KIAA1549	ENSG00000122778
13920.0	0.0003	PCARE	ENSG00000179270
13920.0	0.0003	PRCD	ENSG00000214140
13920.0	0.0003	PRPF3	ENSG00000117360
13920.0	0.0003	PRPF31	ENSG00000105618
13920.0	0.0003	PRPF6	ENSG00000101161
13920.0	0.0003	RBP3	ENSG00000107618
13920.0	0.0003	RP1L1	ENSG00000183638
13920.0	0.0003	RPGR	ENSG00000156313
13920.0	0.0003	COMMD3-BMI1	ENSG00000269897
13920.0	0.0003	TPST2	ENSG00000128294
13920.0	0.0003	NEUROD1	ENSG00000162992
13920.0	0.0003	RHOA	ENSG00000067560
13920.0	0.0003	TENM4	ENSG00000149256
13920.0	0.0003	MLX	ENSG00000108788
13920.0	0.0003	MYO18B	ENSG00000133454
13920.0	0.0003	NCF1B	ENSG00000182487
13920.0	0.0003	NCF1C	ENSG00000165178
13920.0	0.0003	ZIC4	ENSG00000174963
13920.0	0.0003	LAMA4	ENSG00000112769
14056.0	0.0002	BAIAP2L2	ENSG00000128298
14056.0	0.0002	COLEC11	ENSG00000118004
14056.0	0.0002	TMEM184B	ENSG00000198792
14056.0	0.0002	HMGB3	ENSG00000029993
14056.0	0.0002	POPDC3	ENSG00000132429
14056.0	0.0002	NOS2	ENSG00000007171
14056.0	0.0002	INSYN1	ENSG00000205363
14056.0	0.0002	SF3B4	ENSG00000143368
14056.0	0.0002	LPPR4	ENSG00000117600
14056.0	0.0002	HAPLN2	ENSG00000132702
14056.0	0.0002	EMG1	ENSG00000126749
14056.0	0.0002	APAF1	ENSG00000120868
14056.0	0.0002	BMP1	ENSG00000168487
14056.0	0.0002	PLAT	ENSG00000104368
14056.0	0.0002	PRKAB2	ENSG00000131791
14056.0	0.0002	BRWD3	ENSG00000165288
14056.0	0.0002	COL2A1	ENSG00000139219
14056.0	0.0002	COL5A2	ENSG00000204262
14056.0	0.0002	P2RX2	ENSG00000187848
14056.0	0.0002	GDNF	ENSG00000168621
14056.0	0.0002	CCDC115	ENSG00000136710
14056.0	0.0002	PPP1R9B	ENSG00000108819
14056.0	0.0002	LIMCH1	ENSG00000064042
14056.0	0.0002	FKBP1C	ENSG00000198225
14056.0	0.0002	TAFAZZIN	ENSG00000102125
14056.0	0.0002	PLAUR	ENSG00000011422
14056.0	0.0002	NDRG4	ENSG00000103034
14056.0	0.0002	HEATR3	ENSG00000155393
14056.0	0.0002	RPL15	ENSG00000174748
14056.0	0.0002	CNR1	ENSG00000118432
14056.0	0.0002	SLC45A1	ENSG00000162426
14056.0	0.0002	PSMB8	ENSG00000204264
14056.0	0.0002	DLK2	ENSG00000171462
14056.0	0.0002	TRANK1	ENSG00000168016
14056.0	0.0002	ACTMAP	ENSG00000188493
14056.0	0.0002	ADAMTS15	ENSG00000166106
14056.0	0.0002	VAV3	ENSG00000134215
14056.0	0.0002	PIK3R1	ENSG00000145675
14056.0	0.0002	GPR37L1	ENSG00000170075
14056.0	0.0002	ZFP57	ENSG00000204644
14056.0	0.0002	PTPN20	ENSG00000183675
14056.0	0.0002	PTPN20A	ENSG00000204179
14056.0	0.0002	KCNK5	ENSG00000164626
14056.0	0.0002	RTN4	ENSG00000115310
14056.0	0.0002	KCNAB1	ENSG00000169282
14056.0	0.0002	ZBTB24	ENSG00000112365
14056.0	0.0002	TMEM108	ENSG00000144868
14056.0	0.0002	GLA	ENSG00000102393
14056.0	0.0002	GPRIN3	ENSG00000185477
14056.0	0.0002	SLC4A10	ENSG00000144290
14056.0	0.0002	LMTK3	ENSG00000142235
14056.0	0.0002	TRPC2	ENSG00000182048
14056.0	0.0002	KCTD12	ENSG00000178695
14056.0	0.0002	PACC1	ENSG00000065600
14056.0	0.0002	GSG1L	ENSG00000169181
14056.0	0.0002	TAFA4	ENSG00000163377
14056.0	0.0002	GPR139	ENSG00000180269
14056.0	0.0002	DRD4	ENSG00000069696
14056.0	0.0002	SEPTIN9	ENSG00000184640
14056.0	0.0002	C10ORF68	ENSG00000150076
14056.0	0.0002	CCDC7	ENSG00000216937
14056.0	0.0002	TMEM74	ENSG00000164841
14056.0	0.0002	SCUBE1	ENSG00000159307
14056.0	0.0002	TMEM87A	ENSG00000103978
14056.0	0.0002	ABCA13	ENSG00000179869
14056.0	0.0002	MAP3K7	ENSG00000135341
14056.0	0.0002	CRIPTO3	ENSG00000225366
14056.0	0.0002	LAMP5	ENSG00000125869
14056.0	0.0002	ZFHX2	ENSG00000136367
14056.0	0.0002	SRC	ENSG00000197122
14056.0	0.0002	C1QL1	ENSG00000131094
14056.0	0.0002	NR4A3	ENSG00000119508
14056.0	0.0002	POC1A	ENSG00000164087
14056.0	0.0002	SNX10	ENSG00000086300
14056.0	0.0002	COL14A1	ENSG00000187955
14056.0	0.0002	ABHD17A	ENSG00000129968
14056.0	0.0002	MRGPRX2	ENSG00000183695
14056.0	0.0002	SMAD3	ENSG00000166949
14056.0	0.0002	USP41P	ENSG00000161133
14056.0	0.0002	IRGC	ENSG00000124449
14056.0	0.0002	PAX3	ENSG00000135903
14056.0	0.0002	FGF2	ENSG00000138685
14056.0	0.0002	TMEM132E	ENSG00000181291
14056.0	0.0002	PHF21B	ENSG00000056487
14056.0	0.0002	FOXO6	ENSG00000204060
14056.0	0.0002	CDS2	ENSG00000101290
14056.0	0.0002	TMEM198B	ENSG00000182796
14056.0	0.0002	KCNK2	ENSG00000082482
14056.0	0.0002	ANGPTL6	ENSG00000130812
14056.0	0.0002	THSD1	ENSG00000136114
14056.0	0.0002	ZNF597	ENSG00000167981
14056.0	0.0002	DYNC2LI1	ENSG00000138036
14056.0	0.0002	NETO1	ENSG00000166342
14056.0	0.0002	HCN3	ENSG00000143630
14056.0	0.0002	SLC10A4	ENSG00000145248
14056.0	0.0002	SLC29A3	ENSG00000198246
14056.0	0.0002	HLA-DPA1	ENSG00000231389
14056.0	0.0002	PRTN3	ENSG00000196415
14056.0	0.0002	SLITRK3	ENSG00000121871
14056.0	0.0002	ZDHHC16	ENSG00000171307
14056.0	0.0002	PTPRT	ENSG00000196090
14056.0	0.0002	RNF10	ENSG00000022840
14056.0	0.0002	TMEM145	ENSG00000167619
14056.0	0.0002	PYGL	ENSG00000100504
14056.0	0.0002	DAGLB	ENSG00000164535
14056.0	0.0002	HLA-DQB2	ENSG00000232629
14056.0	0.0002	PRLR	ENSG00000113494
14056.0	0.0002	SV2A	ENSG00000159164
14056.0	0.0002	C4B	ENSG00000224389
14056.0	0.0002	IGHG1	ENSG00000211896
14056.0	0.0002	IRF5	ENSG00000128604
14056.0	0.0002	KIAA0319L	ENSG00000142687
14056.0	0.0002	PXK	ENSG00000168297
14056.0	0.0002	ZDHHC7	ENSG00000153786
14056.0	0.0002	ECRG4	ENSG00000119147
14056.0	0.0002	FAM111A	ENSG00000166801
14056.0	0.0002	CYB5D1	ENSG00000182224
14056.0	0.0002	HOATZ	ENSG00000183644
14056.0	0.0002	LHX6	ENSG00000106852
14056.0	0.0002	PHF8	ENSG00000172943
14056.0	0.0002	OVOL2	ENSG00000125850
14056.0	0.0002	DBX1	ENSG00000109851
14056.0	0.0002	MASP1	ENSG00000127241
14056.0	0.0002	CXCL12	ENSG00000107562
14056.0	0.0002	EFHD2	ENSG00000142634
14056.0	0.0002	TG	ENSG00000042832
14056.0	0.0002	FOLH1	ENSG00000086205
14056.0	0.0002	HM13	ENSG00000101294
14056.0	0.0002	AKR1C1	ENSG00000187134
14056.0	0.0002	AKR1C2	ENSG00000151632
14056.0	0.0002	AKR1C3	ENSG00000196139
14056.0	0.0002	AKR1C4	ENSG00000198610
14056.0	0.0002	SPINK5	ENSG00000133710
14056.0	0.0002	ECE1	ENSG00000117298
14056.0	0.0002	PET117	ENSG00000232838
14056.0	0.0002	SERPINC1	ENSG00000117601
14539.0	0.0001	STARD10	ENSG00000214530
14539.0	0.0001	PYY3	ENSG00000181977
14539.0	0.0001	ZFP14	ENSG00000142065
14539.0	0.0001	SLC2A13	ENSG00000151229
14539.0	0.0001	ZNF711	ENSG00000147180
14539.0	0.0001	CHRD	ENSG00000090539
14539.0	0.0001	MAGEE2	ENSG00000186675
14539.0	0.0001	ELFN2	ENSG00000166897
14539.0	0.0001	CD164	ENSG00000135535
14539.0	0.0001	C1orf43	ENSG00000143612
14539.0	0.0001	PPA2	ENSG00000138777
14539.0	0.0001	NDRG2	ENSG00000165795
14539.0	0.0001	LAPTM4A	ENSG00000068697
14539.0	0.0001	STAT1	ENSG00000115415
14539.0	0.0001	SRCIN1	ENSG00000017373
14539.0	0.0001	SCD	ENSG00000099194
14539.0	0.0001	MAPK9	ENSG00000050748
14539.0	0.0001	VRK2	ENSG00000028116
14539.0	0.0001	BRD2	ENSG00000204256
14539.0	0.0001	HSPA1A	ENSG00000204389
14539.0	0.0001	HSPA1B	ENSG00000204388
14539.0	0.0001	ARHGEF38	ENSG00000236699
14539.0	0.0001	COBLL1	ENSG00000082438
14539.0	0.0001	TP63	ENSG00000073282
14539.0	0.0001	MOBP	ENSG00000168314
14539.0	0.0001	MAMLD1	ENSG00000013619
14539.0	0.0001	EFHD1	ENSG00000115468
14539.0	0.0001	SNX3	ENSG00000112335
14539.0	0.0001	B4GALT1	ENSG00000086062
14539.0	0.0001	TMPRSS6	ENSG00000187045
14539.0	0.0001	LPPR5	ENSG00000117598
14539.0	0.0001	FCGR2C	ENSG00000244682
14539.0	0.0001	UBB	ENSG00000170315
14539.0	0.0001	KIF6	ENSG00000164627
14539.0	0.0001	SLC38A8	ENSG00000166558
14539.0	0.0001	NSMF	ENSG00000165802
14539.0	0.0001	POU2AF3	ENSG00000214290
14539.0	0.0001	DGCR8	ENSG00000128191
14539.0	0.0001	TTC28	ENSG00000100154
14539.0	0.0001	ASCC1	ENSG00000138303
14539.0	0.0001	APOLD1	ENSG00000178878
14539.0	0.0001	PCP4	ENSG00000183036
14539.0	0.0001	BAX	ENSG00000087088
14539.0	0.0001	RNF112	ENSG00000128482
14539.0	0.0001	ADNP2	ENSG00000101544
14539.0	0.0001	PCDH17	ENSG00000118946
14539.0	0.0001	TXNRD2	ENSG00000184470
14539.0	0.0001	FIP1L1	ENSG00000145216
14539.0	0.0001	NPM1	ENSG00000181163
14539.0	0.0001	PML	ENSG00000140464
14539.0	0.0001	MEF2A	ENSG00000068305
14539.0	0.0001	SETD3	ENSG00000183576
14539.0	0.0001	SHISA7	ENSG00000187902
14539.0	0.0001	TSPAN6	ENSG00000000003
14539.0	0.0001	MYC	ENSG00000136997
14539.0	0.0001	PRDM12	ENSG00000130711
14539.0	0.0001	DBNDD2	ENSG00000244274
14539.0	0.0001	GULOP	ENSG00000234770
14539.0	0.0001	NOTO	ENSG00000214513
14539.0	0.0001	HECTD3	ENSG00000126107
14539.0	0.0001	UBE2K	ENSG00000078140
14539.0	0.0001	TOP2A	ENSG00000131747
14539.0	0.0001	EDNRA	ENSG00000151617
14539.0	0.0001	NSUN5	ENSG00000130305
14539.0	0.0001	NSUN5P1	ENSG00000223705
14539.0	0.0001	NSUN5P2	ENSG00000106133
14539.0	0.0001	ACTN3	ENSG00000248746
14539.0	0.0001	NCAM1	ENSG00000149294
14539.0	0.0001	CD300LF	ENSG00000186074
14539.0	0.0001	HLA-E	ENSG00000204592
14539.0	0.0001	HLA-H	ENSG00000206341
14539.0	0.0001	CBARP	ENSG00000099625
14539.0	0.0001	CLSTN3	ENSG00000139182
14539.0	0.0001	LMCD1	ENSG00000071282
14539.0	0.0001	ASRGL1	ENSG00000162174
14539.0	0.0001	KIF13A	ENSG00000137177
14539.0	0.0001	CFAP54	ENSG00000188596
14539.0	0.0001	HELLS	ENSG00000119969
14539.0	0.0001	PTP4A2	ENSG00000184007
14539.0	0.0001	RRP7A	ENSG00000189306
14539.0	0.0001	ARB2A	ENSG00000113391
14539.0	0.0001	GPR161	ENSG00000143147
14539.0	0.0001	FOXJ3	ENSG00000198815
14539.0	0.0001	MIB1	ENSG00000101752
14539.0	0.0001	CELA2A	ENSG00000142615
14539.0	0.0001	CELA2B	ENSG00000215704
14539.0	0.0001	SPIDR	ENSG00000164808
14539.0	0.0001	JUN	ENSG00000177606
14539.0	0.0001	TENM2	ENSG00000145934
14539.0	0.0001	HSP90AA1	ENSG00000080824
14539.0	0.0001	BAG6	ENSG00000204463
14539.0	0.0001	HFE	ENSG00000010704
14539.0	0.0001	PERP	ENSG00000112378
14539.0	0.0001	HDAC1	ENSG00000116478
14539.0	0.0001	NPHP3	ENSG00000113971
14539.0	0.0001	DIPK1C	ENSG00000187773
14539.0	0.0001	TGDS	ENSG00000088451
14539.0	0.0001	TMEM51	ENSG00000171729
14539.0	0.0001	ABL2	ENSG00000143322
14539.0	0.0001	C1orf222	ENSG00000142609
14539.0	0.0001	CCDC103	ENSG00000167131
14539.0	0.0001	CFAP298	ENSG00000159079
14539.0	0.0001	CFAP300	ENSG00000137691
14539.0	0.0001	DNAH1	ENSG00000114841
14539.0	0.0001	LRRC56	ENSG00000161328
14539.0	0.0001	NEK10	ENSG00000163491
14539.0	0.0001	FOS	ENSG00000170345
14539.0	0.0001	AGPAT1	ENSG00000204310
14539.0	0.0001	ITPRIP	ENSG00000148841
14539.0	0.0001	ARHGEF7	ENSG00000102606
14539.0	0.0001	SLC24A3	ENSG00000185052
14539.0	0.0001	NPR2	ENSG00000159899
14539.0	0.0001	USP48	ENSG00000090686
14539.0	0.0001	TMTC4	ENSG00000125247
14539.0	0.0001	TPRN	ENSG00000176058
14539.0	0.0001	SIRT6	ENSG00000077463
14539.0	0.0001	EMILIN3	ENSG00000183798
14539.0	0.0001	GRIPAP1	ENSG00000068400
14539.0	0.0001	PRRT1	ENSG00000204314
14539.0	0.0001	NEDD4	ENSG00000069869
14539.0	0.0001	KLK8	ENSG00000129455
14539.0	0.0001	PAX5	ENSG00000196092
14539.0	0.0001	MDM1	ENSG00000111554
14539.0	0.0001	ARL6IP6	ENSG00000177917
14539.0	0.0001	C1QTNF5	ENSG00000223953
14539.0	0.0001	GATA5	ENSG00000130700
14539.0	0.0001	TRIOBP	ENSG00000100106
14539.0	0.0001	UQCC3	ENSG00000204922
14539.0	0.0001	KLHDC7B	ENSG00000130487
14539.0	0.0001	EFR3B	ENSG00000084710
14539.0	0.0001	DGKB	ENSG00000136267
14539.0	0.0001	FOXO3B	ENSG00000240445
14539.0	0.0001	TLCD3B	ENSG00000149926
14539.0	0.0001	CLEC11A	ENSG00000105472
14539.0	0.0001	FAM83D	ENSG00000101447
14539.0	0.0001	FAM53B	ENSG00000189319
14539.0	0.0001	ADRB2	ENSG00000169252
14539.0	0.0001	NRSN1	ENSG00000152954
14539.0	0.0001	MPZL3	ENSG00000160588
14539.0	0.0001	TLE4	ENSG00000106829
14539.0	0.0001	PALD1	ENSG00000107719
14539.0	0.0001	SSBP2	ENSG00000145687
14539.0	0.0001	FNDC9	ENSG00000172568
14539.0	0.0001	TMEM161B	ENSG00000164180
14539.0	0.0001	FNDC3A	ENSG00000102531
14539.0	0.0001	CAMKK2	ENSG00000110931
14539.0	0.0001	EIF2AK4	ENSG00000128829
14539.0	0.0001	RBM25	ENSG00000119707
14539.0	0.0001	CCDC32	ENSG00000128891
14539.0	0.0001	TMEM225	ENSG00000204300
14539.0	0.0001	BEX2	ENSG00000133134
14539.0	0.0001	CCSAP	ENSG00000154429
14539.0	0.0001	FAM53A	ENSG00000174137
14539.0	0.0001	FGD5	ENSG00000154783
14539.0	0.0001	TAFA2	ENSG00000198673
14539.0	0.0001	FBXW12	ENSG00000164049
14539.0	0.0001	CLVS1	ENSG00000177182
14539.0	0.0001	CHMP3	ENSG00000115561
14539.0	0.0001	RNF103-CHMP3	ENSG00000249884
14539.0	0.0001	OGFOD3	ENSG00000181396
14539.0	0.0001	POC1B	ENSG00000139323
14539.0	0.0001	FZD9	ENSG00000188763
14539.0	0.0001	BICRAL	ENSG00000112624
14539.0	0.0001	SIRPA	ENSG00000198053
14539.0	0.0001	TRAPPC2B	ENSG00000256060
14539.0	0.0001	ARHGAP5	ENSG00000100852
14539.0	0.0001	RUNX1	ENSG00000159216
14539.0	0.0001	FREM2	ENSG00000150893
14539.0	0.0001	ELK3	ENSG00000111145
14539.0	0.0001	FMC1	ENSG00000164898
14539.0	0.0001	FMC1-LUC7L2	ENSG00000146963
14539.0	0.0001	LETMD1	ENSG00000050426
14539.0	0.0001	RAB5IF	ENSG00000101084
14539.0	0.0001	LAPTM4B	ENSG00000104341
14539.0	0.0001	MTARC2	ENSG00000117791
14539.0	0.0001	RCC1L	ENSG00000174374
14539.0	0.0001	CCDC9B	ENSG00000188549
14539.0	0.0001	KIAA0319	ENSG00000137261
14539.0	0.0001	PALM3	ENSG00000187867
14539.0	0.0001	TASOR2	ENSG00000108021
14539.0	0.0001	C6ORF165	ENSG00000272514
14539.0	0.0001	CFAP206	ENSG00000213204
14539.0	0.0001	GDF2	ENSG00000128802
14539.0	0.0001	ADH1C	ENSG00000248144
14539.0	0.0001	CD44	ENSG00000026508
14539.0	0.0001	AFDN	ENSG00000130396
14539.0	0.0001	MUC5B	ENSG00000117983
14539.0	0.0001	IGSF21	ENSG00000117154
14539.0	0.0001	CASKIN2	ENSG00000177303
14539.0	0.0001	TIMM23B	ENSG00000204152
14539.0	0.0001	LINC01590	ENSG00000203871
14539.0	0.0001	SMIM8	ENSG00000111850
14539.0	0.0001	HJV	ENSG00000168509
14539.0	0.0001	DNMT3B	ENSG00000088305
14539.0	0.0001	TECTB	ENSG00000119913
14539.0	0.0001	HTR4	ENSG00000164270
14539.0	0.0001	NKAPD1	ENSG00000150776
14539.0	0.0001	MFRP	ENSG00000235718
14539.0	0.0001	TM4SF20	ENSG00000168955
14539.0	0.0001	CCDC30	ENSG00000186409
14539.0	0.0001	CFAP97D1	ENSG00000231256
14539.0	0.0001	CLMN	ENSG00000165959
14539.0	0.0001	CTSC	ENSG00000109861
14539.0	0.0001	DENND2D	ENSG00000162777
14539.0	0.0001	DHFRP1	ENSG00000188985
14539.0	0.0001	DNAAF9	ENSG00000088854
14539.0	0.0001	EZH1	ENSG00000108799
14539.0	0.0001	FAM117A	ENSG00000121104
14539.0	0.0001	FAM135B	ENSG00000147724
14539.0	0.0001	GRM8	ENSG00000179603
14539.0	0.0001	IAH1	ENSG00000134330
14539.0	0.0001	OSER1	ENSG00000132823
14539.0	0.0001	OTOP3	ENSG00000182938
14539.0	0.0001	PBRM1	ENSG00000163939
14539.0	0.0001	PRSS57	ENSG00000185198
14539.0	0.0001	PTPRVP	ENSG00000243323
14539.0	0.0001	RNASE1	ENSG00000129538
14539.0	0.0001	SGK223	ENSG00000182319
14539.0	0.0001	SLC17A9	ENSG00000101194
14539.0	0.0001	SLC44A4	ENSG00000204385
14539.0	0.0001	SPNS1	ENSG00000169682
14539.0	0.0001	SSC4D	ENSG00000146700
14539.0	0.0001	ZDHHC24	ENSG00000174165
14539.0	0.0001	ZGPAT	ENSG00000197114
14539.0	0.0001	ZNF609	ENSG00000180357
14539.0	0.0001	ZNF787	ENSG00000142409
14539.0	0.0001	ZNHIT6	ENSG00000117174
14539.0	0.0001	SHTN1	ENSG00000187164
14539.0	0.0001	CRTC1	ENSG00000105662
14539.0	0.0001	RFX4	ENSG00000111783
14539.0	0.0001	RTBDN	ENSG00000132026
14539.0	0.0001	GJA10	ENSG00000135355
14539.0	0.0001	CRAMP1	ENSG00000007545
14539.0	0.0001	SLC27A3	ENSG00000143554
14539.0	0.0001	TSPAN13	ENSG00000106537
14539.0	0.0001	TMEM135	ENSG00000166575
14539.0	0.0001	OTOS	ENSG00000178602
14539.0	0.0001	ZDHHC5	ENSG00000156599
14539.0	0.0001	PGC	ENSG00000096088
14539.0	0.0001	BMAL1	ENSG00000133794
14539.0	0.0001	PTPRQ	ENSG00000139304
14539.0	0.0001	APH1A	ENSG00000117362
14539.0	0.0001	PRSS56	ENSG00000237412
14539.0	0.0001	IGSF9	ENSG00000085552
14539.0	0.0001	ABHD11	ENSG00000106077
14539.0	0.0001	TDRD7	ENSG00000196116
14539.0	0.0001	PTPA	ENSG00000119383
14539.0	0.0001	FES	ENSG00000182511
14539.0	0.0001	RNF213	ENSG00000173821
14539.0	0.0001	PRSS33	ENSG00000103355
14539.0	0.0001	PREX1	ENSG00000124126
14539.0	0.0001	TMEM260	ENSG00000070269
14539.0	0.0001	SLK	ENSG00000065613
14539.0	0.0001	VSX1	ENSG00000100987
14539.0	0.0001	AVPR1B	ENSG00000198049
14539.0	0.0001	P2RX6	ENSG00000099957
14539.0	0.0001	PDE8A	ENSG00000073417
14539.0	0.0001	GNGT1	ENSG00000127928
14539.0	0.0001	GPR42	ENSG00000126251
14539.0	0.0001	CCDC66	ENSG00000180376
14539.0	0.0001	CHD6	ENSG00000124177
14539.0	0.0001	IFI44	ENSG00000137965
14539.0	0.0001	CFAP70	ENSG00000156042
14539.0	0.0001	BRCC3	ENSG00000185515
14539.0	0.0001	CCSER2	ENSG00000107771
14539.0	0.0001	RIPPLY2	ENSG00000203877
14539.0	0.0001	SPNS2	ENSG00000183018
14539.0	0.0001	HACD3	ENSG00000074696
14539.0	0.0001	DRAXIN	ENSG00000162490
14539.0	0.0001	SPECC1L	ENSG00000100014
14539.0	0.0001	EGFLAM	ENSG00000164318
14539.0	0.0001	HMGXB3	ENSG00000113716
14539.0	0.0001	DRAM2	ENSG00000156171
14539.0	0.0001	TULP4	ENSG00000130338
14539.0	0.0001	NCAPH2	ENSG00000025770
14539.0	0.0001	H3C10	ENSG00000203813
14539.0	0.0001	H3C13	ENSG00000183598
14539.0	0.0001	H3C14	ENSG00000203811
14539.0	0.0001	H3C15	ENSG00000203852
14539.0	0.0001	CYP26B1	ENSG00000003137
14539.0	0.0001	PLEKHG5	ENSG00000171680
14539.0	0.0001	GGT2P	ENSG00000133475
14539.0	0.0001	GGT3P	ENSG00000197421
14539.0	0.0001	GGTLC3	ENSG00000183038
14539.0	0.0001	ADAM11	ENSG00000073670
14539.0	0.0001	DNASE1L1	ENSG00000013563
14539.0	0.0001	SEZ6L	ENSG00000100095
14539.0	0.0001	JHY	ENSG00000109944
14539.0	0.0001	APOBEC2	ENSG00000124701
14539.0	0.0001	TXNDC15	ENSG00000113621
14539.0	0.0001	R3HDML	ENSG00000101074
14539.0	0.0001	TMEM63B	ENSG00000137216
14539.0	0.0001	DLG5	ENSG00000151208
14539.0	0.0001	RDH13	ENSG00000160439
14539.0	0.0001	SAMD7	ENSG00000187033
14539.0	0.0001	FERD3L	ENSG00000146618
14539.0	0.0001	FLRT2	ENSG00000185070
14539.0	0.0001	GCN1	ENSG00000089154
14539.0	0.0001	CACHD1	ENSG00000158966
14539.0	0.0001	COL19A1	ENSG00000082293
14539.0	0.0001	GPR75	ENSG00000119737
14539.0	0.0001	CEP126	ENSG00000110318
14539.0	0.0001	NAV1	ENSG00000134369
14539.0	0.0001	TMC2	ENSG00000149488
14539.0	0.0001	NTN4	ENSG00000074527
14539.0	0.0001	DYNC2H1	ENSG00000187240
14539.0	0.0001	PTK7	ENSG00000112655
14539.0	0.0001	ARHGEF3	ENSG00000163947
14539.0	0.0001	NOTCH2	ENSG00000134250
14539.0	0.0001	GJA8	ENSG00000121634
14539.0	0.0001	CHTOP	ENSG00000160679
14539.0	0.0001	KLHL31	ENSG00000124743
14539.0	0.0001	TMEM132A	ENSG00000006118
14539.0	0.0001	OPN1MW2	ENSG00000166160
14539.0	0.0001	STRCP1	ENSG00000166763
14539.0	0.0001	BCL2L2-PABPN1	ENSG00000258643
14539.0	0.0001	NXNL2	ENSG00000130045
14539.0	0.0001	CASP8	ENSG00000064012
14539.0	0.0001	P3H3	ENSG00000110811
14539.0	0.0001	ALX1	ENSG00000180318
14539.0	0.0001	SAMD1	ENSG00000141858
14539.0	0.0001	USP27X	ENSG00000242013
14539.0	0.0001	RRN3P1	ENSG00000248124
14539.0	0.0001	RRN3P2	ENSG00000103472
14539.0	0.0001	SKIC2	ENSG00000204351
14539.0	0.0001	GNL1	ENSG00000204590
14539.0	0.0001	TOR1AIP1	ENSG00000143337
14539.0	0.0001	PPP1R35	ENSG00000160813
14539.0	0.0001	DPH3P1	ENSG00000233838
14539.0	0.0001	HLA-DOA	ENSG00000204252
14539.0	0.0001	ARMC5	ENSG00000140691
14539.0	0.0001	TGFBI	ENSG00000120708
14539.0	0.0001	TNXB	ENSG00000168477
14539.0	0.0001	LHFPL2	ENSG00000145685
14539.0	0.0001	HEPHL1	ENSG00000181333
14539.0	0.0001	HIGD1C	ENSG00000214511
14539.0	0.0001	TMEM98	ENSG00000006042
14539.0	0.0001	MYBPHL	ENSG00000221986
14539.0	0.0001	EDA	ENSG00000158813
14539.0	0.0001	TAAR3P	ENSG00000179073
14539.0	0.0001	BTNL2	ENSG00000204290
14539.0	0.0001	PDZK1	ENSG00000174827
14539.0	0.0001	PDZK1P1	ENSG00000215860
14539.0	0.0001	FMO5	ENSG00000131781
14539.0	0.0001	ISYNA1	ENSG00000105655
14539.0	0.0001	SOX21	ENSG00000125285
14539.0	0.0001	ID1	ENSG00000125968
14539.0	0.0001	DAXX	ENSG00000204209
14539.0	0.0001	VIT	ENSG00000205221
14539.0	0.0001	KRT25	ENSG00000204897
14539.0	0.0001	CALM3	ENSG00000160014
14539.0	0.0001	CFAP43	ENSG00000197748
14539.0	0.0001	FLNB	ENSG00000136068
14539.0	0.0001	CAMSAP2	ENSG00000118200
14539.0	0.0001	CCN6	ENSG00000112761
14539.0	0.0001	BBX	ENSG00000114439
14539.0	0.0001	JPH1	ENSG00000104369
14539.0	0.0001	DZIP1L	ENSG00000158163
14539.0	0.0001	RUNDC1	ENSG00000198863
14539.0	0.0001	COL9A1	ENSG00000112280
14539.0	0.0001	CENATAC	ENSG00000186166
14539.0	0.0001	XIRP2	ENSG00000163092
14539.0	0.0001	MSGN1	ENSG00000151379
14539.0	0.0001	TENT5C	ENSG00000183508
14539.0	0.0001	FAM111B	ENSG00000189057
14539.0	0.0001	EGFL8	ENSG00000241404
14539.0	0.0001	CFAP91	ENSG00000183833
14539.0	0.0001	ABHD3	ENSG00000158201
14539.0	0.0001	PROM2	ENSG00000155066
14539.0	0.0001	COX16	ENSG00000133983
14539.0	0.0001	ADGRL3	ENSG00000150471
14539.0	0.0001	VGLL4	ENSG00000144560
14539.0	0.0001	SLC10A7	ENSG00000120519
14539.0	0.0001	MOSMO	ENSG00000185716
14539.0	0.0001	C18orf32	ENSG00000177576
14539.0	0.0001	GAREM2	ENSG00000157833
14539.0	0.0001	INTS6L	ENSG00000165359
14539.0	0.0001	TRABD2B	ENSG00000269113
14539.0	0.0001	ILDR1	ENSG00000145103
14539.0	0.0001	ZC3H11B	ENSG00000215817
14539.0	0.0001	CST6	ENSG00000175315
14539.0	0.0001	ZC3H14	ENSG00000100722
14539.0	0.0001	XIRP1	ENSG00000168334
14539.0	0.0001	SLC44A2	ENSG00000129353
14539.0	0.0001	FAM120A	ENSG00000048828
14539.0	0.0001	ELAPOR1	ENSG00000116299
14539.0	0.0001	XPO5	ENSG00000124571
14539.0	0.0001	EHBP1L1	ENSG00000173442
14539.0	0.0001	HGF	ENSG00000019991
14539.0	0.0001	ATAT1	ENSG00000137343
14539.0	0.0001	SYPL2	ENSG00000143028
14539.0	0.0001	FGF16	ENSG00000196468
14539.0	0.0001	TMEM199	ENSG00000244045
14539.0	0.0001	LHFPL5	ENSG00000197753
14539.0	0.0001	NUMB	ENSG00000133961
14539.0	0.0001	GLYR1	ENSG00000140632
14539.0	0.0001	PCSK6	ENSG00000140479
14539.0	0.0001	COLEC10	ENSG00000184374
14539.0	0.0001	TRIM39	ENSG00000204599
14539.0	0.0001	CYP51A1	ENSG00000001630
14539.0	0.0001	ADAMTS20	ENSG00000173157
14539.0	0.0001	VAV2	ENSG00000160293
14539.0	0.0001	SLC44A3	ENSG00000143036
14539.0	0.0001	ARID5B	ENSG00000150347
14539.0	0.0001	MILR1	ENSG00000271605
14539.0	0.0001	TGFA	ENSG00000163235
14539.0	0.0001	STARD9	ENSG00000159433
14539.0	0.0001	CYS1	ENSG00000205795
14539.0	0.0001	FADS1	ENSG00000149485
14539.0	0.0001	ZNF341	ENSG00000131061
14539.0	0.0001	SLC52A1	ENSG00000132517
14539.0	0.0001	SPIN4	ENSG00000186767
14539.0	0.0001	RAD51D	ENSG00000185379
14539.0	0.0001	THSD7A	ENSG00000005108
14539.0	0.0001	ZNF22	ENSG00000165512
14539.0	0.0001	CCDC92	ENSG00000119242
14539.0	0.0001	RUNDC3B	ENSG00000105784
14539.0	0.0001	ELMOD3	ENSG00000115459
14539.0	0.0001	ADGRG7	ENSG00000144820
14539.0	0.0001	PHACTR4	ENSG00000204138
14539.0	0.0001	GLYCAM1	ENSG00000257780
14539.0	0.0001	ARID4B	ENSG00000054267
14539.0	0.0001	KRTAP8-1	ENSG00000183640
14539.0	0.0001	KIF21B	ENSG00000116852
14539.0	0.0001	MCTP1	ENSG00000175471
14539.0	0.0001	P3H1	ENSG00000117385
14539.0	0.0001	SLC38A10	ENSG00000157637
14539.0	0.0001	UBN2	ENSG00000157741
14539.0	0.0001	FHOD3	ENSG00000134775
14539.0	0.0001	ARL5C	ENSG00000141748
14539.0	0.0001	LRRCC1	ENSG00000133739
14539.0	0.0001	SGIP1	ENSG00000118473
14539.0	0.0001	TSPEAR	ENSG00000175894
14539.0	0.0001	GRXCR2	ENSG00000204928
14539.0	0.0001	GREB1L	ENSG00000141449
14539.0	0.0001	MLST8	ENSG00000167965
14539.0	0.0001	SOWAHB	ENSG00000186212
14539.0	0.0001	RNF44	ENSG00000146083
14539.0	0.0001	TMEM248	ENSG00000106609
14539.0	0.0001	MSANTD2	ENSG00000120458
14539.0	0.0001	ARAP1	ENSG00000186635
14539.0	0.0001	EPHA7	ENSG00000135333
14539.0	0.0001	PKIG	ENSG00000168734
14539.0	0.0001	COL4A3	ENSG00000169031
14539.0	0.0001	C19orf67	ENSG00000188032
14539.0	0.0001	ANKMY2	ENSG00000106524
14539.0	0.0001	FAM135A	ENSG00000082269
14539.0	0.0001	IER5L	ENSG00000188483
14539.0	0.0001	CFAP45	ENSG00000213085
14539.0	0.0001	IQCE	ENSG00000106012
14539.0	0.0001	CYRIB	ENSG00000153310
14539.0	0.0001	RIMOC1	ENSG00000205765
14539.0	0.0001	IPO9	ENSG00000198700
14539.0	0.0001	GJD4	ENSG00000177291
14539.0	0.0001	PARD3	ENSG00000148498
14539.0	0.0001	WRNIP1	ENSG00000124535
14539.0	0.0001	HSD11B2	ENSG00000176387
14539.0	0.0001	CIB3	ENSG00000141977
14539.0	0.0001	SLC35B4	ENSG00000205060
14539.0	0.0001	C3orf70	ENSG00000187068
14539.0	0.0001	BCL2L11	ENSG00000153094
14539.0	0.0001	C21orf91	ENSG00000154642
14539.0	0.0001	MYOF	ENSG00000138119
14539.0	0.0001	DIS3	ENSG00000083520
14539.0	0.0001	PAOX	ENSG00000148832
14539.0	0.0001	OSTF1	ENSG00000134996
14539.0	0.0001	NT5DC1	ENSG00000178425
14539.0	0.0001	HIP1	ENSG00000127946
14539.0	0.0001	PLEKHA5	ENSG00000052126
14539.0	0.0001	RNF111	ENSG00000157450
14539.0	0.0001	GRAMD1B	ENSG00000023171
14539.0	0.0001	FARP1	ENSG00000152767
14539.0	0.0001	MICAL1	ENSG00000135596
14539.0	0.0001	SFMBT2	ENSG00000198879
14539.0	0.0001	TAAR8	ENSG00000146385
14539.0	0.0001	ARRB2	ENSG00000141480
14539.0	0.0001	ZBTB43	ENSG00000169155
14539.0	0.0001	RGP1	ENSG00000107185
14539.0	0.0001	CENPN	ENSG00000166451
14539.0	0.0001	KRT76	ENSG00000185069
14539.0	0.0001	EEF1AKMT2	ENSG00000203791
14539.0	0.0001	KLF8	ENSG00000102349
14539.0	0.0001	TYW1B	ENSG00000254184
16208.0	0.0	INKA1	ENSG00000185614
16208.0	0.0	BCORP1	ENSG00000215580
16208.0	0.0	HSPA9	ENSG00000113013
16208.0	0.0	RBM20	ENSG00000203867
16208.0	0.0	CARMIL2	ENSG00000159753
16208.0	0.0	GOLM1	ENSG00000135052
16208.0	0.0	GAS2L3	ENSG00000139354
16208.0	0.0	TMUB2	ENSG00000168591
16208.0	0.0	CRTAC1	ENSG00000095713
16208.0	0.0	SMURF2	ENSG00000108854
16208.0	0.0	GJE1	ENSG00000203733
16208.0	0.0	ADAM32	ENSG00000197140
16208.0	0.0	ECSCR	ENSG00000249751
16208.0	0.0	FAM120B	ENSG00000112584
16208.0	0.0	COBL	ENSG00000106078
16208.0	0.0	HSBP1L1	ENSG00000226742
16208.0	0.0	RIC8A	ENSG00000177963
16208.0	0.0	PNPLA7	ENSG00000130653
16208.0	0.0	LZIC	ENSG00000162441
16208.0	0.0	VOPP1	ENSG00000154978
16208.0	0.0	CFAP53	ENSG00000172361
16208.0	0.0	GIMAP5	ENSG00000196329
16208.0	0.0	FADS6	ENSG00000172782
16208.0	0.0	TMEFF2	ENSG00000144339
16208.0	0.0	GZF1	ENSG00000125812
16208.0	0.0	CCDC25	ENSG00000147419
16208.0	0.0	CD46	ENSG00000117335
16208.0	0.0	CDK5RAP1	ENSG00000101391
16208.0	0.0	ABHD17B	ENSG00000107362
16208.0	0.0	PCDHB4	ENSG00000081818
16208.0	0.0	RPAIN	ENSG00000129197
16208.0	0.0	MEI4	ENSG00000269964
16208.0	0.0	SPZ1	ENSG00000164299
16208.0	0.0	KANSL1L	ENSG00000144445
16208.0	0.0	ZNF385C	ENSG00000187595
16208.0	0.0	VN1R17P	ENSG00000235818
16208.0	0.0	AOPEP	ENSG00000148120
16208.0	0.0	ZNF234	ENSG00000263002
16208.0	0.0	ZNF254	ENSG00000213096
16208.0	0.0	ZNF28	ENSG00000198538
16208.0	0.0	ZNF432	ENSG00000256087
16208.0	0.0	ZNF493	ENSG00000196268
16208.0	0.0	ZNF595	ENSG00000197701
16208.0	0.0	ZNF615	ENSG00000197619
16208.0	0.0	ZNF726	ENSG00000213967
16208.0	0.0	ZNF728	ENSG00000269067
16208.0	0.0	ZNF732	ENSG00000186777
16208.0	0.0	ZNF93	ENSG00000184635
16208.0	0.0	KCNK13	ENSG00000152315
16208.0	0.0	BBLN	ENSG00000171159
16208.0	0.0	CYB561A3	ENSG00000162144
16208.0	0.0	ZNF827	ENSG00000151612
16208.0	0.0	SHISA2	ENSG00000180730
16208.0	0.0	PTPN13	ENSG00000163629
16208.0	0.0	LILRA3	ENSG00000170866
16208.0	0.0	LILRA4	ENSG00000239961
16208.0	0.0	LILRA5	ENSG00000187116
16208.0	0.0	LILRB1	ENSG00000104972
16208.0	0.0	LILRB3	ENSG00000204577
16208.0	0.0	LILRB5	ENSG00000105609
16208.0	0.0	LDHA	ENSG00000134333
16208.0	0.0	RBM12	ENSG00000244462
16208.0	0.0	IFI27L2	ENSG00000119632
16208.0	0.0	ENPP5	ENSG00000112796
16208.0	0.0	DDX11L8	ENSG00000256263
16208.0	0.0	DDX12P	ENSG00000214826
16208.0	0.0	C9orf43	ENSG00000157653
16208.0	0.0	MDM2	ENSG00000135679
16208.0	0.0	UOX	ENSG00000240520
16208.0	0.0	VAX2	ENSG00000116035
16208.0	0.0	DZANK1	ENSG00000089091
16208.0	0.0	JCAD	ENSG00000165757
16208.0	0.0	WIZ	ENSG00000011451
16208.0	0.0	CA14	ENSG00000118298
16208.0	0.0	PGAP4	ENSG00000165152
16208.0	0.0	PDE4DIP	ENSG00000178104
16208.0	0.0	CR1L	ENSG00000197721
16208.0	0.0	KIRREL2	ENSG00000126259
16208.0	0.0	GPATCH3	ENSG00000198746
16208.0	0.0	NDRG3	ENSG00000101079
16208.0	0.0	PEDS1-UBE2V1	ENSG00000124208
16208.0	0.0	GFY	ENSG00000261949
16208.0	0.0	POPDC2	ENSG00000121577
16208.0	0.0	TBC1D8	ENSG00000204634
16208.0	0.0	ADAM15	ENSG00000143537
16208.0	0.0	ZNF329	ENSG00000181894
16208.0	0.0	NEXN	ENSG00000162614
16208.0	0.0	TMEM150B	ENSG00000180061
16208.0	0.0	PSG1	ENSG00000231924
16208.0	0.0	PSG3	ENSG00000221826
16208.0	0.0	PSG6	ENSG00000170848
16208.0	0.0	PSG7	ENSG00000221878
16208.0	0.0	PSG8	ENSG00000124467
16208.0	0.0	CYRIA	ENSG00000197872
16208.0	0.0	ZC3HC1	ENSG00000091732
16208.0	0.0	GINM1	ENSG00000055211
16208.0	0.0	NISCH	ENSG00000010322
16208.0	0.0	RFX3	ENSG00000080298
16208.0	0.0	MX1	ENSG00000157601
16208.0	0.0	MCM8	ENSG00000125885
16208.0	0.0	NLRP2	ENSG00000022556
16208.0	0.0	NLRP7	ENSG00000167634
16208.0	0.0	CCDC83	ENSG00000150676
16208.0	0.0	PGM5	ENSG00000154330
16208.0	0.0	KDF1	ENSG00000175707
16208.0	0.0	HILPDA	ENSG00000135245
16208.0	0.0	ADAMTS17	ENSG00000140470
16208.0	0.0	KIAA1671	ENSG00000197077
16208.0	0.0	MUC5AC	ENSG00000215182
16208.0	0.0	ADAMTS6	ENSG00000049192
16208.0	0.0	ADGRF1	ENSG00000153292
16208.0	0.0	TTLL4	ENSG00000135912
16208.0	0.0	C9orf47	ENSG00000186354
16208.0	0.0	DHRS7B	ENSG00000109016
16208.0	0.0	PCYOX1L	ENSG00000145882
16208.0	0.0	ZNF490	ENSG00000188033
16208.0	0.0	ZNF708	ENSG00000182141
16208.0	0.0	ZNF716	ENSG00000182111
16208.0	0.0	RPS9	ENSG00000170889
16208.0	0.0	SBK1	ENSG00000188322
16208.0	0.0	ZNF700	ENSG00000196757
16208.0	0.0	ZNF878	ENSG00000257446
16208.0	0.0	KGD4	ENSG00000134056
16208.0	0.0	HAPLN4	ENSG00000187664
16208.0	0.0	LTBP2	ENSG00000119681
16208.0	0.0	IVNS1ABP	ENSG00000116679
16208.0	0.0	FAM117B	ENSG00000138439
16208.0	0.0	IL36G	ENSG00000136688
16208.0	0.0	DDX27	ENSG00000124228
16208.0	0.0	ARRDC5	ENSG00000205784
16208.0	0.0	C22orf23	ENSG00000128346
16208.0	0.0	EPS8L1	ENSG00000131037
16208.0	0.0	IFI16	ENSG00000163565
16208.0	0.0	RESP18	ENSG00000182698
16208.0	0.0	RETREG2	ENSG00000144567
16208.0	0.0	RNF223	ENSG00000237330
16208.0	0.0	STOX2	ENSG00000173320
16208.0	0.0	WDR27	ENSG00000184465
16208.0	0.0	YDJC	ENSG00000161179
16208.0	0.0	ZNF729	ENSG00000196350
16208.0	0.0	ZNF845	ENSG00000213799
16208.0	0.0	FHIP2A	ENSG00000151553
16208.0	0.0	ATG9B	ENSG00000181652
16208.0	0.0	MIGA2	ENSG00000148343
16208.0	0.0	PIERCE1	ENSG00000160345
16208.0	0.0	CD300LD	ENSG00000204345
16208.0	0.0	C8orf58	ENSG00000241852
16208.0	0.0	CCDC181	ENSG00000117477
16208.0	0.0	CLPSL2	ENSG00000196748
16208.0	0.0	MTCL2	ENSG00000149639
16208.0	0.0	ZNF580	ENSG00000213015
16208.0	0.0	SLC1A7	ENSG00000162383
16208.0	0.0	MAPKAP1	ENSG00000119487
16208.0	0.0	NUDT13	ENSG00000166321
16208.0	0.0	C11orf54	ENSG00000182919
16208.0	0.0	G2E3	ENSG00000092140
16208.0	0.0	RABL3	ENSG00000144840
16208.0	0.0	CREG1	ENSG00000143162
16208.0	0.0	MAGI2	ENSG00000187391
16208.0	0.0	SLC6A15	ENSG00000072041
16208.0	0.0	TMEM45B	ENSG00000151715
16208.0	0.0	CSRNP1	ENSG00000144655
16208.0	0.0	ANKRD10	ENSG00000088448
16208.0	0.0	ARHGEF40	ENSG00000165801
16208.0	0.0	CCDC125	ENSG00000183323
16208.0	0.0	CDSN	ENSG00000204539
16208.0	0.0	LCA5L	ENSG00000157578
16208.0	0.0	POM121B	ENSG00000205578
16208.0	0.0	POM121C	ENSG00000135213
16208.0	0.0	TATDN2	ENSG00000157014
16208.0	0.0	TTLL3	ENSG00000214021
16208.0	0.0	DPP8	ENSG00000074603
16208.0	0.0	FIGNL1	ENSG00000132436
16208.0	0.0	MEIS3P1	ENSG00000179277
16208.0	0.0	MEIS3P2	ENSG00000188013
16208.0	0.0	TRIM55	ENSG00000147573
16208.0	0.0	FER1L6	ENSG00000214814
16208.0	0.0	ITPRID2	ENSG00000138434
16208.0	0.0	IGHM	ENSG00000211899
16208.0	0.0	SLC39A7	ENSG00000112473
16208.0	0.0	CYCTP	ENSG00000249909
16208.0	0.0	PLCE1	ENSG00000138193
16208.0	0.0	IZUMO2	ENSG00000161652
16208.0	0.0	KLHL29	ENSG00000119771
16208.0	0.0	ZNF233	ENSG00000159915
16208.0	0.0	ZNF235	ENSG00000159917
16208.0	0.0	ZNF160	ENSG00000170949
16208.0	0.0	ZNF347	ENSG00000197937
16208.0	0.0	ZNF616	ENSG00000204611
16208.0	0.0	ZNF665	ENSG00000197497
16208.0	0.0	TMCO6	ENSG00000113119
16208.0	0.0	KIF16B	ENSG00000089177
16208.0	0.0	TPGS2	ENSG00000134779
16208.0	0.0	DCBLD2	ENSG00000057019
16208.0	0.0	EPDR1	ENSG00000086289
16208.0	0.0	CEMIP2	ENSG00000135048
16208.0	0.0	EML2	ENSG00000125746
16208.0	0.0	NT5DC2	ENSG00000168268
16208.0	0.0	RRH	ENSG00000180245
16208.0	0.0	CAPN10	ENSG00000142330
16208.0	0.0	GRK3	ENSG00000100077
16208.0	0.0	PPP2R3C	ENSG00000092020
16208.0	0.0	ANO3	ENSG00000134343
16208.0	0.0	AIF1L	ENSG00000126878
16208.0	0.0	ZPLD1	ENSG00000170044
16208.0	0.0	TNNT3	ENSG00000130595
16208.0	0.0	VSTM2A	ENSG00000170419
16208.0	0.0	JAKMIP2	ENSG00000176049
16208.0	0.0	PPIA	ENSG00000196262
16208.0	0.0	FBXW5	ENSG00000159069
16208.0	0.0	LRRC25	ENSG00000175489
16208.0	0.0	MDC1	ENSG00000137337
16208.0	0.0	PERM1	ENSG00000187642
16208.0	0.0	FLOT1	ENSG00000137312
16208.0	0.0	HDGFRP3	ENSG00000166503
16208.0	0.0	AGAP10	ENSG00000204172
16208.0	0.0	AGAP9	ENSG00000198035
16208.0	0.0	PROSER2	ENSG00000148426
16208.0	0.0	MIGA1	ENSG00000180488
16208.0	0.0	SDK2	ENSG00000069188
16208.0	0.0	SUPT6H	ENSG00000109111
16208.0	0.0	OTOGL	ENSG00000165899
16208.0	0.0	IQCJ-SCHIP1	ENSG00000250588
16208.0	0.0	SCHIP1	ENSG00000151967
16208.0	0.0	ZNF395	ENSG00000186918
16208.0	0.0	POLDIP2	ENSG00000004142
16208.0	0.0	IL1RL2	ENSG00000115598
16208.0	0.0	PIWIL2	ENSG00000197181
16208.0	0.0	MEX3A	ENSG00000254726
16208.0	0.0	PGBD5	ENSG00000177614
16208.0	0.0	GNAL	ENSG00000141404
16208.0	0.0	HHIPL1	ENSG00000182218
16208.0	0.0	CCDC169-SOHLH2	ENSG00000250709
16208.0	0.0	RAB11FIP3	ENSG00000090565
16208.0	0.0	ZBTB12	ENSG00000204366
16208.0	0.0	RBM5	ENSG00000003756
16208.0	0.0	DAPL1	ENSG00000163331
16208.0	0.0	TCAF2	ENSG00000170379
16208.0	0.0	ZZEF1	ENSG00000074755
16208.0	0.0	MBNL3	ENSG00000076770
16208.0	0.0	RNF148	ENSG00000235631
16208.0	0.0	CDK14	ENSG00000058091
16208.0	0.0	RNF123	ENSG00000164068
16208.0	0.0	ALB	ENSG00000163631
16208.0	0.0	SAXO1	ENSG00000155875
16208.0	0.0	MFSD12	ENSG00000161091
16208.0	0.0	SHISAL1	ENSG00000138944
16208.0	0.0	CD5L	ENSG00000073754
16208.0	0.0	INKA2	ENSG00000197852
16208.0	0.0	CRLF3	ENSG00000176390
16208.0	0.0	CREBRF	ENSG00000164463
16208.0	0.0	SRGAP2B	ENSG00000196369
16208.0	0.0	SRGAP2C	ENSG00000171943
16208.0	0.0	CCDC28A	ENSG00000024862
16208.0	0.0	AKAP17BP	ENSG00000214992
16208.0	0.0	KIAA0825	ENSG00000185261
16208.0	0.0	CCDC160	ENSG00000203952
16208.0	0.0	C3orf38	ENSG00000179021
16208.0	0.0	BORCS5	ENSG00000165714
16208.0	0.0	VSTM4	ENSG00000165633
16208.0	0.0	MAPKAPK2	ENSG00000162889
16208.0	0.0	DUSP18	ENSG00000167065
16208.0	0.0	KRT80	ENSG00000167767
16208.0	0.0	LDAF1	ENSG00000011638
16208.0	0.0	RAD17	ENSG00000152942
16208.0	0.0	FRG1	ENSG00000109536
16208.0	0.0	NPY6R	ENSG00000226306
16208.0	0.0	SOWAHA	ENSG00000198944
16208.0	0.0	AGBL2	ENSG00000165923
16208.0	0.0	NSD3	ENSG00000147548
16208.0	0.0	HMBOX1	ENSG00000147421
16208.0	0.0	C2CD2L	ENSG00000172375
16208.0	0.0	OFCC1	ENSG00000181355
16208.0	0.0	AMIGO2	ENSG00000139211
16208.0	0.0	LYPLAL1	ENSG00000143353
16208.0	0.0	LCK	ENSG00000182866
16208.0	0.0	EYA2	ENSG00000064655
16208.0	0.0	PRRC2C	ENSG00000117523
16208.0	0.0	UBC	ENSG00000150991
16208.0	0.0	IGFLR1	ENSG00000126246
16208.0	0.0	PARG	ENSG00000227345
16208.0	0.0	PLA2G4B	ENSG00000243708
16208.0	0.0	LHFPL6	ENSG00000183722
16208.0	0.0	IGHG2	ENSG00000211893
16208.0	0.0	IGKC	ENSG00000211592
16208.0	0.0	PSD2	ENSG00000146005
16208.0	0.0	NOTCH4	ENSG00000204301
16208.0	0.0	PYHIN1	ENSG00000163564
16208.0	0.0	THNSL2	ENSG00000144115
16208.0	0.0	XKR7	ENSG00000260903
16208.0	0.0	CAPRIN2	ENSG00000110888
16208.0	0.0	VRTN	ENSG00000133980
16208.0	0.0	GATAD1	ENSG00000157259
16208.0	0.0	SASH1	ENSG00000111961
16208.0	0.0	LYSET	ENSG00000153485
16208.0	0.0	LSAMP	ENSG00000185565
16208.0	0.0	PTPRU	ENSG00000060656
16208.0	0.0	TAFA1	ENSG00000183662
16208.0	0.0	ZNF334	ENSG00000198185
16208.0	0.0	SLA2	ENSG00000101082
16208.0	0.0	GDPD3	ENSG00000102886
16208.0	0.0	SPPL3	ENSG00000157837
16208.0	0.0	CCNY	ENSG00000108100
16208.0	0.0	CCDC154	ENSG00000197599
16208.0	0.0	SLMAP	ENSG00000163681
16208.0	0.0	FAM227B	ENSG00000166262
16208.0	0.0	CPA1	ENSG00000091704
16208.0	0.0	ASPRV1	ENSG00000244617
16208.0	0.0	CIBAR1	ENSG00000188343
16208.0	0.0	ENSA	ENSG00000143420
16208.0	0.0	SBSPON	ENSG00000164764
16208.0	0.0	CGB2	ENSG00000104818
16208.0	0.0	CGB3	ENSG00000104827
16208.0	0.0	CGB5	ENSG00000189052
16208.0	0.0	CGB7	ENSG00000196337
16208.0	0.0	CGB8	ENSG00000213030
16208.0	0.0	TMEM178A	ENSG00000152154
16208.0	0.0	CD109	ENSG00000156535
16208.0	0.0	GPR35	ENSG00000178623
16208.0	0.0	TMEM64	ENSG00000180694
16208.0	0.0	MYNN	ENSG00000085274
16208.0	0.0	EPHX2	ENSG00000120915
16208.0	0.0	PHF14	ENSG00000106443
16208.0	0.0	BOLA1	ENSG00000178096
16208.0	0.0	HTATIP2	ENSG00000109854
16208.0	0.0	DEPDC1	ENSG00000024526
16208.0	0.0	TASOR	ENSG00000163946
16208.0	0.0	GRIK1-AS2	ENSG00000183653
16208.0	0.0	ASPHD1	ENSG00000174939
16208.0	0.0	TMEM151A	ENSG00000179292
16208.0	0.0	PRSS48	ENSG00000189099
16208.0	0.0	KRTAP1-3	ENSG00000221880
16208.0	0.0	KRTAP10-11	ENSG00000243489
16208.0	0.0	NOL4	ENSG00000101746
16208.0	0.0	FAM20A	ENSG00000108950
16208.0	0.0	CCDC117	ENSG00000159873
16208.0	0.0	ANKRD24	ENSG00000089847
16208.0	0.0	DENND6B	ENSG00000205593
16208.0	0.0	PCP4L1	ENSG00000248485
16208.0	0.0	PLSCR5	ENSG00000231213
16208.0	0.0	EHMT2	ENSG00000204371
16208.0	0.0	NWD2	ENSG00000174145
16208.0	0.0	DENND5B	ENSG00000170456
16208.0	0.0	ZBTB48	ENSG00000204859
16208.0	0.0	C3orf20	ENSG00000131379
16208.0	0.0	PCNX4	ENSG00000126773
16208.0	0.0	DMBX1	ENSG00000197587
16208.0	0.0	ITLN2	ENSG00000158764
16208.0	0.0	PHF20	ENSG00000025293
16208.0	0.0	ARHGAP42	ENSG00000165895
16208.0	0.0	BTBD10	ENSG00000148925
16208.0	0.0	REG1B	ENSG00000172023
16208.0	0.0	PRSS35	ENSG00000146250
16208.0	0.0	CAVIN4	ENSG00000170681
16208.0	0.0	TAFA3	ENSG00000184599
16208.0	0.0	ADAD2	ENSG00000140955
16208.0	0.0	MS4A4E	ENSG00000214787
16208.0	0.0	XKR4	ENSG00000206579
16208.0	0.0	ZNF629	ENSG00000102870
16208.0	0.0	CEACAM16	ENSG00000213892
16208.0	0.0	BLTP2	ENSG00000007202
16208.0	0.0	ADIG	ENSG00000182035
16208.0	0.0	CDH26	ENSG00000124215
16208.0	0.0	DEFB4B	ENSG00000177257
16208.0	0.0	EVA1C	ENSG00000166979
16208.0	0.0	NCF2	ENSG00000116701
16208.0	0.0	PWWP3A	ENSG00000160953
16208.0	0.0	GPR25	ENSG00000170128
16208.0	0.0	MMRN2	ENSG00000173269
16208.0	0.0	SPMIP2	ENSG00000164123
16208.0	0.0	TRIM31	ENSG00000204616
16208.0	0.0	TRIM68	ENSG00000167333
16208.0	0.0	TTC17	ENSG00000052841
16208.0	0.0	SERPINI2	ENSG00000114204
16208.0	0.0	NHSL1	ENSG00000135540
16208.0	0.0	SETSIP	ENSG00000230667
16208.0	0.0	C8orf44-SGK3	ENSG00000270024
16208.0	0.0	ABHD13	ENSG00000139826
16208.0	0.0	VKORC1L1	ENSG00000196715
16208.0	0.0	MAMSTR	ENSG00000176909
16208.0	0.0	PARP8	ENSG00000151883
16208.0	0.0	TTLL1	ENSG00000100271
16208.0	0.0	FAM91A1	ENSG00000176853
16208.0	0.0	RAB3IP	ENSG00000127328
16208.0	0.0	GUCA2B	ENSG00000044012
16208.0	0.0	TUBE1	ENSG00000074935
16208.0	0.0	FBXL5	ENSG00000118564
16208.0	0.0	ZNF644	ENSG00000122482
16208.0	0.0	PTTG3P	ENSG00000213005
16208.0	0.0	RTL4	ENSG00000187823
16208.0	0.0	HNRNPD	ENSG00000138668
16208.0	0.0	ANKRD13A	ENSG00000076513
16208.0	0.0	KRTAP17-1	ENSG00000186860
16208.0	0.0	INPP5F	ENSG00000198825
16208.0	0.0	FRMD3	ENSG00000172159
16208.0	0.0	TSPAN2	ENSG00000134198
16208.0	0.0	TBC1D30	ENSG00000111490
16208.0	0.0	BRI3	ENSG00000164713
16208.0	0.0	SLC26A10P	ENSG00000135502
16208.0	0.0	GP6	ENSG00000088053
16208.0	0.0	ZC2HC1A	ENSG00000104427
16208.0	0.0	ABHD8	ENSG00000127220
16208.0	0.0	LIAT1	ENSG00000187624
16208.0	0.0	ANO8	ENSG00000074855
16208.0	0.0	DDR1	ENSG00000204580
16208.0	0.0	WDR47	ENSG00000085433
16208.0	0.0	TAOK2	ENSG00000149930
16208.0	0.0	PLAAT5	ENSG00000168004
16208.0	0.0	CATSPERZ	ENSG00000219435
16208.0	0.0	OPLAH	ENSG00000178814
16208.0	0.0	PCSK1N	ENSG00000102109
16208.0	0.0	AK2	ENSG00000004455
16208.0	0.0	RP4-592A1.2	ENSG00000185839
16208.0	0.0	MSS51	ENSG00000166343
16208.0	0.0	RPS6KA1	ENSG00000117676
16208.0	0.0	AGBL1	ENSG00000166748
16208.0	0.0	KIFC1	ENSG00000237649
16208.0	0.0	NSG2	ENSG00000170091
16208.0	0.0	TMEM132B	ENSG00000139364
16208.0	0.0	OTUD6A	ENSG00000189401
16208.0	0.0	GRHL1	ENSG00000134317
16208.0	0.0	SLC25A44	ENSG00000160785
16208.0	0.0	SLC26A11	ENSG00000181045
16208.0	0.0	TAC1	ENSG00000006128
16208.0	0.0	TMEM60	ENSG00000135211
16208.0	0.0	PBXIP1	ENSG00000163346
16208.0	0.0	MSH5	ENSG00000204410
16208.0	0.0	EGFEM1P	ENSG00000206120
16208.0	0.0	ST7	ENSG00000004866
16208.0	0.0	STEAP3	ENSG00000115107
16208.0	0.0	ZNF641	ENSG00000167528
16208.0	0.0	ILRUN	ENSG00000196821
16208.0	0.0	HNRNPCL2	ENSG00000179412
16208.0	0.0	IL7R	ENSG00000168685
16208.0	0.0	LURAP1	ENSG00000171357
16208.0	0.0	HDDC2	ENSG00000111906
16208.0	0.0	RP11-1055B8.7	ENSG00000171282
16208.0	0.0	GPR153	ENSG00000158292
16208.0	0.0	RNF187	ENSG00000168159
16208.0	0.0	RNF166	ENSG00000158717
16208.0	0.0	FAM107B	ENSG00000065809
16208.0	0.0	LDAH	ENSG00000118961
16208.0	0.0	NEK5	ENSG00000197168
16208.0	0.0	ANKRD50	ENSG00000151458
16208.0	0.0	ARHGEF33	ENSG00000214694
16208.0	0.0	KCTD9	ENSG00000104756
16208.0	0.0	RBM4B	ENSG00000173914
16208.0	0.0	RP11-986E7.7	ENSG00000273259
16208.0	0.0	SERPINA3	ENSG00000196136
16208.0	0.0	TUBAL3	ENSG00000178462
16208.0	0.0	PHLDB1	ENSG00000019144
16208.0	0.0	ANTKMT	ENSG00000103254
16208.0	0.0	C6orf118	ENSG00000112539
16208.0	0.0	CDIP1	ENSG00000089486
16208.0	0.0	RNF20	ENSG00000155827
16208.0	0.0	SAMD11	ENSG00000187634
16208.0	0.0	SHISA4	ENSG00000198892
16208.0	0.0	TMEM151B	ENSG00000178233
16208.0	0.0	WSCD2	ENSG00000075035
16208.0	0.0	ZNF512	ENSG00000243943
16208.0	0.0	ZNF780A	ENSG00000197782
16208.0	0.0	NEURL2	ENSG00000124257
16208.0	0.0	TPGS1	ENSG00000141933
16208.0	0.0	DCAF12	ENSG00000198876
16208.0	0.0	PARVB	ENSG00000188677
16208.0	0.0	PSD3	ENSG00000156011
16208.0	0.0	GPR137B	ENSG00000077585
16208.0	0.0	RRBP1	ENSG00000125844
16208.0	0.0	TXLNA	ENSG00000084652
16208.0	0.0	CYP21A1P	ENSG00000204338
16208.0	0.0	CYP21A2	ENSG00000231852
16208.0	0.0	BCL2L15	ENSG00000188761
16208.0	0.0	VNN3P	ENSG00000093134
16208.0	0.0	IQCA1	ENSG00000132321
16208.0	0.0	MEST	ENSG00000106484
16208.0	0.0	FICD	ENSG00000198855
16208.0	0.0	TTC7A	ENSG00000068724
16208.0	0.0	UBD	ENSG00000213886
16208.0	0.0	NAALADL2	ENSG00000177694
16208.0	0.0	WDR48	ENSG00000114742
16208.0	0.0	C5orf47	ENSG00000185056
16208.0	0.0	DIPK2B	ENSG00000147113
16208.0	0.0	INTS3	ENSG00000143624
16208.0	0.0	CCNJ	ENSG00000107443
16208.0	0.0	TRARG1	ENSG00000184811
16208.0	0.0	BNIP1	ENSG00000113734
16208.0	0.0	PRSS1	ENSG00000204983
16208.0	0.0	NUGGC	ENSG00000189233
16208.0	0.0	TRIM66	ENSG00000166436
16208.0	0.0	DNAJB3	ENSG00000227802
16208.0	0.0	FAM53C	ENSG00000120709
16208.0	0.0	APOL2	ENSG00000128335
16208.0	0.0	STMP1	ENSG00000243317
16208.0	0.0	ODAPH	ENSG00000174792
16208.0	0.0	AACS	ENSG00000081760
16208.0	0.0	ADGRB2	ENSG00000121753
16208.0	0.0	AREL1	ENSG00000119682
16208.0	0.0	ATP6V1G2	ENSG00000213760
16208.0	0.0	BCL9	ENSG00000116128
16208.0	0.0	BRINP2	ENSG00000198797
16208.0	0.0	C16orf89	ENSG00000153446
16208.0	0.0	C2orf74	ENSG00000237651
16208.0	0.0	C3orf33	ENSG00000174928
16208.0	0.0	CCDC120	ENSG00000147144
16208.0	0.0	CCL26	ENSG00000006606
16208.0	0.0	CFAP69	ENSG00000105792
16208.0	0.0	CNOT10	ENSG00000182973
16208.0	0.0	CRACD	ENSG00000109265
16208.0	0.0	DUSP15	ENSG00000149599
16208.0	0.0	DUSP29	ENSG00000188716
16208.0	0.0	GARRE1	ENSG00000166398
16208.0	0.0	GPR137	ENSG00000173264
16208.0	0.0	INSYN2B	ENSG00000204767
16208.0	0.0	IQCH	ENSG00000103599
16208.0	0.0	KCTD16	ENSG00000183775
16208.0	0.0	LGALS8	ENSG00000116977
16208.0	0.0	LOXL4	ENSG00000138131
16208.0	0.0	MRNIP	ENSG00000161010
16208.0	0.0	MXRA8	ENSG00000162576
16208.0	0.0	NYAP1	ENSG00000166924
16208.0	0.0	PIP4P1	ENSG00000165782
16208.0	0.0	PLBD2	ENSG00000151176
16208.0	0.0	RNF214	ENSG00000167257
16208.0	0.0	RTP4	ENSG00000136514
16208.0	0.0	SDK1	ENSG00000146555
16208.0	0.0	TAS2R14	ENSG00000212127
16208.0	0.0	TMEM129	ENSG00000168936
16208.0	0.0	TSPAN5	ENSG00000168785
16208.0	0.0	TTLL10	ENSG00000162571
16208.0	0.0	ZNF512B	ENSG00000196700
16208.0	0.0	ZNF536	ENSG00000198597
16208.0	0.0	CETN4P	ENSG00000224786
16208.0	0.0	RNF138	ENSG00000134758
16208.0	0.0	APBA1	ENSG00000107282
16208.0	0.0	NREP	ENSG00000134986
16208.0	0.0	PLCXD2	ENSG00000240891
16208.0	0.0	CUEDC1	ENSG00000180891
16208.0	0.0	PCDH20	ENSG00000197991
16208.0	0.0	PRR5-ARHGAP8	ENSG00000248405
16208.0	0.0	RNPEPL1	ENSG00000142327
16208.0	0.0	PHC2	ENSG00000134686
16208.0	0.0	RHCE	ENSG00000188672
16208.0	0.0	ARL17A	ENSG00000185829
16208.0	0.0	ARL17B	ENSG00000228696
16208.0	0.0	ZFP91	ENSG00000186660
16208.0	0.0	AKR7L	ENSG00000211454
16208.0	0.0	FAM83G	ENSG00000188522
16208.0	0.0	TMEM72	ENSG00000187783
16208.0	0.0	CEP170B	ENSG00000099814
16208.0	0.0	CFAP119	ENSG00000196118
16208.0	0.0	P2RX5	ENSG00000083454
16208.0	0.0	SMOC2	ENSG00000112562
16208.0	0.0	ERICH3	ENSG00000178965
16208.0	0.0	BTBD2	ENSG00000133243
16208.0	0.0	BPIFA2	ENSG00000131050
16208.0	0.0	KANK3	ENSG00000186994
16208.0	0.0	PHF13	ENSG00000116273
16208.0	0.0	ADAMTS16	ENSG00000145536
16208.0	0.0	PRSS21	ENSG00000007038
16208.0	0.0	POU2AF2	ENSG00000150750
16208.0	0.0	ITGA10	ENSG00000143127
16208.0	0.0	MINAR1	ENSG00000169330
16208.0	0.0	SSR1	ENSG00000124783
16208.0	0.0	HIC2	ENSG00000169635
16208.0	0.0	SLC16A6	ENSG00000108932
16208.0	0.0	ANKRD65	ENSG00000235098
16208.0	0.0	ARMCX1	ENSG00000126947
16208.0	0.0	CAMKV	ENSG00000164076
16208.0	0.0	CARMIL3	ENSG00000186648
16208.0	0.0	CNRIP1	ENSG00000119865
16208.0	0.0	CRIP3	ENSG00000146215
16208.0	0.0	CST9L	ENSG00000101435
16208.0	0.0	EIF2D	ENSG00000143486
16208.0	0.0	OTUD3	ENSG00000169914
16208.0	0.0	PCDHA10	ENSG00000250120
16208.0	0.0	PPIE	ENSG00000084072
16208.0	0.0	PRAMEF1	ENSG00000116721
16208.0	0.0	PRAMEF10	ENSG00000187545
16208.0	0.0	PRAMEF11	ENSG00000204513
16208.0	0.0	PRAMEF12	ENSG00000116726
16208.0	0.0	PRAMEF13	ENSG00000204495
16208.0	0.0	PRAMEF14	ENSG00000204481
16208.0	0.0	PRAMEF15	ENSG00000157358
16208.0	0.0	PRAMEF17	ENSG00000204479
16208.0	0.0	PRAMEF18	ENSG00000204491
16208.0	0.0	PRAMEF19	ENSG00000204480
16208.0	0.0	PRAMEF2	ENSG00000120952
16208.0	0.0	PRAMEF20	ENSG00000204478
16208.0	0.0	PRAMEF25	ENSG00000204505
16208.0	0.0	PRAMEF26	ENSG00000229571
16208.0	0.0	PRAMEF4	ENSG00000243073
16208.0	0.0	PRAMEF5	ENSG00000204502
16208.0	0.0	PRAMEF6	ENSG00000232423
16208.0	0.0	PRAMEF7	ENSG00000204510
16208.0	0.0	PRAMEF8	ENSG00000182330
16208.0	0.0	PRAMEF9	ENSG00000204501
16208.0	0.0	PRSS55	ENSG00000184647
16208.0	0.0	RADIL	ENSG00000157927
16208.0	0.0	RASSF10	ENSG00000189431
16208.0	0.0	RUFY4	ENSG00000188282
16208.0	0.0	SHLD1	ENSG00000171984
16208.0	0.0	SLC46A3	ENSG00000139508
16208.0	0.0	SLCO6A1	ENSG00000205359
16208.0	0.0	TEX36	ENSG00000175018
16208.0	0.0	USP54	ENSG00000166348
16208.0	0.0	ZGRF1	ENSG00000138658
16208.0	0.0	ZMIZ2	ENSG00000122515
16208.0	0.0	SYNPO2L	ENSG00000166317
16208.0	0.0	LBX2	ENSG00000179528
16208.0	0.0	CFAP65	ENSG00000181378
16208.0	0.0	SULT1A2	ENSG00000197165
16208.0	0.0	SULT1A3	ENSG00000261052
16208.0	0.0	SRSF10	ENSG00000188529
16208.0	0.0	SASH3	ENSG00000122122
16208.0	0.0	NLRP6	ENSG00000174885
16208.0	0.0	BPIFC	ENSG00000184459
16208.0	0.0	FNBP1	ENSG00000187239
16208.0	0.0	RTL3	ENSG00000179300
16208.0	0.0	THSD4	ENSG00000187720
16208.0	0.0	TMC4	ENSG00000167608
16208.0	0.0	PUDP	ENSG00000130021
16208.0	0.0	ABCC5	ENSG00000114770
16208.0	0.0	TMPRSS12	ENSG00000186452
16208.0	0.0	RNF152	ENSG00000176641
16208.0	0.0	CPNE5	ENSG00000124772
16208.0	0.0	FAM3D	ENSG00000198643
16208.0	0.0	LRRC23	ENSG00000010626
16208.0	0.0	ADAM18	ENSG00000168619
16208.0	0.0	GALNT14	ENSG00000158089
16208.0	0.0	GRB10	ENSG00000106070
16208.0	0.0	FSD2	ENSG00000186628
16208.0	0.0	DEFB131A	ENSG00000186146
16208.0	0.0	DENND10P1	ENSG00000221930
16208.0	0.0	CCL4L1	ENSG00000205020
16208.0	0.0	CCL4L2	ENSG00000197262
16208.0	0.0	DYNLT2B	ENSG00000213123
16208.0	0.0	KBTBD8	ENSG00000163376
16208.0	0.0	ADGRL2	ENSG00000117114
16208.0	0.0	C3orf84	ENSG00000236980
16208.0	0.0	CACFD1	ENSG00000160325
16208.0	0.0	CCAR2	ENSG00000158941
16208.0	0.0	CENPVL3	ENSG00000224109
16208.0	0.0	CYP2D7	ENSG00000205702
16208.0	0.0	DEFB104B	ENSG00000177023
16208.0	0.0	DEFB106A	ENSG00000186579
16208.0	0.0	DEFB106B	ENSG00000187082
16208.0	0.0	DEFB108B	ENSG00000184276
16208.0	0.0	DEFB134	ENSG00000205882
16208.0	0.0	FAM185A	ENSG00000222011
16208.0	0.0	FAM81A	ENSG00000157470
16208.0	0.0	FAM83C	ENSG00000125998
16208.0	0.0	FAXC	ENSG00000146267
16208.0	0.0	FREM3	ENSG00000183090
16208.0	0.0	GDF10	ENSG00000107623
16208.0	0.0	GRAMD1C	ENSG00000178075
16208.0	0.0	LIPM	ENSG00000173239
16208.0	0.0	LSM2	ENSG00000204392
16208.0	0.0	SCRN1	ENSG00000136193
16208.0	0.0	SLC48A1	ENSG00000211584
16208.0	0.0	SMDT1	ENSG00000183172
16208.0	0.0	SMPDL3B	ENSG00000130768
16208.0	0.0	SNORC	ENSG00000182600
16208.0	0.0	TM2D2	ENSG00000169490
16208.0	0.0	CEMIP	ENSG00000103888
16208.0	0.0	SSUH2	ENSG00000125046
16208.0	0.0	KRT32	ENSG00000108759
16208.0	0.0	TMEM14A	ENSG00000096092
16208.0	0.0	ZC3H12B	ENSG00000102053
16208.0	0.0	FER1L5	ENSG00000249715
16208.0	0.0	CFC1B	ENSG00000152093
16208.0	0.0	GGA1	ENSG00000100083
16208.0	0.0	RPL14	ENSG00000188846
16208.0	0.0	ZNF474	ENSG00000164185
16208.0	0.0	SNX27	ENSG00000143376
16208.0	0.0	MUSTN1	ENSG00000272573
16208.0	0.0	EPPIN	ENSG00000101448
16208.0	0.0	PCSK2	ENSG00000125851
16208.0	0.0	EPM2AIP1	ENSG00000178567
16208.0	0.0	FGFBP3	ENSG00000174721
16208.0	0.0	NCBP2L	ENSG00000170935
16208.0	0.0	NPSR1	ENSG00000187258
16208.0	0.0	NRAP	ENSG00000197893
16208.0	0.0	PPP1R2B	ENSG00000231989
16208.0	0.0	PPP1R2P1	ENSG00000234515
16208.0	0.0	TM2D3	ENSG00000184277
16208.0	0.0	TMTC2	ENSG00000179104
16208.0	0.0	KRT6B	ENSG00000185479
16208.0	0.0	KRT6C	ENSG00000170465
16208.0	0.0	FRMPD1	ENSG00000070601
16208.0	0.0	GARIN1B	ENSG00000135248
16208.0	0.0	CYBC1	ENSG00000178927
16208.0	0.0	CT55	ENSG00000169551
16208.0	0.0	EPGN	ENSG00000182585
16208.0	0.0	FASTKD5	ENSG00000215251
16208.0	0.0	MFSD4B	ENSG00000173214
16208.0	0.0	PFDN6	ENSG00000204220
16208.0	0.0	SVOP	ENSG00000166111
16208.0	0.0	ZNF689	ENSG00000156853
16208.0	0.0	TPM4	ENSG00000167460
16208.0	0.0	ABCG1	ENSG00000160179
16208.0	0.0	ARMT1	ENSG00000146476
16208.0	0.0	CD84	ENSG00000066294
16208.0	0.0	FAM43A	ENSG00000185112
16208.0	0.0	HERPUD2	ENSG00000122557
16208.0	0.0	MCF2L	ENSG00000126217
16208.0	0.0	PAQR6	ENSG00000160781
16208.0	0.0	RBM6	ENSG00000004534
16208.0	0.0	SUSD6	ENSG00000100647
16208.0	0.0	TAP1	ENSG00000168394
16208.0	0.0	TMEM255B	ENSG00000184497
16208.0	0.0	UBE2O	ENSG00000175931
16208.0	0.0	VAT1L	ENSG00000171724
16208.0	0.0	ZNF175	ENSG00000105497
16208.0	0.0	ZNF414	ENSG00000133250
16208.0	0.0	ZBBX	ENSG00000169064
16208.0	0.0	DMRTC2	ENSG00000142025
16208.0	0.0	TMEM249	ENSG00000214597
16208.0	0.0	AKR1B15	ENSG00000227471
16208.0	0.0	NFXL1	ENSG00000170448
16208.0	0.0	EPS8L3	ENSG00000198758
16208.0	0.0	BOD1	ENSG00000145919
16208.0	0.0	BOD1L2	ENSG00000228075
16208.0	0.0	CIMIP2B	ENSG00000215187
16208.0	0.0	MALRD1	ENSG00000204740
16208.0	0.0	UBE2J1	ENSG00000198833
16208.0	0.0	PRSS37	ENSG00000165076
16208.0	0.0	CHODL	ENSG00000154645
16208.0	0.0	ADAMTSL4-AS1	ENSG00000203804
16208.0	0.0	SVEP1	ENSG00000165124
16208.0	0.0	BRWD1	ENSG00000185658
16208.0	0.0	ARMC12	ENSG00000157343
16208.0	0.0	NICOL1	ENSG00000243449
16208.0	0.0	TEX101	ENSG00000131126
16208.0	0.0	PGRMC2	ENSG00000164040
16208.0	0.0	OIT3	ENSG00000138315
16208.0	0.0	CIMAP1B	ENSG00000177989
16208.0	0.0	RPS18	ENSG00000231500
16208.0	0.0	LRRC49	ENSG00000137821
16208.0	0.0	TEX2	ENSG00000136478
16208.0	0.0	CEP70	ENSG00000114107
16208.0	0.0	PGLYRP4	ENSG00000163218
16208.0	0.0	ALKAL2	ENSG00000189292
16208.0	0.0	FBXO24	ENSG00000106336
16208.0	0.0	SPATA31F3	ENSG00000187791
16208.0	0.0	CGRRF1	ENSG00000100532
16208.0	0.0	TMEM68	ENSG00000167904
16208.0	0.0	CRISPLD2	ENSG00000103196
16208.0	0.0	MFSD1	ENSG00000118855
16208.0	0.0	ING4	ENSG00000111653
16208.0	0.0	CHAC1	ENSG00000128965
16208.0	0.0	OAS1	ENSG00000089127
16208.0	0.0	SMAP2	ENSG00000084070
16208.0	0.0	IL36RN	ENSG00000136695
16208.0	0.0	S100A3	ENSG00000188015
16208.0	0.0	TMEM256	ENSG00000205544
16208.0	0.0	AGFG1	ENSG00000173744
16208.0	0.0	PDCD7	ENSG00000090470
16208.0	0.0	RIPPLY1	ENSG00000147223
16208.0	0.0	C5orf46	ENSG00000178776
16208.0	0.0	CCDC148	ENSG00000153237
16208.0	0.0	CDH20	ENSG00000101542
16208.0	0.0	CXorf65	ENSG00000204165
16208.0	0.0	KLHDC7A	ENSG00000179023
16208.0	0.0	TPPP2	ENSG00000179636
16208.0	0.0	CATIP	ENSG00000158428
16208.0	0.0	SYCN	ENSG00000179751
16208.0	0.0	PRAMEF22	ENSG00000204508
16208.0	0.0	ACAD11	ENSG00000240303
16208.0	0.0	BTBD8	ENSG00000189195
16208.0	0.0	CCDC166	ENSG00000255181
16208.0	0.0	CTF2P	ENSG00000230447
16208.0	0.0	DLEC1	ENSG00000008226
16208.0	0.0	EFHB	ENSG00000163576
16208.0	0.0	FAM136A	ENSG00000035141
16208.0	0.0	FBXL15	ENSG00000107872
16208.0	0.0	GPR152	ENSG00000175514
16208.0	0.0	KLHDC8B	ENSG00000185909
16208.0	0.0	MKRN2	ENSG00000075975
16208.0	0.0	MSANTD3	ENSG00000066697
16208.0	0.0	PADI3	ENSG00000142619
16208.0	0.0	PHF3	ENSG00000118482
16208.0	0.0	PRSS36	ENSG00000178226
16208.0	0.0	SLX9	ENSG00000160256
16208.0	0.0	SNX29	ENSG00000048471
16208.0	0.0	SNX29P1	ENSG00000158482
16208.0	0.0	TMEM131L	ENSG00000121210
16208.0	0.0	TMEM62	ENSG00000137842
16208.0	0.0	TTLL8	ENSG00000138892
16208.0	0.0	TTYH2	ENSG00000141540
16208.0	0.0	ZDHHC11	ENSG00000188818
16208.0	0.0	ZDHHC11B	ENSG00000206077
16208.0	0.0	ZMAT4	ENSG00000165061
16208.0	0.0	ZNF438	ENSG00000183621
16208.0	0.0	ZNF652	ENSG00000198740
16208.0	0.0	SPATA46	ENSG00000171722
16208.0	0.0	SLC37A2	ENSG00000134955
16208.0	0.0	NT5C3A	ENSG00000122643
16208.0	0.0	DCAF15	ENSG00000132017
16208.0	0.0	CRYBA2	ENSG00000163499
16208.0	0.0	EQTN	ENSG00000120160
16208.0	0.0	ADAM1A	ENSG00000229186
16208.0	0.0	LY6K	ENSG00000160886
16208.0	0.0	OVCH2	ENSG00000183378
16208.0	0.0	TTC6	ENSG00000139865
16208.0	0.0	GTPBP10	ENSG00000105793
16208.0	0.0	TNRC6A	ENSG00000090905
16208.0	0.0	MCM10	ENSG00000065328
16208.0	0.0	FREY1	ENSG00000234776
16208.0	0.0	ZNF750	ENSG00000141579
16208.0	0.0	ADAM3A	ENSG00000197475
16208.0	0.0	SOX7	ENSG00000171056
16208.0	0.0	SPESP1	ENSG00000258484
16208.0	0.0	BIVM-ERCC5	ENSG00000270181
16208.0	0.0	ANKIB1	ENSG00000001629
16208.0	0.0	ARL15	ENSG00000185305
16208.0	0.0	CCDC33	ENSG00000140481
16208.0	0.0	ITM2C	ENSG00000135916
16208.0	0.0	MXRA7	ENSG00000182534
16208.0	0.0	SERPINB12	ENSG00000166634
16208.0	0.0	SPATA6	ENSG00000132122
16208.0	0.0	TMEM88	ENSG00000167874
16208.0	0.0	ZNF831	ENSG00000124203
16208.0	0.0	SLFN14	ENSG00000236320
16208.0	0.0	TGM5	ENSG00000104055
16208.0	0.0	PLET1	ENSG00000188771
16208.0	0.0	RPSA	ENSG00000168028
16208.0	0.0	CNTRL	ENSG00000119397
16208.0	0.0	ZDHHC19	ENSG00000163958
16208.0	0.0	TMEM100	ENSG00000166292
16208.0	0.0	INTS7	ENSG00000143493
16208.0	0.0	GREB1	ENSG00000196208
16208.0	0.0	NPNT	ENSG00000168743
16208.0	0.0	IFTAP	ENSG00000166352
16208.0	0.0	RIF1	ENSG00000080345
16208.0	0.0	VWDE	ENSG00000146530
16208.0	0.0	PNN	ENSG00000100941
16208.0	0.0	INPP5B	ENSG00000204084
16208.0	0.0	PITHD1	ENSG00000057757
16208.0	0.0	TRIM36	ENSG00000152503
16208.0	0.0	C2CD6	ENSG00000155754
16208.0	0.0	MORF4L1	ENSG00000185787
16208.0	0.0	ADAM7	ENSG00000069206
16208.0	0.0	SPATA33	ENSG00000167523
16208.0	0.0	C10orf120	ENSG00000183559
16208.0	0.0	CCDC57	ENSG00000176155
16208.0	0.0	KLHL5	ENSG00000109790
16208.0	0.0	CRYGB	ENSG00000182187
16208.0	0.0	ASCL5	ENSG00000232237
16208.0	0.0	PTCHD4	ENSG00000244694
16208.0	0.0	MPZL2	ENSG00000149573
16208.0	0.0	ABHD17C	ENSG00000136379
16208.0	0.0	CYLC1	ENSG00000183035
16208.0	0.0	RBFOX2	ENSG00000100320
16208.0	0.0	RAN	ENSG00000132341
16208.0	0.0	FAM163A	ENSG00000143340
16208.0	0.0	FAM221A	ENSG00000188732
16208.0	0.0	KRT72	ENSG00000170486
16208.0	0.0	ZC2HC1C	ENSG00000119703
16208.0	0.0	CEP128	ENSG00000100629
16208.0	0.0	APMAP	ENSG00000101474
16208.0	0.0	C21orf58	ENSG00000160298
16208.0	0.0	ESYT1	ENSG00000139641
16208.0	0.0	PSMB9	ENSG00000240065
16208.0	0.0	TMEM116	ENSG00000198270
16208.0	0.0	ADAMTSL3	ENSG00000156218
16208.0	0.0	NALF1	ENSG00000204442
16208.0	0.0	SLC7A2	ENSG00000003989
16208.0	0.0	TNNI1	ENSG00000159173
16208.0	0.0	TRIM5	ENSG00000132256
16208.0	0.0	ZAN	ENSG00000146839
16208.0	0.0	PIP5K1B	ENSG00000107242
16208.0	0.0	TMEM273	ENSG00000204161
16208.0	0.0	TMEM95	ENSG00000182896
16208.0	0.0	TNFAIP8L1	ENSG00000185361
16208.0	0.0	DACT3	ENSG00000197380
16208.0	0.0	HP1BP3	ENSG00000127483
16208.0	0.0	ANKRD31	ENSG00000145700
16208.0	0.0	TEX19	ENSG00000182459
16208.0	0.0	ERMP1	ENSG00000099219
16208.0	0.0	FAM216A	ENSG00000204856
16208.0	0.0	RNF157	ENSG00000141576
16208.0	0.0	ZNF182	ENSG00000147118
16208.0	0.0	PPP1R18	ENSG00000146112
16208.0	0.0	SLC25A30	ENSG00000174032
16208.0	0.0	ARHGAP45	ENSG00000180448
16208.0	0.0	HSP90B2P	ENSG00000259706
16208.0	0.0	TPPP3	ENSG00000159713
16208.0	0.0	MRPS18B	ENSG00000204568
16208.0	0.0	PNLIPRP2	ENSG00000165862
16208.0	0.0	MAP1S	ENSG00000130479
16208.0	0.0	CAMK2N1	ENSG00000162545
16208.0	0.0	SLC11A2	ENSG00000110911
16208.0	0.0	KRT90P	ENSG00000257844
16208.0	0.0	ABCA9	ENSG00000154258
16208.0	0.0	CEP95	ENSG00000258890
16208.0	0.0	KIAA0232	ENSG00000170871
16208.0	0.0	LCN2	ENSG00000148346
16208.0	0.0	PRR15L	ENSG00000167183
16208.0	0.0	PRSS3P2	ENSG00000250606
16208.0	0.0	DNASE1L3	ENSG00000163687
16208.0	0.0	RIMS3	ENSG00000117016
16208.0	0.0	KLRC4-KLRK1	ENSG00000255819
16208.0	0.0	RASSF5	ENSG00000136653
16208.0	0.0	ISM1	ENSG00000101230
16208.0	0.0	ASB10	ENSG00000146926
16208.0	0.0	SPATA22	ENSG00000141255
16208.0	0.0	FAM219A	ENSG00000164970
16208.0	0.0	ABCC10	ENSG00000124574
16208.0	0.0	HOXA6	ENSG00000106006
16208.0	0.0	C1orf21	ENSG00000116667
16208.0	0.0	FOXD4L3	ENSG00000187559
16208.0	0.0	OR1E3	ENSG00000142163
16208.0	0.0	PTCHD3	ENSG00000182077
16208.0	0.0	ZNF852	ENSG00000178917
16208.0	0.0	C1R	ENSG00000159403
16208.0	0.0	C1S	ENSG00000182326
16208.0	0.0	C16orf92	ENSG00000167194
16208.0	0.0	DCST1	ENSG00000163357
16208.0	0.0	DCST2	ENSG00000163354
16208.0	0.0	IZUMO1R	ENSG00000183560
16208.0	0.0	SPATA3	ENSG00000173699
16208.0	0.0	CRELD2	ENSG00000184164
16208.0	0.0	C14orf39	ENSG00000179008
16208.0	0.0	SRRT	ENSG00000087087
16208.0	0.0	PPM1K	ENSG00000163644
16208.0	0.0	GJA9	ENSG00000131233
16208.0	0.0	NANOGP1	ENSG00000176654
16208.0	0.0	NANOGP8	ENSG00000255192
16208.0	0.0	C1orf56	ENSG00000143443
16208.0	0.0	PNLDC1	ENSG00000146453
16208.0	0.0	CUTA	ENSG00000112514
16208.0	0.0	MORC4	ENSG00000133131
16208.0	0.0	PVRIG	ENSG00000213413
16208.0	0.0	RTL5	ENSG00000242732
16208.0	0.0	TMC7	ENSG00000170537
16208.0	0.0	TPRG1	ENSG00000188001
16208.0	0.0	FBXL18	ENSG00000155034
16208.0	0.0	BRINP3	ENSG00000162670
16208.0	0.0	VPS26C	ENSG00000157538
16208.0	0.0	MEIOB	ENSG00000162039
16208.0	0.0	C5orf34	ENSG00000172244
16208.0	0.0	LBH	ENSG00000213626
16208.0	0.0	RING1	ENSG00000204227
16208.0	0.0	KLHL6	ENSG00000172578
16208.0	0.0	M1AP	ENSG00000159374
16208.0	0.0	LLCFC1	ENSG00000165131
16208.0	0.0	CALHM2	ENSG00000138172
16208.0	0.0	CCDC146	ENSG00000135205
16208.0	0.0	CDKL4	ENSG00000205111
16208.0	0.0	CLDN4	ENSG00000189143
16208.0	0.0	HYAL6P	ENSG00000228211
16208.0	0.0	PCNX2	ENSG00000135749
16208.0	0.0	RBBP8NL	ENSG00000130701
16208.0	0.0	SCRN3	ENSG00000144306
16208.0	0.0	TRAV1-1	ENSG00000255569
16208.0	0.0	TRAV1-2	ENSG00000256553
16208.0	0.0	ZFP92	ENSG00000189420
16208.0	0.0	ZSCAN5A	ENSG00000131848
16208.0	0.0	ZSCAN5B	ENSG00000197213
16208.0	0.0	ZSCAN5C	ENSG00000204532
16208.0	0.0	ZSCAN5DP	ENSG00000267908
16208.0	0.0	NHSL2	ENSG00000204131
16208.0	0.0	MEIOC	ENSG00000180336
16208.0	0.0	RBMXL3	ENSG00000175718
16208.0	0.0	AADAC	ENSG00000114771
16208.0	0.0	CAND1	ENSG00000111530
16208.0	0.0	SNX7	ENSG00000162627
16208.0	0.0	HORMAD1	ENSG00000143452
16208.0	0.0	HMCES	ENSG00000183624
16208.0	0.0	ABCC1	ENSG00000103222
16208.0	0.0	LACC1	ENSG00000179630
16208.0	0.0	GGTA1	ENSG00000204136
16208.0	0.0	POMZP3	ENSG00000146707
16208.0	0.0	ASB16	ENSG00000161664
16208.0	0.0	BPIFB1	ENSG00000125999
16208.0	0.0	FAM217B	ENSG00000196227
16208.0	0.0	PKD1L2	ENSG00000166473
16208.0	0.0	SERPINA2	ENSG00000258597
16208.0	0.0	ABCG2	ENSG00000118777
16208.0	0.0	SGK1	ENSG00000118515
16208.0	0.0	AFM	ENSG00000079557
16208.0	0.0	PCDHB5	ENSG00000113209
16208.0	0.0	C1orf146	ENSG00000203910
16208.0	0.0	NKX1-1	ENSG00000235608
16208.0	0.0	CTNND1	ENSG00000198561
16208.0	0.0	ARHGAP17	ENSG00000140750
16208.0	0.0	CPXM1	ENSG00000088882
16208.0	0.0	GARNL3	ENSG00000136895
16208.0	0.0	DACT2	ENSG00000164488
16208.0	0.0	ERC1	ENSG00000082805
16208.0	0.0	PLEKHG3	ENSG00000126822
16208.0	0.0	SLC37A1	ENSG00000160190
16208.0	0.0	VPS9D1	ENSG00000075399
16208.0	0.0	CFAP47	ENSG00000176034
16208.0	0.0	SHOC1	ENSG00000165181
16208.0	0.0	PRDM7	ENSG00000126856
16208.0	0.0	FBXO21	ENSG00000135108
16208.0	0.0	GRB7	ENSG00000141738
16208.0	0.0	SLC17A2	ENSG00000112337
16208.0	0.0	AASDH	ENSG00000157426
16208.0	0.0	TM9SF4	ENSG00000101337
16208.0	0.0	NUPR1	ENSG00000176046
16208.0	0.0	ZCWPW1	ENSG00000078487
16208.0	0.0	CCDC178	ENSG00000166960
16208.0	0.0	LPCAT2BP	ENSG00000233228
16208.0	0.0	VWA5A	ENSG00000110002
16208.0	0.0	ABHD2	ENSG00000140526
16208.0	0.0	CCDC186	ENSG00000165813
16208.0	0.0	PRRC1	ENSG00000164244
16208.0	0.0	BTBD18	ENSG00000233436
16208.0	0.0	PHRF1	ENSG00000070047
16208.0	0.0	C3orf62	ENSG00000188315
16208.0	0.0	LSR	ENSG00000105699
16208.0	0.0	ZFAT	ENSG00000066827
16208.0	0.0	PUM3	ENSG00000080608
16208.0	0.0	TTC39C	ENSG00000168234
16208.0	0.0	CFB	ENSG00000243649
16208.0	0.0	FAM229B	ENSG00000203778
16208.0	0.0	ZC3HAV1L	ENSG00000146858
16208.0	0.0	ITFG2	ENSG00000111203
16208.0	0.0	MYOM2	ENSG00000036448
16208.0	0.0	QRICH2	ENSG00000129646
16208.0	0.0	KIAA1217	ENSG00000120549
16208.0	0.0	STOX1	ENSG00000165730
16208.0	0.0	MOV10L1	ENSG00000073146
16208.0	0.0	TESMIN	ENSG00000132749
16208.0	0.0	NXF5	ENSG00000126952
16208.0	0.0	TERB1	ENSG00000249961
16208.0	0.0	TTLL6	ENSG00000170703
16208.0	0.0	TOP6BL	ENSG00000173715
16208.0	0.0	TTC36	ENSG00000172425
16208.0	0.0	JMJD4	ENSG00000081692
16208.0	0.0	SPATA16	ENSG00000144962
16208.0	0.0	SF1	ENSG00000168066
16208.0	0.0	C5orf24	ENSG00000181904
16208.0	0.0	DMBT1L1	ENSG00000176584
16208.0	0.0	FCGBP	ENSG00000090920
16208.0	0.0	FNDC3B	ENSG00000075420
16208.0	0.0	GIMAP7	ENSG00000179144
16208.0	0.0	ICA1L	ENSG00000163596
16208.0	0.0	KCTD3	ENSG00000136636
16208.0	0.0	OR8H1	ENSG00000181693
16208.0	0.0	RESF1	ENSG00000174718
16208.0	0.0	WFDC1	ENSG00000103175
16208.0	0.0	SPATA20	ENSG00000006282
16208.0	0.0	SSMEM1	ENSG00000165120
16208.0	0.0	CCM2L	ENSG00000101331
16208.0	0.0	BRME1	ENSG00000132016
16208.0	0.0	BRDT	ENSG00000137948
16208.0	0.0	CCDC157	ENSG00000187860
16208.0	0.0	BAG1	ENSG00000107262
16208.0	0.0	SHCBP1L	ENSG00000157060
16208.0	0.0	OLA1	ENSG00000138430
16208.0	0.0	TOPAZ1	ENSG00000173769
16208.0	0.0	TDRD1	ENSG00000095627
16208.0	0.0	IFT20	ENSG00000109083
16208.0	0.0	TEKT1	ENSG00000167858
16208.0	0.0	HYAL1	ENSG00000114378
16208.0	0.0	BDP1	ENSG00000145734
16208.0	0.0	NIBAN1	ENSG00000135842
16208.0	0.0	CADM4	ENSG00000105767
16208.0	0.0	LDOC1	ENSG00000182195
16208.0	0.0	ZNF628	ENSG00000197483
16208.0	0.0	FAM170A	ENSG00000164334
16208.0	0.0	CTNNBL1	ENSG00000132792
16208.0	0.0	BEND2	ENSG00000177324
16208.0	0.0	NFYC	ENSG00000066136
16208.0	0.0	ALPK1	ENSG00000073331
16208.0	0.0	DNAI4	ENSG00000152763
16208.0	0.0	ADGRF2P	ENSG00000164393
16208.0	0.0	CCDC62	ENSG00000130783
16208.0	0.0	MAJIN	ENSG00000168070
16208.0	0.0	RNF212	ENSG00000178222
16208.0	0.0	CFAP161	ENSG00000156206
16208.0	0.0	SIDT2	ENSG00000149577
16208.0	0.0	AC104809.3	ENSG00000226321
16208.0	0.0	CFAP20DC	ENSG00000163689
16208.0	0.0	CLIC6	ENSG00000159212
16208.0	0.0	TRAC	ENSG00000229164
16208.0	0.0	ODF4	ENSG00000184650
16208.0	0.0	AIRIM	ENSG00000116922
16208.0	0.0	PMS2P1	ENSG00000078319
16208.0	0.0	PMS2P2	ENSG00000174368
16208.0	0.0	ADGRF4	ENSG00000153294
16208.0	0.0	CLDND2	ENSG00000160318
16208.0	0.0	POLDIP3	ENSG00000100227
16208.0	0.0	BBOF1	ENSG00000119636
16208.0	0.0	DYNLT5	ENSG00000152760
16208.0	0.0	SLC12A8	ENSG00000221955
16208.0	0.0	GMCL1	ENSG00000087338
16208.0	0.0	GMCL2	ENSG00000244234
16208.0	0.0	PCBP4	ENSG00000090097
16208.0	0.0	ENO4	ENSG00000188316
16208.0	0.0	FUOM	ENSG00000148803
16208.0	0.0	ARMC3	ENSG00000165309
16208.0	0.0	SPPL2A	ENSG00000138600
16208.0	0.0	MPIG6B	ENSG00000204420
16208.0	0.0	ING1	ENSG00000153487
16208.0	0.0	RNF14	ENSG00000013561
16208.0	0.0	DAZ2	ENSG00000205944
16208.0	0.0	DAZ3	ENSG00000187191
16208.0	0.0	HDAC7	ENSG00000061273
16208.0	0.0	TRIM61	ENSG00000183439
16208.0	0.0	ZNF296	ENSG00000170684
16208.0	0.0	PCDHB6	ENSG00000113211
16208.0	0.0	APOC2	ENSG00000234906
16208.0	0.0	TNFAIP8L2	ENSG00000163154
16208.0	0.0	REC114	ENSG00000183324
16208.0	0.0	TTC21A	ENSG00000168026
16208.0	0.0	HLA-DMA	ENSG00000204257
16208.0	0.0	IQCF1	ENSG00000173389
16208.0	0.0	TBC1D8B	ENSG00000133138
16208.0	0.0	GRAMD2A	ENSG00000175318
16208.0	0.0	ZDBF2	ENSG00000204186
16208.0	0.0	CDKL1	ENSG00000100490
16208.0	0.0	SPPL2C	ENSG00000185294
16208.0	0.0	USP17L1	ENSG00000230549
16208.0	0.0	USP17L10	ENSG00000231396
16208.0	0.0	USP17L11	ENSG00000233136
16208.0	0.0	USP17L12	ENSG00000227551
16208.0	0.0	USP17L13	ENSG00000232399
16208.0	0.0	USP17L15	ENSG00000223569
16208.0	0.0	USP17L17	ENSG00000249104
16208.0	0.0	USP17L18	ENSG00000250844
16208.0	0.0	USP17L19	ENSG00000248920
16208.0	0.0	USP17L20	ENSG00000250745
16208.0	0.0	USP17L21	ENSG00000249811
16208.0	0.0	USP17L23	ENSG00000250913
16208.0	0.0	USP17L3	ENSG00000225327
16208.0	0.0	USP17L4	ENSG00000236125
16208.0	0.0	USP17L5	ENSG00000227140
16208.0	0.0	USP17L6P	ENSG00000205946
16208.0	0.0	USP17L7	ENSG00000226430
16208.0	0.0	USP17L8	ENSG00000237038
16208.0	0.0	PAFAH1B2	ENSG00000168092
16208.0	0.0	HERC4	ENSG00000148634
16208.0	0.0	GGNBP1	ENSG00000204188
16208.0	0.0	APCDD1L	ENSG00000198768
16208.0	0.0	CD74	ENSG00000019582
16208.0	0.0	NUSAP1	ENSG00000137804
16208.0	0.0	PPP1R10	ENSG00000204569
16208.0	0.0	CFAP61	ENSG00000089101
16208.0	0.0	BTBD3	ENSG00000132640
16208.0	0.0	STK40	ENSG00000196182
16208.0	0.0	KRT13	ENSG00000171401
16208.0	0.0	DRC7	ENSG00000159625
16208.0	0.0	MASP2	ENSG00000009724
16208.0	0.0	TTLL9	ENSG00000131044
16208.0	0.0	CRISP1	ENSG00000124812
16208.0	0.0	LCN8	ENSG00000204001
16208.0	0.0	GSTZ1	ENSG00000100577
16208.0	0.0	PXYLP1	ENSG00000155893
16208.0	0.0	PAM	ENSG00000145730
16208.0	0.0	ZNF416	ENSG00000083817
16208.0	0.0	RBM47	ENSG00000163694
16208.0	0.0	RBMS3	ENSG00000144642
16208.0	0.0	MTUS1	ENSG00000129422
16208.0	0.0	MEF2B	ENSG00000213999
16208.0	0.0	TEKT2	ENSG00000092850
16208.0	0.0	MAP7	ENSG00000135525
16208.0	0.0	RNASE11	ENSG00000173464
16208.0	0.0	CCIN	ENSG00000185972
16208.0	0.0	KNG1	ENSG00000113889
16208.0	0.0	KREMEN1	ENSG00000183762
16208.0	0.0	CFAP58	ENSG00000120051
16208.0	0.0	SNX19	ENSG00000120451
16208.0	0.0	IQUB	ENSG00000164675
16208.0	0.0	TMEM232	ENSG00000186952
16208.0	0.0	TTC29	ENSG00000137473
16208.0	0.0	SFTPA2	ENSG00000185303
16208.0	0.0	DNAH17	ENSG00000187775
16208.0	0.0	FAM209A	ENSG00000124103
16208.0	0.0	FAM209B	ENSG00000213714
16208.0	0.0	SPACA1	ENSG00000118434
16208.0	0.0	JAGN1	ENSG00000171135
16208.0	0.0	CFAP157	ENSG00000160401
16208.0	0.0	HLA-DRB5	ENSG00000198502
16208.0	0.0	BCO2	ENSG00000197580
16208.0	0.0	IGHA1	ENSG00000211895
16208.0	0.0	IGHA2	ENSG00000211890
16208.0	0.0	ZMYND8	ENSG00000101040
16208.0	0.0	BRD9	ENSG00000028310
16208.0	0.0	CDK1	ENSG00000170312
16208.0	0.0	SEZ6L2	ENSG00000174938
16208.0	0.0	ASB5	ENSG00000164122
16208.0	0.0	DCDC2C	ENSG00000214866
16208.0	0.0	KRT27	ENSG00000171446
16208.0	0.0	LIMS3	ENSG00000256977
16208.0	0.0	LIMS4	ENSG00000256671
16208.0	0.0	TATDN1	ENSG00000147687
16208.0	0.0	C6orf89	ENSG00000198663
16208.0	0.0	CCDC184	ENSG00000177875
16208.0	0.0	FAM222A	ENSG00000139438
16208.0	0.0	FER1L4	ENSG00000088340
16208.0	0.0	RIIAD1	ENSG00000178796
16208.0	0.0	ADGRG3	ENSG00000182885
16208.0	0.0	CABS1	ENSG00000145309
16208.0	0.0	CFAP44	ENSG00000206530
16208.0	0.0	CNIH4	ENSG00000143771
16208.0	0.0	ITPRIPL1	ENSG00000198885
16208.0	0.0	NSUN7	ENSG00000179299
16208.0	0.0	NUP210L	ENSG00000143552
16208.0	0.0	ROPN1B	ENSG00000114547
16208.0	0.0	STK33	ENSG00000130413
16208.0	0.0	TEKT3	ENSG00000125409
16208.0	0.0	ZSWIM8	ENSG00000214655
16208.0	0.0	KIAA1143	ENSG00000163807
16208.0	0.0	TPT1P8	ENSG00000219491
16208.0	0.0	DUSP26	ENSG00000133878
16208.0	0.0	MCRIP1	ENSG00000225663
16208.0	0.0	ECE2	ENSG00000145194
16208.0	0.0	CHD1L	ENSG00000131778
16208.0	0.0	RC3H2	ENSG00000056586
16208.0	0.0	FLG2	ENSG00000143520
16208.0	0.0	GCNA	ENSG00000147174
16208.0	0.0	ZSCAN2	ENSG00000176371
16208.0	0.0	PRDM11	ENSG00000019485
16208.0	0.0	MFSD14A	ENSG00000156875
16208.0	0.0	FGG	ENSG00000171557
16208.0	0.0	PRAP1	ENSG00000165828
16208.0	0.0	AQP7P3	ENSG00000156750
16208.0	0.0	EPCIP	ENSG00000205929
16208.0	0.0	SH2D5	ENSG00000189410
16208.0	0.0	SKIDA1	ENSG00000180592
16208.0	0.0	IKZF3	ENSG00000161405
16208.0	0.0	ADGRF5	ENSG00000069122
16208.0	0.0	LRRC46	ENSG00000141294
16208.0	0.0	DIP2C	ENSG00000151240
16208.0	0.0	MTMR11	ENSG00000014914
16208.0	0.0	PAN3	ENSG00000152520
16208.0	0.0	RNASE6	ENSG00000169413
16208.0	0.0	TRIM16	ENSG00000221926
16208.0	0.0	TRIM16L	ENSG00000108448
16208.0	0.0	GLB1L3	ENSG00000166105
16208.0	0.0	CXCR1	ENSG00000163464
16208.0	0.0	ZNF174	ENSG00000103343
16208.0	0.0	GJA4	ENSG00000187513
16208.0	0.0	AGBL4	ENSG00000186094
16208.0	0.0	FCN3	ENSG00000142748
16208.0	0.0	KIF12	ENSG00000136883
16208.0	0.0	TCIM	ENSG00000176907
16208.0	0.0	TARM1	ENSG00000248385
16208.0	0.0	ATG4A	ENSG00000101844
16208.0	0.0	XKR8	ENSG00000158156
16208.0	0.0	RBM11	ENSG00000185272
16208.0	0.0	BABAM2	ENSG00000158019
16208.0	0.0	ZNF236	ENSG00000130856
16208.0	0.0	ZMYND15	ENSG00000141497
16208.0	0.0	RPEL1	ENSG00000235376
16208.0	0.0	TMEM131	ENSG00000075568
16208.0	0.0	INCA1	ENSG00000196388
16208.0	0.0	DPY19L2P1	ENSG00000189212
16208.0	0.0	DPY19L2P2	ENSG00000170629
16208.0	0.0	MRPS35	ENSG00000061794
16208.0	0.0	NUP98	ENSG00000110713
16208.0	0.0	CCPG1	ENSG00000260916
16208.0	0.0	LMAN1	ENSG00000074695
16208.0	0.0	KAZN	ENSG00000189337
16208.0	0.0	ANKRD46	ENSG00000186106
16208.0	0.0	TNRC18	ENSG00000182095
16208.0	0.0	DIDO1	ENSG00000101191
16208.0	0.0	DNAH7	ENSG00000118997
16208.0	0.0	UIMC1	ENSG00000087206
16208.0	0.0	RPSA2	ENSG00000205246
16208.0	0.0	RBBP6	ENSG00000122257
16208.0	0.0	IKBKE	ENSG00000143466
16208.0	0.0	RNF169	ENSG00000166439
16208.0	0.0	GPR183	ENSG00000169508
16208.0	0.0	AXDND1	ENSG00000162779
16208.0	0.0	EID2B	ENSG00000176401
16208.0	0.0	RCN3	ENSG00000142552
16208.0	0.0	SPINDOC	ENSG00000168005
16208.0	0.0	GLMP	ENSG00000198715
16208.0	0.0	MAEL	ENSG00000143194
16208.0	0.0	CHEK2	ENSG00000183765
16208.0	0.0	PLAC9	ENSG00000189129
16208.0	0.0	SLC35E1	ENSG00000127526
16208.0	0.0	DPY19L1	ENSG00000173852
16208.0	0.0	CBFA2T3	ENSG00000129993
16208.0	0.0	CCNDBP1	ENSG00000166946
16208.0	0.0	NCOA4	ENSG00000138293
16208.0	0.0	GPR27	ENSG00000170837
16208.0	0.0	MYRIP	ENSG00000170011
16208.0	0.0	DNAJC10	ENSG00000077232
16208.0	0.0	MIER1	ENSG00000198160
16208.0	0.0	SERINC1	ENSG00000111897
16208.0	0.0	PCBP2	ENSG00000197111
16208.0	0.0	KANK2	ENSG00000197256
16208.0	0.0	IER2	ENSG00000160888
16208.0	0.0	RBM14-RBM4	ENSG00000248643
16208.0	0.0	ANKRD9	ENSG00000156381
16208.0	0.0	OR9G4	ENSG00000172457
16208.0	0.0	GBP3	ENSG00000117226
16208.0	0.0	CCDC3	ENSG00000151468
16208.0	0.0	FCAMR	ENSG00000162897
16208.0	0.0	TRIP10	ENSG00000125733
16208.0	0.0	ADGRD1	ENSG00000111452
16208.0	0.0	C19orf44	ENSG00000105072
16208.0	0.0	C1orf174	ENSG00000198912
16208.0	0.0	MTURN	ENSG00000180354
16208.0	0.0	OSBPL3	ENSG00000070882
16208.0	0.0	RABL6	ENSG00000196642
16208.0	0.0	RWDD2A	ENSG00000013392
16208.0	0.0	SNAP47	ENSG00000143740
16208.0	0.0	TBC1D16	ENSG00000167291
16208.0	0.0	TEX261	ENSG00000144043
16208.0	0.0	TEX38	ENSG00000186118
16208.0	0.0	TMEM42	ENSG00000169964
16208.0	0.0	ZBTB45	ENSG00000119574
16208.0	0.0	ZC3H12C	ENSG00000149289
16208.0	0.0	ZNF767P	ENSG00000133624
16208.0	0.0	RNF208	ENSG00000212864
16208.0	0.0	RNF149	ENSG00000163162
16208.0	0.0	WASH2P	ENSG00000146556
16208.0	0.0	WASH3P	ENSG00000185596
16208.0	0.0	WASH4P	ENSG00000234769
16208.0	0.0	WASH6P	ENSG00000182484
16208.0	0.0	LTF	ENSG00000012223
16208.0	0.0	MUC19	ENSG00000205592
16208.0	0.0	CDK11B	ENSG00000248333
16208.0	0.0	TMEM102	ENSG00000181284
16208.0	0.0	AF165138.7	ENSG00000243440
16208.0	0.0	SAMSN1	ENSG00000155307
16208.0	0.0	CD300LG	ENSG00000161649
16208.0	0.0	VSIR	ENSG00000107738
16208.0	0.0	HECTD2	ENSG00000165338
16208.0	0.0	ATAD3C	ENSG00000215915
16208.0	0.0	DAND5	ENSG00000179284
16208.0	0.0	UBR4	ENSG00000127481
16208.0	0.0	THEM5	ENSG00000196407
16208.0	0.0	TRIM40	ENSG00000204614
16208.0	0.0	GTDC1	ENSG00000121964
16208.0	0.0	TMEM219	ENSG00000149932
16208.0	0.0	TRIM27	ENSG00000204713
16208.0	0.0	MRPS23	ENSG00000181610
16208.0	0.0	MYOM3	ENSG00000142661
16208.0	0.0	ODF2L	ENSG00000122417
16208.0	0.0	TMPRSS13	ENSG00000137747
16208.0	0.0	TNS2	ENSG00000111077
16208.0	0.0	RASSF1	ENSG00000068028
16208.0	0.0	SCAMP1	ENSG00000085365
16208.0	0.0	SLC15A2	ENSG00000163406
16208.0	0.0	SLC25A25	ENSG00000148339
16208.0	0.0	SULT1D1P	ENSG00000236959
16208.0	0.0	ZC3HAV1	ENSG00000105939
16208.0	0.0	KLF17	ENSG00000171872
16208.0	0.0	ATG9A	ENSG00000198925
16208.0	0.0	C1QTNF2	ENSG00000145861
16208.0	0.0	LSP1	ENSG00000130592
16208.0	0.0	FABP5P3	ENSG00000241735
16208.0	0.0	POLK	ENSG00000122008
16208.0	0.0	KBTBD11	ENSG00000176595
16208.0	0.0	SLFN12L	ENSG00000205045
16208.0	0.0	ATP11C	ENSG00000101974
16208.0	0.0	SLC16A13	ENSG00000174327
16208.0	0.0	PLEKHM2	ENSG00000116786
16208.0	0.0	NFKBID	ENSG00000167604
16208.0	0.0	ACAP3	ENSG00000131584
16208.0	0.0	ADGRG5	ENSG00000159618
16208.0	0.0	DEUP1	ENSG00000165325
16208.0	0.0	RSAD1	ENSG00000136444
16208.0	0.0	SLC7A13	ENSG00000164893
16208.0	0.0	TMEM178B	ENSG00000261115
16208.0	0.0	ZNF383	ENSG00000188283
16208.0	0.0	B3GNT6	ENSG00000198488
16208.0	0.0	IQCK	ENSG00000174628
16208.0	0.0	GULP1	ENSG00000144366
16208.0	0.0	RSBN1	ENSG00000081019
16208.0	0.0	WWC2	ENSG00000151718
16208.0	0.0	SNRNP70	ENSG00000104852
16208.0	0.0	UPF2	ENSG00000151461
16208.0	0.0	ADTRP	ENSG00000111863
16208.0	0.0	PRXL2A	ENSG00000122378
16208.0	0.0	RP11-244H3.4	ENSG00000271741
16208.0	0.0	ZMYM6	ENSG00000163867
16208.0	0.0	KLK12	ENSG00000186474
16208.0	0.0	ALDH3B1	ENSG00000006534
16208.0	0.0	ENPP4	ENSG00000001561
16208.0	0.0	FABP12	ENSG00000197416
16208.0	0.0	GPSM3	ENSG00000213654
16208.0	0.0	KCNN1	ENSG00000105642
16208.0	0.0	MAB21L4	ENSG00000172478
16208.0	0.0	PTER	ENSG00000165983
16208.0	0.0	SAPCD1	ENSG00000228727
16208.0	0.0	TATDN3	ENSG00000203705
16208.0	0.0	TTC39B	ENSG00000155158
16208.0	0.0	A4GNT	ENSG00000118017
16208.0	0.0	TTYH1	ENSG00000167614
16208.0	0.0	ZNF516	ENSG00000101493
16208.0	0.0	UCMA	ENSG00000165623
16208.0	0.0	ANKUB1	ENSG00000206199
16208.0	0.0	CDH19	ENSG00000071991
16208.0	0.0	CDKL2	ENSG00000138769
16208.0	0.0	CEACAM21	ENSG00000007129
16208.0	0.0	LYSMD1	ENSG00000163155
16208.0	0.0	METTL24	ENSG00000053328
16208.0	0.0	METTL25	ENSG00000127720
16208.0	0.0	MINDY2	ENSG00000128923
16208.0	0.0	NINJ2	ENSG00000171840
16208.0	0.0	NKPD1	ENSG00000179846
16208.0	0.0	NRDE2	ENSG00000119720
16208.0	0.0	PMCHL1	ENSG00000168967
16208.0	0.0	PMCHL2	ENSG00000169040
16208.0	0.0	PRDM10	ENSG00000170325
16208.0	0.0	RHBDD1	ENSG00000144468
16208.0	0.0	ZNF654	ENSG00000175105
16208.0	0.0	BORCS6	ENSG00000196544
16208.0	0.0	DCP1A	ENSG00000162290
16208.0	0.0	METRN	ENSG00000103260
16208.0	0.0	SPRING1	ENSG00000111412
16208.0	0.0	ATF6B	ENSG00000213676
16208.0	0.0	ESYT2	ENSG00000117868
16208.0	0.0	HAUS6	ENSG00000147874
16208.0	0.0	PLEKHN1	ENSG00000187583
16208.0	0.0	ZNF429	ENSG00000197013
16208.0	0.0	ZNF813	ENSG00000198346
16208.0	0.0	ZNF860	ENSG00000197385
16208.0	0.0	LAIR2	ENSG00000167618
16208.0	0.0	CLEC4M	ENSG00000104938
16208.0	0.0	URAHP	ENSG00000222019
16208.0	0.0	TMEM45A	ENSG00000181458
16208.0	0.0	ANXA2P2	ENSG00000231991
16208.0	0.0	ASCC2	ENSG00000100325
16208.0	0.0	C2CD4C	ENSG00000183186
16208.0	0.0	C6orf15	ENSG00000204542
16208.0	0.0	CCDC93	ENSG00000125633
16208.0	0.0	CFAP36	ENSG00000163001
16208.0	0.0	CPM	ENSG00000135678
16208.0	0.0	CTD-2132H18.3	ENSG00000254801
16208.0	0.0	ESCO1	ENSG00000141446
16208.0	0.0	GSDMD	ENSG00000104518
16208.0	0.0	LY6G6D	ENSG00000244355
16208.0	0.0	NLRC3	ENSG00000167984
16208.0	0.0	RIMS4	ENSG00000101098
16208.0	0.0	TBC1D2	ENSG00000095383
16208.0	0.0	THEMIS2	ENSG00000130775
16208.0	0.0	TRIM10	ENSG00000204613
16208.0	0.0	TWF1	ENSG00000151239
16208.0	0.0	VCF1	ENSG00000133193
16208.0	0.0	VCF2	ENSG00000182518
16208.0	0.0	ZFP30	ENSG00000120784
16208.0	0.0	ZNF251	ENSG00000198169
16208.0	0.0	ZNF410	ENSG00000119725
16208.0	0.0	ORC3	ENSG00000135336
16208.0	0.0	BECN2	ENSG00000196289
16208.0	0.0	FUNDC2	ENSG00000165775
16208.0	0.0	METTL15	ENSG00000169519
16208.0	0.0	METTL15P1	ENSG00000174912
16208.0	0.0	METTL9	ENSG00000197006
16208.0	0.0	MTFR1	ENSG00000066855
16208.0	0.0	STPG4	ENSG00000239605
16208.0	0.0	TMEM41B	ENSG00000166471
16208.0	0.0	ZNF277	ENSG00000198839
16208.0	0.0	MBL1P	ENSG00000242600
16208.0	0.0	PGLYRP2	ENSG00000161031
16208.0	0.0	TMEM87B	ENSG00000153214
16208.0	0.0	BPI	ENSG00000101425
16208.0	0.0	DDX39B	ENSG00000198563
16208.0	0.0	LIX1L	ENSG00000152022
16208.0	0.0	GJB5	ENSG00000189280
16208.0	0.0	BTN2A1	ENSG00000112763
16208.0	0.0	BTN2A3P	ENSG00000124549
16208.0	0.0	FCGR1A	ENSG00000150337
16208.0	0.0	PARP12	ENSG00000059378
16208.0	0.0	KRT33A	ENSG00000006059
16208.0	0.0	KRT33B	ENSG00000131738
16208.0	0.0	TBC1D10C	ENSG00000175463
16208.0	0.0	SDF4	ENSG00000078808
16208.0	0.0	ENPP7	ENSG00000182156
16208.0	0.0	CCDC51	ENSG00000164051
16208.0	0.0	DMBT1	ENSG00000187908
16208.0	0.0	EPPK1	ENSG00000227184
16208.0	0.0	SNX11	ENSG00000002919
16208.0	0.0	RNASE9	ENSG00000188655
16208.0	0.0	IGHD	ENSG00000211898
16208.0	0.0	FIBIN	ENSG00000176971
16208.0	0.0	BNIP5	ENSG00000189325
16208.0	0.0	C4orf19	ENSG00000154274
16208.0	0.0	RNASE13	ENSG00000206150
16208.0	0.0	TPSB2	ENSG00000197253
16208.0	0.0	GPR174	ENSG00000147138
16208.0	0.0	MRC2	ENSG00000011028
16208.0	0.0	TSPO2	ENSG00000112212
16208.0	0.0	PILRB	ENSG00000121716
16208.0	0.0	FBXO36	ENSG00000153832
16208.0	0.0	NIPAL3	ENSG00000001461
16208.0	0.0	KCNK16	ENSG00000095981
16208.0	0.0	IGHG3	ENSG00000211897
16208.0	0.0	IGHG4	ENSG00000211892
16208.0	0.0	USP16	ENSG00000156256
16208.0	0.0	ZNF318	ENSG00000171467
16208.0	0.0	LAT2	ENSG00000086730
16208.0	0.0	ENTR1	ENSG00000165689
16208.0	0.0	MFSD2B	ENSG00000205639
16208.0	0.0	CLEC4D	ENSG00000166527
16208.0	0.0	ADAMDEC1	ENSG00000134028
16208.0	0.0	SEMA6C	ENSG00000143434
16208.0	0.0	YTHDF3	ENSG00000185728
16208.0	0.0	ZRSR2P1	ENSG00000212643
16208.0	0.0	RHBDD3	ENSG00000100263
16208.0	0.0	SPMIP7	ENSG00000164500
16208.0	0.0	TAPBP	ENSG00000231925
16208.0	0.0	EZHIP	ENSG00000187690
16208.0	0.0	ASB17	ENSG00000154007
16208.0	0.0	TVP23C-CDRT4	ENSG00000259024
16208.0	0.0	SIGLEC8	ENSG00000105366
16208.0	0.0	NME2P1	ENSG00000123009
16208.0	0.0	ALKAL1	ENSG00000196711
16208.0	0.0	LGALS12	ENSG00000133317
16208.0	0.0	HNRNPLL	ENSG00000143889
16208.0	0.0	AIDA	ENSG00000186063
16208.0	0.0	PALMD	ENSG00000099260
16208.0	0.0	PIERCE2	ENSG00000261652
16208.0	0.0	PKDREJ	ENSG00000130943
16208.0	0.0	UQCC6	ENSG00000204954
16208.0	0.0	UQCRFS1P1	ENSG00000226085
16208.0	0.0	ZAR1L	ENSG00000189167
16208.0	0.0	GAPT	ENSG00000175857
16208.0	0.0	CD200R1	ENSG00000163606
16208.0	0.0	CD200R1L	ENSG00000206531
16208.0	0.0	SIGLEC16	ENSG00000161643
16208.0	0.0	HSD17B13	ENSG00000170509
16208.0	0.0	MARF1	ENSG00000166783
16208.0	0.0	C12orf43	ENSG00000157895
16208.0	0.0	FAM72A	ENSG00000196550
16208.0	0.0	FAM72B	ENSG00000188610
16208.0	0.0	FAM72C	ENSG00000203817
16208.0	0.0	FAM72D	ENSG00000215784
16208.0	0.0	CD302	ENSG00000241399
16208.0	0.0	CTSE	ENSG00000196188
16208.0	0.0	DNAJC27	ENSG00000115137
16208.0	0.0	HSP90AB1	ENSG00000096384
16208.0	0.0	HSP90AB2P	ENSG00000205940
16208.0	0.0	HSP90AB3P	ENSG00000183199
16208.0	0.0	RIOX2	ENSG00000170854
16208.0	0.0	C18orf63	ENSG00000206043
16208.0	0.0	C22orf39	ENSG00000242259
16208.0	0.0	GPLD1	ENSG00000112293
16208.0	0.0	HDGFL1	ENSG00000112273
16208.0	0.0	LST1	ENSG00000204482
16208.0	0.0	PGAP6	ENSG00000129925
16208.0	0.0	TRIM50	ENSG00000146755
16208.0	0.0	TRIM73	ENSG00000178809
16208.0	0.0	TRIM74	ENSG00000155428
16208.0	0.0	ZBTB46	ENSG00000130584
16208.0	0.0	TAP2	ENSG00000204267
16208.0	0.0	ZSWIM1	ENSG00000168612
16208.0	0.0	TNFRSF25	ENSG00000215788
16208.0	0.0	GPR155	ENSG00000163328
16208.0	0.0	PRRG4	ENSG00000135378
16208.0	0.0	GABPB2	ENSG00000143458
16208.0	0.0	PRKCB	ENSG00000166501
16208.0	0.0	CLIC1	ENSG00000213719
16208.0	0.0	CLEC1A	ENSG00000150048
16208.0	0.0	C1QTNF7	ENSG00000163145
16208.0	0.0	PHC3	ENSG00000173889
16208.0	0.0	SAA3P	ENSG00000166787
16208.0	0.0	ZNF141	ENSG00000131127
16208.0	0.0	OSCAR	ENSG00000170909
16208.0	0.0	TMEM234	ENSG00000160055
16208.0	0.0	HLA-DQA2	ENSG00000237541
16208.0	0.0	NPM2	ENSG00000158806
16208.0	0.0	WDR13	ENSG00000101940
16208.0	0.0	GRINA	ENSG00000178719
16208.0	0.0	UPK3B	ENSG00000243566
16208.0	0.0	CIMAP2	ENSG00000162398
16208.0	0.0	LAIR1	ENSG00000167613
16208.0	0.0	CD99L2	ENSG00000102181
16208.0	0.0	MYCLP1	ENSG00000204053
16208.0	0.0	RHOXF1	ENSG00000101883
16208.0	0.0	ADAMTS19	ENSG00000145808
16208.0	0.0	AAGAB	ENSG00000103591
16208.0	0.0	JPH4	ENSG00000092051
16208.0	0.0	MST1L	ENSG00000186715
16208.0	0.0	N4BP1	ENSG00000102921
16208.0	0.0	NCR1	ENSG00000189430
16208.0	0.0	SLAMF8	ENSG00000158714
16208.0	0.0	SLC2A6	ENSG00000160326
16208.0	0.0	TLR12P	ENSG00000234512
16208.0	0.0	RFTN1	ENSG00000131378
16208.0	0.0	PLCL2	ENSG00000154822
16208.0	0.0	MR1	ENSG00000153029
16208.0	0.0	SLAMF9	ENSG00000162723
16208.0	0.0	UCN3	ENSG00000178473
16208.0	0.0	CCDC171	ENSG00000164989
16208.0	0.0	GIMAP1	ENSG00000213203
16208.0	0.0	METRNL	ENSG00000176845
16208.0	0.0	TDRP	ENSG00000180190
16208.0	0.0	CYP3A43	ENSG00000021461
16208.0	0.0	CUZD1	ENSG00000138161
16208.0	0.0	TGFBR3L	ENSG00000260001
16208.0	0.0	DYRK3	ENSG00000143479
16208.0	0.0	CD8B	ENSG00000172116
16208.0	0.0	CD8B2	ENSG00000254126
16208.0	0.0	CLEC4F	ENSG00000152672
16208.0	0.0	DENND1B	ENSG00000213047
16208.0	0.0	IBTK	ENSG00000005700
16208.0	0.0	LY75-CD302	ENSG00000248672
16208.0	0.0	RAB44	ENSG00000255587
16208.0	0.0	DPEP2	ENSG00000167261
16208.0	0.0	PRR7	ENSG00000131188
16208.0	0.0	SNRNP25	ENSG00000161981
16208.0	0.0	SNRNP48	ENSG00000168566
16208.0	0.0	SEMG1	ENSG00000124233
16208.0	0.0	ARHGAP15	ENSG00000075884
16208.0	0.0	CASP5	ENSG00000137757
16208.0	0.0	LGALS13	ENSG00000105198
16208.0	0.0	LGALS14	ENSG00000006659
16208.0	0.0	LGALS16	ENSG00000249861
16208.0	0.0	PIK3R6	ENSG00000174083
16208.0	0.0	SAMD3	ENSG00000164483
16208.0	0.0	ITGBL1	ENSG00000198542
16208.0	0.0	IGHE	ENSG00000211891
16208.0	0.0	CPAMD8	ENSG00000160111
16208.0	0.0	FCRLB	ENSG00000162746
16208.0	0.0	PZP	ENSG00000126838
16208.0	0.0	ADAM5	ENSG00000196115
16208.0	0.0	ATL2	ENSG00000119787
16208.0	0.0	ERFE	ENSG00000178752
16208.0	0.0	FAM24A	ENSG00000203795
16208.0	0.0	FAM24B	ENSG00000213185
16208.0	0.0	GPR146	ENSG00000164849
16208.0	0.0	SUSD1	ENSG00000106868
16208.0	0.0	TMEM9B	ENSG00000175348
16208.0	0.0	ZCCHC2	ENSG00000141664
16208.0	0.0	ZNF532	ENSG00000074657
16208.0	0.0	ANGPTL7	ENSG00000171819
16208.0	0.0	CYTL1	ENSG00000170891
16208.0	0.0	DHRS4	ENSG00000157326
16208.0	0.0	GPR15LG	ENSG00000188373
16208.0	0.0	RP11-468E2.9	ENSG00000225766
16208.0	0.0	C1QTNF4	ENSG00000172247
16208.0	0.0	EPSTI1	ENSG00000133106
16208.0	0.0	ARPIN	ENSG00000242498
16208.0	0.0	ILDR2	ENSG00000143195
16208.0	0.0	TMEM14B	ENSG00000137210
16208.0	0.0	TMEM14C	ENSG00000111843
16208.0	0.0	TMEM14DP	ENSG00000214881
16208.0	0.0	TRBV10-1	ENSG00000211717
16208.0	0.0	TRBV10-2	ENSG00000229769
16208.0	0.0	TMEM109	ENSG00000110108
16208.0	0.0	IGLC2	ENSG00000211677
16208.0	0.0	IGLC3	ENSG00000211679
16208.0	0.0	IGLC6	ENSG00000222037
16208.0	0.0	ABHD10	ENSG00000144827
16208.0	0.0	ALG1L2	ENSG00000251287
16208.0	0.0	CDC42EP5	ENSG00000167617
16208.0	0.0	ERICH2	ENSG00000204334
16208.0	0.0	ETAA1	ENSG00000143971
16208.0	0.0	HERC6	ENSG00000138642
16208.0	0.0	ITPRID1	ENSG00000180347
16208.0	0.0	MCEMP1	ENSG00000183019
16208.0	0.0	TPSD1	ENSG00000095917
16208.0	0.0	TOR1B	ENSG00000136816
16208.0	0.0	C10orf71	ENSG00000177354
16208.0	0.0	NKG7	ENSG00000105374
16208.0	0.0	RP11-3N2.13	ENSG00000214652
16208.0	0.0	WFDC2	ENSG00000101443
16208.0	0.0	ZNF678	ENSG00000181450
16208.0	0.0	ZNF681	ENSG00000196172
16208.0	0.0	ZNF682	ENSG00000197124
16208.0	0.0	ZNF695	ENSG00000197472
16208.0	0.0	ZNF724	ENSG00000196081
16208.0	0.0	ZNF727	ENSG00000257482
16208.0	0.0	ZNF736	ENSG00000234444
16208.0	0.0	ZNF738	ENSG00000172687
16208.0	0.0	DMRTA1	ENSG00000176399
16208.0	0.0	PAXX	ENSG00000148362
16208.0	0.0	TNFSF12-TNFSF13	ENSG00000248871
