rank	score	gene_symbol	gene_identifier
1.0	0.0358	UGT1A1	ENSG00000242366
2.0	0.0346	COG8	ENSG00000213380
3.0	0.0292	ATP6V0A2	ENSG00000185344
4.0	0.0267	DPAGT1	ENSG00000172269
5.0	0.0266	RPL10	ENSG00000147403
6.0	0.0259	GLYCTK	ENSG00000168237
7.0	0.0258	SUOX	ENSG00000139531
8.0	0.0257	COG5	ENSG00000164597
9.0	0.0255	POGZ	ENSG00000143442
10.0	0.0249	DBT	ENSG00000137992
12.0	0.0243	TRAPPC11	ENSG00000168538
12.0	0.0243	SMS	ENSG00000102172
13.0	0.0236	NTNG2	ENSG00000196358
14.0	0.023	GAMT	ENSG00000130005
15.0	0.0226	DEAF1	ENSG00000177030
16.0	0.0225	NAGS	ENSG00000161653
24.0	0.0223	PGAP2	ENSG00000148985
24.0	0.0223	PGAP3	ENSG00000161395
24.0	0.0223	PIGL	ENSG00000108474
24.0	0.0223	PIGO	ENSG00000165282
24.0	0.0223	PIGV	ENSG00000060642
24.0	0.0223	PIGW	ENSG00000184886
24.0	0.0223	PIGY	ENSG00000255072
24.0	0.0223	SRD5A3	ENSG00000128039
25.0	0.0207	PACS1	ENSG00000175115
26.0	0.0206	WARS2	ENSG00000116874
28.0	0.0204	CDC42	ENSG00000070831
28.0	0.0204	GRIN2A	ENSG00000183454
30.0	0.0202	ATP6V1B2	ENSG00000147416
30.0	0.0202	TBC1D24	ENSG00000162065
50.0	0.02	CDON	ENSG00000064309
50.0	0.02	CRIPTO	ENSG00000241186
50.0	0.02	DISP1	ENSG00000154309
50.0	0.02	DLL1	ENSG00000198719
50.0	0.02	FGF8	ENSG00000107831
50.0	0.02	FGFR1	ENSG00000077782
50.0	0.02	FOXH1	ENSG00000160973
50.0	0.02	GAS1	ENSG00000180447
50.0	0.02	GLI2	ENSG00000074047
50.0	0.02	NODAL	ENSG00000156574
50.0	0.02	PTCH1	ENSG00000185920
50.0	0.02	SHH	ENSG00000164690
50.0	0.02	SIX3	ENSG00000138083
50.0	0.02	STIL	ENSG00000123473
50.0	0.02	TGIF1	ENSG00000177426
50.0	0.02	ZIC2	ENSG00000043355
50.0	0.02	PLCH1	ENSG00000114805
50.0	0.02	SMC1A	ENSG00000072501
50.0	0.02	STAG2	ENSG00000101972
50.0	0.02	EBF3	ENSG00000108001
51.0	0.0197	ADAT3	ENSG00000213638
53.0	0.0196	ASXL3	ENSG00000141431
53.0	0.0196	SYT1	ENSG00000067715
56.0	0.0195	NKX2-1	ENSG00000136352
56.0	0.0195	TELO2	ENSG00000100726
56.0	0.0195	MAGEL2	ENSG00000254585
57.0	0.0193	MECP2	ENSG00000169057
58.0	0.0192	UBTF	ENSG00000108312
76.0	0.0191	ARX	ENSG00000004848
76.0	0.0191	CASK	ENSG00000147044
76.0	0.0191	CDKL5	ENSG00000008086
76.0	0.0191	DMXL2	ENSG00000104093
76.0	0.0191	GNAO1	ENSG00000087258
76.0	0.0191	GRIN1	ENSG00000176884
76.0	0.0191	GRM7	ENSG00000196277
76.0	0.0191	KCNA1	ENSG00000111262
76.0	0.0191	NEUROD2	ENSG00000171532
76.0	0.0191	PIGP	ENSG00000185808
76.0	0.0191	PIGQ	ENSG00000007541
76.0	0.0191	PNKP	ENSG00000039650
76.0	0.0191	SCN1B	ENSG00000105711
76.0	0.0191	SCN2A	ENSG00000136531
76.0	0.0191	SIK1	ENSG00000142178
76.0	0.0191	SLC25A22	ENSG00000177542
76.0	0.0191	SLC32A1	ENSG00000101438
76.0	0.0191	TRIM8	ENSG00000171206
77.0	0.019	CLCN4	ENSG00000073464
80.0	0.0188	SUCLG1	ENSG00000163541
80.0	0.0188	DCHS1	ENSG00000166341
80.0	0.0188	FAT4	ENSG00000196159
81.0	0.0186	ZEB2	ENSG00000169554
82.0	0.0185	NEU1	ENSG00000204386
86.0	0.0184	TBCD	ENSG00000141556
86.0	0.0184	NALCN	ENSG00000102452
86.0	0.0184	UNC80	ENSG00000144406
86.0	0.0184	AFG2A	ENSG00000145375
87.0	0.0182	CAMK2A	ENSG00000070808
90.0	0.018	AASS	ENSG00000008311
90.0	0.018	ATP6V1A	ENSG00000114573
90.0	0.018	ATP6V1E1	ENSG00000131100
91.0	0.0175	UBE3A	ENSG00000114062
92.0	0.0173	DOLK	ENSG00000175283
93.0	0.0171	CWF19L1	ENSG00000095485
94.0	0.0168	ADNP	ENSG00000101126
96.0	0.0167	SATB2	ENSG00000119042
96.0	0.0167	RAC1	ENSG00000136238
107.0	0.0166	ARID1A	ENSG00000117713
107.0	0.0166	ARID1B	ENSG00000049618
107.0	0.0166	ARID2	ENSG00000189079
107.0	0.0166	DPF2	ENSG00000133884
107.0	0.0166	SMARCA4	ENSG00000127616
107.0	0.0166	SMARCB1	ENSG00000099956
107.0	0.0166	SMARCC2	ENSG00000139613
107.0	0.0166	SMARCD1	ENSG00000066117
107.0	0.0166	SMARCE1	ENSG00000073584
107.0	0.0166	SOX11	ENSG00000176887
107.0	0.0166	SOX4	ENSG00000124766
108.0	0.0163	ACADS	ENSG00000122971
111.0	0.0162	SARDH	ENSG00000123453
111.0	0.0162	DLK1	ENSG00000185559
111.0	0.0162	RTL1	ENSG00000254656
112.0	0.0159	ASAH1	ENSG00000104763
115.0	0.0158	NACC1	ENSG00000160877
115.0	0.0158	DPYD	ENSG00000188641
115.0	0.0158	ATRX	ENSG00000085224
116.0	0.0157	DPM1	ENSG00000000419
117.0	0.0155	KCNA2	ENSG00000177301
118.0	0.0154	PRUNE1	ENSG00000143363
119.0	0.0153	TUBB2B	ENSG00000137285
120.0	0.0152	SLC35A2	ENSG00000102100
121.0	0.0151	ALG11	ENSG00000253710
130.0	0.0148	MT-ATP6	ENSG00000198899
130.0	0.0148	MT-ND1	ENSG00000198888
130.0	0.0148	MT-ND2	ENSG00000198763
130.0	0.0148	MT-ND3	ENSG00000198840
130.0	0.0148	MT-ND4	ENSG00000198886
130.0	0.0148	MT-ND5	ENSG00000198786
130.0	0.0148	MT-ND6	ENSG00000198695
130.0	0.0148	SLC19A3	ENSG00000135917
130.0	0.0148	GATAD2B	ENSG00000143614
132.0	0.0146	CUL4B	ENSG00000158290
132.0	0.0146	TNPO2	ENSG00000105576
133.0	0.0145	GNB1	ENSG00000078369
134.0	0.0143	H4C5	ENSG00000198518
135.0	0.0141	PSAT1	ENSG00000135069
136.0	0.0138	USP9X	ENSG00000124486
137.0	0.0134	SPEN	ENSG00000065526
138.0	0.0133	GLB1	ENSG00000170266
139.0	0.0129	MRPL12	ENSG00000262814
140.0	0.0128	GFM2	ENSG00000164347
148.0	0.0123	ADGRG1	ENSG00000205336
148.0	0.0123	PI4KA	ENSG00000241973
148.0	0.0123	SRPX2	ENSG00000102359
148.0	0.0123	GABRA1	ENSG00000022355
148.0	0.0123	GABRG2	ENSG00000113327
148.0	0.0123	PCDH19	ENSG00000165194
148.0	0.0123	SCN1A	ENSG00000144285
148.0	0.0123	SCN9A	ENSG00000169432
150.0	0.0121	HERC1	ENSG00000103657
150.0	0.0121	RARS1	ENSG00000113643
152.0	0.012	GRIN2D	ENSG00000105464
152.0	0.012	DPYSL5	ENSG00000157851
154.0	0.0119	PIGG	ENSG00000174227
154.0	0.0119	CSNK2A1	ENSG00000101266
156.0	0.0118	HEXB	ENSG00000049860
156.0	0.0118	EXTL3	ENSG00000012232
158.0	0.0117	MAN2B1	ENSG00000104774
158.0	0.0117	VPS4A	ENSG00000132612
159.0	0.0115	PEX13	ENSG00000162928
161.0	0.0114	TCF4	ENSG00000196628
161.0	0.0114	ATG7	ENSG00000197548
163.0	0.0113	SON	ENSG00000159140
163.0	0.0113	MFF	ENSG00000168958
168.0	0.0112	TRIO	ENSG00000038382
168.0	0.0112	MAF	ENSG00000178573
168.0	0.0112	ADAR	ENSG00000160710
168.0	0.0112	NUP54	ENSG00000138750
168.0	0.0112	NUP62	ENSG00000213024
171.0	0.0111	SMARCA2	ENSG00000080503
171.0	0.0111	PRMT7	ENSG00000132600
171.0	0.0111	EEF1A2	ENSG00000101210
172.0	0.011	HNRNPH2	ENSG00000126945
175.0	0.0109	DHX30	ENSG00000132153
175.0	0.0109	NEK1	ENSG00000137601
175.0	0.0109	CACNA2D2	ENSG00000007402
181.0	0.0108	AP1S2	ENSG00000182287
181.0	0.0108	SEPSECS	ENSG00000109618
181.0	0.0108	TSEN15	ENSG00000198860
181.0	0.0108	TSEN2	ENSG00000154743
181.0	0.0108	TSEN34	ENSG00000170892
181.0	0.0108	TSEN54	ENSG00000182173
184.0	0.0107	DAG1	ENSG00000173402
184.0	0.0107	LRP5	ENSG00000162337
184.0	0.0107	KCNJ10	ENSG00000177807
187.0	0.0106	SHQ1	ENSG00000144736
187.0	0.0106	LNPK	ENSG00000144320
187.0	0.0106	SLC13A5	ENSG00000141485
191.0	0.0104	BRAT1	ENSG00000106009
191.0	0.0104	RMND1	ENSG00000155906
191.0	0.0104	PIGA	ENSG00000165195
191.0	0.0104	DOCK7	ENSG00000116641
194.0	0.0103	TUBB3	ENSG00000198211
194.0	0.0103	PPP2R5D	ENSG00000112640
194.0	0.0103	CCDC88A	ENSG00000115355
197.0	0.0102	LMAN2L	ENSG00000114988
197.0	0.0102	ST3GAL5	ENSG00000115525
197.0	0.0102	GTPBP3	ENSG00000130299
202.0	0.0101	IQSEC1	ENSG00000144711
202.0	0.0101	GRM1	ENSG00000152822
202.0	0.0101	DCPS	ENSG00000110063
202.0	0.0101	HNRNPU	ENSG00000153187
202.0	0.0101	RTTN	ENSG00000176225
203.0	0.01	KCNJ11	ENSG00000187486
209.0	0.0099	YME1L1	ENSG00000136758
209.0	0.0099	MPDU1	ENSG00000129255
209.0	0.0099	ALDH18A1	ENSG00000059573
209.0	0.0099	RAI1	ENSG00000108557
209.0	0.0099	UBA5	ENSG00000081307
209.0	0.0099	PIGN	ENSG00000197563
213.0	0.0098	WARS1	ENSG00000140105
213.0	0.0098	OXR1	ENSG00000164830
213.0	0.0098	SLC9A6	ENSG00000198689
213.0	0.0098	FRMPD4	ENSG00000169933
214.0	0.0097	PPP2R1A	ENSG00000105568
216.0	0.0096	TRPM3	ENSG00000083067
216.0	0.0096	STXBP1	ENSG00000136854
217.0	0.0095	MAST1	ENSG00000105613
222.0	0.0094	HNRNPH1	ENSG00000169045
222.0	0.0094	DOHH	ENSG00000129932
222.0	0.0094	HEPACAM	ENSG00000165478
222.0	0.0094	NEDD4L	ENSG00000049759
222.0	0.0094	SNRPN	ENSG00000128739
224.0	0.0093	TRAPPC6B	ENSG00000182400
224.0	0.0093	PMPCB	ENSG00000105819
227.0	0.0092	WDR26	ENSG00000162923
227.0	0.0092	GRIA2	ENSG00000120251
227.0	0.0092	HIVEP2	ENSG00000010818
229.0	0.0091	FGF12	ENSG00000114279
229.0	0.0091	FOXRED1	ENSG00000110074
232.0	0.009	EIF2AK2	ENSG00000055332
232.0	0.009	PURA	ENSG00000185129
232.0	0.009	PDHA1	ENSG00000131828
238.0	0.0089	GABRB2	ENSG00000145864
238.0	0.0089	GRIN2B	ENSG00000273079
238.0	0.0089	COG4	ENSG00000103051
238.0	0.0089	MACF1	ENSG00000127603
238.0	0.0089	MRPS34	ENSG00000074071
238.0	0.0089	USP7	ENSG00000187555
241.0	0.0088	GM2A	ENSG00000196743
241.0	0.0088	GMPPB	ENSG00000173540
241.0	0.0088	TMEM70	ENSG00000175606
248.0	0.0087	FKRP	ENSG00000181027
248.0	0.0087	LARGE1	ENSG00000133424
248.0	0.0087	POMT1	ENSG00000130714
248.0	0.0087	POMT2	ENSG00000009830
248.0	0.0087	SLC39A14	ENSG00000104635
248.0	0.0087	SIAH1	ENSG00000196470
248.0	0.0087	OTUD6B	ENSG00000155100
253.0	0.0086	SATB1	ENSG00000182568
253.0	0.0086	NEXMIF	ENSG00000050030
253.0	0.0086	SLC12A6	ENSG00000140199
253.0	0.0086	KCNC2	ENSG00000166006
253.0	0.0086	GNB5	ENSG00000069966
256.0	0.0085	NEMF	ENSG00000165525
256.0	0.0085	LRPPRC	ENSG00000138095
256.0	0.0085	CNTNAP2	ENSG00000174469
267.0	0.0084	TOR1A	ENSG00000136827
267.0	0.0084	BLTP1	ENSG00000138688
267.0	0.0084	GALC	ENSG00000054983
267.0	0.0084	PSAP	ENSG00000197746
267.0	0.0084	SLC6A9	ENSG00000196517
267.0	0.0084	SZT2	ENSG00000198198
267.0	0.0084	YY1	ENSG00000100811
267.0	0.0084	CACNA1B	ENSG00000148408
267.0	0.0084	GABBR2	ENSG00000136928
267.0	0.0084	TMCO1	ENSG00000143183
267.0	0.0084	PIGS	ENSG00000087111
272.0	0.0083	IRF2BPL	ENSG00000119669
272.0	0.0083	SLC6A1	ENSG00000157103
272.0	0.0083	COG3	ENSG00000136152
272.0	0.0083	TBCE	ENSG00000116957
272.0	0.0083	CARS2	ENSG00000134905
278.0	0.0082	DYRK1A	ENSG00000157540
278.0	0.0082	ABHD16A	ENSG00000204427
278.0	0.0082	NSD1	ENSG00000165671
278.0	0.0082	CACNA1I	ENSG00000100346
278.0	0.0082	FOXG1	ENSG00000176165
278.0	0.0082	OPHN1	ENSG00000079482
283.0	0.0081	ATP9A	ENSG00000054793
283.0	0.0081	TANGO2	ENSG00000183597
283.0	0.0081	DENND5A	ENSG00000184014
283.0	0.0081	UQCRQ	ENSG00000164405
283.0	0.0081	OFD1	ENSG00000046651
289.0	0.008	MEF2C	ENSG00000081189
289.0	0.008	BCL11B	ENSG00000127152
289.0	0.008	SCN3A	ENSG00000153253
289.0	0.008	RHOBTB2	ENSG00000008853
289.0	0.008	MFSD2A	ENSG00000168389
289.0	0.008	IQSEC2	ENSG00000124313
297.0	0.0079	TIMM50	ENSG00000105197
297.0	0.0079	UFC1	ENSG00000143222
297.0	0.0079	VPS41	ENSG00000006715
297.0	0.0079	IARS1	ENSG00000196305
297.0	0.0079	MTRFR	ENSG00000130921
297.0	0.0079	NONO	ENSG00000147140
297.0	0.0079	NARS1	ENSG00000134440
297.0	0.0079	ATN1	ENSG00000111676
302.0	0.0078	GRIK2	ENSG00000164418
302.0	0.0078	AP3B2	ENSG00000103723
302.0	0.0078	SLC25A12	ENSG00000115840
302.0	0.0078	DHDDS	ENSG00000117682
302.0	0.0078	CTNNA2	ENSG00000066032
304.0	0.0077	NSRP1	ENSG00000126653
304.0	0.0077	LIPT2	ENSG00000175536
313.0	0.0076	PMM2	ENSG00000140650
313.0	0.0076	KIF1A	ENSG00000130294
313.0	0.0076	CHMP1A	ENSG00000131165
313.0	0.0076	LMNB1	ENSG00000113368
313.0	0.0076	ZNF142	ENSG00000115568
313.0	0.0076	SNX14	ENSG00000135317
313.0	0.0076	TOE1	ENSG00000132773
313.0	0.0076	ATP1A2	ENSG00000018625
313.0	0.0076	SPTBN1	ENSG00000115306
326.0	0.0075	UBA1	ENSG00000130985
326.0	0.0075	HTT	ENSG00000197386
326.0	0.0075	LINGO1	ENSG00000169783
326.0	0.0075	TRIT1	ENSG00000043514
326.0	0.0075	SLC2A1	ENSG00000117394
326.0	0.0075	CCDC47	ENSG00000108588
326.0	0.0075	FRRS1L	ENSG00000260230
326.0	0.0075	EXOSC5	ENSG00000077348
326.0	0.0075	KCNQ5	ENSG00000185760
326.0	0.0075	KIF5C	ENSG00000168280
326.0	0.0075	AMPD2	ENSG00000116337
326.0	0.0075	CPLX1	ENSG00000168993
326.0	0.0075	MTFMT	ENSG00000103707
342.0	0.0074	SLITRK2	ENSG00000185985
342.0	0.0074	MSL3	ENSG00000005302
342.0	0.0074	ARL13B	ENSG00000169379
342.0	0.0074	SEMA6B	ENSG00000167680
342.0	0.0074	CPLANE1	ENSG00000197603
342.0	0.0074	FAM149B1	ENSG00000138286
342.0	0.0074	KIAA0753	ENSG00000198920
342.0	0.0074	KIF7	ENSG00000166813
342.0	0.0074	PDE6D	ENSG00000156973
342.0	0.0074	TCTN3	ENSG00000119977
342.0	0.0074	TMEM216	ENSG00000187049
342.0	0.0074	TOPORS	ENSG00000197579
342.0	0.0074	TSFM	ENSG00000123297
342.0	0.0074	PPP3CA	ENSG00000138814
342.0	0.0074	CHAMP1	ENSG00000198824
342.0	0.0074	VPS11	ENSG00000160695
351.0	0.0073	GEMIN4	ENSG00000179409
351.0	0.0073	IREB2	ENSG00000136381
351.0	0.0073	CAMTA1	ENSG00000171735
351.0	0.0073	KCNN2	ENSG00000080709
351.0	0.0073	DPH5	ENSG00000117543
351.0	0.0073	TBC1D20	ENSG00000125875
351.0	0.0073	PARS2	ENSG00000162396
351.0	0.0073	CACNA2D1	ENSG00000153956
351.0	0.0073	ODC1	ENSG00000115758
377.0	0.0072	ADARB1	ENSG00000197381
377.0	0.0072	SERAC1	ENSG00000122335
377.0	0.0072	CASZ1	ENSG00000130940
377.0	0.0072	GABRD	ENSG00000187730
377.0	0.0072	HSPG2	ENSG00000142798
377.0	0.0072	KCNAB2	ENSG00000069424
377.0	0.0072	LUZP1	ENSG00000169641
377.0	0.0072	MMP23B	ENSG00000189409
377.0	0.0072	PDPN	ENSG00000162493
377.0	0.0072	PRDM16	ENSG00000142611
377.0	0.0072	PRKCZ	ENSG00000067606
377.0	0.0072	RERE	ENSG00000142599
377.0	0.0072	SKI	ENSG00000157933
377.0	0.0072	UBE4B	ENSG00000130939
377.0	0.0072	HCN1	ENSG00000164588
377.0	0.0072	TRAPPC10	ENSG00000160218
377.0	0.0072	PRPS1	ENSG00000147224
377.0	0.0072	NGLY1	ENSG00000151092
377.0	0.0072	HUWE1	ENSG00000086758
377.0	0.0072	WDR45	ENSG00000196998
377.0	0.0072	QDPR	ENSG00000151552
377.0	0.0072	AP2M1	ENSG00000161203
377.0	0.0072	CHD2	ENSG00000173575
377.0	0.0072	SYNGAP1	ENSG00000197283
377.0	0.0072	CLTC	ENSG00000141367
377.0	0.0072	MSTO1	ENSG00000125459
385.0	0.0071	RORA	ENSG00000069667
385.0	0.0071	TMTC3	ENSG00000139324
385.0	0.0071	CREBBP	ENSG00000005339
385.0	0.0071	EP300	ENSG00000100393
385.0	0.0071	EIF4A2	ENSG00000156976
385.0	0.0071	SPTSSA	ENSG00000165389
385.0	0.0071	GAA	ENSG00000171298
385.0	0.0071	ERCC5	ENSG00000134899
398.0	0.007	COPB1	ENSG00000129083
398.0	0.007	GRIA4	ENSG00000152578
398.0	0.007	POLR3A	ENSG00000148606
398.0	0.007	PYCR2	ENSG00000143811
398.0	0.007	DNM1L	ENSG00000087470
398.0	0.007	CLN5	ENSG00000102805
398.0	0.007	CTSD	ENSG00000117984
398.0	0.007	DNAJC5	ENSG00000101152
398.0	0.007	GRN	ENSG00000030582
398.0	0.007	PPT1	ENSG00000131238
398.0	0.007	TPP1	ENSG00000166340
398.0	0.007	DOCK3	ENSG00000088538
398.0	0.007	GPT2	ENSG00000166123
415.0	0.0069	GOT2	ENSG00000125166
415.0	0.0069	PRKAR1B	ENSG00000188191
415.0	0.0069	CLP1	ENSG00000172409
415.0	0.0069	UFM1	ENSG00000120686
415.0	0.0069	SPTBN4	ENSG00000160460
415.0	0.0069	TNNT1	ENSG00000105048
415.0	0.0069	ELP2	ENSG00000134759
415.0	0.0069	TCTN2	ENSG00000168778
415.0	0.0069	ASH1L	ENSG00000116539
415.0	0.0069	NR2F1	ENSG00000175745
415.0	0.0069	RAB11B	ENSG00000185236
415.0	0.0069	WDR81	ENSG00000167716
415.0	0.0069	ATM	ENSG00000149311
415.0	0.0069	SFXN4	ENSG00000183605
415.0	0.0069	ACTL6B	ENSG00000077080
415.0	0.0069	YWHAG	ENSG00000170027
415.0	0.0069	FRMD4A	ENSG00000151474
448.0	0.0068	DEGS1	ENSG00000143753
448.0	0.0068	NUS1	ENSG00000153989
448.0	0.0068	DARS2	ENSG00000117593
448.0	0.0068	MED12	ENSG00000184634
448.0	0.0068	TMEM222	ENSG00000186501
448.0	0.0068	DALRD3	ENSG00000178149
448.0	0.0068	AHI1	ENSG00000135541
448.0	0.0068	ARL3	ENSG00000138175
448.0	0.0068	ARMC9	ENSG00000135931
448.0	0.0068	B9D1	ENSG00000108641
448.0	0.0068	B9D2	ENSG00000123810
448.0	0.0068	CBY1	ENSG00000100211
448.0	0.0068	CEP104	ENSG00000116198
448.0	0.0068	CEP120	ENSG00000168944
448.0	0.0068	CEP41	ENSG00000106477
448.0	0.0068	CSPP1	ENSG00000104218
448.0	0.0068	HYLS1	ENSG00000198331
448.0	0.0068	IFT74	ENSG00000096872
448.0	0.0068	INPP5E	ENSG00000148384
448.0	0.0068	KATNIP	ENSG00000047578
448.0	0.0068	KIAA0586	ENSG00000100578
448.0	0.0068	MKS1	ENSG00000011143
448.0	0.0068	NPHP1	ENSG00000144061
448.0	0.0068	PIBF1	ENSG00000083535
448.0	0.0068	RPGRIP1L	ENSG00000103494
448.0	0.0068	SUFU	ENSG00000107882
448.0	0.0068	TCTN1	ENSG00000204852
448.0	0.0068	TMEM218	ENSG00000150433
448.0	0.0068	TMEM237	ENSG00000155755
448.0	0.0068	TMEM67	ENSG00000164953
448.0	0.0068	TOGARAM1	ENSG00000198718
448.0	0.0068	TAF1	ENSG00000147133
448.0	0.0068	UBAP2L	ENSG00000143569
457.0	0.0067	HSD17B10	ENSG00000072506
457.0	0.0067	WDR4	ENSG00000160193
457.0	0.0067	KCTD7	ENSG00000243335
457.0	0.0067	PPFIBP1	ENSG00000110841
457.0	0.0067	EARS2	ENSG00000103356
457.0	0.0067	COQ8A	ENSG00000163050
457.0	0.0067	VARS1	ENSG00000204394
457.0	0.0067	CAMK2B	ENSG00000058404
457.0	0.0067	TMEM147	ENSG00000105677
472.0	0.0066	MED25	ENSG00000104973
472.0	0.0066	PTCHD1	ENSG00000165186
472.0	0.0066	KARS1	ENSG00000065427
472.0	0.0066	WDR45B	ENSG00000141580
472.0	0.0066	MOGS	ENSG00000115275
472.0	0.0066	CYFIP2	ENSG00000055163
472.0	0.0066	HMGA2	ENSG00000149948
472.0	0.0066	LEMD3	ENSG00000174106
472.0	0.0066	MMAA	ENSG00000151611
472.0	0.0066	ZSWIM6	ENSG00000130449
472.0	0.0066	CACNA1E	ENSG00000198216
472.0	0.0066	GFER	ENSG00000127554
472.0	0.0066	INTS8	ENSG00000164941
472.0	0.0066	RALGAPA1	ENSG00000174373
472.0	0.0066	TRRAP	ENSG00000196367
483.0	0.0065	CRAT	ENSG00000095321
483.0	0.0065	ITCH	ENSG00000078747
483.0	0.0065	STRADA	ENSG00000266173
483.0	0.0065	SLC1A2	ENSG00000110436
483.0	0.0065	INTS1	ENSG00000164880
483.0	0.0065	UGP2	ENSG00000169764
483.0	0.0065	SLC1A4	ENSG00000115902
483.0	0.0065	DNM1	ENSG00000106976
483.0	0.0065	H4C11	ENSG00000197238
483.0	0.0065	NTRK2	ENSG00000148053
483.0	0.0065	PPIL1	ENSG00000137168
494.0	0.0064	CACNA1A	ENSG00000141837
494.0	0.0064	GPAA1	ENSG00000197858
494.0	0.0064	CLCN3	ENSG00000109572
494.0	0.0064	EIF3F	ENSG00000175390
494.0	0.0064	UBE3C	ENSG00000009335
494.0	0.0064	ZBTB18	ENSG00000179456
494.0	0.0064	RAB18	ENSG00000099246
494.0	0.0064	SPR	ENSG00000116096
494.0	0.0064	TUBB4A	ENSG00000104833
494.0	0.0064	TFE3	ENSG00000068323
494.0	0.0064	MBOAT7	ENSG00000125505
501.0	0.0063	ITPR1	ENSG00000150995
501.0	0.0063	KAT6A	ENSG00000083168
501.0	0.0063	CLIC2	ENSG00000155962
501.0	0.0063	HIKESHI	ENSG00000149196
501.0	0.0063	SLC6A17	ENSG00000197106
501.0	0.0063	NFASC	ENSG00000163531
501.0	0.0063	CLPB	ENSG00000162129
512.0	0.0062	SLC25A46	ENSG00000164209
512.0	0.0062	SLC33A1	ENSG00000169359
512.0	0.0062	MDH2	ENSG00000146701
512.0	0.0062	HID1	ENSG00000167861
512.0	0.0062	AHCY	ENSG00000101444
512.0	0.0062	VLDLR	ENSG00000147852
512.0	0.0062	HECW2	ENSG00000138411
512.0	0.0062	ERCC8	ENSG00000049167
512.0	0.0062	SUPT16H	ENSG00000092201
512.0	0.0062	RALA	ENSG00000006451
512.0	0.0062	HDAC4	ENSG00000068024
521.0	0.0061	MCOLN1	ENSG00000090674
521.0	0.0061	GALT	ENSG00000213930
521.0	0.0061	EXOSC3	ENSG00000107371
521.0	0.0061	NAXE	ENSG00000163382
521.0	0.0061	ASPA	ENSG00000108381
521.0	0.0061	POU4F1	ENSG00000152192
521.0	0.0061	TMEM106B	ENSG00000106460
521.0	0.0061	ABCB7	ENSG00000131269
521.0	0.0061	TREX1	ENSG00000213689
547.0	0.006	FARS2	ENSG00000145982
547.0	0.006	SETBP1	ENSG00000152217
547.0	0.006	AARS1	ENSG00000090861
547.0	0.006	ARV1	ENSG00000173409
547.0	0.006	ATP1A3	ENSG00000105409
547.0	0.006	CDK19	ENSG00000155111
547.0	0.006	CELF2	ENSG00000048740
547.0	0.006	CNKSR2	ENSG00000149970
547.0	0.006	FBXO28	ENSG00000143756
547.0	0.006	FGF13	ENSG00000129682
547.0	0.006	FZR1	ENSG00000105325
547.0	0.006	GABRA2	ENSG00000151834
547.0	0.006	GABRA5	ENSG00000186297
547.0	0.006	KCNB1	ENSG00000158445
547.0	0.006	NECAP1	ENSG00000089818
547.0	0.006	PACS2	ENSG00000179364
547.0	0.006	SCN8A	ENSG00000196876
547.0	0.006	SYNJ1	ENSG00000159082
547.0	0.006	TRAK1	ENSG00000182606
547.0	0.006	WWOX	ENSG00000186153
547.0	0.006	DDOST	ENSG00000244038
547.0	0.006	POLR3B	ENSG00000013503
547.0	0.006	PAX7	ENSG00000009709
547.0	0.006	ITPA	ENSG00000125877
547.0	0.006	MICU1	ENSG00000107745
547.0	0.006	GNAI1	ENSG00000127955
558.0	0.0059	APC2	ENSG00000115266
558.0	0.0059	SETD2	ENSG00000181555
558.0	0.0059	GCDH	ENSG00000105607
558.0	0.0059	PSMC1	ENSG00000100764
558.0	0.0059	PTS	ENSG00000150787
558.0	0.0059	GCH1	ENSG00000131979
558.0	0.0059	VPS33A	ENSG00000139719
558.0	0.0059	VAPB	ENSG00000124164
558.0	0.0059	BSCL2	ENSG00000168000
558.0	0.0059	COQ5	ENSG00000110871
558.0	0.0059	PGK1	ENSG00000102144
578.0	0.0058	MINPP1	ENSG00000107789
578.0	0.0058	ERLIN2	ENSG00000147475
578.0	0.0058	WAC	ENSG00000095787
578.0	0.0058	PLP1	ENSG00000123560
578.0	0.0058	MYO5A	ENSG00000197535
578.0	0.0058	PGAP1	ENSG00000197121
578.0	0.0058	MMACHC	ENSG00000132763
578.0	0.0058	PRDX1	ENSG00000117450
578.0	0.0058	HIBCH	ENSG00000198130
578.0	0.0058	PNPT1	ENSG00000138035
578.0	0.0058	RARS2	ENSG00000146282
578.0	0.0058	SLC20A2	ENSG00000168575
578.0	0.0058	COQ2	ENSG00000173085
578.0	0.0058	TUBB2A	ENSG00000137267
578.0	0.0058	PCGF2	ENSG00000056661
578.0	0.0058	GNS	ENSG00000135677
578.0	0.0058	GTPBP2	ENSG00000172432
578.0	0.0058	POLRMT	ENSG00000099821
578.0	0.0058	ARFGEF1	ENSG00000066777
578.0	0.0058	PHIP	ENSG00000146247
590.0	0.0057	EBP	ENSG00000147155
590.0	0.0057	HNRNPC	ENSG00000092199
590.0	0.0057	FRA10AC1	ENSG00000148690
590.0	0.0057	SRCAP	ENSG00000080603
590.0	0.0057	AIMP1	ENSG00000164022
590.0	0.0057	KNSTRN	ENSG00000128944
590.0	0.0057	PIK3CD	ENSG00000171608
590.0	0.0057	SOD1	ENSG00000142168
590.0	0.0057	CPE	ENSG00000109472
590.0	0.0057	FGFR3	ENSG00000068078
590.0	0.0057	ADCY5	ENSG00000173175
590.0	0.0057	PMPCA	ENSG00000165688
599.0	0.0056	TPK1	ENSG00000196511
599.0	0.0056	POLR3K	ENSG00000161980
599.0	0.0056	THOC2	ENSG00000125676
599.0	0.0056	RAB3GAP2	ENSG00000118873
599.0	0.0056	ATP5F1A	ENSG00000152234
599.0	0.0056	SLC12A2	ENSG00000064651
599.0	0.0056	NTNG1	ENSG00000162631
599.0	0.0056	AGTPBP1	ENSG00000135049
599.0	0.0056	DNAJC19	ENSG00000205981
608.0	0.0055	PUS7	ENSG00000091127
608.0	0.0055	CACNA1C	ENSG00000151067
608.0	0.0055	MED11	ENSG00000161920
608.0	0.0055	GET4	ENSG00000239857
608.0	0.0055	NR4A2	ENSG00000153234
608.0	0.0055	ADSL	ENSG00000239900
608.0	0.0055	KCNH1	ENSG00000143473
608.0	0.0055	TRAPPC2L	ENSG00000167515
608.0	0.0055	TTC5	ENSG00000136319
616.0	0.0054	ASNS	ENSG00000070669
616.0	0.0054	CHKA	ENSG00000110721
616.0	0.0054	PDE10A	ENSG00000112541
616.0	0.0054	UFSP2	ENSG00000109775
616.0	0.0054	POLR1C	ENSG00000171453
616.0	0.0054	REPS1	ENSG00000135597
616.0	0.0054	PUS3	ENSG00000110060
616.0	0.0054	SLC1A3	ENSG00000079215
622.0	0.0053	PLA2G6	ENSG00000184381
622.0	0.0053	SLC6A3	ENSG00000142319
622.0	0.0053	KIF1C	ENSG00000129250
622.0	0.0053	HTR2C	ENSG00000147246
622.0	0.0053	SLC25A13	ENSG00000004864
622.0	0.0053	BCAS3	ENSG00000141376
626.0	0.0052	IFIH1	ENSG00000115267
626.0	0.0052	NOP56	ENSG00000101361
626.0	0.0052	SCARB2	ENSG00000138760
626.0	0.0052	FLVCR1	ENSG00000162769
632.0	0.0051	ADA2	ENSG00000093072
632.0	0.0051	TH	ENSG00000180176
632.0	0.0051	PEX2	ENSG00000164751
632.0	0.0051	ATP6V0C	ENSG00000185883
632.0	0.0051	KCNK4	ENSG00000182450
632.0	0.0051	PITRM1	ENSG00000107959
640.0	0.005	ACOX1	ENSG00000161533
640.0	0.005	ATP2B3	ENSG00000067842
640.0	0.005	ADPRS	ENSG00000116863
640.0	0.005	ATCAY	ENSG00000167654
640.0	0.005	POLG	ENSG00000140521
640.0	0.005	AMACR	ENSG00000242110
640.0	0.005	FBXW7	ENSG00000109670
640.0	0.005	ZBTB20	ENSG00000181722
647.0	0.0049	PRORP	ENSG00000100890
647.0	0.0049	RLIM	ENSG00000131263
647.0	0.0049	TTC19	ENSG00000011295
647.0	0.0049	VPS13D	ENSG00000048707
647.0	0.0049	SPTBN2	ENSG00000173898
647.0	0.0049	PUM1	ENSG00000134644
647.0	0.0049	ATP6AP2	ENSG00000182220
655.0	0.0048	GOSR2	ENSG00000108433
655.0	0.0048	RP11-156P1.2	ENSG00000262633
655.0	0.0048	PSMB1	ENSG00000008018
655.0	0.0048	DPM2	ENSG00000136908
655.0	0.0048	GGT1	ENSG00000100031
655.0	0.0048	PNP	ENSG00000198805
655.0	0.0048	COA7	ENSG00000162377
655.0	0.0048	PRICKLE1	ENSG00000139174
666.0	0.0047	KCNC3	ENSG00000131398
666.0	0.0047	SLC18A2	ENSG00000165646
666.0	0.0047	PAH	ENSG00000171759
666.0	0.0047	SLC6A8	ENSG00000130821
666.0	0.0047	PRODH	ENSG00000100033
666.0	0.0047	RFC1	ENSG00000035928
666.0	0.0047	QRICH1	ENSG00000198218
666.0	0.0047	PRKCG	ENSG00000126583
666.0	0.0047	LAMA1	ENSG00000101680
666.0	0.0047	ISCA2	ENSG00000165898
666.0	0.0047	TPR	ENSG00000047410
673.0	0.0046	ADGRV1	ENSG00000164199
673.0	0.0046	STX1B	ENSG00000099365
673.0	0.0046	ATXN2	ENSG00000204842
673.0	0.0046	TMEM240	ENSG00000205090
673.0	0.0046	DDC	ENSG00000132437
673.0	0.0046	CHAT	ENSG00000070748
673.0	0.0046	SLC18A3	ENSG00000187714
702.0	0.0045	PDE2A	ENSG00000186642
702.0	0.0045	EPRS1	ENSG00000136628
702.0	0.0045	STUB1	ENSG00000103266
702.0	0.0045	PEX10	ENSG00000157911
702.0	0.0045	NAXD	ENSG00000213995
702.0	0.0045	VRK1	ENSG00000100749
702.0	0.0045	CCDC88C	ENSG00000015133
702.0	0.0045	TAOK1	ENSG00000160551
702.0	0.0045	ANOS1	ENSG00000011201
702.0	0.0045	CCDC141	ENSG00000163492
702.0	0.0045	CHD7	ENSG00000171316
702.0	0.0045	DCC	ENSG00000187323
702.0	0.0045	DUSP6	ENSG00000139318
702.0	0.0045	FEZF1	ENSG00000128610
702.0	0.0045	FGF17	ENSG00000158815
702.0	0.0045	FLRT3	ENSG00000125848
702.0	0.0045	HESX1	ENSG00000163666
702.0	0.0045	HS6ST1	ENSG00000136720
702.0	0.0045	IL17RD	ENSG00000144730
702.0	0.0045	NDNF	ENSG00000173376
702.0	0.0045	PROK2	ENSG00000163421
702.0	0.0045	PROKR2	ENSG00000101292
702.0	0.0045	SEMA3A	ENSG00000075213
702.0	0.0045	SOX10	ENSG00000100146
702.0	0.0045	SPRY4	ENSG00000187678
702.0	0.0045	TACR3	ENSG00000169836
702.0	0.0045	WDR11	ENSG00000120008
702.0	0.0045	SLC46A1	ENSG00000076351
702.0	0.0045	NFE2L2	ENSG00000116044
716.0	0.0044	TBP	ENSG00000112592
716.0	0.0044	AIMP2	ENSG00000106305
716.0	0.0044	MRE11	ENSG00000020922
716.0	0.0044	DNMT3A	ENSG00000119772
716.0	0.0044	KCNMA1	ENSG00000156113
716.0	0.0044	KCNN3	ENSG00000143603
716.0	0.0044	MPZ	ENSG00000158887
716.0	0.0044	PMP22	ENSG00000109099
716.0	0.0044	GSX2	ENSG00000180613
716.0	0.0044	TMEM63A	ENSG00000196187
716.0	0.0044	ZDHHC9	ENSG00000188706
716.0	0.0044	CTSF	ENSG00000174080
716.0	0.0044	ATXN10	ENSG00000130638
716.0	0.0044	KMT5B	ENSG00000110066
725.0	0.0043	BMP4	ENSG00000125378
725.0	0.0043	PIGF	ENSG00000151665
725.0	0.0043	ZC4H2	ENSG00000126970
725.0	0.0043	TRPS1	ENSG00000104447
725.0	0.0043	SCYL1	ENSG00000142186
725.0	0.0043	GRIA1	ENSG00000155511
725.0	0.0043	SLC35B2	ENSG00000157593
725.0	0.0043	DAB1	ENSG00000173406
725.0	0.0043	ELOVL5	ENSG00000012660
736.0	0.0042	HYCC1	ENSG00000122591
736.0	0.0042	SLC9A1	ENSG00000090020
736.0	0.0042	OPA1	ENSG00000198836
736.0	0.0042	NDUFV1	ENSG00000167792
736.0	0.0042	PPP1R15B	ENSG00000158615
736.0	0.0042	MAB21L1	ENSG00000180660
736.0	0.0042	TKT	ENSG00000163931
736.0	0.0042	OLIG2	ENSG00000205927
736.0	0.0042	UBE3B	ENSG00000151148
736.0	0.0042	TSPOAP1	ENSG00000005379
736.0	0.0042	CDC42BPB	ENSG00000198752
757.0	0.0041	KLHL15	ENSG00000174010
757.0	0.0041	NCAPG2	ENSG00000146918
757.0	0.0041	PCBD1	ENSG00000166228
757.0	0.0041	ANO10	ENSG00000160746
757.0	0.0041	CARS1	ENSG00000110619
757.0	0.0041	ERCC2	ENSG00000104884
757.0	0.0041	ERCC3	ENSG00000163161
757.0	0.0041	GTF2E2	ENSG00000197265
757.0	0.0041	GTF2H5	ENSG00000272047
757.0	0.0041	MPLKIP	ENSG00000168303
757.0	0.0041	RNF113A	ENSG00000125352
757.0	0.0041	TARS1	ENSG00000113407
757.0	0.0041	TANC2	ENSG00000170921
757.0	0.0041	FMR1	ENSG00000102081
757.0	0.0041	PGM2L1	ENSG00000165434
757.0	0.0041	CNNM2	ENSG00000148842
757.0	0.0041	GJC2	ENSG00000198835
757.0	0.0041	APTX	ENSG00000137074
757.0	0.0041	SLC17A5	ENSG00000119899
757.0	0.0041	CP	ENSG00000047457
757.0	0.0041	AHDC1	ENSG00000126705
768.0	0.004	RAB39B	ENSG00000155961
768.0	0.004	ATXN1	ENSG00000124788
768.0	0.004	GSS	ENSG00000100983
768.0	0.004	FGF14	ENSG00000102466
768.0	0.004	TBL1XR1	ENSG00000177565
768.0	0.004	C19orf12	ENSG00000131943
768.0	0.004	MBD5	ENSG00000204406
768.0	0.004	PRNP	ENSG00000171867
768.0	0.004	KMT2B	ENSG00000272333
768.0	0.004	MME	ENSG00000196549
768.0	0.004	SMG9	ENSG00000105771
800.0	0.0039	RFT1	ENSG00000163933
800.0	0.0039	TIMMDC1	ENSG00000113845
800.0	0.0039	BAZ1B	ENSG00000009954
800.0	0.0039	BCL7B	ENSG00000106635
800.0	0.0039	BUD23	ENSG00000071462
800.0	0.0039	CLIP2	ENSG00000106665
800.0	0.0039	DNAJC30	ENSG00000176410
800.0	0.0039	EIF4H	ENSG00000106682
800.0	0.0039	ELN	ENSG00000049540
800.0	0.0039	FKBP6	ENSG00000077800
800.0	0.0039	GTF2I	ENSG00000077809
800.0	0.0039	GTF2IRD1	ENSG00000006704
800.0	0.0039	GTF2IRD2	ENSG00000196275
800.0	0.0039	LIMK1	ENSG00000106683
800.0	0.0039	METTL27	ENSG00000165171
800.0	0.0039	MLXIPL	ENSG00000009950
800.0	0.0039	NCF1	ENSG00000158517
800.0	0.0039	RFC2	ENSG00000049541
800.0	0.0039	STX1A	ENSG00000106089
800.0	0.0039	TBL2	ENSG00000106638
800.0	0.0039	TMEM270	ENSG00000175877
800.0	0.0039	VPS37D	ENSG00000176428
800.0	0.0039	ATP6V0A1	ENSG00000033627
800.0	0.0039	SDHD	ENSG00000204370
800.0	0.0039	GOLGA2	ENSG00000167110
800.0	0.0039	KDM4B	ENSG00000127663
800.0	0.0039	PTEN	ENSG00000171862
800.0	0.0039	TAT	ENSG00000198650
800.0	0.0039	ATP7B	ENSG00000123191
800.0	0.0039	HTRA2	ENSG00000115317
800.0	0.0039	FBXL4	ENSG00000112234
800.0	0.0039	CTC1	ENSG00000178971
822.0	0.0038	BTD	ENSG00000169814
822.0	0.0038	GABRB1	ENSG00000163288
822.0	0.0038	MVK	ENSG00000110921
822.0	0.0038	WFS1	ENSG00000109501
822.0	0.0038	DHFR	ENSG00000228716
822.0	0.0038	TCF20	ENSG00000100207
822.0	0.0038	TAF2	ENSG00000064313
822.0	0.0038	ALDH5A1	ENSG00000112294
822.0	0.0038	NKX6-2	ENSG00000148826
822.0	0.0038	CC2D2A	ENSG00000048342
822.0	0.0038	DNAJC6	ENSG00000116675
822.0	0.0038	PODXL	ENSG00000128567
822.0	0.0038	CYB5R3	ENSG00000100243
822.0	0.0038	TTI1	ENSG00000101407
822.0	0.0038	KCND3	ENSG00000171385
822.0	0.0038	PIGK	ENSG00000142892
822.0	0.0038	SGPL1	ENSG00000166224
822.0	0.0038	HCFC1	ENSG00000172534
822.0	0.0038	ACBD5	ENSG00000107897
822.0	0.0038	TPI1	ENSG00000111669
822.0	0.0038	PANK2	ENSG00000125779
822.0	0.0038	RNASET2	ENSG00000026297
841.0	0.0037	CIC	ENSG00000079432
841.0	0.0037	NUP214	ENSG00000126883
841.0	0.0037	TTR	ENSG00000118271
841.0	0.0037	TRMT5	ENSG00000126814
841.0	0.0037	B4GALT1	ENSG00000086062
841.0	0.0037	VPS13A	ENSG00000197969
841.0	0.0037	TMEM231	ENSG00000205084
841.0	0.0037	CLN6	ENSG00000128973
841.0	0.0037	CYP27A1	ENSG00000135929
841.0	0.0037	GATM	ENSG00000171766
841.0	0.0037	UBE2A	ENSG00000077721
841.0	0.0037	NDUFS4	ENSG00000164258
841.0	0.0037	SETX	ENSG00000107290
841.0	0.0037	NDST1	ENSG00000070614
841.0	0.0037	MAN1B1	ENSG00000177239
841.0	0.0037	TRNT1	ENSG00000072756
841.0	0.0037	DLD	ENSG00000091140
841.0	0.0037	ALG14	ENSG00000172339
841.0	0.0037	PEX16	ENSG00000121680
867.0	0.0036	NDUFA1	ENSG00000125356
867.0	0.0036	ACO2	ENSG00000100412
867.0	0.0036	KCNC1	ENSG00000129159
867.0	0.0036	LINS1	ENSG00000140471
867.0	0.0036	ALG6	ENSG00000088035
867.0	0.0036	ELOVL1	ENSG00000066322
867.0	0.0036	PAK1	ENSG00000149269
867.0	0.0036	CTDP1	ENSG00000060069
867.0	0.0036	LSM11	ENSG00000155858
867.0	0.0036	RNASEH2A	ENSG00000104889
867.0	0.0036	RNASEH2B	ENSG00000136104
867.0	0.0036	RNASEH2C	ENSG00000172922
867.0	0.0036	SAMHD1	ENSG00000101347
867.0	0.0036	MAG	ENSG00000105695
867.0	0.0036	CLN8	ENSG00000182372
867.0	0.0036	SLC6A19	ENSG00000174358
867.0	0.0036	HNRNPK	ENSG00000165119
867.0	0.0036	KCNJ6	ENSG00000157542
867.0	0.0036	ERCC4	ENSG00000175595
867.0	0.0036	ERCC6	ENSG00000225830
867.0	0.0036	ERCC6-PGBD3	ENSG00000258838
867.0	0.0036	ROGDI	ENSG00000067836
867.0	0.0036	VAMP1	ENSG00000139190
867.0	0.0036	PLPBP	ENSG00000147471
867.0	0.0036	FTL	ENSG00000087086
867.0	0.0036	CRBN	ENSG00000113851
885.0	0.0035	CERS1	ENSG00000223802
885.0	0.0035	PC	ENSG00000173599
885.0	0.0035	LAGE3	ENSG00000196976
885.0	0.0035	HSD17B4	ENSG00000133835
885.0	0.0035	PTRH2	ENSG00000141378
885.0	0.0035	CHD8	ENSG00000100888
885.0	0.0035	GFAP	ENSG00000131095
885.0	0.0035	GJB1	ENSG00000169562
885.0	0.0035	TTPA	ENSG00000137561
885.0	0.0035	TECPR2	ENSG00000196663
885.0	0.0035	FRMD5	ENSG00000171877
885.0	0.0035	C2CD3	ENSG00000168014
885.0	0.0035	CENPJ	ENSG00000151849
885.0	0.0035	PLK4	ENSG00000142731
885.0	0.0035	WDR37	ENSG00000047056
885.0	0.0035	TBC1D23	ENSG00000036054
885.0	0.0035	SLC25A42	ENSG00000181035
885.0	0.0035	TEFM	ENSG00000172171
902.0	0.0034	AMFR	ENSG00000159461
902.0	0.0034	ARSA	ENSG00000100299
902.0	0.0034	SQSTM1	ENSG00000161011
902.0	0.0034	AUH	ENSG00000148090
902.0	0.0034	ZIC1	ENSG00000152977
902.0	0.0034	RBM10	ENSG00000182872
902.0	0.0034	ELOVL4	ENSG00000118402
902.0	0.0034	PPP2R2B	ENSG00000156475
902.0	0.0034	SC5D	ENSG00000109929
902.0	0.0034	ATXN7	ENSG00000163635
902.0	0.0034	LMNB2	ENSG00000176619
902.0	0.0034	CSTB	ENSG00000160213
902.0	0.0034	PRKN	ENSG00000185345
902.0	0.0034	EED	ENSG00000074266
902.0	0.0034	TBCK	ENSG00000145348
902.0	0.0034	BCORL1	ENSG00000085185
902.0	0.0034	PGM3	ENSG00000013375
930.0	0.0033	PDHB	ENSG00000168291
930.0	0.0033	NF1	ENSG00000196712
930.0	0.0033	ATAD3A	ENSG00000197785
930.0	0.0033	GABRB3	ENSG00000166206
930.0	0.0033	OGDH	ENSG00000105953
930.0	0.0033	TUBA1A	ENSG00000167552
930.0	0.0033	KIF5A	ENSG00000155980
930.0	0.0033	BOLA3	ENSG00000163170
930.0	0.0033	NDUFA4	ENSG00000189043
930.0	0.0033	ALG8	ENSG00000159063
930.0	0.0033	CEP290	ENSG00000198707
930.0	0.0033	TMEM138	ENSG00000149483
930.0	0.0033	ZNF423	ENSG00000102935
930.0	0.0033	MFSD8	ENSG00000164073
930.0	0.0033	SHROOM4	ENSG00000158352
930.0	0.0033	GRIA3	ENSG00000125675
930.0	0.0033	ATP13A2	ENSG00000159363
930.0	0.0033	STARD7	ENSG00000084090
930.0	0.0033	PDYN	ENSG00000101327
930.0	0.0033	LYST	ENSG00000143669
930.0	0.0033	FLII	ENSG00000177731
930.0	0.0033	CTBP1	ENSG00000159692
930.0	0.0033	HSPD1	ENSG00000144381
930.0	0.0033	VARS2	ENSG00000137411
930.0	0.0033	SH2B1	ENSG00000178188
930.0	0.0033	RNF125	ENSG00000101695
930.0	0.0033	SLC30A10	ENSG00000196660
930.0	0.0033	PIGT	ENSG00000124155
960.0	0.0032	NPTX1	ENSG00000171246
960.0	0.0032	RORB	ENSG00000198963
960.0	0.0032	NADK2	ENSG00000152620
960.0	0.0032	TMEM163	ENSG00000152128
960.0	0.0032	LETM1	ENSG00000168924
960.0	0.0032	NELFA	ENSG00000185049
960.0	0.0032	NSD2	ENSG00000109685
960.0	0.0032	HMGCL	ENSG00000117305
960.0	0.0032	POLG2	ENSG00000256525
960.0	0.0032	RRM2B	ENSG00000048392
960.0	0.0032	SLC25A4	ENSG00000151729
960.0	0.0032	TWNK	ENSG00000107815
960.0	0.0032	ABCC8	ENSG00000006071
960.0	0.0032	GCK	ENSG00000106633
960.0	0.0032	INS	ENSG00000254647
960.0	0.0032	PDX1	ENSG00000139515
960.0	0.0032	STAT3	ENSG00000168610
960.0	0.0032	GUF1	ENSG00000151806
960.0	0.0032	HACE1	ENSG00000085382
960.0	0.0032	IFRD1	ENSG00000006652
960.0	0.0032	PEX6	ENSG00000124587
960.0	0.0032	RUSC2	ENSG00000198853
960.0	0.0032	PDE8B	ENSG00000113231
960.0	0.0032	JPH3	ENSG00000154118
960.0	0.0032	MAPT	ENSG00000186868
960.0	0.0032	CACNA1G	ENSG00000006283
960.0	0.0032	NPC1	ENSG00000141458
960.0	0.0032	SPOP	ENSG00000121067
960.0	0.0032	CA8	ENSG00000178538
960.0	0.0032	SDHA	ENSG00000073578
980.0	0.0031	EMC1	ENSG00000127463
980.0	0.0031	WDR73	ENSG00000177082
980.0	0.0031	SHANK3	ENSG00000251322
980.0	0.0031	JAG1	ENSG00000101384
980.0	0.0031	SURF1	ENSG00000148290
980.0	0.0031	NOL3	ENSG00000140939
980.0	0.0031	MORC2	ENSG00000133422
980.0	0.0031	NIPA1	ENSG00000170113
980.0	0.0031	NIPA2	ENSG00000140157
980.0	0.0031	TUBG1	ENSG00000131462
980.0	0.0031	GBA1	ENSG00000177628
980.0	0.0031	MARCHF6	ENSG00000145495
980.0	0.0031	AFG3L2	ENSG00000141385
980.0	0.0031	ZNHIT3	ENSG00000108278
980.0	0.0031	POU3F3	ENSG00000198914
980.0	0.0031	CLTRN	ENSG00000147003
980.0	0.0031	ACAT1	ENSG00000075239
980.0	0.0031	ZMYM2	ENSG00000121741
980.0	0.0031	NHLRC2	ENSG00000196865
980.0	0.0031	KANSL1	ENSG00000120071
1008.0	0.003	MMADHC	ENSG00000168288
1008.0	0.003	NAT8L	ENSG00000185818
1008.0	0.003	BCS1L	ENSG00000074582
1008.0	0.003	PDGFB	ENSG00000100311
1008.0	0.003	NANS	ENSG00000095380
1008.0	0.003	FERRY3	ENSG00000047621
1008.0	0.003	RAP1GDS1	ENSG00000138698
1008.0	0.003	NDUFAF3	ENSG00000178057
1008.0	0.003	LIAS	ENSG00000121897
1008.0	0.003	COA8	ENSG00000256053
1008.0	0.003	STAMBP	ENSG00000124356
1008.0	0.003	ETHE1	ENSG00000105755
1008.0	0.003	PRDM13	ENSG00000112238
1008.0	0.003	DCTN1	ENSG00000204843
1008.0	0.003	SLC35A1	ENSG00000164414
1008.0	0.003	PREPL	ENSG00000138078
1008.0	0.003	PNPLA6	ENSG00000032444
1008.0	0.003	PNPO	ENSG00000108439
1008.0	0.003	NPC2	ENSG00000119655
1008.0	0.003	SARS1	ENSG00000031698
1008.0	0.003	ADH1C	ENSG00000248144
1008.0	0.003	ATXN3	ENSG00000066427
1008.0	0.003	IFT140	ENSG00000187535
1008.0	0.003	GRID2	ENSG00000152208
1008.0	0.003	NDUFAF6	ENSG00000156170
1008.0	0.003	CDK10	ENSG00000185324
1008.0	0.003	NDUFS1	ENSG00000023228
1008.0	0.003	PRF1	ENSG00000180644
1055.0	0.0029	SDHB	ENSG00000117118
1055.0	0.0029	PAK3	ENSG00000077264
1055.0	0.0029	UROC1	ENSG00000159650
1055.0	0.0029	SIN3A	ENSG00000169375
1055.0	0.0029	NDUFAF2	ENSG00000164182
1055.0	0.0029	NDUFA13	ENSG00000186010
1055.0	0.0029	GEMIN5	ENSG00000082516
1055.0	0.0029	KDM6B	ENSG00000132510
1055.0	0.0029	ARL6	ENSG00000113966
1055.0	0.0029	BBIP1	ENSG00000214413
1055.0	0.0029	BBS1	ENSG00000174483
1055.0	0.0029	BBS10	ENSG00000179941
1055.0	0.0029	BBS12	ENSG00000181004
1055.0	0.0029	BBS2	ENSG00000125124
1055.0	0.0029	BBS4	ENSG00000140463
1055.0	0.0029	BBS5	ENSG00000163093
1055.0	0.0029	BBS7	ENSG00000138686
1055.0	0.0029	BBS9	ENSG00000122507
1055.0	0.0029	CEP19	ENSG00000174007
1055.0	0.0029	CFAP418	ENSG00000156172
1055.0	0.0029	CTD-3074O7.11	ENSG00000256349
1055.0	0.0029	IFT172	ENSG00000138002
1055.0	0.0029	IFT27	ENSG00000100360
1055.0	0.0029	LZTFL1	ENSG00000163818
1055.0	0.0029	MKKS	ENSG00000125863
1055.0	0.0029	SCAPER	ENSG00000140386
1055.0	0.0029	SCLT1	ENSG00000151466
1055.0	0.0029	SDCCAG8	ENSG00000054282
1055.0	0.0029	TRIM32	ENSG00000119401
1055.0	0.0029	TTC8	ENSG00000165533
1055.0	0.0029	WDPCP	ENSG00000143951
1055.0	0.0029	GLS	ENSG00000115419
1055.0	0.0029	POU3F4	ENSG00000196767
1055.0	0.0029	SET	ENSG00000119335
1055.0	0.0029	SNAP29	ENSG00000099940
1055.0	0.0029	LAMB1	ENSG00000091136
1055.0	0.0029	FXN	ENSG00000165060
1055.0	0.0029	SLC30A9	ENSG00000014824
1055.0	0.0029	B3GALT6	ENSG00000176022
1055.0	0.0029	ZNF592	ENSG00000166716
1055.0	0.0029	UCHL1	ENSG00000154277
1055.0	0.0029	VWA3B	ENSG00000168658
1055.0	0.0029	MED13L	ENSG00000123066
1055.0	0.0029	PRDM8	ENSG00000152784
1055.0	0.0029	AUTS2	ENSG00000158321
1055.0	0.0029	VAMP2	ENSG00000220205
1055.0	0.0029	MED13	ENSG00000108510
1089.0	0.0028	ANK3	ENSG00000151150
1089.0	0.0028	RILPL1	ENSG00000188026
1089.0	0.0028	TGM6	ENSG00000166948
1089.0	0.0028	MED27	ENSG00000160563
1089.0	0.0028	PRKRA	ENSG00000180228
1089.0	0.0028	USP14	ENSG00000101557
1089.0	0.0028	AP4M1	ENSG00000221838
1089.0	0.0028	ZBTB11	ENSG00000066422
1089.0	0.0028	GALNT2	ENSG00000143641
1089.0	0.0028	AR	ENSG00000169083
1089.0	0.0028	CEP85L	ENSG00000111860
1089.0	0.0028	SLC7A6OS	ENSG00000103061
1089.0	0.0028	AP1G1	ENSG00000166747
1089.0	0.0028	TP53RK	ENSG00000172315
1089.0	0.0028	OTC	ENSG00000036473
1089.0	0.0028	PDHX	ENSG00000110435
1089.0	0.0028	GBA2	ENSG00000070610
1089.0	0.0028	CRLS1	ENSG00000088766
1089.0	0.0028	EXOSC8	ENSG00000120699
1089.0	0.0028	EXOSC9	ENSG00000123737
1089.0	0.0028	GNB2	ENSG00000172354
1089.0	0.0028	BEAN1	ENSG00000166546
1089.0	0.0028	MARS1	ENSG00000166986
1089.0	0.0028	SLC7A7	ENSG00000155465
1089.0	0.0028	TRAPPC12	ENSG00000171853
1089.0	0.0028	ABCA7	ENSG00000064687
1089.0	0.0028	APP	ENSG00000142192
1089.0	0.0028	PSEN1	ENSG00000080815
1089.0	0.0028	PSEN2	ENSG00000143801
1089.0	0.0028	SORL1	ENSG00000137642
1089.0	0.0028	TOMM40	ENSG00000130204
1089.0	0.0028	TREM2	ENSG00000095970
1089.0	0.0028	EZH2	ENSG00000106462
1089.0	0.0028	ABHD12	ENSG00000100997
1130.0	0.0027	ACOX2	ENSG00000168306
1130.0	0.0027	TECR	ENSG00000099797
1130.0	0.0027	SPTAN1	ENSG00000197694
1130.0	0.0027	ACADM	ENSG00000117054
1130.0	0.0027	BMP2	ENSG00000125845
1130.0	0.0027	ALG2	ENSG00000119523
1130.0	0.0027	GCSH	ENSG00000140905
1130.0	0.0027	ATAD1	ENSG00000138138
1130.0	0.0027	EPM2A	ENSG00000112425
1130.0	0.0027	NHLRC1	ENSG00000187566
1130.0	0.0027	PUF60	ENSG00000179950
1130.0	0.0027	SLC44A1	ENSG00000070214
1130.0	0.0027	DCX	ENSG00000077279
1130.0	0.0027	KIF1B	ENSG00000054523
1130.0	0.0027	ARCN1	ENSG00000095139
1130.0	0.0027	NOVA2	ENSG00000104967
1130.0	0.0027	FAR1	ENSG00000197601
1130.0	0.0027	MAPK8IP3	ENSG00000138834
1130.0	0.0027	DRD3	ENSG00000151577
1130.0	0.0027	MT-CO1	ENSG00000198804
1130.0	0.0027	MT-CO2	ENSG00000198712
1130.0	0.0027	MT-CO3	ENSG00000198938
1130.0	0.0027	PEX1	ENSG00000127980
1130.0	0.0027	COX20	ENSG00000203667
1130.0	0.0027	HK1	ENSG00000156515
1130.0	0.0027	MN1	ENSG00000169184
1130.0	0.0027	PTGS1	ENSG00000095303
1130.0	0.0027	EIF2S3	ENSG00000130741
1130.0	0.0027	TCEAL1	ENSG00000172465
1130.0	0.0027	DHPS	ENSG00000095059
1130.0	0.0027	SACS	ENSG00000151835
1130.0	0.0027	GLRA1	ENSG00000145888
1130.0	0.0027	DNAJC13	ENSG00000138246
1130.0	0.0027	EIF4G1	ENSG00000114867
1130.0	0.0027	GIGYF2	ENSG00000204120
1130.0	0.0027	LRRK2	ENSG00000188906
1130.0	0.0027	SNCA	ENSG00000145335
1130.0	0.0027	VPS35	ENSG00000069329
1130.0	0.0027	POLR1A	ENSG00000068654
1130.0	0.0027	TAF4	ENSG00000130699
1130.0	0.0027	SOD2	ENSG00000112096
1162.0	0.0026	PRDX3	ENSG00000165672
1162.0	0.0026	EHMT1	ENSG00000181090
1162.0	0.0026	FOXP1	ENSG00000114861
1162.0	0.0026	AIFM1	ENSG00000156709
1162.0	0.0026	OGDHL	ENSG00000197444
1162.0	0.0026	SLC13A3	ENSG00000158296
1162.0	0.0026	TRPV6	ENSG00000165125
1162.0	0.0026	HERC2	ENSG00000128731
1162.0	0.0026	CNTN2	ENSG00000184144
1162.0	0.0026	YEATS2	ENSG00000163872
1162.0	0.0026	CHD3	ENSG00000170004
1162.0	0.0026	AFF3	ENSG00000144218
1162.0	0.0026	LAS1L	ENSG00000001497
1162.0	0.0026	RPIA	ENSG00000153574
1162.0	0.0026	THG1L	ENSG00000113272
1162.0	0.0026	MLC1	ENSG00000100427
1162.0	0.0026	SLC25A15	ENSG00000102743
1162.0	0.0026	YIF1B	ENSG00000167645
1162.0	0.0026	HPCA	ENSG00000121905
1162.0	0.0026	DYNC1I2	ENSG00000077380
1162.0	0.0026	U2AF2	ENSG00000063244
1162.0	0.0026	RUBCN	ENSG00000145016
1162.0	0.0026	EXT2	ENSG00000151348
1162.0	0.0026	KMT2A	ENSG00000118058
1162.0	0.0026	MMUT	ENSG00000146085
1162.0	0.0026	NAGA	ENSG00000198951
1162.0	0.0026	MECR	ENSG00000116353
1162.0	0.0026	NFIB	ENSG00000147862
1162.0	0.0026	KMT2C	ENSG00000055609
1162.0	0.0026	COX10	ENSG00000006695
1162.0	0.0026	TXN2	ENSG00000100348
1162.0	0.0026	TSHR	ENSG00000165409
1189.0	0.0025	PHGDH	ENSG00000092621
1189.0	0.0025	NDE1	ENSG00000072864
1189.0	0.0025	NBEA	ENSG00000172915
1189.0	0.0025	ACSF3	ENSG00000176715
1189.0	0.0025	ACP5	ENSG00000102575
1189.0	0.0025	FIG4	ENSG00000112367
1189.0	0.0025	PAX6	ENSG00000007372
1189.0	0.0025	MAOA	ENSG00000189221
1189.0	0.0025	MPV17	ENSG00000115204
1189.0	0.0025	MTHFS	ENSG00000136371
1189.0	0.0025	OPA3	ENSG00000125741
1189.0	0.0025	SLC16A2	ENSG00000147100
1189.0	0.0025	AARS2	ENSG00000124608
1189.0	0.0025	TLK2	ENSG00000146872
1189.0	0.0025	LRP12	ENSG00000147650
1189.0	0.0025	PDK3	ENSG00000067992
1189.0	0.0025	MRM2	ENSG00000122687
1189.0	0.0025	OSGEP	ENSG00000092094
1189.0	0.0025	AGA	ENSG00000038002
1189.0	0.0025	DNMT1	ENSG00000130816
1189.0	0.0025	RFX7	ENSG00000181827
1189.0	0.0025	CSF1R	ENSG00000182578
1189.0	0.0025	VPS53	ENSG00000141252
1189.0	0.0025	CACNA1D	ENSG00000157388
1189.0	0.0025	SIL1	ENSG00000120725
1189.0	0.0025	PRRT2	ENSG00000167371
1189.0	0.0025	MYH14	ENSG00000105357
1242.0	0.0024	CYB5A	ENSG00000166347
1242.0	0.0024	PEX11B	ENSG00000131779
1242.0	0.0024	PEX12	ENSG00000108733
1242.0	0.0024	PEX14	ENSG00000142655
1242.0	0.0024	PEX19	ENSG00000162735
1242.0	0.0024	PEX26	ENSG00000215193
1242.0	0.0024	PEX3	ENSG00000034693
1242.0	0.0024	PEX5	ENSG00000139197
1242.0	0.0024	SGCE	ENSG00000127990
1242.0	0.0024	ASL	ENSG00000126522
1242.0	0.0024	ASS1	ENSG00000130707
1242.0	0.0024	CPS1	ENSG00000021826
1242.0	0.0024	PDCD6IP	ENSG00000170248
1242.0	0.0024	NRCAM	ENSG00000091129
1242.0	0.0024	ATP5F1D	ENSG00000099624
1242.0	0.0024	ATP5F1E	ENSG00000124172
1242.0	0.0024	ATP5MK	ENSG00000173915
1242.0	0.0024	ATPAF1	ENSG00000123472
1242.0	0.0024	ATPAF2	ENSG00000171953
1242.0	0.0024	MT-ATP8	ENSG00000228253
1242.0	0.0024	POMGNT1	ENSG00000085998
1242.0	0.0024	FKTN	ENSG00000106692
1242.0	0.0024	RNF220	ENSG00000187147
1242.0	0.0024	SUCLA2	ENSG00000136143
1242.0	0.0024	CACNB4	ENSG00000182389
1242.0	0.0024	UBE4A	ENSG00000110344
1242.0	0.0024	MYT1L	ENSG00000186487
1242.0	0.0024	ALG13	ENSG00000101901
1242.0	0.0024	NSUN2	ENSG00000037474
1242.0	0.0024	KNL1	ENSG00000137812
1242.0	0.0024	H3-3A	ENSG00000163041
1242.0	0.0024	HMBS	ENSG00000256269
1242.0	0.0024	LGI3	ENSG00000168481
1242.0	0.0024	ACADVL	ENSG00000072778
1242.0	0.0024	ALS2	ENSG00000003393
1242.0	0.0024	FUS	ENSG00000089280
1242.0	0.0024	SIGMAR1	ENSG00000147955
1242.0	0.0024	SPG11	ENSG00000104133
1242.0	0.0024	SPTLC1	ENSG00000090054
1242.0	0.0024	NDRG1	ENSG00000104419
1242.0	0.0024	SBF2	ENSG00000133812
1242.0	0.0024	WLS	ENSG00000116729
1242.0	0.0024	ALDH4A1	ENSG00000159423
1242.0	0.0024	DTYMK	ENSG00000168393
1242.0	0.0024	WDR62	ENSG00000075702
1242.0	0.0024	ALPL	ENSG00000162551
1242.0	0.0024	FBXO7	ENSG00000100225
1242.0	0.0024	METTL5	ENSG00000138382
1242.0	0.0024	SLC6A5	ENSG00000165970
1242.0	0.0024	CIT	ENSG00000122966
1242.0	0.0024	KDM1A	ENSG00000004487
1242.0	0.0024	SLC2A3	ENSG00000059804
1242.0	0.0024	ARF1	ENSG00000143761
1278.0	0.0023	CUX1	ENSG00000257923
1278.0	0.0023	NDUFA8	ENSG00000119421
1278.0	0.0023	MOCS2	ENSG00000164172
1278.0	0.0023	DARS1	ENSG00000115866
1278.0	0.0023	SPRED1	ENSG00000166068
1278.0	0.0023	CUX2	ENSG00000111249
1278.0	0.0023	ALMS1	ENSG00000116127
1278.0	0.0023	TBX1	ENSG00000184058
1278.0	0.0023	AMELX	ENSG00000125363
1278.0	0.0023	TIMM8A	ENSG00000126953
1278.0	0.0023	MCM3AP	ENSG00000160294
1278.0	0.0023	ACAT2	ENSG00000120437
1278.0	0.0023	TMEM107	ENSG00000179029
1278.0	0.0023	UGDH	ENSG00000109814
1278.0	0.0023	PARK7	ENSG00000116288
1278.0	0.0023	PINK1	ENSG00000158828
1278.0	0.0023	VPS13C	ENSG00000129003
1278.0	0.0023	GNE	ENSG00000159921
1278.0	0.0023	PDP1	ENSG00000164951
1278.0	0.0023	MTHFR	ENSG00000177000
1278.0	0.0023	SVBP	ENSG00000177868
1278.0	0.0023	GMPPA	ENSG00000144591
1278.0	0.0023	KCNH5	ENSG00000140015
1278.0	0.0023	EFCAB12	ENSG00000172771
1278.0	0.0023	MAPK10	ENSG00000109339
1278.0	0.0023	FBXW11	ENSG00000072803
1278.0	0.0023	CNTNAP1	ENSG00000108797
1278.0	0.0023	ADRA2B	ENSG00000222040
1278.0	0.0023	CTNND2	ENSG00000169862
1278.0	0.0023	SAMD12	ENSG00000177570
1278.0	0.0023	AKT1	ENSG00000142208
1278.0	0.0023	KLLN	ENSG00000227268
1278.0	0.0023	PIK3CA	ENSG00000121879
1278.0	0.0023	SDHC	ENSG00000143252
1278.0	0.0023	SEC23B	ENSG00000101310
1278.0	0.0023	USF3	ENSG00000176542
1310.0	0.0022	VCP	ENSG00000165280
1310.0	0.0022	CHCHD10	ENSG00000250479
1310.0	0.0022	SH3TC2	ENSG00000169247
1310.0	0.0022	NUDT2	ENSG00000164978
1310.0	0.0022	DBNL	ENSG00000136279
1310.0	0.0022	COX6A1	ENSG00000111775
1310.0	0.0022	VPS51	ENSG00000149823
1310.0	0.0022	DLAT	ENSG00000150768
1310.0	0.0022	DPYS	ENSG00000147647
1310.0	0.0022	XRCC4	ENSG00000152422
1310.0	0.0022	AP4B1	ENSG00000134262
1310.0	0.0022	PSMD12	ENSG00000197170
1310.0	0.0022	EEF2	ENSG00000167658
1310.0	0.0022	GJA1	ENSG00000152661
1310.0	0.0022	TK2	ENSG00000166548
1310.0	0.0022	AGO1	ENSG00000092847
1310.0	0.0022	WASF1	ENSG00000112290
1310.0	0.0022	RYR3	ENSG00000198838
1310.0	0.0022	SOCS1	ENSG00000185338
1310.0	0.0022	NUBPL	ENSG00000151413
1310.0	0.0022	PIK3R5	ENSG00000141506
1310.0	0.0022	ZNF292	ENSG00000188994
1310.0	0.0022	IL10	ENSG00000136634
1310.0	0.0022	TENM4	ENSG00000149256
1310.0	0.0022	CIZ1	ENSG00000148337
1310.0	0.0022	SLC19A2	ENSG00000117479
1310.0	0.0022	NDUFAF5	ENSG00000101247
1310.0	0.0022	FAS	ENSG00000026103
1310.0	0.0022	ZFYVE26	ENSG00000072121
1310.0	0.0022	BRCA1	ENSG00000012048
1310.0	0.0022	TUBB	ENSG00000196230
1310.0	0.0022	SYNE1	ENSG00000131018
1364.0	0.0021	CALB2	ENSG00000172137
1364.0	0.0021	MRAP	ENSG00000170262
1364.0	0.0021	POT1	ENSG00000128513
1364.0	0.0021	GPRC5B	ENSG00000167191
1364.0	0.0021	PLAA	ENSG00000137055
1364.0	0.0021	NMNAT1	ENSG00000173614
1364.0	0.0021	ELAVL3	ENSG00000196361
1364.0	0.0021	IMPDH2	ENSG00000178035
1364.0	0.0021	ZNF669	ENSG00000188295
1364.0	0.0021	TET3	ENSG00000187605
1364.0	0.0021	WASHC5	ENSG00000164961
1364.0	0.0021	SDHAF1	ENSG00000205138
1364.0	0.0021	ESAM	ENSG00000149564
1364.0	0.0021	LMBRD2	ENSG00000164187
1364.0	0.0021	COL5A1	ENSG00000130635
1364.0	0.0021	ALDH7A1	ENSG00000164904
1364.0	0.0021	SUMF1	ENSG00000144455
1364.0	0.0021	ALG12	ENSG00000182858
1364.0	0.0021	NFU1	ENSG00000169599
1364.0	0.0021	SLC8A3	ENSG00000100678
1364.0	0.0021	DOCK6	ENSG00000130158
1364.0	0.0021	PPP2CA	ENSG00000113575
1364.0	0.0021	ACD	ENSG00000102977
1364.0	0.0021	DKC1	ENSG00000130826
1364.0	0.0021	PARN	ENSG00000140694
1364.0	0.0021	RTEL1	ENSG00000258366
1364.0	0.0021	TERT	ENSG00000164362
1364.0	0.0021	TINF2	ENSG00000092330
1364.0	0.0021	KPTN	ENSG00000118162
1364.0	0.0021	CYP7B1	ENSG00000172817
1364.0	0.0021	MCFD2	ENSG00000180398
1364.0	0.0021	ANO3	ENSG00000134343
1364.0	0.0021	GLRB	ENSG00000109738
1364.0	0.0021	GPHN	ENSG00000171723
1364.0	0.0021	NDUFS7	ENSG00000115286
1364.0	0.0021	MADD	ENSG00000110514
1364.0	0.0021	NDUFA11	ENSG00000174886
1364.0	0.0021	NDUFA6	ENSG00000184983
1364.0	0.0021	NDUFAF1	ENSG00000137806
1364.0	0.0021	NDUFAF4	ENSG00000123545
1364.0	0.0021	NDUFAF8	ENSG00000224877
1364.0	0.0021	NDUFB10	ENSG00000140990
1364.0	0.0021	NDUFB11	ENSG00000147123
1364.0	0.0021	NDUFB3	ENSG00000119013
1364.0	0.0021	NDUFB9	ENSG00000147684
1364.0	0.0021	NDUFS2	ENSG00000158864
1364.0	0.0021	NDUFS3	ENSG00000213619
1364.0	0.0021	NDUFS6	ENSG00000145494
1364.0	0.0021	NDUFS8	ENSG00000110717
1364.0	0.0021	NDUFV2	ENSG00000178127
1364.0	0.0021	TMEM126B	ENSG00000171204
1364.0	0.0021	MED23	ENSG00000112282
1364.0	0.0021	MYL2	ENSG00000111245
1364.0	0.0021	RSRC1	ENSG00000174891
1411.0	0.002	KDM5B	ENSG00000117139
1411.0	0.002	HPRT1	ENSG00000165704
1411.0	0.002	KDM5C	ENSG00000126012
1411.0	0.002	PPP1R21	ENSG00000162869
1411.0	0.002	CDK13	ENSG00000065883
1411.0	0.002	AGO2	ENSG00000123908
1411.0	0.002	CEP126	ENSG00000110318
1411.0	0.002	EDNRB	ENSG00000136160
1411.0	0.002	TMEM94	ENSG00000177728
1411.0	0.002	P2RY8	ENSG00000182162
1411.0	0.002	CCR10	ENSG00000184451
1411.0	0.002	INPP5K	ENSG00000132376
1411.0	0.002	TRAP1	ENSG00000126602
1411.0	0.002	BAP1	ENSG00000163930
1411.0	0.002	DLG3	ENSG00000082458
1411.0	0.002	TRIP12	ENSG00000153827
1411.0	0.002	ZBTB7A	ENSG00000178951
1411.0	0.002	GNAQ	ENSG00000156052
1411.0	0.002	MTPAP	ENSG00000107951
1411.0	0.002	KCNQ2	ENSG00000075043
1411.0	0.002	DST	ENSG00000151914
1411.0	0.002	CCDC28B	ENSG00000160050
1411.0	0.002	TNRC6B	ENSG00000100354
1411.0	0.002	SNAP25	ENSG00000132639
1411.0	0.002	TRAF7	ENSG00000131653
1411.0	0.002	AQP4	ENSG00000171885
1411.0	0.002	BRPF1	ENSG00000156983
1411.0	0.002	GABBR1	ENSG00000204681
1411.0	0.002	MFN2	ENSG00000116688
1411.0	0.002	ZMIZ1	ENSG00000108175
1411.0	0.002	SYT14	ENSG00000143469
1411.0	0.002	HMGN3	ENSG00000118418
1411.0	0.002	SETD1A	ENSG00000099381
1411.0	0.002	ADGRL1	ENSG00000072071
1411.0	0.002	SMPD1	ENSG00000166311
1411.0	0.002	ABCA2	ENSG00000107331
1411.0	0.002	SCAF4	ENSG00000156304
1411.0	0.002	INTS11	ENSG00000127054
1411.0	0.002	MAPK1	ENSG00000100030
1411.0	0.002	WASHC4	ENSG00000136051
1411.0	0.002	ZMYND11	ENSG00000015171
1411.0	0.002	CNOT1	ENSG00000125107
1411.0	0.002	LONP1	ENSG00000196365
1411.0	0.002	DISC1	ENSG00000162946
1411.0	0.002	ADK	ENSG00000156110
1411.0	0.002	FOCAD	ENSG00000188352
1411.0	0.002	ASXL2	ENSG00000143970
1451.0	0.0019	FA2H	ENSG00000103089
1451.0	0.0019	NSDHL	ENSG00000147383
1451.0	0.0019	PHF21A	ENSG00000135365
1451.0	0.0019	STAG1	ENSG00000118007
1451.0	0.0019	TIAM1	ENSG00000156299
1451.0	0.0019	FBXO11	ENSG00000138081
1451.0	0.0019	KMT2E	ENSG00000005483
1451.0	0.0019	KCNK10	ENSG00000100433
1451.0	0.0019	ABCD1	ENSG00000101986
1451.0	0.0019	HSPB8	ENSG00000152137
1451.0	0.0019	PCNA	ENSG00000132646
1451.0	0.0019	RIMS2	ENSG00000176406
1451.0	0.0019	CLCN2	ENSG00000114859
1451.0	0.0019	CAMK2G	ENSG00000148660
1451.0	0.0019	SMC5	ENSG00000198887
1451.0	0.0019	MUSK	ENSG00000030304
1451.0	0.0019	BCKDHA	ENSG00000248098
1451.0	0.0019	CTH	ENSG00000116761
1451.0	0.0019	TRMT1	ENSG00000104907
1451.0	0.0019	ARHGEF2	ENSG00000116584
1451.0	0.0019	TRPV1	ENSG00000196689
1451.0	0.0019	PTPA	ENSG00000119383
1451.0	0.0019	KCNT1	ENSG00000107147
1451.0	0.0019	CCND2	ENSG00000118971
1451.0	0.0019	LYRM7	ENSG00000186687
1451.0	0.0019	BACE1	ENSG00000186318
1451.0	0.0019	XPR1	ENSG00000143324
1451.0	0.0019	BTBD9	ENSG00000183826
1451.0	0.0019	PNPLA8	ENSG00000135241
1451.0	0.0019	KCNQ3	ENSG00000184156
1451.0	0.0019	PCYT2	ENSG00000185813
1451.0	0.0019	ATG5	ENSG00000057663
1451.0	0.0019	MAPRE2	ENSG00000166974
1451.0	0.0019	COL18A1	ENSG00000182871
1451.0	0.0019	SLC9A7	ENSG00000065923
1451.0	0.0019	TFG	ENSG00000114354
1451.0	0.0019	SRRM2	ENSG00000167978
1451.0	0.0019	ASXL1	ENSG00000171456
1451.0	0.0019	ITM2B	ENSG00000136156
1451.0	0.0019	SPG21	ENSG00000090487
1508.0	0.0018	GLDC	ENSG00000178445
1508.0	0.0018	SYT2	ENSG00000143858
1508.0	0.0018	FMN2	ENSG00000155816
1508.0	0.0018	C9orf72	ENSG00000147894
1508.0	0.0018	CHMP2B	ENSG00000083937
1508.0	0.0018	PRODH2	ENSG00000250799
1508.0	0.0018	ATP8A2	ENSG00000132932
1508.0	0.0018	GNRH1	ENSG00000147437
1508.0	0.0018	CAMLG	ENSG00000164615
1508.0	0.0018	CACNA1S	ENSG00000081248
1508.0	0.0018	GABRA3	ENSG00000011677
1508.0	0.0018	CHKB	ENSG00000100288
1508.0	0.0018	NLGN3	ENSG00000196338
1508.0	0.0018	NLGN4X	ENSG00000146938
1508.0	0.0018	EIF2B5	ENSG00000145191
1508.0	0.0018	FOXP2	ENSG00000128573
1508.0	0.0018	TPRKB	ENSG00000144034
1508.0	0.0018	ELP1	ENSG00000070061
1508.0	0.0018	ETV1	ENSG00000006468
1508.0	0.0018	NF2	ENSG00000186575
1508.0	0.0018	TYROBP	ENSG00000011600
1508.0	0.0018	SETD5	ENSG00000168137
1508.0	0.0018	DNAJC9	ENSG00000213551
1508.0	0.0018	SRSF2	ENSG00000161547
1508.0	0.0018	DNAJC12	ENSG00000108176
1508.0	0.0018	DGKG	ENSG00000058866
1508.0	0.0018	ERMN	ENSG00000136541
1508.0	0.0018	YARS1	ENSG00000134684
1508.0	0.0018	NPPA	ENSG00000175206
1508.0	0.0018	SHC1	ENSG00000160691
1508.0	0.0018	PCDH7	ENSG00000169851
1508.0	0.0018	BABAM1	ENSG00000105393
1508.0	0.0018	SHMT2	ENSG00000182199
1508.0	0.0018	ERCC1	ENSG00000012061
1508.0	0.0018	TNR	ENSG00000116147
1508.0	0.0018	NFIX	ENSG00000008441
1508.0	0.0018	GPKOW	ENSG00000068394
1508.0	0.0018	DMPK	ENSG00000104936
1508.0	0.0018	AAAS	ENSG00000094914
1508.0	0.0018	PTPRF	ENSG00000142949
1508.0	0.0018	PNKD	ENSG00000127838
1508.0	0.0018	LGALS1	ENSG00000100097
1508.0	0.0018	GPR88	ENSG00000181656
1508.0	0.0018	SPART	ENSG00000133104
1508.0	0.0018	CHD5	ENSG00000116254
1508.0	0.0018	SOX5	ENSG00000134532
1508.0	0.0018	VPS37A	ENSG00000155975
1508.0	0.0018	DPP9	ENSG00000142002
1508.0	0.0018	VAC14	ENSG00000103043
1508.0	0.0018	ELFN1	ENSG00000225968
1508.0	0.0018	REEP5	ENSG00000129625
1508.0	0.0018	HLCS	ENSG00000159267
1508.0	0.0018	CHRM3	ENSG00000133019
1508.0	0.0018	CCP110	ENSG00000103540
1508.0	0.0018	KDM3B	ENSG00000120733
1508.0	0.0018	DLG4	ENSG00000132535
1508.0	0.0018	CHCHD2	ENSG00000106153
1552.0	0.0017	DYNC1H1	ENSG00000197102
1552.0	0.0017	ADD3	ENSG00000148700
1552.0	0.0017	MAP1B	ENSG00000131711
1552.0	0.0017	HTRA1	ENSG00000166033
1552.0	0.0017	MED12L	ENSG00000144893
1552.0	0.0017	SMN1	ENSG00000172062
1552.0	0.0017	SMN2	ENSG00000205571
1552.0	0.0017	TDP2	ENSG00000111802
1552.0	0.0017	MBP	ENSG00000197971
1552.0	0.0017	DDX6	ENSG00000110367
1552.0	0.0017	PTPN23	ENSG00000076201
1552.0	0.0017	NAA20	ENSG00000173418
1552.0	0.0017	SMO	ENSG00000128602
1552.0	0.0017	SLC5A7	ENSG00000115665
1552.0	0.0017	COL6A3	ENSG00000163359
1552.0	0.0017	EN1	ENSG00000163064
1552.0	0.0017	AKAP5	ENSG00000179841
1552.0	0.0017	MARS2	ENSG00000247626
1552.0	0.0017	SLC39A4	ENSG00000147804
1552.0	0.0017	TBX4	ENSG00000121075
1552.0	0.0017	TBK1	ENSG00000183735
1552.0	0.0017	TMOD2	ENSG00000128872
1552.0	0.0017	BCL11A	ENSG00000119866
1552.0	0.0017	DCAF6	ENSG00000143164
1552.0	0.0017	STXBP5L	ENSG00000145087
1552.0	0.0017	MYBPC1	ENSG00000196091
1552.0	0.0017	CLTA	ENSG00000122705
1552.0	0.0017	CYBB	ENSG00000165168
1552.0	0.0017	CHST14	ENSG00000169105
1552.0	0.0017	PPM1D	ENSG00000170836
1552.0	0.0017	EIF2AK1	ENSG00000086232
1552.0	0.0017	TBR1	ENSG00000136535
1552.0	0.0017	MED17	ENSG00000042429
1552.0	0.0017	ADAMTS4	ENSG00000158859
1552.0	0.0017	PTPN4	ENSG00000088179
1552.0	0.0017	RHBDF1	ENSG00000007384
1552.0	0.0017	SPG7	ENSG00000197912
1552.0	0.0017	STAU2	ENSG00000040341
1552.0	0.0017	JAM2	ENSG00000154721
1552.0	0.0017	XK	ENSG00000047597
1552.0	0.0017	SPAST	ENSG00000021574
1552.0	0.0017	XPNPEP3	ENSG00000196236
1552.0	0.0017	AP5Z1	ENSG00000242802
1552.0	0.0017	CLCN1	ENSG00000188037
1589.0	0.0016	SNPH	ENSG00000101298
1589.0	0.0016	HIPK2	ENSG00000064393
1589.0	0.0016	TBC1D25	ENSG00000068354
1589.0	0.0016	PAFAH1B1	ENSG00000007168
1589.0	0.0016	SIK3	ENSG00000160584
1589.0	0.0016	TAF8	ENSG00000137413
1589.0	0.0016	SLC7A8	ENSG00000092068
1589.0	0.0016	KCNA4	ENSG00000182255
1589.0	0.0016	XRCC1	ENSG00000073050
1589.0	0.0016	KIDINS220	ENSG00000134313
1589.0	0.0016	SLC17A7	ENSG00000104888
1589.0	0.0016	NIPBL	ENSG00000164190
1589.0	0.0016	VDR	ENSG00000111424
1589.0	0.0016	RNF168	ENSG00000163961
1589.0	0.0016	MEIS2	ENSG00000134138
1589.0	0.0016	DRG2	ENSG00000108591
1589.0	0.0016	SLC44A5	ENSG00000137968
1589.0	0.0016	FOXC2	ENSG00000176692
1589.0	0.0016	CCKBR	ENSG00000110148
1589.0	0.0016	GBX1	ENSG00000164900
1589.0	0.0016	CFAP276	ENSG00000179902
1589.0	0.0016	GLRX5	ENSG00000182512
1589.0	0.0016	CAPN1	ENSG00000014216
1589.0	0.0016	GRM2	ENSG00000164082
1589.0	0.0016	RNASEH1	ENSG00000171865
1589.0	0.0016	AGRN	ENSG00000188157
1589.0	0.0016	COL13A1	ENSG00000197467
1589.0	0.0016	MYO9A	ENSG00000066933
1589.0	0.0016	SLC25A1	ENSG00000100075
1589.0	0.0016	REEP1	ENSG00000068615
1589.0	0.0016	SLC35C1	ENSG00000181830
1589.0	0.0016	UQCRC1	ENSG00000010256
1589.0	0.0016	SCN4A	ENSG00000007314
1589.0	0.0016	TDP1	ENSG00000042088
1589.0	0.0016	PMP2	ENSG00000147588
1589.0	0.0016	JAKMIP1	ENSG00000152969
1589.0	0.0016	L2HGDH	ENSG00000087299
1647.0	0.0015	ARHGAP32	ENSG00000134909
1647.0	0.0015	CXCR4	ENSG00000121966
1647.0	0.0015	ELMOD1	ENSG00000110675
1647.0	0.0015	GRPEL1	ENSG00000109519
1647.0	0.0015	PPP1CB	ENSG00000213639
1647.0	0.0015	CLDN11	ENSG00000013297
1647.0	0.0015	SHANK2	ENSG00000162105
1647.0	0.0015	PYCR1	ENSG00000183010
1647.0	0.0015	GCLC	ENSG00000001084
1647.0	0.0015	QKI	ENSG00000112531
1647.0	0.0015	PNPLA2	ENSG00000177666
1647.0	0.0015	LRRK1	ENSG00000154237
1647.0	0.0015	DMRT3	ENSG00000064218
1647.0	0.0015	TARDBP	ENSG00000120948
1647.0	0.0015	AMER1	ENSG00000184675
1647.0	0.0015	MYORG	ENSG00000164976
1647.0	0.0015	ABHD5	ENSG00000011198
1647.0	0.0015	SELENOI	ENSG00000138018
1647.0	0.0015	KPNA3	ENSG00000102753
1647.0	0.0015	CLN3	ENSG00000188603
1647.0	0.0015	PRR12	ENSG00000126464
1647.0	0.0015	TRPC3	ENSG00000138741
1647.0	0.0015	LRRC4B	ENSG00000131409
1647.0	0.0015	GNPTAB	ENSG00000111670
1647.0	0.0015	POMK	ENSG00000185900
1647.0	0.0015	CA9	ENSG00000107159
1647.0	0.0015	SEZ6	ENSG00000063015
1647.0	0.0015	IL16	ENSG00000172349
1647.0	0.0015	DMD	ENSG00000198947
1647.0	0.0015	MTTP	ENSG00000138823
1647.0	0.0015	HLA-DQB1	ENSG00000179344
1647.0	0.0015	ARFGEF2	ENSG00000124198
1647.0	0.0015	PLEKHG4	ENSG00000196155
1647.0	0.0015	COG7	ENSG00000168434
1647.0	0.0015	MICOS13	ENSG00000174917
1647.0	0.0015	RAP1B	ENSG00000127314
1647.0	0.0015	APOE	ENSG00000130203
1647.0	0.0015	MT-CYB	ENSG00000198727
1647.0	0.0015	MT-ND4L	ENSG00000212907
1647.0	0.0015	SLCO1C1	ENSG00000139155
1647.0	0.0015	RTN4R	ENSG00000040608
1647.0	0.0015	SSTR2	ENSG00000180616
1647.0	0.0015	ST3GAL3	ENSG00000126091
1647.0	0.0015	DTNA	ENSG00000134769
1647.0	0.0015	USP19	ENSG00000172046
1647.0	0.0015	CBLN1	ENSG00000102924
1647.0	0.0015	MARK2	ENSG00000072518
1647.0	0.0015	COX18	ENSG00000163626
1647.0	0.0015	ATP7A	ENSG00000165240
1647.0	0.0015	ATP2B1	ENSG00000070961
1647.0	0.0015	FXR2	ENSG00000129245
1647.0	0.0015	MTMR14	ENSG00000163719
1647.0	0.0015	DRD2	ENSG00000149295
1647.0	0.0015	EBF2	ENSG00000221818
1647.0	0.0015	PIGB	ENSG00000069943
1647.0	0.0015	CMAHP	ENSG00000168405
1647.0	0.0015	SETD4	ENSG00000185917
1647.0	0.0015	SLC8B1	ENSG00000089060
1719.0	0.0014	REEP2	ENSG00000132563
1719.0	0.0014	OTUD7A	ENSG00000169918
1719.0	0.0014	RNF103	ENSG00000239305
1719.0	0.0014	NDN	ENSG00000182636
1719.0	0.0014	OCA2	ENSG00000104044
1719.0	0.0014	PET100	ENSG00000229833
1719.0	0.0014	GNAS	ENSG00000087460
1719.0	0.0014	PRX	ENSG00000105227
1719.0	0.0014	PRR21	ENSG00000221961
1719.0	0.0014	KALRN	ENSG00000160145
1719.0	0.0014	DYM	ENSG00000141627
1719.0	0.0014	CDH23	ENSG00000107736
1719.0	0.0014	CEP164	ENSG00000110274
1719.0	0.0014	CIB2	ENSG00000136425
1719.0	0.0014	ESPN	ENSG00000187017
1719.0	0.0014	INVS	ENSG00000119509
1719.0	0.0014	IQCB1	ENSG00000173226
1719.0	0.0014	MYO7A	ENSG00000137474
1719.0	0.0014	NPHP3	ENSG00000113971
1719.0	0.0014	NPHP4	ENSG00000131697
1719.0	0.0014	PCDH15	ENSG00000150275
1719.0	0.0014	TRAF3IP1	ENSG00000204104
1719.0	0.0014	USH1C	ENSG00000006611
1719.0	0.0014	USH1G	ENSG00000182040
1719.0	0.0014	WDR19	ENSG00000157796
1719.0	0.0014	SLC52A3	ENSG00000101276
1719.0	0.0014	SLC25A10	ENSG00000183048
1719.0	0.0014	AMN	ENSG00000166126
1719.0	0.0014	CUBN	ENSG00000107611
1719.0	0.0014	BORCS7	ENSG00000166275
1719.0	0.0014	SCTR	ENSG00000080293
1719.0	0.0014	FAF1	ENSG00000185104
1719.0	0.0014	CDH2	ENSG00000170558
1719.0	0.0014	TOP3A	ENSG00000177302
1719.0	0.0014	CISD2	ENSG00000145354
1719.0	0.0014	PSME3IP1	ENSG00000172775
1719.0	0.0014	PRKD1	ENSG00000184304
1719.0	0.0014	ATP2A1	ENSG00000196296
1719.0	0.0014	ZC3H6	ENSG00000188177
1719.0	0.0014	GALE	ENSG00000117308
1719.0	0.0014	BCR	ENSG00000186716
1719.0	0.0014	CRKL	ENSG00000099942
1719.0	0.0014	TTBK2	ENSG00000128881
1719.0	0.0014	MAPK8IP2	ENSG00000008735
1719.0	0.0014	COG1	ENSG00000166685
1719.0	0.0014	MRPS22	ENSG00000175110
1719.0	0.0014	RTN2	ENSG00000125744
1719.0	0.0014	UBAP1	ENSG00000165006
1719.0	0.0014	PRMT5	ENSG00000100462
1719.0	0.0014	B3GALNT2	ENSG00000162885
1719.0	0.0014	B4GAT1	ENSG00000174684
1719.0	0.0014	COL4A1	ENSG00000187498
1719.0	0.0014	CRPPA	ENSG00000214960
1719.0	0.0014	POMGNT2	ENSG00000144647
1719.0	0.0014	RXYLT1	ENSG00000118600
1719.0	0.0014	ABCB6	ENSG00000115657
1719.0	0.0014	RNF216	ENSG00000011275
1719.0	0.0014	SCP2	ENSG00000116171
1719.0	0.0014	ELAVL4	ENSG00000162374
1719.0	0.0014	EGR2	ENSG00000122877
1719.0	0.0014	HAX1	ENSG00000143575
1719.0	0.0014	EMC10	ENSG00000161671
1719.0	0.0014	COX4I1	ENSG00000131143
1719.0	0.0014	LRRC32	ENSG00000137507
1719.0	0.0014	MCCC2	ENSG00000131844
1719.0	0.0014	SHANK1	ENSG00000161681
1719.0	0.0014	GAS7	ENSG00000007237
1719.0	0.0014	NDUFC2	ENSG00000151366
1719.0	0.0014	ZSCAN10	ENSG00000130182
1719.0	0.0014	WNK1	ENSG00000060237
1719.0	0.0014	AL359736.1	ENSG00000205850
1719.0	0.0014	GDAP2	ENSG00000196505
1784.0	0.0013	SP4	ENSG00000105866
1784.0	0.0013	LTBP4	ENSG00000090006
1784.0	0.0013	SLC12A3	ENSG00000070915
1784.0	0.0013	UQCRFS1	ENSG00000169021
1784.0	0.0013	ERMARD	ENSG00000130023
1784.0	0.0013	DDB2	ENSG00000134574
1784.0	0.0013	XPA	ENSG00000136936
1784.0	0.0013	XPC	ENSG00000154767
1784.0	0.0013	DHTKD1	ENSG00000181192
1784.0	0.0013	SETD1B	ENSG00000139718
1784.0	0.0013	SAMD9L	ENSG00000177409
1784.0	0.0013	CUL3	ENSG00000036257
1784.0	0.0013	CKAP2L	ENSG00000169607
1784.0	0.0013	USP18	ENSG00000184979
1784.0	0.0013	HS2ST1	ENSG00000153936
1784.0	0.0013	ANKFY1	ENSG00000185722
1784.0	0.0013	POLA1	ENSG00000101868
1784.0	0.0013	ARPC4	ENSG00000241553
1784.0	0.0013	B4GALNT1	ENSG00000135454
1784.0	0.0013	ZNF407	ENSG00000215421
1784.0	0.0013	CHP1	ENSG00000187446
1784.0	0.0013	KAT8	ENSG00000103510
1784.0	0.0013	NAA10	ENSG00000102030
1784.0	0.0013	HNRNPA1	ENSG00000135486
1784.0	0.0013	HNRNPA2B1	ENSG00000122566
1784.0	0.0013	CAMK4	ENSG00000152495
1784.0	0.0013	TBC1D2B	ENSG00000167202
1784.0	0.0013	PLOD1	ENSG00000083444
1784.0	0.0013	COLGALT1	ENSG00000130309
1784.0	0.0013	CPT1A	ENSG00000110090
1784.0	0.0013	PASK	ENSG00000115687
1784.0	0.0013	TMEM63C	ENSG00000165548
1784.0	0.0013	SIGLEC14	ENSG00000254415
1784.0	0.0013	ACSL4	ENSG00000068366
1784.0	0.0013	NCAPD2	ENSG00000010292
1784.0	0.0013	RAB5IF	ENSG00000101084
1784.0	0.0013	USP27X	ENSG00000242013
1784.0	0.0013	SNIP1	ENSG00000163877
1784.0	0.0013	MTO1	ENSG00000135297
1784.0	0.0013	CAV1	ENSG00000105974
1784.0	0.0013	OCRL	ENSG00000122126
1784.0	0.0013	CHD1	ENSG00000153922
1784.0	0.0013	PIGH	ENSG00000100564
1784.0	0.0013	GDAP1	ENSG00000104381
1784.0	0.0013	FASTKD2	ENSG00000118246
1784.0	0.0013	BICD2	ENSG00000185963
1784.0	0.0013	NOTCH3	ENSG00000074181
1784.0	0.0013	LIG3	ENSG00000005156
1784.0	0.0013	PCDH12	ENSG00000113555
1784.0	0.0013	MDGA2	ENSG00000139915
1784.0	0.0013	MRAS	ENSG00000158186
1784.0	0.0013	XYLT1	ENSG00000103489
1784.0	0.0013	IER3IP1	ENSG00000134049
1784.0	0.0013	BPTF	ENSG00000171634
1784.0	0.0013	PBX1	ENSG00000185630
1784.0	0.0013	ANKRD17	ENSG00000132466
1784.0	0.0013	NAA15	ENSG00000164134
1784.0	0.0013	CPSF3	ENSG00000119203
1784.0	0.0013	PHF10	ENSG00000130024
1784.0	0.0013	ALG9	ENSG00000086848
1784.0	0.0013	PHKA2	ENSG00000044446
1784.0	0.0013	PHKG2	ENSG00000156873
1784.0	0.0013	MACROH2A2	ENSG00000099284
1784.0	0.0013	CCDC174	ENSG00000154781
1784.0	0.0013	AFG2B	ENSG00000171763
1868.0	0.0012	CWC27	ENSG00000153015
1868.0	0.0012	FTSJ1	ENSG00000068438
1868.0	0.0012	L1CAM	ENSG00000198910
1868.0	0.0012	CASR	ENSG00000036828
1868.0	0.0012	CDK5R1	ENSG00000176749
1868.0	0.0012	MRPS14	ENSG00000120333
1868.0	0.0012	TRAPPC9	ENSG00000167632
1868.0	0.0012	FBXO41	ENSG00000163013
1868.0	0.0012	MCCC1	ENSG00000078070
1868.0	0.0012	ARVCF	ENSG00000099889
1868.0	0.0012	COMT	ENSG00000093010
1868.0	0.0012	GP1BB	ENSG00000203618
1868.0	0.0012	HIRA	ENSG00000100084
1868.0	0.0012	JMJD1C	ENSG00000171988
1868.0	0.0012	RREB1	ENSG00000124782
1868.0	0.0012	SEC24C	ENSG00000176986
1868.0	0.0012	UFD1	ENSG00000070010
1868.0	0.0012	IFT56	ENSG00000105948
1868.0	0.0012	SERPINI1	ENSG00000163536
1868.0	0.0012	RSPRY1	ENSG00000159579
1868.0	0.0012	COL3A1	ENSG00000168542
1868.0	0.0012	EPG5	ENSG00000152223
1868.0	0.0012	EIF4A3	ENSG00000141543
1868.0	0.0012	UPB1	ENSG00000100024
1868.0	0.0012	RIPK4	ENSG00000183421
1868.0	0.0012	BIN1	ENSG00000136717
1868.0	0.0012	RYR1	ENSG00000196218
1868.0	0.0012	SPEG	ENSG00000072195
1868.0	0.0012	TTN	ENSG00000155657
1868.0	0.0012	TMEM30A	ENSG00000112697
1868.0	0.0012	GLA	ENSG00000102393
1868.0	0.0012	HS6ST2	ENSG00000171004
1868.0	0.0012	ALG1	ENSG00000033011
1868.0	0.0012	AFF2	ENSG00000155966
1868.0	0.0012	DHX40	ENSG00000108406
1868.0	0.0012	MTR	ENSG00000116984
1868.0	0.0012	LDB3	ENSG00000122367
1868.0	0.0012	TCAP	ENSG00000173991
1868.0	0.0012	MTOR	ENSG00000198793
1868.0	0.0012	MET	ENSG00000105976
1868.0	0.0012	LOX	ENSG00000113083
1868.0	0.0012	CAMSAP1	ENSG00000130559
1868.0	0.0012	FJX1	ENSG00000179431
1868.0	0.0012	TARS2	ENSG00000143374
1868.0	0.0012	SLC52A2	ENSG00000185803
1868.0	0.0012	CBL	ENSG00000110395
1868.0	0.0012	NCDN	ENSG00000020129
1868.0	0.0012	COQ6	ENSG00000119723
1868.0	0.0012	LZTR1	ENSG00000099949
1868.0	0.0012	DDX3X	ENSG00000215301
1868.0	0.0012	ELP6	ENSG00000163832
1868.0	0.0012	CEND1	ENSG00000184524
1868.0	0.0012	COG2	ENSG00000135775
1868.0	0.0012	EFTUD2	ENSG00000108883
1868.0	0.0012	GLI3	ENSG00000106571
1868.0	0.0012	KAT6B	ENSG00000156650
1868.0	0.0012	MCTP2	ENSG00000140563
1868.0	0.0012	ISG20L2	ENSG00000143319
1868.0	0.0012	GON7	ENSG00000170270
1868.0	0.0012	NUP107	ENSG00000111581
1868.0	0.0012	NUP133	ENSG00000069248
1868.0	0.0012	YRDC	ENSG00000196449
1868.0	0.0012	ARHGEF9	ENSG00000131089
1868.0	0.0012	CBFB	ENSG00000067955
1868.0	0.0012	ACAD8	ENSG00000151498
1868.0	0.0012	C2orf69	ENSG00000178074
1868.0	0.0012	RAB3GAP1	ENSG00000115839
1868.0	0.0012	OPTN	ENSG00000123240
1868.0	0.0012	AP4S1	ENSG00000100478
1868.0	0.0012	LEMD2	ENSG00000161904
1868.0	0.0012	IP6K3	ENSG00000161896
1868.0	0.0012	PLD3	ENSG00000105223
1868.0	0.0012	COL1A1	ENSG00000108821
1868.0	0.0012	COX8A	ENSG00000176340
1868.0	0.0012	ATP5PO	ENSG00000241837
1868.0	0.0012	PCLO	ENSG00000186472
1868.0	0.0012	COX6B1	ENSG00000126267
1868.0	0.0012	ZNF462	ENSG00000148143
1868.0	0.0012	CAD	ENSG00000084774
1868.0	0.0012	CNPY3	ENSG00000137161
1868.0	0.0012	NOS1	ENSG00000089250
1868.0	0.0012	IKBKG	ENSG00000073009
1868.0	0.0012	ZNF668	ENSG00000167394
1868.0	0.0012	TGFB1	ENSG00000105329
1989.0	0.0011	CABP4	ENSG00000175544
1989.0	0.0011	CHRNA2	ENSG00000120903
1989.0	0.0011	CHRNA4	ENSG00000101204
1989.0	0.0011	CHRNB2	ENSG00000160716
1989.0	0.0011	CRH	ENSG00000147571
1989.0	0.0011	DEPDC5	ENSG00000100150
1989.0	0.0011	RPS6KA3	ENSG00000177189
1989.0	0.0011	KIF11	ENSG00000138160
1989.0	0.0011	ZFHX3	ENSG00000140836
1989.0	0.0011	CDC40	ENSG00000168438
1989.0	0.0011	PHKB	ENSG00000102893
1989.0	0.0011	NARS2	ENSG00000137513
1989.0	0.0011	LMOD3	ENSG00000163380
1989.0	0.0011	ALG3	ENSG00000214160
1989.0	0.0011	DNER	ENSG00000187957
1989.0	0.0011	HECTD4	ENSG00000173064
1989.0	0.0011	EFHC1	ENSG00000096093
1989.0	0.0011	IGHMBP2	ENSG00000132740
1989.0	0.0011	OCLN	ENSG00000197822
1989.0	0.0011	CCDC78	ENSG00000162004
1989.0	0.0011	ACSL6	ENSG00000164398
1989.0	0.0011	ZBTB42	ENSG00000179627
1989.0	0.0011	ADCK2	ENSG00000133597
1989.0	0.0011	DDHD2	ENSG00000085788
1989.0	0.0011	PCDH9	ENSG00000184226
1989.0	0.0011	CILK1	ENSG00000112144
1989.0	0.0011	DRD1	ENSG00000184845
1989.0	0.0011	PPM1L	ENSG00000163590
1989.0	0.0011	FCSK	ENSG00000157353
1989.0	0.0011	NDUFA9	ENSG00000139180
1989.0	0.0011	WIPI2	ENSG00000157954
1989.0	0.0011	GPC3	ENSG00000147257
1989.0	0.0011	EXOC8	ENSG00000116903
1989.0	0.0011	THUMPD1	ENSG00000066654
1989.0	0.0011	MOCS1	ENSG00000124615
1989.0	0.0011	BDNF	ENSG00000176697
1989.0	0.0011	PLCB4	ENSG00000101333
1989.0	0.0011	TRMT10A	ENSG00000145331
1989.0	0.0011	TMX2	ENSG00000213593
1989.0	0.0011	BMPR1B	ENSG00000138696
1989.0	0.0011	SS18L1	ENSG00000184402
1989.0	0.0011	FUCA1	ENSG00000179163
1989.0	0.0011	NTSR1	ENSG00000101188
1989.0	0.0011	ERLIN1	ENSG00000107566
1989.0	0.0011	HOXC10	ENSG00000180818
1989.0	0.0011	COQ9	ENSG00000088682
1989.0	0.0011	NID1	ENSG00000116962
1989.0	0.0011	VEGFA	ENSG00000112715
1989.0	0.0011	PHACTR1	ENSG00000112137
1989.0	0.0011	AP3D1	ENSG00000065000
1989.0	0.0011	ZNF106	ENSG00000103994
1989.0	0.0011	CLCN7	ENSG00000103249
1989.0	0.0011	SNX10	ENSG00000086300
1989.0	0.0011	TCIRG1	ENSG00000110719
1989.0	0.0011	TNFSF11	ENSG00000120659
1989.0	0.0011	PPARGC1A	ENSG00000109819
1989.0	0.0011	GAD1	ENSG00000128683
1989.0	0.0011	STMN2	ENSG00000104435
1989.0	0.0011	ANXA11	ENSG00000122359
1989.0	0.0011	STIM1	ENSG00000167323
1989.0	0.0011	CTCF	ENSG00000102974
1989.0	0.0011	SCAMP5	ENSG00000198794
1989.0	0.0011	LMNA	ENSG00000160789
1989.0	0.0011	JARID2	ENSG00000008083
1989.0	0.0011	EFNB3	ENSG00000108947
1989.0	0.0011	NRDC	ENSG00000078618
1989.0	0.0011	AIPL1	ENSG00000129221
1989.0	0.0011	CRB1	ENSG00000134376
1989.0	0.0011	CRX	ENSG00000105392
1989.0	0.0011	GDF6	ENSG00000156466
1989.0	0.0011	GUCY2D	ENSG00000132518
1989.0	0.0011	IMPDH1	ENSG00000106348
1989.0	0.0011	KCNJ13	ENSG00000115474
1989.0	0.0011	LCA5	ENSG00000135338
1989.0	0.0011	LRAT	ENSG00000121207
1989.0	0.0011	PCYT1A	ENSG00000161217
1989.0	0.0011	RD3	ENSG00000198570
1989.0	0.0011	RDH12	ENSG00000139988
1989.0	0.0011	RPE65	ENSG00000116745
1989.0	0.0011	RPGRIP1	ENSG00000092200
1989.0	0.0011	SPATA7	ENSG00000042317
1989.0	0.0011	TUBB4B	ENSG00000188229
1989.0	0.0011	TULP1	ENSG00000112041
1989.0	0.0011	USP45	ENSG00000123552
1989.0	0.0011	RNF170	ENSG00000120925
1989.0	0.0011	MIA3	ENSG00000154305
1989.0	0.0011	ANG	ENSG00000214274
1989.0	0.0011	CCNF	ENSG00000162063
1989.0	0.0011	CFAP410	ENSG00000160226
1989.0	0.0011	DAO	ENSG00000110887
1989.0	0.0011	EPHA4	ENSG00000116106
1989.0	0.0011	ERBB4	ENSG00000178568
1989.0	0.0011	GLE1	ENSG00000119392
1989.0	0.0011	GLT8D1	ENSG00000016864
1989.0	0.0011	MATR3	ENSG00000015479
1989.0	0.0011	NEFH	ENSG00000100285
1989.0	0.0011	PFN1	ENSG00000108518
1989.0	0.0011	PON1	ENSG00000005421
1989.0	0.0011	PON2	ENSG00000105854
1989.0	0.0011	PON3	ENSG00000105852
1989.0	0.0011	PRPH	ENSG00000135406
1989.0	0.0011	TAF15	ENSG00000172660
1989.0	0.0011	UBQLN2	ENSG00000188021
1989.0	0.0011	UNC13A	ENSG00000130477
1989.0	0.0011	POLE4	ENSG00000115350
1989.0	0.0011	TKFC	ENSG00000149476
1989.0	0.0011	PIGU	ENSG00000101464
1989.0	0.0011	CACNA1H	ENSG00000196557
1989.0	0.0011	C1QTNF9	ENSG00000240654
1989.0	0.0011	C1QTNF9B	ENSG00000205863
1989.0	0.0011	CACNG2	ENSG00000166862
1989.0	0.0011	ABCB11	ENSG00000073734
1989.0	0.0011	ABCB4	ENSG00000005471
1989.0	0.0011	ATP8B1	ENSG00000081923
1989.0	0.0011	NR1H4	ENSG00000012504
1989.0	0.0011	C1QL3	ENSG00000165985
1989.0	0.0011	MAN2C1	ENSG00000140400
1989.0	0.0011	LRP2	ENSG00000081479
1989.0	0.0011	PLCB1	ENSG00000182621
1989.0	0.0011	SLC12A5	ENSG00000124140
1989.0	0.0011	TRIB2	ENSG00000071575
2107.0	0.001	ABCD2	ENSG00000173208
2107.0	0.001	GAL3ST1	ENSG00000128242
2107.0	0.001	SPARC	ENSG00000113140
2107.0	0.001	GARS1	ENSG00000106105
2107.0	0.001	MGAT2	ENSG00000168282
2107.0	0.001	VIM	ENSG00000026025
2107.0	0.001	CLCN6	ENSG00000011021
2107.0	0.001	MTRR	ENSG00000124275
2107.0	0.001	CCT5	ENSG00000150753
2107.0	0.001	NEUROG1	ENSG00000181965
2107.0	0.001	HARS1	ENSG00000170445
2107.0	0.001	C4A	ENSG00000244731
2107.0	0.001	CCR1	ENSG00000163823
2107.0	0.001	ERAP1	ENSG00000164307
2107.0	0.001	HLA-B	ENSG00000234745
2107.0	0.001	IFNGR1	ENSG00000027697
2107.0	0.001	IL12A	ENSG00000168811
2107.0	0.001	IL23R	ENSG00000162594
2107.0	0.001	KLRC4	ENSG00000183542
2107.0	0.001	MEFV	ENSG00000103313
2107.0	0.001	STAT4	ENSG00000138378
2107.0	0.001	TLR4	ENSG00000136869
2107.0	0.001	CNOT2	ENSG00000111596
2107.0	0.001	ERI1	ENSG00000104626
2107.0	0.001	NRAS	ENSG00000213281
2107.0	0.001	ASPM	ENSG00000066279
2107.0	0.001	CD36	ENSG00000135218
2107.0	0.001	OXCT1	ENSG00000083720
2107.0	0.001	KRAS	ENSG00000133703
2107.0	0.001	AP4E1	ENSG00000081014
2107.0	0.001	GSN	ENSG00000148180
2107.0	0.001	GFM1	ENSG00000168827
2107.0	0.001	NDUFA2	ENSG00000131495
2107.0	0.001	LITAF	ENSG00000189067
2107.0	0.001	MINAR2	ENSG00000186367
2107.0	0.001	CERT1	ENSG00000113163
2107.0	0.001	PLEKHG2	ENSG00000090924
2107.0	0.001	PIDD1	ENSG00000177595
2107.0	0.001	ABAT	ENSG00000183044
2107.0	0.001	SGCB	ENSG00000163069
2107.0	0.001	BUB1B	ENSG00000156970
2107.0	0.001	CHCHD2P9	ENSG00000186940
2107.0	0.001	LMBRD1	ENSG00000168216
2107.0	0.001	SLC5A6	ENSG00000138074
2107.0	0.001	PCCA	ENSG00000175198
2107.0	0.001	PCCB	ENSG00000114054
2107.0	0.001	CTNNB1	ENSG00000168036
2107.0	0.001	ARHGAP10	ENSG00000071205
2107.0	0.001	EML1	ENSG00000066629
2107.0	0.001	TMEM175	ENSG00000127419
2107.0	0.001	CRADD	ENSG00000169372
2107.0	0.001	CADPS2	ENSG00000081803
2107.0	0.001	LAMB2	ENSG00000172037
2107.0	0.001	ENTPD1	ENSG00000138185
2107.0	0.001	TCN2	ENSG00000185339
2107.0	0.001	SCYL2	ENSG00000136021
2107.0	0.001	LSS	ENSG00000160285
2107.0	0.001	NAPB	ENSG00000125814
2107.0	0.001	GLUL	ENSG00000135821
2107.0	0.001	SUSD4	ENSG00000143502
2107.0	0.001	CLDN19	ENSG00000164007
2107.0	0.001	FEV	ENSG00000163497
2107.0	0.001	COPB2	ENSG00000184432
2107.0	0.001	CYCS	ENSG00000172115
2107.0	0.001	ATG4B	ENSG00000168397
2107.0	0.001	TNF	ENSG00000232810
2107.0	0.001	KCNT2	ENSG00000162687
2107.0	0.001	AGL	ENSG00000162688
2107.0	0.001	KATNB1	ENSG00000140854
2107.0	0.001	ZDHHC17	ENSG00000186908
2107.0	0.001	GPR37	ENSG00000170775
2107.0	0.001	ADGRG6	ENSG00000112414
2107.0	0.001	THAP1	ENSG00000131931
2107.0	0.001	KIT	ENSG00000157404
2107.0	0.001	SNAI2	ENSG00000019549
2107.0	0.001	MEGF10	ENSG00000145794
2107.0	0.001	TRIP4	ENSG00000103671
2107.0	0.001	ZNF526	ENSG00000167625
2107.0	0.001	ISCA1	ENSG00000135070
2107.0	0.001	JAM3	ENSG00000166086
2107.0	0.001	PQBP1	ENSG00000102103
2107.0	0.001	KDM6A	ENSG00000147050
2107.0	0.001	LAMA2	ENSG00000196569
2107.0	0.001	STX16	ENSG00000124222
2107.0	0.001	OTOG	ENSG00000188162
2107.0	0.001	ANKLE2	ENSG00000176915
2107.0	0.001	MPC1	ENSG00000060762
2107.0	0.001	VPS13B	ENSG00000132549
2107.0	0.001	RNF2	ENSG00000121481
2107.0	0.001	OSTM1	ENSG00000081087
2107.0	0.001	SMARCAL1	ENSG00000138375
2107.0	0.001	DHX16	ENSG00000204560
2107.0	0.001	CNTNAP4	ENSG00000152910
2107.0	0.001	EXOSC1	ENSG00000171311
2107.0	0.001	UBR7	ENSG00000012963
2107.0	0.001	ABCA5	ENSG00000154265
2107.0	0.001	HIC1	ENSG00000177374
2107.0	0.001	HLA-DQA1	ENSG00000196735
2107.0	0.001	KCNJ16	ENSG00000153822
2107.0	0.001	SMAD4	ENSG00000141646
2107.0	0.001	YWHAE	ENSG00000108953
2107.0	0.001	KIF4A	ENSG00000090889
2107.0	0.001	ARG1	ENSG00000118520
2107.0	0.001	P4HTM	ENSG00000178467
2107.0	0.001	COL4A2	ENSG00000134871
2107.0	0.001	UQCC2	ENSG00000137288
2107.0	0.001	DHCR7	ENSG00000172893
2107.0	0.001	NDP	ENSG00000124479
2107.0	0.001	DLST	ENSG00000119689
2107.0	0.001	FH	ENSG00000091483
2107.0	0.001	MAX	ENSG00000125952
2107.0	0.001	RET	ENSG00000165731
2107.0	0.001	RP11-286N22.8	ENSG00000256591
2107.0	0.001	SDHAF2	ENSG00000167985
2107.0	0.001	SLC25A11	ENSG00000108528
2107.0	0.001	TMEM127	ENSG00000135956
2107.0	0.001	VHL	ENSG00000134086
2107.0	0.001	IMMT	ENSG00000132305
2199.0	0.0009	ENHO	ENSG00000168913
2199.0	0.0009	PROC	ENSG00000115718
2199.0	0.0009	FAT2	ENSG00000086570
2199.0	0.0009	D2HGDH	ENSG00000180902
2199.0	0.0009	INPP5A	ENSG00000068383
2199.0	0.0009	QARS1	ENSG00000172053
2199.0	0.0009	ASTN1	ENSG00000152092
2199.0	0.0009	NTF4	ENSG00000225950
2199.0	0.0009	HCRTR2	ENSG00000137252
2199.0	0.0009	TTI2	ENSG00000129696
2199.0	0.0009	PIGM	ENSG00000143315
2199.0	0.0009	STT3A	ENSG00000134910
2199.0	0.0009	ADAM22	ENSG00000008277
2199.0	0.0009	FARSB	ENSG00000116120
2199.0	0.0009	NOX3	ENSG00000074771
2199.0	0.0009	NES	ENSG00000132688
2199.0	0.0009	CWH43	ENSG00000109182
2199.0	0.0009	PEX7	ENSG00000112357
2199.0	0.0009	PHYH	ENSG00000107537
2199.0	0.0009	OLFM2	ENSG00000105088
2199.0	0.0009	SLC39A8	ENSG00000138821
2199.0	0.0009	PIEZO2	ENSG00000154864
2199.0	0.0009	SOX9	ENSG00000125398
2199.0	0.0009	KMT2D	ENSG00000167548
2199.0	0.0009	ATP11A	ENSG00000068650
2199.0	0.0009	ADAMTS13	ENSG00000160323
2199.0	0.0009	HADHA	ENSG00000084754
2199.0	0.0009	HADHB	ENSG00000138029
2199.0	0.0009	OTOP1	ENSG00000163982
2199.0	0.0009	KLHL1	ENSG00000150361
2199.0	0.0009	COG6	ENSG00000133103
2199.0	0.0009	UBR1	ENSG00000159459
2199.0	0.0009	TNIK	ENSG00000154310
2199.0	0.0009	KIF26A	ENSG00000066735
2199.0	0.0009	GBE1	ENSG00000114480
2199.0	0.0009	COX7B	ENSG00000131174
2199.0	0.0009	HCCS	ENSG00000004961
2199.0	0.0009	KIF2A	ENSG00000068796
2199.0	0.0009	LRSAM1	ENSG00000148356
2199.0	0.0009	MAP2K1	ENSG00000169032
2199.0	0.0009	OTUD5	ENSG00000068308
2199.0	0.0009	EXOSC2	ENSG00000130713
2199.0	0.0009	EXOC2	ENSG00000112685
2199.0	0.0009	SLC7A10	ENSG00000130876
2199.0	0.0009	ACER3	ENSG00000078124
2199.0	0.0009	NCOA1	ENSG00000084676
2199.0	0.0009	ALK	ENSG00000171094
2199.0	0.0009	LIN28B	ENSG00000187772
2199.0	0.0009	LMO1	ENSG00000166407
2199.0	0.0009	MYCN	ENSG00000134323
2199.0	0.0009	PHOX2B	ENSG00000109132
2199.0	0.0009	TOP2A	ENSG00000131747
2199.0	0.0009	PREX2	ENSG00000046889
2199.0	0.0009	SMYD1	ENSG00000115593
2199.0	0.0009	BRWD3	ENSG00000165288
2199.0	0.0009	BSND	ENSG00000162399
2199.0	0.0009	CLCNKA	ENSG00000186510
2199.0	0.0009	CLCNKB	ENSG00000184908
2199.0	0.0009	RTN4IP1	ENSG00000130347
2199.0	0.0009	JAG2	ENSG00000184916
2199.0	0.0009	TRAPPC4	ENSG00000196655
2199.0	0.0009	ACY1	ENSG00000243989
2199.0	0.0009	KCTD17	ENSG00000100379
2199.0	0.0009	SLC25A19	ENSG00000125454
2199.0	0.0009	HSD17B2	ENSG00000086696
2199.0	0.0009	DKK1	ENSG00000107984
2199.0	0.0009	NSUN3	ENSG00000178694
2199.0	0.0009	LARS1	ENSG00000133706
2199.0	0.0009	AMMECR1	ENSG00000101935
2199.0	0.0009	ERF	ENSG00000105722
2199.0	0.0009	FLNA	ENSG00000196924
2199.0	0.0009	TMLHE	ENSG00000185973
2199.0	0.0009	LIPT1	ENSG00000144182
2199.0	0.0009	NTRK3	ENSG00000140538
2199.0	0.0009	TSHB	ENSG00000134200
2199.0	0.0009	TLR3	ENSG00000164342
2199.0	0.0009	BRINP1	ENSG00000078725
2199.0	0.0009	CPEB4	ENSG00000113742
2199.0	0.0009	EIF2B1	ENSG00000111361
2199.0	0.0009	PITX3	ENSG00000107859
2199.0	0.0009	EMD	ENSG00000102119
2199.0	0.0009	LRRC7	ENSG00000033122
2199.0	0.0009	ZIC3	ENSG00000156925
2199.0	0.0009	CCNK	ENSG00000090061
2199.0	0.0009	DHCR24	ENSG00000116133
2199.0	0.0009	RAB7A	ENSG00000075785
2199.0	0.0009	GRIN2C	ENSG00000161509
2199.0	0.0009	KEL	ENSG00000197993
2199.0	0.0009	RYR2	ENSG00000198626
2199.0	0.0009	CPLX2	ENSG00000145920
2199.0	0.0009	PTH	ENSG00000152266
2199.0	0.0009	GLRA2	ENSG00000101958
2394.0	0.0008	FBXL3	ENSG00000005812
2394.0	0.0008	MYO1H	ENSG00000174527
2394.0	0.0008	ACTB	ENSG00000075624
2394.0	0.0008	ARHGAP31	ENSG00000031081
2394.0	0.0008	CD96	ENSG00000153283
2394.0	0.0008	MLYCD	ENSG00000103150
2394.0	0.0008	OTX2	ENSG00000165588
2394.0	0.0008	SSR4	ENSG00000180879
2394.0	0.0008	SLC15A5	ENSG00000188991
2394.0	0.0008	SRRM3	ENSG00000177679
2394.0	0.0008	ATP2B2	ENSG00000157087
2394.0	0.0008	BANK1	ENSG00000153064
2394.0	0.0008	BLK	ENSG00000136573
2394.0	0.0008	C4B	ENSG00000224389
2394.0	0.0008	CR2	ENSG00000117322
2394.0	0.0008	CTLA4	ENSG00000163599
2394.0	0.0008	DNASE1	ENSG00000213918
2394.0	0.0008	ETS1	ENSG00000134954
2394.0	0.0008	FCGR2B	ENSG00000072694
2394.0	0.0008	FCGR3B	ENSG00000162747
2394.0	0.0008	HLA-DRB1	ENSG00000196126
2394.0	0.0008	IGHG1	ENSG00000211896
2394.0	0.0008	IRAK1	ENSG00000184216
2394.0	0.0008	IRF5	ENSG00000128604
2394.0	0.0008	ITGAM	ENSG00000169896
2394.0	0.0008	JAZF1	ENSG00000153814
2394.0	0.0008	KIAA0319L	ENSG00000142687
2394.0	0.0008	PDCD1	ENSG00000188389
2394.0	0.0008	PTPN22	ENSG00000134242
2394.0	0.0008	PXK	ENSG00000168297
2394.0	0.0008	SPP1	ENSG00000118785
2394.0	0.0008	TLR7	ENSG00000196664
2394.0	0.0008	TNFAIP3	ENSG00000118503
2394.0	0.0008	TNFSF4	ENSG00000117586
2394.0	0.0008	TNIP1	ENSG00000145901
2394.0	0.0008	UBE2L3	ENSG00000185651
2394.0	0.0008	ATXN3L	ENSG00000123594
2394.0	0.0008	TRIM67	ENSG00000119283
2394.0	0.0008	GPC4	ENSG00000076716
2394.0	0.0008	VDAC3	ENSG00000078668
2394.0	0.0008	MARVELD1	ENSG00000155254
2394.0	0.0008	IDUA	ENSG00000127415
2394.0	0.0008	DIS3L2	ENSG00000144535
2394.0	0.0008	LEP	ENSG00000174697
2394.0	0.0008	DUOX2	ENSG00000140279
2394.0	0.0008	DUOXA2	ENSG00000140274
2394.0	0.0008	IYD	ENSG00000009765
2394.0	0.0008	SLC5A5	ENSG00000105641
2394.0	0.0008	TG	ENSG00000042832
2394.0	0.0008	TPO	ENSG00000115705
2394.0	0.0008	DIAPH1	ENSG00000131504
2394.0	0.0008	ROBO3	ENSG00000154134
2394.0	0.0008	NRROS	ENSG00000174004
2394.0	0.0008	MYH10	ENSG00000133026
2394.0	0.0008	NFIA	ENSG00000162599
2394.0	0.0008	DLG1	ENSG00000075711
2394.0	0.0008	KCNK9	ENSG00000169427
2394.0	0.0008	FBXO38	ENSG00000145868
2394.0	0.0008	HCN4	ENSG00000138622
2394.0	0.0008	SLC31A1	ENSG00000136868
2394.0	0.0008	FOXI1	ENSG00000168269
2394.0	0.0008	SLC26A4	ENSG00000091137
2394.0	0.0008	PHYHIPL	ENSG00000165443
2394.0	0.0008	HINT1	ENSG00000169567
2394.0	0.0008	ARNT2	ENSG00000172379
2394.0	0.0008	ALDOA	ENSG00000149925
2394.0	0.0008	EPCAM	ENSG00000119888
2394.0	0.0008	FAN1	ENSG00000198690
2394.0	0.0008	MLH1	ENSG00000076242
2394.0	0.0008	MLH3	ENSG00000119684
2394.0	0.0008	MSH2	ENSG00000095002
2394.0	0.0008	MSH6	ENSG00000116062
2394.0	0.0008	PMS1	ENSG00000064933
2394.0	0.0008	PMS2	ENSG00000122512
2394.0	0.0008	TGFBR2	ENSG00000163513
2394.0	0.0008	HSPB1	ENSG00000106211
2394.0	0.0008	SOX2	ENSG00000181449
2394.0	0.0008	PFDN1	ENSG00000113068
2394.0	0.0008	METTL23	ENSG00000181038
2394.0	0.0008	COASY	ENSG00000068120
2394.0	0.0008	CERS6	ENSG00000172292
2394.0	0.0008	IFNG	ENSG00000111537
2394.0	0.0008	TSC1	ENSG00000165699
2394.0	0.0008	TSC2	ENSG00000103197
2394.0	0.0008	HNF1B	ENSG00000108753
2394.0	0.0008	LHX1	ENSG00000132130
2394.0	0.0008	ECHS1	ENSG00000127884
2394.0	0.0008	TRAPPC3	ENSG00000054116
2394.0	0.0008	ADRA1D	ENSG00000171873
2394.0	0.0008	ACTA1	ENSG00000143632
2394.0	0.0008	SELENON	ENSG00000162430
2394.0	0.0008	CDK8	ENSG00000132964
2394.0	0.0008	LARS2	ENSG00000011376
2394.0	0.0008	TENM3	ENSG00000218336
2394.0	0.0008	SLC25A36	ENSG00000114120
2394.0	0.0008	ACADSB	ENSG00000196177
2394.0	0.0008	ITSN1	ENSG00000205726
2394.0	0.0008	DYSF	ENSG00000135636
2394.0	0.0008	SHISA6	ENSG00000188803
2394.0	0.0008	ASNSD1	ENSG00000138381
2394.0	0.0008	CELSR3	ENSG00000008300
2394.0	0.0008	GRK5	ENSG00000198873
2394.0	0.0008	EIF2AK3	ENSG00000172071
2394.0	0.0008	EN2	ENSG00000164778
2394.0	0.0008	SUN1	ENSG00000164828
2394.0	0.0008	TM4SF20	ENSG00000168955
2394.0	0.0008	MEAK7	ENSG00000140950
2394.0	0.0008	ZFP1	ENSG00000184517
2394.0	0.0008	SKP1	ENSG00000113558
2394.0	0.0008	FIGN	ENSG00000182263
2394.0	0.0008	ATP1A1	ENSG00000163399
2394.0	0.0008	IARS2	ENSG00000067704
2394.0	0.0008	C12orf57	ENSG00000111678
2394.0	0.0008	MIPEP	ENSG00000027001
2394.0	0.0008	SMPD4	ENSG00000136699
2394.0	0.0008	MYMK	ENSG00000187616
2394.0	0.0008	AMMECR1L	ENSG00000144233
2394.0	0.0008	IFT81	ENSG00000122970
2394.0	0.0008	AP000322.53	ENSG00000243627
2394.0	0.0008	KCNE1	ENSG00000180509
2394.0	0.0008	CDC37	ENSG00000105401
2394.0	0.0008	CWC25	ENSG00000108296
2394.0	0.0008	GNL3L	ENSG00000130119
2394.0	0.0008	NKAP	ENSG00000101882
2394.0	0.0008	RPL24	ENSG00000114391
2394.0	0.0008	RPL36	ENSG00000130255
2394.0	0.0008	RPL7L1	ENSG00000146223
2394.0	0.0008	RPS5	ENSG00000083845
2394.0	0.0008	SELENOP	ENSG00000250722
2394.0	0.0008	IRAK2	ENSG00000134070
2394.0	0.0008	NGF	ENSG00000134259
2394.0	0.0008	TACR1	ENSG00000115353
2394.0	0.0008	TICAM1	ENSG00000127666
2394.0	0.0008	TRAF3	ENSG00000131323
2394.0	0.0008	UNC93B1	ENSG00000110057
2394.0	0.0008	TM4SF4	ENSG00000169903
2394.0	0.0008	STN1	ENSG00000107960
2394.0	0.0008	IGF1R	ENSG00000140443
2394.0	0.0008	MDH1	ENSG00000014641
2394.0	0.0008	LBR	ENSG00000143815
2394.0	0.0008	BMP7	ENSG00000101144
2394.0	0.0008	COL14A1	ENSG00000187955
2394.0	0.0008	MID1	ENSG00000101871
2394.0	0.0008	MPDZ	ENSG00000107186
2394.0	0.0008	RBL2	ENSG00000103479
2394.0	0.0008	DSCAM	ENSG00000171587
2394.0	0.0008	CHRM2	ENSG00000181072
2394.0	0.0008	STAC3	ENSG00000185482
2394.0	0.0008	NTF3	ENSG00000185652
2394.0	0.0008	ATP6AP1	ENSG00000071553
2394.0	0.0008	BUB1	ENSG00000169679
2394.0	0.0008	BUB3	ENSG00000154473
2394.0	0.0008	CAMKMT	ENSG00000143919
2394.0	0.0008	CEP57	ENSG00000166037
2394.0	0.0008	CHRNA7	ENSG00000175344
2394.0	0.0008	IDH2	ENSG00000182054
2394.0	0.0008	NAE1	ENSG00000159593
2394.0	0.0008	PPM1B	ENSG00000138032
2394.0	0.0008	SLC3A1	ENSG00000138079
2394.0	0.0008	STT3B	ENSG00000163527
2394.0	0.0008	STX11	ENSG00000135604
2394.0	0.0008	TRIP13	ENSG00000071539
2394.0	0.0008	GAN	ENSG00000261609
2394.0	0.0008	ASIC2	ENSG00000108684
2394.0	0.0008	ZMYM3	ENSG00000147130
2394.0	0.0008	STMN1	ENSG00000117632
2394.0	0.0008	SMTN	ENSG00000183963
2394.0	0.0008	MRPL39	ENSG00000154719
2394.0	0.0008	NRP2	ENSG00000118257
2394.0	0.0008	HEXA	ENSG00000213614
2394.0	0.0008	NOS1AP	ENSG00000198929
2394.0	0.0008	KCNJ2	ENSG00000123700
2394.0	0.0008	KCNJ5	ENSG00000120457
2394.0	0.0008	TRUB1	ENSG00000165832
2394.0	0.0008	MLPH	ENSG00000115648
2394.0	0.0008	SLC35A3	ENSG00000117620
2394.0	0.0008	DGUOK	ENSG00000114956
2394.0	0.0008	ORAI1	ENSG00000182500
2394.0	0.0008	AGR2	ENSG00000106541
2394.0	0.0008	ZNF212	ENSG00000170260
2394.0	0.0008	TMEM165	ENSG00000134851
2394.0	0.0008	ATP1B2	ENSG00000129244
2394.0	0.0008	POC1A	ENSG00000164087
2394.0	0.0008	CCDC115	ENSG00000136710
2394.0	0.0008	HDAC8	ENSG00000147099
2394.0	0.0008	NDUFB8	ENSG00000166136
2394.0	0.0008	PIK3R2	ENSG00000105647
2394.0	0.0008	SLC45A1	ENSG00000162426
2394.0	0.0008	TASP1	ENSG00000089123
2394.0	0.0008	BICRA	ENSG00000063169
2394.0	0.0008	C1QL4	ENSG00000186897
2394.0	0.0008	VPS50	ENSG00000004766
2394.0	0.0008	RELN	ENSG00000189056
2394.0	0.0008	NRG1	ENSG00000157168
2394.0	0.0008	LPIN1	ENSG00000134324
2551.0	0.0007	RNH1	ENSG00000023191
2551.0	0.0007	CRYAB	ENSG00000109846
2551.0	0.0007	KCNQ1	ENSG00000053918
2551.0	0.0007	BCAP31	ENSG00000185825
2551.0	0.0007	ARK2C	ENSG00000141622
2551.0	0.0007	RAPGEF2	ENSG00000109756
2551.0	0.0007	FBP1	ENSG00000165140
2551.0	0.0007	MEGF8	ENSG00000105429
2551.0	0.0007	RPL27A	ENSG00000166441
2551.0	0.0007	GDF15	ENSG00000130513
2551.0	0.0007	B3GALT2	ENSG00000162630
2551.0	0.0007	NUP155	ENSG00000113569
2551.0	0.0007	COQ7	ENSG00000167186
2551.0	0.0007	CHRM4	ENSG00000180720
2551.0	0.0007	SLC36A2	ENSG00000186335
2551.0	0.0007	COLQ	ENSG00000206561
2551.0	0.0007	ABITRAM	ENSG00000119328
2551.0	0.0007	PTBP2	ENSG00000117569
2551.0	0.0007	DCAF17	ENSG00000115827
2551.0	0.0007	FXR1	ENSG00000114416
2551.0	0.0007	FUT8	ENSG00000033170
2551.0	0.0007	H4C3	ENSG00000197061
2551.0	0.0007	ANK1	ENSG00000029534
2551.0	0.0007	EPB42	ENSG00000166947
2551.0	0.0007	GPI	ENSG00000105220
2551.0	0.0007	SLC4A1	ENSG00000004939
2551.0	0.0007	SPTA1	ENSG00000163554
2551.0	0.0007	SPTB	ENSG00000070182
2551.0	0.0007	HPDL	ENSG00000186603
2551.0	0.0007	P4HA2	ENSG00000072682
2551.0	0.0007	CDKN1C	ENSG00000129757
2551.0	0.0007	HNMT	ENSG00000150540
2551.0	0.0007	IGF2	ENSG00000167244
2551.0	0.0007	PLAG1	ENSG00000181690
2551.0	0.0007	UBA2	ENSG00000126261
2551.0	0.0007	IGF1	ENSG00000017427
2551.0	0.0007	ABL2	ENSG00000143322
2551.0	0.0007	TPM2	ENSG00000198467
2551.0	0.0007	ALDH3A2	ENSG00000072210
2551.0	0.0007	TNNT2	ENSG00000118194
2551.0	0.0007	MESD	ENSG00000117899
2551.0	0.0007	TMEM151A	ENSG00000179292
2551.0	0.0007	FTCD	ENSG00000160282
2551.0	0.0007	TYW5	ENSG00000162971
2551.0	0.0007	TRMU	ENSG00000100416
2551.0	0.0007	ITGA7	ENSG00000135424
2551.0	0.0007	B4GALT2	ENSG00000117411
2551.0	0.0007	SLC25A20	ENSG00000178537
2551.0	0.0007	SAMD9	ENSG00000205413
2551.0	0.0007	GNAI3	ENSG00000065135
2551.0	0.0007	VPS37B	ENSG00000139722
2551.0	0.0007	SOBP	ENSG00000112320
2551.0	0.0007	CC2D1A	ENSG00000132024
2551.0	0.0007	S100B	ENSG00000160307
2551.0	0.0007	COPS6	ENSG00000168090
2551.0	0.0007	PTCD3	ENSG00000132300
2551.0	0.0007	CDK5	ENSG00000164885
2551.0	0.0007	FITM2	ENSG00000197296
2551.0	0.0007	FNIP1	ENSG00000217128
2551.0	0.0007	CHN1	ENSG00000128656
2551.0	0.0007	MAFB	ENSG00000204103
2551.0	0.0007	SALL4	ENSG00000101115
2551.0	0.0007	TRMT1L	ENSG00000121486
2551.0	0.0007	FDX2	ENSG00000267673
2551.0	0.0007	GNPAT	ENSG00000116906
2551.0	0.0007	NPAS3	ENSG00000151322
2551.0	0.0007	GAPDH	ENSG00000111640
2551.0	0.0007	COL25A1	ENSG00000188517
2551.0	0.0007	ERGIC1	ENSG00000113719
2551.0	0.0007	HOXD9	ENSG00000128709
2551.0	0.0007	CHRNG	ENSG00000196811
2551.0	0.0007	COPS5	ENSG00000121022
2551.0	0.0007	BCKDK	ENSG00000103507
2551.0	0.0007	DNM2	ENSG00000079805
2551.0	0.0007	ESR2	ENSG00000140009
2551.0	0.0007	BCOR	ENSG00000183337
2551.0	0.0007	ADAT2	ENSG00000189007
2551.0	0.0007	ZNF699	ENSG00000196110
2551.0	0.0007	GNPTG	ENSG00000090581
2551.0	0.0007	GDI1	ENSG00000203879
2551.0	0.0007	IL17RC	ENSG00000163702
2551.0	0.0007	AGPS	ENSG00000018510
2551.0	0.0007	COL12A1	ENSG00000111799
2551.0	0.0007	HCN2	ENSG00000099822
2551.0	0.0007	ASCC1	ENSG00000138303
2551.0	0.0007	SRBD1	ENSG00000068784
2551.0	0.0007	GCOM1	ENSG00000137878
2551.0	0.0007	MYZAP	ENSG00000263155
2551.0	0.0007	POLR2M	ENSG00000255529
2551.0	0.0007	DVL1	ENSG00000107404
2551.0	0.0007	ATRN	ENSG00000088812
2551.0	0.0007	PDC	ENSG00000116703
2551.0	0.0007	CHRNE	ENSG00000108556
2551.0	0.0007	YJEFN3	ENSG00000250067
2551.0	0.0007	PRDX6	ENSG00000117592
2551.0	0.0007	LEPR	ENSG00000116678
2551.0	0.0007	USP42	ENSG00000106346
2551.0	0.0007	ACHE	ENSG00000087085
2551.0	0.0007	MCOLN3	ENSG00000055732
2551.0	0.0007	VPS54	ENSG00000143952
2551.0	0.0007	CFL2	ENSG00000165410
2551.0	0.0007	CDK9	ENSG00000136807
2551.0	0.0007	CNTN1	ENSG00000018236
2551.0	0.0007	UPF1	ENSG00000005007
2551.0	0.0007	RAD50	ENSG00000113522
2551.0	0.0007	DCLRE1B	ENSG00000118655
2551.0	0.0007	TNFRSF11A	ENSG00000141655
2551.0	0.0007	MYH11	ENSG00000133392
2551.0	0.0007	ZHX2	ENSG00000178764
2551.0	0.0007	HTR1D	ENSG00000179546
2551.0	0.0007	S1PR2	ENSG00000267534
2551.0	0.0007	TACO1	ENSG00000136463
2551.0	0.0007	KIF21A	ENSG00000139116
2551.0	0.0007	PHOX2A	ENSG00000165462
2551.0	0.0007	RANBP2	ENSG00000153201
2551.0	0.0007	SLC22A8	ENSG00000149452
2551.0	0.0007	POLR2A	ENSG00000181222
2551.0	0.0007	ETV4	ENSG00000175832
2551.0	0.0007	TRAPPC8	ENSG00000153339
2551.0	0.0007	PLAGL1	ENSG00000118495
2551.0	0.0007	ZFP57	ENSG00000204644
2551.0	0.0007	CYP27B1	ENSG00000111012
2551.0	0.0007	ADAT1	ENSG00000065457
2551.0	0.0007	SOX3	ENSG00000134595
2551.0	0.0007	RASD2	ENSG00000100302
2551.0	0.0007	P2RX2	ENSG00000187848
2551.0	0.0007	RIMKLA	ENSG00000177181
2551.0	0.0007	SLC19A1	ENSG00000173638
2551.0	0.0007	ACTG1	ENSG00000184009
2551.0	0.0007	YLPM1	ENSG00000119596
2551.0	0.0007	PTPRG	ENSG00000144724
2551.0	0.0007	GRIN3B	ENSG00000116032
2551.0	0.0007	GNA11	ENSG00000088256
2551.0	0.0007	NOTCH1	ENSG00000148400
2551.0	0.0007	PSPH	ENSG00000146733
2551.0	0.0007	CFH	ENSG00000000971
2551.0	0.0007	TRIM2	ENSG00000109654
2551.0	0.0007	SLC45A2	ENSG00000164175
2551.0	0.0007	ADAMTS7	ENSG00000136378
2551.0	0.0007	KLF9	ENSG00000119138
2551.0	0.0007	KCTD18	ENSG00000155729
2551.0	0.0007	ILK	ENSG00000166333
2551.0	0.0007	SUZ12	ENSG00000178691
2551.0	0.0007	DBH	ENSG00000123454
2551.0	0.0007	LPAR1	ENSG00000198121
2551.0	0.0007	RGS4	ENSG00000117152
2551.0	0.0007	SYAP1	ENSG00000169895
2551.0	0.0007	VIPR1	ENSG00000114812
2551.0	0.0007	NEB	ENSG00000183091
2551.0	0.0007	TNNC2	ENSG00000101470
2551.0	0.0007	FBLN5	ENSG00000140092
2551.0	0.0007	NDUFA12	ENSG00000184752
2551.0	0.0007	C1QBP	ENSG00000108561
2551.0	0.0007	BPNT1	ENSG00000162813
2551.0	0.0007	CYP2U1	ENSG00000155016
2551.0	0.0007	SCN5A	ENSG00000183873
2551.0	0.0007	BCL6	ENSG00000113916
2805.0	0.0006	MLLT3	ENSG00000171843
2805.0	0.0006	TSN	ENSG00000211460
2805.0	0.0006	IFRG15	ENSG00000258664
2805.0	0.0006	TOR1AIP2	ENSG00000169905
2805.0	0.0006	NAGPA	ENSG00000103174
2805.0	0.0006	CNOT3	ENSG00000088038
2805.0	0.0006	ABCD4	ENSG00000119688
2805.0	0.0006	ALDH6A1	ENSG00000119711
2805.0	0.0006	PLEC	ENSG00000178209
2805.0	0.0006	FKBP14	ENSG00000106080
2805.0	0.0006	LAMA4	ENSG00000112769
2805.0	0.0006	SLC25A32	ENSG00000164933
2805.0	0.0006	OTOA	ENSG00000155719
2805.0	0.0006	GALK1	ENSG00000108479
2805.0	0.0006	SPIRE1	ENSG00000134278
2805.0	0.0006	KDM2B	ENSG00000089094
2805.0	0.0006	CHD4	ENSG00000111642
2805.0	0.0006	IDH1	ENSG00000138413
2805.0	0.0006	POLR3GL	ENSG00000121851
2805.0	0.0006	KY	ENSG00000174611
2805.0	0.0006	BRAF	ENSG00000157764
2805.0	0.0006	MAP2K2	ENSG00000126934
2805.0	0.0006	MRPS25	ENSG00000131368
2805.0	0.0006	LRP4	ENSG00000134569
2805.0	0.0006	PLPP7	ENSG00000160539
2805.0	0.0006	HFE	ENSG00000010704
2805.0	0.0006	SEMA4C	ENSG00000168758
2805.0	0.0006	SCN11A	ENSG00000168356
2805.0	0.0006	NAGLU	ENSG00000108784
2805.0	0.0006	SRC	ENSG00000197122
2805.0	0.0006	BRD4	ENSG00000141867
2805.0	0.0006	BRF1	ENSG00000185024
2805.0	0.0006	FIBP	ENSG00000172500
2805.0	0.0006	LIG4	ENSG00000174405
2805.0	0.0006	NXN	ENSG00000167693
2805.0	0.0006	PDE4D	ENSG00000113448
2805.0	0.0006	SF3B4	ENSG00000143368
2805.0	0.0006	TBC1D7	ENSG00000145979
2805.0	0.0006	THOC6	ENSG00000131652
2805.0	0.0006	TRAPPC14	ENSG00000146826
2805.0	0.0006	TWIST1	ENSG00000122691
2805.0	0.0006	TWIST2	ENSG00000233608
2805.0	0.0006	SPCS1	ENSG00000114902
2805.0	0.0006	PARL	ENSG00000175193
2805.0	0.0006	TSPAN1	ENSG00000117472
2805.0	0.0006	VAX1	ENSG00000148704
2805.0	0.0006	KBTBD13	ENSG00000234438
2805.0	0.0006	KLHL41	ENSG00000239474
2805.0	0.0006	MYPN	ENSG00000138347
2805.0	0.0006	TPM3	ENSG00000143549
2805.0	0.0006	FAM110A	ENSG00000125898
2805.0	0.0006	WT1	ENSG00000184937
2805.0	0.0006	FAM110C	ENSG00000184731
2805.0	0.0006	ADGRB3	ENSG00000135298
2805.0	0.0006	RAD21	ENSG00000164754
2805.0	0.0006	SMC3	ENSG00000108055
2805.0	0.0006	SENP2	ENSG00000163904
2805.0	0.0006	UGT8	ENSG00000174607
2805.0	0.0006	AGRP	ENSG00000159723
2805.0	0.0006	TMX3	ENSG00000166479
2805.0	0.0006	NDRG4	ENSG00000103034
2805.0	0.0006	PTBP1	ENSG00000011304
2805.0	0.0006	RBPJ	ENSG00000168214
2805.0	0.0006	PRKAR2B	ENSG00000005249
2805.0	0.0006	BVES	ENSG00000112276
2805.0	0.0006	RNF207	ENSG00000158286
2805.0	0.0006	LGI1	ENSG00000108231
2805.0	0.0006	CANT1	ENSG00000171302
2805.0	0.0006	KCNJ1	ENSG00000151704
2805.0	0.0006	SLC12A1	ENSG00000074803
2805.0	0.0006	SH3TC1	ENSG00000125089
2805.0	0.0006	ADIPOR1	ENSG00000159346
2805.0	0.0006	TMX1	ENSG00000139921
2805.0	0.0006	FLVCR2	ENSG00000119686
2805.0	0.0006	TBC1D22B	ENSG00000065491
2805.0	0.0006	TBC1D22A	ENSG00000054611
2805.0	0.0006	SLC6A4	ENSG00000108576
2805.0	0.0006	LPPR4	ENSG00000117600
2805.0	0.0006	MAGOH	ENSG00000162385
2805.0	0.0006	MTX2	ENSG00000128654
2805.0	0.0006	XRN2	ENSG00000088930
2805.0	0.0006	GPR135	ENSG00000181619
2805.0	0.0006	ARC	ENSG00000198576
2805.0	0.0006	UBL4B	ENSG00000186150
2805.0	0.0006	NXPH3	ENSG00000182575
2805.0	0.0006	RALBP1	ENSG00000017797
2805.0	0.0006	ABCC9	ENSG00000069431
2805.0	0.0006	EFNB1	ENSG00000090776
2805.0	0.0006	SCO2	ENSG00000130489
2805.0	0.0006	ATG2B	ENSG00000066739
2805.0	0.0006	SH3BP2	ENSG00000087266
2805.0	0.0006	LTBP1	ENSG00000049323
2805.0	0.0006	NT5C2	ENSG00000076685
2805.0	0.0006	THOC5	ENSG00000100296
2805.0	0.0006	HSPB7	ENSG00000173641
2805.0	0.0006	KCNAB1	ENSG00000169282
2805.0	0.0006	THOC1	ENSG00000079134
2805.0	0.0006	LTN1	ENSG00000198862
2805.0	0.0006	SGCD	ENSG00000170624
2805.0	0.0006	FTO	ENSG00000140718
2805.0	0.0006	ONECUT1	ENSG00000169856
2805.0	0.0006	RFX2	ENSG00000087903
2805.0	0.0006	SNAPC4	ENSG00000165684
2805.0	0.0006	WDR18	ENSG00000065268
2805.0	0.0006	PAM16	ENSG00000217930
2805.0	0.0006	SEC31A	ENSG00000138674
2805.0	0.0006	OPALIN	ENSG00000197430
2805.0	0.0006	SP8	ENSG00000164651
2805.0	0.0006	CTBP2	ENSG00000175029
2805.0	0.0006	SIN3B	ENSG00000127511
2805.0	0.0006	PCMT1	ENSG00000120265
2805.0	0.0006	EYA1	ENSG00000104313
2805.0	0.0006	PAX1	ENSG00000125813
2805.0	0.0006	PTGS2	ENSG00000073756
2805.0	0.0006	DRP2	ENSG00000102385
2805.0	0.0006	HOXB1	ENSG00000120094
2805.0	0.0006	MCHR1	ENSG00000128285
2805.0	0.0006	DEPP1	ENSG00000165507
2805.0	0.0006	ERBB3	ENSG00000065361
2805.0	0.0006	CYP2R1	ENSG00000186104
2805.0	0.0006	ADAM11	ENSG00000073670
2805.0	0.0006	ANP32E	ENSG00000143401
2805.0	0.0006	CCN4	ENSG00000104415
2805.0	0.0006	CCR9	ENSG00000173585
2805.0	0.0006	CHD6	ENSG00000124177
2805.0	0.0006	CNTN6	ENSG00000134115
2805.0	0.0006	DNASE1L1	ENSG00000013563
2805.0	0.0006	FRZB	ENSG00000162998
2805.0	0.0006	IGDCC3	ENSG00000174498
2805.0	0.0006	KLC1	ENSG00000126214
2805.0	0.0006	LNPEP	ENSG00000113441
2805.0	0.0006	MAFG	ENSG00000197063
2805.0	0.0006	MAPK6	ENSG00000069956
2805.0	0.0006	MYO15A	ENSG00000091536
2805.0	0.0006	NLK	ENSG00000087095
2805.0	0.0006	PTPRR	ENSG00000153233
2805.0	0.0006	PTPRZ1	ENSG00000106278
2805.0	0.0006	RP11-73M18.2	ENSG00000256500
2805.0	0.0006	SEZ6L	ENSG00000100095
2805.0	0.0006	SYT4	ENSG00000132872
2805.0	0.0006	TIMM23	ENSG00000138297
2805.0	0.0006	TIMM23B	ENSG00000204152
2805.0	0.0006	RUNX3	ENSG00000020633
2805.0	0.0006	BAD	ENSG00000002330
2805.0	0.0006	GFPT1	ENSG00000198380
2805.0	0.0006	BTK	ENSG00000010671
2805.0	0.0006	IDS	ENSG00000010404
2805.0	0.0006	DEPDC1B	ENSG00000035499
2805.0	0.0006	NCF1B	ENSG00000182487
2805.0	0.0006	NCF1C	ENSG00000165178
2805.0	0.0006	CD40LG	ENSG00000102245
2805.0	0.0006	FZD5	ENSG00000163251
2805.0	0.0006	IBA57	ENSG00000181873
2805.0	0.0006	HEPN1	ENSG00000221932
2805.0	0.0006	STARD3	ENSG00000131748
2805.0	0.0006	RNF13	ENSG00000082996
2805.0	0.0006	COL6A1	ENSG00000142156
2805.0	0.0006	DHX37	ENSG00000150990
2805.0	0.0006	HNRNPR	ENSG00000125944
2805.0	0.0006	IPO8	ENSG00000133704
2805.0	0.0006	TGM2	ENSG00000198959
2805.0	0.0006	EXOSC10	ENSG00000171824
2805.0	0.0006	MIEN1	ENSG00000141741
2805.0	0.0006	CD81	ENSG00000110651
2805.0	0.0006	PPOX	ENSG00000143224
2805.0	0.0006	FGD4	ENSG00000139132
2805.0	0.0006	MYL7	ENSG00000106631
2805.0	0.0006	HDAC2	ENSG00000196591
2805.0	0.0006	BIRC5	ENSG00000089685
2805.0	0.0006	SCN10A	ENSG00000185313
2805.0	0.0006	TSPAN7	ENSG00000156298
2805.0	0.0006	BARHL2	ENSG00000143032
2805.0	0.0006	UQCC1	ENSG00000101019
2805.0	0.0006	SLC25A21	ENSG00000183032
2805.0	0.0006	WDR70	ENSG00000082068
2805.0	0.0006	BAIAP2L2	ENSG00000128298
2805.0	0.0006	NRXN1	ENSG00000179915
2805.0	0.0006	SRR	ENSG00000167720
2805.0	0.0006	TMC5	ENSG00000103534
2805.0	0.0006	CDS1	ENSG00000163624
2805.0	0.0006	TYMS	ENSG00000176890
2805.0	0.0006	MBD3	ENSG00000071655
2805.0	0.0006	RDH11	ENSG00000072042
2805.0	0.0006	PTPN11	ENSG00000179295
2805.0	0.0006	RAF1	ENSG00000132155
2805.0	0.0006	RASA2	ENSG00000155903
2805.0	0.0006	RIT1	ENSG00000143622
2805.0	0.0006	RRAS	ENSG00000126458
2805.0	0.0006	RRAS2	ENSG00000133818
2805.0	0.0006	SOS1	ENSG00000115904
2805.0	0.0006	SOS2	ENSG00000100485
2805.0	0.0006	SPRED2	ENSG00000198369
2805.0	0.0006	VKORC1	ENSG00000167397
2805.0	0.0006	KLF15	ENSG00000163884
2805.0	0.0006	LYRM4	ENSG00000214113
2805.0	0.0006	HACD1	ENSG00000165996
2805.0	0.0006	CTTN	ENSG00000085733
2805.0	0.0006	BIRC3	ENSG00000023445
2805.0	0.0006	ETS2	ENSG00000157557
2805.0	0.0006	TXNDC17	ENSG00000129235
2805.0	0.0006	GPX1	ENSG00000233276
2805.0	0.0006	HAL	ENSG00000084110
2805.0	0.0006	FAM110B	ENSG00000169122
2805.0	0.0006	PDZD8	ENSG00000165650
2805.0	0.0006	DUSP1	ENSG00000120129
2805.0	0.0006	MLTK	ENSG00000091436
2805.0	0.0006	GSG1L	ENSG00000169181
2805.0	0.0006	THBS2	ENSG00000186340
2805.0	0.0006	RNASE8	ENSG00000173431
2805.0	0.0006	MYLK3	ENSG00000140795
2805.0	0.0006	ARPC5	ENSG00000162704
2805.0	0.0006	GAD2	ENSG00000136750
2805.0	0.0006	EVX2	ENSG00000174279
2805.0	0.0006	UNC93A	ENSG00000112494
2805.0	0.0006	GJD2	ENSG00000159248
2805.0	0.0006	THOP1	ENSG00000172009
2805.0	0.0006	DLGAP4	ENSG00000080845
2805.0	0.0006	TNNC1	ENSG00000114854
2805.0	0.0006	HNF4A	ENSG00000101076
2805.0	0.0006	ATL1	ENSG00000198513
2805.0	0.0006	PLXNA1	ENSG00000114554
2805.0	0.0006	CD8A	ENSG00000153563
2805.0	0.0006	NOS3	ENSG00000164867
2805.0	0.0006	SLC3A2	ENSG00000168003
2805.0	0.0006	CSNK2B	ENSG00000204435
2805.0	0.0006	CDK4	ENSG00000135446
2805.0	0.0006	SUGP2	ENSG00000064607
2805.0	0.0006	IGFBP3	ENSG00000146674
2805.0	0.0006	SMAD6	ENSG00000137834
2805.0	0.0006	KCNH3	ENSG00000135519
2805.0	0.0006	UNC79	ENSG00000133958
2805.0	0.0006	ARHGAP29	ENSG00000137962
2805.0	0.0006	ARHGEF38	ENSG00000236699
2805.0	0.0006	CDH1	ENSG00000039068
2805.0	0.0006	COBLL1	ENSG00000082438
2805.0	0.0006	DLX4	ENSG00000108813
2805.0	0.0006	IRF6	ENSG00000117595
2805.0	0.0006	MSX1	ENSG00000163132
2805.0	0.0006	NECTIN1	ENSG00000110400
2805.0	0.0006	PDGFRA	ENSG00000134853
2805.0	0.0006	RIC1	ENSG00000107036
2805.0	0.0006	TP63	ENSG00000073282
2805.0	0.0006	MYL1	ENSG00000168530
2805.0	0.0006	ERVFRD-1	ENSG00000244476
2805.0	0.0006	TUBGCP5	ENSG00000153575
2805.0	0.0006	ZNF335	ENSG00000198026
2805.0	0.0006	HOXD1	ENSG00000128645
2805.0	0.0006	ATF2	ENSG00000115966
2805.0	0.0006	NCAM2	ENSG00000154654
2805.0	0.0006	PAPSS2	ENSG00000198682
2805.0	0.0006	VTA1	ENSG00000009844
2805.0	0.0006	CANX	ENSG00000127022
2805.0	0.0006	SLC6A7	ENSG00000011083
2805.0	0.0006	DDB1	ENSG00000167986
3235.0	0.0005	SLC35F6	ENSG00000213699
3235.0	0.0005	PAPSS1	ENSG00000138801
3235.0	0.0005	SST	ENSG00000157005
3235.0	0.0005	AP3M2	ENSG00000070718
3235.0	0.0005	HDDC3	ENSG00000184508
3235.0	0.0005	BBC3	ENSG00000105327
3235.0	0.0005	CACNA2D3	ENSG00000157445
3235.0	0.0005	CNR1	ENSG00000118432
3235.0	0.0005	GJB6	ENSG00000121742
3235.0	0.0005	KCNK5	ENSG00000164626
3235.0	0.0005	NAPEPLD	ENSG00000161048
3235.0	0.0005	OPRM1	ENSG00000112038
3235.0	0.0005	PLG	ENSG00000122194
3235.0	0.0005	PRKACB	ENSG00000142875
3235.0	0.0005	PRMT8	ENSG00000111218
3235.0	0.0005	PTGER2	ENSG00000125384
3235.0	0.0005	RGPD1	ENSG00000187627
3235.0	0.0005	RGPD2	ENSG00000185304
3235.0	0.0005	RGPD3	ENSG00000153165
3235.0	0.0005	RGPD4	ENSG00000196862
3235.0	0.0005	RGPD5	ENSG00000015568
3235.0	0.0005	RGPD6	ENSG00000183054
3235.0	0.0005	RGPD8	ENSG00000169629
3235.0	0.0005	RTN4	ENSG00000115310
3235.0	0.0005	TRPA1	ENSG00000104321
3235.0	0.0005	UTRN	ENSG00000152818
3235.0	0.0005	AGK	ENSG00000006530
3235.0	0.0005	SLC9A9	ENSG00000181804
3235.0	0.0005	AP3B1	ENSG00000132842
3235.0	0.0005	APOB	ENSG00000084674
3235.0	0.0005	CIITA	ENSG00000179583
3235.0	0.0005	RFX5	ENSG00000143390
3235.0	0.0005	RFXANK	ENSG00000064490
3235.0	0.0005	RFXAP	ENSG00000133111
3235.0	0.0005	NCAPD3	ENSG00000151503
3235.0	0.0005	KCTD12	ENSG00000178695
3235.0	0.0005	COX11	ENSG00000166260
3235.0	0.0005	GMNN	ENSG00000112312
3235.0	0.0005	ORC6	ENSG00000091651
3235.0	0.0005	POLR1D	ENSG00000186184
3235.0	0.0005	PSMG2	ENSG00000128789
3235.0	0.0005	TENT5A	ENSG00000112773
3235.0	0.0005	ZNF711	ENSG00000147180
3235.0	0.0005	JUP	ENSG00000173801
3235.0	0.0005	TAFA4	ENSG00000163377
3235.0	0.0005	CCR5	ENSG00000160791
3235.0	0.0005	SARM1	ENSG00000004139
3235.0	0.0005	CUL4A	ENSG00000139842
3235.0	0.0005	INTS5	ENSG00000185085
3235.0	0.0005	INTS6	ENSG00000102786
3235.0	0.0005	RAB1A	ENSG00000138069
3235.0	0.0005	AMDHD1	ENSG00000139344
3235.0	0.0005	CDKN2A	ENSG00000147889
3235.0	0.0005	IL6	ENSG00000136244
3235.0	0.0005	CHRND	ENSG00000135902
3235.0	0.0005	APOD	ENSG00000189058
3235.0	0.0005	DCLK1	ENSG00000133083
3235.0	0.0005	ATXN1L	ENSG00000224470
3235.0	0.0005	TPTE	ENSG00000166157
3235.0	0.0005	TEX15	ENSG00000133863
3235.0	0.0005	DLK2	ENSG00000171462
3235.0	0.0005	USP22	ENSG00000124422
3235.0	0.0005	IRS1	ENSG00000169047
3235.0	0.0005	ALX3	ENSG00000156150
3235.0	0.0005	SLF2	ENSG00000119906
3235.0	0.0005	SH3RF2	ENSG00000156463
3235.0	0.0005	TLR2	ENSG00000137462
3235.0	0.0005	MANBA	ENSG00000109323
3235.0	0.0005	PHF6	ENSG00000156531
3235.0	0.0005	CNKSR3	ENSG00000153721
3235.0	0.0005	OTUD7B	ENSG00000163113
3235.0	0.0005	TAFAZZIN	ENSG00000102125
3235.0	0.0005	MAPK11	ENSG00000185386
3235.0	0.0005	POR	ENSG00000127948
3235.0	0.0005	SCUBE3	ENSG00000146197
3235.0	0.0005	ZNF280D	ENSG00000137871
3235.0	0.0005	ETFB	ENSG00000105379
3235.0	0.0005	EIF1	ENSG00000173812
3235.0	0.0005	ADARB2	ENSG00000185736
3235.0	0.0005	RAB1B	ENSG00000174903
3235.0	0.0005	NRF1	ENSG00000106459
3235.0	0.0005	CCDC22	ENSG00000101997
3235.0	0.0005	EIF2S1	ENSG00000134001
3235.0	0.0005	HGSNAT	ENSG00000165102
3235.0	0.0005	HHAT	ENSG00000054392
3235.0	0.0005	DPP6	ENSG00000130226
3235.0	0.0005	TSPYL1	ENSG00000189241
3235.0	0.0005	P3H4	ENSG00000141696
3235.0	0.0005	TNFRSF1A	ENSG00000067182
3235.0	0.0005	SHISA9	ENSG00000237515
3235.0	0.0005	FOXP3	ENSG00000049768
3235.0	0.0005	ATG2A	ENSG00000110046
3235.0	0.0005	RGS14	ENSG00000169220
3235.0	0.0005	MBTPS2	ENSG00000012174
3235.0	0.0005	SULT4A1	ENSG00000130540
3235.0	0.0005	ALDH1L1	ENSG00000144908
3235.0	0.0005	DCXR	ENSG00000169738
3235.0	0.0005	TRIM72	ENSG00000177238
3235.0	0.0005	ALX4	ENSG00000052850
3235.0	0.0005	B3GLCT	ENSG00000187676
3235.0	0.0005	MTSS2	ENSG00000132613
3235.0	0.0005	TUBGCP6	ENSG00000128159
3235.0	0.0005	UBL4A	ENSG00000102178
3235.0	0.0005	ZNF148	ENSG00000163848
3235.0	0.0005	PIGC	ENSG00000135845
3235.0	0.0005	NIT2	ENSG00000114021
3235.0	0.0005	PLCL1	ENSG00000115896
3235.0	0.0005	GRIK1	ENSG00000171189
3235.0	0.0005	SF3B2	ENSG00000087365
3235.0	0.0005	SLC22A5	ENSG00000197375
3235.0	0.0005	DIO3	ENSG00000197406
3235.0	0.0005	LIPK	ENSG00000204021
3235.0	0.0005	NIBAN2	ENSG00000136830
3235.0	0.0005	CNGB1	ENSG00000070729
3235.0	0.0005	KCNK18	ENSG00000186795
3235.0	0.0005	SEC24D	ENSG00000150961
3235.0	0.0005	MTHFD1	ENSG00000100714
3235.0	0.0005	MTM1	ENSG00000171100
3235.0	0.0005	NOMO2	ENSG00000185164
3235.0	0.0005	B4GALT7	ENSG00000027847
3235.0	0.0005	MFAP4	ENSG00000166482
3235.0	0.0005	SKOR1	ENSG00000188779
3235.0	0.0005	KL	ENSG00000133116
3235.0	0.0005	ICAM5	ENSG00000105376
3235.0	0.0005	RCN2	ENSG00000117906
3235.0	0.0005	KIRREL1	ENSG00000183853
3235.0	0.0005	PKD2	ENSG00000118762
3235.0	0.0005	KIRREL3	ENSG00000149571
3235.0	0.0005	RAB31	ENSG00000168461
3235.0	0.0005	MTHFD1L	ENSG00000120254
3235.0	0.0005	BCL2	ENSG00000171791
3235.0	0.0005	STK39	ENSG00000198648
3235.0	0.0005	OTUB1	ENSG00000167770
3235.0	0.0005	KCNMB2	ENSG00000197584
3235.0	0.0005	MCM3	ENSG00000112118
3235.0	0.0005	TRANK1	ENSG00000168016
3235.0	0.0005	MMAB	ENSG00000139428
3235.0	0.0005	HRH3	ENSG00000101180
3235.0	0.0005	SCN2B	ENSG00000149575
3235.0	0.0005	CNGB3	ENSG00000170289
3235.0	0.0005	BHLHE22	ENSG00000180828
3235.0	0.0005	TMEM126A	ENSG00000171202
3235.0	0.0005	GLIS2	ENSG00000126603
3235.0	0.0005	CISD3	ENSG00000230055
3235.0	0.0005	MAPK12	ENSG00000188130
3235.0	0.0005	RALB	ENSG00000144118
3235.0	0.0005	LRRTM3	ENSG00000198739
3235.0	0.0005	CPT1B	ENSG00000205560
3235.0	0.0005	GRHL3	ENSG00000158055
3235.0	0.0005	UBB	ENSG00000170315
3235.0	0.0005	MYD88	ENSG00000172936
3235.0	0.0005	ASCL1	ENSG00000139352
3235.0	0.0005	THRB	ENSG00000151090
3235.0	0.0005	SLITRK1	ENSG00000178235
3235.0	0.0005	MAPK13	ENSG00000156711
3235.0	0.0005	CNP	ENSG00000173786
3235.0	0.0005	LAMP2	ENSG00000005893
3235.0	0.0005	LTA4H	ENSG00000111144
3235.0	0.0005	INPP4A	ENSG00000040933
3235.0	0.0005	BSN	ENSG00000164061
3235.0	0.0005	CYFIP1	ENSG00000068793
3235.0	0.0005	HTR1A	ENSG00000178394
3235.0	0.0005	DCN	ENSG00000011465
3235.0	0.0005	LUM	ENSG00000139329
3235.0	0.0005	IGFBP2	ENSG00000115457
3235.0	0.0005	CELF4	ENSG00000101489
3235.0	0.0005	GNG7	ENSG00000176533
3235.0	0.0005	RRS1	ENSG00000179041
3235.0	0.0005	CPT1C	ENSG00000169169
3235.0	0.0005	NEUROG2	ENSG00000178403
3235.0	0.0005	GATA6	ENSG00000141448
3235.0	0.0005	FOXQ1	ENSG00000164379
3235.0	0.0005	AASDHPPT	ENSG00000149313
3235.0	0.0005	MKLN1	ENSG00000128585
3235.0	0.0005	GADD45GIP1	ENSG00000179271
3235.0	0.0005	NRTN	ENSG00000171119
3235.0	0.0005	CAVIN1	ENSG00000177469
3235.0	0.0005	ADAMTS2	ENSG00000087116
3235.0	0.0005	FOXJ3	ENSG00000198815
3235.0	0.0005	CDKN1A	ENSG00000124762
3235.0	0.0005	CCNL1	ENSG00000163660
3235.0	0.0005	ROCK2	ENSG00000134318
3235.0	0.0005	GFRA1	ENSG00000151892
3235.0	0.0005	PPTC7	ENSG00000196850
3235.0	0.0005	OC90	ENSG00000253117
3235.0	0.0005	ZNF385A	ENSG00000161642
3235.0	0.0005	SAE1	ENSG00000142230
3235.0	0.0005	NRG3	ENSG00000185737
3235.0	0.0005	STX2	ENSG00000111450
3235.0	0.0005	CENPE	ENSG00000138778
3235.0	0.0005	ERH	ENSG00000100632
3235.0	0.0005	USP21	ENSG00000143258
3235.0	0.0005	SCN4B	ENSG00000177098
3235.0	0.0005	CSF2	ENSG00000164400
3235.0	0.0005	CFTR	ENSG00000001626
3235.0	0.0005	TAC4	ENSG00000176358
3235.0	0.0005	ILF3	ENSG00000129351
3235.0	0.0005	FKBP1A	ENSG00000088832
3235.0	0.0005	FKBP1C	ENSG00000198225
3235.0	0.0005	SIX1	ENSG00000126778
3235.0	0.0005	RXRA	ENSG00000186350
3235.0	0.0005	HAPLN2	ENSG00000132702
3235.0	0.0005	TMEM87A	ENSG00000103978
3235.0	0.0005	TAAR1	ENSG00000146399
3235.0	0.0005	ZNF276	ENSG00000158805
3235.0	0.0005	BMPER	ENSG00000164619
3235.0	0.0005	DDX11	ENSG00000013573
3235.0	0.0005	VIPAS39	ENSG00000151445
3235.0	0.0005	VPS33B	ENSG00000184056
3235.0	0.0005	SAFB	ENSG00000160633
3235.0	0.0005	VPS16	ENSG00000215305
3235.0	0.0005	DYTN	ENSG00000232125
3235.0	0.0005	USP25	ENSG00000155313
3235.0	0.0005	MYH6	ENSG00000197616
3235.0	0.0005	PHB1	ENSG00000167085
3235.0	0.0005	LNX1	ENSG00000072201
3235.0	0.0005	LAMC1	ENSG00000135862
3235.0	0.0005	EMILIN1	ENSG00000138080
3235.0	0.0005	RBM17	ENSG00000134453
3235.0	0.0005	VDAC1	ENSG00000213585
3235.0	0.0005	VPS35L	ENSG00000103544
3235.0	0.0005	ST8SIA1	ENSG00000111728
3235.0	0.0005	KLC2	ENSG00000174996
3235.0	0.0005	SEMA3E	ENSG00000170381
3235.0	0.0005	STX3	ENSG00000166900
3235.0	0.0005	HEPHL1	ENSG00000181333
3235.0	0.0005	DDX25	ENSG00000109832
3235.0	0.0005	KLHL40	ENSG00000157119
3235.0	0.0005	ST8SIA5	ENSG00000101638
3235.0	0.0005	SBK3	ENSG00000231274
3235.0	0.0005	TRPC2	ENSG00000182048
3235.0	0.0005	CALM2	ENSG00000143933
3235.0	0.0005	HIVEP1	ENSG00000095951
3235.0	0.0005	LGI4	ENSG00000153902
3235.0	0.0005	CCDC136	ENSG00000128596
3235.0	0.0005	KCNJ8	ENSG00000121361
3235.0	0.0005	NUBP2	ENSG00000095906
3235.0	0.0005	ASIC3	ENSG00000213199
3235.0	0.0005	SLC1A1	ENSG00000106688
3235.0	0.0005	HMX2	ENSG00000188816
3235.0	0.0005	HMX3	ENSG00000188620
3235.0	0.0005	PGM1	ENSG00000079739
3235.0	0.0005	CD86	ENSG00000114013
3235.0	0.0005	IL17C	ENSG00000124391
3235.0	0.0005	SYNM	ENSG00000182253
3235.0	0.0005	NUBP1	ENSG00000103274
3235.0	0.0005	CMAS	ENSG00000111726
3235.0	0.0005	ATPSCKMT	ENSG00000150756
3235.0	0.0005	CALB1	ENSG00000104327
3235.0	0.0005	CHRM1	ENSG00000168539
3235.0	0.0005	FZD2	ENSG00000180340
3235.0	0.0005	SLC5A3	ENSG00000198743
3235.0	0.0005	STOML1	ENSG00000067221
3235.0	0.0005	ZFHX2	ENSG00000136367
3235.0	0.0005	NPRL3	ENSG00000103148
3235.0	0.0005	MACROD2	ENSG00000172264
3235.0	0.0005	TOPBP1	ENSG00000163781
3235.0	0.0005	GORASP2	ENSG00000115806
3235.0	0.0005	LIFR	ENSG00000113594
3235.0	0.0005	HDAC3	ENSG00000171720
3235.0	0.0005	PKNOX2	ENSG00000165495
3235.0	0.0005	XRCC5	ENSG00000079246
3235.0	0.0005	IRF2BP2	ENSG00000168264
3235.0	0.0005	ATP5F1B	ENSG00000110955
3235.0	0.0005	CTSS	ENSG00000163131
3235.0	0.0005	FLT4	ENSG00000037280
3235.0	0.0005	UROD	ENSG00000126088
3235.0	0.0005	NHERF2	ENSG00000065054
3235.0	0.0005	NEFM	ENSG00000104722
3235.0	0.0005	NSMCE3	ENSG00000185115
3235.0	0.0005	SLC6A2	ENSG00000103546
3235.0	0.0005	MRPS2	ENSG00000122140
3235.0	0.0005	ARF6	ENSG00000165527
3235.0	0.0005	DUSP19	ENSG00000162999
3235.0	0.0005	SH3KBP1	ENSG00000147010
3235.0	0.0005	KIF3A	ENSG00000131437
3235.0	0.0005	NTS	ENSG00000133636
3235.0	0.0005	HOMER1	ENSG00000152413
3235.0	0.0005	HOMER2	ENSG00000103942
3235.0	0.0005	TAF6	ENSG00000106290
3235.0	0.0005	MID2	ENSG00000080561
3235.0	0.0005	SASS6	ENSG00000156876
3235.0	0.0005	STS	ENSG00000101846
3235.0	0.0005	KCNK2	ENSG00000082482
3235.0	0.0005	SLC43A1	ENSG00000149150
3235.0	0.0005	DOCK1	ENSG00000150760
3235.0	0.0005	YARS2	ENSG00000139131
3235.0	0.0005	SDC1	ENSG00000115884
3235.0	0.0005	CGNL1	ENSG00000128849
3235.0	0.0005	GPR139	ENSG00000180269
3235.0	0.0005	DIO2	ENSG00000211448
3235.0	0.0005	EGR3	ENSG00000179388
3235.0	0.0005	PDZD7	ENSG00000186862
3235.0	0.0005	USH2A	ENSG00000042781
3235.0	0.0005	WHRN	ENSG00000095397
3235.0	0.0005	IFI30	ENSG00000216490
3235.0	0.0005	MYF6	ENSG00000111046
3235.0	0.0005	MMP9	ENSG00000100985
3235.0	0.0005	CHRNA1	ENSG00000138435
3235.0	0.0005	MECOM	ENSG00000085276
3235.0	0.0005	ALAD	ENSG00000148218
3235.0	0.0005	C1QL1	ENSG00000131094
3235.0	0.0005	EMP2	ENSG00000213853
3235.0	0.0005	CHRNB1	ENSG00000170175
3235.0	0.0005	ZNFX1	ENSG00000124201
3235.0	0.0005	MTDH	ENSG00000147649
3235.0	0.0005	AEBP1	ENSG00000106624
3235.0	0.0005	ANAPC7	ENSG00000196510
3235.0	0.0005	DDR2	ENSG00000162733
3235.0	0.0005	MYH3	ENSG00000109063
3235.0	0.0005	ANTXR1	ENSG00000169604
3235.0	0.0005	PI4KB	ENSG00000143393
3235.0	0.0005	MYOD1	ENSG00000129152
3235.0	0.0005	RPF2	ENSG00000197498
3235.0	0.0005	DCDC2B	ENSG00000222046
3235.0	0.0005	PPT2	ENSG00000221988
3235.0	0.0005	CSN3	ENSG00000171209
3235.0	0.0005	CHRNA3	ENSG00000080644
3235.0	0.0005	IL6ST	ENSG00000134352
3235.0	0.0005	NETO1	ENSG00000166342
3235.0	0.0005	CASP6	ENSG00000138794
3235.0	0.0005	TMPRSS3	ENSG00000160183
3235.0	0.0005	TMEM184B	ENSG00000198792
3235.0	0.0005	TFAM	ENSG00000108064
3235.0	0.0005	TRPC4	ENSG00000133107
3235.0	0.0005	SNAP91	ENSG00000065609
3235.0	0.0005	SUCLG2	ENSG00000172340
3235.0	0.0005	MMP2	ENSG00000087245
3235.0	0.0005	STRA6	ENSG00000137868
3235.0	0.0005	NACA	ENSG00000196531
3235.0	0.0005	EZR	ENSG00000092820
3235.0	0.0005	DOCK11	ENSG00000147251
3235.0	0.0005	PPCS	ENSG00000127125
3235.0	0.0005	EXOC7	ENSG00000182473
3235.0	0.0005	ABCC11	ENSG00000121270
3235.0	0.0005	KCNH6	ENSG00000173826
3235.0	0.0005	GORASP1	ENSG00000114745
3235.0	0.0005	PGF	ENSG00000119630
3235.0	0.0005	NAIP	ENSG00000249437
3235.0	0.0005	ASCC3	ENSG00000112249
3235.0	0.0005	RND1	ENSG00000172602
3235.0	0.0005	ISCU	ENSG00000136003
3235.0	0.0005	SLBP	ENSG00000163950
3235.0	0.0005	GBF1	ENSG00000107862
3235.0	0.0005	ABCC12	ENSG00000140798
3235.0	0.0005	CIAO3	ENSG00000103245
3235.0	0.0005	ADAMTSL2	ENSG00000197859
3235.0	0.0005	PCNT	ENSG00000160299
3235.0	0.0005	TECPR1	ENSG00000205356
3235.0	0.0005	NEPRO	ENSG00000163608
3235.0	0.0005	RBM8A	ENSG00000131795
3235.0	0.0005	RIPK1	ENSG00000137275
3235.0	0.0005	CAMK1	ENSG00000134072
3235.0	0.0005	NOMO1	ENSG00000103512
3235.0	0.0005	UPF3B	ENSG00000125351
3235.0	0.0005	DOCK8	ENSG00000107099
3235.0	0.0005	PSMC2	ENSG00000161057
3235.0	0.0005	NANP	ENSG00000170191
3235.0	0.0005	ATP2B4	ENSG00000058668
3235.0	0.0005	SLC9A5	ENSG00000135740
3235.0	0.0005	TMEM74	ENSG00000164841
3235.0	0.0005	NPRL2	ENSG00000114388
3235.0	0.0005	CTCFL	ENSG00000124092
3235.0	0.0005	PHYKPL	ENSG00000175309
3235.0	0.0005	VWA1	ENSG00000179403
3235.0	0.0005	SCCPDH	ENSG00000143653
3235.0	0.0005	UNC5B	ENSG00000107731
3235.0	0.0005	CCBE1	ENSG00000183287
3235.0	0.0005	PEPD	ENSG00000124299
3235.0	0.0005	UNC5C	ENSG00000182168
3235.0	0.0005	NARF	ENSG00000141562
3235.0	0.0005	TRPC5	ENSG00000072315
3235.0	0.0005	VSX2	ENSG00000119614
3235.0	0.0005	HPSE	ENSG00000173083
3235.0	0.0005	SPIRE2	ENSG00000204991
3235.0	0.0005	MAEA	ENSG00000090316
3235.0	0.0005	UCP3	ENSG00000175564
3235.0	0.0005	GLUD1	ENSG00000148672
3235.0	0.0005	FMN1	ENSG00000248905
3235.0	0.0005	RUVBL2	ENSG00000183207
3235.0	0.0005	HRAS	ENSG00000174775
3235.0	0.0005	YIPF5	ENSG00000145817
3235.0	0.0005	MPST	ENSG00000128309
3235.0	0.0005	CCL1	ENSG00000108702
3235.0	0.0005	CCL13	ENSG00000181374
3235.0	0.0005	CCL2	ENSG00000108691
3235.0	0.0005	SYNE3	ENSG00000176438
3235.0	0.0005	CD320	ENSG00000167775
3235.0	0.0005	MYOZ1	ENSG00000177791
3235.0	0.0005	H2AC20	ENSG00000184260
3235.0	0.0005	RAB3C	ENSG00000152932
3235.0	0.0005	SHOC2	ENSG00000108061
3235.0	0.0005	DOCK9	ENSG00000088387
3235.0	0.0005	TLX3	ENSG00000164438
3235.0	0.0005	H1-4	ENSG00000168298
3235.0	0.0005	PLAT	ENSG00000104368
3235.0	0.0005	PABPN1	ENSG00000100836
3235.0	0.0005	TPH2	ENSG00000139287
3235.0	0.0005	XPO1	ENSG00000082898
3235.0	0.0005	SLC17A6	ENSG00000091664
3235.0	0.0005	MAP1LC3B	ENSG00000140941
3235.0	0.0005	PTPN21	ENSG00000070778
3235.0	0.0005	GABRR1	ENSG00000146276
3235.0	0.0005	RFX1	ENSG00000132005
3235.0	0.0005	SSRP1	ENSG00000149136
3235.0	0.0005	PCGF1	ENSG00000115289
3235.0	0.0005	GDNF	ENSG00000168621
3235.0	0.0005	ASF1B	ENSG00000105011
3235.0	0.0005	RIMS1	ENSG00000079841
3235.0	0.0005	CBLIF	ENSG00000134812
3235.0	0.0005	PRDM1	ENSG00000057657
3235.0	0.0005	PPP1CA	ENSG00000172531
3235.0	0.0005	RIMBP2	ENSG00000060709
3235.0	0.0005	PYROXD1	ENSG00000121350
3235.0	0.0005	DRG1	ENSG00000185721
3235.0	0.0005	ASF1A	ENSG00000111875
3235.0	0.0005	FILIP1	ENSG00000118407
3235.0	0.0005	SPICE1	ENSG00000163611
3235.0	0.0005	AXIN1	ENSG00000103126
3235.0	0.0005	SLC7A14	ENSG00000013293
3235.0	0.0005	APOA1	ENSG00000118137
3235.0	0.0005	SLC10A4	ENSG00000145248
3235.0	0.0005	TMEM30B	ENSG00000182107
3235.0	0.0005	DDRGK1	ENSG00000198171
3235.0	0.0005	FUT2	ENSG00000176920
3235.0	0.0005	NPL	ENSG00000135838
3235.0	0.0005	HCRT	ENSG00000161610
3235.0	0.0005	XPO7	ENSG00000130227
3235.0	0.0005	PFDN5	ENSG00000123349
3235.0	0.0005	EIF2B3	ENSG00000070785
4984.0	0.0004	ADRA1B	ENSG00000170214
4984.0	0.0004	TSPO	ENSG00000100300
4984.0	0.0004	ELAVL1	ENSG00000066044
4984.0	0.0004	FLI1	ENSG00000151702
4984.0	0.0004	INSYN1	ENSG00000205363
4984.0	0.0004	APC	ENSG00000134982
4984.0	0.0004	ARSG	ENSG00000141337
4984.0	0.0004	BMP15	ENSG00000130385
4984.0	0.0004	BNC1	ENSG00000169594
4984.0	0.0004	CEP78	ENSG00000148019
4984.0	0.0004	CLRN1	ENSG00000163646
4984.0	0.0004	FSHR	ENSG00000170820
4984.0	0.0004	MSH4	ENSG00000057468
4984.0	0.0004	NR5A1	ENSG00000136931
4984.0	0.0004	POLR3H	ENSG00000100413
4984.0	0.0004	PSMC3IP	ENSG00000131470
4984.0	0.0004	SPIDR	ENSG00000164808
4984.0	0.0004	ZSWIM7	ENSG00000214941
4984.0	0.0004	KCNA5	ENSG00000130037
4984.0	0.0004	UFL1	ENSG00000014123
4984.0	0.0004	UBE2N	ENSG00000177889
4984.0	0.0004	SEMA5A	ENSG00000112902
4984.0	0.0004	HADH	ENSG00000138796
4984.0	0.0004	BTRC	ENSG00000166167
4984.0	0.0004	EVL	ENSG00000196405
4984.0	0.0004	OSGEPL1	ENSG00000128694
4984.0	0.0004	RNF4	ENSG00000063978
4984.0	0.0004	PACSIN1	ENSG00000124507
4984.0	0.0004	CRIPT	ENSG00000119878
4984.0	0.0004	METTL14	ENSG00000145388
4984.0	0.0004	RNF6	ENSG00000127870
4984.0	0.0004	ADCY1	ENSG00000164742
4984.0	0.0004	DBR1	ENSG00000138231
4984.0	0.0004	PLD2	ENSG00000129219
4984.0	0.0004	TIMM9	ENSG00000100575
4984.0	0.0004	EPB41L3	ENSG00000082397
4984.0	0.0004	ANKLE1	ENSG00000160117
4984.0	0.0004	EGLN2	ENSG00000269858
4984.0	0.0004	NTPCR	ENSG00000135778
4984.0	0.0004	METTL1	ENSG00000037897
4984.0	0.0004	ZMYM4	ENSG00000146463
4984.0	0.0004	PPARG	ENSG00000132170
4984.0	0.0004	BANF1	ENSG00000175334
4984.0	0.0004	CEP43	ENSG00000213066
4984.0	0.0004	LAMC3	ENSG00000050555
4984.0	0.0004	POLR1F	ENSG00000105849
4984.0	0.0004	SYCP2	ENSG00000196074
4984.0	0.0004	XPNPEP2	ENSG00000122121
4984.0	0.0004	TEN1	ENSG00000257949
4984.0	0.0004	PPARA	ENSG00000186951
4984.0	0.0004	RAC3	ENSG00000169750
4984.0	0.0004	MPC2	ENSG00000143158
4984.0	0.0004	COL5A2	ENSG00000204262
4984.0	0.0004	DSE	ENSG00000111817
4984.0	0.0004	DSG4	ENSG00000175065
4984.0	0.0004	KRT10	ENSG00000186395
4984.0	0.0004	LAMC2	ENSG00000058085
4984.0	0.0004	LORICRIN	ENSG00000203782
4984.0	0.0004	P3H3	ENSG00000110811
4984.0	0.0004	PKP1	ENSG00000081277
4984.0	0.0004	PPIB	ENSG00000166794
4984.0	0.0004	SCD	ENSG00000099194
4984.0	0.0004	SPINK5	ENSG00000133710
4984.0	0.0004	TUFT1	ENSG00000143367
4984.0	0.0004	RAB5A	ENSG00000144566
4984.0	0.0004	KIFBP	ENSG00000198954
4984.0	0.0004	POFUT2	ENSG00000186866
4984.0	0.0004	EGLN3	ENSG00000129521
4984.0	0.0004	ABI3	ENSG00000108798
4984.0	0.0004	JUNB	ENSG00000171223
4984.0	0.0004	NR2F2	ENSG00000185551
4984.0	0.0004	SPTLC2	ENSG00000100596
4984.0	0.0004	SPAG9	ENSG00000008294
4984.0	0.0004	EGLN1	ENSG00000135766
4984.0	0.0004	CAMP	ENSG00000164047
4984.0	0.0004	SPTLC3	ENSG00000172296
4984.0	0.0004	MRGPRD	ENSG00000172938
4984.0	0.0004	STOML3	ENSG00000133115
4984.0	0.0004	ATP5PD	ENSG00000167863
4984.0	0.0004	MARCHF7	ENSG00000136536
4984.0	0.0004	VMA21	ENSG00000160131
4984.0	0.0004	CLCF1	ENSG00000175505
4984.0	0.0004	THTPA	ENSG00000259431
4984.0	0.0004	RTF1	ENSG00000137815
4984.0	0.0004	SELENBP1	ENSG00000143416
4984.0	0.0004	CST4	ENSG00000101441
4984.0	0.0004	SCN3B	ENSG00000166257
4984.0	0.0004	SAP18	ENSG00000150459
4984.0	0.0004	RAPSN	ENSG00000165917
4984.0	0.0004	BOLA2B	ENSG00000169627
4984.0	0.0004	CKAP5	ENSG00000175216
4984.0	0.0004	BOLA2	ENSG00000183336
4984.0	0.0004	RP11-345J4.5	ENSG00000261740
4984.0	0.0004	ARL16	ENSG00000214087
4984.0	0.0004	MRS2	ENSG00000124532
4984.0	0.0004	GTPBP4	ENSG00000107937
4984.0	0.0004	CEP162	ENSG00000135315
4984.0	0.0004	FOXE1	ENSG00000178919
4984.0	0.0004	NKX2-5	ENSG00000183072
4984.0	0.0004	PAX8	ENSG00000125618
4984.0	0.0004	UQCC3	ENSG00000204922
4984.0	0.0004	TMEM132E	ENSG00000181291
4984.0	0.0004	EBNA1BP2	ENSG00000117395
4984.0	0.0004	UBE2E2	ENSG00000182247
4984.0	0.0004	SLC4A3	ENSG00000114923
4984.0	0.0004	ESR1	ENSG00000091831
4984.0	0.0004	MAGT1	ENSG00000102158
4984.0	0.0004	ADCY8	ENSG00000155897
4984.0	0.0004	ATP13A5	ENSG00000187527
4984.0	0.0004	CDS2	ENSG00000101290
4984.0	0.0004	CREB1	ENSG00000118260
4984.0	0.0004	DHRS3	ENSG00000162496
4984.0	0.0004	DRD4	ENSG00000069696
4984.0	0.0004	GRM5	ENSG00000168959
4984.0	0.0004	HCN3	ENSG00000143630
4984.0	0.0004	HMOX2	ENSG00000103415
4984.0	0.0004	KCNE3	ENSG00000175538
4984.0	0.0004	KCNK3	ENSG00000171303
4984.0	0.0004	KCNMB4	ENSG00000135643
4984.0	0.0004	NOS2	ENSG00000007171
4984.0	0.0004	NPAS2	ENSG00000170485
4984.0	0.0004	P2RX3	ENSG00000109991
4984.0	0.0004	PACSIN2	ENSG00000100266
4984.0	0.0004	PER1	ENSG00000179094
4984.0	0.0004	PER2	ENSG00000132326
4984.0	0.0004	PER3	ENSG00000049246
4984.0	0.0004	PKD2L1	ENSG00000107593
4984.0	0.0004	SLC17A8	ENSG00000179520
4984.0	0.0004	SLC1A6	ENSG00000105143
4984.0	0.0004	TMEM198B	ENSG00000182796
4984.0	0.0004	TRPC1	ENSG00000144935
4984.0	0.0004	PLXNA3	ENSG00000130827
4984.0	0.0004	PLXNB1	ENSG00000164050
4984.0	0.0004	SELV	ENSG00000186838
4984.0	0.0004	PLXNA2	ENSG00000076356
4984.0	0.0004	SRSF9	ENSG00000111786
4984.0	0.0004	ZNF280B	ENSG00000198477
4984.0	0.0004	IL1R1	ENSG00000115594
4984.0	0.0004	ZNF280C	ENSG00000056277
4984.0	0.0004	ETFA	ENSG00000140374
4984.0	0.0004	ZNF280A	ENSG00000169548
4984.0	0.0004	FURIN	ENSG00000140564
4984.0	0.0004	NDUFA10	ENSG00000130414
4984.0	0.0004	NHS	ENSG00000188158
4984.0	0.0004	RWDD1	ENSG00000111832
4984.0	0.0004	COLEC11	ENSG00000118004
4984.0	0.0004	PEX5L	ENSG00000114757
4984.0	0.0004	SLC41A1	ENSG00000133065
4984.0	0.0004	NR2E1	ENSG00000112333
4984.0	0.0004	NELL2	ENSG00000184613
4984.0	0.0004	AOX1	ENSG00000138356
4984.0	0.0004	CDCA7L	ENSG00000164649
4984.0	0.0004	TACC3	ENSG00000013810
4984.0	0.0004	GMPS	ENSG00000163655
4984.0	0.0004	GPR83	ENSG00000123901
4984.0	0.0004	XPNPEP1	ENSG00000108039
4984.0	0.0004	FOXM1	ENSG00000111206
4984.0	0.0004	CNOT9	ENSG00000144580
4984.0	0.0004	PSIP1	ENSG00000164985
4984.0	0.0004	BUD31	ENSG00000106245
4984.0	0.0004	MBNL2	ENSG00000139793
4984.0	0.0004	LPO	ENSG00000167419
4984.0	0.0004	RMND5A	ENSG00000153561
4984.0	0.0004	HSD17B12	ENSG00000149084
4984.0	0.0004	PTPN3	ENSG00000070159
4984.0	0.0004	PDXK	ENSG00000160209
4984.0	0.0004	EIF5A	ENSG00000132507
4984.0	0.0004	TMEM108	ENSG00000144868
4984.0	0.0004	IFT88	ENSG00000032742
4984.0	0.0004	DNAAF1	ENSG00000154099
4984.0	0.0004	TEF	ENSG00000167074
4984.0	0.0004	TEAD2	ENSG00000074219
4984.0	0.0004	RMND5B	ENSG00000145916
4984.0	0.0004	PCSK5	ENSG00000099139
4984.0	0.0004	EIF5A2	ENSG00000163577
4984.0	0.0004	PRPF19	ENSG00000110107
4984.0	0.0004	ATP5F1C	ENSG00000165629
4984.0	0.0004	SMURF1	ENSG00000198742
4984.0	0.0004	IHH	ENSG00000163501
4984.0	0.0004	PCSK1	ENSG00000175426
4984.0	0.0004	GCLM	ENSG00000023909
4984.0	0.0004	PCSK7	ENSG00000160613
4984.0	0.0004	RPL4	ENSG00000174444
4984.0	0.0004	CERS2	ENSG00000143418
4984.0	0.0004	KATNA1	ENSG00000186625
4984.0	0.0004	SYCP3	ENSG00000139351
4984.0	0.0004	USP6	ENSG00000129204
4984.0	0.0004	HNF1A	ENSG00000135100
4984.0	0.0004	PCSK4	ENSG00000115257
4984.0	0.0004	ELMO1	ENSG00000155849
4984.0	0.0004	SLC8A2	ENSG00000118160
4984.0	0.0004	YIPF7	ENSG00000177752
4984.0	0.0004	SLC25A26	ENSG00000144741
4984.0	0.0004	KCNE5	ENSG00000176076
4984.0	0.0004	PAX2	ENSG00000075891
4984.0	0.0004	CYB5D2	ENSG00000167740
4984.0	0.0004	TLR5	ENSG00000187554
4984.0	0.0004	SGCG	ENSG00000102683
4984.0	0.0004	F12	ENSG00000131187
4984.0	0.0004	TRPM7	ENSG00000092439
4984.0	0.0004	COL17A1	ENSG00000065618
4984.0	0.0004	LRRC4	ENSG00000128594
4984.0	0.0004	PRPH2	ENSG00000112619
4984.0	0.0004	BAIAP3	ENSG00000007516
4984.0	0.0004	TOP2B	ENSG00000077097
4984.0	0.0004	KLF4	ENSG00000136826
4984.0	0.0004	MAP9	ENSG00000164114
4984.0	0.0004	RNF31	ENSG00000092098
4984.0	0.0004	DHH	ENSG00000139549
4984.0	0.0004	RACK1	ENSG00000204628
4984.0	0.0004	DSTN	ENSG00000125868
4984.0	0.0004	LRRC4C	ENSG00000148948
4984.0	0.0004	WDHD1	ENSG00000198554
4984.0	0.0004	ZC3H15	ENSG00000065548
4984.0	0.0004	MFAP1	ENSG00000140259
4984.0	0.0004	CDC16	ENSG00000130177
4984.0	0.0004	ACACB	ENSG00000076555
4984.0	0.0004	ACACA	ENSG00000132142
4984.0	0.0004	BICDL1	ENSG00000135127
4984.0	0.0004	WNT4	ENSG00000162552
4984.0	0.0004	TANK	ENSG00000136560
4984.0	0.0004	TACC1	ENSG00000147526
4984.0	0.0004	RGS2	ENSG00000116741
4984.0	0.0004	PHLPP1	ENSG00000081913
4984.0	0.0004	NCOR1	ENSG00000141027
4984.0	0.0004	ADGRA2	ENSG00000020181
4984.0	0.0004	GOT1	ENSG00000120053
4984.0	0.0004	PHLPP2	ENSG00000040199
4984.0	0.0004	ITPK1	ENSG00000100605
4984.0	0.0004	PNOC	ENSG00000168081
4984.0	0.0004	ORMDL3	ENSG00000172057
4984.0	0.0004	TAB2	ENSG00000055208
4984.0	0.0004	DEDD	ENSG00000158796
4984.0	0.0004	GTF3C1	ENSG00000077235
4984.0	0.0004	MRTFB	ENSG00000186260
4984.0	0.0004	VAV3	ENSG00000134215
4984.0	0.0004	PFAS	ENSG00000178921
4984.0	0.0004	GLRX3	ENSG00000108010
4984.0	0.0004	SVIL	ENSG00000197321
4984.0	0.0004	PDXP	ENSG00000241360
4984.0	0.0004	BAIAP2	ENSG00000175866
4984.0	0.0004	DICER1	ENSG00000100697
4984.0	0.0004	PPCDC	ENSG00000138621
4984.0	0.0004	PRSS12	ENSG00000164099
4984.0	0.0004	RWDD4	ENSG00000182552
4984.0	0.0004	BAG3	ENSG00000151929
4984.0	0.0004	PDE6B	ENSG00000133256
4984.0	0.0004	TENT4B	ENSG00000121274
4984.0	0.0004	STARD13	ENSG00000133121
4984.0	0.0004	HPSE2	ENSG00000172987
4984.0	0.0004	SRM	ENSG00000116649
4984.0	0.0004	IP6K1	ENSG00000176095
4984.0	0.0004	AMD1	ENSG00000123505
4984.0	0.0004	UBXN6	ENSG00000167671
4984.0	0.0004	SPTSSB	ENSG00000196542
4984.0	0.0004	CLINT1	ENSG00000113282
4984.0	0.0004	TIMM13	ENSG00000099800
4984.0	0.0004	B3GAT3	ENSG00000149541
4984.0	0.0004	INPPL1	ENSG00000165458
4984.0	0.0004	PFKL	ENSG00000141959
4984.0	0.0004	RAB3A	ENSG00000105649
4984.0	0.0004	IPPK	ENSG00000127080
4984.0	0.0004	TUBB6	ENSG00000176014
4984.0	0.0004	PHOSPHO2	ENSG00000144362
4984.0	0.0004	CBX5	ENSG00000094916
4984.0	0.0004	FIS1	ENSG00000214253
4984.0	0.0004	TLCD2	ENSG00000185561
4984.0	0.0004	HNRNPF	ENSG00000169813
4984.0	0.0004	PPP1R12A	ENSG00000058272
4984.0	0.0004	PAWR	ENSG00000177425
4984.0	0.0004	RNF139	ENSG00000170881
4984.0	0.0004	COL4A5	ENSG00000188153
4984.0	0.0004	PDE4B	ENSG00000184588
4984.0	0.0004	ABCA4	ENSG00000198691
4984.0	0.0004	MRTFA	ENSG00000196588
4984.0	0.0004	RAD54L2	ENSG00000164080
4984.0	0.0004	RAB2A	ENSG00000104388
4984.0	0.0004	PDE4C	ENSG00000105650
4984.0	0.0004	STAT6	ENSG00000166888
4984.0	0.0004	NLGN2	ENSG00000169992
4984.0	0.0004	PDE1B	ENSG00000123360
4984.0	0.0004	DIAPH2	ENSG00000147202
4984.0	0.0004	SOCS6	ENSG00000170677
4984.0	0.0004	MEA1	ENSG00000124733
4984.0	0.0004	SMYD4	ENSG00000186532
4984.0	0.0004	TLE3	ENSG00000140332
4984.0	0.0004	ZNF608	ENSG00000168916
4984.0	0.0004	CCNA1	ENSG00000133101
4984.0	0.0004	HDAC5	ENSG00000108840
4984.0	0.0004	FHL1	ENSG00000022267
4984.0	0.0004	SYNE2	ENSG00000054654
4984.0	0.0004	TMEM43	ENSG00000170876
4984.0	0.0004	FECH	ENSG00000066926
4984.0	0.0004	RIGI	ENSG00000107201
4984.0	0.0004	MIEF1	ENSG00000100335
4984.0	0.0004	LRRC10	ENSG00000198812
4984.0	0.0004	PDCD10	ENSG00000114209
4984.0	0.0004	SLC2A14	ENSG00000173262
4984.0	0.0004	TNFRSF11B	ENSG00000164761
4984.0	0.0004	AP1S1	ENSG00000106367
4984.0	0.0004	CRTAP	ENSG00000170275
4984.0	0.0004	EDEM3	ENSG00000116406
4984.0	0.0004	EFL1	ENSG00000140598
4984.0	0.0004	ELAC2	ENSG00000006744
4984.0	0.0004	EPB41L1	ENSG00000088367
4984.0	0.0004	FOXF1	ENSG00000103241
4984.0	0.0004	GORAB	ENSG00000120370
4984.0	0.0004	H4C9	ENSG00000198339
4984.0	0.0004	LTC4S	ENSG00000213316
4984.0	0.0004	P4HB	ENSG00000185624
4984.0	0.0004	SARS2	ENSG00000104835
4984.0	0.0004	SLC2A10	ENSG00000197496
4984.0	0.0004	DSTYK	ENSG00000133059
4984.0	0.0004	RTP1	ENSG00000175077
4984.0	0.0004	RTP2	ENSG00000198471
4984.0	0.0004	VWF	ENSG00000110799
4984.0	0.0004	HYOU1	ENSG00000149428
4984.0	0.0004	NXPE3	ENSG00000144815
4984.0	0.0004	PDCD6	ENSG00000249915
4984.0	0.0004	TLE5	ENSG00000104964
4984.0	0.0004	MEMO1	ENSG00000162959
4984.0	0.0004	ACIN1	ENSG00000100813
4984.0	0.0004	DCP2	ENSG00000172795
4984.0	0.0004	CD47	ENSG00000196776
4984.0	0.0004	HSPA8	ENSG00000109971
4984.0	0.0004	COL15A1	ENSG00000204291
4984.0	0.0004	FADD	ENSG00000168040
4984.0	0.0004	AFP	ENSG00000081051
4984.0	0.0004	TEAD4	ENSG00000197905
4984.0	0.0004	B3GALT5	ENSG00000183778
4984.0	0.0004	GET3	ENSG00000198356
4984.0	0.0004	MYF5	ENSG00000111049
4984.0	0.0004	PGD	ENSG00000142657
4984.0	0.0004	SPHK1	ENSG00000176170
4984.0	0.0004	PLOD3	ENSG00000106397
4984.0	0.0004	TECRL	ENSG00000205678
4984.0	0.0004	MPZL3	ENSG00000160588
4984.0	0.0004	RAD23B	ENSG00000119318
4984.0	0.0004	PRPS2	ENSG00000101911
4984.0	0.0004	ARSH	ENSG00000205667
4984.0	0.0004	ZBTB14	ENSG00000198081
4984.0	0.0004	GIT1	ENSG00000108262
4984.0	0.0004	SLIRP	ENSG00000119705
4984.0	0.0004	CNBP	ENSG00000169714
4984.0	0.0004	GPRIN3	ENSG00000185477
4984.0	0.0004	UCP1	ENSG00000109424
4984.0	0.0004	GUSB	ENSG00000169919
4984.0	0.0004	UNC13B	ENSG00000198722
4984.0	0.0004	BMP1	ENSG00000168487
4984.0	0.0004	TGFB3	ENSG00000119699
4984.0	0.0004	RTN4RL1	ENSG00000185924
4984.0	0.0004	DYRK1B	ENSG00000105204
4984.0	0.0004	YWHAZ	ENSG00000164924
4984.0	0.0004	RAD23A	ENSG00000179262
4984.0	0.0004	NHERF1	ENSG00000109062
4984.0	0.0004	RBPMS	ENSG00000157110
4984.0	0.0004	CORO2B	ENSG00000103647
4984.0	0.0004	TRPM2	ENSG00000142185
4984.0	0.0004	GLRX	ENSG00000173221
4984.0	0.0004	ITGA2B	ENSG00000005961
4984.0	0.0004	PTPRJ	ENSG00000149177
4984.0	0.0004	SLC2A13	ENSG00000151229
4984.0	0.0004	PLOD2	ENSG00000152952
4984.0	0.0004	ACAA1	ENSG00000060971
4984.0	0.0004	REM2	ENSG00000139890
4984.0	0.0004	POU3F2	ENSG00000184486
4984.0	0.0004	CRYBB2	ENSG00000244752
4984.0	0.0004	SLC24A5	ENSG00000188467
4984.0	0.0004	TFB1M	ENSG00000029639
4984.0	0.0004	ACAD9	ENSG00000177646
4984.0	0.0004	KDM3A	ENSG00000115548
4984.0	0.0004	LGMN	ENSG00000100600
4984.0	0.0004	TMEM19	ENSG00000139291
4984.0	0.0004	COL1A2	ENSG00000164692
4984.0	0.0004	HSPB2	ENSG00000170276
4984.0	0.0004	ITGA11	ENSG00000137809
4984.0	0.0004	CELF1	ENSG00000149187
4984.0	0.0004	SLC34A2	ENSG00000157765
4984.0	0.0004	PYURF	ENSG00000145337
4984.0	0.0004	MTERF1	ENSG00000127989
4984.0	0.0004	PCGF3	ENSG00000185619
4984.0	0.0004	PRKAR2A	ENSG00000114302
4984.0	0.0004	PRKAR1A	ENSG00000108946
4984.0	0.0004	TRIM25	ENSG00000121060
4984.0	0.0004	SV2A	ENSG00000159164
4984.0	0.0004	CTNS	ENSG00000040531
4984.0	0.0004	EDN1	ENSG00000078401
4984.0	0.0004	FARSA	ENSG00000179115
4984.0	0.0004	TMEM199	ENSG00000244045
4984.0	0.0004	ALKBH8	ENSG00000137760
4984.0	0.0004	ANKRD11	ENSG00000167522
4984.0	0.0004	AQP2	ENSG00000167580
4984.0	0.0004	AVPR2	ENSG00000126895
4984.0	0.0004	CBS	ENSG00000160200
4984.0	0.0004	DIP2B	ENSG00000066084
4984.0	0.0004	DPH1	ENSG00000108963
4984.0	0.0004	DPH2	ENSG00000132768
4984.0	0.0004	EGF	ENSG00000138798
4984.0	0.0004	FAM111A	ENSG00000166801
4984.0	0.0004	FGF10	ENSG00000070193
4984.0	0.0004	FGFR2	ENSG00000066468
4984.0	0.0004	GK	ENSG00000198814
4984.0	0.0004	GYS2	ENSG00000111713
4984.0	0.0004	HPD	ENSG00000158104
4984.0	0.0004	IVD	ENSG00000128928
4984.0	0.0004	KAT5	ENSG00000172977
4984.0	0.0004	MGP	ENSG00000111341
4984.0	0.0004	NIN	ENSG00000100503
4984.0	0.0004	PAK2	ENSG00000180370
4984.0	0.0004	PCK1	ENSG00000124253
4984.0	0.0004	SGSH	ENSG00000181523
4984.0	0.0004	SMAD2	ENSG00000175387
4984.0	0.0004	STAT2	ENSG00000170581
4984.0	0.0004	STEEP1	ENSG00000018610
4984.0	0.0004	TGDS	ENSG00000088451
4984.0	0.0004	ODAD3	ENSG00000198003
4984.0	0.0004	CNBD2	ENSG00000149646
4984.0	0.0004	TENT4A	ENSG00000112941
4984.0	0.0004	VPS52	ENSG00000223501
4984.0	0.0004	PIGX	ENSG00000163964
4984.0	0.0004	CEP83	ENSG00000173588
4984.0	0.0004	AP2A2	ENSG00000183020
4984.0	0.0004	GAS2	ENSG00000148935
4984.0	0.0004	GLRA3	ENSG00000145451
4984.0	0.0004	SLC34A3	ENSG00000198569
4984.0	0.0004	G3BP1	ENSG00000145907
4984.0	0.0004	FRMD6	ENSG00000139926
4984.0	0.0004	PHB2	ENSG00000215021
4984.0	0.0004	C1orf222	ENSG00000142609
4984.0	0.0004	CCDC103	ENSG00000167131
4984.0	0.0004	CCDC39	ENSG00000145075
4984.0	0.0004	CCDC40	ENSG00000141519
4984.0	0.0004	CCDC65	ENSG00000139537
4984.0	0.0004	CCNO	ENSG00000152669
4984.0	0.0004	CEP63	ENSG00000182923
4984.0	0.0004	CFAP298	ENSG00000159079
4984.0	0.0004	CFAP300	ENSG00000137691
4984.0	0.0004	DNAAF11	ENSG00000129295
4984.0	0.0004	DNAAF2	ENSG00000165506
4984.0	0.0004	DNAAF3	ENSG00000167646
4984.0	0.0004	DNAAF4	ENSG00000256061
4984.0	0.0004	DNAAF5	ENSG00000164818
4984.0	0.0004	DNAAF6	ENSG00000080572
4984.0	0.0004	DNAH1	ENSG00000114841
4984.0	0.0004	DNAH11	ENSG00000105877
4984.0	0.0004	DNAH5	ENSG00000039139
4984.0	0.0004	DNAH9	ENSG00000007174
4984.0	0.0004	DNAI1	ENSG00000122735
4984.0	0.0004	DNAI2	ENSG00000171595
4984.0	0.0004	DNAJB13	ENSG00000187726
4984.0	0.0004	DNAL1	ENSG00000119661
4984.0	0.0004	DRC1	ENSG00000157856
4984.0	0.0004	DYNC2I2	ENSG00000119333
4984.0	0.0004	FANCF	ENSG00000183161
4984.0	0.0004	FOXJ1	ENSG00000129654
4984.0	0.0004	GAS2L2	ENSG00000132139
4984.0	0.0004	GAS8	ENSG00000141013
4984.0	0.0004	HOXA2	ENSG00000105996
4984.0	0.0004	HYDIN	ENSG00000157423
4984.0	0.0004	INTU	ENSG00000164066
4984.0	0.0004	KYNU	ENSG00000115919
4984.0	0.0004	LRRC56	ENSG00000161328
4984.0	0.0004	MCIDAS	ENSG00000234602
4984.0	0.0004	NBN	ENSG00000104320
4984.0	0.0004	NEK10	ENSG00000163491
4984.0	0.0004	NME5	ENSG00000112981
4984.0	0.0004	NME8	ENSG00000086288
4984.0	0.0004	ODAD1	ENSG00000105479
4984.0	0.0004	ODAD2	ENSG00000169126
4984.0	0.0004	PCDP1	ENSG00000163075
4984.0	0.0004	PHF8	ENSG00000172943
4984.0	0.0004	PIK3R1	ENSG00000145675
4984.0	0.0004	RPGR	ENSG00000156313
4984.0	0.0004	RRP7A	ENSG00000189306
4984.0	0.0004	RSPH1	ENSG00000160188
4984.0	0.0004	RSPH3	ENSG00000130363
4984.0	0.0004	RSPH4A	ENSG00000111834
4984.0	0.0004	RSPH9	ENSG00000172426
4984.0	0.0004	SCNM1	ENSG00000163156
4984.0	0.0004	SEC23A	ENSG00000100934
4984.0	0.0004	SPAG1	ENSG00000104450
4984.0	0.0004	SPEF2	ENSG00000152582
4984.0	0.0004	STK36	ENSG00000163482
4984.0	0.0004	TPRN	ENSG00000176058
4984.0	0.0004	TTC12	ENSG00000149292
4984.0	0.0004	ZMYND10	ENSG00000004838
4984.0	0.0004	GPA33	ENSG00000143167
4984.0	0.0004	FBXW2	ENSG00000119402
4984.0	0.0004	NGFR	ENSG00000064300
4984.0	0.0004	AKT3	ENSG00000117020
4984.0	0.0004	ACSBG1	ENSG00000103740
4984.0	0.0004	NEO1	ENSG00000067141
4984.0	0.0004	CD59	ENSG00000085063
4984.0	0.0004	KEAP1	ENSG00000079999
4984.0	0.0004	B3GALNT1	ENSG00000169255
4984.0	0.0004	KHDRBS1	ENSG00000121774
4984.0	0.0004	AP2A1	ENSG00000196961
4984.0	0.0004	IGDCC4	ENSG00000103742
4984.0	0.0004	PDGFRB	ENSG00000113721
4984.0	0.0004	CERS3	ENSG00000154227
4984.0	0.0004	USP11	ENSG00000102226
4984.0	0.0004	KATNAL1	ENSG00000102781
4984.0	0.0004	SUMO1	ENSG00000116030
4984.0	0.0004	CRYGD	ENSG00000118231
4984.0	0.0004	SLC34A1	ENSG00000131183
4984.0	0.0004	KCNE2	ENSG00000159197
4984.0	0.0004	DHX8	ENSG00000067596
4984.0	0.0004	KATNAL2	ENSG00000167216
4984.0	0.0004	ERBB2	ENSG00000141736
4984.0	0.0004	SAP30BP	ENSG00000161526
4984.0	0.0004	TRPM1	ENSG00000134160
4984.0	0.0004	PRTG	ENSG00000166450
4984.0	0.0004	LAMP5	ENSG00000125869
4984.0	0.0004	GPR61	ENSG00000156097
4984.0	0.0004	HOXA5	ENSG00000106004
4984.0	0.0004	MTMR2	ENSG00000087053
4984.0	0.0004	ASIC4	ENSG00000072182
4984.0	0.0004	TRMT12	ENSG00000183665
4984.0	0.0004	SGTA	ENSG00000104969
4984.0	0.0004	CDK5RAP2	ENSG00000136861
4984.0	0.0004	AGMO	ENSG00000187546
4984.0	0.0004	GNAT3	ENSG00000214415
4984.0	0.0004	NUMA1	ENSG00000137497
4984.0	0.0004	HSD17B7	ENSG00000132196
4984.0	0.0004	C1QA	ENSG00000173372
4984.0	0.0004	PRPSAP1	ENSG00000161542
4984.0	0.0004	MTA3	ENSG00000057935
4984.0	0.0004	TESK1	ENSG00000107140
4984.0	0.0004	EIF5AL1	ENSG00000253626
4984.0	0.0004	RBPMS2	ENSG00000166831
4984.0	0.0004	ATP6V1D	ENSG00000100554
4984.0	0.0004	GRIN3A	ENSG00000198785
4984.0	0.0004	CEP152	ENSG00000103995
4984.0	0.0004	ARSB	ENSG00000113273
4984.0	0.0004	FBF1	ENSG00000188878
4984.0	0.0004	PLA2G4A	ENSG00000116711
4984.0	0.0004	SMIM3	ENSG00000256235
4984.0	0.0004	MGAT1	ENSG00000131446
4984.0	0.0004	MITF	ENSG00000187098
4984.0	0.0004	DDX20	ENSG00000064703
4984.0	0.0004	TCP1	ENSG00000120438
4984.0	0.0004	TST	ENSG00000128311
4984.0	0.0004	EMSY	ENSG00000158636
4984.0	0.0004	CEP89	ENSG00000121289
4984.0	0.0004	GCNT2	ENSG00000111846
4984.0	0.0004	LSM1	ENSG00000175324
4984.0	0.0004	ZNF676	ENSG00000196109
4984.0	0.0004	LGALS4	ENSG00000171747
4984.0	0.0004	AGPAT2	ENSG00000169692
4984.0	0.0004	RUNX2	ENSG00000124813
4984.0	0.0004	PLA1A	ENSG00000144837
4984.0	0.0004	RPS15	ENSG00000115268
4984.0	0.0004	PTPRT	ENSG00000196090
4984.0	0.0004	GYG1	ENSG00000163754
4984.0	0.0004	USO1	ENSG00000138768
4984.0	0.0004	STXBP2	ENSG00000076944
4984.0	0.0004	AGTRAP	ENSG00000177674
4984.0	0.0004	WASHC3	ENSG00000120860
4984.0	0.0004	BMPR1A	ENSG00000107779
4984.0	0.0004	OPRL1	ENSG00000125510
4984.0	0.0004	PSTPIP2	ENSG00000152229
4984.0	0.0004	CD63	ENSG00000135404
4984.0	0.0004	CRABP2	ENSG00000143320
4984.0	0.0004	EEA1	ENSG00000102189
4984.0	0.0004	SLC26A7	ENSG00000147606
4984.0	0.0004	C1GALT1C1	ENSG00000171155
4984.0	0.0004	TP53	ENSG00000141510
4984.0	0.0004	STX6	ENSG00000135823
4984.0	0.0004	TNFRSF13B	ENSG00000240505
4984.0	0.0004	POLB	ENSG00000070501
4984.0	0.0004	RHOT1	ENSG00000126858
4984.0	0.0004	STIM2	ENSG00000109689
4984.0	0.0004	CRLF2	ENSG00000205755
4984.0	0.0004	WNT1	ENSG00000125084
4984.0	0.0004	CPSF6	ENSG00000111605
4984.0	0.0004	CNTN5	ENSG00000149972
4984.0	0.0004	ASB1	ENSG00000065802
4984.0	0.0004	RAB38	ENSG00000123892
4984.0	0.0004	TRAPPC1	ENSG00000170043
4984.0	0.0004	GOLGA7	ENSG00000147533
4984.0	0.0004	B4GALNT2	ENSG00000167080
4984.0	0.0004	CDC42EP4	ENSG00000179604
4984.0	0.0004	TTC1	ENSG00000113312
4984.0	0.0004	ZHX1	ENSG00000165156
4984.0	0.0004	SDC4	ENSG00000124145
4984.0	0.0004	ELK1	ENSG00000126767
4984.0	0.0004	ITPKA	ENSG00000137825
4984.0	0.0004	MCEE	ENSG00000124370
4984.0	0.0004	SQOR	ENSG00000137767
4984.0	0.0004	TMUB1	ENSG00000164897
4984.0	0.0004	ATOX1	ENSG00000177556
4984.0	0.0004	EPS15	ENSG00000085832
4984.0	0.0004	WASHC2A	ENSG00000099290
4984.0	0.0004	USHBP1	ENSG00000130307
4984.0	0.0004	ANKRD49	ENSG00000168876
4984.0	0.0004	FAM21B	ENSG00000152726
4984.0	0.0004	TRAPPC5	ENSG00000181029
4984.0	0.0004	BCAS4	ENSG00000124243
4984.0	0.0004	SEMA7A	ENSG00000138623
4984.0	0.0004	TRAPPC2	ENSG00000196459
4984.0	0.0004	CEBPA	ENSG00000245848
4984.0	0.0004	RBFOX3	ENSG00000167281
4984.0	0.0004	SGTB	ENSG00000197860
4984.0	0.0004	GRIP1	ENSG00000155974
4984.0	0.0004	USF1	ENSG00000158773
4984.0	0.0004	MICU2	ENSG00000165487
4984.0	0.0004	NAT8	ENSG00000144035
4984.0	0.0004	HSP90B1	ENSG00000166598
4984.0	0.0004	PKHD1	ENSG00000170927
4984.0	0.0004	CD3E	ENSG00000198851
4984.0	0.0004	DGKD	ENSG00000077044
4984.0	0.0004	ECRG4	ENSG00000119147
4984.0	0.0004	MTMR9	ENSG00000104643
4984.0	0.0004	PRKCD	ENSG00000163932
4984.0	0.0004	PYY	ENSG00000131096
4984.0	0.0004	PYY3	ENSG00000181977
4984.0	0.0004	SOX1	ENSG00000182968
4984.0	0.0004	TCF12	ENSG00000140262
4984.0	0.0004	GANAB	ENSG00000089597
4984.0	0.0004	AZIN1	ENSG00000155096
4984.0	0.0004	TRAF6	ENSG00000175104
4984.0	0.0004	OGT	ENSG00000147162
4984.0	0.0004	CD4	ENSG00000010610
4984.0	0.0004	CLOCK	ENSG00000134852
4984.0	0.0004	RNF122	ENSG00000133874
4984.0	0.0004	NRXN2	ENSG00000110076
4984.0	0.0004	ROBO4	ENSG00000154133
4984.0	0.0004	MYH7	ENSG00000092054
4984.0	0.0004	PLK1	ENSG00000166851
4984.0	0.0004	NAA16	ENSG00000172766
4984.0	0.0004	ACAN	ENSG00000157766
4984.0	0.0004	DLL4	ENSG00000128917
4984.0	0.0004	EOGT	ENSG00000163378
4984.0	0.0004	GRHL2	ENSG00000083307
4984.0	0.0004	ATF4	ENSG00000128272
4984.0	0.0004	KIF23	ENSG00000137807
4984.0	0.0004	FABP7	ENSG00000164434
4984.0	0.0004	ACP3	ENSG00000014257
4984.0	0.0004	ANXA3	ENSG00000138772
4984.0	0.0004	OS9	ENSG00000135506
4984.0	0.0004	SMPDL3A	ENSG00000172594
4984.0	0.0004	RAP1A	ENSG00000116473
4984.0	0.0004	ARHGEF3	ENSG00000163947
4984.0	0.0004	ITPKB	ENSG00000143772
4984.0	0.0004	FRS3	ENSG00000137218
4984.0	0.0004	UBE2D1	ENSG00000072401
4984.0	0.0004	CFHR1	ENSG00000244414
4984.0	0.0004	CFHR3	ENSG00000116785
4984.0	0.0004	ZNF804A	ENSG00000170396
4984.0	0.0004	ANKH	ENSG00000154122
4984.0	0.0004	HSPA5	ENSG00000044574
4984.0	0.0004	HGS	ENSG00000185359
4984.0	0.0004	PTDSS1	ENSG00000156471
4984.0	0.0004	MYL9	ENSG00000101335
4984.0	0.0004	CRK	ENSG00000167193
4984.0	0.0004	HDAC9	ENSG00000048052
4984.0	0.0004	MRPS16	ENSG00000182180
4984.0	0.0004	IL3	ENSG00000164399
4984.0	0.0004	MAN2A1	ENSG00000112893
4984.0	0.0004	CDK2	ENSG00000123374
4984.0	0.0004	ALG5	ENSG00000120697
4984.0	0.0004	CXCL2	ENSG00000081041
4984.0	0.0004	XPOT	ENSG00000184575
4984.0	0.0004	DOLPP1	ENSG00000167130
4984.0	0.0004	TP53INP2	ENSG00000078804
4984.0	0.0004	RBP2	ENSG00000114113
4984.0	0.0004	VIPR2	ENSG00000106018
4984.0	0.0004	PGS1	ENSG00000087157
4984.0	0.0004	YWHAB	ENSG00000166913
4984.0	0.0004	RRM2	ENSG00000171848
4984.0	0.0004	DAPK1	ENSG00000196730
4984.0	0.0004	TMED10	ENSG00000170348
4984.0	0.0004	C18orf32	ENSG00000177576
4984.0	0.0004	CMKLR1	ENSG00000174600
4984.0	0.0004	LZTS2	ENSG00000107816
4984.0	0.0004	CSF2RA	ENSG00000198223
4984.0	0.0004	EDEM1	ENSG00000134109
4984.0	0.0004	CDIPT	ENSG00000103502
4984.0	0.0004	FUBP1	ENSG00000162613
4984.0	0.0004	PRDM6	ENSG00000061455
4984.0	0.0004	NRXN3	ENSG00000021645
4984.0	0.0004	TAF10	ENSG00000166337
4984.0	0.0004	SLITRK3	ENSG00000121871
4984.0	0.0004	FZD4	ENSG00000174804
4984.0	0.0004	CAPZB	ENSG00000077549
4984.0	0.0004	CAPZA1	ENSG00000116489
4984.0	0.0004	RHOT2	ENSG00000140983
4984.0	0.0004	MCUR1	ENSG00000050393
4984.0	0.0004	RP11-667K14.8	ENSG00000262402
4984.0	0.0004	PGRMC1	ENSG00000101856
4984.0	0.0004	SIRT1	ENSG00000096717
4984.0	0.0004	PIP5K1C	ENSG00000186111
4984.0	0.0004	ARHGAP6	ENSG00000047648
4984.0	0.0004	TFF1	ENSG00000160182
4984.0	0.0004	COX5B	ENSG00000135940
4984.0	0.0004	TRPV5	ENSG00000127412
4984.0	0.0004	MC2R	ENSG00000185231
4984.0	0.0004	COMMD1	ENSG00000173163
4984.0	0.0004	ING5	ENSG00000168395
4984.0	0.0004	FCGR2A	ENSG00000143226
4984.0	0.0004	FCGR2C	ENSG00000244682
4984.0	0.0004	DPM3	ENSG00000179085
4984.0	0.0004	SF3B1	ENSG00000115524
4984.0	0.0004	EXOSC6	ENSG00000223496
4984.0	0.0004	KAT2B	ENSG00000114166
4984.0	0.0004	HPS3	ENSG00000163755
4984.0	0.0004	RGS19	ENSG00000171700
4984.0	0.0004	FUBP3	ENSG00000107164
4984.0	0.0004	SYN1	ENSG00000008056
4984.0	0.0004	VEZT	ENSG00000028203
4984.0	0.0004	MEAF6	ENSG00000163875
4984.0	0.0004	B2M	ENSG00000166710
4984.0	0.0004	MAOB	ENSG00000069535
4984.0	0.0004	CA10	ENSG00000154975
4984.0	0.0004	PORCN	ENSG00000102312
4984.0	0.0004	TRPV2	ENSG00000187688
4984.0	0.0004	SLC24A4	ENSG00000140090
4984.0	0.0004	CYC1	ENSG00000179091
4984.0	0.0004	TRAPPC3L	ENSG00000173626
4984.0	0.0004	TYW1	ENSG00000198874
4984.0	0.0004	AIRE	ENSG00000160224
4984.0	0.0004	GZMH	ENSG00000100450
4984.0	0.0004	ADD2	ENSG00000075340
4984.0	0.0004	MAPK9	ENSG00000050748
4984.0	0.0004	TYRP1	ENSG00000107165
4984.0	0.0004	KDM1B	ENSG00000165097
4984.0	0.0004	RGS20	ENSG00000147509
4984.0	0.0004	CALM1	ENSG00000198668
4984.0	0.0004	LARGE2	ENSG00000165905
4984.0	0.0004	MAVS	ENSG00000088888
4984.0	0.0004	CSN1S1	ENSG00000126545
4984.0	0.0004	TRIM37	ENSG00000108395
4984.0	0.0004	TRPV3	ENSG00000167723
4984.0	0.0004	EP400	ENSG00000183495
4984.0	0.0004	PDHA2	ENSG00000163114
4984.0	0.0004	COX7C	ENSG00000127184
4984.0	0.0004	KLRD1	ENSG00000134539
4984.0	0.0004	THBS1	ENSG00000137801
4984.0	0.0004	CS	ENSG00000062485
4984.0	0.0004	GOLGA3	ENSG00000090615
4984.0	0.0004	PACC1	ENSG00000065600
4984.0	0.0004	NHP2	ENSG00000145912
4984.0	0.0004	LFNG	ENSG00000106003
4984.0	0.0004	KDM4A	ENSG00000066135
4984.0	0.0004	MANEA	ENSG00000172469
4984.0	0.0004	MGAT4C	ENSG00000182050
4984.0	0.0004	ABCD3	ENSG00000117528
4984.0	0.0004	APEH	ENSG00000164062
4984.0	0.0004	NEU2	ENSG00000115488
4984.0	0.0004	NEU4	ENSG00000204099
4984.0	0.0004	SUGCT	ENSG00000175600
4984.0	0.0004	DYNC1LI1	ENSG00000144635
4984.0	0.0004	CARF	ENSG00000138380
4984.0	0.0004	PSMD11	ENSG00000108671
4984.0	0.0004	NOP10	ENSG00000182117
4984.0	0.0004	CLPP	ENSG00000125656
4984.0	0.0004	NEU3	ENSG00000162139
4984.0	0.0004	GAR1	ENSG00000109534
4984.0	0.0004	RFC3	ENSG00000133119
4984.0	0.0004	MRPL58	ENSG00000167862
4984.0	0.0004	NOX4	ENSG00000086991
4984.0	0.0004	GPR173	ENSG00000184194
4984.0	0.0004	MAPK1IP1L	ENSG00000168175
4984.0	0.0004	AMPH	ENSG00000078053
4984.0	0.0004	TLE1	ENSG00000196781
4984.0	0.0004	ADAMTS3	ENSG00000156140
4984.0	0.0004	IGFBP5	ENSG00000115461
4984.0	0.0004	MMD	ENSG00000108960
4984.0	0.0004	PFKM	ENSG00000152556
4984.0	0.0004	PALM	ENSG00000099864
4984.0	0.0004	BECN1	ENSG00000126581
4984.0	0.0004	NCOR2	ENSG00000196498
4984.0	0.0004	SEC61B	ENSG00000106803
4984.0	0.0004	EBF1	ENSG00000164330
4984.0	0.0004	ATF6	ENSG00000118217
4984.0	0.0004	PIK3C3	ENSG00000078142
4984.0	0.0004	OMA1	ENSG00000162600
4984.0	0.0004	PDIA4	ENSG00000155660
4984.0	0.0004	DHRS9	ENSG00000073737
4984.0	0.0004	SLC4A7	ENSG00000033867
4984.0	0.0004	CUL1	ENSG00000055130
4984.0	0.0004	TYR	ENSG00000077498
4984.0	0.0004	SLIT2	ENSG00000145147
4984.0	0.0004	SLIT1	ENSG00000187122
4984.0	0.0004	PISD	ENSG00000241878
4984.0	0.0004	DLGAP2	ENSG00000198010
4984.0	0.0004	LYNX1	ENSG00000180155
4984.0	0.0004	NAA35	ENSG00000135040
4984.0	0.0004	SLIT3	ENSG00000184347
4984.0	0.0004	NPY	ENSG00000122585
4984.0	0.0004	MRPL53	ENSG00000204822
4984.0	0.0004	SLC7A9	ENSG00000021488
4984.0	0.0004	SF3A2	ENSG00000104897
4984.0	0.0004	KLRC1	ENSG00000134545
4984.0	0.0004	COL6A2	ENSG00000142173
4984.0	0.0004	PURB	ENSG00000146676
4984.0	0.0004	SLC25A17	ENSG00000100372
4984.0	0.0004	COX6A2	ENSG00000156885
4984.0	0.0004	PDSS1	ENSG00000148459
4984.0	0.0004	SETD6	ENSG00000103037
4984.0	0.0004	JMJD7-PLA2G4B	ENSG00000168970
4984.0	0.0004	ECPAS	ENSG00000136813
4984.0	0.0004	NAA25	ENSG00000111300
4984.0	0.0004	TSPYL2	ENSG00000184205
4984.0	0.0004	KIF5B	ENSG00000170759
4984.0	0.0004	SLC38A7	ENSG00000103042
4984.0	0.0004	INAFM1	ENSG00000257704
4984.0	0.0004	TUFM	ENSG00000178952
4984.0	0.0004	DAB2	ENSG00000153071
4984.0	0.0004	SLC27A2	ENSG00000140284
4984.0	0.0004	ACLY	ENSG00000131473
4984.0	0.0004	LINC02875	ENSG00000187013
4984.0	0.0004	GPR143	ENSG00000101850
4984.0	0.0004	BRPF3	ENSG00000096070
4984.0	0.0004	PRPSAP2	ENSG00000141127
4984.0	0.0004	BRD1	ENSG00000100425
4984.0	0.0004	KLRC2	ENSG00000205809
4984.0	0.0004	TRPV4	ENSG00000111199
4984.0	0.0004	YIPF4	ENSG00000119820
4984.0	0.0004	ETNPPL	ENSG00000164089
4984.0	0.0004	NAA30	ENSG00000139977
4984.0	0.0004	UVRAG	ENSG00000198382
4984.0	0.0004	ADORA2A	ENSG00000128271
4984.0	0.0004	RABGEF1	ENSG00000154710
4984.0	0.0004	PSMD14	ENSG00000115233
4984.0	0.0004	SAMD4A	ENSG00000020577
4984.0	0.0004	LMX1B	ENSG00000136944
4984.0	0.0004	SLC30A5	ENSG00000145740
4984.0	0.0004	GTF2A1	ENSG00000165417
4984.0	0.0004	WNK4	ENSG00000126562
4984.0	0.0004	DDX59	ENSG00000118197
4984.0	0.0004	DAGLA	ENSG00000134780
4984.0	0.0004	PHOSPHO1	ENSG00000173868
4984.0	0.0004	TRMT2A	ENSG00000099899
4984.0	0.0004	ASAH2	ENSG00000188611
4984.0	0.0004	CACNA1F	ENSG00000102001
4984.0	0.0004	EWSR1	ENSG00000182944
4984.0	0.0004	SUGP1	ENSG00000105705
4984.0	0.0004	APPBP2	ENSG00000062725
4984.0	0.0004	N6AMT1	ENSG00000156239
4984.0	0.0004	RP11-178H8.3	ENSG00000255515
4984.0	0.0004	MAGI3	ENSG00000081026
4984.0	0.0004	BMPR2	ENSG00000204217
4984.0	0.0004	HEMK1	ENSG00000114735
4984.0	0.0004	PSMB2	ENSG00000126067
4984.0	0.0004	USP50	ENSG00000170236
4984.0	0.0004	RABAC1	ENSG00000105404
4984.0	0.0004	COX5A	ENSG00000178741
4984.0	0.0004	ENTPD2	ENSG00000054179
4984.0	0.0004	PSTK	ENSG00000179988
4984.0	0.0004	GRHPR	ENSG00000137106
4984.0	0.0004	MAN2B2	ENSG00000013288
4984.0	0.0004	TNFSF13B	ENSG00000102524
4984.0	0.0004	EMC4	ENSG00000128463
4984.0	0.0004	YIPF6	ENSG00000181704
4984.0	0.0004	CTSA	ENSG00000064601
4984.0	0.0004	GOPC	ENSG00000047932
4984.0	0.0004	SBDS	ENSG00000126524
4984.0	0.0004	RBM27	ENSG00000091009
4984.0	0.0004	TRH	ENSG00000170893
4984.0	0.0004	SEC13	ENSG00000157020
4984.0	0.0004	SOX18	ENSG00000203883
4984.0	0.0004	PLXNB3	ENSG00000198753
4984.0	0.0004	DMTF1	ENSG00000135164
4984.0	0.0004	G6PC1	ENSG00000131482
4984.0	0.0004	SLC37A4	ENSG00000137700
4984.0	0.0004	THY1	ENSG00000154096
4984.0	0.0004	EMC2	ENSG00000104412
4984.0	0.0004	MIS12	ENSG00000167842
4984.0	0.0004	ZWINT	ENSG00000122952
4984.0	0.0004	GPM6A	ENSG00000150625
4984.0	0.0004	EMC3	ENSG00000125037
4984.0	0.0004	POLR2G	ENSG00000168002
4984.0	0.0004	SERPINF1	ENSG00000132386
4984.0	0.0004	ACAA2	ENSG00000167315
4984.0	0.0004	LRP6	ENSG00000070018
4984.0	0.0004	ALG10	ENSG00000139133
4984.0	0.0004	ALG10B	ENSG00000175548
4984.0	0.0004	OLIG1	ENSG00000184221
4984.0	0.0004	EMC8	ENSG00000131148
4984.0	0.0004	HELT	ENSG00000187821
4984.0	0.0004	DCAF1	ENSG00000145041
4984.0	0.0004	SPAG5	ENSG00000076382
4984.0	0.0004	GMDS	ENSG00000112699
4984.0	0.0004	CCDC85C	ENSG00000205476
4984.0	0.0004	ATOH1	ENSG00000172238
4984.0	0.0004	LEF1	ENSG00000138795
4984.0	0.0004	SEPHS1	ENSG00000086475
4984.0	0.0004	SNAPIN	ENSG00000143553
4984.0	0.0004	DERL1	ENSG00000136986
4984.0	0.0004	TMEM97	ENSG00000109084
4984.0	0.0004	SEM1	ENSG00000127922
4984.0	0.0004	SIX6	ENSG00000184302
4984.0	0.0004	UNC5D	ENSG00000156687
4984.0	0.0004	ERBIN	ENSG00000112851
4984.0	0.0004	LONP2	ENSG00000102910
4984.0	0.0004	KSR1	ENSG00000141068
4984.0	0.0004	INTS10	ENSG00000104613
4984.0	0.0004	GNPNAT1	ENSG00000100522
4984.0	0.0004	RELA	ENSG00000173039
4984.0	0.0004	VTI1A	ENSG00000151532
4984.0	0.0004	CLPX	ENSG00000166855
4984.0	0.0004	SEPHS2	ENSG00000179918
4984.0	0.0004	UBE2I	ENSG00000103275
4984.0	0.0004	OSBPL5	ENSG00000021762
4984.0	0.0004	S100A6	ENSG00000197956
4984.0	0.0004	DNAJC28	ENSG00000177692
4984.0	0.0004	UMPS	ENSG00000114491
4984.0	0.0004	EMC9	ENSG00000100908
4984.0	0.0004	SLC30A7	ENSG00000162695
4984.0	0.0004	PRKAA1	ENSG00000132356
4984.0	0.0004	TYW3	ENSG00000162623
4984.0	0.0004	NKX2-2	ENSG00000125820
4984.0	0.0004	PSMD5	ENSG00000095261
4984.0	0.0004	SLC30A6	ENSG00000152683
4984.0	0.0004	HSCB	ENSG00000100209
4984.0	0.0004	PRKAA2	ENSG00000162409
4984.0	0.0004	IL4	ENSG00000113520
4984.0	0.0004	KIF2C	ENSG00000142945
4984.0	0.0004	SNW1	ENSG00000100603
4984.0	0.0004	ETNK2	ENSG00000143845
4984.0	0.0004	MYO5C	ENSG00000128833
4984.0	0.0004	MAST3	ENSG00000099308
4984.0	0.0004	SORT1	ENSG00000134243
4984.0	0.0004	PIK3R4	ENSG00000196455
4984.0	0.0004	CDH17	ENSG00000079112
4984.0	0.0004	TSG101	ENSG00000074319
4984.0	0.0004	PMM1	ENSG00000100417
4984.0	0.0004	DNAJC3	ENSG00000102580
4984.0	0.0004	INTS2	ENSG00000108506
4984.0	0.0004	ETNK1	ENSG00000139163
4984.0	0.0004	IMPG1	ENSG00000112706
4984.0	0.0004	ALDH16A1	ENSG00000161618
4984.0	0.0004	NFS1	ENSG00000244005
4984.0	0.0004	NFE2L1	ENSG00000082641
4984.0	0.0004	CACUL1	ENSG00000151893
4984.0	0.0004	CLMP	ENSG00000166250
4984.0	0.0004	PCDH10	ENSG00000138650
4984.0	0.0004	SLC6A18	ENSG00000164363
4984.0	0.0004	CA2	ENSG00000104267
4984.0	0.0004	HSPB3	ENSG00000169271
4984.0	0.0004	ADAM17	ENSG00000151694
4984.0	0.0004	NFE2L3	ENSG00000050344
4984.0	0.0004	SMARCC1	ENSG00000173473
4984.0	0.0004	KIF14	ENSG00000118193
4984.0	0.0004	SSTR1	ENSG00000139874
4984.0	0.0004	LMO2	ENSG00000135363
4984.0	0.0004	DDX41	ENSG00000183258
4984.0	0.0004	COQ3	ENSG00000132423
4984.0	0.0004	DES	ENSG00000175084
4984.0	0.0004	USP2	ENSG00000036672
4984.0	0.0004	NUDT19	ENSG00000213965
4984.0	0.0004	MAST2	ENSG00000086015
4984.0	0.0004	BAALC	ENSG00000164929
4984.0	0.0004	ANAPC1	ENSG00000153107
4984.0	0.0004	PTPN20	ENSG00000183675
4984.0	0.0004	PTPN20A	ENSG00000204179
4984.0	0.0004	DHX38	ENSG00000140829
4984.0	0.0004	MOB1A	ENSG00000114978
4984.0	0.0004	SLC30A2	ENSG00000158014
4984.0	0.0004	MPZL1	ENSG00000197965
4984.0	0.0004	EMC6	ENSG00000127774
4984.0	0.0004	SDCBP	ENSG00000137575
4984.0	0.0004	FOLH1	ENSG00000086205
4984.0	0.0004	FOLH1B	ENSG00000134612
4984.0	0.0004	TSPAN12	ENSG00000106025
4984.0	0.0004	LDB1	ENSG00000198728
4984.0	0.0004	TRNAU1AP	ENSG00000180098
4984.0	0.0004	CDC5L	ENSG00000096401
4984.0	0.0004	PYGL	ENSG00000100504
4984.0	0.0004	B4GALT6	ENSG00000118276
4984.0	0.0004	MTREX	ENSG00000039123
4984.0	0.0004	KSR2	ENSG00000171435
4984.0	0.0004	EEFSEC	ENSG00000132394
4984.0	0.0004	NAF1	ENSG00000145414
4984.0	0.0004	RPP30	ENSG00000148688
4984.0	0.0004	INTS9	ENSG00000104299
4984.0	0.0004	CDC20	ENSG00000117399
4984.0	0.0004	UNC119	ENSG00000109103
4984.0	0.0004	EIF2B2	ENSG00000119718
4984.0	0.0004	BTF3	ENSG00000145741
4984.0	0.0004	ASAH2B	ENSG00000204147
4984.0	0.0004	UCP2	ENSG00000175567
4984.0	0.0004	TNIP3	ENSG00000050730
4984.0	0.0004	ZNF217	ENSG00000171940
4984.0	0.0004	ARAF	ENSG00000078061
4984.0	0.0004	TRAPPC6A	ENSG00000007255
4984.0	0.0004	SLC6A20	ENSG00000163817
4984.0	0.0004	RBX1	ENSG00000100387
4984.0	0.0004	CLU	ENSG00000120885
4984.0	0.0004	EHHADH	ENSG00000113790
4984.0	0.0004	SYNJ2	ENSG00000078269
4984.0	0.0004	PGAM2	ENSG00000164708
4984.0	0.0004	ZBTB24	ENSG00000112365
4984.0	0.0004	KANK1	ENSG00000107104
4984.0	0.0004	NFKB2	ENSG00000077150
4984.0	0.0004	CTPS2	ENSG00000047230
4984.0	0.0004	MMGT1	ENSG00000169446
4984.0	0.0004	SLC30A4	ENSG00000104154
4984.0	0.0004	EMC7	ENSG00000134153
4984.0	0.0004	PGAM1	ENSG00000171314
4984.0	0.0004	UBLCP1	ENSG00000164332
4984.0	0.0004	TRMT112	ENSG00000173113
4984.0	0.0004	UBFD1	ENSG00000103353
4984.0	0.0004	CEP131	ENSG00000141577
4984.0	0.0004	IL18	ENSG00000150782
4984.0	0.0004	PDSS2	ENSG00000164494
4984.0	0.0004	SFN	ENSG00000175793
4984.0	0.0004	BPGM	ENSG00000172331
4984.0	0.0004	TBXT	ENSG00000164458
4984.0	0.0004	ANXA8L1	ENSG00000150165
4984.0	0.0004	ANXA8L2	ENSG00000186807
4984.0	0.0004	RPP38	ENSG00000152464
4984.0	0.0004	FUT9	ENSG00000172461
4984.0	0.0004	XRCC6	ENSG00000196419
4984.0	0.0004	YWHAH	ENSG00000128245
4984.0	0.0004	GART	ENSG00000159131
4984.0	0.0004	YWHAQ	ENSG00000134308
4984.0	0.0004	STIP1	ENSG00000168439
4984.0	0.0004	FPGT	ENSG00000254685
4984.0	0.0004	E2F3	ENSG00000112242
4984.0	0.0004	ATG14	ENSG00000126775
4984.0	0.0004	PYGB	ENSG00000100994
4984.0	0.0004	CTSB	ENSG00000164733
4984.0	0.0004	SPI1	ENSG00000066336
4984.0	0.0004	F5	ENSG00000198734
4984.0	0.0004	ITGA1	ENSG00000213949
4984.0	0.0004	GTF2B	ENSG00000137947
4984.0	0.0004	POU1F1	ENSG00000064835
4984.0	0.0004	UAP1	ENSG00000117143
4984.0	0.0004	SOHLH1	ENSG00000165643
4984.0	0.0004	CLIP3	ENSG00000105270
4984.0	0.0004	AJUBA	ENSG00000129474
4984.0	0.0004	CEPT1	ENSG00000134255
4984.0	0.0004	RPTOR	ENSG00000141564
4984.0	0.0004	PES1	ENSG00000100029
4984.0	0.0004	PGM2	ENSG00000169299
4984.0	0.0004	GATA2	ENSG00000179348
4984.0	0.0004	MTA2	ENSG00000149480
4984.0	0.0004	ZDHHC7	ENSG00000153786
4984.0	0.0004	ALDH1B1	ENSG00000137124
4984.0	0.0004	COQ8B	ENSG00000123815
4984.0	0.0004	TMEM17	ENSG00000186889
4984.0	0.0004	ABHD14A	ENSG00000248487
4984.0	0.0004	COQ4	ENSG00000167113
4984.0	0.0004	NAA11	ENSG00000156269
4984.0	0.0004	PLAU	ENSG00000122861
4984.0	0.0004	AKT2	ENSG00000105221
4984.0	0.0004	SMAD1	ENSG00000170365
4984.0	0.0004	LMO4	ENSG00000143013
4984.0	0.0004	PIP5K1A	ENSG00000143398
4984.0	0.0004	INTS12	ENSG00000138785
4984.0	0.0004	WNT8B	ENSG00000075290
4984.0	0.0004	CD55	ENSG00000196352
4984.0	0.0004	NEUROG3	ENSG00000122859
4984.0	0.0004	COIL	ENSG00000121058
4984.0	0.0004	SRSF11	ENSG00000116754
4984.0	0.0004	KLF5	ENSG00000102554
4984.0	0.0004	BAG2	ENSG00000112208
4984.0	0.0004	TSGA10	ENSG00000135951
4984.0	0.0004	CSPG5	ENSG00000114646
4984.0	0.0004	FGF21	ENSG00000105550
4984.0	0.0004	GRIK3	ENSG00000163873
4984.0	0.0004	SLC30A3	ENSG00000115194
4984.0	0.0004	SRY	ENSG00000184895
4984.0	0.0004	LAP3	ENSG00000002549
4984.0	0.0004	WDR7	ENSG00000091157
4984.0	0.0004	ALDH9A1	ENSG00000143149
4984.0	0.0004	GLUD2	ENSG00000182890
4984.0	0.0004	HSPA12B	ENSG00000132622
4984.0	0.0004	PARP1	ENSG00000143799
4984.0	0.0004	LY96	ENSG00000154589
4984.0	0.0004	PPP1R7	ENSG00000115685
4984.0	0.0004	DPH7	ENSG00000148399
4984.0	0.0004	ANXA6	ENSG00000197043
4984.0	0.0004	CGA	ENSG00000135346
4984.0	0.0004	PIH1D1	ENSG00000104872
4984.0	0.0004	SCG5	ENSG00000166922
4984.0	0.0004	UBE2G1	ENSG00000132388
4984.0	0.0004	HK2	ENSG00000159399
4984.0	0.0004	GYS1	ENSG00000104812
4984.0	0.0004	GLCE	ENSG00000138604
4984.0	0.0004	GTF2H3	ENSG00000111358
4984.0	0.0004	INSR	ENSG00000171105
4984.0	0.0004	PLCB3	ENSG00000149782
4984.0	0.0004	ABCC6	ENSG00000091262
4984.0	0.0004	AMT	ENSG00000145020
4984.0	0.0004	EMG1	ENSG00000126749
4984.0	0.0004	ENPP1	ENSG00000197594
4984.0	0.0004	FDFT1	ENSG00000079459
4984.0	0.0004	FOXA2	ENSG00000125798
4984.0	0.0004	LHX4	ENSG00000121454
4984.0	0.0004	PROP1	ENSG00000175325
4984.0	0.0004	HK3	ENSG00000160883
4984.0	0.0004	LDHC	ENSG00000166796
4984.0	0.0004	LDB2	ENSG00000169744
4984.0	0.0004	HKDC1	ENSG00000156510
4984.0	0.0004	LMAN2	ENSG00000169223
4984.0	0.0004	CHAF1B	ENSG00000159259
4984.0	0.0004	RER1	ENSG00000157916
4984.0	0.0004	NAA38	ENSG00000183011
4984.0	0.0004	SLC16A3	ENSG00000141526
4984.0	0.0004	CDKAL1	ENSG00000145996
4984.0	0.0004	MMEL1	ENSG00000142606
4984.0	0.0004	TSPY1	ENSG00000258992
4984.0	0.0004	PTPRN	ENSG00000054356
4984.0	0.0004	LHX8	ENSG00000162624
4984.0	0.0004	TSPY10	ENSG00000236424
4984.0	0.0004	AMOT	ENSG00000126016
4984.0	0.0004	INPP4B	ENSG00000109452
4984.0	0.0004	NAGK	ENSG00000124357
4984.0	0.0004	ENPP3	ENSG00000154269
4984.0	0.0004	PI4K2B	ENSG00000038210
4984.0	0.0004	GABARAP	ENSG00000170296
4984.0	0.0004	MCPH1	ENSG00000147316
4984.0	0.0004	PI4K2A	ENSG00000155252
4984.0	0.0004	UCK2	ENSG00000143179
4984.0	0.0004	TXNDC9	ENSG00000115514
4984.0	0.0004	DBI	ENSG00000155368
4984.0	0.0004	CACNA2D4	ENSG00000151062
4984.0	0.0004	POP4	ENSG00000105171
4984.0	0.0004	SLC39A1	ENSG00000143570
4984.0	0.0004	ITGAX	ENSG00000140678
4984.0	0.0004	WNK3	ENSG00000196632
4984.0	0.0004	ATAD2B	ENSG00000119778
4984.0	0.0004	PFKFB3	ENSG00000170525
4984.0	0.0004	NOMO3	ENSG00000103226
4984.0	0.0004	GPD2	ENSG00000115159
4984.0	0.0004	ATIC	ENSG00000138363
4984.0	0.0004	GALK2	ENSG00000156958
4984.0	0.0004	RNF7	ENSG00000114125
4984.0	0.0004	RBBP9	ENSG00000089050
4984.0	0.0004	YBX1	ENSG00000065978
4984.0	0.0004	CLEC1B	ENSG00000165682
4984.0	0.0004	SLC2A4	ENSG00000181856
4984.0	0.0004	CYP19A1	ENSG00000137869
4984.0	0.0004	GABARAPL1	ENSG00000139112
4984.0	0.0004	SORD	ENSG00000140263
4984.0	0.0004	ADORA1	ENSG00000163485
4984.0	0.0004	NUB1	ENSG00000013374
4984.0	0.0004	ARMS2	ENSG00000254636
4984.0	0.0004	UAP1L1	ENSG00000197355
4984.0	0.0004	NPAS4	ENSG00000174576
4984.0	0.0004	DRAP1	ENSG00000175550
4984.0	0.0004	THAP11	ENSG00000168286
4984.0	0.0004	KHK	ENSG00000138030
4984.0	0.0004	GTF2H1	ENSG00000110768
4984.0	0.0004	LDHB	ENSG00000111716
4984.0	0.0004	MNX1	ENSG00000130675
4984.0	0.0004	NLRX1	ENSG00000160703
4984.0	0.0004	LMX1A	ENSG00000162761
4984.0	0.0004	NSF	ENSG00000073969
4984.0	0.0004	GAL	ENSG00000069482
4984.0	0.0004	PDGFA	ENSG00000197461
4984.0	0.0004	SLC25A3	ENSG00000075415
4984.0	0.0004	DPH3	ENSG00000154813
4984.0	0.0004	AVEN	ENSG00000169857
4984.0	0.0004	HIRIP3	ENSG00000149929
4984.0	0.0004	PHPT1	ENSG00000054148
4984.0	0.0004	FTH1	ENSG00000167996
4984.0	0.0004	LHX3	ENSG00000107187
4984.0	0.0004	IGF2BP2	ENSG00000073792
4984.0	0.0004	ZDHHC16	ENSG00000171307
4984.0	0.0004	GTF2E1	ENSG00000153767
4984.0	0.0004	MCM4	ENSG00000104738
4984.0	0.0004	SNRPE	ENSG00000182004
4984.0	0.0004	TUT4	ENSG00000134744
4984.0	0.0004	TCF7L2	ENSG00000148737
4984.0	0.0004	COX17	ENSG00000138495
4984.0	0.0004	GABARAPL2	ENSG00000034713
4984.0	0.0004	FDX1	ENSG00000137714
4984.0	0.0004	GTPBP1	ENSG00000100226
4984.0	0.0004	PPM1G	ENSG00000115241
4984.0	0.0004	THAP12	ENSG00000137492
4984.0	0.0004	TSC22D1	ENSG00000102804
4984.0	0.0004	RGS6	ENSG00000182732
4984.0	0.0004	PLP2	ENSG00000102007
4984.0	0.0004	DBF4	ENSG00000006634
4984.0	0.0004	SLC29A1	ENSG00000112759
4984.0	0.0004	SLC30A8	ENSG00000164756
4984.0	0.0004	UPP1	ENSG00000183696
4984.0	0.0004	WWP1	ENSG00000123124
4984.0	0.0004	YJU2B	ENSG00000104957
4984.0	0.0004	ALDH3A1	ENSG00000108602
4984.0	0.0004	GALM	ENSG00000143891
4984.0	0.0004	FZD3	ENSG00000104290
4984.0	0.0004	STRIP1	ENSG00000143093
4984.0	0.0004	TRAK2	ENSG00000115993
4984.0	0.0004	PARP10	ENSG00000178685
4984.0	0.0004	STARD3NL	ENSG00000010270
4984.0	0.0004	KPNB1	ENSG00000108424
4984.0	0.0004	STMN4	ENSG00000015592
4984.0	0.0004	KIF17	ENSG00000117245
4984.0	0.0004	POU3F1	ENSG00000185668
4984.0	0.0004	TTC21B	ENSG00000123607
4984.0	0.0004	SHISA7	ENSG00000187902
4984.0	0.0004	TRIM45	ENSG00000134253
4984.0	0.0004	RPP25	ENSG00000178718
4984.0	0.0004	SULT1A1	ENSG00000196502
4984.0	0.0004	UGCG	ENSG00000148154
4984.0	0.0004	CASP2	ENSG00000106144
4984.0	0.0004	HYPK	ENSG00000242028
4984.0	0.0004	RNF10	ENSG00000022840
4984.0	0.0004	CHMP1B	ENSG00000255112
4984.0	0.0004	SLC31A2	ENSG00000136867
4984.0	0.0004	NNT	ENSG00000112992
4984.0	0.0004	NLRC5	ENSG00000140853
4984.0	0.0004	CDC7	ENSG00000097046
4984.0	0.0004	UBAC1	ENSG00000130560
4984.0	0.0004	RRP1B	ENSG00000160208
4984.0	0.0004	POP5	ENSG00000167272
4984.0	0.0004	CRYZL1	ENSG00000205758
4984.0	0.0004	SEC24A	ENSG00000113615
4984.0	0.0004	CCL21	ENSG00000137077
4984.0	0.0004	SLC35C2	ENSG00000080189
4984.0	0.0004	IL5RA	ENSG00000091181
4984.0	0.0004	GSC	ENSG00000133937
4984.0	0.0004	KIF18B	ENSG00000186185
4984.0	0.0004	FLCN	ENSG00000154803
4984.0	0.0004	SERPINH1	ENSG00000149257
4984.0	0.0004	STYK1	ENSG00000060140
4984.0	0.0004	PLEKHA1	ENSG00000107679
4984.0	0.0004	RIOK2	ENSG00000058729
4984.0	0.0004	ABCA1	ENSG00000165029
4984.0	0.0004	SLC39A2	ENSG00000165794
4984.0	0.0004	SP1	ENSG00000185591
4984.0	0.0004	GPER1	ENSG00000164850
4984.0	0.0004	LGR5	ENSG00000139292
4984.0	0.0004	SLC2A2	ENSG00000163581
4984.0	0.0004	RAD1	ENSG00000113456
4984.0	0.0004	UEVLD	ENSG00000151116
4984.0	0.0004	NFKB1	ENSG00000109320
4984.0	0.0004	SP7	ENSG00000170374
4984.0	0.0004	RPA1	ENSG00000132383
4984.0	0.0004	THAP7	ENSG00000184436
4984.0	0.0004	RPA3	ENSG00000106399
4984.0	0.0004	RPA2	ENSG00000117748
4984.0	0.0004	RPN1	ENSG00000163902
4984.0	0.0004	ZNF638	ENSG00000075292
4984.0	0.0004	NANOG	ENSG00000111704
4984.0	0.0004	MRAP2	ENSG00000135324
4984.0	0.0004	EID1	ENSG00000255302
4984.0	0.0004	TESK2	ENSG00000070759
4984.0	0.0004	LIMK2	ENSG00000182541
4984.0	0.0004	CAPN3	ENSG00000092529
4984.0	0.0004	MCL1	ENSG00000143384
4984.0	0.0004	IFT122	ENSG00000163913
4984.0	0.0004	TAF6L	ENSG00000162227
4984.0	0.0004	HSPB6	ENSG00000004776
4984.0	0.0004	RHOJ	ENSG00000126785
4984.0	0.0004	SRF	ENSG00000112658
4984.0	0.0004	ULBP1	ENSG00000111981
4984.0	0.0004	NAA40	ENSG00000110583
4984.0	0.0004	GNG3	ENSG00000162188
4984.0	0.0004	ACTR8	ENSG00000113812
4984.0	0.0004	OVGP1	ENSG00000085465
4984.0	0.0004	VPS37C	ENSG00000167987
4984.0	0.0004	RPS3	ENSG00000149273
4984.0	0.0004	IMPA1	ENSG00000133731
4984.0	0.0004	MOCS3	ENSG00000124217
4984.0	0.0004	WNT3A	ENSG00000154342
4984.0	0.0004	PKP4	ENSG00000144283
4984.0	0.0004	NOG	ENSG00000183691
4984.0	0.0004	SGCA	ENSG00000108823
4984.0	0.0004	RPA4	ENSG00000204086
4984.0	0.0004	GPD1	ENSG00000167588
4984.0	0.0004	KITLG	ENSG00000049130
4984.0	0.0004	AVP	ENSG00000101200
4984.0	0.0004	GPR22	ENSG00000172209
4984.0	0.0004	CST3	ENSG00000101439
4984.0	0.0004	MYO5B	ENSG00000167306
4984.0	0.0004	GPD1L	ENSG00000152642
4984.0	0.0004	RPP40	ENSG00000124787
4984.0	0.0004	TMPO	ENSG00000120802
4984.0	0.0004	CUL5	ENSG00000166266
4984.0	0.0004	TFB2M	ENSG00000162851
4984.0	0.0004	ATP6V1B1	ENSG00000116039
4984.0	0.0004	PSMF1	ENSG00000125818
4984.0	0.0004	HMGN2	ENSG00000198830
4984.0	0.0004	WNK2	ENSG00000165238
4984.0	0.0004	DECR1	ENSG00000104325
4984.0	0.0004	NUP153	ENSG00000124789
4984.0	0.0004	ASPSCR1	ENSG00000169696
4984.0	0.0004	DPH6	ENSG00000134146
4984.0	0.0004	RDX	ENSG00000137710
4984.0	0.0004	SHMT1	ENSG00000176974
4984.0	0.0004	HAO2	ENSG00000116882
4984.0	0.0004	FLRT1	ENSG00000126500
4984.0	0.0004	TCOF1	ENSG00000070814
4984.0	0.0004	SCLY	ENSG00000132330
4984.0	0.0004	EPHB1	ENSG00000154928
4984.0	0.0004	SRCIN1	ENSG00000017373
4984.0	0.0004	LHX2	ENSG00000106689
4984.0	0.0004	MAP2	ENSG00000078018
4984.0	0.0004	SLC6A13	ENSG00000010379
4984.0	0.0004	WNT3	ENSG00000108379
4984.0	0.0004	SLC22A4	ENSG00000197208
4984.0	0.0004	VAPA	ENSG00000101558
4984.0	0.0004	SLC16A8	ENSG00000100156
4984.0	0.0004	NT5M	ENSG00000205309
4984.0	0.0004	SLC39A5	ENSG00000139540
4984.0	0.0004	RSC1A1	ENSG00000215695
4984.0	0.0004	PANX1	ENSG00000110218
4984.0	0.0004	RB1CC1	ENSG00000023287
4984.0	0.0004	BYSL	ENSG00000112578
4984.0	0.0004	RARB	ENSG00000077092
4984.0	0.0004	CCKAR	ENSG00000163394
4984.0	0.0004	POGLUT3	ENSG00000178202
4984.0	0.0004	WDR35	ENSG00000118965
4984.0	0.0004	GABPA	ENSG00000154727
4984.0	0.0004	ABRA	ENSG00000174429
4984.0	0.0004	ACTN3	ENSG00000248746
4984.0	0.0004	CHSY1	ENSG00000131873
4984.0	0.0004	COLEC12	ENSG00000158270
4984.0	0.0004	CRIP1	ENSG00000213145
4984.0	0.0004	GSTK1	ENSG00000197448
4984.0	0.0004	ICAM3	ENSG00000076662
4984.0	0.0004	LIMS1	ENSG00000169756
4984.0	0.0004	LIMS2	ENSG00000072163
4984.0	0.0004	LMCD1	ENSG00000071282
4984.0	0.0004	LY75	ENSG00000054219
4984.0	0.0004	MYBPC3	ENSG00000134571
4984.0	0.0004	SLC25A37	ENSG00000147454
4984.0	0.0004	TAF1A	ENSG00000143498
4984.0	0.0004	TNS1	ENSG00000079308
4984.0	0.0004	ZDHHC13	ENSG00000177054
4984.0	0.0004	E2F1	ENSG00000101412
4984.0	0.0004	GLI1	ENSG00000111087
4984.0	0.0004	SEPTIN8	ENSG00000164402
4984.0	0.0004	NAA50	ENSG00000121579
4984.0	0.0004	UBE2G2	ENSG00000184787
4984.0	0.0004	TREH	ENSG00000118094
4984.0	0.0004	GPC1	ENSG00000063660
4984.0	0.0004	MSL2	ENSG00000174579
4984.0	0.0004	AMBRA1	ENSG00000110497
4984.0	0.0004	P4HA3	ENSG00000149380
4984.0	0.0004	P4HA1	ENSG00000122884
4984.0	0.0004	GPC6	ENSG00000183098
4984.0	0.0004	GPC2	ENSG00000213420
4984.0	0.0004	IFT52	ENSG00000101052
4984.0	0.0004	RAE1	ENSG00000101146
4984.0	0.0004	PRCC	ENSG00000143294
4984.0	0.0004	SLC35D2	ENSG00000130958
4984.0	0.0004	ELOC	ENSG00000154582
4984.0	0.0004	NQO2	ENSG00000124588
4984.0	0.0004	MIXL1	ENSG00000185155
4984.0	0.0004	CCNA2	ENSG00000145386
4984.0	0.0004	SS18	ENSG00000141380
4984.0	0.0004	CIB1	ENSG00000185043
4984.0	0.0004	EPHB3	ENSG00000182580
4984.0	0.0004	CD9	ENSG00000010278
4984.0	0.0004	AKT1S1	ENSG00000204673
4984.0	0.0004	ENOPH1	ENSG00000145293
4984.0	0.0004	F11	ENSG00000088926
4984.0	0.0004	GPX3	ENSG00000211445
4984.0	0.0004	HSPA12A	ENSG00000165868
4984.0	0.0004	HSPA1A	ENSG00000204389
4984.0	0.0004	HSPA1B	ENSG00000204388
4984.0	0.0004	HSPH1	ENSG00000120694
4984.0	0.0004	PLD1	ENSG00000075651
4984.0	0.0004	PSPN	ENSG00000125650
4984.0	0.0004	UNC13D	ENSG00000092929
4984.0	0.0004	CCNE1	ENSG00000105173
4984.0	0.0004	ATP6V1E2	ENSG00000250565
4984.0	0.0004	UBIAD1	ENSG00000120942
4984.0	0.0004	VPS28	ENSG00000160948
4984.0	0.0004	VEGFC	ENSG00000150630
4984.0	0.0004	EGR4	ENSG00000135625
4984.0	0.0004	GRID2IP	ENSG00000215045
4984.0	0.0004	ALPI	ENSG00000163295
4984.0	0.0004	KPNA7	ENSG00000185467
4984.0	0.0004	SREBF1	ENSG00000072310
4984.0	0.0004	GSK3A	ENSG00000105723
4984.0	0.0004	PIKFYVE	ENSG00000115020
4984.0	0.0004	MSL1	ENSG00000188895
4984.0	0.0004	GID8	ENSG00000101193
4984.0	0.0004	APOBEC3G	ENSG00000239713
4984.0	0.0004	HS6ST3	ENSG00000185352
4984.0	0.0004	NFATC2	ENSG00000101096
4984.0	0.0004	PGP	ENSG00000184207
4984.0	0.0004	FYN	ENSG00000010810
4984.0	0.0004	FAM20B	ENSG00000116199
4984.0	0.0004	MEOX2	ENSG00000106511
4984.0	0.0004	LATS1	ENSG00000131023
4984.0	0.0004	BCAP29	ENSG00000075790
4984.0	0.0004	PITX2	ENSG00000164093
4984.0	0.0004	CHGA	ENSG00000100604
4984.0	0.0004	INSIG1	ENSG00000186480
4984.0	0.0004	LRPAP1	ENSG00000163956
4984.0	0.0004	OSBP	ENSG00000110048
4984.0	0.0004	MYO3B	ENSG00000071909
4984.0	0.0004	PBX3	ENSG00000167081
4984.0	0.0004	PRLH	ENSG00000071677
4984.0	0.0004	TAS1R1	ENSG00000173662
4984.0	0.0004	TAS1R2	ENSG00000179002
4984.0	0.0004	TAS1R3	ENSG00000169962
4984.0	0.0004	TYRO3	ENSG00000092445
4984.0	0.0004	USF2	ENSG00000105698
4984.0	0.0004	ZFP14	ENSG00000142065
4984.0	0.0004	INTS4	ENSG00000149262
4984.0	0.0004	PALS1	ENSG00000072415
4984.0	0.0004	TTYH3	ENSG00000136295
4984.0	0.0004	FOXE3	ENSG00000186790
4984.0	0.0004	SMC2	ENSG00000136824
4984.0	0.0004	MVB12A	ENSG00000141971
4984.0	0.0004	GSTA1	ENSG00000243955
4984.0	0.0004	RANBP9	ENSG00000010017
4984.0	0.0004	POLR1B	ENSG00000125630
4984.0	0.0004	NPHS1	ENSG00000161270
4984.0	0.0004	LALBA	ENSG00000167531
4984.0	0.0004	ISL1	ENSG00000016082
4984.0	0.0004	CHRNB4	ENSG00000117971
4984.0	0.0004	PAMR1	ENSG00000149090
4984.0	0.0004	MRM1	ENSG00000129282
4984.0	0.0004	AEBP2	ENSG00000139154
4984.0	0.0004	RBBP8	ENSG00000101773
4984.0	0.0004	SLC35E2B	ENSG00000189339
4984.0	0.0004	CHMP7	ENSG00000147457
4984.0	0.0004	CLSTN1	ENSG00000171603
4984.0	0.0004	C1QB	ENSG00000173369
4984.0	0.0004	ETV3	ENSG00000117036
4984.0	0.0004	MVB12B	ENSG00000196814
4984.0	0.0004	DDX24	ENSG00000089737
4984.0	0.0004	USPL1	ENSG00000132952
4984.0	0.0004	BIRC2	ENSG00000110330
4984.0	0.0004	MAPK8	ENSG00000107643
4984.0	0.0004	TSR1	ENSG00000167721
4984.0	0.0004	SLC9A3	ENSG00000066230
4984.0	0.0004	SALL1	ENSG00000103449
4984.0	0.0004	HMGCS1	ENSG00000112972
4984.0	0.0004	SMC4	ENSG00000113810
4984.0	0.0004	ANGPT1	ENSG00000154188
4984.0	0.0004	CDK7	ENSG00000134058
4984.0	0.0004	KDR	ENSG00000128052
4984.0	0.0004	ARFGAP3	ENSG00000242247
4984.0	0.0004	BOC	ENSG00000144857
4984.0	0.0004	HMGCS2	ENSG00000134240
4984.0	0.0004	ATP6V1C2	ENSG00000143882
4984.0	0.0004	NME2	ENSG00000011052
4984.0	0.0004	ATP6V1C1	ENSG00000155097
4984.0	0.0004	ECSIT	ENSG00000130159
4984.0	0.0004	NIPSNAP2	ENSG00000146729
4984.0	0.0004	ETV5	ENSG00000244405
4984.0	0.0004	USP36	ENSG00000055483
4984.0	0.0004	GUCA1A	ENSG00000048545
4984.0	0.0004	TRIM71	ENSG00000206557
4984.0	0.0004	CA7	ENSG00000168748
4984.0	0.0004	WIF1	ENSG00000156076
4984.0	0.0004	ALPP	ENSG00000163283
4984.0	0.0004	DYNLL1	ENSG00000088986
4984.0	0.0004	STING1	ENSG00000184584
4984.0	0.0004	KAT2A	ENSG00000108773
4984.0	0.0004	TSPAN16	ENSG00000130167
4984.0	0.0004	SLC39A6	ENSG00000141424
4984.0	0.0004	RRP1	ENSG00000160214
4984.0	0.0004	VPS26A	ENSG00000122958
4984.0	0.0004	NEDD9	ENSG00000111859
4984.0	0.0004	NPC1L1	ENSG00000015520
4984.0	0.0004	AGXT	ENSG00000172482
4984.0	0.0004	PPP1R3C	ENSG00000119938
4984.0	0.0004	ELOB	ENSG00000103363
4984.0	0.0004	SLC30A1	ENSG00000170385
4984.0	0.0004	SGPP1	ENSG00000126821
4984.0	0.0004	STAC	ENSG00000144681
4984.0	0.0004	SGPP2	ENSG00000163082
4984.0	0.0004	SCAP	ENSG00000114650
4984.0	0.0004	GJB2	ENSG00000165474
4984.0	0.0004	GSK3B	ENSG00000082701
4984.0	0.0004	SPHK2	ENSG00000063176
4984.0	0.0004	USP20	ENSG00000136878
4984.0	0.0004	IL4I1	ENSG00000104951
4984.0	0.0004	ELMO3	ENSG00000102890
4984.0	0.0004	CSNK1A1	ENSG00000113712
4984.0	0.0004	RANBP10	ENSG00000141084
4984.0	0.0004	MRPL11	ENSG00000174547
4984.0	0.0004	TMTC1	ENSG00000133687
4984.0	0.0004	SPRY2	ENSG00000136158
4984.0	0.0004	GUCA1B	ENSG00000112599
4984.0	0.0004	FLOT2	ENSG00000132589
4984.0	0.0004	ALG1L1P	ENSG00000189366
4984.0	0.0004	POLD1	ENSG00000062822
4984.0	0.0004	TIMM44	ENSG00000104980
4984.0	0.0004	DLGAP1	ENSG00000170579
4984.0	0.0004	REC8	ENSG00000100918
4984.0	0.0004	MAML1	ENSG00000161021
4984.0	0.0004	BOP1	ENSG00000170727
4984.0	0.0004	RAD21L1	ENSG00000244588
4984.0	0.0004	LATS2	ENSG00000150457
4984.0	0.0004	IL1F10	ENSG00000136697
4984.0	0.0004	TRMT11	ENSG00000066651
4984.0	0.0004	FGF7	ENSG00000140285
4984.0	0.0004	NDST2	ENSG00000166507
4984.0	0.0004	RP11-574K11.31	ENSG00000272916
4984.0	0.0004	SLC22A2	ENSG00000112499
4984.0	0.0004	MRPS12	ENSG00000128626
4984.0	0.0004	FOXP4	ENSG00000137166
4984.0	0.0004	ERVW-1	ENSG00000242950
4984.0	0.0004	HIF1A	ENSG00000100644
4984.0	0.0004	LRRC3B	ENSG00000179796
4984.0	0.0004	ERC2	ENSG00000187672
4984.0	0.0004	HEY1	ENSG00000164683
4984.0	0.0004	AGO4	ENSG00000134698
4984.0	0.0004	TRIM39-RPP21	ENSG00000248167
4984.0	0.0004	TP53BP1	ENSG00000067369
4984.0	0.0004	AGO3	ENSG00000126070
4984.0	0.0004	SMAD5	ENSG00000113658
4984.0	0.0004	MAML2	ENSG00000184384
4984.0	0.0004	PDLIM1	ENSG00000107438
4984.0	0.0004	XDH	ENSG00000158125
4984.0	0.0004	TIMM17A	ENSG00000134375
4984.0	0.0004	NUP88	ENSG00000108559
4984.0	0.0004	SLC39A10	ENSG00000196950
4984.0	0.0004	APOA2	ENSG00000158874
4984.0	0.0004	H2AX	ENSG00000188486
4984.0	0.0004	CTNNA1	ENSG00000044115
4984.0	0.0004	VPS26B	ENSG00000151502
4984.0	0.0004	SLC22A3	ENSG00000146477
4984.0	0.0004	IFT43	ENSG00000119650
4984.0	0.0004	ELMO2	ENSG00000062598
4984.0	0.0004	HES1	ENSG00000114315
4984.0	0.0004	FCHSD2	ENSG00000137478
4984.0	0.0004	TYMP	ENSG00000025708
4984.0	0.0004	CTSH	ENSG00000103811
4984.0	0.0004	HLA-C	ENSG00000204525
4984.0	0.0004	TXNL1	ENSG00000091164
4984.0	0.0004	DELE1	ENSG00000081791
4984.0	0.0004	PRKG2	ENSG00000138669
4984.0	0.0004	BCAR1	ENSG00000050820
4984.0	0.0004	CDKN1B	ENSG00000111276
4984.0	0.0004	NUP43	ENSG00000120253
4984.0	0.0004	ITGB4	ENSG00000132470
4984.0	0.0004	CTNNA3	ENSG00000183230
4984.0	0.0004	TRAF2	ENSG00000127191
4984.0	0.0004	TARBP2	ENSG00000139546
4984.0	0.0004	TIMM10B	ENSG00000132286
4984.0	0.0004	ITGA6	ENSG00000091409
4984.0	0.0004	COX15	ENSG00000014919
4984.0	0.0004	GOSR1	ENSG00000108587
4984.0	0.0004	NDUFAF7	ENSG00000003509
4984.0	0.0004	KLHL14	ENSG00000197705
4984.0	0.0004	CACNG8	ENSG00000142408
4984.0	0.0004	DGKE	ENSG00000153933
4984.0	0.0004	PLIN3	ENSG00000105355
4984.0	0.0004	TIMM21	ENSG00000075336
4984.0	0.0004	TIMM10	ENSG00000134809
4984.0	0.0004	RPL37	ENSG00000145592
4984.0	0.0004	CKMT1A	ENSG00000223572
4984.0	0.0004	CKMT1B	ENSG00000237289
4984.0	0.0004	AMHR2	ENSG00000135409
4984.0	0.0004	MOK	ENSG00000080823
4984.0	0.0004	VCAN	ENSG00000038427
4984.0	0.0004	RPL7A	ENSG00000148303
4984.0	0.0004	SGF29	ENSG00000176476
4984.0	0.0004	PDIA3	ENSG00000167004
4984.0	0.0004	MGAT3	ENSG00000128268
4984.0	0.0004	PLPP1	ENSG00000067113
4984.0	0.0004	TLX1	ENSG00000107807
4984.0	0.0004	CKMT2	ENSG00000131730
4984.0	0.0004	GRPEL2	ENSG00000164284
4984.0	0.0004	REV3L	ENSG00000009413
4984.0	0.0004	SHOX2	ENSG00000168779
4984.0	0.0004	PPIF	ENSG00000108179
4984.0	0.0004	CALR	ENSG00000179218
4984.0	0.0004	BCAN	ENSG00000132692
4984.0	0.0004	SCFD1	ENSG00000092108
4984.0	0.0004	TIAL1	ENSG00000151923
4984.0	0.0004	RAPGEF4	ENSG00000091428
4984.0	0.0004	FRAT1	ENSG00000165879
4984.0	0.0004	NCAN	ENSG00000130287
4984.0	0.0004	SPRTN	ENSG00000010072
4984.0	0.0004	DHODH	ENSG00000102967
4984.0	0.0004	SPRY1	ENSG00000164056
4984.0	0.0004	ALAS1	ENSG00000023330
4984.0	0.0004	AGXT2	ENSG00000113492
4984.0	0.0004	PLPP2	ENSG00000141934
4984.0	0.0004	PROX1	ENSG00000117707
4984.0	0.0004	CSPG4	ENSG00000173546
4984.0	0.0004	PLPP3	ENSG00000162407
4984.0	0.0004	FRAT2	ENSG00000181274
4984.0	0.0004	ALAS2	ENSG00000158578
4984.0	0.0004	SLC35B3	ENSG00000124786
4984.0	0.0004	FKBP4	ENSG00000004478
4984.0	0.0004	VEGFD	ENSG00000165197
4984.0	0.0004	UST	ENSG00000111962
4984.0	0.0004	SNRPD1	ENSG00000167088
4984.0	0.0004	HLA-A	ENSG00000206503
4984.0	0.0004	EXT1	ENSG00000182197
4984.0	0.0004	NIP7	ENSG00000132603
4984.0	0.0004	POP7	ENSG00000172336
4984.0	0.0004	TSPAN4	ENSG00000214063
4984.0	0.0004	ANXA13	ENSG00000104537
4984.0	0.0004	LYVE1	ENSG00000133800
4984.0	0.0004	RPL12	ENSG00000197958
4984.0	0.0004	EID3	ENSG00000255150
4984.0	0.0004	WDR12	ENSG00000138442
4984.0	0.0004	NSMCE4A	ENSG00000107672
4984.0	0.0004	NDUFC2-KCTD14	ENSG00000259112
4984.0	0.0004	OAT	ENSG00000065154
4984.0	0.0004	RP11-566F5.1	ENSG00000270294
4984.0	0.0004	XIAP	ENSG00000101966
4984.0	0.0004	ANAPC2	ENSG00000176248
4984.0	0.0004	HACL1	ENSG00000131373
4984.0	0.0004	SNU13	ENSG00000100138
4984.0	0.0004	GFPT2	ENSG00000131459
4984.0	0.0004	GCAT	ENSG00000100116
4984.0	0.0004	NINL	ENSG00000101004
4984.0	0.0004	TCEAL4	ENSG00000133142
4984.0	0.0004	RAB6C	ENSG00000222014
4984.0	0.0004	RAB6A	ENSG00000175582
4984.0	0.0004	HNRNPUL2	ENSG00000214753
4984.0	0.0004	RPS23	ENSG00000186468
4984.0	0.0004	FTSJ3	ENSG00000108592
4984.0	0.0004	CDC6	ENSG00000094804
4984.0	0.0004	NOP58	ENSG00000055044
4984.0	0.0004	RNF8	ENSG00000112130
4984.0	0.0004	B3GAT2	ENSG00000112309
4984.0	0.0004	FOSB	ENSG00000125740
4984.0	0.0004	HTR7	ENSG00000148680
4984.0	0.0004	PRICKLE2	ENSG00000163637
4984.0	0.0004	GC	ENSG00000145321
4984.0	0.0004	GGTLC2	ENSG00000100121
4984.0	0.0004	POLE3	ENSG00000148229
4984.0	0.0004	SPRY3	ENSG00000168939
4984.0	0.0004	BUD13	ENSG00000137656
4984.0	0.0004	DMGDH	ENSG00000132837
4984.0	0.0004	MYOG	ENSG00000122180
4984.0	0.0004	HSD3B7	ENSG00000099377
4984.0	0.0004	PHYHIP	ENSG00000168490
4984.0	0.0004	TJP1	ENSG00000104067
4984.0	0.0004	MYT1	ENSG00000196132
4984.0	0.0004	H2AZ1	ENSG00000164032
4984.0	0.0004	SELP	ENSG00000174175
4984.0	0.0004	RAPGEF5	ENSG00000136237
4984.0	0.0004	LEFTY2	ENSG00000143768
4984.0	0.0004	ARPC2	ENSG00000163466
4984.0	0.0004	SLU7	ENSG00000164609
4984.0	0.0004	ARPC3	ENSG00000111229
4984.0	0.0004	SCO1	ENSG00000133028
4984.0	0.0004	CHMP4B	ENSG00000101421
4984.0	0.0004	SYVN1	ENSG00000162298
4984.0	0.0004	GGA2	ENSG00000103365
4984.0	0.0004	CHMP4A	ENSG00000254505
4984.0	0.0004	EPAS1	ENSG00000116016
4984.0	0.0004	CSMD3	ENSG00000164796
4984.0	0.0004	CCNB1	ENSG00000134057
4984.0	0.0004	PRKCE	ENSG00000171132
4984.0	0.0004	CHST10	ENSG00000115526
4984.0	0.0004	FASLG	ENSG00000117560
4984.0	0.0004	GRIK5	ENSG00000105737
4984.0	0.0004	PIANP	ENSG00000139200
4984.0	0.0004	TSPAN6	ENSG00000000003
4984.0	0.0004	PIPOX	ENSG00000179761
4984.0	0.0004	TCEAL2	ENSG00000184905
4984.0	0.0004	CPB2	ENSG00000080618
4984.0	0.0004	ACTR2	ENSG00000138071
4984.0	0.0004	OMG	ENSG00000126861
4984.0	0.0004	LRTOMT	ENSG00000184154
4984.0	0.0004	EPB41	ENSG00000159023
4984.0	0.0004	SREBF2	ENSG00000198911
4984.0	0.0004	DAAM1	ENSG00000100592
4984.0	0.0004	KAT14	ENSG00000149474
4984.0	0.0004	RB1	ENSG00000139687
4984.0	0.0004	FBN2	ENSG00000138829
4984.0	0.0004	ACTR3	ENSG00000115091
4984.0	0.0004	RCVRN	ENSG00000109047
4984.0	0.0004	HDGF	ENSG00000143321
4984.0	0.0004	ACSL1	ENSG00000151726
4984.0	0.0004	IL11RA	ENSG00000137070
4984.0	0.0004	TF	ENSG00000091513
4984.0	0.0004	ACSL5	ENSG00000197142
4984.0	0.0004	A1CF	ENSG00000148584
4984.0	0.0004	H2AZ2	ENSG00000105968
4984.0	0.0004	GGCT	ENSG00000006625
4984.0	0.0004	VDAC2	ENSG00000165637
4984.0	0.0004	COL2A1	ENSG00000139219
4984.0	0.0004	BACH2	ENSG00000112182
4984.0	0.0004	DDX54	ENSG00000123064
4984.0	0.0004	ENAM	ENSG00000132464
4984.0	0.0004	IFT80	ENSG00000068885
4984.0	0.0004	RP11-432B6.3	ENSG00000248710
4984.0	0.0004	HNRNPA1L2	ENSG00000139675
4984.0	0.0004	ARMC8	ENSG00000114098
4984.0	0.0004	SLC39A3	ENSG00000141873
4984.0	0.0004	LIN28A	ENSG00000131914
4984.0	0.0004	RASA1	ENSG00000145715
4984.0	0.0004	UBE2M	ENSG00000130725
4984.0	0.0004	B3GAT1	ENSG00000109956
4984.0	0.0004	ACSL3	ENSG00000123983
4984.0	0.0004	ACSBG2	ENSG00000130377
4984.0	0.0004	PJA1	ENSG00000181191
4984.0	0.0004	QPCT	ENSG00000115828
4984.0	0.0004	SFPQ	ENSG00000116560
4984.0	0.0004	COQ10A	ENSG00000135469
4984.0	0.0004	COQ10B	ENSG00000115520
4984.0	0.0004	ARPC1B	ENSG00000130429
4984.0	0.0004	DLX2	ENSG00000115844
4984.0	0.0004	IDH3A	ENSG00000166411
4984.0	0.0004	CTSK	ENSG00000143387
4984.0	0.0004	PTPRB	ENSG00000127329
4984.0	0.0004	ACVR1B	ENSG00000135503
4984.0	0.0004	NDST3	ENSG00000164100
4984.0	0.0004	CRB2	ENSG00000148204
4984.0	0.0004	ZIC5	ENSG00000139800
4984.0	0.0004	ERAL1	ENSG00000132591
4984.0	0.0004	PRDM14	ENSG00000147596
4984.0	0.0004	POLM	ENSG00000122678
4984.0	0.0004	ADIPOQ	ENSG00000181092
4984.0	0.0004	RAB23	ENSG00000112210
4984.0	0.0004	IFT46	ENSG00000118096
4984.0	0.0004	BCKDHB	ENSG00000083123
4984.0	0.0004	PVALB	ENSG00000100362
4984.0	0.0004	GLO1	ENSG00000124767
4984.0	0.0004	FAAH2	ENSG00000165591
4984.0	0.0004	CDO1	ENSG00000129596
4984.0	0.0004	EIF2B4	ENSG00000115211
4984.0	0.0004	NSMCE2	ENSG00000156831
4984.0	0.0004	SV2B	ENSG00000185518
4984.0	0.0004	FOXO6	ENSG00000204060
4984.0	0.0004	GRK6	ENSG00000198055
4984.0	0.0004	TSHZ1	ENSG00000179981
4984.0	0.0004	ARHGDIA	ENSG00000141522
4984.0	0.0004	AMIGO3	ENSG00000176020
4984.0	0.0004	UFSP1	ENSG00000176125
4984.0	0.0004	PRKCA	ENSG00000154229
4984.0	0.0004	DCLRE1C	ENSG00000152457
4984.0	0.0004	TOP1MT	ENSG00000184428
4984.0	0.0004	KIAA0391	ENSG00000258790
4984.0	0.0004	PSMA6	ENSG00000100902
4984.0	0.0004	UBE2D3	ENSG00000109332
4984.0	0.0004	ZNF687	ENSG00000143373
4984.0	0.0004	APEX2	ENSG00000169188
4984.0	0.0004	GCG	ENSG00000115263
4984.0	0.0004	AMBN	ENSG00000178522
4984.0	0.0004	GTF2F2	ENSG00000188342
4984.0	0.0004	CSGALNACT1	ENSG00000147408
4984.0	0.0004	FBN1	ENSG00000166147
4984.0	0.0004	KDELR2	ENSG00000136240
4984.0	0.0004	SH3PXD2B	ENSG00000174705
4984.0	0.0004	STX5	ENSG00000162236
4984.0	0.0004	CPB1	ENSG00000153002
4984.0	0.0004	SLC39A11	ENSG00000133195
4984.0	0.0004	CHIA	ENSG00000134216
4984.0	0.0004	CHCHD4	ENSG00000163528
4984.0	0.0004	ARPC5L	ENSG00000136950
4984.0	0.0004	ATP1A4	ENSG00000132681
4984.0	0.0004	ACOX3	ENSG00000087008
4984.0	0.0004	EIF4EBP3	ENSG00000243056
4984.0	0.0004	MTRF1	ENSG00000120662
4984.0	0.0004	IFT57	ENSG00000114446
14175.0	0.0003	PDPR	ENSG00000090857
14175.0	0.0003	CHRNA5	ENSG00000169684
14175.0	0.0003	CASP9	ENSG00000132906
14175.0	0.0003	MTMR7	ENSG00000003987
14175.0	0.0003	MTF2	ENSG00000143033
14175.0	0.0003	EIF4EBP2	ENSG00000148730
14175.0	0.0003	PHF19	ENSG00000119403
14175.0	0.0003	GRB2	ENSG00000177885
14175.0	0.0003	PHF1	ENSG00000112511
14175.0	0.0003	GYG2	ENSG00000056998
14175.0	0.0003	MTRF1L	ENSG00000112031
14175.0	0.0003	CNTN4	ENSG00000144619
14175.0	0.0003	USP13	ENSG00000058056
14175.0	0.0003	MPP4	ENSG00000082126
14175.0	0.0003	VPS29	ENSG00000111237
14175.0	0.0003	WDR83	ENSG00000123154
14175.0	0.0003	PBX2	ENSG00000204304
14175.0	0.0003	MICAL3	ENSG00000243156
14175.0	0.0003	MTMR4	ENSG00000108389
14175.0	0.0003	MICAL2	ENSG00000133816
14175.0	0.0003	PCF11	ENSG00000165494
14175.0	0.0003	SURF4	ENSG00000148248
14175.0	0.0003	KCND2	ENSG00000184408
14175.0	0.0003	NUCB2	ENSG00000070081
14175.0	0.0003	NSUN4	ENSG00000117481
14175.0	0.0003	DTNBP1	ENSG00000047579
14175.0	0.0003	MGAT4A	ENSG00000071073
14175.0	0.0003	TADA2A	ENSG00000108264
14175.0	0.0003	SCNN1G	ENSG00000166828
14175.0	0.0003	CHRNA6	ENSG00000147434
14175.0	0.0003	SNRNP200	ENSG00000144028
14175.0	0.0003	CHRNB3	ENSG00000147432
14175.0	0.0003	SACM1L	ENSG00000211456
14175.0	0.0003	MFAP2	ENSG00000117122
14175.0	0.0003	BLID	ENSG00000259571
14175.0	0.0003	VPS4B	ENSG00000119541
14175.0	0.0003	CBR1	ENSG00000159228
14175.0	0.0003	NXF1	ENSG00000162231
14175.0	0.0003	EIF2S2	ENSG00000125977
14175.0	0.0003	RAPGEF3	ENSG00000079337
14175.0	0.0003	CEBPD	ENSG00000221869
14175.0	0.0003	DLGAP3	ENSG00000116544
14175.0	0.0003	SOX6	ENSG00000110693
14175.0	0.0003	TRIM56	ENSG00000169871
14175.0	0.0003	LACTB	ENSG00000103642
14175.0	0.0003	PIAS4	ENSG00000105229
14175.0	0.0003	MGAT4B	ENSG00000161013
14175.0	0.0003	APEX1	ENSG00000100823
14175.0	0.0003	ABI2	ENSG00000138443
14175.0	0.0003	SUMO2	ENSG00000188612
14175.0	0.0003	A4GALT	ENSG00000128274
14175.0	0.0003	HIF3A	ENSG00000124440
14175.0	0.0003	FGF2	ENSG00000138685
14175.0	0.0003	IFT25	ENSG00000081870
14175.0	0.0003	SPRYD3	ENSG00000167778
14175.0	0.0003	MSMO1	ENSG00000052802
14175.0	0.0003	EIF4EBP1	ENSG00000187840
14175.0	0.0003	SCNN1A	ENSG00000111319
14175.0	0.0003	SCAMP2	ENSG00000140497
14175.0	0.0003	CYB5D1	ENSG00000182224
14175.0	0.0003	ARSK	ENSG00000164291
14175.0	0.0003	ADCY10	ENSG00000143199
14175.0	0.0003	PPP1R8	ENSG00000117751
14175.0	0.0003	NOP2	ENSG00000111641
14175.0	0.0003	LSM10	ENSG00000181817
14175.0	0.0003	NDST4	ENSG00000138653
14175.0	0.0003	SQLE	ENSG00000104549
14175.0	0.0003	JAK2	ENSG00000096968
14175.0	0.0003	CYP26C1	ENSG00000187553
14175.0	0.0003	SNRPB	ENSG00000125835
14175.0	0.0003	CHMP5	ENSG00000086065
14175.0	0.0003	DR1	ENSG00000117505
14175.0	0.0003	SHARPIN	ENSG00000179526
14175.0	0.0003	TUBA4A	ENSG00000127824
14175.0	0.0003	MFAP5	ENSG00000197614
14175.0	0.0003	ANXA7	ENSG00000138279
14175.0	0.0003	EIF3H	ENSG00000147677
14175.0	0.0003	UQCRB	ENSG00000156467
14175.0	0.0003	FBXO48	ENSG00000204923
14175.0	0.0003	IPO4	ENSG00000196497
14175.0	0.0003	GAST	ENSG00000184502
14175.0	0.0003	CCK	ENSG00000187094
14175.0	0.0003	ADAMTS14	ENSG00000138316
14175.0	0.0003	ABCF2	ENSG00000033050
14175.0	0.0003	PHF12	ENSG00000109118
14175.0	0.0003	PYCARD	ENSG00000103490
14175.0	0.0003	SURF2	ENSG00000148291
14175.0	0.0003	PPP5C	ENSG00000011485
14175.0	0.0003	ARSI	ENSG00000183876
14175.0	0.0003	RBM42	ENSG00000126254
14175.0	0.0003	GATA1	ENSG00000102145
14175.0	0.0003	EFEMP2	ENSG00000172638
14175.0	0.0003	CHMP4C	ENSG00000164695
14175.0	0.0003	ARSF	ENSG00000062096
14175.0	0.0003	MAP3K3	ENSG00000198909
14175.0	0.0003	ARPC1A	ENSG00000241685
14175.0	0.0003	ADSS2	ENSG00000035687
14175.0	0.0003	ARPC4-TTLL3	ENSG00000250151
14175.0	0.0003	DVL2	ENSG00000004975
14175.0	0.0003	PSMD2	ENSG00000175166
14175.0	0.0003	KCNMB3	ENSG00000171121
14175.0	0.0003	ARSL	ENSG00000157399
14175.0	0.0003	ARSJ	ENSG00000180801
14175.0	0.0003	ARHGEF1	ENSG00000076928
14175.0	0.0003	TIMM22	ENSG00000177370
14175.0	0.0003	LRR1	ENSG00000165501
14175.0	0.0003	NCALD	ENSG00000104490
14175.0	0.0003	CCR6	ENSG00000112486
14175.0	0.0003	TUBA1C	ENSG00000167553
14175.0	0.0003	ARSD	ENSG00000006756
14175.0	0.0003	TREM1	ENSG00000124731
14175.0	0.0003	SF3B3	ENSG00000189091
14175.0	0.0003	MCU	ENSG00000156026
14175.0	0.0003	MTHFD2	ENSG00000065911
14175.0	0.0003	ADSS1	ENSG00000185100
14175.0	0.0003	CYP7A1	ENSG00000167910
14175.0	0.0003	PEX11A	ENSG00000166821
14175.0	0.0003	TOMM70	ENSG00000154174
14175.0	0.0003	TUBA1B	ENSG00000123416
14175.0	0.0003	EXOSC4	ENSG00000178896
14175.0	0.0003	AVPR1A	ENSG00000166148
14175.0	0.0003	GPSM1	ENSG00000160360
14175.0	0.0003	MTHFD2L	ENSG00000163738
14175.0	0.0003	THOC7	ENSG00000163634
14175.0	0.0003	GABRA6	ENSG00000145863
14175.0	0.0003	B3GNTL1	ENSG00000175711
14175.0	0.0003	NCAPH	ENSG00000121152
14175.0	0.0003	TNPO3	ENSG00000064419
14175.0	0.0003	AP3S1	ENSG00000177879
14175.0	0.0003	APOA5	ENSG00000110243
14175.0	0.0003	GABRA4	ENSG00000109158
14175.0	0.0003	MRGBP	ENSG00000101189
14175.0	0.0003	TOMM20	ENSG00000173726
14175.0	0.0003	PMCH	ENSG00000183395
14175.0	0.0003	SNRPD3	ENSG00000100028
14175.0	0.0003	MCC	ENSG00000171444
14175.0	0.0003	ACY3	ENSG00000132744
14175.0	0.0003	PITX1	ENSG00000069011
14175.0	0.0003	CD163	ENSG00000177575
14175.0	0.0003	ACTL6A	ENSG00000136518
14175.0	0.0003	ACTN2	ENSG00000077522
14175.0	0.0003	MTERF3	ENSG00000156469
14175.0	0.0003	CBLN3	ENSG00000139899
14175.0	0.0003	MSX2	ENSG00000120149
14175.0	0.0003	RAX	ENSG00000134438
14175.0	0.0003	HOXC11	ENSG00000123388
14175.0	0.0003	TUBB1	ENSG00000101162
14175.0	0.0003	VASP	ENSG00000125753
14175.0	0.0003	TOMM22	ENSG00000100216
14175.0	0.0003	BSG	ENSG00000172270
14175.0	0.0003	PTCD1	ENSG00000106246
14175.0	0.0003	UBE2E1	ENSG00000170142
14175.0	0.0003	TOMM7	ENSG00000196683
14175.0	0.0003	ZNF473	ENSG00000142528
14175.0	0.0003	DHFR2	ENSG00000178700
14175.0	0.0003	MSI2	ENSG00000153944
14175.0	0.0003	MSI1	ENSG00000135097
14175.0	0.0003	OXSM	ENSG00000151093
14175.0	0.0003	NCAPG	ENSG00000109805
14175.0	0.0003	DLG2	ENSG00000150672
14175.0	0.0003	FBXW10B	ENSG00000241322
14175.0	0.0003	CH25H	ENSG00000138135
14175.0	0.0003	RHOB	ENSG00000143878
14175.0	0.0003	SGSM3	ENSG00000100359
14175.0	0.0003	HMGCR	ENSG00000113161
14175.0	0.0003	TBCA	ENSG00000171530
14175.0	0.0003	RHOC	ENSG00000155366
14175.0	0.0003	CHL1	ENSG00000134121
14175.0	0.0003	HAAO	ENSG00000162882
14175.0	0.0003	EGR1	ENSG00000120738
14175.0	0.0003	WDR77	ENSG00000116455
14175.0	0.0003	TBCB	ENSG00000105254
14175.0	0.0003	SNTA1	ENSG00000101400
14175.0	0.0003	EPHA6	ENSG00000080224
14175.0	0.0003	GDF5	ENSG00000125965
14175.0	0.0003	PSTPIP1	ENSG00000140368
14175.0	0.0003	ADAM10	ENSG00000137845
14175.0	0.0003	SAP130	ENSG00000136715
14175.0	0.0003	AP3S2	ENSG00000157823
14175.0	0.0003	DAZAP1	ENSG00000071626
14175.0	0.0003	MKRN3	ENSG00000179455
14175.0	0.0003	HSPA4	ENSG00000170606
14175.0	0.0003	PLIN1	ENSG00000166819
14175.0	0.0003	PPP1R3B	ENSG00000173281
14175.0	0.0003	URM1	ENSG00000167118
14175.0	0.0003	LOXL1	ENSG00000129038
14175.0	0.0003	EXOSC7	ENSG00000075914
14175.0	0.0003	CHMP6	ENSG00000176108
14175.0	0.0003	TNRC6A	ENSG00000090905
14175.0	0.0003	TBCC	ENSG00000124659
14175.0	0.0003	MAN2A2	ENSG00000196547
14175.0	0.0003	XRN1	ENSG00000114127
14175.0	0.0003	VAMP4	ENSG00000117533
14175.0	0.0003	CYBA	ENSG00000051523
14175.0	0.0003	NCBP1	ENSG00000136937
14175.0	0.0003	IST1	ENSG00000182149
14175.0	0.0003	TLL1	ENSG00000038295
14175.0	0.0003	ZFPM1	ENSG00000179588
14175.0	0.0003	CRB3	ENSG00000130545
14175.0	0.0003	HACD2	ENSG00000206527
14175.0	0.0003	SYK	ENSG00000165025
14175.0	0.0003	SNRPF	ENSG00000139343
14175.0	0.0003	SNRPG	ENSG00000143977
14175.0	0.0003	DUS2	ENSG00000167264
14175.0	0.0003	MYOT	ENSG00000120729
14175.0	0.0003	TOMM5	ENSG00000175768
14175.0	0.0003	TOMM6	ENSG00000214736
14175.0	0.0003	CNTN3	ENSG00000113805
14175.0	0.0003	PKD1	ENSG00000008710
14175.0	0.0003	CASP1	ENSG00000137752
14175.0	0.0003	BRCC3	ENSG00000185515
14175.0	0.0003	DDX5	ENSG00000108654
14175.0	0.0003	RBCK1	ENSG00000125826
14175.0	0.0003	LHX6	ENSG00000106852
14175.0	0.0003	GATA4	ENSG00000136574
14175.0	0.0003	DMAP1	ENSG00000178028
14175.0	0.0003	ACVR2B	ENSG00000114739
14175.0	0.0003	TBC1D5	ENSG00000131374
14175.0	0.0003	SUMO4	ENSG00000177688
14175.0	0.0003	CHMP2A	ENSG00000130724
14175.0	0.0003	NFATC2IP	ENSG00000176953
14175.0	0.0003	PSMC5	ENSG00000087191
14175.0	0.0003	NCBP2	ENSG00000114503
14175.0	0.0003	RAB6B	ENSG00000154917
14175.0	0.0003	MYO3A	ENSG00000095777
14175.0	0.0003	ASH2L	ENSG00000129691
14175.0	0.0003	REN	ENSG00000143839
14175.0	0.0003	VPS18	ENSG00000104142
14175.0	0.0003	SCGB1A1	ENSG00000149021
14175.0	0.0003	CHST7	ENSG00000147119
14175.0	0.0003	MPG	ENSG00000103152
14175.0	0.0003	WDR5	ENSG00000196363
14175.0	0.0003	SUMO3	ENSG00000184900
14175.0	0.0003	PJVK	ENSG00000204311
14175.0	0.0003	SMARCD3	ENSG00000082014
14175.0	0.0003	ACTR3B	ENSG00000133627
14175.0	0.0003	RAB41	ENSG00000147127
14175.0	0.0003	DROSHA	ENSG00000113360
14175.0	0.0003	FKBP1B	ENSG00000119782
14175.0	0.0003	PRKACA	ENSG00000072062
14175.0	0.0003	RBBP5	ENSG00000117222
14175.0	0.0003	UTP3	ENSG00000132467
14175.0	0.0003	MYH7B	ENSG00000078814
14175.0	0.0003	GJA5	ENSG00000143140
14175.0	0.0003	PRKACG	ENSG00000165059
14175.0	0.0003	VPS39	ENSG00000166887
14175.0	0.0003	LCAT	ENSG00000213398
14175.0	0.0003	ALDH1A2	ENSG00000128918
14175.0	0.0003	PLCG1	ENSG00000124181
14175.0	0.0003	PLCB2	ENSG00000137841
14175.0	0.0003	ABCA13	ENSG00000179869
14175.0	0.0003	TKTL2	ENSG00000151005
14175.0	0.0003	SEMA6D	ENSG00000137872
14175.0	0.0003	PLCG2	ENSG00000197943
14175.0	0.0003	CAV3	ENSG00000182533
14175.0	0.0003	ACTR3C	ENSG00000106526
14175.0	0.0003	GABRG3	ENSG00000182256
14175.0	0.0003	EEF1D	ENSG00000104529
14175.0	0.0003	ARL2	ENSG00000213465
14175.0	0.0003	ARL4D	ENSG00000175906
14175.0	0.0003	NCOA6	ENSG00000198646
14175.0	0.0003	SMARCD2	ENSG00000108604
14175.0	0.0003	PLCD3	ENSG00000161714
14175.0	0.0003	CSTF3	ENSG00000176102
14175.0	0.0003	SEPTIN5	ENSG00000184702
14175.0	0.0003	PLCD1	ENSG00000187091
14175.0	0.0003	MFN1	ENSG00000171109
14175.0	0.0003	PLCD4	ENSG00000115556
14175.0	0.0003	PLCZ1	ENSG00000139151
14175.0	0.0003	UNC13C	ENSG00000137766
14175.0	0.0003	TCEAL7	ENSG00000182916
14175.0	0.0003	SNTB1	ENSG00000172164
14175.0	0.0003	KLF6	ENSG00000067082
14175.0	0.0003	IRX5	ENSG00000176842
14175.0	0.0003	CXCL14	ENSG00000145824
14175.0	0.0003	ABCB8	ENSG00000197150
14175.0	0.0003	CLDN12	ENSG00000157224
14175.0	0.0003	LYAR	ENSG00000145220
14175.0	0.0003	LCP2	ENSG00000043462
14175.0	0.0003	MYO6	ENSG00000196586
14175.0	0.0003	HMMR	ENSG00000072571
14175.0	0.0003	NRGN	ENSG00000154146
14175.0	0.0003	ATP12A	ENSG00000075673
14175.0	0.0003	GRAP2	ENSG00000100351
14175.0	0.0003	RTN1	ENSG00000139970
14175.0	0.0003	MGAT5	ENSG00000152127
14175.0	0.0003	HSPE1	ENSG00000115541
14175.0	0.0003	IL1B	ENSG00000125538
14175.0	0.0003	MRPS26	ENSG00000125901
14175.0	0.0003	YPEL5	ENSG00000119801
14175.0	0.0003	IRX1	ENSG00000170549
14175.0	0.0003	HAP1	ENSG00000173805
14175.0	0.0003	CYP26A1	ENSG00000095596
14175.0	0.0003	CYLD	ENSG00000083799
14175.0	0.0003	CKM	ENSG00000104879
14175.0	0.0003	PIK3CB	ENSG00000051382
14175.0	0.0003	ZNF469	ENSG00000225614
14175.0	0.0003	AP3M1	ENSG00000185009
14175.0	0.0003	RCOR3	ENSG00000117625
14175.0	0.0003	SSNA1	ENSG00000176101
14175.0	0.0003	FLT3	ENSG00000122025
14175.0	0.0003	SCNN1B	ENSG00000168447
14175.0	0.0003	ENG	ENSG00000106991
14175.0	0.0003	HOMER3	ENSG00000051128
14175.0	0.0003	POLE	ENSG00000177084
14175.0	0.0003	NCL	ENSG00000115053
14175.0	0.0003	RABEP1	ENSG00000029725
14175.0	0.0003	SLC23A2	ENSG00000089057
14175.0	0.0003	SLC23A1	ENSG00000170482
14175.0	0.0003	RICTOR	ENSG00000164327
14175.0	0.0003	EPC1	ENSG00000120616
14175.0	0.0003	BANP	ENSG00000172530
14175.0	0.0003	PTK2B	ENSG00000120899
14175.0	0.0003	CYP46A1	ENSG00000036530
14175.0	0.0003	RASD1	ENSG00000108551
14175.0	0.0003	EPC2	ENSG00000135999
14175.0	0.0003	TRPM4	ENSG00000130529
14175.0	0.0003	RND3	ENSG00000115963
14175.0	0.0003	INPP5J	ENSG00000185133
14175.0	0.0003	IPMK	ENSG00000151151
14175.0	0.0003	EEF1E1	ENSG00000124802
14175.0	0.0003	PAXIP1	ENSG00000157212
14175.0	0.0003	DNAJA1	ENSG00000086061
14175.0	0.0003	CDC34	ENSG00000099804
14175.0	0.0003	UBQLN4	ENSG00000160803
14175.0	0.0003	SLC9B2	ENSG00000164038
14175.0	0.0003	WNT10B	ENSG00000169884
14175.0	0.0003	RUVBL1	ENSG00000175792
14175.0	0.0003	STK17B	ENSG00000081320
14175.0	0.0003	PLIN5	ENSG00000214456
14175.0	0.0003	PIH1D2	ENSG00000150773
14175.0	0.0003	SSPN	ENSG00000123096
14175.0	0.0003	TM7SF2	ENSG00000149809
14175.0	0.0003	UBE2R2	ENSG00000107341
14175.0	0.0003	CHORDC1	ENSG00000110172
14175.0	0.0003	USP8	ENSG00000138592
14175.0	0.0003	BHMT	ENSG00000145692
14175.0	0.0003	AP5B1	ENSG00000254470
14175.0	0.0003	YTHDF1	ENSG00000149658
14175.0	0.0003	PWP2	ENSG00000241945
14175.0	0.0003	DNAJB1	ENSG00000132002
14175.0	0.0003	SH3GL1	ENSG00000141985
14175.0	0.0003	NCF4	ENSG00000100365
14175.0	0.0003	AP5S1	ENSG00000125843
14175.0	0.0003	NDOR1	ENSG00000188566
14175.0	0.0003	ACVR2A	ENSG00000121989
14175.0	0.0003	MSRB1	ENSG00000198736
14175.0	0.0003	RAB8A	ENSG00000167461
14175.0	0.0003	FEZF2	ENSG00000153266
14175.0	0.0003	GATA3	ENSG00000107485
14175.0	0.0003	SGCZ	ENSG00000185053
14175.0	0.0003	SNCAIP	ENSG00000064692
14175.0	0.0003	NEUROD1	ENSG00000162992
14175.0	0.0003	ERG28	ENSG00000133935
14175.0	0.0003	ATP1B1	ENSG00000143153
14175.0	0.0003	SNTB2	ENSG00000168807
14175.0	0.0003	GATB	ENSG00000059691
14175.0	0.0003	HSF1	ENSG00000185122
14175.0	0.0003	HTR2A	ENSG00000102468
14175.0	0.0003	TUBGCP4	ENSG00000137822
14175.0	0.0003	PDE6A	ENSG00000132915
14175.0	0.0003	ANP32A	ENSG00000140350
14175.0	0.0003	SDC2	ENSG00000169439
14175.0	0.0003	FLAD1	ENSG00000160688
14175.0	0.0003	TPP2	ENSG00000134900
14175.0	0.0003	MVD	ENSG00000167508
14175.0	0.0003	MPI	ENSG00000178802
14175.0	0.0003	STAB2	ENSG00000136011
14175.0	0.0003	TMEM18	ENSG00000151353
14175.0	0.0003	IK	ENSG00000113141
14175.0	0.0003	RAB27A	ENSG00000069974
14175.0	0.0003	TREML1	ENSG00000161911
14175.0	0.0003	GJD3	ENSG00000183153
14175.0	0.0003	FXYD2	ENSG00000137731
14175.0	0.0003	POLR2E	ENSG00000099817
14175.0	0.0003	FGFR1OP2	ENSG00000111790
14175.0	0.0003	ATR	ENSG00000175054
14175.0	0.0003	USP15	ENSG00000135655
14175.0	0.0003	POLR2L	ENSG00000177700
14175.0	0.0003	LIN7A	ENSG00000111052
14175.0	0.0003	ADCY9	ENSG00000162104
14175.0	0.0003	ATP1B3	ENSG00000069849
14175.0	0.0003	ATP5MF-PTCD1	ENSG00000248919
14175.0	0.0003	POLR2C	ENSG00000102978
14175.0	0.0003	POLR2B	ENSG00000047315
14175.0	0.0003	PMAIP1	ENSG00000141682
14175.0	0.0003	PIGR	ENSG00000162896
14175.0	0.0003	ADCK1	ENSG00000063761
14175.0	0.0003	ADCK5	ENSG00000173137
14175.0	0.0003	SMYD5	ENSG00000135632
14175.0	0.0003	YPEL4	ENSG00000166793
14175.0	0.0003	ADCY3	ENSG00000138031
14175.0	0.0003	CDCA7	ENSG00000144354
14175.0	0.0003	DNMT3B	ENSG00000088305
14175.0	0.0003	HELLS	ENSG00000119969
14175.0	0.0003	BEX3	ENSG00000166681
14175.0	0.0003	USP4	ENSG00000114316
14175.0	0.0003	MYO1A	ENSG00000166866
14175.0	0.0003	NUTF2	ENSG00000102898
14175.0	0.0003	ADCY4	ENSG00000129467
14175.0	0.0003	TAX1BP3	ENSG00000213977
14175.0	0.0003	FSCN1	ENSG00000075618
14175.0	0.0003	AMTN	ENSG00000187689
14175.0	0.0003	HSPA14	ENSG00000187522
14175.0	0.0003	ADCY2	ENSG00000078295
14175.0	0.0003	ADCY6	ENSG00000174233
14175.0	0.0003	ELAVL2	ENSG00000107105
14175.0	0.0003	ADCY7	ENSG00000121281
14175.0	0.0003	POLR2D	ENSG00000144231
14175.0	0.0003	POLR2I	ENSG00000105258
14175.0	0.0003	MAT1A	ENSG00000151224
14175.0	0.0003	ATRIP	ENSG00000164053
14175.0	0.0003	GLYAT	ENSG00000149124
14175.0	0.0003	AP5M1	ENSG00000053770
14175.0	0.0003	PUS1	ENSG00000177192
14175.0	0.0003	PLAUR	ENSG00000011422
14175.0	0.0003	SH2B3	ENSG00000111252
14175.0	0.0003	ACOT2	ENSG00000119673
14175.0	0.0003	ACOT1	ENSG00000184227
14175.0	0.0003	SLC40A1	ENSG00000138449
14175.0	0.0003	TAL1	ENSG00000162367
14175.0	0.0003	OXA1L	ENSG00000155463
14175.0	0.0003	CARNS1	ENSG00000172508
14175.0	0.0003	MYB	ENSG00000118513
14175.0	0.0003	CD40	ENSG00000101017
14175.0	0.0003	PMVK	ENSG00000163344
14175.0	0.0003	RNF38	ENSG00000137075
14175.0	0.0003	CNDP2	ENSG00000133313
14175.0	0.0003	SMU1	ENSG00000122692
14175.0	0.0003	WIPI1	ENSG00000070540
14175.0	0.0003	EMCN	ENSG00000164035
14175.0	0.0003	ACOT4	ENSG00000177465
14175.0	0.0003	JAK3	ENSG00000105639
14175.0	0.0003	CNDP1	ENSG00000150656
14175.0	0.0003	TREML2	ENSG00000112195
14175.0	0.0003	PLEKHM3	ENSG00000178385
14175.0	0.0003	NAAA	ENSG00000138744
14175.0	0.0003	ECI1	ENSG00000167969
14175.0	0.0003	MRPS9	ENSG00000135972
14175.0	0.0003	RIT2	ENSG00000152214
14175.0	0.0003	CAV2	ENSG00000105971
14175.0	0.0003	RPE	ENSG00000197713
14175.0	0.0003	MRPS10	ENSG00000048544
14175.0	0.0003	AP1G2	ENSG00000213983
14175.0	0.0003	GNAZ	ENSG00000128266
14175.0	0.0003	ACVR1C	ENSG00000123612
14175.0	0.0003	THOC3	ENSG00000051596
14175.0	0.0003	HDC	ENSG00000140287
14175.0	0.0003	UQCRC2	ENSG00000140740
14175.0	0.0003	PLN	ENSG00000198523
14175.0	0.0003	PYGM	ENSG00000068976
14175.0	0.0003	SYNC	ENSG00000162520
14175.0	0.0003	POLR2F	ENSG00000100142
14175.0	0.0003	AP2S1	ENSG00000042753
14175.0	0.0003	PSPC1	ENSG00000121390
14175.0	0.0003	RFK	ENSG00000135002
14175.0	0.0003	RAD9A	ENSG00000172613
14175.0	0.0003	RBM39	ENSG00000131051
14175.0	0.0003	AXL	ENSG00000167601
14175.0	0.0003	VAMP7	ENSG00000124333
14175.0	0.0003	RBKS	ENSG00000171174
14175.0	0.0003	DPP7	ENSG00000176978
14175.0	0.0003	PTAFR	ENSG00000169403
14175.0	0.0003	SMC6	ENSG00000163029
14175.0	0.0003	KIF20A	ENSG00000112984
14175.0	0.0003	SELE	ENSG00000007908
14175.0	0.0003	SLC9A2	ENSG00000115616
14175.0	0.0003	PRPS1L1	ENSG00000229937
14175.0	0.0003	RFC4	ENSG00000163918
14175.0	0.0003	MAT2A	ENSG00000168906
14175.0	0.0003	CHM	ENSG00000188419
14175.0	0.0003	PDE6C	ENSG00000095464
14175.0	0.0003	POLR2H	ENSG00000163882
14175.0	0.0003	HSPA6	ENSG00000173110
14175.0	0.0003	UBQLN1	ENSG00000135018
14175.0	0.0003	PITPNA	ENSG00000174238
14175.0	0.0003	HSPA4L	ENSG00000164070
14175.0	0.0003	QRSL1	ENSG00000130348
14175.0	0.0003	CFC1	ENSG00000136698
14175.0	0.0003	HUS1	ENSG00000136273
14175.0	0.0003	PITPNB	ENSG00000180957
14175.0	0.0003	HIBADH	ENSG00000106049
14175.0	0.0003	BCL2L1	ENSG00000171552
14175.0	0.0003	LRRTM1	ENSG00000162951
14175.0	0.0003	SLC10A1	ENSG00000100652
14175.0	0.0003	NFYB	ENSG00000120837
14175.0	0.0003	INA	ENSG00000148798
14175.0	0.0003	GNA13	ENSG00000120063
14175.0	0.0003	SRSF6	ENSG00000124193
14175.0	0.0003	RPN2	ENSG00000118705
14175.0	0.0003	RFC5	ENSG00000111445
14175.0	0.0003	HHEX	ENSG00000152804
14175.0	0.0003	RNF34	ENSG00000170633
14175.0	0.0003	NOXA1	ENSG00000188747
14175.0	0.0003	PRELID1	ENSG00000169230
14175.0	0.0003	NFYA	ENSG00000001167
14175.0	0.0003	SNAI1	ENSG00000124216
14175.0	0.0003	DAP3	ENSG00000132676
14175.0	0.0003	GNA12	ENSG00000146535
14175.0	0.0003	UCHL3	ENSG00000118939
14175.0	0.0003	RAB3D	ENSG00000105514
14175.0	0.0003	AFTPH	ENSG00000119844
14175.0	0.0003	HSPA2	ENSG00000126803
14175.0	0.0003	CNST	ENSG00000162852
14175.0	0.0003	RAB3B	ENSG00000169213
14175.0	0.0003	COX4I2	ENSG00000131055
14175.0	0.0003	MMP20	ENSG00000137674
14175.0	0.0003	EXOC5	ENSG00000070367
14175.0	0.0003	RFX6	ENSG00000185002
14175.0	0.0003	RAC2	ENSG00000128340
14175.0	0.0003	ZNF496	ENSG00000162714
14175.0	0.0003	ALDH1A3	ENSG00000184254
14175.0	0.0003	ARNT	ENSG00000143437
14175.0	0.0003	OR1F1	ENSG00000168124
14175.0	0.0003	EEF1B2	ENSG00000114942
14175.0	0.0003	HSPA13	ENSG00000155304
14175.0	0.0003	ALDH3B2	ENSG00000132746
14175.0	0.0003	EIF5	ENSG00000100664
14175.0	0.0003	TMEM160	ENSG00000130748
14175.0	0.0003	EMX1	ENSG00000135638
14175.0	0.0003	COX19	ENSG00000240230
14175.0	0.0003	SMG1	ENSG00000157106
14175.0	0.0003	NPLOC4	ENSG00000182446
14175.0	0.0003	CPT2	ENSG00000157184
14175.0	0.0003	MYO1C	ENSG00000197879
14175.0	0.0003	AGGF1	ENSG00000164252
14175.0	0.0003	VCL	ENSG00000035403
14175.0	0.0003	EPO	ENSG00000130427
14175.0	0.0003	VPS25	ENSG00000131475
14175.0	0.0003	KRBOX4	ENSG00000147121
14175.0	0.0003	DYRK2	ENSG00000127334
14175.0	0.0003	HBG1	ENSG00000213934
14175.0	0.0003	METTL17	ENSG00000165792
14175.0	0.0003	CD164	ENSG00000135535
14175.0	0.0003	CFL1	ENSG00000172757
14175.0	0.0003	EFHC2	ENSG00000183690
14175.0	0.0003	WNT5A	ENSG00000114251
14175.0	0.0003	MPO	ENSG00000005381
14175.0	0.0003	ANK2	ENSG00000145362
14175.0	0.0003	UGT1A6	ENSG00000167165
14175.0	0.0003	STX12	ENSG00000117758
14175.0	0.0003	TIRAP	ENSG00000150455
14175.0	0.0003	GRP	ENSG00000134443
14175.0	0.0003	MRPS15	ENSG00000116898
14175.0	0.0003	HBG2	ENSG00000196565
14175.0	0.0003	NBL1	ENSG00000158747
14175.0	0.0003	FAAP24	ENSG00000131944
14175.0	0.0003	LEFTY1	ENSG00000243709
14175.0	0.0003	OXCT2	ENSG00000198754
14175.0	0.0003	RPS14	ENSG00000164587
14175.0	0.0003	FEN1	ENSG00000168496
14175.0	0.0003	YPEL2	ENSG00000175155
14175.0	0.0003	CUL2	ENSG00000108094
14175.0	0.0003	MED22	ENSG00000148297
14175.0	0.0003	TMCO3	ENSG00000150403
14175.0	0.0003	MYO9B	ENSG00000099331
14175.0	0.0003	PRR5	ENSG00000186654
14175.0	0.0003	RAB11A	ENSG00000103769
14175.0	0.0003	LSM4	ENSG00000130520
14175.0	0.0003	CLC	ENSG00000105205
14175.0	0.0003	UGT1A9	ENSG00000241119
14175.0	0.0003	SOAT1	ENSG00000057252
14175.0	0.0003	TXN	ENSG00000136810
14175.0	0.0003	HTR2B	ENSG00000135914
14175.0	0.0003	GIPC1	ENSG00000123159
14175.0	0.0003	SENP1	ENSG00000079387
14175.0	0.0003	ACTR6	ENSG00000075089
14175.0	0.0003	U2AF1	ENSG00000160201
14175.0	0.0003	PRR5L	ENSG00000135362
14175.0	0.0003	NEUROD4	ENSG00000123307
14175.0	0.0003	CPEB3	ENSG00000107864
14175.0	0.0003	PRAME	ENSG00000185686
14175.0	0.0003	PRKX	ENSG00000183943
14175.0	0.0003	SLC4A1AP	ENSG00000163798
14175.0	0.0003	PCYT1B	ENSG00000102230
14175.0	0.0003	GREM1	ENSG00000166923
14175.0	0.0003	EIF4E	ENSG00000151247
14175.0	0.0003	MRPL40	ENSG00000185608
14175.0	0.0003	SLC27A5	ENSG00000083807
14175.0	0.0003	CHCHD3	ENSG00000106554
14175.0	0.0003	CD38	ENSG00000004468
14175.0	0.0003	ENC1	ENSG00000171617
14175.0	0.0003	HAND2	ENSG00000164107
14175.0	0.0003	CALML5	ENSG00000178372
14175.0	0.0003	EHD4	ENSG00000103966
14175.0	0.0003	CALML3	ENSG00000178363
14175.0	0.0003	UBXN7	ENSG00000163960
14175.0	0.0003	TFRC	ENSG00000072274
14175.0	0.0003	CALML6	ENSG00000169885
14175.0	0.0003	ALYREF	ENSG00000183684
14175.0	0.0003	RASGRF1	ENSG00000058335
14175.0	0.0003	ELOVL7	ENSG00000164181
14175.0	0.0003	PECR	ENSG00000115425
14175.0	0.0003	BNIPL	ENSG00000163141
14175.0	0.0003	ZFYVE19	ENSG00000166140
14175.0	0.0003	CCDC43	ENSG00000180329
14175.0	0.0003	KIAA0513	ENSG00000135709
14175.0	0.0003	PEX11G	ENSG00000104883
14175.0	0.0003	SH3GLB1	ENSG00000097033
14175.0	0.0003	ANKRD45	ENSG00000183831
14175.0	0.0003	CEL	ENSG00000170835
14175.0	0.0003	POLA2	ENSG00000014138
14175.0	0.0003	GNPDA2	ENSG00000163281
14175.0	0.0003	UGT1A3	ENSG00000243135
14175.0	0.0003	UGT2B7	ENSG00000171234
14175.0	0.0003	DPF3	ENSG00000205683
14175.0	0.0003	TNK2	ENSG00000061938
14175.0	0.0003	HBA2	ENSG00000188536
14175.0	0.0003	CD2AP	ENSG00000198087
14175.0	0.0003	LIPA	ENSG00000107798
14175.0	0.0003	ALKBH1	ENSG00000100601
14175.0	0.0003	AMY2A	ENSG00000243480
14175.0	0.0003	NSMCE1	ENSG00000169189
14175.0	0.0003	TRMT10B	ENSG00000165275
14175.0	0.0003	AMY1C	ENSG00000187733
14175.0	0.0003	TRMT10C	ENSG00000174173
14175.0	0.0003	AMY2B	ENSG00000240038
14175.0	0.0003	SERPINE1	ENSG00000106366
14175.0	0.0003	CD80	ENSG00000121594
14175.0	0.0003	AP2B1	ENSG00000006125
14175.0	0.0003	CORO1A	ENSG00000102879
14175.0	0.0003	ZNF593	ENSG00000142684
14175.0	0.0003	PLIN2	ENSG00000147872
14175.0	0.0003	NLRP1	ENSG00000091592
14175.0	0.0003	CER1	ENSG00000147869
14175.0	0.0003	TLE2	ENSG00000065717
14175.0	0.0003	NR1I2	ENSG00000144852
14175.0	0.0003	PLK3	ENSG00000173846
14175.0	0.0003	HSD3B1	ENSG00000203857
14175.0	0.0003	SEC16B	ENSG00000120341
14175.0	0.0003	YPEL1	ENSG00000100027
14175.0	0.0003	WWTR1	ENSG00000018408
14175.0	0.0003	VPS8	ENSG00000156931
14175.0	0.0003	RBBP4	ENSG00000162521
14175.0	0.0003	AP1B1	ENSG00000100280
14175.0	0.0003	RBBP7	ENSG00000102054
14175.0	0.0003	GOLGA5	ENSG00000066455
14175.0	0.0003	SOAT2	ENSG00000167780
14175.0	0.0003	FGFR4	ENSG00000160867
14175.0	0.0003	ELOVL2	ENSG00000197977
14175.0	0.0003	PNPLA3	ENSG00000100344
14175.0	0.0003	HIF1AN	ENSG00000166135
14175.0	0.0003	KCTD15	ENSG00000153885
14175.0	0.0003	ACSM4	ENSG00000215009
14175.0	0.0003	NKX2-6	ENSG00000180053
14175.0	0.0003	MAPK8IP1	ENSG00000121653
14175.0	0.0003	VPS36	ENSG00000136100
14175.0	0.0003	CCNH	ENSG00000134480
14175.0	0.0003	HLTF	ENSG00000071794
14175.0	0.0003	RTN4RL2	ENSG00000186907
14175.0	0.0003	SAP30	ENSG00000164105
14175.0	0.0003	IPP	ENSG00000197429
14175.0	0.0003	ACSM2B	ENSG00000066813
14175.0	0.0003	AP1M1	ENSG00000072958
14175.0	0.0003	PAGR1	ENSG00000185928
14175.0	0.0003	ACSM3	ENSG00000005187
14175.0	0.0003	CD209	ENSG00000090659
14175.0	0.0003	HP	ENSG00000257017
14175.0	0.0003	UBE2V2	ENSG00000169139
14175.0	0.0003	DAD1	ENSG00000129562
14175.0	0.0003	HSD3B2	ENSG00000203859
14175.0	0.0003	SAR1B	ENSG00000152700
14175.0	0.0003	FAXDC2	ENSG00000170271
14175.0	0.0003	BAK1	ENSG00000030110
14175.0	0.0003	ST3GAL1	ENSG00000008513
14175.0	0.0003	WAS	ENSG00000015285
14175.0	0.0003	DPYSL3	ENSG00000113657
14175.0	0.0003	MRPS5	ENSG00000144029
14175.0	0.0003	POMC	ENSG00000115138
14175.0	0.0003	ACSM1	ENSG00000166743
14175.0	0.0003	ACSM2A	ENSG00000183747
14175.0	0.0003	DPF1	ENSG00000011332
14175.0	0.0003	GTF2F1	ENSG00000125651
14175.0	0.0003	TGIF2	ENSG00000118707
14175.0	0.0003	GCHFR	ENSG00000137880
14175.0	0.0003	ST3GAL2	ENSG00000157350
14175.0	0.0003	ACSM5	ENSG00000183549
14175.0	0.0003	BGLAP	ENSG00000242252
14175.0	0.0003	PICK1	ENSG00000100151
14175.0	0.0003	PSMD4	ENSG00000159352
14175.0	0.0003	BLTP3A	ENSG00000065060
14175.0	0.0003	ICE2	ENSG00000128915
14175.0	0.0003	AP1M2	ENSG00000129354
14175.0	0.0003	RABEP2	ENSG00000177548
14175.0	0.0003	UGT2B4	ENSG00000156096
14175.0	0.0003	STK11	ENSG00000118046
14175.0	0.0003	SPP2	ENSG00000072080
14175.0	0.0003	TARS3	ENSG00000185418
14175.0	0.0003	UGT1A5	ENSG00000240224
14175.0	0.0003	TNFRSF1B	ENSG00000028137
14175.0	0.0003	STX7	ENSG00000079950
14175.0	0.0003	MYO1E	ENSG00000157483
14175.0	0.0003	ZNF683	ENSG00000176083
14175.0	0.0003	RETSAT	ENSG00000042445
14175.0	0.0003	NFKBIA	ENSG00000100906
14175.0	0.0003	FDPS	ENSG00000160752
14175.0	0.0003	SLC22A12	ENSG00000197891
14175.0	0.0003	TTLL12	ENSG00000100304
14175.0	0.0003	HAND1	ENSG00000113196
14175.0	0.0003	NNMT	ENSG00000166741
14175.0	0.0003	SOCS3	ENSG00000184557
14175.0	0.0003	HSF4	ENSG00000102878
14175.0	0.0003	UGT1A7	ENSG00000244122
14175.0	0.0003	CYP2C9	ENSG00000138109
14175.0	0.0003	GPC5	ENSG00000179399
14175.0	0.0003	NRL	ENSG00000129535
14175.0	0.0003	KLK3	ENSG00000142515
14175.0	0.0003	CD79A	ENSG00000105369
14175.0	0.0003	CSNK2A2	ENSG00000070770
14175.0	0.0003	ANAPC11	ENSG00000141552
14175.0	0.0003	SRSF4	ENSG00000116350
14175.0	0.0003	IDI1	ENSG00000067064
14175.0	0.0003	SDC3	ENSG00000162512
14175.0	0.0003	HMGA1	ENSG00000137309
14175.0	0.0003	UBE2D2	ENSG00000131508
14175.0	0.0003	HAT1	ENSG00000128708
14175.0	0.0003	ARG2	ENSG00000081181
14175.0	0.0003	SIGLEC11	ENSG00000161640
14175.0	0.0003	SNF8	ENSG00000159210
14175.0	0.0003	RHBDL1	ENSG00000103269
14175.0	0.0003	PLTP	ENSG00000100979
14175.0	0.0003	UBXN1	ENSG00000162191
14175.0	0.0003	BCO1	ENSG00000135697
14175.0	0.0003	YAP1	ENSG00000137693
14175.0	0.0003	HBA1	ENSG00000206172
14175.0	0.0003	UBQLNL	ENSG00000175518
14175.0	0.0003	LYL1	ENSG00000104903
14175.0	0.0003	PNPLA4	ENSG00000006757
14175.0	0.0003	FBL	ENSG00000105202
14175.0	0.0003	UGT1A10	ENSG00000242515
14175.0	0.0003	HOXA10	ENSG00000253293
14175.0	0.0003	ALDH1A1	ENSG00000165092
14175.0	0.0003	NCSTN	ENSG00000162736
14175.0	0.0003	DHDH	ENSG00000104808
14175.0	0.0003	YPEL3	ENSG00000090238
14175.0	0.0003	CAMK2D	ENSG00000145349
14175.0	0.0003	TPMT	ENSG00000137364
14175.0	0.0003	TRIP6	ENSG00000087077
14175.0	0.0003	TUSC3	ENSG00000104723
14175.0	0.0003	UGT1A4	ENSG00000244474
14175.0	0.0003	SLC9B1	ENSG00000164037
14175.0	0.0003	ALPG	ENSG00000163286
14175.0	0.0003	KRT4	ENSG00000170477
14175.0	0.0003	CALCR	ENSG00000004948
14175.0	0.0003	SOX13	ENSG00000143842
14175.0	0.0003	TRIM11	ENSG00000154370
14175.0	0.0003	TGFBRAP1	ENSG00000135966
14175.0	0.0003	ZPR1	ENSG00000109917
14175.0	0.0003	BLOC1S2	ENSG00000196072
14175.0	0.0003	PNPLA5	ENSG00000100341
14175.0	0.0003	GFOD1	ENSG00000145990
14175.0	0.0003	GFOD2	ENSG00000141098
14175.0	0.0003	MZT1	ENSG00000204899
14175.0	0.0003	KDM4C	ENSG00000107077
14175.0	0.0003	RBMX2	ENSG00000134597
14175.0	0.0003	AKAP7	ENSG00000118507
14175.0	0.0003	FEM1A	ENSG00000141965
14175.0	0.0003	TIPIN	ENSG00000075131
14175.0	0.0003	PKN1	ENSG00000123143
14175.0	0.0003	BLM	ENSG00000197299
14175.0	0.0003	PRIM1	ENSG00000198056
14175.0	0.0003	RECQL	ENSG00000004700
14175.0	0.0003	PAX9	ENSG00000198807
14175.0	0.0003	PDCD5	ENSG00000105185
14175.0	0.0003	NAB1	ENSG00000138386
14175.0	0.0003	AWAT2	ENSG00000147160
14175.0	0.0003	NAB2	ENSG00000166886
14175.0	0.0003	FEM1C	ENSG00000145780
14175.0	0.0003	YES1	ENSG00000176105
14175.0	0.0003	TIMP3	ENSG00000100234
14175.0	0.0003	SARNP	ENSG00000205323
14175.0	0.0003	USP24	ENSG00000162402
14175.0	0.0003	POLD2	ENSG00000106628
14175.0	0.0003	MAP2K4	ENSG00000065559
14175.0	0.0003	SNTG1	ENSG00000147481
14175.0	0.0003	MZT2B	ENSG00000152082
14175.0	0.0003	CIAPIN1	ENSG00000005194
14175.0	0.0003	POLE2	ENSG00000100479
14175.0	0.0003	DPYSL2	ENSG00000092964
14175.0	0.0003	SEC61A1	ENSG00000058262
14175.0	0.0003	UGT2B15	ENSG00000196620
14175.0	0.0003	FLT1	ENSG00000102755
14175.0	0.0003	RPAP3	ENSG00000005175
14175.0	0.0003	ISG15	ENSG00000187608
14175.0	0.0003	TSLP	ENSG00000145777
14175.0	0.0003	MTCH2	ENSG00000109919
14175.0	0.0003	UBE2J2	ENSG00000160087
14175.0	0.0003	CIAO1	ENSG00000144021
14175.0	0.0003	UGT1A8	ENSG00000241635
14175.0	0.0003	POLD3	ENSG00000077514
14175.0	0.0003	CAB39	ENSG00000135932
14175.0	0.0003	RHO	ENSG00000163914
14175.0	0.0003	IFT22	ENSG00000128581
14175.0	0.0003	EIF3M	ENSG00000149100
14175.0	0.0003	CYP3A4	ENSG00000160868
14175.0	0.0003	INHBA	ENSG00000122641
14175.0	0.0003	UNK	ENSG00000132478
14175.0	0.0003	HMOX1	ENSG00000100292
14175.0	0.0003	CMA1	ENSG00000092009
14175.0	0.0003	CYP1A2	ENSG00000140505
14175.0	0.0003	KIF3B	ENSG00000101350
14175.0	0.0003	MZT2A	ENSG00000173272
14175.0	0.0003	CFAP43	ENSG00000197748
14175.0	0.0003	BRIP1	ENSG00000136492
14175.0	0.0003	SUV39H1	ENSG00000101945
14175.0	0.0003	CSK	ENSG00000103653
14175.0	0.0003	TEK	ENSG00000120156
14175.0	0.0003	UGT2B17	ENSG00000197888
14175.0	0.0003	CHEK1	ENSG00000149554
14175.0	0.0003	SNTG2	ENSG00000172554
14175.0	0.0003	TADA3	ENSG00000171148
14175.0	0.0003	CIAO2B	ENSG00000166595
14175.0	0.0003	MARK3	ENSG00000075413
14175.0	0.0003	POLD4	ENSG00000175482
14175.0	0.0003	RNF43	ENSG00000108375
14175.0	0.0003	PI3	ENSG00000124102
14175.0	0.0003	MAP3K5	ENSG00000197442
14175.0	0.0003	PABPC1	ENSG00000070756
14175.0	0.0003	MED1	ENSG00000125686
14175.0	0.0003	CMYA5	ENSG00000164309
14175.0	0.0003	RAB9A	ENSG00000123595
14175.0	0.0003	TCF3	ENSG00000071564
14175.0	0.0003	CASP3	ENSG00000164305
14175.0	0.0003	ARF5	ENSG00000004059
14175.0	0.0003	DPY30	ENSG00000162961
14175.0	0.0003	UBE2B	ENSG00000119048
14175.0	0.0003	VSIG2	ENSG00000019102
14175.0	0.0003	TAL2	ENSG00000186051
14175.0	0.0003	NOX1	ENSG00000007952
14175.0	0.0003	GALNT4	ENSG00000257594
14175.0	0.0003	CARM1	ENSG00000142453
14175.0	0.0003	CFP	ENSG00000126759
14175.0	0.0003	MAD2L1	ENSG00000164109
14175.0	0.0003	FGF9	ENSG00000102678
14175.0	0.0003	HBD	ENSG00000223609
14175.0	0.0003	MALL	ENSG00000144063
14175.0	0.0003	GEMIN6	ENSG00000152147
14175.0	0.0003	INHBB	ENSG00000163083
14175.0	0.0003	ZNRD2	ENSG00000173465
14175.0	0.0003	ZDHHC8	ENSG00000099904
14175.0	0.0003	CYP2E1	ENSG00000130649
14175.0	0.0003	ALOX12B	ENSG00000179477
14175.0	0.0003	NETO2	ENSG00000171208
14175.0	0.0003	SUPT5H	ENSG00000196235
14175.0	0.0003	DPYSL4	ENSG00000151640
14175.0	0.0003	ALOXE3	ENSG00000179148
14175.0	0.0003	SIGLEC15	ENSG00000197046
14175.0	0.0003	PA2G4	ENSG00000170515
14175.0	0.0003	SPTBN5	ENSG00000137877
14175.0	0.0003	HELZ2	ENSG00000130589
14175.0	0.0003	QSOX2	ENSG00000165661
14175.0	0.0003	GALNT8	ENSG00000130035
14175.0	0.0003	PNPLA1	ENSG00000180316
14175.0	0.0003	NCOA2	ENSG00000140396
14175.0	0.0003	MAP3K11	ENSG00000173327
14175.0	0.0003	CHD9	ENSG00000177200
14175.0	0.0003	TBL1X	ENSG00000101849
14175.0	0.0003	CD2BP2	ENSG00000169217
14175.0	0.0003	ZYX	ENSG00000159840
14175.0	0.0003	ARID3A	ENSG00000116017
14175.0	0.0003	UTP6	ENSG00000108651
14175.0	0.0003	MUC1	ENSG00000185499
14175.0	0.0003	F11R	ENSG00000158769
14175.0	0.0003	TGS1	ENSG00000137574
14175.0	0.0003	ZNF205	ENSG00000122386
14175.0	0.0003	NADSYN1	ENSG00000172890
14175.0	0.0003	RAB9B	ENSG00000123570
14175.0	0.0003	EPHA2	ENSG00000142627
14175.0	0.0003	ISL2	ENSG00000159556
14175.0	0.0003	LDLR	ENSG00000130164
14175.0	0.0003	CLASP1	ENSG00000074054
14175.0	0.0003	RBP1	ENSG00000114115
14175.0	0.0003	CHRDL1	ENSG00000101938
14175.0	0.0003	RAD51	ENSG00000051180
14175.0	0.0003	MAP3K1	ENSG00000095015
14175.0	0.0003	BCAT2	ENSG00000105552
14175.0	0.0003	STX8	ENSG00000170310
14175.0	0.0003	OXSR1	ENSG00000172939
14175.0	0.0003	INHBC	ENSG00000175189
14175.0	0.0003	CYP4A11	ENSG00000187048
14175.0	0.0003	FOXO1	ENSG00000150907
14175.0	0.0003	MEIS1	ENSG00000143995
14175.0	0.0003	CLASP2	ENSG00000163539
14175.0	0.0003	VCAM1	ENSG00000162692
14175.0	0.0003	QPRT	ENSG00000103485
14175.0	0.0003	INSIG2	ENSG00000125629
14175.0	0.0003	SMUG1	ENSG00000123415
14175.0	0.0003	NAPRT	ENSG00000147813
14175.0	0.0003	ABCB1	ENSG00000085563
14175.0	0.0003	ARID3C	ENSG00000205143
14175.0	0.0003	C1orf50	ENSG00000164008
14175.0	0.0003	ARID3B	ENSG00000179361
14175.0	0.0003	WRN	ENSG00000165392
14175.0	0.0003	UBL5	ENSG00000198258
14175.0	0.0003	INHBE	ENSG00000139269
14175.0	0.0003	SLC25A2	ENSG00000120329
14175.0	0.0003	SRPRB	ENSG00000144867
14175.0	0.0003	NLRP13	ENSG00000173572
14175.0	0.0003	NLRP14	ENSG00000158077
14175.0	0.0003	NLRP8	ENSG00000179709
14175.0	0.0003	NLRP9	ENSG00000185792
14175.0	0.0003	PSMA1	ENSG00000129084
14175.0	0.0003	PSMA3	ENSG00000100567
14175.0	0.0003	PSMA5	ENSG00000143106
14175.0	0.0003	TBC1D1	ENSG00000065882
14175.0	0.0003	HIGD1A	ENSG00000181061
14175.0	0.0003	BCL10	ENSG00000142867
14175.0	0.0003	HSD17B3	ENSG00000130948
14175.0	0.0003	SELENOS	ENSG00000131871
14175.0	0.0003	IAPP	ENSG00000121351
14175.0	0.0003	PDF	ENSG00000258429
14175.0	0.0003	MARCHF5	ENSG00000198060
14175.0	0.0003	PLXND1	ENSG00000004399
14175.0	0.0003	BDH1	ENSG00000161267
14175.0	0.0003	LYZ	ENSG00000090382
14175.0	0.0003	BRIX1	ENSG00000113460
14175.0	0.0003	GNG12	ENSG00000172380
14175.0	0.0003	MDM4	ENSG00000198625
14175.0	0.0003	GBGT1	ENSG00000148288
14175.0	0.0003	ZNF24	ENSG00000172466
14175.0	0.0003	BDH2	ENSG00000164039
14175.0	0.0003	IL7	ENSG00000104432
14175.0	0.0003	MCM5	ENSG00000100297
14175.0	0.0003	ZCRB1	ENSG00000139168
14175.0	0.0003	CHTF18	ENSG00000127586
14175.0	0.0003	CNTNAP3	ENSG00000106714
14175.0	0.0003	HBB	ENSG00000244734
14175.0	0.0003	GNG5	ENSG00000174021
14175.0	0.0003	PPP1R9A	ENSG00000158528
14175.0	0.0003	SCAF1	ENSG00000126461
14175.0	0.0003	HSDL1	ENSG00000103160
14175.0	0.0003	GNG4	ENSG00000168243
14175.0	0.0003	MAP10	ENSG00000212916
14175.0	0.0003	PPP3CB	ENSG00000107758
14175.0	0.0003	PSMA2	ENSG00000106588
14175.0	0.0003	CNTNAP5	ENSG00000155052
14175.0	0.0003	KLF10	ENSG00000155090
14175.0	0.0003	SPACA9	ENSG00000165698
14175.0	0.0003	SERP1	ENSG00000120742
14175.0	0.0003	MACROH2A1	ENSG00000113648
14175.0	0.0003	RBFOX1	ENSG00000078328
14175.0	0.0003	GNG10	ENSG00000242616
14175.0	0.0003	FAF2	ENSG00000113194
14175.0	0.0003	DTL	ENSG00000143476
14175.0	0.0003	IRF3	ENSG00000126456
14175.0	0.0003	GNG8	ENSG00000167414
14175.0	0.0003	WDR82	ENSG00000164091
14175.0	0.0003	ENKD1	ENSG00000124074
14175.0	0.0003	CYP1A1	ENSG00000140465
14175.0	0.0003	GNGT2	ENSG00000167083
14175.0	0.0003	CRHR1	ENSG00000120088
14175.0	0.0003	GRAMD2B	ENSG00000155324
14175.0	0.0003	CIMAP1D	ENSG00000181781
14175.0	0.0003	ATG12	ENSG00000145782
14175.0	0.0003	LPL	ENSG00000175445
14175.0	0.0003	RACGAP1	ENSG00000161800
14175.0	0.0003	AXIN2	ENSG00000168646
14175.0	0.0003	SMAD7	ENSG00000101665
14175.0	0.0003	CDC27	ENSG00000004897
14175.0	0.0003	CYP2B6	ENSG00000197408
14175.0	0.0003	ABL1	ENSG00000097007
14175.0	0.0003	HTATSF1	ENSG00000102241
14175.0	0.0003	RPS20	ENSG00000008988
14175.0	0.0003	CASQ1	ENSG00000143318
14175.0	0.0003	B3GNT2	ENSG00000170340
14175.0	0.0003	IL12B	ENSG00000113302
14175.0	0.0003	MLX	ENSG00000108788
14175.0	0.0003	SMPD2	ENSG00000135587
14175.0	0.0003	PTK2	ENSG00000169398
14175.0	0.0003	FGA	ENSG00000171560
14175.0	0.0003	CSE1L	ENSG00000124207
14175.0	0.0003	COL19A1	ENSG00000082293
14175.0	0.0003	AJM1	ENSG00000232434
14175.0	0.0003	PDIA2	ENSG00000185615
14175.0	0.0003	STOM	ENSG00000148175
14175.0	0.0003	DCAF13	ENSG00000164934
14175.0	0.0003	CDK5RAP3	ENSG00000108465
14175.0	0.0003	MAD1L1	ENSG00000002822
14175.0	0.0003	PRL	ENSG00000172179
14175.0	0.0003	NRP1	ENSG00000099250
14175.0	0.0003	CHRD	ENSG00000090539
14175.0	0.0003	ATP6V0A4	ENSG00000105929
14175.0	0.0003	CALCA	ENSG00000110680
14175.0	0.0003	GEN1	ENSG00000178295
14175.0	0.0003	TRPC4AP	ENSG00000100991
14175.0	0.0003	LIPF	ENSG00000182333
14175.0	0.0003	XPO4	ENSG00000132953
14175.0	0.0003	DCAF11	ENSG00000100897
14175.0	0.0003	CRMP1	ENSG00000072832
14175.0	0.0003	TUBA3C	ENSG00000198033
14175.0	0.0003	PDZD11	ENSG00000120509
14175.0	0.0003	FOXL2	ENSG00000183770
14175.0	0.0003	TNC	ENSG00000041982
14175.0	0.0003	PAPL	ENSG00000183760
14175.0	0.0003	ACOT13	ENSG00000112304
14175.0	0.0003	DOK7	ENSG00000175920
14175.0	0.0003	COA6	ENSG00000168275
14175.0	0.0003	GANC	ENSG00000214013
14175.0	0.0003	PXN	ENSG00000089159
14175.0	0.0003	DCAF7	ENSG00000136485
14175.0	0.0003	ST6GALNAC1	ENSG00000070526
14175.0	0.0003	ERN1	ENSG00000178607
14175.0	0.0003	QSOX1	ENSG00000116260
14175.0	0.0003	NOXO1	ENSG00000196408
14175.0	0.0003	ELOVL6	ENSG00000170522
14175.0	0.0003	CDCP2	ENSG00000157211
14175.0	0.0003	DCAF4	ENSG00000119599
14175.0	0.0003	TLN1	ENSG00000137076
14175.0	0.0003	ATG3	ENSG00000144848
14175.0	0.0003	ITGA4	ENSG00000115232
14175.0	0.0003	CYP17A1	ENSG00000148795
14175.0	0.0003	PPP1CC	ENSG00000186298
14175.0	0.0003	ATP2A2	ENSG00000174437
14175.0	0.0003	PHEX	ENSG00000102174
14175.0	0.0003	MFGE8	ENSG00000140545
14175.0	0.0003	POLR2J	ENSG00000005075
14175.0	0.0003	DCAF5	ENSG00000139990
14175.0	0.0003	CLDN23	ENSG00000253958
14175.0	0.0003	RALGDS	ENSG00000160271
14175.0	0.0003	ODAM	ENSG00000109205
14175.0	0.0003	SLC6A11	ENSG00000132164
14175.0	0.0003	CYP11A1	ENSG00000140459
14175.0	0.0003	FIZ1	ENSG00000179943
14175.0	0.0003	DCAF10	ENSG00000122741
14175.0	0.0003	CDH15	ENSG00000129910
14175.0	0.0003	SLN	ENSG00000170290
14175.0	0.0003	MCRS1	ENSG00000187778
14175.0	0.0003	APCS	ENSG00000132703
14175.0	0.0003	SULT2B1	ENSG00000088002
14175.0	0.0003	DCAF8	ENSG00000132716
14175.0	0.0003	DCAF16	ENSG00000163257
14175.0	0.0003	IMPA2	ENSG00000141401
14175.0	0.0003	TRADD	ENSG00000102871
14175.0	0.0003	PTPN1	ENSG00000196396
14175.0	0.0003	H6PD	ENSG00000049239
14175.0	0.0003	HYKK	ENSG00000188266
14175.0	0.0003	NOC2L	ENSG00000188976
14175.0	0.0003	SENP3	ENSG00000161956
14175.0	0.0003	MGLL	ENSG00000074416
14175.0	0.0003	NKX6-1	ENSG00000163623
14175.0	0.0003	SMPD3	ENSG00000103056
14175.0	0.0003	URI1	ENSG00000105176
14175.0	0.0003	RGL1	ENSG00000143344
14175.0	0.0003	GALNT1	ENSG00000141429
14175.0	0.0003	RGL4	ENSG00000159496
14175.0	0.0003	PDLIM7	ENSG00000196923
14175.0	0.0003	ERN2	ENSG00000134398
14175.0	0.0003	PLXNA4	ENSG00000221866
14175.0	0.0003	PIGZ	ENSG00000119227
14175.0	0.0003	MYLK	ENSG00000065534
14175.0	0.0003	GALNT3	ENSG00000115339
14175.0	0.0003	PTPRA	ENSG00000132670
14175.0	0.0003	LCOR	ENSG00000196233
14175.0	0.0003	DEGS2	ENSG00000168350
14175.0	0.0003	PNLIP	ENSG00000175535
14175.0	0.0003	PELP1	ENSG00000141456
14175.0	0.0003	LIPC	ENSG00000166035
14175.0	0.0003	NHLH1	ENSG00000171786
14175.0	0.0003	NME1	ENSG00000239672
14175.0	0.0003	NRN1	ENSG00000124785
14175.0	0.0003	BRCA2	ENSG00000139618
14175.0	0.0003	TEX10	ENSG00000136891
14175.0	0.0003	SYNRG	ENSG00000006114
14175.0	0.0003	DNPH1	ENSG00000112667
14175.0	0.0003	PDLIM5	ENSG00000163110
14175.0	0.0003	CERK	ENSG00000100422
14175.0	0.0003	PRKG1	ENSG00000185532
14175.0	0.0003	KCNJ9	ENSG00000162728
14175.0	0.0003	RBM14	ENSG00000239306
14175.0	0.0003	RDH8	ENSG00000080511
14175.0	0.0003	RHOG	ENSG00000177105
14175.0	0.0003	POLR2J2	ENSG00000228049
14175.0	0.0003	POLR2J3	ENSG00000168255
14175.0	0.0003	ITGB2	ENSG00000160255
14175.0	0.0003	PNLIPRP3	ENSG00000203837
14175.0	0.0003	LIPG	ENSG00000101670
14175.0	0.0003	DIABLO	ENSG00000184047
14175.0	0.0003	LZTS3	ENSG00000088899
14175.0	0.0003	PSMC4	ENSG00000013275
14175.0	0.0003	SERPINA1	ENSG00000197249
14175.0	0.0003	SETDB1	ENSG00000143379
14175.0	0.0003	MDH1B	ENSG00000138400
14175.0	0.0003	STRADB	ENSG00000082146
14175.0	0.0003	HCLS1	ENSG00000180353
14175.0	0.0003	TUT1	ENSG00000149016
14175.0	0.0003	GRWD1	ENSG00000105447
14175.0	0.0003	RBL1	ENSG00000080839
14175.0	0.0003	ENO3	ENSG00000108515
14175.0	0.0003	CYP3A5	ENSG00000106258
14175.0	0.0003	SLCO1B1	ENSG00000134538
14175.0	0.0003	YOD1	ENSG00000180667
14175.0	0.0003	CXCL1	ENSG00000163739
14175.0	0.0003	MAPK3	ENSG00000102882
14175.0	0.0003	FBXO45	ENSG00000174013
14175.0	0.0003	NR5A2	ENSG00000116833
14175.0	0.0003	GSR	ENSG00000104687
14175.0	0.0003	MTA1	ENSG00000182979
14175.0	0.0003	KRT74	ENSG00000170484
14175.0	0.0003	SRSF5	ENSG00000100650
14175.0	0.0003	NADK	ENSG00000008130
14175.0	0.0003	SEC14L5	ENSG00000103184
14175.0	0.0003	MNAT1	ENSG00000020426
14175.0	0.0003	HIVEP3	ENSG00000127124
14175.0	0.0003	UHMK1	ENSG00000152332
14175.0	0.0003	KRT71	ENSG00000139648
14175.0	0.0003	FGF18	ENSG00000156427
14175.0	0.0003	CRTC2	ENSG00000160741
14175.0	0.0003	CYP2D6	ENSG00000100197
14175.0	0.0003	SLC35D1	ENSG00000116704
14175.0	0.0003	LRRFIP1	ENSG00000124831
14175.0	0.0003	SRPX	ENSG00000101955
14175.0	0.0003	SGMS2	ENSG00000164023
14175.0	0.0003	CPN1	ENSG00000120054
14175.0	0.0003	IBSP	ENSG00000029559
14175.0	0.0003	MALSU1	ENSG00000156928
14175.0	0.0003	CLDN17	ENSG00000156282
14175.0	0.0003	CASD1	ENSG00000127995
14175.0	0.0003	IL2	ENSG00000109471
14175.0	0.0003	PDZD2	ENSG00000133401
14175.0	0.0003	TLE6	ENSG00000104953
14175.0	0.0003	HACD4	ENSG00000188921
14175.0	0.0003	COPZ1	ENSG00000111481
14175.0	0.0003	IRX6	ENSG00000159387
14175.0	0.0003	COPA	ENSG00000122218
14175.0	0.0003	PHKG1	ENSG00000164776
14175.0	0.0003	ARRB1	ENSG00000137486
14175.0	0.0003	INSRR	ENSG00000027644
14175.0	0.0003	PAF1	ENSG00000006712
14175.0	0.0003	EMX2	ENSG00000170370
14175.0	0.0003	POLR2K	ENSG00000147669
14175.0	0.0003	DIRAS3	ENSG00000162595
14175.0	0.0003	CLK3	ENSG00000179335
14175.0	0.0003	ATP8A1	ENSG00000124406
14175.0	0.0003	MLEC	ENSG00000110917
14175.0	0.0003	FABP6	ENSG00000170231
14175.0	0.0003	IDH3G	ENSG00000067829
14175.0	0.0003	SFXN2	ENSG00000156398
14175.0	0.0003	UGT2A1	ENSG00000173610
14175.0	0.0003	PUS7L	ENSG00000129317
14175.0	0.0003	GZMB	ENSG00000100453
14175.0	0.0003	IRX3	ENSG00000177508
14175.0	0.0003	CAPN2	ENSG00000162909
14175.0	0.0003	POLR3F	ENSG00000132664
14175.0	0.0003	POLR3D	ENSG00000168495
14175.0	0.0003	KLHL17	ENSG00000187961
14175.0	0.0003	COPG1	ENSG00000181789
14175.0	0.0003	POLR3E	ENSG00000058600
14175.0	0.0003	LSM12	ENSG00000161654
14175.0	0.0003	ZNF384	ENSG00000126746
14175.0	0.0003	LHX9	ENSG00000143355
14175.0	0.0003	PLK2	ENSG00000145632
14175.0	0.0003	ATP6V0D2	ENSG00000147614
14175.0	0.0003	B3GNT3	ENSG00000179913
14175.0	0.0003	ROBO1	ENSG00000169855
14175.0	0.0003	SMG8	ENSG00000167447
14175.0	0.0003	DDX39A	ENSG00000123136
14175.0	0.0003	POLR3G	ENSG00000113356
14175.0	0.0003	TADA2B	ENSG00000173011
14175.0	0.0003	UTY	ENSG00000183878
14175.0	0.0003	ATP6V0D1	ENSG00000159720
14175.0	0.0003	TNFRSF8	ENSG00000120949
14175.0	0.0003	ST6GALNAC4	ENSG00000136840
14175.0	0.0003	ARF4	ENSG00000168374
14175.0	0.0003	IL2RB	ENSG00000100385
14175.0	0.0003	SI	ENSG00000090402
14175.0	0.0003	PRPF40A	ENSG00000196504
14175.0	0.0003	SGMS1	ENSG00000198964
14175.0	0.0003	NUDT14	ENSG00000183828
14175.0	0.0003	F2	ENSG00000180210
14175.0	0.0003	PCM1	ENSG00000078674
14175.0	0.0003	SH2D3C	ENSG00000095370
14175.0	0.0003	ENO1	ENSG00000074800
14175.0	0.0003	SFRP1	ENSG00000104332
14175.0	0.0003	COPE	ENSG00000105669
14175.0	0.0003	ST3GAL6	ENSG00000064225
14175.0	0.0003	NOD1	ENSG00000106100
14175.0	0.0003	FANCM	ENSG00000187790
14175.0	0.0003	BIRC6	ENSG00000115760
14175.0	0.0003	CAPNS1	ENSG00000126247
14175.0	0.0003	MAP1LC3A	ENSG00000101460
14175.0	0.0003	STK25	ENSG00000115694
14175.0	0.0003	DOC2A	ENSG00000149927
14175.0	0.0003	UTP14A	ENSG00000156697
14175.0	0.0003	UTP14C	ENSG00000253797
14175.0	0.0003	KCNJ3	ENSG00000162989
14175.0	0.0003	PGK2	ENSG00000170950
14175.0	0.0003	TXNRD1	ENSG00000198431
14175.0	0.0003	PRKAG2	ENSG00000106617
14175.0	0.0003	SLCO1A2	ENSG00000084453
14175.0	0.0003	GDF3	ENSG00000184344
14175.0	0.0003	SEL1L	ENSG00000071537
14175.0	0.0003	MBIP	ENSG00000151332
14175.0	0.0003	CAST	ENSG00000153113
14175.0	0.0003	MYL12A	ENSG00000101608
14175.0	0.0003	ULK1	ENSG00000177169
14175.0	0.0003	CARD10	ENSG00000100065
14175.0	0.0003	PLK5	ENSG00000185988
14175.0	0.0003	LZTS1	ENSG00000061337
14175.0	0.0003	COPZ2	ENSG00000005243
14175.0	0.0003	CELA2A	ENSG00000142615
14175.0	0.0003	CELA2B	ENSG00000215704
14175.0	0.0003	PTPRE	ENSG00000132334
14175.0	0.0003	CARD14	ENSG00000141527
14175.0	0.0003	HOOK1	ENSG00000134709
14175.0	0.0003	STAG3	ENSG00000066923
14175.0	0.0003	MRPL43	ENSG00000055950
14175.0	0.0003	PTPN12	ENSG00000127947
14175.0	0.0003	MZF1	ENSG00000099326
14175.0	0.0003	PRKAG1	ENSG00000181929
14175.0	0.0003	ACER1	ENSG00000167769
14175.0	0.0003	NEK9	ENSG00000119638
14175.0	0.0003	GRK2	ENSG00000173020
14175.0	0.0003	FAM90A1	ENSG00000171847
14175.0	0.0003	CERS4	ENSG00000090661
14175.0	0.0003	B3GNT4	ENSG00000176383
14175.0	0.0003	NEDD8	ENSG00000129559
14175.0	0.0003	EIF4G3	ENSG00000075151
14175.0	0.0003	ZSCAN1	ENSG00000152467
14175.0	0.0003	NENF	ENSG00000117691
14175.0	0.0003	UGGT2	ENSG00000102595
14175.0	0.0003	SLC9A4	ENSG00000180251
14175.0	0.0003	CCR3	ENSG00000183625
14175.0	0.0003	CAT	ENSG00000121691
14175.0	0.0003	TJP2	ENSG00000119139
14175.0	0.0003	C1D	ENSG00000197223
14175.0	0.0003	MRPL13	ENSG00000172172
14175.0	0.0003	P2RY2	ENSG00000175591
14175.0	0.0003	BNIP2	ENSG00000140299
14175.0	0.0003	PTGER1	ENSG00000160951
14175.0	0.0003	FPR1	ENSG00000171051
14175.0	0.0003	ARIH2	ENSG00000177479
14175.0	0.0003	MAP2K6	ENSG00000108984
14175.0	0.0003	CD247	ENSG00000198821
14175.0	0.0003	MED24	ENSG00000008838
14175.0	0.0003	ENO2	ENSG00000111674
14175.0	0.0003	SEC61A2	ENSG00000065665
14175.0	0.0003	ATP6V1H	ENSG00000047249
14175.0	0.0003	PGLYRP1	ENSG00000008438
14175.0	0.0003	CCL11	ENSG00000172156
14175.0	0.0003	UGT2B10	ENSG00000109181
14175.0	0.0003	TMC1	ENSG00000165091
14175.0	0.0003	CAB39L	ENSG00000102547
14175.0	0.0003	CERS5	ENSG00000139624
14175.0	0.0003	GNB4	ENSG00000114450
14175.0	0.0003	IGSF5	ENSG00000183067
14175.0	0.0003	TPPP	ENSG00000171368
14175.0	0.0003	SHPK	ENSG00000197417
14175.0	0.0003	GNG13	ENSG00000127588
14175.0	0.0003	SH3GL2	ENSG00000107295
14175.0	0.0003	SH3GL3	ENSG00000140600
14175.0	0.0003	WNT7A	ENSG00000154764
14175.0	0.0003	CSNK1D	ENSG00000141551
14175.0	0.0003	GALNT6	ENSG00000139629
14175.0	0.0003	AANAT	ENSG00000129673
14175.0	0.0003	ATP6V1F	ENSG00000128524
14175.0	0.0003	CLDN16	ENSG00000113946
14175.0	0.0003	TJP3	ENSG00000105289
14175.0	0.0003	CD3G	ENSG00000160654
14175.0	0.0003	ACER2	ENSG00000177076
14175.0	0.0003	BST1	ENSG00000109743
14175.0	0.0003	SYS1	ENSG00000204070
14175.0	0.0003	ZZZ3	ENSG00000036549
14175.0	0.0003	HPCAL1	ENSG00000115756
14175.0	0.0003	CLTCL1	ENSG00000070371
14175.0	0.0003	GK2	ENSG00000196475
14175.0	0.0003	BID	ENSG00000015475
14175.0	0.0003	ST6GALNAC6	ENSG00000160408
14175.0	0.0003	MMP13	ENSG00000137745
14175.0	0.0003	GALNT13	ENSG00000144278
14175.0	0.0003	ST6GALNAC5	ENSG00000117069
14175.0	0.0003	RPS6KA5	ENSG00000100784
14175.0	0.0003	CLDN22	ENSG00000177300
14175.0	0.0003	GK5	ENSG00000175066
14175.0	0.0003	ROCK1	ENSG00000067900
14175.0	0.0003	CD3D	ENSG00000167286
14175.0	0.0003	TRAF5	ENSG00000082512
14175.0	0.0003	ATP6V0B	ENSG00000117410
14175.0	0.0003	DHRS4L2	ENSG00000187630
14175.0	0.0003	MED14	ENSG00000180182
14175.0	0.0003	SEPTIN14	ENSG00000154997
14175.0	0.0003	DIS3L	ENSG00000166938
14175.0	0.0003	PNO1	ENSG00000115946
14175.0	0.0003	PRDX2	ENSG00000167815
14175.0	0.0003	ELP4	ENSG00000109911
14175.0	0.0003	YKT6	ENSG00000106636
14175.0	0.0003	GNG11	ENSG00000127920
14175.0	0.0003	PSMA7	ENSG00000101182
14175.0	0.0003	ST6GALNAC3	ENSG00000184005
14175.0	0.0003	SMC1B	ENSG00000077935
14175.0	0.0003	PSMA8	ENSG00000154611
14175.0	0.0003	CLDN18	ENSG00000066405
14175.0	0.0003	MED16	ENSG00000175221
14175.0	0.0003	ATP6V1G1	ENSG00000136888
14175.0	0.0003	PPP1R12B	ENSG00000077157
14175.0	0.0003	SRD5A1	ENSG00000145545
14175.0	0.0003	RAD52	ENSG00000002016
14175.0	0.0003	HTR3A	ENSG00000166736
14175.0	0.0003	ACOT11	ENSG00000162390
14175.0	0.0003	PPP3R1	ENSG00000221823
14175.0	0.0003	CLDN5	ENSG00000184113
14175.0	0.0003	BDKRB1	ENSG00000100739
14175.0	0.0003	STX17	ENSG00000136874
14175.0	0.0003	HPX	ENSG00000110169
14175.0	0.0003	IL2RG	ENSG00000147168
14175.0	0.0003	PTPN7	ENSG00000143851
14175.0	0.0003	CLGN	ENSG00000153132
14175.0	0.0003	BET1	ENSG00000105829
14175.0	0.0003	BBOX1	ENSG00000129151
14175.0	0.0003	ZFYVE9	ENSG00000157077
14175.0	0.0003	IL2RA	ENSG00000134460
14175.0	0.0003	NTN3	ENSG00000162068
14175.0	0.0003	CLDN2	ENSG00000165376
14175.0	0.0003	CRIP2	ENSG00000182809
14175.0	0.0003	RNF5	ENSG00000204308
14175.0	0.0003	IRF2BP1	ENSG00000170604
14175.0	0.0003	ST3GAL4	ENSG00000110080
14175.0	0.0003	ITPR3	ENSG00000096433
14175.0	0.0003	KLC4	ENSG00000137171
14175.0	0.0003	GZMA	ENSG00000145649
14175.0	0.0003	SETDB2	ENSG00000136169
14175.0	0.0003	PDS5A	ENSG00000121892
14175.0	0.0003	CLDN15	ENSG00000106404
14175.0	0.0003	PPA1	ENSG00000180817
14175.0	0.0003	FGF20	ENSG00000078579
14175.0	0.0003	CLDN14	ENSG00000159261
14175.0	0.0003	PDS5B	ENSG00000083642
14175.0	0.0003	MON1B	ENSG00000103111
14175.0	0.0003	TAF9	ENSG00000085231
14175.0	0.0003	ASMT	ENSG00000196433
14175.0	0.0003	WAPL	ENSG00000062650
14175.0	0.0003	ATP6V1G3	ENSG00000151418
14175.0	0.0003	ATP6V0E1	ENSG00000113732
14175.0	0.0003	TAF7	ENSG00000178913
14175.0	0.0003	PDK2	ENSG00000005882
14175.0	0.0003	CISD1	ENSG00000122873
14175.0	0.0003	LRRFIP2	ENSG00000093167
14175.0	0.0003	MAPK7	ENSG00000166484
14175.0	0.0003	DVL3	ENSG00000161202
14175.0	0.0003	ADM	ENSG00000148926
14175.0	0.0003	SKP2	ENSG00000145604
14175.0	0.0003	CD28	ENSG00000178562
14175.0	0.0003	C4BPB	ENSG00000123843
14175.0	0.0003	E2F6	ENSG00000169016
14175.0	0.0003	EOMES	ENSG00000163508
14175.0	0.0003	AMPD1	ENSG00000116748
14175.0	0.0003	INO80C	ENSG00000153391
14175.0	0.0003	NMRK2	ENSG00000077009
14175.0	0.0003	LGALS3	ENSG00000131981
14175.0	0.0003	PRKAG3	ENSG00000115592
14175.0	0.0003	MAP1LC3C	ENSG00000197769
14175.0	0.0003	SEC31B	ENSG00000075826
14175.0	0.0003	ELP3	ENSG00000134014
14175.0	0.0003	CLDN1	ENSG00000163347
14175.0	0.0003	COP1	ENSG00000143207
14175.0	0.0003	SLCO1B3	ENSG00000111700
14175.0	0.0003	CLDN8	ENSG00000156284
14175.0	0.0003	GABPB1	ENSG00000104064
14175.0	0.0003	BET1L	ENSG00000177951
14175.0	0.0003	MKNK1	ENSG00000079277
14175.0	0.0003	ANKZF1	ENSG00000163516
14175.0	0.0003	FUT4	ENSG00000196371
14175.0	0.0003	C17orf49	ENSG00000258315
14175.0	0.0003	PPIG	ENSG00000138398
14175.0	0.0003	RS1	ENSG00000102104
14175.0	0.0003	PRAC1	ENSG00000159182
14175.0	0.0003	PTP4A1	ENSG00000112245
14175.0	0.0003	HNRNPM	ENSG00000099783
14175.0	0.0003	TRAF1	ENSG00000056558
14175.0	0.0003	MKNK2	ENSG00000099875
14175.0	0.0003	CLDN9	ENSG00000213937
14175.0	0.0003	PPM1A	ENSG00000100614
14175.0	0.0003	MPHOSPH6	ENSG00000135698
14175.0	0.0003	PTPN5	ENSG00000110786
14175.0	0.0003	IGF2R	ENSG00000197081
14175.0	0.0003	SEC22C	ENSG00000093183
14175.0	0.0003	ATE1	ENSG00000107669
14175.0	0.0003	PTPRH	ENSG00000080031
14175.0	0.0003	NT5C1A	ENSG00000116981
14175.0	0.0003	PRKAB1	ENSG00000111725
14175.0	0.0003	ESS2	ENSG00000100056
14175.0	0.0003	SEC22A	ENSG00000121542
14175.0	0.0003	NMD3	ENSG00000169251
14175.0	0.0003	MON1A	ENSG00000164077
14175.0	0.0003	MGA	ENSG00000174197
14175.0	0.0003	PPP3R2	ENSG00000188386
14175.0	0.0003	NT5E	ENSG00000135318
14175.0	0.0003	ZNF195	ENSG00000005801
14175.0	0.0003	RAP2A	ENSG00000125249
14175.0	0.0003	IL17A	ENSG00000112115
14175.0	0.0003	STX4	ENSG00000103496
14175.0	0.0003	CLDN20	ENSG00000171217
14175.0	0.0003	NT5C	ENSG00000125458
14175.0	0.0003	TACR2	ENSG00000075073
14175.0	0.0003	NMRK1	ENSG00000106733
14175.0	0.0003	LYN	ENSG00000254087
14175.0	0.0003	ZDHHC3	ENSG00000163812
14175.0	0.0003	DIPK2A	ENSG00000181744
14175.0	0.0003	TMED7	ENSG00000134970
14175.0	0.0003	SIPA1L1	ENSG00000197555
14175.0	0.0003	OSTC	ENSG00000198856
14175.0	0.0003	FUT1	ENSG00000174951
14175.0	0.0003	ARL1	ENSG00000120805
14175.0	0.0003	B4GALT3	ENSG00000158850
14175.0	0.0003	LAMP1	ENSG00000185896
14175.0	0.0003	CHPF	ENSG00000123989
14175.0	0.0003	PTF1A	ENSG00000168267
14175.0	0.0003	MED4	ENSG00000136146
14175.0	0.0003	PCLAF	ENSG00000166803
14175.0	0.0003	CDH5	ENSG00000179776
14175.0	0.0003	RCE1	ENSG00000173653
14175.0	0.0003	HCK	ENSG00000101336
14175.0	0.0003	FGR	ENSG00000000938
14175.0	0.0003	ST6GAL1	ENSG00000073849
14175.0	0.0003	CATSPER1	ENSG00000175294
14175.0	0.0003	CYB5R1	ENSG00000159348
14175.0	0.0003	MAPRE3	ENSG00000084764
14175.0	0.0003	CLDN6	ENSG00000184697
14175.0	0.0003	PKLR	ENSG00000143627
14175.0	0.0003	ETF1	ENSG00000120705
14175.0	0.0003	PDK1	ENSG00000152256
14175.0	0.0003	ST6GALNAC2	ENSG00000070731
14175.0	0.0003	PPP2CB	ENSG00000104695
14175.0	0.0003	ST8SIA3	ENSG00000177511
14175.0	0.0003	MED28	ENSG00000118579
14175.0	0.0003	B4GALNT4	ENSG00000182272
14175.0	0.0003	MED8	ENSG00000159479
14175.0	0.0003	MED10	ENSG00000133398
14175.0	0.0003	SUCO	ENSG00000094975
14175.0	0.0003	VPS72	ENSG00000163159
14175.0	0.0003	PPP2R1B	ENSG00000137713
14175.0	0.0003	ST8SIA4	ENSG00000113532
14175.0	0.0003	CLDN10	ENSG00000134873
14175.0	0.0003	DUSP4	ENSG00000120875
14175.0	0.0003	PRKCQ	ENSG00000065675
14175.0	0.0003	MT1F	ENSG00000198417
14175.0	0.0003	KDSR	ENSG00000119537
14175.0	0.0003	PTPN2	ENSG00000175354
14175.0	0.0003	MMP3	ENSG00000149968
14175.0	0.0003	ST8SIA2	ENSG00000140557
14175.0	0.0003	B4GALT4	ENSG00000121578
14175.0	0.0003	ST6GAL2	ENSG00000144057
14175.0	0.0003	MAGI1	ENSG00000151276
14175.0	0.0003	PABPC4	ENSG00000090621
14175.0	0.0003	APPL2	ENSG00000136044
14175.0	0.0003	SH3YL1	ENSG00000035115
14175.0	0.0003	MMP1	ENSG00000196611
14175.0	0.0003	MAP1LC3B2	ENSG00000171471
14175.0	0.0003	NUP93	ENSG00000102900
14175.0	0.0003	DUSP8	ENSG00000184545
14175.0	0.0003	UBE2U	ENSG00000177414
14175.0	0.0003	CLDN25	ENSG00000228607
14175.0	0.0003	PABPC5	ENSG00000174740
14175.0	0.0003	YIF1A	ENSG00000174851
14175.0	0.0003	SMARCA5	ENSG00000153147
14175.0	0.0003	PABPC1L	ENSG00000101104
14175.0	0.0003	TNPO1	ENSG00000083312
14175.0	0.0003	RIMKLB	ENSG00000166532
14175.0	0.0003	CRTC3	ENSG00000140577
14175.0	0.0003	G6PC3	ENSG00000141349
14175.0	0.0003	PABPC3	ENSG00000151846
14175.0	0.0003	GOLGB1	ENSG00000173230
14175.0	0.0003	CNOT7	ENSG00000198791
14175.0	0.0003	SMARCA1	ENSG00000102038
14175.0	0.0003	PABPC1L2A	ENSG00000186288
14175.0	0.0003	CLDN24	ENSG00000185758
14175.0	0.0003	FUT3	ENSG00000171124
14175.0	0.0003	GADD45A	ENSG00000116717
14175.0	0.0003	APOO	ENSG00000184831
14175.0	0.0003	MND1	ENSG00000121211
14175.0	0.0003	ATP6V0E2	ENSG00000171130
14175.0	0.0003	UGGT1	ENSG00000136731
14175.0	0.0003	SGO2	ENSG00000163535
14175.0	0.0003	DUSP2	ENSG00000158050
14175.0	0.0003	SLC25A28	ENSG00000155287
14175.0	0.0003	AHR	ENSG00000106546
14175.0	0.0003	YEATS4	ENSG00000127337
14175.0	0.0003	PDLIM4	ENSG00000131435
14175.0	0.0003	HNF4G	ENSG00000164749
14175.0	0.0003	DCTN2	ENSG00000175203
14175.0	0.0003	MST4	ENSG00000134602
14175.0	0.0003	OSBPL10	ENSG00000144645
14175.0	0.0003	CSN2	ENSG00000135222
14175.0	0.0003	PABPC4L	ENSG00000254535
14175.0	0.0003	KIFAP3	ENSG00000075945
14175.0	0.0003	CNOT8	ENSG00000155508
14175.0	0.0003	CDH8	ENSG00000150394
14175.0	0.0003	DOC2B	ENSG00000272636
14175.0	0.0003	KANSL2	ENSG00000139620
14175.0	0.0003	GLRX2	ENSG00000023572
14175.0	0.0003	RMDN3	ENSG00000137824
14175.0	0.0003	ATG10	ENSG00000152348
14175.0	0.0003	FUT6	ENSG00000156413
14175.0	0.0003	HAO1	ENSG00000101323
14175.0	0.0003	EXD1	ENSG00000178997
14175.0	0.0003	NOL9	ENSG00000162408
14175.0	0.0003	SETD7	ENSG00000145391
14175.0	0.0003	ZNF350	ENSG00000256683
14175.0	0.0003	WNT7B	ENSG00000188064
14175.0	0.0003	RABL2B	ENSG00000079974
14175.0	0.0003	RABL2A	ENSG00000144134
14175.0	0.0003	KRTCAP2	ENSG00000163463
14175.0	0.0003	HS3ST6	ENSG00000162040
14175.0	0.0003	OSBPL2	ENSG00000130703
14175.0	0.0003	FUT5	ENSG00000130383
14175.0	0.0003	UTP20	ENSG00000120800
14175.0	0.0003	MYL6	ENSG00000092841
14175.0	0.0003	RPS6KB1	ENSG00000108443
14175.0	0.0003	CFDP1	ENSG00000153774
14175.0	0.0003	SLC25A6	ENSG00000169100
14175.0	0.0003	GNMT	ENSG00000124713
14175.0	0.0003	MS4A6A	ENSG00000110077
14175.0	0.0003	KCNV2	ENSG00000168263
14175.0	0.0003	MRPL45	ENSG00000174100
14175.0	0.0003	ASB4	ENSG00000005981
14175.0	0.0003	CNOT6L	ENSG00000138767
14175.0	0.0003	APLP1	ENSG00000105290
14175.0	0.0003	WNT5B	ENSG00000111186
14175.0	0.0003	GRIK4	ENSG00000149403
14175.0	0.0003	DGLUCY	ENSG00000133943
14175.0	0.0003	NUDT9	ENSG00000170502
14175.0	0.0003	TAF1L	ENSG00000122728
14175.0	0.0003	PKM	ENSG00000067225
14175.0	0.0003	CYB5R2	ENSG00000166394
14175.0	0.0003	HS3ST1	ENSG00000002587
14175.0	0.0003	CABIN1	ENSG00000099991
14175.0	0.0003	MYL6B	ENSG00000196465
14175.0	0.0003	GPX4	ENSG00000167468
14175.0	0.0003	S100A16	ENSG00000188643
14175.0	0.0003	H1-0	ENSG00000189060
14175.0	0.0003	UBA3	ENSG00000144744
14175.0	0.0003	CD82	ENSG00000085117
14175.0	0.0003	MED30	ENSG00000164758
14175.0	0.0003	ELP5	ENSG00000170291
14175.0	0.0003	BAG4	ENSG00000156735
14175.0	0.0003	ARID4A	ENSG00000032219
14175.0	0.0003	DDX19B	ENSG00000157349
14175.0	0.0003	MARK4	ENSG00000007047
14175.0	0.0003	CNOT6	ENSG00000113300
14175.0	0.0003	ACSS1	ENSG00000154930
14175.0	0.0003	RAB37	ENSG00000172794
14175.0	0.0003	CDK12	ENSG00000167258
14175.0	0.0003	SGO1	ENSG00000129810
14175.0	0.0003	SLC7A1	ENSG00000139514
14175.0	0.0003	DLX1	ENSG00000144355
14175.0	0.0003	ARHGEF4	ENSG00000136002
14175.0	0.0003	PIR	ENSG00000087842
14175.0	0.0003	ABI1	ENSG00000136754
14175.0	0.0003	TXNRD3	ENSG00000197763
14175.0	0.0003	ZNHIT1	ENSG00000106400
14175.0	0.0003	LEO1	ENSG00000166477
14175.0	0.0003	RCOR1	ENSG00000089902
14175.0	0.0003	BRSK1	ENSG00000160469
14175.0	0.0003	LCT	ENSG00000115850
14175.0	0.0003	CYP2C19	ENSG00000165841
14175.0	0.0003	PTPRN2	ENSG00000155093
14175.0	0.0003	BRSK2	ENSG00000174672
14175.0	0.0003	MAP4K4	ENSG00000071054
14175.0	0.0003	ACOT8	ENSG00000101473
14175.0	0.0003	TMED2	ENSG00000086598
14175.0	0.0003	SIK2	ENSG00000170145
14175.0	0.0003	CDK6	ENSG00000105810
14175.0	0.0003	RELB	ENSG00000104856
14175.0	0.0003	BAAT	ENSG00000136881
14175.0	0.0003	TFDP1	ENSG00000198176
14175.0	0.0003	LHPP	ENSG00000107902
14175.0	0.0003	MIF	ENSG00000240972
14175.0	0.0003	NCOA3	ENSG00000124151
14175.0	0.0003	KHSRP	ENSG00000088247
14175.0	0.0003	LRGUK	ENSG00000155530
14175.0	0.0003	NFKBIB	ENSG00000104825
14175.0	0.0003	ACSS2	ENSG00000131069
14175.0	0.0003	ELANE	ENSG00000197561
14175.0	0.0003	SKIL	ENSG00000136603
14175.0	0.0003	UBN1	ENSG00000118900
14175.0	0.0003	DNAH8	ENSG00000124721
14175.0	0.0003	PRDX4	ENSG00000123131
14175.0	0.0003	MAPRE1	ENSG00000101367
14175.0	0.0003	WNT2B	ENSG00000134245
14175.0	0.0003	PRELP	ENSG00000188783
14175.0	0.0003	SLC4A2	ENSG00000164889
14175.0	0.0003	WNT2	ENSG00000105989
14175.0	0.0003	SUPV3L1	ENSG00000156502
14175.0	0.0003	IFIT1	ENSG00000185745
14175.0	0.0003	AURKB	ENSG00000178999
14175.0	0.0003	CHIC2	ENSG00000109220
14175.0	0.0003	TFDP2	ENSG00000114126
14175.0	0.0003	WNT16	ENSG00000002745
14175.0	0.0003	MAU2	ENSG00000129933
14175.0	0.0003	OGN	ENSG00000106809
14175.0	0.0003	ITPKC	ENSG00000086544
14175.0	0.0003	ASIC1	ENSG00000110881
14175.0	0.0003	STXBP5	ENSG00000164506
14175.0	0.0003	PSME3	ENSG00000131467
14175.0	0.0003	CNOT4	ENSG00000080802
14175.0	0.0003	MMP7	ENSG00000137673
14175.0	0.0003	RXRG	ENSG00000143171
14175.0	0.0003	UBR5	ENSG00000104517
14175.0	0.0003	PDK4	ENSG00000004799
14175.0	0.0003	TUBGCP2	ENSG00000130640
14175.0	0.0003	CECR2	ENSG00000099954
14175.0	0.0003	PITPNM1	ENSG00000110697
14175.0	0.0003	FBXO9	ENSG00000112146
14175.0	0.0003	FMOD	ENSG00000122176
14175.0	0.0003	NR3C1	ENSG00000113580
14175.0	0.0003	KERA	ENSG00000139330
14175.0	0.0003	ULK2	ENSG00000083290
14175.0	0.0003	USP46	ENSG00000109189
14175.0	0.0003	OMD	ENSG00000127083
14175.0	0.0003	ZFAND6	ENSG00000086666
14175.0	0.0003	LRP8	ENSG00000157193
14175.0	0.0003	TBX19	ENSG00000143178
14175.0	0.0003	NSMAF	ENSG00000035681
14175.0	0.0003	ATF3	ENSG00000162772
14175.0	0.0003	GP1BA	ENSG00000185245
14175.0	0.0003	SLC10A2	ENSG00000125255
14175.0	0.0003	TXNDC8	ENSG00000204193
14175.0	0.0003	MAP4K2	ENSG00000168067
14175.0	0.0003	RTN3	ENSG00000133318
14175.0	0.0003	TMPRSS2	ENSG00000184012
14175.0	0.0003	FOXA3	ENSG00000170608
14175.0	0.0003	BIRC7	ENSG00000101197
14175.0	0.0003	NR1H2	ENSG00000131408
14175.0	0.0003	KRT8	ENSG00000170421
14175.0	0.0003	NR1H3	ENSG00000025434
14175.0	0.0003	GLDN	ENSG00000186417
14175.0	0.0003	PSKH1	ENSG00000159792
14175.0	0.0003	UXT	ENSG00000126756
14175.0	0.0003	CLHC1	ENSG00000162994
14175.0	0.0003	SLC7A5	ENSG00000103257
14175.0	0.0003	DGAT1	ENSG00000185000
14175.0	0.0003	ACADL	ENSG00000115361
14175.0	0.0003	ATG4D	ENSG00000130734
14175.0	0.0003	WNT6	ENSG00000115596
14175.0	0.0003	NAPA	ENSG00000105402
14175.0	0.0003	TBL1Y	ENSG00000092377
14175.0	0.0003	CDA	ENSG00000158825
14175.0	0.0003	MUC2	ENSG00000198788
14175.0	0.0003	AQP1	ENSG00000240583
14175.0	0.0003	VTI1B	ENSG00000100568
14175.0	0.0003	ACSS3	ENSG00000111058
14175.0	0.0003	STAM2	ENSG00000115145
14175.0	0.0003	TPM1	ENSG00000140416
14175.0	0.0003	PRPF4	ENSG00000136875
14175.0	0.0003	FXYD6	ENSG00000137726
14175.0	0.0003	RBMX	ENSG00000147274
14175.0	0.0003	TNNI3	ENSG00000129991
14175.0	0.0003	GLMN	ENSG00000174842
14175.0	0.0003	GP5	ENSG00000178732
14175.0	0.0003	WNT11	ENSG00000085741
14175.0	0.0003	THRA	ENSG00000126351
14175.0	0.0003	TAF13	ENSG00000197780
14175.0	0.0003	UXS1	ENSG00000115652
14175.0	0.0003	ZFP36	ENSG00000128016
14175.0	0.0003	STK38L	ENSG00000211455
14175.0	0.0003	MAP2K3	ENSG00000034152
14175.0	0.0003	MYLIP	ENSG00000007944
14175.0	0.0003	PKP3	ENSG00000184363
14175.0	0.0003	MARVELD2	ENSG00000152939
14175.0	0.0003	MUL1	ENSG00000090432
14175.0	0.0003	HS3ST2	ENSG00000122254
14175.0	0.0003	HOGA1	ENSG00000241935
14175.0	0.0003	TNNI2	ENSG00000130598
14175.0	0.0003	FGFRL1	ENSG00000127418
14175.0	0.0003	PFKP	ENSG00000067057
14175.0	0.0003	CORO7-PAM16	ENSG00000103426
14175.0	0.0003	TAF12	ENSG00000120656
14175.0	0.0003	SLC25A38	ENSG00000144659
14175.0	0.0003	PTCH2	ENSG00000117425
14175.0	0.0003	KRT17	ENSG00000128422
14175.0	0.0003	PLSCR1	ENSG00000188313
14175.0	0.0003	CHERP	ENSG00000085872
14175.0	0.0003	CYP11B1	ENSG00000160882
14175.0	0.0003	GAPDHS	ENSG00000105679
14175.0	0.0003	HEBP2	ENSG00000051620
14175.0	0.0003	LRRC47	ENSG00000130764
14175.0	0.0003	TAF5	ENSG00000148835
14175.0	0.0003	TAF11	ENSG00000064995
14175.0	0.0003	FXYD1	ENSG00000266964
14175.0	0.0003	HSD17B6	ENSG00000025423
14175.0	0.0003	SLC35G5	ENSG00000177710
14175.0	0.0003	PAFAH1B3	ENSG00000079462
14175.0	0.0003	APRT	ENSG00000198931
14175.0	0.0003	PIAS1	ENSG00000033800
14175.0	0.0003	APOLD1	ENSG00000178878
14175.0	0.0003	CADM3	ENSG00000162706
14175.0	0.0003	CD1D	ENSG00000158473
14175.0	0.0003	GRM6	ENSG00000113262
14175.0	0.0003	MOBP	ENSG00000168314
14175.0	0.0003	PANX2	ENSG00000073150
14175.0	0.0003	PCP4	ENSG00000183036
14175.0	0.0003	SLC13A1	ENSG00000081800
14175.0	0.0003	TMBIM6	ENSG00000139644
14175.0	0.0003	UNG	ENSG00000076248
14175.0	0.0003	CHRAC1	ENSG00000104472
14175.0	0.0003	BAZ1A	ENSG00000198604
14175.0	0.0003	CNOT11	ENSG00000158435
14175.0	0.0003	FXYD7	ENSG00000221946
14175.0	0.0003	WNT9A	ENSG00000143816
14175.0	0.0003	WNT9B	ENSG00000158955
14175.0	0.0003	KDM2A	ENSG00000173120
14175.0	0.0003	ITPR2	ENSG00000123104
14175.0	0.0003	FXYD4	ENSG00000150201
14175.0	0.0003	ESPL1	ENSG00000135476
14175.0	0.0003	MYH9	ENSG00000100345
14175.0	0.0003	MYL12B	ENSG00000118680
14175.0	0.0003	DDX19A	ENSG00000168872
14175.0	0.0003	FXYD3	ENSG00000089356
14175.0	0.0003	NDC80	ENSG00000080986
14175.0	0.0003	APPL1	ENSG00000157500
14175.0	0.0003	RLBP1	ENSG00000140522
14175.0	0.0003	KPNA4	ENSG00000186432
14175.0	0.0003	KDM7A	ENSG00000006459
14175.0	0.0003	AKR1D1	ENSG00000122787
14175.0	0.0003	RDH5	ENSG00000135437
14175.0	0.0003	CD151	ENSG00000177697
14175.0	0.0003	H3-3B	ENSG00000132475
14175.0	0.0003	DYNC1I1	ENSG00000158560
14175.0	0.0003	RALY	ENSG00000125970
14175.0	0.0003	ZFP62	ENSG00000196670
14175.0	0.0003	PTPRC	ENSG00000081237
14175.0	0.0003	WNT8A	ENSG00000061492
14175.0	0.0003	CDX1	ENSG00000113722
14175.0	0.0003	C3	ENSG00000125730
14175.0	0.0003	CDX2	ENSG00000165556
14175.0	0.0003	WNT10A	ENSG00000135925
14175.0	0.0003	CAMK1G	ENSG00000008118
14175.0	0.0003	NAMPT	ENSG00000105835
14175.0	0.0003	IKZF1	ENSG00000185811
14175.0	0.0003	GP9	ENSG00000169704
14175.0	0.0003	AP1S3	ENSG00000152056
14175.0	0.0003	STAT1	ENSG00000115415
14175.0	0.0003	FGF1	ENSG00000113578
14175.0	0.0003	NR0B1	ENSG00000169297
14175.0	0.0003	MUS81	ENSG00000172732
14175.0	0.0003	GOLGA1	ENSG00000136935
14175.0	0.0003	TRIM28	ENSG00000130726
14175.0	0.0003	BIN2	ENSG00000110934
14175.0	0.0003	ITGA3	ENSG00000005884
14175.0	0.0003	UPRT	ENSG00000094841
14175.0	0.0003	SLC22A18	ENSG00000110628
14175.0	0.0003	H3-4	ENSG00000168148
14175.0	0.0003	LIN7B	ENSG00000104863
14175.0	0.0003	TAF3	ENSG00000165632
14175.0	0.0003	CORO1C	ENSG00000110880
14175.0	0.0003	RAPGEF1	ENSG00000107263
14175.0	0.0003	SERPINC1	ENSG00000117601
14175.0	0.0003	ESCO2	ENSG00000171320
14175.0	0.0003	NOD2	ENSG00000167207
14175.0	0.0003	PCSK9	ENSG00000169174
14175.0	0.0003	INPP1	ENSG00000151689
14175.0	0.0003	TCF7	ENSG00000081059
14175.0	0.0003	TOB1	ENSG00000141232
14175.0	0.0003	ORAI3	ENSG00000175938
14175.0	0.0003	ZFR	ENSG00000056097
14175.0	0.0003	TP53BP2	ENSG00000143514
14175.0	0.0003	STAM	ENSG00000136738
14175.0	0.0003	ZCCHC10	ENSG00000155329
14175.0	0.0003	RDH10	ENSG00000121039
14175.0	0.0003	TMOD3	ENSG00000138594
14175.0	0.0003	BLOC1S6	ENSG00000104164
14175.0	0.0003	CLTB	ENSG00000175416
14175.0	0.0003	L3HYPDH	ENSG00000126790
14175.0	0.0003	JAK1	ENSG00000162434
14175.0	0.0003	SAFB2	ENSG00000130254
14175.0	0.0003	HLA-E	ENSG00000204592
14175.0	0.0003	HLA-F	ENSG00000204642
14175.0	0.0003	HLA-G	ENSG00000204632
14175.0	0.0003	HLA-H	ENSG00000206341
14175.0	0.0003	RBMXL1	ENSG00000213516
14175.0	0.0003	SLCO4A1	ENSG00000101187
14175.0	0.0003	CBX4	ENSG00000141582
14175.0	0.0003	RIC3	ENSG00000166405
14175.0	0.0003	NOP53	ENSG00000105373
14175.0	0.0003	ZFP36L1	ENSG00000185650
14175.0	0.0003	CCNT1	ENSG00000129315
14175.0	0.0003	PIK3CG	ENSG00000105851
14175.0	0.0003	RTCA	ENSG00000137996
14175.0	0.0003	M6PR	ENSG00000003056
14175.0	0.0003	ALDOC	ENSG00000109107
14175.0	0.0003	KLHL24	ENSG00000114796
14175.0	0.0003	ENDOG	ENSG00000167136
14175.0	0.0003	MS4A6E	ENSG00000166926
14175.0	0.0003	TAF9B	ENSG00000187325
14175.0	0.0003	MIS18A	ENSG00000159055
14175.0	0.0003	IL6R	ENSG00000160712
14175.0	0.0003	DDX60	ENSG00000137628
14175.0	0.0003	PPP1R12C	ENSG00000125503
14175.0	0.0003	CCR7	ENSG00000126353
14175.0	0.0003	APOC3	ENSG00000110245
14175.0	0.0003	TNKS1BP1	ENSG00000149115
14175.0	0.0003	RBMS1	ENSG00000153250
14175.0	0.0003	SFT2D3	ENSG00000173349
14175.0	0.0003	ORAI2	ENSG00000160991
14175.0	0.0003	TSNARE1	ENSG00000171045
14175.0	0.0003	SRPK2	ENSG00000135250
14175.0	0.0003	CGGBP1	ENSG00000163320
14175.0	0.0003	SCARB1	ENSG00000073060
14175.0	0.0003	SRA1	ENSG00000213523
14175.0	0.0003	MYH8	ENSG00000133020
14175.0	0.0003	IL5	ENSG00000113525
14175.0	0.0003	NAALADL1	ENSG00000168060
14175.0	0.0003	ADO	ENSG00000181915
14175.0	0.0003	JUND	ENSG00000130522
14175.0	0.0003	FOXN4	ENSG00000139445
14175.0	0.0003	HMGXB4	ENSG00000100281
14175.0	0.0003	IFNB1	ENSG00000171855
14175.0	0.0003	CBX6	ENSG00000183741
14175.0	0.0003	MYL3	ENSG00000160808
14175.0	0.0003	VWA2	ENSG00000165816
14175.0	0.0003	ADA	ENSG00000196839
14175.0	0.0003	TK1	ENSG00000167900
14175.0	0.0003	GDA	ENSG00000119125
14175.0	0.0003	PAQR8	ENSG00000170915
14175.0	0.0003	EIF4A1	ENSG00000161960
14175.0	0.0003	ARFRP1	ENSG00000101246
14175.0	0.0003	SLC13A2	ENSG00000007216
14175.0	0.0003	CLUAP1	ENSG00000103351
14175.0	0.0003	PYGO1	ENSG00000171016
14175.0	0.0003	UBE2Z	ENSG00000159202
14175.0	0.0003	EFNA1	ENSG00000169242
14175.0	0.0003	BMI1	ENSG00000168283
14175.0	0.0003	PF4	ENSG00000163737
14175.0	0.0003	EFNA3	ENSG00000143590
14175.0	0.0003	PAN2	ENSG00000135473
14175.0	0.0003	NCK2	ENSG00000071051
14175.0	0.0003	CBX2	ENSG00000173894
14175.0	0.0003	ABCG4	ENSG00000172350
14175.0	0.0003	TTC14	ENSG00000163728
14175.0	0.0003	ATXN7L3	ENSG00000087152
14175.0	0.0003	EIF4B	ENSG00000063046
14175.0	0.0003	IGF2BP1	ENSG00000159217
14175.0	0.0003	TAB1	ENSG00000100324
14175.0	0.0003	PEBP1	ENSG00000089220
14175.0	0.0003	HS3ST3B1	ENSG00000125430
14175.0	0.0003	IGFBP4	ENSG00000141753
14175.0	0.0003	CCNC	ENSG00000112237
14175.0	0.0003	TSHZ2	ENSG00000182463
14175.0	0.0003	SMAD9	ENSG00000120693
14175.0	0.0003	RFNG	ENSG00000169733
14175.0	0.0003	AKR1B10	ENSG00000198074
14175.0	0.0003	AKR1B1	ENSG00000085662
14175.0	0.0003	DCK	ENSG00000156136
14175.0	0.0003	LCP1	ENSG00000136167
14175.0	0.0003	OSBP2	ENSG00000184792
14175.0	0.0003	ACO1	ENSG00000122729
14175.0	0.0003	PIAS2	ENSG00000078043
14175.0	0.0003	TRMT44	ENSG00000155275
14175.0	0.0003	HOXB7	ENSG00000260027
14175.0	0.0003	SUPT3H	ENSG00000196284
14175.0	0.0003	NEK8	ENSG00000160602
14175.0	0.0003	CCN2	ENSG00000118523
14175.0	0.0003	KCTD10	ENSG00000110906
14175.0	0.0003	GCFC2	ENSG00000005436
14175.0	0.0003	NFE2	ENSG00000123405
14175.0	0.0003	PAIP1	ENSG00000172239
14175.0	0.0003	DNAJB11	ENSG00000090520
14175.0	0.0003	MOV10	ENSG00000155363
14175.0	0.0003	PROM1	ENSG00000007062
14175.0	0.0003	NR1I3	ENSG00000143257
14175.0	0.0003	UPP2	ENSG00000007001
14175.0	0.0003	PPM1F	ENSG00000100034
14175.0	0.0003	CPSF2	ENSG00000165934
14175.0	0.0003	IRF7	ENSG00000185507
14175.0	0.0003	MAN1A1	ENSG00000111885
14175.0	0.0003	CACNB2	ENSG00000165995
14175.0	0.0003	PIK3R3	ENSG00000117461
14175.0	0.0003	TNRC6C	ENSG00000078687
14175.0	0.0003	RCAN1	ENSG00000159200
14175.0	0.0003	MX2	ENSG00000183486
14175.0	0.0003	ATP5MC2	ENSG00000135390
14175.0	0.0003	ATP5MC3	ENSG00000154518
14175.0	0.0003	ZNHIT2	ENSG00000174276
14175.0	0.0003	MYL4	ENSG00000198336
14175.0	0.0003	ATP8B2	ENSG00000143515
14175.0	0.0003	TRAIP	ENSG00000183763
14175.0	0.0003	CCNT2	ENSG00000082258
14175.0	0.0003	ATP5MC1	ENSG00000159199
14175.0	0.0003	PARP2	ENSG00000129484
14175.0	0.0003	EFNB2	ENSG00000125266
14175.0	0.0003	SRL	ENSG00000185739
14175.0	0.0003	AARD	ENSG00000205002
14175.0	0.0003	EFNA5	ENSG00000184349
14175.0	0.0003	ILKAP	ENSG00000132323
14175.0	0.0003	PDP2	ENSG00000172840
14175.0	0.0003	PP2D1	ENSG00000183977
14175.0	0.0003	PPM1E	ENSG00000175175
14175.0	0.0003	PPM1N	ENSG00000213889
14175.0	0.0003	IRF4	ENSG00000137265
14175.0	0.0003	PHC1	ENSG00000111752
14175.0	0.0003	SSU72	ENSG00000160075
14175.0	0.0003	PBX4	ENSG00000105717
14175.0	0.0003	NCBP3	ENSG00000074356
14175.0	0.0003	PICALM	ENSG00000073921
14175.0	0.0003	NCOA5	ENSG00000124160
14175.0	0.0003	HDAC6	ENSG00000094631
14175.0	0.0003	SWT1	ENSG00000116668
14175.0	0.0003	TAF4B	ENSG00000141384
14175.0	0.0003	CSGALNACT2	ENSG00000169826
14175.0	0.0003	PCGF6	ENSG00000156374
14175.0	0.0003	CYP11B2	ENSG00000179142
14175.0	0.0003	HDAC10	ENSG00000100429
14175.0	0.0003	COLGALT2	ENSG00000198756
14175.0	0.0003	MAZ	ENSG00000103495
14175.0	0.0003	USP28	ENSG00000048028
14175.0	0.0003	NUP85	ENSG00000125450
14175.0	0.0003	DAOA	ENSG00000182346
14175.0	0.0003	UGT2B11	ENSG00000213759
14175.0	0.0003	CBX8	ENSG00000141570
14175.0	0.0003	DOT1L	ENSG00000104885
14175.0	0.0003	CNIH3	ENSG00000143786
14175.0	0.0003	HMGB2	ENSG00000164104
14175.0	0.0003	TUBA3E	ENSG00000152086
14175.0	0.0003	IDE	ENSG00000119912
14175.0	0.0003	CBX7	ENSG00000100307
14175.0	0.0003	TAF7L	ENSG00000102387
14175.0	0.0003	TAF5L	ENSG00000135801
14175.0	0.0003	NECAP2	ENSG00000157191
14175.0	0.0003	MYBPC2	ENSG00000086967
14175.0	0.0003	ASZ1	ENSG00000154438
14175.0	0.0003	ATG4C	ENSG00000125703
14175.0	0.0003	MYSM1	ENSG00000162601
14175.0	0.0003	DRD5	ENSG00000169676
14175.0	0.0003	EFNA4	ENSG00000243364
14175.0	0.0003	SETMAR	ENSG00000170364
14175.0	0.0003	PIK3C2G	ENSG00000139144
14175.0	0.0003	EFNA2	ENSG00000099617
14175.0	0.0003	SUV39H2	ENSG00000152455
14175.0	0.0003	XYLT2	ENSG00000015532
14175.0	0.0003	TERF1	ENSG00000147601
14175.0	0.0003	PIK3C2A	ENSG00000011405
14175.0	0.0003	PIK3C2B	ENSG00000133056
14175.0	0.0003	CACNB3	ENSG00000167535
14175.0	0.0003	IGFBP7	ENSG00000163453
14175.0	0.0003	DDIT3	ENSG00000175197
14175.0	0.0003	SCML2	ENSG00000102098
14175.0	0.0003	TMOD1	ENSG00000136842
14175.0	0.0003	GALNS	ENSG00000141012
14175.0	0.0003	SUPT7L	ENSG00000119760
14175.0	0.0003	TLR8	ENSG00000101916
14175.0	0.0003	KMT5A	ENSG00000183955
14175.0	0.0003	TMED5	ENSG00000117500
14175.0	0.0003	CSNK1G2	ENSG00000133275
14175.0	0.0003	MMP14	ENSG00000157227
14175.0	0.0003	TERF2	ENSG00000132604
14175.0	0.0003	USP40	ENSG00000085982
14175.0	0.0003	ALDOB	ENSG00000136872
14175.0	0.0003	PCGF5	ENSG00000180628
14175.0	0.0003	THRSP	ENSG00000151365
14175.0	0.0003	PIP4K2A	ENSG00000150867
14175.0	0.0003	NEK6	ENSG00000119408
14175.0	0.0003	PRDX5	ENSG00000126432
14175.0	0.0003	WDR74	ENSG00000133316
14175.0	0.0003	APBB1	ENSG00000166313
14175.0	0.0003	SNX12	ENSG00000147164
14175.0	0.0003	CEP135	ENSG00000174799
14175.0	0.0003	IL13	ENSG00000169194
14175.0	0.0003	EPN1	ENSG00000063245
14175.0	0.0003	TMED3	ENSG00000166557
14175.0	0.0003	ACAD10	ENSG00000111271
14175.0	0.0003	MEN1	ENSG00000133895
14175.0	0.0003	PSENEN	ENSG00000205155
14175.0	0.0003	CACYBP	ENSG00000116161
14175.0	0.0003	CPEB1	ENSG00000214575
14175.0	0.0003	RPTN	ENSG00000215853
14175.0	0.0003	CACNB1	ENSG00000067191
14175.0	0.0003	KMT5C	ENSG00000133247
14175.0	0.0003	CPOX	ENSG00000080819
14175.0	0.0003	CDC23	ENSG00000094880
14175.0	0.0003	RBP4	ENSG00000138207
14175.0	0.0003	NFATC1	ENSG00000131196
14175.0	0.0003	GOLPH3	ENSG00000113384
14175.0	0.0003	FN1	ENSG00000115414
14175.0	0.0003	CPSF1	ENSG00000071894
14175.0	0.0003	RHEB	ENSG00000106615
14175.0	0.0003	SH3D19	ENSG00000109686
14175.0	0.0003	ITGB3	ENSG00000259207
14175.0	0.0003	ITGB7	ENSG00000139626
14175.0	0.0003	ITGB6	ENSG00000115221
14175.0	0.0003	PPP1R3E	ENSG00000235194
14175.0	0.0003	PIP4K2B	ENSG00000141720
14175.0	0.0003	PIP4K2C	ENSG00000166908
14175.0	0.0003	TERF2IP	ENSG00000166848
14175.0	0.0003	TADA1	ENSG00000152382
14175.0	0.0003	AK3	ENSG00000147853
14175.0	0.0003	CKB	ENSG00000166165
14175.0	0.0003	PGR	ENSG00000082175
14175.0	0.0003	CPVL	ENSG00000106066
14175.0	0.0003	PPP1R3D	ENSG00000132825
14175.0	0.0003	TMEM263	ENSG00000151135
14175.0	0.0003	MEIS3	ENSG00000105419
14175.0	0.0003	CNIH2	ENSG00000174871
14175.0	0.0003	PPP1R3A	ENSG00000154415
14175.0	0.0003	IGF2BP3	ENSG00000136231
14175.0	0.0003	CCT4	ENSG00000115484
14175.0	0.0003	NEK7	ENSG00000151414
14175.0	0.0003	HOXA9	ENSG00000078399
14175.0	0.0003	ITGB5	ENSG00000082781
14175.0	0.0003	HYI	ENSG00000178922
14175.0	0.0003	TLR6	ENSG00000174130
14175.0	0.0003	F9	ENSG00000101981
14175.0	0.0003	MMP21	ENSG00000154485
14175.0	0.0003	CARTPT	ENSG00000164326
14175.0	0.0003	PNMA8B	ENSG00000204851
14175.0	0.0003	SLC4A11	ENSG00000088836
14175.0	0.0003	KLKB1	ENSG00000164344
14175.0	0.0003	NSFL1C	ENSG00000088833
14175.0	0.0003	KCNH2	ENSG00000055118
14175.0	0.0003	NFATC3	ENSG00000072736
14175.0	0.0003	KCNA3	ENSG00000177272
14175.0	0.0003	KRT7	ENSG00000135480
14175.0	0.0003	SDS	ENSG00000135094
14175.0	0.0003	RRM1	ENSG00000167325
14175.0	0.0003	COX6C	ENSG00000164919
14175.0	0.0003	NME4	ENSG00000103202
14175.0	0.0003	LLGL1	ENSG00000131899
14175.0	0.0003	PPP1R16B	ENSG00000101445
14175.0	0.0003	RASGRF2	ENSG00000113319
14175.0	0.0003	GEMIN2	ENSG00000092208
14175.0	0.0003	SFXN1	ENSG00000164466
14175.0	0.0003	IRF8	ENSG00000140968
14175.0	0.0003	EYA4	ENSG00000112319
14175.0	0.0003	NR0B2	ENSG00000131910
14175.0	0.0003	NBR1	ENSG00000188554
14175.0	0.0003	DCTD	ENSG00000129187
14175.0	0.0003	HPN	ENSG00000105707
14175.0	0.0003	SYMPK	ENSG00000125755
14175.0	0.0003	ANPEP	ENSG00000166825
14175.0	0.0003	CSTF2	ENSG00000101811
14175.0	0.0003	ZRANB1	ENSG00000019995
14175.0	0.0003	ENTPD3	ENSG00000168032
14175.0	0.0003	RSF1	ENSG00000048649
14175.0	0.0003	ULK4	ENSG00000168038
14175.0	0.0003	RBM45	ENSG00000155636
14175.0	0.0003	ENTPD8	ENSG00000188833
14175.0	0.0003	RNF11	ENSG00000123091
14175.0	0.0003	FAR2	ENSG00000064763
14175.0	0.0003	AFG1L	ENSG00000135537
14175.0	0.0003	EEF1G	ENSG00000254772
14175.0	0.0003	SFXN3	ENSG00000107819
14175.0	0.0003	PPP1R16A	ENSG00000160972
14175.0	0.0003	ATP5MF	ENSG00000241468
14175.0	0.0003	CEBPB	ENSG00000172216
14175.0	0.0003	GAK	ENSG00000178950
14175.0	0.0003	CSTF1	ENSG00000101138
14175.0	0.0003	NME1-NME2	ENSG00000243678
14175.0	0.0003	CPSF4	ENSG00000160917
14175.0	0.0003	ATP8B4	ENSG00000104043
14175.0	0.0003	ATP5PF	ENSG00000154723
14175.0	0.0003	HGD	ENSG00000113924
14175.0	0.0003	CHCT1	ENSG00000141371
14175.0	0.0003	CMPK1	ENSG00000162368
14175.0	0.0003	SEC24B	ENSG00000138802
14175.0	0.0003	DMRTA2	ENSG00000142700
14175.0	0.0003	TOLLIP	ENSG00000078902
14175.0	0.0003	CXXC1	ENSG00000154832
14175.0	0.0003	EXTL1	ENSG00000158008
14175.0	0.0003	ATG16L1	ENSG00000085978
14175.0	0.0003	NME3	ENSG00000103024
14175.0	0.0003	LHB	ENSG00000104826
14175.0	0.0003	EPHA3	ENSG00000044524
14175.0	0.0003	KRT5	ENSG00000186081
14175.0	0.0003	WDR33	ENSG00000136709
14175.0	0.0003	ULK3	ENSG00000140474
14175.0	0.0003	PGAM5	ENSG00000247077
14175.0	0.0003	PARP3	ENSG00000041880
14175.0	0.0003	TOMM40L	ENSG00000158882
14175.0	0.0003	PSMD3	ENSG00000108344
14175.0	0.0003	KISS1R	ENSG00000116014
14175.0	0.0003	NME6	ENSG00000172113
14175.0	0.0003	SCT	ENSG00000070031
14175.0	0.0003	ATP5ME	ENSG00000169020
14175.0	0.0003	NSUN6	ENSG00000241058
14175.0	0.0003	FARP2	ENSG00000006607
14175.0	0.0003	ACMSD	ENSG00000153086
14175.0	0.0003	EIF2A	ENSG00000144895
14175.0	0.0003	DERL2	ENSG00000072849
14175.0	0.0003	SLCO1B7	ENSG00000205754
14175.0	0.0003	CHUK	ENSG00000213341
14175.0	0.0003	KCNAB3	ENSG00000170049
14175.0	0.0003	SAMM50	ENSG00000100347
14175.0	0.0003	SLC27A1	ENSG00000130304
14175.0	0.0003	PWP1	ENSG00000136045
14175.0	0.0003	SNRPD2	ENSG00000125743
14175.0	0.0003	KCNH7	ENSG00000184611
14175.0	0.0003	IQGAP2	ENSG00000145703
14175.0	0.0003	ICAM1	ENSG00000090339
14175.0	0.0003	NME7	ENSG00000143156
14175.0	0.0003	PXMP2	ENSG00000176894
14175.0	0.0003	YY1AP1	ENSG00000163374
14175.0	0.0003	GON4L	ENSG00000116580
14175.0	0.0003	SAR1A	ENSG00000079332
14175.0	0.0003	S100A10	ENSG00000197747
14175.0	0.0003	ATAD5	ENSG00000176208
14175.0	0.0003	MYOC	ENSG00000034971
14175.0	0.0003	SDR42E1	ENSG00000184860
14175.0	0.0003	ATP5PB	ENSG00000116459
14175.0	0.0003	UBXN2B	ENSG00000215114
14175.0	0.0003	GEMIN7	ENSG00000142252
14175.0	0.0003	RIN3	ENSG00000100599
14175.0	0.0003	HEATR5B	ENSG00000008869
14175.0	0.0003	MC1R	ENSG00000258839
14175.0	0.0003	HEATR5A	ENSG00000129493
14175.0	0.0003	HOXB5	ENSG00000120075
14175.0	0.0003	ATP5MG	ENSG00000167283
14175.0	0.0003	AKAP8	ENSG00000105127
14175.0	0.0003	EPHA5	ENSG00000145242
14175.0	0.0003	EPHA1	ENSG00000146904
14175.0	0.0003	AKAP9	ENSG00000127914
14175.0	0.0003	CCND3	ENSG00000112576
14175.0	0.0003	MYO18A	ENSG00000196535
14175.0	0.0003	CMIP	ENSG00000153815
14175.0	0.0003	CD14	ENSG00000170458
14175.0	0.0003	KCNA6	ENSG00000151079
14175.0	0.0003	HLF	ENSG00000108924
14175.0	0.0003	AREG	ENSG00000109321
14175.0	0.0003	AREGB	ENSG00000205595
14175.0	0.0003	STRAP	ENSG00000023734
14175.0	0.0003	FANCG	ENSG00000221829
14175.0	0.0003	RCHY1	ENSG00000163743
14175.0	0.0003	KCNC4	ENSG00000116396
14175.0	0.0003	RARA	ENSG00000131759
14175.0	0.0003	RPS6KC1	ENSG00000136643
14175.0	0.0003	CHRNA9	ENSG00000174343
14175.0	0.0003	HBS1L	ENSG00000112339
14175.0	0.0003	CSTF2T	ENSG00000177613
14175.0	0.0003	DERL3	ENSG00000099958
14175.0	0.0003	KPNA2	ENSG00000182481
14175.0	0.0003	PEA15	ENSG00000162734
14175.0	0.0003	VAMP8	ENSG00000118640
14175.0	0.0003	IMP4	ENSG00000136718
14175.0	0.0003	ACTN1	ENSG00000072110
14175.0	0.0003	CHRNA10	ENSG00000129749
14175.0	0.0003	ACTN4	ENSG00000130402
14175.0	0.0003	NIPSNAP1	ENSG00000184117
14175.0	0.0003	KCNH8	ENSG00000183960
14175.0	0.0003	GNL2	ENSG00000134697
14175.0	0.0003	KCNH4	ENSG00000089558
14175.0	0.0003	CCNQ	ENSG00000147382
14175.0	0.0003	APH1B	ENSG00000138613
14175.0	0.0003	LAMA5	ENSG00000130702
14175.0	0.0003	TBPL2	ENSG00000182521
14175.0	0.0003	OXT	ENSG00000101405
14175.0	0.0003	EPHB2	ENSG00000133216
14175.0	0.0003	ARFGAP2	ENSG00000149182
14175.0	0.0003	SEL1L2	ENSG00000101251
14175.0	0.0003	FDXR	ENSG00000161513
14175.0	0.0003	TRPC6	ENSG00000137672
14175.0	0.0003	KCNF1	ENSG00000162975
14175.0	0.0003	DDX21	ENSG00000165732
14175.0	0.0003	MFSD5	ENSG00000182544
14175.0	0.0003	KCNG2	ENSG00000178342
14175.0	0.0003	KCNQ4	ENSG00000117013
14175.0	0.0003	KCNB2	ENSG00000182674
14175.0	0.0003	ITGA2	ENSG00000164171
14175.0	0.0003	RSL1D1	ENSG00000171490
14175.0	0.0003	KCNS3	ENSG00000170745
14175.0	0.0003	USE1	ENSG00000053501
14175.0	0.0003	NCKAP1	ENSG00000061676
14175.0	0.0003	ASAP2	ENSG00000151693
14175.0	0.0003	KCNG1	ENSG00000026559
14175.0	0.0003	KCNG3	ENSG00000171126
14175.0	0.0003	EPHA8	ENSG00000070886
14175.0	0.0003	GPS2	ENSG00000132522
14175.0	0.0003	RP11-542C16.2	ENSG00000261915
14175.0	0.0003	KCNG4	ENSG00000168418
14175.0	0.0003	PLA2R1	ENSG00000153246
14175.0	0.0003	KCNS1	ENSG00000124134
14175.0	0.0003	KCNA10	ENSG00000143105
14175.0	0.0003	IL17F	ENSG00000112116
14175.0	0.0003	KCNV1	ENSG00000164794
14175.0	0.0003	ING2	ENSG00000168556
14175.0	0.0003	KCNS2	ENSG00000156486
14175.0	0.0003	ITGB1BP1	ENSG00000119185
14175.0	0.0003	CMPK2	ENSG00000134326
14175.0	0.0003	CASP12	ENSG00000204403
14175.0	0.0003	VIP	ENSG00000146469
14175.0	0.0003	MCM6	ENSG00000076003
14175.0	0.0003	DACH1	ENSG00000165659
14175.0	0.0003	SELL	ENSG00000188404
14175.0	0.0003	PPP3CC	ENSG00000120910
14175.0	0.0003	SYCE2	ENSG00000161860
14175.0	0.0003	TNFSF13	ENSG00000161955
14175.0	0.0003	PCK2	ENSG00000100889
14175.0	0.0003	IL25	ENSG00000166090
14175.0	0.0003	EPHB4	ENSG00000196411
14175.0	0.0003	KCNA7	ENSG00000104848
14175.0	0.0003	STH	ENSG00000256762
14175.0	0.0003	NPS	ENSG00000214285
14175.0	0.0003	IL37	ENSG00000125571
14175.0	0.0003	SUN2	ENSG00000100242
14175.0	0.0003	EPHB6	ENSG00000106123
14175.0	0.0003	CSNK1G3	ENSG00000151292
14175.0	0.0003	EPHA10	ENSG00000183317
14175.0	0.0003	KCNMB1	ENSG00000145936
14175.0	0.0003	SDAD1	ENSG00000198301
14175.0	0.0003	CCNB1IP1	ENSG00000100814
14175.0	0.0003	PGAM4	ENSG00000226784
14175.0	0.0003	SYCE1	ENSG00000171772
14175.0	0.0003	SPOPL	ENSG00000144228
14175.0	0.0003	SYCP1	ENSG00000198765
14175.0	0.0003	PARP4	ENSG00000102699
14175.0	0.0003	TDRD3	ENSG00000083544
14175.0	0.0003	FABP1	ENSG00000163586
14175.0	0.0003	NSA2	ENSG00000164346
14175.0	0.0003	SEPTIN11	ENSG00000138758
14175.0	0.0003	CACNG1	ENSG00000108878
14175.0	0.0003	TEX12	ENSG00000150783
14175.0	0.0003	CYP8B1	ENSG00000180432
14175.0	0.0003	CASP10	ENSG00000003400
14175.0	0.0003	ERG	ENSG00000157554
14175.0	0.0003	DACT1	ENSG00000165617
14175.0	0.0003	CACNG7	ENSG00000105605
14175.0	0.0003	CACNG3	ENSG00000006116
14175.0	0.0003	GZMK	ENSG00000113088
14175.0	0.0003	KPNA6	ENSG00000025800
14175.0	0.0003	TNFRSF9	ENSG00000049249
14175.0	0.0003	DUOXA1	ENSG00000140254
14175.0	0.0003	KPNA1	ENSG00000114030
14175.0	0.0003	CYP39A1	ENSG00000146233
14175.0	0.0003	MAP3K10	ENSG00000130758
14175.0	0.0003	SPECC1	ENSG00000128487
14175.0	0.0003	WASF2	ENSG00000158195
14175.0	0.0003	CDKN2B	ENSG00000147883
14175.0	0.0003	KPNA5	ENSG00000196911
14175.0	0.0003	TEAD3	ENSG00000007866
14175.0	0.0003	KLHL22	ENSG00000099910
14175.0	0.0003	KHDRBS3	ENSG00000131773
14175.0	0.0003	KDELR1	ENSG00000105438
14175.0	0.0003	PAK4	ENSG00000130669
14175.0	0.0003	CDKN2C	ENSG00000123080
14175.0	0.0003	NANOS1	ENSG00000188613
14175.0	0.0003	PEG3	ENSG00000198300
14175.0	0.0003	PXMP4	ENSG00000101417
14175.0	0.0003	MSN	ENSG00000147065
14175.0	0.0003	CATSPER2	ENSG00000166762
14175.0	0.0003	RRP12	ENSG00000052749
14175.0	0.0003	CACNG6	ENSG00000130433
14175.0	0.0003	PAK6	ENSG00000137843
14175.0	0.0003	ATP10B	ENSG00000118322
14175.0	0.0003	ATP10D	ENSG00000145246
14175.0	0.0003	NUP205	ENSG00000155561
14175.0	0.0003	PAK5	ENSG00000101349
14175.0	0.0003	ME1	ENSG00000065833
14175.0	0.0003	FOXA1	ENSG00000129514
14175.0	0.0003	SPAG6	ENSG00000077327
14175.0	0.0003	CATSPERB	ENSG00000133962
14175.0	0.0003	NRARP	ENSG00000198435
14175.0	0.0003	PPP1R27	ENSG00000182676
14175.0	0.0003	RASGRP1	ENSG00000172575
14175.0	0.0003	TGFBR1	ENSG00000106799
14175.0	0.0003	HDAC11	ENSG00000163517
14175.0	0.0003	DIXDC1	ENSG00000150764
14175.0	0.0003	NRIP1	ENSG00000180530
14175.0	0.0003	KLHL13	ENSG00000003096
14175.0	0.0003	PAPOLA	ENSG00000090060
14175.0	0.0003	MAPKAPK3	ENSG00000114738
14175.0	0.0003	PAPOLB	ENSG00000218823
14175.0	0.0003	CDKN2D	ENSG00000129355
14175.0	0.0003	MIEF2	ENSG00000177427
14175.0	0.0003	SDSL	ENSG00000139410
14175.0	0.0003	TYSND1	ENSG00000156521
14175.0	0.0003	KLHL21	ENSG00000162413
14175.0	0.0003	SKIC3	ENSG00000198677
14175.0	0.0003	UQCR10	ENSG00000184076
14175.0	0.0003	TEAD1	ENSG00000187079
14175.0	0.0003	MIB2	ENSG00000197530
14175.0	0.0003	KLHL9	ENSG00000198642
14175.0	0.0003	KLHL7	ENSG00000122550
14175.0	0.0003	KLHL12	ENSG00000117153
14175.0	0.0003	UBE2D4	ENSG00000078967
14175.0	0.0003	DMAC2L	ENSG00000125375
14175.0	0.0003	REPS2	ENSG00000169891
14175.0	0.0003	SELPLG	ENSG00000110876
14175.0	0.0003	DACH2	ENSG00000126733
14175.0	0.0003	MYH2	ENSG00000125414
14175.0	0.0003	RASGRP2	ENSG00000068831
14175.0	0.0003	GEMIN8	ENSG00000046647
14175.0	0.0003	CORO1B	ENSG00000172725
14175.0	0.0003	KCTD13	ENSG00000174943
14175.0	0.0003	RASGRP3	ENSG00000152689
14175.0	0.0003	MTX1	ENSG00000173171
14175.0	0.0003	CITED2	ENSG00000164442
14175.0	0.0003	ARHGAP35	ENSG00000160007
14175.0	0.0003	MYH1	ENSG00000109061
14175.0	0.0003	E2F2	ENSG00000007968
14175.0	0.0003	CTR9	ENSG00000198730
14175.0	0.0003	CDC73	ENSG00000134371
14175.0	0.0003	PIP5KL1	ENSG00000167103
14175.0	0.0003	PTGIS	ENSG00000124212
14175.0	0.0003	UQCRH	ENSG00000173660
14175.0	0.0003	KLHL8	ENSG00000145332
14175.0	0.0003	BRK1	ENSG00000254999
14175.0	0.0003	MYH4	ENSG00000264424
14175.0	0.0003	KLHL20	ENSG00000076321
14175.0	0.0003	MUC7	ENSG00000171195
14175.0	0.0003	GAL3ST2	ENSG00000154252
14175.0	0.0003	CCT3	ENSG00000163468
14175.0	0.0003	CSNK1G1	ENSG00000169118
14175.0	0.0003	GNL3	ENSG00000163938
14175.0	0.0003	KLHL3	ENSG00000146021
14175.0	0.0003	WDR5B	ENSG00000196981
14175.0	0.0003	IQGAP1	ENSG00000140575
14175.0	0.0003	ASPH	ENSG00000198363
14175.0	0.0003	PAPOLG	ENSG00000115421
14175.0	0.0003	GLIS3	ENSG00000107249
14175.0	0.0003	UBE2C	ENSG00000175063
14175.0	0.0003	KLHL42	ENSG00000087448
14175.0	0.0003	LAX1	ENSG00000122188
14175.0	0.0003	TNFAIP1	ENSG00000109079
14175.0	0.0003	UBXN2A	ENSG00000173960
14175.0	0.0003	POLL	ENSG00000166169
14175.0	0.0003	SUPT4H1	ENSG00000213246
14175.0	0.0003	PDZRN3	ENSG00000121440
14175.0	0.0003	RASGRP4	ENSG00000171777
14175.0	0.0003	HARS2	ENSG00000112855
14175.0	0.0003	KLHL25	ENSG00000183655
14175.0	0.0003	S100A13	ENSG00000189171
14175.0	0.0003	GATAD2A	ENSG00000167491
14175.0	0.0003	CATSPER3	ENSG00000152705
14175.0	0.0003	ZNF747	ENSG00000169955
14175.0	0.0003	EIF3J	ENSG00000104131
14175.0	0.0003	TCEA2	ENSG00000171703
14175.0	0.0003	PFDN4	ENSG00000101132
14175.0	0.0003	UBE2E3	ENSG00000170035
14175.0	0.0003	RFPL3	ENSG00000128276
14175.0	0.0003	B3GNT5	ENSG00000176597
14175.0	0.0003	GGH	ENSG00000137563
14175.0	0.0003	NELFB	ENSG00000188986
14175.0	0.0003	RBM4	ENSG00000173933
14175.0	0.0003	SNAP23	ENSG00000092531
14175.0	0.0003	SLAMF7	ENSG00000026751
14175.0	0.0003	NELFCD	ENSG00000101158
14175.0	0.0003	CCT7	ENSG00000135624
14175.0	0.0003	BCHE	ENSG00000114200
14175.0	0.0003	TAX1BP1	ENSG00000106052
14175.0	0.0003	FBLN2	ENSG00000163520
14175.0	0.0003	NTN1	ENSG00000065320
14175.0	0.0003	UBE2T	ENSG00000077152
14175.0	0.0003	TUSC2	ENSG00000114383
14175.0	0.0003	CRACR2A	ENSG00000130038
14175.0	0.0003	BCCIP	ENSG00000107949
14175.0	0.0003	REXO4	ENSG00000148300
14175.0	0.0003	AEN	ENSG00000181026
14175.0	0.0003	ISG20	ENSG00000172183
14175.0	0.0003	UBE2NL	ENSG00000102069
14175.0	0.0003	SKIC8	ENSG00000140395
14175.0	0.0003	SINHCAF	ENSG00000139146
14175.0	0.0003	SYNJ2BP	ENSG00000213463
14175.0	0.0003	WDR43	ENSG00000163811
14175.0	0.0003	CCT2	ENSG00000166226
14175.0	0.0003	ITGAV	ENSG00000138448
14175.0	0.0003	TFAP2A	ENSG00000137203
14175.0	0.0003	STON2	ENSG00000140022
14175.0	0.0003	CNIH1	ENSG00000100528
14175.0	0.0003	ELL3	ENSG00000128886
14175.0	0.0003	CATSPERG	ENSG00000099338
14175.0	0.0003	STRBP	ENSG00000165209
14175.0	0.0003	EPOR	ENSG00000187266
14175.0	0.0003	NUP62CL	ENSG00000198088
14175.0	0.0003	MUC13	ENSG00000173702
14175.0	0.0003	SERPINE2	ENSG00000135919
14175.0	0.0003	NELFE	ENSG00000204356
14175.0	0.0003	FOXO3	ENSG00000118689
14175.0	0.0003	CATSPER4	ENSG00000188782
14175.0	0.0003	ITGB8	ENSG00000105855
14175.0	0.0003	SLC16A10	ENSG00000112394
14175.0	0.0003	ENY2	ENSG00000120533
14175.0	0.0003	LRFN5	ENSG00000165379
14175.0	0.0003	HMG20B	ENSG00000064961
14175.0	0.0003	CATSPERD	ENSG00000174898
14175.0	0.0003	VAMP5	ENSG00000168899
14175.0	0.0003	AADAT	ENSG00000109576
14175.0	0.0003	CHFR	ENSG00000072609
14175.0	0.0003	PFDN2	ENSG00000143256
14175.0	0.0003	UBOX5	ENSG00000185019
14175.0	0.0003	GGT6	ENSG00000167741
14175.0	0.0003	RPS2	ENSG00000140988
14175.0	0.0003	ITGA5	ENSG00000161638
14175.0	0.0003	RNF40	ENSG00000103549
14175.0	0.0003	TXNDC2	ENSG00000168454
14175.0	0.0003	HAS1	ENSG00000105509
14175.0	0.0003	RNFT1	ENSG00000189050
14175.0	0.0003	RNF145	ENSG00000145860
14175.0	0.0003	RNFT2	ENSG00000135119
14175.0	0.0003	ITGA9	ENSG00000144668
14175.0	0.0003	ITGA8	ENSG00000077943
14175.0	0.0003	MS4A13	ENSG00000204979
14175.0	0.0003	GSTP1	ENSG00000084207
14175.0	0.0003	TBPL1	ENSG00000028839
14175.0	0.0003	CCT6A	ENSG00000146731
14175.0	0.0003	RSAD2	ENSG00000134321
14175.0	0.0003	C1GALT1	ENSG00000106392
14175.0	0.0003	GGT5	ENSG00000099998
14175.0	0.0003	POTEI	ENSG00000196834
14175.0	0.0003	WDR75	ENSG00000115368
14175.0	0.0003	F2R	ENSG00000181104
14175.0	0.0003	ATP11B	ENSG00000058063
14175.0	0.0003	ADD1	ENSG00000087274
14175.0	0.0003	GGT7	ENSG00000131067
14175.0	0.0003	PPP2R2A	ENSG00000221914
14175.0	0.0003	FBXW4	ENSG00000107829
14175.0	0.0003	GPX7	ENSG00000116157
14175.0	0.0003	FRMPD2	ENSG00000170324
14175.0	0.0003	MESP2	ENSG00000188095
14175.0	0.0003	ID2	ENSG00000115738
14175.0	0.0003	MAFA	ENSG00000182759
14175.0	0.0003	ANGPT2	ENSG00000091879
14175.0	0.0003	MUC12	ENSG00000205277
14175.0	0.0003	MUC6	ENSG00000184956
14175.0	0.0003	CALD1	ENSG00000122786
14175.0	0.0003	MUC4	ENSG00000145113
14175.0	0.0003	EXD2	ENSG00000081177
14175.0	0.0003	PPP2R2C	ENSG00000074211
14175.0	0.0003	ADAMTS12	ENSG00000151388
14175.0	0.0003	SLC27A6	ENSG00000113396
14175.0	0.0003	MUC16	ENSG00000181143
14175.0	0.0003	MUC17	ENSG00000169876
14175.0	0.0003	CCT8	ENSG00000156261
14175.0	0.0003	SAC3D1	ENSG00000168061
14175.0	0.0003	MUC20	ENSG00000176945
14175.0	0.0003	GALNT12	ENSG00000119514
14175.0	0.0003	MUC15	ENSG00000169550
14175.0	0.0003	DDX56	ENSG00000136271
14175.0	0.0003	CCL22	ENSG00000102962
14175.0	0.0003	GALNT7	ENSG00000109586
14175.0	0.0003	SNRPC	ENSG00000124562
14175.0	0.0003	PUS10	ENSG00000162927
14175.0	0.0003	MUCL1	ENSG00000172551
14175.0	0.0003	GALNT11	ENSG00000178234
14175.0	0.0003	PPP2R3A	ENSG00000073711
14175.0	0.0003	NHEJ1	ENSG00000187736
14175.0	0.0003	UBL7	ENSG00000138629
14175.0	0.0003	ADH7	ENSG00000196344
14175.0	0.0003	WDR59	ENSG00000103091
14175.0	0.0003	DLL3	ENSG00000090932
14175.0	0.0003	POU2AF1	ENSG00000110777
14175.0	0.0003	PRMT2	ENSG00000160310
14175.0	0.0003	RDH16	ENSG00000139547
14175.0	0.0003	ADH5	ENSG00000197894
14175.0	0.0003	GALNT5	ENSG00000136542
14175.0	0.0003	ADH1B	ENSG00000196616
14175.0	0.0003	ADH4	ENSG00000198099
14175.0	0.0003	ITIH4	ENSG00000055955
14175.0	0.0003	EEF1A1	ENSG00000156508
14175.0	0.0003	GNRH2	ENSG00000125787
14175.0	0.0003	FHL3	ENSG00000183386
14175.0	0.0003	FANCC	ENSG00000158169
14175.0	0.0003	GALNT15	ENSG00000131386
14175.0	0.0003	SF3A1	ENSG00000099995
14175.0	0.0003	VSNL1	ENSG00000163032
14175.0	0.0003	ADH1A	ENSG00000187758
14175.0	0.0003	PPP2R3B	ENSG00000167393
14175.0	0.0003	DMP1	ENSG00000152592
14175.0	0.0003	ADH6	ENSG00000172955
14175.0	0.0003	ZFAND1	ENSG00000104231
14175.0	0.0003	RNASEL	ENSG00000135828
14175.0	0.0003	FANCA	ENSG00000187741
14175.0	0.0003	FANCB	ENSG00000181544
14175.0	0.0003	FANCD2	ENSG00000144554
14175.0	0.0003	FANCE	ENSG00000112039
14175.0	0.0003	FANCI	ENSG00000140525
14175.0	0.0003	FANCL	ENSG00000115392
14175.0	0.0003	MAD2L2	ENSG00000116670
14175.0	0.0003	PALB2	ENSG00000083093
14175.0	0.0003	RAD51C	ENSG00000108384
14175.0	0.0003	RFWD3	ENSG00000168411
14175.0	0.0003	SLX4	ENSG00000188827
14175.0	0.0003	XRCC2	ENSG00000196584
14175.0	0.0003	H2BC11	ENSG00000124635
14175.0	0.0003	NANOS3	ENSG00000187556
14175.0	0.0003	MBD6	ENSG00000166987
14175.0	0.0003	CBFA2T2	ENSG00000078699
14175.0	0.0003	H2BC14	ENSG00000196374
14175.0	0.0003	TTC13	ENSG00000143643
14175.0	0.0003	POTEF	ENSG00000196604
14175.0	0.0003	HOXA13	ENSG00000106031
14175.0	0.0003	RFPL1	ENSG00000128250
14175.0	0.0003	AHCYL1	ENSG00000168710
14175.0	0.0003	POTEJ	ENSG00000222038
14175.0	0.0003	POTEE	ENSG00000188219
14175.0	0.0003	CETN3	ENSG00000153140
14175.0	0.0003	RP1	ENSG00000104237
14175.0	0.0003	DBN1	ENSG00000113758
14175.0	0.0003	CAVIN3	ENSG00000170955
14175.0	0.0003	AHCYL2	ENSG00000158467
14175.0	0.0003	NUMBL	ENSG00000105245
14175.0	0.0003	PPP2R5A	ENSG00000066027
14175.0	0.0003	CST7	ENSG00000077984
14175.0	0.0003	KIFC3	ENSG00000140859
14175.0	0.0003	SESN3	ENSG00000149212
14175.0	0.0003	HES7	ENSG00000179111
14175.0	0.0003	CGN	ENSG00000143375
14175.0	0.0003	PPP2R5C	ENSG00000078304
14175.0	0.0003	ZC3H8	ENSG00000144161
14175.0	0.0003	ZC3H4	ENSG00000130749
14175.0	0.0003	SDR16C5	ENSG00000170786
14175.0	0.0003	CPSF4L	ENSG00000187959
14175.0	0.0003	U2SURP	ENSG00000163714
14175.0	0.0003	KIF25	ENSG00000125337
14175.0	0.0003	GPX5	ENSG00000224586
14175.0	0.0003	KIFC2	ENSG00000167702
14175.0	0.0003	NLRP3	ENSG00000162711
14175.0	0.0003	GCNT1	ENSG00000187210
14175.0	0.0003	LPPR5	ENSG00000117598
14175.0	0.0003	CHP2	ENSG00000166869
14175.0	0.0003	BRD3	ENSG00000169925
14175.0	0.0003	SDR9C7	ENSG00000170426
14175.0	0.0003	TESC	ENSG00000088992
14175.0	0.0003	AK8	ENSG00000165695
14175.0	0.0003	FETUB	ENSG00000090512
14175.0	0.0003	TPH1	ENSG00000129167
14175.0	0.0003	NHERF4	ENSG00000172367
14175.0	0.0003	STK35	ENSG00000125834
14175.0	0.0003	TRDN	ENSG00000186439
14175.0	0.0003	PYGO2	ENSG00000163348
14175.0	0.0003	VAMP3	ENSG00000049245
14175.0	0.0003	AK1	ENSG00000106992
14175.0	0.0003	TOMM20L	ENSG00000196860
14175.0	0.0003	DHX15	ENSG00000109606
14175.0	0.0003	PLB1	ENSG00000163803
14175.0	0.0003	TGFBR3	ENSG00000069702
14175.0	0.0003	ADAM12	ENSG00000148848
14175.0	0.0003	DTX1	ENSG00000135144
14175.0	0.0003	LBX1	ENSG00000138136
14175.0	0.0003	RO60	ENSG00000116747
14175.0	0.0003	ITLN1	ENSG00000179914
14175.0	0.0003	NEURL1B	ENSG00000214357
14175.0	0.0003	PDIK1L	ENSG00000175087
14175.0	0.0003	PLAAT3	ENSG00000176485
14175.0	0.0003	DDO	ENSG00000203797
14175.0	0.0003	RAB11FIP4	ENSG00000131242
14175.0	0.0003	GPX2	ENSG00000176153
14175.0	0.0003	NCR2	ENSG00000096264
14175.0	0.0003	TPCN2	ENSG00000162341
14175.0	0.0003	GMPR	ENSG00000137198
14175.0	0.0003	GMPR2	ENSG00000100938
14175.0	0.0003	MYO18B	ENSG00000133454
14175.0	0.0003	GPSM2	ENSG00000121957
14175.0	0.0003	RECQL4	ENSG00000160957
14175.0	0.0003	PPP2R5B	ENSG00000068971
14175.0	0.0003	PFN2	ENSG00000070087
14175.0	0.0003	PPP2R5E	ENSG00000154001
14175.0	0.0003	ATP2A3	ENSG00000074370
14175.0	0.0003	HRH2	ENSG00000113749
14175.0	0.0003	MRTO4	ENSG00000053372
14175.0	0.0003	OTX1	ENSG00000115507
14175.0	0.0003	PFN4	ENSG00000176732
14175.0	0.0003	DMXL1	ENSG00000172869
14175.0	0.0003	AK4	ENSG00000162433
14175.0	0.0003	SUDS3	ENSG00000111707
14175.0	0.0003	TET2	ENSG00000168769
14175.0	0.0003	GPX6	ENSG00000198704
14175.0	0.0003	MYBL2	ENSG00000101057
14175.0	0.0003	HES4	ENSG00000188290
14175.0	0.0003	DHX9	ENSG00000135829
14175.0	0.0003	MYBL1	ENSG00000185697
14175.0	0.0003	MMP19	ENSG00000123342
14175.0	0.0003	ENTPD4	ENSG00000197217
14175.0	0.0003	ALDH1L2	ENSG00000136010
14175.0	0.0003	HSD17B1	ENSG00000108786
14175.0	0.0003	GDF1	ENSG00000130283
14175.0	0.0003	NUAK1	ENSG00000074590
14175.0	0.0003	BSPRY	ENSG00000119411
14175.0	0.0003	CFLAR	ENSG00000003402
14175.0	0.0003	ENTPD6	ENSG00000197586
14175.0	0.0003	ENTPD5	ENSG00000187097
14175.0	0.0003	AMPD3	ENSG00000133805
14175.0	0.0003	AK7	ENSG00000140057
14175.0	0.0003	GTF3C3	ENSG00000119041
14175.0	0.0003	BLOC1S3	ENSG00000189114
14175.0	0.0003	TUBA3D	ENSG00000075886
14175.0	0.0003	CACNG5	ENSG00000075429
14175.0	0.0003	UQCR11	ENSG00000127540
14175.0	0.0003	BHMT2	ENSG00000132840
14175.0	0.0003	APLP2	ENSG00000084234
14175.0	0.0003	FPGS	ENSG00000136877
14175.0	0.0003	AK5	ENSG00000154027
14175.0	0.0003	MERTK	ENSG00000153208
14175.0	0.0003	PROS1	ENSG00000184500
14175.0	0.0003	NEURL1	ENSG00000107954
14175.0	0.0003	BLOC1S1	ENSG00000135441
14175.0	0.0003	COX7A2L	ENSG00000115944
14175.0	0.0003	PDE1A	ENSG00000115252
14175.0	0.0003	PDE11A	ENSG00000128655
14175.0	0.0003	FOXD3	ENSG00000187140
14175.0	0.0003	BLOC1S4	ENSG00000186222
14175.0	0.0003	NOL10	ENSG00000115761
14175.0	0.0003	GNAT1	ENSG00000114349
14175.0	0.0003	PDE3A	ENSG00000172572
14175.0	0.0003	PDE1C	ENSG00000154678
14175.0	0.0003	CD5	ENSG00000110448
14175.0	0.0003	TRPM5	ENSG00000070985
14175.0	0.0003	COMMD9	ENSG00000110442
14175.0	0.0003	IDO1	ENSG00000131203
14175.0	0.0003	CAMSAP3	ENSG00000076826
14175.0	0.0003	EPN2	ENSG00000072134
14175.0	0.0003	GDI2	ENSG00000057608
14175.0	0.0003	EPN3	ENSG00000049283
14175.0	0.0003	DDX52	ENSG00000141141
14175.0	0.0003	KLRK1	ENSG00000213809
14175.0	0.0003	IDO2	ENSG00000188676
14175.0	0.0003	H2BC3	ENSG00000196226
14175.0	0.0003	CACNG4	ENSG00000075461
14175.0	0.0003	NAP1L1	ENSG00000187109
14175.0	0.0003	BCL9L	ENSG00000186174
14175.0	0.0003	LAMA3	ENSG00000053747
14175.0	0.0003	LAMB3	ENSG00000196878
14175.0	0.0003	RAB11FIP2	ENSG00000107560
14175.0	0.0003	EDARADD	ENSG00000186197
14175.0	0.0003	TRIM44	ENSG00000166326
14175.0	0.0003	TXNDC5	ENSG00000239264
14175.0	0.0003	IGFN1	ENSG00000163395
14175.0	0.0003	AVL9	ENSG00000105778
14175.0	0.0003	OXTR	ENSG00000180914
14175.0	0.0003	B3GNT7	ENSG00000156966
14175.0	0.0003	PREB	ENSG00000138073
14175.0	0.0003	FBLN1	ENSG00000077942
14175.0	0.0003	NCKAP1L	ENSG00000123338
14175.0	0.0003	LPCAT4	ENSG00000176454
14175.0	0.0003	B3GNT8	ENSG00000177191
14175.0	0.0003	PATL1	ENSG00000166889
14175.0	0.0003	NKX3-2	ENSG00000109705
14175.0	0.0003	ACE2	ENSG00000130234
14175.0	0.0003	PPAT	ENSG00000128059
14175.0	0.0003	LPCAT1	ENSG00000153395
14175.0	0.0003	PTMA	ENSG00000187514
14175.0	0.0003	SESN1	ENSG00000080546
14175.0	0.0003	MMP15	ENSG00000102996
14175.0	0.0003	EBAG9	ENSG00000147654
14175.0	0.0003	FGF3	ENSG00000186895
14175.0	0.0003	TRPC7	ENSG00000069018
14175.0	0.0003	ZAP70	ENSG00000115085
14175.0	0.0003	LPCAT2	ENSG00000087253
14175.0	0.0003	DIMT1	ENSG00000086189
14175.0	0.0003	ACTA2	ENSG00000107796
14175.0	0.0003	EXOC4	ENSG00000131558
14175.0	0.0003	HSFY2	ENSG00000169953
14175.0	0.0003	WDR31	ENSG00000148225
14175.0	0.0003	ILF2	ENSG00000143621
14175.0	0.0003	C1QTNF3	ENSG00000082196
14175.0	0.0003	H2BC13	ENSG00000185130
14175.0	0.0003	CD19	ENSG00000177455
14175.0	0.0003	FBXW10	ENSG00000171931
14175.0	0.0003	ORMDL1	ENSG00000128699
14175.0	0.0003	VMP1	ENSG00000062716
14175.0	0.0003	TMSB4X	ENSG00000205542
14175.0	0.0003	TMSB4Y	ENSG00000154620
14175.0	0.0003	PLA2G4F	ENSG00000168907
14175.0	0.0003	INO80	ENSG00000128908
14175.0	0.0003	USP53	ENSG00000145390
14175.0	0.0003	CD300E	ENSG00000186407
14175.0	0.0003	EHD1	ENSG00000110047
14175.0	0.0003	MAP4K1	ENSG00000104814
14175.0	0.0003	RIPK2	ENSG00000104312
14175.0	0.0003	CDAN1	ENSG00000140326
14175.0	0.0003	ACTC1	ENSG00000159251
14175.0	0.0003	RETREG1	ENSG00000154153
14175.0	0.0003	PLA2G4D	ENSG00000159337
14175.0	0.0003	ACTG2	ENSG00000163017
14175.0	0.0003	FOSL1	ENSG00000175592
14175.0	0.0003	STAT5B	ENSG00000173757
14175.0	0.0003	ZFPM2	ENSG00000169946
14175.0	0.0003	OTUB2	ENSG00000089723
14175.0	0.0003	H2AC16	ENSG00000198374
14175.0	0.0003	STX10	ENSG00000104915
14175.0	0.0003	EDC3	ENSG00000179151
14175.0	0.0003	SMOC1	ENSG00000198732
14175.0	0.0003	H2AC15	ENSG00000184348
14175.0	0.0003	WDR38	ENSG00000136918
14175.0	0.0003	CASP7	ENSG00000165806
14175.0	0.0003	SIRT2	ENSG00000068903
14175.0	0.0003	PLA2G4C	ENSG00000105499
14175.0	0.0003	CD300LB	ENSG00000178789
14175.0	0.0003	PLA2G4E	ENSG00000188089
14175.0	0.0003	H2BC10	ENSG00000168242
14175.0	0.0003	FTMT	ENSG00000181867
14175.0	0.0003	ACTBL2	ENSG00000169067
14175.0	0.0003	H4C8	ENSG00000158406
14175.0	0.0003	H4C4	ENSG00000188987
14175.0	0.0003	H2BC7	ENSG00000197846
14175.0	0.0003	EXOC6	ENSG00000138190
14175.0	0.0003	HEPH	ENSG00000089472
14175.0	0.0003	H3-5	ENSG00000188375
14175.0	0.0003	H2BC6	ENSG00000197697
14175.0	0.0003	ME3	ENSG00000151376
14175.0	0.0003	H2AC13	ENSG00000196747
14175.0	0.0003	CAPRIN1	ENSG00000135387
14175.0	0.0003	CSRP3	ENSG00000129170
14175.0	0.0003	WASF3	ENSG00000132970
14175.0	0.0003	GPX8	ENSG00000164294
14175.0	0.0003	ACTR5	ENSG00000101442
14175.0	0.0003	H2BC12	ENSG00000197903
14175.0	0.0003	H2BC8	ENSG00000187990
14175.0	0.0003	ADAL	ENSG00000168803
14175.0	0.0003	PDE7A	ENSG00000205268
14175.0	0.0003	PDE7B	ENSG00000171408
14175.0	0.0003	ZFYVE1	ENSG00000165861
14175.0	0.0003	H2BC5	ENSG00000158373
14175.0	0.0003	SKIC2	ENSG00000204351
14175.0	0.0003	PLA2G2F	ENSG00000158786
14175.0	0.0003	RPLP0	ENSG00000089157
14175.0	0.0003	IKBKB	ENSG00000104365
14175.0	0.0003	H2AC11	ENSG00000196787
14175.0	0.0003	EXOC1	ENSG00000090989
14175.0	0.0003	NID2	ENSG00000087303
14175.0	0.0003	H2AC17	ENSG00000233224
14175.0	0.0003	WSB2	ENSG00000176871
14175.0	0.0003	CFAP52	ENSG00000166596
14175.0	0.0003	STAT5A	ENSG00000126561
14175.0	0.0003	H2BC15	ENSG00000233822
14175.0	0.0003	ATP4A	ENSG00000105675
14175.0	0.0003	PLA2G2A	ENSG00000188257
14175.0	0.0003	MBOAT1	ENSG00000172197
14175.0	0.0003	RORC	ENSG00000143365
14175.0	0.0003	H2BC9	ENSG00000197459
14175.0	0.0003	MTFP1	ENSG00000242114
14175.0	0.0003	ME2	ENSG00000082212
14175.0	0.0003	PYCR3	ENSG00000104524
14175.0	0.0003	NR1D2	ENSG00000174738
14175.0	0.0003	WDR88	ENSG00000166359
14175.0	0.0003	TENT2	ENSG00000164329
14175.0	0.0003	METTL6	ENSG00000206562
14175.0	0.0003	JMJD8	ENSG00000161999
14175.0	0.0003	ATP2C1	ENSG00000017260
14175.0	0.0003	SLC9C1	ENSG00000172139
14175.0	0.0003	NOB1	ENSG00000141101
14175.0	0.0003	MCM2	ENSG00000073111
14175.0	0.0003	RANBP1	ENSG00000099901
14175.0	0.0003	CENPA	ENSG00000115163
14175.0	0.0003	MBOAT2	ENSG00000143797
14175.0	0.0003	CLEC5A	ENSG00000258227
14175.0	0.0003	ACTR1A	ENSG00000138107
14175.0	0.0003	RPL3	ENSG00000100316
14175.0	0.0003	PCTP	ENSG00000141179
14175.0	0.0003	DYNC1LI2	ENSG00000135720
14175.0	0.0003	APLF	ENSG00000169621
14175.0	0.0003	NR1D1	ENSG00000126368
14175.0	0.0003	TIGAR	ENSG00000078237
14175.0	0.0003	MLLT1	ENSG00000130382
14175.0	0.0003	METTL2B	ENSG00000165055
14175.0	0.0003	OPN4	ENSG00000122375
14175.0	0.0003	PLA2G10	ENSG00000069764
14175.0	0.0003	AOC3	ENSG00000131471
14175.0	0.0003	TRPM8	ENSG00000144481
14175.0	0.0003	H2BC1	ENSG00000146047
14175.0	0.0003	GRAP	ENSG00000154016
14175.0	0.0003	MRC1	ENSG00000120586
14175.0	0.0003	ELFN2	ENSG00000166897
14175.0	0.0003	PLA2G12A	ENSG00000123739
14175.0	0.0003	WASL	ENSG00000106299
14175.0	0.0003	DCP1B	ENSG00000151065
14175.0	0.0003	NOC3L	ENSG00000173145
14175.0	0.0003	H2AC8	ENSG00000168274
14175.0	0.0003	AOC2	ENSG00000131480
14175.0	0.0003	CABP1	ENSG00000157782
14175.0	0.0003	SLC6A16	ENSG00000063127
14175.0	0.0003	TTC9C	ENSG00000162222
14175.0	0.0003	SV2C	ENSG00000122012
14175.0	0.0003	RPL3L	ENSG00000140986
14175.0	0.0003	ERAS	ENSG00000187682
14175.0	0.0003	NUDT16	ENSG00000198585
14175.0	0.0003	AOC1	ENSG00000002726
14175.0	0.0003	RPS6KA2	ENSG00000071242
14175.0	0.0003	GNB1L	ENSG00000185838
14175.0	0.0003	ARL6IP1	ENSG00000170540
14175.0	0.0003	IPO5	ENSG00000065150
14175.0	0.0003	USP17L2	ENSG00000223443
14175.0	0.0003	IL21R	ENSG00000103522
14175.0	0.0003	DSPP	ENSG00000152591
14175.0	0.0003	ID3	ENSG00000117318
14175.0	0.0003	DNAJB2	ENSG00000135924
14175.0	0.0003	LACRT	ENSG00000135413
14175.0	0.0003	VAV1	ENSG00000141968
14175.0	0.0003	TMEM9	ENSG00000116857
14175.0	0.0003	PLA2G12B	ENSG00000138308
14175.0	0.0003	ACOT12	ENSG00000172497
14175.0	0.0003	AFMID	ENSG00000183077
14175.0	0.0003	PLA2G2E	ENSG00000188784
14175.0	0.0003	PLA2G3	ENSG00000100078
14175.0	0.0003	RAB11FIP5	ENSG00000135631
14175.0	0.0003	ZRANB2	ENSG00000132485
14175.0	0.0003	HOXA4	ENSG00000197576
14175.0	0.0003	RCC1	ENSG00000180198
14175.0	0.0003	HOXC4	ENSG00000198353
14175.0	0.0003	HFM1	ENSG00000162669
14175.0	0.0003	ATP5MJ	ENSG00000156411
14175.0	0.0003	DGAT2	ENSG00000062282
14175.0	0.0003	RILP	ENSG00000167705
14175.0	0.0003	CYP1B1	ENSG00000138061
14175.0	0.0003	WWC1	ENSG00000113645
14175.0	0.0003	PLA2G5	ENSG00000127472
14175.0	0.0003	PLD4	ENSG00000166428
14175.0	0.0003	TKTL1	ENSG00000007350
14175.0	0.0003	MOGAT3	ENSG00000106384
14175.0	0.0003	PLA2G1B	ENSG00000170890
14175.0	0.0003	ECH1	ENSG00000104823
14175.0	0.0003	SULT1E1	ENSG00000109193
14175.0	0.0003	SWSAP1	ENSG00000173928
14175.0	0.0003	RBM15	ENSG00000162775
14175.0	0.0003	ORMDL2	ENSG00000123353
14175.0	0.0003	SLC5A8	ENSG00000256870
14175.0	0.0003	SLC5A12	ENSG00000148942
14175.0	0.0003	CETN2	ENSG00000147400
14175.0	0.0003	NPTN	ENSG00000156642
14175.0	0.0003	KLHL2	ENSG00000109466
14175.0	0.0003	LRRC26	ENSG00000184709
14175.0	0.0003	PLA2G2C	ENSG00000187980
14175.0	0.0003	H2AC1	ENSG00000164508
14175.0	0.0003	ROS1	ENSG00000047936
14175.0	0.0003	FBXO47	ENSG00000204952
14175.0	0.0003	PRKCI	ENSG00000163558
14175.0	0.0003	H2AC4	ENSG00000137259
14175.0	0.0003	NCK1	ENSG00000158092
14175.0	0.0003	SLC27A4	ENSG00000167114
14175.0	0.0003	PARD6A	ENSG00000102981
14175.0	0.0003	TCERG1	ENSG00000113649
14175.0	0.0003	ATP23	ENSG00000166896
14175.0	0.0003	DNTTIP2	ENSG00000067334
14175.0	0.0003	STON1	ENSG00000243244
14175.0	0.0003	CTNNBIP1	ENSG00000178585
14175.0	0.0003	STXBP3	ENSG00000116266
14175.0	0.0003	TNKS	ENSG00000173273
14175.0	0.0003	TRIM13	ENSG00000204977
14175.0	0.0003	NDUFAB1	ENSG00000004779
14175.0	0.0003	NR6A1	ENSG00000148200
14175.0	0.0003	ARF3	ENSG00000134287
14175.0	0.0003	SLC38A2	ENSG00000134294
14175.0	0.0003	SRGAP3	ENSG00000196220
14175.0	0.0003	NPHS2	ENSG00000116218
14175.0	0.0003	LSM14A	ENSG00000257103
14175.0	0.0003	CEP55	ENSG00000138180
14175.0	0.0003	NPM3	ENSG00000107833
14175.0	0.0003	FCF1	ENSG00000119616
14175.0	0.0003	CCDC102A	ENSG00000135736
14175.0	0.0003	STK4	ENSG00000101109
14175.0	0.0003	ST20-MTHFS	ENSG00000259332
14175.0	0.0003	NRBP1	ENSG00000115216
14175.0	0.0003	MFNG	ENSG00000100060
14175.0	0.0003	GRAPL	ENSG00000189152
14175.0	0.0003	H2BC26	ENSG00000196890
14175.0	0.0003	RAB11FIP1	ENSG00000156675
14175.0	0.0003	ATP5MGL	ENSG00000249222
14175.0	0.0003	STON1-GTF2A1L	ENSG00000068781
14175.0	0.0003	KYAT1	ENSG00000171097
14175.0	0.0003	H2BC17	ENSG00000196331
14175.0	0.0003	MYOZ2	ENSG00000172399
14175.0	0.0003	MRPL50	ENSG00000136897
14175.0	0.0003	BIN3	ENSG00000147439
14175.0	0.0003	MIPOL1	ENSG00000151338
14175.0	0.0003	SEC16A	ENSG00000148396
14175.0	0.0003	NDUFB6	ENSG00000165264
14175.0	0.0003	H2AC18	ENSG00000183558
14175.0	0.0003	LRP1	ENSG00000123384
14175.0	0.0003	RSL24D1	ENSG00000137876
14175.0	0.0003	MORF4L2	ENSG00000123562
14175.0	0.0003	NDUFV3	ENSG00000160194
14175.0	0.0003	ATP1B4	ENSG00000101892
14175.0	0.0003	MOSPD3	ENSG00000106330
14175.0	0.0003	ZNF706	ENSG00000120963
14175.0	0.0003	NDUFA5	ENSG00000128609
14175.0	0.0003	TGFB2	ENSG00000092969
14175.0	0.0003	LDHAL6B	ENSG00000171989
14175.0	0.0003	SLC28A2	ENSG00000137860
14175.0	0.0003	GSTT1	ENSG00000184674
14175.0	0.0003	LRRTM4	ENSG00000176204
14175.0	0.0003	NDUFB5	ENSG00000136521
14175.0	0.0003	FLNC	ENSG00000128591
14175.0	0.0003	AGPAT4	ENSG00000026652
14175.0	0.0003	SLC38A1	ENSG00000111371
14175.0	0.0003	TBX18	ENSG00000112837
14175.0	0.0003	GSTM2	ENSG00000213366
14175.0	0.0003	YY2	ENSG00000230797
14175.0	0.0003	IRAG1	ENSG00000072952
14175.0	0.0003	CNTFR	ENSG00000122756
14175.0	0.0003	LDHAL6A	ENSG00000166800
14175.0	0.0003	PTHLH	ENSG00000087494
14175.0	0.0003	POFUT1	ENSG00000101346
14175.0	0.0003	RPS3A	ENSG00000145425
14175.0	0.0003	ERI3	ENSG00000117419
14175.0	0.0003	LCLAT1	ENSG00000172954
14175.0	0.0003	H2AC6	ENSG00000180573
14175.0	0.0003	CLEC12A	ENSG00000172322
14175.0	0.0003	NDUFB7	ENSG00000099795
14175.0	0.0003	HMGB1	ENSG00000189403
14175.0	0.0003	GSTM1	ENSG00000134184
14175.0	0.0003	NR4A1	ENSG00000123358
14175.0	0.0003	MTX3	ENSG00000177034
14175.0	0.0003	SNX30	ENSG00000148158
14175.0	0.0003	GSTM3	ENSG00000134202
14175.0	0.0003	EXOC3	ENSG00000180104
14175.0	0.0003	ACTR1B	ENSG00000115073
14175.0	0.0003	MAK16	ENSG00000198042
14175.0	0.0003	AGPAT3	ENSG00000160216
14175.0	0.0003	SERBP1	ENSG00000142864
14175.0	0.0003	H2AC14	ENSG00000182611
14175.0	0.0003	NMRAL1	ENSG00000153406
14175.0	0.0003	MST1	ENSG00000173531
14175.0	0.0003	S100G	ENSG00000169906
14175.0	0.0003	NR2C1	ENSG00000120798
14175.0	0.0003	ATOH7	ENSG00000179774
14175.0	0.0003	NINJ1	ENSG00000131669
14175.0	0.0003	P2RY1	ENSG00000169860
14175.0	0.0003	SLC4A4	ENSG00000080493
14175.0	0.0003	NR2C2	ENSG00000177463
14175.0	0.0003	GSTA2	ENSG00000244067
14175.0	0.0003	SRXN1	ENSG00000271303
14175.0	0.0003	CHST5	ENSG00000135702
14175.0	0.0003	ESRRA	ENSG00000173153
14175.0	0.0003	CD7	ENSG00000173762
14175.0	0.0003	CPEB2	ENSG00000137449
14175.0	0.0003	LSM14B	ENSG00000149657
14175.0	0.0003	WDR83OS	ENSG00000105583
14175.0	0.0003	ESRRG	ENSG00000196482
14175.0	0.0003	ADM2	ENSG00000128165
14175.0	0.0003	CD34	ENSG00000174059
14175.0	0.0003	GSTT2	ENSG00000099984
14175.0	0.0003	GSTO1	ENSG00000148834
14175.0	0.0003	MGST3	ENSG00000143198
14175.0	0.0003	NR2F6	ENSG00000160113
14175.0	0.0003	ESRRB	ENSG00000119715
14175.0	0.0003	GSTA4	ENSG00000170899
14175.0	0.0003	PRKCSH	ENSG00000130175
14175.0	0.0003	TALDO1	ENSG00000177156
14175.0	0.0003	KYAT3	ENSG00000137944
14175.0	0.0003	H2AC7	ENSG00000196866
14175.0	0.0003	MSC	ENSG00000178860
14175.0	0.0003	NOSTRIN	ENSG00000163072
14175.0	0.0003	CDC25A	ENSG00000164045
14175.0	0.0003	CHST6	ENSG00000183196
14175.0	0.0003	SESN2	ENSG00000130766
14175.0	0.0003	PPARD	ENSG00000112033
14175.0	0.0003	CSNK1E	ENSG00000213923
14175.0	0.0003	CD22	ENSG00000012124
14175.0	0.0003	CHST2	ENSG00000175040
14175.0	0.0003	RARG	ENSG00000172819
14175.0	0.0003	ELL2	ENSG00000118985
14175.0	0.0003	GSTA3	ENSG00000174156
14175.0	0.0003	NDUFB2	ENSG00000090266
14175.0	0.0003	EXOC6B	ENSG00000144036
14175.0	0.0003	NDUFS5	ENSG00000168653
14175.0	0.0003	NDUFB4	ENSG00000065518
14175.0	0.0003	MGST1	ENSG00000008394
14175.0	0.0003	IRF2	ENSG00000168310
14175.0	0.0003	GSTM4	ENSG00000168765
14175.0	0.0003	GPR39	ENSG00000183840
14175.0	0.0003	DUOX1	ENSG00000137857
14175.0	0.0003	DYNLL2	ENSG00000264364
14175.0	0.0003	NDUFC1	ENSG00000109390
14175.0	0.0003	TTF2	ENSG00000116830
14175.0	0.0003	GSTO2	ENSG00000065621
14175.0	0.0003	DIAPH3	ENSG00000139734
14175.0	0.0003	DYRK4	ENSG00000010219
14175.0	0.0003	ACP1	ENSG00000143727
14175.0	0.0003	TAS2R10	ENSG00000121318
14175.0	0.0003	MEF2D	ENSG00000116604
14175.0	0.0003	DDX27	ENSG00000124228
14175.0	0.0003	IRF1	ENSG00000125347
14175.0	0.0003	LSM7	ENSG00000130332
14175.0	0.0003	CHGB	ENSG00000089199
14175.0	0.0003	GSTA5	ENSG00000182793
14175.0	0.0003	KCTD1	ENSG00000134504
14175.0	0.0003	GTF3A	ENSG00000122034
14175.0	0.0003	TAF1C	ENSG00000103168
14175.0	0.0003	SIRPB1	ENSG00000101307
14175.0	0.0003	NR2C2AP	ENSG00000184162
14175.0	0.0003	PTN	ENSG00000105894
14175.0	0.0003	NUFIP1	ENSG00000083635
14175.0	0.0003	MRPL15	ENSG00000137547
14175.0	0.0003	OTUD4	ENSG00000164164
14175.0	0.0003	MIOX	ENSG00000100253
14175.0	0.0003	TP73	ENSG00000078900
14175.0	0.0003	NDUFB1	ENSG00000183648
14175.0	0.0003	RHOBTB1	ENSG00000072422
14175.0	0.0003	VANGL2	ENSG00000162738
14175.0	0.0003	DCTN3	ENSG00000137100
14175.0	0.0003	GSTM5	ENSG00000134201
14175.0	0.0003	H2AC25	ENSG00000181218
14175.0	0.0003	SRSF1	ENSG00000136450
14175.0	0.0003	B3GALT1	ENSG00000172318
14175.0	0.0003	NLRP12	ENSG00000142405
14175.0	0.0003	SRP54	ENSG00000100883
14175.0	0.0003	SELT	ENSG00000198843
14175.0	0.0003	RHOQ	ENSG00000119729
14175.0	0.0003	MPP3	ENSG00000161647
14175.0	0.0003	MGST2	ENSG00000085871
14175.0	0.0003	RHOU	ENSG00000116574
14175.0	0.0003	RHOD	ENSG00000173156
14175.0	0.0003	LDHD	ENSG00000166816
14175.0	0.0003	NLRP10	ENSG00000182261
14175.0	0.0003	FOXD4	ENSG00000170122
14175.0	0.0003	RHOH	ENSG00000168421
14175.0	0.0003	DNTT	ENSG00000107447
14175.0	0.0003	RHOF	ENSG00000139725
14175.0	0.0003	IRAK3	ENSG00000090376
14175.0	0.0003	RHOV	ENSG00000104140
14175.0	0.0003	TBXA2R	ENSG00000006638
14175.0	0.0003	TMX4	ENSG00000125827
14175.0	0.0003	DCTN6	ENSG00000104671
14175.0	0.0003	CD33	ENSG00000105383
14175.0	0.0003	MPP7	ENSG00000150054
14175.0	0.0003	INSM1	ENSG00000173404
14175.0	0.0003	PEG10	ENSG00000242265
14175.0	0.0003	MSMP	ENSG00000215183
14175.0	0.0003	DCTN4	ENSG00000132912
14175.0	0.0003	DCTN5	ENSG00000166847
14175.0	0.0003	GDPD5	ENSG00000158555
14175.0	0.0003	ABR	ENSG00000159842
14175.0	0.0003	FOXD4L5	ENSG00000204779
14175.0	0.0003	LRFN2	ENSG00000156564
14175.0	0.0003	FOXD4L1	ENSG00000184492
14175.0	0.0003	BCAS1	ENSG00000064787
14175.0	0.0003	TAF1B	ENSG00000115750
14175.0	0.0003	OSBPL1A	ENSG00000141447
14175.0	0.0003	ACE	ENSG00000159640
14175.0	0.0003	FOXD4L2	ENSG00000204828
14175.0	0.0003	FOXD4L4	ENSG00000184659
14175.0	0.0003	RIN2	ENSG00000132669
14175.0	0.0003	FOXD4L6	ENSG00000204793
14175.0	0.0003	SERPINA7	ENSG00000123561
14175.0	0.0003	H2AB3	ENSG00000185978
14175.0	0.0003	H2AB1	ENSG00000198082
14175.0	0.0003	SSTR5	ENSG00000162009
14175.0	0.0003	ARHGEF12	ENSG00000196914
14175.0	0.0003	HOXA3	ENSG00000105997
14175.0	0.0003	H2BC18	ENSG00000203814
14175.0	0.0003	GBX2	ENSG00000168505
14175.0	0.0003	H2BW1	ENSG00000123569
14175.0	0.0003	H2AJ	ENSG00000246705
14175.0	0.0003	SERPINA4	ENSG00000100665
14175.0	0.0003	H2AC12	ENSG00000184825
14175.0	0.0003	SH3RF1	ENSG00000154447
14175.0	0.0003	RBPJL	ENSG00000124232
14175.0	0.0003	RRN3	ENSG00000085721
14175.0	0.0003	SYT9	ENSG00000170743
14175.0	0.0003	SORBS2	ENSG00000154556
14175.0	0.0003	EML4	ENSG00000143924
14175.0	0.0003	PDZRN4	ENSG00000165966
14175.0	0.0003	COL4A6	ENSG00000197565
14175.0	0.0003	STX19	ENSG00000178750
14175.0	0.0003	ARHGEF6	ENSG00000129675
14175.0	0.0003	COL5A3	ENSG00000080573
14175.0	0.0003	ALKBH4	ENSG00000160993
14175.0	0.0003	LSM6	ENSG00000164167
14175.0	0.0003	COL11A1	ENSG00000060718
14175.0	0.0003	RAB10	ENSG00000084733
14175.0	0.0003	JPH2	ENSG00000149596
14175.0	0.0003	TAF1D	ENSG00000166012
14175.0	0.0003	COL27A1	ENSG00000196739
14175.0	0.0003	ENTHD1	ENSG00000176177
14175.0	0.0003	RAB13	ENSG00000143545
14175.0	0.0003	HES5	ENSG00000197921
14175.0	0.0003	CAMKK1	ENSG00000004660
14175.0	0.0003	PCIF1	ENSG00000100982
14175.0	0.0003	COL24A1	ENSG00000171502
14175.0	0.0003	CHAF1A	ENSG00000167670
14175.0	0.0003	MSH3	ENSG00000113318
14175.0	0.0003	NAT10	ENSG00000135372
14175.0	0.0003	ARHGEF11	ENSG00000132694
14175.0	0.0003	SFTPB	ENSG00000168878
14175.0	0.0003	DDX17	ENSG00000100201
14175.0	0.0003	COL4A4	ENSG00000081052
14175.0	0.0003	CD2	ENSG00000116824
14175.0	0.0003	FAAH	ENSG00000117480
14175.0	0.0003	CYP2C8	ENSG00000138115
14175.0	0.0003	ART5	ENSG00000167311
14175.0	0.0003	FAT1	ENSG00000083857
14175.0	0.0003	PTPN6	ENSG00000111679
14175.0	0.0003	FAH	ENSG00000103876
14175.0	0.0003	FAT3	ENSG00000165323
14175.0	0.0003	BAG5	ENSG00000166170
14175.0	0.0003	GUK1	ENSG00000143774
14175.0	0.0003	TTF1	ENSG00000125482
14175.0	0.0003	ELSPBP1	ENSG00000169393
14175.0	0.0003	PDCD11	ENSG00000148843
14175.0	0.0003	FOXO4	ENSG00000184481
14175.0	0.0003	MYOZ3	ENSG00000164591
14175.0	0.0003	POLR1E	ENSG00000137054
14175.0	0.0003	TCF21	ENSG00000118526
14175.0	0.0003	USP10	ENSG00000103194
14175.0	0.0003	SLC17A1	ENSG00000124568
14175.0	0.0003	SFTPC	ENSG00000168484
14175.0	0.0003	HHLA1	ENSG00000132297
14175.0	0.0003	ADRM1	ENSG00000130706
14175.0	0.0003	DNLZ	ENSG00000213221
14175.0	0.0003	USP44	ENSG00000136014
14175.0	0.0003	SHC4	ENSG00000185634
14175.0	0.0003	TRA2B	ENSG00000136527
14175.0	0.0003	OIP5	ENSG00000104147
14175.0	0.0003	HERPUD1	ENSG00000051108
14175.0	0.0003	TBKBP1	ENSG00000198933
14175.0	0.0003	DUSP16	ENSG00000111266
14175.0	0.0003	TRIM63	ENSG00000158022
14175.0	0.0003	SELENOW	ENSG00000178980
14175.0	0.0003	CEACAM1	ENSG00000079385
14175.0	0.0003	ERGIC2	ENSG00000087502
14175.0	0.0003	PRC1	ENSG00000198901
14175.0	0.0003	STK38	ENSG00000112079
14175.0	0.0003	COL8A1	ENSG00000144810
14175.0	0.0003	PRND	ENSG00000171864
14175.0	0.0003	HCST	ENSG00000126264
14175.0	0.0003	SLC4A8	ENSG00000050438
14175.0	0.0003	UBE2L6	ENSG00000156587
14175.0	0.0003	POP1	ENSG00000104356
14175.0	0.0003	CCT6B	ENSG00000132141
14175.0	0.0003	ARHGAP24	ENSG00000138639
14175.0	0.0003	RAG1	ENSG00000166349
14175.0	0.0003	RHBDL2	ENSG00000158315
14175.0	0.0003	FBLIM1	ENSG00000162458
14175.0	0.0003	RBM28	ENSG00000106344
14175.0	0.0003	GUCY1A1	ENSG00000164116
14175.0	0.0003	UBE2H	ENSG00000186591
14175.0	0.0003	AZI2	ENSG00000163512
14175.0	0.0003	UNC45A	ENSG00000140553
14175.0	0.0003	KCNN4	ENSG00000104783
14175.0	0.0003	FGD1	ENSG00000102302
14175.0	0.0003	ECD	ENSG00000122882
14175.0	0.0003	GUCY1B1	ENSG00000061918
14175.0	0.0003	CYP3A7	ENSG00000160870
14175.0	0.0003	CETN1	ENSG00000177143
14175.0	0.0003	H1-1	ENSG00000124610
14175.0	0.0003	F2RL1	ENSG00000164251
14175.0	0.0003	ANKRD2	ENSG00000165887
14175.0	0.0003	SEH1L	ENSG00000085415
14175.0	0.0003	DDX60L	ENSG00000181381
14175.0	0.0003	COL7A1	ENSG00000114270
14175.0	0.0003	IWS1	ENSG00000163166
14175.0	0.0003	GUCY1A2	ENSG00000152402
14175.0	0.0003	NDUFA7	ENSG00000167774
14175.0	0.0003	COL9A3	ENSG00000092758
14175.0	0.0003	RBM19	ENSG00000122965
14175.0	0.0003	COL16A1	ENSG00000084636
14175.0	0.0003	COL9A2	ENSG00000049089
14175.0	0.0003	SART3	ENSG00000075856
14175.0	0.0003	RANBP6	ENSG00000137040
14175.0	0.0003	VCPIP1	ENSG00000175073
14175.0	0.0003	MCF2	ENSG00000101977
14175.0	0.0003	SERF1A	ENSG00000172058
14175.0	0.0003	PSMC6	ENSG00000100519
14175.0	0.0003	ID4	ENSG00000172201
14175.0	0.0003	GUCY2F	ENSG00000101890
14175.0	0.0003	WDR36	ENSG00000134987
14175.0	0.0003	AQP3	ENSG00000165272
14175.0	0.0003	TCF15	ENSG00000125878
14175.0	0.0003	TBL3	ENSG00000183751
14175.0	0.0003	FAU	ENSG00000149806
14175.0	0.0003	TIPRL	ENSG00000143155
14175.0	0.0003	ANGPTL3	ENSG00000132855
14175.0	0.0003	NPAT	ENSG00000149308
14175.0	0.0003	SHC2	ENSG00000129946
14175.0	0.0003	COL21A1	ENSG00000124749
14175.0	0.0003	COL22A1	ENSG00000169436
14175.0	0.0003	TXNDC12	ENSG00000117862
14175.0	0.0003	SSH1	ENSG00000084112
14175.0	0.0003	RAB14	ENSG00000119396
14175.0	0.0003	WIPF1	ENSG00000115935
14175.0	0.0003	THBD	ENSG00000178726
14175.0	0.0003	COL23A1	ENSG00000050767
14175.0	0.0003	MGME1	ENSG00000125871
14175.0	0.0003	COL20A1	ENSG00000101203
14175.0	0.0003	COL10A1	ENSG00000123500
14175.0	0.0003	EDC4	ENSG00000038358
14175.0	0.0003	GUCY2C	ENSG00000070019
14175.0	0.0003	DBX1	ENSG00000109851
14175.0	0.0003	UBE2S	ENSG00000108106
14175.0	0.0003	UTP4	ENSG00000141076
14175.0	0.0003	WIPF2	ENSG00000171475
14175.0	0.0003	NPR1	ENSG00000169418
14175.0	0.0003	POLI	ENSG00000101751
14175.0	0.0003	FCER1G	ENSG00000158869
14175.0	0.0003	NDEL1	ENSG00000166579
14175.0	0.0003	COL8A2	ENSG00000171812
14175.0	0.0003	ARHGDIB	ENSG00000111348
14175.0	0.0003	AKAP13	ENSG00000170776
14175.0	0.0003	OAS2	ENSG00000111335
14175.0	0.0003	OAS3	ENSG00000111331
14175.0	0.0003	NGEF	ENSG00000066248
14175.0	0.0003	ARHGDIG	ENSG00000242173
14175.0	0.0003	FKBP2	ENSG00000173486
14175.0	0.0003	PTGES3	ENSG00000110958
14175.0	0.0003	CYP2C18	ENSG00000108242
14175.0	0.0003	OASL	ENSG00000135114
14175.0	0.0003	E2F4	ENSG00000205250
14175.0	0.0003	FAHD1	ENSG00000180185
14175.0	0.0003	DOK5	ENSG00000101134
14175.0	0.0003	SVIP	ENSG00000198168
14175.0	0.0003	MRPS7	ENSG00000125445
14175.0	0.0003	FGD3	ENSG00000127084
14175.0	0.0003	COL28A1	ENSG00000215018
14175.0	0.0003	TIAM2	ENSG00000146426
14175.0	0.0003	USP3	ENSG00000140455
14175.0	0.0003	DUSP10	ENSG00000143507
14175.0	0.0003	NUP50	ENSG00000093000
14175.0	0.0003	CDK16	ENSG00000102225
14175.0	0.0003	CIAO2A	ENSG00000166797
14175.0	0.0003	KCNIP3	ENSG00000115041
14175.0	0.0003	LSG1	ENSG00000041802
14175.0	0.0003	AHNAK	ENSG00000124942
14175.0	0.0003	ZNF431	ENSG00000196705
14175.0	0.0003	FGD2	ENSG00000146192
14175.0	0.0003	DNMT3L	ENSG00000142182
14175.0	0.0003	CNTF	ENSG00000242689
14175.0	0.0003	ECT2	ENSG00000114346
14175.0	0.0003	NET1	ENSG00000173848
14175.0	0.0003	COL11A2	ENSG00000204248
14175.0	0.0003	PPP1R1B	ENSG00000131771
14175.0	0.0003	SCRG1	ENSG00000164106
14175.0	0.0003	ARHGEF16	ENSG00000130762
14175.0	0.0003	VPS45	ENSG00000136631
14175.0	0.0003	ARHGEF17	ENSG00000110237
14175.0	0.0003	ARHGEF18	ENSG00000104880
14175.0	0.0003	CTD-2207O23.3	ENSG00000268861
14175.0	0.0003	RANBP3	ENSG00000031823
14175.0	0.0003	SERF1B	ENSG00000205572
14175.0	0.0003	ZFAND4	ENSG00000172671
14175.0	0.0003	DOP1A	ENSG00000083097
14175.0	0.0003	DOP1B	ENSG00000142197
14175.0	0.0003	LGSN	ENSG00000146166
14175.0	0.0003	ROM1	ENSG00000149489
14175.0	0.0003	ORC1	ENSG00000085840
14175.0	0.0003	ZBTB17	ENSG00000116809
14175.0	0.0003	DLX5	ENSG00000105880
14175.0	0.0003	GGCX	ENSG00000115486
14175.0	0.0003	MYRF	ENSG00000124920
14175.0	0.0003	PRM2	ENSG00000122304
14175.0	0.0003	RIN1	ENSG00000174791
14175.0	0.0003	GGA3	ENSG00000125447
14175.0	0.0003	ZMPSTE24	ENSG00000084073
14175.0	0.0003	IFFO2	ENSG00000169991
14175.0	0.0003	DERA	ENSG00000023697
14175.0	0.0003	CYP2A13	ENSG00000197838
14175.0	0.0003	BMS1	ENSG00000165733
14175.0	0.0003	TYK2	ENSG00000105397
14175.0	0.0003	BHLHE40	ENSG00000134107
14175.0	0.0003	MGMT	ENSG00000170430
14175.0	0.0003	NUDT8	ENSG00000167799
14175.0	0.0003	EVI5	ENSG00000067208
14175.0	0.0003	NOC4L	ENSG00000184967
14175.0	0.0003	DDI1	ENSG00000170967
14175.0	0.0003	EIF4E1B	ENSG00000175766
14175.0	0.0003	DENND4A	ENSG00000174485
14175.0	0.0003	SFTPD	ENSG00000133661
14175.0	0.0003	TRIAP1	ENSG00000170855
14175.0	0.0003	SERPINA5	ENSG00000188488
14175.0	0.0003	ABCF3	ENSG00000161204
14175.0	0.0003	G6PD	ENSG00000160211
14175.0	0.0003	ASAP1	ENSG00000153317
14175.0	0.0003	LIN52	ENSG00000205659
14175.0	0.0003	RPS6	ENSG00000137154
14175.0	0.0003	TSPAN3	ENSG00000140391
14175.0	0.0003	TIMM8B	ENSG00000150779
14175.0	0.0003	GTF2A2	ENSG00000140307
14175.0	0.0003	RAD18	ENSG00000070950
14175.0	0.0003	H1-5	ENSG00000184357
14175.0	0.0003	OLFM1	ENSG00000130558
14175.0	0.0003	COX7A1	ENSG00000161281
14175.0	0.0003	CDK3	ENSG00000250506
14175.0	0.0003	CYP2S1	ENSG00000167600
14175.0	0.0003	WWP2	ENSG00000198373
14175.0	0.0003	AURKA	ENSG00000087586
14175.0	0.0003	ABCA3	ENSG00000167972
14175.0	0.0003	RASSF3	ENSG00000153179
14175.0	0.0003	NPTX2	ENSG00000106236
14175.0	0.0003	GRM3	ENSG00000198822
14175.0	0.0003	DPY19L2	ENSG00000177990
14175.0	0.0003	CCT8L2	ENSG00000198445
14175.0	0.0003	SIRT7	ENSG00000187531
14175.0	0.0003	EIF4E2	ENSG00000135930
14175.0	0.0003	PEF1	ENSG00000162517
14175.0	0.0003	CCN1	ENSG00000142871
14175.0	0.0003	PPP4R1	ENSG00000154845
14175.0	0.0003	ZBP1	ENSG00000124256
14175.0	0.0003	CDT1	ENSG00000167513
14175.0	0.0003	TNP2	ENSG00000178279
14175.0	0.0003	CES2	ENSG00000172831
14175.0	0.0003	BLVRA	ENSG00000106605
14175.0	0.0003	HSD11B1	ENSG00000117594
14175.0	0.0003	SYTL4	ENSG00000102362
14175.0	0.0003	CDC45	ENSG00000093009
14175.0	0.0003	VANGL1	ENSG00000173218
14175.0	0.0003	COX8C	ENSG00000187581
14175.0	0.0003	PGLS	ENSG00000130313
14175.0	0.0003	PTDSS2	ENSG00000174915
14175.0	0.0003	DLX6	ENSG00000006377
14175.0	0.0003	MAFF	ENSG00000185022
14175.0	0.0003	ISX	ENSG00000175329
14175.0	0.0003	PNMT	ENSG00000141744
14175.0	0.0003	RGS3	ENSG00000138835
14175.0	0.0003	SP3	ENSG00000172845
14175.0	0.0003	HAGH	ENSG00000063854
14175.0	0.0003	PINX1	ENSG00000254093
14175.0	0.0003	SNUPN	ENSG00000169371
14175.0	0.0003	FBP2	ENSG00000130957
14175.0	0.0003	OAZ1	ENSG00000104904
14175.0	0.0003	GABRG1	ENSG00000163285
14175.0	0.0003	TBC1D14	ENSG00000132405
14175.0	0.0003	DTX4	ENSG00000110042
14175.0	0.0003	MAFK	ENSG00000198517
14175.0	0.0003	KLF2	ENSG00000127528
14175.0	0.0003	MYH13	ENSG00000006788
14175.0	0.0003	ATP13A4	ENSG00000127249
14175.0	0.0003	ATP13A3	ENSG00000133657
14175.0	0.0003	RNF167	ENSG00000108523
14175.0	0.0003	HIPK1	ENSG00000163349
14175.0	0.0003	CALCOCO2	ENSG00000136436
14175.0	0.0003	TUBG2	ENSG00000037042
14175.0	0.0003	MAMDC2	ENSG00000165072
14175.0	0.0003	KCNIP2	ENSG00000120049
14175.0	0.0003	SNRPA1	ENSG00000131876
14175.0	0.0003	TUBGCP3	ENSG00000126216
14175.0	0.0003	OAZ3	ENSG00000143450
14175.0	0.0003	MOCOS	ENSG00000075643
14175.0	0.0003	SALL3	ENSG00000256463
14175.0	0.0003	CEP72	ENSG00000112877
14175.0	0.0003	SEC63	ENSG00000025796
14175.0	0.0003	REST	ENSG00000084093
14175.0	0.0003	TIMP1	ENSG00000102265
14175.0	0.0003	KIF18A	ENSG00000121621
14175.0	0.0003	TANC1	ENSG00000115183
14175.0	0.0003	SPDEF	ENSG00000124664
14175.0	0.0003	ZW10	ENSG00000086827
14175.0	0.0003	KTI12	ENSG00000198841
14175.0	0.0003	MAPK15	ENSG00000181085
14175.0	0.0003	KNTC1	ENSG00000184445
14175.0	0.0003	ANAPC10	ENSG00000164162
14175.0	0.0003	FZD1	ENSG00000157240
14175.0	0.0003	SKA2	ENSG00000182628
14175.0	0.0003	CBR3	ENSG00000159231
14175.0	0.0003	LIN54	ENSG00000189308
14175.0	0.0003	PROCR	ENSG00000101000
14175.0	0.0003	PHAX	ENSG00000164902
14175.0	0.0003	ANAPC4	ENSG00000053900
14175.0	0.0003	ANAPC5	ENSG00000089053
14175.0	0.0003	KCNIP1	ENSG00000182132
14175.0	0.0003	CDC26	ENSG00000176386
14175.0	0.0003	NEDD1	ENSG00000139350
14175.0	0.0003	FBXO5	ENSG00000112029
14175.0	0.0003	KCNE4	ENSG00000152049
14175.0	0.0003	GRK1	ENSG00000185974
14175.0	0.0003	HOXD11	ENSG00000128713
14175.0	0.0003	NLRP4	ENSG00000160505
14175.0	0.0003	TBX21	ENSG00000073861
14175.0	0.0003	OAZ2	ENSG00000180304
14175.0	0.0003	PDE5A	ENSG00000138735
14175.0	0.0003	APBA2	ENSG00000034053
14175.0	0.0003	BARD1	ENSG00000138376
14175.0	0.0003	NEK2	ENSG00000117650
14175.0	0.0003	ZNF385B	ENSG00000144331
14175.0	0.0003	RPL21	ENSG00000122026
14175.0	0.0003	TDG	ENSG00000139372
14175.0	0.0003	NTN5	ENSG00000142233
14175.0	0.0003	PSMC3	ENSG00000165916
14175.0	0.0003	EXOC3L1	ENSG00000179044
14175.0	0.0003	SKA1	ENSG00000154839
14175.0	0.0003	PSMD7	ENSG00000103035
14175.0	0.0003	OGG1	ENSG00000114026
14175.0	0.0003	PSMD8	ENSG00000099341
14175.0	0.0003	CEP76	ENSG00000101624
14175.0	0.0003	PSMD6	ENSG00000163636
14175.0	0.0003	PSMA4	ENSG00000041357
14175.0	0.0003	PSMD13	ENSG00000185627
14175.0	0.0003	CEP192	ENSG00000101639
14175.0	0.0003	HAUS2	ENSG00000137814
14175.0	0.0003	PSMB4	ENSG00000159377
14175.0	0.0003	CPLX3	ENSG00000213578
14175.0	0.0003	LIN9	ENSG00000183814
14175.0	0.0003	SKA3	ENSG00000165480
14175.0	0.0003	NUP35	ENSG00000163002
14175.0	0.0003	CEP250	ENSG00000126001
14175.0	0.0003	CCDC59	ENSG00000133773
14175.0	0.0003	SART1	ENSG00000175467
14175.0	0.0003	PSMB3	ENSG00000108294
14175.0	0.0003	PSMB7	ENSG00000136930
14175.0	0.0003	ODF2	ENSG00000136811
14175.0	0.0003	DNAJB7	ENSG00000172404
14175.0	0.0003	NMNAT2	ENSG00000157064
14175.0	0.0003	PSMB10	ENSG00000205220
14175.0	0.0003	PSMB6	ENSG00000142507
14175.0	0.0003	TAGLN	ENSG00000149591
14175.0	0.0003	PSMD10	ENSG00000101843
14175.0	0.0003	E2F5	ENSG00000133740
14175.0	0.0003	CAPN6	ENSG00000077274
14175.0	0.0003	PF4V1	ENSG00000109272
14175.0	0.0003	GDF11	ENSG00000135414
14175.0	0.0003	PAICS	ENSG00000128050
14175.0	0.0003	ANAPC13	ENSG00000129055
14175.0	0.0003	SLC22A1	ENSG00000175003
14175.0	0.0003	PSME4	ENSG00000068878
14175.0	0.0003	LIN37	ENSG00000267796
14175.0	0.0003	ATG16L2	ENSG00000168010
14175.0	0.0003	PSMB11	ENSG00000222028
14175.0	0.0003	SHC3	ENSG00000148082
14175.0	0.0003	RBM15B	ENSG00000179837
14175.0	0.0003	EXOC3L4	ENSG00000205436
14175.0	0.0003	SPN	ENSG00000197471
14175.0	0.0003	PSME2	ENSG00000100911
14175.0	0.0003	EXOC3L2	ENSG00000130201
14175.0	0.0003	TNFAIP2	ENSG00000185215
14175.0	0.0003	COX6B2	ENSG00000160471
14175.0	0.0003	PSME1	ENSG00000092010
14175.0	0.0003	NUP160	ENSG00000030066
14175.0	0.0003	FOXN1	ENSG00000109101
14175.0	0.0003	PSMD9	ENSG00000110801
14175.0	0.0003	CUL7	ENSG00000044090
14175.0	0.0003	NUP37	ENSG00000075188
14175.0	0.0003	CAP1	ENSG00000131236
14175.0	0.0003	FOXN3	ENSG00000053254
14175.0	0.0003	TRMT6	ENSG00000089195
14175.0	0.0003	ANAPC16	ENSG00000166295
14175.0	0.0003	SIKE1	ENSG00000052723
14175.0	0.0003	GTF2H2	ENSG00000145736
14175.0	0.0003	PRPF8	ENSG00000174231
14175.0	0.0003	KIF3C	ENSG00000084731
14175.0	0.0003	DLX3	ENSG00000064195
14175.0	0.0003	ANAPC15	ENSG00000110200
14175.0	0.0003	MDK	ENSG00000110492
14175.0	0.0003	CYP4F3	ENSG00000186529
14175.0	0.0003	NUP210	ENSG00000132182
14175.0	0.0003	CYP4F2	ENSG00000186115
14175.0	0.0003	GFI1	ENSG00000162676
14175.0	0.0003	NUP188	ENSG00000095319
14175.0	0.0003	BLVRB	ENSG00000090013
14175.0	0.0003	ACVR1	ENSG00000115170
14175.0	0.0003	ASGR2	ENSG00000161944
14175.0	0.0003	KLHDC10	ENSG00000128607
14175.0	0.0003	NUP42	ENSG00000136243
14175.0	0.0003	KIF22	ENSG00000079616
14175.0	0.0003	GAB1	ENSG00000109458
14175.0	0.0003	AKAP4	ENSG00000147081
14175.0	0.0003	TAGLN2	ENSG00000158710
14175.0	0.0003	BTAF1	ENSG00000095564
14175.0	0.0003	TAGLN3	ENSG00000144834
14175.0	0.0003	HTRA4	ENSG00000169495
14175.0	0.0003	RPL13	ENSG00000167526
14175.0	0.0003	NFIL3	ENSG00000165030
14175.0	0.0003	ATF7IP	ENSG00000171681
14175.0	0.0003	H1-10	ENSG00000184897
14175.0	0.0003	CYP4F22	ENSG00000171954
14175.0	0.0003	MSRA	ENSG00000175806
14175.0	0.0003	PIRT	ENSG00000233670
14175.0	0.0003	ERLEC1	ENSG00000068912
14175.0	0.0003	MRPL49	ENSG00000149792
14175.0	0.0003	SYT5	ENSG00000129990
14175.0	0.0003	KLC3	ENSG00000104892
14175.0	0.0003	ATG13	ENSG00000175224
14175.0	0.0003	HTRA3	ENSG00000170801
14175.0	0.0003	GIT2	ENSG00000139436
14175.0	0.0003	FGF19	ENSG00000162344
14175.0	0.0003	RP2	ENSG00000102218
14175.0	0.0003	CYP4V2	ENSG00000145476
14175.0	0.0003	CLDN7	ENSG00000181885
14175.0	0.0003	APBA3	ENSG00000011132
14175.0	0.0003	SIGLEC5	ENSG00000105501
14175.0	0.0003	EDN2	ENSG00000127129
14175.0	0.0003	ABRAXAS2	ENSG00000165660
14175.0	0.0003	IL12RB2	ENSG00000081985
14175.0	0.0003	CYP4A22	ENSG00000162365
14175.0	0.0003	MBD2	ENSG00000134046
14175.0	0.0003	CISH	ENSG00000114737
14175.0	0.0003	MYH15	ENSG00000144821
14175.0	0.0003	H1-8	ENSG00000178804
14175.0	0.0003	KIF4B	ENSG00000226650
14175.0	0.0003	CYP20A1	ENSG00000119004
14175.0	0.0003	CYP4B1	ENSG00000142973
14175.0	0.0003	CYP4F11	ENSG00000171903
14175.0	0.0003	CYP4F12	ENSG00000186204
14175.0	0.0003	CYP4X1	ENSG00000186377
14175.0	0.0003	CYP4Z1	ENSG00000186160
14175.0	0.0003	BORA	ENSG00000136122
14175.0	0.0003	CREB3	ENSG00000107175
14175.0	0.0003	RPS16	ENSG00000105193
14175.0	0.0003	SND1	ENSG00000197157
14175.0	0.0003	XRCC3	ENSG00000126215
14175.0	0.0003	DOK6	ENSG00000206052
14175.0	0.0003	FRS2	ENSG00000166225
14175.0	0.0003	TCEA1	ENSG00000187735
14175.0	0.0003	UNC5A	ENSG00000113763
14175.0	0.0003	PREP	ENSG00000085377
14175.0	0.0003	PBK	ENSG00000168078
14175.0	0.0003	AURKC	ENSG00000105146
14175.0	0.0003	ZNF22-AS1	ENSG00000165511
14175.0	0.0003	IL12RB1	ENSG00000096996
14175.0	0.0003	MTUS2	ENSG00000132938
14175.0	0.0003	MYBBP1A	ENSG00000132382
14175.0	0.0003	AGMAT	ENSG00000116771
14175.0	0.0003	BHLHE41	ENSG00000123095
14175.0	0.0003	UVSSA	ENSG00000163945
14175.0	0.0003	GAB4	ENSG00000215568
14175.0	0.0003	KRT16	ENSG00000186832
14175.0	0.0003	FBXL19	ENSG00000099364
14175.0	0.0003	SHF	ENSG00000138606
14175.0	0.0003	R3HCC1L	ENSG00000166024
14175.0	0.0003	TINAG	ENSG00000137251
14175.0	0.0003	CDK18	ENSG00000117266
14175.0	0.0003	AKAP1	ENSG00000121057
14175.0	0.0003	TTL	ENSG00000114999
14175.0	0.0003	MFSD4A	ENSG00000174514
14175.0	0.0003	EIF3C	ENSG00000184110
14175.0	0.0003	RNMT	ENSG00000101654
14175.0	0.0003	CREB3L3	ENSG00000060566
14175.0	0.0003	CTSZ	ENSG00000101160
14175.0	0.0003	CDK17	ENSG00000059758
14175.0	0.0003	CREB3L1	ENSG00000157613
14175.0	0.0003	YBX3	ENSG00000060138
14175.0	0.0003	RAB27B	ENSG00000041353
14175.0	0.0003	CPLX4	ENSG00000166569
14175.0	0.0003	ARHGEF15	ENSG00000198844
14175.0	0.0003	CREB3L4	ENSG00000143578
14175.0	0.0003	TSSK6	ENSG00000178093
14175.0	0.0003	FZD10	ENSG00000111432
14175.0	0.0003	CYSTM1	ENSG00000120306
14175.0	0.0003	LSM8	ENSG00000128534
14175.0	0.0003	ZNF513	ENSG00000163795
14175.0	0.0003	SF3A3	ENSG00000183431
14175.0	0.0003	WDTC1	ENSG00000142784
14175.0	0.0003	REL	ENSG00000162924
14175.0	0.0003	CDK15	ENSG00000138395
14175.0	0.0003	CRY1	ENSG00000008405
14175.0	0.0003	FBXO4	ENSG00000151876
14175.0	0.0003	STX18	ENSG00000168818
14175.0	0.0003	RPRD1A	ENSG00000141425
14175.0	0.0003	COMMD7	ENSG00000149600
14175.0	0.0003	KDM4D	ENSG00000186280
14175.0	0.0003	NAP1L4	ENSG00000205531
14175.0	0.0003	GNAT2	ENSG00000134183
14175.0	0.0003	RPS11	ENSG00000142534
14175.0	0.0003	VEZF1	ENSG00000136451
14175.0	0.0003	GRM4	ENSG00000124493
14175.0	0.0003	ATG101	ENSG00000123395
14175.0	0.0003	KDM5D	ENSG00000012817
14175.0	0.0003	EIF4E3	ENSG00000163412
14175.0	0.0003	STK3	ENSG00000104375
14175.0	0.0003	A2M	ENSG00000175899
14175.0	0.0003	OTOL1	ENSG00000182447
14175.0	0.0003	RPL13A	ENSG00000142541
14175.0	0.0003	GLRA4	ENSG00000188828
14175.0	0.0003	H2AP	ENSG00000187516
14175.0	0.0003	DNAJC7	ENSG00000168259
14175.0	0.0003	CREB3L2	ENSG00000182158
14175.0	0.0003	SUGT1	ENSG00000165416
14175.0	0.0003	PHKA1	ENSG00000067177
14175.0	0.0003	SAT1	ENSG00000130066
14175.0	0.0003	CCNB2	ENSG00000157456
14175.0	0.0003	LPIN2	ENSG00000101577
14175.0	0.0003	PANK4	ENSG00000157881
14175.0	0.0003	SULT2A1	ENSG00000105398
14175.0	0.0003	LMO3	ENSG00000048540
14175.0	0.0003	UBR2	ENSG00000024048
14175.0	0.0003	MATK	ENSG00000007264
14175.0	0.0003	KIF2B	ENSG00000141200
14175.0	0.0003	EIF5B	ENSG00000158417
14175.0	0.0003	PANK3	ENSG00000120137
14175.0	0.0003	LSM3	ENSG00000170860
14175.0	0.0003	CLSPN	ENSG00000092853
14175.0	0.0003	DDI2	ENSG00000197312
14175.0	0.0003	DDHD1	ENSG00000100523
14175.0	0.0003	RPL9	ENSG00000163682
14175.0	0.0003	TXNIP	ENSG00000117289
14175.0	0.0003	PYDC1	ENSG00000169900
14175.0	0.0003	FZD8	ENSG00000177283
14175.0	0.0003	LPIN3	ENSG00000132793
14175.0	0.0003	CRYAA	ENSG00000160202
14175.0	0.0003	LPAR6	ENSG00000139679
14175.0	0.0003	DDIT4	ENSG00000168209
14175.0	0.0003	P2RX1	ENSG00000108405
14175.0	0.0003	CRABP1	ENSG00000166426
14175.0	0.0003	LLGL2	ENSG00000073350
14175.0	0.0003	SOST	ENSG00000167941
14175.0	0.0003	MED21	ENSG00000152944
14175.0	0.0003	MED29	ENSG00000063322
14175.0	0.0003	HBEGF	ENSG00000113070
14175.0	0.0003	PRR25	ENSG00000167945
14175.0	0.0003	USP9Y	ENSG00000114374
14175.0	0.0003	DGKI	ENSG00000157680
14175.0	0.0003	HTR6	ENSG00000158748
14175.0	0.0003	MED18	ENSG00000130772
14175.0	0.0003	AKIRIN2	ENSG00000135334
14175.0	0.0003	UCHL5	ENSG00000116750
14175.0	0.0003	ELL	ENSG00000105656
14175.0	0.0003	MED6	ENSG00000133997
14175.0	0.0003	RAB4A	ENSG00000168118
14175.0	0.0003	CSNK1A1L	ENSG00000180138
14175.0	0.0003	BCDIN3D	ENSG00000186666
14175.0	0.0003	MRPL3	ENSG00000114686
14175.0	0.0003	METTL8	ENSG00000123600
14175.0	0.0003	PFKFB4	ENSG00000114268
14175.0	0.0003	HIP1R	ENSG00000130787
14175.0	0.0003	KIF15	ENSG00000163808
14175.0	0.0003	TSPYL5	ENSG00000180543
14175.0	0.0003	HHIP	ENSG00000164161
14175.0	0.0003	SERPIND1	ENSG00000099937
14175.0	0.0003	IL27RA	ENSG00000104998
14175.0	0.0003	PDE6H	ENSG00000139053
14175.0	0.0003	DNAJB4	ENSG00000162616
14175.0	0.0003	CLNS1A	ENSG00000074201
14175.0	0.0003	FBXO31	ENSG00000103264
14175.0	0.0003	METTL2A	ENSG00000087995
14175.0	0.0003	PIWIL1	ENSG00000125207
14175.0	0.0003	RPL8	ENSG00000161016
14175.0	0.0003	USP47	ENSG00000170242
14175.0	0.0003	ATP10A	ENSG00000206190
14175.0	0.0003	FBXO44	ENSG00000132879
14175.0	0.0003	EIF3G	ENSG00000130811
14175.0	0.0003	MMRN1	ENSG00000138722
14175.0	0.0003	SUPT20H	ENSG00000102710
14175.0	0.0003	MCM7	ENSG00000166508
14175.0	0.0003	TENM1	ENSG00000009694
14175.0	0.0003	IL18R1	ENSG00000115604
14175.0	0.0003	H1-3	ENSG00000124575
14175.0	0.0003	CLIP1	ENSG00000130779
14175.0	0.0003	NQO1	ENSG00000181019
14175.0	0.0003	HECW1	ENSG00000002746
14175.0	0.0003	RAMAC	ENSG00000169612
14175.0	0.0003	PDE6G	ENSG00000185527
14175.0	0.0003	KDM4E	ENSG00000235268
14175.0	0.0003	FBXO6	ENSG00000116663
14175.0	0.0003	RPF1	ENSG00000117133
14175.0	0.0003	FBXO17	ENSG00000269190
14175.0	0.0003	PFKFB1	ENSG00000158571
14175.0	0.0003	ELOA	ENSG00000011007
14175.0	0.0003	MRPL2	ENSG00000112651
14175.0	0.0003	HAS3	ENSG00000103044
14175.0	0.0003	NRIP2	ENSG00000053702
14175.0	0.0003	NRIP3	ENSG00000175352
14175.0	0.0003	SERPINB5	ENSG00000206075
14175.0	0.0003	FBXO27	ENSG00000161243
14175.0	0.0003	HAS2	ENSG00000170961
14175.0	0.0003	KIF9	ENSG00000088727
14175.0	0.0003	ITGAL	ENSG00000005844
14175.0	0.0003	IL27	ENSG00000197272
14175.0	0.0003	DKK2	ENSG00000155011
14175.0	0.0003	PTRH1	ENSG00000187024
14175.0	0.0003	IL23A	ENSG00000110944
14175.0	0.0003	PFKFB2	ENSG00000123836
14175.0	0.0003	SAT2	ENSG00000141504
14175.0	0.0003	XPO6	ENSG00000169180
14175.0	0.0003	DDX3Y	ENSG00000067048
14175.0	0.0003	EBI3	ENSG00000105246
14175.0	0.0003	MARCHF4	ENSG00000144583
14175.0	0.0003	SIRT3	ENSG00000142082
14175.0	0.0003	PUM2	ENSG00000055917
14175.0	0.0003	MRPL4	ENSG00000105364
14175.0	0.0003	FOXD1	ENSG00000251493
14175.0	0.0003	GABRE	ENSG00000102287
14175.0	0.0003	DNAJB5	ENSG00000137094
14175.0	0.0003	SP2	ENSG00000167182
14175.0	0.0003	IL17RA	ENSG00000177663
14175.0	0.0003	ROR2	ENSG00000169071
14175.0	0.0003	MED19	ENSG00000156603
14175.0	0.0003	LPGAT1	ENSG00000123684
14175.0	0.0003	UBA7	ENSG00000182179
14175.0	0.0003	MNS1	ENSG00000138587
14175.0	0.0003	ZNF14	ENSG00000105708
14175.0	0.0003	TXNL4A	ENSG00000141759
14175.0	0.0003	HDLBP	ENSG00000115677
14175.0	0.0003	ALOX12	ENSG00000108839
14175.0	0.0003	TDO2	ENSG00000151790
14175.0	0.0003	HRG	ENSG00000113905
14175.0	0.0003	CNGA3	ENSG00000144191
14175.0	0.0003	TTC31	ENSG00000115282
14175.0	0.0003	RANGAP1	ENSG00000100401
14175.0	0.0003	DUSP12	ENSG00000081721
14175.0	0.0003	POLR1G	ENSG00000117877
14175.0	0.0003	TFPI	ENSG00000003436
14175.0	0.0003	RNF182	ENSG00000180537
14175.0	0.0003	PPBP	ENSG00000163736
14175.0	0.0003	DGKQ	ENSG00000145214
14175.0	0.0003	EIF3B	ENSG00000106263
14175.0	0.0003	DGKZ	ENSG00000149091
14175.0	0.0003	DGKA	ENSG00000065357
14175.0	0.0003	DGKH	ENSG00000102780
14175.0	0.0003	FGF4	ENSG00000075388
14175.0	0.0003	CFD	ENSG00000197766
14175.0	0.0003	NCS1	ENSG00000107130
14175.0	0.0003	VEGFB	ENSG00000173511
14175.0	0.0003	BRD8	ENSG00000112983
14175.0	0.0003	SERPINF2	ENSG00000167711
14175.0	0.0003	AIP	ENSG00000110711
14175.0	0.0003	SNRPB2	ENSG00000125870
14175.0	0.0003	TRIM33	ENSG00000197323
14175.0	0.0003	ALOX15	ENSG00000161905
14175.0	0.0003	IQGAP3	ENSG00000183856
14175.0	0.0003	MED26	ENSG00000105085
14175.0	0.0003	MYO10	ENSG00000145555
14175.0	0.0003	MEX3B	ENSG00000183496
14175.0	0.0003	PENK	ENSG00000181195
14175.0	0.0003	IL18RAP	ENSG00000115607
14175.0	0.0003	IMP3	ENSG00000177971
14175.0	0.0003	HSF2	ENSG00000025156
14175.0	0.0003	RAB4B	ENSG00000167578
14175.0	0.0003	NFIC	ENSG00000141905
14175.0	0.0003	EDN3	ENSG00000124205
14175.0	0.0003	APBB1IP	ENSG00000077420
14175.0	0.0003	CREBZF	ENSG00000137504
14175.0	0.0003	SIGLEC10	ENSG00000142512
14175.0	0.0003	COPS2	ENSG00000166200
14175.0	0.0003	CYP2J2	ENSG00000134716
14175.0	0.0003	CHDH	ENSG00000016391
14175.0	0.0003	ACOXL	ENSG00000153093
14175.0	0.0003	GAS6	ENSG00000183087
14175.0	0.0003	RPL5	ENSG00000122406
14175.0	0.0003	CRYL1	ENSG00000165475
14175.0	0.0003	ZFY	ENSG00000067646
14175.0	0.0003	PRPF39	ENSG00000185246
14175.0	0.0003	AKR7A2	ENSG00000053371
14175.0	0.0003	SERPING1	ENSG00000149131
14175.0	0.0003	SRGN	ENSG00000122862
14175.0	0.0003	PNRC2	ENSG00000189266
14175.0	0.0003	MED9	ENSG00000141026
14175.0	0.0003	MED20	ENSG00000124641
14175.0	0.0003	F13A1	ENSG00000124491
14175.0	0.0003	RPL17	ENSG00000265681
14175.0	0.0003	POU2F1	ENSG00000143190
14175.0	0.0003	ALOX15B	ENSG00000179593
14175.0	0.0003	MRPL22	ENSG00000082515
14175.0	0.0003	MRPL1	ENSG00000169288
14175.0	0.0003	ZBED1	ENSG00000214717
14175.0	0.0003	METAP1D	ENSG00000172878
14175.0	0.0003	RPL10A	ENSG00000198755
14175.0	0.0003	DMC1	ENSG00000100206
14175.0	0.0003	KIF19	ENSG00000196169
14175.0	0.0003	RAB34	ENSG00000109113
14175.0	0.0003	MRPL17	ENSG00000158042
14175.0	0.0003	ZNRF1	ENSG00000186187
14175.0	0.0003	RPL7	ENSG00000147604
14175.0	0.0003	RPL17-C18orf32	ENSG00000215472
14175.0	0.0003	POGLUT2	ENSG00000134901
14175.0	0.0003	ECHDC2	ENSG00000121310
14175.0	0.0003	ENAH	ENSG00000154380
14175.0	0.0003	METAP1	ENSG00000164024
14175.0	0.0003	ZNF281	ENSG00000162702
14175.0	0.0003	LBP	ENSG00000129988
14175.0	0.0003	BMP6	ENSG00000153162
14175.0	0.0003	STAU1	ENSG00000124214
14175.0	0.0003	PLA2G15	ENSG00000103066
14175.0	0.0003	CRYZ	ENSG00000116791
14175.0	0.0003	SAG	ENSG00000130561
14175.0	0.0003	PLA2G7	ENSG00000146070
14175.0	0.0003	CNN3	ENSG00000117519
14175.0	0.0003	SEPTIN6	ENSG00000125354
14175.0	0.0003	AMER2	ENSG00000165566
14175.0	0.0003	RMI1	ENSG00000178966
14175.0	0.0003	TCL1B	ENSG00000213231
14175.0	0.0003	IL17RB	ENSG00000056736
14175.0	0.0003	EDA2R	ENSG00000131080
14175.0	0.0003	MBTPS1	ENSG00000140943
14175.0	0.0003	ARL6IP5	ENSG00000144746
14175.0	0.0003	FEZ2	ENSG00000171055
14175.0	0.0003	GABRP	ENSG00000094755
14175.0	0.0003	POLH	ENSG00000170734
14175.0	0.0003	IP6K2	ENSG00000068745
14175.0	0.0003	RXRB	ENSG00000204231
14175.0	0.0003	CCL3	ENSG00000006075
14175.0	0.0003	ANO4	ENSG00000151572
14175.0	0.0003	SIAH2	ENSG00000181788
14175.0	0.0003	HLX	ENSG00000136630
14175.0	0.0003	RPL10L	ENSG00000165496
14175.0	0.0003	YBX2	ENSG00000006047
14175.0	0.0003	THAP3	ENSG00000041988
14175.0	0.0003	CREM	ENSG00000095794
14175.0	0.0003	UNC119B	ENSG00000175970
14175.0	0.0003	IL9	ENSG00000145839
14175.0	0.0003	ATXN2L	ENSG00000168488
14175.0	0.0003	KCNIP4	ENSG00000185774
14175.0	0.0003	GJC3	ENSG00000176402
14175.0	0.0003	SEPTIN10	ENSG00000186522
14175.0	0.0003	SRSF7	ENSG00000115875
14175.0	0.0003	MRPL16	ENSG00000166902
14175.0	0.0003	CDV3	ENSG00000091527
14175.0	0.0003	TNFSF12	ENSG00000239697
14175.0	0.0003	RNASE2	ENSG00000169385
14175.0	0.0003	SYNCRIP	ENSG00000135316
14175.0	0.0003	GNPDA1	ENSG00000113552
14175.0	0.0003	RAPGEF6	ENSG00000158987
14175.0	0.0003	DNAJA2	ENSG00000069345
14175.0	0.0003	TRIB3	ENSG00000101255
14175.0	0.0003	HOXA7	ENSG00000122592
14175.0	0.0003	PCBP1	ENSG00000169564
14175.0	0.0003	FOXK1	ENSG00000164916
14175.0	0.0003	FERMT2	ENSG00000073712
14175.0	0.0003	TNFSF10	ENSG00000121858
14175.0	0.0003	SNRNP35	ENSG00000184209
14175.0	0.0003	MRPS6	ENSG00000243927
14175.0	0.0003	CDY2A	ENSG00000182415
14175.0	0.0003	APCDD1	ENSG00000154856
14175.0	0.0003	CDY2B	ENSG00000129873
14175.0	0.0003	BAMBI	ENSG00000095739
14175.0	0.0003	ABLIM1	ENSG00000099204
14175.0	0.0003	TNFRSF10B	ENSG00000120889
14175.0	0.0003	DNAJA4	ENSG00000140403
14175.0	0.0003	RPH3A	ENSG00000089169
14175.0	0.0003	ETFDH	ENSG00000171503
14175.0	0.0003	ZMAT5	ENSG00000100319
14175.0	0.0003	MED31	ENSG00000108590
14175.0	0.0003	EPS15L1	ENSG00000127527
14175.0	0.0003	RGMB	ENSG00000174136
14175.0	0.0003	CDYL2	ENSG00000166446
14175.0	0.0003	LRMDA	ENSG00000148655
14175.0	0.0003	GSPT1	ENSG00000103342
14175.0	0.0003	PANK1	ENSG00000152782
14175.0	0.0003	ABLIM3	ENSG00000173210
14175.0	0.0003	ABLIM2	ENSG00000163995
14175.0	0.0003	GSPT2	ENSG00000189369
14175.0	0.0003	CDK20	ENSG00000156345
14175.0	0.0003	SH3BP1	ENSG00000100092
14175.0	0.0003	DKK3	ENSG00000050165
14175.0	0.0003	NEIL2	ENSG00000154328
14175.0	0.0003	RASA3	ENSG00000185989
14175.0	0.0003	RASAL2	ENSG00000075391
14175.0	0.0003	CDY1B	ENSG00000172352
14175.0	0.0003	CDY1	ENSG00000172288
14175.0	0.0003	TRDMT1	ENSG00000107614
14175.0	0.0003	RPP14	ENSG00000163684
14175.0	0.0003	SCRIB	ENSG00000180900
14175.0	0.0003	RASAL3	ENSG00000105122
14175.0	0.0003	TPT1	ENSG00000133112
14175.0	0.0003	FBXO25	ENSG00000147364
14175.0	0.0003	CEBPG	ENSG00000153879
14175.0	0.0003	PSMB8	ENSG00000204264
14175.0	0.0003	FZD6	ENSG00000164930
14175.0	0.0003	CRY2	ENSG00000121671
14175.0	0.0003	RPL11	ENSG00000142676
14175.0	0.0003	LYPLA1	ENSG00000120992
14175.0	0.0003	ANKRA2	ENSG00000164331
14175.0	0.0003	PAFAH2	ENSG00000158006
14175.0	0.0003	LIMD1	ENSG00000144791
14175.0	0.0003	RPS15A	ENSG00000134419
14175.0	0.0003	ACYP2	ENSG00000170634
14175.0	0.0003	HSPBP1	ENSG00000133265
14175.0	0.0003	ACYP1	ENSG00000119640
14175.0	0.0003	SRI	ENSG00000075142
14175.0	0.0003	MRPS18A	ENSG00000096080
14175.0	0.0003	PLRG1	ENSG00000171566
14175.0	0.0003	ILVBL	ENSG00000105135
14175.0	0.0003	MRPS18C	ENSG00000163319
14175.0	0.0003	SEPTIN4	ENSG00000108387
14175.0	0.0003	XAB2	ENSG00000076924
14175.0	0.0003	RGMA	ENSG00000182175
14175.0	0.0003	CLASRP	ENSG00000104859
14175.0	0.0003	NOP14	ENSG00000087269
14175.0	0.0003	FHL2	ENSG00000115641
14175.0	0.0003	ENPP2	ENSG00000136960
14175.0	0.0003	KLF11	ENSG00000172059
14175.0	0.0003	MPHOSPH8	ENSG00000196199
14175.0	0.0003	RP11-157G21.2	ENSG00000255836
14175.0	0.0003	RPL23	ENSG00000125691
14175.0	0.0003	GAB2	ENSG00000033327
14175.0	0.0003	EIF3D	ENSG00000100353
14175.0	0.0003	ABCC3	ENSG00000108846
14175.0	0.0003	UBXN4	ENSG00000144224
14175.0	0.0003	FBXO30	ENSG00000118496
14175.0	0.0003	FABP2	ENSG00000145384
14175.0	0.0003	FBXO2	ENSG00000116661
14175.0	0.0003	ADCYAP1R1	ENSG00000078549
14175.0	0.0003	ADCYAP1	ENSG00000141433
14175.0	0.0003	CAP2	ENSG00000112186
14175.0	0.0003	RECQL5	ENSG00000108469
14175.0	0.0003	AKR1A1	ENSG00000117448
14175.0	0.0003	IRF9	ENSG00000213928
14175.0	0.0003	RP11-468E2.4	ENSG00000259529
14175.0	0.0003	MED7	ENSG00000155868
14175.0	0.0003	DYNLT1	ENSG00000146425
14175.0	0.0003	PTH1R	ENSG00000160801
14175.0	0.0003	MARCHF9	ENSG00000139266
14175.0	0.0003	RPL35	ENSG00000136942
14175.0	0.0003	MARCHF1	ENSG00000145416
14175.0	0.0003	RASAL1	ENSG00000111344
14175.0	0.0003	FBH1	ENSG00000134452
14175.0	0.0003	RPS6KA6	ENSG00000072133
14175.0	0.0003	FZD7	ENSG00000155760
14175.0	0.0003	FBXL7	ENSG00000183580
14175.0	0.0003	PPID	ENSG00000171497
14175.0	0.0003	NOLC1	ENSG00000166197
14175.0	0.0003	HERC3	ENSG00000138641
14175.0	0.0003	TSHZ3	ENSG00000121297
14175.0	0.0003	TRPM6	ENSG00000119121
14175.0	0.0003	MARCHF8	ENSG00000165406
14175.0	0.0003	ACTRT3	ENSG00000184378
14175.0	0.0003	CXCL10	ENSG00000169245
14175.0	0.0003	ENPP6	ENSG00000164303
14175.0	0.0003	CELSR1	ENSG00000075275
14175.0	0.0003	HEY2	ENSG00000135547
14175.0	0.0003	TUBD1	ENSG00000108423
14175.0	0.0003	EIF3I	ENSG00000084623
14175.0	0.0003	RPL23A	ENSG00000198242
14175.0	0.0003	RGL2	ENSG00000237441
14175.0	0.0003	SH3PXD2A	ENSG00000107957
14175.0	0.0003	ZMAT2	ENSG00000146007
14175.0	0.0003	TNFRSF21	ENSG00000146072
14175.0	0.0003	RSPO2	ENSG00000147655
14175.0	0.0003	GTF2H2C	ENSG00000183474
14175.0	0.0003	TRAF4	ENSG00000076604
14175.0	0.0003	EPB41L2	ENSG00000079819
14175.0	0.0003	LRRC69	ENSG00000214954
14175.0	0.0003	XAF1	ENSG00000132530
14175.0	0.0003	FADS2	ENSG00000134824
14175.0	0.0003	LSM5	ENSG00000106355
14175.0	0.0003	PLEKHM1	ENSG00000225190
14175.0	0.0003	MTCH1	ENSG00000137409
14175.0	0.0003	SBSN	ENSG00000189001
14175.0	0.0003	PPIH	ENSG00000171960
14175.0	0.0003	EIF3A	ENSG00000107581
14175.0	0.0003	TBXAS1	ENSG00000059377
14175.0	0.0003	INO80E	ENSG00000169592
14175.0	0.0003	NKTR	ENSG00000114857
14175.0	0.0003	IL17B	ENSG00000127743
14175.0	0.0003	RASA4	ENSG00000105808
14175.0	0.0003	MLANA	ENSG00000120215
14175.0	0.0003	EIF3CL	ENSG00000205609
14175.0	0.0003	JADE2	ENSG00000043143
14175.0	0.0003	COPS8	ENSG00000198612
14175.0	0.0003	THUMPD2	ENSG00000138050
14175.0	0.0003	SNRPA	ENSG00000077312
14175.0	0.0003	KLF1	ENSG00000105610
14175.0	0.0003	CTPS1	ENSG00000171793
14175.0	0.0003	COPS4	ENSG00000138663
14175.0	0.0003	SSH2	ENSG00000141298
14175.0	0.0003	MCMBP	ENSG00000197771
14175.0	0.0003	PDCD2	ENSG00000071994
14175.0	0.0003	FABP4	ENSG00000170323
14175.0	0.0003	IPO13	ENSG00000117408
14175.0	0.0003	COPS3	ENSG00000141030
14175.0	0.0003	PTGES	ENSG00000148344
14175.0	0.0003	FST	ENSG00000134363
14175.0	0.0003	ACTL7A	ENSG00000187003
14175.0	0.0003	SYT8	ENSG00000149043
14175.0	0.0003	DPP3	ENSG00000254986
14175.0	0.0003	EIF6	ENSG00000242372
14175.0	0.0003	ZNF346	ENSG00000113761
14175.0	0.0003	MRPS11	ENSG00000181991
14175.0	0.0003	PTPRO	ENSG00000151490
14175.0	0.0003	ACTL7B	ENSG00000148156
14175.0	0.0003	NFRKB	ENSG00000170322
14175.0	0.0003	INO80B	ENSG00000115274
14175.0	0.0003	CENPS	ENSG00000175279
14175.0	0.0003	RPL26	ENSG00000161970
14175.0	0.0003	RPL26L1	ENSG00000037241
14175.0	0.0003	RPS29	ENSG00000213741
14175.0	0.0003	BRD7	ENSG00000166164
14175.0	0.0003	NMI	ENSG00000123609
14175.0	0.0003	RAPH1	ENSG00000173166
14175.0	0.0003	ABCC2	ENSG00000023839
14175.0	0.0003	ACTR10	ENSG00000131966
14175.0	0.0003	PTGDR2	ENSG00000183134
14175.0	0.0003	REV1	ENSG00000135945
14175.0	0.0003	IL22	ENSG00000127318
14175.0	0.0003	CYSLTR1	ENSG00000173198
14175.0	0.0003	ATF7IP2	ENSG00000166669
14175.0	0.0003	IL33	ENSG00000137033
14175.0	0.0003	ACTRT2	ENSG00000169717
14175.0	0.0003	ADPGK	ENSG00000159322
14175.0	0.0003	CYSLTR2	ENSG00000152207
14175.0	0.0003	UBE2QL1	ENSG00000215218
14175.0	0.0003	ACTRT1	ENSG00000123165
14175.0	0.0003	RASA4B	ENSG00000170667
14175.0	0.0003	RARRES1	ENSG00000118849
14175.0	0.0003	MOS	ENSG00000172680
14175.0	0.0003	CSF1	ENSG00000184371
14175.0	0.0003	MINK1	ENSG00000141503
14175.0	0.0003	ACTL9	ENSG00000181786
14175.0	0.0003	ANXA2	ENSG00000182718
14175.0	0.0003	RCOR2	ENSG00000167771
14175.0	0.0003	ACTL10	ENSG00000182584
14175.0	0.0003	ACTL8	ENSG00000117148
14175.0	0.0003	PRELID3A	ENSG00000141391
14175.0	0.0003	PTGES2	ENSG00000148334
14175.0	0.0003	ZNF330	ENSG00000109445
14175.0	0.0003	APOH	ENSG00000091583
14175.0	0.0003	PPIL6	ENSG00000185250
14175.0	0.0003	ACBD3	ENSG00000182827
14175.0	0.0003	USP5	ENSG00000111667
14175.0	0.0003	DAW1	ENSG00000123977
14175.0	0.0003	UBE2W	ENSG00000104343
14175.0	0.0003	HSPB9	ENSG00000197723
14175.0	0.0003	UHRF2	ENSG00000147854
14175.0	0.0003	TUBA8	ENSG00000183785
14175.0	0.0003	RAB43	ENSG00000172780
14175.0	0.0003	SEC23IP	ENSG00000107651
14175.0	0.0003	MST1R	ENSG00000164078
14175.0	0.0003	RRAGD	ENSG00000025039
14175.0	0.0003	ANGPTL4	ENSG00000167772
14175.0	0.0003	PTGDS	ENSG00000107317
14175.0	0.0003	CBX1	ENSG00000108468
14175.0	0.0003	HPGDS	ENSG00000163106
14175.0	0.0003	WDFY4	ENSG00000128815
14175.0	0.0003	BMP5	ENSG00000112175
14175.0	0.0003	ENPEP	ENSG00000138792
14175.0	0.0003	USP49	ENSG00000164663
14175.0	0.0003	STAB1	ENSG00000010327
14175.0	0.0003	GPT	ENSG00000167701
14175.0	0.0003	AAR2	ENSG00000131043
14175.0	0.0003	NEIL1	ENSG00000140398
14175.0	0.0003	PRELID3B	ENSG00000101166
14175.0	0.0003	BRAP	ENSG00000089234
14175.0	0.0003	PLXNC1	ENSG00000136040
14175.0	0.0003	PTGER3	ENSG00000050628
14175.0	0.0003	LUC7L	ENSG00000007392
14175.0	0.0003	DCTPP1	ENSG00000179958
14175.0	0.0003	QTRT1	ENSG00000213339
14175.0	0.0003	ERP44	ENSG00000023318
14175.0	0.0003	HNRNPDL	ENSG00000152795
14175.0	0.0003	DGCR6	ENSG00000183628
14175.0	0.0003	KLRB1	ENSG00000111796
14175.0	0.0003	SPOCK1	ENSG00000152377
14175.0	0.0003	TFIP11	ENSG00000100109
14175.0	0.0003	MYLK4	ENSG00000145949
14175.0	0.0003	PKN3	ENSG00000160447
14175.0	0.0003	SLC7A11	ENSG00000151012
14175.0	0.0003	SERGEF	ENSG00000129158
14175.0	0.0003	MRPL19	ENSG00000115364
14175.0	0.0003	FAAP100	ENSG00000185504
14175.0	0.0003	ZFYVE16	ENSG00000039319
14175.0	0.0003	RMI2	ENSG00000175643
14175.0	0.0003	DNAJB9	ENSG00000128590
14175.0	0.0003	RAB8B	ENSG00000166128
14175.0	0.0003	PPIL4	ENSG00000131013
14175.0	0.0003	MRPL42	ENSG00000198015
14175.0	0.0003	DNAJB12	ENSG00000148719
14175.0	0.0003	GBP2	ENSG00000162645
14175.0	0.0003	UBE2F	ENSG00000184182
14175.0	0.0003	PRPF40B	ENSG00000110844
14175.0	0.0003	DNAJB8	ENSG00000179407
14175.0	0.0003	PDCL3	ENSG00000115539
14175.0	0.0003	DNAJB14	ENSG00000164031
14175.0	0.0003	DNAJC18	ENSG00000170464
14175.0	0.0003	ANO6	ENSG00000177119
14175.0	0.0003	DNAJC22	ENSG00000178401
14175.0	0.0003	RAB33B	ENSG00000172007
14175.0	0.0003	MPND	ENSG00000008382
14175.0	0.0003	WBP4	ENSG00000120688
14175.0	0.0003	LUC7L2	ENSG00000269955
14175.0	0.0003	CRCP	ENSG00000241258
14175.0	0.0003	FOXK2	ENSG00000141568
14175.0	0.0003	CTSV	ENSG00000136943
14175.0	0.0003	PPFIA1	ENSG00000131626
14175.0	0.0003	MYLK2	ENSG00000101306
14175.0	0.0003	ELF1	ENSG00000120690
14175.0	0.0003	SCMH1	ENSG00000010803
14175.0	0.0003	ERCC6L	ENSG00000186871
14175.0	0.0003	GPS1	ENSG00000169727
14175.0	0.0003	ELF2	ENSG00000109381
14175.0	0.0003	YIPF2	ENSG00000130733
14175.0	0.0003	PPARGC1B	ENSG00000155846
14175.0	0.0003	ELF4	ENSG00000102034
14175.0	0.0003	LAMTOR5	ENSG00000134248
14175.0	0.0003	COX7A2	ENSG00000112695
14175.0	0.0003	USP33	ENSG00000077254
14175.0	0.0003	NPTXR	ENSG00000221890
14175.0	0.0003	SRP68	ENSG00000167881
14175.0	0.0003	MTIF3	ENSG00000122033
14175.0	0.0003	ARL2BP	ENSG00000102931
14175.0	0.0003	MRPL20	ENSG00000242485
14175.0	0.0003	PTX3	ENSG00000163661
14175.0	0.0003	KREMEN2	ENSG00000131650
14175.0	0.0003	RAB33A	ENSG00000134594
14175.0	0.0003	PPFIA3	ENSG00000177380
14175.0	0.0003	KDM5A	ENSG00000073614
14175.0	0.0003	RAB19	ENSG00000146955
14175.0	0.0003	TRAPPC13	ENSG00000113597
14175.0	0.0003	TRAF3IP2	ENSG00000056972
14175.0	0.0003	DPP10	ENSG00000175497
14175.0	0.0003	AMH	ENSG00000104899
14175.0	0.0003	MEX3D	ENSG00000181588
14175.0	0.0003	PRLHR	ENSG00000119973
14175.0	0.0003	TMEM86A	ENSG00000151117
14175.0	0.0003	FGF6	ENSG00000111241
14175.0	0.0003	COPS7A	ENSG00000111652
14175.0	0.0003	CCNB3	ENSG00000147082
14175.0	0.0003	FOXL1	ENSG00000176678
14175.0	0.0003	NTHL1	ENSG00000065057
14175.0	0.0003	HOXA1	ENSG00000105991
14175.0	0.0003	SEMA6A	ENSG00000092421
14175.0	0.0003	SPRED3	ENSG00000188766
14175.0	0.0003	UBR3	ENSG00000144357
14175.0	0.0003	RETN	ENSG00000104918
14175.0	0.0003	CCDC6	ENSG00000108091
14175.0	0.0003	DTNB	ENSG00000138101
14175.0	0.0003	ZNF207	ENSG00000010244
14175.0	0.0003	PRXL2B	ENSG00000157870
14175.0	0.0003	PRDM4	ENSG00000110851
14175.0	0.0003	ADAMTS18	ENSG00000140873
14175.0	0.0003	GCGR	ENSG00000215644
14175.0	0.0003	EXPH5	ENSG00000110723
14175.0	0.0003	RYBP	ENSG00000163602
14175.0	0.0003	PRDM5	ENSG00000138738
14175.0	0.0003	WSB1	ENSG00000109046
14175.0	0.0003	THRAP3	ENSG00000054118
14175.0	0.0003	LHCGR	ENSG00000138039
14175.0	0.0003	SOSTDC1	ENSG00000171243
14175.0	0.0003	PPFIA2	ENSG00000139220
14175.0	0.0003	THNSL1	ENSG00000185875
14175.0	0.0003	COX14	ENSG00000178449
14175.0	0.0003	GDF9	ENSG00000164404
14175.0	0.0003	IFIT2	ENSG00000119922
14175.0	0.0003	IFIT3	ENSG00000119917
14175.0	0.0003	APOL6	ENSG00000221963
14175.0	0.0003	IFI27	ENSG00000165949
14175.0	0.0003	EXO1	ENSG00000174371
14175.0	0.0003	SGK3	ENSG00000104205
14175.0	0.0003	GDF7	ENSG00000143869
14175.0	0.0003	IFITM1	ENSG00000185885
14175.0	0.0003	IFI6	ENSG00000126709
14175.0	0.0003	BTBD7	ENSG00000011114
14175.0	0.0003	PPP1R15A	ENSG00000087074
14175.0	0.0003	ACRV1	ENSG00000134940
14175.0	0.0003	IFI35	ENSG00000068079
14175.0	0.0003	IFITM3	ENSG00000142089
14175.0	0.0003	EXD3	ENSG00000187609
14175.0	0.0003	BMP8B	ENSG00000116985
14175.0	0.0003	AHSG	ENSG00000145192
14175.0	0.0003	KDELR3	ENSG00000100196
14175.0	0.0003	SLC25A16	ENSG00000122912
14175.0	0.0003	IFITM2	ENSG00000185201
14175.0	0.0003	YAF2	ENSG00000015153
14175.0	0.0003	MALT1	ENSG00000172175
14175.0	0.0003	SMYD3	ENSG00000185420
14175.0	0.0003	DPEP1	ENSG00000015413
14175.0	0.0003	G3BP2	ENSG00000138757
14175.0	0.0003	FGF23	ENSG00000118972
14175.0	0.0003	LRP2BP	ENSG00000109771
14175.0	0.0003	ZC3H13	ENSG00000123200
14175.0	0.0003	ADORA2B	ENSG00000170425
14175.0	0.0003	COA3	ENSG00000183978
14175.0	0.0003	APOL4	ENSG00000100336
14175.0	0.0003	TXNL4B	ENSG00000140830
14175.0	0.0003	BMP8A	ENSG00000183682
14175.0	0.0003	RSPH10B	ENSG00000155026
14175.0	0.0003	TXLNG	ENSG00000086712
14175.0	0.0003	C11orf65	ENSG00000166323
14175.0	0.0003	STRN4	ENSG00000090372
14175.0	0.0003	BRF2	ENSG00000104221
14175.0	0.0003	FBXO39	ENSG00000177294
14175.0	0.0003	ZNF197	ENSG00000186448
14175.0	0.0003	CEBPZ	ENSG00000115816
14175.0	0.0003	IL1RL1	ENSG00000115602
14175.0	0.0003	PPFIA4	ENSG00000143847
14175.0	0.0003	RGS9BP	ENSG00000186326
14175.0	0.0003	TSC22D3	ENSG00000157514
14175.0	0.0003	PPP1R42	ENSG00000178125
14175.0	0.0003	TEX28	ENSG00000185254
14175.0	0.0003	SLC24A2	ENSG00000155886
14175.0	0.0003	TSNAX	ENSG00000116918
14175.0	0.0003	OSR1	ENSG00000143867
14175.0	0.0003	MC4R	ENSG00000166603
14175.0	0.0003	SPATA13	ENSG00000182957
14175.0	0.0003	H1-2	ENSG00000187837
14175.0	0.0003	ARAP2	ENSG00000047365
14175.0	0.0003	RGS9	ENSG00000108370
14175.0	0.0003	FGF5	ENSG00000138675
14175.0	0.0003	MC5R	ENSG00000176136
14175.0	0.0003	PI16	ENSG00000164530
14175.0	0.0003	IQSEC3	ENSG00000120645
14175.0	0.0003	SGK2	ENSG00000101049
14175.0	0.0003	INCENP	ENSG00000149503
14175.0	0.0003	MYOCD	ENSG00000141052
14175.0	0.0003	RXFP1	ENSG00000171509
14175.0	0.0003	MAP3K2	ENSG00000169967
14175.0	0.0003	USP30	ENSG00000135093
14175.0	0.0003	GHRHR	ENSG00000106128
14175.0	0.0003	MRPL32	ENSG00000106591
14175.0	0.0003	RXFP2	ENSG00000133105
14175.0	0.0003	MAP3K19	ENSG00000176601
14175.0	0.0003	SPDL1	ENSG00000040275
14175.0	0.0003	ARHGAP1	ENSG00000175220
14175.0	0.0003	MC3R	ENSG00000124089
14175.0	0.0003	PDXDC1	ENSG00000179889
14175.0	0.0003	GHRH	ENSG00000118702
14175.0	0.0003	GLP1R	ENSG00000112164
14175.0	0.0003	DLGAP5	ENSG00000126787
14175.0	0.0003	RSPO1	ENSG00000169218
14175.0	0.0003	PRTFDC1	ENSG00000099256
14175.0	0.0003	PTH2R	ENSG00000144407
14175.0	0.0003	CRHR2	ENSG00000106113
14175.0	0.0003	KCTD8	ENSG00000183783
14175.0	0.0003	PTGER4	ENSG00000171522
14175.0	0.0003	GIPR	ENSG00000010310
14175.0	0.0003	ALOX5AP	ENSG00000132965
14175.0	0.0003	GIP	ENSG00000159224
14175.0	0.0003	RNPC3	ENSG00000185946
14175.0	0.0003	RNPS1	ENSG00000205937
14175.0	0.0003	CCNE2	ENSG00000175305
14175.0	0.0003	PTGDR	ENSG00000168229
14175.0	0.0003	GLP2R	ENSG00000065325
14175.0	0.0003	AHCTF1	ENSG00000153207
14175.0	0.0003	CALCB	ENSG00000175868
14175.0	0.0003	ADRB1	ENSG00000043591
14175.0	0.0003	PTGIR	ENSG00000160013
14175.0	0.0003	SRSF3	ENSG00000112081
14175.0	0.0003	LUC7L3	ENSG00000108848
14175.0	0.0003	KCNJ12	ENSG00000184185
14175.0	0.0003	SNAPC3	ENSG00000164975
14175.0	0.0003	SRRM1	ENSG00000133226
14175.0	0.0003	ADRB3	ENSG00000188778
14175.0	0.0003	HOXB2	ENSG00000173917
14175.0	0.0003	PTH2	ENSG00000142538
14175.0	0.0003	C15orf48	ENSG00000166920
14175.0	0.0003	MTMR8	ENSG00000102043
14175.0	0.0003	ANO5	ENSG00000171714
14175.0	0.0003	ITSN2	ENSG00000198399
14175.0	0.0003	TRIM9	ENSG00000100505
14175.0	0.0003	ZNF143	ENSG00000166478
14175.0	0.0003	GPBAR1	ENSG00000179921
14175.0	0.0003	NFX1	ENSG00000086102
14175.0	0.0003	ITK	ENSG00000113263
14175.0	0.0003	RIPK3	ENSG00000129465
14175.0	0.0003	CENPI	ENSG00000102384
14175.0	0.0003	MTIF2	ENSG00000085760
14175.0	0.0003	NUF2	ENSG00000143228
14175.0	0.0003	CENPH	ENSG00000153044
14175.0	0.0003	WDR1	ENSG00000071127
14175.0	0.0003	CENPU	ENSG00000151725
14175.0	0.0003	CENPF	ENSG00000117724
14175.0	0.0003	CDCA8	ENSG00000134690
14175.0	0.0003	CENPO	ENSG00000138092
14175.0	0.0003	CENPP	ENSG00000188312
14175.0	0.0003	CENPK	ENSG00000123219
14175.0	0.0003	SNAPC1	ENSG00000023608
14175.0	0.0003	CENPC	ENSG00000145241
14175.0	0.0003	SNAPC5	ENSG00000174446
14175.0	0.0003	CENPQ	ENSG00000031691
14175.0	0.0003	SNAPC2	ENSG00000104976
14175.0	0.0003	CENPT	ENSG00000102901
14175.0	0.0003	ZWILCH	ENSG00000174442
14175.0	0.0003	CDCA5	ENSG00000146670
14175.0	0.0003	CPN2	ENSG00000178772
14175.0	0.0003	DSN1	ENSG00000149636
14175.0	0.0003	SPC24	ENSG00000161888
14175.0	0.0003	CENPL	ENSG00000120334
14175.0	0.0003	AP1AR	ENSG00000138660
14175.0	0.0003	CENPM	ENSG00000100162
14175.0	0.0003	NSL1	ENSG00000117697
14175.0	0.0003	RCC2	ENSG00000179051
14175.0	0.0003	RPS27	ENSG00000177954
14175.0	0.0003	NUDC	ENSG00000090273
14175.0	0.0003	IRS2	ENSG00000185950
14175.0	0.0003	ZNF704	ENSG00000164684
14175.0	0.0003	FABP5	ENSG00000164687
14175.0	0.0003	ANKAR	ENSG00000151687
14175.0	0.0003	SCNN1D	ENSG00000162572
14175.0	0.0003	GPN1	ENSG00000198522
14175.0	0.0003	TP53INP1	ENSG00000164938
14175.0	0.0003	IKZF5	ENSG00000095574
14175.0	0.0003	RPS6KA4	ENSG00000162302
14175.0	0.0003	HENMT1	ENSG00000162639
14175.0	0.0003	TXK	ENSG00000074966
14175.0	0.0003	RGS7	ENSG00000182901
14175.0	0.0003	TTK	ENSG00000112742
14175.0	0.0003	SP100	ENSG00000067066
14175.0	0.0003	TRNP1	ENSG00000253368
14175.0	0.0003	USP51	ENSG00000247746
14175.0	0.0003	SGSM1	ENSG00000167037
14175.0	0.0003	CSAD	ENSG00000139631
14175.0	0.0003	GBP1	ENSG00000117228
14175.0	0.0003	MT2A	ENSG00000125148
14175.0	0.0003	MBD3L2	ENSG00000230522
14175.0	0.0003	KRT6A	ENSG00000205420
14175.0	0.0003	AGTR1	ENSG00000144891
14175.0	0.0003	LAMB4	ENSG00000091128
14175.0	0.0003	DNAL4	ENSG00000100246
14175.0	0.0003	IFNGR2	ENSG00000159128
14175.0	0.0003	SELO	ENSG00000073169
14175.0	0.0003	BIVM	ENSG00000134897
14175.0	0.0003	FAM167A	ENSG00000154319
14175.0	0.0003	SPOCK3	ENSG00000196104
14175.0	0.0003	ANLN	ENSG00000011426
14175.0	0.0003	CADM1	ENSG00000182985
14175.0	0.0003	PPP4C	ENSG00000149923
14175.0	0.0003	MLF1	ENSG00000178053
14175.0	0.0003	CARMIL1	ENSG00000079691
14175.0	0.0003	LIPN	ENSG00000204020
14175.0	0.0003	ZBTB32	ENSG00000011590
14175.0	0.0003	TOM1	ENSG00000100284
14175.0	0.0003	LDLRAP1	ENSG00000157978
14175.0	0.0003	FBXO3	ENSG00000110429
14175.0	0.0003	RAB40AL	ENSG00000102128
14175.0	0.0003	TOM1L1	ENSG00000141198
14175.0	0.0003	AGR3	ENSG00000173467
14175.0	0.0003	SPOCK2	ENSG00000107742
14175.0	0.0003	MAP2K5	ENSG00000137764
14175.0	0.0003	WEE1	ENSG00000166483
14175.0	0.0003	KAT7	ENSG00000136504
14175.0	0.0003	ARIH1	ENSG00000166233
14175.0	0.0003	GTF3C4	ENSG00000125484
14175.0	0.0003	GTF3C2	ENSG00000115207
14175.0	0.0003	DNAH2	ENSG00000183914
14175.0	0.0003	LMTK2	ENSG00000164715
14175.0	0.0003	BFAR	ENSG00000103429
14175.0	0.0003	RGS11	ENSG00000076344
14175.0	0.0003	MRPL33	ENSG00000243147
14175.0	0.0003	MRPL27	ENSG00000108826
14175.0	0.0003	THBS3	ENSG00000169231
14175.0	0.0003	INS-IGF2	ENSG00000129965
14175.0	0.0003	MAP1A	ENSG00000166963
14175.0	0.0003	MCM9	ENSG00000111877
14175.0	0.0003	NUDT21	ENSG00000167005
14175.0	0.0003	MTMR6	ENSG00000139505
14175.0	0.0003	ANKRD42	ENSG00000137494
14175.0	0.0003	SYT7	ENSG00000011347
14175.0	0.0003	FGF22	ENSG00000070388
14175.0	0.0003	IRX2	ENSG00000170561
14175.0	0.0003	PKNOX1	ENSG00000160199
14175.0	0.0003	TNFAIP8	ENSG00000145779
14175.0	0.0003	SNX4	ENSG00000114520
14175.0	0.0003	EVX1	ENSG00000106038
14175.0	0.0003	UBE2Q1	ENSG00000160714
14175.0	0.0003	H4C16	ENSG00000197837
14175.0	0.0003	TBX6	ENSG00000149922
14175.0	0.0003	ACAP1	ENSG00000072818
14175.0	0.0003	LYPD3	ENSG00000124466
14175.0	0.0003	SFRP2	ENSG00000145423
14175.0	0.0003	NDFIP2	ENSG00000102471
14175.0	0.0003	RGS7BP	ENSG00000186479
14175.0	0.0003	IL1RAPL1	ENSG00000169306
14175.0	0.0003	GCKR	ENSG00000084734
14175.0	0.0003	ADAMTS8	ENSG00000134917
14175.0	0.0003	HNRNPA0	ENSG00000177733
14175.0	0.0003	PLS1	ENSG00000120756
14175.0	0.0003	IRAK4	ENSG00000198001
14175.0	0.0003	RBSN	ENSG00000131381
14175.0	0.0003	STOML2	ENSG00000165283
14175.0	0.0003	PHF11	ENSG00000136147
14175.0	0.0003	PARD6B	ENSG00000124171
14175.0	0.0003	SSB	ENSG00000138385
14175.0	0.0003	H4C13	ENSG00000198558
14175.0	0.0003	CMTR2	ENSG00000180917
14175.0	0.0003	SNX9	ENSG00000130340
14175.0	0.0003	CDH3	ENSG00000062038
14175.0	0.0003	PTGR1	ENSG00000106853
14175.0	0.0003	PPP2R2D	ENSG00000175470
14175.0	0.0003	ARHGEF28	ENSG00000214944
14175.0	0.0003	H4C14	ENSG00000183941
14175.0	0.0003	PAPLN	ENSG00000100767
14175.0	0.0003	PHF7	ENSG00000010318
14175.0	0.0003	SMG5	ENSG00000198952
14175.0	0.0003	CPSF7	ENSG00000149532
14175.0	0.0003	TLR1	ENSG00000174125
14175.0	0.0003	H4C12	ENSG00000197914
14175.0	0.0003	H4C1	ENSG00000196176
14175.0	0.0003	FRMD8	ENSG00000126391
14175.0	0.0003	GADD45B	ENSG00000099860
14175.0	0.0003	MXI1	ENSG00000119950
14175.0	0.0003	FGF11	ENSG00000161958
14175.0	0.0003	ERAP2	ENSG00000164308
14175.0	0.0003	GMFB	ENSG00000197045
14175.0	0.0003	BASP1	ENSG00000176788
14175.0	0.0003	H4C2	ENSG00000124529
14175.0	0.0003	H4C15	ENSG00000182217
14175.0	0.0003	DNAH10	ENSG00000197653
14175.0	0.0003	HNRNPA3	ENSG00000170144
14175.0	0.0003	RAD54B	ENSG00000197275
14175.0	0.0003	PDPK1	ENSG00000140992
14175.0	0.0003	TAPBPL	ENSG00000139192
14175.0	0.0003	MSTN	ENSG00000138379
14175.0	0.0003	RAB15	ENSG00000139998
14175.0	0.0003	ARR3	ENSG00000120500
14175.0	0.0003	PARD6G	ENSG00000178184
14175.0	0.0003	IL11	ENSG00000095752
14175.0	0.0003	CHN2	ENSG00000106069
14175.0	0.0003	SLX1B	ENSG00000181625
14175.0	0.0003	ZNF611	ENSG00000213020
14175.0	0.0003	ABRAXAS1	ENSG00000163322
14175.0	0.0003	AKR1C1	ENSG00000187134
14175.0	0.0003	AKR1C2	ENSG00000151632
14175.0	0.0003	AKR1C3	ENSG00000196139
14175.0	0.0003	AKR1C4	ENSG00000198610
14175.0	0.0003	H4C6	ENSG00000198327
14175.0	0.0003	ARHGAP11A	ENSG00000198826
14175.0	0.0003	ARHGAP11B	ENSG00000187951
14175.0	0.0003	ARHGAP36	ENSG00000147256
14175.0	0.0003	PRR19	ENSG00000188368
14175.0	0.0003	HNRNPL	ENSG00000104824
14175.0	0.0003	TMF1	ENSG00000144747
14175.0	0.0003	CKS1B	ENSG00000173207
14175.0	0.0003	ZNF79	ENSG00000196152
14175.0	0.0003	TFDP3	ENSG00000183434
14175.0	0.0003	FHIT	ENSG00000189283
14175.0	0.0003	MAN1A2	ENSG00000198162
14175.0	0.0003	UPF3A	ENSG00000169062
14175.0	0.0003	UCKL1	ENSG00000198276
14175.0	0.0003	BAZ2A	ENSG00000076108
14175.0	0.0003	SRGAP2	ENSG00000163486
14175.0	0.0003	FEZ1	ENSG00000149557
14175.0	0.0003	ARHGAP9	ENSG00000123329
14175.0	0.0003	SRGAP1	ENSG00000196935
14175.0	0.0003	ABCE1	ENSG00000164163
14175.0	0.0003	SLX1A	ENSG00000132207
14175.0	0.0003	CAGE1	ENSG00000164304
14175.0	0.0003	RAB40C	ENSG00000197562
14175.0	0.0003	CROT	ENSG00000005469
14175.0	0.0003	NDFIP1	ENSG00000131507
14175.0	0.0003	RASEF	ENSG00000165105
14175.0	0.0003	RAB40B	ENSG00000141542
14175.0	0.0003	RAB12	ENSG00000206418
14175.0	0.0003	CKS2	ENSG00000123975
14175.0	0.0003	RAB28	ENSG00000157869
14175.0	0.0003	HOXD10	ENSG00000128710
14175.0	0.0003	A1BG	ENSG00000121410
14175.0	0.0003	RAB40A	ENSG00000172476
14175.0	0.0003	GNA15	ENSG00000060558
14175.0	0.0003	NKD1	ENSG00000140807
14175.0	0.0003	DLC1	ENSG00000164741
14175.0	0.0003	LAMTOR1	ENSG00000149357
14175.0	0.0003	KIF27	ENSG00000165115
14175.0	0.0003	DNA2	ENSG00000138346
14175.0	0.0003	KLHDC3	ENSG00000124702
14175.0	0.0003	ALOX5	ENSG00000012779
14175.0	0.0003	ARHGAP28	ENSG00000088756
14175.0	0.0003	ARHGAP39	ENSG00000147799
14175.0	0.0003	SMG6	ENSG00000070366
14175.0	0.0003	AMOTL1	ENSG00000166025
14175.0	0.0003	NLGN1	ENSG00000169760
14175.0	0.0003	IGLL5	ENSG00000254709
14175.0	0.0003	SMG7	ENSG00000116698
14175.0	0.0003	ARAP3	ENSG00000120318
14175.0	0.0003	FAM13A	ENSG00000138640
14175.0	0.0003	MMP17	ENSG00000198598
14175.0	0.0003	MRPL36	ENSG00000171421
14175.0	0.0003	WEE2	ENSG00000214102
14175.0	0.0003	CBLB	ENSG00000114423
14175.0	0.0003	GFUS	ENSG00000104522
14175.0	0.0003	STARD8	ENSG00000130052
14175.0	0.0003	ARHGAP8	ENSG00000241484
14175.0	0.0003	ARHGAP18	ENSG00000146376
14175.0	0.0003	ARHGAP26	ENSG00000145819
14175.0	0.0003	CNPY1	ENSG00000146910
14175.0	0.0003	ARHGAP44	ENSG00000006740
14175.0	0.0003	CCNG2	ENSG00000138764
14175.0	0.0003	ARHGAP22	ENSG00000128805
14175.0	0.0003	ARHGAP25	ENSG00000163219
14175.0	0.0003	FAM13B	ENSG00000031003
14175.0	0.0003	PPP1R1A	ENSG00000135447
14175.0	0.0003	EHD2	ENSG00000024422
14175.0	0.0003	ARHGAP23	ENSG00000225485
14175.0	0.0003	TEP1	ENSG00000129566
14175.0	0.0003	DHX58	ENSG00000108771
14175.0	0.0003	CSF3	ENSG00000108342
14175.0	0.0003	NUP58	ENSG00000139496
14175.0	0.0003	PRSS3	ENSG00000010438
14175.0	0.0003	TAGAP	ENSG00000164691
14175.0	0.0003	PLD6	ENSG00000179598
14175.0	0.0003	ARHGAP30	ENSG00000186517
14175.0	0.0003	DEPDC7	ENSG00000121690
14175.0	0.0003	ARHGAP33	ENSG00000004777
14175.0	0.0003	RAB25	ENSG00000132698
14175.0	0.0003	ARHGAP12	ENSG00000165322
14175.0	0.0003	GMIP	ENSG00000089639
14175.0	0.0003	SYDE1	ENSG00000105137
14175.0	0.0003	SYDE2	ENSG00000097096
14175.0	0.0003	CCNG1	ENSG00000113328
14175.0	0.0003	RPS13	ENSG00000110700
14175.0	0.0003	SERPINB2	ENSG00000197632
14175.0	0.0003	PLS3	ENSG00000102024
14175.0	0.0003	DDX23	ENSG00000174243
14175.0	0.0003	MEOX1	ENSG00000005102
14175.0	0.0003	SERPINB8	ENSG00000166401
14175.0	0.0003	FGFBP1	ENSG00000137440
14175.0	0.0003	TJAP1	ENSG00000137221
14175.0	0.0003	KLK6	ENSG00000167755
14175.0	0.0003	RPS8	ENSG00000142937
14175.0	0.0003	MRPL10	ENSG00000159111
14175.0	0.0003	CDC25C	ENSG00000158402
14175.0	0.0003	RPL18A	ENSG00000105640
14175.0	0.0003	TP53I3	ENSG00000115129
14175.0	0.0003	CDC25B	ENSG00000101224
14175.0	0.0003	RPL18	ENSG00000063177
14175.0	0.0003	RAB29	ENSG00000117280
14175.0	0.0003	RPL19	ENSG00000108298
14175.0	0.0003	SERPINB7	ENSG00000166396
14175.0	0.0003	HABP4	ENSG00000130956
14175.0	0.0003	CNKSR1	ENSG00000142675
14175.0	0.0003	RPL32	ENSG00000144713
14175.0	0.0003	RPL38	ENSG00000172809
14175.0	0.0003	NMNAT3	ENSG00000163864
14175.0	0.0003	RPL30	ENSG00000156482
14175.0	0.0003	RPS4X	ENSG00000198034
14175.0	0.0003	RPS19	ENSG00000105372
14175.0	0.0003	RPL31	ENSG00000071082
14175.0	0.0003	IRS4	ENSG00000133124
14175.0	0.0003	RPS7	ENSG00000171863
14175.0	0.0003	RPS24	ENSG00000138326
14175.0	0.0003	RPL37A	ENSG00000197756
14175.0	0.0003	LPAR2	ENSG00000064547
14175.0	0.0003	RPL35A	ENSG00000182899
14175.0	0.0003	RPS4Y1	ENSG00000129824
14175.0	0.0003	HBZ	ENSG00000130656
14175.0	0.0003	TTBK1	ENSG00000146216
14175.0	0.0003	WRAP53	ENSG00000141499
14175.0	0.0003	BEX1	ENSG00000133169
14175.0	0.0003	RPL29	ENSG00000162244
14175.0	0.0003	GNA14	ENSG00000156049
14175.0	0.0003	RPL34	ENSG00000109475
14175.0	0.0003	RPS28	ENSG00000233927
14175.0	0.0003	RPS21	ENSG00000171858
14175.0	0.0003	RPS26	ENSG00000197728
14175.0	0.0003	CBLC	ENSG00000142273
14175.0	0.0003	RP11-287D1.3	ENSG00000264324
14175.0	0.0003	SLC4A5	ENSG00000188687
14175.0	0.0003	RPL6	ENSG00000089009
14175.0	0.0003	RAD54L	ENSG00000085999
14175.0	0.0003	RPL39	ENSG00000198918
14175.0	0.0003	RPLP2	ENSG00000177600
14175.0	0.0003	RPL27	ENSG00000131469
14175.0	0.0003	RPS10	ENSG00000124614
14175.0	0.0003	ABCB10	ENSG00000135776
14175.0	0.0003	RPS12	ENSG00000112306
14175.0	0.0003	RPL22	ENSG00000116251
14175.0	0.0003	RPL28	ENSG00000108107
14175.0	0.0003	RPLP1	ENSG00000137818
14175.0	0.0003	PPP4R2	ENSG00000163605
14175.0	0.0003	CTDNEP1	ENSG00000175826
14175.0	0.0003	SF3B5	ENSG00000169976
14175.0	0.0003	CARD11	ENSG00000198286
14175.0	0.0003	MAP4K3	ENSG00000011566
14175.0	0.0003	HOXC13	ENSG00000123364
14175.0	0.0003	SF3B14	ENSG00000115128
14175.0	0.0003	PHF5A	ENSG00000100410
14175.0	0.0003	TCF7L1	ENSG00000152284
14175.0	0.0003	HOXB3	ENSG00000120093
14175.0	0.0003	CNGA1	ENSG00000198515
14175.0	0.0003	TOX4	ENSG00000092203
14175.0	0.0003	DENND1C	ENSG00000205744
14175.0	0.0003	SNRNP40	ENSG00000060688
14175.0	0.0003	CFAP100	ENSG00000163885
14175.0	0.0003	OSM	ENSG00000099985
14175.0	0.0003	PROK1	ENSG00000143125
14175.0	0.0003	TMEM35A	ENSG00000126950
14175.0	0.0003	OR4S2	ENSG00000174982
14175.0	0.0003	OLFM4	ENSG00000102837
14175.0	0.0003	DNAJC8	ENSG00000126698
14175.0	0.0003	PPP4R4	ENSG00000119698
14175.0	0.0003	NUDT6	ENSG00000170917
14175.0	0.0003	CCNI	ENSG00000118816
14175.0	0.0003	MTMR3	ENSG00000100330
14175.0	0.0003	TMCC1	ENSG00000172765
14175.0	0.0003	CNEP1R1	ENSG00000205423
14175.0	0.0003	ATF1	ENSG00000123268
14175.0	0.0003	EFS	ENSG00000100842
14175.0	0.0003	STRN	ENSG00000115808
14175.0	0.0003	EEF2K	ENSG00000103319
14175.0	0.0003	VBP1	ENSG00000155959
14175.0	0.0003	CTF1	ENSG00000150281
14175.0	0.0003	GUCA1C	ENSG00000138472
14175.0	0.0003	S1PR1	ENSG00000170989
14175.0	0.0003	MOB4	ENSG00000115540
14175.0	0.0003	SFRP4	ENSG00000106483
14175.0	0.0003	WBP2	ENSG00000132471
14175.0	0.0003	MLLT10	ENSG00000078403
14175.0	0.0003	PODXL2	ENSG00000114631
14175.0	0.0003	HPGD	ENSG00000164120
14175.0	0.0003	CASC3	ENSG00000108349
14175.0	0.0003	PLXNB2	ENSG00000196576
14175.0	0.0003	FOXC1	ENSG00000054598
14175.0	0.0003	SPO11	ENSG00000054796
14175.0	0.0003	PKP2	ENSG00000057294
14175.0	0.0003	CSTA	ENSG00000121552
14175.0	0.0003	STRN3	ENSG00000196792
14175.0	0.0003	GEM	ENSG00000164949
14175.0	0.0003	PDCD4	ENSG00000150593
14175.0	0.0003	CENPV	ENSG00000166582
14175.0	0.0003	PDGFC	ENSG00000145431
14175.0	0.0003	SLC49A4	ENSG00000138463
14175.0	0.0003	CCL4	ENSG00000129277
14175.0	0.0003	H4C7	ENSG00000124578
14175.0	0.0003	MCAM	ENSG00000076706
14175.0	0.0003	NIFK	ENSG00000155438
14175.0	0.0003	GRB14	ENSG00000115290
14175.0	0.0003	CCN3	ENSG00000136999
14175.0	0.0003	STK24	ENSG00000102572
14175.0	0.0003	ARL8B	ENSG00000134108
14175.0	0.0003	ARL8A	ENSG00000143862
14175.0	0.0003	HOXB8	ENSG00000120068
14175.0	0.0003	SH3GLB2	ENSG00000148341
14175.0	0.0003	NUDT12	ENSG00000112874
14175.0	0.0003	GADD45G	ENSG00000130222
14175.0	0.0003	ATP8B3	ENSG00000130270
14175.0	0.0003	DNHD1	ENSG00000179532
14175.0	0.0003	CYTH3	ENSG00000008256
14175.0	0.0003	SLC12A7	ENSG00000113504
14175.0	0.0003	TBX3	ENSG00000135111
14175.0	0.0003	PDGFD	ENSG00000170962
14175.0	0.0003	ANGPT4	ENSG00000101280
14175.0	0.0003	MEGF11	ENSG00000157890
14175.0	0.0003	ZBTB16	ENSG00000109906
14175.0	0.0003	MRPL23	ENSG00000214026
14175.0	0.0003	MRPL34	ENSG00000130312
14175.0	0.0003	ESD	ENSG00000139684
14175.0	0.0003	CSF3R	ENSG00000119535
14175.0	0.0003	CCNI2	ENSG00000205089
14175.0	0.0003	ADAM23	ENSG00000114948
14175.0	0.0003	GINS4	ENSG00000147536
14175.0	0.0003	LNP1	ENSG00000206535
14175.0	0.0003	SLC7A6	ENSG00000103064
14175.0	0.0003	F2RL2	ENSG00000164220
14175.0	0.0003	IGSF1	ENSG00000147255
14175.0	0.0003	LGALS9	ENSG00000168961
14175.0	0.0003	RNF41	ENSG00000181852
14175.0	0.0003	SNX33	ENSG00000173548
14175.0	0.0003	TCN1	ENSG00000134827
14175.0	0.0003	CYTH2	ENSG00000105443
14175.0	0.0003	BICD1	ENSG00000151746
14175.0	0.0003	DYNLRB1	ENSG00000125971
14175.0	0.0003	CAPZA2	ENSG00000198898
14175.0	0.0003	NRG2	ENSG00000158458
14175.0	0.0003	PPFIBP2	ENSG00000166387
14175.0	0.0003	RIOK1	ENSG00000124784
14175.0	0.0003	CTTNBP2	ENSG00000077063
14175.0	0.0003	PACSIN3	ENSG00000165912
14175.0	0.0003	SEC61G	ENSG00000132432
14175.0	0.0003	SLC25A5	ENSG00000005022
14175.0	0.0003	CYB5R4	ENSG00000065615
14175.0	0.0003	NRG4	ENSG00000169752
14175.0	0.0003	CYTH1	ENSG00000108669
14175.0	0.0003	FIGLA	ENSG00000183733
14175.0	0.0003	IL4R	ENSG00000077238
14175.0	0.0003	PIF1	ENSG00000140451
14175.0	0.0003	MON2	ENSG00000061987
14175.0	0.0003	DENND1A	ENSG00000119522
14175.0	0.0003	MEGF6	ENSG00000162591
14175.0	0.0003	TBC1D4	ENSG00000136111
14175.0	0.0003	SAP30L	ENSG00000164576
14175.0	0.0003	LPAR3	ENSG00000171517
14175.0	0.0003	LTBR	ENSG00000111321
14175.0	0.0003	SPATA2	ENSG00000158480
14175.0	0.0003	HOXB9	ENSG00000170689
14175.0	0.0003	PAEP	ENSG00000122133
14175.0	0.0003	NXF2	ENSG00000185554
14175.0	0.0003	ZNF274	ENSG00000171606
14175.0	0.0003	CORO2A	ENSG00000106789
14175.0	0.0003	POSTN	ENSG00000133110
14175.0	0.0003	NELL1	ENSG00000165973
14175.0	0.0003	CXCR2	ENSG00000180871
14175.0	0.0003	HOXC8	ENSG00000037965
14175.0	0.0003	OSMR	ENSG00000145623
14175.0	0.0003	BMX	ENSG00000102010
14175.0	0.0003	TBX2	ENSG00000121068
14175.0	0.0003	LPAR5	ENSG00000184574
14175.0	0.0003	TRAF3IP3	ENSG00000009790
14175.0	0.0003	SPCS2	ENSG00000118363
14175.0	0.0003	IL10RA	ENSG00000110324
14175.0	0.0003	CXCR3	ENSG00000186810
14175.0	0.0003	RPH3AL	ENSG00000181031
14175.0	0.0003	SEC11A	ENSG00000140612
14175.0	0.0003	RAB5B	ENSG00000111540
14175.0	0.0003	IFNAR1	ENSG00000142166
14175.0	0.0003	TFAP4	ENSG00000090447
14175.0	0.0003	CSF2RB	ENSG00000100368
14175.0	0.0003	IL15RA	ENSG00000134470
14175.0	0.0003	ZBTB4	ENSG00000174282
14175.0	0.0003	GPR15	ENSG00000154165
14175.0	0.0003	SSR3	ENSG00000114850
14175.0	0.0003	ARFIP2	ENSG00000132254
14175.0	0.0003	SEC11C	ENSG00000166562
14175.0	0.0003	DYNLT3	ENSG00000165169
14175.0	0.0003	OXNAD1	ENSG00000154814
14175.0	0.0003	API5	ENSG00000166181
14175.0	0.0003	CORO6	ENSG00000167549
14175.0	0.0003	POU2F3	ENSG00000137709
14175.0	0.0003	MAP3K8	ENSG00000107968
14175.0	0.0003	CYB5RL	ENSG00000215883
14175.0	0.0003	EIF3E	ENSG00000104408
14175.0	0.0003	HERC5	ENSG00000138646
14175.0	0.0003	IL22RA1	ENSG00000142677
14175.0	0.0003	MEPE	ENSG00000152595
14175.0	0.0003	FRK	ENSG00000111816
14175.0	0.0003	GHR	ENSG00000112964
14175.0	0.0003	DOK4	ENSG00000125170
14175.0	0.0003	IL13RA1	ENSG00000131724
14175.0	0.0003	CAMK2N2	ENSG00000163888
14175.0	0.0003	ELF3	ENSG00000163435
14175.0	0.0003	RAI2	ENSG00000131831
14175.0	0.0003	IL20RB	ENSG00000174564
14175.0	0.0003	IL3RA	ENSG00000185291
14175.0	0.0003	HOOK3	ENSG00000168172
14175.0	0.0003	IFNAR2	ENSG00000159110
14175.0	0.0003	MPL	ENSG00000117400
14175.0	0.0003	SLC39A13	ENSG00000165915
14175.0	0.0003	ATP5IF1	ENSG00000130770
14175.0	0.0003	IL20RA	ENSG00000016402
14175.0	0.0003	HOXA11	ENSG00000005073
14175.0	0.0003	IFNLR1	ENSG00000185436
14175.0	0.0003	THBS4	ENSG00000113296
14175.0	0.0003	OVCA2	ENSG00000262664
14175.0	0.0003	IL9R	ENSG00000124334
14175.0	0.0003	MRPL37	ENSG00000116221
14175.0	0.0003	CHCHD6	ENSG00000159685
14175.0	0.0003	GID4	ENSG00000141034
14175.0	0.0003	DOK1	ENSG00000115325
14175.0	0.0003	TAMALIN	ENSG00000161835
14175.0	0.0003	AZU1	ENSG00000172232
14175.0	0.0003	IL22RA2	ENSG00000164485
14175.0	0.0003	MYO1G	ENSG00000136286
14175.0	0.0003	EIF3K	ENSG00000178982
14175.0	0.0003	HTR5A	ENSG00000157219
14175.0	0.0003	CA3	ENSG00000164879
14175.0	0.0003	HTR1B	ENSG00000135312
14175.0	0.0003	HTR1F	ENSG00000179097
14175.0	0.0003	HTR1E	ENSG00000168830
14175.0	0.0003	LILRB2	ENSG00000131042
14175.0	0.0003	MIS18BP1	ENSG00000129534
14175.0	0.0003	COMP	ENSG00000105664
14175.0	0.0003	HOXD4	ENSG00000170166
14175.0	0.0003	RPL36A	ENSG00000241343
14175.0	0.0003	MTNR1B	ENSG00000134640
14175.0	0.0003	SSR2	ENSG00000163479
14175.0	0.0003	MTNR1A	ENSG00000168412
14175.0	0.0003	FKBP3	ENSG00000100442
14175.0	0.0003	NLGN4Y	ENSG00000165246
14175.0	0.0003	RPL36AL	ENSG00000165502
14175.0	0.0003	DYNLRB2	ENSG00000168589
14175.0	0.0003	CYTH4	ENSG00000100055
14175.0	0.0003	PRSS16	ENSG00000112812
14175.0	0.0003	RPS4Y2	ENSG00000157828
14175.0	0.0003	SRPRA	ENSG00000182934
14175.0	0.0003	RND2	ENSG00000108830
14175.0	0.0003	TAC3	ENSG00000166863
14175.0	0.0003	SLC23A3	ENSG00000213901
14175.0	0.0003	LPAR4	ENSG00000147145
14175.0	0.0003	SLC7A3	ENSG00000165349
14175.0	0.0003	HJURP	ENSG00000123485
14175.0	0.0003	LPXN	ENSG00000110031
14175.0	0.0003	CEP97	ENSG00000182504
14175.0	0.0003	ABCC4	ENSG00000125257
14175.0	0.0003	PKMYT1	ENSG00000127564
14175.0	0.0003	TAOK3	ENSG00000135090
14175.0	0.0003	ARRDC3	ENSG00000113369
14175.0	0.0003	CMTM5	ENSG00000166091
14175.0	0.0003	RPS17	ENSG00000184779
14175.0	0.0003	RPS17L	ENSG00000182774
14175.0	0.0003	TIA1	ENSG00000116001
14175.0	0.0003	SPCS3	ENSG00000129128
14175.0	0.0003	KRR1	ENSG00000111615
14175.0	0.0003	RCAN2	ENSG00000172348
14175.0	0.0003	RPS27L	ENSG00000185088
14175.0	0.0003	F3	ENSG00000117525
14175.0	0.0003	RPS25	ENSG00000118181
14175.0	0.0003	KCNU1	ENSG00000215262
14175.0	0.0003	GXYLT1	ENSG00000151233
14175.0	0.0003	PAG1	ENSG00000076641
14175.0	0.0003	TRAM1	ENSG00000067167
14175.0	0.0003	DOCK4	ENSG00000128512
14175.0	0.0003	LTBP3	ENSG00000168056
14175.0	0.0003	KISS1	ENSG00000170498
14175.0	0.0003	RPL39L	ENSG00000163923
14175.0	0.0003	UCN	ENSG00000163794
14175.0	0.0003	OCIAD1	ENSG00000109180
14175.0	0.0003	PAIP2B	ENSG00000124374
14175.0	0.0003	C1QTNF12	ENSG00000184163
14175.0	0.0003	SLC26A6	ENSG00000225697
14175.0	0.0003	SRP9	ENSG00000143742
14175.0	0.0003	ARRDC4	ENSG00000140450
14175.0	0.0003	KIR3DL1	ENSG00000167633
14175.0	0.0003	DMWD	ENSG00000185800
14175.0	0.0003	ORC2	ENSG00000115942
14175.0	0.0003	HS3ST5	ENSG00000249853
14175.0	0.0003	NXF3	ENSG00000147206
14175.0	0.0003	HNRNPH3	ENSG00000096746
14175.0	0.0003	IFNA2	ENSG00000188379
14175.0	0.0003	SRP72	ENSG00000174780
14175.0	0.0003	MRPL52	ENSG00000172590
14175.0	0.0003	TICAM2	ENSG00000243414
14175.0	0.0003	SRP19	ENSG00000153037
14175.0	0.0003	SLC26A2	ENSG00000155850
14175.0	0.0003	EMILIN2	ENSG00000132205
14175.0	0.0003	CD79B	ENSG00000007312
14175.0	0.0003	SRP14	ENSG00000140319
14175.0	0.0003	ZNF382	ENSG00000161298
14175.0	0.0003	RRP9	ENSG00000114767
14175.0	0.0003	MELK	ENSG00000165304
14175.0	0.0003	DEPTOR	ENSG00000155792
14175.0	0.0003	CADPS	ENSG00000163618
14175.0	0.0003	MPP2	ENSG00000108852
14175.0	0.0003	MSR1	ENSG00000038945
14175.0	0.0003	DAPP1	ENSG00000070190
14175.0	0.0003	BPNT2	ENSG00000104331
14175.0	0.0003	AFAP1L1	ENSG00000157510
14175.0	0.0003	PALS2	ENSG00000105926
14175.0	0.0003	HS3ST3A1	ENSG00000153976
14175.0	0.0003	MBNL1	ENSG00000152601
14175.0	0.0003	FERMT3	ENSG00000149781
14175.0	0.0003	CBX3	ENSG00000122565
14175.0	0.0003	ATAD2	ENSG00000156802
14175.0	0.0003	MB	ENSG00000198125
14175.0	0.0003	MPP1	ENSG00000130830
14175.0	0.0003	SLC5A4	ENSG00000100191
14175.0	0.0003	PTPMT1	ENSG00000110536
14175.0	0.0003	SPMAP2	ENSG00000105549
14175.0	0.0003	DNAJC14	ENSG00000135392
14175.0	0.0003	ADAM8	ENSG00000151651
14175.0	0.0003	HAVCR1	ENSG00000113249
14175.0	0.0003	TRIM3	ENSG00000110171
14175.0	0.0003	TIMELESS	ENSG00000111602
14175.0	0.0003	DYNLT2	ENSG00000184786
14175.0	0.0003	CALY	ENSG00000130643
14175.0	0.0003	GNRHR	ENSG00000109163
14175.0	0.0003	EIF1AX	ENSG00000173674
14175.0	0.0003	SH2D4A	ENSG00000104611
14175.0	0.0003	IFNA21	ENSG00000137080
14175.0	0.0003	IFNA10	ENSG00000186803
14175.0	0.0003	MCUB	ENSG00000005059
14175.0	0.0003	KCTD5	ENSG00000167977
14175.0	0.0003	PROKR1	ENSG00000169618
14175.0	0.0003	CD70	ENSG00000125726
14175.0	0.0003	MXD1	ENSG00000059728
14175.0	0.0003	NXF2B	ENSG00000185945
14175.0	0.0003	NMU	ENSG00000109255
14175.0	0.0003	PTPRM	ENSG00000173482
14175.0	0.0003	TFAP2B	ENSG00000008196
14175.0	0.0003	NMUR2	ENSG00000132911
14175.0	0.0003	NTSR2	ENSG00000169006
14175.0	0.0003	CCL8	ENSG00000108700
14175.0	0.0003	SLC26A1	ENSG00000145217
14175.0	0.0003	MRPL9	ENSG00000143436
14175.0	0.0003	NMUR1	ENSG00000171596
14175.0	0.0003	ERP29	ENSG00000089248
14175.0	0.0003	SECISBP2	ENSG00000187742
14175.0	0.0003	SCN7A	ENSG00000136546
14175.0	0.0003	CSDE1	ENSG00000009307
14175.0	0.0003	PIN1	ENSG00000127445
14175.0	0.0003	FBXO43	ENSG00000156509
14175.0	0.0003	MCHR2	ENSG00000152034
14175.0	0.0003	NPFFR1	ENSG00000148734
14175.0	0.0003	NMS	ENSG00000204640
14175.0	0.0003	FKBP8	ENSG00000105701
14175.0	0.0003	BDKRB2	ENSG00000168398
14175.0	0.0003	L3MBTL2	ENSG00000100395
14175.0	0.0003	ANXA1	ENSG00000135046
14175.0	0.0003	GPR17	ENSG00000144230
14175.0	0.0003	FPR2	ENSG00000171049
14175.0	0.0003	C16orf74	ENSG00000154102
14175.0	0.0003	MTRNR2L2	ENSG00000271043
14175.0	0.0003	NPFFR2	ENSG00000056291
14175.0	0.0003	PTGFR	ENSG00000122420
14175.0	0.0003	NPFF	ENSG00000139574
14175.0	0.0003	F2RL3	ENSG00000127533
14175.0	0.0003	TRHR	ENSG00000174417
14175.0	0.0003	LTB4R2	ENSG00000213906
14175.0	0.0003	GHRL	ENSG00000157017
14175.0	0.0003	UTP23	ENSG00000147679
14175.0	0.0003	FFAR1	ENSG00000126266
14175.0	0.0003	GHSR	ENSG00000121853
14175.0	0.0003	SYNE4	ENSG00000181392
14175.0	0.0003	CYP24A1	ENSG00000019186
14175.0	0.0003	CSMD1	ENSG00000183117
14175.0	0.0003	GRPR	ENSG00000126010
14175.0	0.0003	UTS2R	ENSG00000181408
14175.0	0.0003	HCRTR1	ENSG00000121764
14175.0	0.0003	NMBR	ENSG00000135577
14175.0	0.0003	MLN	ENSG00000096395
14175.0	0.0003	XCR1	ENSG00000173578
14175.0	0.0003	MLNR	ENSG00000102539
14175.0	0.0003	CTTNBP2NL	ENSG00000143079
14175.0	0.0003	NMB	ENSG00000197696
14175.0	0.0003	TMCC2	ENSG00000133069
14175.0	0.0003	LTB4R	ENSG00000213903
14175.0	0.0003	ADRA1A	ENSG00000120907
14175.0	0.0003	HRH1	ENSG00000196639
14175.0	0.0003	QRFPR	ENSG00000186867
14175.0	0.0003	XCL1	ENSG00000143184
14175.0	0.0003	GPR65	ENSG00000140030
14175.0	0.0003	GFRA2	ENSG00000168546
14175.0	0.0003	XCL2	ENSG00000143185
14175.0	0.0003	QRFP	ENSG00000188710
14175.0	0.0003	CHRM5	ENSG00000184984
14175.0	0.0003	GPRC6A	ENSG00000173612
14175.0	0.0003	FFAR2	ENSG00000126262
14175.0	0.0003	FFAR3	ENSG00000185897
14175.0	0.0003	LRRIQ3	ENSG00000162620
14175.0	0.0003	GPR4	ENSG00000177464
14175.0	0.0003	UTS2	ENSG00000049247
14175.0	0.0003	ABCA8	ENSG00000141338
14175.0	0.0003	P2RY10	ENSG00000078589
14175.0	0.0003	GPR68	ENSG00000119714
14175.0	0.0003	GPR132	ENSG00000183484
14175.0	0.0003	P2RY6	ENSG00000171631
14175.0	0.0003	UTS2B	ENSG00000188958
14175.0	0.0003	IFNA17	ENSG00000234829
14175.0	0.0003	ORC5	ENSG00000164815
14175.0	0.0003	ARRDC1	ENSG00000197070
14175.0	0.0003	IL21	ENSG00000138684
14175.0	0.0003	IGBP1	ENSG00000089289
14175.0	0.0003	CNN1	ENSG00000130176
14175.0	0.0003	LECT2	ENSG00000145826
14175.0	0.0003	CNN2	ENSG00000064666
14175.0	0.0003	GLYATL1	ENSG00000166840
14175.0	0.0003	BCL6B	ENSG00000161940
14175.0	0.0003	YIPF1	ENSG00000058799
14175.0	0.0003	IFNA8	ENSG00000120242
14175.0	0.0003	IFNA5	ENSG00000147873
14175.0	0.0003	IFNA4	ENSG00000236637
14175.0	0.0003	IFNA14	ENSG00000228083
14175.0	0.0003	IFNA6	ENSG00000120235
14175.0	0.0003	IFNA7	ENSG00000214042
14175.0	0.0003	IFNA16	ENSG00000147885
14175.0	0.0003	CCDC172	ENSG00000182645
14175.0	0.0003	RGS18	ENSG00000150681
14175.0	0.0003	MRPS27	ENSG00000113048
14175.0	0.0003	DNALI1	ENSG00000163879
14175.0	0.0003	ZEB1	ENSG00000148516
14175.0	0.0003	RAB2B	ENSG00000129472
14175.0	0.0003	IFNA1	ENSG00000197919
14175.0	0.0003	MNT	ENSG00000070444
14175.0	0.0003	ARHGEF25	ENSG00000240771
14175.0	0.0003	WDR3	ENSG00000065183
14175.0	0.0003	CTDSP1	ENSG00000144579
14175.0	0.0003	TFAP2C	ENSG00000087510
14175.0	0.0003	MTMR1	ENSG00000063601
14175.0	0.0003	TECTA	ENSG00000109927
14175.0	0.0003	PRMT1	ENSG00000126457
14175.0	0.0003	TCEA3	ENSG00000204219
14175.0	0.0003	AFF1	ENSG00000172493
14175.0	0.0003	DNAJA3	ENSG00000103423
14175.0	0.0003	SLC38A9	ENSG00000177058
14175.0	0.0003	IL20	ENSG00000162891
14175.0	0.0003	DDX1	ENSG00000079785
14175.0	0.0003	PPEF1	ENSG00000086717
14175.0	0.0003	MRPL57	ENSG00000173141
14175.0	0.0003	NIPSNAP3A	ENSG00000136783
14175.0	0.0003	DNAJC21	ENSG00000168724
14175.0	0.0003	OPCML	ENSG00000183715
14175.0	0.0003	HOXB4	ENSG00000182742
14175.0	0.0003	PDAP1	ENSG00000106244
14175.0	0.0003	FOXS1	ENSG00000179772
14175.0	0.0003	IFNL2	ENSG00000183709
14175.0	0.0003	MAGED1	ENSG00000179222
14175.0	0.0003	BNIP3	ENSG00000176171
14175.0	0.0003	GNAI2	ENSG00000114353
14175.0	0.0003	SEMA3F	ENSG00000001617
14175.0	0.0003	DAZL	ENSG00000092345
14175.0	0.0003	PM20D1	ENSG00000162877
14175.0	0.0003	SLC35E3	ENSG00000175782
14175.0	0.0003	OR2A4	ENSG00000180658
14175.0	0.0003	PITPNC1	ENSG00000154217
14175.0	0.0003	DOK2	ENSG00000147443
14175.0	0.0003	MTMR12	ENSG00000150712
14175.0	0.0003	IFNL3	ENSG00000197110
14175.0	0.0003	SYN3	ENSG00000185666
14175.0	0.0003	SEMA3D	ENSG00000153993
14175.0	0.0003	PACRG	ENSG00000112530
14175.0	0.0003	PTPRS	ENSG00000105426
14175.0	0.0003	TFAP2D	ENSG00000008197
14175.0	0.0003	TFAP2E	ENSG00000116819
14175.0	0.0003	KCTD2	ENSG00000180901
14175.0	0.0003	CAPZA3	ENSG00000177938
14175.0	0.0003	RGS1	ENSG00000090104
14175.0	0.0003	DCLRE1A	ENSG00000198924
14175.0	0.0003	IL26	ENSG00000111536
14175.0	0.0003	ESF1	ENSG00000089048
14175.0	0.0003	CLEC3A	ENSG00000166509
14175.0	0.0003	KDM8	ENSG00000155666
14175.0	0.0003	CDH4	ENSG00000179242
14175.0	0.0003	HMGN1	ENSG00000205581
14175.0	0.0003	SHROOM2	ENSG00000146950
14175.0	0.0003	CDC14A	ENSG00000079335
14175.0	0.0003	ARFIP1	ENSG00000164144
14175.0	0.0003	IFNL1	ENSG00000182393
14175.0	0.0003	RPL22L1	ENSG00000163584
14175.0	0.0003	IL15	ENSG00000164136
14175.0	0.0003	NOA1	ENSG00000084092
14175.0	0.0003	MASTL	ENSG00000120539
14175.0	0.0003	ZNF366	ENSG00000178175
14175.0	0.0003	OSBPL8	ENSG00000091039
14175.0	0.0003	RGS10	ENSG00000148908
14175.0	0.0003	SLC47A1	ENSG00000142494
14175.0	0.0003	SCAND1	ENSG00000171222
14175.0	0.0003	FAM210A	ENSG00000177150
14175.0	0.0003	KLF12	ENSG00000118922
14175.0	0.0003	BORCS8-MEF2B	ENSG00000064489
14175.0	0.0003	SOCS2	ENSG00000120833
14175.0	0.0003	TONSL	ENSG00000160949
14175.0	0.0003	ANKRD23	ENSG00000163126
14175.0	0.0003	NUCKS1	ENSG00000069275
14175.0	0.0003	ORC4	ENSG00000115947
14175.0	0.0003	EIF4G2	ENSG00000110321
14175.0	0.0003	ASIP	ENSG00000101440
14175.0	0.0003	CLEC2B	ENSG00000110852
14175.0	0.0003	SOCS7	ENSG00000174111
14175.0	0.0003	GH1	ENSG00000259384
14175.0	0.0003	BCL3	ENSG00000069399
14175.0	0.0003	CDC14B	ENSG00000081377
14175.0	0.0003	PHF20L1	ENSG00000129292
14175.0	0.0003	GJA3	ENSG00000121743
14175.0	0.0003	GRID1	ENSG00000182771
14175.0	0.0003	SOCS4	ENSG00000180008
14175.0	0.0003	SYNPO2	ENSG00000172403
14175.0	0.0003	IL19	ENSG00000142224
14175.0	0.0003	CES1	ENSG00000198848
14175.0	0.0003	DUSP23	ENSG00000158716
14175.0	0.0003	PTPDC1	ENSG00000158079
14175.0	0.0003	S1PR5	ENSG00000180739
14175.0	0.0003	CRHBP	ENSG00000145708
14175.0	0.0003	SOCS5	ENSG00000171150
14175.0	0.0003	MARCKS	ENSG00000155130
14175.0	0.0003	IL24	ENSG00000162892
14175.0	0.0003	DCLK3	ENSG00000163673
14175.0	0.0003	ANKS6	ENSG00000165138
14175.0	0.0003	HOXD12	ENSG00000170178
14175.0	0.0003	SUSD2	ENSG00000099994
14175.0	0.0003	MYL11	ENSG00000180209
14175.0	0.0003	FCER2	ENSG00000104921
14175.0	0.0003	DCLK2	ENSG00000170390
14175.0	0.0003	ANO1	ENSG00000131620
14175.0	0.0003	YIPF3	ENSG00000137207
14175.0	0.0003	MPHOSPH10	ENSG00000124383
14175.0	0.0003	CDH11	ENSG00000140937
14175.0	0.0003	HIPK3	ENSG00000110422
14175.0	0.0003	RNF19A	ENSG00000034677
14175.0	0.0003	IFNE	ENSG00000184995
14175.0	0.0003	CSH2	ENSG00000213218
14175.0	0.0003	IL34	ENSG00000157368
14175.0	0.0003	CSH1	ENSG00000136488
14175.0	0.0003	GH2	ENSG00000136487
14175.0	0.0003	IFNA13	ENSG00000233816
14175.0	0.0003	MTMR10	ENSG00000166912
14175.0	0.0003	TLL2	ENSG00000095587
14175.0	0.0003	NAP1L5	ENSG00000177432
14175.0	0.0003	IFNK	ENSG00000147896
14175.0	0.0003	WWC3	ENSG00000047644
14175.0	0.0003	DNMBP	ENSG00000107554
14175.0	0.0003	TTC4	ENSG00000243725
14175.0	0.0003	IFNW1	ENSG00000177047
14175.0	0.0003	PRKD2	ENSG00000105287
14175.0	0.0003	MGAT5B	ENSG00000167889
14175.0	0.0003	SLCO2B1	ENSG00000137491
14175.0	0.0003	UTP15	ENSG00000164338
14175.0	0.0003	ZNF470	ENSG00000197016
14175.0	0.0003	DSC2	ENSG00000134755
14175.0	0.0003	PRRC2B	ENSG00000130723
14175.0	0.0003	THAP4	ENSG00000176946
14175.0	0.0003	UTP18	ENSG00000011260
14175.0	0.0003	SLC35F1	ENSG00000196376
14175.0	0.0003	RBM22	ENSG00000086589
14175.0	0.0003	LYZL1	ENSG00000120563
14175.0	0.0003	LYZL2	ENSG00000151033
14175.0	0.0003	GPAT4	ENSG00000158669
14175.0	0.0003	SENP5	ENSG00000119231
14175.0	0.0003	STXBP4	ENSG00000166263
14175.0	0.0003	PLEKHA8	ENSG00000106086
14175.0	0.0003	AUP1	ENSG00000115307
14175.0	0.0003	HR	ENSG00000168453
14175.0	0.0003	GPAT3	ENSG00000138678
14175.0	0.0003	CDH13	ENSG00000140945
14175.0	0.0003	EREG	ENSG00000124882
14175.0	0.0003	POU4F2	ENSG00000151615
14175.0	0.0003	S1PR3	ENSG00000213694
14175.0	0.0003	SENP6	ENSG00000112701
14175.0	0.0003	CWC22	ENSG00000163510
14175.0	0.0003	POMP	ENSG00000132963
14175.0	0.0003	SYF2	ENSG00000117614
14175.0	0.0003	CDK11A	ENSG00000008128
14175.0	0.0003	PTTG1	ENSG00000164611
14175.0	0.0003	EME1	ENSG00000154920
14175.0	0.0003	SENP7	ENSG00000138468
14175.0	0.0003	ADAMTSL1	ENSG00000178031
14175.0	0.0003	NABP2	ENSG00000139579
14175.0	0.0003	S1PR4	ENSG00000125910
14175.0	0.0003	GINS1	ENSG00000101003
14175.0	0.0003	FCHO1	ENSG00000130475
14175.0	0.0003	FCHO2	ENSG00000157107
14175.0	0.0003	RAP1GAP	ENSG00000076864
14175.0	0.0003	LIG1	ENSG00000105486
14175.0	0.0003	DSCC1	ENSG00000136982
14175.0	0.0003	RHBDL3	ENSG00000141314
14175.0	0.0003	ACAP2	ENSG00000114331
14175.0	0.0003	IDNK	ENSG00000148057
14175.0	0.0003	GPAM	ENSG00000119927
14175.0	0.0003	CDH6	ENSG00000113361
14175.0	0.0003	CDH18	ENSG00000145526
14175.0	0.0003	PVR	ENSG00000073008
14175.0	0.0003	CETP	ENSG00000087237
14175.0	0.0003	TRIM23	ENSG00000113595
14175.0	0.0003	CDH7	ENSG00000081138
14175.0	0.0003	LARP7	ENSG00000174720
14175.0	0.0003	CDH12	ENSG00000154162
14175.0	0.0003	BATF	ENSG00000156127
14175.0	0.0003	LAG3	ENSG00000089692
14175.0	0.0003	OPRD1	ENSG00000116329
14175.0	0.0003	CAMK1D	ENSG00000183049
14175.0	0.0003	NEURL4	ENSG00000215041
14175.0	0.0003	CDH9	ENSG00000113100
14175.0	0.0003	TFCP2	ENSG00000135457
14175.0	0.0003	HRH4	ENSG00000134489
14175.0	0.0003	HEATR1	ENSG00000119285
14175.0	0.0003	ZNF746	ENSG00000181220
14175.0	0.0003	CDH10	ENSG00000040731
14175.0	0.0003	DPP4	ENSG00000197635
14175.0	0.0003	DZIP1	ENSG00000134874
14175.0	0.0003	RGS16	ENSG00000143333
14175.0	0.0003	GNB3	ENSG00000111664
14175.0	0.0003	SSTR4	ENSG00000132671
14175.0	0.0003	RP11-420K10.1	ENSG00000270874
14175.0	0.0003	RPAP2	ENSG00000122484
14175.0	0.0003	TNKS2	ENSG00000107854
14175.0	0.0003	CCR2	ENSG00000121807
14175.0	0.0003	SYT11	ENSG00000132718
14175.0	0.0003	CXCR6	ENSG00000172215
14175.0	0.0003	CNR2	ENSG00000188822
14175.0	0.0003	CCR4	ENSG00000183813
14175.0	0.0003	TAS2R1	ENSG00000169777
14175.0	0.0003	CDH24	ENSG00000139880
14175.0	0.0003	SSTR3	ENSG00000183473
14175.0	0.0003	CXCR5	ENSG00000160683
14175.0	0.0003	HCAR3	ENSG00000255398
14175.0	0.0003	HCAR2	ENSG00000182782
14175.0	0.0003	HCAR1	ENSG00000196917
14175.0	0.0003	CCR8	ENSG00000179934
14175.0	0.0003	ADORA3	ENSG00000121933
14175.0	0.0003	CCL5	ENSG00000161570
14175.0	0.0003	NPY5R	ENSG00000164129
14175.0	0.0003	NPBWR1	ENSG00000183729
14175.0	0.0003	OPRK1	ENSG00000082556
14175.0	0.0003	MYL5	ENSG00000215375
14175.0	0.0003	ANXA5	ENSG00000164111
14175.0	0.0003	CCL19	ENSG00000172724
14175.0	0.0003	TAS2R40	ENSG00000221937
14175.0	0.0003	CCL20	ENSG00000115009
14175.0	0.0003	EFCAB13	ENSG00000178852
14175.0	0.0003	CXCL9	ENSG00000138755
14175.0	0.0003	CXCL11	ENSG00000169248
14175.0	0.0003	FCHSD1	ENSG00000197948
14175.0	0.0003	CXCL13	ENSG00000156234
14175.0	0.0003	NPY1R	ENSG00000164128
14175.0	0.0003	CCL25	ENSG00000131142
14175.0	0.0003	APLNR	ENSG00000134817
14175.0	0.0003	RXFP4	ENSG00000173080
14175.0	0.0003	ADRA2A	ENSG00000150594
14175.0	0.0003	EFCAB3	ENSG00000172421
14175.0	0.0003	NPY2R	ENSG00000185149
14175.0	0.0003	CCL27	ENSG00000213927
14175.0	0.0003	GALR2	ENSG00000182687
14175.0	0.0003	GALR1	ENSG00000166573
14175.0	0.0003	SUCNR1	ENSG00000198829
14175.0	0.0003	PPY	ENSG00000108849
14175.0	0.0003	ADRA2C	ENSG00000184160
14175.0	0.0003	NPBWR2	ENSG00000125522
14175.0	0.0003	CXCL16	ENSG00000161921
14175.0	0.0003	RXFP3	ENSG00000182631
14175.0	0.0003	GALR3	ENSG00000128310
14175.0	0.0003	CCL28	ENSG00000151882
14175.0	0.0003	CXCL5	ENSG00000163735
14175.0	0.0003	ACKR3	ENSG00000144476
14175.0	0.0003	CXCL6	ENSG00000124875
14175.0	0.0003	ARL9	ENSG00000196503
14175.0	0.0003	CCL16	ENSG00000161573
14175.0	0.0003	P2RY12	ENSG00000169313
14175.0	0.0003	CXCL3	ENSG00000163734
14175.0	0.0003	C5	ENSG00000106804
14175.0	0.0003	ARTN	ENSG00000117407
14175.0	0.0003	TAS2R16	ENSG00000128519
14175.0	0.0003	NPB	ENSG00000183979
14175.0	0.0003	NPW	ENSG00000183971
14175.0	0.0003	P2RY13	ENSG00000181631
14175.0	0.0003	HIPK4	ENSG00000160396
14175.0	0.0003	APLN	ENSG00000171388
14175.0	0.0003	P2RY14	ENSG00000174944
14175.0	0.0003	C5AR1	ENSG00000197405
14175.0	0.0003	OXGR1	ENSG00000165621
14175.0	0.0003	C3AR1	ENSG00000171860
14175.0	0.0003	FPR3	ENSG00000187474
14175.0	0.0003	TAS2R4	ENSG00000127364
14175.0	0.0003	TAS2R43	ENSG00000255374
14175.0	0.0003	TAS2R5	ENSG00000127366
14175.0	0.0003	TAS2R3	ENSG00000127362
14175.0	0.0003	TAS2R60	ENSG00000185899
14175.0	0.0003	HEBP1	ENSG00000013583
14175.0	0.0003	GPR18	ENSG00000125245
14175.0	0.0003	TAS2R42	ENSG00000186136
14175.0	0.0003	TAS2R39	ENSG00000236398
14175.0	0.0003	P2RY4	ENSG00000186912
14175.0	0.0003	OXER1	ENSG00000162881
14175.0	0.0003	TAS2R41	ENSG00000221855
14175.0	0.0003	IL10RB	ENSG00000243646
14175.0	0.0003	GPR55	ENSG00000135898
14175.0	0.0003	SUB1	ENSG00000113387
14175.0	0.0003	ARHGAP21	ENSG00000107863
14175.0	0.0003	RRAD	ENSG00000166592
14175.0	0.0003	PPAN	ENSG00000130810
14175.0	0.0003	PRSS50	ENSG00000206549
14175.0	0.0003	PEDS1	ENSG00000240849
14175.0	0.0003	RNF146	ENSG00000118518
14175.0	0.0003	CITED1	ENSG00000125931
14175.0	0.0003	ZCCHC7	ENSG00000147905
14175.0	0.0003	PSRC1	ENSG00000134222
14175.0	0.0003	PRKD3	ENSG00000115825
14175.0	0.0003	NXT1	ENSG00000132661
14175.0	0.0003	NPEPPS	ENSG00000141279
14175.0	0.0003	CTDSPL	ENSG00000144677
14175.0	0.0003	LAMTOR3	ENSG00000109270
14175.0	0.0003	ZBTB38	ENSG00000177311
14175.0	0.0003	GPAT2	ENSG00000186281
14175.0	0.0003	OCM	ENSG00000122543
14175.0	0.0003	OCM2	ENSG00000135175
14175.0	0.0003	DBF4B	ENSG00000161692
14175.0	0.0003	CCS	ENSG00000173992
14175.0	0.0003	TAB3	ENSG00000157625
14175.0	0.0003	ADPRM	ENSG00000170222
14175.0	0.0003	BLMH	ENSG00000108578
14175.0	0.0003	TMEM201	ENSG00000188807
14175.0	0.0003	SIRPG	ENSG00000089012
14175.0	0.0003	ZCCHC9	ENSG00000131732
14175.0	0.0003	DDX18	ENSG00000088205
14175.0	0.0003	FBXO32	ENSG00000156804
14175.0	0.0003	CABP5	ENSG00000105507
14175.0	0.0003	CABP2	ENSG00000167791
14175.0	0.0003	SCGN	ENSG00000079689
14175.0	0.0003	CABP7	ENSG00000100314
14175.0	0.0003	CALML4	ENSG00000129007
14175.0	0.0003	CALN1	ENSG00000183166
14175.0	0.0003	EFCAB11	ENSG00000140025
14175.0	0.0003	EFCAB2	ENSG00000203666
14175.0	0.0003	EFCAB7	ENSG00000203965
14175.0	0.0003	EFCAB9	ENSG00000214360
14175.0	0.0003	SPATA21	ENSG00000187144
14175.0	0.0003	ADAP1	ENSG00000105963
14175.0	0.0003	CXADR	ENSG00000154639
14175.0	0.0003	EIF1B	ENSG00000114784
14175.0	0.0003	KRI1	ENSG00000129347
14175.0	0.0003	JSRP1	ENSG00000167476
14175.0	0.0003	TNFRSF10A	ENSG00000104689
14175.0	0.0003	ORM2	ENSG00000228278
14175.0	0.0003	CLPTM1L	ENSG00000049656
14175.0	0.0003	PTP4A3	ENSG00000184489
14175.0	0.0003	CTDSP2	ENSG00000175215
14175.0	0.0003	AATF	ENSG00000108270
14175.0	0.0003	TBX5	ENSG00000089225
14175.0	0.0003	APOC1	ENSG00000130208
14175.0	0.0003	WDFY2	ENSG00000139668
14175.0	0.0003	SLC16A1	ENSG00000155380
14175.0	0.0003	STK16	ENSG00000115661
14175.0	0.0003	DDX10	ENSG00000178105
14175.0	0.0003	NDC1	ENSG00000058804
14175.0	0.0003	NPR3	ENSG00000113389
14175.0	0.0003	TOP3B	ENSG00000100038
14175.0	0.0003	RIPPLY3	ENSG00000183145
14175.0	0.0003	TAMM41	ENSG00000144559
14175.0	0.0003	FNBP1L	ENSG00000137942
14175.0	0.0003	SAAL1	ENSG00000166788
14175.0	0.0003	CIB4	ENSG00000157884
14175.0	0.0003	ARL13A	ENSG00000174225
14175.0	0.0003	WDR46	ENSG00000227057
14175.0	0.0003	POLN	ENSG00000130997
14175.0	0.0003	RHOBTB3	ENSG00000164292
14175.0	0.0003	RGS5	ENSG00000143248
14175.0	0.0003	TRIM21	ENSG00000132109
14175.0	0.0003	CDX4	ENSG00000131264
14175.0	0.0003	WFDC5	ENSG00000175121
14175.0	0.0003	NGDN	ENSG00000129460
14175.0	0.0003	HAPLN1	ENSG00000145681
14175.0	0.0003	NPPB	ENSG00000120937
14175.0	0.0003	CCRL2	ENSG00000121797
14175.0	0.0003	MAP3K4	ENSG00000085511
14175.0	0.0003	LAT	ENSG00000213658
14175.0	0.0003	SLC1A5	ENSG00000105281
14175.0	0.0003	MYL10	ENSG00000106436
14175.0	0.0003	ADGRA1	ENSG00000197177
14175.0	0.0003	EBF4	ENSG00000088881
14175.0	0.0003	SMAP1	ENSG00000112305
14175.0	0.0003	TMEM33	ENSG00000109133
14175.0	0.0003	GPR21	ENSG00000188394
14175.0	0.0003	NOM1	ENSG00000146909
14175.0	0.0003	SIGLEC12	ENSG00000254521
14175.0	0.0003	BTC	ENSG00000174808
14175.0	0.0003	RBM34	ENSG00000188739
14175.0	0.0003	JOSD2	ENSG00000161677
14175.0	0.0003	RNGTT	ENSG00000111880
14175.0	0.0003	SMARCAD1	ENSG00000163104
14175.0	0.0003	FAM83F	ENSG00000133477
14175.0	0.0003	BLNK	ENSG00000095585
14175.0	0.0003	DMRT1	ENSG00000137090
14175.0	0.0003	RNF135	ENSG00000181481
14175.0	0.0003	CLRN3	ENSG00000180745
14175.0	0.0003	E2F7	ENSG00000165891
14175.0	0.0003	CLRN2	ENSG00000249581
14175.0	0.0003	MRPL46	ENSG00000259494
14175.0	0.0003	RCL1	ENSG00000120158
14175.0	0.0003	DHRS11	ENSG00000108272
14175.0	0.0003	UCN2	ENSG00000145040
14175.0	0.0003	LGALS3BP	ENSG00000108679
14175.0	0.0003	GARIN1A	ENSG00000205085
14175.0	0.0003	GLIS1	ENSG00000174332
14175.0	0.0003	OR7G2	ENSG00000170923
14175.0	0.0003	EFEMP1	ENSG00000115380
14175.0	0.0003	CLEC10A	ENSG00000132514
14175.0	0.0003	MAML3	ENSG00000196782
14175.0	0.0003	TNIP2	ENSG00000168884
14175.0	0.0003	INPP5D	ENSG00000168918
14175.0	0.0003	DCT	ENSG00000080166
14175.0	0.0003	ABCG5	ENSG00000138075
14175.0	0.0003	AGAP1	ENSG00000157985
14175.0	0.0003	CBLN4	ENSG00000054803
14175.0	0.0003	UTP11	ENSG00000183520
14175.0	0.0003	MFAP3	ENSG00000037749
14175.0	0.0003	PLGLB1	ENSG00000183281
14175.0	0.0003	EDAR	ENSG00000135960
14175.0	0.0003	OLR1	ENSG00000173391
14175.0	0.0003	USP32	ENSG00000170832
14175.0	0.0003	DDX47	ENSG00000213782
14175.0	0.0003	DDX49	ENSG00000105671
14175.0	0.0003	RUSC1	ENSG00000160753
14175.0	0.0003	CRISP3	ENSG00000096006
14175.0	0.0003	NOL4L	ENSG00000197183
14175.0	0.0003	ZC3H11A	ENSG00000058673
14175.0	0.0003	SEPTIN7	ENSG00000122545
14175.0	0.0003	CYTIP	ENSG00000115165
14175.0	0.0003	OR5AC2	ENSG00000196578
14175.0	0.0003	RAB24	ENSG00000169228
14175.0	0.0003	MAP6	ENSG00000171533
14175.0	0.0003	RPAP1	ENSG00000103932
14175.0	0.0003	POU4F3	ENSG00000091010
14175.0	0.0003	ZCCHC14	ENSG00000140948
14175.0	0.0003	HOXD3	ENSG00000128652
14175.0	0.0003	ZNF830	ENSG00000198783
14175.0	0.0003	NOP9	ENSG00000196943
14175.0	0.0003	OR1J2	ENSG00000197233
14175.0	0.0003	NEGR1	ENSG00000172260
14175.0	0.0003	PIM2	ENSG00000102096
14175.0	0.0003	VNN1	ENSG00000112299
14175.0	0.0003	CD274	ENSG00000120217
14175.0	0.0003	CORIN	ENSG00000145244
14175.0	0.0003	SSX2	ENSG00000241476
14175.0	0.0003	MYO19	ENSG00000141140
14175.0	0.0003	PEBP4	ENSG00000134020
14175.0	0.0003	BCAM	ENSG00000187244
14175.0	0.0003	INTS14	ENSG00000138614
14175.0	0.0003	INTS15	ENSG00000146576
14175.0	0.0003	MREG	ENSG00000118242
14175.0	0.0003	GKN1	ENSG00000169605
14175.0	0.0003	CD1C	ENSG00000158481
14175.0	0.0003	ANKRD27	ENSG00000105186
14175.0	0.0003	SORBS3	ENSG00000120896
14175.0	0.0003	MYBPH	ENSG00000133055
14175.0	0.0003	BEST2	ENSG00000039987
14175.0	0.0003	SYPL1	ENSG00000008282
14175.0	0.0003	HMGN5	ENSG00000198157
14175.0	0.0003	RNF113B	ENSG00000139797
14175.0	0.0003	FOSL2	ENSG00000075426
14175.0	0.0003	IGSF9B	ENSG00000080854
14175.0	0.0003	UROS	ENSG00000188690
14175.0	0.0003	OR52N4	ENSG00000181074
14175.0	0.0003	ROBO2	ENSG00000185008
14175.0	0.0003	MAP3K12	ENSG00000139625
14175.0	0.0003	DTX2	ENSG00000091073
14175.0	0.0003	HELQ	ENSG00000163312
14175.0	0.0003	MADCAM1	ENSG00000099866
14175.0	0.0003	ZNF219	ENSG00000165804
14175.0	0.0003	CD27	ENSG00000139193
14175.0	0.0003	BEST1	ENSG00000167995
14175.0	0.0003	TRUB2	ENSG00000167112
14175.0	0.0003	USP1	ENSG00000162607
14175.0	0.0003	PDCL	ENSG00000136940
14175.0	0.0003	UNC45B	ENSG00000141161
14175.0	0.0003	MACROD1	ENSG00000133315
14175.0	0.0003	FER	ENSG00000151422
14175.0	0.0003	CD69	ENSG00000110848
14175.0	0.0003	LNX2	ENSG00000139517
14175.0	0.0003	LRIG1	ENSG00000144749
14175.0	0.0003	SIRT5	ENSG00000124523
14175.0	0.0003	MBTD1	ENSG00000011258
14175.0	0.0003	ZFAND2B	ENSG00000158552
14175.0	0.0003	SLC6A14	ENSG00000087916
14175.0	0.0003	LUZP2	ENSG00000187398
14175.0	0.0003	SYP	ENSG00000102003
14175.0	0.0003	MAN1C1	ENSG00000117643
14175.0	0.0003	MYOM1	ENSG00000101605
14175.0	0.0003	MYCBP2	ENSG00000005810
14175.0	0.0003	PGGHG	ENSG00000142102
14175.0	0.0003	PMEL	ENSG00000185664
14175.0	0.0003	SPATC1	ENSG00000186583
14175.0	0.0003	URB1	ENSG00000142207
14175.0	0.0003	MIIP	ENSG00000116691
14175.0	0.0003	TRO	ENSG00000067445
14175.0	0.0003	KCNJ4	ENSG00000168135
14175.0	0.0003	NAIF1	ENSG00000171169
14175.0	0.0003	SIX2	ENSG00000170577
14175.0	0.0003	CDIN1	ENSG00000186073
14175.0	0.0003	SPA17	ENSG00000064199
14175.0	0.0003	CDC123	ENSG00000151465
14175.0	0.0003	POGLUT1	ENSG00000163389
14175.0	0.0003	AAMP	ENSG00000127837
14175.0	0.0003	DUSP3	ENSG00000108861
14175.0	0.0003	RARRES2	ENSG00000106538
14175.0	0.0003	CABLES1	ENSG00000134508
14175.0	0.0003	GPR20	ENSG00000204882
14175.0	0.0003	RRP36	ENSG00000124541
14175.0	0.0003	ADGRB1	ENSG00000181790
14175.0	0.0003	CD68	ENSG00000129226
14175.0	0.0003	MAGEA1	ENSG00000198681
14175.0	0.0003	DOCK2	ENSG00000134516
14175.0	0.0003	INTS13	ENSG00000064102
14175.0	0.0003	RASL10A	ENSG00000100276
14175.0	0.0003	BTN3A1	ENSG00000026950
14175.0	0.0003	CSHL1	ENSG00000204414
14175.0	0.0003	TMEM106C	ENSG00000134291
14175.0	0.0003	EIF1AY	ENSG00000198692
14175.0	0.0003	BRMS1	ENSG00000174744
14175.0	0.0003	TNFRSF13C	ENSG00000159958
14175.0	0.0003	CRTAM	ENSG00000109943
14175.0	0.0003	DUSP5	ENSG00000138166
14175.0	0.0003	GGPS1	ENSG00000152904
14175.0	0.0003	SCGB3A2	ENSG00000164265
14175.0	0.0003	SPOUT1	ENSG00000198917
14175.0	0.0003	CTNNAL1	ENSG00000119326
14175.0	0.0003	FNTB	ENSG00000257365
14175.0	0.0003	SNX2	ENSG00000205302
14175.0	0.0003	CEP68	ENSG00000011523
14175.0	0.0003	TRIB1	ENSG00000173334
14175.0	0.0003	CIRBP	ENSG00000099622
14175.0	0.0003	STAR	ENSG00000147465
14175.0	0.0003	MPRIP	ENSG00000133030
14175.0	0.0003	STAP2	ENSG00000178078
14175.0	0.0003	SH2D1B	ENSG00000198574
14175.0	0.0003	TGFB1I1	ENSG00000140682
14175.0	0.0003	SNURF	ENSG00000214265
14175.0	0.0003	POU2F2	ENSG00000028277
14175.0	0.0003	LIPI	ENSG00000188992
14175.0	0.0003	C1QTNF6	ENSG00000133466
14175.0	0.0003	MRM3	ENSG00000171861
14175.0	0.0003	ZFX	ENSG00000005889
14175.0	0.0003	ANKRD1	ENSG00000148677
14175.0	0.0003	MARK1	ENSG00000116141
14175.0	0.0003	SPIB	ENSG00000269404
14175.0	0.0003	WDR17	ENSG00000150627
14175.0	0.0003	EGFL7	ENSG00000172889
14175.0	0.0003	YTHDC2	ENSG00000047188
14175.0	0.0003	ADAMTS5	ENSG00000154736
14175.0	0.0003	HOXD13	ENSG00000128714
14175.0	0.0003	DUSP7	ENSG00000164086
14175.0	0.0003	PIK3AP1	ENSG00000155629
14175.0	0.0003	FCRL5	ENSG00000143297
14175.0	0.0003	CRYGC	ENSG00000163254
14175.0	0.0003	SERPINA6	ENSG00000170099
14175.0	0.0003	SLC36A1	ENSG00000123643
14175.0	0.0003	HPS6	ENSG00000166189
14175.0	0.0003	FCMR	ENSG00000162894
14175.0	0.0003	RP9	ENSG00000164610
14175.0	0.0003	GLIPR1	ENSG00000139278
14175.0	0.0003	ATMIN	ENSG00000166454
14175.0	0.0003	ADAMTSL4	ENSG00000143382
14175.0	0.0003	G0S2	ENSG00000123689
14175.0	0.0003	VGLL2	ENSG00000170162
14175.0	0.0003	PPP1R2	ENSG00000184203
14175.0	0.0003	ZP2	ENSG00000103310
14175.0	0.0003	WDR20	ENSG00000140153
14175.0	0.0003	LRFN1	ENSG00000128011
14175.0	0.0003	TES	ENSG00000135269
14175.0	0.0003	GAP43	ENSG00000172020
14175.0	0.0003	PDCL2	ENSG00000163440
14175.0	0.0003	CDHR2	ENSG00000074276
14175.0	0.0003	CPPED1	ENSG00000103381
14175.0	0.0003	SNX1	ENSG00000028528
14175.0	0.0003	MAP4K5	ENSG00000012983
14175.0	0.0003	NOVA1	ENSG00000139910
14175.0	0.0003	SOD3	ENSG00000109610
14175.0	0.0003	CASP4	ENSG00000196954
14175.0	0.0003	ETV6	ENSG00000139083
14175.0	0.0003	UBP1	ENSG00000153560
14175.0	0.0003	NUDCD3	ENSG00000015676
14175.0	0.0003	KIF13B	ENSG00000197892
14175.0	0.0003	DDX28	ENSG00000182810
14175.0	0.0003	GPR31	ENSG00000120436
14175.0	0.0003	ZHX3	ENSG00000174306
14175.0	0.0003	ICOS	ENSG00000163600
14175.0	0.0003	HOXB13	ENSG00000159184
14175.0	0.0003	MAF1	ENSG00000179632
14175.0	0.0003	GCM1	ENSG00000137270
14175.0	0.0003	RRP15	ENSG00000067533
14175.0	0.0003	RUNX1T1	ENSG00000079102
14175.0	0.0003	KCTD19	ENSG00000168676
14175.0	0.0003	RGCC	ENSG00000102760
14175.0	0.0003	NLE1	ENSG00000073536
14175.0	0.0003	CX3CL1	ENSG00000006210
14175.0	0.0003	HRK	ENSG00000135116
14175.0	0.0003	GYPA	ENSG00000170180
14175.0	0.0003	DHX29	ENSG00000067248
14175.0	0.0003	TMEM177	ENSG00000144120
14175.0	0.0003	RELT	ENSG00000054967
14175.0	0.0003	GCSAM	ENSG00000174500
14175.0	0.0003	OLFM3	ENSG00000118733
14175.0	0.0003	MIP	ENSG00000135517
14175.0	0.0003	PRDM2	ENSG00000116731
14175.0	0.0003	FYB1	ENSG00000082074
14175.0	0.0003	PHACTR3	ENSG00000087495
14175.0	0.0003	MRPS28	ENSG00000147586
14175.0	0.0003	MAB21L2	ENSG00000181541
14175.0	0.0003	TPTE2	ENSG00000132958
14175.0	0.0003	LRFN4	ENSG00000173621
14175.0	0.0003	PPP1R14A	ENSG00000167641
14175.0	0.0003	BRMS1L	ENSG00000100916
14175.0	0.0003	FOXD2	ENSG00000186564
14175.0	0.0003	ULBP3	ENSG00000131019
14175.0	0.0003	PNMA3	ENSG00000183837
14175.0	0.0003	MAGOHB	ENSG00000111196
14175.0	0.0003	DTX3	ENSG00000178498
14175.0	0.0003	PSCA	ENSG00000167653
14175.0	0.0003	SLC26A3	ENSG00000091138
14175.0	0.0003	SCARA3	ENSG00000168077
14175.0	0.0003	NECTIN2	ENSG00000130202
14175.0	0.0003	GSKIP	ENSG00000100744
14175.0	0.0003	DCUN1D1	ENSG00000043093
14175.0	0.0003	METAP2	ENSG00000111142
14175.0	0.0003	SULF1	ENSG00000137573
14175.0	0.0003	MTSS1	ENSG00000170873
14175.0	0.0003	DEK	ENSG00000124795
14175.0	0.0003	ANKRD20A3P	ENSG00000132498
14175.0	0.0003	FAIM2	ENSG00000135472
14175.0	0.0003	DTX3L	ENSG00000163840
14175.0	0.0003	ATF7	ENSG00000170653
14175.0	0.0003	MRPL14	ENSG00000180992
14175.0	0.0003	S100A1	ENSG00000160678
14175.0	0.0003	HMCN1	ENSG00000143341
14175.0	0.0003	NOBOX	ENSG00000106410
14175.0	0.0003	CTSW	ENSG00000172543
14175.0	0.0003	SOHLH2	ENSG00000120669
14175.0	0.0003	CTSL	ENSG00000135047
14175.0	0.0003	MRPS31	ENSG00000102738
14175.0	0.0003	MRPS21	ENSG00000187145
14175.0	0.0003	KLF16	ENSG00000129911
14175.0	0.0003	LHFPL4	ENSG00000156959
14175.0	0.0003	AIFM2	ENSG00000042286
14175.0	0.0003	CPNE3	ENSG00000085719
14175.0	0.0003	SEMA4D	ENSG00000187764
14175.0	0.0003	AKAP10	ENSG00000108599
14175.0	0.0003	MNDA	ENSG00000163563
14175.0	0.0003	HES6	ENSG00000144485
14175.0	0.0003	CMKLR2	ENSG00000183671
14175.0	0.0003	MMP10	ENSG00000166670
14175.0	0.0003	PFN3	ENSG00000196570
14175.0	0.0003	CAMTA2	ENSG00000108509
14175.0	0.0003	JDP2	ENSG00000140044
14175.0	0.0003	TBC1D31	ENSG00000156787
14175.0	0.0003	RASL10B	ENSG00000141150
14175.0	0.0003	LHFPL3	ENSG00000187416
14175.0	0.0003	ANKRD20A2P	ENSG00000183148
14175.0	0.0003	HORMAD2	ENSG00000176635
14175.0	0.0003	MUTYH	ENSG00000132781
14175.0	0.0003	ERVV-2	ENSG00000268964
14175.0	0.0003	TLN2	ENSG00000171914
14175.0	0.0003	SLC15A1	ENSG00000088386
14175.0	0.0003	IL1RAP	ENSG00000196083
14175.0	0.0003	LCMT2	ENSG00000168806
14175.0	0.0003	SIM2	ENSG00000159263
14175.0	0.0003	AFF4	ENSG00000072364
14175.0	0.0003	MXD4	ENSG00000123933
14175.0	0.0003	RAET1E	ENSG00000164520
14175.0	0.0003	PAK1IP1	ENSG00000111845
14175.0	0.0003	BEX4	ENSG00000102409
14175.0	0.0003	PKD2L2	ENSG00000078795
14175.0	0.0003	HCFC2	ENSG00000111727
14175.0	0.0003	SRPK1	ENSG00000096063
14175.0	0.0003	LRRTM2	ENSG00000146006
14175.0	0.0003	SCAF11	ENSG00000139218
14175.0	0.0003	CRELD1	ENSG00000163703
14175.0	0.0003	DOCK5	ENSG00000147459
14175.0	0.0003	KLHL11	ENSG00000178502
14175.0	0.0003	U2AF1L4	ENSG00000161265
14175.0	0.0003	CBLL1	ENSG00000105879
14175.0	0.0003	TEC	ENSG00000135605
14175.0	0.0003	AGAP2	ENSG00000135439
14175.0	0.0003	AGER	ENSG00000204305
14175.0	0.0003	BATF3	ENSG00000123685
14175.0	0.0003	PTCRA	ENSG00000171611
14175.0	0.0003	GATC	ENSG00000257218
14175.0	0.0003	PCDHGB4	ENSG00000253953
14175.0	0.0003	HNRNPAB	ENSG00000197451
14175.0	0.0003	HDGFRP2	ENSG00000167674
14175.0	0.0003	CSDC2	ENSG00000172346
14175.0	0.0003	ITGAE	ENSG00000083457
14175.0	0.0003	ITGAD	ENSG00000156886
14175.0	0.0003	MRPL30	ENSG00000185414
14175.0	0.0003	STAMBPL1	ENSG00000138134
14175.0	0.0003	KLHL10	ENSG00000161594
14175.0	0.0003	PLEKHG4B	ENSG00000153404
14175.0	0.0003	PRPF18	ENSG00000165630
14175.0	0.0003	BTBD1	ENSG00000064726
14175.0	0.0003	TNS3	ENSG00000136205
14175.0	0.0003	PCOLCE	ENSG00000106333
14175.0	0.0003	IL1A	ENSG00000115008
14175.0	0.0003	CNGA2	ENSG00000183862
14175.0	0.0003	ZRSR2	ENSG00000169249
14175.0	0.0003	PXDN	ENSG00000130508
14175.0	0.0003	DDX51	ENSG00000185163
14175.0	0.0003	BATF2	ENSG00000168062
14175.0	0.0003	LRRC1	ENSG00000137269
14175.0	0.0003	SAP25	ENSG00000205307
14175.0	0.0003	TBX20	ENSG00000164532
14175.0	0.0003	BCAS2	ENSG00000116752
14175.0	0.0003	THADA	ENSG00000115970
14175.0	0.0003	TOM1L2	ENSG00000175662
14175.0	0.0003	NYX	ENSG00000188937
14175.0	0.0003	PCOLCE2	ENSG00000163710
14175.0	0.0003	KCTD11	ENSG00000213859
14175.0	0.0003	ATF5	ENSG00000169136
14175.0	0.0003	SLF1	ENSG00000133302
14175.0	0.0003	KLF13	ENSG00000169926
14175.0	0.0003	MRPS24	ENSG00000062582
14175.0	0.0003	EPX	ENSG00000121053
14175.0	0.0003	HAGHL	ENSG00000103253
14175.0	0.0003	ZKSCAN5	ENSG00000196652
14175.0	0.0003	ZC3H18	ENSG00000158545
14175.0	0.0003	ARK2N	ENSG00000152242
14175.0	0.0003	EFCAB14	ENSG00000159658
14175.0	0.0003	FBRS	ENSG00000156860
14175.0	0.0003	FBRSL1	ENSG00000112787
14175.0	0.0003	GPATCH2	ENSG00000092978
14175.0	0.0003	OBI1	ENSG00000152193
14175.0	0.0003	CDC37L1	ENSG00000106993
14175.0	0.0003	NKX3-1	ENSG00000167034
14175.0	0.0003	HBE1	ENSG00000213931
14175.0	0.0003	GSDMB	ENSG00000073605
14175.0	0.0003	WFIKKN1	ENSG00000127578
14175.0	0.0003	PPRC1	ENSG00000148840
14175.0	0.0003	NPPC	ENSG00000163273
14175.0	0.0003	ERI2	ENSG00000196678
14175.0	0.0003	RASSF2	ENSG00000101265
14175.0	0.0003	PRMT6	ENSG00000198890
14175.0	0.0003	RPS6KB2	ENSG00000175634
14175.0	0.0003	PTGFRN	ENSG00000134247
14175.0	0.0003	AMELY	ENSG00000099721
14175.0	0.0003	MXD3	ENSG00000213347
14175.0	0.0003	SBNO1	ENSG00000139697
14175.0	0.0003	MTCL1	ENSG00000168502
14175.0	0.0003	ABTB1	ENSG00000114626
14175.0	0.0003	EDF1	ENSG00000107223
14175.0	0.0003	BRS3	ENSG00000102239
14175.0	0.0003	SBNO2	ENSG00000064932
14175.0	0.0003	ODF1	ENSG00000155087
14175.0	0.0003	RGS8	ENSG00000135824
14175.0	0.0003	STAP1	ENSG00000035720
14175.0	0.0003	AHSP	ENSG00000169877
14175.0	0.0003	MINDY1	ENSG00000143409
14175.0	0.0003	EPB41L5	ENSG00000115109
14175.0	0.0003	ELF5	ENSG00000135374
14175.0	0.0003	RPRD1B	ENSG00000101413
14175.0	0.0003	PIM1	ENSG00000137193
14175.0	0.0003	PTGR3	ENSG00000180011
14175.0	0.0003	TNFRSF17	ENSG00000048462
14175.0	0.0003	JMJD6	ENSG00000070495
14175.0	0.0003	CRNN	ENSG00000143536
14175.0	0.0003	IL1RN	ENSG00000136689
14175.0	0.0003	RBMY1J	ENSG00000226941
14175.0	0.0003	PRMT3	ENSG00000185238
14175.0	0.0003	RABGGTB	ENSG00000137955
14175.0	0.0003	HSBP1	ENSG00000230989
14175.0	0.0003	FOXF2	ENSG00000137273
14175.0	0.0003	RAB3IL1	ENSG00000167994
14175.0	0.0003	APOBEC3B	ENSG00000179750
14175.0	0.0003	AQR	ENSG00000021776
14175.0	0.0003	HAMP	ENSG00000105697
14175.0	0.0003	ERCC6L2	ENSG00000182150
14175.0	0.0003	PPP1R13B	ENSG00000088808
14175.0	0.0003	ZFHX4	ENSG00000091656
14175.0	0.0003	FUT7	ENSG00000180549
14175.0	0.0003	RAB22A	ENSG00000124209
14175.0	0.0003	CHST11	ENSG00000171310
14175.0	0.0003	GTF2A1L	ENSG00000242441
14175.0	0.0003	DCUN1D2	ENSG00000150401
14175.0	0.0003	IKZF4	ENSG00000123411
14175.0	0.0003	ZNF606	ENSG00000166704
14175.0	0.0003	ZNF76	ENSG00000065029
14175.0	0.0003	DCUN1D5	ENSG00000137692
14175.0	0.0003	FRMD7	ENSG00000165694
14175.0	0.0003	S100A8	ENSG00000143546
14175.0	0.0003	KLF14	ENSG00000174595
14175.0	0.0003	ACVRL1	ENSG00000139567
14175.0	0.0003	IGSF8	ENSG00000162729
14175.0	0.0003	CHST13	ENSG00000180767
14175.0	0.0003	IKZF2	ENSG00000030419
14175.0	0.0003	CALCRL	ENSG00000064989
14175.0	0.0003	LIPE	ENSG00000079435
14175.0	0.0003	EPS8	ENSG00000151491
14175.0	0.0003	DSG1	ENSG00000134760
14175.0	0.0003	HGFAC	ENSG00000109758
14175.0	0.0003	WFIKKN2	ENSG00000173714
14175.0	0.0003	SLC11A1	ENSG00000018280
14175.0	0.0003	MT1A	ENSG00000205362
14175.0	0.0003	DSG3	ENSG00000134757
14175.0	0.0003	MGRN1	ENSG00000102858
14175.0	0.0003	TRIM41	ENSG00000146063
14175.0	0.0003	OTOF	ENSG00000115155
14175.0	0.0003	SPAG4	ENSG00000061656
14175.0	0.0003	RGS17	ENSG00000091844
14175.0	0.0003	YJU2	ENSG00000105248
14175.0	0.0003	BEGAIN	ENSG00000183092
14175.0	0.0003	TWF2	ENSG00000247596
14175.0	0.0003	MTG2	ENSG00000101181
14175.0	0.0003	PAQR5	ENSG00000137819
14175.0	0.0003	BCAT1	ENSG00000060982
14175.0	0.0003	FSHB	ENSG00000131808
14175.0	0.0003	KCTD6	ENSG00000168301
14175.0	0.0003	ABTB2	ENSG00000166016
14175.0	0.0003	ZPBP2	ENSG00000186075
14175.0	0.0003	OSR2	ENSG00000164920
14175.0	0.0003	HNRNPCL1	ENSG00000179172
14175.0	0.0003	ZNF365	ENSG00000138311
14175.0	0.0003	KRT18	ENSG00000111057
14175.0	0.0003	PARVA	ENSG00000197702
14175.0	0.0003	DCUN1D3	ENSG00000188215
14175.0	0.0003	MT1E	ENSG00000169715
14175.0	0.0003	CCDC12	ENSG00000160799
14175.0	0.0003	LGR4	ENSG00000205213
14175.0	0.0003	SPARCL1	ENSG00000152583
14175.0	0.0003	NIF3L1	ENSG00000196290
14175.0	0.0003	LGR6	ENSG00000133067
14175.0	0.0003	APOBEC1	ENSG00000111701
14175.0	0.0003	LOXHD1	ENSG00000167210
14175.0	0.0003	DEDD2	ENSG00000160570
14175.0	0.0003	PPP1R13L	ENSG00000104881
14175.0	0.0003	NAT9	ENSG00000109065
14175.0	0.0003	HBP1	ENSG00000105856
14175.0	0.0003	PTCD2	ENSG00000049883
14175.0	0.0003	S100A7	ENSG00000143556
14175.0	0.0003	MYCT1	ENSG00000120279
14175.0	0.0003	TNFSF9	ENSG00000125657
14175.0	0.0003	LASP1	ENSG00000002834
14175.0	0.0003	DSEL	ENSG00000171451
14175.0	0.0003	ZCCHC8	ENSG00000033030
14175.0	0.0003	IL36B	ENSG00000136696
14175.0	0.0003	CD200	ENSG00000091972
14175.0	0.0003	RIC8B	ENSG00000111785
14175.0	0.0003	DNASE1L2	ENSG00000167968
14175.0	0.0003	PGGT1B	ENSG00000164219
14175.0	0.0003	C1QC	ENSG00000159189
14175.0	0.0003	PPP1R14B	ENSG00000173457
14175.0	0.0003	CCL7	ENSG00000108688
14175.0	0.0003	GLIPR2	ENSG00000122694
14175.0	0.0003	PADI2	ENSG00000117115
14175.0	0.0003	NMT1	ENSG00000136448
14175.0	0.0003	ZMYND19	ENSG00000165724
14175.0	0.0003	CAVIN2	ENSG00000168497
14175.0	0.0003	TCEANC2	ENSG00000116205
14175.0	0.0003	RBM3	ENSG00000102317
14175.0	0.0003	LRRC39	ENSG00000122477
14175.0	0.0003	MAGEH1	ENSG00000187601
14175.0	0.0003	LRRC66	ENSG00000188993
14175.0	0.0003	KBTBD7	ENSG00000120696
14175.0	0.0003	RAMP1	ENSG00000132329
14175.0	0.0003	LRRC8E	ENSG00000171017
14175.0	0.0003	LRRN3	ENSG00000173114
14175.0	0.0003	LRRIQ4	ENSG00000188306
14175.0	0.0003	MDN1	ENSG00000112159
14175.0	0.0003	RASSF7	ENSG00000099849
14175.0	0.0003	SRRM4	ENSG00000139767
14175.0	0.0003	NUDT16L1	ENSG00000168101
14175.0	0.0003	TCEANC	ENSG00000176896
14175.0	0.0003	MZB1	ENSG00000170476
14175.0	0.0003	TCTE1	ENSG00000146221
14175.0	0.0003	ECM2	ENSG00000106823
14175.0	0.0003	GFI1B	ENSG00000165702
14175.0	0.0003	GREM2	ENSG00000180875
14175.0	0.0003	CHAD	ENSG00000136457
14175.0	0.0003	DDX46	ENSG00000145833
14175.0	0.0003	IGFALS	ENSG00000099769
14175.0	0.0003	FSTL1	ENSG00000163430
14175.0	0.0003	TNFRSF10D	ENSG00000173530
14175.0	0.0003	LRIT3	ENSG00000183423
14175.0	0.0003	RAMP3	ENSG00000122679
14175.0	0.0003	LINGO3	ENSG00000220008
14175.0	0.0003	RAMP2	ENSG00000131477
14175.0	0.0003	LRIT1	ENSG00000148602
14175.0	0.0003	BGN	ENSG00000182492
14175.0	0.0003	LRIT2	ENSG00000204033
14175.0	0.0003	KIF24	ENSG00000186638
14175.0	0.0003	TNS4	ENSG00000131746
14175.0	0.0003	LRRC38	ENSG00000162494
14175.0	0.0003	ADGRA3	ENSG00000152990
14175.0	0.0003	CLEC6A	ENSG00000205846
14175.0	0.0003	LRRC24	ENSG00000254402
14175.0	0.0003	LRWD1	ENSG00000161036
14175.0	0.0003	LRRN2	ENSG00000170382
14175.0	0.0003	RASSF4	ENSG00000107551
14175.0	0.0003	MFHAS1	ENSG00000147324
14175.0	0.0003	TPBG	ENSG00000146242
14175.0	0.0003	LRRC55	ENSG00000183908
14175.0	0.0003	TSKU	ENSG00000182704
14175.0	0.0003	LRRC52	ENSG00000162763
14175.0	0.0003	LRIG3	ENSG00000139263
14175.0	0.0003	ASPN	ENSG00000106819
14175.0	0.0003	LRRC70	ENSG00000186105
14175.0	0.0003	VASN	ENSG00000168140
14175.0	0.0003	LINGO2	ENSG00000174482
14175.0	0.0003	LRTM1	ENSG00000144771
14175.0	0.0003	LRRC15	ENSG00000172061
14175.0	0.0003	OPTC	ENSG00000188770
14175.0	0.0003	XRRA1	ENSG00000166435
14175.0	0.0003	LRRC8D	ENSG00000171492
14175.0	0.0003	LRRC8A	ENSG00000136802
14175.0	0.0003	LRRC8B	ENSG00000197147
14175.0	0.0003	PODN	ENSG00000174348
14175.0	0.0003	LRRC8C	ENSG00000171488
14175.0	0.0003	CHADL	ENSG00000100399
14175.0	0.0003	EPYC	ENSG00000083782
14175.0	0.0003	IGSF10	ENSG00000152580
14175.0	0.0003	ISLR	ENSG00000129009
14175.0	0.0003	ISLR2	ENSG00000167178
14175.0	0.0003	LINGO4	ENSG00000213171
14175.0	0.0003	LRCH1	ENSG00000136141
14175.0	0.0003	LRFN3	ENSG00000126243
14175.0	0.0003	LRG1	ENSG00000171236
14175.0	0.0003	LRRC10B	ENSG00000204950
14175.0	0.0003	LRRC17	ENSG00000128606
14175.0	0.0003	LRRC18	ENSG00000165383
14175.0	0.0003	LRRC19	ENSG00000184434
14175.0	0.0003	LRRC2	ENSG00000163827
14175.0	0.0003	LRRC28	ENSG00000168904
14175.0	0.0003	LRRC30	ENSG00000206422
14175.0	0.0003	LRRC57	ENSG00000180979
14175.0	0.0003	LRRC58	ENSG00000163428
14175.0	0.0003	LRRD1	ENSG00000240720
14175.0	0.0003	LRRN1	ENSG00000175928
14175.0	0.0003	LRRN4	ENSG00000125872
14175.0	0.0003	LRTM2	ENSG00000166159
14175.0	0.0003	MXRA5	ENSG00000101825
14175.0	0.0003	PODNL1	ENSG00000132000
14175.0	0.0003	RRAGC	ENSG00000116954
14175.0	0.0003	DDX43	ENSG00000080007
14175.0	0.0003	COPS7B	ENSG00000144524
14175.0	0.0003	CCL17	ENSG00000102970
14175.0	0.0003	TRAT1	ENSG00000163519
14175.0	0.0003	ICMT	ENSG00000116237
14175.0	0.0003	MYCL	ENSG00000116990
14175.0	0.0003	TOX2	ENSG00000124191
14175.0	0.0003	NAP1L2	ENSG00000186462
14175.0	0.0003	RRAGB	ENSG00000083750
14175.0	0.0003	FBXO42	ENSG00000037637
14175.0	0.0003	TMEM81	ENSG00000174529
14175.0	0.0003	FNBP4	ENSG00000109920
14175.0	0.0003	MANF	ENSG00000145050
14175.0	0.0003	LMOD1	ENSG00000163431
14175.0	0.0003	STRC	ENSG00000242866
14175.0	0.0003	ISY1	ENSG00000240682
14175.0	0.0003	DCDC2	ENSG00000146038
14175.0	0.0003	RRAGA	ENSG00000155876
14175.0	0.0003	ISY1-RAB43	ENSG00000261796
14175.0	0.0003	MGAM	ENSG00000257335
14175.0	0.0003	GJC1	ENSG00000182963
14175.0	0.0003	CHRDL2	ENSG00000054938
14175.0	0.0003	DUSP11	ENSG00000144048
14175.0	0.0003	ELK4	ENSG00000158711
14175.0	0.0003	TFEB	ENSG00000112561
14175.0	0.0003	SLC35B1	ENSG00000121073
14175.0	0.0003	TSR3	ENSG00000007520
14175.0	0.0003	SDE2	ENSG00000143751
14175.0	0.0003	DAZ1	ENSG00000188120
14175.0	0.0003	SLC12A4	ENSG00000124067
14175.0	0.0003	INHA	ENSG00000123999
14175.0	0.0003	AKTIP	ENSG00000166971
14175.0	0.0003	BACH1	ENSG00000156273
14175.0	0.0003	CAND2	ENSG00000144712
14175.0	0.0003	RNF128	ENSG00000133135
14175.0	0.0003	DAZ4	ENSG00000205916
14175.0	0.0003	S100A2	ENSG00000196754
14175.0	0.0003	GPR119	ENSG00000147262
14175.0	0.0003	CRP	ENSG00000132693
14175.0	0.0003	MLLT6	ENSG00000108292
14175.0	0.0003	BMP10	ENSG00000163217
14175.0	0.0003	CD248	ENSG00000174807
14175.0	0.0003	MYO1F	ENSG00000142347
14175.0	0.0003	OGA	ENSG00000198408
14175.0	0.0003	ELOA2	ENSG00000206181
14175.0	0.0003	WDR6	ENSG00000178252
14175.0	0.0003	STK32C	ENSG00000165752
14175.0	0.0003	TRMT9B	ENSG00000250305
14175.0	0.0003	ZFAND2A	ENSG00000178381
14175.0	0.0003	DHX34	ENSG00000134815
14175.0	0.0003	ONECUT3	ENSG00000205922
14175.0	0.0003	RABIF	ENSG00000183155
14175.0	0.0003	FAP	ENSG00000078098
14175.0	0.0003	SLC9A8	ENSG00000197818
14175.0	0.0003	CPNE7	ENSG00000178773
14175.0	0.0003	FNIP2	ENSG00000052795
14175.0	0.0003	NVL	ENSG00000143748
14175.0	0.0003	CCL23	ENSG00000167236
14175.0	0.0003	GCNT3	ENSG00000140297
14175.0	0.0003	SWAP70	ENSG00000133789
14175.0	0.0003	IDI2	ENSG00000148377
14175.0	0.0003	AS3MT	ENSG00000214435
14175.0	0.0003	STRIP2	ENSG00000128578
14175.0	0.0003	NOTUM	ENSG00000185269
14175.0	0.0003	CASP14	ENSG00000105141
14175.0	0.0003	THPO	ENSG00000090534
14175.0	0.0003	DNAJC15	ENSG00000120675
14175.0	0.0003	SLC20A1	ENSG00000144136
14175.0	0.0003	SLC25A31	ENSG00000151475
14175.0	0.0003	S100A4	ENSG00000196154
14175.0	0.0003	P2RX7	ENSG00000089041
14175.0	0.0003	DNAJC24	ENSG00000170946
14175.0	0.0003	SLC28A3	ENSG00000197506
14175.0	0.0003	MTERF2	ENSG00000120832
14175.0	0.0003	HBQ1	ENSG00000086506
14175.0	0.0003	BLZF1	ENSG00000117475
14175.0	0.0003	CNGA4	ENSG00000132259
14175.0	0.0003	TAAR5	ENSG00000135569
14175.0	0.0003	KMO	ENSG00000117009
14175.0	0.0003	UNCX	ENSG00000164853
14175.0	0.0003	DDX4	ENSG00000152670
14175.0	0.0003	THAP2	ENSG00000173451
14175.0	0.0003	GPATCH1	ENSG00000076650
14175.0	0.0003	TWSG1	ENSG00000128791
14175.0	0.0003	DNAJC5B	ENSG00000147570
14175.0	0.0003	TNFRSF14	ENSG00000157873
14175.0	0.0003	DNAJC16	ENSG00000116138
14175.0	0.0003	SLC28A1	ENSG00000156222
14175.0	0.0003	TESPA1	ENSG00000135426
14175.0	0.0003	EHD3	ENSG00000013016
14175.0	0.0003	NHLH2	ENSG00000177551
14175.0	0.0003	GPRC5C	ENSG00000170412
14175.0	0.0003	CRIM1	ENSG00000150938
14175.0	0.0003	DHX33	ENSG00000005100
14175.0	0.0003	GPRC5A	ENSG00000013588
14175.0	0.0003	KLK2	ENSG00000167751
14175.0	0.0003	CWF19L2	ENSG00000152404
14175.0	0.0003	GIGYF1	ENSG00000146830
14175.0	0.0003	CORT	ENSG00000241563
14175.0	0.0003	CCL14	ENSG00000213494
14175.0	0.0003	ZCCHC17	ENSG00000121766
14175.0	0.0003	GET1	ENSG00000182093
14175.0	0.0003	FKBP5	ENSG00000096060
14175.0	0.0003	PPME1	ENSG00000214517
14175.0	0.0003	TTC27	ENSG00000018699
14175.0	0.0003	APOBEC3D	ENSG00000243811
14175.0	0.0003	C1orf35	ENSG00000143793
14175.0	0.0003	PPIL2	ENSG00000100023
14175.0	0.0003	TUB	ENSG00000166402
14175.0	0.0003	CCL18	ENSG00000006074
14175.0	0.0003	AKAP8L	ENSG00000011243
14175.0	0.0003	SLA	ENSG00000155926
14175.0	0.0003	SLC14A2	ENSG00000132874
14175.0	0.0003	TPD52	ENSG00000076554
14175.0	0.0003	VWCE	ENSG00000167992
14175.0	0.0003	UBASH3A	ENSG00000160185
14175.0	0.0003	GRK7	ENSG00000114124
14175.0	0.0003	LCE3C	ENSG00000244057
14175.0	0.0003	KNDC1	ENSG00000171798
14175.0	0.0003	TGM1	ENSG00000092295
14175.0	0.0003	MAGEF1	ENSG00000177383
14175.0	0.0003	SPATA4	ENSG00000150628
14175.0	0.0003	WHAMM	ENSG00000156232
14175.0	0.0003	ADGRE5	ENSG00000123146
14175.0	0.0003	CHSY3	ENSG00000198108
14175.0	0.0003	NIPAL4	ENSG00000172548
14175.0	0.0003	GPRASP1	ENSG00000198932
14175.0	0.0003	UBASH3B	ENSG00000154127
14175.0	0.0003	HS1BP3	ENSG00000118960
14175.0	0.0003	C11orf58	ENSG00000110696
14175.0	0.0003	SULF2	ENSG00000196562
14175.0	0.0003	SP6	ENSG00000189120
14175.0	0.0003	DEFB1	ENSG00000164825
14175.0	0.0003	APOBEC3F	ENSG00000128394
14175.0	0.0003	NUFIP2	ENSG00000108256
14175.0	0.0003	DNAJC11	ENSG00000007923
14175.0	0.0003	DNAJC5G	ENSG00000163793
14175.0	0.0003	DNAJC4	ENSG00000110011
14175.0	0.0003	DNAJC25	ENSG00000059769
14175.0	0.0003	TIMP2	ENSG00000035862
14175.0	0.0003	CTSG	ENSG00000100448
14175.0	0.0003	DHX35	ENSG00000101452
14175.0	0.0003	SECISBP2L	ENSG00000138593
14175.0	0.0003	FSTL3	ENSG00000070404
14175.0	0.0003	BARX1	ENSG00000131668
14175.0	0.0003	SEP15	ENSG00000183291
14175.0	0.0003	EEF2KMT	ENSG00000118894
14175.0	0.0003	NABP1	ENSG00000173559
14175.0	0.0003	ADGRE2	ENSG00000127507
14175.0	0.0003	NOX5	ENSG00000255346
14175.0	0.0003	PAPPA	ENSG00000182752
14175.0	0.0003	MS4A2	ENSG00000149534
14175.0	0.0003	FCER1A	ENSG00000179639
14175.0	0.0003	ATP2C2	ENSG00000064270
14175.0	0.0003	FIRRM	ENSG00000000460
14175.0	0.0003	PLPP6	ENSG00000205808
14175.0	0.0003	XBP1	ENSG00000100219
14175.0	0.0003	GIPC3	ENSG00000179855
14175.0	0.0003	TPD52L2	ENSG00000101150
14175.0	0.0003	MAST4	ENSG00000069020
14175.0	0.0003	ZBTB25	ENSG00000089775
14175.0	0.0003	ARHGEF5	ENSG00000050327
14175.0	0.0003	OTP	ENSG00000171540
14175.0	0.0003	AHSA1	ENSG00000100591
14175.0	0.0003	LGALS7	ENSG00000205076
14175.0	0.0003	INF2	ENSG00000203485
14175.0	0.0003	GRXCR1	ENSG00000215203
14175.0	0.0003	AHSA2P	ENSG00000173209
14175.0	0.0003	FAM3C	ENSG00000196937
14175.0	0.0003	OR8S1	ENSG00000197376
14175.0	0.0003	ECEL1	ENSG00000171551
14175.0	0.0003	CEMP1	ENSG00000205923
14175.0	0.0003	MAP4	ENSG00000047849
14175.0	0.0003	GABRR2	ENSG00000111886
14175.0	0.0003	HOXC9	ENSG00000180806
14175.0	0.0003	LRRC14	ENSG00000160959
14175.0	0.0003	STATH	ENSG00000126549
14175.0	0.0003	LCMT1	ENSG00000205629
14175.0	0.0003	GPR151	ENSG00000173250
14175.0	0.0003	DAP	ENSG00000112977
14175.0	0.0003	STK11IP	ENSG00000144589
14175.0	0.0003	SRPK3	ENSG00000184343
14175.0	0.0003	AQP10	ENSG00000143595
14175.0	0.0003	SFRP5	ENSG00000120057
14175.0	0.0003	MTF1	ENSG00000188786
14175.0	0.0003	HOXC12	ENSG00000123407
14175.0	0.0003	PATZ1	ENSG00000100105
14175.0	0.0003	IGFBP1	ENSG00000146678
14175.0	0.0003	RAB35	ENSG00000111737
14175.0	0.0003	ANKK1	ENSG00000170209
14175.0	0.0003	KLHL18	ENSG00000114648
14175.0	0.0003	THUMPD3	ENSG00000134077
14175.0	0.0003	PCBD2	ENSG00000132570
14175.0	0.0003	OR2W3	ENSG00000238243
14175.0	0.0003	MAP7D1	ENSG00000116871
14175.0	0.0003	FBXO22	ENSG00000167196
14175.0	0.0003	ASCL2	ENSG00000183734
14175.0	0.0003	SIRT4	ENSG00000089163
14175.0	0.0003	DFFB	ENSG00000169598
14175.0	0.0003	PLEKHA7	ENSG00000166689
14175.0	0.0003	NEK3	ENSG00000136098
14175.0	0.0003	PARM1	ENSG00000169116
14175.0	0.0003	BCL2L2	ENSG00000129473
14175.0	0.0003	CTHRC1	ENSG00000164932
14175.0	0.0003	NKX2-3	ENSG00000119919
14175.0	0.0003	CHST3	ENSG00000122863
14175.0	0.0003	COA4	ENSG00000181924
14175.0	0.0003	TLCD3A	ENSG00000167695
14175.0	0.0003	BARX2	ENSG00000043039
14175.0	0.0003	NUDCD2	ENSG00000170584
14175.0	0.0003	CD177	ENSG00000204936
14175.0	0.0003	PTGES3L	ENSG00000267060
14175.0	0.0003	TLX2	ENSG00000115297
14175.0	0.0003	MARCHF3	ENSG00000173926
14175.0	0.0003	MAK	ENSG00000111837
14175.0	0.0003	KLK4	ENSG00000167749
14175.0	0.0003	SHKBP1	ENSG00000160410
14175.0	0.0003	FOXI2	ENSG00000186766
14175.0	0.0003	YTHDF2	ENSG00000198492
14175.0	0.0003	SSBP3	ENSG00000157216
14175.0	0.0003	KCNJ14	ENSG00000182324
14175.0	0.0003	MARCHF2	ENSG00000099785
14175.0	0.0003	USP39	ENSG00000168883
14175.0	0.0003	SIGIRR	ENSG00000185187
14175.0	0.0003	RHEBL1	ENSG00000167550
14175.0	0.0003	MCAT	ENSG00000100294
14175.0	0.0003	PRCP	ENSG00000137509
14175.0	0.0003	GAS8-AS1	ENSG00000221819
14175.0	0.0003	FOXN2	ENSG00000170802
14175.0	0.0003	LAD1	ENSG00000159166
14175.0	0.0003	CHST1	ENSG00000175264
14175.0	0.0003	GADL1	ENSG00000144644
14175.0	0.0003	CHST12	ENSG00000136213
14175.0	0.0003	CHPF2	ENSG00000033100
14175.0	0.0003	CCL15	ENSG00000267596
14175.0	0.0003	PRP4K	ENSG00000112739
14175.0	0.0003	RP11-78H18.2	ENSG00000229817
14175.0	0.0003	CCL3L3	ENSG00000256515
14175.0	0.0003	CIP2A	ENSG00000163507
14175.0	0.0003	CHST15	ENSG00000182022
14175.0	0.0003	TGM4	ENSG00000163810
14175.0	0.0003	MBOAT4	ENSG00000177669
14175.0	0.0003	PPP6R1	ENSG00000105063
14175.0	0.0003	RBAK	ENSG00000146587
14175.0	0.0003	PRM1	ENSG00000175646
14175.0	0.0003	ABCA12	ENSG00000144452
14175.0	0.0003	ARHGAP27	ENSG00000159314
14175.0	0.0003	SLC25A24	ENSG00000085491
14175.0	0.0003	MIF4GD	ENSG00000125457
14175.0	0.0003	AQP7	ENSG00000165269
14175.0	0.0003	CNNM1	ENSG00000119946
14175.0	0.0003	RNASE7	ENSG00000165799
14175.0	0.0003	MICOS10	ENSG00000173436
14175.0	0.0003	PPP6R2	ENSG00000100239
14175.0	0.0003	AARSD1	ENSG00000266967
14175.0	0.0003	GPR179	ENSG00000188888
14175.0	0.0003	PABPN1L	ENSG00000205022
14175.0	0.0003	THEMIS	ENSG00000172673
14175.0	0.0003	MSANTD1	ENSG00000188981
14175.0	0.0003	DET1	ENSG00000140543
14175.0	0.0003	GLYATL2	ENSG00000156689
14175.0	0.0003	AQP9	ENSG00000103569
14175.0	0.0003	MAGED2	ENSG00000102316
14175.0	0.0003	ZNF521	ENSG00000198795
14175.0	0.0003	TMEM117	ENSG00000139173
14175.0	0.0003	ANGEL1	ENSG00000013523
14175.0	0.0003	RAB36	ENSG00000100228
14175.0	0.0003	COPRS	ENSG00000172301
14175.0	0.0003	GOLGA4	ENSG00000144674
14175.0	0.0003	DDA1	ENSG00000130311
14175.0	0.0003	TRIM24	ENSG00000122779
14175.0	0.0003	SCAI	ENSG00000173611
14175.0	0.0003	SHPRH	ENSG00000146414
14175.0	0.0003	OR13G1	ENSG00000197437
14175.0	0.0003	TVP23A	ENSG00000166676
14175.0	0.0003	TVP23B	ENSG00000171928
14175.0	0.0003	TVP23C	ENSG00000175106
14175.0	0.0003	SLC45A3	ENSG00000158715
14175.0	0.0003	LDLRAD4	ENSG00000168675
14175.0	0.0003	ICA1	ENSG00000003147
14175.0	0.0003	SLC39A9	ENSG00000029364
14175.0	0.0003	CASQ2	ENSG00000118729
14175.0	0.0003	ZNF483	ENSG00000173258
14175.0	0.0003	MTHFSD	ENSG00000103248
14175.0	0.0003	PPP1R17	ENSG00000106341
14175.0	0.0003	NUDT5	ENSG00000165609
14175.0	0.0003	PPP4R3B	ENSG00000138041
14175.0	0.0003	ANO7	ENSG00000146205
14175.0	0.0003	ZNRF4	ENSG00000105428
14175.0	0.0003	MAGEA3	ENSG00000221867
14175.0	0.0003	AQP6	ENSG00000086159
14175.0	0.0003	CD99	ENSG00000002586
14175.0	0.0003	AQP5	ENSG00000161798
14175.0	0.0003	AQP8	ENSG00000103375
14175.0	0.0003	PPIL3	ENSG00000240344
14175.0	0.0003	STC2	ENSG00000113739
14175.0	0.0003	SIM1	ENSG00000112246
14175.0	0.0003	PLEK	ENSG00000115956
14175.0	0.0003	ABCG8	ENSG00000143921
14175.0	0.0003	KRT86	ENSG00000170442
14175.0	0.0003	ZNF850	ENSG00000267041
14175.0	0.0003	AKAP6	ENSG00000151320
14175.0	0.0003	ZNF224	ENSG00000267680
14175.0	0.0003	SYT13	ENSG00000019505
14175.0	0.0003	MARCO	ENSG00000019169
14175.0	0.0003	ZFPL1	ENSG00000162300
14175.0	0.0003	PIP	ENSG00000159763
14175.0	0.0003	BZW1	ENSG00000082153
14175.0	0.0003	PTOV1	ENSG00000104960
14175.0	0.0003	NCKIPSD	ENSG00000213672
14175.0	0.0003	SHBG	ENSG00000129214
14175.0	0.0003	BZW2	ENSG00000136261
14175.0	0.0003	FFAR4	ENSG00000186188
14175.0	0.0003	SH2B2	ENSG00000160999
14175.0	0.0003	RGS13	ENSG00000127074
14175.0	0.0003	SIVA1	ENSG00000184990
14175.0	0.0003	ANKRD28	ENSG00000206560
14175.0	0.0003	GOT1L1	ENSG00000169154
14175.0	0.0003	ZG16B	ENSG00000162078
14175.0	0.0003	TNP1	ENSG00000118245
14175.0	0.0003	GARIN6	ENSG00000180219
14175.0	0.0003	FDXACB1	ENSG00000255561
14175.0	0.0003	TULP3	ENSG00000078246
14175.0	0.0003	WIPF3	ENSG00000122574
14175.0	0.0003	DNAJC1	ENSG00000136770
14175.0	0.0003	RBM7	ENSG00000076053
14175.0	0.0003	USP12	ENSG00000152484
14175.0	0.0003	PRR14L	ENSG00000183530
14175.0	0.0003	FAM161B	ENSG00000156050
14175.0	0.0003	MTPN	ENSG00000105887
14175.0	0.0003	LHX5	ENSG00000089116
14175.0	0.0003	GABRR3	ENSG00000183185
14175.0	0.0003	HUS1B	ENSG00000188996
14175.0	0.0003	CHCHD7	ENSG00000170791
14175.0	0.0003	S100A9	ENSG00000163220
14175.0	0.0003	F7	ENSG00000057593
14175.0	0.0003	SNCG	ENSG00000173267
14175.0	0.0003	CCDC85A	ENSG00000055813
14175.0	0.0003	PMEPA1	ENSG00000124225
14175.0	0.0003	ETV2	ENSG00000105672
14175.0	0.0003	AHRR	ENSG00000063438
14175.0	0.0003	RAB5C	ENSG00000108774
14175.0	0.0003	RSPH14	ENSG00000100218
14175.0	0.0003	RIDA	ENSG00000132541
14175.0	0.0003	MCMDC2	ENSG00000178460
14175.0	0.0003	USP31	ENSG00000103404
14175.0	0.0003	IRX4	ENSG00000113430
14175.0	0.0003	ADHFE1	ENSG00000147576
14175.0	0.0003	DNAJC17	ENSG00000104129
14175.0	0.0003	YTHDC1	ENSG00000083896
14175.0	0.0003	TBX22	ENSG00000122145
14175.0	0.0003	MAGEC2	ENSG00000046774
14175.0	0.0003	TNK1	ENSG00000174292
14175.0	0.0003	CEP350	ENSG00000135837
14175.0	0.0003	TRIM17	ENSG00000162931
14175.0	0.0003	CFI	ENSG00000205403
14175.0	0.0003	PRR14	ENSG00000156858
14175.0	0.0003	KLF3	ENSG00000109787
14175.0	0.0003	DSC3	ENSG00000134762
14175.0	0.0003	E4F1	ENSG00000167967
14175.0	0.0003	SNX8	ENSG00000106266
14175.0	0.0003	NASP	ENSG00000132780
14175.0	0.0003	AIF1	ENSG00000204472
14175.0	0.0003	SERTAD4	ENSG00000082497
14175.0	0.0003	DAPK3	ENSG00000167657
14175.0	0.0003	SCG3	ENSG00000104112
14175.0	0.0003	SSBP4	ENSG00000130511
14175.0	0.0003	OTULIN	ENSG00000154124
14175.0	0.0003	USP43	ENSG00000154914
14175.0	0.0003	NLRC4	ENSG00000091106
14175.0	0.0003	APOBEC4	ENSG00000173627
14175.0	0.0003	MAGEB1	ENSG00000214107
14175.0	0.0003	SLAMF1	ENSG00000117090
14175.0	0.0003	GOLT1A	ENSG00000174567
14175.0	0.0003	GOLT1B	ENSG00000111711
14175.0	0.0003	GCNT4	ENSG00000176928
14175.0	0.0003	STC1	ENSG00000159167
14175.0	0.0003	FAM120C	ENSG00000184083
14175.0	0.0003	NRBF2	ENSG00000148572
14175.0	0.0003	CNNM3	ENSG00000168763
14175.0	0.0003	CNNM4	ENSG00000158158
14175.0	0.0003	CCZ1	ENSG00000122674
14175.0	0.0003	CCZ1B	ENSG00000146574
14175.0	0.0003	CCDC88B	ENSG00000168071
14175.0	0.0003	SLC25A18	ENSG00000182902
14175.0	0.0003	SCAF8	ENSG00000213079
14175.0	0.0003	KLRC3	ENSG00000205810
14175.0	0.0003	COA5	ENSG00000183513
14175.0	0.0003	GALNT9	ENSG00000182870
14175.0	0.0003	PRKCH	ENSG00000027075
14175.0	0.0003	DDX50	ENSG00000107625
14175.0	0.0003	NFAT5	ENSG00000102908
14175.0	0.0003	PAX4	ENSG00000106331
14175.0	0.0003	OSGIN2	ENSG00000164823
14175.0	0.0003	RNF19B	ENSG00000116514
14175.0	0.0003	ZFAND5	ENSG00000107372
14175.0	0.0003	NUDT15	ENSG00000136159
14175.0	0.0003	RBM24	ENSG00000112183
14175.0	0.0003	SNX6	ENSG00000129515
14175.0	0.0003	CEACAM5	ENSG00000105388
14175.0	0.0003	SLC5A2	ENSG00000140675
14175.0	0.0003	SCRT1	ENSG00000170616
14175.0	0.0003	RNF25	ENSG00000163481
14175.0	0.0003	CAPG	ENSG00000042493
14175.0	0.0003	PIM3	ENSG00000198355
14175.0	0.0003	SERPINB4	ENSG00000206073
14175.0	0.0003	ZFAND3	ENSG00000156639
14175.0	0.0003	IVL	ENSG00000163207
14175.0	0.0003	MOSPD2	ENSG00000130150
14175.0	0.0003	SH2D1A	ENSG00000183918
14175.0	0.0003	MAPKAPK5	ENSG00000089022
14175.0	0.0003	ONECUT2	ENSG00000119547
14175.0	0.0003	POC5	ENSG00000152359
14175.0	0.0003	DENND11	ENSG00000257093
14175.0	0.0003	SLPI	ENSG00000124107
14175.0	0.0003	TET1	ENSG00000138336
14175.0	0.0003	COMMD5	ENSG00000170619
14175.0	0.0003	VENTX	ENSG00000151650
14175.0	0.0003	CMC1	ENSG00000187118
14175.0	0.0003	LARP1	ENSG00000155506
14175.0	0.0003	SERPINB9	ENSG00000170542
14175.0	0.0003	DENND10	ENSG00000119979
14175.0	0.0003	DENND6A	ENSG00000174839
14175.0	0.0003	LARP1B	ENSG00000138709
14175.0	0.0003	HPS4	ENSG00000100099
14175.0	0.0003	CTU2	ENSG00000174177
14175.0	0.0003	HPS5	ENSG00000110756
14175.0	0.0003	GGN	ENSG00000179168
14175.0	0.0003	ALKBH2	ENSG00000189046
14175.0	0.0003	HPS1	ENSG00000107521
14175.0	0.0003	MBD4	ENSG00000129071
14175.0	0.0003	TPSG1	ENSG00000116176
14175.0	0.0003	TRAM2	ENSG00000065308
14175.0	0.0003	OLAH	ENSG00000152463
14175.0	0.0003	RAD9B	ENSG00000151164
14175.0	0.0003	TREX2	ENSG00000183479
14175.0	0.0003	CTU1	ENSG00000142544
14175.0	0.0003	FADS3	ENSG00000221968
14175.0	0.0003	DMTN	ENSG00000158856
14175.0	0.0003	PCDHA2	ENSG00000204969
14175.0	0.0003	LYPD4	ENSG00000183103
14175.0	0.0003	CUL9	ENSG00000112659
14175.0	0.0003	PRG4	ENSG00000116690
14175.0	0.0003	CALU	ENSG00000128595
14175.0	0.0003	ZBED4	ENSG00000100426
14175.0	0.0003	RAP2B	ENSG00000181467
14175.0	0.0003	TAS2R50	ENSG00000212126
14175.0	0.0003	PSD	ENSG00000059915
14175.0	0.0003	HYAL2	ENSG00000068001
14175.0	0.0003	EPHX1	ENSG00000143819
14175.0	0.0003	MIA	ENSG00000261857
14175.0	0.0003	MS4A4A	ENSG00000110079
14175.0	0.0003	FAM168A	ENSG00000054965
14175.0	0.0003	CD226	ENSG00000150637
14175.0	0.0003	HEYL	ENSG00000163909
14175.0	0.0003	PTPN14	ENSG00000152104
14175.0	0.0003	SLC10A3	ENSG00000126903
14175.0	0.0003	CSRP2	ENSG00000175183
14175.0	0.0003	CYB561D2	ENSG00000114395
14175.0	0.0003	SNX5	ENSG00000089006
14175.0	0.0003	CCN5	ENSG00000064205
14175.0	0.0003	TMPRSS9	ENSG00000178297
14175.0	0.0003	MAGEA4	ENSG00000147381
14175.0	0.0003	HUNK	ENSG00000142149
14175.0	0.0003	KIR2DL1	ENSG00000125498
14175.0	0.0003	FBXL6	ENSG00000182325
14175.0	0.0003	SCG2	ENSG00000171951
14175.0	0.0003	MS4A10	ENSG00000172689
14175.0	0.0003	NXPH1	ENSG00000122584
14175.0	0.0003	ATXN7L2	ENSG00000162650
14175.0	0.0003	FBXL17	ENSG00000145743
14175.0	0.0003	SLC2A9	ENSG00000109667
14175.0	0.0003	TLK1	ENSG00000198586
14175.0	0.0003	B4GALT5	ENSG00000158470
14175.0	0.0003	MAGEC1	ENSG00000155495
14175.0	0.0003	CCHCR1	ENSG00000204536
14175.0	0.0003	ESRP1	ENSG00000104413
14175.0	0.0003	EYS	ENSG00000188107
14175.0	0.0003	MT3	ENSG00000087250
14175.0	0.0003	HVCN1	ENSG00000122986
14175.0	0.0003	PHLDA2	ENSG00000181649
14175.0	0.0003	TGM3	ENSG00000125780
14175.0	0.0003	LIN7C	ENSG00000148943
14175.0	0.0003	SLC7A4	ENSG00000099960
14175.0	0.0003	FAHD2B	ENSG00000144199
14175.0	0.0003	RBM23	ENSG00000100461
14175.0	0.0003	SERPINB1	ENSG00000021355
14175.0	0.0003	ABI3BP	ENSG00000154175
14175.0	0.0003	FNDC4	ENSG00000115226
14175.0	0.0003	FBXL9P	ENSG00000125122
14175.0	0.0003	LRRC3	ENSG00000160233
14175.0	0.0003	LRRC3C	ENSG00000204913
14175.0	0.0003	SLC22A18AS	ENSG00000254827
14175.0	0.0003	PLEKHB2	ENSG00000115762
14175.0	0.0003	MPEG1	ENSG00000197629
14175.0	0.0003	HELB	ENSG00000127311
14175.0	0.0003	ABCB5	ENSG00000004846
14175.0	0.0003	DHX36	ENSG00000174953
14175.0	0.0003	ICE1	ENSG00000164151
14175.0	0.0003	FAHD2A	ENSG00000115042
14175.0	0.0003	WDR64	ENSG00000162843
14175.0	0.0003	KRT85	ENSG00000135443
14175.0	0.0003	BCL2A1	ENSG00000140379
14175.0	0.0003	ARGLU1	ENSG00000134884
14175.0	0.0003	SSX4B	ENSG00000198946
14175.0	0.0003	ENTREP1	ENSG00000135063
14175.0	0.0003	IER3	ENSG00000137331
14175.0	0.0003	DKFZP761J1410	ENSG00000105520
14175.0	0.0003	CYP2F1	ENSG00000197446
14175.0	0.0003	PLAAT4	ENSG00000133321
14175.0	0.0003	ALKBH3	ENSG00000166199
14175.0	0.0003	LRP3	ENSG00000130881
14175.0	0.0003	TRIM59	ENSG00000213186
14175.0	0.0003	HS3ST4	ENSG00000182601
14175.0	0.0003	HSFX1	ENSG00000171116
14175.0	0.0003	HSFX2	ENSG00000171129
14175.0	0.0003	HSFY1	ENSG00000172468
14175.0	0.0003	IFIT5	ENSG00000152778
14175.0	0.0003	XYLB	ENSG00000093217
14175.0	0.0003	FKBPL	ENSG00000204315
14175.0	0.0003	IFIT1B	ENSG00000204010
14175.0	0.0003	KRIT1	ENSG00000001631
14175.0	0.0003	TOMM34	ENSG00000025772
14175.0	0.0003	TTC16	ENSG00000167094
14175.0	0.0003	TTC24	ENSG00000187862
14175.0	0.0003	TTC32	ENSG00000183891
14175.0	0.0003	RCCD1	ENSG00000166965
14175.0	0.0003	MT4	ENSG00000102891
14175.0	0.0003	SYT12	ENSG00000173227
14175.0	0.0003	DUSP22	ENSG00000112679
14175.0	0.0003	KRT26	ENSG00000186393
14175.0	0.0003	BMP3	ENSG00000152785
14175.0	0.0003	DAZAP2	ENSG00000183283
14175.0	0.0003	CCM2	ENSG00000136280
14175.0	0.0003	RDH14	ENSG00000240857
14175.0	0.0003	LONRF2	ENSG00000170500
14175.0	0.0003	RTKN	ENSG00000114993
14175.0	0.0003	RAB39A	ENSG00000179331
14175.0	0.0003	CIDEA	ENSG00000176194
14175.0	0.0003	LONRF3	ENSG00000175556
14175.0	0.0003	ZNF468	ENSG00000204604
14175.0	0.0003	ZNF83	ENSG00000167766
14175.0	0.0003	SPAM1	ENSG00000106304
14175.0	0.0003	HYAL4	ENSG00000106302
14175.0	0.0003	SCARF1	ENSG00000074660
14175.0	0.0003	MBD1	ENSG00000141644
14175.0	0.0003	DUS3L	ENSG00000141994
14175.0	0.0003	TEX11	ENSG00000120498
14175.0	0.0003	ASB9	ENSG00000102048
14175.0	0.0003	ZNF117	ENSG00000152926
14175.0	0.0003	CLPS	ENSG00000137392
14175.0	0.0003	GCM2	ENSG00000124827
14175.0	0.0003	SREK1	ENSG00000153914
14175.0	0.0003	PXDNL	ENSG00000147485
14175.0	0.0003	MMP16	ENSG00000156103
14175.0	0.0003	KRT1	ENSG00000167768
14175.0	0.0003	TAPT1	ENSG00000169762
14175.0	0.0003	BLOC1S5	ENSG00000188428
14175.0	0.0003	CST5	ENSG00000170367
14175.0	0.0003	TRIM7	ENSG00000146054
14175.0	0.0003	DMRTB1	ENSG00000143006
14175.0	0.0003	SLC47A2	ENSG00000180638
14175.0	0.0003	TFR2	ENSG00000106327
14175.0	0.0003	MTERF4	ENSG00000122085
14175.0	0.0003	CAPN7	ENSG00000131375
14175.0	0.0003	IPO7	ENSG00000205339
14175.0	0.0003	RC3H1	ENSG00000135870
14175.0	0.0003	GDPD1	ENSG00000153982
14175.0	0.0003	GPR6	ENSG00000146360
14175.0	0.0003	VRK3	ENSG00000105053
14175.0	0.0003	JPT1	ENSG00000189159
14175.0	0.0003	RTRAF	ENSG00000087302
14175.0	0.0003	PRPF38A	ENSG00000134748
14175.0	0.0003	ANKFN1	ENSG00000153930
14175.0	0.0003	BST2	ENSG00000130303
14175.0	0.0003	SCYL3	ENSG00000000457
14175.0	0.0003	SEPTIN2	ENSG00000168385
14175.0	0.0003	SRSF12	ENSG00000154548
14175.0	0.0003	FNDC5	ENSG00000160097
14175.0	0.0003	ELMOD2	ENSG00000179387
14175.0	0.0003	OR4B1	ENSG00000175619
14175.0	0.0003	PAPPA2	ENSG00000116183
14175.0	0.0003	NACA2	ENSG00000253506
14175.0	0.0003	SELK	ENSG00000113811
14175.0	0.0003	PPHLN1	ENSG00000134283
14175.0	0.0003	ZP3	ENSG00000188372
14175.0	0.0003	SP140	ENSG00000079263
14175.0	0.0003	SLITRK5	ENSG00000165300
14175.0	0.0003	COMMD6	ENSG00000188243
14175.0	0.0003	RNF130	ENSG00000113269
14175.0	0.0003	TRMT61A	ENSG00000166166
14175.0	0.0003	TPRG1L	ENSG00000158109
14175.0	0.0003	CD6	ENSG00000013725
14175.0	0.0003	DUSP9	ENSG00000130829
14175.0	0.0003	FEM1B	ENSG00000169018
14175.0	0.0003	EVI2B	ENSG00000185862
14175.0	0.0003	ACP4	ENSG00000142513
14175.0	0.0003	ADAM2	ENSG00000104755
14175.0	0.0003	HMGCLL1	ENSG00000146151
14175.0	0.0003	ZNF674	ENSG00000251192
14175.0	0.0003	TMIE	ENSG00000181585
14175.0	0.0003	ZNF81	ENSG00000197779
14175.0	0.0003	HPR	ENSG00000261701
14175.0	0.0003	CHML	ENSG00000203668
14175.0	0.0003	SLC38A4	ENSG00000139209
14175.0	0.0003	ZP4	ENSG00000116996
14175.0	0.0003	NAP1L3	ENSG00000186310
14175.0	0.0003	PDE12	ENSG00000174840
14175.0	0.0003	ZP1	ENSG00000149506
14175.0	0.0003	ADAM20	ENSG00000134007
14175.0	0.0003	NACAD	ENSG00000136274
14175.0	0.0003	FHIP1B	ENSG00000051009
14175.0	0.0003	ADAM30	ENSG00000134249
14175.0	0.0003	ADAM21	ENSG00000139985
14175.0	0.0003	SEPTIN1	ENSG00000180096
14175.0	0.0003	GTF3C6	ENSG00000155115
14175.0	0.0003	PLAC8	ENSG00000145287
14175.0	0.0003	PDILT	ENSG00000169340
14175.0	0.0003	TMEM209	ENSG00000146842
14175.0	0.0003	UTP25	ENSG00000117597
14175.0	0.0003	ZER1	ENSG00000160445
14175.0	0.0003	EVI2A	ENSG00000126860
14175.0	0.0003	WTAP	ENSG00000146457
14175.0	0.0003	GP2	ENSG00000169347
14175.0	0.0003	HOOK2	ENSG00000095066
14175.0	0.0003	TIGIT	ENSG00000181847
14175.0	0.0003	IFT70B	ENSG00000196659
14175.0	0.0003	FBXW9	ENSG00000132004
14175.0	0.0003	NKX6-3	ENSG00000165066
14175.0	0.0003	COPS9	ENSG00000172428
14175.0	0.0003	SPACA4	ENSG00000177202
14175.0	0.0003	ZNRF3	ENSG00000183579
14175.0	0.0003	SIX4	ENSG00000100625
14175.0	0.0003	ICOSLG	ENSG00000160223
14175.0	0.0003	DAB2IP	ENSG00000136848
14175.0	0.0003	CRISP2	ENSG00000124490
14175.0	0.0003	KRT2	ENSG00000172867
14175.0	0.0003	SERPINA12	ENSG00000165953
14175.0	0.0003	RSPO3	ENSG00000146374
14175.0	0.0003	WTIP	ENSG00000142279
14175.0	0.0003	CD300C	ENSG00000167850
14175.0	0.0003	PLIN4	ENSG00000167676
14175.0	0.0003	ZYG11B	ENSG00000162378
14175.0	0.0003	KCNJ15	ENSG00000157551
14175.0	0.0003	SAV1	ENSG00000151748
14175.0	0.0003	SLC38A5	ENSG00000017483
14175.0	0.0003	REXO1	ENSG00000079313
14175.0	0.0003	TPST1	ENSG00000169902
14175.0	0.0003	RSPO4	ENSG00000101282
14175.0	0.0003	ATXN7L3B	ENSG00000253719
14175.0	0.0003	KLHL23	ENSG00000213160
14175.0	0.0003	APRG1	ENSG00000198590
14175.0	0.0003	PYDC2	ENSG00000253548
14175.0	0.0003	ALKBH5	ENSG00000091542
14175.0	0.0003	IZUMO1	ENSG00000182264
14175.0	0.0003	ERO1B	ENSG00000086619
14175.0	0.0003	NEBL	ENSG00000078114
14175.0	0.0003	F10	ENSG00000126218
14175.0	0.0003	CDK2AP1	ENSG00000111328
14175.0	0.0003	MMP8	ENSG00000118113
14175.0	0.0003	SEMA4A	ENSG00000196189
14175.0	0.0003	KLK1	ENSG00000167748
14175.0	0.0003	ASGR1	ENSG00000141505
14175.0	0.0003	FAM9C	ENSG00000187268
14175.0	0.0003	TFF2	ENSG00000160181
14175.0	0.0003	BIK	ENSG00000100290
14175.0	0.0003	RINT1	ENSG00000135249
14175.0	0.0003	FUT11	ENSG00000196968
14175.0	0.0003	C1orf116	ENSG00000182795
14175.0	0.0003	RHD	ENSG00000187010
14175.0	0.0003	RABGGTA	ENSG00000100949
14175.0	0.0003	MOB1B	ENSG00000173542
14175.0	0.0003	BNIP3L	ENSG00000104765
14175.0	0.0003	MEPCE	ENSG00000146834
14175.0	0.0003	AC004381.6	ENSG00000005189
14175.0	0.0003	REXO1L1P	ENSG00000205176
14175.0	0.0003	RNF24	ENSG00000101236
14175.0	0.0003	ATXN7L1	ENSG00000146776
14175.0	0.0003	RAB17	ENSG00000124839
14175.0	0.0003	PPIP5K2	ENSG00000145725
14175.0	0.0003	ZFC3H1	ENSG00000133858
14175.0	0.0003	SEMA4B	ENSG00000185033
14175.0	0.0003	CIR1	ENSG00000138433
14175.0	0.0003	MPV17L2	ENSG00000254858
14175.0	0.0003	KLK15	ENSG00000174562
14175.0	0.0003	DUX4L4	ENSG00000258834
14175.0	0.0003	CLK2	ENSG00000176444
14175.0	0.0003	ERO1A	ENSG00000197930
14175.0	0.0003	PLEKHA2	ENSG00000169499
14175.0	0.0003	DUX4L7	ENSG00000258755
14175.0	0.0003	APBB3	ENSG00000113108
14175.0	0.0003	WBP11	ENSG00000084463
14175.0	0.0003	TBC1D10A	ENSG00000099992
14175.0	0.0003	KLF7	ENSG00000118263
14175.0	0.0003	LYPD1	ENSG00000150551
14175.0	0.0003	RP11-399J13.3	ENSG00000273003
14175.0	0.0003	SNX15	ENSG00000110025
14175.0	0.0003	ALKBH7	ENSG00000125652
14175.0	0.0003	PTPN18	ENSG00000072135
14175.0	0.0003	SPIN1	ENSG00000106723
14175.0	0.0003	ALKBH6	ENSG00000239382
14175.0	0.0003	KRT14	ENSG00000186847
14175.0	0.0003	ZCCHC4	ENSG00000168228
14175.0	0.0003	FAM9A	ENSG00000183304
14175.0	0.0003	KCND1	ENSG00000102057
14175.0	0.0003	SBF1	ENSG00000100241
14175.0	0.0003	CKAP4	ENSG00000136026
14175.0	0.0003	NEMP2	ENSG00000189362
14175.0	0.0003	SELENOH	ENSG00000211450
14175.0	0.0003	RAB21	ENSG00000080371
14175.0	0.0003	SFTPA1	ENSG00000122852
14175.0	0.0003	DSP	ENSG00000096696
14175.0	0.0003	COL6A6	ENSG00000206384
14175.0	0.0003	GINS3	ENSG00000181938
14175.0	0.0003	GCC2	ENSG00000135968
14175.0	0.0003	PADI4	ENSG00000159339
14175.0	0.0003	TNN	ENSG00000120332
14175.0	0.0003	NEMP1	ENSG00000166881
14175.0	0.0003	GINS2	ENSG00000131153
14175.0	0.0003	DDX42	ENSG00000198231
14175.0	0.0003	RHAG	ENSG00000112077
14175.0	0.0003	HOXC6	ENSG00000197757
14175.0	0.0003	KCNK15	ENSG00000124249
14175.0	0.0003	SEMA4F	ENSG00000135622
14175.0	0.0003	INSM2	ENSG00000168348
14175.0	0.0003	NNAT	ENSG00000053438
14175.0	0.0003	BROX	ENSG00000162819
14175.0	0.0003	CHID1	ENSG00000177830
14175.0	0.0003	WDFY1	ENSG00000085449
14175.0	0.0003	RYK	ENSG00000163785
14175.0	0.0003	OPN1SW	ENSG00000128617
14175.0	0.0003	SIX5	ENSG00000177045
14175.0	0.0003	SLC22A7	ENSG00000137204
14175.0	0.0003	SERTAD3	ENSG00000167565
14175.0	0.0003	NCOA7	ENSG00000111912
14175.0	0.0003	PTPRD	ENSG00000153707
14175.0	0.0003	TMEM88B	ENSG00000205116
14175.0	0.0003	SNX13	ENSG00000071189
14175.0	0.0003	CALCOCO1	ENSG00000012822
14175.0	0.0003	RGR	ENSG00000148604
14175.0	0.0003	LEMD1	ENSG00000186007
14175.0	0.0003	SELM	ENSG00000198832
14175.0	0.0003	SERTAD1	ENSG00000197019
14175.0	0.0003	GDPD2	ENSG00000130055
14175.0	0.0003	SOX15	ENSG00000129194
14175.0	0.0003	FYCO1	ENSG00000163820
14175.0	0.0003	SOX12	ENSG00000177732
14175.0	0.0003	BNC2	ENSG00000173068
14175.0	0.0003	POU5F1B	ENSG00000212993
14175.0	0.0003	GKN2	ENSG00000183607
14175.0	0.0003	FAM131C	ENSG00000185519
14175.0	0.0003	TPCN1	ENSG00000186815
14175.0	0.0003	ZNF567	ENSG00000189042
14175.0	0.0003	NPAS1	ENSG00000130751
14175.0	0.0003	SEMA4G	ENSG00000095539
14175.0	0.0003	FMO3	ENSG00000007933
14175.0	0.0003	LIF	ENSG00000128342
14175.0	0.0003	RAB20	ENSG00000139832
14175.0	0.0003	CXXC5	ENSG00000171604
14175.0	0.0003	AJAP1	ENSG00000196581
14175.0	0.0003	MRPL21	ENSG00000197345
14175.0	0.0003	RBMY1A1	ENSG00000234414
14175.0	0.0003	ZG16	ENSG00000174992
14175.0	0.0003	NAPG	ENSG00000134265
14175.0	0.0003	SNX32	ENSG00000172803
14175.0	0.0003	TXLNB	ENSG00000164440
14175.0	0.0003	S100A14	ENSG00000189334
14175.0	0.0003	TMED9	ENSG00000184840
14175.0	0.0003	LTV1	ENSG00000135521
14175.0	0.0003	OBP2A	ENSG00000122136
14175.0	0.0003	ZBED6	ENSG00000257315
14175.0	0.0003	MKX	ENSG00000150051
14175.0	0.0003	DHX57	ENSG00000163214
14175.0	0.0003	MARVELD3	ENSG00000140832
14175.0	0.0003	VGLL1	ENSG00000102243
14175.0	0.0003	CKLF	ENSG00000217555
14175.0	0.0003	FABP9	ENSG00000205186
14175.0	0.0003	MMP11	ENSG00000099953
14175.0	0.0003	NUTM1	ENSG00000184507
14175.0	0.0003	ZNF503	ENSG00000165655
14175.0	0.0003	BTG1	ENSG00000133639
14175.0	0.0003	NPVF	ENSG00000105954
14175.0	0.0003	A2ML1	ENSG00000166535
14175.0	0.0003	TFF3	ENSG00000160180
14175.0	0.0003	PARVG	ENSG00000138964
14175.0	0.0003	GSX1	ENSG00000169840
14175.0	0.0003	AMOTL2	ENSG00000114019
14175.0	0.0003	KRT3	ENSG00000186442
14175.0	0.0003	LCN1	ENSG00000160349
14175.0	0.0003	BTG2	ENSG00000159388
14175.0	0.0003	THAP5	ENSG00000177683
14175.0	0.0003	PYM1	ENSG00000170473
14175.0	0.0003	TMEM158	ENSG00000249992
14175.0	0.0003	FKBP10	ENSG00000141756
14175.0	0.0003	RAP2C	ENSG00000123728
14175.0	0.0003	NKX2-8	ENSG00000136327
14175.0	0.0003	C4BPA	ENSG00000123838
14175.0	0.0003	GYPC	ENSG00000136732
14175.0	0.0003	CEP170	ENSG00000143702
14175.0	0.0003	NKX1-2	ENSG00000229544
14175.0	0.0003	LIPH	ENSG00000163898
14175.0	0.0003	IER5	ENSG00000162783
14175.0	0.0003	KLRF1	ENSG00000150045
14175.0	0.0003	LANCL1	ENSG00000115365
14175.0	0.0003	CRYBG1	ENSG00000112297
14175.0	0.0003	TRA2A	ENSG00000164548
14175.0	0.0003	PRRX2	ENSG00000167157
14175.0	0.0003	CARD6	ENSG00000132357
14175.0	0.0003	RAP1GAP2	ENSG00000132359
14175.0	0.0003	MRPL55	ENSG00000162910
14175.0	0.0003	RERG	ENSG00000134533
14175.0	0.0003	OR5M1	ENSG00000255012
14175.0	0.0003	SYNPO	ENSG00000171992
14175.0	0.0003	ERP27	ENSG00000139055
14175.0	0.0003	CENPX	ENSG00000169689
14175.0	0.0003	ZSCAN32	ENSG00000140987
14175.0	0.0003	KIF26B	ENSG00000162849
14175.0	0.0003	LY86	ENSG00000112799
14175.0	0.0003	CTIF	ENSG00000134030
14175.0	0.0003	AKAP11	ENSG00000023516
14175.0	0.0003	CCDC116	ENSG00000161180
14175.0	0.0003	SEMA3C	ENSG00000075223
14175.0	0.0003	CALR3	ENSG00000269058
14175.0	0.0003	DENR	ENSG00000139726
14175.0	0.0003	MRPL51	ENSG00000111639
14175.0	0.0003	AMDHD2	ENSG00000162066
14175.0	0.0003	SHOX	ENSG00000185960
14175.0	0.0003	OR2AG1	ENSG00000170803
14175.0	0.0003	SH2D3A	ENSG00000125731
14175.0	0.0003	TMEM65	ENSG00000164983
14175.0	0.0003	DPCD	ENSG00000166171
14175.0	0.0003	ZNF33A	ENSG00000189180
14175.0	0.0003	DUSP28	ENSG00000188542
14175.0	0.0003	CD180	ENSG00000134061
14175.0	0.0003	SGSM2	ENSG00000141258
14175.0	0.0003	NTAN1	ENSG00000157045
14175.0	0.0003	NAV2	ENSG00000166833
14175.0	0.0003	NAV3	ENSG00000067798
14175.0	0.0003	PIEZO1	ENSG00000103335
14175.0	0.0003	RABGAP1	ENSG00000011454
14175.0	0.0003	WDR76	ENSG00000092470
14175.0	0.0003	WBP1L	ENSG00000166272
14175.0	0.0003	ELOVL3	ENSG00000119915
14175.0	0.0003	RIMBP3C	ENSG00000183246
14175.0	0.0003	ANXA4	ENSG00000196975
14175.0	0.0003	RIMBP3B	ENSG00000196934
14175.0	0.0003	HOXD8	ENSG00000175879
14175.0	0.0003	MORN4	ENSG00000171160
14175.0	0.0003	C2CD4B	ENSG00000205502
14175.0	0.0003	OGFOD1	ENSG00000087263
14175.0	0.0003	RNF144B	ENSG00000137393
14175.0	0.0003	AWAT1	ENSG00000204195
14175.0	0.0003	GXYLT2	ENSG00000172986
14175.0	0.0003	HRC	ENSG00000130528
14175.0	0.0003	SENP8	ENSG00000166192
14175.0	0.0003	ENOSF1	ENSG00000132199
14175.0	0.0003	MOGAT2	ENSG00000166391
14175.0	0.0003	FGL2	ENSG00000127951
14175.0	0.0003	VWA3A	ENSG00000175267
14175.0	0.0003	FERMT1	ENSG00000101311
14175.0	0.0003	PPP1R14C	ENSG00000198729
14175.0	0.0003	RSU1	ENSG00000148484
14175.0	0.0003	LCORL	ENSG00000178177
14175.0	0.0003	FRY	ENSG00000073910
14175.0	0.0003	ZNF396	ENSG00000186496
14175.0	0.0003	ADAM9	ENSG00000168615
14175.0	0.0003	FRYL	ENSG00000075539
14175.0	0.0003	DSG2	ENSG00000046604
14175.0	0.0003	NTAQ1	ENSG00000156795
14175.0	0.0003	SLC2A5	ENSG00000142583
14175.0	0.0003	RIMBP3	ENSG00000196622
14175.0	0.0003	MYO1D	ENSG00000176658
14175.0	0.0003	CLEC7A	ENSG00000172243
14175.0	0.0003	IRX2-DT	ENSG00000186493
14175.0	0.0003	C9	ENSG00000113600
14175.0	0.0003	PIWIL4	ENSG00000134627
14175.0	0.0003	DGAT2L6	ENSG00000184210
14175.0	0.0003	BPIFA1	ENSG00000198183
14175.0	0.0003	MOGAT1	ENSG00000124003
14175.0	0.0003	TBCEL	ENSG00000154114
14175.0	0.0003	CHCHD1	ENSG00000172586
14175.0	0.0003	RELL2	ENSG00000164620
14175.0	0.0003	SLC22A13	ENSG00000172940
14175.0	0.0003	ASPG	ENSG00000166183
14175.0	0.0003	AMBP	ENSG00000106927
14175.0	0.0003	DGAT2L7P	ENSG00000205267
14175.0	0.0003	IMPACT	ENSG00000154059
14175.0	0.0003	ASB2	ENSG00000100628
14175.0	0.0003	SMYD2	ENSG00000143499
14175.0	0.0003	RELL1	ENSG00000181826
14175.0	0.0003	ZNF131	ENSG00000172262
14175.0	0.0003	LAPTM5	ENSG00000162511
14175.0	0.0003	DECR2	ENSG00000242612
14175.0	0.0003	WRAP73	ENSG00000116213
14175.0	0.0003	FAAP20	ENSG00000162585
14175.0	0.0003	PPIC	ENSG00000168938
14175.0	0.0003	GPR150	ENSG00000178015
14175.0	0.0003	RSRP1	ENSG00000117616
14175.0	0.0003	RNF144A	ENSG00000151692
14175.0	0.0003	WDR72	ENSG00000166415
14175.0	0.0003	MGARP	ENSG00000137463
14175.0	0.0003	LCTL	ENSG00000188501
14175.0	0.0003	C8A	ENSG00000157131
14175.0	0.0003	IPCEF1	ENSG00000074706
14175.0	0.0003	ENKUR	ENSG00000151023
14175.0	0.0003	FANK1	ENSG00000203780
14175.0	0.0003	NALF2	ENSG00000130054
14175.0	0.0003	DPPA3	ENSG00000187569
14175.0	0.0003	RCN1	ENSG00000049449
14175.0	0.0003	RCSD1	ENSG00000198771
14175.0	0.0003	CCDC34	ENSG00000109881
14175.0	0.0003	CCDC73	ENSG00000186714
14175.0	0.0003	FCRL1	ENSG00000163534
14175.0	0.0003	FCRL2	ENSG00000132704
14175.0	0.0003	FCRL4	ENSG00000163518
14175.0	0.0003	ACCS	ENSG00000110455
14175.0	0.0003	KCNRG	ENSG00000198553
14175.0	0.0003	CGAS	ENSG00000164430
14175.0	0.0003	C8B	ENSG00000021852
14175.0	0.0003	UBAP2	ENSG00000137073
14175.0	0.0003	C6	ENSG00000039537
14175.0	0.0003	CGB1	ENSG00000267631
14175.0	0.0003	HEXIM1	ENSG00000186834
14175.0	0.0003	C8G	ENSG00000176919
14175.0	0.0003	NOSIP	ENSG00000142546
14175.0	0.0003	SYTL3	ENSG00000164674
14175.0	0.0003	TIFA	ENSG00000145365
14175.0	0.0003	ARFGEF3	ENSG00000112379
14175.0	0.0003	KRT12	ENSG00000187242
14175.0	0.0003	ALCAM	ENSG00000170017
14175.0	0.0003	CMC2	ENSG00000103121
14175.0	0.0003	COMMD10	ENSG00000145781
14175.0	0.0003	COMMD8	ENSG00000169019
14175.0	0.0003	C7	ENSG00000112936
14175.0	0.0003	SLC37A3	ENSG00000157800
14175.0	0.0003	SIPA1	ENSG00000213445
14175.0	0.0003	TDRD9	ENSG00000156414
14175.0	0.0003	AKR7A3	ENSG00000162482
14175.0	0.0003	ITGB1BP2	ENSG00000147166
14175.0	0.0003	PPL	ENSG00000118898
14175.0	0.0003	DDX55	ENSG00000111364
14175.0	0.0003	PDIA6	ENSG00000143870
14175.0	0.0003	CLXN	ENSG00000034239
14175.0	0.0003	STXBP6	ENSG00000168952
14175.0	0.0003	HPCAL4	ENSG00000116983
14175.0	0.0003	ZC3H12A	ENSG00000163874
14175.0	0.0003	ATP4B	ENSG00000186009
14175.0	0.0003	CARD8	ENSG00000105483
14175.0	0.0003	PLD5	ENSG00000180287
14175.0	0.0003	CNPY2	ENSG00000257727
14175.0	0.0003	SYTL5	ENSG00000147041
14175.0	0.0003	HSPBAP1	ENSG00000169087
14175.0	0.0003	TMED4	ENSG00000158604
14175.0	0.0003	PLXDC1	ENSG00000161381
14175.0	0.0003	TPX2	ENSG00000088325
14175.0	0.0003	RGN	ENSG00000130988
14175.0	0.0003	SCIN	ENSG00000006747
14175.0	0.0003	ZBTB40	ENSG00000184677
14175.0	0.0003	SEC62	ENSG00000008952
14175.0	0.0003	SNCB	ENSG00000074317
14175.0	0.0003	DISP2	ENSG00000140323
14175.0	0.0003	SLC22A14	ENSG00000144671
14175.0	0.0003	TNFRSF4	ENSG00000186827
14175.0	0.0003	SERINC3	ENSG00000132824
14175.0	0.0003	TICRR	ENSG00000140534
14175.0	0.0003	MITD1	ENSG00000158411
14175.0	0.0003	SLC5A1	ENSG00000100170
14175.0	0.0003	IRAK1BP1	ENSG00000146243
14175.0	0.0003	PELI3	ENSG00000174516
14175.0	0.0003	ARL14EP	ENSG00000152219
14175.0	0.0003	CLEC4C	ENSG00000198178
14175.0	0.0003	SPRYD7	ENSG00000123178
14175.0	0.0003	RHPN2	ENSG00000131941
14175.0	0.0003	MAL	ENSG00000172005
14175.0	0.0003	RHPN1	ENSG00000158106
14175.0	0.0003	CADM2	ENSG00000175161
14175.0	0.0003	PIWIL3	ENSG00000184571
14175.0	0.0003	SSX2IP	ENSG00000117155
14175.0	0.0003	GMEB1	ENSG00000162419
14175.0	0.0003	PNISR	ENSG00000132424
14175.0	0.0003	STEAP2	ENSG00000157214
14175.0	0.0003	RTL10	ENSG00000215012
14175.0	0.0003	STEAP4	ENSG00000127954
14175.0	0.0003	RCBTB1	ENSG00000136144
14175.0	0.0003	SMTNL1	ENSG00000214872
14175.0	0.0003	PELI1	ENSG00000197329
14175.0	0.0003	EPS8L2	ENSG00000177106
14175.0	0.0003	PELI2	ENSG00000139946
14175.0	0.0003	EPB41L4B	ENSG00000095203
14175.0	0.0003	CAPN9	ENSG00000135773
14175.0	0.0003	MRPL38	ENSG00000204316
14175.0	0.0003	SLX4IP	ENSG00000149346
14175.0	0.0003	MPHOSPH9	ENSG00000051825
14175.0	0.0003	PSG4	ENSG00000243137
14175.0	0.0003	MMS22L	ENSG00000146263
14175.0	0.0003	CA4	ENSG00000167434
14175.0	0.0003	AAK1	ENSG00000115977
14175.0	0.0003	KIAA0930	ENSG00000100364
14175.0	0.0003	PNCK	ENSG00000130822
14175.0	0.0003	SLC2A7	ENSG00000197241
14175.0	0.0003	OTUD1	ENSG00000165312
14175.0	0.0003	HSH2D	ENSG00000196684
14175.0	0.0003	BMP2K	ENSG00000138756
14175.0	0.0003	MARCHF11	ENSG00000183654
14175.0	0.0003	MARCHF10	ENSG00000173838
14175.0	0.0003	RRP8	ENSG00000132275
14175.0	0.0003	TEX14	ENSG00000121101
14175.0	0.0003	CES5A	ENSG00000159398
14175.0	0.0003	NAT1	ENSG00000171428
14175.0	0.0003	SLC29A2	ENSG00000174669
14175.0	0.0003	AC010240.3	ENSG00000229738
14175.0	0.0003	SNRNP27	ENSG00000124380
14175.0	0.0003	SLC6A12	ENSG00000111181
14175.0	0.0003	NAT2	ENSG00000156006
14175.0	0.0003	CPA3	ENSG00000163751
14175.0	0.0003	AGPAT5	ENSG00000155189
14175.0	0.0003	ULBP2	ENSG00000131015
14175.0	0.0003	CX3CR1	ENSG00000168329
14175.0	0.0003	MRPL44	ENSG00000135900
14175.0	0.0003	CROCC	ENSG00000058453
14175.0	0.0003	STYX	ENSG00000198252
14175.0	0.0003	SCD5	ENSG00000145284
14175.0	0.0003	USP17L22	ENSG00000248933
14175.0	0.0003	USP26	ENSG00000134588
14175.0	0.0003	MOB2	ENSG00000182208
14175.0	0.0003	MSRB2	ENSG00000148450
14175.0	0.0003	GLG1	ENSG00000090863
14175.0	0.0003	ZNF569	ENSG00000196437
14175.0	0.0003	EPB41L4A	ENSG00000129595
14175.0	0.0003	TBX10	ENSG00000167800
14175.0	0.0003	DMRT2	ENSG00000173253
14175.0	0.0003	GPNMB	ENSG00000136235
14175.0	0.0003	MSRB3	ENSG00000174099
14175.0	0.0003	ZNF263	ENSG00000006194
14175.0	0.0003	BIRC8	ENSG00000163098
14175.0	0.0003	PPM1J	ENSG00000155367
14175.0	0.0003	LPP	ENSG00000145012
14175.0	0.0003	RNF186	ENSG00000178828
14175.0	0.0003	SCRT2	ENSG00000215397
14175.0	0.0003	SIAH3	ENSG00000215475
14175.0	0.0003	TMEM258	ENSG00000134825
14175.0	0.0003	OPN1LW	ENSG00000102076
14175.0	0.0003	FOXRED2	ENSG00000100350
14175.0	0.0003	STARD5	ENSG00000172345
14175.0	0.0003	STARD4	ENSG00000164211
14175.0	0.0003	STARD6	ENSG00000174448
14175.0	0.0003	FAM162A	ENSG00000114023
14175.0	0.0003	GOLPH3L	ENSG00000143457
14175.0	0.0003	CELSR2	ENSG00000143126
14175.0	0.0003	SPMIP6	ENSG00000164972
14175.0	0.0003	SP9	ENSG00000217236
14175.0	0.0003	FBXO8	ENSG00000164117
14175.0	0.0003	AIM2	ENSG00000163568
14175.0	0.0003	DSC1	ENSG00000134765
14175.0	0.0003	OVOL1	ENSG00000172818
14175.0	0.0003	PHAF1	ENSG00000125149
14175.0	0.0003	DNAAF10	ENSG00000243667
14175.0	0.0003	ST18	ENSG00000147488
14175.0	0.0003	QTRT2	ENSG00000151576
14175.0	0.0003	PRM3	ENSG00000178257
14175.0	0.0003	ADAMTS1	ENSG00000154734
14175.0	0.0003	CNPY4	ENSG00000166997
14175.0	0.0003	BICC1	ENSG00000122870
14175.0	0.0003	RFFL	ENSG00000092871
14175.0	0.0003	DCSTAMP	ENSG00000164935
14175.0	0.0003	DGCR2	ENSG00000070413
14175.0	0.0003	CYGB	ENSG00000161544
14175.0	0.0003	ZMAT3	ENSG00000172667
14175.0	0.0003	ANKRD52	ENSG00000139645
14175.0	0.0003	FRRS1	ENSG00000156869
14175.0	0.0003	TBC1D13	ENSG00000107021
14175.0	0.0003	ANKRD33	ENSG00000167612
14175.0	0.0003	FBXW8	ENSG00000174989
14175.0	0.0003	OR4K15	ENSG00000169488
14175.0	0.0003	BCAR3	ENSG00000137936
14175.0	0.0003	IFRD2	ENSG00000214706
14175.0	0.0003	DHRS7	ENSG00000100612
14175.0	0.0003	NUDCD1	ENSG00000120526
14175.0	0.0003	TMEM104	ENSG00000109066
14175.0	0.0003	VCX3A	ENSG00000169059
14175.0	0.0003	MYDGF	ENSG00000074842
14175.0	0.0003	SH3BP5	ENSG00000131370
14175.0	0.0003	SPMIP8	ENSG00000159648
14175.0	0.0003	ANKS3	ENSG00000168096
14175.0	0.0003	ASAP3	ENSG00000088280
14175.0	0.0003	USP6NL	ENSG00000148429
14175.0	0.0003	GPR180	ENSG00000152749
14175.0	0.0003	SPIC	ENSG00000166211
14175.0	0.0003	CD83	ENSG00000112149
14175.0	0.0003	RNASEK	ENSG00000219200
14175.0	0.0003	HEXIM2	ENSG00000168517
14175.0	0.0003	AL390877.1	ENSG00000228217
14175.0	0.0003	L1TD1	ENSG00000240563
14175.0	0.0003	TMA16	ENSG00000198498
14175.0	0.0003	MRPS30	ENSG00000112996
14175.0	0.0003	PDRG1	ENSG00000088356
14175.0	0.0003	SEL1L3	ENSG00000091490
14175.0	0.0003	SLC43A2	ENSG00000167703
14175.0	0.0003	METTL3	ENSG00000165819
14175.0	0.0003	MOB3A	ENSG00000172081
14175.0	0.0003	BTN1A1	ENSG00000124557
14175.0	0.0003	PLBD1	ENSG00000121316
14175.0	0.0003	ICAM2	ENSG00000108622
14175.0	0.0003	MMP28	ENSG00000129270
14175.0	0.0003	TIMP4	ENSG00000157150
14175.0	0.0003	FPGT-TNNI3K	ENSG00000259030
14175.0	0.0003	ZNF622	ENSG00000173545
14175.0	0.0003	HTR3B	ENSG00000149305
14175.0	0.0003	IL18BP	ENSG00000137496
14175.0	0.0003	TMPRSS11D	ENSG00000153802
14175.0	0.0003	ARPP19	ENSG00000128989
14175.0	0.0003	TNNI3K	ENSG00000116783
14175.0	0.0003	NECTIN3	ENSG00000177707
14175.0	0.0003	EIF1AD	ENSG00000175376
14175.0	0.0003	CDHR5	ENSG00000099834
14175.0	0.0003	PPP1R3F	ENSG00000049769
14175.0	0.0003	OLIG3	ENSG00000177468
14175.0	0.0003	CYREN	ENSG00000122783
14175.0	0.0003	MRPL47	ENSG00000136522
14175.0	0.0003	PLEKHF2	ENSG00000175895
14175.0	0.0003	KLRG1	ENSG00000139187
14175.0	0.0003	PCDH8	ENSG00000136099
14175.0	0.0003	AICDA	ENSG00000111732
14175.0	0.0003	LCE3D	ENSG00000163202
14175.0	0.0003	URB2	ENSG00000135763
14175.0	0.0003	FBXL2	ENSG00000153558
14175.0	0.0003	FHL5	ENSG00000112214
14175.0	0.0003	ZDHHC23	ENSG00000184307
14175.0	0.0003	SMCP	ENSG00000163206
14175.0	0.0003	ASMTL	ENSG00000169093
14175.0	0.0003	HMX1	ENSG00000215612
14175.0	0.0003	ZFTRAF1	ENSG00000187954
14175.0	0.0003	TCAF1	ENSG00000198420
14175.0	0.0003	RLN1	ENSG00000107018
14175.0	0.0003	HTR3D	ENSG00000186090
14175.0	0.0003	USP17L29	ENSG00000231637
14175.0	0.0003	GML	ENSG00000104499
14175.0	0.0003	FGGY	ENSG00000172456
14175.0	0.0003	MRPL18	ENSG00000112110
14175.0	0.0003	CRYBA4	ENSG00000196431
14175.0	0.0003	ANO2	ENSG00000047617
14175.0	0.0003	SERPINB6	ENSG00000124570
14175.0	0.0003	HTR3C	ENSG00000178084
14175.0	0.0003	HTR3E	ENSG00000186038
14175.0	0.0003	GCC1	ENSG00000179562
14175.0	0.0003	PTK6	ENSG00000101213
14175.0	0.0003	ERGIC3	ENSG00000125991
14175.0	0.0003	CDK5R2	ENSG00000171450
14175.0	0.0003	SNX18	ENSG00000178996
14175.0	0.0003	PLXDC2	ENSG00000120594
14175.0	0.0003	SKAP2	ENSG00000005020
14175.0	0.0003	MDFI	ENSG00000112559
14175.0	0.0003	GFRAL	ENSG00000187871
14175.0	0.0003	GPIHBP1	ENSG00000182851
14175.0	0.0003	TULP2	ENSG00000104804
14175.0	0.0003	VCX	ENSG00000182583
14175.0	0.0003	VCX2	ENSG00000177504
14175.0	0.0003	VCX3B	ENSG00000205642
14175.0	0.0003	FRAS1	ENSG00000138759
14175.0	0.0003	RUFY1	ENSG00000176783
14175.0	0.0003	WBP1	ENSG00000239779
14175.0	0.0003	PRSS58	ENSG00000258223
14175.0	0.0003	RAG2	ENSG00000175097
14175.0	0.0003	USP17L24	ENSG00000232264
14175.0	0.0003	USP17L25	ENSG00000230430
14175.0	0.0003	USP17L26	ENSG00000229579
14175.0	0.0003	USP17L27	ENSG00000235780
14175.0	0.0003	USP17L28	ENSG00000231051
14175.0	0.0003	USP17L30	ENSG00000228856
14175.0	0.0003	PTMS	ENSG00000159335
14175.0	0.0003	CALHM1	ENSG00000185933
14175.0	0.0003	MMD2	ENSG00000136297
14175.0	0.0003	BTF3L4	ENSG00000134717
14175.0	0.0003	RPS19BP1	ENSG00000187051
14175.0	0.0003	FBXO46	ENSG00000177051
14175.0	0.0003	GALNTL6	ENSG00000174473
14175.0	0.0003	SLC26A9	ENSG00000174502
14175.0	0.0003	DDT	ENSG00000099977
14175.0	0.0003	GALNT16	ENSG00000100626
14175.0	0.0003	TP53AIP1	ENSG00000120471
14175.0	0.0003	CTD-2140B24.4	ENSG00000256825
14175.0	0.0003	ZNF268	ENSG00000090612
14175.0	0.0003	JAML	ENSG00000160593
14175.0	0.0003	TP53I11	ENSG00000175274
14175.0	0.0003	GAS2L1	ENSG00000185340
14175.0	0.0003	GALNT17	ENSG00000185274
14175.0	0.0003	SLC24A1	ENSG00000074621
14175.0	0.0003	LAMP3	ENSG00000078081
14175.0	0.0003	MOB3B	ENSG00000120162
14175.0	0.0003	GALNT18	ENSG00000110328
14175.0	0.0003	CLIC3	ENSG00000169583
14175.0	0.0003	MDFIC	ENSG00000135272
14175.0	0.0003	FBXL8	ENSG00000135722
14175.0	0.0003	LCE1C	ENSG00000197084
14175.0	0.0003	TBC1D3B	ENSG00000224226
14175.0	0.0003	POC1B-GALNT4	ENSG00000259075
14175.0	0.0003	SORCS1	ENSG00000108018
14175.0	0.0003	STEAP1	ENSG00000164647
14175.0	0.0003	GALNTL5	ENSG00000106648
14175.0	0.0003	TRIP11	ENSG00000100815
14175.0	0.0003	R3HDM2	ENSG00000179912
14175.0	0.0003	SLC15A4	ENSG00000139370
14175.0	0.0003	TRAFD1	ENSG00000135148
14175.0	0.0003	CABLES2	ENSG00000149679
14175.0	0.0003	KRTAP5-9	ENSG00000254997
14175.0	0.0003	TNFRSF10C	ENSG00000173535
14175.0	0.0003	LTA	ENSG00000226979
14175.0	0.0003	LCE1D	ENSG00000172155
14175.0	0.0003	CACTIN	ENSG00000105298
14175.0	0.0003	LY6E	ENSG00000160932
14175.0	0.0003	SEC14L1	ENSG00000129657
14175.0	0.0003	USP29	ENSG00000131864
14175.0	0.0003	UBL3	ENSG00000122042
14175.0	0.0003	APOF	ENSG00000175336
14175.0	0.0003	MOB3C	ENSG00000142961
14175.0	0.0003	TCHP	ENSG00000139437
14175.0	0.0003	ADAP2	ENSG00000184060
14175.0	0.0003	CEACAM8	ENSG00000124469
14175.0	0.0003	SPHKAP	ENSG00000153820
14175.0	0.0003	NKD2	ENSG00000145506
14175.0	0.0003	TRIM6-TRIM34	ENSG00000258588
14175.0	0.0003	TRIM4	ENSG00000146833
14175.0	0.0003	SEMA3G	ENSG00000010319
14175.0	0.0003	PGPEP1	ENSG00000130517
14175.0	0.0003	AKAP17A	ENSG00000197976
14175.0	0.0003	P3H2	ENSG00000090530
14175.0	0.0003	AATK	ENSG00000181409
14175.0	0.0003	PKN2	ENSG00000065243
14175.0	0.0003	RCBTB2	ENSG00000136161
14175.0	0.0003	CXXC4	ENSG00000168772
14175.0	0.0003	GGACT	ENSG00000134864
14175.0	0.0003	PSD4	ENSG00000125637
14175.0	0.0003	FBXL12	ENSG00000127452
14175.0	0.0003	SLC29A4	ENSG00000164638
14175.0	0.0003	PPP6C	ENSG00000119414
14175.0	0.0003	TRIM54	ENSG00000138100
14175.0	0.0003	RAVER2	ENSG00000162437
14175.0	0.0003	SLC25A23	ENSG00000125648
14175.0	0.0003	PARP9	ENSG00000138496
14175.0	0.0003	NXNL1	ENSG00000171773
14175.0	0.0003	RAVER1	ENSG00000161847
14175.0	0.0003	TMED1	ENSG00000099203
14175.0	0.0003	CCDC50	ENSG00000152492
14175.0	0.0003	LCE1E	ENSG00000186226
14175.0	0.0003	HECA	ENSG00000112406
14175.0	0.0003	ADAM33	ENSG00000149451
14175.0	0.0003	DAAM2	ENSG00000146122
14175.0	0.0003	CLK4	ENSG00000113240
14175.0	0.0003	CCNP	ENSG00000105219
14175.0	0.0003	NCR3LG1	ENSG00000188211
14175.0	0.0003	TRERF1	ENSG00000124496
14175.0	0.0003	PRG3	ENSG00000156575
14175.0	0.0003	PAIP2	ENSG00000120727
14175.0	0.0003	LCE1B	ENSG00000196734
14175.0	0.0003	CENPB	ENSG00000125817
14175.0	0.0003	TRIM34	ENSG00000258659
14175.0	0.0003	TMEM132D	ENSG00000151952
14175.0	0.0003	ARHGEF19	ENSG00000142632
14175.0	0.0003	MATN3	ENSG00000132031
14175.0	0.0003	LCE2D	ENSG00000187223
14175.0	0.0003	CAPN13	ENSG00000162949
14175.0	0.0003	C2CD5	ENSG00000111731
14175.0	0.0003	ZNF639	ENSG00000121864
14175.0	0.0003	LMF1	ENSG00000103227
14175.0	0.0003	LCE3B	ENSG00000187238
14175.0	0.0003	TBC1D3C	ENSG00000234972
14175.0	0.0003	ACSM6	ENSG00000173124
14175.0	0.0003	LCE3E	ENSG00000185966
14175.0	0.0003	PSMG3	ENSG00000157778
14175.0	0.0003	TBC1D15	ENSG00000121749
14175.0	0.0003	CEACAM6	ENSG00000086548
14175.0	0.0003	SMNDC1	ENSG00000119953
14175.0	0.0003	HARBI1	ENSG00000180423
14175.0	0.0003	CAPN12	ENSG00000182472
14175.0	0.0003	RASGEF1A	ENSG00000198915
14175.0	0.0003	RBM38	ENSG00000132819
14175.0	0.0003	SH3BGRL	ENSG00000131171
14175.0	0.0003	SLC18A1	ENSG00000036565
14175.0	0.0003	CMTM4	ENSG00000183723
14175.0	0.0003	EDIL3	ENSG00000164176
14175.0	0.0003	SLC18B1	ENSG00000146409
14175.0	0.0003	ZNF77	ENSG00000175691
14175.0	0.0003	PROZ	ENSG00000126231
14175.0	0.0003	CAPN5	ENSG00000149260
14175.0	0.0003	LCE3A	ENSG00000185962
14175.0	0.0003	PDCD1LG2	ENSG00000197646
14175.0	0.0003	JCHAIN	ENSG00000132465
14175.0	0.0003	ADGB	ENSG00000118492
14175.0	0.0003	CAPN11	ENSG00000137225
14175.0	0.0003	CAPN14	ENSG00000214711
14175.0	0.0003	CAPN15	ENSG00000103326
14175.0	0.0003	SPC25	ENSG00000152253
14175.0	0.0003	SLC22A11	ENSG00000168065
14175.0	0.0003	CPNE6	ENSG00000100884
14175.0	0.0003	ZNF202	ENSG00000166261
14175.0	0.0003	TBC1D3F	ENSG00000185128
14175.0	0.0003	ZBTB7B	ENSG00000160685
14175.0	0.0003	KLK11	ENSG00000167757
14175.0	0.0003	ESX1	ENSG00000123576
14175.0	0.0003	ZNRF2	ENSG00000180233
14175.0	0.0003	MATN4	ENSG00000124159
14175.0	0.0003	CMTM6	ENSG00000091317
14175.0	0.0003	SLC22A9	ENSG00000149742
14175.0	0.0003	FABP3	ENSG00000121769
14175.0	0.0003	SMIM21	ENSG00000206026
14175.0	0.0003	OOEP	ENSG00000203907
14175.0	0.0003	CD300A	ENSG00000167851
14175.0	0.0003	BMERB1	ENSG00000166780
14175.0	0.0003	MATN1	ENSG00000162510
14175.0	0.0003	NUAK2	ENSG00000163545
14175.0	0.0003	FCGRT	ENSG00000104870
14175.0	0.0003	CLEC2D	ENSG00000069493
14175.0	0.0003	RP11-75L1.2	ENSG00000213443
14175.0	0.0003	NUDT1	ENSG00000106268
14175.0	0.0003	MRPL48	ENSG00000175581
14175.0	0.0003	SYTL1	ENSG00000142765
14175.0	0.0003	FBXL20	ENSG00000108306
14175.0	0.0003	TBATA	ENSG00000166220
14175.0	0.0003	ZNF157	ENSG00000147117
14175.0	0.0003	SNRK	ENSG00000163788
14175.0	0.0003	NME9	ENSG00000181322
14175.0	0.0003	ANKS1B	ENSG00000185046
14175.0	0.0003	CCNYL1	ENSG00000163249
14175.0	0.0003	ZNF740	ENSG00000139651
14175.0	0.0003	TNMD	ENSG00000000005
14175.0	0.0003	EAF2	ENSG00000145088
14175.0	0.0003	SNX17	ENSG00000115234
14175.0	0.0003	SNX20	ENSG00000167208
14175.0	0.0003	RSRC2	ENSG00000111011
14175.0	0.0003	ZNF461	ENSG00000197808
14175.0	0.0003	SURF6	ENSG00000148296
14175.0	0.0003	PRICKLE3	ENSG00000012211
14175.0	0.0003	IGFBP6	ENSG00000167779
14175.0	0.0003	FBXO15	ENSG00000141665
14175.0	0.0003	LETM2	ENSG00000165046
14175.0	0.0003	FUT10	ENSG00000172728
14175.0	0.0003	CLEC2A	ENSG00000188393
14175.0	0.0003	ST14	ENSG00000149418
14175.0	0.0003	ZKSCAN1	ENSG00000106261
14175.0	0.0003	ANGPTL8	ENSG00000130173
14175.0	0.0003	FBXL13	ENSG00000161040
14175.0	0.0003	DNAJC2	ENSG00000105821
14175.0	0.0003	RANGRF	ENSG00000108961
14175.0	0.0003	C9orf78	ENSG00000136819
14175.0	0.0003	FBXL22	ENSG00000197361
14175.0	0.0003	GALP	ENSG00000197487
14175.0	0.0003	MIER3	ENSG00000155545
14175.0	0.0003	SLC8A1	ENSG00000183023
14175.0	0.0003	FMO1	ENSG00000010932
14175.0	0.0003	EYA3	ENSG00000158161
14175.0	0.0003	CPD	ENSG00000108582
14175.0	0.0003	TSC22D4	ENSG00000166925
14175.0	0.0003	PRRX1	ENSG00000116132
14175.0	0.0003	SUN3	ENSG00000164744
14175.0	0.0003	SUN5	ENSG00000167098
14175.0	0.0003	RHBDF2	ENSG00000129667
14175.0	0.0003	SMIM20	ENSG00000250317
14175.0	0.0003	MCTS1	ENSG00000232119
14175.0	0.0003	ASB6	ENSG00000148331
14175.0	0.0003	SDF2L1	ENSG00000128228
14175.0	0.0003	FMO4	ENSG00000076258
14175.0	0.0003	HECTD1	ENSG00000092148
14175.0	0.0003	FMO2	ENSG00000094963
14175.0	0.0003	TNFRSF18	ENSG00000186891
14175.0	0.0003	BEND3	ENSG00000178409
14175.0	0.0003	ANP32B	ENSG00000136938
14175.0	0.0003	FSD1	ENSG00000105255
14175.0	0.0003	H1-7	ENSG00000187166
14175.0	0.0003	DCHS2	ENSG00000197410
14175.0	0.0003	LCE1F	ENSG00000240386
14175.0	0.0003	MAP3K9	ENSG00000006432
14175.0	0.0003	SLC26A8	ENSG00000112053
14175.0	0.0003	LEPROTL1	ENSG00000104660
14175.0	0.0003	FLACC1	ENSG00000155749
14175.0	0.0003	SH3BGR	ENSG00000185437
14175.0	0.0003	ATAD3B	ENSG00000160072
14175.0	0.0003	LRRC59	ENSG00000108829
14175.0	0.0003	N4BP3	ENSG00000145911
14175.0	0.0003	ZNF770	ENSG00000198146
14175.0	0.0003	RIOK3	ENSG00000101782
14175.0	0.0003	NLN	ENSG00000123213
14175.0	0.0003	CRYBB1	ENSG00000100122
14175.0	0.0003	LCE2A	ENSG00000187173
14175.0	0.0003	SORCS2	ENSG00000184985
14175.0	0.0003	FBXO16	ENSG00000214050
14175.0	0.0003	APOL1	ENSG00000100342
14175.0	0.0003	PLVAP	ENSG00000130300
14175.0	0.0003	LYPD2	ENSG00000197353
14175.0	0.0003	FGB	ENSG00000171564
14175.0	0.0003	GPCPD1	ENSG00000125772
14175.0	0.0003	CLUH	ENSG00000132361
14175.0	0.0003	PCNP	ENSG00000081154
14175.0	0.0003	RUNDC3A	ENSG00000108309
14175.0	0.0003	LCE2B	ENSG00000159455
14175.0	0.0003	LCE2C	ENSG00000187180
14175.0	0.0003	CCDC63	ENSG00000173093
14175.0	0.0003	HINFP	ENSG00000172273
14175.0	0.0003	SORCS3	ENSG00000156395
14175.0	0.0003	CR1	ENSG00000203710
14175.0	0.0003	RNF121	ENSG00000137522
14175.0	0.0003	CDNF	ENSG00000185267
14175.0	0.0003	PHLDB2	ENSG00000144824
14175.0	0.0003	EVI5L	ENSG00000142459
14175.0	0.0003	TXNDC16	ENSG00000087301
14175.0	0.0003	PARP6	ENSG00000137817
14175.0	0.0003	KHDC3L	ENSG00000203908
14175.0	0.0003	ALDH2	ENSG00000111275
14175.0	0.0003	PLEKHH2	ENSG00000152527
14175.0	0.0003	GPR85	ENSG00000164604
14175.0	0.0003	IFITM10	ENSG00000244242
14175.0	0.0003	TNFSF8	ENSG00000106952
14175.0	0.0003	ASB7	ENSG00000183475
14175.0	0.0003	AQP11	ENSG00000178301
14175.0	0.0003	SPAG16	ENSG00000144451
14175.0	0.0003	ALPK3	ENSG00000136383
14175.0	0.0003	TNFRSF12A	ENSG00000006327
14175.0	0.0003	LMO7	ENSG00000136153
14175.0	0.0003	ANKS1A	ENSG00000064999
14175.0	0.0003	S100P	ENSG00000163993
14175.0	0.0003	SYT17	ENSG00000103528
14175.0	0.0003	PRICKLE4	ENSG00000124593
14175.0	0.0003	BACE2	ENSG00000182240
14175.0	0.0003	RNF175	ENSG00000145428
14175.0	0.0003	TRIM35	ENSG00000104228
14175.0	0.0003	RAET1G	ENSG00000203722
14175.0	0.0003	GFRA4	ENSG00000125861
14175.0	0.0003	TMEM181	ENSG00000146433
14175.0	0.0003	LINC01565	ENSG00000198685
14175.0	0.0003	MLKL	ENSG00000168404
14175.0	0.0003	GFRA3	ENSG00000146013
14175.0	0.0003	SALL2	ENSG00000165821
14175.0	0.0003	SMCR8	ENSG00000176994
14175.0	0.0003	TBC1D32	ENSG00000146350
14175.0	0.0003	WDR41	ENSG00000164253
14175.0	0.0003	EAF1	ENSG00000144597
14175.0	0.0003	TMEM8B	ENSG00000137103
14175.0	0.0003	REM1	ENSG00000088320
14175.0	0.0003	TRIM46	ENSG00000163462
14175.0	0.0003	ZNF599	ENSG00000153896
14175.0	0.0003	TCHH	ENSG00000159450
14175.0	0.0003	CD58	ENSG00000116815
14175.0	0.0003	ABT1	ENSG00000146109
14175.0	0.0003	DNASE2B	ENSG00000137976
14175.0	0.0003	RASL12	ENSG00000103710
14175.0	0.0003	ANKRD6	ENSG00000135299
14175.0	0.0003	CST2	ENSG00000170369
14175.0	0.0003	RAB32	ENSG00000118508
14175.0	0.0003	F13B	ENSG00000143278
14175.0	0.0003	FAM50A	ENSG00000071859
14175.0	0.0003	ANXA2R	ENSG00000177721
14175.0	0.0003	CLEC3B	ENSG00000163815
14175.0	0.0003	WDCP	ENSG00000163026
14175.0	0.0003	MIR9-1HG	ENSG00000125462
14175.0	0.0003	GIMAP6	ENSG00000133561
14175.0	0.0003	ANGEL2	ENSG00000174606
14175.0	0.0003	GCNT7	ENSG00000124091
14175.0	0.0003	FUZ	ENSG00000010361
14175.0	0.0003	CEACAM7	ENSG00000007306
14175.0	0.0003	SERPINA10	ENSG00000140093
14175.0	0.0003	PLGRKT	ENSG00000107020
14175.0	0.0003	ZNF282	ENSG00000170265
14175.0	0.0003	INIP	ENSG00000148153
14175.0	0.0003	NOCT	ENSG00000151014
14175.0	0.0003	BHLHA9	ENSG00000205899
14175.0	0.0003	PRB4	ENSG00000230657
14175.0	0.0003	SLC25A41	ENSG00000181240
14175.0	0.0003	RPUSD3	ENSG00000156990
14175.0	0.0003	INSL3	ENSG00000248099
14175.0	0.0003	PAGE5	ENSG00000158639
14175.0	0.0003	KIAA1549L	ENSG00000110427
14175.0	0.0003	PLEKHG6	ENSG00000008323
14175.0	0.0003	POLQ	ENSG00000051341
14175.0	0.0003	ZNF408	ENSG00000175213
14175.0	0.0003	IQCF2	ENSG00000184345
14175.0	0.0003	ACKR2	ENSG00000144648
14175.0	0.0003	TMOD4	ENSG00000163157
14175.0	0.0003	HAVCR2	ENSG00000135077
14175.0	0.0003	RINL	ENSG00000187994
14175.0	0.0003	ZNG1B	ENSG00000136682
14175.0	0.0003	DBX2	ENSG00000185610
14175.0	0.0003	MMP24	ENSG00000125966
14175.0	0.0003	DCUN1D4	ENSG00000109184
14175.0	0.0003	NCEH1	ENSG00000144959
14175.0	0.0003	ADAM19	ENSG00000135074
14175.0	0.0003	TSSK4	ENSG00000139908
14175.0	0.0003	TSSK2	ENSG00000206203
14175.0	0.0003	ADAMTS10	ENSG00000142303
14175.0	0.0003	ANKRD54	ENSG00000100124
14175.0	0.0003	IL31RA	ENSG00000164509
14175.0	0.0003	MATN2	ENSG00000132561
14175.0	0.0003	FCGR3A	ENSG00000203747
14175.0	0.0003	TIE1	ENSG00000066056
14175.0	0.0003	SFR1	ENSG00000156384
14175.0	0.0003	SWI5	ENSG00000175854
14175.0	0.0003	RPUSD2	ENSG00000166133
14175.0	0.0003	ROR1	ENSG00000185483
14175.0	0.0003	PALLD	ENSG00000129116
14175.0	0.0003	NBEAL2	ENSG00000160796
14175.0	0.0003	MARCKSL1	ENSG00000175130
14175.0	0.0003	SLC2A8	ENSG00000136856
14175.0	0.0003	PDGFRL	ENSG00000104213
14175.0	0.0003	SLC2A12	ENSG00000146411
14175.0	0.0003	MLK4	ENSG00000143674
14175.0	0.0003	NIM1K	ENSG00000177453
14175.0	0.0003	PKDCC	ENSG00000162878
14175.0	0.0003	SRMS	ENSG00000125508
14175.0	0.0003	TSSK1B	ENSG00000212122
14175.0	0.0003	TSSK3	ENSG00000162526
14175.0	0.0003	PTTG2	ENSG00000250254
14175.0	0.0003	NOTCH2NLA	ENSG00000213240
14175.0	0.0003	VWC2L	ENSG00000174453
14175.0	0.0003	LARP6	ENSG00000166173
14175.0	0.0003	NKAIN4	ENSG00000101198
14175.0	0.0003	TGIF2LX	ENSG00000153779
14175.0	0.0003	TGIF2LY	ENSG00000176679
14175.0	0.0003	RASGEF1B	ENSG00000138670
14175.0	0.0003	RAET1L	ENSG00000155918
14175.0	0.0003	PID1	ENSG00000153823
14175.0	0.0003	LRIG2	ENSG00000198799
14175.0	0.0003	CD72	ENSG00000137101
14175.0	0.0003	ZKSCAN4	ENSG00000187626
14175.0	0.0003	KBTBD2	ENSG00000170852
14175.0	0.0003	SOX8	ENSG00000005513
14175.0	0.0003	SPNS3	ENSG00000182557
14175.0	0.0003	CST1	ENSG00000170373
14175.0	0.0003	FUNDC1	ENSG00000069509
14175.0	0.0003	ZKSCAN7	ENSG00000196345
14175.0	0.0003	PELO	ENSG00000152684
14175.0	0.0003	H1-6	ENSG00000187475
14175.0	0.0003	UTF1	ENSG00000171794
14175.0	0.0003	LTK	ENSG00000062524
14175.0	0.0003	CRYBB3	ENSG00000100053
14175.0	0.0003	PARP14	ENSG00000173193
14175.0	0.0003	SPATA2L	ENSG00000158792
14175.0	0.0003	FAM151B	ENSG00000152380
14175.0	0.0003	ARRDC2	ENSG00000105643
14175.0	0.0003	CD1B	ENSG00000158485
14175.0	0.0003	RPUSD1	ENSG00000007376
14175.0	0.0003	ELOA3P	ENSG00000183791
14175.0	0.0003	CIDEB	ENSG00000136305
14175.0	0.0003	TFCP2L1	ENSG00000115112
14175.0	0.0003	NKAIN1	ENSG00000084628
14175.0	0.0003	DDN	ENSG00000181418
14175.0	0.0003	IPO11	ENSG00000086200
14175.0	0.0003	TEX13A	ENSG00000133149
14175.0	0.0003	CD276	ENSG00000103855
14175.0	0.0003	CARD18	ENSG00000255501
14175.0	0.0003	TCF23	ENSG00000163792
14175.0	0.0003	TENT5D	ENSG00000174016
14175.0	0.0003	SCEL	ENSG00000136155
14175.0	0.0003	OMP	ENSG00000254550
14175.0	0.0003	GNLY	ENSG00000115523
14175.0	0.0003	TNFAIP6	ENSG00000123610
14175.0	0.0003	VWA8	ENSG00000102763
14175.0	0.0003	RASL11A	ENSG00000122035
14175.0	0.0003	ADAD1	ENSG00000164113
14175.0	0.0003	DONSON	ENSG00000159147
14175.0	0.0003	KHDRBS2	ENSG00000112232
14175.0	0.0003	TXNDC11	ENSG00000153066
14175.0	0.0003	MRPL41	ENSG00000182154
14175.0	0.0003	IL17D	ENSG00000172458
14175.0	0.0003	TNFSF15	ENSG00000181634
14175.0	0.0003	SLC16A7	ENSG00000118596
14175.0	0.0003	PLEKHO1	ENSG00000023902
14175.0	0.0003	UBE2Q2	ENSG00000140367
14175.0	0.0003	F8	ENSG00000185010
14175.0	0.0003	RIPOR2	ENSG00000111913
14175.0	0.0003	ABHD6	ENSG00000163686
14175.0	0.0003	SPATC1L	ENSG00000160284
14175.0	0.0003	ZXDC	ENSG00000070476
14175.0	0.0003	VHLL	ENSG00000189030
14175.0	0.0003	MEX3C	ENSG00000176624
14175.0	0.0003	LRRC41	ENSG00000132128
14175.0	0.0003	HABP2	ENSG00000148702
14175.0	0.0003	PLPP4	ENSG00000203805
14175.0	0.0003	MEIG1	ENSG00000197889
14175.0	0.0003	SPAG17	ENSG00000155761
14175.0	0.0003	FOXR1	ENSG00000176302
14175.0	0.0003	IMMP1L	ENSG00000148950
14175.0	0.0003	STRA8	ENSG00000146857
14175.0	0.0003	SPINT1	ENSG00000166145
14175.0	0.0003	PATL2	ENSG00000229474
14175.0	0.0003	TRHDE	ENSG00000072657
14175.0	0.0003	SOX17	ENSG00000164736
14175.0	0.0003	TMED6	ENSG00000157315
14175.0	0.0003	CLIC5	ENSG00000112782
14175.0	0.0003	IL17RE	ENSG00000163701
14175.0	0.0003	GSDMC	ENSG00000147697
14175.0	0.0003	FRMD1	ENSG00000153303
14175.0	0.0003	RETNLB	ENSG00000163515
14175.0	0.0003	ARHGEF10	ENSG00000104728
14175.0	0.0003	ALDH8A1	ENSG00000118514
14175.0	0.0003	NRK	ENSG00000123572
14175.0	0.0003	PARP15	ENSG00000173200
14175.0	0.0003	ARL6IP4	ENSG00000182196
14175.0	0.0003	FUCA2	ENSG00000001036
14175.0	0.0003	UNC50	ENSG00000115446
14175.0	0.0003	ALPK2	ENSG00000198796
14175.0	0.0003	NR3C2	ENSG00000151623
14175.0	0.0003	CCDC85B	ENSG00000175602
14175.0	0.0003	ENDOU	ENSG00000111405
14175.0	0.0003	PNRC1	ENSG00000146278
14175.0	0.0003	AGFG2	ENSG00000106351
14175.0	0.0003	CCDC42	ENSG00000161973
14175.0	0.0003	ZFP64	ENSG00000020256
14175.0	0.0003	KTN1	ENSG00000126777
14175.0	0.0003	PARP11	ENSG00000111224
14175.0	0.0003	PCYOX1	ENSG00000116005
14175.0	0.0003	C1RL	ENSG00000139178
14175.0	0.0003	RASL11B	ENSG00000128045
14175.0	0.0003	SPINK1	ENSG00000164266
14175.0	0.0003	TMEM250	ENSG00000238227
14175.0	0.0003	CHTF8	ENSG00000168802
14175.0	0.0003	CLECL1P	ENSG00000184293
14175.0	0.0003	CINP	ENSG00000100865
14175.0	0.0003	WDR24	ENSG00000127580
14175.0	0.0003	RECK	ENSG00000122707
14175.0	0.0003	NKAIN2	ENSG00000188580
14175.0	0.0003	APBB2	ENSG00000163697
14175.0	0.0003	DUS1L	ENSG00000169718
14175.0	0.0003	MIDN	ENSG00000167470
14175.0	0.0003	REP15	ENSG00000174236
14175.0	0.0003	BCL7C	ENSG00000099385
14175.0	0.0003	AGTR2	ENSG00000180772
14175.0	0.0003	JOSD1	ENSG00000100221
14175.0	0.0003	CLIC4	ENSG00000169504
14175.0	0.0003	NEIL3	ENSG00000109674
14175.0	0.0003	PDE3B	ENSG00000152270
14175.0	0.0003	TM9SF2	ENSG00000125304
14175.0	0.0003	GLS2	ENSG00000135423
14175.0	0.0003	NOP16	ENSG00000048162
14175.0	0.0003	IQCN	ENSG00000130518
14175.0	0.0003	TSR2	ENSG00000158526
14175.0	0.0003	C19orf25	ENSG00000119559
14175.0	0.0003	BCL2L10	ENSG00000137875
14175.0	0.0003	CDR1	ENSG00000184258
14175.0	0.0003	TNFRSF6B	ENSG00000243509
14175.0	0.0003	TSPAN33	ENSG00000158457
14175.0	0.0003	CD207	ENSG00000116031
14175.0	0.0003	TMEM119	ENSG00000183160
14175.0	0.0003	GPR149	ENSG00000174948
14175.0	0.0003	IMMP2L	ENSG00000184903
14175.0	0.0003	ZNF354C	ENSG00000177932
14175.0	0.0003	RAD51AP1	ENSG00000111247
14175.0	0.0003	FLT3LG	ENSG00000090554
14175.0	0.0003	DISP3	ENSG00000204624
14175.0	0.0003	PLAC1	ENSG00000170965
14175.0	0.0003	GAL3ST3	ENSG00000175229
14175.0	0.0003	GMFG	ENSG00000130755
14175.0	0.0003	TDRD12	ENSG00000173809
14175.0	0.0003	AMY1A	ENSG00000237763
14175.0	0.0003	AMY1B	ENSG00000174876
14175.0	0.0003	MICU3	ENSG00000155970
14175.0	0.0003	ZNF705A	ENSG00000196946
14175.0	0.0003	ZNF705B	ENSG00000215356
14175.0	0.0003	ZNF705D	ENSG00000215343
14175.0	0.0003	ZNF705G	ENSG00000215372
14175.0	0.0003	GPR182	ENSG00000166856
14175.0	0.0003	SPINT2	ENSG00000167642
14175.0	0.0003	ESPNL	ENSG00000144488
14175.0	0.0003	CRYBA1	ENSG00000108255
14175.0	0.0003	S100A12	ENSG00000163221
14175.0	0.0003	TFPI2	ENSG00000105825
14175.0	0.0003	RASIP1	ENSG00000105538
14175.0	0.0003	ABHD1	ENSG00000143994
14175.0	0.0003	HSF5	ENSG00000176160
14175.0	0.0003	EME2	ENSG00000197774
14175.0	0.0003	TRMT61B	ENSG00000171103
14175.0	0.0003	INO80D	ENSG00000114933
14175.0	0.0003	ZFR2	ENSG00000105278
14175.0	0.0003	CTA-221G9.10	ENSG00000271181
14175.0	0.0003	STMN3	ENSG00000197457
14175.0	0.0003	TMEM114	ENSG00000232258
14175.0	0.0003	NOL12	ENSG00000100101
14175.0	0.0003	ST8SIA6	ENSG00000148488
14175.0	0.0003	CRYGS	ENSG00000213139
14175.0	0.0003	HEATR4	ENSG00000187105
14175.0	0.0003	TSNAXIP1	ENSG00000102904
14175.0	0.0003	APOBEC3C	ENSG00000244509
14175.0	0.0003	C1QTNF1	ENSG00000173918
14175.0	0.0003	OCSTAMP	ENSG00000149635
14175.0	0.0003	HGH1	ENSG00000235173
14175.0	0.0003	FAM203B	ENSG00000230567
14175.0	0.0003	ZNF3	ENSG00000166526
14175.0	0.0003	STK17A	ENSG00000164543
14175.0	0.0003	STK32B	ENSG00000152953
14175.0	0.0003	PNMA1	ENSG00000176903
14175.0	0.0003	TMED7-TICAM2	ENSG00000251201
14175.0	0.0003	FAM20C	ENSG00000177706
14175.0	0.0003	CDR2	ENSG00000140743
14175.0	0.0003	APOC4	ENSG00000267467
14175.0	0.0003	LACTB2	ENSG00000147592
14175.0	0.0003	TSSC4	ENSG00000184281
14175.0	0.0003	P2RX4	ENSG00000135124
14175.0	0.0003	STK32A	ENSG00000169302
14175.0	0.0003	SH3BP4	ENSG00000130147
14175.0	0.0003	LAMTOR2	ENSG00000116586
14175.0	0.0003	GCA	ENSG00000115271
14175.0	0.0003	BAHD1	ENSG00000140320
14175.0	0.0003	HMG20A	ENSG00000140382
14175.0	0.0003	KRT24	ENSG00000167916
14175.0	0.0003	ZNF398	ENSG00000197024
14175.0	0.0003	GIMAP4	ENSG00000133574
14175.0	0.0003	FOXB1	ENSG00000171956
14175.0	0.0003	ZXDA	ENSG00000198205
14175.0	0.0003	BHLHA15	ENSG00000180535
14175.0	0.0003	MAP3K6	ENSG00000142733
14175.0	0.0003	CLCA1	ENSG00000016490
14175.0	0.0003	LAMTOR4	ENSG00000188186
14175.0	0.0003	CDHR1	ENSG00000148600
14175.0	0.0003	CELF3	ENSG00000159409
14175.0	0.0003	DCD	ENSG00000161634
14175.0	0.0003	TIAF1	ENSG00000221995
14175.0	0.0003	ZBTB8OS	ENSG00000176261
14175.0	0.0003	TCP11	ENSG00000124678
14175.0	0.0003	PIMREG	ENSG00000129195
14175.0	0.0003	TSKS	ENSG00000126467
14175.0	0.0003	DKK4	ENSG00000104371
14175.0	0.0003	REG3A	ENSG00000172016
14175.0	0.0003	MACC1	ENSG00000183742
14175.0	0.0003	GLIPR1L1	ENSG00000173401
14175.0	0.0003	ST13	ENSG00000100380
14175.0	0.0003	PPP1R14D	ENSG00000166143
14175.0	0.0003	KNCN	ENSG00000162456
14175.0	0.0003	AQP12B	ENSG00000185176
14175.0	0.0003	KLHDC9	ENSG00000162755
14175.0	0.0003	UGT2B28	ENSG00000135226
14175.0	0.0003	MIOS	ENSG00000164654
14175.0	0.0003	CD93	ENSG00000125810
14175.0	0.0003	EVC	ENSG00000072840
14175.0	0.0003	CARD9	ENSG00000187796
14175.0	0.0003	CHRFAM7A	ENSG00000166664
14175.0	0.0003	GBP5	ENSG00000154451
14175.0	0.0003	BMF	ENSG00000104081
14175.0	0.0003	LGALS2	ENSG00000100079
14175.0	0.0003	SKAP1	ENSG00000141293
14175.0	0.0003	PRSS8	ENSG00000052344
14175.0	0.0003	TSPAN8	ENSG00000127324
14175.0	0.0003	DSCAML1	ENSG00000177103
14175.0	0.0003	E2F8	ENSG00000129173
14175.0	0.0003	UBQLN3	ENSG00000175520
14175.0	0.0003	MEP1A	ENSG00000112818
14175.0	0.0003	NSG1	ENSG00000168824
14175.0	0.0003	RUFY3	ENSG00000018189
14175.0	0.0003	CELF6	ENSG00000140488
14175.0	0.0003	KCNK1	ENSG00000135750
14175.0	0.0003	FBLN7	ENSG00000144152
14175.0	0.0003	HLA-DPB1	ENSG00000223865
14175.0	0.0003	RANBP3L	ENSG00000164188
14175.0	0.0003	ADAMTS9	ENSG00000163638
14175.0	0.0003	SLC14A1	ENSG00000141469
14175.0	0.0003	POU6F1	ENSG00000184271
14175.0	0.0003	HINT3	ENSG00000111911
14175.0	0.0003	KRT9	ENSG00000171403
14175.0	0.0003	COCH	ENSG00000100473
14175.0	0.0003	EHBP1	ENSG00000115504
14175.0	0.0003	AKAP12	ENSG00000131016
14175.0	0.0003	RLF	ENSG00000117000
14175.0	0.0003	ARL11	ENSG00000152213
14175.0	0.0003	PPM1H	ENSG00000111110
14175.0	0.0003	TCFL5	ENSG00000101190
14175.0	0.0003	CEBPE	ENSG00000092067
14175.0	0.0003	KRT31	ENSG00000094796
14175.0	0.0003	KRT36	ENSG00000126337
14175.0	0.0003	ZCCHC12	ENSG00000174460
14175.0	0.0003	AZGP1	ENSG00000160862
14175.0	0.0003	TRIM29	ENSG00000137699
14175.0	0.0003	HINT2	ENSG00000137133
14175.0	0.0003	MOXD1	ENSG00000079931
14175.0	0.0003	YAE1	ENSG00000241127
14175.0	0.0003	PTPN9	ENSG00000169410
14175.0	0.0003	SYNGR1	ENSG00000100321
14175.0	0.0003	BARHL1	ENSG00000125492
14175.0	0.0003	KRT77	ENSG00000189182
14175.0	0.0003	SECTM1	ENSG00000141574
14175.0	0.0003	PCDH18	ENSG00000189184
14175.0	0.0003	POF1B	ENSG00000124429
14175.0	0.0003	BEST3	ENSG00000127325
14175.0	0.0003	CLEC9A	ENSG00000197992
14175.0	0.0003	KHDC4	ENSG00000132680
14175.0	0.0003	NECTIN4	ENSG00000143217
14175.0	0.0003	TOB2	ENSG00000183864
14175.0	0.0003	KBTBD6	ENSG00000165572
14175.0	0.0003	MCOLN2	ENSG00000153898
14175.0	0.0003	R3HDM1	ENSG00000048991
14175.0	0.0003	PDLIM2	ENSG00000120913
14175.0	0.0003	DCDC1	ENSG00000170959
14175.0	0.0003	SIGLEC1	ENSG00000088827
14175.0	0.0003	HSD17B14	ENSG00000087076
14175.0	0.0003	KCNK6	ENSG00000099337
14175.0	0.0003	KCNK7	ENSG00000173338
14175.0	0.0003	TBC1D9B	ENSG00000197226
14175.0	0.0003	RANBP17	ENSG00000204764
14175.0	0.0003	RGS12	ENSG00000159788
14175.0	0.0003	TSPY2	ENSG00000168757
14175.0	0.0003	KIR2DL3	ENSG00000243772
14175.0	0.0003	PPEF2	ENSG00000156194
14175.0	0.0003	CES4A	ENSG00000172824
14175.0	0.0003	NKIRAS1	ENSG00000197885
14175.0	0.0003	BCLAF1	ENSG00000029363
14175.0	0.0003	ZBED3	ENSG00000132846
14175.0	0.0003	CCDC9	ENSG00000105321
14175.0	0.0003	SPIN2A	ENSG00000147059
14175.0	0.0003	IL1R2	ENSG00000115590
14175.0	0.0003	DNTTIP1	ENSG00000101457
14175.0	0.0003	HASPIN	ENSG00000177602
14175.0	0.0003	BAZ2B	ENSG00000123636
14175.0	0.0003	ASCL3	ENSG00000176009
14175.0	0.0003	ZBED2	ENSG00000177494
14175.0	0.0003	CES3	ENSG00000172828
14175.0	0.0003	TDRKH	ENSG00000182134
14175.0	0.0003	CIDEC	ENSG00000187288
14175.0	0.0003	EIF4ENIF1	ENSG00000184708
14175.0	0.0003	RASSF6	ENSG00000169435
14175.0	0.0003	LTO1	ENSG00000149716
14175.0	0.0003	C1orf127	ENSG00000175262
14175.0	0.0003	MPPED2	ENSG00000066382
14175.0	0.0003	CCDC134	ENSG00000100147
14175.0	0.0003	PHF2	ENSG00000197724
14175.0	0.0003	ZBTB22	ENSG00000236104
14175.0	0.0003	SLC51A	ENSG00000163959
14175.0	0.0003	FAM8A1	ENSG00000137414
14175.0	0.0003	DAPK2	ENSG00000035664
14175.0	0.0003	MYG1	ENSG00000139637
14175.0	0.0003	RPUSD4	ENSG00000165526
14175.0	0.0003	CD1A	ENSG00000158477
14175.0	0.0003	SLAIN2	ENSG00000109171
14175.0	0.0003	PRR13	ENSG00000205352
14175.0	0.0003	SMIM29	ENSG00000186577
14175.0	0.0003	HTN1	ENSG00000126550
14175.0	0.0003	DEFA5	ENSG00000164816
14175.0	0.0003	BFSP1	ENSG00000125864
14175.0	0.0003	TOX	ENSG00000198846
14175.0	0.0003	CHI3L1	ENSG00000133048
14175.0	0.0003	AKIRIN1	ENSG00000174574
14175.0	0.0003	SFMBT1	ENSG00000163935
14175.0	0.0003	SLC13A4	ENSG00000164707
14175.0	0.0003	TDRD6	ENSG00000180113
14175.0	0.0003	UCK1	ENSG00000130717
14175.0	0.0003	ASCL4	ENSG00000187855
14175.0	0.0003	ANTXR2	ENSG00000163297
14175.0	0.0003	MYCBP	ENSG00000214114
14175.0	0.0003	CSRP1	ENSG00000159176
14175.0	0.0003	MTG1	ENSG00000148824
14175.0	0.0003	RP11-108K14.8	ENSG00000254536
14175.0	0.0003	SH2D2A	ENSG00000027869
14175.0	0.0003	ZNF34	ENSG00000196378
14175.0	0.0003	FAIM	ENSG00000158234
14175.0	0.0003	TMEM59	ENSG00000116209
14175.0	0.0003	DNASE2	ENSG00000105612
14175.0	0.0003	SDF2	ENSG00000132581
14175.0	0.0003	GPR87	ENSG00000138271
14175.0	0.0003	ITFG1	ENSG00000129636
14175.0	0.0003	ADIPOR2	ENSG00000006831
14175.0	0.0003	PRB1	ENSG00000251655
14175.0	0.0003	HRNR	ENSG00000197915
14175.0	0.0003	CLPTM1	ENSG00000104853
14175.0	0.0003	CCDC80	ENSG00000091986
14175.0	0.0003	MESP1	ENSG00000166823
14175.0	0.0003	RNF185	ENSG00000138942
14175.0	0.0003	ZBTB2	ENSG00000181472
14175.0	0.0003	UBAC2	ENSG00000134882
14175.0	0.0003	MMP26	ENSG00000167346
14175.0	0.0003	BTN2A2	ENSG00000124508
14175.0	0.0003	IQCG	ENSG00000114473
14175.0	0.0003	BTNL9	ENSG00000165810
14175.0	0.0003	GTSF1	ENSG00000170627
14175.0	0.0003	TMEM185A	ENSG00000155984
14175.0	0.0003	APOBEC3H	ENSG00000100298
14175.0	0.0003	SSH3	ENSG00000172830
14175.0	0.0003	MBD3L1	ENSG00000170948
14175.0	0.0003	TMC8	ENSG00000167895
14175.0	0.0003	VSIG1	ENSG00000101842
14175.0	0.0003	TMC6	ENSG00000141524
14175.0	0.0003	PSAPL1	ENSG00000178597
14175.0	0.0003	REG4	ENSG00000134193
14175.0	0.0003	YBEY	ENSG00000182362
14175.0	0.0003	TROAP	ENSG00000135451
14175.0	0.0003	GPR107	ENSG00000148358
14175.0	0.0003	GSE1	ENSG00000131149
14175.0	0.0003	PLEKHA3	ENSG00000116095
14175.0	0.0003	GARIN2	ENSG00000172717
14175.0	0.0003	PJA2	ENSG00000198961
14175.0	0.0003	CRYM	ENSG00000103316
14175.0	0.0003	CD244	ENSG00000122223
14175.0	0.0003	BOK	ENSG00000176720
14175.0	0.0003	DBP	ENSG00000105516
14175.0	0.0003	LIM2	ENSG00000105370
14175.0	0.0003	EHF	ENSG00000135373
14175.0	0.0003	CARD16	ENSG00000204397
14175.0	0.0003	SPEF1	ENSG00000101222
14175.0	0.0003	RASSF8	ENSG00000123094
14175.0	0.0003	GHITM	ENSG00000165678
14175.0	0.0003	FN3K	ENSG00000167363
14175.0	0.0003	NOL8	ENSG00000198000
14175.0	0.0003	KRT34	ENSG00000131737
14175.0	0.0003	PTPRK	ENSG00000152894
14175.0	0.0003	KRT35	ENSG00000197079
14175.0	0.0003	KRT81	ENSG00000205426
14175.0	0.0003	KRT83	ENSG00000170523
14175.0	0.0003	SNHG28	ENSG00000188004
14175.0	0.0003	IFFO1	ENSG00000010295
14175.0	0.0003	IRGM	ENSG00000237693
14175.0	0.0003	CILP2	ENSG00000160161
14175.0	0.0003	WDSUB1	ENSG00000196151
14175.0	0.0003	ZNF322	ENSG00000181315
14175.0	0.0003	COMMD4	ENSG00000140365
14175.0	0.0003	SPRR2A	ENSG00000241794
14175.0	0.0003	MMP25	ENSG00000008516
14175.0	0.0003	LCE1A	ENSG00000186844
14175.0	0.0003	FCRLA	ENSG00000132185
14175.0	0.0003	RP11-542P2.1	ENSG00000205301
14175.0	0.0003	MVP	ENSG00000013364
14175.0	0.0003	OCIAD2	ENSG00000145247
14175.0	0.0003	CLK1	ENSG00000013441
14175.0	0.0003	MIDEAS	ENSG00000156030
14175.0	0.0003	CD1E	ENSG00000158488
14175.0	0.0003	CPA2	ENSG00000158516
14175.0	0.0003	GPM6B	ENSG00000046653
14175.0	0.0003	BOLL	ENSG00000152430
14175.0	0.0003	CD160	ENSG00000117281
14175.0	0.0003	INSC	ENSG00000188487
14175.0	0.0003	TNFSF14	ENSG00000125735
14175.0	0.0003	DFFA	ENSG00000160049
14175.0	0.0003	NT5C3B	ENSG00000141698
14175.0	0.0003	ACR	ENSG00000100312
14175.0	0.0003	ANXA10	ENSG00000109511
14175.0	0.0003	PEAK1	ENSG00000173517
14175.0	0.0003	NKIRAS2	ENSG00000168256
14175.0	0.0003	ICAM4	ENSG00000105371
14175.0	0.0003	SLC2A4RG	ENSG00000125520
14175.0	0.0003	IGSF11	ENSG00000144847
14175.0	0.0003	PLEK2	ENSG00000100558
14175.0	0.0003	NTMT1	ENSG00000148335
14175.0	0.0003	MYO1B	ENSG00000128641
14175.0	0.0003	FGL1	ENSG00000104760
14175.0	0.0003	CELA3B	ENSG00000219073
14175.0	0.0003	GTPBP6	ENSG00000178605
14175.0	0.0003	ATP13A1	ENSG00000105726
14175.0	0.0003	LANCL2	ENSG00000132434
14175.0	0.0003	PRRG2	ENSG00000126460
14175.0	0.0003	SNX22	ENSG00000157734
14175.0	0.0003	LTB	ENSG00000227507
14175.0	0.0003	DRGX	ENSG00000165606
14175.0	0.0003	AVIL	ENSG00000135407
14175.0	0.0003	GRSF1	ENSG00000132463
14175.0	0.0003	GPR156	ENSG00000175697
14175.0	0.0003	SYCE3	ENSG00000217442
14175.0	0.0003	ZFP42	ENSG00000179059
14175.0	0.0003	SIPA1L2	ENSG00000116991
14175.0	0.0003	EXOG	ENSG00000157036
14175.0	0.0003	RBMS2	ENSG00000076067
14175.0	0.0003	TOR3A	ENSG00000186283
14175.0	0.0003	HAUS7	ENSG00000213397
14175.0	0.0003	RHCG	ENSG00000140519
14175.0	0.0003	LY9	ENSG00000122224
14175.0	0.0003	DELEC1	ENSG00000173077
14175.0	0.0003	S100A11	ENSG00000163191
14175.0	0.0003	SP5	ENSG00000204335
14175.0	0.0003	PRAM1	ENSG00000133246
14175.0	0.0003	SEPTIN12	ENSG00000140623
14175.0	0.0003	TCF25	ENSG00000141002
14175.0	0.0003	TCL1A	ENSG00000100721
14175.0	0.0003	AGBL3	ENSG00000146856
14175.0	0.0003	CRYGA	ENSG00000168582
14175.0	0.0003	SHB	ENSG00000107338
14175.0	0.0003	GAPVD1	ENSG00000165219
14175.0	0.0003	C18orf54	ENSG00000166845
14175.0	0.0003	FOLR1	ENSG00000110195
14175.0	0.0003	SHROOM3	ENSG00000138771
14175.0	0.0003	FAM83B	ENSG00000168143
14175.0	0.0003	SNX24	ENSG00000064652
14175.0	0.0003	SNX25	ENSG00000109762
14175.0	0.0003	VASH1	ENSG00000071246
14175.0	0.0003	HOXB6	ENSG00000108511
14175.0	0.0003	CELA3A	ENSG00000142789
14175.0	0.0003	FNTA	ENSG00000168522
14175.0	0.0003	TSPYL4	ENSG00000187189
14175.0	0.0003	GPRASP2	ENSG00000158301
14175.0	0.0003	NANOS2	ENSG00000188425
14175.0	0.0003	HOPX	ENSG00000171476
14175.0	0.0003	EAPP	ENSG00000129518
14175.0	0.0003	ELOA3BP	ENSG00000234298
14175.0	0.0003	ELOA3DP	ENSG00000266996
14175.0	0.0003	OSCP1	ENSG00000116885
14175.0	0.0003	PABIR2	ENSG00000156504
14175.0	0.0003	PRR20B	ENSG00000204918
14175.0	0.0003	THEM4	ENSG00000159445
14175.0	0.0003	SPSB1	ENSG00000171621
14175.0	0.0003	CA1	ENSG00000133742
14175.0	0.0003	KRT79	ENSG00000185640
14175.0	0.0003	SIGLEC6	ENSG00000105492
14175.0	0.0003	CMSS1	ENSG00000184220
14175.0	0.0003	MAGEB2	ENSG00000099399
14175.0	0.0003	ZNF511	ENSG00000198546
14175.0	0.0003	SPINT4	ENSG00000149651
14175.0	0.0003	ZNF692	ENSG00000171163
14175.0	0.0003	DPT	ENSG00000143196
14175.0	0.0003	MRFAP1	ENSG00000179010
14175.0	0.0003	SPATA31A1	ENSG00000204849
14175.0	0.0003	NGB	ENSG00000165553
14175.0	0.0003	SPSB2	ENSG00000111671
14175.0	0.0003	MAPKBP1	ENSG00000137802
14175.0	0.0003	CCDC97	ENSG00000142039
14175.0	0.0003	ZNF653	ENSG00000161914
14175.0	0.0003	VAT1	ENSG00000108828
14175.0	0.0003	SLC43A3	ENSG00000134802
14175.0	0.0003	CSRNP2	ENSG00000110925
14175.0	0.0003	SPSB4	ENSG00000175093
14175.0	0.0003	KIAA2013	ENSG00000116685
14175.0	0.0003	DPPA4	ENSG00000121570
14175.0	0.0003	HHATL	ENSG00000010282
14175.0	0.0003	HPF1	ENSG00000056050
14175.0	0.0003	ENTPD7	ENSG00000198018
14175.0	0.0003	RNF126	ENSG00000070423
14175.0	0.0003	SPON2	ENSG00000159674
14175.0	0.0003	TBC1D17	ENSG00000104946
14175.0	0.0003	LYPD6B	ENSG00000150556
14175.0	0.0003	PAQR3	ENSG00000163291
14175.0	0.0003	COMMD3	ENSG00000148444
14175.0	0.0003	PARD3B	ENSG00000116117
14175.0	0.0003	OR11H1	ENSG00000130538
14175.0	0.0003	PLEKHO2	ENSG00000241839
14175.0	0.0003	TSPYL6	ENSG00000178021
14175.0	0.0003	CLCA2	ENSG00000137975
14175.0	0.0003	HTN3	ENSG00000205649
14175.0	0.0003	OARD1	ENSG00000124596
14175.0	0.0003	CLCA4	ENSG00000016602
14175.0	0.0003	PRPF38B	ENSG00000134186
14175.0	0.0003	ZNF557	ENSG00000130544
14175.0	0.0003	CNMD	ENSG00000136110
14175.0	0.0003	RASSF9	ENSG00000198774
14175.0	0.0003	CAPNS2	ENSG00000256812
14175.0	0.0003	TSPY3	ENSG00000228927
14175.0	0.0003	TSPY4	ENSG00000233803
14175.0	0.0003	TSPY8	ENSG00000229549
14175.0	0.0003	SPEM1	ENSG00000181323
14175.0	0.0003	SRFBP1	ENSG00000151304
14175.0	0.0003	ASB8	ENSG00000177981
14175.0	0.0003	AKAP3	ENSG00000111254
14175.0	0.0003	PLA2G2D	ENSG00000117215
14175.0	0.0003	CHURC1	ENSG00000258289
14175.0	0.0003	ITIH3	ENSG00000162267
14175.0	0.0003	ANKS4B	ENSG00000175311
14175.0	0.0003	LMOD2	ENSG00000170807
14175.0	0.0003	HEMGN	ENSG00000136929
14175.0	0.0003	EVPL	ENSG00000167880
14175.0	0.0003	ARL4C	ENSG00000188042
14175.0	0.0003	MKI67	ENSG00000148773
14175.0	0.0003	SNN	ENSG00000184602
14175.0	0.0003	ZNF445	ENSG00000185219
14175.0	0.0003	PKIA	ENSG00000171033
14175.0	0.0003	CLNK	ENSG00000109684
14175.0	0.0003	LGALS7B	ENSG00000178934
14175.0	0.0003	DDIT4L	ENSG00000145358
14175.0	0.0003	MRGPRX1	ENSG00000170255
14175.0	0.0003	HOMEZ	ENSG00000215271
14175.0	0.0003	ZNF10	ENSG00000256223
14175.0	0.0003	ADGRD2	ENSG00000180264
14175.0	0.0003	TUBB8	ENSG00000173876
14175.0	0.0003	WFDC12	ENSG00000168703
14175.0	0.0003	SOX14	ENSG00000168875
14175.0	0.0003	TRIM64B	ENSG00000189253
14175.0	0.0003	CARD19	ENSG00000165233
14175.0	0.0003	RUFY2	ENSG00000204130
14175.0	0.0003	GPR160	ENSG00000173890
14175.0	0.0003	KLB	ENSG00000134962
14175.0	0.0003	RBM12B	ENSG00000183808
14175.0	0.0003	MRPL28	ENSG00000086504
14175.0	0.0003	PBLD	ENSG00000108187
14175.0	0.0003	KXD1	ENSG00000105700
14175.0	0.0003	GPN3	ENSG00000111231
14175.0	0.0003	RBM43	ENSG00000184898
14175.0	0.0003	CCDC191	ENSG00000163617
14175.0	0.0003	BLCAP	ENSG00000166619
14175.0	0.0003	UPK1B	ENSG00000114638
14175.0	0.0003	ZBTB7C	ENSG00000184828
14175.0	0.0003	DDAH1	ENSG00000153904
14175.0	0.0003	DNPEP	ENSG00000123992
14175.0	0.0003	GPN2	ENSG00000142751
14175.0	0.0003	PGLYRP3	ENSG00000159527
14175.0	0.0003	L3MBTL3	ENSG00000198945
14175.0	0.0003	EDDM3B	ENSG00000181552
14175.0	0.0003	C19orf48P	ENSG00000167747
14175.0	0.0003	SSBP1	ENSG00000106028
14175.0	0.0003	SEPTIN3	ENSG00000100167
14175.0	0.0003	FMNL3	ENSG00000161791
14175.0	0.0003	SDCBP2	ENSG00000125775
14175.0	0.0003	KLHDC1	ENSG00000197776
14175.0	0.0003	SMIM1	ENSG00000235169
14175.0	0.0003	ZBTB5	ENSG00000168795
14175.0	0.0003	CABCOCO1	ENSG00000183346
14175.0	0.0003	MAP3K7CL	ENSG00000156265
14175.0	0.0003	SLCO2A1	ENSG00000174640
14175.0	0.0003	PARPBP	ENSG00000185480
14175.0	0.0003	KLHDC2	ENSG00000165516
14175.0	0.0003	CITED4	ENSG00000179862
14175.0	0.0003	NFKBIE	ENSG00000146232
14175.0	0.0003	ZNF45	ENSG00000124459
14175.0	0.0003	FASTK	ENSG00000164896
14175.0	0.0003	OPRPN	ENSG00000171199
14175.0	0.0003	SFT2D1	ENSG00000198818
14175.0	0.0003	SFT2D2	ENSG00000213064
14175.0	0.0003	CA6	ENSG00000131686
14175.0	0.0003	COTL1	ENSG00000103187
14175.0	0.0003	LARP4B	ENSG00000107929
14175.0	0.0003	FAM178B	ENSG00000168754
14175.0	0.0003	DIRAS1	ENSG00000176490
14175.0	0.0003	BCL2L14	ENSG00000121380
14175.0	0.0003	LLPH	ENSG00000139233
14175.0	0.0003	GAB3	ENSG00000160219
14175.0	0.0003	LIMA1	ENSG00000050405
14175.0	0.0003	DIRAS2	ENSG00000165023
14175.0	0.0003	OR10S1	ENSG00000196248
14175.0	0.0003	ARL4A	ENSG00000122644
14175.0	0.0003	LDLRAD1	ENSG00000203985
14175.0	0.0003	GHDC	ENSG00000167925
14175.0	0.0003	CPLANE2	ENSG00000132881
14175.0	0.0003	FHOD1	ENSG00000135723
14175.0	0.0003	WFDC11	ENSG00000180083
14175.0	0.0003	RERGL	ENSG00000111404
14175.0	0.0003	CA5A	ENSG00000174990
14175.0	0.0003	MDGA1	ENSG00000112139
14175.0	0.0003	KLK7	ENSG00000169035
14175.0	0.0003	ACOD1	ENSG00000102794
14175.0	0.0003	ART3	ENSG00000156219
14175.0	0.0003	MLXIP	ENSG00000175727
14175.0	0.0003	KRTAP5-6	ENSG00000205864
14175.0	0.0003	TRIR	ENSG00000123144
14175.0	0.0003	GSDME	ENSG00000105928
14175.0	0.0003	DOCK10	ENSG00000135905
14175.0	0.0003	RSPH6A	ENSG00000104941
14175.0	0.0003	VGLL3	ENSG00000206538
14175.0	0.0003	FRMD4B	ENSG00000114541
14175.0	0.0003	GABRQ	ENSG00000147402
14175.0	0.0003	ATP9B	ENSG00000166377
14175.0	0.0003	CFAP20	ENSG00000070761
14175.0	0.0003	ZDHHC18	ENSG00000204160
14175.0	0.0003	LRBA	ENSG00000198589
14175.0	0.0003	DYNC2I1	ENSG00000126870
14175.0	0.0003	ART1	ENSG00000129744
14175.0	0.0003	ZNF358	ENSG00000198816
14175.0	0.0003	CMTM2	ENSG00000140932
14175.0	0.0003	CABYR	ENSG00000154040
14175.0	0.0003	SCGB1D4	ENSG00000197745
14175.0	0.0003	MEP1B	ENSG00000141434
14175.0	0.0003	KAAG1	ENSG00000146049
14175.0	0.0003	CLYBL	ENSG00000125246
14175.0	0.0003	LRP1B	ENSG00000168702
14175.0	0.0003	ROPN1	ENSG00000065371
14175.0	0.0003	SLC9C2	ENSG00000162753
14175.0	0.0003	ZBTB6	ENSG00000186130
14175.0	0.0003	AGAP5	ENSG00000172650
14175.0	0.0003	TBX15	ENSG00000092607
14175.0	0.0003	CNTROB	ENSG00000170037
14175.0	0.0003	DUSP14	ENSG00000161326
14175.0	0.0003	SFSWAP	ENSG00000061936
14175.0	0.0003	LRATD2	ENSG00000168672
14175.0	0.0003	TRAM1L1	ENSG00000174599
14175.0	0.0003	GDE1	ENSG00000006007
14175.0	0.0003	FBXO33	ENSG00000165355
14175.0	0.0003	LILRA6	ENSG00000244482
14175.0	0.0003	PRDM15	ENSG00000141956
14175.0	0.0003	SCARF2	ENSG00000244486
14175.0	0.0003	CDCP1	ENSG00000163814
14175.0	0.0003	DUX4L1	ENSG00000258389
14175.0	0.0003	GPR63	ENSG00000112218
14175.0	0.0003	FSD1L	ENSG00000106701
14175.0	0.0003	NFKBIZ	ENSG00000144802
14175.0	0.0003	SULT1A4	ENSG00000213648
14175.0	0.0003	AGAP3	ENSG00000133612
14175.0	0.0003	AGAP4	ENSG00000188234
14175.0	0.0003	AGAP6	ENSG00000204149
14175.0	0.0003	AGAP7P	ENSG00000204169
14175.0	0.0003	AGAP8	ENSG00000174194
14175.0	0.0003	TCP10L	ENSG00000242220
14175.0	0.0003	SLITRK6	ENSG00000184564
14175.0	0.0003	GLT8D2	ENSG00000120820
14175.0	0.0003	SCGB2A2	ENSG00000110484
14175.0	0.0003	SERTAD2	ENSG00000179833
14175.0	0.0003	CARHSP1	ENSG00000153048
14175.0	0.0003	COX7B2	ENSG00000170516
14175.0	0.0003	ANKRD12	ENSG00000101745
14175.0	0.0003	REX1BD	ENSG00000006015
14175.0	0.0003	SLCO5A1	ENSG00000137571
14175.0	0.0003	CD48	ENSG00000117091
14175.0	0.0003	CORO7	ENSG00000262246
14175.0	0.0003	GPHA2	ENSG00000149735
14175.0	0.0003	BSPH1	ENSG00000188334
14175.0	0.0003	SPRR1B	ENSG00000169469
14175.0	0.0003	ZKSCAN3	ENSG00000189298
14175.0	0.0003	TNFRSF19	ENSG00000127863
14175.0	0.0003	CLEC4E	ENSG00000166523
14175.0	0.0003	MYCBPAP	ENSG00000136449
14175.0	0.0003	LRRC34	ENSG00000171757
14175.0	0.0003	TMEM11	ENSG00000178307
14175.0	0.0003	SERP2	ENSG00000151778
14175.0	0.0003	PPP1R26	ENSG00000196422
14175.0	0.0003	SEMG2	ENSG00000124157
14175.0	0.0003	ERRFI1	ENSG00000116285
14175.0	0.0003	GJB3	ENSG00000188910
14175.0	0.0003	ROPN1L	ENSG00000145491
14175.0	0.0003	FBXL14	ENSG00000171823
14175.0	0.0003	RTCB	ENSG00000100220
14175.0	0.0003	REPIN1	ENSG00000214022
14175.0	0.0003	GRTP1	ENSG00000139835
14175.0	0.0003	ENOX1	ENSG00000120658
14175.0	0.0003	HSF2BP	ENSG00000160207
14175.0	0.0003	CMBL	ENSG00000164237
14175.0	0.0003	CUEDC2	ENSG00000107874
14175.0	0.0003	BTLA	ENSG00000186265
14175.0	0.0003	CLEC14A	ENSG00000176435
14175.0	0.0003	NMT2	ENSG00000152465
14175.0	0.0003	MAP3K15	ENSG00000180815
14175.0	0.0003	GGNBP2	ENSG00000005955
14175.0	0.0003	CBR4	ENSG00000145439
14175.0	0.0003	DYNLT4	ENSG00000188396
14175.0	0.0003	MRPL54	ENSG00000183617
14175.0	0.0003	RGS22	ENSG00000132554
14175.0	0.0003	TMEM53	ENSG00000126106
14175.0	0.0003	SLC35D3	ENSG00000182747
14175.0	0.0003	PILRA	ENSG00000085514
14175.0	0.0003	FBXO10	ENSG00000147912
14175.0	0.0003	NT5C1B	ENSG00000185013
14175.0	0.0003	ACRBP	ENSG00000111644
14175.0	0.0003	ZDHHC2	ENSG00000104219
14175.0	0.0003	FSIP1	ENSG00000150667
14175.0	0.0003	RGS21	ENSG00000253148
14175.0	0.0003	CRIPAK	ENSG00000179979
14175.0	0.0003	ARPP21	ENSG00000172995
14175.0	0.0003	FSIP2	ENSG00000188738
14175.0	0.0003	RTP5	ENSG00000188011
14175.0	0.0003	OBSL1	ENSG00000124006
14175.0	0.0003	DOK3	ENSG00000146094
14175.0	0.0003	LOXL2	ENSG00000134013
14175.0	0.0003	CCDC86	ENSG00000110104
14175.0	0.0003	GMEB2	ENSG00000101216
14175.0	0.0003	ADGRG2	ENSG00000173698
14175.0	0.0003	ZSCAN18	ENSG00000121413
14175.0	0.0003	GYPE	ENSG00000197465
14175.0	0.0003	RNF181	ENSG00000168894
14175.0	0.0003	SPINK7	ENSG00000145879
14175.0	0.0003	SEMA5B	ENSG00000082684
14175.0	0.0003	EI24	ENSG00000149547
14175.0	0.0003	AKAP14	ENSG00000186471
14175.0	0.0003	FSBP	ENSG00000265817
14175.0	0.0003	UACA	ENSG00000137831
14175.0	0.0003	C2orf80	ENSG00000188674
14175.0	0.0003	SLCO4C1	ENSG00000173930
14175.0	0.0003	VIL1	ENSG00000127831
14175.0	0.0003	RFX8	ENSG00000196460
14175.0	0.0003	CTBS	ENSG00000117151
14175.0	0.0003	DDIAS	ENSG00000165490
14175.0	0.0003	ACKR4	ENSG00000129048
14175.0	0.0003	SPAG8	ENSG00000137098
14175.0	0.0003	ANGPTL1	ENSG00000116194
14175.0	0.0003	GKAP1	ENSG00000165113
14175.0	0.0003	TPSAB1	ENSG00000172236
14175.0	0.0003	TTLL5	ENSG00000119685
14175.0	0.0003	AKNA	ENSG00000106948
14175.0	0.0003	ANKRD13C-DT	ENSG00000197568
14175.0	0.0003	RCAN3	ENSG00000117602
14175.0	0.0003	NPDC1	ENSG00000107281
14175.0	0.0003	ANGPTL2	ENSG00000136859
14175.0	0.0003	LPCAT3	ENSG00000111684
14175.0	0.0003	CLSTN2	ENSG00000158258
14175.0	0.0003	KHDC1	ENSG00000135314
14175.0	0.0003	ADAM28	ENSG00000042980
14175.0	0.0003	TAS2R13	ENSG00000212128
14175.0	0.0003	TAS2R7	ENSG00000121377
14175.0	0.0003	TAS2R8	ENSG00000121314
14175.0	0.0003	TAS2R9	ENSG00000121381
14175.0	0.0003	LOXL3	ENSG00000115318
14175.0	0.0003	NUDT7	ENSG00000140876
14175.0	0.0003	ZAR1	ENSG00000182223
14175.0	0.0003	RNASE3	ENSG00000169397
14175.0	0.0003	FAM98B	ENSG00000171262
14175.0	0.0003	C2orf49	ENSG00000135974
14175.0	0.0003	ZPBP	ENSG00000042813
14175.0	0.0003	GPR158	ENSG00000151025
14175.0	0.0003	ATRAID	ENSG00000138085
14175.0	0.0003	SLAMF6	ENSG00000162739
14175.0	0.0003	ZNF85	ENSG00000105750
14175.0	0.0003	PITPNM2	ENSG00000090975
14175.0	0.0003	JTB	ENSG00000143543
14175.0	0.0003	ARL14	ENSG00000179674
14175.0	0.0003	SPDYA	ENSG00000163806
14175.0	0.0003	ZSCAN21	ENSG00000166529
14175.0	0.0003	NUDT18	ENSG00000173566
14175.0	0.0003	RNF115	ENSG00000121848
14175.0	0.0003	KIN	ENSG00000151657
14175.0	0.0003	DHRS1	ENSG00000157379
14175.0	0.0003	SPDYC	ENSG00000204710
14175.0	0.0003	GGTLC1	ENSG00000149435
14175.0	0.0003	CYB561	ENSG00000008283
14175.0	0.0003	SIT1	ENSG00000137078
14175.0	0.0003	USP38	ENSG00000170185
14175.0	0.0003	USP35	ENSG00000118369
14175.0	0.0003	ELOF1	ENSG00000130165
14175.0	0.0003	AC010547.9	ENSG00000261611
14175.0	0.0003	ZNF23	ENSG00000167377
14175.0	0.0003	NBAS	ENSG00000151779
14175.0	0.0003	CDKN2AIP	ENSG00000168564
14175.0	0.0003	ZNF16	ENSG00000170631
14175.0	0.0003	ZNF19	ENSG00000157429
14175.0	0.0003	PITPNM3	ENSG00000091622
14175.0	0.0003	CD53	ENSG00000143119
14175.0	0.0003	AFAP1L2	ENSG00000169129
14175.0	0.0003	ATOH8	ENSG00000168874
14175.0	0.0003	BCL7A	ENSG00000110987
14175.0	0.0003	MS4A1	ENSG00000156738
14175.0	0.0003	LGALS9B	ENSG00000170298
14175.0	0.0003	SHCBP1	ENSG00000171241
14175.0	0.0003	CHURC1-FNTB	ENSG00000125954
14175.0	0.0003	SPATA24	ENSG00000170469
14175.0	0.0003	PCMTD1	ENSG00000168300
14175.0	0.0003	ZNF598	ENSG00000167962
14175.0	0.0003	BHLHE23	ENSG00000125533
14175.0	0.0003	ZBTB1	ENSG00000126804
14175.0	0.0003	GPRIN1	ENSG00000169258
14175.0	0.0003	RWDD2B	ENSG00000156253
14175.0	0.0003	RFPL4A	ENSG00000223638
14175.0	0.0003	LGALS9C	ENSG00000171916
14175.0	0.0003	DEFA4	ENSG00000164821
14175.0	0.0003	DEFA3	ENSG00000239839
14175.0	0.0003	CIMAP1A	ENSG00000177947
14175.0	0.0003	CTSO	ENSG00000256043
14175.0	0.0003	DEFA6	ENSG00000164822
14175.0	0.0003	SLC6A6	ENSG00000131389
14175.0	0.0003	SLC22A17	ENSG00000092096
14175.0	0.0003	GPR62	ENSG00000180929
14175.0	0.0003	LILRB4	ENSG00000186818
14175.0	0.0003	ZNF214	ENSG00000149050
14175.0	0.0003	ZSCAN22	ENSG00000182318
14175.0	0.0003	ANKRD35	ENSG00000198483
14175.0	0.0003	SIGLEC7	ENSG00000168995
14175.0	0.0003	CRLF1	ENSG00000006016
14175.0	0.0003	MAGEB4	ENSG00000120289
14175.0	0.0003	MORC3	ENSG00000159256
14175.0	0.0003	CIMAP3	ENSG00000173947
14175.0	0.0003	TOX3	ENSG00000103460
14175.0	0.0003	CMTM3	ENSG00000140931
14175.0	0.0003	ZNF215	ENSG00000149054
14175.0	0.0003	TCP10L3	ENSG00000203690
14175.0	0.0003	NUCB1	ENSG00000104805
14175.0	0.0003	TMEM50A	ENSG00000183726
14175.0	0.0003	MAD2L1BP	ENSG00000124688
14175.0	0.0003	NIPSNAP3B	ENSG00000165028
14175.0	0.0003	TMEM203	ENSG00000187713
14175.0	0.0003	ZC3H7A	ENSG00000122299
14175.0	0.0003	PRR15	ENSG00000176532
14175.0	0.0003	FREM1	ENSG00000164946
14175.0	0.0003	MLF2	ENSG00000089693
14175.0	0.0003	HAUS8	ENSG00000131351
14175.0	0.0003	CHIC1	ENSG00000204116
14175.0	0.0003	CC2D1B	ENSG00000154222
14175.0	0.0003	ZNF451	ENSG00000112200
14175.0	0.0003	RAX2	ENSG00000173976
14175.0	0.0003	PHLDA1	ENSG00000139289
14175.0	0.0003	DGCR6L	ENSG00000128185
14175.0	0.0003	SMCHD1	ENSG00000101596
14175.0	0.0003	FLG	ENSG00000143631
14175.0	0.0003	METTL4	ENSG00000101574
14175.0	0.0003	C7orf50	ENSG00000146540
14175.0	0.0003	ESRP2	ENSG00000103067
14175.0	0.0003	ADGRL4	ENSG00000162618
14175.0	0.0003	TTLL7	ENSG00000137941
14175.0	0.0003	LRRC43	ENSG00000158113
14175.0	0.0003	TRIM69	ENSG00000185880
14175.0	0.0003	PSG9	ENSG00000183668
14175.0	0.0003	ZC3H3	ENSG00000014164
14175.0	0.0003	CCDC180	ENSG00000197816
14175.0	0.0003	NKX2-4	ENSG00000125816
14175.0	0.0003	FAM83H	ENSG00000180921
14175.0	0.0003	NOL11	ENSG00000130935
14175.0	0.0003	KRT15	ENSG00000171346
14175.0	0.0003	TMSB10	ENSG00000034510
14175.0	0.0003	ADGRE1	ENSG00000174837
14175.0	0.0003	MICALL2	ENSG00000164877
14175.0	0.0003	RWDD3	ENSG00000122481
14175.0	0.0003	NIBAN3	ENSG00000167483
14175.0	0.0003	ZNF260	ENSG00000254004
14175.0	0.0003	AURKAIP1	ENSG00000175756
14175.0	0.0003	LMBR1	ENSG00000105983
14175.0	0.0003	PRG2	ENSG00000186652
14175.0	0.0003	PTPRCAP	ENSG00000213402
14175.0	0.0003	SLC46A2	ENSG00000119457
14175.0	0.0003	KASH5	ENSG00000161609
14175.0	0.0003	DKKL1	ENSG00000104901
14175.0	0.0003	FCN2	ENSG00000160339
14175.0	0.0003	VPREB1	ENSG00000169575
14175.0	0.0003	KRT75	ENSG00000170454
14175.0	0.0003	XXYLT1	ENSG00000173950
14175.0	0.0003	CST8	ENSG00000125815
14175.0	0.0003	DQX1	ENSG00000144045
14175.0	0.0003	USB1	ENSG00000103005
14175.0	0.0003	STK10	ENSG00000072786
14175.0	0.0003	HAUS1	ENSG00000152240
14175.0	0.0003	LYPLA2	ENSG00000011009
14175.0	0.0003	SLC16A12	ENSG00000152779
14175.0	0.0003	HAUS4	ENSG00000092036
14175.0	0.0003	REG1A	ENSG00000115386
14175.0	0.0003	FMNL1	ENSG00000184922
14175.0	0.0003	HAUS5	ENSG00000249115
14175.0	0.0003	REEP6	ENSG00000115255
14175.0	0.0003	HAUS3	ENSG00000214367
14175.0	0.0003	RAD51AP2	ENSG00000214842
14175.0	0.0003	MT1X	ENSG00000187193
14175.0	0.0003	RLN3	ENSG00000171136
14175.0	0.0003	FAM98A	ENSG00000119812
14175.0	0.0003	ZACN	ENSG00000186919
14175.0	0.0003	FAM32A	ENSG00000105058
14175.0	0.0003	EID2	ENSG00000176396
14175.0	0.0003	CDK2AP2	ENSG00000167797
14175.0	0.0003	TBRG1	ENSG00000154144
14175.0	0.0003	MEI1	ENSG00000167077
14175.0	0.0003	TFEC	ENSG00000105967
14175.0	0.0003	BTG3	ENSG00000154640
14175.0	0.0003	NAPSA	ENSG00000131400
14175.0	0.0003	PLGLB2	ENSG00000125551
14175.0	0.0003	SPMIP10	ENSG00000196900
14175.0	0.0003	GUCA2A	ENSG00000197273
14175.0	0.0003	PSMG1	ENSG00000183527
14175.0	0.0003	DEFB103A	ENSG00000176797
14175.0	0.0003	PSG5	ENSG00000204941
14175.0	0.0003	AVPI1	ENSG00000119986
14175.0	0.0003	UNC5CL	ENSG00000124602
14175.0	0.0003	NFAM1	ENSG00000235568
14175.0	0.0003	KLHDC4	ENSG00000104731
14175.0	0.0003	ORM1	ENSG00000229314
14175.0	0.0003	OR51T1	ENSG00000176900
14175.0	0.0003	MRPS33	ENSG00000090263
14175.0	0.0003	KLRF2	ENSG00000256797
14175.0	0.0003	DCANP1	ENSG00000251380
14175.0	0.0003	SOX30	ENSG00000039600
14175.0	0.0003	CHCHD5	ENSG00000125611
14175.0	0.0003	ZNF230	ENSG00000159882
14175.0	0.0003	CHST4	ENSG00000140835
14175.0	0.0003	POTEH	ENSG00000198062
14175.0	0.0003	IL13RA2	ENSG00000123496
14175.0	0.0003	CTAG1B	ENSG00000184033
14175.0	0.0003	DHRS2	ENSG00000100867
14175.0	0.0003	WDR55	ENSG00000120314
14175.0	0.0003	TMEM115	ENSG00000126062
14175.0	0.0003	ARHGEF26	ENSG00000114790
14175.0	0.0003	RNF114	ENSG00000124226
14175.0	0.0003	IFI27L1	ENSG00000165948
14175.0	0.0003	RLN2	ENSG00000107014
14175.0	0.0003	TM4SF5	ENSG00000142484
14175.0	0.0003	CCL3L1	ENSG00000205021
14175.0	0.0003	OPN3	ENSG00000054277
14175.0	0.0003	CLCN5	ENSG00000171365
14175.0	0.0003	COMMD2	ENSG00000114744
14175.0	0.0003	EVC2	ENSG00000173040
14175.0	0.0003	DEFB4A	ENSG00000171711
14175.0	0.0003	BCL2L12	ENSG00000126453
14175.0	0.0003	DYDC2	ENSG00000133665
14175.0	0.0003	MISP	ENSG00000099812
14175.0	0.0003	DEF6	ENSG00000023892
14175.0	0.0003	CEP20	ENSG00000133393
14175.0	0.0003	PANX3	ENSG00000154143
14175.0	0.0003	RNF217	ENSG00000146373
14175.0	0.0003	GPR84	ENSG00000139572
14175.0	0.0003	RHNO1	ENSG00000171792
14175.0	0.0003	C14orf93	ENSG00000100802
14175.0	0.0003	TARBP1	ENSG00000059588
14175.0	0.0003	KLK5	ENSG00000167754
14175.0	0.0003	ZGLP1	ENSG00000220201
14175.0	0.0003	APOL5	ENSG00000128313
14175.0	0.0003	AAMDC	ENSG00000087884
14175.0	0.0003	SESTD1	ENSG00000187231
14175.0	0.0003	LENEP	ENSG00000163352
14175.0	0.0003	SGK494	ENSG00000167524
14175.0	0.0003	PEAR1	ENSG00000187800
14175.0	0.0003	CMTM7	ENSG00000153551
14175.0	0.0003	TMEM204	ENSG00000131634
14175.0	0.0003	POM121	ENSG00000196313
14175.0	0.0003	GPR50	ENSG00000102195
14175.0	0.0003	MT1G	ENSG00000125144
14175.0	0.0003	FMNL2	ENSG00000157827
14175.0	0.0003	ZNF703	ENSG00000183779
14175.0	0.0003	RNF32	ENSG00000105982
14175.0	0.0003	OGFOD2	ENSG00000111325
14175.0	0.0003	SCUBE2	ENSG00000175356
14175.0	0.0003	FCGR1BP	ENSG00000198019
14175.0	0.0003	N4BP2	ENSG00000078177
14175.0	0.0003	TMPRSS7	ENSG00000176040
14175.0	0.0003	INSL5	ENSG00000172410
14175.0	0.0003	FAM3B	ENSG00000183844
14175.0	0.0003	CPNE1	ENSG00000214078
14175.0	0.0003	LRIF1	ENSG00000121931
14175.0	0.0003	ROMO1	ENSG00000125995
14175.0	0.0003	DEFB103B	ENSG00000177243
14175.0	0.0003	MRI1	ENSG00000037757
14175.0	0.0003	ZDHHC15	ENSG00000102383
14175.0	0.0003	ZDHHC20	ENSG00000180776
14175.0	0.0003	CNFN	ENSG00000105427
14175.0	0.0003	AFAP1	ENSG00000196526
14175.0	0.0003	LUZP6	ENSG00000267697
14175.0	0.0003	TINAGL1	ENSG00000142910
14175.0	0.0003	ZDHHC14	ENSG00000175048
14175.0	0.0003	REG3G	ENSG00000143954
14175.0	0.0003	CDC42EP3	ENSG00000163171
14175.0	0.0003	CFAP57	ENSG00000243710
14175.0	0.0003	UNKL	ENSG00000059145
14175.0	0.0003	XG	ENSG00000124343
14175.0	0.0003	BFSP2	ENSG00000170819
14175.0	0.0003	EXO5	ENSG00000164002
14175.0	0.0003	OPN1MW	ENSG00000147380
14175.0	0.0003	TANGO6	ENSG00000103047
14175.0	0.0003	KRTAP1-4	ENSG00000204887
14175.0	0.0003	MAGEA2	ENSG00000184750
14175.0	0.0003	MAGEA2B	ENSG00000183305
14175.0	0.0003	DYDC1	ENSG00000170788
14175.0	0.0003	GIPC2	ENSG00000137960
14175.0	0.0003	ZC3H10	ENSG00000135482
14175.0	0.0003	ZIM3	ENSG00000141946
14175.0	0.0003	ZFP69	ENSG00000187815
14175.0	0.0003	ZNF267	ENSG00000185947
14175.0	0.0003	INAVA	ENSG00000163362
14175.0	0.0003	SLC25A34	ENSG00000162461
14175.0	0.0003	SLC25A35	ENSG00000125434
14175.0	0.0003	SLC16A9	ENSG00000165449
14175.0	0.0003	NKRF	ENSG00000186416
14175.0	0.0003	KRTAP5-1	ENSG00000205869
14175.0	0.0003	GLT6D1	ENSG00000204007
14175.0	0.0003	ITIH2	ENSG00000151655
14175.0	0.0003	CDCA4	ENSG00000170779
14175.0	0.0003	TBC1D3H	ENSG00000242384
14175.0	0.0003	DND1	ENSG00000256453
14175.0	0.0003	CMTM8	ENSG00000170293
14175.0	0.0003	GPATCH4	ENSG00000160818
14175.0	0.0003	LCN10	ENSG00000187922
14175.0	0.0003	SLC26A5	ENSG00000170615
14175.0	0.0003	METTL18	ENSG00000171806
14175.0	0.0003	LCN15	ENSG00000177984
14175.0	0.0003	SLC17A3	ENSG00000124564
14175.0	0.0003	PDLIM3	ENSG00000154553
14175.0	0.0003	FN3KRP	ENSG00000141560
14175.0	0.0003	ZDHHC21	ENSG00000175893
14175.0	0.0003	PATE1	ENSG00000171053
14175.0	0.0003	BSX	ENSG00000188909
14175.0	0.0003	RNPEP	ENSG00000176393
14175.0	0.0003	GPR19	ENSG00000183150
14175.0	0.0003	HEATR6	ENSG00000068097
14175.0	0.0003	UBE3D	ENSG00000118420
14175.0	0.0003	SPATA25	ENSG00000149634
14175.0	0.0003	GYPB	ENSG00000250361
14175.0	0.0003	BAIAP2L1	ENSG00000006453
14175.0	0.0003	ELAC1	ENSG00000141642
14175.0	0.0003	TGM7	ENSG00000159495
14175.0	0.0003	CENPW	ENSG00000203760
14175.0	0.0003	KRTAP9-1	ENSG00000240542
14175.0	0.0003	MID1IP1	ENSG00000165175
14175.0	0.0003	SYNGR2	ENSG00000108639
14175.0	0.0003	C12orf75	ENSG00000235162
14175.0	0.0003	INSL6	ENSG00000120210
14175.0	0.0003	ADM5	ENSG00000224420
14175.0	0.0003	ANKRD44	ENSG00000065413
14175.0	0.0003	REXO2	ENSG00000076043
14175.0	0.0003	CLEC16A	ENSG00000038532
14175.0	0.0003	VGF	ENSG00000128564
14175.0	0.0003	MTRNR2L5	ENSG00000249860
14175.0	0.0003	SLC22A25	ENSG00000196600
14175.0	0.0003	PCDHA4	ENSG00000204967
14175.0	0.0003	AMIGO1	ENSG00000181754
14175.0	0.0003	DIP2A	ENSG00000160305
14175.0	0.0003	RTF2	ENSG00000022277
14175.0	0.0003	CCDC38	ENSG00000165972
14175.0	0.0003	KRTAP1-5	ENSG00000221852
14175.0	0.0003	SLC15A3	ENSG00000110446
14175.0	0.0003	TIFAB	ENSG00000255833
14175.0	0.0003	PRDM9	ENSG00000164256
14175.0	0.0003	LMBR1L	ENSG00000139636
14175.0	0.0003	C19orf33	ENSG00000167644
14175.0	0.0003	ARMC7	ENSG00000125449
14175.0	0.0003	FKBP7	ENSG00000079150
14175.0	0.0003	FKBP11	ENSG00000134285
14175.0	0.0003	ZFP36L2	ENSG00000152518
14175.0	0.0003	LEAP2	ENSG00000164406
14175.0	0.0003	TMPRSS11E	ENSG00000087128
14175.0	0.0003	ZUP1	ENSG00000153975
14175.0	0.0003	RAB30	ENSG00000137502
14175.0	0.0003	DDX53	ENSG00000184735
14175.0	0.0003	KRTAP16-1	ENSG00000212657
14175.0	0.0003	PHTF1	ENSG00000116793
14175.0	0.0003	CCDC124	ENSG00000007080
14175.0	0.0003	ACKR1	ENSG00000213088
14175.0	0.0003	SPOCD1	ENSG00000134668
14175.0	0.0003	VTCN1	ENSG00000134258
14175.0	0.0003	OR2C1	ENSG00000168158
14175.0	0.0003	OR51E2	ENSG00000167332
14175.0	0.0003	OR2F1	ENSG00000213215
14175.0	0.0003	OR5AU1	ENSG00000169327
14175.0	0.0003	OR13C8	ENSG00000186943
14175.0	0.0003	OR2M3	ENSG00000228198
14175.0	0.0003	OR2M7	ENSG00000177186
14175.0	0.0003	OR4F5	ENSG00000186092
14175.0	0.0003	OR4F21	ENSG00000176269
14175.0	0.0003	OR2M2	ENSG00000198601
14175.0	0.0003	OR2M5	ENSG00000162727
14175.0	0.0003	OR4F17	ENSG00000176695
14175.0	0.0003	OR4F4	ENSG00000177693
14175.0	0.0003	OR52W1	ENSG00000175485
14175.0	0.0003	OR51Q1	ENSG00000167360
14175.0	0.0003	OR56B1	ENSG00000181023
14175.0	0.0003	OR52I2	ENSG00000226288
14175.0	0.0003	OR52M1	ENSG00000197790
14175.0	0.0003	OR4K2	ENSG00000165762
14175.0	0.0003	OR51A4	ENSG00000205497
14175.0	0.0003	OR52J3	ENSG00000205495
14175.0	0.0003	OR51A2	ENSG00000205496
14175.0	0.0003	OR8U1	ENSG00000172199
14175.0	0.0003	OR2L13	ENSG00000196071
14175.0	0.0003	OR10H1	ENSG00000186723
14175.0	0.0003	OR10P1	ENSG00000175398
14175.0	0.0003	OR2T5	ENSG00000203661
14175.0	0.0003	OR4C11	ENSG00000172188
14175.0	0.0003	OR4C3	ENSG00000176547
14175.0	0.0003	OR51L1	ENSG00000176798
14175.0	0.0003	OR1B1	ENSG00000171484
14175.0	0.0003	OR6X1	ENSG00000221931
14175.0	0.0003	OR7D4	ENSG00000174667
14175.0	0.0003	OR13H1	ENSG00000171054
14175.0	0.0003	OR2T8	ENSG00000177462
14175.0	0.0003	OR10AD1	ENSG00000172640
14175.0	0.0003	OR4D11	ENSG00000176200
14175.0	0.0003	OR10W1	ENSG00000172772
14175.0	0.0003	OR5K4	ENSG00000196098
14175.0	0.0003	OR1K1	ENSG00000165204
14175.0	0.0003	OR2T2	ENSG00000196240
14175.0	0.0003	OR2T27	ENSG00000187701
14175.0	0.0003	OR5W2	ENSG00000187612
14175.0	0.0003	OR8U3	ENSG00000174942
14175.0	0.0003	OR10A2	ENSG00000170790
14175.0	0.0003	OR2L8	ENSG00000196936
14175.0	0.0003	OR6A2	ENSG00000184933
14175.0	0.0003	OR11H6	ENSG00000176219
14175.0	0.0003	OR13C4	ENSG00000148136
14175.0	0.0003	OR2A12	ENSG00000221858
14175.0	0.0003	OR7E24	ENSG00000237521
14175.0	0.0003	OR11G2	ENSG00000196832
14175.0	0.0003	OR11H4	ENSG00000176198
14175.0	0.0003	OR51E1	ENSG00000180785
14175.0	0.0003	OR5D16	ENSG00000205029
14175.0	0.0003	OR1D2	ENSG00000184166
14175.0	0.0003	OR2AT4	ENSG00000171561
14175.0	0.0003	OR52I1	ENSG00000232268
14175.0	0.0003	OR2AE1	ENSG00000244623
14175.0	0.0003	OR5P3	ENSG00000182334
14175.0	0.0003	OR7C1	ENSG00000127530
14175.0	0.0003	OR1A2	ENSG00000172150
14175.0	0.0003	OR4D2	ENSG00000255713
14175.0	0.0003	OR51F2	ENSG00000176925
14175.0	0.0003	OR5M11	ENSG00000255223
14175.0	0.0003	OR10G7	ENSG00000182634
14175.0	0.0003	OR2L3	ENSG00000198128
14175.0	0.0003	OR4X1	ENSG00000176567
14175.0	0.0003	OR52D1	ENSG00000181609
14175.0	0.0003	OR5L2	ENSG00000205030
14175.0	0.0003	OR8I2	ENSG00000172154
14175.0	0.0003	OR10G3	ENSG00000169208
14175.0	0.0003	OR10J5	ENSG00000184155
14175.0	0.0003	OR13C5	ENSG00000255800
14175.0	0.0003	OR4A16	ENSG00000181961
14175.0	0.0003	OR4N4	ENSG00000183706
14175.0	0.0003	OR5AR1	ENSG00000172459
14175.0	0.0003	OR6C74	ENSG00000197706
14175.0	0.0003	OR8D4	ENSG00000181518
14175.0	0.0003	OR10G9	ENSG00000236981
14175.0	0.0003	OR2AK2	ENSG00000187080
14175.0	0.0003	OR2G3	ENSG00000177476
14175.0	0.0003	OR4F15	ENSG00000182854
14175.0	0.0003	OR6B2	ENSG00000182083
14175.0	0.0003	OR10K2	ENSG00000180708
14175.0	0.0003	OR10T2	ENSG00000186306
14175.0	0.0003	OR2T10	ENSG00000184022
14175.0	0.0003	OR51V1	ENSG00000176742
14175.0	0.0003	OR52E2	ENSG00000176787
14175.0	0.0003	OR52L1	ENSG00000183313
14175.0	0.0003	OR52N2	ENSG00000180988
14175.0	0.0003	OR5AS1	ENSG00000181785
14175.0	0.0003	OR5B3	ENSG00000172769
14175.0	0.0003	OR5D13	ENSG00000198877
14175.0	0.0003	OR6B1	ENSG00000221813
14175.0	0.0003	OR7A5	ENSG00000188269
14175.0	0.0003	OR10A4	ENSG00000170782
14175.0	0.0003	OR13C3	ENSG00000204246
14175.0	0.0003	OR1A1	ENSG00000172146
14175.0	0.0003	OR1E1	ENSG00000180016
14175.0	0.0003	OR2AG2	ENSG00000188124
14175.0	0.0003	OR3A1	ENSG00000180090
14175.0	0.0003	OR4C16	ENSG00000181935
14175.0	0.0003	OR4D6	ENSG00000166884
14175.0	0.0003	OR4X2	ENSG00000172208
14175.0	0.0003	OR51M1	ENSG00000184698
14175.0	0.0003	OR52A5	ENSG00000171944
14175.0	0.0003	OR52N1	ENSG00000181001
14175.0	0.0003	OR5K3	ENSG00000206536
14175.0	0.0003	OR6Q1	ENSG00000172381
14175.0	0.0003	OR7D2	ENSG00000188000
14175.0	0.0003	OR8A1	ENSG00000196119
14175.0	0.0003	OR8D1	ENSG00000196341
14175.0	0.0003	OR10A3	ENSG00000170683
14175.0	0.0003	OR10G4	ENSG00000254737
14175.0	0.0003	OR10J1	ENSG00000196184
14175.0	0.0003	OR10K1	ENSG00000173285
14175.0	0.0003	OR10R2	ENSG00000198965
14175.0	0.0003	OR11L1	ENSG00000197591
14175.0	0.0003	OR1E2	ENSG00000127780
14175.0	0.0003	OR1G1	ENSG00000183024
14175.0	0.0003	OR1J4	ENSG00000239590
14175.0	0.0003	OR2Y1	ENSG00000174339
14175.0	0.0003	OR52E8	ENSG00000183269
14175.0	0.0003	OR52H1	ENSG00000181616
14175.0	0.0003	OR5P2	ENSG00000183303
14175.0	0.0003	OR6B3	ENSG00000178586
14175.0	0.0003	OR6T1	ENSG00000181499
14175.0	0.0003	OR8B8	ENSG00000197125
14175.0	0.0003	OR8D2	ENSG00000197263
14175.0	0.0003	OR10A5	ENSG00000166363
14175.0	0.0003	OR13J1	ENSG00000168828
14175.0	0.0003	OR2B2	ENSG00000168131
14175.0	0.0003	OR2D3	ENSG00000178358
14175.0	0.0003	OR2M4	ENSG00000171180
14175.0	0.0003	OR4D9	ENSG00000172742
14175.0	0.0003	OR4K5	ENSG00000176281
14175.0	0.0003	OR4N2	ENSG00000176294
14175.0	0.0003	OR52A1	ENSG00000182070
14175.0	0.0003	OR52B6	ENSG00000187747
14175.0	0.0003	OR56A4	ENSG00000183389
14175.0	0.0003	OR5I1	ENSG00000167825
14175.0	0.0003	OR5M8	ENSG00000181371
14175.0	0.0003	OR6Y1	ENSG00000197532
14175.0	0.0003	OR8H2	ENSG00000181767
14175.0	0.0003	OR10H2	ENSG00000171942
14175.0	0.0003	OR10Q1	ENSG00000180475
14175.0	0.0003	OR13C9	ENSG00000136839
14175.0	0.0003	OR13D1	ENSG00000179055
14175.0	0.0003	OR13F1	ENSG00000186881
14175.0	0.0003	OR1I1	ENSG00000094661
14175.0	0.0003	OR1N1	ENSG00000171505
14175.0	0.0003	OR2F2	ENSG00000221910
14175.0	0.0003	OR2G6	ENSG00000188558
14175.0	0.0003	OR2T4	ENSG00000196944
14175.0	0.0003	OR4C6	ENSG00000181903
14175.0	0.0003	OR4D1	ENSG00000141194
14175.0	0.0003	OR4Q3	ENSG00000182652
14175.0	0.0003	OR51B4	ENSG00000183251
14175.0	0.0003	OR51S1	ENSG00000176922
14175.0	0.0003	OR52B2	ENSG00000255307
14175.0	0.0003	OR56A1	ENSG00000180934
14175.0	0.0003	OR56A3	ENSG00000184478
14175.0	0.0003	OR5J2	ENSG00000174957
14175.0	0.0003	OR5K1	ENSG00000232382
14175.0	0.0003	OR5K2	ENSG00000231861
14175.0	0.0003	OR6C2	ENSG00000179695
14175.0	0.0003	OR6F1	ENSG00000169214
14175.0	0.0003	OR6K2	ENSG00000196171
14175.0	0.0003	OR8K5	ENSG00000181752
14175.0	0.0003	OR10AG1	ENSG00000174970
14175.0	0.0003	OR10G2	ENSG00000255582
14175.0	0.0003	OR10H3	ENSG00000171936
14175.0	0.0003	OR10V1	ENSG00000172289
14175.0	0.0003	OR14C36	ENSG00000177174
14175.0	0.0003	OR1C1	ENSG00000221888
14175.0	0.0003	OR1J1	ENSG00000136834
14175.0	0.0003	OR1L6	ENSG00000171459
14175.0	0.0003	OR2A2	ENSG00000221989
14175.0	0.0003	OR2A25	ENSG00000221933
14175.0	0.0003	OR2A7	ENSG00000243896
14175.0	0.0003	OR2B11	ENSG00000177535
14175.0	0.0003	OR2B6	ENSG00000124657
14175.0	0.0003	OR2G2	ENSG00000177489
14175.0	0.0003	OR2K2	ENSG00000171133
14175.0	0.0003	OR2L2	ENSG00000203663
14175.0	0.0003	OR2L5	ENSG00000197454
14175.0	0.0003	OR2S2	ENSG00000122718
14175.0	0.0003	OR2T12	ENSG00000177201
14175.0	0.0003	OR3A2	ENSG00000221882
14175.0	0.0003	OR4A47	ENSG00000237388
14175.0	0.0003	OR4C12	ENSG00000221954
14175.0	0.0003	OR4E2	ENSG00000221977
14175.0	0.0003	OR4F6	ENSG00000184140
14175.0	0.0003	OR4K1	ENSG00000155249
14175.0	0.0003	OR4K13	ENSG00000176253
14175.0	0.0003	OR4M1	ENSG00000176299
14175.0	0.0003	OR4N5	ENSG00000184394
14175.0	0.0003	OR4P4	ENSG00000181927
14175.0	0.0003	OR51B2	ENSG00000184881
14175.0	0.0003	OR51B5	ENSG00000242180
14175.0	0.0003	OR51B6	ENSG00000176239
14175.0	0.0003	OR51G1	ENSG00000176879
14175.0	0.0003	OR51I2	ENSG00000187918
14175.0	0.0003	OR52B4	ENSG00000221996
14175.0	0.0003	OR56B4	ENSG00000180919
14175.0	0.0003	OR5A2	ENSG00000172324
14175.0	0.0003	OR5AK2	ENSG00000181273
14175.0	0.0003	OR5B12	ENSG00000172362
14175.0	0.0003	OR5B21	ENSG00000198283
14175.0	0.0003	OR5D14	ENSG00000186113
14175.0	0.0003	OR5F1	ENSG00000149133
14175.0	0.0003	OR5H2	ENSG00000197938
14175.0	0.0003	OR5H6	ENSG00000230301
14175.0	0.0003	OR6C1	ENSG00000205330
14175.0	0.0003	OR6K3	ENSG00000203757
14175.0	0.0003	OR6N2	ENSG00000188340
14175.0	0.0003	OR7A17	ENSG00000185385
14175.0	0.0003	OR7G1	ENSG00000161807
14175.0	0.0003	OR7G3	ENSG00000170920
14175.0	0.0003	OR9K2	ENSG00000170605
14175.0	0.0003	OR10A6	ENSG00000175393
14175.0	0.0003	OR10A7	ENSG00000179919
14175.0	0.0003	OR10G8	ENSG00000234560
14175.0	0.0003	OR10H4	ENSG00000176231
14175.0	0.0003	OR10H5	ENSG00000172519
14175.0	0.0003	OR10J3	ENSG00000196266
14175.0	0.0003	OR13C2	ENSG00000257019
14175.0	0.0003	OR14A16	ENSG00000196772
14175.0	0.0003	OR14I1	ENSG00000189181
14175.0	0.0003	OR1L1	ENSG00000173679
14175.0	0.0003	OR1L3	ENSG00000171481
14175.0	0.0003	OR1L4	ENSG00000136939
14175.0	0.0003	OR1L8	ENSG00000171496
14175.0	0.0003	OR1M1	ENSG00000170929
14175.0	0.0003	OR1N2	ENSG00000171501
14175.0	0.0003	OR1Q1	ENSG00000165202
14175.0	0.0003	OR1S1	ENSG00000172774
14175.0	0.0003	OR1S2	ENSG00000197887
14175.0	0.0003	OR2A14	ENSG00000221938
14175.0	0.0003	OR2A5	ENSG00000221836
14175.0	0.0003	OR2AP1	ENSG00000179615
14175.0	0.0003	OR2C3	ENSG00000196242
14175.0	0.0003	OR2D2	ENSG00000166368
14175.0	0.0003	OR2T1	ENSG00000175143
14175.0	0.0003	OR2T11	ENSG00000183130
14175.0	0.0003	OR2T29	ENSG00000182783
14175.0	0.0003	OR2T3	ENSG00000196539
14175.0	0.0003	OR2T33	ENSG00000177212
14175.0	0.0003	OR2T34	ENSG00000183310
14175.0	0.0003	OR2T35	ENSG00000177151
14175.0	0.0003	OR2T6	ENSG00000198104
14175.0	0.0003	OR2V1	ENSG00000185372
14175.0	0.0003	OR2V2	ENSG00000182613
14175.0	0.0003	OR3A3	ENSG00000159961
14175.0	0.0003	OR4A15	ENSG00000181958
14175.0	0.0003	OR4A5	ENSG00000221840
14175.0	0.0003	OR4C15	ENSG00000181939
14175.0	0.0003	OR4C46	ENSG00000185926
14175.0	0.0003	OR4D10	ENSG00000254466
14175.0	0.0003	OR4D5	ENSG00000171014
14175.0	0.0003	OR4K14	ENSG00000169484
14175.0	0.0003	OR4K17	ENSG00000176230
14175.0	0.0003	OR4L1	ENSG00000176246
14175.0	0.0003	OR4M2	ENSG00000182974
14175.0	0.0003	OR4S1	ENSG00000176555
14175.0	0.0003	OR51A7	ENSG00000176895
14175.0	0.0003	OR51D1	ENSG00000197428
14175.0	0.0003	OR51F1	ENSG00000188069
14175.0	0.0003	OR51G2	ENSG00000176893
14175.0	0.0003	OR51I1	ENSG00000167359
14175.0	0.0003	OR52E4	ENSG00000180974
14175.0	0.0003	OR52E6	ENSG00000205409
14175.0	0.0003	OR52K1	ENSG00000196778
14175.0	0.0003	OR52K2	ENSG00000181963
14175.0	0.0003	OR52N5	ENSG00000181009
14175.0	0.0003	OR52R1	ENSG00000176937
14175.0	0.0003	OR5A1	ENSG00000172320
14175.0	0.0003	OR5AN1	ENSG00000176495
14175.0	0.0003	OR5AP2	ENSG00000172464
14175.0	0.0003	OR5B17	ENSG00000197786
14175.0	0.0003	OR5B2	ENSG00000172365
14175.0	0.0003	OR5C1	ENSG00000148215
14175.0	0.0003	OR5D18	ENSG00000186119
14175.0	0.0003	OR5H1	ENSG00000231192
14175.0	0.0003	OR5H14	ENSG00000236032
14175.0	0.0003	OR5H15	ENSG00000233412
14175.0	0.0003	OR5L1	ENSG00000186117
14175.0	0.0003	OR5M10	ENSG00000254834
14175.0	0.0003	OR5M3	ENSG00000174937
14175.0	0.0003	OR5M9	ENSG00000150269
14175.0	0.0003	OR6C3	ENSG00000205329
14175.0	0.0003	OR6C4	ENSG00000179626
14175.0	0.0003	OR6C6	ENSG00000188324
14175.0	0.0003	OR6C65	ENSG00000205328
14175.0	0.0003	OR6C68	ENSG00000205327
14175.0	0.0003	OR6C70	ENSG00000184954
14175.0	0.0003	OR6C75	ENSG00000187857
14175.0	0.0003	OR6C76	ENSG00000185821
14175.0	0.0003	OR6K6	ENSG00000180433
14175.0	0.0003	OR6M1	ENSG00000196099
14175.0	0.0003	OR6N1	ENSG00000197403
14175.0	0.0003	OR6P1	ENSG00000186440
14175.0	0.0003	OR6S1	ENSG00000181803
14175.0	0.0003	OR7A10	ENSG00000127515
14175.0	0.0003	OR7C2	ENSG00000127529
14175.0	0.0003	OR8B12	ENSG00000170953
14175.0	0.0003	OR8B2	ENSG00000204293
14175.0	0.0003	OR8B3	ENSG00000196661
14175.0	0.0003	OR8B4	ENSG00000198657
14175.0	0.0003	OR8H3	ENSG00000181761
14175.0	0.0003	OR8J3	ENSG00000167822
14175.0	0.0003	OR9I1	ENSG00000172377
14175.0	0.0003	OR9Q1	ENSG00000186509
14175.0	0.0003	OR9Q2	ENSG00000186513
14175.0	0.0003	S100PBP	ENSG00000116497
14175.0	0.0003	CTRL	ENSG00000141086
14175.0	0.0003	IL36A	ENSG00000136694
14175.0	0.0003	N4BP2L2	ENSG00000244754
14175.0	0.0003	SLC25A27	ENSG00000153291
14175.0	0.0003	SCP2D1	ENSG00000132631
14175.0	0.0003	PRSS54	ENSG00000103023
14175.0	0.0003	CD37	ENSG00000104894
14175.0	0.0003	GAREM1	ENSG00000141441
14175.0	0.0003	SCX	ENSG00000187786
14175.0	0.0003	SCXA	ENSG00000188686
14175.0	0.0003	LY6H	ENSG00000176956
14175.0	0.0003	RNF180	ENSG00000164197
14175.0	0.0003	SYNPR	ENSG00000163630
14175.0	0.0003	TAS2R46	ENSG00000226761
14175.0	0.0003	IKBIP	ENSG00000166130
14175.0	0.0003	SLC51B	ENSG00000186198
14175.0	0.0003	PSMG4	ENSG00000180822
14175.0	0.0003	SCIMP	ENSG00000161929
14175.0	0.0003	ZNF444	ENSG00000167685
14175.0	0.0003	OSTN	ENSG00000188729
14175.0	0.0003	CMTM1	ENSG00000089505
14175.0	0.0003	ZNF317	ENSG00000130803
14175.0	0.0003	LY6D	ENSG00000167656
14175.0	0.0003	SYCP2L	ENSG00000153157
14175.0	0.0003	CCDC13	ENSG00000244607
14175.0	0.0003	LCE5A	ENSG00000186207
14175.0	0.0003	LCE4A	ENSG00000187170
14175.0	0.0003	SMPX	ENSG00000091482
14175.0	0.0003	ACSF2	ENSG00000167107
14175.0	0.0003	GMNC	ENSG00000205835
14175.0	0.0003	EMB	ENSG00000170571
14175.0	0.0003	HEG1	ENSG00000173706
14175.0	0.0003	ZFYVE21	ENSG00000100711
14175.0	0.0003	HSD17B11	ENSG00000198189
14175.0	0.0003	TMBIM4	ENSG00000155957
14175.0	0.0003	LIME1	ENSG00000203896
14175.0	0.0003	RP4-583P15.15	ENSG00000273154
14175.0	0.0003	LARP4	ENSG00000161813
14175.0	0.0003	TACSTD2	ENSG00000184292
14175.0	0.0003	NCKAP5	ENSG00000176771
14175.0	0.0003	LPPR3	ENSG00000129951
14175.0	0.0003	ESM1	ENSG00000164283
14175.0	0.0003	SLFN12	ENSG00000172123
14175.0	0.0003	TCERG1L	ENSG00000176769
14175.0	0.0003	TDRD5	ENSG00000162782
14175.0	0.0003	NKAPL	ENSG00000189134
14175.0	0.0003	SLC66A3	ENSG00000162976
14175.0	0.0003	NEK11	ENSG00000114670
14175.0	0.0003	ANKRD13C	ENSG00000118454
14175.0	0.0003	GSTCD	ENSG00000138780
14175.0	0.0003	TMEM50B	ENSG00000142188
14175.0	0.0003	LELP1	ENSG00000203784
14175.0	0.0003	GLTP	ENSG00000139433
14175.0	0.0003	LXN	ENSG00000079257
14175.0	0.0003	NAALAD2	ENSG00000077616
14175.0	0.0003	CDCA2	ENSG00000184661
14175.0	0.0003	GPR176	ENSG00000166073
14175.0	0.0003	ZNF467	ENSG00000181444
14175.0	0.0003	TSPAN32	ENSG00000064201
14175.0	0.0003	CLEC4A	ENSG00000111729
14175.0	0.0003	VSIG4	ENSG00000155659
14175.0	0.0003	CASKIN1	ENSG00000167971
14175.0	0.0003	PLLP	ENSG00000102934
14175.0	0.0003	CDC42EP2	ENSG00000149798
14175.0	0.0003	CDC42EP1	ENSG00000128283
14175.0	0.0003	RNF17	ENSG00000132972
14175.0	0.0003	STK31	ENSG00000196335
14175.0	0.0003	TRIM22	ENSG00000132274
14175.0	0.0003	TRIM6	ENSG00000121236
14175.0	0.0003	TMIGD2	ENSG00000167664
14175.0	0.0003	DHRSX	ENSG00000169084
14175.0	0.0003	CFHR4	ENSG00000134365
14175.0	0.0003	CFHR5	ENSG00000134389
14175.0	0.0003	DNAI7	ENSG00000118307
14175.0	0.0003	LIX1	ENSG00000145721
14175.0	0.0003	PRIMPOL	ENSG00000164306
14175.0	0.0003	ATRNL1	ENSG00000107518
14175.0	0.0003	SHD	ENSG00000105251
14175.0	0.0003	IL31	ENSG00000204671
14175.0	0.0003	C10orf90	ENSG00000154493
14175.0	0.0003	C4orf17	ENSG00000138813
14175.0	0.0003	TMPRSS11B	ENSG00000185873
14175.0	0.0003	SNED1	ENSG00000162804
14175.0	0.0003	CFAP263	ENSG00000103021
14175.0	0.0003	ZNF460	ENSG00000197714
14175.0	0.0003	KPRP	ENSG00000203786
14175.0	0.0003	ZNF200	ENSG00000010539
14175.0	0.0003	SERPINB13	ENSG00000197641
14175.0	0.0003	SLC25A39	ENSG00000013306
14175.0	0.0003	NPY4R	ENSG00000204174
14175.0	0.0003	MAS1	ENSG00000130368
14175.0	0.0003	SERPINB10	ENSG00000242550
14175.0	0.0003	CFAP251	ENSG00000158023
14175.0	0.0003	SPRN	ENSG00000203772
14175.0	0.0003	ARHGAP4	ENSG00000089820
14175.0	0.0003	PTTG1IP	ENSG00000183255
14175.0	0.0003	MAGEA12	ENSG00000213401
14175.0	0.0003	ARL10	ENSG00000175414
14175.0	0.0003	SPRR2B	ENSG00000196805
14175.0	0.0003	CEACAM3	ENSG00000170956
14175.0	0.0003	PLAGL2	ENSG00000126003
14175.0	0.0003	TMEM230	ENSG00000089063
14175.0	0.0003	NXPH4	ENSG00000182379
14175.0	0.0003	GSDMA	ENSG00000167914
14175.0	0.0003	UMOD	ENSG00000169344
14175.0	0.0003	ITIH1	ENSG00000055957
14175.0	0.0003	TIMM29	ENSG00000142444
14175.0	0.0003	TEKT4	ENSG00000163060
14175.0	0.0003	TMEM223	ENSG00000168569
14175.0	0.0003	ZNF300	ENSG00000145908
14175.0	0.0003	DCAF8L2	ENSG00000189186
14175.0	0.0003	PNMA2	ENSG00000240694
14175.0	0.0003	CDR2L	ENSG00000109089
14175.0	0.0003	EGFL6	ENSG00000198759
14175.0	0.0003	TBC1D21	ENSG00000167139
14175.0	0.0003	ACP2	ENSG00000134575
14175.0	0.0003	RELCH	ENSG00000134444
14175.0	0.0003	GPR3	ENSG00000181773
14175.0	0.0003	TMEM38B	ENSG00000095209
14175.0	0.0003	TIMD4	ENSG00000145850
14175.0	0.0003	PDIA5	ENSG00000065485
14175.0	0.0003	SCGB1D2	ENSG00000124935
14175.0	0.0003	MS4A5	ENSG00000166930
14175.0	0.0003	TAAR6	ENSG00000146383
14175.0	0.0003	MBL2	ENSG00000165471
14175.0	0.0003	HHLA2	ENSG00000114455
14175.0	0.0003	HAPLN3	ENSG00000140511
14175.0	0.0003	PRMT9	ENSG00000164169
14175.0	0.0003	GPR108	ENSG00000125734
14175.0	0.0003	SLC25A14	ENSG00000102078
14175.0	0.0003	SMCO4	ENSG00000166002
14175.0	0.0003	ZNF773	ENSG00000152439
14175.0	0.0003	CTRC	ENSG00000162438
14175.0	0.0003	TMPRSS4	ENSG00000137648
14175.0	0.0003	UPK3A	ENSG00000100373
14175.0	0.0003	SLC50A1	ENSG00000169241
14175.0	0.0003	ABHD15	ENSG00000168792
14175.0	0.0003	TNFSF18	ENSG00000120337
14175.0	0.0003	RAB26	ENSG00000167964
14175.0	0.0003	SPINK2	ENSG00000128040
14175.0	0.0003	TMPRSS15	ENSG00000154646
14175.0	0.0003	ZNF331	ENSG00000130844
14175.0	0.0003	UPK2	ENSG00000110375
14175.0	0.0003	IGLL1	ENSG00000128322
14175.0	0.0003	C7orf76	ENSG00000197851
14175.0	0.0003	LEUTX	ENSG00000213921
14175.0	0.0003	SPRR1A	ENSG00000169474
14175.0	0.0003	MOAP1	ENSG00000165943
14175.0	0.0003	ZBTB26	ENSG00000171448
14175.0	0.0003	GPR52	ENSG00000203737
14175.0	0.0003	RETREG3	ENSG00000141699
14175.0	0.0003	WFDC8	ENSG00000158901
14175.0	0.0003	SLC5A11	ENSG00000158865
14175.0	0.0003	C2orf73	ENSG00000177994
14175.0	0.0003	TRIM47	ENSG00000132481
14175.0	0.0003	CHST8	ENSG00000124302
14175.0	0.0003	KLHL32	ENSG00000186231
14175.0	0.0003	EDDM3A	ENSG00000181562
14175.0	0.0003	ENOX2	ENSG00000165675
14175.0	0.0003	PCP2	ENSG00000174788
14175.0	0.0003	ABHD4	ENSG00000100439
14175.0	0.0003	TIGD5	ENSG00000179886
14175.0	0.0003	CCDC8	ENSG00000169515
14175.0	0.0003	MORC1	ENSG00000114487
14175.0	0.0003	ZNF91	ENSG00000167232
14175.0	0.0003	GJB4	ENSG00000189433
14175.0	0.0003	ZNF541	ENSG00000118156
14175.0	0.0003	MRGPRE	ENSG00000184350
14175.0	0.0003	MRGPRF	ENSG00000172935
14175.0	0.0003	MRGPRG	ENSG00000182170
14175.0	0.0003	MRGPRX3	ENSG00000179826
14175.0	0.0003	MRGPRX4	ENSG00000179817
14175.0	0.0003	MS4A3	ENSG00000149516
14175.0	0.0003	NUDT3	ENSG00000272325
14175.0	0.0003	CHST9	ENSG00000154080
14175.0	0.0003	EMID1	ENSG00000186998
14175.0	0.0003	RNASE10	ENSG00000182545
14175.0	0.0003	CREBL2	ENSG00000111269
14175.0	0.0003	INSL4	ENSG00000120211
14175.0	0.0003	DPPA5	ENSG00000203909
14175.0	0.0003	KANK4	ENSG00000132854
14175.0	0.0003	EPPIN-WFDC6	ENSG00000249139
14175.0	0.0003	CD101	ENSG00000134256
14175.0	0.0003	ZNF446	ENSG00000083838
14175.0	0.0003	WFDC6	ENSG00000243543
14175.0	0.0003	RBMXL2	ENSG00000170748
14175.0	0.0003	ABCB9	ENSG00000150967
14175.0	0.0003	KRTAP5-5	ENSG00000185940
14175.0	0.0003	MS4A7	ENSG00000166927
14175.0	0.0003	FSCB	ENSG00000189139
14175.0	0.0003	ZNF239	ENSG00000196793
14175.0	0.0003	PGBD1	ENSG00000137338
14175.0	0.0003	LEPROT	ENSG00000213625
14175.0	0.0003	MBD3L3	ENSG00000182315
14175.0	0.0003	MBD3L4	ENSG00000205718
14175.0	0.0003	MBD3L5	ENSG00000237247
14175.0	0.0003	TMEM242	ENSG00000215712
14175.0	0.0003	C5AR2	ENSG00000134830
14175.0	0.0003	METTL21C	ENSG00000139780
14175.0	0.0003	C22orf42	ENSG00000205856
14175.0	0.0003	KRTAP12-2	ENSG00000221864
14175.0	0.0003	G6PC2	ENSG00000152254
14175.0	0.0003	ZC3H12D	ENSG00000178199
14175.0	0.0003	RTP3	ENSG00000163825
14175.0	0.0003	KRTAP23-1	ENSG00000186980
14175.0	0.0003	METTL22	ENSG00000067365
14175.0	0.0003	CCDC54	ENSG00000138483
14175.0	0.0003	MTRNR2L4	ENSG00000232196
14175.0	0.0003	IFITM5	ENSG00000206013
14175.0	0.0003	ZFP3	ENSG00000180787
14175.0	0.0003	ZFP37	ENSG00000136866
14175.0	0.0003	ARMC2	ENSG00000118690
14175.0	0.0003	SPINK9	ENSG00000204909
14175.0	0.0003	SLURP1	ENSG00000126233
14175.0	0.0003	GPR142	ENSG00000257008
14175.0	0.0003	CPNE9	ENSG00000144550
14175.0	0.0003	XKR3	ENSG00000172967
14175.0	0.0003	XKRX	ENSG00000182489
14175.0	0.0003	RBM46	ENSG00000151962
14175.0	0.0003	TMEM254	ENSG00000133678
14175.0	0.0003	KLK14	ENSG00000129437
14175.0	0.0003	CCDC87	ENSG00000182791
14175.0	0.0003	CCDC144NL	ENSG00000205212
14175.0	0.0003	CDRT15L2	ENSG00000214819
14175.0	0.0003	LINC02693	ENSG00000212719
14175.0	0.0003	FHDC1	ENSG00000137460
14175.0	0.0003	MTRNR2L1	ENSG00000256618
14175.0	0.0003	C10orf55	ENSG00000222047
14175.0	0.0003	DEFB104A	ENSG00000176782
14175.0	0.0003	APIP	ENSG00000149089
14175.0	0.0003	SPAG11A	ENSG00000178287
14175.0	0.0003	SPX	ENSG00000134548
14175.0	0.0003	GPR78	ENSG00000155269
14175.0	0.0003	LMLN	ENSG00000185621
14175.0	0.0003	MYADM	ENSG00000179820
14175.0	0.0003	LRRC40	ENSG00000066557
14175.0	0.0003	LMNTD1	ENSG00000152936
14175.0	0.0003	SIPA1L3	ENSG00000105738
14175.0	0.0003	SPINK13	ENSG00000214510
14175.0	0.0003	CPA4	ENSG00000128510
14175.0	0.0003	SPINK6	ENSG00000178172
14175.0	0.0003	GPR34	ENSG00000171659
14175.0	0.0003	GPR82	ENSG00000171657
14175.0	0.0003	RENBP	ENSG00000102032
14175.0	0.0003	MT1H	ENSG00000205358
14175.0	0.0003	CCDC183	ENSG00000213213
14175.0	0.0003	UPK1A	ENSG00000105668
14175.0	0.0003	TIPARP	ENSG00000163659
14175.0	0.0003	TMEM79	ENSG00000163472
14175.0	0.0003	LCE6A	ENSG00000235942
14175.0	0.0003	VPREB3	ENSG00000128218
14175.0	0.0003	IGSF3	ENSG00000143061
14175.0	0.0003	MS4A8	ENSG00000166959
14175.0	0.0003	ETFBKMT	ENSG00000139160
14175.0	0.0003	KRTAP24-1	ENSG00000188694
14175.0	0.0003	OR13A1	ENSG00000256574
14175.0	0.0003	CNTD1	ENSG00000176563
14175.0	0.0003	MSANTD4	ENSG00000170903
14175.0	0.0003	GPR26	ENSG00000154478
14175.0	0.0003	OPN5	ENSG00000124818
14175.0	0.0003	ZNF570	ENSG00000171827
14175.0	0.0003	SIGLEC9	ENSG00000129450
14175.0	0.0003	TPRX1	ENSG00000178928
14175.0	0.0003	KBTBD12	ENSG00000187715
14175.0	0.0003	DPRX	ENSG00000204595
14175.0	0.0003	DUXA	ENSG00000258873
14175.0	0.0003	DEFB105A	ENSG00000186562
14175.0	0.0003	DEFB126	ENSG00000125788
14175.0	0.0003	SEBOX	ENSG00000109072
14175.0	0.0003	LYPD6	ENSG00000187123
14175.0	0.0003	ETFRF1	ENSG00000205707
14175.0	0.0003	TMEM187	ENSG00000177854
14175.0	0.0003	SPINK4	ENSG00000122711
14175.0	0.0003	MTRNR2L3	ENSG00000256222
14175.0	0.0003	FAM81B	ENSG00000153347
14175.0	0.0003	ARGFX	ENSG00000186103
14175.0	0.0003	GAGE13	ENSG00000237597
14175.0	0.0003	GAGE2E	ENSG00000205775
14175.0	0.0003	PATE3	ENSG00000236027
14175.0	0.0003	DEFB132	ENSG00000186458
14175.0	0.0003	EEF1AKMT1	ENSG00000150456
14175.0	0.0003	CLPSL1	ENSG00000204140
14175.0	0.0003	GPR101	ENSG00000165370
14175.0	0.0003	SPINK14	ENSG00000196800
14175.0	0.0003	GLOD5	ENSG00000171433
14175.0	0.0003	KLK13	ENSG00000167759
14175.0	0.0003	PRR35	ENSG00000161992
14175.0	0.0003	IGLON5	ENSG00000142549
14175.0	0.0003	KRTAP25-1	ENSG00000232263
14175.0	0.0003	KRTAP27-1	ENSG00000206107
14175.0	0.0003	ZNF543	ENSG00000178229
14175.0	0.0003	KRTAP19-8	ENSG00000206102
14175.0	0.0003	KRTAP20-3	ENSG00000206104
14175.0	0.0003	CIMIP2A	ENSG00000188163
14175.0	0.0003	FAM181A	ENSG00000140067
14175.0	0.0003	CNBD1	ENSG00000176571
14175.0	0.0003	KRTAP10-1	ENSG00000215455
14175.0	0.0003	TERB2	ENSG00000167014
14175.0	0.0003	CALHM4	ENSG00000164451
14175.0	0.0003	POTEB2	ENSG00000230031
14175.0	0.0003	LRCH2	ENSG00000130224
14175.0	0.0003	LRP5L	ENSG00000100068
14175.0	0.0003	ZNF229	ENSG00000167383
14175.0	0.0003	C1orf216	ENSG00000142686
14175.0	0.0003	KRTAP26-1	ENSG00000197683
14175.0	0.0003	PATE2	ENSG00000196844
14175.0	0.0003	THAP6	ENSG00000174796
14175.0	0.0003	PATE4	ENSG00000237353
14175.0	0.0003	DEFB125	ENSG00000178591
14175.0	0.0003	TOR4A	ENSG00000198113
14175.0	0.0003	DEFB121	ENSG00000204548
14175.0	0.0003	DEFB128	ENSG00000185982
14175.0	0.0003	DEFB129	ENSG00000125903
14175.0	0.0003	DEFB127	ENSG00000088782
14175.0	0.0003	SPATA32	ENSG00000184361
14175.0	0.0003	GOLGA6L6	ENSG00000215405
14175.0	0.0003	PRRG1	ENSG00000130962
14175.0	0.0003	KRTAP12-1	ENSG00000187175
14175.0	0.0003	KRTAP12-4	ENSG00000212933
14175.0	0.0003	LANCL3	ENSG00000147036
14175.0	0.0003	TEX55	ENSG00000163424
14175.0	0.0003	DEFB119	ENSG00000180483
14175.0	0.0003	DEFB123	ENSG00000180424
14175.0	0.0003	DEFB118	ENSG00000131068
14175.0	0.0003	KRTAP10-5	ENSG00000241123
14175.0	0.0003	KRTAP10-9	ENSG00000221837
14175.0	0.0003	KRTAP10-10	ENSG00000221859
14175.0	0.0003	KRTAP10-7	ENSG00000205441
14175.0	0.0003	KRTAP10-8	ENSG00000187766
14175.0	0.0003	KRTAP10-4	ENSG00000215454
14175.0	0.0003	KRTAP10-12	ENSG00000189169
14175.0	0.0003	KRTAP10-2	ENSG00000205445
14175.0	0.0003	KRTAP12-3	ENSG00000205439
14175.0	0.0003	KRTAP9-8	ENSG00000187272
14175.0	0.0003	KRTAP4-6	ENSG00000198090
14175.0	0.0003	KRTAP9-4	ENSG00000241595
14175.0	0.0003	KRTAP13-3	ENSG00000240432
14175.0	0.0003	KRTAP3-1	ENSG00000212901
14175.0	0.0003	ARMH4	ENSG00000139971
14175.0	0.0003	KRTAP9-3	ENSG00000204873
14175.0	0.0003	CCDC198	ENSG00000100557
14175.0	0.0003	ZNF597	ENSG00000167981
14175.0	0.0003	OVOL2	ENSG00000125850
14175.0	0.0003	GRIPAP1	ENSG00000068400
14175.0	0.0003	PRRT1	ENSG00000204314
14175.0	0.0003	PAX3	ENSG00000135903
14175.0	0.0003	KLK8	ENSG00000129455
14175.0	0.0003	ABHD17A	ENSG00000129968
14175.0	0.0003	CD300LF	ENSG00000186074
14175.0	0.0003	ITPRIP	ENSG00000148841
14175.0	0.0003	MRGPRX2	ENSG00000183695
14175.0	0.0003	NTRK1	ENSG00000198400
14175.0	0.0003	USP41P	ENSG00000161133
14175.0	0.0003	NPM1	ENSG00000181163
14175.0	0.0003	R3HDML	ENSG00000101074
14175.0	0.0003	PCDH17	ENSG00000118946
14175.0	0.0003	SLC4A10	ENSG00000144290
14175.0	0.0003	CLVS1	ENSG00000177182
14175.0	0.0003	PPP1R9B	ENSG00000108819
14175.0	0.0003	SCUBE1	ENSG00000159307
14175.0	0.0003	BEX2	ENSG00000133134
14175.0	0.0003	STARD10	ENSG00000214530
14175.0	0.0003	TMPRSS6	ENSG00000187045
14175.0	0.0003	MEF2A	ENSG00000068305
14175.0	0.0003	RUNX1	ENSG00000159216
14175.0	0.0003	PET117	ENSG00000232838
14175.0	0.0003	APAF1	ENSG00000120868
14175.0	0.0003	NSUN5	ENSG00000130305
14175.0	0.0003	NSUN5P1	ENSG00000223705
14175.0	0.0003	NSUN5P2	ENSG00000106133
14175.0	0.0003	CCDC9B	ENSG00000188549
14175.0	0.0003	PALD1	ENSG00000107719
14175.0	0.0003	LMTK3	ENSG00000142235
14175.0	0.0003	C10ORF68	ENSG00000150076
14175.0	0.0003	CCDC7	ENSG00000216937
14175.0	0.0003	CAMKK2	ENSG00000110931
14175.0	0.0003	EFHD2	ENSG00000142634
14175.0	0.0003	EIF2AK4	ENSG00000128829
14175.0	0.0003	HECTD3	ENSG00000126107
14175.0	0.0003	KIAA0319	ENSG00000137261
14175.0	0.0003	EDNRA	ENSG00000151617
14175.0	0.0003	FAM83D	ENSG00000101447
14175.0	0.0003	KLHDC7B	ENSG00000130487
14175.0	0.0003	LETMD1	ENSG00000050426
14175.0	0.0003	MUC5B	ENSG00000117983
14175.0	0.0003	PALM3	ENSG00000187867
14175.0	0.0003	POU2AF3	ENSG00000214290
14175.0	0.0003	TLE4	ENSG00000106829
14175.0	0.0003	TMTC4	ENSG00000125247
14175.0	0.0003	TRIOBP	ENSG00000100106
14175.0	0.0003	PCDHGC4	ENSG00000242419
14175.0	0.0003	PPA2	ENSG00000138777
14175.0	0.0003	DIPK1C	ENSG00000187773
14175.0	0.0003	NR4A3	ENSG00000119508
14175.0	0.0003	ARHGEF7	ENSG00000102606
14175.0	0.0003	NPR2	ENSG00000159899
14175.0	0.0003	RHOA	ENSG00000067560
14175.0	0.0003	PREX1	ENSG00000124126
14175.0	0.0003	IRGC	ENSG00000124449
14175.0	0.0003	NRSN1	ENSG00000152954
14175.0	0.0003	HMGB3	ENSG00000029993
14175.0	0.0003	KIF13A	ENSG00000137177
14175.0	0.0003	FNDC9	ENSG00000172568
14175.0	0.0003	RNF112	ENSG00000128482
14175.0	0.0003	CBARP	ENSG00000099625
14175.0	0.0003	CD44	ENSG00000026508
14175.0	0.0003	VRK2	ENSG00000028116
14175.0	0.0003	ZFYVE27	ENSG00000155256
14175.0	0.0003	FOXO3B	ENSG00000240445
14175.0	0.0003	NSMF	ENSG00000165802
14175.0	0.0003	CASKIN2	ENSG00000177303
14175.0	0.0003	CCDC30	ENSG00000186409
14175.0	0.0003	CFAP97D1	ENSG00000231256
14175.0	0.0003	CHMP3	ENSG00000115561
14175.0	0.0003	CLMN	ENSG00000165959
14175.0	0.0003	CRAMP1	ENSG00000007545
14175.0	0.0003	CTSC	ENSG00000109861
14175.0	0.0003	DAGLB	ENSG00000164535
14175.0	0.0003	DBNDD2	ENSG00000244274
14175.0	0.0003	DENND2D	ENSG00000162777
14175.0	0.0003	DGCR8	ENSG00000128191
14175.0	0.0003	DHFRP1	ENSG00000188985
14175.0	0.0003	DNAAF9	ENSG00000088854
14175.0	0.0003	EZH1	ENSG00000108799
14175.0	0.0003	FAM117A	ENSG00000121104
14175.0	0.0003	FAM135B	ENSG00000147724
14175.0	0.0003	FAM53A	ENSG00000174137
14175.0	0.0003	FAM53B	ENSG00000189319
14175.0	0.0003	GRM8	ENSG00000179603
14175.0	0.0003	HLA-DQB2	ENSG00000232629
14175.0	0.0003	IAH1	ENSG00000134330
14175.0	0.0003	IFI44	ENSG00000137965
14175.0	0.0003	LINC01590	ENSG00000203871
14175.0	0.0003	MAMLD1	ENSG00000013619
14175.0	0.0003	NKAPD1	ENSG00000150776
14175.0	0.0003	OSER1	ENSG00000132823
14175.0	0.0003	OTOP3	ENSG00000182938
14175.0	0.0003	PBRM1	ENSG00000163939
14175.0	0.0003	PGC	ENSG00000096088
14175.0	0.0003	PRLR	ENSG00000113494
14175.0	0.0003	PRSS33	ENSG00000103355
14175.0	0.0003	PRSS57	ENSG00000185198
14175.0	0.0003	PTP4A2	ENSG00000184007
14175.0	0.0003	PTPRVP	ENSG00000243323
14175.0	0.0003	RBM25	ENSG00000119707
14175.0	0.0003	RNASE1	ENSG00000129538
14175.0	0.0003	RNF103-CHMP3	ENSG00000249884
14175.0	0.0003	SGK223	ENSG00000182319
14175.0	0.0003	SLC17A9	ENSG00000101194
14175.0	0.0003	SLC24A3	ENSG00000185052
14175.0	0.0003	SLC44A4	ENSG00000204385
14175.0	0.0003	SMIM8	ENSG00000111850
14175.0	0.0003	SPNS1	ENSG00000169682
14175.0	0.0003	SSC4D	ENSG00000146700
14175.0	0.0003	TMEM225	ENSG00000204300
14175.0	0.0003	TTC28	ENSG00000100154
14175.0	0.0003	ZDHHC24	ENSG00000174165
14175.0	0.0003	ZGPAT	ENSG00000197114
14175.0	0.0003	ZNF609	ENSG00000180357
14175.0	0.0003	ZNF787	ENSG00000142409
14175.0	0.0003	ZNHIT6	ENSG00000117174
14175.0	0.0003	HJV	ENSG00000168509
14175.0	0.0003	TSPAN13	ENSG00000106537
14175.0	0.0003	ADNP2	ENSG00000101544
14175.0	0.0003	EMILIN3	ENSG00000183798
14175.0	0.0003	JUN	ENSG00000177606
14175.0	0.0003	OGFOD3	ENSG00000181396
14175.0	0.0003	SETD3	ENSG00000183576
14175.0	0.0003	AK9	ENSG00000155085
14175.0	0.0003	HTR4	ENSG00000164270
14175.0	0.0003	TMEM145	ENSG00000167619
14175.0	0.0003	TMEM51	ENSG00000171729
14175.0	0.0003	NEDD4	ENSG00000069869
14285.0	0.0002	EFR3B	ENSG00000084710
14285.0	0.0002	CRTC1	ENSG00000105662
14285.0	0.0002	LAPTM4B	ENSG00000104341
14285.0	0.0002	MTARC2	ENSG00000117791
14285.0	0.0002	MYC	ENSG00000136997
14285.0	0.0002	RCC1L	ENSG00000174374
14285.0	0.0002	BMAL1	ENSG00000133794
14285.0	0.0002	GATA5	ENSG00000130700
14285.0	0.0002	TASOR2	ENSG00000108021
14285.0	0.0002	CCSAP	ENSG00000154429
14285.0	0.0002	FBXW12	ENSG00000164049
14285.0	0.0002	COMMD3-BMI1	ENSG00000269897
14285.0	0.0002	KIF20B	ENSG00000138182
14285.0	0.0002	AVPR1B	ENSG00000198049
14285.0	0.0002	P2RX6	ENSG00000099957
14285.0	0.0002	PDE8A	ENSG00000073417
14285.0	0.0002	IGSF21	ENSG00000117154
14285.0	0.0002	KLHL31	ENSG00000124743
14285.0	0.0002	SP110	ENSG00000135899
14285.0	0.0002	ABHD3	ENSG00000158201
14285.0	0.0002	LAPTM4A	ENSG00000068697
14285.0	0.0002	ANGPTL6	ENSG00000130812
14285.0	0.0002	HLA-DPA1	ENSG00000231389
14285.0	0.0002	PRTN3	ENSG00000196415
14285.0	0.0002	THSD1	ENSG00000136114
14285.0	0.0002	FGD5	ENSG00000154783
14285.0	0.0002	SIRPA	ENSG00000198053
14285.0	0.0002	TRAPPC2B	ENSG00000256060
14285.0	0.0002	AFDN	ENSG00000130396
14285.0	0.0002	BICRAL	ENSG00000112624
14285.0	0.0002	MLIP	ENSG00000146147
14285.0	0.0002	MAPK14	ENSG00000112062
14285.0	0.0002	IGSF9	ENSG00000085552
14285.0	0.0002	DGKB	ENSG00000136267
14285.0	0.0002	KIF6	ENSG00000164627
14285.0	0.0002	AGPAT1	ENSG00000204310
14285.0	0.0002	NDRG2	ENSG00000165795
14285.0	0.0002	TLCD3B	ENSG00000149926
14285.0	0.0002	INTS6L	ENSG00000165359
14285.0	0.0002	OBSCN	ENSG00000154358
14285.0	0.0002	FZD9	ENSG00000188763
14285.0	0.0002	CPA6	ENSG00000165078
14285.0	0.0002	FMC1	ENSG00000164898
14285.0	0.0002	FMC1-LUC7L2	ENSG00000146963
14285.0	0.0002	CLSTN3	ENSG00000139182
14285.0	0.0002	AOPEP	ENSG00000148120
14285.0	0.0002	ELK3	ENSG00000111145
14285.0	0.0002	SLC27A3	ENSG00000143554
14285.0	0.0002	GJD4	ENSG00000177291
14285.0	0.0002	ECM1	ENSG00000143369
14285.0	0.0002	H3C10	ENSG00000203813
14285.0	0.0002	H3C13	ENSG00000183598
14285.0	0.0002	H3C14	ENSG00000203811
14285.0	0.0002	H3C15	ENSG00000203852
14285.0	0.0002	PHF21B	ENSG00000056487
14285.0	0.0002	HSP90AA1	ENSG00000080824
14285.0	0.0002	LIMCH1	ENSG00000064042
14285.0	0.0002	TECTB	ENSG00000119913
14285.0	0.0002	OTOS	ENSG00000178602
14285.0	0.0002	APH1A	ENSG00000117362
14285.0	0.0002	DNAJB6	ENSG00000105993
14285.0	0.0002	VGLL4	ENSG00000144560
14285.0	0.0002	CFAP54	ENSG00000188596
14285.0	0.0002	PRKDC	ENSG00000253729
14285.0	0.0002	BAX	ENSG00000087088
14285.0	0.0002	PERP	ENSG00000112378
14285.0	0.0002	UBE2K	ENSG00000078140
14285.0	0.0002	TAFA2	ENSG00000198673
14285.0	0.0002	APOBEC2	ENSG00000124701
14285.0	0.0002	EFHD1	ENSG00000115468
14285.0	0.0002	RBFOX2	ENSG00000100320
14285.0	0.0002	ITGB1	ENSG00000150093
14285.0	0.0002	ALB	ENSG00000163631
14285.0	0.0002	CCDC32	ENSG00000128891
14285.0	0.0002	COLEC10	ENSG00000184374
14285.0	0.0002	FLNB	ENSG00000136068
14285.0	0.0002	FOS	ENSG00000170345
14285.0	0.0002	HSPA9	ENSG00000113013
14285.0	0.0002	NOTCH2	ENSG00000134250
14285.0	0.0002	P3H1	ENSG00000117385
14285.0	0.0002	SLC10A7	ENSG00000120519
14285.0	0.0002	SMAD3	ENSG00000166949
14285.0	0.0002	SPECC1L	ENSG00000100014
14285.0	0.0002	ECE1	ENSG00000117298
14285.0	0.0002	MBNL3	ENSG00000076770
14285.0	0.0002	XIRP1	ENSG00000168334
14285.0	0.0002	TULP4	ENSG00000130338
14285.0	0.0002	SYNPO2L	ENSG00000166317
14285.0	0.0002	XIRP2	ENSG00000163092
14285.0	0.0002	SEPTIN9	ENSG00000184640
14285.0	0.0002	PPP1R35	ENSG00000160813
14285.0	0.0002	TNXB	ENSG00000168477
14285.0	0.0002	MAMSTR	ENSG00000176909
14285.0	0.0002	RRN3P1	ENSG00000248124
14285.0	0.0002	RRN3P2	ENSG00000103472
14285.0	0.0002	CENATAC	ENSG00000186166
14285.0	0.0002	CASP8	ENSG00000064012
14285.0	0.0002	HDAC1	ENSG00000116478
14285.0	0.0002	ACTMAP	ENSG00000188493
14285.0	0.0002	PRKAB2	ENSG00000131791
14285.0	0.0002	DPH3P1	ENSG00000233838
14285.0	0.0002	DAXX	ENSG00000204209
14285.0	0.0002	ADGRG7	ENSG00000144820
14285.0	0.0002	SYPL2	ENSG00000143028
14285.0	0.0002	HOATZ	ENSG00000183644
14285.0	0.0002	SOX21	ENSG00000125285
14285.0	0.0002	PRDM12	ENSG00000130711
14285.0	0.0002	AGT	ENSG00000135744
14285.0	0.0002	SLK	ENSG00000065613
14285.0	0.0002	BAG6	ENSG00000204463
14757.0	0.0001	CLCC1	ENSG00000121940
14757.0	0.0001	GNAL	ENSG00000141404
14757.0	0.0001	BRD2	ENSG00000204256
14757.0	0.0001	HLA-DOA	ENSG00000204252
14757.0	0.0001	PLEKHG5	ENSG00000171680
14757.0	0.0001	HSD11B2	ENSG00000176387
14757.0	0.0001	CYP26B1	ENSG00000003137
14757.0	0.0001	ATL3	ENSG00000184743
14757.0	0.0001	PGM5	ENSG00000154330
14757.0	0.0001	MAP3K7	ENSG00000135341
14757.0	0.0001	TXNRD2	ENSG00000184470
14757.0	0.0001	GAS2L3	ENSG00000139354
14757.0	0.0001	RBM20	ENSG00000203867
14757.0	0.0001	ADGRL3	ENSG00000150471
14757.0	0.0001	JPH1	ENSG00000104369
14757.0	0.0001	SSBP2	ENSG00000145687
14757.0	0.0001	FAM161A	ENSG00000170264
14757.0	0.0001	GAREM2	ENSG00000157833
14757.0	0.0001	FADS1	ENSG00000149485
14757.0	0.0001	FNDC3A	ENSG00000102531
14757.0	0.0001	SAMD1	ENSG00000141858
14757.0	0.0001	MOG	ENSG00000204655
14757.0	0.0001	P2RY11	ENSG00000244165
14757.0	0.0001	ZDHHC5	ENSG00000156599
14757.0	0.0001	KRTAP8-1	ENSG00000183640
14757.0	0.0001	HIP1	ENSG00000127946
14757.0	0.0001	GPR42	ENSG00000126251
14757.0	0.0001	CAVIN4	ENSG00000170681
14757.0	0.0001	FLRT2	ENSG00000185070
14757.0	0.0001	GNL1	ENSG00000204590
14757.0	0.0001	HEATR3	ENSG00000155393
14757.0	0.0001	SLC52A1	ENSG00000132517
14757.0	0.0001	SKOR2	ENSG00000215474
14757.0	0.0001	CCSER2	ENSG00000107771
14757.0	0.0001	VAV2	ENSG00000160293
14757.0	0.0001	GULOP	ENSG00000234770
14757.0	0.0001	FERD3L	ENSG00000146618
14757.0	0.0001	MILR1	ENSG00000271605
14757.0	0.0001	GUCA2B	ENSG00000044012
14757.0	0.0001	CIB3	ENSG00000141977
14757.0	0.0001	WDFY3	ENSG00000163625
14757.0	0.0001	RPL15	ENSG00000174748
14757.0	0.0001	RNF213	ENSG00000173821
14757.0	0.0001	MSANTD2	ENSG00000120458
14757.0	0.0001	CYRIB	ENSG00000153310
14757.0	0.0001	TMC2	ENSG00000149488
14757.0	0.0001	TMEM260	ENSG00000070269
14757.0	0.0001	ARL6IP6	ENSG00000177917
14757.0	0.0001	CALM3	ENSG00000160014
14757.0	0.0001	GDF2	ENSG00000128802
14757.0	0.0001	C21orf91	ENSG00000154642
14757.0	0.0001	GGT2P	ENSG00000133475
14757.0	0.0001	GGT3P	ENSG00000197421
14757.0	0.0001	GGTLC3	ENSG00000183038
14757.0	0.0001	IDH3B	ENSG00000101365
14757.0	0.0001	GPR37L1	ENSG00000170075
14757.0	0.0001	TAAR8	ENSG00000146385
14757.0	0.0001	FAM120B	ENSG00000112584
14757.0	0.0001	RNF44	ENSG00000146083
14757.0	0.0001	IER5L	ENSG00000188483
14757.0	0.0001	MSGN1	ENSG00000151379
14757.0	0.0001	HIGD1C	ENSG00000214511
14757.0	0.0001	HACD3	ENSG00000074696
14757.0	0.0001	TRIM39	ENSG00000204599
14757.0	0.0001	POPDC3	ENSG00000132429
14757.0	0.0001	PTPRQ	ENSG00000139304
14757.0	0.0001	SLC44A3	ENSG00000143036
14757.0	0.0001	ZIC4	ENSG00000174963
14757.0	0.0001	WRNIP1	ENSG00000124535
14757.0	0.0001	CHTOP	ENSG00000160679
14757.0	0.0001	POPDC2	ENSG00000121577
14757.0	0.0001	NOTO	ENSG00000214513
14757.0	0.0001	NEXN	ENSG00000162614
14757.0	0.0001	TMEM63B	ENSG00000137216
14757.0	0.0001	ELAPOR1	ENSG00000116299
14757.0	0.0001	TYW1B	ENSG00000254184
14757.0	0.0001	PARP8	ENSG00000151883
14757.0	0.0001	GPR161	ENSG00000143147
14757.0	0.0001	FAM135A	ENSG00000082269
14757.0	0.0001	CCN6	ENSG00000112761
14757.0	0.0001	STRCP1	ENSG00000166763
14757.0	0.0001	RPS9	ENSG00000170889
14757.0	0.0001	IL1RL2	ENSG00000115598
14757.0	0.0001	PHF14	ENSG00000106443
14757.0	0.0001	LHFPL5	ENSG00000197753
14757.0	0.0001	ZBTB12	ENSG00000204366
14757.0	0.0001	ADAD2	ENSG00000140955
14757.0	0.0001	IVNS1ABP	ENSG00000116679
14757.0	0.0001	LSAMP	ENSG00000185565
14757.0	0.0001	ZBTB43	ENSG00000169155
14757.0	0.0001	CXCL12	ENSG00000107562
14757.0	0.0001	TPGS2	ENSG00000134779
14757.0	0.0001	ZNF827	ENSG00000151612
14757.0	0.0001	NOL4	ENSG00000101746
14757.0	0.0001	COL4A3	ENSG00000169031
14757.0	0.0001	CREG1	ENSG00000143162
14757.0	0.0001	HM13	ENSG00000101294
14757.0	0.0001	RFX3	ENSG00000080298
14757.0	0.0001	TPM4	ENSG00000167460
14757.0	0.0001	TENT5C	ENSG00000183508
14757.0	0.0001	RP11-1055B8.7	ENSG00000171282
14757.0	0.0001	TAOK2	ENSG00000149930
14757.0	0.0001	PSG1	ENSG00000231924
14757.0	0.0001	PSG3	ENSG00000221826
14757.0	0.0001	PSG6	ENSG00000170848
14757.0	0.0001	PSG7	ENSG00000221878
14757.0	0.0001	PSG8	ENSG00000124467
14757.0	0.0001	CCDC28A	ENSG00000024862
14757.0	0.0001	EGFL8	ENSG00000241404
14757.0	0.0001	NAV1	ENSG00000134369
14757.0	0.0001	EGFR	ENSG00000146648
14757.0	0.0001	ARID5B	ENSG00000150347
14757.0	0.0001	TUBE1	ENSG00000074935
14757.0	0.0001	LDHA	ENSG00000134333
14757.0	0.0001	RGP1	ENSG00000107185
14757.0	0.0001	ARB2A	ENSG00000113391
14757.0	0.0001	COL9A1	ENSG00000112280
14757.0	0.0001	KRTAP1-3	ENSG00000221880
14757.0	0.0001	KRTAP10-11	ENSG00000243489
14757.0	0.0001	SPPL3	ENSG00000157837
14757.0	0.0001	MEX3A	ENSG00000254726
14757.0	0.0001	JAKMIP2	ENSG00000176049
14757.0	0.0001	OTOGL	ENSG00000165899
14757.0	0.0001	RNF148	ENSG00000235631
14757.0	0.0001	SBSPON	ENSG00000164764
14757.0	0.0001	FES	ENSG00000182511
14757.0	0.0001	DLG5	ENSG00000151208
14757.0	0.0001	CREBRF	ENSG00000164463
14757.0	0.0001	POLDIP2	ENSG00000004142
14757.0	0.0001	SOWAHB	ENSG00000186212
14757.0	0.0001	C2CD2L	ENSG00000172375
14757.0	0.0001	CCNJ	ENSG00000107443
14757.0	0.0001	EPDR1	ENSG00000086289
14757.0	0.0001	KIAA1549	ENSG00000122778
14757.0	0.0001	TRARG1	ENSG00000184811
14757.0	0.0001	XKR4	ENSG00000206579
14757.0	0.0001	PDZK1	ENSG00000174827
14757.0	0.0001	PDZK1P1	ENSG00000215860
14757.0	0.0001	TMCO6	ENSG00000113119
14757.0	0.0001	MYBPHL	ENSG00000221986
14757.0	0.0001	FHOD3	ENSG00000134775
14757.0	0.0001	RBM12	ENSG00000244462
14757.0	0.0001	PCYOX1L	ENSG00000145882
14757.0	0.0001	CACHD1	ENSG00000158966
14757.0	0.0001	EHMT2	ENSG00000204371
14757.0	0.0001	KIFC1	ENSG00000237649
14757.0	0.0001	NSG2	ENSG00000170091
14757.0	0.0001	TMEM132B	ENSG00000139364
14757.0	0.0001	C1orf43	ENSG00000143612
14757.0	0.0001	PCSK6	ENSG00000140479
14757.0	0.0001	PGAP4	ENSG00000165152
14757.0	0.0001	PRPF6	ENSG00000101161
14757.0	0.0001	USP48	ENSG00000090686
14757.0	0.0001	RAB11FIP3	ENSG00000090565
14757.0	0.0001	DAPL1	ENSG00000163331
14757.0	0.0001	DNAJB3	ENSG00000227802
14757.0	0.0001	FAM53C	ENSG00000120709
14757.0	0.0001	ILDR1	ENSG00000145103
14757.0	0.0001	PCSK1N	ENSG00000102109
14757.0	0.0001	PNPLA7	ENSG00000130653
14757.0	0.0001	CEMIP2	ENSG00000135048
14757.0	0.0001	DCAF12	ENSG00000198876
14757.0	0.0001	NREP	ENSG00000134986
14757.0	0.0001	RNF187	ENSG00000168159
14757.0	0.0001	NWD2	ENSG00000174145
14757.0	0.0001	PGBD5	ENSG00000177614
14757.0	0.0001	SLC25A44	ENSG00000160785
14757.0	0.0001	SLC26A11	ENSG00000181045
14757.0	0.0001	TAC1	ENSG00000006128
14757.0	0.0001	TMEM60	ENSG00000135211
14757.0	0.0001	FSCN2	ENSG00000186765
14757.0	0.0001	ARRB2	ENSG00000141480
14757.0	0.0001	HMGXB3	ENSG00000113716
14757.0	0.0001	SLC29A3	ENSG00000198246
14757.0	0.0001	CEP170B	ENSG00000099814
14757.0	0.0001	CYP21A1P	ENSG00000204338
14757.0	0.0001	CYP21A2	ENSG00000231852
14757.0	0.0001	PLAAT5	ENSG00000168004
14757.0	0.0001	BCL2L15	ENSG00000188761
14757.0	0.0001	NSD3	ENSG00000147548
14757.0	0.0001	AGBL1	ENSG00000166748
14757.0	0.0001	PCDH20	ENSG00000197991
14757.0	0.0001	ZNF22	ENSG00000165512
14757.0	0.0001	CFAP119	ENSG00000196118
14757.0	0.0001	HILPDA	ENSG00000135245
14757.0	0.0001	HNRNPD	ENSG00000138668
14757.0	0.0001	ADAM32	ENSG00000197140
14757.0	0.0001	EEF1AKMT2	ENSG00000203791
14757.0	0.0001	ENPP5	ENSG00000112796
14757.0	0.0001	GLYR1	ENSG00000140632
14757.0	0.0001	HSBP1L1	ENSG00000226742
14757.0	0.0001	RIC8A	ENSG00000177963
14757.0	0.0001	VOPP1	ENSG00000154978
14757.0	0.0001	C9orf43	ENSG00000157653
14757.0	0.0001	IZUMO2	ENSG00000161652
14757.0	0.0001	KLHL29	ENSG00000119771
14757.0	0.0001	ZNF233	ENSG00000159915
14757.0	0.0001	ZNF235	ENSG00000159917
14757.0	0.0001	APBA1	ENSG00000107282
14757.0	0.0001	CYS1	ENSG00000205795
14757.0	0.0001	GOLM1	ENSG00000135052
14757.0	0.0001	FAM120A	ENSG00000048828
14757.0	0.0001	KCNK13	ENSG00000152315
14757.0	0.0001	DDR1	ENSG00000204580
14757.0	0.0001	TAFA1	ENSG00000183662
14757.0	0.0001	MICAL1	ENSG00000135596
14757.0	0.0001	BPIFA2	ENSG00000131050
14757.0	0.0001	NISCH	ENSG00000010322
14757.0	0.0001	MIGA1	ENSG00000180488
14757.0	0.0001	GLYCAM1	ENSG00000257780
14757.0	0.0001	RFX4	ENSG00000111783
14757.0	0.0001	VIT	ENSG00000205221
14757.0	0.0001	NCAM1	ENSG00000149294
14757.0	0.0001	GDPD3	ENSG00000102886
14757.0	0.0001	RUNDC3B	ENSG00000105784
14757.0	0.0001	ARID4B	ENSG00000054267
14757.0	0.0001	CAMSAP2	ENSG00000118200
14757.0	0.0001	C3orf20	ENSG00000131379
14757.0	0.0001	CDK5RAP1	ENSG00000101391
14757.0	0.0001	FBXW5	ENSG00000159069
14757.0	0.0001	LRRC25	ENSG00000175489
14757.0	0.0001	MDC1	ENSG00000137337
14757.0	0.0001	PERM1	ENSG00000187642
14757.0	0.0001	PLCE1	ENSG00000138193
14757.0	0.0001	PTPN13	ENSG00000163629
14757.0	0.0001	PROM2	ENSG00000155066
14757.0	0.0001	THSD7A	ENSG00000005108
14757.0	0.0001	ABHD11	ENSG00000106077
14757.0	0.0001	ALX1	ENSG00000180318
14757.0	0.0001	CFAP53	ENSG00000172361
14757.0	0.0001	ABHD17B	ENSG00000107362
14757.0	0.0001	SLC38A8	ENSG00000166558
14757.0	0.0001	ANKRD65	ENSG00000235098
14757.0	0.0001	ARMCX1	ENSG00000126947
14757.0	0.0001	BLTP2	ENSG00000007202
14757.0	0.0001	BNIP1	ENSG00000113734
14757.0	0.0001	BRI3	ENSG00000164713
14757.0	0.0001	CAMKV	ENSG00000164076
14757.0	0.0001	CARMIL3	ENSG00000186648
14757.0	0.0001	CD5L	ENSG00000073754
14757.0	0.0001	CERKL	ENSG00000188452
14757.0	0.0001	CNRIP1	ENSG00000119865
14757.0	0.0001	CRIP3	ENSG00000146215
14757.0	0.0001	CST9L	ENSG00000101435
14757.0	0.0001	DENND5B	ENSG00000170456
14757.0	0.0001	EIF2D	ENSG00000143486
14757.0	0.0001	OTUD3	ENSG00000169914
14757.0	0.0001	P2RX5	ENSG00000083454
14757.0	0.0001	PCDHA10	ENSG00000250120
14757.0	0.0001	PPIE	ENSG00000084072
14757.0	0.0001	PRAMEF1	ENSG00000116721
14757.0	0.0001	PRAMEF10	ENSG00000187545
14757.0	0.0001	PRAMEF11	ENSG00000204513
14757.0	0.0001	PRAMEF12	ENSG00000116726
14757.0	0.0001	PRAMEF13	ENSG00000204495
14757.0	0.0001	PRAMEF14	ENSG00000204481
14757.0	0.0001	PRAMEF15	ENSG00000157358
14757.0	0.0001	PRAMEF17	ENSG00000204479
14757.0	0.0001	PRAMEF18	ENSG00000204491
14757.0	0.0001	PRAMEF19	ENSG00000204480
14757.0	0.0001	PRAMEF2	ENSG00000120952
14757.0	0.0001	PRAMEF20	ENSG00000204478
14757.0	0.0001	PRAMEF25	ENSG00000204505
14757.0	0.0001	PRAMEF26	ENSG00000229571
14757.0	0.0001	PRAMEF4	ENSG00000243073
14757.0	0.0001	PRAMEF5	ENSG00000204502
14757.0	0.0001	PRAMEF6	ENSG00000232423
14757.0	0.0001	PRAMEF7	ENSG00000204510
14757.0	0.0001	PRAMEF8	ENSG00000182330
14757.0	0.0001	PRAMEF9	ENSG00000204501
14757.0	0.0001	PRSS55	ENSG00000184647
14757.0	0.0001	RAB3IP	ENSG00000127328
14757.0	0.0001	RADIL	ENSG00000157927
14757.0	0.0001	RASSF10	ENSG00000189431
14757.0	0.0001	RUFY4	ENSG00000188282
14757.0	0.0001	SHLD1	ENSG00000171984
14757.0	0.0001	SLA2	ENSG00000101082
14757.0	0.0001	SLC46A3	ENSG00000139508
14757.0	0.0001	SLCO6A1	ENSG00000205359
14757.0	0.0001	TASOR	ENSG00000163946
14757.0	0.0001	TEX36	ENSG00000175018
14757.0	0.0001	TPGS1	ENSG00000141933
14757.0	0.0001	TXLNA	ENSG00000084652
14757.0	0.0001	UBN2	ENSG00000157741
14757.0	0.0001	USP54	ENSG00000166348
14757.0	0.0001	ZBTB48	ENSG00000204859
14757.0	0.0001	ZC2HC1A	ENSG00000104427
14757.0	0.0001	ZGRF1	ENSG00000138658
14757.0	0.0001	ZMIZ2	ENSG00000122515
14757.0	0.0001	BCL2L11	ENSG00000153094
14757.0	0.0001	EPHA7	ENSG00000135333
14757.0	0.0001	GCN1	ENSG00000089154
14757.0	0.0001	SNX3	ENSG00000112335
14757.0	0.0001	HAPLN4	ENSG00000187664
14757.0	0.0001	KIF21B	ENSG00000116852
14757.0	0.0001	BCL2L2-PABPN1	ENSG00000258643
14757.0	0.0001	NUMB	ENSG00000133961
14757.0	0.0001	ARL5C	ENSG00000141748
14757.0	0.0001	FREM2	ENSG00000150893
14757.0	0.0001	LRRCC1	ENSG00000133739
14757.0	0.0001	TRABD2B	ENSG00000269113
14757.0	0.0001	CFAP91	ENSG00000183833
14757.0	0.0001	FMO5	ENSG00000131781
14757.0	0.0001	TAAR3P	ENSG00000179073
14757.0	0.0001	PRSS21	ENSG00000007038
14757.0	0.0001	SHISA2	ENSG00000180730
14757.0	0.0001	CPNE5	ENSG00000124772
14757.0	0.0001	FAM3D	ENSG00000198643
14757.0	0.0001	HMBOX1	ENSG00000147421
14757.0	0.0001	NLRP6	ENSG00000174885
14757.0	0.0001	UBD	ENSG00000213886
14757.0	0.0001	JHY	ENSG00000109944
14757.0	0.0001	NPY6R	ENSG00000226306
14757.0	0.0001	TOR1AIP1	ENSG00000143337
14757.0	0.0001	MYOF	ENSG00000138119
14757.0	0.0001	DYNC2H1	ENSG00000187240
14757.0	0.0001	ECSCR	ENSG00000249751
14757.0	0.0001	ZPLD1	ENSG00000170044
14757.0	0.0001	HHIPL1	ENSG00000182218
14757.0	0.0001	SLC44A2	ENSG00000129353
14757.0	0.0001	EHBP1L1	ENSG00000173442
14757.0	0.0001	ADGRL2	ENSG00000117114
14757.0	0.0001	ANKRD24	ENSG00000089847
14757.0	0.0001	C3orf84	ENSG00000236980
14757.0	0.0001	C5orf47	ENSG00000185056
14757.0	0.0001	CACFD1	ENSG00000160325
14757.0	0.0001	CCAR2	ENSG00000158941
14757.0	0.0001	CENPVL3	ENSG00000224109
14757.0	0.0001	CUEDC1	ENSG00000180891
14757.0	0.0001	CYP2D7	ENSG00000205702
14757.0	0.0001	DEFB104B	ENSG00000177023
14757.0	0.0001	DEFB106A	ENSG00000186579
14757.0	0.0001	DEFB106B	ENSG00000187082
14757.0	0.0001	DEFB108B	ENSG00000184276
14757.0	0.0001	DEFB134	ENSG00000205882
14757.0	0.0001	DENND6B	ENSG00000205593
14757.0	0.0001	DIPK2B	ENSG00000147113
14757.0	0.0001	FAM185A	ENSG00000222011
14757.0	0.0001	FAM81A	ENSG00000157470
14757.0	0.0001	FAM83C	ENSG00000125998
14757.0	0.0001	FAXC	ENSG00000146267
14757.0	0.0001	FREM3	ENSG00000183090
14757.0	0.0001	GDF10	ENSG00000107623
14757.0	0.0001	GRAMD1C	ENSG00000178075
14757.0	0.0001	ILRUN	ENSG00000196821
14757.0	0.0001	KRTAP17-1	ENSG00000186860
14757.0	0.0001	LHFPL6	ENSG00000183722
14757.0	0.0001	LIPM	ENSG00000173239
14757.0	0.0001	LSM2	ENSG00000204392
14757.0	0.0001	PCP4L1	ENSG00000248485
14757.0	0.0001	PHLDB1	ENSG00000019144
14757.0	0.0001	PLSCR5	ENSG00000231213
14757.0	0.0001	PROSER2	ENSG00000148426
14757.0	0.0001	PRSS35	ENSG00000146250
14757.0	0.0001	RPS6KA1	ENSG00000117676
14757.0	0.0001	SCRN1	ENSG00000136193
14757.0	0.0001	SLC48A1	ENSG00000211584
14757.0	0.0001	SMDT1	ENSG00000183172
14757.0	0.0001	SMPDL3B	ENSG00000130768
14757.0	0.0001	SNORC	ENSG00000182600
14757.0	0.0001	TM2D2	ENSG00000169490
14757.0	0.0001	PCARE	ENSG00000179270
14757.0	0.0001	ANKMY2	ENSG00000106524
14757.0	0.0001	CARMIL2	ENSG00000159753
14757.0	0.0001	PAOX	ENSG00000148832
14757.0	0.0001	GRIK1-AS2	ENSG00000183653
14757.0	0.0001	SHTN1	ENSG00000187164
14757.0	0.0001	GRXCR2	ENSG00000204928
14757.0	0.0001	IPO9	ENSG00000198700
14757.0	0.0001	SLC35B4	ENSG00000205060
14757.0	0.0001	PCSK2	ENSG00000125851
14757.0	0.0001	CSNK2A3	ENSG00000254598
14757.0	0.0001	DYNC2LI1	ENSG00000138036
14757.0	0.0001	FER1L6	ENSG00000214814
14757.0	0.0001	FAM111B	ENSG00000189057
14757.0	0.0001	SYCN	ENSG00000179751
14757.0	0.0001	SLC16A6	ENSG00000108932
14757.0	0.0001	MIB1	ENSG00000101752
14757.0	0.0001	MINAR1	ENSG00000169330
14757.0	0.0001	TPST2	ENSG00000128294
14757.0	0.0001	CCND1	ENSG00000110092
14757.0	0.0001	DPP8	ENSG00000074603
14757.0	0.0001	HGF	ENSG00000019991
14757.0	0.0001	RNF111	ENSG00000157450
14757.0	0.0001	DCBLD2	ENSG00000057019
14757.0	0.0001	GRAMD1B	ENSG00000023171
14757.0	0.0001	ARL17A	ENSG00000185829
14757.0	0.0001	ARL17B	ENSG00000228696
14757.0	0.0001	CATSPERZ	ENSG00000219435
14757.0	0.0001	EPGN	ENSG00000182585
14757.0	0.0001	FASTKD5	ENSG00000215251
14757.0	0.0001	MFSD4B	ENSG00000173214
14757.0	0.0001	NT5DC2	ENSG00000168268
14757.0	0.0001	PCNX4	ENSG00000126773
14757.0	0.0001	PFDN6	ENSG00000204220
14757.0	0.0001	PRSS1	ENSG00000204983
14757.0	0.0001	SVOP	ENSG00000166111
14757.0	0.0001	YDJC	ENSG00000161179
14757.0	0.0001	ZNF689	ENSG00000156853
14757.0	0.0001	MLST8	ENSG00000167965
14757.0	0.0001	FER1L5	ENSG00000249715
14757.0	0.0001	SFMBT2	ENSG00000198879
14757.0	0.0001	NT5DC1	ENSG00000178425
14757.0	0.0001	PHACTR4	ENSG00000204138
14757.0	0.0001	C6ORF165	ENSG00000272514
14757.0	0.0001	CFAP206	ENSG00000213204
14757.0	0.0001	PAX5	ENSG00000196092
14757.0	0.0001	RIMOC1	ENSG00000205765
14757.0	0.0001	ITPRID2	ENSG00000138434
14757.0	0.0001	TBC1D30	ENSG00000111490
14757.0	0.0001	MAGI2	ENSG00000187391
14757.0	0.0001	SLC6A15	ENSG00000072041
14757.0	0.0001	TMEM45B	ENSG00000151715
14757.0	0.0001	FARP1	ENSG00000152767
14757.0	0.0001	PGRMC2	ENSG00000164040
14757.0	0.0001	TMUB2	ENSG00000168591
14757.0	0.0001	PIERCE1	ENSG00000160345
14757.0	0.0001	STMP1	ENSG00000243317
14757.0	0.0001	FLOT1	ENSG00000137312
14757.0	0.0001	SLC26A10P	ENSG00000135502
14757.0	0.0001	CRIPTO3	ENSG00000225366
14757.0	0.0001	CRTAC1	ENSG00000095713
14757.0	0.0001	PRCD	ENSG00000214140
14757.0	0.0001	ELMOD3	ENSG00000115459
14757.0	0.0001	OSTF1	ENSG00000134996
14757.0	0.0001	PTK7	ENSG00000112655
14757.0	0.0001	RUNDC1	ENSG00000198863
14757.0	0.0001	AKR1B15	ENSG00000227471
14757.0	0.0001	DIS3	ENSG00000083520
14757.0	0.0001	POC1B	ENSG00000139323
14757.0	0.0001	ARHGAP42	ENSG00000165895
14757.0	0.0001	FGF16	ENSG00000196468
14757.0	0.0001	LRRC49	ENSG00000137821
14757.0	0.0001	C19orf67	ENSG00000188032
14757.0	0.0001	GRK3	ENSG00000100077
14757.0	0.0001	PKIG	ENSG00000168734
14757.0	0.0001	TMPRSS12	ENSG00000186452
14757.0	0.0001	ARRDC5	ENSG00000205784
14757.0	0.0001	GARIN1B	ENSG00000135248
14757.0	0.0001	TAFA3	ENSG00000184599
14757.0	0.0001	VAX2	ENSG00000116035
14757.0	0.0001	CHODL	ENSG00000154645
14757.0	0.0001	GREB1L	ENSG00000141449
14757.0	0.0001	INKA1	ENSG00000185614
14757.0	0.0001	MOSMO	ENSG00000185716
14757.0	0.0001	CCDC160	ENSG00000203952
14757.0	0.0001	C8orf44-SGK3	ENSG00000270024
14757.0	0.0001	ADAM3A	ENSG00000197475
14757.0	0.0001	PRSS37	ENSG00000165076
14757.0	0.0001	CFAP70	ENSG00000156042
14757.0	0.0001	ANTKMT	ENSG00000103254
14757.0	0.0001	C6orf118	ENSG00000112539
14757.0	0.0001	CDIP1	ENSG00000089486
14757.0	0.0001	RNF20	ENSG00000155827
14757.0	0.0001	SAMD11	ENSG00000187634
14757.0	0.0001	SHISA4	ENSG00000198892
14757.0	0.0001	TMEM151B	ENSG00000178233
14757.0	0.0001	WSCD2	ENSG00000075035
14757.0	0.0001	ZNF512	ENSG00000243943
14757.0	0.0001	ZNF780A	ENSG00000197782
14757.0	0.0001	RTL4	ENSG00000187823
14757.0	0.0001	ARMC12	ENSG00000157343
14757.0	0.0001	NICOL1	ENSG00000243449
14757.0	0.0001	TEX101	ENSG00000131126
14757.0	0.0001	PLEKHA5	ENSG00000052126
14757.0	0.0001	CDK14	ENSG00000058091
14757.0	0.0001	PRRC2C	ENSG00000117523
14757.0	0.0001	UBC	ENSG00000150991
14757.0	0.0001	INPP5F	ENSG00000198825
14757.0	0.0001	MAPKAPK2	ENSG00000162889
14757.0	0.0001	TTC7A	ENSG00000068724
14757.0	0.0001	LYSET	ENSG00000153485
15408.0	0.0	GFY	ENSG00000261949
15408.0	0.0	CFAP45	ENSG00000213085
15408.0	0.0	MATCAP1	ENSG00000196123
15408.0	0.0	TMEM161B	ENSG00000164180
15408.0	0.0	MAGEE2	ENSG00000186675
15408.0	0.0	COBL	ENSG00000106078
15408.0	0.0	MDM2	ENSG00000135679
15408.0	0.0	EQTN	ENSG00000120160
15408.0	0.0	TMEM176B	ENSG00000106565
15408.0	0.0	ARHGAP5	ENSG00000100852
15408.0	0.0	ADAMTS20	ENSG00000173157
15408.0	0.0	BCORP1	ENSG00000215580
15408.0	0.0	NDRG3	ENSG00000101079
15408.0	0.0	RAD17	ENSG00000152942
15408.0	0.0	RAD51D	ENSG00000185379
15408.0	0.0	SMURF2	ENSG00000108854
15408.0	0.0	VRTN	ENSG00000133980
15408.0	0.0	DZANK1	ENSG00000089091
15408.0	0.0	KRT76	ENSG00000185069
15408.0	0.0	PLET1	ENSG00000188771
15408.0	0.0	ZZEF1	ENSG00000074755
15408.0	0.0	BRINP2	ENSG00000198797
15408.0	0.0	PSD2	ENSG00000146005
15408.0	0.0	THNSL2	ENSG00000144115
15408.0	0.0	GPR153	ENSG00000158292
15408.0	0.0	HDGFRP3	ENSG00000166503
15408.0	0.0	RNF166	ENSG00000158717
15408.0	0.0	SGIP1	ENSG00000118473
15408.0	0.0	ZNF629	ENSG00000102870
15408.0	0.0	MTAP	ENSG00000099810
15408.0	0.0	ADRB2	ENSG00000169252
15408.0	0.0	CCDC154	ENSG00000197599
15408.0	0.0	EYA2	ENSG00000064655
15408.0	0.0	FAM107B	ENSG00000065809
15408.0	0.0	GREB1	ENSG00000196208
15408.0	0.0	LDAH	ENSG00000118961
15408.0	0.0	NEK5	ENSG00000197168
15408.0	0.0	TMEM64	ENSG00000180694
15408.0	0.0	INKA2	ENSG00000197852
15408.0	0.0	TMEM132A	ENSG00000006118
15408.0	0.0	ANKRD50	ENSG00000151458
15408.0	0.0	ARHGEF33	ENSG00000214694
15408.0	0.0	BOLA1	ENSG00000178096
15408.0	0.0	DZIP1L	ENSG00000158163
15408.0	0.0	KCTD9	ENSG00000104756
15408.0	0.0	KRT80	ENSG00000167767
15408.0	0.0	PDE4DIP	ENSG00000178104
15408.0	0.0	PTPRU	ENSG00000060656
15408.0	0.0	PWWP3A	ENSG00000160953
15408.0	0.0	RBM4B	ENSG00000173914
15408.0	0.0	RP11-986E7.7	ENSG00000273259
15408.0	0.0	SERPINA3	ENSG00000196136
15408.0	0.0	TUBAL3	ENSG00000178462
15408.0	0.0	ZNF334	ENSG00000198185
15408.0	0.0	PIP5K1B	ENSG00000107242
15408.0	0.0	SPATA46	ENSG00000171722
15408.0	0.0	AK2	ENSG00000004455
15408.0	0.0	RP4-592A1.2	ENSG00000185839
15408.0	0.0	FREY1	ENSG00000234776
15408.0	0.0	TMEM95	ENSG00000182896
15408.0	0.0	DRAXIN	ENSG00000162490
15408.0	0.0	CRLF3	ENSG00000176390
15408.0	0.0	AGFG1	ENSG00000173744
15408.0	0.0	SRGAP2B	ENSG00000196369
15408.0	0.0	SRGAP2C	ENSG00000171943
15408.0	0.0	NCAPH2	ENSG00000025770
15408.0	0.0	TMEM249	ENSG00000214597
15408.0	0.0	DDX11L8	ENSG00000256263
15408.0	0.0	DDX12P	ENSG00000214826
15408.0	0.0	TENM2	ENSG00000145934
15408.0	0.0	BORCS5	ENSG00000165714
15408.0	0.0	ZDHHC19	ENSG00000163958
15408.0	0.0	PARD3	ENSG00000148498
15408.0	0.0	SPESP1	ENSG00000258484
15408.0	0.0	ISYNA1	ENSG00000105655
15408.0	0.0	AGBL5	ENSG00000084693
15408.0	0.0	IMPG2	ENSG00000081148
15408.0	0.0	PRPF3	ENSG00000117360
15408.0	0.0	PRPF31	ENSG00000105618
15408.0	0.0	RBP3	ENSG00000107618
15408.0	0.0	RP1L1	ENSG00000183638
15408.0	0.0	ADAM1A	ENSG00000229186
15408.0	0.0	CEACAM16	ENSG00000213892
15408.0	0.0	LY6K	ENSG00000160886
15408.0	0.0	OVCH2	ENSG00000183378
15408.0	0.0	TTC6	ENSG00000139865
15408.0	0.0	ZAN	ENSG00000146839
15408.0	0.0	IFTAP	ENSG00000166352
15408.0	0.0	BRWD1	ENSG00000185658
15408.0	0.0	INPP5B	ENSG00000204084
15408.0	0.0	LRRC23	ENSG00000010626
15408.0	0.0	PITHD1	ENSG00000057757
15408.0	0.0	C2CD6	ENSG00000155754
15408.0	0.0	MSS51	ENSG00000166343
15408.0	0.0	FBXL5	ENSG00000118564
15408.0	0.0	SETSIP	ENSG00000230667
15408.0	0.0	CYLC1	ENSG00000183035
15408.0	0.0	AACS	ENSG00000081760
15408.0	0.0	ABHD8	ENSG00000127220
15408.0	0.0	ADGRB2	ENSG00000121753
15408.0	0.0	ANKRD13A	ENSG00000076513
15408.0	0.0	ANO8	ENSG00000074855
15408.0	0.0	AREL1	ENSG00000119682
15408.0	0.0	ATP6V1G2	ENSG00000213760
15408.0	0.0	BCL9	ENSG00000116128
15408.0	0.0	C16orf89	ENSG00000153446
15408.0	0.0	C2orf74	ENSG00000237651
15408.0	0.0	C3orf33	ENSG00000174928
15408.0	0.0	CAPN10	ENSG00000142330
15408.0	0.0	CCDC120	ENSG00000147144
15408.0	0.0	CCL26	ENSG00000006606
15408.0	0.0	CCNY	ENSG00000108100
15408.0	0.0	CFAP69	ENSG00000105792
15408.0	0.0	CNOT10	ENSG00000182973
15408.0	0.0	CRACD	ENSG00000109265
15408.0	0.0	DMBX1	ENSG00000197587
15408.0	0.0	DUSP15	ENSG00000149599
15408.0	0.0	DUSP18	ENSG00000167065
15408.0	0.0	DUSP29	ENSG00000188716
15408.0	0.0	EGFEM1P	ENSG00000206120
15408.0	0.0	ENSA	ENSG00000143420
15408.0	0.0	GARRE1	ENSG00000166398
15408.0	0.0	GPR137	ENSG00000173264
15408.0	0.0	HDDC2	ENSG00000111906
15408.0	0.0	INSYN2B	ENSG00000204767
15408.0	0.0	IQCH	ENSG00000103599
15408.0	0.0	KCTD16	ENSG00000183775
15408.0	0.0	LDAF1	ENSG00000011638
15408.0	0.0	LGALS8	ENSG00000116977
15408.0	0.0	LIAT1	ENSG00000187624
15408.0	0.0	LOXL4	ENSG00000138131
15408.0	0.0	MASP1	ENSG00000127241
15408.0	0.0	MEIS3P1	ENSG00000179277
15408.0	0.0	MEIS3P2	ENSG00000188013
15408.0	0.0	MIGA2	ENSG00000148343
15408.0	0.0	MRNIP	ENSG00000161010
15408.0	0.0	MXRA8	ENSG00000162576
15408.0	0.0	MYNN	ENSG00000085274
15408.0	0.0	NYAP1	ENSG00000166924
15408.0	0.0	OTUD6A	ENSG00000189401
15408.0	0.0	PIP4P1	ENSG00000165782
15408.0	0.0	PLBD2	ENSG00000151176
15408.0	0.0	RNF123	ENSG00000164068
15408.0	0.0	RNF214	ENSG00000167257
15408.0	0.0	RTP4	ENSG00000136514
15408.0	0.0	SAXO1	ENSG00000155875
15408.0	0.0	SDK1	ENSG00000146555
15408.0	0.0	ST7	ENSG00000004866
15408.0	0.0	STEAP3	ENSG00000115107
15408.0	0.0	TAS2R14	ENSG00000212127
15408.0	0.0	TMEM129	ENSG00000168936
15408.0	0.0	TSPAN5	ENSG00000168785
15408.0	0.0	TTLL10	ENSG00000162571
15408.0	0.0	VKORC1L1	ENSG00000196715
15408.0	0.0	WDR47	ENSG00000085433
15408.0	0.0	ZNF512B	ENSG00000196700
15408.0	0.0	ZNF536	ENSG00000198597
15408.0	0.0	ZNF641	ENSG00000167528
15408.0	0.0	CEP128	ENSG00000100629
15408.0	0.0	CT55	ENSG00000169551
15408.0	0.0	SMAP2	ENSG00000084070
15408.0	0.0	LBX2	ENSG00000179528
15408.0	0.0	ABCA9	ENSG00000154258
15408.0	0.0	CEP95	ENSG00000258890
15408.0	0.0	KIAA0232	ENSG00000170871
15408.0	0.0	LCN2	ENSG00000148346
15408.0	0.0	OFCC1	ENSG00000181355
15408.0	0.0	PRR15L	ENSG00000167183
15408.0	0.0	PRSS3P2	ENSG00000250606
15408.0	0.0	PUDP	ENSG00000130021
15408.0	0.0	HTATIP2	ENSG00000109854
15408.0	0.0	XPO5	ENSG00000124571
15408.0	0.0	ZC3H11B	ENSG00000215817
15408.0	0.0	TNNT3	ENSG00000130595
15408.0	0.0	ADAM7	ENSG00000069206
15408.0	0.0	C16orf92	ENSG00000167194
15408.0	0.0	CYCTP	ENSG00000249909
15408.0	0.0	DCST1	ENSG00000163357
15408.0	0.0	DCST2	ENSG00000163354
15408.0	0.0	IZUMO1R	ENSG00000183560
15408.0	0.0	SPATA3	ENSG00000173699
15408.0	0.0	SPATA33	ENSG00000167523
15408.0	0.0	FRMD3	ENSG00000172159
15408.0	0.0	SNX27	ENSG00000143376
15408.0	0.0	GRHL1	ENSG00000134317
15408.0	0.0	LURAP1	ENSG00000171357
15408.0	0.0	IGHM	ENSG00000211899
15408.0	0.0	LCK	ENSG00000182866
15408.0	0.0	MCM10	ENSG00000065328
15408.0	0.0	NCF2	ENSG00000116701
15408.0	0.0	SLC39A7	ENSG00000112473
15408.0	0.0	C1orf56	ENSG00000143443
15408.0	0.0	NLRP2	ENSG00000022556
15408.0	0.0	NLRP7	ENSG00000167634
15408.0	0.0	HIC2	ENSG00000169635
15408.0	0.0	CFAP65	ENSG00000181378
15408.0	0.0	FRG1	ENSG00000109536
15408.0	0.0	GATAD1	ENSG00000157259
15408.0	0.0	BPIFC	ENSG00000184459
15408.0	0.0	FNBP1	ENSG00000187239
15408.0	0.0	INTS3	ENSG00000143624
15408.0	0.0	RTL3	ENSG00000179300
15408.0	0.0	THSD4	ENSG00000187720
15408.0	0.0	TMC4	ENSG00000167608
15408.0	0.0	VN1R17P	ENSG00000235818
15408.0	0.0	LLCFC1	ENSG00000165131
15408.0	0.0	SPIN4	ENSG00000186767
15408.0	0.0	ADAM18	ENSG00000168619
15408.0	0.0	GALNT14	ENSG00000158089
15408.0	0.0	IL7R	ENSG00000168685
15408.0	0.0	BTNL2	ENSG00000204290
15408.0	0.0	LILRA3	ENSG00000170866
15408.0	0.0	LILRA4	ENSG00000239961
15408.0	0.0	LILRA5	ENSG00000187116
15408.0	0.0	LILRB1	ENSG00000104972
15408.0	0.0	LILRB3	ENSG00000204577
15408.0	0.0	LILRB5	ENSG00000105609
15408.0	0.0	ABHD13	ENSG00000139826
15408.0	0.0	DEPDC1	ENSG00000024526
15408.0	0.0	G2E3	ENSG00000092140
15408.0	0.0	HNRNPCL2	ENSG00000179412
15408.0	0.0	KRT32	ENSG00000108759
15408.0	0.0	PSD3	ENSG00000156011
15408.0	0.0	RHCE	ENSG00000188672
15408.0	0.0	SOWAHA	ENSG00000198944
15408.0	0.0	TMEM14A	ENSG00000096092
15408.0	0.0	TRIM66	ENSG00000166436
15408.0	0.0	ZC3H12B	ENSG00000102053
15408.0	0.0	ABCG2	ENSG00000118777
15408.0	0.0	SGK1	ENSG00000118515
15408.0	0.0	BIVM-ERCC5	ENSG00000270181
15408.0	0.0	C3orf38	ENSG00000179021
15408.0	0.0	DACT3	ENSG00000197380
15408.0	0.0	GIMAP5	ENSG00000196329
15408.0	0.0	HP1BP3	ENSG00000127483
15408.0	0.0	KRT6B	ENSG00000185479
15408.0	0.0	KRT6C	ENSG00000170465
15408.0	0.0	NKX1-1	ENSG00000235608
15408.0	0.0	PNLIPRP2	ENSG00000165862
15408.0	0.0	RIF1	ENSG00000080345
15408.0	0.0	SERPINI2	ENSG00000114204
15408.0	0.0	SIRT6	ENSG00000077463
15408.0	0.0	SLC11A2	ENSG00000110911
15408.0	0.0	TGFBI	ENSG00000120708
15408.0	0.0	TMEM68	ENSG00000167904
15408.0	0.0	ISM1	ENSG00000101230
15408.0	0.0	PLCXD2	ENSG00000240891
15408.0	0.0	ZBBX	ENSG00000169064
15408.0	0.0	TGFA	ENSG00000163235
15408.0	0.0	CCDC92	ENSG00000119242
15408.0	0.0	TMEM248	ENSG00000106609
15408.0	0.0	EPM2AIP1	ENSG00000178567
15408.0	0.0	FGFBP3	ENSG00000174721
15408.0	0.0	MS4A4E	ENSG00000214787
15408.0	0.0	NCBP2L	ENSG00000170935
15408.0	0.0	NPSR1	ENSG00000187258
15408.0	0.0	NRAP	ENSG00000197893
15408.0	0.0	PPP1R2B	ENSG00000231989
15408.0	0.0	PPP1R2P1	ENSG00000234515
15408.0	0.0	TM2D3	ENSG00000184277
15408.0	0.0	TMTC2	ENSG00000179104
15408.0	0.0	MFRP	ENSG00000235718
15408.0	0.0	CETN4P	ENSG00000224786
15408.0	0.0	SRSF10	ENSG00000188529
15408.0	0.0	ABCC5	ENSG00000114770
15408.0	0.0	ABCG1	ENSG00000160179
15408.0	0.0	AKR7L	ENSG00000211454
15408.0	0.0	ARMT1	ENSG00000146476
15408.0	0.0	BTBD2	ENSG00000133243
15408.0	0.0	CCDC117	ENSG00000159873
15408.0	0.0	CD84	ENSG00000066294
15408.0	0.0	FAM43A	ENSG00000185112
15408.0	0.0	FAM83G	ENSG00000188522
15408.0	0.0	FICD	ENSG00000198855
15408.0	0.0	HERPUD2	ENSG00000122557
15408.0	0.0	IQCA1	ENSG00000132321
15408.0	0.0	MCF2L	ENSG00000126217
15408.0	0.0	MSH5	ENSG00000204410
15408.0	0.0	NAALADL2	ENSG00000177694
15408.0	0.0	OPLAH	ENSG00000178814
15408.0	0.0	PAQR6	ENSG00000160781
15408.0	0.0	PARVB	ENSG00000188677
15408.0	0.0	RBM6	ENSG00000004534
15408.0	0.0	SUSD6	ENSG00000100647
15408.0	0.0	TAP1	ENSG00000168394
15408.0	0.0	TMEM255B	ENSG00000184497
15408.0	0.0	TMEM72	ENSG00000187783
15408.0	0.0	TTC17	ENSG00000052841
15408.0	0.0	TTLL1	ENSG00000100271
15408.0	0.0	UBE2O	ENSG00000175931
15408.0	0.0	VAT1L	ENSG00000171724
15408.0	0.0	ZFP91	ENSG00000186660
15408.0	0.0	ZNF175	ENSG00000105497
15408.0	0.0	ADAMTS16	ENSG00000145536
15408.0	0.0	FIP1L1	ENSG00000145216
15408.0	0.0	PML	ENSG00000140464
15408.0	0.0	TDRD7	ENSG00000196116
15408.0	0.0	CR1L	ENSG00000197721
15408.0	0.0	KIRREL2	ENSG00000126259
15408.0	0.0	OIT3	ENSG00000138315
15408.0	0.0	PTTG3P	ENSG00000213005
15408.0	0.0	UOX	ENSG00000240520
15408.0	0.0	FAM227B	ENSG00000166262
15408.0	0.0	KIF16B	ENSG00000089177
15408.0	0.0	NEURL2	ENSG00000124257
15408.0	0.0	NUGGC	ENSG00000189233
15408.0	0.0	NXNL2	ENSG00000130045
15408.0	0.0	SULT1A2	ENSG00000197165
15408.0	0.0	SULT1A3	ENSG00000261052
15408.0	0.0	TCAF2	ENSG00000170379
15408.0	0.0	VNN3P	ENSG00000093134
15408.0	0.0	ZNF234	ENSG00000263002
15408.0	0.0	ZNF254	ENSG00000213096
15408.0	0.0	ZNF28	ENSG00000198538
15408.0	0.0	ZNF432	ENSG00000256087
15408.0	0.0	ZNF493	ENSG00000196268
15408.0	0.0	ZNF595	ENSG00000197701
15408.0	0.0	ZNF615	ENSG00000197619
15408.0	0.0	ZNF726	ENSG00000213967
15408.0	0.0	ZNF728	ENSG00000269067
15408.0	0.0	ZNF732	ENSG00000186777
15408.0	0.0	ZNF93	ENSG00000184635
15408.0	0.0	AKAP17BP	ENSG00000214992
15408.0	0.0	ATAT1	ENSG00000137343
15408.0	0.0	DHRS7B	ENSG00000109016
15408.0	0.0	GRB10	ENSG00000106070
15408.0	0.0	REG1B	ENSG00000172023
15408.0	0.0	ARMC5	ENSG00000140691
15408.0	0.0	RIPPLY2	ENSG00000203877
15408.0	0.0	BBLN	ENSG00000171159
15408.0	0.0	TMEM178A	ENSG00000152154
15408.0	0.0	PHF20	ENSG00000025293
15408.0	0.0	TSPAN2	ENSG00000134198
15408.0	0.0	MDM1	ENSG00000111554
15408.0	0.0	JCAD	ENSG00000165757
15408.0	0.0	TRIM55	ENSG00000147573
15408.0	0.0	TMEM135	ENSG00000166575
15408.0	0.0	MUSTN1	ENSG00000272573
15408.0	0.0	ADAM15	ENSG00000143537
15408.0	0.0	CA14	ENSG00000118298
15408.0	0.0	BTBD10	ENSG00000148925
15408.0	0.0	C5orf46	ENSG00000178776
15408.0	0.0	CCDC148	ENSG00000153237
15408.0	0.0	CDH20	ENSG00000101542
15408.0	0.0	CXorf65	ENSG00000204165
15408.0	0.0	ERICH3	ENSG00000178965
15408.0	0.0	KLHDC7A	ENSG00000179023
15408.0	0.0	PRR5-ARHGAP8	ENSG00000248405
15408.0	0.0	RNPEPL1	ENSG00000142327
15408.0	0.0	TPPP2	ENSG00000179636
15408.0	0.0	CD46	ENSG00000117335
15408.0	0.0	KANSL1L	ENSG00000144445
15408.0	0.0	TMEM88	ENSG00000167874
15408.0	0.0	ZC3H14	ENSG00000100722
15408.0	0.0	GJA10	ENSG00000135355
15408.0	0.0	RIPPLY1	ENSG00000147223
15408.0	0.0	CSRNP1	ENSG00000144655
15408.0	0.0	GJA9	ENSG00000131233
15408.0	0.0	TMEFF2	ENSG00000144339
15408.0	0.0	GJE1	ENSG00000203733
15408.0	0.0	GJA8	ENSG00000121634
15408.0	0.0	CHAC1	ENSG00000128965
15408.0	0.0	CYRIA	ENSG00000197872
15408.0	0.0	FADS6	ENSG00000172782
15408.0	0.0	IFI27L2	ENSG00000119632
15408.0	0.0	PEDS1-UBE2V1	ENSG00000124208
15408.0	0.0	ADAMTS15	ENSG00000166106
15408.0	0.0	SNX7	ENSG00000162627
15408.0	0.0	CCDC25	ENSG00000147419
15408.0	0.0	GINM1	ENSG00000055211
15408.0	0.0	ADGRF1	ENSG00000153292
15408.0	0.0	ZNF329	ENSG00000181894
15408.0	0.0	TMEM98	ENSG00000006042
15408.0	0.0	C9orf47	ENSG00000186354
15408.0	0.0	MEST	ENSG00000106484
15408.0	0.0	CCM2L	ENSG00000101331
15408.0	0.0	SAMD7	ENSG00000187033
15408.0	0.0	GNGT1	ENSG00000127928
15408.0	0.0	C1QTNF5	ENSG00000223953
15408.0	0.0	ARAP1	ENSG00000186635
15408.0	0.0	C22orf23	ENSG00000128346
15408.0	0.0	C3orf70	ENSG00000187068
15408.0	0.0	CCDC83	ENSG00000150676
15408.0	0.0	CD300LD	ENSG00000204345
15408.0	0.0	CST6	ENSG00000175315
15408.0	0.0	CYB561A3	ENSG00000162144
15408.0	0.0	EPS8L1	ENSG00000131037
15408.0	0.0	FAM117B	ENSG00000138439
15408.0	0.0	GPATCH3	ENSG00000198746
15408.0	0.0	IFI16	ENSG00000163565
15408.0	0.0	KIAA1671	ENSG00000197077
15408.0	0.0	MEI4	ENSG00000269964
15408.0	0.0	OPN1MW2	ENSG00000166160
15408.0	0.0	RESP18	ENSG00000182698
15408.0	0.0	RETREG2	ENSG00000144567
15408.0	0.0	RNF223	ENSG00000237330
15408.0	0.0	RTBDN	ENSG00000132026
15408.0	0.0	SLC38A10	ENSG00000157637
15408.0	0.0	SPNS2	ENSG00000183018
15408.0	0.0	SPZ1	ENSG00000164299
15408.0	0.0	STOX2	ENSG00000173320
15408.0	0.0	TBC1D8	ENSG00000204634
15408.0	0.0	TMEM150B	ENSG00000180061
15408.0	0.0	TTLL4	ENSG00000135912
15408.0	0.0	WDR27	ENSG00000184465
15408.0	0.0	WIZ	ENSG00000011451
15408.0	0.0	ZNF729	ENSG00000196350
15408.0	0.0	ZNF845	ENSG00000213799
15408.0	0.0	IGFLR1	ENSG00000126246
15408.0	0.0	KIAA0825	ENSG00000185261
15408.0	0.0	PARG	ENSG00000227345
15408.0	0.0	PLA2G4B	ENSG00000243708
15408.0	0.0	ZNF700	ENSG00000196757
15408.0	0.0	ZNF878	ENSG00000257446
15408.0	0.0	CLEC11A	ENSG00000105472
15408.0	0.0	SOX7	ENSG00000171056
15408.0	0.0	C8orf58	ENSG00000241852
15408.0	0.0	CCDC181	ENSG00000117477
15408.0	0.0	CLPSL2	ENSG00000196748
15408.0	0.0	MTCL2	ENSG00000149639
15408.0	0.0	ZNF580	ENSG00000213015
15408.0	0.0	NUDT13	ENSG00000166321
15408.0	0.0	LDOC1	ENSG00000182195
15408.0	0.0	DRAM2	ENSG00000156171
15408.0	0.0	ANKRD10	ENSG00000088448
15408.0	0.0	ARHGEF40	ENSG00000165801
15408.0	0.0	CCDC125	ENSG00000183323
15408.0	0.0	CDSN	ENSG00000204539
15408.0	0.0	IQCE	ENSG00000106012
15408.0	0.0	LCA5L	ENSG00000157578
15408.0	0.0	MAPKAP1	ENSG00000119487
15408.0	0.0	POM121B	ENSG00000205578
15408.0	0.0	POM121C	ENSG00000135213
15408.0	0.0	SBK1	ENSG00000188322
15408.0	0.0	TATDN2	ENSG00000157014
15408.0	0.0	RDH13	ENSG00000160439
15408.0	0.0	ADAMTS6	ENSG00000049192
15408.0	0.0	CCDC66	ENSG00000180376
15408.0	0.0	ASRGL1	ENSG00000162174
15408.0	0.0	IL36G	ENSG00000136688
15408.0	0.0	SASH3	ENSG00000122122
15408.0	0.0	IFT20	ENSG00000109083
15408.0	0.0	TTLL3	ENSG00000214021
15408.0	0.0	GPR75	ENSG00000119737
15408.0	0.0	CIBAR1	ENSG00000188343
15408.0	0.0	ARHGAP17	ENSG00000140750
15408.0	0.0	CRELD2	ENSG00000184164
15408.0	0.0	GGA1	ENSG00000100083
15408.0	0.0	HMCES	ENSG00000183624
15408.0	0.0	STARD9	ENSG00000159433
15408.0	0.0	MFSD12	ENSG00000161091
15408.0	0.0	AIF1L	ENSG00000126878
15408.0	0.0	C11orf54	ENSG00000182919
15408.0	0.0	EML2	ENSG00000125746
15408.0	0.0	KGD4	ENSG00000134056
15408.0	0.0	MX1	ENSG00000157601
15408.0	0.0	ZNF160	ENSG00000170949
15408.0	0.0	ZNF347	ENSG00000197937
15408.0	0.0	ZNF395	ENSG00000186918
15408.0	0.0	ZNF616	ENSG00000204611
15408.0	0.0	ZNF665	ENSG00000197497
15408.0	0.0	TMEM100	ENSG00000166292
15408.0	0.0	MCM8	ENSG00000125885
15408.0	0.0	RIMS3	ENSG00000117016
15408.0	0.0	OAS1	ENSG00000089127
15408.0	0.0	POMZP3	ENSG00000146707
15408.0	0.0	CYP51A1	ENSG00000001630
15408.0	0.0	VSTM4	ENSG00000165633
15408.0	0.0	IQCF1	ENSG00000173389
15408.0	0.0	BTBD18	ENSG00000233436
15408.0	0.0	RBM5	ENSG00000003756
15408.0	0.0	BRDT	ENSG00000137948
15408.0	0.0	SPATA22	ENSG00000141255
15408.0	0.0	TESMIN	ENSG00000132749
15408.0	0.0	ZC3HC1	ENSG00000091732
15408.0	0.0	HERC4	ENSG00000148634
15408.0	0.0	PSMB9	ENSG00000240065
15408.0	0.0	TEX19	ENSG00000182459
15408.0	0.0	RABL3	ENSG00000144840
15408.0	0.0	PRSS56	ENSG00000237412
15408.0	0.0	ATG9B	ENSG00000181652
15408.0	0.0	CTNNBL1	ENSG00000132792
15408.0	0.0	IGHG2	ENSG00000211893
15408.0	0.0	IGKC	ENSG00000211592
15408.0	0.0	NOTCH4	ENSG00000204301
15408.0	0.0	PYHIN1	ENSG00000163564
15408.0	0.0	XKR7	ENSG00000260903
15408.0	0.0	AMIGO2	ENSG00000139211
15408.0	0.0	LHFPL2	ENSG00000145685
15408.0	0.0	CRISP1	ENSG00000124812
15408.0	0.0	EPHX2	ENSG00000120915
15408.0	0.0	FHIP2A	ENSG00000151553
15408.0	0.0	NTN4	ENSG00000074527
15408.0	0.0	SASH1	ENSG00000111961
15408.0	0.0	ZNF490	ENSG00000188033
15408.0	0.0	ZNF708	ENSG00000182141
15408.0	0.0	ZNF716	ENSG00000182111
15408.0	0.0	CFAP58	ENSG00000120051
15408.0	0.0	CEP70	ENSG00000114107
15408.0	0.0	SPATA16	ENSG00000144962
15408.0	0.0	ZNF628	ENSG00000197483
15408.0	0.0	CCDC169-SOHLH2	ENSG00000250709
15408.0	0.0	BRME1	ENSG00000132016
15408.0	0.0	CGB2	ENSG00000104818
15408.0	0.0	CGB3	ENSG00000104827
15408.0	0.0	CGB5	ENSG00000189052
15408.0	0.0	CGB7	ENSG00000196337
15408.0	0.0	CGB8	ENSG00000213030
15408.0	0.0	DAZ2	ENSG00000205944
15408.0	0.0	DAZ3	ENSG00000187191
15408.0	0.0	HORMAD1	ENSG00000143452
15408.0	0.0	MEIOB	ENSG00000162039
15408.0	0.0	PAFAH1B2	ENSG00000168092
15408.0	0.0	PNLDC1	ENSG00000146453
15408.0	0.0	TDRD1	ENSG00000095627
15408.0	0.0	ANKRD31	ENSG00000145700
15408.0	0.0	BEND2	ENSG00000177324
15408.0	0.0	C14orf39	ENSG00000179008
15408.0	0.0	C1orf146	ENSG00000203910
15408.0	0.0	C3orf62	ENSG00000188315
15408.0	0.0	DMRTC2	ENSG00000142025
15408.0	0.0	M1AP	ENSG00000159374
15408.0	0.0	MAJIN	ENSG00000168070
15408.0	0.0	MAP7	ENSG00000135525
15408.0	0.0	MEIOC	ENSG00000180336
15408.0	0.0	MOV10L1	ENSG00000073146
15408.0	0.0	NXF5	ENSG00000126952
15408.0	0.0	PIWIL2	ENSG00000197181
15408.0	0.0	PRDM7	ENSG00000126856
15408.0	0.0	RBMXL3	ENSG00000175718
15408.0	0.0	RNF212	ENSG00000178222
15408.0	0.0	SHCBP1L	ENSG00000157060
15408.0	0.0	SHOC1	ENSG00000165181
15408.0	0.0	TERB1	ENSG00000249961
15408.0	0.0	TOP6BL	ENSG00000173715
15408.0	0.0	TOPAZ1	ENSG00000173769
15408.0	0.0	ZCWPW1	ENSG00000078487
15408.0	0.0	CFC1B	ENSG00000152093
15408.0	0.0	MAP1S	ENSG00000130479
15408.0	0.0	GPR25	ENSG00000170128
15408.0	0.0	MMRN2	ENSG00000173269
15408.0	0.0	PCDHB4	ENSG00000081818
15408.0	0.0	POU2AF2	ENSG00000150750
15408.0	0.0	RPAIN	ENSG00000129197
15408.0	0.0	SHISAL1	ENSG00000138944
15408.0	0.0	SPMIP2	ENSG00000164123
15408.0	0.0	TRIM31	ENSG00000204616
15408.0	0.0	TRIM68	ENSG00000167333
15408.0	0.0	NPNT	ENSG00000168743
15408.0	0.0	VSX1	ENSG00000100987
15408.0	0.0	EGFLAM	ENSG00000164318
15408.0	0.0	BBOF1	ENSG00000119636
15408.0	0.0	CABS1	ENSG00000145309
15408.0	0.0	CCDC157	ENSG00000187860
15408.0	0.0	CCDC62	ENSG00000130783
15408.0	0.0	CCIN	ENSG00000185972
15408.0	0.0	CFAP44	ENSG00000206530
15408.0	0.0	CFAP47	ENSG00000176034
15408.0	0.0	CFAP61	ENSG00000089101
15408.0	0.0	CNIH4	ENSG00000143771
15408.0	0.0	DLEC1	ENSG00000008226
15408.0	0.0	DNAH17	ENSG00000187775
15408.0	0.0	ENO4	ENSG00000188316
15408.0	0.0	FAM209A	ENSG00000124103
15408.0	0.0	FAM209B	ENSG00000213714
15408.0	0.0	FBXO24	ENSG00000106336
15408.0	0.0	GGNBP1	ENSG00000204188
15408.0	0.0	GMCL1	ENSG00000087338
15408.0	0.0	GMCL2	ENSG00000244234
15408.0	0.0	IQUB	ENSG00000164675
15408.0	0.0	ITPRIPL1	ENSG00000198885
15408.0	0.0	LCN8	ENSG00000204001
15408.0	0.0	MKRN2	ENSG00000075975
15408.0	0.0	NSUN7	ENSG00000179299
15408.0	0.0	NUP210L	ENSG00000143552
15408.0	0.0	ODF4	ENSG00000184650
15408.0	0.0	QRICH2	ENSG00000129646
15408.0	0.0	ROPN1B	ENSG00000114547
15408.0	0.0	SPACA1	ENSG00000118434
15408.0	0.0	SPATA20	ENSG00000006282
15408.0	0.0	SPATA6	ENSG00000132122
15408.0	0.0	SPPL2C	ENSG00000185294
15408.0	0.0	SSMEM1	ENSG00000165120
15408.0	0.0	STK33	ENSG00000130413
15408.0	0.0	TEKT2	ENSG00000092850
15408.0	0.0	TEKT3	ENSG00000125409
15408.0	0.0	TMEM232	ENSG00000186952
15408.0	0.0	TTC21A	ENSG00000168026
15408.0	0.0	TTC29	ENSG00000137473
15408.0	0.0	TTLL9	ENSG00000131044
15408.0	0.0	UBE2J1	ENSG00000198833
15408.0	0.0	USP17L1	ENSG00000230549
15408.0	0.0	USP17L10	ENSG00000231396
15408.0	0.0	USP17L11	ENSG00000233136
15408.0	0.0	USP17L12	ENSG00000227551
15408.0	0.0	USP17L13	ENSG00000232399
15408.0	0.0	USP17L15	ENSG00000223569
15408.0	0.0	USP17L17	ENSG00000249104
15408.0	0.0	USP17L18	ENSG00000250844
15408.0	0.0	USP17L19	ENSG00000248920
15408.0	0.0	USP17L20	ENSG00000250745
15408.0	0.0	USP17L21	ENSG00000249811
15408.0	0.0	USP17L23	ENSG00000250913
15408.0	0.0	USP17L3	ENSG00000225327
15408.0	0.0	USP17L4	ENSG00000236125
15408.0	0.0	USP17L5	ENSG00000227140
15408.0	0.0	USP17L6P	ENSG00000205946
15408.0	0.0	USP17L7	ENSG00000226430
15408.0	0.0	USP17L8	ENSG00000237038
15408.0	0.0	MCTP1	ENSG00000175471
15408.0	0.0	NUPR1	ENSG00000176046
15408.0	0.0	CFAP157	ENSG00000160401
15408.0	0.0	FAM170A	ENSG00000164334
15408.0	0.0	HSP90B2P	ENSG00000259706
15408.0	0.0	ARMC3	ENSG00000165309
15408.0	0.0	CCDC146	ENSG00000135205
15408.0	0.0	DRC7	ENSG00000159625
15408.0	0.0	LRRC46	ENSG00000141294
15408.0	0.0	ABHD2	ENSG00000140526
15408.0	0.0	GPR137B	ENSG00000077585
15408.0	0.0	MORF4L1	ENSG00000185787
15408.0	0.0	PRRC1	ENSG00000164244
15408.0	0.0	TEKT1	ENSG00000167858
15408.0	0.0	DNAI4	ENSG00000152763
15408.0	0.0	CCNDBP1	ENSG00000166946
15408.0	0.0	APOC2	ENSG00000234906
15408.0	0.0	RBMS3	ENSG00000144642
15408.0	0.0	FIGNL1	ENSG00000132436
15408.0	0.0	SLC37A2	ENSG00000134955
15408.0	0.0	GJA4	ENSG00000187513
15408.0	0.0	ZNF416	ENSG00000083817
15408.0	0.0	PPM1K	ENSG00000163644
15408.0	0.0	KREMEN1	ENSG00000183762
15408.0	0.0	EDA	ENSG00000158813
15408.0	0.0	ARL15	ENSG00000185305
15408.0	0.0	TATDN1	ENSG00000147687
15408.0	0.0	SDF4	ENSG00000078808
15408.0	0.0	AGBL2	ENSG00000165923
15408.0	0.0	KLF8	ENSG00000102349
15408.0	0.0	CAND1	ENSG00000111530
15408.0	0.0	CFAP161	ENSG00000156206
15408.0	0.0	ZNF385C	ENSG00000187595
15408.0	0.0	ZNF644	ENSG00000122482
15408.0	0.0	ARPIN	ENSG00000242498
15408.0	0.0	GPR183	ENSG00000169508
15408.0	0.0	GRINA	ENSG00000178719
15408.0	0.0	RAN	ENSG00000132341
15408.0	0.0	CRISPLD2	ENSG00000103196
15408.0	0.0	PNN	ENSG00000100941
15408.0	0.0	ID1	ENSG00000125968
15408.0	0.0	NHSL1	ENSG00000135540
