rank	score	gene_symbol	gene_identifier
1.0	0.0469	SMPD3	ENSG00000103056
2.0	0.0463	RUNX3	ENSG00000020633
3.0	0.046	RIT1	ENSG00000143622
4.0	0.0455	MED1	ENSG00000125686
6.0	0.0402	ERP44	ENSG00000023318
6.0	0.0402	TMEM53	ENSG00000126106
7.0	0.038	TENT5A	ENSG00000112773
8.0	0.0367	ACP2	ENSG00000134575
9.0	0.0364	CTSK	ENSG00000143387
10.0	0.0361	FLNB	ENSG00000136068
11.0	0.036	WWTR1	ENSG00000018408
12.0	0.0355	DLL1	ENSG00000198719
13.0	0.0347	ZMYM3	ENSG00000147130
14.0	0.0334	NKX3-2	ENSG00000109705
15.0	0.0328	HERC1	ENSG00000103657
16.0	0.0326	LMNA	ENSG00000160789
17.0	0.0325	FGFRL1	ENSG00000127418
18.0	0.0315	IHH	ENSG00000163501
19.0	0.0309	TGFB1	ENSG00000105329
20.0	0.0299	LPAR1	ENSG00000198121
21.0	0.0298	NPPC	ENSG00000163273
22.0	0.0274	TBX1	ENSG00000184058
25.0	0.0273	HGS	ENSG00000185359
25.0	0.0273	MAPRE2	ENSG00000166974
25.0	0.0273	TUBB	ENSG00000196230
27.0	0.0264	ALS2	ENSG00000003393
27.0	0.0264	BRCA1	ENSG00000012048
28.0	0.0263	MGP	ENSG00000111341
29.0	0.0252	SCUBE2	ENSG00000175356
30.0	0.0251	ADH5	ENSG00000197894
31.0	0.0247	AAAS	ENSG00000094914
32.0	0.0245	NAT8L	ENSG00000185818
33.0	0.0232	TYMS	ENSG00000176890
57.0	0.0228	ALDH3A2	ENSG00000072210
57.0	0.0228	CAPN15	ENSG00000103326
57.0	0.0228	DPP6	ENSG00000130226
57.0	0.0228	EIF3F	ENSG00000175390
57.0	0.0228	ERCC2	ENSG00000104884
57.0	0.0228	ERCC3	ENSG00000163161
57.0	0.0228	ERCC4	ENSG00000175595
57.0	0.0228	ERCC5	ENSG00000134899
57.0	0.0228	HMGB3	ENSG00000029993
57.0	0.0228	IKBKG	ENSG00000073009
57.0	0.0228	INPP5K	ENSG00000132376
57.0	0.0228	IQSEC1	ENSG00000144711
57.0	0.0228	KMT2B	ENSG00000272333
57.0	0.0228	LMNB1	ENSG00000113368
57.0	0.0228	LRP5	ENSG00000162337
57.0	0.0228	MAD2L2	ENSG00000116670
57.0	0.0228	NCAPD3	ENSG00000151503
57.0	0.0228	PHC1	ENSG00000111752
57.0	0.0228	PNPLA2	ENSG00000177666
57.0	0.0228	RNF168	ENSG00000163961
57.0	0.0228	TRAPPC10	ENSG00000160218
57.0	0.0228	TTI1	ENSG00000101407
57.0	0.0228	TTI2	ENSG00000129696
57.0	0.0228	WASHC4	ENSG00000136051
58.0	0.0226	PHF6	ENSG00000156531
61.0	0.0221	AHSG	ENSG00000145192
61.0	0.0221	ITGB6	ENSG00000115221
61.0	0.0221	LSS	ENSG00000160285
62.0	0.022	MYSM1	ENSG00000162601
63.0	0.0217	SUMF1	ENSG00000144455
64.0	0.0216	DLG1	ENSG00000075711
66.0	0.0214	SELENOI	ENSG00000138018
66.0	0.0214	LRRK1	ENSG00000154237
69.0	0.0213	CEP63	ENSG00000182923
69.0	0.0213	GRIN2A	ENSG00000183454
69.0	0.0213	NCAPD2	ENSG00000010292
70.0	0.0212	SPART	ENSG00000133104
71.0	0.0211	RBM28	ENSG00000106344
72.0	0.0206	CHRNA7	ENSG00000175344
73.0	0.0204	ARPC4	ENSG00000241553
74.0	0.0203	TERT	ENSG00000164362
75.0	0.0202	DPH2	ENSG00000132768
76.0	0.0201	SLC16A2	ENSG00000147100
77.0	0.02	MTR	ENSG00000116984
81.0	0.0197	GMPPA	ENSG00000144591
81.0	0.0197	TRAPPC11	ENSG00000168538
81.0	0.0197	TAF6	ENSG00000106290
81.0	0.0197	AGGF1	ENSG00000164252
82.0	0.0196	DTYMK	ENSG00000168393
89.0	0.0195	EIF2AK3	ENSG00000172071
89.0	0.0195	KCNA4	ENSG00000182255
89.0	0.0195	PQBP1	ENSG00000102103
89.0	0.0195	RAD50	ENSG00000113522
89.0	0.0195	TP53	ENSG00000141510
89.0	0.0195	TRIP13	ENSG00000071539
89.0	0.0195	PAK3	ENSG00000077264
92.0	0.0194	HOXA11	ENSG00000005073
92.0	0.0194	KYNU	ENSG00000115919
92.0	0.0194	BRCA2	ENSG00000139618
93.0	0.0193	NSUN2	ENSG00000037474
94.0	0.0192	SRRM2	ENSG00000167978
95.0	0.019	TRMT10A	ENSG00000145331
96.0	0.0189	COL1A1	ENSG00000108821
98.0	0.0188	SLC35C1	ENSG00000181830
98.0	0.0188	RFT1	ENSG00000163933
101.0	0.0187	IGF1R	ENSG00000140443
101.0	0.0187	KCNMA1	ENSG00000156113
101.0	0.0187	CCDC8	ENSG00000169515
102.0	0.0186	MEIS2	ENSG00000134138
106.0	0.0185	GJA1	ENSG00000152661
106.0	0.0185	GJB3	ENSG00000188910
106.0	0.0185	GJB4	ENSG00000189433
106.0	0.0185	KDSR	ENSG00000119537
108.0	0.0184	MSMO1	ENSG00000052802
108.0	0.0184	L1CAM	ENSG00000198910
110.0	0.0183	INTS8	ENSG00000164941
110.0	0.0183	PEX5	ENSG00000139197
111.0	0.0182	MTFMT	ENSG00000103707
115.0	0.0179	AFF2	ENSG00000155966
115.0	0.0179	TOP3A	ENSG00000177302
115.0	0.0179	UBR1	ENSG00000159459
115.0	0.0179	PAPPA2	ENSG00000116183
119.0	0.0176	MCPH1	ENSG00000147316
119.0	0.0176	RSPO2	ENSG00000147655
119.0	0.0176	SHH	ENSG00000164690
119.0	0.0176	STAG2	ENSG00000101972
121.0	0.0175	DIAPH1	ENSG00000131504
121.0	0.0175	AP1S2	ENSG00000182287
122.0	0.0174	NBN	ENSG00000104320
123.0	0.0173	ARSL	ENSG00000157399
126.0	0.0172	SET	ENSG00000119335
126.0	0.0172	IDS	ENSG00000010404
126.0	0.0172	SLC6A8	ENSG00000130821
127.0	0.0171	COX8A	ENSG00000176340
130.0	0.0169	AFF4	ENSG00000072364
130.0	0.0169	PISD	ENSG00000241878
130.0	0.0169	DNA2	ENSG00000138346
137.0	0.0168	HCCS	ENSG00000004961
137.0	0.0168	TUBB4A	ENSG00000104833
137.0	0.0168	ARX	ENSG00000004848
137.0	0.0168	AP4S1	ENSG00000100478
137.0	0.0168	EFL1	ENSG00000140598
137.0	0.0168	ATRX	ENSG00000085224
137.0	0.0168	HAAO	ENSG00000162882
139.0	0.0167	CTCF	ENSG00000102974
139.0	0.0167	FARSA	ENSG00000179115
141.0	0.0166	KIF11	ENSG00000138160
141.0	0.0166	MANF	ENSG00000145050
143.0	0.0165	HSPG2	ENSG00000142798
143.0	0.0165	STAT5B	ENSG00000173757
146.0	0.0164	ORC4	ENSG00000115947
146.0	0.0164	CENPT	ENSG00000102901
146.0	0.0164	QRICH1	ENSG00000198218
147.0	0.0163	LARP7	ENSG00000174720
148.0	0.0162	KIFBP	ENSG00000198954
150.0	0.0161	AARS1	ENSG00000090861
150.0	0.0161	GINS1	ENSG00000101003
151.0	0.016	RAB3GAP1	ENSG00000115839
163.0	0.0159	BMP15	ENSG00000130385
163.0	0.0159	BNC1	ENSG00000169594
163.0	0.0159	FSHR	ENSG00000170820
163.0	0.0159	MRPS22	ENSG00000175110
163.0	0.0159	MSH4	ENSG00000057468
163.0	0.0159	NR5A1	ENSG00000136931
163.0	0.0159	NUP107	ENSG00000111581
163.0	0.0159	POLR3H	ENSG00000100413
163.0	0.0159	PSMC3IP	ENSG00000131470
163.0	0.0159	SPIDR	ENSG00000164808
163.0	0.0159	ZSWIM7	ENSG00000214941
163.0	0.0159	ZBTB18	ENSG00000179456
164.0	0.0158	CDK5RAP2	ENSG00000136861
168.0	0.0157	DDB2	ENSG00000134574
168.0	0.0157	XPA	ENSG00000136936
168.0	0.0157	XPC	ENSG00000154767
168.0	0.0157	ANKLE2	ENSG00000176915
170.0	0.0156	CDT1	ENSG00000167513
170.0	0.0156	CBL	ENSG00000110395
172.0	0.0155	RAI1	ENSG00000108557
172.0	0.0155	TECPR2	ENSG00000196663
175.0	0.0154	DYRK1A	ENSG00000157540
175.0	0.0154	DKC1	ENSG00000130826
175.0	0.0154	BCOR	ENSG00000183337
178.0	0.0153	CAMK2B	ENSG00000058404
178.0	0.0153	COG5	ENSG00000164597
178.0	0.0153	SNAPC4	ENSG00000165684
184.0	0.0152	MRPS25	ENSG00000131368
184.0	0.0152	PCNA	ENSG00000132646
184.0	0.0152	P4HTM	ENSG00000178467
184.0	0.0152	SUCLA2	ENSG00000136143
184.0	0.0152	FBXO11	ENSG00000138081
184.0	0.0152	MVK	ENSG00000110921
186.0	0.0151	ARSB	ENSG00000113273
186.0	0.0151	GTF2E2	ENSG00000197265
189.0	0.015	FANCG	ENSG00000221829
189.0	0.015	CDC6	ENSG00000094804
189.0	0.015	CENPE	ENSG00000138778
201.0	0.0149	ATP5F1A	ENSG00000152234
201.0	0.0149	ATP5F1D	ENSG00000099624
201.0	0.0149	ATP5F1E	ENSG00000124172
201.0	0.0149	ATP5MK	ENSG00000173915
201.0	0.0149	ATPAF1	ENSG00000123472
201.0	0.0149	ATPAF2	ENSG00000171953
201.0	0.0149	MT-ATP6	ENSG00000198899
201.0	0.0149	MT-ATP8	ENSG00000228253
201.0	0.0149	TCF7L1	ENSG00000152284
201.0	0.0149	ALDH18A1	ENSG00000059573
201.0	0.0149	FOXD1	ENSG00000251493
201.0	0.0149	GALNT2	ENSG00000143641
205.0	0.0148	CKAP2L	ENSG00000169607
205.0	0.0148	INSR	ENSG00000171105
205.0	0.0148	HACE1	ENSG00000085382
205.0	0.0148	PHGDH	ENSG00000092621
215.0	0.0147	ATR	ENSG00000175054
215.0	0.0147	ATRIP	ENSG00000164053
215.0	0.0147	CENPJ	ENSG00000151849
215.0	0.0147	CEP152	ENSG00000103995
215.0	0.0147	NUP85	ENSG00000125450
215.0	0.0147	PCNT	ENSG00000160299
215.0	0.0147	PLK4	ENSG00000142731
215.0	0.0147	RBBP8	ENSG00000101773
215.0	0.0147	TRAIP	ENSG00000183763
215.0	0.0147	NALCN	ENSG00000102452
217.0	0.0146	WBP11	ENSG00000084463
217.0	0.0146	ANKRD11	ENSG00000167522
221.0	0.0145	POLRMT	ENSG00000099821
221.0	0.0145	CHKA	ENSG00000110721
221.0	0.0145	HCFC1	ENSG00000172534
221.0	0.0145	AASS	ENSG00000008311
225.0	0.0144	ATM	ENSG00000149311
225.0	0.0144	TAF13	ENSG00000197780
225.0	0.0144	NF1	ENSG00000196712
225.0	0.0144	RAB3GAP2	ENSG00000118873
228.0	0.0143	SIL1	ENSG00000120725
228.0	0.0143	DNAJC21	ENSG00000168724
228.0	0.0143	THUMPD1	ENSG00000066654
232.0	0.0142	KAT6B	ENSG00000156650
232.0	0.0142	OFD1	ENSG00000046651
232.0	0.0142	TBX6	ENSG00000149922
232.0	0.0142	SRCAP	ENSG00000080603
233.0	0.0141	RLIM	ENSG00000131263
284.0	0.014	ACTL6B	ENSG00000077080
284.0	0.014	AP3B2	ENSG00000103723
284.0	0.014	ARV1	ENSG00000173409
284.0	0.014	ATP1A2	ENSG00000018625
284.0	0.014	ATP1A3	ENSG00000105409
284.0	0.014	ATP6V1A	ENSG00000114573
284.0	0.014	CACNA1A	ENSG00000141837
284.0	0.014	CACNA1B	ENSG00000148408
284.0	0.014	CACNA2D1	ENSG00000153956
284.0	0.014	CDK19	ENSG00000155111
284.0	0.014	CELF2	ENSG00000048740
284.0	0.014	CLTC	ENSG00000141367
284.0	0.014	CNKSR2	ENSG00000149970
284.0	0.014	CYFIP2	ENSG00000055163
284.0	0.014	DALRD3	ENSG00000178149
284.0	0.014	DHDDS	ENSG00000117682
284.0	0.014	DNM1	ENSG00000106976
284.0	0.014	EEF1A2	ENSG00000101210
284.0	0.014	FBXO28	ENSG00000143756
284.0	0.014	FGF12	ENSG00000114279
284.0	0.014	FGF13	ENSG00000129682
284.0	0.014	FOXG1	ENSG00000176165
284.0	0.014	FZR1	ENSG00000105325
284.0	0.014	GABBR2	ENSG00000136928
284.0	0.014	GABRA2	ENSG00000151834
284.0	0.014	GABRA5	ENSG00000186297
284.0	0.014	GABRB2	ENSG00000145864
284.0	0.014	GABRG2	ENSG00000113327
284.0	0.014	GRIN2D	ENSG00000105464
284.0	0.014	HCN1	ENSG00000164588
284.0	0.014	KCNA2	ENSG00000177301
284.0	0.014	KCNB1	ENSG00000158445
284.0	0.014	NECAP1	ENSG00000089818
284.0	0.014	NTRK2	ENSG00000148053
284.0	0.014	NUS1	ENSG00000153989
284.0	0.014	PACS2	ENSG00000179364
284.0	0.014	PARS2	ENSG00000162396
284.0	0.014	PPP3CA	ENSG00000138814
284.0	0.014	SCN3A	ENSG00000153253
284.0	0.014	SCN8A	ENSG00000196876
284.0	0.014	SLC13A5	ENSG00000141485
284.0	0.014	SLC1A2	ENSG00000110436
284.0	0.014	SYNGAP1	ENSG00000197283
284.0	0.014	SYNJ1	ENSG00000159082
284.0	0.014	SZT2	ENSG00000198198
284.0	0.014	TRAK1	ENSG00000182606
284.0	0.014	UBA5	ENSG00000081307
284.0	0.014	WWOX	ENSG00000186153
284.0	0.014	YWHAG	ENSG00000170027
284.0	0.014	MBD5	ENSG00000204406
284.0	0.014	RPS23	ENSG00000186468
290.0	0.0139	RECQL	ENSG00000004700
290.0	0.0139	TLK2	ENSG00000146872
290.0	0.0139	CDK10	ENSG00000185324
290.0	0.0139	TP53RK	ENSG00000172315
290.0	0.0139	PGAP2	ENSG00000148985
290.0	0.0139	EBF3	ENSG00000108001
300.0	0.0138	SNRPB	ENSG00000125835
300.0	0.0138	KIF1C	ENSG00000129250
300.0	0.0138	DLL3	ENSG00000090932
300.0	0.0138	HES7	ENSG00000179111
300.0	0.0138	LFNG	ENSG00000106003
300.0	0.0138	MESP2	ENSG00000188095
300.0	0.0138	RIPPLY2	ENSG00000203877
300.0	0.0138	EPRS1	ENSG00000136628
300.0	0.0138	TBC1D23	ENSG00000036054
300.0	0.0138	PNPLA6	ENSG00000032444
305.0	0.0137	SLC2A1	ENSG00000117394
305.0	0.0137	DOLK	ENSG00000175283
305.0	0.0137	LGI3	ENSG00000168481
305.0	0.0137	SMOC1	ENSG00000198732
305.0	0.0137	SIN3A	ENSG00000169375
310.0	0.0136	NKX2-1	ENSG00000136352
310.0	0.0136	BCAS3	ENSG00000141376
310.0	0.0136	NIN	ENSG00000100503
310.0	0.0136	SOS1	ENSG00000115904
310.0	0.0136	NSD2	ENSG00000109685
315.0	0.0135	AFG2A	ENSG00000145375
315.0	0.0135	MYO18B	ENSG00000133454
315.0	0.0135	KNL1	ENSG00000137812
315.0	0.0135	ORC6	ENSG00000091651
315.0	0.0135	ANKRD17	ENSG00000132466
317.0	0.0134	VPS53	ENSG00000141252
317.0	0.0134	DYM	ENSG00000141627
325.0	0.0133	ARCN1	ENSG00000095139
325.0	0.0133	MGAT2	ENSG00000168282
325.0	0.0133	TINF2	ENSG00000092330
325.0	0.0133	HMGA2	ENSG00000149948
325.0	0.0133	LEMD3	ENSG00000174106
325.0	0.0133	SNAP29	ENSG00000099940
325.0	0.0133	MED12	ENSG00000184634
325.0	0.0133	ATP11A	ENSG00000068650
334.0	0.0132	HHAT	ENSG00000054392
334.0	0.0132	MCM4	ENSG00000104738
334.0	0.0132	AUTS2	ENSG00000158321
334.0	0.0132	BRPF1	ENSG00000156983
334.0	0.0132	ZC4H2	ENSG00000126970
334.0	0.0132	BDNF	ENSG00000176697
334.0	0.0132	PAX6	ENSG00000007372
334.0	0.0132	WT1	ENSG00000184937
334.0	0.0132	TRAF7	ENSG00000131653
338.0	0.0131	SMPD4	ENSG00000136699
338.0	0.0131	TUBGCP6	ENSG00000128159
338.0	0.0131	PUF60	ENSG00000179950
338.0	0.0131	TUBGCP4	ENSG00000137822
359.0	0.013	DSG1	ENSG00000134760
359.0	0.013	EIF2S3	ENSG00000130741
359.0	0.013	DNMT3A	ENSG00000119772
359.0	0.013	COX7B	ENSG00000131174
359.0	0.013	ASPM	ENSG00000066279
359.0	0.013	CDK6	ENSG00000105810
359.0	0.013	CEP135	ENSG00000174799
359.0	0.013	CIT	ENSG00000122966
359.0	0.013	COPB2	ENSG00000184432
359.0	0.013	KIF14	ENSG00000118193
359.0	0.013	MCM7	ENSG00000166508
359.0	0.013	METTL5	ENSG00000138382
359.0	0.013	MFSD2A	ENSG00000168389
359.0	0.013	NUP37	ENSG00000075188
359.0	0.013	PYCR2	ENSG00000143811
359.0	0.013	SARS1	ENSG00000031698
359.0	0.013	SASS6	ENSG00000156876
359.0	0.013	STIL	ENSG00000123473
359.0	0.013	TRAPPC14	ENSG00000146826
359.0	0.013	WARS1	ENSG00000140105
359.0	0.013	WDR62	ENSG00000075702
368.0	0.0129	MPV17	ENSG00000115204
368.0	0.0129	FGFR3	ENSG00000068078
368.0	0.0129	FBLN5	ENSG00000140092
368.0	0.0129	GUSB	ENSG00000169919
368.0	0.0129	CTNND2	ENSG00000169862
368.0	0.0129	SEMA5A	ENSG00000112902
368.0	0.0129	IGF1	ENSG00000017427
368.0	0.0129	SMG8	ENSG00000167447
368.0	0.0129	GRIA4	ENSG00000152578
380.0	0.0128	GON7	ENSG00000170270
380.0	0.0128	LAGE3	ENSG00000196976
380.0	0.0128	NUP133	ENSG00000069248
380.0	0.0128	OSGEP	ENSG00000092094
380.0	0.0128	TPRKB	ENSG00000144034
380.0	0.0128	WDR4	ENSG00000160193
380.0	0.0128	WDR73	ENSG00000177082
380.0	0.0128	YRDC	ENSG00000196449
380.0	0.0128	EXT1	ENSG00000182197
380.0	0.0128	RAD21	ENSG00000164754
380.0	0.0128	TRPS1	ENSG00000104447
380.0	0.0128	PPP1R15B	ENSG00000158615
381.0	0.0127	AP4E1	ENSG00000081014
389.0	0.0126	POLA1	ENSG00000101868
389.0	0.0126	TBCE	ENSG00000116957
389.0	0.0126	AGA	ENSG00000038002
389.0	0.0126	ZPR1	ENSG00000109917
389.0	0.0126	POLR3GL	ENSG00000121851
389.0	0.0126	KMT2A	ENSG00000118058
389.0	0.0126	KAT6A	ENSG00000083168
389.0	0.0126	MORC2	ENSG00000133422
397.0	0.0124	TREX1	ENSG00000213689
397.0	0.0124	TBX4	ENSG00000121075
397.0	0.0124	RNPC3	ENSG00000185946
397.0	0.0124	EHMT1	ENSG00000181090
397.0	0.0124	KMT2C	ENSG00000055609
397.0	0.0124	SMAD4	ENSG00000141646
397.0	0.0124	USP7	ENSG00000187555
397.0	0.0124	GORAB	ENSG00000120370
405.0	0.0123	CLPP	ENSG00000125656
405.0	0.0123	DYNC1I2	ENSG00000077380
405.0	0.0123	HEATR3	ENSG00000155393
405.0	0.0123	SMARCE1	ENSG00000073584
405.0	0.0123	BUB1	ENSG00000169679
405.0	0.0123	BUB1B	ENSG00000156970
405.0	0.0123	BUB3	ENSG00000154473
405.0	0.0123	CEP57	ENSG00000166037
410.0	0.0122	RTTN	ENSG00000176225
410.0	0.0122	ATP7A	ENSG00000165240
410.0	0.0122	CAMK2G	ENSG00000148660
410.0	0.0122	SYNE1	ENSG00000131018
410.0	0.0122	STAG1	ENSG00000118007
414.0	0.0121	MECP2	ENSG00000169057
414.0	0.0121	BRAF	ENSG00000157764
414.0	0.0121	CRIPT	ENSG00000119878
414.0	0.0121	ESCO2	ENSG00000171320
422.0	0.012	CNOT1	ENSG00000125107
422.0	0.012	FRMD4A	ENSG00000151474
422.0	0.012	FANCA	ENSG00000187741
422.0	0.012	FANCE	ENSG00000112039
422.0	0.012	BPTF	ENSG00000171634
422.0	0.012	AP4B1	ENSG00000134262
422.0	0.012	RAP1GDS1	ENSG00000138698
422.0	0.012	SMARCA2	ENSG00000080503
430.0	0.0119	AFF3	ENSG00000144218
430.0	0.0119	IARS1	ENSG00000196305
430.0	0.0119	COG4	ENSG00000103051
430.0	0.0119	FANCI	ENSG00000140525
430.0	0.0119	FBXL3	ENSG00000005812
430.0	0.0119	SMARCA4	ENSG00000127616
430.0	0.0119	EFEMP2	ENSG00000172638
430.0	0.0119	LTBP1	ENSG00000049323
436.0	0.0118	PIGP	ENSG00000185808
436.0	0.0118	EP300	ENSG00000100393
436.0	0.0118	B3GLCT	ENSG00000187676
436.0	0.0118	MBTPS2	ENSG00000012174
436.0	0.0118	STT3A	ENSG00000134910
436.0	0.0118	MYH3	ENSG00000109063
441.0	0.0117	PLP1	ENSG00000123560
441.0	0.0117	KIF5C	ENSG00000168280
441.0	0.0117	BCL11A	ENSG00000119866
441.0	0.0117	KDM6A	ENSG00000147050
441.0	0.0117	GNPAT	ENSG00000116906
448.0	0.0116	HOXA13	ENSG00000106031
448.0	0.0116	AXIN1	ENSG00000103126
448.0	0.0116	ACD	ENSG00000102977
448.0	0.0116	PARN	ENSG00000140694
448.0	0.0116	RTEL1	ENSG00000258366
448.0	0.0116	THOC2	ENSG00000125676
448.0	0.0116	C2orf69	ENSG00000178074
453.0	0.0115	SLX4	ENSG00000188827
453.0	0.0115	H4C3	ENSG00000197061
453.0	0.0115	NDE1	ENSG00000072864
453.0	0.0115	KMT2D	ENSG00000167548
453.0	0.0115	RB1	ENSG00000139687
457.0	0.0114	ZEB2	ENSG00000169554
457.0	0.0114	KDM5C	ENSG00000126012
457.0	0.0114	MED13L	ENSG00000123066
457.0	0.0114	DYNC2I1	ENSG00000126870
472.0	0.0113	CASZ1	ENSG00000130940
472.0	0.0113	GABRD	ENSG00000187730
472.0	0.0113	KCNAB2	ENSG00000069424
472.0	0.0113	LUZP1	ENSG00000169641
472.0	0.0113	MMP23B	ENSG00000189409
472.0	0.0113	PDPN	ENSG00000162493
472.0	0.0113	PRDM16	ENSG00000142611
472.0	0.0113	PRKCZ	ENSG00000067606
472.0	0.0113	RERE	ENSG00000142599
472.0	0.0113	SKI	ENSG00000157933
472.0	0.0113	SPEN	ENSG00000065526
472.0	0.0113	UBE4B	ENSG00000130939
472.0	0.0113	XRCC4	ENSG00000152422
472.0	0.0113	MTHFS	ENSG00000136371
472.0	0.0113	AP4M1	ENSG00000221838
485.0	0.0112	PEX19	ENSG00000162735
485.0	0.0112	SDHA	ENSG00000073578
485.0	0.0112	SDHAF1	ENSG00000205138
485.0	0.0112	SDHB	ENSG00000117118
485.0	0.0112	SDHD	ENSG00000204370
485.0	0.0112	FAM50A	ENSG00000071859
485.0	0.0112	PHEX	ENSG00000102174
485.0	0.0112	RSPRY1	ENSG00000159579
485.0	0.0112	HDAC4	ENSG00000068024
485.0	0.0112	EMG1	ENSG00000126749
485.0	0.0112	SMARCB1	ENSG00000099956
485.0	0.0112	NANS	ENSG00000095380
485.0	0.0112	NAA10	ENSG00000102030
497.0	0.0111	DACT1	ENSG00000165617
497.0	0.0111	SLC35A2	ENSG00000102100
497.0	0.0111	CDK13	ENSG00000065883
497.0	0.0111	KANSL1	ENSG00000120071
497.0	0.0111	EVX2	ENSG00000174279
497.0	0.0111	OSTM1	ENSG00000081087
497.0	0.0111	FUT8	ENSG00000033170
497.0	0.0111	POLE	ENSG00000177084
497.0	0.0111	ASXL3	ENSG00000141431
497.0	0.0111	FANCC	ENSG00000158169
497.0	0.0111	XYLT1	ENSG00000103489
497.0	0.0111	RAF1	ENSG00000132155
504.0	0.011	TAF4	ENSG00000130699
504.0	0.011	EFTUD2	ENSG00000108883
504.0	0.011	PGAP1	ENSG00000197121
504.0	0.011	LEMD2	ENSG00000161904
504.0	0.011	STAC3	ENSG00000185482
504.0	0.011	UBE3B	ENSG00000151148
504.0	0.011	PEX7	ENSG00000112357
515.0	0.0109	ERCC6	ENSG00000225830
515.0	0.0109	ERCC6-PGBD3	ENSG00000258838
515.0	0.0109	SOX2	ENSG00000181449
515.0	0.0109	ERCC1	ENSG00000012061
515.0	0.0109	ADNP	ENSG00000101126
515.0	0.0109	FMN1	ENSG00000248905
515.0	0.0109	RPS6KA3	ENSG00000177189
515.0	0.0109	CTDP1	ENSG00000060069
515.0	0.0109	ROR2	ENSG00000169071
515.0	0.0109	COG7	ENSG00000168434
515.0	0.0109	CUL4B	ENSG00000158290
561.0	0.0108	EXOSC5	ENSG00000077348
561.0	0.0108	SMO	ENSG00000128602
561.0	0.0108	ADA2	ENSG00000093072
561.0	0.0108	GATA1	ENSG00000102145
561.0	0.0108	RPL11	ENSG00000142676
561.0	0.0108	RPL15	ENSG00000174748
561.0	0.0108	RPL18	ENSG00000063177
561.0	0.0108	RPL26	ENSG00000161970
561.0	0.0108	RPL27	ENSG00000131469
561.0	0.0108	RPL31	ENSG00000071082
561.0	0.0108	RPL35	ENSG00000136942
561.0	0.0108	RPL35A	ENSG00000182899
561.0	0.0108	RPL5	ENSG00000122406
561.0	0.0108	RPL8	ENSG00000161016
561.0	0.0108	RPL9	ENSG00000163682
561.0	0.0108	RPS10	ENSG00000124614
561.0	0.0108	RPS15A	ENSG00000134419
561.0	0.0108	RPS17	ENSG00000184779
561.0	0.0108	RPS17L	ENSG00000182774
561.0	0.0108	RPS19	ENSG00000105372
561.0	0.0108	RPS20	ENSG00000008988
561.0	0.0108	RPS24	ENSG00000138326
561.0	0.0108	RPS26	ENSG00000197728
561.0	0.0108	RPS27	ENSG00000177954
561.0	0.0108	RPS28	ENSG00000233927
561.0	0.0108	RPS29	ENSG00000213741
561.0	0.0108	RPS7	ENSG00000171863
561.0	0.0108	TSR2	ENSG00000158526
561.0	0.0108	DMP1	ENSG00000152592
561.0	0.0108	ENPP1	ENSG00000197594
561.0	0.0108	YME1L1	ENSG00000136758
561.0	0.0108	TELO2	ENSG00000100726
561.0	0.0108	CDON	ENSG00000064309
561.0	0.0108	CRIPTO	ENSG00000241186
561.0	0.0108	DISP1	ENSG00000154309
561.0	0.0108	FGF8	ENSG00000107831
561.0	0.0108	FGFR1	ENSG00000077782
561.0	0.0108	FOXH1	ENSG00000160973
561.0	0.0108	GAS1	ENSG00000180447
561.0	0.0108	GLI2	ENSG00000074047
561.0	0.0108	NODAL	ENSG00000156574
561.0	0.0108	PTCH1	ENSG00000185920
561.0	0.0108	SIX3	ENSG00000138083
561.0	0.0108	SUFU	ENSG00000107882
561.0	0.0108	TGIF1	ENSG00000177426
561.0	0.0108	ZIC2	ENSG00000043355
566.0	0.0107	CTNNB1	ENSG00000168036
566.0	0.0107	PLAG1	ENSG00000181690
566.0	0.0107	DPYS	ENSG00000147647
566.0	0.0107	FARSB	ENSG00000116120
566.0	0.0107	PIGA	ENSG00000165195
573.0	0.0106	TOMM7	ENSG00000196683
573.0	0.0106	TRIM8	ENSG00000171206
573.0	0.0106	CYB5R3	ENSG00000100243
573.0	0.0106	LINS1	ENSG00000140471
573.0	0.0106	NHEJ1	ENSG00000187736
573.0	0.0106	POLH	ENSG00000170734
573.0	0.0106	SPR	ENSG00000116096
577.0	0.0105	ARID1A	ENSG00000117713
577.0	0.0105	EBP	ENSG00000147155
577.0	0.0105	PUS7	ENSG00000091127
577.0	0.0105	ZDHHC16	ENSG00000171307
583.0	0.0104	SATB2	ENSG00000119042
583.0	0.0104	GRIK2	ENSG00000164418
583.0	0.0104	ATP6V0A2	ENSG00000185344
583.0	0.0104	PPFIBP1	ENSG00000110841
583.0	0.0104	ACTB	ENSG00000075624
583.0	0.0104	CNTNAP1	ENSG00000108797
590.0	0.0103	ELN	ENSG00000049540
590.0	0.0103	DHCR24	ENSG00000116133
590.0	0.0103	PCDH12	ENSG00000113555
590.0	0.0103	TOR1A	ENSG00000136827
590.0	0.0103	TNFRSF11A	ENSG00000141655
590.0	0.0103	TNFRSF11B	ENSG00000164761
590.0	0.0103	PIGH	ENSG00000100564
599.0	0.0102	DGUOK	ENSG00000114956
599.0	0.0102	NDUFB11	ENSG00000147123
599.0	0.0102	CHRNG	ENSG00000196811
599.0	0.0102	LZTS2	ENSG00000107816
599.0	0.0102	PDGFRA	ENSG00000134853
599.0	0.0102	ROBO2	ENSG00000185008
599.0	0.0102	TBC1D24	ENSG00000162065
599.0	0.0102	TBL1XR1	ENSG00000177565
599.0	0.0102	NSMCE2	ENSG00000156831
614.0	0.0101	GOT2	ENSG00000125166
614.0	0.0101	HOXD13	ENSG00000128714
614.0	0.0101	PTHLH	ENSG00000087494
614.0	0.0101	WLS	ENSG00000116729
614.0	0.0101	GLE1	ENSG00000119392
614.0	0.0101	SMC1A	ENSG00000072501
614.0	0.0101	DEAF1	ENSG00000177030
614.0	0.0101	FLII	ENSG00000177731
614.0	0.0101	IQSEC2	ENSG00000124313
614.0	0.0101	ADARB1	ENSG00000197381
614.0	0.0101	UNC80	ENSG00000144406
614.0	0.0101	POP1	ENSG00000104356
614.0	0.0101	ERCC8	ENSG00000049167
614.0	0.0101	UBE3A	ENSG00000114062
614.0	0.0101	MACF1	ENSG00000127603
624.0	0.01	PRRX1	ENSG00000116132
624.0	0.01	ZNF148	ENSG00000163848
624.0	0.01	CHD7	ENSG00000171316
624.0	0.01	SEMA3E	ENSG00000170381
624.0	0.01	NCAPG2	ENSG00000146918
624.0	0.01	RPS3	ENSG00000149273
624.0	0.01	LIG4	ENSG00000174405
624.0	0.01	PAH	ENSG00000171759
624.0	0.01	SUCLG1	ENSG00000163541
624.0	0.01	DPYD	ENSG00000188641
634.0	0.0099	TRRAP	ENSG00000196367
634.0	0.0099	RNF113A	ENSG00000125352
634.0	0.0099	COG1	ENSG00000166685
634.0	0.0099	CARS1	ENSG00000110619
634.0	0.0099	HUWE1	ENSG00000086758
634.0	0.0099	GRM7	ENSG00000196277
634.0	0.0099	MYMK	ENSG00000187616
634.0	0.0099	MRAS	ENSG00000158186
634.0	0.0099	SLC39A4	ENSG00000147804
634.0	0.0099	GLYCTK	ENSG00000168237
645.0	0.0098	ADAT3	ENSG00000213638
645.0	0.0098	FANCF	ENSG00000183161
645.0	0.0098	ADAR	ENSG00000160710
645.0	0.0098	IFIH1	ENSG00000115267
645.0	0.0098	LSM11	ENSG00000155858
645.0	0.0098	RNASEH2A	ENSG00000104889
645.0	0.0098	RNASEH2B	ENSG00000136104
645.0	0.0098	RNASEH2C	ENSG00000172922
645.0	0.0098	SAMHD1	ENSG00000101347
645.0	0.0098	RNF2	ENSG00000121481
645.0	0.0098	AP1B1	ENSG00000100280
659.0	0.0097	CLPB	ENSG00000162129
659.0	0.0097	OTUD6B	ENSG00000155100
659.0	0.0097	HOXD12	ENSG00000170178
659.0	0.0097	ARID1B	ENSG00000049618
659.0	0.0097	PGAP3	ENSG00000161395
659.0	0.0097	POC1A	ENSG00000164087
659.0	0.0097	H4C5	ENSG00000198518
659.0	0.0097	HRAS	ENSG00000174775
659.0	0.0097	KRAS	ENSG00000133703
659.0	0.0097	NRAS	ENSG00000213281
659.0	0.0097	OTUD5	ENSG00000068308
659.0	0.0097	SCYL2	ENSG00000136021
659.0	0.0097	EIF4A2	ENSG00000156976
659.0	0.0097	FOXD2	ENSG00000186564
669.0	0.0096	LIAS	ENSG00000121897
669.0	0.0096	G6PC3	ENSG00000141349
669.0	0.0096	SPRED1	ENSG00000166068
669.0	0.0096	RAB39B	ENSG00000155961
669.0	0.0096	GPT2	ENSG00000166123
669.0	0.0096	NDUFS1	ENSG00000023228
669.0	0.0096	SHOC2	ENSG00000108061
669.0	0.0096	SATB1	ENSG00000182568
669.0	0.0096	TMEM165	ENSG00000134851
669.0	0.0096	PPM1D	ENSG00000170836
673.0	0.0095	PRKDC	ENSG00000253729
673.0	0.0095	UFSP2	ENSG00000109775
673.0	0.0095	GMNN	ENSG00000112312
673.0	0.0095	SPTSSA	ENSG00000165389
691.0	0.0094	IL6ST	ENSG00000134352
691.0	0.0094	PRR12	ENSG00000126464
691.0	0.0094	ARVCF	ENSG00000099889
691.0	0.0094	COMT	ENSG00000093010
691.0	0.0094	GP1BB	ENSG00000203618
691.0	0.0094	HIRA	ENSG00000100084
691.0	0.0094	JMJD1C	ENSG00000171988
691.0	0.0094	RREB1	ENSG00000124782
691.0	0.0094	SEC24C	ENSG00000176986
691.0	0.0094	UFD1	ENSG00000070010
691.0	0.0094	MOCS1	ENSG00000124615
691.0	0.0094	RAB18	ENSG00000099246
691.0	0.0094	SOX11	ENSG00000176887
691.0	0.0094	CD96	ENSG00000153283
691.0	0.0094	FRAS1	ENSG00000138759
691.0	0.0094	FREM2	ENSG00000150893
691.0	0.0094	GRIP1	ENSG00000155974
691.0	0.0094	NPR2	ENSG00000159899
707.0	0.0093	HDAC8	ENSG00000147099
707.0	0.0093	H3-3B	ENSG00000132475
707.0	0.0093	GDF5	ENSG00000125965
707.0	0.0093	ELAC2	ENSG00000006744
707.0	0.0093	RNF216	ENSG00000011275
707.0	0.0093	DHCR7	ENSG00000172893
707.0	0.0093	DUOX1	ENSG00000137857
707.0	0.0093	DUOX2	ENSG00000140279
707.0	0.0093	KIF7	ENSG00000166813
707.0	0.0093	PLCH1	ENSG00000114805
707.0	0.0093	ALG13	ENSG00000101901
707.0	0.0093	KARS1	ENSG00000065427
707.0	0.0093	MAPKAPK5	ENSG00000089022
707.0	0.0093	CASK	ENSG00000147044
707.0	0.0093	ALG2	ENSG00000119523
707.0	0.0093	MRPS28	ENSG00000147586
715.0	0.0092	SHANK3	ENSG00000251322
715.0	0.0092	COPB1	ENSG00000129083
715.0	0.0092	RAD51	ENSG00000051180
715.0	0.0092	PSPH	ENSG00000146733
715.0	0.0092	TAF2	ENSG00000064313
715.0	0.0092	RPS3A	ENSG00000145425
715.0	0.0092	FAR1	ENSG00000197601
715.0	0.0092	EXTL3	ENSG00000012232
723.0	0.0091	MKS1	ENSG00000011143
723.0	0.0091	SHMT2	ENSG00000182199
723.0	0.0091	BRF1	ENSG00000185024
723.0	0.0091	TRIP11	ENSG00000100815
723.0	0.0091	DONSON	ENSG00000159147
723.0	0.0091	SLC25A12	ENSG00000115840
723.0	0.0091	KCNJ1	ENSG00000151704
723.0	0.0091	ASAH1	ENSG00000104763
747.0	0.009	GTPBP2	ENSG00000172432
747.0	0.009	HBA1	ENSG00000206172
747.0	0.009	HBA2	ENSG00000188536
747.0	0.009	PEX1	ENSG00000127980
747.0	0.009	PEX10	ENSG00000157911
747.0	0.009	PEX11B	ENSG00000131779
747.0	0.009	PEX12	ENSG00000108733
747.0	0.009	PEX13	ENSG00000162928
747.0	0.009	PEX14	ENSG00000142655
747.0	0.009	PEX16	ENSG00000121680
747.0	0.009	PEX2	ENSG00000164751
747.0	0.009	PEX26	ENSG00000215193
747.0	0.009	PEX3	ENSG00000034693
747.0	0.009	PEX6	ENSG00000124587
747.0	0.009	CTNNA2	ENSG00000066032
747.0	0.009	ASH1L	ENSG00000116539
747.0	0.009	RPL38	ENSG00000172809
747.0	0.009	CUL3	ENSG00000036257
747.0	0.009	APC	ENSG00000134982
747.0	0.009	SMC3	ENSG00000108055
747.0	0.009	DDX59	ENSG00000118197
747.0	0.009	MOCS2	ENSG00000164172
747.0	0.009	PTF1A	ENSG00000168267
747.0	0.009	EXOSC9	ENSG00000123737
764.0	0.0089	CAMK2A	ENSG00000070808
764.0	0.0089	CDK5	ENSG00000164885
764.0	0.0089	ACHE	ENSG00000087085
764.0	0.0089	TMEM70	ENSG00000175606
764.0	0.0089	EXT2	ENSG00000151348
764.0	0.0089	RPL10	ENSG00000147403
764.0	0.0089	DCHS1	ENSG00000166341
764.0	0.0089	FAT4	ENSG00000196159
764.0	0.0089	MYCN	ENSG00000134323
764.0	0.0089	ZMYM2	ENSG00000121741
764.0	0.0089	PRMT7	ENSG00000132600
764.0	0.0089	VDR	ENSG00000111424
764.0	0.0089	CLP1	ENSG00000172409
764.0	0.0089	MAPK8IP3	ENSG00000138834
764.0	0.0089	PRIM1	ENSG00000198056
764.0	0.0089	TBC1D20	ENSG00000125875
764.0	0.0089	ENTPD1	ENSG00000138185
776.0	0.0088	TASP1	ENSG00000089123
776.0	0.0088	UFM1	ENSG00000120686
776.0	0.0088	DNM1L	ENSG00000087470
776.0	0.0088	CEP290	ENSG00000198707
776.0	0.0088	MYOG	ENSG00000122180
776.0	0.0088	SLC30A9	ENSG00000014824
776.0	0.0088	PHF8	ENSG00000172943
776.0	0.0088	GMPPB	ENSG00000173540
776.0	0.0088	MCTP2	ENSG00000140563
776.0	0.0088	FOXC1	ENSG00000054598
776.0	0.0088	DDHD2	ENSG00000085788
776.0	0.0088	DLX5	ENSG00000105880
809.0	0.0087	NLRP3	ENSG00000162711
809.0	0.0087	BRIP1	ENSG00000136492
809.0	0.0087	FANCB	ENSG00000181544
809.0	0.0087	FANCD2	ENSG00000144554
809.0	0.0087	FANCL	ENSG00000115392
809.0	0.0087	FANCM	ENSG00000187790
809.0	0.0087	PALB2	ENSG00000083093
809.0	0.0087	RAD51C	ENSG00000108384
809.0	0.0087	RFWD3	ENSG00000168411
809.0	0.0087	UBE2T	ENSG00000077152
809.0	0.0087	XRCC2	ENSG00000196584
809.0	0.0087	ASXL1	ENSG00000171456
809.0	0.0087	CPLX1	ENSG00000168993
809.0	0.0087	CTBP1	ENSG00000159692
809.0	0.0087	LETM1	ENSG00000168924
809.0	0.0087	NELFA	ENSG00000185049
809.0	0.0087	PIGG	ENSG00000174227
809.0	0.0087	ACADS	ENSG00000122971
809.0	0.0087	CDCA7	ENSG00000144354
809.0	0.0087	COX11	ENSG00000166260
809.0	0.0087	GATA6	ENSG00000141448
809.0	0.0087	CLCN7	ENSG00000103249
809.0	0.0087	SCUBE3	ENSG00000146197
809.0	0.0087	TMEM163	ENSG00000152128
809.0	0.0087	HNRNPH2	ENSG00000126945
809.0	0.0087	SLC26A2	ENSG00000155850
809.0	0.0087	ADAMTS10	ENSG00000142303
809.0	0.0087	ACER3	ENSG00000078124
809.0	0.0087	MESD	ENSG00000117899
809.0	0.0087	POGZ	ENSG00000143442
809.0	0.0087	HNRNPH1	ENSG00000169045
809.0	0.0087	COL9A2	ENSG00000049089
809.0	0.0087	PTRH2	ENSG00000141378
823.0	0.0086	NSDHL	ENSG00000147383
823.0	0.0086	PCDHGC4	ENSG00000242419
823.0	0.0086	TCF4	ENSG00000196628
823.0	0.0086	MID1	ENSG00000101871
823.0	0.0086	IGF2	ENSG00000167244
823.0	0.0086	GJB6	ENSG00000121742
823.0	0.0086	VPS13B	ENSG00000132549
823.0	0.0086	ARID2	ENSG00000189079
823.0	0.0086	DPF2	ENSG00000133884
823.0	0.0086	SMARCC2	ENSG00000139613
823.0	0.0086	SMARCD1	ENSG00000066117
823.0	0.0086	SOX4	ENSG00000124766
823.0	0.0086	BICRA	ENSG00000063169
823.0	0.0086	BMP4	ENSG00000125378
837.0	0.0085	DDX3X	ENSG00000215301
837.0	0.0085	ARHGEF2	ENSG00000116584
837.0	0.0085	SLC1A4	ENSG00000115902
837.0	0.0085	TBCD	ENSG00000141556
837.0	0.0085	PCGF2	ENSG00000056661
837.0	0.0085	PTEN	ENSG00000171862
837.0	0.0085	SBF1	ENSG00000100241
837.0	0.0085	LHX4	ENSG00000121454
837.0	0.0085	ASNS	ENSG00000070669
837.0	0.0085	DDX11	ENSG00000013573
837.0	0.0085	HIVEP2	ENSG00000010818
837.0	0.0085	PIEZO2	ENSG00000154864
837.0	0.0085	NRCAM	ENSG00000091129
837.0	0.0085	GPKOW	ENSG00000068394
852.0	0.0084	CCM2	ENSG00000136280
852.0	0.0084	FAM20C	ENSG00000177706
852.0	0.0084	TRAPPC6B	ENSG00000182400
852.0	0.0084	POLR3K	ENSG00000161980
852.0	0.0084	UFC1	ENSG00000143222
852.0	0.0084	BLM	ENSG00000197299
852.0	0.0084	MPLKIP	ENSG00000168303
852.0	0.0084	IPO8	ENSG00000133704
852.0	0.0084	MAN1B1	ENSG00000177239
852.0	0.0084	CYP27B1	ENSG00000111012
852.0	0.0084	CYP2R1	ENSG00000186104
852.0	0.0084	MDGA2	ENSG00000139915
852.0	0.0084	SMG9	ENSG00000105771
852.0	0.0084	CCDC47	ENSG00000108588
852.0	0.0084	SMC5	ENSG00000198887
867.0	0.0083	ACAN	ENSG00000157766
867.0	0.0083	NACC1	ENSG00000160877
867.0	0.0083	SLC6A9	ENSG00000196517
867.0	0.0083	LZTR1	ENSG00000099949
867.0	0.0083	VPS11	ENSG00000160695
867.0	0.0083	MYH8	ENSG00000133020
867.0	0.0083	WRN	ENSG00000165392
867.0	0.0083	MITF	ENSG00000187098
867.0	0.0083	PPP2R1A	ENSG00000105568
867.0	0.0083	FUCA1	ENSG00000179163
867.0	0.0083	PPP2CA	ENSG00000113575
867.0	0.0083	KIF1A	ENSG00000130294
867.0	0.0083	ITCH	ENSG00000078747
867.0	0.0083	WIPI2	ENSG00000157954
867.0	0.0083	NDUFS4	ENSG00000164258
922.0	0.0082	CREBBP	ENSG00000005339
922.0	0.0082	IFT43	ENSG00000119650
922.0	0.0082	STAMBP	ENSG00000124356
922.0	0.0082	AKT1	ENSG00000142208
922.0	0.0082	KLLN	ENSG00000227268
922.0	0.0082	PIK3CA	ENSG00000121879
922.0	0.0082	SDHC	ENSG00000143252
922.0	0.0082	SEC23B	ENSG00000101310
922.0	0.0082	USF3	ENSG00000176542
922.0	0.0082	MED25	ENSG00000104973
922.0	0.0082	GNS	ENSG00000135677
922.0	0.0082	COL3A1	ENSG00000168542
922.0	0.0082	IDUA	ENSG00000127415
922.0	0.0082	DDX6	ENSG00000110367
922.0	0.0082	HDAC6	ENSG00000094631
922.0	0.0082	AMFR	ENSG00000159461
922.0	0.0082	FOXRED1	ENSG00000110074
922.0	0.0082	MT-ND1	ENSG00000198888
922.0	0.0082	MT-ND2	ENSG00000198763
922.0	0.0082	MT-ND3	ENSG00000198840
922.0	0.0082	NDUFA1	ENSG00000125356
922.0	0.0082	NDUFA11	ENSG00000174886
922.0	0.0082	NDUFA6	ENSG00000184983
922.0	0.0082	NDUFAF1	ENSG00000137806
922.0	0.0082	NDUFAF2	ENSG00000164182
922.0	0.0082	NDUFAF3	ENSG00000178057
922.0	0.0082	NDUFAF4	ENSG00000123545
922.0	0.0082	NDUFAF5	ENSG00000101247
922.0	0.0082	NDUFAF8	ENSG00000224877
922.0	0.0082	NDUFB10	ENSG00000140990
922.0	0.0082	NDUFB3	ENSG00000119013
922.0	0.0082	NDUFB9	ENSG00000147684
922.0	0.0082	NDUFS2	ENSG00000158864
922.0	0.0082	NDUFS3	ENSG00000213619
922.0	0.0082	NDUFS6	ENSG00000145494
922.0	0.0082	NDUFS7	ENSG00000115286
922.0	0.0082	NDUFS8	ENSG00000110717
922.0	0.0082	NDUFV1	ENSG00000167792
922.0	0.0082	NDUFV2	ENSG00000178127
922.0	0.0082	NUBPL	ENSG00000151413
922.0	0.0082	TIMMDC1	ENSG00000113845
922.0	0.0082	TMEM126B	ENSG00000171204
922.0	0.0082	TUFM	ENSG00000178952
922.0	0.0082	U2AF2	ENSG00000063244
922.0	0.0082	ALG11	ENSG00000253710
922.0	0.0082	B3GALT6	ENSG00000176022
922.0	0.0082	AIMP2	ENSG00000106305
922.0	0.0082	TCTN3	ENSG00000119977
922.0	0.0082	SOST	ENSG00000167941
922.0	0.0082	SP7	ENSG00000170374
922.0	0.0082	POMT1	ENSG00000130714
922.0	0.0082	ESAM	ENSG00000149564
922.0	0.0082	SIX1	ENSG00000126778
922.0	0.0082	LARS1	ENSG00000133706
922.0	0.0082	ALPL	ENSG00000162551
952.0	0.0081	RPS4X	ENSG00000198034
952.0	0.0081	BAZ1B	ENSG00000009954
952.0	0.0081	BCL7B	ENSG00000106635
952.0	0.0081	BUD23	ENSG00000071462
952.0	0.0081	CLIP2	ENSG00000106665
952.0	0.0081	DNAJC30	ENSG00000176410
952.0	0.0081	EIF4H	ENSG00000106682
952.0	0.0081	FKBP6	ENSG00000077800
952.0	0.0081	GTF2I	ENSG00000077809
952.0	0.0081	GTF2IRD1	ENSG00000006704
952.0	0.0081	GTF2IRD2	ENSG00000196275
952.0	0.0081	LIMK1	ENSG00000106683
952.0	0.0081	METTL27	ENSG00000165171
952.0	0.0081	MLXIPL	ENSG00000009950
952.0	0.0081	NCF1	ENSG00000158517
952.0	0.0081	RFC2	ENSG00000049541
952.0	0.0081	STX1A	ENSG00000106089
952.0	0.0081	TBL2	ENSG00000106638
952.0	0.0081	TMEM270	ENSG00000175877
952.0	0.0081	VPS37D	ENSG00000176428
952.0	0.0081	SMAD3	ENSG00000166949
952.0	0.0081	ELOVL4	ENSG00000118402
952.0	0.0081	MICU1	ENSG00000107745
952.0	0.0081	GNPTAB	ENSG00000111670
952.0	0.0081	NBAS	ENSG00000151779
952.0	0.0081	ADSL	ENSG00000239900
952.0	0.0081	PUS1	ENSG00000177192
952.0	0.0081	HPDL	ENSG00000186603
952.0	0.0081	TMCO1	ENSG00000143183
952.0	0.0081	POLR1A	ENSG00000068654
964.0	0.008	WDR11	ENSG00000120008
964.0	0.008	COL2A1	ENSG00000139219
964.0	0.008	CREB3L1	ENSG00000157613
964.0	0.008	PIGO	ENSG00000165282
964.0	0.008	NEU1	ENSG00000204386
964.0	0.008	MMACHC	ENSG00000132763
964.0	0.008	PRDX1	ENSG00000117450
964.0	0.008	COX4I1	ENSG00000131143
964.0	0.008	HOXD11	ENSG00000128713
964.0	0.008	ALDH6A1	ENSG00000119711
964.0	0.008	GFM1	ENSG00000168827
964.0	0.008	CTSD	ENSG00000117984
986.0	0.0079	TRIP12	ENSG00000153827
986.0	0.0079	RFX7	ENSG00000181827
986.0	0.0079	KCNQ2	ENSG00000075043
986.0	0.0079	KCNT1	ENSG00000107147
986.0	0.0079	PLCB1	ENSG00000182621
986.0	0.0079	SCN1A	ENSG00000144285
986.0	0.0079	SCN2A	ENSG00000136531
986.0	0.0079	SLC12A5	ENSG00000124140
986.0	0.0079	SLC25A22	ENSG00000177542
986.0	0.0079	SLC29A3	ENSG00000198246
986.0	0.0079	TCIRG1	ENSG00000110719
986.0	0.0079	NEK9	ENSG00000119638
986.0	0.0079	PLOD2	ENSG00000152952
986.0	0.0079	SPECC1L	ENSG00000100014
986.0	0.0079	TAF1	ENSG00000147133
986.0	0.0079	ISCA1	ENSG00000135070
986.0	0.0079	CTU2	ENSG00000174177
986.0	0.0079	CDC42BPB	ENSG00000198752
986.0	0.0079	GK	ENSG00000198814
986.0	0.0079	YIF1B	ENSG00000167645
986.0	0.0079	FRA10AC1	ENSG00000148690
986.0	0.0079	SNRPN	ENSG00000128739
1002.0	0.0078	IFT56	ENSG00000105948
1002.0	0.0078	CDC42	ENSG00000070831
1002.0	0.0078	ALG3	ENSG00000214160
1002.0	0.0078	KATNB1	ENSG00000140854
1002.0	0.0078	RELN	ENSG00000189056
1002.0	0.0078	VPS51	ENSG00000149823
1002.0	0.0078	MARS1	ENSG00000166986
1002.0	0.0078	LMBR1	ENSG00000105983
1002.0	0.0078	TGFB3	ENSG00000119699
1002.0	0.0078	XPNPEP1	ENSG00000108039
1002.0	0.0078	DNMT3B	ENSG00000088305
1002.0	0.0078	HELLS	ENSG00000119969
1002.0	0.0078	ZBTB24	ENSG00000112365
1002.0	0.0078	BRAT1	ENSG00000106009
1002.0	0.0078	SLC25A24	ENSG00000085491
1002.0	0.0078	GNB1	ENSG00000078369
1016.0	0.0077	SLC25A1	ENSG00000100075
1016.0	0.0077	CDC45	ENSG00000093009
1016.0	0.0077	ORC1	ENSG00000085840
1016.0	0.0077	AHCY	ENSG00000101444
1016.0	0.0077	OBSL1	ENSG00000124006
1016.0	0.0077	PSAT1	ENSG00000135069
1016.0	0.0077	CLCN4	ENSG00000073464
1016.0	0.0077	SMAD2	ENSG00000175387
1016.0	0.0077	GNAS	ENSG00000087460
1016.0	0.0077	FH	ENSG00000091483
1016.0	0.0077	BCAP31	ENSG00000185825
1016.0	0.0077	PET100	ENSG00000229833
1016.0	0.0077	KCTD13	ENSG00000174943
1016.0	0.0077	TRIO	ENSG00000038382
1054.0	0.0076	BCR	ENSG00000186716
1054.0	0.0076	CRKL	ENSG00000099942
1054.0	0.0076	MAPK1	ENSG00000100030
1054.0	0.0076	JAM2	ENSG00000154721
1054.0	0.0076	MYORG	ENSG00000164976
1054.0	0.0076	PDGFB	ENSG00000100311
1054.0	0.0076	PDGFRB	ENSG00000113721
1054.0	0.0076	SLC20A2	ENSG00000168575
1054.0	0.0076	XPR1	ENSG00000143324
1054.0	0.0076	ATP6V1E1	ENSG00000131100
1054.0	0.0076	SMPD1	ENSG00000166311
1054.0	0.0076	GPC6	ENSG00000183098
1054.0	0.0076	PAICS	ENSG00000128050
1054.0	0.0076	QARS1	ENSG00000172053
1054.0	0.0076	GOLGA2	ENSG00000167110
1054.0	0.0076	KCNJ2	ENSG00000123700
1054.0	0.0076	KCNJ5	ENSG00000120457
1054.0	0.0076	CLN5	ENSG00000102805
1054.0	0.0076	DNAJC5	ENSG00000101152
1054.0	0.0076	GRN	ENSG00000030582
1054.0	0.0076	TPP1	ENSG00000166340
1054.0	0.0076	CDKL5	ENSG00000008086
1054.0	0.0076	DMXL2	ENSG00000104093
1054.0	0.0076	GNAO1	ENSG00000087258
1054.0	0.0076	GRIN1	ENSG00000176884
1054.0	0.0076	KCNA1	ENSG00000111262
1054.0	0.0076	NEUROD2	ENSG00000171532
1054.0	0.0076	PIGQ	ENSG00000007541
1054.0	0.0076	PNKP	ENSG00000039650
1054.0	0.0076	SCN1B	ENSG00000105711
1054.0	0.0076	SIK1	ENSG00000142178
1054.0	0.0076	SLC32A1	ENSG00000101438
1054.0	0.0076	SALL4	ENSG00000101115
1054.0	0.0076	RAB23	ENSG00000112210
1054.0	0.0076	PIK3R1	ENSG00000145675
1054.0	0.0076	RNF13	ENSG00000082996
1054.0	0.0076	MTRR	ENSG00000124275
1054.0	0.0076	RYR1	ENSG00000196218
1072.0	0.0075	STT3B	ENSG00000163527
1072.0	0.0075	ACTG1	ENSG00000184009
1072.0	0.0075	ITPA	ENSG00000125877
1072.0	0.0075	TRIM37	ENSG00000108395
1072.0	0.0075	SETD1A	ENSG00000099381
1072.0	0.0075	OGT	ENSG00000147162
1072.0	0.0075	YARS1	ENSG00000134684
1072.0	0.0075	CSNK2A1	ENSG00000101266
1072.0	0.0075	MAGEL2	ENSG00000254585
1072.0	0.0075	ARFGEF2	ENSG00000124198
1072.0	0.0075	SPARC	ENSG00000113140
1072.0	0.0075	TBCK	ENSG00000145348
1072.0	0.0075	ZNF668	ENSG00000167394
1072.0	0.0075	NXN	ENSG00000167693
1072.0	0.0075	TAPT1	ENSG00000169762
1072.0	0.0075	TFAP2A	ENSG00000137203
1072.0	0.0075	SOX9	ENSG00000125398
1072.0	0.0075	OGDHL	ENSG00000197444
1086.0	0.0074	GRIA3	ENSG00000125675
1086.0	0.0074	TSEN2	ENSG00000154743
1086.0	0.0074	TSPEAR	ENSG00000175894
1086.0	0.0074	AMPD2	ENSG00000116337
1086.0	0.0074	LMBRD2	ENSG00000164187
1086.0	0.0074	PURA	ENSG00000185129
1086.0	0.0074	DYNC1H1	ENSG00000197102
1086.0	0.0074	SPTAN1	ENSG00000197694
1086.0	0.0074	EXOSC1	ENSG00000171311
1086.0	0.0074	FARS2	ENSG00000145982
1086.0	0.0074	CDH11	ENSG00000140937
1086.0	0.0074	ADAMTS17	ENSG00000140470
1086.0	0.0074	VPS37A	ENSG00000155975
1086.0	0.0074	NARS1	ENSG00000134440
1105.0	0.0073	NGLY1	ENSG00000151092
1105.0	0.0073	SLC4A4	ENSG00000080493
1105.0	0.0073	COG6	ENSG00000133103
1105.0	0.0073	FBXL4	ENSG00000112234
1105.0	0.0073	HNRNPU	ENSG00000153187
1105.0	0.0073	CCNF	ENSG00000162063
1105.0	0.0073	ANTXR2	ENSG00000163297
1105.0	0.0073	HNRNPC	ENSG00000092199
1105.0	0.0073	CCNQ	ENSG00000147382
1105.0	0.0073	NOP10	ENSG00000182117
1105.0	0.0073	ZNF292	ENSG00000188994
1105.0	0.0073	SPRTN	ENSG00000010072
1105.0	0.0073	KCNH1	ENSG00000143473
1105.0	0.0073	MATN3	ENSG00000132031
1105.0	0.0073	SMS	ENSG00000102172
1105.0	0.0073	SLC39A14	ENSG00000104635
1105.0	0.0073	CWC27	ENSG00000153015
1105.0	0.0073	MASP1	ENSG00000127241
1105.0	0.0073	ALG1	ENSG00000033011
1124.0	0.0072	LAS1L	ENSG00000001497
1124.0	0.0072	KIF2A	ENSG00000068796
1124.0	0.0072	PAX3	ENSG00000135903
1124.0	0.0072	BRD4	ENSG00000141867
1124.0	0.0072	NIPBL	ENSG00000164190
1124.0	0.0072	LONP1	ENSG00000196365
1124.0	0.0072	PDHA1	ENSG00000131828
1124.0	0.0072	MAP3K7	ENSG00000135341
1124.0	0.0072	STRA6	ENSG00000137868
1124.0	0.0072	EXOC8	ENSG00000116903
1124.0	0.0072	HNRNPK	ENSG00000165119
1124.0	0.0072	ANO5	ENSG00000171714
1124.0	0.0072	CTNS	ENSG00000040531
1124.0	0.0072	NAPB	ENSG00000125814
1124.0	0.0072	THOC6	ENSG00000131652
1124.0	0.0072	EIF5A	ENSG00000132507
1124.0	0.0072	GFM2	ENSG00000164347
1124.0	0.0072	MCOLN1	ENSG00000090674
1124.0	0.0072	PRKAR1B	ENSG00000188191
1140.0	0.0071	GSC	ENSG00000133937
1140.0	0.0071	PLEKHG2	ENSG00000090924
1140.0	0.0071	TACO1	ENSG00000136463
1140.0	0.0071	ZBTB20	ENSG00000181722
1140.0	0.0071	COASY	ENSG00000068120
1140.0	0.0071	MAP1B	ENSG00000131711
1140.0	0.0071	YARS2	ENSG00000139131
1140.0	0.0071	UPB1	ENSG00000100024
1140.0	0.0071	DVL3	ENSG00000161202
1140.0	0.0071	PTPN11	ENSG00000179295
1140.0	0.0071	GM2A	ENSG00000196743
1140.0	0.0071	FLVCR2	ENSG00000119686
1140.0	0.0071	INTS1	ENSG00000164880
1140.0	0.0071	CUX1	ENSG00000257923
1140.0	0.0071	KDM1A	ENSG00000004487
1140.0	0.0071	CPSF3	ENSG00000119203
1155.0	0.007	FKBP10	ENSG00000141756
1155.0	0.007	ST3GAL5	ENSG00000115525
1155.0	0.007	DPH1	ENSG00000108963
1155.0	0.007	CYB5A	ENSG00000166347
1155.0	0.007	EPG5	ENSG00000152223
1155.0	0.007	KIF5A	ENSG00000155980
1155.0	0.007	ALG9	ENSG00000086848
1155.0	0.007	TET3	ENSG00000187605
1155.0	0.007	HNF1B	ENSG00000108753
1155.0	0.007	LHX1	ENSG00000132130
1155.0	0.007	ASAP1	ENSG00000153317
1155.0	0.007	BMPR1A	ENSG00000107779
1155.0	0.007	DYNC2H1	ENSG00000187240
1155.0	0.007	PIK3C2A	ENSG00000011405
1155.0	0.007	PYCR1	ENSG00000183010
1182.0	0.0069	DDR2	ENSG00000162733
1182.0	0.0069	PORCN	ENSG00000102312
1182.0	0.0069	SCAF4	ENSG00000156304
1182.0	0.0069	EIF2AK2	ENSG00000055332
1182.0	0.0069	AIFM1	ENSG00000156709
1182.0	0.0069	KLF1	ENSG00000105610
1182.0	0.0069	PTDSS1	ENSG00000156471
1182.0	0.0069	HLA-DQA1	ENSG00000196735
1182.0	0.0069	HLA-DQB1	ENSG00000179344
1182.0	0.0069	CASR	ENSG00000036828
1182.0	0.0069	RIN2	ENSG00000132669
1182.0	0.0069	HYOU1	ENSG00000149428
1182.0	0.0069	LIPT2	ENSG00000175536
1182.0	0.0069	EN1	ENSG00000163064
1182.0	0.0069	CTC1	ENSG00000178971
1182.0	0.0069	NHP2	ENSG00000145912
1182.0	0.0069	NPM1	ENSG00000181163
1182.0	0.0069	USB1	ENSG00000103005
1182.0	0.0069	WRAP53	ENSG00000141499
1182.0	0.0069	ALX4	ENSG00000052850
1182.0	0.0069	IBA57	ENSG00000181873
1182.0	0.0069	RECQL4	ENSG00000160957
1182.0	0.0069	FLI1	ENSG00000151702
1182.0	0.0069	SPTBN1	ENSG00000115306
1182.0	0.0069	MINPP1	ENSG00000107789
1182.0	0.0069	TOE1	ENSG00000132773
1182.0	0.0069	WDR35	ENSG00000118965
1220.0	0.0068	RAB11B	ENSG00000185236
1220.0	0.0068	CPT2	ENSG00000157184
1220.0	0.0068	TUBB3	ENSG00000198211
1220.0	0.0068	SAMD9	ENSG00000205413
1220.0	0.0068	PIGN	ENSG00000197563
1220.0	0.0068	AP3D1	ENSG00000065000
1220.0	0.0068	NUP188	ENSG00000095319
1220.0	0.0068	ACO2	ENSG00000100412
1220.0	0.0068	SF3B4	ENSG00000143368
1220.0	0.0068	SLC5A6	ENSG00000138074
1220.0	0.0068	COL5A1	ENSG00000130635
1220.0	0.0068	SON	ENSG00000159140
1220.0	0.0068	PDHX	ENSG00000110435
1220.0	0.0068	SLC9A6	ENSG00000198689
1220.0	0.0068	TTC5	ENSG00000136319
1220.0	0.0068	HOXA5	ENSG00000106004
1220.0	0.0068	STS	ENSG00000101846
1220.0	0.0068	KCNJ6	ENSG00000157542
1220.0	0.0068	VPS33A	ENSG00000139719
1220.0	0.0068	SETD2	ENSG00000181555
1220.0	0.0068	TBX15	ENSG00000092607
1220.0	0.0068	RHOBTB2	ENSG00000008853
1220.0	0.0068	DHX37	ENSG00000150990
1220.0	0.0068	POMK	ENSG00000185900
1220.0	0.0068	NDUFA8	ENSG00000119421
1220.0	0.0068	GEMIN4	ENSG00000179409
1220.0	0.0068	PRUNE1	ENSG00000143363
1220.0	0.0068	POLR3A	ENSG00000148606
1220.0	0.0068	CARS2	ENSG00000134905
1220.0	0.0068	LAMB2	ENSG00000172037
1220.0	0.0068	ZNF526	ENSG00000167625
1220.0	0.0068	TSEN54	ENSG00000182173
1220.0	0.0068	NDP	ENSG00000124479
1220.0	0.0068	PCLO	ENSG00000186472
1220.0	0.0068	EXOC7	ENSG00000182473
1220.0	0.0068	PCCA	ENSG00000175198
1220.0	0.0068	PCCB	ENSG00000114054
1220.0	0.0068	NADK2	ENSG00000152620
1250.0	0.0067	FBN2	ENSG00000138829
1250.0	0.0067	VPS4A	ENSG00000132612
1250.0	0.0067	HNRNPA1	ENSG00000135486
1250.0	0.0067	HNRNPA2B1	ENSG00000122566
1250.0	0.0067	VCP	ENSG00000165280
1250.0	0.0067	TBX22	ENSG00000122145
1250.0	0.0067	SLC9A1	ENSG00000090020
1250.0	0.0067	SLC39A8	ENSG00000138821
1250.0	0.0067	GTF2H5	ENSG00000272047
1250.0	0.0067	TARS1	ENSG00000113407
1250.0	0.0067	GLB1	ENSG00000170266
1250.0	0.0067	WDR19	ENSG00000157796
1250.0	0.0067	WNT1	ENSG00000125084
1250.0	0.0067	BMP1	ENSG00000168487
1250.0	0.0067	GET4	ENSG00000239857
1250.0	0.0067	NR2F1	ENSG00000175745
1250.0	0.0067	DLK1	ENSG00000185559
1250.0	0.0067	RTL1	ENSG00000254656
1250.0	0.0067	OCRL	ENSG00000122126
1250.0	0.0067	ZNF699	ENSG00000196110
1250.0	0.0067	GH1	ENSG00000259384
1250.0	0.0067	GRIN2B	ENSG00000273079
1250.0	0.0067	BMPR1B	ENSG00000138696
1250.0	0.0067	CUL7	ENSG00000044090
1250.0	0.0067	ACP5	ENSG00000102575
1250.0	0.0067	SC5D	ENSG00000109929
1250.0	0.0067	CA2	ENSG00000104267
1250.0	0.0067	IFT140	ENSG00000187535
1250.0	0.0067	TNNI2	ENSG00000130598
1250.0	0.0067	USP9X	ENSG00000124486
1279.0	0.0066	DNAJC3	ENSG00000102580
1279.0	0.0066	DHPS	ENSG00000095059
1279.0	0.0066	WNT4	ENSG00000162552
1279.0	0.0066	ANKH	ENSG00000154122
1279.0	0.0066	TXN2	ENSG00000100348
1279.0	0.0066	PPIL1	ENSG00000137168
1279.0	0.0066	PDCD6IP	ENSG00000170248
1279.0	0.0066	TLCD3B	ENSG00000149926
1279.0	0.0066	ABL1	ENSG00000097007
1279.0	0.0066	RAC1	ENSG00000136238
1279.0	0.0066	TRAPPC9	ENSG00000167632
1279.0	0.0066	IFITM5	ENSG00000206013
1279.0	0.0066	WDR81	ENSG00000167716
1279.0	0.0066	H3-3A	ENSG00000163041
1279.0	0.0066	FAM111A	ENSG00000166801
1279.0	0.0066	COL10A1	ENSG00000123500
1279.0	0.0066	TAT	ENSG00000198650
1279.0	0.0066	SKIC3	ENSG00000198677
1279.0	0.0066	MT-CO1	ENSG00000198804
1279.0	0.0066	MT-CO2	ENSG00000198712
1279.0	0.0066	MT-CO3	ENSG00000198938
1279.0	0.0066	MT-ND4	ENSG00000198886
1279.0	0.0066	MT-ND5	ENSG00000198786
1279.0	0.0066	MT-ND6	ENSG00000198695
1279.0	0.0066	PHACTR1	ENSG00000112137
1279.0	0.0066	GBA1	ENSG00000177628
1279.0	0.0066	ZIC1	ENSG00000152977
1279.0	0.0066	MCM3AP	ENSG00000160294
1279.0	0.0066	JARID2	ENSG00000008083
1299.0	0.0065	CLCN5	ENSG00000171365
1299.0	0.0065	DENND1A	ENSG00000119522
1299.0	0.0065	DKK1	ENSG00000107984
1299.0	0.0065	LARGE1	ENSG00000133424
1299.0	0.0065	THG1L	ENSG00000113272
1299.0	0.0065	RARS2	ENSG00000146282
1299.0	0.0065	CCDC134	ENSG00000100147
1299.0	0.0065	UGDH	ENSG00000109814
1299.0	0.0065	KCNN2	ENSG00000080709
1299.0	0.0065	DPYSL5	ENSG00000157851
1299.0	0.0065	CHAMP1	ENSG00000198824
1299.0	0.0065	KDM3B	ENSG00000120733
1299.0	0.0065	GPX4	ENSG00000167468
1299.0	0.0065	CCDC32	ENSG00000128891
1299.0	0.0065	PRKD1	ENSG00000184304
1299.0	0.0065	AMMECR1	ENSG00000101935
1299.0	0.0065	POLR2A	ENSG00000181222
1299.0	0.0065	NDN	ENSG00000182636
1299.0	0.0065	OCA2	ENSG00000104044
1299.0	0.0065	CYP51A1	ENSG00000001630
1337.0	0.0064	RAP1B	ENSG00000127314
1337.0	0.0064	SPRED2	ENSG00000198369
1337.0	0.0064	SALL1	ENSG00000103449
1337.0	0.0064	NFE2L2	ENSG00000116044
1337.0	0.0064	BGN	ENSG00000182492
1337.0	0.0064	DOCK3	ENSG00000088538
1337.0	0.0064	ODAD3	ENSG00000198003
1337.0	0.0064	AFG2B	ENSG00000171763
1337.0	0.0064	HESX1	ENSG00000163666
1337.0	0.0064	STX16	ENSG00000124222
1337.0	0.0064	FOXE1	ENSG00000178919
1337.0	0.0064	NKX2-5	ENSG00000183072
1337.0	0.0064	PAX8	ENSG00000125618
1337.0	0.0064	SLC26A4	ENSG00000091137
1337.0	0.0064	TSHR	ENSG00000165409
1337.0	0.0064	PITX1	ENSG00000069011
1337.0	0.0064	CHD4	ENSG00000111642
1337.0	0.0064	FBN1	ENSG00000166147
1337.0	0.0064	MPL	ENSG00000117400
1337.0	0.0064	THPO	ENSG00000090534
1337.0	0.0064	TXNL4A	ENSG00000141759
1337.0	0.0064	IFT88	ENSG00000032742
1337.0	0.0064	PLAA	ENSG00000137055
1337.0	0.0064	SLC10A7	ENSG00000120519
1337.0	0.0064	B9D1	ENSG00000108641
1337.0	0.0064	B9D2	ENSG00000123810
1337.0	0.0064	CC2D2A	ENSG00000048342
1337.0	0.0064	CSPP1	ENSG00000104218
1337.0	0.0064	RPGRIP1	ENSG00000092200
1337.0	0.0064	RPGRIP1L	ENSG00000103494
1337.0	0.0064	TCTN1	ENSG00000204852
1337.0	0.0064	TCTN2	ENSG00000168778
1337.0	0.0064	TMEM107	ENSG00000179029
1337.0	0.0064	TMEM216	ENSG00000187049
1337.0	0.0064	TMEM231	ENSG00000205084
1337.0	0.0064	TMEM237	ENSG00000155755
1337.0	0.0064	TMEM67	ENSG00000164953
1337.0	0.0064	TXNDC15	ENSG00000113621
1396.0	0.0063	TPM2	ENSG00000198467
1396.0	0.0063	ABCD1	ENSG00000101986
1396.0	0.0063	ECE1	ENSG00000117298
1396.0	0.0063	EDN3	ENSG00000124205
1396.0	0.0063	EDNRB	ENSG00000136160
1396.0	0.0063	ERBB2	ENSG00000141736
1396.0	0.0063	ERBB3	ENSG00000065361
1396.0	0.0063	GDNF	ENSG00000168621
1396.0	0.0063	NRTN	ENSG00000171119
1396.0	0.0063	RET	ENSG00000165731
1396.0	0.0063	SEMA3C	ENSG00000075223
1396.0	0.0063	SEMA3D	ENSG00000153993
1396.0	0.0063	SREBF1	ENSG00000072310
1396.0	0.0063	VARS1	ENSG00000204394
1396.0	0.0063	TRAPPC12	ENSG00000171853
1396.0	0.0063	H2AZ2	ENSG00000105968
1396.0	0.0063	CYCS	ENSG00000172115
1396.0	0.0063	FOXL2	ENSG00000183770
1396.0	0.0063	FOXP2	ENSG00000128573
1396.0	0.0063	CAMTA1	ENSG00000171735
1396.0	0.0063	ARL6	ENSG00000113966
1396.0	0.0063	BBIP1	ENSG00000214413
1396.0	0.0063	BBS1	ENSG00000174483
1396.0	0.0063	BBS10	ENSG00000179941
1396.0	0.0063	BBS12	ENSG00000181004
1396.0	0.0063	BBS2	ENSG00000125124
1396.0	0.0063	BBS4	ENSG00000140463
1396.0	0.0063	BBS5	ENSG00000163093
1396.0	0.0063	BBS7	ENSG00000138686
1396.0	0.0063	BBS9	ENSG00000122507
1396.0	0.0063	CEP19	ENSG00000174007
1396.0	0.0063	CFAP418	ENSG00000156172
1396.0	0.0063	CTD-3074O7.11	ENSG00000256349
1396.0	0.0063	IFT172	ENSG00000138002
1396.0	0.0063	IFT27	ENSG00000100360
1396.0	0.0063	IFT74	ENSG00000096872
1396.0	0.0063	LZTFL1	ENSG00000163818
1396.0	0.0063	MKKS	ENSG00000125863
1396.0	0.0063	NPHP1	ENSG00000144061
1396.0	0.0063	SCAPER	ENSG00000140386
1396.0	0.0063	SCLT1	ENSG00000151466
1396.0	0.0063	SDCCAG8	ENSG00000054282
1396.0	0.0063	TRIM32	ENSG00000119401
1396.0	0.0063	TTC8	ENSG00000165533
1396.0	0.0063	WDPCP	ENSG00000143951
1396.0	0.0063	EFNB1	ENSG00000090776
1396.0	0.0063	SHPK	ENSG00000197417
1396.0	0.0063	COL9A1	ENSG00000112280
1396.0	0.0063	COL9A3	ENSG00000092758
1396.0	0.0063	NSRP1	ENSG00000126653
1396.0	0.0063	DPAGT1	ENSG00000172269
1396.0	0.0063	ERF	ENSG00000105722
1396.0	0.0063	FIG4	ENSG00000112367
1396.0	0.0063	VAC14	ENSG00000103043
1396.0	0.0063	INPPL1	ENSG00000165458
1396.0	0.0063	MPDZ	ENSG00000107186
1396.0	0.0063	IER3IP1	ENSG00000134049
1396.0	0.0063	ABHD5	ENSG00000011198
1396.0	0.0063	DHX30	ENSG00000132153
1429.0	0.0062	TOGARAM1	ENSG00000198718
1429.0	0.0062	IGBP1	ENSG00000089289
1429.0	0.0062	PAM16	ENSG00000217930
1429.0	0.0062	SERPINH1	ENSG00000149257
1429.0	0.0062	SBDS	ENSG00000126524
1429.0	0.0062	SRP54	ENSG00000100883
1429.0	0.0062	SPOP	ENSG00000121067
1429.0	0.0062	HSD17B10	ENSG00000072506
1429.0	0.0062	TBX3	ENSG00000135111
1429.0	0.0062	ECEL1	ENSG00000171551
1429.0	0.0062	GPC4	ENSG00000076716
1429.0	0.0062	CCN6	ENSG00000112761
1429.0	0.0062	COL1A2	ENSG00000164692
1429.0	0.0062	RIPK4	ENSG00000183421
1429.0	0.0062	CPLANE1	ENSG00000197603
1429.0	0.0062	FAM149B1	ENSG00000138286
1429.0	0.0062	KIAA0753	ENSG00000198920
1429.0	0.0062	PDE6D	ENSG00000156973
1429.0	0.0062	TOPORS	ENSG00000197579
1429.0	0.0062	OCLN	ENSG00000197822
1429.0	0.0062	PPP1CB	ENSG00000213639
1429.0	0.0062	COG3	ENSG00000136152
1429.0	0.0062	WDR45B	ENSG00000141580
1429.0	0.0062	CHCHD10	ENSG00000250479
1429.0	0.0062	NAE1	ENSG00000159593
1429.0	0.0062	CRTAP	ENSG00000170275
1429.0	0.0062	P4HB	ENSG00000185624
1429.0	0.0062	SEC24D	ENSG00000150961
1429.0	0.0062	ARNT2	ENSG00000172379
1429.0	0.0062	OTX2	ENSG00000165588
1429.0	0.0062	PROKR2	ENSG00000101292
1429.0	0.0062	SOX3	ENSG00000134595
1429.0	0.0062	PUM1	ENSG00000134644
1449.0	0.0061	RAB33B	ENSG00000172007
1449.0	0.0061	MAP2K2	ENSG00000126934
1449.0	0.0061	TNPO2	ENSG00000105576
1449.0	0.0061	UGP2	ENSG00000169764
1449.0	0.0061	ZNHIT3	ENSG00000108278
1449.0	0.0061	FKRP	ENSG00000181027
1449.0	0.0061	MAP2K1	ENSG00000169032
1449.0	0.0061	ATP6V1B2	ENSG00000147416
1449.0	0.0061	PIGS	ENSG00000087111
1449.0	0.0061	TMEM222	ENSG00000186501
1449.0	0.0061	C2CD3	ENSG00000168014
1449.0	0.0061	FGD1	ENSG00000102302
1449.0	0.0061	GHR	ENSG00000112964
1449.0	0.0061	ZNF335	ENSG00000198026
1449.0	0.0061	CCDC22	ENSG00000101997
1449.0	0.0061	VPS35L	ENSG00000103544
1449.0	0.0061	WASHC5	ENSG00000164961
1449.0	0.0061	IDH1	ENSG00000138413
1449.0	0.0061	IDH2	ENSG00000182054
1449.0	0.0061	NMNAT1	ENSG00000173614
1470.0	0.006	ADGRG1	ENSG00000205336
1470.0	0.006	PI4KA	ENSG00000241973
1470.0	0.006	SRPX2	ENSG00000102359
1470.0	0.006	ADAMTS2	ENSG00000087116
1470.0	0.006	NDUFA2	ENSG00000131495
1470.0	0.006	LNPK	ENSG00000144320
1470.0	0.006	CLCN3	ENSG00000109572
1470.0	0.006	CFAP410	ENSG00000160226
1470.0	0.006	TP63	ENSG00000073282
1470.0	0.006	CDSN	ENSG00000204539
1470.0	0.006	RARS1	ENSG00000113643
1470.0	0.006	DSTYK	ENSG00000133059
1470.0	0.006	CSGALNACT1	ENSG00000147408
1470.0	0.006	DOHH	ENSG00000129932
1470.0	0.006	TUBB2B	ENSG00000137285
1470.0	0.006	COG8	ENSG00000213380
1470.0	0.006	MMP14	ENSG00000157227
1470.0	0.006	POLR3B	ENSG00000013503
1470.0	0.006	DOCK6	ENSG00000130158
1470.0	0.006	KIAA0586	ENSG00000100578
1470.0	0.006	NPR3	ENSG00000113389
1487.0	0.0059	FBXW7	ENSG00000109670
1487.0	0.0059	MAF	ENSG00000178573
1487.0	0.0059	MDM2	ENSG00000135679
1487.0	0.0059	NFASC	ENSG00000163531
1487.0	0.0059	INTS11	ENSG00000127054
1487.0	0.0059	ASPA	ENSG00000108381
1487.0	0.0059	LHX3	ENSG00000107187
1487.0	0.0059	PTH1R	ENSG00000160801
1487.0	0.0059	IFT52	ENSG00000101052
1487.0	0.0059	SEPTIN9	ENSG00000184640
1487.0	0.0059	SLC35B2	ENSG00000157593
1487.0	0.0059	THRA	ENSG00000126351
1487.0	0.0059	MMP13	ENSG00000137745
1487.0	0.0059	FLNA	ENSG00000196924
1487.0	0.0059	EXOC6B	ENSG00000144036
1487.0	0.0059	AGL	ENSG00000162688
1487.0	0.0059	RDH11	ENSG00000072042
1522.0	0.0058	SHOX	ENSG00000185960
1522.0	0.0058	INPP5E	ENSG00000148384
1522.0	0.0058	LBR	ENSG00000143815
1522.0	0.0058	ANTXR1	ENSG00000169604
1522.0	0.0058	CYP11B1	ENSG00000160882
1522.0	0.0058	TAOK1	ENSG00000160551
1522.0	0.0058	NOTCH2	ENSG00000134250
1522.0	0.0058	HK1	ENSG00000156515
1522.0	0.0058	CNNM2	ENSG00000148842
1522.0	0.0058	IARS2	ENSG00000067704
1522.0	0.0058	FMR1	ENSG00000102081
1522.0	0.0058	PCYT1A	ENSG00000161217
1522.0	0.0058	TRPV4	ENSG00000111199
1522.0	0.0058	UBR7	ENSG00000012963
1522.0	0.0058	TUBA1A	ENSG00000167552
1522.0	0.0058	TMX2	ENSG00000213593
1522.0	0.0058	MALT1	ENSG00000172175
1522.0	0.0058	TRH	ENSG00000170893
1522.0	0.0058	MTOR	ENSG00000198793
1522.0	0.0058	B3GALNT2	ENSG00000162885
1522.0	0.0058	B4GAT1	ENSG00000174684
1522.0	0.0058	COL4A1	ENSG00000187498
1522.0	0.0058	CRPPA	ENSG00000214960
1522.0	0.0058	DAG1	ENSG00000173402
1522.0	0.0058	FKTN	ENSG00000106692
1522.0	0.0058	POMGNT1	ENSG00000085998
1522.0	0.0058	POMGNT2	ENSG00000144647
1522.0	0.0058	POMT2	ENSG00000009830
1522.0	0.0058	RXYLT1	ENSG00000118600
1522.0	0.0058	LTBP3	ENSG00000168056
1522.0	0.0058	KCTD1	ENSG00000134504
1522.0	0.0058	DVL1	ENSG00000107404
1522.0	0.0058	SEC23A	ENSG00000100934
1522.0	0.0058	ARHGAP31	ENSG00000031081
1522.0	0.0058	MLYCD	ENSG00000103150
1538.0	0.0057	UBTF	ENSG00000108312
1538.0	0.0057	ADAMTSL2	ENSG00000197859
1538.0	0.0057	FN1	ENSG00000115414
1538.0	0.0057	ROBO1	ENSG00000169855
1538.0	0.0057	MTX2	ENSG00000128654
1538.0	0.0057	EXOSC2	ENSG00000130713
1538.0	0.0057	PACS1	ENSG00000175115
1538.0	0.0057	HYAL1	ENSG00000114378
1538.0	0.0057	NTNG1	ENSG00000162631
1538.0	0.0057	ALMS1	ENSG00000116127
1538.0	0.0057	SUOX	ENSG00000139531
1538.0	0.0057	COMP	ENSG00000105664
1538.0	0.0057	SLC12A6	ENSG00000140199
1538.0	0.0057	GDF6	ENSG00000156466
1538.0	0.0057	CHUK	ENSG00000213341
1538.0	0.0057	KCTD7	ENSG00000243335
1565.0	0.0056	PDPK1	ENSG00000140992
1565.0	0.0056	TTC21B	ENSG00000123607
1565.0	0.0056	RBPJ	ENSG00000168214
1565.0	0.0056	FZD2	ENSG00000180340
1565.0	0.0056	WNT5A	ENSG00000114251
1565.0	0.0056	FGFR2	ENSG00000066468
1565.0	0.0056	TMTC3	ENSG00000139324
1565.0	0.0056	MED27	ENSG00000160563
1565.0	0.0056	DPH5	ENSG00000117543
1565.0	0.0056	VARS2	ENSG00000137411
1565.0	0.0056	DENND5A	ENSG00000184014
1565.0	0.0056	MAST1	ENSG00000105613
1565.0	0.0056	COL11A2	ENSG00000204248
1565.0	0.0056	SSR4	ENSG00000180879
1565.0	0.0056	PIEZO1	ENSG00000103335
1565.0	0.0056	STEEP1	ENSG00000018610
1565.0	0.0056	AIMP1	ENSG00000164022
1565.0	0.0056	NDST1	ENSG00000070614
1565.0	0.0056	VLDLR	ENSG00000147852
1565.0	0.0056	PRKG2	ENSG00000138669
1565.0	0.0056	POR	ENSG00000127948
1565.0	0.0056	KCNC3	ENSG00000131398
1565.0	0.0056	KCNJ10	ENSG00000177807
1565.0	0.0056	MBTPS1	ENSG00000140943
1565.0	0.0056	PTPN23	ENSG00000076201
1565.0	0.0056	PTCD3	ENSG00000132300
1565.0	0.0056	BMP2	ENSG00000125845
1585.0	0.0055	SLC19A2	ENSG00000117479
1585.0	0.0055	NARS2	ENSG00000137513
1585.0	0.0055	UROS	ENSG00000188690
1585.0	0.0055	IL11RA	ENSG00000137070
1585.0	0.0055	NSUN3	ENSG00000178694
1585.0	0.0055	LYSET	ENSG00000153485
1585.0	0.0055	TNRC6B	ENSG00000100354
1585.0	0.0055	MARS2	ENSG00000247626
1585.0	0.0055	S1PR1	ENSG00000170989
1585.0	0.0055	ACTG2	ENSG00000163017
1585.0	0.0055	NTNG2	ENSG00000196358
1585.0	0.0055	SLC39A13	ENSG00000165915
1585.0	0.0055	LRP6	ENSG00000070018
1585.0	0.0055	COL11A1	ENSG00000060718
1585.0	0.0055	CYP17A1	ENSG00000148795
1585.0	0.0055	KATNIP	ENSG00000047578
1585.0	0.0055	PAX2	ENSG00000075891
1585.0	0.0055	CCN3	ENSG00000136999
1585.0	0.0055	KIF20B	ENSG00000138182
1585.0	0.0055	MIA3	ENSG00000154305
1613.0	0.0054	SVBP	ENSG00000177868
1613.0	0.0054	KLHL41	ENSG00000239474
1613.0	0.0054	KRT10	ENSG00000186395
1613.0	0.0054	PLEC	ENSG00000178209
1613.0	0.0054	POU1F1	ENSG00000064835
1613.0	0.0054	NOS2	ENSG00000007171
1613.0	0.0054	TNNT3	ENSG00000130595
1613.0	0.0054	CFC1	ENSG00000136698
1613.0	0.0054	TANGO2	ENSG00000183597
1613.0	0.0054	SLC30A10	ENSG00000196660
1613.0	0.0054	ABCA12	ENSG00000144452
1613.0	0.0054	ALOX12B	ENSG00000179477
1613.0	0.0054	ALOXE3	ENSG00000179148
1613.0	0.0054	CERS3	ENSG00000154227
1613.0	0.0054	GRHL2	ENSG00000083307
1613.0	0.0054	NIPAL4	ENSG00000172548
1613.0	0.0054	PKP1	ENSG00000081277
1613.0	0.0054	PNPLA1	ENSG00000180316
1613.0	0.0054	SDR9C7	ENSG00000170426
1613.0	0.0054	SULT2B1	ENSG00000088002
1613.0	0.0054	TGM1	ENSG00000092295
1613.0	0.0054	HR	ENSG00000168453
1613.0	0.0054	SGMS2	ENSG00000164023
1613.0	0.0054	LMNB2	ENSG00000176619
1613.0	0.0054	SLC35A3	ENSG00000117620
1613.0	0.0054	STAT1	ENSG00000115415
1613.0	0.0054	TOM1	ENSG00000100284
1613.0	0.0054	BTK	ENSG00000010671
1635.0	0.0053	CSNK2A3	ENSG00000254598
1635.0	0.0053	RSPH9	ENSG00000172426
1635.0	0.0053	RNASET2	ENSG00000026297
1635.0	0.0053	TBX5	ENSG00000089225
1635.0	0.0053	ZEB1	ENSG00000148516
1635.0	0.0053	ABCB7	ENSG00000131269
1635.0	0.0053	C1R	ENSG00000159403
1635.0	0.0053	C1S	ENSG00000182326
1635.0	0.0053	PFAS	ENSG00000178921
1635.0	0.0053	HSD11B2	ENSG00000176387
1635.0	0.0053	TRIT1	ENSG00000043514
1635.0	0.0053	PRKAR1A	ENSG00000108946
1635.0	0.0053	VRK1	ENSG00000100749
1635.0	0.0053	MAB21L1	ENSG00000180660
1635.0	0.0053	PMPCA	ENSG00000165688
1635.0	0.0053	SMARCAL1	ENSG00000138375
1635.0	0.0053	CLDN16	ENSG00000113946
1635.0	0.0053	PLXNA1	ENSG00000114554
1635.0	0.0053	GHSR	ENSG00000121853
1635.0	0.0053	ROGDI	ENSG00000067836
1635.0	0.0053	ZMPSTE24	ENSG00000084073
1635.0	0.0053	CENPF	ENSG00000117724
1668.0	0.0052	XYLT2	ENSG00000015532
1668.0	0.0052	QDPR	ENSG00000151552
1668.0	0.0052	PSMC1	ENSG00000100764
1668.0	0.0052	COL18A1	ENSG00000182871
1668.0	0.0052	AMER1	ENSG00000184675
1668.0	0.0052	TUBG1	ENSG00000131462
1668.0	0.0052	MBOAT7	ENSG00000125505
1668.0	0.0052	NUP214	ENSG00000126883
1668.0	0.0052	AUH	ENSG00000148090
1668.0	0.0052	LTBP2	ENSG00000119681
1668.0	0.0052	NOTCH3	ENSG00000074181
1668.0	0.0052	DDC	ENSG00000132437
1668.0	0.0052	MSTO1	ENSG00000125459
1668.0	0.0052	COX15	ENSG00000014919
1668.0	0.0052	HMGCL	ENSG00000117305
1668.0	0.0052	KIT	ENSG00000157404
1668.0	0.0052	SNAI2	ENSG00000019549
1668.0	0.0052	USP18	ENSG00000184979
1668.0	0.0052	MED23	ENSG00000112282
1668.0	0.0052	MADD	ENSG00000110514
1668.0	0.0052	VAX1	ENSG00000148704
1668.0	0.0052	TGDS	ENSG00000088451
1668.0	0.0052	B4GALT7	ENSG00000027847
1668.0	0.0052	PIDD1	ENSG00000177595
1668.0	0.0052	SP3	ENSG00000172845
1668.0	0.0052	RASA2	ENSG00000155903
1668.0	0.0052	RRAS	ENSG00000126458
1668.0	0.0052	RRAS2	ENSG00000133818
1668.0	0.0052	SOS2	ENSG00000100485
1668.0	0.0052	ZNF592	ENSG00000166716
1668.0	0.0052	BANF1	ENSG00000175334
1668.0	0.0052	PUS3	ENSG00000110060
1668.0	0.0052	PPP2R3C	ENSG00000092020
1694.0	0.0051	HSPA9	ENSG00000113013
1694.0	0.0051	PGM1	ENSG00000079739
1694.0	0.0051	WDR26	ENSG00000162923
1694.0	0.0051	UBAP2L	ENSG00000143569
1694.0	0.0051	MEX3A	ENSG00000254726
1694.0	0.0051	MRE11	ENSG00000020922
1694.0	0.0051	PDE4D	ENSG00000113448
1694.0	0.0051	ERI1	ENSG00000104626
1694.0	0.0051	GLI3	ENSG00000106571
1694.0	0.0051	PNPO	ENSG00000108439
1694.0	0.0051	TPK1	ENSG00000196511
1694.0	0.0051	TWIST1	ENSG00000122691
1694.0	0.0051	GLA	ENSG00000102393
1694.0	0.0051	WDFY3	ENSG00000163625
1694.0	0.0051	TBX2	ENSG00000121068
1694.0	0.0051	TSEN34	ENSG00000170892
1694.0	0.0051	PROP1	ENSG00000175325
1694.0	0.0051	RUNX2	ENSG00000124813
1694.0	0.0051	SLC25A19	ENSG00000125454
1694.0	0.0051	LIFR	ENSG00000113594
1694.0	0.0051	AGO1	ENSG00000092847
1694.0	0.0051	MMP2	ENSG00000087245
1694.0	0.0051	STIM1	ENSG00000167323
1694.0	0.0051	C1GALT1C1	ENSG00000171155
1694.0	0.0051	AGTPBP1	ENSG00000135049
1694.0	0.0051	NDUFC2	ENSG00000151366
1711.0	0.005	MRAP	ENSG00000170262
1711.0	0.005	VIPAS39	ENSG00000151445
1711.0	0.005	MPDU1	ENSG00000129255
1711.0	0.005	FREM1	ENSG00000164946
1711.0	0.005	NFIX	ENSG00000008441
1711.0	0.005	TANC2	ENSG00000170921
1711.0	0.005	YIPF5	ENSG00000145817
1711.0	0.005	SOSTDC1	ENSG00000171243
1711.0	0.005	HSD17B7	ENSG00000132196
1711.0	0.005	CYP26B1	ENSG00000003137
1711.0	0.005	CRIPTO3	ENSG00000225366
1711.0	0.005	MCM9	ENSG00000111877
1711.0	0.005	COLEC10	ENSG00000184374
1711.0	0.005	COL7A1	ENSG00000114270
1711.0	0.005	TMEM260	ENSG00000070269
1711.0	0.005	B3GAT3	ENSG00000149541
1711.0	0.005	GRM1	ENSG00000152822
1728.0	0.0049	HHEX	ENSG00000152804
1728.0	0.0049	PTPRF	ENSG00000142949
1728.0	0.0049	PAK1IP1	ENSG00000111845
1728.0	0.0049	ZNF407	ENSG00000215421
1728.0	0.0049	VPS13D	ENSG00000048707
1728.0	0.0049	BMP5	ENSG00000112175
1728.0	0.0049	AP1M2	ENSG00000129354
1728.0	0.0049	MTHFR	ENSG00000177000
1728.0	0.0049	KAT5	ENSG00000172977
1728.0	0.0049	RSPH4A	ENSG00000111834
1728.0	0.0049	RIGI	ENSG00000107201
1728.0	0.0049	SAMD9L	ENSG00000177409
1728.0	0.0049	BCL2	ENSG00000171791
1728.0	0.0049	HSPA5	ENSG00000044574
1728.0	0.0049	LRPPRC	ENSG00000138095
1728.0	0.0049	CHN1	ENSG00000128656
1728.0	0.0049	MAFB	ENSG00000204103
1794.0	0.0048	LEPR	ENSG00000116678
1794.0	0.0048	PGM3	ENSG00000013375
1794.0	0.0048	INTU	ENSG00000164066
1794.0	0.0048	ABCA2	ENSG00000107331
1794.0	0.0048	ACADSB	ENSG00000196177
1794.0	0.0048	ACADVL	ENSG00000072778
1794.0	0.0048	ACSF3	ENSG00000176715
1794.0	0.0048	ACSL4	ENSG00000068366
1794.0	0.0048	ADD3	ENSG00000148700
1794.0	0.0048	ANK3	ENSG00000151150
1794.0	0.0048	AP2M1	ENSG00000161203
1794.0	0.0048	AP3B1	ENSG00000132842
1794.0	0.0048	CENATAC	ENSG00000186166
1794.0	0.0048	CHD2	ENSG00000173575
1794.0	0.0048	CHKB	ENSG00000100288
1794.0	0.0048	DCPS	ENSG00000110063
1794.0	0.0048	DHTKD1	ENSG00000181192
1794.0	0.0048	DLAT	ENSG00000150768
1794.0	0.0048	DLD	ENSG00000091140
1794.0	0.0048	EDC3	ENSG00000179151
1794.0	0.0048	ERCC6L2	ENSG00000182150
1794.0	0.0048	FZD4	ENSG00000174804
1794.0	0.0048	GALK1	ENSG00000108479
1794.0	0.0048	GNB5	ENSG00000069966
1794.0	0.0048	HNMT	ENSG00000150540
1794.0	0.0048	HPD	ENSG00000158104
1794.0	0.0048	ITGA3	ENSG00000005884
1794.0	0.0048	LDHD	ENSG00000166816
1794.0	0.0048	LINGO1	ENSG00000169783
1794.0	0.0048	LTC4S	ENSG00000213316
1794.0	0.0048	MTSS2	ENSG00000132613
1794.0	0.0048	NBEA	ENSG00000172915
1794.0	0.0048	NCAPH	ENSG00000121152
1794.0	0.0048	NEXMIF	ENSG00000050030
1794.0	0.0048	NUP54	ENSG00000138750
1794.0	0.0048	POLG	ENSG00000140521
1794.0	0.0048	PSMB1	ENSG00000008018
1794.0	0.0048	PTS	ENSG00000150787
1794.0	0.0048	RBMX	ENSG00000147274
1794.0	0.0048	RRP7A	ENSG00000189306
1794.0	0.0048	SGPL1	ENSG00000166224
1794.0	0.0048	SLC25A20	ENSG00000178537
1794.0	0.0048	SLC6A1	ENSG00000157103
1794.0	0.0048	SP110	ENSG00000135899
1794.0	0.0048	TDP2	ENSG00000111802
1794.0	0.0048	TSPAN12	ENSG00000106025
1794.0	0.0048	TUSC3	ENSG00000104723
1794.0	0.0048	UQCRC2	ENSG00000140740
1794.0	0.0048	ZNF408	ENSG00000175213
1794.0	0.0048	NIPA1	ENSG00000170113
1794.0	0.0048	NIPA2	ENSG00000140157
1794.0	0.0048	PREPL	ENSG00000138078
1794.0	0.0048	MYH7	ENSG00000092054
1794.0	0.0048	SELENON	ENSG00000162430
1794.0	0.0048	TTN	ENSG00000155657
1794.0	0.0048	NEK1	ENSG00000137601
1794.0	0.0048	RPL13	ENSG00000167526
1794.0	0.0048	MYL11	ENSG00000180209
1794.0	0.0048	ZBTB11	ENSG00000066422
1794.0	0.0048	CNBP	ENSG00000169714
1794.0	0.0048	VPS33B	ENSG00000184056
1794.0	0.0048	TEFM	ENSG00000172171
1794.0	0.0048	RSRC1	ENSG00000174891
1794.0	0.0048	SLC35A1	ENSG00000164414
1794.0	0.0048	ADPRS	ENSG00000116863
1794.0	0.0048	NEPRO	ENSG00000163608
1810.0	0.0047	ACE	ENSG00000159640
1810.0	0.0047	AGT	ENSG00000135744
1810.0	0.0047	AGTR1	ENSG00000144891
1810.0	0.0047	REN	ENSG00000143839
1810.0	0.0047	DDRGK1	ENSG00000198171
1810.0	0.0047	GNPTG	ENSG00000090581
1810.0	0.0047	SERAC1	ENSG00000122335
1810.0	0.0047	CEP120	ENSG00000168944
1810.0	0.0047	DYNC2I2	ENSG00000119333
1810.0	0.0047	DYNC2LI1	ENSG00000138036
1810.0	0.0047	IFT80	ENSG00000068885
1810.0	0.0047	RP11-432B6.3	ENSG00000248710
1810.0	0.0047	PDE2A	ENSG00000186642
1810.0	0.0047	CYP26C1	ENSG00000187553
1810.0	0.0047	PIGF	ENSG00000151665
1810.0	0.0047	BICD2	ENSG00000185963
1828.0	0.0046	PMM2	ENSG00000140650
1828.0	0.0046	FUS	ENSG00000089280
1828.0	0.0046	SIGMAR1	ENSG00000147955
1828.0	0.0046	SPG11	ENSG00000104133
1828.0	0.0046	SPTLC1	ENSG00000090054
1828.0	0.0046	CANT1	ENSG00000171302
1828.0	0.0046	DYNLT2B	ENSG00000213123
1828.0	0.0046	CACNA1G	ENSG00000006283
1828.0	0.0046	MECOM	ENSG00000085276
1828.0	0.0046	PDE3A	ENSG00000172572
1828.0	0.0046	BPNT2	ENSG00000104331
1828.0	0.0046	MAD1L1	ENSG00000002822
1828.0	0.0046	MIPEP	ENSG00000027001
1828.0	0.0046	MGME1	ENSG00000125871
1828.0	0.0046	MRPS34	ENSG00000074071
1828.0	0.0046	TRAPPC4	ENSG00000196655
1828.0	0.0046	TRMT1	ENSG00000104907
1828.0	0.0046	KIF22	ENSG00000079616
1846.0	0.0045	NAGS	ENSG00000161653
1846.0	0.0045	MMP9	ENSG00000100985
1846.0	0.0045	PAPSS2	ENSG00000198682
1846.0	0.0045	CHSY1	ENSG00000131873
1846.0	0.0045	GHRHR	ENSG00000106128
1846.0	0.0045	NR2E1	ENSG00000112333
1846.0	0.0045	RECK	ENSG00000122707
1846.0	0.0045	ALG12	ENSG00000182858
1846.0	0.0045	EVC2	ENSG00000173040
1846.0	0.0045	POLR1B	ENSG00000125630
1846.0	0.0045	NSF	ENSG00000073969
1846.0	0.0045	MEGF8	ENSG00000105429
1846.0	0.0045	CDX1	ENSG00000113722
1846.0	0.0045	ARNT	ENSG00000143437
1846.0	0.0045	HSD17B4	ENSG00000133835
1846.0	0.0045	PIK3CD	ENSG00000171608
1846.0	0.0045	AKAP13	ENSG00000170776
1846.0	0.0045	PSMB8	ENSG00000204264
1852.0	0.0044	EYA1	ENSG00000104313
1852.0	0.0044	PAX1	ENSG00000125813
1852.0	0.0044	LRP5L	ENSG00000100068
1852.0	0.0044	HAP1	ENSG00000173805
1852.0	0.0044	KIF15	ENSG00000163808
1852.0	0.0044	BRCC3	ENSG00000185515
1859.0	0.0043	CARM1	ENSG00000142453
1859.0	0.0043	KISS1R	ENSG00000116014
1859.0	0.0043	SOHLH1	ENSG00000165643
1859.0	0.0043	DNAAF4	ENSG00000256061
1859.0	0.0043	WDR37	ENSG00000047056
1859.0	0.0043	PKDCC	ENSG00000162878
1859.0	0.0043	COLGALT1	ENSG00000130309
1868.0	0.0042	PSEN1	ENSG00000080815
1868.0	0.0042	G6PC1	ENSG00000131482
1868.0	0.0042	PHKA2	ENSG00000044446
1868.0	0.0042	PHKG2	ENSG00000156873
1868.0	0.0042	PYGL	ENSG00000100504
1868.0	0.0042	SCARB2	ENSG00000138760
1868.0	0.0042	SLC37A4	ENSG00000137700
1868.0	0.0042	IFT57	ENSG00000114446
1868.0	0.0042	FSTL1	ENSG00000163430
1888.0	0.0041	DNMT1	ENSG00000130816
1888.0	0.0041	CBFB	ENSG00000067955
1888.0	0.0041	FOXA2	ENSG00000125798
1888.0	0.0041	TFRC	ENSG00000072274
1888.0	0.0041	LHX2	ENSG00000106689
1888.0	0.0041	TDG	ENSG00000139372
1888.0	0.0041	TULP3	ENSG00000078246
1888.0	0.0041	SLC24A3	ENSG00000185052
1888.0	0.0041	FGF16	ENSG00000196468
1888.0	0.0041	AQP2	ENSG00000167580
1888.0	0.0041	AVPR2	ENSG00000126895
1888.0	0.0041	CDIN1	ENSG00000186073
1888.0	0.0041	EHHADH	ENSG00000113790
1888.0	0.0041	H4C11	ENSG00000197238
1888.0	0.0041	PHKB	ENSG00000102893
1888.0	0.0041	SECISBP2	ENSG00000187742
1888.0	0.0041	SLC25A36	ENSG00000114120
1888.0	0.0041	SLC34A1	ENSG00000131183
1888.0	0.0041	SLC34A3	ENSG00000198569
1888.0	0.0041	TRHR	ENSG00000174417
1896.0	0.004	WNT7A	ENSG00000154764
1896.0	0.004	NABP2	ENSG00000139579
1896.0	0.004	COL27A1	ENSG00000196739
1896.0	0.004	MAGOH	ENSG00000162385
1896.0	0.004	LAMA5	ENSG00000130702
1896.0	0.004	AXIN2	ENSG00000168646
1896.0	0.004	ELAVL1	ENSG00000066044
1896.0	0.004	NOG	ENSG00000183691
1900.0	0.0039	FGF9	ENSG00000102678
1900.0	0.0039	FGR	ENSG00000000938
1900.0	0.0039	SP8	ENSG00000164651
1900.0	0.0039	EIF4A3	ENSG00000141543
1908.0	0.0038	ANAPC1	ENSG00000153107
1908.0	0.0038	SLC5A1	ENSG00000100170
1908.0	0.0038	EVC	ENSG00000072840
1908.0	0.0038	ALDOA	ENSG00000149925
1908.0	0.0038	STAT3	ENSG00000168610
1908.0	0.0038	SYCN	ENSG00000179751
1908.0	0.0038	SLMAP	ENSG00000163681
1908.0	0.0038	HTRA2	ENSG00000115317
1918.0	0.0037	BAIAP2	ENSG00000175866
1918.0	0.0037	WNT8A	ENSG00000061492
1918.0	0.0037	RBM8A	ENSG00000131795
1918.0	0.0037	ATP9A	ENSG00000054793
1918.0	0.0037	LGI4	ENSG00000153902
1918.0	0.0037	FGF18	ENSG00000156427
1918.0	0.0037	ARPC5	ENSG00000162704
1918.0	0.0037	CDKN1C	ENSG00000129757
1918.0	0.0037	SEC61A1	ENSG00000058262
1918.0	0.0037	SKIC2	ENSG00000204351
1932.0	0.0036	FZD3	ENSG00000104290
1932.0	0.0036	KDELR2	ENSG00000136240
1932.0	0.0036	SERPINE2	ENSG00000135919
1932.0	0.0036	NOS1	ENSG00000089250
1932.0	0.0036	CHST3	ENSG00000122863
1932.0	0.0036	GREM1	ENSG00000166923
1932.0	0.0036	CBS	ENSG00000160200
1932.0	0.0036	CHST11	ENSG00000171310
1932.0	0.0036	KIF1B	ENSG00000054523
1932.0	0.0036	LMX1B	ENSG00000136944
1932.0	0.0036	ORAI1	ENSG00000182500
1932.0	0.0036	KIF3A	ENSG00000131437
1932.0	0.0036	FTO	ENSG00000140718
1932.0	0.0036	TYROBP	ENSG00000011600
2007.0	0.0035	TONSL	ENSG00000160949
2007.0	0.0035	CDO1	ENSG00000129596
2007.0	0.0035	TNFSF11	ENSG00000120659
2007.0	0.0035	ABCB11	ENSG00000073734
2007.0	0.0035	ABCB6	ENSG00000115657
2007.0	0.0035	ASL	ENSG00000126522
2007.0	0.0035	ASPRV1	ENSG00000244617
2007.0	0.0035	ATP8A2	ENSG00000132932
2007.0	0.0035	ATP8B1	ENSG00000081923
2007.0	0.0035	CA8	ENSG00000178538
2007.0	0.0035	CARMIL2	ENSG00000159753
2007.0	0.0035	CASP8	ENSG00000064012
2007.0	0.0035	CAV1	ENSG00000105974
2007.0	0.0035	CDH3	ENSG00000062038
2007.0	0.0035	CEP164	ENSG00000110274
2007.0	0.0035	CLMP	ENSG00000166250
2007.0	0.0035	CLTRN	ENSG00000147003
2007.0	0.0035	COA3	ENSG00000183978
2007.0	0.0035	COL6A2	ENSG00000142173
2007.0	0.0035	CYBC1	ENSG00000178927
2007.0	0.0035	CYP19A1	ENSG00000137869
2007.0	0.0035	CYP4F22	ENSG00000171954
2007.0	0.0035	DDOST	ENSG00000244038
2007.0	0.0035	ELP2	ENSG00000134759
2007.0	0.0035	FGF23	ENSG00000118972
2007.0	0.0035	FXR1	ENSG00000114416
2007.0	0.0035	GARS1	ENSG00000106105
2007.0	0.0035	GATM	ENSG00000171766
2007.0	0.0035	GGPS1	ENSG00000152904
2007.0	0.0035	GLI1	ENSG00000111087
2007.0	0.0035	GPD1	ENSG00000167588
2007.0	0.0035	GYS2	ENSG00000111713
2007.0	0.0035	GZF1	ENSG00000125812
2007.0	0.0035	HNF4A	ENSG00000101076
2007.0	0.0035	HPRT1	ENSG00000165704
2007.0	0.0035	INVS	ENSG00000119509
2007.0	0.0035	IQCB1	ENSG00000173226
2007.0	0.0035	IRS4	ENSG00000133124
2007.0	0.0035	JAGN1	ENSG00000171135
2007.0	0.0035	JAK1	ENSG00000162434
2007.0	0.0035	KIF23	ENSG00000137807
2007.0	0.0035	LAMTOR2	ENSG00000116586
2007.0	0.0035	LIPN	ENSG00000204020
2007.0	0.0035	MYO5B	ENSG00000167306
2007.0	0.0035	NDUFA4	ENSG00000189043
2007.0	0.0035	NLRC4	ENSG00000091106
2007.0	0.0035	NPHP3	ENSG00000113971
2007.0	0.0035	NPHP4	ENSG00000131697
2007.0	0.0035	OGDH	ENSG00000105953
2007.0	0.0035	PHLDB1	ENSG00000019144
2007.0	0.0035	RACGAP1	ENSG00000161800
2007.0	0.0035	RINT1	ENSG00000135249
2007.0	0.0035	RRM2B	ENSG00000048392
2007.0	0.0035	SCN4A	ENSG00000007314
2007.0	0.0035	SHROOM4	ENSG00000158352
2007.0	0.0035	SLC12A1	ENSG00000074803
2007.0	0.0035	SLC4A1	ENSG00000004939
2007.0	0.0035	SLC6A19	ENSG00000174358
2007.0	0.0035	SLC7A7	ENSG00000155465
2007.0	0.0035	SPINK5	ENSG00000133710
2007.0	0.0035	SRD5A3	ENSG00000128039
2007.0	0.0035	STAT6	ENSG00000166888
2007.0	0.0035	TMEM38B	ENSG00000095209
2007.0	0.0035	TRAF3IP1	ENSG00000204104
2007.0	0.0035	TRPV6	ENSG00000165125
2007.0	0.0035	UBE4A	ENSG00000110344
2007.0	0.0035	UROC1	ENSG00000159650
2007.0	0.0035	SLC35D1	ENSG00000116704
2007.0	0.0035	RUSC2	ENSG00000198853
2007.0	0.0035	MFF	ENSG00000168958
2007.0	0.0035	TMEM132A	ENSG00000006118
2007.0	0.0035	KPTN	ENSG00000118162
2007.0	0.0035	PCGF3	ENSG00000185619
2007.0	0.0035	PCSK5	ENSG00000099139
2007.0	0.0035	NOS3	ENSG00000164867
2018.0	0.0034	CBY1	ENSG00000100211
2018.0	0.0034	FBXW8	ENSG00000174989
2018.0	0.0034	DNASE1L2	ENSG00000167968
2018.0	0.0034	LIG3	ENSG00000005156
2018.0	0.0034	TYMP	ENSG00000025708
2018.0	0.0034	GCN1	ENSG00000089154
2018.0	0.0034	LMBRD1	ENSG00000168216
2018.0	0.0034	PRPS1	ENSG00000147224
2018.0	0.0034	BVES	ENSG00000112276
2018.0	0.0034	MYOD1	ENSG00000129152
2018.0	0.0034	TNF	ENSG00000232810
2030.0	0.0033	CPLANE2	ENSG00000132881
2030.0	0.0033	DCAF6	ENSG00000143164
2030.0	0.0033	KL	ENSG00000133116
2030.0	0.0033	C18orf32	ENSG00000177576
2030.0	0.0033	CILK1	ENSG00000112144
2030.0	0.0033	FRS2	ENSG00000166225
2030.0	0.0033	DPP9	ENSG00000142002
2030.0	0.0033	HADH	ENSG00000138796
2030.0	0.0033	SH3PXD2B	ENSG00000174705
2030.0	0.0033	MED31	ENSG00000108590
2030.0	0.0033	EXOSC3	ENSG00000107371
2030.0	0.0033	FLVCR1	ENSG00000162769
2037.0	0.0032	NCDN	ENSG00000020129
2037.0	0.0032	ADGRG6	ENSG00000112414
2037.0	0.0032	RELA	ENSG00000173039
2037.0	0.0032	WNT8B	ENSG00000075290
2037.0	0.0032	DHFR	ENSG00000228716
2037.0	0.0032	MDH1	ENSG00000014641
2037.0	0.0032	RYK	ENSG00000163785
2052.0	0.0031	SCNN1A	ENSG00000111319
2052.0	0.0031	SCNN1B	ENSG00000168447
2052.0	0.0031	SCNN1G	ENSG00000166828
2052.0	0.0031	TKT	ENSG00000163931
2052.0	0.0031	MET	ENSG00000105976
2052.0	0.0031	COQ9	ENSG00000088682
2052.0	0.0031	SIRT1	ENSG00000096717
2052.0	0.0031	RTN4	ENSG00000115310
2052.0	0.0031	PTK2	ENSG00000169398
2052.0	0.0031	DPM1	ENSG00000000419
2052.0	0.0031	FEZF2	ENSG00000153266
2052.0	0.0031	ISLR	ENSG00000129009
2052.0	0.0031	PKD1	ENSG00000008710
2052.0	0.0031	LRP4	ENSG00000134569
2052.0	0.0031	DCX	ENSG00000077279
2065.0	0.003	SHOX2	ENSG00000168779
2065.0	0.003	FKBP8	ENSG00000105701
2065.0	0.003	SFN	ENSG00000175793
2065.0	0.003	ALK	ENSG00000171094
2065.0	0.003	RDH10	ENSG00000121039
2065.0	0.003	ESR2	ENSG00000140009
2065.0	0.003	GNL2	ENSG00000134697
2065.0	0.003	ITGB1	ENSG00000150093
2065.0	0.003	CLPS	ENSG00000137392
2065.0	0.003	TCF7L2	ENSG00000148737
2065.0	0.003	CSF1	ENSG00000184371
2065.0	0.003	SLC6A4	ENSG00000108576
2065.0	0.003	ADAM22	ENSG00000008277
2079.0	0.0029	HMGB1	ENSG00000189403
2079.0	0.0029	HS2ST1	ENSG00000153936
2079.0	0.0029	ESRRG	ENSG00000196482
2079.0	0.0029	CLSPN	ENSG00000092853
2079.0	0.0029	AGRN	ENSG00000188157
2079.0	0.0029	PRORP	ENSG00000100890
2079.0	0.0029	TGFB2	ENSG00000092969
2079.0	0.0029	SLK	ENSG00000065613
2079.0	0.0029	PPT1	ENSG00000131238
2079.0	0.0029	MED17	ENSG00000042429
2079.0	0.0029	PRDM1	ENSG00000057657
2079.0	0.0029	TRAPPC2L	ENSG00000167515
2079.0	0.0029	DVL2	ENSG00000004975
2079.0	0.0029	THRB	ENSG00000151090
2098.0	0.0028	HIC1	ENSG00000177374
2098.0	0.0028	JAG1	ENSG00000101384
2098.0	0.0028	LZIC	ENSG00000162441
2098.0	0.0028	SEPSECS	ENSG00000109618
2098.0	0.0028	FIBP	ENSG00000172500
2098.0	0.0028	JAG2	ENSG00000184916
2098.0	0.0028	TSEN15	ENSG00000198860
2098.0	0.0028	EMC1	ENSG00000127463
2098.0	0.0028	GNL3	ENSG00000163938
2098.0	0.0028	CTSA	ENSG00000064601
2098.0	0.0028	EIF3C	ENSG00000184110
2098.0	0.0028	EIF3CL	ENSG00000205609
2098.0	0.0028	TIMP2	ENSG00000035862
2098.0	0.0028	GALNS	ENSG00000141012
2098.0	0.0028	FGF10	ENSG00000070193
2098.0	0.0028	ADAMTS6	ENSG00000049192
2098.0	0.0028	CACNB1	ENSG00000067191
2098.0	0.0028	DPM2	ENSG00000136908
2098.0	0.0028	PRLR	ENSG00000113494
2118.0	0.0027	TSC2	ENSG00000103197
2118.0	0.0027	TMEM209	ENSG00000146842
2118.0	0.0027	FOXJ1	ENSG00000129654
2118.0	0.0027	ZBTB16	ENSG00000109906
2118.0	0.0027	ZDHHC13	ENSG00000177054
2118.0	0.0027	SNX3	ENSG00000112335
2118.0	0.0027	RGL1	ENSG00000143344
2118.0	0.0027	NUBP1	ENSG00000103274
2118.0	0.0027	IRF6	ENSG00000117595
2118.0	0.0027	CYP27A1	ENSG00000135929
2118.0	0.0027	PPIB	ENSG00000166794
2118.0	0.0027	GCSH	ENSG00000140905
2118.0	0.0027	HIKESHI	ENSG00000149196
2118.0	0.0027	P3H1	ENSG00000117385
2118.0	0.0027	PYGO2	ENSG00000163348
2118.0	0.0027	SLURP1	ENSG00000126233
2118.0	0.0027	CHMP1A	ENSG00000131165
2118.0	0.0027	SLC29A4	ENSG00000164638
2118.0	0.0027	RGS7	ENSG00000182901
2118.0	0.0027	SRC	ENSG00000197122
2132.0	0.0026	GLS	ENSG00000115419
2132.0	0.0026	MAB21L2	ENSG00000181541
2132.0	0.0026	SPRY2	ENSG00000136158
2132.0	0.0026	GALC	ENSG00000054983
2132.0	0.0026	RHBDF1	ENSG00000007384
2132.0	0.0026	CCDC88A	ENSG00000115355
2132.0	0.0026	SNAI1	ENSG00000124216
2132.0	0.0026	LTN1	ENSG00000198862
2132.0	0.0026	BRINP1	ENSG00000078725
2132.0	0.0026	TCOF1	ENSG00000070814
2132.0	0.0026	DLX6	ENSG00000006377
2132.0	0.0026	HOXC8	ENSG00000037965
2132.0	0.0026	PCDH19	ENSG00000165194
2132.0	0.0026	RPL28	ENSG00000108107
2155.0	0.0025	MMP16	ENSG00000156103
2155.0	0.0025	UCHL1	ENSG00000154277
2155.0	0.0025	RAB5C	ENSG00000108774
2155.0	0.0025	PPP1R12A	ENSG00000058272
2155.0	0.0025	ACP1	ENSG00000143727
2155.0	0.0025	ID4	ENSG00000172201
2155.0	0.0025	PAX9	ENSG00000198807
2155.0	0.0025	XIRP2	ENSG00000163092
2155.0	0.0025	BRD7	ENSG00000166164
2155.0	0.0025	CASC3	ENSG00000108349
2155.0	0.0025	PFDN1	ENSG00000113068
2155.0	0.0025	RAB34	ENSG00000109113
2155.0	0.0025	SFRP2	ENSG00000145423
2155.0	0.0025	PLA2G6	ENSG00000184381
2155.0	0.0025	AGPS	ENSG00000018510
2155.0	0.0025	LLGL1	ENSG00000131899
2155.0	0.0025	AP1G1	ENSG00000166747
2155.0	0.0025	RND3	ENSG00000115963
2155.0	0.0025	COX17	ENSG00000138495
2155.0	0.0025	DSP	ENSG00000096696
2155.0	0.0025	NDRG3	ENSG00000101079
2155.0	0.0025	TFEC	ENSG00000105967
2155.0	0.0025	HNRNPR	ENSG00000125944
2180.0	0.0024	LBX1	ENSG00000138136
2180.0	0.0024	GCH1	ENSG00000131979
2180.0	0.0024	SIK3	ENSG00000160584
2180.0	0.0024	PAFAH1B1	ENSG00000007168
2180.0	0.0024	PIGL	ENSG00000108474
2180.0	0.0024	PIGV	ENSG00000060642
2180.0	0.0024	PIGW	ENSG00000184886
2180.0	0.0024	PIGY	ENSG00000255072
2180.0	0.0024	FAM91A1	ENSG00000176853
2180.0	0.0024	PES1	ENSG00000100029
2180.0	0.0024	NAT16	ENSG00000167011
2180.0	0.0024	ESRP1	ENSG00000104413
2180.0	0.0024	GOLPH3	ENSG00000113384
2180.0	0.0024	ATXN1	ENSG00000124788
2180.0	0.0024	TLX3	ENSG00000164438
2180.0	0.0024	SFPQ	ENSG00000116560
2180.0	0.0024	HAND2	ENSG00000164107
2180.0	0.0024	NEMF	ENSG00000165525
2180.0	0.0024	RPS8	ENSG00000142937
2180.0	0.0024	SUZ12	ENSG00000178691
2180.0	0.0024	TRAM2	ENSG00000065308
2180.0	0.0024	PSAP	ENSG00000197746
2180.0	0.0024	PRKAB1	ENSG00000111725
2180.0	0.0024	OTX1	ENSG00000115507
2180.0	0.0024	APPL1	ENSG00000157500
2205.0	0.0023	RUNX1	ENSG00000159216
2205.0	0.0023	ANO1	ENSG00000131620
2205.0	0.0023	PSME3IP1	ENSG00000172775
2205.0	0.0023	CDH1	ENSG00000039068
2205.0	0.0023	SLCO1C1	ENSG00000139155
2205.0	0.0023	MEOX2	ENSG00000106511
2205.0	0.0023	ANOS1	ENSG00000011201
2205.0	0.0023	ADCYAP1	ENSG00000141433
2205.0	0.0023	ZSWIM6	ENSG00000130449
2205.0	0.0023	BMP7	ENSG00000101144
2205.0	0.0023	APAF1	ENSG00000120868
2205.0	0.0023	COG2	ENSG00000135775
2205.0	0.0023	DUOXA2	ENSG00000140274
2205.0	0.0023	EXOC2	ENSG00000112685
2205.0	0.0023	BARX2	ENSG00000043039
2205.0	0.0023	ISYNA1	ENSG00000105655
2205.0	0.0023	CD36	ENSG00000135218
2205.0	0.0023	CYP26A1	ENSG00000095596
2205.0	0.0023	MDM4	ENSG00000198625
2205.0	0.0023	ZDHHC15	ENSG00000102383
2205.0	0.0023	ARID5B	ENSG00000150347
2205.0	0.0023	VEGFA	ENSG00000112715
2205.0	0.0023	BMPER	ENSG00000164619
2205.0	0.0023	MAF1	ENSG00000179632
2205.0	0.0023	CLEC16A	ENSG00000038532
2236.0	0.0022	IFT122	ENSG00000163913
2236.0	0.0022	MBD4	ENSG00000129071
2236.0	0.0022	FGF20	ENSG00000078579
2236.0	0.0022	EXOSC8	ENSG00000120699
2236.0	0.0022	SLC25A46	ENSG00000164209
2236.0	0.0022	EIF2B1	ENSG00000111361
2236.0	0.0022	TWSG1	ENSG00000128791
2236.0	0.0022	MYO7A	ENSG00000137474
2236.0	0.0022	MTMR2	ENSG00000087053
2236.0	0.0022	SLBP	ENSG00000163950
2236.0	0.0022	TBC1D25	ENSG00000068354
2236.0	0.0022	APC2	ENSG00000115266
2236.0	0.0022	NSD1	ENSG00000165671
2236.0	0.0022	RABL2A	ENSG00000144134
2236.0	0.0022	RABL2B	ENSG00000079974
2236.0	0.0022	PIAS2	ENSG00000078043
2236.0	0.0022	TMEM30A	ENSG00000112697
2236.0	0.0022	HTR2C	ENSG00000147246
2236.0	0.0022	PNPLA8	ENSG00000135241
2236.0	0.0022	CRLS1	ENSG00000088766
2236.0	0.0022	MIB1	ENSG00000101752
2236.0	0.0022	ASPHD1	ENSG00000174939
2236.0	0.0022	KDF1	ENSG00000175707
2236.0	0.0022	DEF6	ENSG00000023892
2236.0	0.0022	VPS25	ENSG00000131475
2236.0	0.0022	USP43	ENSG00000154914
2236.0	0.0022	RPL10A	ENSG00000198755
2236.0	0.0022	FGFR1OP2	ENSG00000111790
2236.0	0.0022	CEBPA	ENSG00000245848
2236.0	0.0022	RPL34	ENSG00000109475
2236.0	0.0022	RHOA	ENSG00000067560
2259.0	0.0021	PRR21	ENSG00000221961
2259.0	0.0021	HPSE2	ENSG00000172987
2259.0	0.0021	GDF11	ENSG00000135414
2259.0	0.0021	NTRK1	ENSG00000198400
2259.0	0.0021	TTBK2	ENSG00000128881
2259.0	0.0021	FUZ	ENSG00000010361
2259.0	0.0021	EDA	ENSG00000158813
2259.0	0.0021	PRODH2	ENSG00000250799
2259.0	0.0021	FA2H	ENSG00000103089
2259.0	0.0021	NPC1	ENSG00000141458
2259.0	0.0021	NEUROG1	ENSG00000181965
2259.0	0.0021	ARL6IP6	ENSG00000177917
2259.0	0.0021	GNA11	ENSG00000088256
2259.0	0.0021	TRAPPC2	ENSG00000196459
2259.0	0.0021	MFN2	ENSG00000116688
2259.0	0.0021	CSF1R	ENSG00000182578
2259.0	0.0021	TUBGCP2	ENSG00000130640
2259.0	0.0021	XDH	ENSG00000158125
2259.0	0.0021	WASF1	ENSG00000112290
2259.0	0.0021	WFS1	ENSG00000109501
2259.0	0.0021	TCF7	ENSG00000081059
2259.0	0.0021	ZFHX4	ENSG00000091656
2259.0	0.0021	LMO4	ENSG00000143013
2303.0	0.002	SLC39A2	ENSG00000165794
2303.0	0.002	APEX1	ENSG00000100823
2303.0	0.002	NPAT	ENSG00000149308
2303.0	0.002	ARL16	ENSG00000214087
2303.0	0.002	ZNF469	ENSG00000225614
2303.0	0.002	PBXIP1	ENSG00000163346
2303.0	0.002	FOS	ENSG00000170345
2303.0	0.002	SP4	ENSG00000105866
2303.0	0.002	TMEFF2	ENSG00000144339
2303.0	0.002	CA9	ENSG00000107159
2303.0	0.002	RPL6	ENSG00000089009
2303.0	0.002	SLC39A1	ENSG00000143570
2303.0	0.002	DENND10	ENSG00000119979
2303.0	0.002	DENND10P1	ENSG00000221930
2303.0	0.002	PLXNA3	ENSG00000130827
2303.0	0.002	CNP	ENSG00000173786
2303.0	0.002	MLTK	ENSG00000091436
2303.0	0.002	CNPY4	ENSG00000166997
2303.0	0.002	VPS50	ENSG00000004766
2303.0	0.002	DLG4	ENSG00000132535
2303.0	0.002	EED	ENSG00000074266
2303.0	0.002	ITGB1BP1	ENSG00000119185
2303.0	0.002	SLC44A5	ENSG00000137968
2303.0	0.002	DMRTA2	ENSG00000142700
2303.0	0.002	PTP4A2	ENSG00000184007
2303.0	0.002	NUBP2	ENSG00000095906
2303.0	0.002	CSH1	ENSG00000136488
2303.0	0.002	CSH2	ENSG00000213218
2303.0	0.002	CSHL1	ENSG00000204414
2303.0	0.002	GH2	ENSG00000136487
2303.0	0.002	PRICKLE1	ENSG00000139174
2303.0	0.002	YY1	ENSG00000100811
2303.0	0.002	DDX56	ENSG00000136271
2303.0	0.002	EPCAM	ENSG00000119888
2303.0	0.002	GMNC	ENSG00000205835
2303.0	0.002	PCDH7	ENSG00000169851
2303.0	0.002	HMGN3	ENSG00000118418
2303.0	0.002	COL4A2	ENSG00000134871
2303.0	0.002	GNG3	ENSG00000162188
2303.0	0.002	EGFR	ENSG00000146648
2303.0	0.002	NMUR2	ENSG00000132911
2303.0	0.002	AGPAT2	ENSG00000169692
2303.0	0.002	BSCL2	ENSG00000168000
2303.0	0.002	MCHR1	ENSG00000128285
2353.0	0.0019	KLHL40	ENSG00000157119
2353.0	0.0019	GULOP	ENSG00000234770
2353.0	0.0019	GRPEL1	ENSG00000109519
2353.0	0.0019	HACD2	ENSG00000206527
2353.0	0.0019	SNX27	ENSG00000143376
2353.0	0.0019	SOCS1	ENSG00000185338
2353.0	0.0019	SIGLEC14	ENSG00000254415
2353.0	0.0019	KIF17	ENSG00000117245
2353.0	0.0019	UPF3B	ENSG00000125351
2353.0	0.0019	SLC4A10	ENSG00000144290
2353.0	0.0019	HS6ST1	ENSG00000136720
2353.0	0.0019	KCTD10	ENSG00000110906
2353.0	0.0019	MYO5A	ENSG00000197535
2353.0	0.0019	MN1	ENSG00000169184
2353.0	0.0019	CCT5	ENSG00000150753
2353.0	0.0019	FBXL19	ENSG00000099364
2353.0	0.0019	FKBP11	ENSG00000134285
2353.0	0.0019	CIMAP1B	ENSG00000177989
2353.0	0.0019	SMN1	ENSG00000172062
2353.0	0.0019	SMN2	ENSG00000205571
2353.0	0.0019	CSE1L	ENSG00000124207
2353.0	0.0019	JAM3	ENSG00000166086
2353.0	0.0019	TRAP1	ENSG00000126602
2353.0	0.0019	FBXO41	ENSG00000163013
2353.0	0.0019	ELMOD1	ENSG00000110675
2353.0	0.0019	GRIA2	ENSG00000120251
2353.0	0.0019	HGD	ENSG00000113924
2353.0	0.0019	AMELX	ENSG00000125363
2353.0	0.0019	HOXD9	ENSG00000128709
2353.0	0.0019	COMMD2	ENSG00000114744
2353.0	0.0019	TBR1	ENSG00000136535
2353.0	0.0019	FOXN3	ENSG00000053254
2353.0	0.0019	CST6	ENSG00000175315
2353.0	0.0019	IL2RB	ENSG00000100385
2353.0	0.0019	ASS1	ENSG00000130707
2353.0	0.0019	GPR161	ENSG00000143147
2353.0	0.0019	GART	ENSG00000159131
2353.0	0.0019	DISC1	ENSG00000162946
2353.0	0.0019	MICOS13	ENSG00000174917
2353.0	0.0019	ARHGAP5	ENSG00000100852
2353.0	0.0019	PMPCB	ENSG00000105819
2353.0	0.0019	NT5DC2	ENSG00000168268
2353.0	0.0019	AGPAT1	ENSG00000204310
2353.0	0.0019	PTPRS	ENSG00000105426
2353.0	0.0019	BCS1L	ENSG00000074582
2353.0	0.0019	BTBD7	ENSG00000011114
2353.0	0.0019	FERMT1	ENSG00000101311
2353.0	0.0019	DEGS1	ENSG00000143753
2353.0	0.0019	EMX2	ENSG00000170370
2353.0	0.0019	RALA	ENSG00000006451
2411.0	0.0018	BARHL2	ENSG00000143032
2411.0	0.0018	CHRNE	ENSG00000108556
2411.0	0.0018	MYCBP2	ENSG00000005810
2411.0	0.0018	NOP53	ENSG00000105373
2411.0	0.0018	CAVIN1	ENSG00000177469
2411.0	0.0018	PPARG	ENSG00000132170
2411.0	0.0018	ADGRG7	ENSG00000144820
2411.0	0.0018	ANGPTL8	ENSG00000130173
2411.0	0.0018	GPAM	ENSG00000119927
2411.0	0.0018	LGMN	ENSG00000100600
2411.0	0.0018	PLAGL2	ENSG00000126003
2411.0	0.0018	SRSF7	ENSG00000115875
2411.0	0.0018	KRT5	ENSG00000186081
2411.0	0.0018	POFUT1	ENSG00000101346
2411.0	0.0018	POGLUT1	ENSG00000163389
2411.0	0.0018	PSENEN	ENSG00000205155
2411.0	0.0018	CWF19L1	ENSG00000095485
2411.0	0.0018	LRP1	ENSG00000123384
2411.0	0.0018	PDS5B	ENSG00000083642
2411.0	0.0018	HAND1	ENSG00000113196
2411.0	0.0018	KLHL17	ENSG00000187961
2411.0	0.0018	TMLHE	ENSG00000185973
2411.0	0.0018	CELF1	ENSG00000149187
2411.0	0.0018	CLCNKB	ENSG00000184908
2411.0	0.0018	SNAPIN	ENSG00000143553
2411.0	0.0018	ATF4	ENSG00000128272
2411.0	0.0018	CDK20	ENSG00000156345
2411.0	0.0018	TRIB2	ENSG00000071575
2411.0	0.0018	LRIG3	ENSG00000139263
2411.0	0.0018	FGF22	ENSG00000070388
2411.0	0.0018	AP1G2	ENSG00000213983
2411.0	0.0018	ZC3H6	ENSG00000188177
2411.0	0.0018	KIF16B	ENSG00000089177
2411.0	0.0018	SLC30A5	ENSG00000145740
2411.0	0.0018	TBC1D5	ENSG00000131374
2411.0	0.0018	RPL29	ENSG00000162244
2411.0	0.0018	FMO5	ENSG00000131781
2411.0	0.0018	RAPGEF3	ENSG00000079337
2411.0	0.0018	GBX2	ENSG00000168505
2411.0	0.0018	NGFR	ENSG00000064300
2411.0	0.0018	NFKBIL1	ENSG00000204498
2411.0	0.0018	ITPRID2	ENSG00000138434
2411.0	0.0018	CIBAR1	ENSG00000188343
2411.0	0.0018	USP25	ENSG00000155313
2411.0	0.0018	PRMT5	ENSG00000100462
2411.0	0.0018	DST	ENSG00000151914
2411.0	0.0018	EIF2B5	ENSG00000145191
2411.0	0.0018	P2RY8	ENSG00000182162
2411.0	0.0018	PALS1	ENSG00000072415
2411.0	0.0018	KCNJ11	ENSG00000187486
2411.0	0.0018	TPO	ENSG00000115705
2411.0	0.0018	PRSS48	ENSG00000189099
2411.0	0.0018	CRELD2	ENSG00000184164
2411.0	0.0018	ST14	ENSG00000149418
2411.0	0.0018	NCOA6	ENSG00000198646
2411.0	0.0018	TCF20	ENSG00000100207
2411.0	0.0018	PRKACA	ENSG00000072062
2411.0	0.0018	PRKACB	ENSG00000142875
2457.0	0.0017	CFL1	ENSG00000172757
2457.0	0.0017	TADA2A	ENSG00000108264
2457.0	0.0017	NPPA	ENSG00000175206
2457.0	0.0017	TIMP1	ENSG00000102265
2457.0	0.0017	SPRY4	ENSG00000187678
2457.0	0.0017	DNAJC9	ENSG00000213551
2457.0	0.0017	PMP22	ENSG00000109099
2457.0	0.0017	PLPBP	ENSG00000147471
2457.0	0.0017	PELI1	ENSG00000197329
2457.0	0.0017	SRSF2	ENSG00000161547
2457.0	0.0017	USP14	ENSG00000101557
2457.0	0.0017	TYRO3	ENSG00000092445
2457.0	0.0017	TRPC3	ENSG00000138741
2457.0	0.0017	ARHGAP17	ENSG00000140750
2457.0	0.0017	CHD1	ENSG00000153922
2457.0	0.0017	PDZD8	ENSG00000165650
2457.0	0.0017	MTM1	ENSG00000171100
2457.0	0.0017	EML1	ENSG00000066629
2457.0	0.0017	TSN	ENSG00000211460
2457.0	0.0017	TACC3	ENSG00000013810
2457.0	0.0017	AK7	ENSG00000140057
2457.0	0.0017	GNAQ	ENSG00000156052
2457.0	0.0017	MOGS	ENSG00000115275
2457.0	0.0017	DNAAF2	ENSG00000165506
2457.0	0.0017	PANK2	ENSG00000125779
2457.0	0.0017	NCAPH2	ENSG00000025770
2457.0	0.0017	HMGCS2	ENSG00000134240
2457.0	0.0017	CTSL	ENSG00000135047
2457.0	0.0017	CTSV	ENSG00000136943
2457.0	0.0017	ATP5PO	ENSG00000241837
2457.0	0.0017	CERT1	ENSG00000113163
2457.0	0.0017	HSPD1	ENSG00000144381
2457.0	0.0017	SLC18A2	ENSG00000165646
2457.0	0.0017	ODAPH	ENSG00000174792
2457.0	0.0017	FSD1L	ENSG00000106701
2457.0	0.0017	DAB1	ENSG00000173406
2457.0	0.0017	PCSK1	ENSG00000175426
2457.0	0.0017	TAB1	ENSG00000100324
2457.0	0.0017	HTT	ENSG00000197386
2457.0	0.0017	PSTPIP2	ENSG00000152229
2457.0	0.0017	HYDIN	ENSG00000157423
2457.0	0.0017	DNAH5	ENSG00000039139
2457.0	0.0017	E2F3	ENSG00000112242
2457.0	0.0017	SLC43A2	ENSG00000167703
2457.0	0.0017	DPH6	ENSG00000134146
2457.0	0.0017	REXO1	ENSG00000079313
2517.0	0.0016	MCIDAS	ENSG00000234602
2517.0	0.0016	AIP	ENSG00000110711
2517.0	0.0016	MEN1	ENSG00000133895
2517.0	0.0016	DSCAM	ENSG00000171587
2517.0	0.0016	FBL	ENSG00000105202
2517.0	0.0016	LAMC2	ENSG00000058085
2517.0	0.0016	FRMPD1	ENSG00000070601
2517.0	0.0016	DMD	ENSG00000198947
2517.0	0.0016	TENM4	ENSG00000149256
2517.0	0.0016	G0S2	ENSG00000123689
2517.0	0.0016	DIS3L2	ENSG00000144535
2517.0	0.0016	POSTN	ENSG00000133110
2517.0	0.0016	ATP7B	ENSG00000123191
2517.0	0.0016	MEFV	ENSG00000103313
2517.0	0.0016	SECISBP2L	ENSG00000138593
2517.0	0.0016	ZNF423	ENSG00000102935
2517.0	0.0016	BLTP1	ENSG00000138688
2517.0	0.0016	TOP2B	ENSG00000077097
2517.0	0.0016	GABRA1	ENSG00000022355
2517.0	0.0016	CHD8	ENSG00000100888
2517.0	0.0016	ZMYND10	ENSG00000004838
2517.0	0.0016	PBX1	ENSG00000185630
2517.0	0.0016	ABHD11	ENSG00000106077
2517.0	0.0016	OR4K2	ENSG00000165762
2517.0	0.0016	C16orf92	ENSG00000167194
2517.0	0.0016	DOC2A	ENSG00000149927
2517.0	0.0016	DSG4	ENSG00000175065
2517.0	0.0016	MMP17	ENSG00000198598
2517.0	0.0016	MPI	ENSG00000178802
2517.0	0.0016	ACBD5	ENSG00000107897
2517.0	0.0016	CC2D1A	ENSG00000132024
2517.0	0.0016	MPC1	ENSG00000060762
2517.0	0.0016	GGT1	ENSG00000100031
2517.0	0.0016	GGT2P	ENSG00000133475
2517.0	0.0016	GGT3P	ENSG00000197421
2517.0	0.0016	GGTLC1	ENSG00000149435
2517.0	0.0016	GGTLC2	ENSG00000100121
2517.0	0.0016	GGTLC3	ENSG00000183038
2517.0	0.0016	NFIA	ENSG00000162599
2517.0	0.0016	TRIM67	ENSG00000119283
2517.0	0.0016	YWHAE	ENSG00000108953
2517.0	0.0016	CDK5R1	ENSG00000176749
2517.0	0.0016	DLL4	ENSG00000128917
2517.0	0.0016	EOGT	ENSG00000163378
2517.0	0.0016	NOTCH1	ENSG00000148400
2517.0	0.0016	PLK2	ENSG00000145632
2517.0	0.0016	RAX	ENSG00000134438
2517.0	0.0016	FGF2	ENSG00000138685
2517.0	0.0016	DUSP6	ENSG00000139318
2517.0	0.0016	DHRS3	ENSG00000162496
2517.0	0.0016	SLC13A1	ENSG00000081800
2517.0	0.0016	CASP3	ENSG00000164305
2517.0	0.0016	PPM1E	ENSG00000175175
2517.0	0.0016	CLCN1	ENSG00000188037
2517.0	0.0016	LAMA2	ENSG00000196569
2517.0	0.0016	PTPRO	ENSG00000151490
2517.0	0.0016	PSEN2	ENSG00000143801
2517.0	0.0016	GRID2	ENSG00000152208
2517.0	0.0016	CCNO	ENSG00000152669
2517.0	0.0016	BMPR2	ENSG00000204217
2584.0	0.0015	SOCS2	ENSG00000120833
2584.0	0.0015	GPR50	ENSG00000102195
2584.0	0.0015	AJUBA	ENSG00000129474
2584.0	0.0015	CCL4	ENSG00000129277
2584.0	0.0015	CCL4L1	ENSG00000205020
2584.0	0.0015	CCL4L2	ENSG00000197262
2584.0	0.0015	CEP55	ENSG00000138180
2584.0	0.0015	EZH2	ENSG00000106462
2584.0	0.0015	ADRA2B	ENSG00000222040
2584.0	0.0015	GHRH	ENSG00000118702
2584.0	0.0015	ALKBH1	ENSG00000100601
2584.0	0.0015	DUSP3	ENSG00000108861
2584.0	0.0015	EDARADD	ENSG00000186197
2584.0	0.0015	ITSN1	ENSG00000205726
2584.0	0.0015	FBF1	ENSG00000188878
2584.0	0.0015	CYFIP1	ENSG00000068793
2584.0	0.0015	MYC	ENSG00000136997
2584.0	0.0015	CAST	ENSG00000153113
2584.0	0.0015	HAPLN1	ENSG00000145681
2584.0	0.0015	RPL24	ENSG00000114391
2584.0	0.0015	ST8SIA3	ENSG00000177511
2584.0	0.0015	SS18L1	ENSG00000184402
2584.0	0.0015	SLC6A5	ENSG00000165970
2584.0	0.0015	PAPPA	ENSG00000182752
2584.0	0.0015	ARSK	ENSG00000164291
2584.0	0.0015	GATA2	ENSG00000179348
2584.0	0.0015	SNRK	ENSG00000163788
2584.0	0.0015	IL10	ENSG00000136634
2584.0	0.0015	KDM6B	ENSG00000132510
2584.0	0.0015	SGTA	ENSG00000104969
2584.0	0.0015	SLC36A2	ENSG00000186335
2584.0	0.0015	VWC2L	ENSG00000174453
2584.0	0.0015	CCDC65	ENSG00000139537
2584.0	0.0015	ABCC9	ENSG00000069431
2584.0	0.0015	AHI1	ENSG00000135541
2584.0	0.0015	ATE1	ENSG00000107669
2584.0	0.0015	BHMT	ENSG00000145692
2584.0	0.0015	GGA1	ENSG00000100083
2584.0	0.0015	GGA3	ENSG00000125447
2584.0	0.0015	HADHB	ENSG00000138029
2584.0	0.0015	HELZ2	ENSG00000130589
2584.0	0.0015	HMCES	ENSG00000183624
2584.0	0.0015	KDM5B	ENSG00000117139
2584.0	0.0015	KLF3	ENSG00000109787
2584.0	0.0015	LYNX1	ENSG00000180155
2584.0	0.0015	MPZL1	ENSG00000197965
2584.0	0.0015	POPDC2	ENSG00000121577
2584.0	0.0015	PPP1R13B	ENSG00000088808
2584.0	0.0015	RGS5	ENSG00000143248
2584.0	0.0015	RHBDF2	ENSG00000129667
2584.0	0.0015	SLC30A7	ENSG00000162695
2584.0	0.0015	TARDBP	ENSG00000120948
2584.0	0.0015	TAX1BP1	ENSG00000106052
2584.0	0.0015	UCP2	ENSG00000175567
2584.0	0.0015	CD47	ENSG00000196776
2584.0	0.0015	NDRG1	ENSG00000104419
2584.0	0.0015	SMARCAD1	ENSG00000163104
2584.0	0.0015	RCAN2	ENSG00000172348
2584.0	0.0015	ARB2A	ENSG00000113391
2584.0	0.0015	XRCC6	ENSG00000196419
2584.0	0.0015	IBSP	ENSG00000029559
2584.0	0.0015	HOXC13	ENSG00000123364
2584.0	0.0015	TBXT	ENSG00000164458
2584.0	0.0015	ARHGAP33	ENSG00000004777
2584.0	0.0015	PGR	ENSG00000082175
2584.0	0.0015	MARVELD3	ENSG00000140832
2584.0	0.0015	SIN3B	ENSG00000127511
2668.0	0.0014	DRD1	ENSG00000184845
2668.0	0.0014	PITPNC1	ENSG00000154217
2668.0	0.0014	LGI1	ENSG00000108231
2668.0	0.0014	CDH2	ENSG00000170558
2668.0	0.0014	GPC3	ENSG00000147257
2668.0	0.0014	PCDH10	ENSG00000138650
2668.0	0.0014	CCDC39	ENSG00000145075
2668.0	0.0014	BCLAF1	ENSG00000029363
2668.0	0.0014	RASA1	ENSG00000145715
2668.0	0.0014	CXXC5	ENSG00000171604
2668.0	0.0014	DNAJB12	ENSG00000148719
2668.0	0.0014	CEP41	ENSG00000106477
2668.0	0.0014	LGR4	ENSG00000205213
2668.0	0.0014	NFIC	ENSG00000141905
2668.0	0.0014	RORA	ENSG00000069667
2668.0	0.0014	RHOBTB3	ENSG00000164292
2668.0	0.0014	MYH11	ENSG00000133392
2668.0	0.0014	RGS10	ENSG00000148908
2668.0	0.0014	RXRA	ENSG00000186350
2668.0	0.0014	MYB	ENSG00000118513
2668.0	0.0014	SEMA3A	ENSG00000075213
2668.0	0.0014	PATZ1	ENSG00000100105
2668.0	0.0014	INPP4A	ENSG00000040933
2668.0	0.0014	MAK16	ENSG00000198042
2668.0	0.0014	NSMF	ENSG00000165802
2668.0	0.0014	REEP5	ENSG00000129625
2668.0	0.0014	MARCKS	ENSG00000155130
2668.0	0.0014	STK36	ENSG00000163482
2668.0	0.0014	NCOA3	ENSG00000124151
2668.0	0.0014	TMPO	ENSG00000120802
2668.0	0.0014	SPAG6	ENSG00000077327
2668.0	0.0014	MATCAP1	ENSG00000196123
2668.0	0.0014	OTC	ENSG00000036473
2668.0	0.0014	CCND1	ENSG00000110092
2668.0	0.0014	OPRM1	ENSG00000112038
2668.0	0.0014	UTP11	ENSG00000183520
2668.0	0.0014	OLFM1	ENSG00000130558
2668.0	0.0014	MMP1	ENSG00000196611
2668.0	0.0014	OTP	ENSG00000171540
2668.0	0.0014	RAB5B	ENSG00000111540
2668.0	0.0014	BYSL	ENSG00000112578
2668.0	0.0014	LARS2	ENSG00000011376
2668.0	0.0014	KIF6	ENSG00000164627
2668.0	0.0014	ANKFY1	ENSG00000185722
2668.0	0.0014	RARA	ENSG00000131759
2668.0	0.0014	IL2RA	ENSG00000134460
2668.0	0.0014	MBTD1	ENSG00000011258
2668.0	0.0014	CHST14	ENSG00000169105
2668.0	0.0014	GALNT3	ENSG00000115339
2668.0	0.0014	CXCR4	ENSG00000121966
2668.0	0.0014	SVEP1	ENSG00000165124
2668.0	0.0014	WWP2	ENSG00000198373
2668.0	0.0014	LAMB1	ENSG00000091136
2668.0	0.0014	MFSD12	ENSG00000161091
2668.0	0.0014	HES6	ENSG00000144485
2668.0	0.0014	TICRR	ENSG00000140534
2668.0	0.0014	SUCO	ENSG00000094975
2668.0	0.0014	RPS6KB1	ENSG00000108443
2668.0	0.0014	POLR1F	ENSG00000105849
2668.0	0.0014	ZNF474	ENSG00000164185
2668.0	0.0014	CABLES1	ENSG00000134508
2668.0	0.0014	LAMA3	ENSG00000053747
2668.0	0.0014	LAMB3	ENSG00000196878
2668.0	0.0014	EPHB1	ENSG00000154928
2668.0	0.0014	HECW2	ENSG00000138411
2668.0	0.0014	ZC3H8	ENSG00000144161
2668.0	0.0014	MEMO1	ENSG00000162959
2668.0	0.0014	LY96	ENSG00000154589
2668.0	0.0014	NECTIN1	ENSG00000110400
2668.0	0.0014	SP6	ENSG00000189120
2668.0	0.0014	TP73	ENSG00000078900
2668.0	0.0014	ULK4	ENSG00000168038
2668.0	0.0014	HAT1	ENSG00000128708
2668.0	0.0014	FSCN1	ENSG00000075618
2668.0	0.0014	ZDHHC9	ENSG00000188706
2668.0	0.0014	BNC2	ENSG00000173068
2668.0	0.0014	SOX6	ENSG00000110693
2668.0	0.0014	SLC7A6	ENSG00000103064
2668.0	0.0014	ADCK2	ENSG00000133597
2668.0	0.0014	CCP110	ENSG00000103540
2668.0	0.0014	GSK3B	ENSG00000082701
2668.0	0.0014	ANP32B	ENSG00000136938
2668.0	0.0014	POU3F2	ENSG00000184486
2668.0	0.0014	LIN28A	ENSG00000131914
2782.0	0.0013	TMEM119	ENSG00000183160
2782.0	0.0013	NOSIP	ENSG00000142546
2782.0	0.0013	SOX8	ENSG00000005513
2782.0	0.0013	EMX1	ENSG00000135638
2782.0	0.0013	KRT26	ENSG00000186393
2782.0	0.0013	CCN2	ENSG00000118523
2782.0	0.0013	SHISA2	ENSG00000180730
2782.0	0.0013	CAMSAP2	ENSG00000118200
2782.0	0.0013	SGIP1	ENSG00000118473
2782.0	0.0013	TH	ENSG00000180176
2782.0	0.0013	KDM4B	ENSG00000127663
2782.0	0.0013	ABAT	ENSG00000183044
2782.0	0.0013	ABCC6	ENSG00000091262
2782.0	0.0013	TYRP1	ENSG00000107165
2782.0	0.0013	EBF1	ENSG00000164330
2782.0	0.0013	GPR26	ENSG00000154478
2782.0	0.0013	ANKRD20A3P	ENSG00000132498
2782.0	0.0013	DACT3	ENSG00000197380
2782.0	0.0013	HECTD4	ENSG00000173064
2782.0	0.0013	KMT2E	ENSG00000005483
2782.0	0.0013	EEFSEC	ENSG00000132394
2782.0	0.0013	ALG10	ENSG00000139133
2782.0	0.0013	ALG10B	ENSG00000175548
2782.0	0.0013	UQCC3	ENSG00000204922
2782.0	0.0013	LMF1	ENSG00000103227
2782.0	0.0013	STRADA	ENSG00000266173
2782.0	0.0013	PAGR1	ENSG00000185928
2782.0	0.0013	PPM1L	ENSG00000163590
2782.0	0.0013	ZNF669	ENSG00000188295
2782.0	0.0013	GPR101	ENSG00000165370
2782.0	0.0013	NEUROD4	ENSG00000123307
2782.0	0.0013	THAP11	ENSG00000168286
2782.0	0.0013	PTK7	ENSG00000112655
2782.0	0.0013	EDNRA	ENSG00000151617
2782.0	0.0013	ZIC5	ENSG00000139800
2782.0	0.0013	MYOF	ENSG00000138119
2782.0	0.0013	ZNF385C	ENSG00000187595
2782.0	0.0013	OFCC1	ENSG00000181355
2782.0	0.0013	ZIC3	ENSG00000156925
2782.0	0.0013	ISG20L2	ENSG00000143319
2782.0	0.0013	NEB	ENSG00000183091
2782.0	0.0013	PTPN6	ENSG00000111679
2782.0	0.0013	DRC1	ENSG00000157856
2782.0	0.0013	PTH	ENSG00000152266
2782.0	0.0013	HNRNPA3	ENSG00000170144
2782.0	0.0013	PRKRA	ENSG00000180228
2782.0	0.0013	BTAF1	ENSG00000095564
2782.0	0.0013	PRDM5	ENSG00000138738
2782.0	0.0013	ARFGEF1	ENSG00000066777
2782.0	0.0013	AGTRAP	ENSG00000177674
2782.0	0.0013	NF2	ENSG00000186575
2782.0	0.0013	USP1	ENSG00000162607
2782.0	0.0013	UGT8	ENSG00000174607
2782.0	0.0013	FLT3	ENSG00000122025
2782.0	0.0013	CSNK1A1	ENSG00000113712
2782.0	0.0013	PLOD1	ENSG00000083444
2782.0	0.0013	ITPR3	ENSG00000096433
2782.0	0.0013	MAN2B1	ENSG00000104774
2782.0	0.0013	WFIKKN1	ENSG00000127578
2782.0	0.0013	INPP5A	ENSG00000068383
2782.0	0.0013	COL13A1	ENSG00000197467
2782.0	0.0013	CHRD	ENSG00000090539
2782.0	0.0013	GGT6	ENSG00000167741
2782.0	0.0013	COQ5	ENSG00000110871
2782.0	0.0013	ANO6	ENSG00000177119
2782.0	0.0013	SLC12A2	ENSG00000064651
2782.0	0.0013	MYO10	ENSG00000145555
2782.0	0.0013	CEP85L	ENSG00000111860
2782.0	0.0013	NPAS3	ENSG00000151322
2782.0	0.0013	ARRB1	ENSG00000137486
2782.0	0.0013	DPCD	ENSG00000166171
2782.0	0.0013	PHF20	ENSG00000025293
2782.0	0.0013	NRDC	ENSG00000078618
2782.0	0.0013	SKOR2	ENSG00000215474
2782.0	0.0013	CENPB	ENSG00000125817
2782.0	0.0013	SLC35F6	ENSG00000213699
2782.0	0.0013	SPTB	ENSG00000070182
2782.0	0.0013	CAPRIN2	ENSG00000110888
2782.0	0.0013	HEPACAM	ENSG00000165478
2782.0	0.0013	JUN	ENSG00000177606
2782.0	0.0013	KMT5A	ENSG00000183955
2782.0	0.0013	MLC1	ENSG00000100427
2782.0	0.0013	COL17A1	ENSG00000065618
2782.0	0.0013	NONO	ENSG00000147140
2782.0	0.0013	TCF21	ENSG00000118526
2782.0	0.0013	PCDH15	ENSG00000150275
2782.0	0.0013	MAZ	ENSG00000103495
2782.0	0.0013	CASP9	ENSG00000132906
2782.0	0.0013	ADAM17	ENSG00000151694
2782.0	0.0013	GSX2	ENSG00000180613
2782.0	0.0013	TP53BP1	ENSG00000067369
2782.0	0.0013	CPOX	ENSG00000080819
2782.0	0.0013	USP22	ENSG00000124422
2782.0	0.0013	KIDINS220	ENSG00000134313
2782.0	0.0013	ATXN1L	ENSG00000224470
2782.0	0.0013	ADK	ENSG00000156110
2782.0	0.0013	TNMD	ENSG00000000005
2782.0	0.0013	ANK2	ENSG00000145362
2782.0	0.0013	POLE3	ENSG00000148229
2782.0	0.0013	NOP58	ENSG00000055044
2782.0	0.0013	LAMC1	ENSG00000135862
2782.0	0.0013	WNT5B	ENSG00000111186
2782.0	0.0013	TLE5	ENSG00000104964
2782.0	0.0013	CAPN3	ENSG00000092529
2782.0	0.0013	ASNSD1	ENSG00000138381
2782.0	0.0013	HIF3A	ENSG00000124440
2782.0	0.0013	BLOC1S2	ENSG00000196072
2782.0	0.0013	PGLYRP4	ENSG00000163218
2782.0	0.0013	SHTN1	ENSG00000187164
2782.0	0.0013	PPARD	ENSG00000112033
2782.0	0.0013	FOSL2	ENSG00000075426
2782.0	0.0013	HACD1	ENSG00000165996
2782.0	0.0013	DDX10	ENSG00000178105
2782.0	0.0013	TRAF6	ENSG00000175104
2892.0	0.0012	PROK2	ENSG00000163421
2892.0	0.0012	CSF2	ENSG00000164400
2892.0	0.0012	MARK2	ENSG00000072518
2892.0	0.0012	PHOSPHO1	ENSG00000173868
2892.0	0.0012	CDIPT	ENSG00000103502
2892.0	0.0012	CRIM1	ENSG00000150938
2892.0	0.0012	WNT11	ENSG00000085741
2892.0	0.0012	CACNA2D2	ENSG00000007402
2892.0	0.0012	DSG3	ENSG00000134757
2892.0	0.0012	GLG1	ENSG00000090863
2892.0	0.0012	TOP2A	ENSG00000131747
2892.0	0.0012	DIO2	ENSG00000211448
2892.0	0.0012	HSD17B2	ENSG00000086696
2892.0	0.0012	KAT2A	ENSG00000108773
2892.0	0.0012	PDS5A	ENSG00000121892
2892.0	0.0012	CCR3	ENSG00000183625
2892.0	0.0012	TMEM161B	ENSG00000164180
2892.0	0.0012	MOCOS	ENSG00000075643
2892.0	0.0012	CFH	ENSG00000000971
2892.0	0.0012	TBX10	ENSG00000167800
2892.0	0.0012	KLF7	ENSG00000118263
2892.0	0.0012	SCYL1	ENSG00000142186
2892.0	0.0012	CACNB4	ENSG00000182389
2892.0	0.0012	GRIN3B	ENSG00000116032
2892.0	0.0012	RANBP1	ENSG00000099901
2892.0	0.0012	MSX2	ENSG00000120149
2892.0	0.0012	SPTA1	ENSG00000163554
2892.0	0.0012	WDR72	ENSG00000166415
2892.0	0.0012	FOXB1	ENSG00000171956
2892.0	0.0012	UNC5C	ENSG00000182168
2892.0	0.0012	DRAXIN	ENSG00000162490
2892.0	0.0012	TMED2	ENSG00000086598
2892.0	0.0012	LASP1	ENSG00000002834
2892.0	0.0012	CNTN1	ENSG00000018236
2892.0	0.0012	MUSK	ENSG00000030304
2892.0	0.0012	PTPN9	ENSG00000169410
2892.0	0.0012	GFI1	ENSG00000162676
2892.0	0.0012	BTD	ENSG00000169814
2892.0	0.0012	UTF1	ENSG00000171794
2892.0	0.0012	CAMSAP3	ENSG00000076826
2892.0	0.0012	MYO9A	ENSG00000066933
2892.0	0.0012	ARID3A	ENSG00000116017
2892.0	0.0012	COX7C	ENSG00000127184
2892.0	0.0012	MYO18A	ENSG00000196535
2892.0	0.0012	IGF2BP1	ENSG00000159217
2892.0	0.0012	DYRK2	ENSG00000127334
2892.0	0.0012	PROSER2	ENSG00000148426
2892.0	0.0012	RB1CC1	ENSG00000023287
2892.0	0.0012	VCL	ENSG00000035403
2892.0	0.0012	MAGEE2	ENSG00000186675
2892.0	0.0012	GJB2	ENSG00000165474
2892.0	0.0012	NACA	ENSG00000196531
2892.0	0.0012	PIK3R2	ENSG00000105647
2892.0	0.0012	JHY	ENSG00000109944
2892.0	0.0012	PSMB11	ENSG00000222028
2892.0	0.0012	SCEL	ENSG00000136155
2892.0	0.0012	SPATA31F3	ENSG00000187791
2892.0	0.0012	LRP2	ENSG00000081479
2892.0	0.0012	GSX1	ENSG00000169840
2892.0	0.0012	CGA	ENSG00000135346
2892.0	0.0012	GAN	ENSG00000261609
2892.0	0.0012	NCAM1	ENSG00000149294
2892.0	0.0012	APP	ENSG00000142192
2892.0	0.0012	TFAP2B	ENSG00000008196
2892.0	0.0012	IRS1	ENSG00000169047
2892.0	0.0012	NOTO	ENSG00000214513
2892.0	0.0012	SIRT6	ENSG00000077463
2892.0	0.0012	WNT3A	ENSG00000154342
2892.0	0.0012	ODC1	ENSG00000115758
2892.0	0.0012	TGFBR1	ENSG00000106799
2892.0	0.0012	TGFBR2	ENSG00000163513
2892.0	0.0012	SOX18	ENSG00000203883
2892.0	0.0012	GFER	ENSG00000127554
2892.0	0.0012	DSE	ENSG00000111817
2892.0	0.0012	XRCC5	ENSG00000079246
2892.0	0.0012	AKT3	ENSG00000117020
2892.0	0.0012	CCND2	ENSG00000118971
2892.0	0.0012	PRTG	ENSG00000166450
2892.0	0.0012	CTNNBIP1	ENSG00000178585
2892.0	0.0012	NBR1	ENSG00000188554
2892.0	0.0012	ESR1	ENSG00000091831
2892.0	0.0012	GLRX2	ENSG00000023572
2892.0	0.0012	SNX10	ENSG00000086300
2892.0	0.0012	BCKDK	ENSG00000103507
2892.0	0.0012	MNT	ENSG00000070444
2892.0	0.0012	TGFBR3	ENSG00000069702
2892.0	0.0012	FBLN1	ENSG00000077942
2892.0	0.0012	SUPT16H	ENSG00000092201
2892.0	0.0012	MLLT3	ENSG00000171843
2892.0	0.0012	MARCKSL1	ENSG00000175130
2892.0	0.0012	TMEM263	ENSG00000151135
2892.0	0.0012	MBD6	ENSG00000166987
2892.0	0.0012	ACTA1	ENSG00000143632
2892.0	0.0012	IGHMBP2	ENSG00000132740
2892.0	0.0012	GPHN	ENSG00000171723
2892.0	0.0012	RLN1	ENSG00000107018
2892.0	0.0012	RLN2	ENSG00000107014
2892.0	0.0012	HPGD	ENSG00000164120
2892.0	0.0012	WNT9A	ENSG00000143816
2892.0	0.0012	MEX3C	ENSG00000176624
2892.0	0.0012	NCALD	ENSG00000104490
2892.0	0.0012	NFXL1	ENSG00000170448
2892.0	0.0012	DLX1	ENSG00000144355
2892.0	0.0012	LEP	ENSG00000174697
2892.0	0.0012	ZNF366	ENSG00000178175
2892.0	0.0012	DBH	ENSG00000123454
2892.0	0.0012	PHF2	ENSG00000197724
2892.0	0.0012	USP39	ENSG00000168883
2892.0	0.0012	LTBP4	ENSG00000090006
2892.0	0.0012	RARG	ENSG00000172819
3025.0	0.0011	DBN1	ENSG00000113758
3025.0	0.0011	RNF10	ENSG00000022840
3025.0	0.0011	SCX	ENSG00000187786
3025.0	0.0011	SCXA	ENSG00000188686
3025.0	0.0011	NGF	ENSG00000134259
3025.0	0.0011	CITED2	ENSG00000164442
3025.0	0.0011	FLT4	ENSG00000037280
3025.0	0.0011	GATA4	ENSG00000136574
3025.0	0.0011	GATA5	ENSG00000130700
3025.0	0.0011	GDF1	ENSG00000130283
3025.0	0.0011	GJA5	ENSG00000143140
3025.0	0.0011	KDR	ENSG00000128052
3025.0	0.0011	NKX2-6	ENSG00000180053
3025.0	0.0011	ZFPM2	ENSG00000169946
3025.0	0.0011	VIP	ENSG00000146469
3025.0	0.0011	MAN2C1	ENSG00000140400
3025.0	0.0011	SOD2	ENSG00000112096
3025.0	0.0011	ONECUT1	ENSG00000169856
3025.0	0.0011	HSF2	ENSG00000025156
3025.0	0.0011	SH2D3C	ENSG00000095370
3025.0	0.0011	DCUN1D1	ENSG00000043093
3025.0	0.0011	NTMT1	ENSG00000148335
3025.0	0.0011	LMO2	ENSG00000135363
3025.0	0.0011	BEX3	ENSG00000166681
3025.0	0.0011	SP9	ENSG00000217236
3025.0	0.0011	DLG5	ENSG00000151208
3025.0	0.0011	NISCH	ENSG00000010322
3025.0	0.0011	TAC3	ENSG00000166863
3025.0	0.0011	AKAP11	ENSG00000023516
3025.0	0.0011	ID2	ENSG00000115738
3025.0	0.0011	DNAAF5	ENSG00000164818
3025.0	0.0011	NOL10	ENSG00000115761
3025.0	0.0011	CDX2	ENSG00000165556
3025.0	0.0011	GALK2	ENSG00000156958
3025.0	0.0011	ATP1B2	ENSG00000129244
3025.0	0.0011	DIP2A	ENSG00000160305
3025.0	0.0011	HOXA2	ENSG00000105996
3025.0	0.0011	CNGA2	ENSG00000183862
3025.0	0.0011	DHX16	ENSG00000204560
3025.0	0.0011	PYROXD1	ENSG00000121350
3025.0	0.0011	AR	ENSG00000169083
3025.0	0.0011	IRAK3	ENSG00000090376
3025.0	0.0011	PLCB4	ENSG00000101333
3025.0	0.0011	PSMA5	ENSG00000143106
3025.0	0.0011	TRPM7	ENSG00000092439
3025.0	0.0011	HOXB4	ENSG00000182742
3025.0	0.0011	MMUT	ENSG00000146085
3025.0	0.0011	C3orf38	ENSG00000179021
3025.0	0.0011	LEF1	ENSG00000138795
3025.0	0.0011	GSKIP	ENSG00000100744
3025.0	0.0011	EBF2	ENSG00000221818
3025.0	0.0011	FGF17	ENSG00000158815
3025.0	0.0011	GNRH1	ENSG00000147437
3025.0	0.0011	GNRHR	ENSG00000109163
3025.0	0.0011	KISS1	ENSG00000170498
3025.0	0.0011	NHLH2	ENSG00000177551
3025.0	0.0011	TACR3	ENSG00000169836
3025.0	0.0011	MTF2	ENSG00000143033
3025.0	0.0011	NEDD1	ENSG00000139350
3025.0	0.0011	ALDH1A2	ENSG00000128918
3025.0	0.0011	EGR1	ENSG00000120738
3025.0	0.0011	CFTR	ENSG00000001626
3025.0	0.0011	NCOR1	ENSG00000141027
3025.0	0.0011	ARHGAP35	ENSG00000160007
3025.0	0.0011	WNT3	ENSG00000108379
3025.0	0.0011	ASXL2	ENSG00000143970
3025.0	0.0011	GRHL1	ENSG00000134317
3025.0	0.0011	ACTA2	ENSG00000107796
3025.0	0.0011	FOXE3	ENSG00000186790
3025.0	0.0011	HEY2	ENSG00000135547
3025.0	0.0011	LOX	ENSG00000113083
3025.0	0.0011	MAT2A	ENSG00000168906
3025.0	0.0011	MFAP5	ENSG00000197614
3025.0	0.0011	MYLK	ENSG00000065534
3025.0	0.0011	PRKG1	ENSG00000185532
3025.0	0.0011	THSD4	ENSG00000187720
3025.0	0.0011	MAP3K12	ENSG00000139625
3025.0	0.0011	B4GALT2	ENSG00000117411
3025.0	0.0011	MYBPC1	ENSG00000196091
3025.0	0.0011	PPP2R5D	ENSG00000112640
3025.0	0.0011	HDAC2	ENSG00000196591
3025.0	0.0011	POC1B	ENSG00000139323
3025.0	0.0011	SCG5	ENSG00000166922
3025.0	0.0011	LMX1A	ENSG00000162761
3025.0	0.0011	NFIB	ENSG00000147862
3025.0	0.0011	MTA2	ENSG00000149480
3025.0	0.0011	POU4F3	ENSG00000091010
3025.0	0.0011	IGF2R	ENSG00000197081
3025.0	0.0011	NKD1	ENSG00000140807
3025.0	0.0011	HSD17B3	ENSG00000130948
3025.0	0.0011	ENAH	ENSG00000154380
3025.0	0.0011	NRP1	ENSG00000099250
3025.0	0.0011	TBC1D32	ENSG00000146350
3025.0	0.0011	FOXF2	ENSG00000137273
3025.0	0.0011	ARHGAP1	ENSG00000175220
3025.0	0.0011	MYO6	ENSG00000196586
3025.0	0.0011	SEMA3F	ENSG00000001617
3025.0	0.0011	COL5A2	ENSG00000204262
3025.0	0.0011	PLXNB2	ENSG00000196576
3025.0	0.0011	FOXN1	ENSG00000109101
3025.0	0.0011	FOXP3	ENSG00000049768
3025.0	0.0011	HMX2	ENSG00000188816
3025.0	0.0011	HMX3	ENSG00000188620
3025.0	0.0011	CETN2	ENSG00000147400
3025.0	0.0011	SLC6A3	ENSG00000142319
3025.0	0.0011	MAP4K5	ENSG00000012983
3025.0	0.0011	LHCGR	ENSG00000138039
3025.0	0.0011	ZNF521	ENSG00000198795
3025.0	0.0011	COL6A1	ENSG00000142156
3025.0	0.0011	DUSP18	ENSG00000167065
3025.0	0.0011	MDFI	ENSG00000112559
3025.0	0.0011	SAFB	ENSG00000160633
3025.0	0.0011	LRRC4B	ENSG00000131409
3025.0	0.0011	COLQ	ENSG00000206561
3025.0	0.0011	ZIC4	ENSG00000174963
3025.0	0.0011	PIGT	ENSG00000124155
3025.0	0.0011	GATA3	ENSG00000107485
3025.0	0.0011	FZD9	ENSG00000188763
3025.0	0.0011	CFAP45	ENSG00000213085
3025.0	0.0011	FLG	ENSG00000143631
3025.0	0.0011	CLDN7	ENSG00000181885
3025.0	0.0011	MTMR9	ENSG00000104643
3025.0	0.0011	POLE4	ENSG00000115350
3025.0	0.0011	GATAD2B	ENSG00000143614
3025.0	0.0011	BMI1	ENSG00000168283
3025.0	0.0011	COMMD3-BMI1	ENSG00000269897
3025.0	0.0011	CYBB	ENSG00000165168
3025.0	0.0011	SLC3A1	ENSG00000138079
3025.0	0.0011	CSMD3	ENSG00000164796
3025.0	0.0011	OLA1	ENSG00000138430
3025.0	0.0011	DICER1	ENSG00000100697
3025.0	0.0011	P4HA1	ENSG00000122884
3025.0	0.0011	EGR2	ENSG00000122877
3173.0	0.001	CDK4	ENSG00000135446
3173.0	0.001	RPL27A	ENSG00000166441
3173.0	0.001	FAM20A	ENSG00000108950
3173.0	0.001	CCDC28B	ENSG00000160050
3173.0	0.001	YWHAZ	ENSG00000164924
3173.0	0.001	KDM2B	ENSG00000089094
3173.0	0.001	EHD1	ENSG00000110047
3173.0	0.001	C1QC	ENSG00000159189
3173.0	0.001	CCKBR	ENSG00000110148
3173.0	0.001	DNAH11	ENSG00000105877
3173.0	0.001	HPF1	ENSG00000056050
3173.0	0.001	SPIN1	ENSG00000106723
3173.0	0.001	THBS1	ENSG00000137801
3173.0	0.001	PROS1	ENSG00000184500
3173.0	0.001	CLEC11A	ENSG00000105472
3173.0	0.001	AGBL2	ENSG00000165923
3173.0	0.001	NFKB2	ENSG00000077150
3173.0	0.001	HFE	ENSG00000010704
3173.0	0.001	ZDHHC17	ENSG00000186908
3173.0	0.001	ALX1	ENSG00000180318
3173.0	0.001	TPST2	ENSG00000128294
3173.0	0.001	PTCH2	ENSG00000117425
3173.0	0.001	ATP2B2	ENSG00000157087
3173.0	0.001	IFT25	ENSG00000081870
3173.0	0.001	HHIP	ENSG00000164161
3173.0	0.001	MTARC2	ENSG00000117791
3173.0	0.001	DBNL	ENSG00000136279
3173.0	0.001	TMIE	ENSG00000181585
3173.0	0.001	SRRM3	ENSG00000177679
3173.0	0.001	PITX2	ENSG00000164093
3173.0	0.001	BMAL1	ENSG00000133794
3173.0	0.001	KCNQ3	ENSG00000184156
3173.0	0.001	GLCE	ENSG00000138604
3173.0	0.001	E2F4	ENSG00000205250
3173.0	0.001	EN2	ENSG00000164778
3173.0	0.001	AFF1	ENSG00000172493
3173.0	0.001	CANX	ENSG00000127022
3173.0	0.001	APOBEC1	ENSG00000111701
3173.0	0.001	TAL2	ENSG00000186051
3173.0	0.001	SLC17A5	ENSG00000119899
3173.0	0.001	CCDC154	ENSG00000197599
3173.0	0.001	AMBRA1	ENSG00000110497
3173.0	0.001	UBB	ENSG00000170315
3173.0	0.001	ADD1	ENSG00000087274
3173.0	0.001	TTC28	ENSG00000100154
3173.0	0.001	SCNM1	ENSG00000163156
3173.0	0.001	PAX7	ENSG00000009709
3173.0	0.001	RFNG	ENSG00000169733
3173.0	0.001	KLF6	ENSG00000067082
3173.0	0.001	CD81	ENSG00000110651
3173.0	0.001	CNOT3	ENSG00000088038
3173.0	0.001	SIM1	ENSG00000112246
3173.0	0.001	RBL1	ENSG00000080839
3173.0	0.001	EPS15L1	ENSG00000127527
3173.0	0.001	CERS1	ENSG00000223802
3173.0	0.001	FEZF1	ENSG00000128610
3173.0	0.001	LRP8	ENSG00000157193
3173.0	0.001	ATF2	ENSG00000115966
3173.0	0.001	CS	ENSG00000062485
3173.0	0.001	HUNK	ENSG00000142149
3173.0	0.001	ATP6V0A4	ENSG00000105929
3173.0	0.001	WNT10A	ENSG00000135925
3173.0	0.001	C12orf57	ENSG00000111678
3173.0	0.001	NAPA	ENSG00000105402
3173.0	0.001	HMBS	ENSG00000256269
3173.0	0.001	PLK1	ENSG00000166851
3173.0	0.001	UBR2	ENSG00000024048
3173.0	0.001	AHR	ENSG00000106546
3173.0	0.001	RPS27L	ENSG00000185088
3173.0	0.001	SPOCK3	ENSG00000196104
3173.0	0.001	B4GALT1	ENSG00000086062
3173.0	0.001	FIGN	ENSG00000182263
3173.0	0.001	PHF20L1	ENSG00000129292
3173.0	0.001	ALCAM	ENSG00000170017
3173.0	0.001	GCDH	ENSG00000105607
3173.0	0.001	CACNA1S	ENSG00000081248
3173.0	0.001	STMP1	ENSG00000243317
3173.0	0.001	DACT2	ENSG00000164488
3173.0	0.001	CREB3L2	ENSG00000182158
3173.0	0.001	HCN4	ENSG00000138622
3173.0	0.001	SLC44A2	ENSG00000129353
3173.0	0.001	PITX3	ENSG00000107859
3173.0	0.001	CLCC1	ENSG00000121940
3173.0	0.001	C6ORF165	ENSG00000272514
3173.0	0.001	CFAP206	ENSG00000213204
3173.0	0.001	DRD2	ENSG00000149295
3173.0	0.001	NTF3	ENSG00000185652
3173.0	0.001	ROCK2	ENSG00000134318
3173.0	0.001	QSOX1	ENSG00000116260
3173.0	0.001	ALG14	ENSG00000172339
3173.0	0.001	PLXNA2	ENSG00000076356
3173.0	0.001	CISD2	ENSG00000145354
3173.0	0.001	GABRB3	ENSG00000166206
3173.0	0.001	BRD2	ENSG00000204256
3173.0	0.001	SMARCA1	ENSG00000102038
3173.0	0.001	OMP	ENSG00000254550
3173.0	0.001	ATXN2L	ENSG00000168488
3173.0	0.001	WFIKKN2	ENSG00000173714
3173.0	0.001	GABPA	ENSG00000154727
3173.0	0.001	VAX2	ENSG00000116035
3173.0	0.001	TRAF3	ENSG00000131323
3173.0	0.001	UBE2A	ENSG00000077721
3173.0	0.001	HOXB2	ENSG00000173917
3173.0	0.001	HOXB1	ENSG00000120094
3173.0	0.001	NFATC3	ENSG00000072736
3173.0	0.001	RARB	ENSG00000077092
3173.0	0.001	KLK4	ENSG00000167749
3173.0	0.001	FAM83H	ENSG00000180921
3173.0	0.001	ADGRA2	ENSG00000020181
3173.0	0.001	L3MBTL3	ENSG00000198945
3173.0	0.001	TP53BP2	ENSG00000143514
3173.0	0.001	GPER1	ENSG00000164850
3173.0	0.001	SERP1	ENSG00000120742
3173.0	0.001	DEPDC5	ENSG00000100150
3173.0	0.001	ELP1	ENSG00000070061
3173.0	0.001	BCL11B	ENSG00000127152
3173.0	0.001	JOSD2	ENSG00000161677
3173.0	0.001	IRX5	ENSG00000176842
3173.0	0.001	LPO	ENSG00000167419
3173.0	0.001	REST	ENSG00000084093
3173.0	0.001	HYLS1	ENSG00000198331
3173.0	0.001	PICALM	ENSG00000073921
3173.0	0.001	SNX14	ENSG00000135317
3173.0	0.001	EEF1D	ENSG00000104529
3173.0	0.001	PAX5	ENSG00000196092
3173.0	0.001	KIF27	ENSG00000165115
3173.0	0.001	IMMT	ENSG00000132305
3173.0	0.001	SLC38A10	ENSG00000157637
3173.0	0.001	HOXC9	ENSG00000180806
3173.0	0.001	ATP1A1	ENSG00000163399
3173.0	0.001	SGCG	ENSG00000102683
3173.0	0.001	VANGL2	ENSG00000162738
3173.0	0.001	TRAF2	ENSG00000127191
3173.0	0.001	TYW5	ENSG00000162971
3173.0	0.001	ARL3	ENSG00000138175
3173.0	0.001	SLC7A1	ENSG00000139514
3173.0	0.001	PALS2	ENSG00000105926
3173.0	0.001	SUMO2	ENSG00000188612
3173.0	0.001	MYF5	ENSG00000111049
3173.0	0.001	SYNM	ENSG00000182253
3173.0	0.001	RPS15	ENSG00000115268
3173.0	0.001	MPZL3	ENSG00000160588
3173.0	0.001	CFL2	ENSG00000165410
3173.0	0.001	RIC1	ENSG00000107036
3173.0	0.001	SH2B1	ENSG00000178188
3173.0	0.001	APOBEC2	ENSG00000124701
3173.0	0.001	EFCAB3	ENSG00000172421
3173.0	0.001	ATOH1	ENSG00000172238
3379.0	0.0009	NEO1	ENSG00000067141
3379.0	0.0009	MDN1	ENSG00000112159
3379.0	0.0009	GNL1	ENSG00000204590
3379.0	0.0009	KBTBD8	ENSG00000163376
3379.0	0.0009	APBB2	ENSG00000163697
3379.0	0.0009	CEP97	ENSG00000182504
3379.0	0.0009	KRT14	ENSG00000186847
3379.0	0.0009	SMG5	ENSG00000198952
3379.0	0.0009	XPO1	ENSG00000082898
3379.0	0.0009	SH3PXD2A	ENSG00000107957
3379.0	0.0009	NELL1	ENSG00000165973
3379.0	0.0009	DGAT2	ENSG00000062282
3379.0	0.0009	HMX1	ENSG00000215612
3379.0	0.0009	BOC	ENSG00000144857
3379.0	0.0009	MYH10	ENSG00000133026
3379.0	0.0009	FGF3	ENSG00000186895
3379.0	0.0009	SLC25A21	ENSG00000183032
3379.0	0.0009	PSIP1	ENSG00000164985
3379.0	0.0009	MGA	ENSG00000174197
3379.0	0.0009	CYLD	ENSG00000083799
3379.0	0.0009	USP20	ENSG00000136878
3379.0	0.0009	RBM45	ENSG00000155636
3379.0	0.0009	HUS1	ENSG00000136273
3379.0	0.0009	TGFA	ENSG00000163235
3379.0	0.0009	STAR	ENSG00000147465
3379.0	0.0009	FOXC2	ENSG00000176692
3379.0	0.0009	DLX3	ENSG00000064195
3379.0	0.0009	ZFP36	ENSG00000128016
3379.0	0.0009	PAK1	ENSG00000149269
3379.0	0.0009	MEOX1	ENSG00000005102
3379.0	0.0009	ARHGEF9	ENSG00000131089
3379.0	0.0009	TMEM176B	ENSG00000106565
3379.0	0.0009	CNGB1	ENSG00000070729
3379.0	0.0009	HOXB8	ENSG00000120068
3379.0	0.0009	EFEMP1	ENSG00000115380
3379.0	0.0009	FES	ENSG00000182511
3379.0	0.0009	BBX	ENSG00000114439
3379.0	0.0009	IFRD1	ENSG00000006652
3379.0	0.0009	GNB2	ENSG00000172354
3379.0	0.0009	SURF1	ENSG00000148290
3379.0	0.0009	NEUROG2	ENSG00000178403
3379.0	0.0009	OTUD4	ENSG00000164164
3379.0	0.0009	SSBP3	ENSG00000157216
3379.0	0.0009	ADAMTS18	ENSG00000140873
3379.0	0.0009	ATXN7	ENSG00000163635
3379.0	0.0009	AMMECR1L	ENSG00000144233
3379.0	0.0009	CAD	ENSG00000084774
3379.0	0.0009	BASP1	ENSG00000176788
3379.0	0.0009	OAT	ENSG00000065154
3379.0	0.0009	USP44	ENSG00000136014
3379.0	0.0009	USP5	ENSG00000111667
3379.0	0.0009	KIF19	ENSG00000196169
3379.0	0.0009	LIF	ENSG00000128342
3379.0	0.0009	RPL14	ENSG00000188846
3379.0	0.0009	KEAP1	ENSG00000079999
3379.0	0.0009	VHL	ENSG00000134086
3379.0	0.0009	VHLL	ENSG00000189030
3379.0	0.0009	MIGA2	ENSG00000148343
3379.0	0.0009	RGN	ENSG00000130988
3379.0	0.0009	LUM	ENSG00000139329
3379.0	0.0009	AK8	ENSG00000165695
3379.0	0.0009	SERPINI2	ENSG00000114204
3379.0	0.0009	HDAC1	ENSG00000116478
3379.0	0.0009	SPAG17	ENSG00000155761
3379.0	0.0009	HIP1	ENSG00000127946
3379.0	0.0009	CLINT1	ENSG00000113282
3379.0	0.0009	PRCP	ENSG00000137509
3379.0	0.0009	KRT16	ENSG00000186832
3379.0	0.0009	CKAP5	ENSG00000175216
3379.0	0.0009	SSR2	ENSG00000163479
3379.0	0.0009	PCGF1	ENSG00000115289
3379.0	0.0009	CNTFR	ENSG00000122756
3379.0	0.0009	USP36	ENSG00000055483
3379.0	0.0009	ASPH	ENSG00000198363
3379.0	0.0009	GAP43	ENSG00000172020
3379.0	0.0009	THAP1	ENSG00000131931
3379.0	0.0009	NTRK3	ENSG00000140538
3379.0	0.0009	TBC1D7	ENSG00000145979
3379.0	0.0009	CDKN1B	ENSG00000111276
3379.0	0.0009	XPO5	ENSG00000124571
3379.0	0.0009	ZC3H4	ENSG00000130749
3379.0	0.0009	ASTN1	ENSG00000152092
3379.0	0.0009	CAP2	ENSG00000112186
3379.0	0.0009	GPR87	ENSG00000138271
3379.0	0.0009	DAAM2	ENSG00000146122
3379.0	0.0009	SNX5	ENSG00000089006
3379.0	0.0009	RPL36A	ENSG00000241343
3379.0	0.0009	D2HGDH	ENSG00000180902
3379.0	0.0009	MC3R	ENSG00000124089
3379.0	0.0009	LMOD3	ENSG00000163380
3379.0	0.0009	NINJ1	ENSG00000131669
3379.0	0.0009	SOCS7	ENSG00000174111
3379.0	0.0009	TUBB4B	ENSG00000188229
3379.0	0.0009	IRS2	ENSG00000185950
3379.0	0.0009	KBTBD2	ENSG00000170852
3379.0	0.0009	RANBP9	ENSG00000010017
3379.0	0.0009	CPEB4	ENSG00000113742
3379.0	0.0009	CWC22	ENSG00000163510
3379.0	0.0009	CTSF	ENSG00000174080
3379.0	0.0009	SLC2A10	ENSG00000197496
3379.0	0.0009	CHD3	ENSG00000170004
3379.0	0.0009	COPS6	ENSG00000168090
3379.0	0.0009	DZIP1L	ENSG00000158163
3379.0	0.0009	BCL6	ENSG00000113916
3379.0	0.0009	PTOV1	ENSG00000104960
3379.0	0.0009	ECT2	ENSG00000114346
3379.0	0.0009	UCHL3	ENSG00000118939
3379.0	0.0009	VGF	ENSG00000128564
3379.0	0.0009	PSMD7	ENSG00000103035
3379.0	0.0009	AFG3L2	ENSG00000141385
3379.0	0.0009	TFAM	ENSG00000108064
3379.0	0.0009	CFAP70	ENSG00000156042
3379.0	0.0009	ANK1	ENSG00000029534
3379.0	0.0009	ARF1	ENSG00000143761
3379.0	0.0009	OPHN1	ENSG00000079482
3379.0	0.0009	NRARP	ENSG00000198435
3379.0	0.0009	MATR3	ENSG00000015479
3379.0	0.0009	PCDH9	ENSG00000184226
3379.0	0.0009	SLC29A1	ENSG00000112759
3379.0	0.0009	PRSS8	ENSG00000052344
3379.0	0.0009	COL8A1	ENSG00000144810
3379.0	0.0009	RHOB	ENSG00000143878
3379.0	0.0009	USP3	ENSG00000140455
3379.0	0.0009	GALT	ENSG00000213930
3379.0	0.0009	ZNF462	ENSG00000148143
3379.0	0.0009	DOCK4	ENSG00000128512
3379.0	0.0009	SKP1	ENSG00000113558
3379.0	0.0009	SLC2A3	ENSG00000059804
3379.0	0.0009	USP4	ENSG00000114316
3379.0	0.0009	CDKN1A	ENSG00000124762
3379.0	0.0009	CDKN2B	ENSG00000147883
3379.0	0.0009	CDKN2C	ENSG00000123080
3379.0	0.0009	USP48	ENSG00000090686
3379.0	0.0009	MSX1	ENSG00000163132
3379.0	0.0009	HNF1A	ENSG00000135100
3379.0	0.0009	GKN2	ENSG00000183607
3379.0	0.0009	NEDD4	ENSG00000069869
3379.0	0.0009	ATOX1	ENSG00000177556
3379.0	0.0009	GNG13	ENSG00000127588
3379.0	0.0009	ARHGAP11A	ENSG00000198826
3379.0	0.0009	ARHGAP11B	ENSG00000187951
3379.0	0.0009	BMP6	ENSG00000153162
3379.0	0.0009	P2RY14	ENSG00000174944
3379.0	0.0009	HSF2BP	ENSG00000160207
3379.0	0.0009	SLC15A5	ENSG00000188991
3379.0	0.0009	HSF1	ENSG00000185122
3379.0	0.0009	CDH4	ENSG00000179242
3379.0	0.0009	ARL2BP	ENSG00000102931
3379.0	0.0009	SCUBE1	ENSG00000159307
3379.0	0.0009	GNE	ENSG00000159921
3379.0	0.0009	UBE2F	ENSG00000184182
3379.0	0.0009	PITPNA	ENSG00000174238
3379.0	0.0009	KCNK9	ENSG00000169427
3379.0	0.0009	ZC3H11A	ENSG00000058673
3379.0	0.0009	ZC3H11B	ENSG00000215817
3379.0	0.0009	HCN2	ENSG00000099822
3379.0	0.0009	ETFA	ENSG00000140374
3379.0	0.0009	ETFB	ENSG00000105379
3379.0	0.0009	ETFDH	ENSG00000171503
3379.0	0.0009	SCD	ENSG00000099194
3379.0	0.0009	SEPTIN5	ENSG00000184702
3379.0	0.0009	GNL3L	ENSG00000130119
3379.0	0.0009	GFAP	ENSG00000131095
3379.0	0.0009	KHDRBS2	ENSG00000112232
3379.0	0.0009	CACNG2	ENSG00000166862
3379.0	0.0009	NRP2	ENSG00000118257
3379.0	0.0009	SLC4A2	ENSG00000164889
3379.0	0.0009	TPH2	ENSG00000139287
3379.0	0.0009	GLRB	ENSG00000109738
3379.0	0.0009	SUN1	ENSG00000164828
3379.0	0.0009	NOC3L	ENSG00000173145
3379.0	0.0009	COL12A1	ENSG00000111799
3379.0	0.0009	SAMD4A	ENSG00000020577
3379.0	0.0009	SPTBN4	ENSG00000160460
3379.0	0.0009	BTBD9	ENSG00000183826
3379.0	0.0009	INHBA	ENSG00000122641
3379.0	0.0009	CUX2	ENSG00000111249
3379.0	0.0009	NDRG4	ENSG00000103034
3379.0	0.0009	GABARAP	ENSG00000170296
3379.0	0.0009	PIANP	ENSG00000139200
3379.0	0.0009	NOTUM	ENSG00000185269
3379.0	0.0009	TNN	ENSG00000120332
3379.0	0.0009	VKORC1	ENSG00000167397
3379.0	0.0009	KCTD18	ENSG00000155729
3379.0	0.0009	HOATZ	ENSG00000183644
3379.0	0.0009	ARK2C	ENSG00000141622
3379.0	0.0009	CD163	ENSG00000177575
3379.0	0.0009	SULF2	ENSG00000196562
3379.0	0.0009	THOC1	ENSG00000079134
3379.0	0.0009	CHRM3	ENSG00000133019
3379.0	0.0009	TMCC2	ENSG00000133069
3379.0	0.0009	GAA	ENSG00000171298
3379.0	0.0009	NKAP	ENSG00000101882
3379.0	0.0009	CHMP4B	ENSG00000101421
3379.0	0.0009	BNIP3L	ENSG00000104765
3379.0	0.0009	CDC14B	ENSG00000081377
3379.0	0.0009	BHLHE22	ENSG00000180828
3379.0	0.0009	ZNRD2	ENSG00000173465
3379.0	0.0009	EWSR1	ENSG00000182944
3379.0	0.0009	CHMP4C	ENSG00000164695
3379.0	0.0009	WDR1	ENSG00000071127
3379.0	0.0009	CELSR1	ENSG00000075275
3379.0	0.0009	PDE11A	ENSG00000128655
3379.0	0.0009	MOSMO	ENSG00000185716
3379.0	0.0009	CLUAP1	ENSG00000103351
3379.0	0.0009	SIX6	ENSG00000184302
3633.0	0.0008	CLXN	ENSG00000034239
3633.0	0.0008	FOCAD	ENSG00000188352
3633.0	0.0008	TFCP2L1	ENSG00000115112
3633.0	0.0008	LRRC7	ENSG00000033122
3633.0	0.0008	RAD51D	ENSG00000185379
3633.0	0.0008	STIP1	ENSG00000168439
3633.0	0.0008	AGO2	ENSG00000123908
3633.0	0.0008	CDK5RAP3	ENSG00000108465
3633.0	0.0008	TNIP1	ENSG00000145901
3633.0	0.0008	SPI1	ENSG00000066336
3633.0	0.0008	TFPI2	ENSG00000105825
3633.0	0.0008	PFDN5	ENSG00000123349
3633.0	0.0008	ADCY3	ENSG00000138031
3633.0	0.0008	ZFP1	ENSG00000184517
3633.0	0.0008	RPSA	ENSG00000168028
3633.0	0.0008	MAMLD1	ENSG00000013619
3633.0	0.0008	IDE	ENSG00000119912
3633.0	0.0008	ABHD12	ENSG00000100997
3633.0	0.0008	PDGFA	ENSG00000197461
3633.0	0.0008	H6PD	ENSG00000049239
3633.0	0.0008	PPARGC1A	ENSG00000109819
3633.0	0.0008	GBX1	ENSG00000164900
3633.0	0.0008	PIP4K2B	ENSG00000141720
3633.0	0.0008	FECH	ENSG00000066926
3633.0	0.0008	CEP126	ENSG00000110318
3633.0	0.0008	NEDD4L	ENSG00000049759
3633.0	0.0008	YAP1	ENSG00000137693
3633.0	0.0008	DGCR8	ENSG00000128191
3633.0	0.0008	RASAL3	ENSG00000105122
3633.0	0.0008	BNIP2	ENSG00000140299
3633.0	0.0008	PPP5C	ENSG00000011485
3633.0	0.0008	MT2A	ENSG00000125148
3633.0	0.0008	SMC6	ENSG00000163029
3633.0	0.0008	YOD1	ENSG00000180667
3633.0	0.0008	POLB	ENSG00000070501
3633.0	0.0008	POU3F1	ENSG00000185668
3633.0	0.0008	USP24	ENSG00000162402
3633.0	0.0008	CEP70	ENSG00000114107
3633.0	0.0008	PCMT1	ENSG00000120265
3633.0	0.0008	VPS13A	ENSG00000197969
3633.0	0.0008	CYP24A1	ENSG00000019186
3633.0	0.0008	SNAP25	ENSG00000132639
3633.0	0.0008	ZNF467	ENSG00000181444
3633.0	0.0008	G2E3	ENSG00000092140
3633.0	0.0008	SV2B	ENSG00000185518
3633.0	0.0008	TIMM50	ENSG00000105197
3633.0	0.0008	PNPLA7	ENSG00000130653
3633.0	0.0008	BAP1	ENSG00000163930
3633.0	0.0008	UBE3C	ENSG00000009335
3633.0	0.0008	SP1	ENSG00000185591
3633.0	0.0008	KATNA1	ENSG00000186625
3633.0	0.0008	ITGA11	ENSG00000137809
3633.0	0.0008	DLG3	ENSG00000082458
3633.0	0.0008	OPA3	ENSG00000125741
3633.0	0.0008	MYH4	ENSG00000264424
3633.0	0.0008	VCPIP1	ENSG00000175073
3633.0	0.0008	RPL7	ENSG00000147604
3633.0	0.0008	RAG2	ENSG00000175097
3633.0	0.0008	KCNQ4	ENSG00000117013
3633.0	0.0008	TLR4	ENSG00000136869
3633.0	0.0008	ENAM	ENSG00000132464
3633.0	0.0008	CBX6	ENSG00000183741
3633.0	0.0008	RBM22	ENSG00000086589
3633.0	0.0008	KITLG	ENSG00000049130
3633.0	0.0008	HOXC4	ENSG00000198353
3633.0	0.0008	CEP131	ENSG00000141577
3633.0	0.0008	GRK2	ENSG00000173020
3633.0	0.0008	KRT6A	ENSG00000205420
3633.0	0.0008	KRT6B	ENSG00000185479
3633.0	0.0008	KRT6C	ENSG00000170465
3633.0	0.0008	ATRN	ENSG00000088812
3633.0	0.0008	TDO2	ENSG00000151790
3633.0	0.0008	ZRANB1	ENSG00000019995
3633.0	0.0008	FYN	ENSG00000010810
3633.0	0.0008	TMEM94	ENSG00000177728
3633.0	0.0008	DRG2	ENSG00000108591
3633.0	0.0008	CCR10	ENSG00000184451
3633.0	0.0008	CELF4	ENSG00000101489
3633.0	0.0008	TET1	ENSG00000138336
3633.0	0.0008	CDK9	ENSG00000136807
3633.0	0.0008	HAX1	ENSG00000143575
3633.0	0.0008	PHF21A	ENSG00000135365
3633.0	0.0008	TK2	ENSG00000166548
3633.0	0.0008	KMT5B	ENSG00000110066
3633.0	0.0008	TSHZ1	ENSG00000179981
3633.0	0.0008	ALOX12	ENSG00000108839
3633.0	0.0008	SCO2	ENSG00000130489
3633.0	0.0008	KAT14	ENSG00000149474
3633.0	0.0008	E2F5	ENSG00000133740
3633.0	0.0008	HOXA1	ENSG00000105991
3633.0	0.0008	CYS1	ENSG00000205795
3633.0	0.0008	EDN2	ENSG00000127129
3633.0	0.0008	CASP6	ENSG00000138794
3633.0	0.0008	ZC3H14	ENSG00000100722
3633.0	0.0008	FOXP1	ENSG00000114861
3633.0	0.0008	DKKL1	ENSG00000104901
3633.0	0.0008	GREB1L	ENSG00000141449
3633.0	0.0008	TBX18	ENSG00000112837
3633.0	0.0008	RORB	ENSG00000198963
3633.0	0.0008	BIN1	ENSG00000136717
3633.0	0.0008	DNM2	ENSG00000079805
3633.0	0.0008	MTMR14	ENSG00000163719
3633.0	0.0008	MYF6	ENSG00000111046
3633.0	0.0008	CXCR2	ENSG00000180871
3633.0	0.0008	MACROH2A1	ENSG00000113648
3633.0	0.0008	INS	ENSG00000254647
3633.0	0.0008	CBFA2T2	ENSG00000078699
3633.0	0.0008	IFT81	ENSG00000122970
3633.0	0.0008	CSNK1G3	ENSG00000151292
3633.0	0.0008	ERRFI1	ENSG00000116285
3633.0	0.0008	TG	ENSG00000042832
3633.0	0.0008	VCAN	ENSG00000038427
3633.0	0.0008	HEXB	ENSG00000049860
3633.0	0.0008	PRL	ENSG00000172179
3633.0	0.0008	ID1	ENSG00000125968
3633.0	0.0008	PSD2	ENSG00000146005
3633.0	0.0008	IRAK2	ENSG00000134070
3633.0	0.0008	ACRBP	ENSG00000111644
3633.0	0.0008	TIPARP	ENSG00000163659
3633.0	0.0008	ZNF385A	ENSG00000161642
3633.0	0.0008	PHF21B	ENSG00000056487
3633.0	0.0008	FOXJ3	ENSG00000198815
3633.0	0.0008	MLPH	ENSG00000115648
3633.0	0.0008	SLC5A3	ENSG00000198743
3633.0	0.0008	ETF1	ENSG00000120705
3633.0	0.0008	CFAP65	ENSG00000181378
3633.0	0.0008	SPESP1	ENSG00000258484
3633.0	0.0008	SHISA6	ENSG00000188803
3633.0	0.0008	HOMER2	ENSG00000103942
3633.0	0.0008	SRY	ENSG00000184895
3633.0	0.0008	PDIA6	ENSG00000143870
3633.0	0.0008	RAB35	ENSG00000111737
3633.0	0.0008	MSL3	ENSG00000005302
3633.0	0.0008	NPY6R	ENSG00000226306
3633.0	0.0008	SSBP1	ENSG00000106028
3633.0	0.0008	OPA1	ENSG00000198836
3633.0	0.0008	KLHL31	ENSG00000124743
3633.0	0.0008	DYNLRB1	ENSG00000125971
3633.0	0.0008	SPAST	ENSG00000021574
3633.0	0.0008	NR2F2	ENSG00000185551
3633.0	0.0008	CLIC5	ENSG00000112782
3633.0	0.0008	ABI2	ENSG00000138443
3633.0	0.0008	TEAD1	ENSG00000187079
3633.0	0.0008	LIG1	ENSG00000105486
3633.0	0.0008	DYNLRB2	ENSG00000168589
3633.0	0.0008	TNFAIP3	ENSG00000118503
3633.0	0.0008	FER1L6	ENSG00000214814
3633.0	0.0008	MEAK7	ENSG00000140950
3633.0	0.0008	NOX3	ENSG00000074771
3633.0	0.0008	DNAJC11	ENSG00000007923
3633.0	0.0008	KALRN	ENSG00000160145
3633.0	0.0008	NFE2	ENSG00000123405
3633.0	0.0008	USP19	ENSG00000172046
3633.0	0.0008	PTPN2	ENSG00000175354
3633.0	0.0008	NAGPA	ENSG00000103174
3633.0	0.0008	CADM1	ENSG00000182985
3633.0	0.0008	MYT1L	ENSG00000186487
3633.0	0.0008	CACNA1C	ENSG00000151067
3633.0	0.0008	PRNP	ENSG00000171867
3633.0	0.0008	MLST8	ENSG00000167965
3633.0	0.0008	NKX2-2	ENSG00000125820
3633.0	0.0008	INPP4B	ENSG00000109452
3633.0	0.0008	TNS3	ENSG00000136205
3633.0	0.0008	SETD3	ENSG00000183576
3633.0	0.0008	DMRT2	ENSG00000173253
3633.0	0.0008	ZP2	ENSG00000103310
3633.0	0.0008	KY	ENSG00000174611
3633.0	0.0008	RELB	ENSG00000104856
3633.0	0.0008	EPB41L1	ENSG00000088367
3633.0	0.0008	DLX2	ENSG00000115844
3633.0	0.0008	FBP1	ENSG00000165140
3633.0	0.0008	IFRG15	ENSG00000258664
3633.0	0.0008	TOR1AIP2	ENSG00000169905
3633.0	0.0008	TRAF4	ENSG00000076604
3633.0	0.0008	FUBP1	ENSG00000162613
3633.0	0.0008	RBBP4	ENSG00000162521
3633.0	0.0008	SUPV3L1	ENSG00000156502
3633.0	0.0008	ATN1	ENSG00000111676
3633.0	0.0008	STAM	ENSG00000136738
3633.0	0.0008	SDC2	ENSG00000169439
3633.0	0.0008	DHX8	ENSG00000067596
3633.0	0.0008	SMARCA5	ENSG00000153147
3633.0	0.0008	AMELY	ENSG00000099721
3633.0	0.0008	RASSF2	ENSG00000101265
3633.0	0.0008	GLMN	ENSG00000174842
3633.0	0.0008	FGL2	ENSG00000127951
3633.0	0.0008	KBTBD13	ENSG00000234438
3633.0	0.0008	MYPN	ENSG00000138347
3633.0	0.0008	TPM3	ENSG00000143549
3633.0	0.0008	IL11	ENSG00000095752
3633.0	0.0008	PLVAP	ENSG00000130300
3633.0	0.0008	HOXB6	ENSG00000108511
3633.0	0.0008	ATG7	ENSG00000197548
3633.0	0.0008	WNT2B	ENSG00000134245
3633.0	0.0008	FLNC	ENSG00000128591
3633.0	0.0008	PMS2	ENSG00000122512
3633.0	0.0008	CCNK	ENSG00000090061
3633.0	0.0008	VANGL1	ENSG00000173218
3633.0	0.0008	ABCG5	ENSG00000138075
3633.0	0.0008	ARL4D	ENSG00000175906
3633.0	0.0008	TFE3	ENSG00000068323
3633.0	0.0008	MAPT	ENSG00000186868
3633.0	0.0008	SV2A	ENSG00000159164
3633.0	0.0008	C1QL4	ENSG00000186897
3633.0	0.0008	TBC1D22B	ENSG00000065491
3633.0	0.0008	TBC1D22A	ENSG00000054611
3633.0	0.0008	ACSS1	ENSG00000154930
3633.0	0.0008	TGFBI	ENSG00000120708
3633.0	0.0008	HES1	ENSG00000114315
3633.0	0.0008	NFKBIA	ENSG00000100906
3633.0	0.0008	GPATCH4	ENSG00000160818
3633.0	0.0008	STXBP3	ENSG00000116266
3633.0	0.0008	USF2	ENSG00000105698
3633.0	0.0008	INPP5D	ENSG00000168918
3633.0	0.0008	HBS1L	ENSG00000112339
3633.0	0.0008	CHL1	ENSG00000134121
3633.0	0.0008	TDP1	ENSG00000042088
3633.0	0.0008	MED12L	ENSG00000144893
3633.0	0.0008	IL1R1	ENSG00000115594
3633.0	0.0008	TRUB1	ENSG00000165832
3633.0	0.0008	ADNP2	ENSG00000101544
3633.0	0.0008	STOM	ENSG00000148175
3633.0	0.0008	HNRNPA1L2	ENSG00000139675
3633.0	0.0008	VPS54	ENSG00000143952
3633.0	0.0008	CWH43	ENSG00000109182
3633.0	0.0008	GSK3A	ENSG00000105723
3633.0	0.0008	ACR	ENSG00000100312
3633.0	0.0008	ZPBP2	ENSG00000186075
3633.0	0.0008	FJX1	ENSG00000179431
3633.0	0.0008	PRKN	ENSG00000185345
3633.0	0.0008	SAR1B	ENSG00000152700
3633.0	0.0008	APLP2	ENSG00000084234
3633.0	0.0008	SLC19A1	ENSG00000173638
3633.0	0.0008	GLRA1	ENSG00000145888
3633.0	0.0008	AK9	ENSG00000155085
3633.0	0.0008	CHRNA1	ENSG00000138435
3633.0	0.0008	CHRNB1	ENSG00000170175
3633.0	0.0008	CHRND	ENSG00000135902
3633.0	0.0008	DOK7	ENSG00000175920
3633.0	0.0008	RAPSN	ENSG00000165917
3633.0	0.0008	INSM1	ENSG00000173404
3633.0	0.0008	R3HDML	ENSG00000101074
3633.0	0.0008	TRAPPC3	ENSG00000054116
3633.0	0.0008	RNF32	ENSG00000105982
3633.0	0.0008	MRRF	ENSG00000148187
3633.0	0.0008	PTPRA	ENSG00000132670
3633.0	0.0008	CIR1	ENSG00000138433
3633.0	0.0008	PLA1A	ENSG00000144837
3633.0	0.0008	FAM83F	ENSG00000133477
3633.0	0.0008	CACNA1H	ENSG00000196557
3633.0	0.0008	TOP3B	ENSG00000100038
3633.0	0.0008	SMCP	ENSG00000163206
3633.0	0.0008	GOLGB1	ENSG00000173230
3633.0	0.0008	NUMB	ENSG00000133961
3999.0	0.0007	CNPY3	ENSG00000137161
3999.0	0.0007	IP6K1	ENSG00000176095
3999.0	0.0007	LDB3	ENSG00000122367
3999.0	0.0007	PSMD11	ENSG00000108671
3999.0	0.0007	SLC17A7	ENSG00000104888
3999.0	0.0007	LINGO3	ENSG00000220008
3999.0	0.0007	POU4F1	ENSG00000152192
3999.0	0.0007	TTC19	ENSG00000011295
3999.0	0.0007	TRAF1	ENSG00000056558
3999.0	0.0007	PLPP7	ENSG00000160539
3999.0	0.0007	CLN8	ENSG00000182372
3999.0	0.0007	GDF7	ENSG00000143869
3999.0	0.0007	KCNC2	ENSG00000166006
3999.0	0.0007	TRIP6	ENSG00000087077
3999.0	0.0007	LPAR4	ENSG00000147145
3999.0	0.0007	FBXL20	ENSG00000108306
3999.0	0.0007	MUC5B	ENSG00000117983
3999.0	0.0007	KRT9	ENSG00000171403
3999.0	0.0007	RHAG	ENSG00000112077
3999.0	0.0007	PRPF3	ENSG00000117360
3999.0	0.0007	RPL36	ENSG00000130255
3999.0	0.0007	DDR1	ENSG00000204580
3999.0	0.0007	USP41P	ENSG00000161133
3999.0	0.0007	KRT4	ENSG00000170477
3999.0	0.0007	PLAGL1	ENSG00000118495
3999.0	0.0007	TMX3	ENSG00000166479
3999.0	0.0007	FERMT2	ENSG00000073712
3999.0	0.0007	MAPK8IP2	ENSG00000008735
3999.0	0.0007	KIF26A	ENSG00000066735
3999.0	0.0007	ZC3HC1	ENSG00000091732
3999.0	0.0007	ZNF143	ENSG00000166478
3999.0	0.0007	PPP1R21	ENSG00000162869
3999.0	0.0007	SRGAP3	ENSG00000196220
3999.0	0.0007	MCOLN3	ENSG00000055732
3999.0	0.0007	FZD5	ENSG00000163251
3999.0	0.0007	RASGRF1	ENSG00000058335
3999.0	0.0007	ANXA1	ENSG00000135046
3999.0	0.0007	DUSP1	ENSG00000120129
3999.0	0.0007	VPS37B	ENSG00000139722
3999.0	0.0007	THOC5	ENSG00000100296
3999.0	0.0007	PDX1	ENSG00000139515
3999.0	0.0007	CLIC4	ENSG00000169504
3999.0	0.0007	SDC1	ENSG00000115884
3999.0	0.0007	TMX1	ENSG00000139921
3999.0	0.0007	ACSL3	ENSG00000123983
3999.0	0.0007	RAB6B	ENSG00000154917
3999.0	0.0007	TMEM68	ENSG00000167904
3999.0	0.0007	SPINK1	ENSG00000164266
3999.0	0.0007	GRIK5	ENSG00000105737
3999.0	0.0007	MYOZ1	ENSG00000177791
3999.0	0.0007	AKTIP	ENSG00000166971
3999.0	0.0007	SMAD5	ENSG00000113658
3999.0	0.0007	PXYLP1	ENSG00000155893
3999.0	0.0007	PPP2R5C	ENSG00000078304
3999.0	0.0007	LATS1	ENSG00000131023
3999.0	0.0007	OVOL1	ENSG00000172818
3999.0	0.0007	PHOX2B	ENSG00000109132
3999.0	0.0007	BCORL1	ENSG00000085185
3999.0	0.0007	HIF1A	ENSG00000100644
3999.0	0.0007	P2RX7	ENSG00000089041
3999.0	0.0007	LRRTM1	ENSG00000162951
3999.0	0.0007	C1orf43	ENSG00000143612
3999.0	0.0007	KCNJ8	ENSG00000121361
3999.0	0.0007	RLN3	ENSG00000171136
3999.0	0.0007	EFHC1	ENSG00000096093
3999.0	0.0007	ZFP36L2	ENSG00000152518
3999.0	0.0007	TMEM106B	ENSG00000106460
3999.0	0.0007	ZMIZ1	ENSG00000108175
3999.0	0.0007	IQCJ-SCHIP1	ENSG00000250588
3999.0	0.0007	SCHIP1	ENSG00000151967
3999.0	0.0007	EDN1	ENSG00000078401
3999.0	0.0007	PDHB	ENSG00000168291
3999.0	0.0007	CACHD1	ENSG00000158966
3999.0	0.0007	HECTD3	ENSG00000126107
3999.0	0.0007	NFYA	ENSG00000001167
3999.0	0.0007	PARL	ENSG00000175193
3999.0	0.0007	GFUS	ENSG00000104522
3999.0	0.0007	COL25A1	ENSG00000188517
3999.0	0.0007	ERGIC1	ENSG00000113719
3999.0	0.0007	HYAL2	ENSG00000068001
3999.0	0.0007	ATP2B1	ENSG00000070961
3999.0	0.0007	IKZF1	ENSG00000185811
3999.0	0.0007	HCLS1	ENSG00000180353
3999.0	0.0007	DLST	ENSG00000119689
3999.0	0.0007	SPEF2	ENSG00000152582
3999.0	0.0007	POU4F2	ENSG00000151615
3999.0	0.0007	RBP1	ENSG00000114115
3999.0	0.0007	BACE1	ENSG00000186318
3999.0	0.0007	NR2C2	ENSG00000177463
3999.0	0.0007	GFI1B	ENSG00000165702
3999.0	0.0007	CSTB	ENSG00000160213
3999.0	0.0007	NME7	ENSG00000143156
3999.0	0.0007	SMG1	ENSG00000157106
3999.0	0.0007	SHARPIN	ENSG00000179526
3999.0	0.0007	ANAPC10	ENSG00000164162
3999.0	0.0007	ASCL5	ENSG00000232237
3999.0	0.0007	CD38	ENSG00000004468
3999.0	0.0007	METTL18	ENSG00000171806
3999.0	0.0007	NUGGC	ENSG00000189233
3999.0	0.0007	PTCHD4	ENSG00000244694
3999.0	0.0007	SULT2A1	ENSG00000105398
3999.0	0.0007	SYNJ2BP	ENSG00000213463
3999.0	0.0007	HIPK2	ENSG00000064393
3999.0	0.0007	PTPRJ	ENSG00000149177
3999.0	0.0007	APOE	ENSG00000130203
3999.0	0.0007	IL6	ENSG00000136244
3999.0	0.0007	SLC30A4	ENSG00000104154
3999.0	0.0007	CDH23	ENSG00000107736
3999.0	0.0007	ATXN3	ENSG00000066427
3999.0	0.0007	OTUB1	ENSG00000167770
3999.0	0.0007	POLR2G	ENSG00000168002
3999.0	0.0007	USP10	ENSG00000103194
3999.0	0.0007	USP13	ENSG00000058056
3999.0	0.0007	USP33	ENSG00000077254
3999.0	0.0007	USP8	ENSG00000138592
3999.0	0.0007	NAA20	ENSG00000173418
3999.0	0.0007	GLDC	ENSG00000178445
3999.0	0.0007	GIMAP5	ENSG00000196329
3999.0	0.0007	PIBF1	ENSG00000083535
3999.0	0.0007	NLK	ENSG00000087095
3999.0	0.0007	TSKU	ENSG00000182704
3999.0	0.0007	SPTBN2	ENSG00000173898
3999.0	0.0007	ARAF	ENSG00000078061
3999.0	0.0007	GRB2	ENSG00000177885
3999.0	0.0007	SMOC2	ENSG00000112562
3999.0	0.0007	GRIN2C	ENSG00000161509
3999.0	0.0007	SETD5	ENSG00000168137
3999.0	0.0007	ACVR2A	ENSG00000121989
3999.0	0.0007	GBE1	ENSG00000114480
3999.0	0.0007	SETBP1	ENSG00000152217
3999.0	0.0007	ARRDC3	ENSG00000113369
3999.0	0.0007	FXN	ENSG00000165060
3999.0	0.0007	SYPL2	ENSG00000143028
3999.0	0.0007	SCN9A	ENSG00000169432
3999.0	0.0007	SOX10	ENSG00000100146
3999.0	0.0007	ADAMTS20	ENSG00000173157
3999.0	0.0007	HELT	ENSG00000187821
3999.0	0.0007	PIGB	ENSG00000069943
3999.0	0.0007	KIF3B	ENSG00000101350
3999.0	0.0007	DDX55	ENSG00000111364
3999.0	0.0007	POU3F4	ENSG00000196767
3999.0	0.0007	VGLL4	ENSG00000144560
3999.0	0.0007	BAG6	ENSG00000204463
3999.0	0.0007	PXDN	ENSG00000130508
3999.0	0.0007	GNAI2	ENSG00000114353
3999.0	0.0007	GABRB1	ENSG00000163288
3999.0	0.0007	RNF125	ENSG00000101695
3999.0	0.0007	PDGFC	ENSG00000145431
3999.0	0.0007	GLIS3	ENSG00000107249
3999.0	0.0007	LIPI	ENSG00000188992
3999.0	0.0007	GAB1	ENSG00000109458
3999.0	0.0007	SCRIB	ENSG00000180900
3999.0	0.0007	ASCL1	ENSG00000139352
3999.0	0.0007	G3BP2	ENSG00000138757
3999.0	0.0007	SART3	ENSG00000075856
3999.0	0.0007	FGGY	ENSG00000172456
3999.0	0.0007	NDC1	ENSG00000058804
3999.0	0.0007	TLR3	ENSG00000164342
3999.0	0.0007	ZHX2	ENSG00000178764
3999.0	0.0007	ZCCHC8	ENSG00000033030
3999.0	0.0007	HLA-DMA	ENSG00000204257
3999.0	0.0007	PDZK1	ENSG00000174827
3999.0	0.0007	PDZK1P1	ENSG00000215860
3999.0	0.0007	PHLPP2	ENSG00000040199
3999.0	0.0007	PAXIP1	ENSG00000157212
3999.0	0.0007	MSI1	ENSG00000135097
3999.0	0.0007	PHLPP1	ENSG00000081913
3999.0	0.0007	CRADD	ENSG00000169372
3999.0	0.0007	SEMA4C	ENSG00000168758
3999.0	0.0007	PLXNA4	ENSG00000221866
3999.0	0.0007	MPZ	ENSG00000158887
3999.0	0.0007	PRX	ENSG00000105227
3999.0	0.0007	SBF2	ENSG00000133812
3999.0	0.0007	CYP7A1	ENSG00000167910
3999.0	0.0007	GMDS	ENSG00000112699
3999.0	0.0007	RRAGC	ENSG00000116954
3999.0	0.0007	YPEL2	ENSG00000175155
3999.0	0.0007	GNG5	ENSG00000174021
3999.0	0.0007	SLC28A3	ENSG00000197506
3999.0	0.0007	RUNDC1	ENSG00000198863
3999.0	0.0007	PTMA	ENSG00000187514
3999.0	0.0007	PARD3	ENSG00000148498
3999.0	0.0007	AURKA	ENSG00000087586
3999.0	0.0007	USP42	ENSG00000106346
3999.0	0.0007	ABHD16A	ENSG00000204427
3999.0	0.0007	ARMC5	ENSG00000140691
3999.0	0.0007	BSX	ENSG00000188909
3999.0	0.0007	CHD1L	ENSG00000131778
3999.0	0.0007	COPS5	ENSG00000121022
3999.0	0.0007	DCLRE1C	ENSG00000152457
3999.0	0.0007	GPD2	ENSG00000115159
3999.0	0.0007	HNRNPD	ENSG00000138668
3999.0	0.0007	KLHL24	ENSG00000114796
3999.0	0.0007	MCU	ENSG00000156026
3999.0	0.0007	MEX3B	ENSG00000183496
3999.0	0.0007	PA2G4	ENSG00000170515
3999.0	0.0007	PARP6	ENSG00000137817
3999.0	0.0007	PCBP4	ENSG00000090097
3999.0	0.0007	PGAM5	ENSG00000247077
3999.0	0.0007	PLD4	ENSG00000166428
3999.0	0.0007	RC3H2	ENSG00000056586
3999.0	0.0007	SIDT2	ENSG00000149577
3999.0	0.0007	STARD13	ENSG00000133121
3999.0	0.0007	TARBP2	ENSG00000139546
3999.0	0.0007	WNT2	ENSG00000105989
3999.0	0.0007	ZDBF2	ENSG00000204186
3999.0	0.0007	RPS12	ENSG00000112306
3999.0	0.0007	MAPK6	ENSG00000069956
3999.0	0.0007	H2AX	ENSG00000188486
3999.0	0.0007	RNF8	ENSG00000112130
3999.0	0.0007	CTTN	ENSG00000085733
3999.0	0.0007	BAG3	ENSG00000151929
3999.0	0.0007	DHRS9	ENSG00000073737
3999.0	0.0007	ELOA	ENSG00000011007
3999.0	0.0007	ELOA2	ENSG00000206181
3999.0	0.0007	ELOA3DP	ENSG00000266996
3999.0	0.0007	ELOA3P	ENSG00000183791
3999.0	0.0007	COL6A3	ENSG00000163359
3999.0	0.0007	ARL13B	ENSG00000169379
3999.0	0.0007	ARMC9	ENSG00000135931
3999.0	0.0007	CEP104	ENSG00000116198
3999.0	0.0007	TMEM218	ENSG00000150433
3999.0	0.0007	RFX2	ENSG00000087903
3999.0	0.0007	RAD9B	ENSG00000151164
3999.0	0.0007	MYBL1	ENSG00000185697
3999.0	0.0007	TRIB1	ENSG00000173334
3999.0	0.0007	MAP2	ENSG00000078018
3999.0	0.0007	CD86	ENSG00000114013
3999.0	0.0007	TRAT1	ENSG00000163519
3999.0	0.0007	XRN2	ENSG00000088930
3999.0	0.0007	FOXF1	ENSG00000103241
3999.0	0.0007	PIKFYVE	ENSG00000115020
3999.0	0.0007	ADGRV1	ENSG00000164199
3999.0	0.0007	WNK3	ENSG00000196632
3999.0	0.0007	SRBD1	ENSG00000068784
3999.0	0.0007	ETV1	ENSG00000006468
3999.0	0.0007	HMOX1	ENSG00000100292
3999.0	0.0007	SMARCD3	ENSG00000082014
3999.0	0.0007	PRMT3	ENSG00000185238
3999.0	0.0007	YBX1	ENSG00000065978
3999.0	0.0007	STK25	ENSG00000115694
3999.0	0.0007	NAGLU	ENSG00000108784
3999.0	0.0007	COX5A	ENSG00000178741
3999.0	0.0007	ARIH2	ENSG00000177479
3999.0	0.0007	CD74	ENSG00000019582
3999.0	0.0007	DERL2	ENSG00000072849
3999.0	0.0007	PCM1	ENSG00000078674
3999.0	0.0007	TSPAN1	ENSG00000117472
3999.0	0.0007	NCOA2	ENSG00000140396
3999.0	0.0007	KLHL12	ENSG00000117153
3999.0	0.0007	CHTOP	ENSG00000160679
3999.0	0.0007	CAMK2N1	ENSG00000162545
3999.0	0.0007	SPP1	ENSG00000118785
3999.0	0.0007	HECTD1	ENSG00000092148
3999.0	0.0007	GJB1	ENSG00000169562
3999.0	0.0007	AP2S1	ENSG00000042753
3999.0	0.0007	SEMA6B	ENSG00000167680
3999.0	0.0007	TJAP1	ENSG00000137221
3999.0	0.0007	CELSR3	ENSG00000008300
3999.0	0.0007	GAD1	ENSG00000128683
3999.0	0.0007	ADCY8	ENSG00000155897
3999.0	0.0007	FNDC3A	ENSG00000102531
3999.0	0.0007	ATAD1	ENSG00000138138
3999.0	0.0007	SLC20A1	ENSG00000144136
3999.0	0.0007	UBE2J2	ENSG00000160087
3999.0	0.0007	GREM2	ENSG00000180875
3999.0	0.0007	TLX2	ENSG00000115297
3999.0	0.0007	RBL2	ENSG00000103479
3999.0	0.0007	CRMP1	ENSG00000072832
3999.0	0.0007	CCDC85C	ENSG00000205476
3999.0	0.0007	ZNF234	ENSG00000263002
3999.0	0.0007	ZNF254	ENSG00000213096
3999.0	0.0007	ZNF28	ENSG00000198538
3999.0	0.0007	ZNF432	ENSG00000256087
3999.0	0.0007	ZNF493	ENSG00000196268
3999.0	0.0007	ZNF595	ENSG00000197701
3999.0	0.0007	ZNF611	ENSG00000213020
3999.0	0.0007	ZNF615	ENSG00000197619
3999.0	0.0007	ZNF676	ENSG00000196109
3999.0	0.0007	ZNF726	ENSG00000213967
3999.0	0.0007	ZNF728	ENSG00000269067
3999.0	0.0007	ZNF732	ENSG00000186777
3999.0	0.0007	ZNF93	ENSG00000184635
3999.0	0.0007	FDFT1	ENSG00000079459
3999.0	0.0007	TCEA1	ENSG00000187735
3999.0	0.0007	CREB3	ENSG00000107175
3999.0	0.0007	ARHGAP10	ENSG00000071205
3999.0	0.0007	APRT	ENSG00000198931
3999.0	0.0007	GFPT1	ENSG00000198380
3999.0	0.0007	ODAD2	ENSG00000169126
3999.0	0.0007	CDX4	ENSG00000131264
3999.0	0.0007	SIM2	ENSG00000159263
3999.0	0.0007	ETV5	ENSG00000244405
3999.0	0.0007	MAU2	ENSG00000129933
3999.0	0.0007	TLE4	ENSG00000106829
3999.0	0.0007	SLC33A1	ENSG00000169359
3999.0	0.0007	CFAP54	ENSG00000188596
3999.0	0.0007	LAMA1	ENSG00000101680
3999.0	0.0007	DCAF5	ENSG00000139990
3999.0	0.0007	NR3C1	ENSG00000113580
3999.0	0.0007	MIF	ENSG00000240972
3999.0	0.0007	ADH7	ENSG00000196344
3999.0	0.0007	SLA2	ENSG00000101082
3999.0	0.0007	FST	ENSG00000134363
3999.0	0.0007	FGF1	ENSG00000113578
3999.0	0.0007	MLLT10	ENSG00000078403
3999.0	0.0007	SNPH	ENSG00000101298
3999.0	0.0007	MSTN	ENSG00000138379
3999.0	0.0007	TMEM138	ENSG00000149483
3999.0	0.0007	SLC28A2	ENSG00000137860
3999.0	0.0007	CHM	ENSG00000188419
3999.0	0.0007	CLDN5	ENSG00000184113
3999.0	0.0007	FOXK1	ENSG00000164916
3999.0	0.0007	AKT2	ENSG00000105221
3999.0	0.0007	PPP1R9B	ENSG00000108819
3999.0	0.0007	UBE2J1	ENSG00000198833
3999.0	0.0007	MAML1	ENSG00000161021
3999.0	0.0007	YPEL3	ENSG00000090238
3999.0	0.0007	THBS3	ENSG00000169231
3999.0	0.0007	HSPB1	ENSG00000106211
3999.0	0.0007	LRIG2	ENSG00000198799
3999.0	0.0007	BRINP3	ENSG00000162670
3999.0	0.0007	ZAP70	ENSG00000115085
3999.0	0.0007	TMEM248	ENSG00000106609
3999.0	0.0007	PDE5A	ENSG00000138735
3999.0	0.0007	MANBA	ENSG00000109323
3999.0	0.0007	FGFR4	ENSG00000160867
3999.0	0.0007	ROBO3	ENSG00000154134
3999.0	0.0007	MAP1A	ENSG00000166963
3999.0	0.0007	FOXN4	ENSG00000139445
3999.0	0.0007	TCF15	ENSG00000125878
3999.0	0.0007	SAMD1	ENSG00000141858
3999.0	0.0007	PDCD10	ENSG00000114209
3999.0	0.0007	ALX3	ENSG00000156150
3999.0	0.0007	DAGLA	ENSG00000134780
3999.0	0.0007	PPIA	ENSG00000196262
3999.0	0.0007	ZFAND5	ENSG00000107372
3999.0	0.0007	ANXA7	ENSG00000138279
3999.0	0.0007	SLC7A10	ENSG00000130876
3999.0	0.0007	CTBP2	ENSG00000175029
3999.0	0.0007	ADAT2	ENSG00000189007
3999.0	0.0007	RSPH14	ENSG00000100218
3999.0	0.0007	RPLP1	ENSG00000137818
3999.0	0.0007	ELF3	ENSG00000163435
3999.0	0.0007	ZFHX3	ENSG00000140836
3999.0	0.0007	RAC3	ENSG00000169750
3999.0	0.0007	F3	ENSG00000117525
3999.0	0.0007	AEBP1	ENSG00000106624
3999.0	0.0007	ATOH7	ENSG00000179774
3999.0	0.0007	FBXO38	ENSG00000145868
3999.0	0.0007	ID3	ENSG00000117318
3999.0	0.0007	ERVFRD-1	ENSG00000244476
3999.0	0.0007	RAD9A	ENSG00000172613
3999.0	0.0007	ITPR1	ENSG00000150995
3999.0	0.0007	PCDH18	ENSG00000189184
3999.0	0.0007	EYA3	ENSG00000158161
3999.0	0.0007	INHA	ENSG00000123999
3999.0	0.0007	ARL2	ENSG00000213465
3999.0	0.0007	PRRT2	ENSG00000167371
3999.0	0.0007	RFX4	ENSG00000111783
3999.0	0.0007	ACRV1	ENSG00000134940
3999.0	0.0007	ADAM10	ENSG00000137845
3999.0	0.0007	NPFFR2	ENSG00000056291
3999.0	0.0007	LRRC8A	ENSG00000136802
3999.0	0.0007	DDX11L8	ENSG00000256263
3999.0	0.0007	DDX12P	ENSG00000214826
4442.0	0.0006	ATP6V0A1	ENSG00000033627
4442.0	0.0006	CD44	ENSG00000026508
4442.0	0.0006	AQP5	ENSG00000161798
4442.0	0.0006	RACK1	ENSG00000204628
4442.0	0.0006	DPP3	ENSG00000254986
4442.0	0.0006	ARAP3	ENSG00000120318
4442.0	0.0006	IGFALS	ENSG00000099769
4442.0	0.0006	ANGPTL3	ENSG00000132855
4442.0	0.0006	TSC1	ENSG00000165699
4442.0	0.0006	HOXC10	ENSG00000180818
4442.0	0.0006	ADAM23	ENSG00000114948
4442.0	0.0006	COX5B	ENSG00000135940
4442.0	0.0006	NFKB1	ENSG00000109320
4442.0	0.0006	SYNJ2	ENSG00000078269
4442.0	0.0006	MCM5	ENSG00000100297
4442.0	0.0006	IL17RC	ENSG00000163702
4442.0	0.0006	BCKDHA	ENSG00000248098
4442.0	0.0006	AMOT	ENSG00000126016
4442.0	0.0006	ETS2	ENSG00000157557
4442.0	0.0006	CST3	ENSG00000101439
4442.0	0.0006	CST5	ENSG00000170367
4442.0	0.0006	SELL	ENSG00000188404
4442.0	0.0006	SPPL3	ENSG00000157837
4442.0	0.0006	UNK	ENSG00000132478
4442.0	0.0006	FOXO1	ENSG00000150907
4442.0	0.0006	STX1B	ENSG00000099365
4442.0	0.0006	GDAP1	ENSG00000104381
4442.0	0.0006	LHX8	ENSG00000162624
4442.0	0.0006	GRHL3	ENSG00000158055
4442.0	0.0006	FAM219A	ENSG00000164970
4442.0	0.0006	IRF4	ENSG00000137265
4442.0	0.0006	MTHFD2	ENSG00000065911
4442.0	0.0006	ZFP36L1	ENSG00000185650
4442.0	0.0006	HM13	ENSG00000101294
4442.0	0.0006	FBXO45	ENSG00000174013
4442.0	0.0006	SNIP1	ENSG00000163877
4442.0	0.0006	MAPK7	ENSG00000166484
4442.0	0.0006	CCT2	ENSG00000166226
4442.0	0.0006	PEG3	ENSG00000198300
4442.0	0.0006	DMTF1	ENSG00000135164
4442.0	0.0006	NUF2	ENSG00000143228
4442.0	0.0006	ANGPTL4	ENSG00000167772
4442.0	0.0006	MSI2	ENSG00000153944
4442.0	0.0006	FOXI1	ENSG00000168269
4442.0	0.0006	LRAT	ENSG00000121207
4442.0	0.0006	COLEC11	ENSG00000118004
4442.0	0.0006	CHCHD7	ENSG00000170791
4442.0	0.0006	EZR	ENSG00000092820
4442.0	0.0006	PROM2	ENSG00000155066
4442.0	0.0006	SCARF2	ENSG00000244486
4442.0	0.0006	HPS6	ENSG00000166189
4442.0	0.0006	PHKG1	ENSG00000164776
4442.0	0.0006	FGF7	ENSG00000140285
4442.0	0.0006	RHOQ	ENSG00000119729
4442.0	0.0006	NTN1	ENSG00000065320
4442.0	0.0006	POT1	ENSG00000128513
4442.0	0.0006	CENPA	ENSG00000115163
4442.0	0.0006	TSNAX	ENSG00000116918
4442.0	0.0006	TRAPPC8	ENSG00000153339
4442.0	0.0006	ADAT1	ENSG00000065457
4442.0	0.0006	ITGB4	ENSG00000132470
4442.0	0.0006	CCDC78	ENSG00000162004
4442.0	0.0006	PPOX	ENSG00000143224
4442.0	0.0006	RAC2	ENSG00000128340
4442.0	0.0006	STAT5A	ENSG00000126561
4442.0	0.0006	CNPY2	ENSG00000257727
4442.0	0.0006	ACTN4	ENSG00000130402
4442.0	0.0006	MDC1	ENSG00000137337
4442.0	0.0006	CFAP276	ENSG00000179902
4442.0	0.0006	SULT4A1	ENSG00000130540
4442.0	0.0006	PTGS1	ENSG00000095303
4442.0	0.0006	ISL1	ENSG00000016082
4442.0	0.0006	DHX35	ENSG00000101452
4442.0	0.0006	VAMP2	ENSG00000220205
4442.0	0.0006	CDK2	ENSG00000123374
4442.0	0.0006	CORO1C	ENSG00000110880
4442.0	0.0006	SOCS3	ENSG00000184557
4442.0	0.0006	GON4L	ENSG00000116580
4442.0	0.0006	SPIRE1	ENSG00000134278
4442.0	0.0006	NR1D1	ENSG00000126368
4442.0	0.0006	CTH	ENSG00000116761
4442.0	0.0006	BRDT	ENSG00000137948
4442.0	0.0006	GPR85	ENSG00000164604
4442.0	0.0006	SUGP2	ENSG00000064607
4442.0	0.0006	FLOT2	ENSG00000132589
4442.0	0.0006	ARHGEF7	ENSG00000102606
4442.0	0.0006	ITPK1	ENSG00000100605
4442.0	0.0006	PHRF1	ENSG00000070047
4442.0	0.0006	SLC17A6	ENSG00000091664
4442.0	0.0006	UBR5	ENSG00000104517
4442.0	0.0006	FAM110A	ENSG00000125898
4442.0	0.0006	FAM110C	ENSG00000184731
4442.0	0.0006	GAL	ENSG00000069482
4442.0	0.0006	SPTLC2	ENSG00000100596
4442.0	0.0006	SELT	ENSG00000198843
4442.0	0.0006	PRDM15	ENSG00000141956
4442.0	0.0006	ZFYVE27	ENSG00000155256
4442.0	0.0006	CHSY3	ENSG00000198108
4442.0	0.0006	NOSTRIN	ENSG00000163072
4442.0	0.0006	NUPR1	ENSG00000176046
4442.0	0.0006	UBE2D2	ENSG00000131508
4442.0	0.0006	UBE2D3	ENSG00000109332
4442.0	0.0006	DEPP1	ENSG00000165507
4442.0	0.0006	ELMOD3	ENSG00000115459
4442.0	0.0006	PPP2R2A	ENSG00000221914
4442.0	0.0006	CAMKMT	ENSG00000143919
4442.0	0.0006	PPM1B	ENSG00000138032
4442.0	0.0006	PLG	ENSG00000122194
4442.0	0.0006	AKAP9	ENSG00000127914
4442.0	0.0006	CFAP43	ENSG00000197748
4442.0	0.0006	AMOTL2	ENSG00000114019
4442.0	0.0006	C5orf34	ENSG00000172244
4442.0	0.0006	COMMD1	ENSG00000173163
4442.0	0.0006	KCNN3	ENSG00000143603
4442.0	0.0006	RAB24	ENSG00000169228
4442.0	0.0006	CNTNAP2	ENSG00000174469
4442.0	0.0006	FHIP1B	ENSG00000051009
4442.0	0.0006	ACVR1	ENSG00000115170
4442.0	0.0006	CNOT4	ENSG00000080802
4442.0	0.0006	CYP2C18	ENSG00000108242
4442.0	0.0006	CYP2C19	ENSG00000165841
4442.0	0.0006	CYP2C8	ENSG00000138115
4442.0	0.0006	CYP2C9	ENSG00000138109
4442.0	0.0006	TFF1	ENSG00000160182
4442.0	0.0006	HBB	ENSG00000244734
4442.0	0.0006	CREBRF	ENSG00000164463
4442.0	0.0006	SMARCC1	ENSG00000173473
4442.0	0.0006	GLB1L3	ENSG00000166105
4442.0	0.0006	PHYHIPL	ENSG00000165443
4442.0	0.0006	MMP20	ENSG00000137674
4442.0	0.0006	FAM163A	ENSG00000143340
4442.0	0.0006	CLN3	ENSG00000188603
4442.0	0.0006	FADD	ENSG00000168040
4442.0	0.0006	UBP1	ENSG00000153560
4442.0	0.0006	BIRC5	ENSG00000089685
4442.0	0.0006	USP38	ENSG00000170185
4442.0	0.0006	ALG8	ENSG00000159063
4442.0	0.0006	BHLHA9	ENSG00000205899
4442.0	0.0006	FGF14	ENSG00000102466
4442.0	0.0006	STAMBPL1	ENSG00000138134
4442.0	0.0006	TIAM1	ENSG00000156299
4442.0	0.0006	CYP11B2	ENSG00000179142
4442.0	0.0006	APOB	ENSG00000084674
4442.0	0.0006	VCAM1	ENSG00000162692
4442.0	0.0006	BAZ2B	ENSG00000123636
4442.0	0.0006	DGKI	ENSG00000157680
4442.0	0.0006	PARP3	ENSG00000041880
4442.0	0.0006	ARPC1B	ENSG00000130429
4442.0	0.0006	CACNA1E	ENSG00000198216
4442.0	0.0006	NES	ENSG00000132688
4442.0	0.0006	ZZEF1	ENSG00000074755
4442.0	0.0006	KLF2	ENSG00000127528
4442.0	0.0006	ALDOB	ENSG00000136872
4442.0	0.0006	BEST2	ENSG00000039987
4442.0	0.0006	LYPD3	ENSG00000124466
4442.0	0.0006	SKP2	ENSG00000145604
4442.0	0.0006	FADS1	ENSG00000149485
4442.0	0.0006	TTC7A	ENSG00000068724
4442.0	0.0006	EIF6	ENSG00000242372
4442.0	0.0006	CD5L	ENSG00000073754
4442.0	0.0006	YY2	ENSG00000230797
4442.0	0.0006	CSRNP1	ENSG00000144655
4442.0	0.0006	RBFOX3	ENSG00000167281
4442.0	0.0006	LPAR3	ENSG00000171517
4442.0	0.0006	MINAR2	ENSG00000186367
4442.0	0.0006	BIRC3	ENSG00000023445
4442.0	0.0006	EPB41	ENSG00000159023
4442.0	0.0006	GYPC	ENSG00000136732
4442.0	0.0006	DAZAP1	ENSG00000071626
4442.0	0.0006	WASF2	ENSG00000158195
4442.0	0.0006	RNF207	ENSG00000158286
4442.0	0.0006	CDS1	ENSG00000163624
4442.0	0.0006	CHPF	ENSG00000123989
4442.0	0.0006	HOXA3	ENSG00000105997
4442.0	0.0006	ZFYVE26	ENSG00000072121
4442.0	0.0006	POLI	ENSG00000101751
4442.0	0.0006	CXCR1	ENSG00000163464
4442.0	0.0006	STAU2	ENSG00000040341
4442.0	0.0006	ZMYM4	ENSG00000146463
4442.0	0.0006	ZNF174	ENSG00000103343
4442.0	0.0006	STK11	ENSG00000118046
4442.0	0.0006	SOX5	ENSG00000134532
4442.0	0.0006	TSPAN32	ENSG00000064201
4442.0	0.0006	CACNA1D	ENSG00000157388
4442.0	0.0006	ZC3H12A	ENSG00000163874
4442.0	0.0006	REV1	ENSG00000135945
4442.0	0.0006	NRIP1	ENSG00000180530
4442.0	0.0006	AP1S1	ENSG00000106367
4442.0	0.0006	MBNL2	ENSG00000139793
4442.0	0.0006	EXOSC10	ENSG00000171824
4442.0	0.0006	ERLIN2	ENSG00000147475
4442.0	0.0006	OPALIN	ENSG00000197430
4442.0	0.0006	CNST	ENSG00000162852
4442.0	0.0006	CDKN2A	ENSG00000147889
4442.0	0.0006	GCG	ENSG00000115263
4442.0	0.0006	NKX2-3	ENSG00000119919
4442.0	0.0006	CHURC1	ENSG00000258289
4442.0	0.0006	PFKM	ENSG00000152556
4442.0	0.0006	TNNT1	ENSG00000105048
4442.0	0.0006	DSPP	ENSG00000152591
4442.0	0.0006	RBBP7	ENSG00000102054
4442.0	0.0006	TIAL1	ENSG00000151923
4442.0	0.0006	GPR83	ENSG00000123901
4442.0	0.0006	UBQLN4	ENSG00000160803
4442.0	0.0006	WARS2	ENSG00000116874
4442.0	0.0006	FKBP4	ENSG00000004478
4442.0	0.0006	FBXO5	ENSG00000112029
4442.0	0.0006	ITGA6	ENSG00000091409
4442.0	0.0006	MTRFR	ENSG00000130921
4442.0	0.0006	CEND1	ENSG00000184524
4442.0	0.0006	ETS1	ENSG00000134954
4442.0	0.0006	KPNA6	ENSG00000025800
4442.0	0.0006	WEE1	ENSG00000166483
4442.0	0.0006	PROZ	ENSG00000126231
4442.0	0.0006	CCBE1	ENSG00000183287
4442.0	0.0006	NUP62	ENSG00000213024
4442.0	0.0006	MAPK3	ENSG00000102882
4442.0	0.0006	PRC1	ENSG00000198901
4442.0	0.0006	MAP2K4	ENSG00000065559
4442.0	0.0006	TNIK	ENSG00000154310
4442.0	0.0006	SARDH	ENSG00000123453
4442.0	0.0006	PCDHB6	ENSG00000113211
4442.0	0.0006	ADAMTS1	ENSG00000154734
4442.0	0.0006	ACVR2B	ENSG00000114739
4442.0	0.0006	LRBA	ENSG00000198589
4442.0	0.0006	PIGU	ENSG00000101464
4442.0	0.0006	CALM1	ENSG00000198668
4442.0	0.0006	EIF2AK4	ENSG00000128829
4442.0	0.0006	RMND1	ENSG00000155906
4442.0	0.0006	CHMP7	ENSG00000147457
4442.0	0.0006	HSBP1	ENSG00000230989
4442.0	0.0006	DBT	ENSG00000137992
4442.0	0.0006	HK2	ENSG00000159399
4442.0	0.0006	OMA1	ENSG00000162600
4442.0	0.0006	MARVELD2	ENSG00000152939
4442.0	0.0006	CIDEA	ENSG00000176194
4442.0	0.0006	NUP155	ENSG00000113569
4442.0	0.0006	TFF2	ENSG00000160181
4442.0	0.0006	GHRL	ENSG00000157017
4442.0	0.0006	ZW10	ENSG00000086827
4442.0	0.0006	ALDH1L1	ENSG00000144908
4442.0	0.0006	GRIA1	ENSG00000155511
4442.0	0.0006	NCOR2	ENSG00000196498
4442.0	0.0006	MEF2C	ENSG00000081189
4442.0	0.0006	KNSTRN	ENSG00000128944
4442.0	0.0006	POLR1E	ENSG00000137054
4442.0	0.0006	HARS1	ENSG00000170445
4442.0	0.0006	HARS2	ENSG00000112855
4442.0	0.0006	PIK3CB	ENSG00000051382
4442.0	0.0006	FER	ENSG00000151422
4442.0	0.0006	CD55	ENSG00000196352
4442.0	0.0006	UHRF2	ENSG00000147854
4442.0	0.0006	PKP3	ENSG00000184363
4442.0	0.0006	MYO15A	ENSG00000091536
4442.0	0.0006	MATN1	ENSG00000162510
4442.0	0.0006	SLC12A7	ENSG00000113504
4442.0	0.0006	APH1A	ENSG00000117362
4442.0	0.0006	ADAMTS3	ENSG00000156140
4442.0	0.0006	TJP1	ENSG00000104067
4442.0	0.0006	POU3F3	ENSG00000198914
4442.0	0.0006	ST18	ENSG00000147488
4442.0	0.0006	OBSCN	ENSG00000154358
4442.0	0.0006	BCAR3	ENSG00000137936
4442.0	0.0006	LIPK	ENSG00000204021
4442.0	0.0006	SYT2	ENSG00000143858
4442.0	0.0006	ZNF106	ENSG00000103994
4442.0	0.0006	CCDC63	ENSG00000173093
4442.0	0.0006	SYK	ENSG00000165025
4442.0	0.0006	SPIN4	ENSG00000186767
4442.0	0.0006	PAK4	ENSG00000130669
4442.0	0.0006	SERPINA10	ENSG00000140093
4442.0	0.0006	LIPT1	ENSG00000144182
4442.0	0.0006	MMD	ENSG00000108960
4442.0	0.0006	DBI	ENSG00000155368
4442.0	0.0006	FOXA1	ENSG00000129514
4442.0	0.0006	FRYL	ENSG00000075539
4442.0	0.0006	GCK	ENSG00000106633
4442.0	0.0006	GUCY1B1	ENSG00000061918
4442.0	0.0006	HP1BP3	ENSG00000127483
4442.0	0.0006	RC3H1	ENSG00000135870
4442.0	0.0006	RUNX1T1	ENSG00000079102
4442.0	0.0006	TSHB	ENSG00000134200
4442.0	0.0006	TUT4	ENSG00000134744
4442.0	0.0006	VIPR1	ENSG00000114812
4442.0	0.0006	IRF2BP2	ENSG00000168264
4442.0	0.0006	LDOC1	ENSG00000182195
4442.0	0.0006	STUB1	ENSG00000103266
4442.0	0.0006	SSBP2	ENSG00000145687
4442.0	0.0006	OTOF	ENSG00000115155
4442.0	0.0006	AGTR2	ENSG00000180772
4442.0	0.0006	SOX21	ENSG00000125285
4442.0	0.0006	PENK	ENSG00000181195
4442.0	0.0006	FUOM	ENSG00000148803
4442.0	0.0006	RTN4R	ENSG00000040608
4442.0	0.0006	ST8SIA1	ENSG00000111728
4442.0	0.0006	ERN1	ENSG00000178607
4442.0	0.0006	AVL9	ENSG00000105778
4442.0	0.0006	MTHFD1	ENSG00000100714
4442.0	0.0006	GNAI3	ENSG00000065135
4442.0	0.0006	RSPO3	ENSG00000146374
4442.0	0.0006	SMAD7	ENSG00000101665
4442.0	0.0006	DNAAF3	ENSG00000167646
4442.0	0.0006	CLEC5A	ENSG00000258227
4442.0	0.0006	AHDC1	ENSG00000126705
4442.0	0.0006	MED24	ENSG00000008838
4442.0	0.0006	NUP50	ENSG00000093000
4442.0	0.0006	ATAT1	ENSG00000137343
4442.0	0.0006	KIF20A	ENSG00000112984
4442.0	0.0006	EIF1	ENSG00000173812
4442.0	0.0006	PLD5	ENSG00000180287
4442.0	0.0006	DNAJA1	ENSG00000086061
4442.0	0.0006	IFIT2	ENSG00000119922
4442.0	0.0006	WHRN	ENSG00000095397
4442.0	0.0006	HAL	ENSG00000084110
4442.0	0.0006	MTHFD1L	ENSG00000120254
4442.0	0.0006	ATP6AP1	ENSG00000071553
4442.0	0.0006	MYH1	ENSG00000109061
4442.0	0.0006	ATP6V1H	ENSG00000047249
4442.0	0.0006	SPTSSB	ENSG00000196542
4442.0	0.0006	OTULIN	ENSG00000154124
4442.0	0.0006	DENND11	ENSG00000257093
4442.0	0.0006	NRF1	ENSG00000106459
4442.0	0.0006	EIF2S1	ENSG00000134001
4442.0	0.0006	TEX2	ENSG00000136478
4442.0	0.0006	IP6K3	ENSG00000161896
4442.0	0.0006	PRSS56	ENSG00000237412
4442.0	0.0006	TUBGCP5	ENSG00000153575
4442.0	0.0006	EARS2	ENSG00000103356
4442.0	0.0006	FOXO3	ENSG00000118689
4442.0	0.0006	IL9R	ENSG00000124334
4442.0	0.0006	APBA2	ENSG00000034053
4442.0	0.0006	DENND6A	ENSG00000174839
4442.0	0.0006	TNR	ENSG00000116147
4442.0	0.0006	FURIN	ENSG00000140564
4442.0	0.0006	UBL4A	ENSG00000102178
4442.0	0.0006	CFAP53	ENSG00000172361
4442.0	0.0006	ATP2A2	ENSG00000174437
4442.0	0.0006	LATS2	ENSG00000150457
4442.0	0.0006	DCTN5	ENSG00000166847
4442.0	0.0006	INTS5	ENSG00000185085
4442.0	0.0006	INTS6	ENSG00000102786
4442.0	0.0006	ARL6IP5	ENSG00000144746
4442.0	0.0006	HIF1AN	ENSG00000166135
4442.0	0.0006	FADS2	ENSG00000134824
4442.0	0.0006	ABCD4	ENSG00000119688
4442.0	0.0006	MED6	ENSG00000133997
4442.0	0.0006	HDDC3	ENSG00000184508
4442.0	0.0006	CLDN12	ENSG00000157224
4442.0	0.0006	DIAPH2	ENSG00000147202
4442.0	0.0006	HPS5	ENSG00000110756
4442.0	0.0006	SLC3A2	ENSG00000168003
4442.0	0.0006	CYB561	ENSG00000008283
4442.0	0.0006	WDR70	ENSG00000082068
4442.0	0.0006	IRX1	ENSG00000170549
4442.0	0.0006	DNAJC19	ENSG00000205981
4442.0	0.0006	MAPK9	ENSG00000050748
4442.0	0.0006	FXYD4	ENSG00000150201
4442.0	0.0006	ARPC2	ENSG00000163466
4442.0	0.0006	TMC6	ENSG00000141524
4442.0	0.0006	TUSC2	ENSG00000114383
4442.0	0.0006	TXNDC17	ENSG00000129235
4442.0	0.0006	IER2	ENSG00000160888
4442.0	0.0006	IREB2	ENSG00000136381
4442.0	0.0006	RUVBL2	ENSG00000183207
4442.0	0.0006	OLFM2	ENSG00000105088
4442.0	0.0006	SLC26A5	ENSG00000170615
4442.0	0.0006	FAM110B	ENSG00000169122
4442.0	0.0006	CSK	ENSG00000103653
4442.0	0.0006	EEF1G	ENSG00000254772
4442.0	0.0006	PAPSS1	ENSG00000138801
4442.0	0.0006	TBC1D2B	ENSG00000167202
4442.0	0.0006	TMC5	ENSG00000103534
4442.0	0.0006	ITGB8	ENSG00000105855
4442.0	0.0006	AKAP17A	ENSG00000197976
4442.0	0.0006	AKAP17BP	ENSG00000214992
4442.0	0.0006	MEPE	ENSG00000152595
4442.0	0.0006	DHFR2	ENSG00000178700
4442.0	0.0006	DHFRP1	ENSG00000188985
4442.0	0.0006	MAD2L1BP	ENSG00000124688
4442.0	0.0006	FRMPD4	ENSG00000169933
4442.0	0.0006	SUPT6H	ENSG00000109111
4442.0	0.0006	PPP3CB	ENSG00000107758
4442.0	0.0006	CAMSAP1	ENSG00000130559
4442.0	0.0006	LRIG1	ENSG00000144749
4442.0	0.0006	NPY2R	ENSG00000185149
4442.0	0.0006	ATP6V1B1	ENSG00000116039
4442.0	0.0006	CCNL1	ENSG00000163660
4442.0	0.0006	PCIF1	ENSG00000100982
4442.0	0.0006	CYP11A1	ENSG00000140459
4442.0	0.0006	EDAR	ENSG00000135960
4442.0	0.0006	NPRL3	ENSG00000103148
4442.0	0.0006	RGL2	ENSG00000237441
4442.0	0.0006	HCAR1	ENSG00000196917
4442.0	0.0006	TMOD1	ENSG00000136842
4442.0	0.0006	SEC24B	ENSG00000138802
4442.0	0.0006	IMPA1	ENSG00000133731
4442.0	0.0006	DNAI1	ENSG00000122735
4442.0	0.0006	AASDHPPT	ENSG00000149313
4442.0	0.0006	DUSP16	ENSG00000111266
4442.0	0.0006	KLF10	ENSG00000155090
4442.0	0.0006	AQP1	ENSG00000240583
4442.0	0.0006	POU2F1	ENSG00000143190
4442.0	0.0006	PERP	ENSG00000112378
4442.0	0.0006	CELSR2	ENSG00000143126
4442.0	0.0006	KLHL1	ENSG00000150361
4442.0	0.0006	ABCC10	ENSG00000124574
4442.0	0.0006	MTA1	ENSG00000182979
4442.0	0.0006	UCMA	ENSG00000165623
4442.0	0.0006	AIRE	ENSG00000160224
4442.0	0.0006	RBM4	ENSG00000173933
4442.0	0.0006	TCF12	ENSG00000140262
4442.0	0.0006	KRTAP17-1	ENSG00000186860
4442.0	0.0006	DOCK1	ENSG00000150760
4442.0	0.0006	TRNT1	ENSG00000072756
4442.0	0.0006	TBC1D4	ENSG00000136111
4442.0	0.0006	CLOCK	ENSG00000134852
4442.0	0.0006	ACTN2	ENSG00000077522
4442.0	0.0006	BRWD3	ENSG00000165288
4442.0	0.0006	WNK1	ENSG00000060237
4442.0	0.0006	OSBPL2	ENSG00000130703
4442.0	0.0006	TM4SF5	ENSG00000142484
4442.0	0.0006	STARD3	ENSG00000131748
4442.0	0.0006	LDB1	ENSG00000198728
4442.0	0.0006	YIPF6	ENSG00000181704
4442.0	0.0006	TGM2	ENSG00000198959
4442.0	0.0006	PHIP	ENSG00000146247
4442.0	0.0006	TMEM230	ENSG00000089063
4442.0	0.0006	BSND	ENSG00000162399
4442.0	0.0006	SLC7A3	ENSG00000165349
4442.0	0.0006	H1-4	ENSG00000168298
4442.0	0.0006	SNAP91	ENSG00000065609
4442.0	0.0006	PVR	ENSG00000073008
4442.0	0.0006	DEDD	ENSG00000158796
4442.0	0.0006	ZNF276	ENSG00000158805
4442.0	0.0006	G6PD	ENSG00000160211
4442.0	0.0006	PRKCH	ENSG00000027075
4442.0	0.0006	DHODH	ENSG00000102967
4442.0	0.0006	PGLYRP3	ENSG00000159527
4442.0	0.0006	RYR3	ENSG00000198838
4442.0	0.0006	TMEM8B	ENSG00000137103
4442.0	0.0006	POLR1C	ENSG00000171453
4442.0	0.0006	POLR1D	ENSG00000186184
4442.0	0.0006	IPMK	ENSG00000151151
5125.0	0.0005	CPT1B	ENSG00000205560
5125.0	0.0005	AMDHD1	ENSG00000139344
5125.0	0.0005	DCLK1	ENSG00000133083
5125.0	0.0005	ABCB5	ENSG00000004846
5125.0	0.0005	UNC93A	ENSG00000112494
5125.0	0.0005	MIEN1	ENSG00000141741
5125.0	0.0005	PLOD3	ENSG00000106397
5125.0	0.0005	HDGFRP3	ENSG00000166503
5125.0	0.0005	ODAD1	ENSG00000105479
5125.0	0.0005	MCTP1	ENSG00000175471
5125.0	0.0005	SBK3	ENSG00000231274
5125.0	0.0005	SNW1	ENSG00000100603
5125.0	0.0005	HSD17B1	ENSG00000108786
5125.0	0.0005	RAB1A	ENSG00000138069
5125.0	0.0005	PKD2	ENSG00000118762
5125.0	0.0005	PIP5K1C	ENSG00000186111
5125.0	0.0005	CPT1C	ENSG00000169169
5125.0	0.0005	FTCD	ENSG00000160282
5125.0	0.0005	PLXND1	ENSG00000004399
5125.0	0.0005	DHX34	ENSG00000134815
5125.0	0.0005	KCNK5	ENSG00000164626
5125.0	0.0005	DCXR	ENSG00000169738
5125.0	0.0005	ANXA13	ENSG00000104537
5125.0	0.0005	CADM3	ENSG00000162706
5125.0	0.0005	CIC	ENSG00000079432
5125.0	0.0005	ALDH1A3	ENSG00000184254
5125.0	0.0005	NRROS	ENSG00000174004
5125.0	0.0005	TWIST2	ENSG00000233608
5125.0	0.0005	SRA1	ENSG00000213523
5125.0	0.0005	BIVM	ENSG00000134897
5125.0	0.0005	BIVM-ERCC5	ENSG00000270181
5125.0	0.0005	NRN1	ENSG00000124785
5125.0	0.0005	DCN	ENSG00000011465
5125.0	0.0005	STK32B	ENSG00000152953
5125.0	0.0005	MESP1	ENSG00000166823
5125.0	0.0005	TRIM71	ENSG00000206557
5125.0	0.0005	ATP6AP2	ENSG00000182220
5125.0	0.0005	PACSIN1	ENSG00000124507
5125.0	0.0005	CALCA	ENSG00000110680
5125.0	0.0005	CRH	ENSG00000147571
5125.0	0.0005	REC8	ENSG00000100918
5125.0	0.0005	ABCA1	ENSG00000165029
5125.0	0.0005	ZNF384	ENSG00000126746
5125.0	0.0005	FTL	ENSG00000087086
5125.0	0.0005	PINK1	ENSG00000158828
5125.0	0.0005	KRT90P	ENSG00000257844
5125.0	0.0005	PALM	ENSG00000099864
5125.0	0.0005	AVP	ENSG00000101200
5125.0	0.0005	PLEKHA7	ENSG00000166689
5125.0	0.0005	ECHS1	ENSG00000127884
5125.0	0.0005	TAC4	ENSG00000176358
5125.0	0.0005	TCF3	ENSG00000071564
5125.0	0.0005	IL17C	ENSG00000124391
5125.0	0.0005	SACS	ENSG00000151835
5125.0	0.0005	MGAT1	ENSG00000131446
5125.0	0.0005	KIF21A	ENSG00000139116
5125.0	0.0005	PHOX2A	ENSG00000165462
5125.0	0.0005	CADPS2	ENSG00000081803
5125.0	0.0005	DBR1	ENSG00000138231
5125.0	0.0005	MARCHF6	ENSG00000145495
5125.0	0.0005	KCNQ1	ENSG00000053918
5125.0	0.0005	RAB1B	ENSG00000174903
5125.0	0.0005	ZSCAN10	ENSG00000130182
5125.0	0.0005	USO1	ENSG00000138768
5125.0	0.0005	HHATL	ENSG00000010282
5125.0	0.0005	ABCC4	ENSG00000125257
5125.0	0.0005	LRTOMT	ENSG00000184154
5125.0	0.0005	LIPA	ENSG00000107798
5125.0	0.0005	SYT7	ENSG00000011347
5125.0	0.0005	UNC79	ENSG00000133958
5125.0	0.0005	ARHGAP4	ENSG00000089820
5125.0	0.0005	PLA2G2F	ENSG00000158786
5125.0	0.0005	BMP10	ENSG00000163217
5125.0	0.0005	LYPD6	ENSG00000187123
5125.0	0.0005	HOXD1	ENSG00000128645
5125.0	0.0005	MFAP4	ENSG00000166482
5125.0	0.0005	PPT2	ENSG00000221988
5125.0	0.0005	DMBX1	ENSG00000197587
5125.0	0.0005	KRT1	ENSG00000167768
5125.0	0.0005	RSPH6A	ENSG00000104941
5125.0	0.0005	KCNH2	ENSG00000055118
5125.0	0.0005	CD247	ENSG00000198821
5125.0	0.0005	FAM20B	ENSG00000116199
5125.0	0.0005	COQ7	ENSG00000167186
5125.0	0.0005	ATP5F1B	ENSG00000110955
5125.0	0.0005	ASIC3	ENSG00000213199
5125.0	0.0005	GRIK3	ENSG00000163873
5125.0	0.0005	CD8A	ENSG00000153563
5125.0	0.0005	CMAS	ENSG00000111726
5125.0	0.0005	CHRFAM7A	ENSG00000166664
5125.0	0.0005	NSG1	ENSG00000168824
5125.0	0.0005	LRRC66	ENSG00000188993
5125.0	0.0005	HEMGN	ENSG00000136929
5125.0	0.0005	PTPN14	ENSG00000152104
5125.0	0.0005	CNTRL	ENSG00000119397
5125.0	0.0005	TRPV3	ENSG00000167723
5125.0	0.0005	ATMIN	ENSG00000166454
5125.0	0.0005	HOXD10	ENSG00000128710
5125.0	0.0005	OLIG1	ENSG00000184221
5125.0	0.0005	DNAJC16	ENSG00000116138
5125.0	0.0005	GML	ENSG00000104499
5125.0	0.0005	SH3RF2	ENSG00000156463
5125.0	0.0005	ARHGEF25	ENSG00000240771
5125.0	0.0005	NFAT5	ENSG00000102908
5125.0	0.0005	ADGRL1	ENSG00000072071
5125.0	0.0005	MMP21	ENSG00000154485
5125.0	0.0005	CMYA5	ENSG00000164309
5125.0	0.0005	GUCY2D	ENSG00000132518
5125.0	0.0005	COL4A5	ENSG00000188153
5125.0	0.0005	TECR	ENSG00000099797
5125.0	0.0005	RP11-287D1.3	ENSG00000264324
5125.0	0.0005	SLC4A5	ENSG00000188687
5125.0	0.0005	AIPL1	ENSG00000129221
5125.0	0.0005	OSR1	ENSG00000143867
5125.0	0.0005	PTPN20	ENSG00000183675
5125.0	0.0005	PTPN20A	ENSG00000204179
5125.0	0.0005	IKZF2	ENSG00000030419
5125.0	0.0005	METTL1	ENSG00000037897
5125.0	0.0005	EFNA5	ENSG00000184349
5125.0	0.0005	EGLN2	ENSG00000269858
5125.0	0.0005	MCC	ENSG00000171444
5125.0	0.0005	GPSM2	ENSG00000121957
5125.0	0.0005	TMPRSS6	ENSG00000187045
5125.0	0.0005	HOXA9	ENSG00000078399
5125.0	0.0005	PSME3	ENSG00000131467
5125.0	0.0005	ZMYND8	ENSG00000101040
5125.0	0.0005	IGFBP2	ENSG00000115457
5125.0	0.0005	MTERF4	ENSG00000122085
5125.0	0.0005	MOSPD3	ENSG00000106330
5125.0	0.0005	EYA4	ENSG00000112319
5125.0	0.0005	CDC40	ENSG00000168438
5125.0	0.0005	RIPK1	ENSG00000137275
5125.0	0.0005	EFNB2	ENSG00000125266
5125.0	0.0005	SOD1	ENSG00000142168
5125.0	0.0005	KIRREL1	ENSG00000183853
5125.0	0.0005	CHMP2B	ENSG00000083937
5125.0	0.0005	SLC45A2	ENSG00000164175
5125.0	0.0005	KIRREL3	ENSG00000149571
5125.0	0.0005	MARVELD1	ENSG00000155254
5125.0	0.0005	OTUD7B	ENSG00000163113
5125.0	0.0005	MED14	ENSG00000180182
5125.0	0.0005	SPG21	ENSG00000090487
5125.0	0.0005	DSC1	ENSG00000134765
5125.0	0.0005	ING5	ENSG00000168395
5125.0	0.0005	ARL9	ENSG00000196503
5125.0	0.0005	GRID1	ENSG00000182771
5125.0	0.0005	L2HGDH	ENSG00000087299
5125.0	0.0005	TPTE	ENSG00000166157
5125.0	0.0005	DAD1	ENSG00000129562
5125.0	0.0005	EGLN3	ENSG00000129521
5125.0	0.0005	MREG	ENSG00000118242
5125.0	0.0005	COPA	ENSG00000122218
5125.0	0.0005	TUBB2A	ENSG00000137267
5125.0	0.0005	CLCNKA	ENSG00000186510
5125.0	0.0005	INSIG1	ENSG00000186480
5125.0	0.0005	EGLN1	ENSG00000135766
5125.0	0.0005	UXS1	ENSG00000115652
5125.0	0.0005	GPR37L1	ENSG00000170075
5125.0	0.0005	HSD17B12	ENSG00000149084
5125.0	0.0005	MC2R	ENSG00000185231
5125.0	0.0005	MC4R	ENSG00000166603
5125.0	0.0005	NNT	ENSG00000112992
5125.0	0.0005	TXNRD2	ENSG00000184470
5125.0	0.0005	RCC1	ENSG00000180198
5125.0	0.0005	TMEM147	ENSG00000105677
5125.0	0.0005	KPNA2	ENSG00000182481
5125.0	0.0005	IGFBP5	ENSG00000115461
5125.0	0.0005	ACTC1	ENSG00000159251
5125.0	0.0005	AKNA	ENSG00000106948
5125.0	0.0005	ANKRD46	ENSG00000186106
5125.0	0.0005	ARPC3	ENSG00000111229
5125.0	0.0005	ATAD2B	ENSG00000119778
5125.0	0.0005	ATCAY	ENSG00000167654
5125.0	0.0005	BICC1	ENSG00000122870
5125.0	0.0005	BLMH	ENSG00000108578
5125.0	0.0005	CA5A	ENSG00000174990
5125.0	0.0005	CAPN5	ENSG00000149260
5125.0	0.0005	CARD14	ENSG00000141527
5125.0	0.0005	CHRNA3	ENSG00000080644
5125.0	0.0005	COL4A4	ENSG00000081052
5125.0	0.0005	DDX46	ENSG00000145833
5125.0	0.0005	ESX1	ENSG00000123576
5125.0	0.0005	FOSB	ENSG00000125740
5125.0	0.0005	FOXL1	ENSG00000176678
5125.0	0.0005	GALNT11	ENSG00000178234
5125.0	0.0005	HBEGF	ENSG00000113070
5125.0	0.0005	HERC2	ENSG00000128731
5125.0	0.0005	HPN	ENSG00000105707
5125.0	0.0005	ICMT	ENSG00000116237
5125.0	0.0005	INO80	ENSG00000128908
5125.0	0.0005	KDM5A	ENSG00000073614
5125.0	0.0005	KRT25	ENSG00000204897
5125.0	0.0005	LDHA	ENSG00000134333
5125.0	0.0005	LHX9	ENSG00000143355
5125.0	0.0005	LIN28B	ENSG00000187772
5125.0	0.0005	LORICRIN	ENSG00000203782
5125.0	0.0005	LPIN1	ENSG00000134324
5125.0	0.0005	MAP3K4	ENSG00000085511
5125.0	0.0005	MYL9	ENSG00000101335
5125.0	0.0005	NEUROD1	ENSG00000162992
5125.0	0.0005	NPEPPS	ENSG00000141279
5125.0	0.0005	NPHS2	ENSG00000116218
5125.0	0.0005	PAX4	ENSG00000106331
5125.0	0.0005	PEPD	ENSG00000124299
5125.0	0.0005	PHB1	ENSG00000167085
5125.0	0.0005	PIAS1	ENSG00000033800
5125.0	0.0005	PLCD1	ENSG00000187091
5125.0	0.0005	POLDIP2	ENSG00000004142
5125.0	0.0005	PRKCE	ENSG00000171132
5125.0	0.0005	PSMB10	ENSG00000205220
5125.0	0.0005	RBM47	ENSG00000163694
5125.0	0.0005	RCE1	ENSG00000173653
5125.0	0.0005	RIMS2	ENSG00000176406
5125.0	0.0005	RLF	ENSG00000117000
5125.0	0.0005	RPS21	ENSG00000171858
5125.0	0.0005	SCAP	ENSG00000114650
5125.0	0.0005	SGPP1	ENSG00000126821
5125.0	0.0005	TAL1	ENSG00000162367
5125.0	0.0005	TAOK2	ENSG00000149930
5125.0	0.0005	TFAP2C	ENSG00000087510
5125.0	0.0005	TNRC18	ENSG00000182095
5125.0	0.0005	VAMP1	ENSG00000139190
5125.0	0.0005	ZNF700	ENSG00000196757
5125.0	0.0005	ZNF878	ENSG00000257446
5125.0	0.0005	LACTB2	ENSG00000147592
5125.0	0.0005	PCK1	ENSG00000124253
5125.0	0.0005	UNC13A	ENSG00000130477
5125.0	0.0005	SAXO1	ENSG00000155875
5125.0	0.0005	SLC4A7	ENSG00000033867
5125.0	0.0005	SLC27A4	ENSG00000167114
5125.0	0.0005	H3-5	ENSG00000188375
5125.0	0.0005	PARVB	ENSG00000188677
5125.0	0.0005	SLC35B1	ENSG00000121073
5125.0	0.0005	FZD8	ENSG00000177283
5125.0	0.0005	IQSEC3	ENSG00000120645
5125.0	0.0005	NPRL2	ENSG00000114388
5125.0	0.0005	UNC13B	ENSG00000198722
5125.0	0.0005	NPC2	ENSG00000119655
5125.0	0.0005	MAX	ENSG00000125952
5125.0	0.0005	KLC1	ENSG00000126214
5125.0	0.0005	RP11-73M18.2	ENSG00000256500
5125.0	0.0005	DNAJC7	ENSG00000168259
5125.0	0.0005	CLCF1	ENSG00000175505
5125.0	0.0005	IGF2BP2	ENSG00000073792
5125.0	0.0005	MAPK8	ENSG00000107643
5125.0	0.0005	AP2B1	ENSG00000006125
5125.0	0.0005	LSR	ENSG00000105699
5125.0	0.0005	VAMP3	ENSG00000049245
5125.0	0.0005	SLC35D2	ENSG00000130958
5125.0	0.0005	UPRT	ENSG00000094841
5125.0	0.0005	UCHL5	ENSG00000116750
5125.0	0.0005	ATXN2	ENSG00000204842
5125.0	0.0005	KCND2	ENSG00000184408
5125.0	0.0005	ANAPC15	ENSG00000110200
5125.0	0.0005	MAEA	ENSG00000090316
5125.0	0.0005	HINT1	ENSG00000169567
5125.0	0.0005	DKK2	ENSG00000155011
5125.0	0.0005	RETREG3	ENSG00000141699
5125.0	0.0005	PEDS1	ENSG00000240849
5125.0	0.0005	PEDS1-UBE2V1	ENSG00000124208
5125.0	0.0005	CYP1B1	ENSG00000138061
5125.0	0.0005	TTR	ENSG00000118271
5125.0	0.0005	GNAL	ENSG00000141404
5125.0	0.0005	SELE	ENSG00000007908
5125.0	0.0005	TRABD2B	ENSG00000269113
5125.0	0.0005	ADARB2	ENSG00000185736
5125.0	0.0005	INPP1	ENSG00000151689
5125.0	0.0005	SLC24A5	ENSG00000188467
5125.0	0.0005	OVOL2	ENSG00000125850
5125.0	0.0005	LPAR6	ENSG00000139679
5125.0	0.0005	ANKLE1	ENSG00000160117
5125.0	0.0005	MRPS9	ENSG00000135972
5125.0	0.0005	STXBP1	ENSG00000136854
5125.0	0.0005	HAS2	ENSG00000170961
5125.0	0.0005	MTCL1	ENSG00000168502
5125.0	0.0005	ADIPOQ	ENSG00000181092
5125.0	0.0005	SLC26A1	ENSG00000145217
5125.0	0.0005	AGRP	ENSG00000159723
5125.0	0.0005	SGCE	ENSG00000127990
5125.0	0.0005	SEC31A	ENSG00000138674
5125.0	0.0005	LYN	ENSG00000254087
5125.0	0.0005	TRPM6	ENSG00000119121
5125.0	0.0005	EIF2B4	ENSG00000115211
5125.0	0.0005	LYST	ENSG00000143669
5125.0	0.0005	PPP1CA	ENSG00000172531
5125.0	0.0005	TACC1	ENSG00000147526
5125.0	0.0005	MRPL42	ENSG00000198015
5125.0	0.0005	UMOD	ENSG00000169344
5125.0	0.0005	BBLN	ENSG00000171159
5125.0	0.0005	DPPA4	ENSG00000121570
5125.0	0.0005	HEPN1	ENSG00000221932
5125.0	0.0005	MBP	ENSG00000197971
5125.0	0.0005	HOOK3	ENSG00000168172
5125.0	0.0005	ACVRL1	ENSG00000139567
5125.0	0.0005	DNTTIP1	ENSG00000101457
5125.0	0.0005	MIDEAS	ENSG00000156030
5125.0	0.0005	PIERCE1	ENSG00000160345
5125.0	0.0005	TBX20	ENSG00000164532
5125.0	0.0005	LSM4	ENSG00000130520
5125.0	0.0005	MAG	ENSG00000105695
5125.0	0.0005	MRPS26	ENSG00000125901
5125.0	0.0005	RAPGEF2	ENSG00000109756
5125.0	0.0005	PLIN4	ENSG00000167676
5125.0	0.0005	ITPKB	ENSG00000143772
5125.0	0.0005	ARHGEF4	ENSG00000136002
5125.0	0.0005	RETREG1	ENSG00000154153
5125.0	0.0005	KIFC3	ENSG00000140859
5125.0	0.0005	NELL2	ENSG00000184613
5125.0	0.0005	CIAO3	ENSG00000103245
5125.0	0.0005	IGFBP4	ENSG00000141753
5125.0	0.0005	STK39	ENSG00000198648
5125.0	0.0005	CIZ1	ENSG00000148337
5125.0	0.0005	ADCY9	ENSG00000162104
5125.0	0.0005	SLU7	ENSG00000164609
5125.0	0.0005	LUC7L2	ENSG00000269955
5125.0	0.0005	AP000322.53	ENSG00000243627
5125.0	0.0005	KCNE1	ENSG00000180509
5125.0	0.0005	KLF5	ENSG00000102554
5125.0	0.0005	ITGA7	ENSG00000135424
5125.0	0.0005	SPINT1	ENSG00000166145
5125.0	0.0005	PRSS12	ENSG00000164099
5125.0	0.0005	KHDRBS1	ENSG00000121774
5125.0	0.0005	CDH6	ENSG00000113361
5125.0	0.0005	NR1H4	ENSG00000012504
5125.0	0.0005	SHC1	ENSG00000160691
5125.0	0.0005	FTH1	ENSG00000167996
5125.0	0.0005	MYL7	ENSG00000106631
5125.0	0.0005	SAE1	ENSG00000142230
5125.0	0.0005	TFB1M	ENSG00000029639
5125.0	0.0005	BEX1	ENSG00000133169
5125.0	0.0005	RAB31	ENSG00000168461
5125.0	0.0005	CISD3	ENSG00000230055
5125.0	0.0005	CD2AP	ENSG00000198087
5125.0	0.0005	ASF1B	ENSG00000105011
5125.0	0.0005	NANP	ENSG00000170191
5125.0	0.0005	RPA3	ENSG00000106399
5125.0	0.0005	HNRNPCL1	ENSG00000179172
5125.0	0.0005	CMTR2	ENSG00000180917
5125.0	0.0005	DOCK11	ENSG00000147251
5125.0	0.0005	PPP1R13L	ENSG00000104881
5125.0	0.0005	OSGEPL1	ENSG00000128694
5125.0	0.0005	HMGXB3	ENSG00000113716
5125.0	0.0005	OGG1	ENSG00000114026
5125.0	0.0005	FBXW11	ENSG00000072803
5125.0	0.0005	ELK4	ENSG00000158711
5125.0	0.0005	TMC1	ENSG00000165091
5125.0	0.0005	PFN1	ENSG00000108518
5125.0	0.0005	NARF	ENSG00000141562
5125.0	0.0005	FABP9	ENSG00000205186
5125.0	0.0005	AQP9	ENSG00000103569
5125.0	0.0005	ATP2C1	ENSG00000017260
5125.0	0.0005	ASF1A	ENSG00000111875
5125.0	0.0005	SLC26A3	ENSG00000091138
5125.0	0.0005	ITGA2B	ENSG00000005961
5125.0	0.0005	TPGS2	ENSG00000134779
5125.0	0.0005	SPINT2	ENSG00000167642
5125.0	0.0005	SIX2	ENSG00000170577
5125.0	0.0005	IL7	ENSG00000104432
5125.0	0.0005	PCGF6	ENSG00000156374
5125.0	0.0005	SBNO2	ENSG00000064932
5125.0	0.0005	KCNK4	ENSG00000182450
5125.0	0.0005	ZNF750	ENSG00000141579
5125.0	0.0005	LMO7	ENSG00000136153
5125.0	0.0005	DIO3	ENSG00000197406
5125.0	0.0005	RAD18	ENSG00000070950
5125.0	0.0005	SUPT7L	ENSG00000119760
5125.0	0.0005	FOXM1	ENSG00000111206
5125.0	0.0005	DOCK8	ENSG00000107099
5125.0	0.0005	NIBAN2	ENSG00000136830
5125.0	0.0005	APOC2	ENSG00000234906
5125.0	0.0005	XPO7	ENSG00000130227
5125.0	0.0005	USP21	ENSG00000143258
5125.0	0.0005	PNP	ENSG00000198805
5125.0	0.0005	SELPLG	ENSG00000110876
5125.0	0.0005	FAAH2	ENSG00000165591
5125.0	0.0005	KRTAP8-1	ENSG00000183640
5125.0	0.0005	SLC5A2	ENSG00000140675
5125.0	0.0005	CRELD1	ENSG00000163703
5125.0	0.0005	MAOA	ENSG00000189221
5125.0	0.0005	MAOB	ENSG00000069535
5125.0	0.0005	NPL	ENSG00000135838
5125.0	0.0005	ATAD3A	ENSG00000197785
5125.0	0.0005	AKAP6	ENSG00000151320
5125.0	0.0005	TLE1	ENSG00000196781
5125.0	0.0005	PXN	ENSG00000089159
5125.0	0.0005	SH3BP2	ENSG00000087266
5125.0	0.0005	KAZN	ENSG00000189337
5125.0	0.0005	RHOT2	ENSG00000140983
5125.0	0.0005	FAM107B	ENSG00000065809
5125.0	0.0005	SPNS2	ENSG00000183018
5125.0	0.0005	KDM1B	ENSG00000165097
5125.0	0.0005	ATP5PD	ENSG00000167863
5125.0	0.0005	C10orf90	ENSG00000154493
5125.0	0.0005	ACTR5	ENSG00000101442
5125.0	0.0005	LIPH	ENSG00000163898
5125.0	0.0005	REV3L	ENSG00000009413
5125.0	0.0005	MTF1	ENSG00000188786
5125.0	0.0005	PRPF19	ENSG00000110107
5125.0	0.0005	SPN	ENSG00000197471
5125.0	0.0005	TLE2	ENSG00000065717
5125.0	0.0005	FOXQ1	ENSG00000164379
5125.0	0.0005	CALM2	ENSG00000143933
5125.0	0.0005	MYLK3	ENSG00000140795
5125.0	0.0005	TLE3	ENSG00000140332
5125.0	0.0005	FBXL12	ENSG00000127452
5125.0	0.0005	GADD45GIP1	ENSG00000179271
5125.0	0.0005	TECPR1	ENSG00000205356
5125.0	0.0005	TIGIT	ENSG00000181847
5125.0	0.0005	CDC42EP1	ENSG00000128283
5125.0	0.0005	TREM2	ENSG00000095970
5125.0	0.0005	WNT9B	ENSG00000158955
5125.0	0.0005	ILF3	ENSG00000129351
5125.0	0.0005	NHERF2	ENSG00000065054
5125.0	0.0005	ALDH7A1	ENSG00000164904
5125.0	0.0005	ATL1	ENSG00000198513
5125.0	0.0005	TACR1	ENSG00000115353
5125.0	0.0005	DOCK9	ENSG00000088387
5125.0	0.0005	TAB3	ENSG00000157625
5125.0	0.0005	DIPK2A	ENSG00000181744
5125.0	0.0005	CXCL14	ENSG00000145824
5125.0	0.0005	CAVIN2	ENSG00000168497
5125.0	0.0005	STN1	ENSG00000107960
5125.0	0.0005	PROM1	ENSG00000007062
5125.0	0.0005	NPY4R	ENSG00000204174
5125.0	0.0005	TBX19	ENSG00000143178
5125.0	0.0005	HEXIM1	ENSG00000186834
5125.0	0.0005	GAS7	ENSG00000007237
5125.0	0.0005	RPA1	ENSG00000132383
5125.0	0.0005	UBXN6	ENSG00000167671
5125.0	0.0005	FKBP14	ENSG00000106080
5125.0	0.0005	SEC16B	ENSG00000120341
5125.0	0.0005	TMEM116	ENSG00000198270
5125.0	0.0005	NECTIN2	ENSG00000130202
5125.0	0.0005	LDB2	ENSG00000169744
5125.0	0.0005	MFAP1	ENSG00000140259
5125.0	0.0005	RAB3A	ENSG00000105649
5125.0	0.0005	SNRNP70	ENSG00000104852
5125.0	0.0005	LITAF	ENSG00000189067
5125.0	0.0005	MRPL3	ENSG00000114686
5125.0	0.0005	KCNE5	ENSG00000176076
5125.0	0.0005	SEC16A	ENSG00000148396
5125.0	0.0005	COX10	ENSG00000006695
5125.0	0.0005	NANOG	ENSG00000111704
5125.0	0.0005	TCF23	ENSG00000163792
5125.0	0.0005	SH3GL1	ENSG00000141985
5125.0	0.0005	RBP4	ENSG00000138207
5125.0	0.0005	SELENOP	ENSG00000250722
5125.0	0.0005	CLK1	ENSG00000013441
5125.0	0.0005	TTLL4	ENSG00000135912
5125.0	0.0005	PRG4	ENSG00000116690
5125.0	0.0005	URM1	ENSG00000167118
5125.0	0.0005	GDF3	ENSG00000184344
5125.0	0.0005	TTL	ENSG00000114999
5125.0	0.0005	SUCLG2	ENSG00000172340
5125.0	0.0005	IMMP2L	ENSG00000184903
5125.0	0.0005	RP9	ENSG00000164610
5125.0	0.0005	NIT2	ENSG00000114021
5125.0	0.0005	MMAA	ENSG00000151611
5125.0	0.0005	FBXO2	ENSG00000116661
5125.0	0.0005	RMND5A	ENSG00000153561
5125.0	0.0005	MARCHF9	ENSG00000139266
5125.0	0.0005	HIBCH	ENSG00000198130
5125.0	0.0005	PTPN21	ENSG00000070778
5125.0	0.0005	LNX1	ENSG00000072201
5125.0	0.0005	DLG2	ENSG00000150672
5125.0	0.0005	TRMT5	ENSG00000126814
5125.0	0.0005	LRRK2	ENSG00000188906
5125.0	0.0005	MPST	ENSG00000128309
5125.0	0.0005	RMND5B	ENSG00000145916
5125.0	0.0005	MTDH	ENSG00000147649
5125.0	0.0005	MBD3	ENSG00000071655
5125.0	0.0005	WASL	ENSG00000106299
5125.0	0.0005	CSDE1	ENSG00000009307
5125.0	0.0005	TLR5	ENSG00000187554
5125.0	0.0005	RPA2	ENSG00000117748
5125.0	0.0005	TPH1	ENSG00000129167
5125.0	0.0005	MIB2	ENSG00000197530
5125.0	0.0005	RDH14	ENSG00000240857
5125.0	0.0005	RABGAP1	ENSG00000011454
5125.0	0.0005	RPF2	ENSG00000197498
5125.0	0.0005	EHMT2	ENSG00000204371
5125.0	0.0005	SNX13	ENSG00000071189
5125.0	0.0005	COL15A1	ENSG00000204291
5125.0	0.0005	VSX2	ENSG00000119614
5125.0	0.0005	GSE1	ENSG00000131149
5125.0	0.0005	MOCS3	ENSG00000124217
5125.0	0.0005	MAGI2	ENSG00000187391
5125.0	0.0005	MLH1	ENSG00000076242
5125.0	0.0005	MCM2	ENSG00000073111
5125.0	0.0005	RBM38	ENSG00000132819
5125.0	0.0005	CLDN17	ENSG00000156282
5125.0	0.0005	CTU1	ENSG00000142544
5125.0	0.0005	ATP5F1C	ENSG00000165629
5125.0	0.0005	VDAC1	ENSG00000213585
5125.0	0.0005	RPE65	ENSG00000116745
5125.0	0.0005	GPR176	ENSG00000166073
5125.0	0.0005	RLBP1	ENSG00000140522
5125.0	0.0005	DMPK	ENSG00000104936
5125.0	0.0005	HTR1B	ENSG00000135312
5125.0	0.0005	KAT8	ENSG00000103510
5125.0	0.0005	SGCB	ENSG00000163069
5125.0	0.0005	SETDB2	ENSG00000136169
5125.0	0.0005	NDUFA12	ENSG00000184752
5125.0	0.0005	PEA15	ENSG00000162734
5125.0	0.0005	HDAC3	ENSG00000171720
5125.0	0.0005	CALCRL	ENSG00000064989
5125.0	0.0005	SLC7A6OS	ENSG00000103061
5125.0	0.0005	CBARP	ENSG00000099625
5125.0	0.0005	PBRM1	ENSG00000163939
5125.0	0.0005	ASCC3	ENSG00000112249
5125.0	0.0005	RPL23A	ENSG00000198242
5125.0	0.0005	ELAVL2	ENSG00000107105
5125.0	0.0005	YIPF7	ENSG00000177752
5125.0	0.0005	UBE2L3	ENSG00000185651
5125.0	0.0005	STRBP	ENSG00000165209
5125.0	0.0005	SCN7A	ENSG00000136546
5125.0	0.0005	EHBP1L1	ENSG00000173442
5125.0	0.0005	PRMT6	ENSG00000198890
5125.0	0.0005	EXOSC6	ENSG00000223496
5125.0	0.0005	MRTFB	ENSG00000186260
5125.0	0.0005	QKI	ENSG00000112531
5125.0	0.0005	CSN3	ENSG00000171209
5125.0	0.0005	MRPS7	ENSG00000125445
5125.0	0.0005	TMEM30B	ENSG00000182107
5125.0	0.0005	NMD3	ENSG00000169251
5125.0	0.0005	ZNF503	ENSG00000165655
5125.0	0.0005	PPP1R35	ENSG00000160813
5125.0	0.0005	TMEM127	ENSG00000135956
5125.0	0.0005	MRPL12	ENSG00000262814
5125.0	0.0005	NTS	ENSG00000133636
5125.0	0.0005	ZNF622	ENSG00000173545
5125.0	0.0005	ARF6	ENSG00000165527
5125.0	0.0005	S1PR2	ENSG00000267534
5125.0	0.0005	SELV	ENSG00000186838
5125.0	0.0005	APEX2	ENSG00000169188
5125.0	0.0005	COMMD9	ENSG00000110442
5125.0	0.0005	NPR1	ENSG00000169418
5125.0	0.0005	TOPBP1	ENSG00000163781
5125.0	0.0005	GANAB	ENSG00000089597
5125.0	0.0005	NID1	ENSG00000116962
5125.0	0.0005	BICD1	ENSG00000151746
5125.0	0.0005	CBX2	ENSG00000173894
5125.0	0.0005	RAB5A	ENSG00000144566
5125.0	0.0005	SMYD1	ENSG00000115593
5125.0	0.0005	VTI1A	ENSG00000151532
5125.0	0.0005	E2F1	ENSG00000101412
5125.0	0.0005	GANC	ENSG00000214013
5125.0	0.0005	ZFPM1	ENSG00000179588
5125.0	0.0005	TAFAZZIN	ENSG00000102125
5125.0	0.0005	TMTC4	ENSG00000125247
5125.0	0.0005	MYO1D	ENSG00000176658
5125.0	0.0005	ZNF280B	ENSG00000198477
5125.0	0.0005	UBAP1	ENSG00000165006
5125.0	0.0005	UROD	ENSG00000126088
5125.0	0.0005	FEN1	ENSG00000168496
5125.0	0.0005	KCNJ13	ENSG00000115474
5125.0	0.0005	TIMM9	ENSG00000100575
5125.0	0.0005	PRKD3	ENSG00000115825
5125.0	0.0005	ZNF280C	ENSG00000056277
5125.0	0.0005	RNF6	ENSG00000127870
5125.0	0.0005	ZNF280D	ENSG00000137871
5125.0	0.0005	ZNF280A	ENSG00000169548
5125.0	0.0005	AGAP1	ENSG00000157985
5125.0	0.0005	AGAP10	ENSG00000204172
5125.0	0.0005	AGAP5	ENSG00000172650
5125.0	0.0005	AGAP7P	ENSG00000204169
5125.0	0.0005	AGAP9	ENSG00000198035
5125.0	0.0005	GFRA2	ENSG00000168546
5125.0	0.0005	SOX1	ENSG00000182968
5125.0	0.0005	DPH3	ENSG00000154813
5125.0	0.0005	DPH3P1	ENSG00000233838
5125.0	0.0005	CAMK1	ENSG00000134072
5125.0	0.0005	PFKL	ENSG00000141959
5125.0	0.0005	FBXW2	ENSG00000119402
5125.0	0.0005	SCRT2	ENSG00000215397
5125.0	0.0005	ATF5	ENSG00000169136
5125.0	0.0005	NRG3	ENSG00000185737
5125.0	0.0005	CBLIF	ENSG00000134812
5125.0	0.0005	PDE4B	ENSG00000184588
5125.0	0.0005	DDX41	ENSG00000183258
5125.0	0.0005	HEXA	ENSG00000213614
5125.0	0.0005	DTL	ENSG00000143476
5125.0	0.0005	CHCHD1	ENSG00000172586
5125.0	0.0005	SLC35B4	ENSG00000205060
5125.0	0.0005	PI4K2A	ENSG00000155252
5125.0	0.0005	MRTFA	ENSG00000196588
5125.0	0.0005	UFL1	ENSG00000014123
5125.0	0.0005	PDE4C	ENSG00000105650
5125.0	0.0005	APLN	ENSG00000171388
5125.0	0.0005	MMD2	ENSG00000136297
5125.0	0.0005	SYNE3	ENSG00000176438
5125.0	0.0005	FOLH1	ENSG00000086205
5125.0	0.0005	FOLH1B	ENSG00000134612
5125.0	0.0005	SCN2B	ENSG00000149575
5125.0	0.0005	TLR2	ENSG00000137462
5125.0	0.0005	PDE1B	ENSG00000123360
5125.0	0.0005	LOXL3	ENSG00000115318
5125.0	0.0005	IFI30	ENSG00000216490
5125.0	0.0005	STARD4	ENSG00000164211
5125.0	0.0005	GATAD2A	ENSG00000167491
5125.0	0.0005	AFDN	ENSG00000130396
5125.0	0.0005	MAP3K2	ENSG00000169967
5125.0	0.0005	MAP3K3	ENSG00000198909
5125.0	0.0005	WNT16	ENSG00000002745
5125.0	0.0005	ZMYND11	ENSG00000015171
5125.0	0.0005	MAP3K19	ENSG00000176601
5125.0	0.0005	ANKRD1	ENSG00000148677
5125.0	0.0005	CPB2	ENSG00000080618
5125.0	0.0005	SDC4	ENSG00000124145
5125.0	0.0005	SLPI	ENSG00000124107
5125.0	0.0005	PARP1	ENSG00000143799
5125.0	0.0005	UPK2	ENSG00000110375
5125.0	0.0005	PGF	ENSG00000119630
5125.0	0.0005	CTCFL	ENSG00000124092
5125.0	0.0005	PHYKPL	ENSG00000175309
5125.0	0.0005	TEN1	ENSG00000257949
5125.0	0.0005	PGD	ENSG00000142657
5125.0	0.0005	ATP2A3	ENSG00000074370
5125.0	0.0005	SCCPDH	ENSG00000143653
5125.0	0.0005	CGN	ENSG00000143375
5125.0	0.0005	RAB13	ENSG00000143545
5125.0	0.0005	MPC2	ENSG00000143158
5125.0	0.0005	DZIP1	ENSG00000134874
5125.0	0.0005	TXNRD1	ENSG00000198431
5125.0	0.0005	RGCC	ENSG00000102760
5125.0	0.0005	NTSR1	ENSG00000101188
5125.0	0.0005	NOLC1	ENSG00000166197
5125.0	0.0005	NMNAT2	ENSG00000157064
5125.0	0.0005	CCNB1	ENSG00000134057
5125.0	0.0005	SCAMP5	ENSG00000198794
5125.0	0.0005	USP11	ENSG00000102226
5125.0	0.0005	DCDC2	ENSG00000146038
5125.0	0.0005	BCL2L1	ENSG00000171552
5125.0	0.0005	EEF2	ENSG00000167658
5125.0	0.0005	LTA	ENSG00000226979
5125.0	0.0005	TAB2	ENSG00000055208
5125.0	0.0005	COL4A3	ENSG00000169031
5125.0	0.0005	RUVBL1	ENSG00000175792
5125.0	0.0005	NCSTN	ENSG00000162736
5125.0	0.0005	FNIP1	ENSG00000217128
5125.0	0.0005	CLCN2	ENSG00000114859
5125.0	0.0005	APH1B	ENSG00000138613
5125.0	0.0005	EIF3I	ENSG00000084623
5125.0	0.0005	FNTB	ENSG00000257365
5125.0	0.0005	GEMIN2	ENSG00000092208
5125.0	0.0005	GET3	ENSG00000198356
5125.0	0.0005	GIGYF2	ENSG00000204120
5125.0	0.0005	HOPX	ENSG00000171476
5125.0	0.0005	LARP6	ENSG00000166173
5125.0	0.0005	MRPS18B	ENSG00000204568
5125.0	0.0005	RAG1	ENSG00000166349
5125.0	0.0005	SLC25A37	ENSG00000147454
5125.0	0.0005	TMPRSS4	ENSG00000137648
5125.0	0.0005	ARHGEF28	ENSG00000214944
5125.0	0.0005	HES5	ENSG00000197921
5125.0	0.0005	HNRNPAB	ENSG00000197451
5125.0	0.0005	PRDM8	ENSG00000152784
5125.0	0.0005	RFX1	ENSG00000132005
5125.0	0.0005	PPARA	ENSG00000186951
5125.0	0.0005	CEP43	ENSG00000213066
5125.0	0.0005	PTPN3	ENSG00000070159
5125.0	0.0005	DYSF	ENSG00000135636
5125.0	0.0005	H2AC20	ENSG00000184260
5125.0	0.0005	EIF5A2	ENSG00000163577
5125.0	0.0005	MARCHF7	ENSG00000136536
5125.0	0.0005	ESPN	ENSG00000187017
5125.0	0.0005	NPPB	ENSG00000120937
5125.0	0.0005	IPO9	ENSG00000198700
5125.0	0.0005	HSPB3	ENSG00000169271
5125.0	0.0005	BSG	ENSG00000172270
5125.0	0.0005	MSH2	ENSG00000095002
5125.0	0.0005	DCAF8L2	ENSG00000189186
5125.0	0.0005	SYCP2	ENSG00000196074
5125.0	0.0005	SCN3B	ENSG00000166257
5125.0	0.0005	GAS2L2	ENSG00000132139
5125.0	0.0005	TRIM28	ENSG00000130726
5125.0	0.0005	DPY30	ENSG00000162961
5125.0	0.0005	F10	ENSG00000126218
5125.0	0.0005	SLN	ENSG00000170290
5125.0	0.0005	ELOC	ENSG00000154582
5125.0	0.0005	DRGX	ENSG00000165606
5125.0	0.0005	HNRNPF	ENSG00000169813
5125.0	0.0005	SARS2	ENSG00000104835
7073.0	0.0004	RAPGEF1	ENSG00000107263
7073.0	0.0004	DNAJC10	ENSG00000077232
7073.0	0.0004	DOCK7	ENSG00000116641
7073.0	0.0004	HTR6	ENSG00000158748
7073.0	0.0004	MIER1	ENSG00000198160
7073.0	0.0004	SERINC1	ENSG00000111897
7073.0	0.0004	TM9SF4	ENSG00000101337
7073.0	0.0004	TMPRSS15	ENSG00000154646
7073.0	0.0004	VIPR2	ENSG00000106018
7073.0	0.0004	POFUT2	ENSG00000186866
7073.0	0.0004	TENT5C	ENSG00000183508
7073.0	0.0004	ABI3	ENSG00000108798
7073.0	0.0004	C1QBP	ENSG00000108561
7073.0	0.0004	PEX5L	ENSG00000114757
7073.0	0.0004	CHMP5	ENSG00000086065
7073.0	0.0004	PLXDC1	ENSG00000161381
7073.0	0.0004	TBP	ENSG00000112592
7073.0	0.0004	PYY	ENSG00000131096
7073.0	0.0004	PYY3	ENSG00000181977
7073.0	0.0004	PABIR2	ENSG00000156504
7073.0	0.0004	SLC40A1	ENSG00000138449
7073.0	0.0004	YBX2	ENSG00000006047
7073.0	0.0004	SPTLC3	ENSG00000172296
7073.0	0.0004	ENG	ENSG00000106991
7073.0	0.0004	KDM8	ENSG00000155666
7073.0	0.0004	PAK2	ENSG00000180370
7073.0	0.0004	RRAGA	ENSG00000155876
7073.0	0.0004	SETSIP	ENSG00000230667
7073.0	0.0004	SP2	ENSG00000167182
7073.0	0.0004	AOX1	ENSG00000138356
7073.0	0.0004	PPCS	ENSG00000127125
7073.0	0.0004	SLC25A13	ENSG00000004864
7073.0	0.0004	ATG4B	ENSG00000168397
7073.0	0.0004	EXOC3L2	ENSG00000130201
7073.0	0.0004	MRS2	ENSG00000124532
7073.0	0.0004	JUP	ENSG00000173801
7073.0	0.0004	OSR2	ENSG00000164920
7073.0	0.0004	SSRP1	ENSG00000149136
7073.0	0.0004	TBPL2	ENSG00000182521
7073.0	0.0004	BTRC	ENSG00000166167
7073.0	0.0004	RRM1	ENSG00000167325
7073.0	0.0004	FIGLA	ENSG00000183733
7073.0	0.0004	EPB41L5	ENSG00000115109
7073.0	0.0004	BICDL1	ENSG00000135127
7073.0	0.0004	SOX14	ENSG00000168875
7073.0	0.0004	SMURF1	ENSG00000198742
7073.0	0.0004	MED11	ENSG00000161920
7073.0	0.0004	PNPT1	ENSG00000138035
7073.0	0.0004	RCHY1	ENSG00000163743
7073.0	0.0004	DCC	ENSG00000187323
7073.0	0.0004	PRPF8	ENSG00000174231
7073.0	0.0004	SNRNP40	ENSG00000060688
7073.0	0.0004	NLGN3	ENSG00000196338
7073.0	0.0004	MAGT1	ENSG00000102158
7073.0	0.0004	KDM2A	ENSG00000173120
7073.0	0.0004	PDXK	ENSG00000160209
7073.0	0.0004	KATNAL1	ENSG00000102781
7073.0	0.0004	LPL	ENSG00000175445
7073.0	0.0004	GCM2	ENSG00000124827
7073.0	0.0004	ILK	ENSG00000166333
7073.0	0.0004	LBH	ENSG00000213626
7073.0	0.0004	POLM	ENSG00000122678
7073.0	0.0004	RASSF5	ENSG00000136653
7073.0	0.0004	SLIT3	ENSG00000184347
7073.0	0.0004	CCL1	ENSG00000108702
7073.0	0.0004	CCL13	ENSG00000181374
7073.0	0.0004	CCL2	ENSG00000108691
7073.0	0.0004	CCM2L	ENSG00000101331
7073.0	0.0004	IER3	ENSG00000137331
7073.0	0.0004	IL22	ENSG00000127318
7073.0	0.0004	LGALS7	ENSG00000205076
7073.0	0.0004	LGALS7B	ENSG00000178934
7073.0	0.0004	MMP3	ENSG00000149968
7073.0	0.0004	PPM1A	ENSG00000100614
7073.0	0.0004	SORBS3	ENSG00000120896
7073.0	0.0004	MRPS16	ENSG00000182180
7073.0	0.0004	KATNAL2	ENSG00000167216
7073.0	0.0004	EID1	ENSG00000255302
7073.0	0.0004	PABPN1	ENSG00000100836
7073.0	0.0004	HPSE	ENSG00000173083
7073.0	0.0004	DUSP5	ENSG00000138166
7073.0	0.0004	NTPCR	ENSG00000135778
7073.0	0.0004	SPICE1	ENSG00000163611
7073.0	0.0004	CPLX2	ENSG00000145920
7073.0	0.0004	RPTOR	ENSG00000141564
7073.0	0.0004	HGF	ENSG00000019991
7073.0	0.0004	GMPS	ENSG00000163655
7073.0	0.0004	GCFC2	ENSG00000005436
7073.0	0.0004	DHH	ENSG00000139549
7073.0	0.0004	SLC41A1	ENSG00000133065
7073.0	0.0004	ACIN1	ENSG00000100813
7073.0	0.0004	RBP2	ENSG00000114113
7073.0	0.0004	SPG7	ENSG00000197912
7073.0	0.0004	MEST	ENSG00000106484
7073.0	0.0004	NEGR1	ENSG00000172260
7073.0	0.0004	GAREM1	ENSG00000141441
7073.0	0.0004	CTSS	ENSG00000163131
7073.0	0.0004	IGDCC3	ENSG00000174498
7073.0	0.0004	TUB	ENSG00000166402
7073.0	0.0004	ETV4	ENSG00000175832
7073.0	0.0004	DOCK2	ENSG00000134516
7073.0	0.0004	NEDD9	ENSG00000111859
7073.0	0.0004	JUNB	ENSG00000171223
7073.0	0.0004	DUSP8	ENSG00000184545
7073.0	0.0004	ZNF202	ENSG00000166261
7073.0	0.0004	PSMG3	ENSG00000157778
7073.0	0.0004	SF3A2	ENSG00000104897
7073.0	0.0004	PLCG2	ENSG00000197943
7073.0	0.0004	SLC19A3	ENSG00000135917
7073.0	0.0004	VEZF1	ENSG00000136451
7073.0	0.0004	SERPINE1	ENSG00000106366
7073.0	0.0004	SEC14L1	ENSG00000129657
7073.0	0.0004	GNB1L	ENSG00000185838
7073.0	0.0004	DNAJC2	ENSG00000105821
7073.0	0.0004	HGSNAT	ENSG00000165102
7073.0	0.0004	ACY1	ENSG00000243989
7073.0	0.0004	DDX25	ENSG00000109832
7073.0	0.0004	GJA8	ENSG00000121634
7073.0	0.0004	SLC31A1	ENSG00000136868
7073.0	0.0004	KLKB1	ENSG00000164344
7073.0	0.0004	EPHA4	ENSG00000116106
7073.0	0.0004	COL5A3	ENSG00000080573
7073.0	0.0004	LPPR4	ENSG00000117600
7073.0	0.0004	CACNA1I	ENSG00000100346
7073.0	0.0004	WASHC3	ENSG00000120860
7073.0	0.0004	CEMP1	ENSG00000205923
7073.0	0.0004	PTPRQ	ENSG00000139304
7073.0	0.0004	DDX20	ENSG00000064703
7073.0	0.0004	THTPA	ENSG00000259431
7073.0	0.0004	WAS	ENSG00000015285
7073.0	0.0004	ARHGAP6	ENSG00000047648
7073.0	0.0004	COQ6	ENSG00000119723
7073.0	0.0004	LRFN2	ENSG00000156564
7073.0	0.0004	MTERF1	ENSG00000127989
7073.0	0.0004	SYCP3	ENSG00000139351
7073.0	0.0004	TRIM17	ENSG00000162931
7073.0	0.0004	AMBN	ENSG00000178522
7073.0	0.0004	NAV2	ENSG00000166833
7073.0	0.0004	OTUD7A	ENSG00000169918
7073.0	0.0004	SQSTM1	ENSG00000161011
7073.0	0.0004	RPS6KA5	ENSG00000100784
7073.0	0.0004	PREX2	ENSG00000046889
7073.0	0.0004	MAP1LC3B	ENSG00000140941
7073.0	0.0004	EEA1	ENSG00000102189
7073.0	0.0004	SULF1	ENSG00000137573
7073.0	0.0004	NUDT6	ENSG00000170917
7073.0	0.0004	PDXP	ENSG00000241360
7073.0	0.0004	SLC11A2	ENSG00000110911
7073.0	0.0004	TF	ENSG00000091513
7073.0	0.0004	CYC1	ENSG00000179091
7073.0	0.0004	CD248	ENSG00000174807
7073.0	0.0004	PKNOX2	ENSG00000165495
7073.0	0.0004	HLA-DRB1	ENSG00000196126
7073.0	0.0004	YIPF3	ENSG00000137207
7073.0	0.0004	USP6	ENSG00000129204
7073.0	0.0004	WASHC2A	ENSG00000099290
7073.0	0.0004	ANKMY2	ENSG00000106524
7073.0	0.0004	FAM21B	ENSG00000152726
7073.0	0.0004	KCND3	ENSG00000171385
7073.0	0.0004	NAA15	ENSG00000164134
7073.0	0.0004	SLITRK5	ENSG00000165300
7073.0	0.0004	GYG1	ENSG00000163754
7073.0	0.0004	NRG1	ENSG00000157168
7073.0	0.0004	AARS2	ENSG00000124608
7073.0	0.0004	GRXCR1	ENSG00000215203
7073.0	0.0004	USH1C	ENSG00000006611
7073.0	0.0004	USH1G	ENSG00000182040
7073.0	0.0004	ZDHHC3	ENSG00000163812
7073.0	0.0004	IQCF2	ENSG00000184345
7073.0	0.0004	ELMO1	ENSG00000155849
7073.0	0.0004	SYNPO	ENSG00000171992
7073.0	0.0004	PDLIM7	ENSG00000196923
7073.0	0.0004	NR6A1	ENSG00000148200
7073.0	0.0004	ELK1	ENSG00000126767
7073.0	0.0004	KCNH5	ENSG00000140015
7073.0	0.0004	RTF1	ENSG00000137815
7073.0	0.0004	DUSP2	ENSG00000158050
7073.0	0.0004	SRF	ENSG00000112658
7073.0	0.0004	SAP18	ENSG00000150459
7073.0	0.0004	NR0B2	ENSG00000131910
7073.0	0.0004	PHOSPHO2	ENSG00000144362
7073.0	0.0004	CEP162	ENSG00000135315
7073.0	0.0004	PPP4C	ENSG00000149923
7073.0	0.0004	CDC16	ENSG00000130177
7073.0	0.0004	ORMDL3	ENSG00000172057
7073.0	0.0004	PCSK7	ENSG00000160613
7073.0	0.0004	PCSK4	ENSG00000115257
7073.0	0.0004	OS9	ENSG00000135506
7073.0	0.0004	EBNA1BP2	ENSG00000117395
7073.0	0.0004	MYO5C	ENSG00000128833
7073.0	0.0004	CAB39	ENSG00000135932
7073.0	0.0004	CEP83	ENSG00000173588
7073.0	0.0004	SF3B2	ENSG00000087365
7073.0	0.0004	SEMA7A	ENSG00000138623
7073.0	0.0004	AMD1	ENSG00000123505
7073.0	0.0004	SIRPA	ENSG00000198053
7073.0	0.0004	SIRPB1	ENSG00000101307
7073.0	0.0004	SIRPG	ENSG00000089012
7073.0	0.0004	EVX1	ENSG00000106038
7073.0	0.0004	GORASP2	ENSG00000115806
7073.0	0.0004	JUND	ENSG00000130522
7073.0	0.0004	RXFP1	ENSG00000171509
7073.0	0.0004	FXR2	ENSG00000129245
7073.0	0.0004	WNT7B	ENSG00000188064
7073.0	0.0004	GOT1	ENSG00000120053
7073.0	0.0004	RNF4	ENSG00000063978
7073.0	0.0004	IL21	ENSG00000138684
7073.0	0.0004	VPS52	ENSG00000223501
7073.0	0.0004	PDYN	ENSG00000101327
7073.0	0.0004	DRAP1	ENSG00000175550
7073.0	0.0004	RIMS1	ENSG00000079841
7073.0	0.0004	LRRC4C	ENSG00000148948
7073.0	0.0004	A1CF	ENSG00000148584
7073.0	0.0004	FAM3C	ENSG00000196937
7073.0	0.0004	DDX52	ENSG00000141141
7073.0	0.0004	EPC1	ENSG00000120616
7073.0	0.0004	ZFAND2B	ENSG00000158552
7073.0	0.0004	RGS19	ENSG00000171700
7073.0	0.0004	MAFG	ENSG00000197063
7073.0	0.0004	NAA16	ENSG00000172766
7073.0	0.0004	PCOLCE	ENSG00000106333
7073.0	0.0004	TSFM	ENSG00000123297
7073.0	0.0004	PRDM13	ENSG00000112238
7073.0	0.0004	SMTN	ENSG00000183963
7073.0	0.0004	ARSG	ENSG00000141337
7073.0	0.0004	FCSK	ENSG00000157353
7073.0	0.0004	TBPL1	ENSG00000028839
7073.0	0.0004	C9orf72	ENSG00000147894
7073.0	0.0004	PKD2L1	ENSG00000107593
7073.0	0.0004	WIZ	ENSG00000011451
7073.0	0.0004	MAP4K3	ENSG00000011566
7073.0	0.0004	GTF3C1	ENSG00000077235
7073.0	0.0004	CAPZB	ENSG00000077549
7073.0	0.0004	CAPZA1	ENSG00000116489
7073.0	0.0004	CYB5D2	ENSG00000167740
7073.0	0.0004	RGS20	ENSG00000147509
7073.0	0.0004	PRDM6	ENSG00000061455
7073.0	0.0004	MFAP2	ENSG00000117122
7073.0	0.0004	SLC6A18	ENSG00000164363
7073.0	0.0004	CD99	ENSG00000002586
7073.0	0.0004	TRPM3	ENSG00000083067
7073.0	0.0004	TESK1	ENSG00000107140
7073.0	0.0004	PIGK	ENSG00000142892
7073.0	0.0004	TIMM13	ENSG00000099800
7073.0	0.0004	TRIM9	ENSG00000100505
7073.0	0.0004	LINGO2	ENSG00000174482
7073.0	0.0004	TLE6	ENSG00000104953
7073.0	0.0004	TADA3	ENSG00000171148
7073.0	0.0004	CEP89	ENSG00000121289
7073.0	0.0004	PRKAR2A	ENSG00000114302
7073.0	0.0004	ARSA	ENSG00000100299
7073.0	0.0004	PLAUR	ENSG00000011422
7073.0	0.0004	PRKAR2B	ENSG00000005249
7073.0	0.0004	SPAG16	ENSG00000144451
7073.0	0.0004	PHYH	ENSG00000107537
7073.0	0.0004	MIXL1	ENSG00000185155
7073.0	0.0004	SLC6A20	ENSG00000163817
7073.0	0.0004	ACOX1	ENSG00000161533
7073.0	0.0004	AQP11	ENSG00000178301
7073.0	0.0004	BCKDHB	ENSG00000083123
7073.0	0.0004	CHGA	ENSG00000100604
7073.0	0.0004	HBZ	ENSG00000130656
7073.0	0.0004	HLA-DQB2	ENSG00000232629
7073.0	0.0004	HSD3B7	ENSG00000099377
7073.0	0.0004	IL1RN	ENSG00000136689
7073.0	0.0004	ITGA9	ENSG00000144668
7073.0	0.0004	MAFA	ENSG00000182759
7073.0	0.0004	NEK7	ENSG00000151414
7073.0	0.0004	NKX1-1	ENSG00000235608
7073.0	0.0004	PKHD1	ENSG00000170927
7073.0	0.0004	PNLIPRP2	ENSG00000165862
7073.0	0.0004	PSMD4	ENSG00000159352
7073.0	0.0004	RASSF9	ENSG00000198774
7073.0	0.0004	RFX3	ENSG00000080298
7073.0	0.0004	RIF1	ENSG00000080345
7073.0	0.0004	SLC22A5	ENSG00000197375
7073.0	0.0004	SLC2A4	ENSG00000181856
7073.0	0.0004	SLC51A	ENSG00000163959
7073.0	0.0004	SOX13	ENSG00000143842
7073.0	0.0004	SPRN	ENSG00000203772
7073.0	0.0004	STIM2	ENSG00000109689
7073.0	0.0004	VAMP8	ENSG00000118640
7073.0	0.0004	RAB2A	ENSG00000104388
7073.0	0.0004	CCDC40	ENSG00000141519
7073.0	0.0004	HOXA10	ENSG00000253293
7073.0	0.0004	CNBD2	ENSG00000149646
7073.0	0.0004	ETHE1	ENSG00000105755
7073.0	0.0004	PTGS2	ENSG00000073756
7073.0	0.0004	SRRM4	ENSG00000139767
7073.0	0.0004	COX6A2	ENSG00000156885
7073.0	0.0004	TLL1	ENSG00000038295
7073.0	0.0004	RBM10	ENSG00000182872
7073.0	0.0004	CUL9	ENSG00000112659
7073.0	0.0004	TMPRSS3	ENSG00000160183
7073.0	0.0004	NDFIP1	ENSG00000131507
7073.0	0.0004	AMPH	ENSG00000078053
7073.0	0.0004	EXO1	ENSG00000174371
7073.0	0.0004	POLL	ENSG00000166169
7073.0	0.0004	YWHAB	ENSG00000166913
7073.0	0.0004	RRN3	ENSG00000085721
7073.0	0.0004	RRN3P1	ENSG00000248124
7073.0	0.0004	RRN3P2	ENSG00000103472
7073.0	0.0004	HOXD4	ENSG00000170166
7073.0	0.0004	TLCD2	ENSG00000185561
7073.0	0.0004	HDAC5	ENSG00000108840
7073.0	0.0004	SELO	ENSG00000073169
7073.0	0.0004	COX6A1	ENSG00000111775
7073.0	0.0004	NME1	ENSG00000239672
7073.0	0.0004	XRCC1	ENSG00000073050
7073.0	0.0004	GALE	ENSG00000117308
7073.0	0.0004	AGMO	ENSG00000187546
7073.0	0.0004	MEIS3	ENSG00000105419
7073.0	0.0004	MEIS3P1	ENSG00000179277
7073.0	0.0004	MEIS3P2	ENSG00000188013
7073.0	0.0004	NHS	ENSG00000188158
7073.0	0.0004	PCOLCE2	ENSG00000163710
7073.0	0.0004	DPH7	ENSG00000148399
7073.0	0.0004	POMC	ENSG00000115138
7073.0	0.0004	COX6B1	ENSG00000126267
7073.0	0.0004	CHAT	ENSG00000070748
7073.0	0.0004	GLRX3	ENSG00000108010
7073.0	0.0004	UCP1	ENSG00000109424
7073.0	0.0004	SCN5A	ENSG00000183873
7073.0	0.0004	MDH2	ENSG00000146701
7073.0	0.0004	NDUFB5	ENSG00000136521
7073.0	0.0004	TIA1	ENSG00000116001
7073.0	0.0004	KCNIP1	ENSG00000182132
7073.0	0.0004	TPX2	ENSG00000088325
7073.0	0.0004	AP2A2	ENSG00000183020
7073.0	0.0004	HDC	ENSG00000140287
7073.0	0.0004	CRB3	ENSG00000130545
7073.0	0.0004	SERBP1	ENSG00000142864
7073.0	0.0004	CEP76	ENSG00000101624
7073.0	0.0004	SERPING1	ENSG00000149131
7073.0	0.0004	GALM	ENSG00000143891
7073.0	0.0004	ARSH	ENSG00000205667
7073.0	0.0004	WBP4	ENSG00000120688
7073.0	0.0004	SLC6A6	ENSG00000131389
7073.0	0.0004	CNTN5	ENSG00000149972
7073.0	0.0004	SELM	ENSG00000198832
7073.0	0.0004	TAAR3P	ENSG00000179073
7073.0	0.0004	PDCD6	ENSG00000249915
7073.0	0.0004	SMYD4	ENSG00000186532
7073.0	0.0004	SFTPC	ENSG00000168484
7073.0	0.0004	CNR1	ENSG00000118432
7073.0	0.0004	MGRN1	ENSG00000102858
7073.0	0.0004	TANK	ENSG00000136560
7073.0	0.0004	ALG6	ENSG00000088035
7073.0	0.0004	CARF	ENSG00000138380
7073.0	0.0004	HSPA8	ENSG00000109971
7073.0	0.0004	CDCA7L	ENSG00000164649
7073.0	0.0004	AP2A1	ENSG00000196961
7073.0	0.0004	STX6	ENSG00000135823
7073.0	0.0004	KCNIP2	ENSG00000120049
7073.0	0.0004	ECRG4	ENSG00000119147
7073.0	0.0004	RDH8	ENSG00000080511
7073.0	0.0004	KRIT1	ENSG00000001631
7073.0	0.0004	FBXW4	ENSG00000107829
7073.0	0.0004	DDX17	ENSG00000100201
7073.0	0.0004	TTLL1	ENSG00000100271
7073.0	0.0004	EIF5AL1	ENSG00000253626
7073.0	0.0004	FGF21	ENSG00000105550
7073.0	0.0004	PKNOX1	ENSG00000160199
7073.0	0.0004	RABEP1	ENSG00000029725
7073.0	0.0004	UCP3	ENSG00000175564
7073.0	0.0004	MBD1	ENSG00000141644
7073.0	0.0004	MTA3	ENSG00000057935
7073.0	0.0004	HTR2B	ENSG00000135914
7073.0	0.0004	PRSS33	ENSG00000103355
7073.0	0.0004	SYPL1	ENSG00000008282
7073.0	0.0004	LIPC	ENSG00000166035
7073.0	0.0004	ANAPC7	ENSG00000196510
7073.0	0.0004	TECTB	ENSG00000119913
7073.0	0.0004	RALGAPA1	ENSG00000174373
7073.0	0.0004	RTRAF	ENSG00000087302
7073.0	0.0004	ATP6V1D	ENSG00000100554
7073.0	0.0004	SLC26A7	ENSG00000147606
7073.0	0.0004	SELP	ENSG00000174175
7073.0	0.0004	LEFTY2	ENSG00000143768
7073.0	0.0004	OVCA2	ENSG00000262664
7073.0	0.0004	MEAF6	ENSG00000163875
7073.0	0.0004	PARVA	ENSG00000197702
7073.0	0.0004	DHRS7B	ENSG00000109016
7073.0	0.0004	PRF1	ENSG00000180644
7073.0	0.0004	PIGM	ENSG00000143315
7073.0	0.0004	PCBP2	ENSG00000197111
7073.0	0.0004	SELENOS	ENSG00000131871
7073.0	0.0004	MLH3	ENSG00000119684
7073.0	0.0004	DNAJC6	ENSG00000116675
7073.0	0.0004	PTCD1	ENSG00000106246
7073.0	0.0004	RAD23B	ENSG00000119318
7073.0	0.0004	KCNE2	ENSG00000159197
7073.0	0.0004	CHRDL1	ENSG00000101938
7073.0	0.0004	LAT	ENSG00000213658
7073.0	0.0004	NAA35	ENSG00000135040
7073.0	0.0004	IRF1	ENSG00000125347
7073.0	0.0004	SOHLH2	ENSG00000120669
7073.0	0.0004	DCAF17	ENSG00000115827
7073.0	0.0004	RXFP2	ENSG00000133105
7073.0	0.0004	SLC34A2	ENSG00000157765
7073.0	0.0004	ASAH2	ENSG00000188611
7073.0	0.0004	ELOB	ENSG00000103363
7073.0	0.0004	COIL	ENSG00000121058
7073.0	0.0004	KLK15	ENSG00000174562
7073.0	0.0004	EPAS1	ENSG00000116016
7073.0	0.0004	PMS1	ENSG00000064933
7073.0	0.0004	TUBB6	ENSG00000176014
7073.0	0.0004	TCP1	ENSG00000120438
7073.0	0.0004	ABCB4	ENSG00000005471
7073.0	0.0004	SLIT2	ENSG00000145147
7073.0	0.0004	MMP28	ENSG00000129270
7073.0	0.0004	RAD23A	ENSG00000179262
7073.0	0.0004	SETD1B	ENSG00000139718
7073.0	0.0004	IL3	ENSG00000164399
7073.0	0.0004	ASB1	ENSG00000065802
7073.0	0.0004	RTN4RL1	ENSG00000185924
7073.0	0.0004	CRHR1	ENSG00000120088
7073.0	0.0004	GNAT3	ENSG00000214415
7073.0	0.0004	KMO	ENSG00000117009
7073.0	0.0004	SAMM50	ENSG00000100347
7073.0	0.0004	RABGEF1	ENSG00000154710
7073.0	0.0004	MSH6	ENSG00000116062
7073.0	0.0004	NUMA1	ENSG00000137497
7073.0	0.0004	SF3B1	ENSG00000115524
7073.0	0.0004	LDLR	ENSG00000130164
7073.0	0.0004	SMPDL3A	ENSG00000172594
7073.0	0.0004	CLN6	ENSG00000128973
7073.0	0.0004	TRIM72	ENSG00000177238
7073.0	0.0004	TALDO1	ENSG00000177156
7073.0	0.0004	CIITA	ENSG00000179583
7073.0	0.0004	SHQ1	ENSG00000144736
7073.0	0.0004	EPO	ENSG00000130427
7073.0	0.0004	EPOR	ENSG00000187266
7073.0	0.0004	PCDHA10	ENSG00000250120
7073.0	0.0004	S100B	ENSG00000160307
7073.0	0.0004	SLC24A4	ENSG00000140090
7073.0	0.0004	FUBP3	ENSG00000107164
7073.0	0.0004	ACADM	ENSG00000117054
7073.0	0.0004	ALKBH8	ENSG00000137760
7073.0	0.0004	AQP4	ENSG00000171885
7073.0	0.0004	GPRC5B	ENSG00000167191
7073.0	0.0004	PDSS1	ENSG00000148459
7073.0	0.0004	SYN1	ENSG00000008056
7073.0	0.0004	TBL1X	ENSG00000101849
7073.0	0.0004	ZBTB42	ENSG00000179627
7073.0	0.0004	ZBTB7A	ENSG00000178951
7073.0	0.0004	MMADHC	ENSG00000168288
7073.0	0.0004	PPCDC	ENSG00000138621
7073.0	0.0004	CXCL12	ENSG00000107562
7073.0	0.0004	WDR3	ENSG00000065183
7073.0	0.0004	JAK3	ENSG00000105639
7073.0	0.0004	ADAMTS9	ENSG00000163638
7073.0	0.0004	OAS3	ENSG00000111331
7073.0	0.0004	OAS2	ENSG00000111335
7073.0	0.0004	REEP1	ENSG00000068615
7073.0	0.0004	GPAA1	ENSG00000197858
7073.0	0.0004	TIMM23	ENSG00000138297
7073.0	0.0004	ACMSD	ENSG00000153086
7073.0	0.0004	VPS39	ENSG00000166887
7073.0	0.0004	RHOT1	ENSG00000126858
7073.0	0.0004	COMMD10	ENSG00000145781
7073.0	0.0004	SSTR2	ENSG00000180616
7073.0	0.0004	HMGCS1	ENSG00000112972
7073.0	0.0004	SNCA	ENSG00000145335
7073.0	0.0004	CAMK4	ENSG00000152495
7073.0	0.0004	PRG3	ENSG00000156575
7073.0	0.0004	MICU2	ENSG00000165487
7073.0	0.0004	CRHBP	ENSG00000145708
7073.0	0.0004	FRMD6	ENSG00000139926
7073.0	0.0004	CFP	ENSG00000126759
7073.0	0.0004	JAK2	ENSG00000096968
7073.0	0.0004	FOSL1	ENSG00000175592
7073.0	0.0004	RAD54L2	ENSG00000164080
7073.0	0.0004	SELK	ENSG00000113811
7073.0	0.0004	BCAS4	ENSG00000124243
7073.0	0.0004	FRZB	ENSG00000162998
7073.0	0.0004	CST4	ENSG00000101441
7073.0	0.0004	PTPRC	ENSG00000081237
7073.0	0.0004	ABCD3	ENSG00000117528
7073.0	0.0004	AP5Z1	ENSG00000242802
7073.0	0.0004	LMTK2	ENSG00000164715
7073.0	0.0004	ITGA8	ENSG00000077943
7073.0	0.0004	DDX5	ENSG00000108654
7073.0	0.0004	EPS15	ENSG00000085832
7073.0	0.0004	ZBTB14	ENSG00000198081
7073.0	0.0004	TIMM8A	ENSG00000126953
7073.0	0.0004	HLCS	ENSG00000159267
7073.0	0.0004	LRRC4	ENSG00000128594
7073.0	0.0004	INAFM1	ENSG00000257704
7073.0	0.0004	ERG	ENSG00000157554
7073.0	0.0004	GPIHBP1	ENSG00000182851
7073.0	0.0004	CBX5	ENSG00000094916
7073.0	0.0004	LEFTY1	ENSG00000243709
7073.0	0.0004	BRPF3	ENSG00000096070
7073.0	0.0004	AMBP	ENSG00000106927
7073.0	0.0004	FHL1	ENSG00000022267
7073.0	0.0004	CYB561D2	ENSG00000114395
7073.0	0.0004	TRPM1	ENSG00000134160
7073.0	0.0004	GAS6	ENSG00000183087
7073.0	0.0004	BRD1	ENSG00000100425
7073.0	0.0004	RGMA	ENSG00000182175
7073.0	0.0004	INTS12	ENSG00000138785
7073.0	0.0004	PHF19	ENSG00000119403
7073.0	0.0004	GLRX	ENSG00000173221
7073.0	0.0004	SRM	ENSG00000116649
7073.0	0.0004	MRPL49	ENSG00000149792
7073.0	0.0004	PHF1	ENSG00000112511
7073.0	0.0004	SORCS2	ENSG00000184985
7073.0	0.0004	NLRP1	ENSG00000091592
7073.0	0.0004	TXLNG	ENSG00000086712
7073.0	0.0004	EDEM3	ENSG00000116406
7073.0	0.0004	NOB1	ENSG00000141101
7073.0	0.0004	ADAMTSL1	ENSG00000178031
7073.0	0.0004	SSR3	ENSG00000114850
7073.0	0.0004	MON2	ENSG00000061987
7073.0	0.0004	DIAPH3	ENSG00000139734
7073.0	0.0004	CD4	ENSG00000010610
7073.0	0.0004	MXD4	ENSG00000123933
7073.0	0.0004	EIF3E	ENSG00000104408
7073.0	0.0004	TYR	ENSG00000077498
7073.0	0.0004	IGDCC4	ENSG00000103742
7073.0	0.0004	ERCC6L	ENSG00000186871
7073.0	0.0004	TXN	ENSG00000136810
7073.0	0.0004	GGCX	ENSG00000115486
7073.0	0.0004	TAF10	ENSG00000166337
7073.0	0.0004	EXOC3L4	ENSG00000205436
7073.0	0.0004	PREP	ENSG00000085377
7073.0	0.0004	JMJD6	ENSG00000070495
7073.0	0.0004	CCNT1	ENSG00000129315
7073.0	0.0004	C1QA	ENSG00000173372
7073.0	0.0004	SINHCAF	ENSG00000139146
7073.0	0.0004	FIS1	ENSG00000214253
7073.0	0.0004	ADAMTS5	ENSG00000154736
7073.0	0.0004	DYRK1B	ENSG00000105204
7073.0	0.0004	PBX2	ENSG00000204304
7073.0	0.0004	ESF1	ENSG00000089048
7073.0	0.0004	MCUR1	ENSG00000050393
7073.0	0.0004	RP11-667K14.8	ENSG00000262402
7073.0	0.0004	SLC12A3	ENSG00000070915
7073.0	0.0004	NAA30	ENSG00000139977
7073.0	0.0004	IL7R	ENSG00000168685
7073.0	0.0004	TRAF5	ENSG00000082512
7073.0	0.0004	ADAM12	ENSG00000148848
7073.0	0.0004	NME1-NME2	ENSG00000243678
7073.0	0.0004	CDC25C	ENSG00000158402
7073.0	0.0004	SEC61B	ENSG00000106803
7073.0	0.0004	ACP3	ENSG00000014257
7073.0	0.0004	PTCD2	ENSG00000049883
7073.0	0.0004	MAN2A1	ENSG00000112893
7073.0	0.0004	PSMD8	ENSG00000099341
7073.0	0.0004	NKX6-2	ENSG00000148826
7073.0	0.0004	APOA5	ENSG00000110243
7073.0	0.0004	ASAH2B	ENSG00000204147
7073.0	0.0004	ABCA4	ENSG00000198691
7073.0	0.0004	NEURL4	ENSG00000215041
7073.0	0.0004	PIGX	ENSG00000163964
7073.0	0.0004	NME5	ENSG00000112981
7073.0	0.0004	LHX6	ENSG00000106852
7073.0	0.0004	MAPK11	ENSG00000185386
7073.0	0.0004	GPR143	ENSG00000101850
7073.0	0.0004	PRPS2	ENSG00000101911
7073.0	0.0004	ADAMTS7	ENSG00000136378
7073.0	0.0004	TIMP3	ENSG00000100234
7073.0	0.0004	RDX	ENSG00000137710
7073.0	0.0004	GPC1	ENSG00000063660
7073.0	0.0004	DNAJB11	ENSG00000090520
7073.0	0.0004	ADAMTSL4	ENSG00000143382
7073.0	0.0004	CPT1A	ENSG00000110090
7073.0	0.0004	EDEM1	ENSG00000134109
7073.0	0.0004	PMM1	ENSG00000100417
7073.0	0.0004	AREG	ENSG00000109321
7073.0	0.0004	AREGB	ENSG00000205595
7073.0	0.0004	CHP1	ENSG00000187446
7073.0	0.0004	GRB10	ENSG00000106070
7073.0	0.0004	NUP88	ENSG00000108559
7073.0	0.0004	SLC18A3	ENSG00000187714
7073.0	0.0004	DNAAF11	ENSG00000129295
7073.0	0.0004	MLLT1	ENSG00000130382
7073.0	0.0004	KAT2B	ENSG00000114166
7073.0	0.0004	C1QB	ENSG00000173369
7073.0	0.0004	GOLGA7	ENSG00000147533
7073.0	0.0004	RNASEL	ENSG00000135828
7073.0	0.0004	CTRC	ENSG00000162438
7073.0	0.0004	CHRDL2	ENSG00000054938
7073.0	0.0004	MIEF1	ENSG00000100335
7073.0	0.0004	CCNA1	ENSG00000133101
7073.0	0.0004	PBX3	ENSG00000167081
7073.0	0.0004	CNN2	ENSG00000064666
7073.0	0.0004	AHCYL1	ENSG00000168710
7073.0	0.0004	AHCYL2	ENSG00000158467
7073.0	0.0004	MEIS1	ENSG00000143995
7073.0	0.0004	TYSND1	ENSG00000156521
7073.0	0.0004	PNRC2	ENSG00000189266
7073.0	0.0004	ALAD	ENSG00000148218
7073.0	0.0004	ELL2	ENSG00000118985
7073.0	0.0004	CREB1	ENSG00000118260
7073.0	0.0004	STX12	ENSG00000117758
7073.0	0.0004	ZYX	ENSG00000159840
7073.0	0.0004	THAP12	ENSG00000137492
7073.0	0.0004	SLC8B1	ENSG00000089060
7073.0	0.0004	OXT	ENSG00000101405
7073.0	0.0004	GAS2	ENSG00000148935
7073.0	0.0004	SREBF2	ENSG00000198911
7073.0	0.0004	SPARCL1	ENSG00000152583
7073.0	0.0004	ATF6	ENSG00000118217
7073.0	0.0004	GAD2	ENSG00000136750
7073.0	0.0004	TMED10	ENSG00000170348
7073.0	0.0004	BUD31	ENSG00000106245
7073.0	0.0004	MBIP	ENSG00000151332
7073.0	0.0004	CGB1	ENSG00000267631
7073.0	0.0004	CGB2	ENSG00000104818
7073.0	0.0004	CGB3	ENSG00000104827
7073.0	0.0004	CGB5	ENSG00000189052
7073.0	0.0004	CGB7	ENSG00000196337
7073.0	0.0004	CGB8	ENSG00000213030
7073.0	0.0004	LHB	ENSG00000104826
7073.0	0.0004	ZNF24	ENSG00000172466
7073.0	0.0004	PPP1CC	ENSG00000186298
7073.0	0.0004	SLC6A16	ENSG00000063127
7073.0	0.0004	DHDH	ENSG00000104808
7073.0	0.0004	MGAT4C	ENSG00000182050
7073.0	0.0004	NUAK2	ENSG00000163545
7073.0	0.0004	SGTB	ENSG00000197860
7073.0	0.0004	LAMTOR1	ENSG00000149357
7073.0	0.0004	RPP30	ENSG00000148688
7073.0	0.0004	VPS16	ENSG00000215305
7073.0	0.0004	CASP2	ENSG00000106144
7073.0	0.0004	POP4	ENSG00000105171
7073.0	0.0004	LAP3	ENSG00000002549
7073.0	0.0004	LIMK2	ENSG00000182541
7073.0	0.0004	PTGIS	ENSG00000124212
7073.0	0.0004	DHX38	ENSG00000140829
7073.0	0.0004	WDR20	ENSG00000140153
7073.0	0.0004	CAT	ENSG00000121691
7073.0	0.0004	MANEA	ENSG00000172469
7073.0	0.0004	BCORP1	ENSG00000215580
7073.0	0.0004	ADGRE2	ENSG00000127507
7073.0	0.0004	SLITRK6	ENSG00000184564
7073.0	0.0004	CDC5L	ENSG00000096401
7073.0	0.0004	TEAD2	ENSG00000074219
7073.0	0.0004	MTREX	ENSG00000039123
7073.0	0.0004	CD63	ENSG00000135404
7073.0	0.0004	TRAPPC1	ENSG00000170043
7073.0	0.0004	NAT8	ENSG00000144035
7073.0	0.0004	NOVA1	ENSG00000139910
7073.0	0.0004	MRPS10	ENSG00000048544
7073.0	0.0004	PGAP4	ENSG00000165152
7073.0	0.0004	CDA	ENSG00000158825
7073.0	0.0004	VEZT	ENSG00000028203
7073.0	0.0004	CEACAM5	ENSG00000105388
7073.0	0.0004	NAA11	ENSG00000156269
7073.0	0.0004	ACVR1B	ENSG00000135503
7073.0	0.0004	YIPF4	ENSG00000119820
7073.0	0.0004	ZNF597	ENSG00000167981
7073.0	0.0004	TNC	ENSG00000041982
7073.0	0.0004	APOBEC4	ENSG00000173627
7073.0	0.0004	VEGFC	ENSG00000150630
7073.0	0.0004	FAR2	ENSG00000064763
7073.0	0.0004	TRAPPC5	ENSG00000181029
7073.0	0.0004	SUGCT	ENSG00000175600
7073.0	0.0004	VPS18	ENSG00000104142
7073.0	0.0004	UGCG	ENSG00000148154
7073.0	0.0004	KDM4A	ENSG00000066135
7073.0	0.0004	PRSS3	ENSG00000010438
7073.0	0.0004	RND2	ENSG00000108830
7073.0	0.0004	GPD1L	ENSG00000152642
7073.0	0.0004	LAMTOR3	ENSG00000109270
7073.0	0.0004	SLC38A2	ENSG00000134294
7073.0	0.0004	ECPAS	ENSG00000136813
7073.0	0.0004	NME2	ENSG00000011052
7073.0	0.0004	VPS41	ENSG00000006715
7073.0	0.0004	DPM3	ENSG00000179085
7073.0	0.0004	RABAC1	ENSG00000105404
7073.0	0.0004	KDM3A	ENSG00000115548
7073.0	0.0004	RPP38	ENSG00000152464
7073.0	0.0004	TMEM19	ENSG00000139291
7073.0	0.0004	CLPX	ENSG00000166855
7073.0	0.0004	TLN1	ENSG00000137076
7073.0	0.0004	EPHA6	ENSG00000080224
7073.0	0.0004	RBBP9	ENSG00000089050
7073.0	0.0004	TMEM201	ENSG00000188807
7073.0	0.0004	NOMO1	ENSG00000103512
7073.0	0.0004	CPSF6	ENSG00000111605
7073.0	0.0004	RIT2	ENSG00000152214
7073.0	0.0004	SLC38A4	ENSG00000139209
7073.0	0.0004	ACSBG1	ENSG00000103740
7073.0	0.0004	ATIC	ENSG00000138363
7073.0	0.0004	LINC02875	ENSG00000187013
7073.0	0.0004	CDK12	ENSG00000167258
7073.0	0.0004	POP5	ENSG00000167272
7073.0	0.0004	ISCA2	ENSG00000165898
7073.0	0.0004	PREX1	ENSG00000124126
7073.0	0.0004	GOLGA3	ENSG00000090615
7073.0	0.0004	PRPSAP1	ENSG00000161542
7073.0	0.0004	PSMD5	ENSG00000095261
7073.0	0.0004	PSTK	ENSG00000179988
7073.0	0.0004	PYCR3	ENSG00000104524
7073.0	0.0004	SCN10A	ENSG00000185313
7073.0	0.0004	USP29	ENSG00000131864
7073.0	0.0004	GNA12	ENSG00000146535
7073.0	0.0004	NAA38	ENSG00000183011
7073.0	0.0004	NAV1	ENSG00000134369
7073.0	0.0004	SSUH2	ENSG00000125046
7073.0	0.0004	RPP25	ENSG00000178718
7073.0	0.0004	PSMD14	ENSG00000115233
7073.0	0.0004	TNFSF12	ENSG00000239697
7073.0	0.0004	KIF5B	ENSG00000170759
7073.0	0.0004	DAXX	ENSG00000204209
7073.0	0.0004	MRPL53	ENSG00000204822
7073.0	0.0004	PTK6	ENSG00000101213
7073.0	0.0004	SLC25A3	ENSG00000075415
7073.0	0.0004	TNFSF13B	ENSG00000102524
7073.0	0.0004	NR5A2	ENSG00000116833
7073.0	0.0004	TFPI	ENSG00000003436
7073.0	0.0004	RALGDS	ENSG00000160271
7073.0	0.0004	RXFP4	ENSG00000173080
7073.0	0.0004	ANKRD49	ENSG00000168876
7073.0	0.0004	PCYT2	ENSG00000185813
7073.0	0.0004	DAB2	ENSG00000153071
7073.0	0.0004	CUL1	ENSG00000055130
7073.0	0.0004	RTN4RL2	ENSG00000186907
7073.0	0.0004	KIF24	ENSG00000186638
7073.0	0.0004	ACACB	ENSG00000076555
7073.0	0.0004	LAMTOR5	ENSG00000134248
7073.0	0.0004	PSMB2	ENSG00000126067
7073.0	0.0004	CHAF1B	ENSG00000159259
7073.0	0.0004	POLD1	ENSG00000062822
7073.0	0.0004	PNLIP	ENSG00000175535
7073.0	0.0004	ACACA	ENSG00000132142
7073.0	0.0004	APPBP2	ENSG00000062725
7073.0	0.0004	STARD10	ENSG00000214530
7073.0	0.0004	THAP7	ENSG00000184436
7073.0	0.0004	NOMO3	ENSG00000103226
7073.0	0.0004	CDK8	ENSG00000132964
7073.0	0.0004	ANGPT1	ENSG00000154188
7073.0	0.0004	FSHB	ENSG00000131808
7073.0	0.0004	EPHA3	ENSG00000044524
7073.0	0.0004	CRLF2	ENSG00000205755
7073.0	0.0004	USP2	ENSG00000036672
7073.0	0.0004	CD3G	ENSG00000160654
7073.0	0.0004	SAV1	ENSG00000151748
7073.0	0.0004	CRP	ENSG00000132693
7073.0	0.0004	MFSD8	ENSG00000164073
7073.0	0.0004	NOVA2	ENSG00000104967
7073.0	0.0004	XPNPEP3	ENSG00000196236
7073.0	0.0004	WWP1	ENSG00000123124
7073.0	0.0004	DCAF1	ENSG00000145041
7073.0	0.0004	SLC30A6	ENSG00000152683
7073.0	0.0004	MIS12	ENSG00000167842
7073.0	0.0004	SEC11A	ENSG00000140612
7073.0	0.0004	ETNPPL	ENSG00000164089
7073.0	0.0004	ZWINT	ENSG00000122952
7073.0	0.0004	PRMT1	ENSG00000126457
7073.0	0.0004	DGKD	ENSG00000077044
7073.0	0.0004	ALG5	ENSG00000120697
7073.0	0.0004	TRIM45	ENSG00000134253
7073.0	0.0004	RAP1A	ENSG00000116473
7073.0	0.0004	UFSP1	ENSG00000176125
7073.0	0.0004	DOLPP1	ENSG00000167130
7073.0	0.0004	UNCX	ENSG00000164853
7073.0	0.0004	GRIK1	ENSG00000171189
7073.0	0.0004	NRXN2	ENSG00000110076
7073.0	0.0004	SLC35C2	ENSG00000080189
7073.0	0.0004	PRKAA1	ENSG00000132356
7073.0	0.0004	PIGC	ENSG00000135845
7073.0	0.0004	SLC38A7	ENSG00000103042
7073.0	0.0004	SUGP1	ENSG00000105705
7073.0	0.0004	MMAB	ENSG00000139428
7073.0	0.0004	CRK	ENSG00000167193
7073.0	0.0004	SEM1	ENSG00000127922
7073.0	0.0004	FGF6	ENSG00000111241
7073.0	0.0004	MATN4	ENSG00000124159
7073.0	0.0004	INTS10	ENSG00000104613
7073.0	0.0004	MCCC2	ENSG00000131844
7073.0	0.0004	NAGA	ENSG00000198951
7073.0	0.0004	PC	ENSG00000173599
7073.0	0.0004	LAMTOR4	ENSG00000188186
7073.0	0.0004	PGS1	ENSG00000087157
7073.0	0.0004	XRCC3	ENSG00000126215
7073.0	0.0004	PRKAA2	ENSG00000162409
7073.0	0.0004	BEST1	ENSG00000167995
7073.0	0.0004	HIRIP3	ENSG00000149929
7073.0	0.0004	GPR173	ENSG00000184194
7073.0	0.0004	PGRMC1	ENSG00000101856
7073.0	0.0004	IGFBP3	ENSG00000146674
7073.0	0.0004	RBM27	ENSG00000091009
7073.0	0.0004	FTSJ1	ENSG00000068438
7073.0	0.0004	RPP40	ENSG00000124787
7073.0	0.0004	MCCC1	ENSG00000078070
7073.0	0.0004	PDCD2	ENSG00000071994
7073.0	0.0004	NCOA7	ENSG00000111912
7073.0	0.0004	THY1	ENSG00000154096
7073.0	0.0004	ARG1	ENSG00000118520
7073.0	0.0004	UEVLD	ENSG00000151116
7073.0	0.0004	SLC30A2	ENSG00000158014
7073.0	0.0004	TRAPPC3L	ENSG00000173626
7073.0	0.0004	MAP2K3	ENSG00000034152
7073.0	0.0004	GBA2	ENSG00000070610
7073.0	0.0004	VPS8	ENSG00000156931
7073.0	0.0004	SMIM3	ENSG00000256235
7073.0	0.0004	SEC11C	ENSG00000166562
7073.0	0.0004	KSR1	ENSG00000141068
7073.0	0.0004	RHOC	ENSG00000155366
7073.0	0.0004	VIM	ENSG00000026025
7073.0	0.0004	SETMAR	ENSG00000170364
7073.0	0.0004	DTNA	ENSG00000134769
7073.0	0.0004	ANKFN1	ENSG00000153930
7073.0	0.0004	HYPK	ENSG00000242028
7073.0	0.0004	SLIT1	ENSG00000187122
7073.0	0.0004	ABCD2	ENSG00000173208
7073.0	0.0004	SEC13	ENSG00000157020
7073.0	0.0004	CLK3	ENSG00000179335
7073.0	0.0004	INTS2	ENSG00000108506
7073.0	0.0004	PSMC2	ENSG00000161057
7073.0	0.0004	HBD	ENSG00000223609
7073.0	0.0004	ADCY10	ENSG00000143199
7073.0	0.0004	C1RL	ENSG00000139178
7073.0	0.0004	MMS22L	ENSG00000146263
7073.0	0.0004	SLC26A6	ENSG00000225697
7073.0	0.0004	GFRA1	ENSG00000151892
7073.0	0.0004	SRSF11	ENSG00000116754
7073.0	0.0004	LAMP2	ENSG00000005893
7073.0	0.0004	KRT3	ENSG00000186442
7073.0	0.0004	NXPE3	ENSG00000144815
7073.0	0.0004	GPRIN3	ENSG00000185477
7073.0	0.0004	MCM6	ENSG00000076003
7073.0	0.0004	IMPG1	ENSG00000112706
7073.0	0.0004	UBE2B	ENSG00000119048
7073.0	0.0004	PLXNB3	ENSG00000198753
7073.0	0.0004	FAAP100	ENSG00000185504
7073.0	0.0004	SLC30A1	ENSG00000170385
7073.0	0.0004	QPRT	ENSG00000103485
7073.0	0.0004	TNNI3	ENSG00000129991
7073.0	0.0004	TNNT2	ENSG00000118194
7073.0	0.0004	HIVEP1	ENSG00000095951
7073.0	0.0004	SLC7A9	ENSG00000021488
7073.0	0.0004	CRYZL1	ENSG00000205758
7073.0	0.0004	B4GALNT1	ENSG00000135454
7073.0	0.0004	TSPYL2	ENSG00000184205
7073.0	0.0004	ATP13A2	ENSG00000159363
7073.0	0.0004	DNAJC28	ENSG00000177692
7073.0	0.0004	NHERF1	ENSG00000109062
7073.0	0.0004	ARID3C	ENSG00000205143
7073.0	0.0004	ARID3B	ENSG00000179361
7073.0	0.0004	NTN3	ENSG00000162068
7073.0	0.0004	CCT3	ENSG00000163468
7073.0	0.0004	ALDH5A1	ENSG00000112294
7073.0	0.0004	PHB2	ENSG00000215021
7073.0	0.0004	PTPRN	ENSG00000054356
7073.0	0.0004	NPY	ENSG00000122585
7073.0	0.0004	SLC13A4	ENSG00000164707
7073.0	0.0004	TKFC	ENSG00000149476
7073.0	0.0004	NTN5	ENSG00000142233
7073.0	0.0004	FKBP2	ENSG00000173486
7073.0	0.0004	TTYH3	ENSG00000136295
7073.0	0.0004	HSP90AA1	ENSG00000080824
7073.0	0.0004	SLC39A9	ENSG00000029364
7073.0	0.0004	GLRX5	ENSG00000182512
7073.0	0.0004	KLK8	ENSG00000129455
7073.0	0.0004	INTS9	ENSG00000104299
7073.0	0.0004	MCL1	ENSG00000143384
7073.0	0.0004	RSC1A1	ENSG00000215695
7073.0	0.0004	KCNH6	ENSG00000173826
7073.0	0.0004	CRAT	ENSG00000095321
7073.0	0.0004	CALB2	ENSG00000172137
7073.0	0.0004	RFC3	ENSG00000133119
7073.0	0.0004	SLC17A8	ENSG00000179520
7073.0	0.0004	REG1A	ENSG00000115386
7073.0	0.0004	REG1B	ENSG00000172023
7073.0	0.0004	ITGAX	ENSG00000140678
7073.0	0.0004	BARHL1	ENSG00000125492
7073.0	0.0004	SLC17A1	ENSG00000124568
7073.0	0.0004	MGAT3	ENSG00000128268
7073.0	0.0004	LARGE2	ENSG00000165905
7073.0	0.0004	ADAMTS4	ENSG00000158859
7073.0	0.0004	NRGN	ENSG00000154146
7073.0	0.0004	LMO3	ENSG00000048540
7073.0	0.0004	LRRC32	ENSG00000137507
7073.0	0.0004	SLC6A2	ENSG00000103546
7073.0	0.0004	CACUL1	ENSG00000151893
7073.0	0.0004	LYRM4	ENSG00000214113
7073.0	0.0004	CAPN6	ENSG00000077274
7073.0	0.0004	AHSP	ENSG00000169877
7073.0	0.0004	BAG2	ENSG00000112208
7073.0	0.0004	KSR2	ENSG00000171435
7073.0	0.0004	GTF2B	ENSG00000137947
7073.0	0.0004	MYBPHL	ENSG00000221986
7073.0	0.0004	IRF2	ENSG00000168310
7073.0	0.0004	ZFX	ENSG00000005889
7073.0	0.0004	ZFY	ENSG00000067646
7073.0	0.0004	CECR2	ENSG00000099954
7073.0	0.0004	ITGAM	ENSG00000169896
7073.0	0.0004	ACTR8	ENSG00000113812
7073.0	0.0004	UBLCP1	ENSG00000164332
7073.0	0.0004	GNPNAT1	ENSG00000100522
7073.0	0.0004	C3	ENSG00000125730
7073.0	0.0004	UBFD1	ENSG00000103353
7073.0	0.0004	ACAD9	ENSG00000177646
7073.0	0.0004	TNIP3	ENSG00000050730
7073.0	0.0004	AZIN1	ENSG00000155096
7073.0	0.0004	RILP	ENSG00000167705
7073.0	0.0004	PYURF	ENSG00000145337
7073.0	0.0004	KHDRBS3	ENSG00000131773
7073.0	0.0004	HBE1	ENSG00000213931
7073.0	0.0004	EXOC4	ENSG00000131558
7073.0	0.0004	CRABP2	ENSG00000143320
7073.0	0.0004	MAN2B2	ENSG00000013288
7073.0	0.0004	IFT46	ENSG00000118096
7073.0	0.0004	PURB	ENSG00000146676
7073.0	0.0004	CPS1	ENSG00000021826
7073.0	0.0004	ETNK1	ENSG00000139163
7073.0	0.0004	LCOR	ENSG00000196233
7073.0	0.0004	ETNK2	ENSG00000143845
7073.0	0.0004	KLK3	ENSG00000142515
7073.0	0.0004	PRMT8	ENSG00000111218
7073.0	0.0004	GIT1	ENSG00000108262
7073.0	0.0004	SLC30A3	ENSG00000115194
7073.0	0.0004	USHBP1	ENSG00000130307
7073.0	0.0004	PTK2B	ENSG00000120899
7073.0	0.0004	MMP7	ENSG00000137673
7073.0	0.0004	CASP1	ENSG00000137752
7073.0	0.0004	SGSH	ENSG00000181523
7073.0	0.0004	ATP1B1	ENSG00000143153
7073.0	0.0004	COQ8A	ENSG00000163050
7073.0	0.0004	NAPRT	ENSG00000147813
7073.0	0.0004	NUP205	ENSG00000155561
7073.0	0.0004	NOMO2	ENSG00000185164
7073.0	0.0004	STXBP5L	ENSG00000145087
7073.0	0.0004	THAP4	ENSG00000176946
7073.0	0.0004	GNG12	ENSG00000172380
7073.0	0.0004	JMJD7-PLA2G4B	ENSG00000168970
7073.0	0.0004	TSPO	ENSG00000100300
7073.0	0.0004	INIP	ENSG00000148153
7073.0	0.0004	CALR	ENSG00000179218
7073.0	0.0004	BEST3	ENSG00000127325
7073.0	0.0004	PDIA4	ENSG00000155660
7073.0	0.0004	HBG2	ENSG00000196565
7073.0	0.0004	RBX1	ENSG00000100387
7073.0	0.0004	GOPC	ENSG00000047932
7073.0	0.0004	BCCIP	ENSG00000107949
7073.0	0.0004	ARTN	ENSG00000117407
7073.0	0.0004	NINL	ENSG00000101004
7073.0	0.0004	EPHB3	ENSG00000182580
7073.0	0.0004	CHRNA4	ENSG00000101204
7073.0	0.0004	PLXNB1	ENSG00000164050
7073.0	0.0004	SLC35E2B	ENSG00000189339
7073.0	0.0004	EMC4	ENSG00000128463
7073.0	0.0004	PPFIA1	ENSG00000131626
7073.0	0.0004	GPM6A	ENSG00000150625
7073.0	0.0004	PYCARD	ENSG00000103490
7073.0	0.0004	AOC1	ENSG00000002726
7073.0	0.0004	DERL1	ENSG00000136986
7073.0	0.0004	HTR3A	ENSG00000166736
7073.0	0.0004	VWA1	ENSG00000179403
7073.0	0.0004	EMC2	ENSG00000104412
7073.0	0.0004	YTHDC1	ENSG00000083896
7073.0	0.0004	IMPDH2	ENSG00000178035
7073.0	0.0004	CHRNB4	ENSG00000117971
7073.0	0.0004	EMC3	ENSG00000125037
7073.0	0.0004	COQ8B	ENSG00000123815
7073.0	0.0004	COBLL1	ENSG00000082438
7073.0	0.0004	EGR4	ENSG00000135625
7073.0	0.0004	PKP4	ENSG00000144283
7073.0	0.0004	PROX1	ENSG00000117707
7073.0	0.0004	PSPN	ENSG00000125650
7073.0	0.0004	TRIM39-RPP21	ENSG00000248167
7073.0	0.0004	UMPS	ENSG00000114491
7073.0	0.0004	PFKFB3	ENSG00000170525
7073.0	0.0004	EMC8	ENSG00000131148
7073.0	0.0004	CHRNA2	ENSG00000120903
7073.0	0.0004	RGS4	ENSG00000117152
7073.0	0.0004	UBE2N	ENSG00000177889
7073.0	0.0004	PER2	ENSG00000132326
7073.0	0.0004	B4GALNT2	ENSG00000167080
7073.0	0.0004	CHRNB2	ENSG00000160716
7073.0	0.0004	MOB1A	ENSG00000114978
7073.0	0.0004	ERO1A	ENSG00000197930
7073.0	0.0004	SERTAD2	ENSG00000179833
7073.0	0.0004	SLC2A2	ENSG00000163581
7073.0	0.0004	SORT1	ENSG00000134243
7073.0	0.0004	TAMALIN	ENSG00000161835
7073.0	0.0004	ABHD14A	ENSG00000248487
7073.0	0.0004	CSTA	ENSG00000121552
7073.0	0.0004	STAC	ENSG00000144681
7073.0	0.0004	CD320	ENSG00000167775
7073.0	0.0004	GLRA3	ENSG00000145451
7073.0	0.0004	KRT2	ENSG00000172867
7073.0	0.0004	COQ4	ENSG00000167113
7073.0	0.0004	ATP13A1	ENSG00000105726
7073.0	0.0004	ALAS2	ENSG00000158578
7073.0	0.0004	ISCU	ENSG00000136003
7073.0	0.0004	IL4	ENSG00000113520
7073.0	0.0004	USP53	ENSG00000145390
7073.0	0.0004	RER1	ENSG00000157916
7073.0	0.0004	CHRM2	ENSG00000181072
7073.0	0.0004	EMC9	ENSG00000100908
7073.0	0.0004	NT5M	ENSG00000205309
7073.0	0.0004	GPNMB	ENSG00000136235
7073.0	0.0004	COQ2	ENSG00000173085
7073.0	0.0004	CA10	ENSG00000154975
7073.0	0.0004	GSTZ1	ENSG00000100577
7073.0	0.0004	TMEM17	ENSG00000186889
7073.0	0.0004	CHORDC1	ENSG00000110172
7073.0	0.0004	HSCB	ENSG00000100209
7073.0	0.0004	PCDH8	ENSG00000136099
7073.0	0.0004	CXCL2	ENSG00000081041
7073.0	0.0004	NDUFAF6	ENSG00000156170
7073.0	0.0004	GZMH	ENSG00000100450
7073.0	0.0004	WAC	ENSG00000095787
7073.0	0.0004	CCDC124	ENSG00000007080
7073.0	0.0004	RAE1	ENSG00000101146
7073.0	0.0004	CFI	ENSG00000205403
7073.0	0.0004	SLC22A3	ENSG00000146477
7073.0	0.0004	PAWR	ENSG00000177425
7073.0	0.0004	PRRC2B	ENSG00000130723
7073.0	0.0004	AADAT	ENSG00000109576
7073.0	0.0004	MGAT4A	ENSG00000071073
7073.0	0.0004	NEUROG3	ENSG00000122859
7073.0	0.0004	CERS2	ENSG00000143418
7073.0	0.0004	HDAC9	ENSG00000048052
7073.0	0.0004	ACAA1	ENSG00000060971
7073.0	0.0004	UBE2G1	ENSG00000132388
7073.0	0.0004	MGAT4B	ENSG00000161013
7073.0	0.0004	GLRA2	ENSG00000101958
7073.0	0.0004	UAP1	ENSG00000117143
7073.0	0.0004	THAP3	ENSG00000041988
7073.0	0.0004	CP	ENSG00000047457
7073.0	0.0004	CHRM4	ENSG00000180720
7073.0	0.0004	ARMS2	ENSG00000254636
7073.0	0.0004	FCHSD2	ENSG00000137478
7073.0	0.0004	CIB2	ENSG00000136425
7073.0	0.0004	HMGCR	ENSG00000113161
7073.0	0.0004	DDB1	ENSG00000167986
7073.0	0.0004	DOK1	ENSG00000115325
7073.0	0.0004	NR4A3	ENSG00000119508
7073.0	0.0004	AMT	ENSG00000145020
7073.0	0.0004	ZNF142	ENSG00000115568
7073.0	0.0004	DDX24	ENSG00000089737
7073.0	0.0004	RRAGB	ENSG00000083750
7073.0	0.0004	RIPPLY3	ENSG00000183145
7073.0	0.0004	SLC5A7	ENSG00000115665
7073.0	0.0004	SNRPC	ENSG00000124562
7073.0	0.0004	BTF3	ENSG00000145741
7073.0	0.0004	GIPC1	ENSG00000123159
7073.0	0.0004	LRP12	ENSG00000147650
7073.0	0.0004	RILPL1	ENSG00000188026
7073.0	0.0004	PRPSAP2	ENSG00000141127
7073.0	0.0004	ENDOG	ENSG00000167136
7073.0	0.0004	SFR1	ENSG00000156384
7073.0	0.0004	SWI5	ENSG00000175854
7073.0	0.0004	FCGR2A	ENSG00000143226
7073.0	0.0004	FCGR2B	ENSG00000072694
7073.0	0.0004	FCGR2C	ENSG00000244682
7073.0	0.0004	RAB38	ENSG00000123892
7073.0	0.0004	N6AMT1	ENSG00000156239
7073.0	0.0004	RP11-178H8.3	ENSG00000255515
7073.0	0.0004	EMC6	ENSG00000127774
7073.0	0.0004	EXOG	ENSG00000157036
7073.0	0.0004	ALKBH3	ENSG00000166199
7073.0	0.0004	ARL13A	ENSG00000174225
7073.0	0.0004	PLIN3	ENSG00000105355
7073.0	0.0004	IRX3	ENSG00000177508
7073.0	0.0004	CUL5	ENSG00000166266
7073.0	0.0004	XBP1	ENSG00000100219
7073.0	0.0004	KCNJ16	ENSG00000153822
7073.0	0.0004	TMEM97	ENSG00000109084
7073.0	0.0004	POLG2	ENSG00000256525
7073.0	0.0004	TSPAN8	ENSG00000127324
7073.0	0.0004	PRDX4	ENSG00000123131
7073.0	0.0004	PPFIA3	ENSG00000177380
7073.0	0.0004	KPNB1	ENSG00000108424
7073.0	0.0004	SLC22A2	ENSG00000112499
7073.0	0.0004	GTF2H3	ENSG00000111358
7073.0	0.0004	P4HA2	ENSG00000072682
7073.0	0.0004	P4HA3	ENSG00000149380
7073.0	0.0004	DMTN	ENSG00000158856
7073.0	0.0004	TP53INP2	ENSG00000078804
7073.0	0.0004	TSG101	ENSG00000074319
7073.0	0.0004	ADORA1	ENSG00000163485
7073.0	0.0004	NR1H2	ENSG00000131408
7073.0	0.0004	PPFIA2	ENSG00000139220
7073.0	0.0004	PCYT1B	ENSG00000102230
7073.0	0.0004	OSBPL5	ENSG00000021762
7073.0	0.0004	CYP1A2	ENSG00000140505
7073.0	0.0004	SERPINF1	ENSG00000132386
7073.0	0.0004	CYP2E1	ENSG00000130649
7073.0	0.0004	CYP2U1	ENSG00000155016
7073.0	0.0004	NABP1	ENSG00000173559
7073.0	0.0004	NFE2L1	ENSG00000082641
7073.0	0.0004	CMKLR1	ENSG00000174600
7073.0	0.0004	RNF7	ENSG00000114125
7073.0	0.0004	UGT2B17	ENSG00000197888
7073.0	0.0004	OTOG	ENSG00000188162
7073.0	0.0004	PCDH17	ENSG00000118946
7073.0	0.0004	NFE2L3	ENSG00000050344
7073.0	0.0004	SLC35B3	ENSG00000124786
7073.0	0.0004	DARS2	ENSG00000117593
7073.0	0.0004	TECRL	ENSG00000205678
7073.0	0.0004	BOP1	ENSG00000170727
7073.0	0.0004	TRAPPC6A	ENSG00000007255
7073.0	0.0004	LYRM7	ENSG00000186687
7073.0	0.0004	ARSF	ENSG00000062096
7073.0	0.0004	TRMT11	ENSG00000066651
7073.0	0.0004	ZNF608	ENSG00000168916
7073.0	0.0004	YKT6	ENSG00000106636
7073.0	0.0004	HP	ENSG00000257017
7073.0	0.0004	AKAP8L	ENSG00000011243
7073.0	0.0004	ACTR2	ENSG00000138071
7073.0	0.0004	ALAS1	ENSG00000023330
7073.0	0.0004	CHERP	ENSG00000085872
7073.0	0.0004	UBE2I	ENSG00000103275
7073.0	0.0004	FAH	ENSG00000103876
7073.0	0.0004	EMC10	ENSG00000161671
7073.0	0.0004	TRPC2	ENSG00000182048
7073.0	0.0004	ADM	ENSG00000148926
7073.0	0.0004	BAALC	ENSG00000164929
7073.0	0.0004	TK1	ENSG00000167900
7073.0	0.0004	GRHPR	ENSG00000137106
7073.0	0.0004	E2F6	ENSG00000169016
7073.0	0.0004	MMGT1	ENSG00000169446
7073.0	0.0004	IL36G	ENSG00000136688
7073.0	0.0004	NKX6-1	ENSG00000163623
7073.0	0.0004	TMEM35A	ENSG00000126950
7073.0	0.0004	LDHC	ENSG00000166796
7073.0	0.0004	ACTR3	ENSG00000115091
7073.0	0.0004	NAGK	ENSG00000124357
7073.0	0.0004	EMC7	ENSG00000134153
7073.0	0.0004	PLEKHA1	ENSG00000107679
7073.0	0.0004	ST8SIA2	ENSG00000140557
7073.0	0.0004	B4GALT6	ENSG00000118276
7073.0	0.0004	UBN2	ENSG00000157741
7073.0	0.0004	ROBO4	ENSG00000154133
7073.0	0.0004	PLP2	ENSG00000102007
7073.0	0.0004	TPM1	ENSG00000140416
7073.0	0.0004	NECTIN3	ENSG00000177707
7073.0	0.0004	ARSI	ENSG00000183876
7073.0	0.0004	GTF2H1	ENSG00000110768
7073.0	0.0004	CFAP91	ENSG00000183833
7073.0	0.0004	ARSJ	ENSG00000180801
7073.0	0.0004	RBMS1	ENSG00000153250
7073.0	0.0004	LGR5	ENSG00000139292
7073.0	0.0004	ZNF567	ENSG00000189042
7073.0	0.0004	CLEC1B	ENSG00000165682
7073.0	0.0004	GABARAPL1	ENSG00000139112
7073.0	0.0004	RALB	ENSG00000144118
7073.0	0.0004	CSGALNACT2	ENSG00000169826
7073.0	0.0004	MAP2K6	ENSG00000108984
7073.0	0.0004	MRAP2	ENSG00000135324
7073.0	0.0004	UBE2D1	ENSG00000072401
7073.0	0.0004	USP32	ENSG00000170832
7073.0	0.0004	SFRP5	ENSG00000120057
7073.0	0.0004	PRKD2	ENSG00000105287
7073.0	0.0004	EDA2R	ENSG00000131080
7073.0	0.0004	CSN1S1	ENSG00000126545
7073.0	0.0004	GSR	ENSG00000104687
7073.0	0.0004	B4GALT3	ENSG00000158850
7073.0	0.0004	UAP1L1	ENSG00000197355
7073.0	0.0004	GTF2E1	ENSG00000153767
7073.0	0.0004	THAP2	ENSG00000173451
7073.0	0.0004	PKN1	ENSG00000123143
7073.0	0.0004	RAPGEF5	ENSG00000136237
7073.0	0.0004	CDH17	ENSG00000079112
7073.0	0.0004	PLCG1	ENSG00000124181
7073.0	0.0004	PLCL1	ENSG00000115896
7073.0	0.0004	COQ3	ENSG00000132423
7073.0	0.0004	GUF1	ENSG00000151806
7073.0	0.0004	ARSD	ENSG00000006756
7073.0	0.0004	ZNRF3	ENSG00000183579
7073.0	0.0004	EMILIN1	ENSG00000138080
7073.0	0.0004	RSPO1	ENSG00000169218
7073.0	0.0004	STRIP1	ENSG00000143093
7073.0	0.0004	CCNA2	ENSG00000145386
7073.0	0.0004	FGF19	ENSG00000162344
7073.0	0.0004	LDHB	ENSG00000111716
7073.0	0.0004	SDCBP	ENSG00000137575
7073.0	0.0004	GABARAPL2	ENSG00000034713
7073.0	0.0004	GTPBP1	ENSG00000100226
7073.0	0.0004	PCBD1	ENSG00000166228
7073.0	0.0004	MTMR8	ENSG00000102043
7073.0	0.0004	EGF	ENSG00000138798
7073.0	0.0004	NFS1	ENSG00000244005
7073.0	0.0004	UBE2U	ENSG00000177414
7073.0	0.0004	SMC2	ENSG00000136824
7073.0	0.0004	NFATC2	ENSG00000101096
7073.0	0.0004	SP140	ENSG00000079263
7073.0	0.0004	USF1	ENSG00000158773
7073.0	0.0004	SMC4	ENSG00000113810
7073.0	0.0004	TFB2M	ENSG00000162851
7073.0	0.0004	CACYBP	ENSG00000116161
7073.0	0.0004	SYT1	ENSG00000067715
7073.0	0.0004	AVEN	ENSG00000169857
7073.0	0.0004	TEX14	ENSG00000121101
7073.0	0.0004	RPS14	ENSG00000164587
7073.0	0.0004	ARPC5L	ENSG00000136950
7073.0	0.0004	CAV2	ENSG00000105971
7073.0	0.0004	RNF5	ENSG00000204308
7073.0	0.0004	WNT10B	ENSG00000169884
7073.0	0.0004	TRAK2	ENSG00000115993
7073.0	0.0004	ZBED6	ENSG00000257315
7073.0	0.0004	IL1B	ENSG00000125538
7073.0	0.0004	CYP3A4	ENSG00000160868
7073.0	0.0004	DRD5	ENSG00000169676
7073.0	0.0004	CYP1A1	ENSG00000140465
7073.0	0.0004	SRGAP2	ENSG00000163486
7073.0	0.0004	ABHD6	ENSG00000163686
7073.0	0.0004	POGLUT3	ENSG00000178202
7073.0	0.0004	IVL	ENSG00000163207
7073.0	0.0004	WDR12	ENSG00000138442
7073.0	0.0004	RIOK2	ENSG00000058729
7073.0	0.0004	AMHR2	ENSG00000135409
7073.0	0.0004	WNK4	ENSG00000126562
7073.0	0.0004	GRM5	ENSG00000168959
7073.0	0.0004	CCL21	ENSG00000137077
7073.0	0.0004	IRAK1	ENSG00000184216
7073.0	0.0004	MT3	ENSG00000087250
7073.0	0.0004	GSTA1	ENSG00000243955
7073.0	0.0004	PPFIA4	ENSG00000143847
7073.0	0.0004	POLR3F	ENSG00000132664
7073.0	0.0004	GLUL	ENSG00000135821
7073.0	0.0004	ECSIT	ENSG00000130159
7073.0	0.0004	NQO2	ENSG00000124588
7073.0	0.0004	MBNL1	ENSG00000152601
7073.0	0.0004	SHMT1	ENSG00000176974
7073.0	0.0004	PRDX6	ENSG00000117592
7073.0	0.0004	FTSJ3	ENSG00000108592
7073.0	0.0004	NOP56	ENSG00000101361
7073.0	0.0004	DUSP4	ENSG00000120875
7073.0	0.0004	GIT2	ENSG00000139436
7073.0	0.0004	EIF4EBP3	ENSG00000243056
7073.0	0.0004	IL4I1	ENSG00000104951
7073.0	0.0004	LGR6	ENSG00000133067
7073.0	0.0004	SLC1A3	ENSG00000079215
7073.0	0.0004	ICAM1	ENSG00000090339
7073.0	0.0004	DCTN2	ENSG00000175203
7073.0	0.0004	EIF4EBP2	ENSG00000148730
7073.0	0.0004	CEL	ENSG00000170835
7073.0	0.0004	DNAI2	ENSG00000171595
7073.0	0.0004	USP50	ENSG00000170236
7073.0	0.0004	MRPS5	ENSG00000144029
7073.0	0.0004	TRPM8	ENSG00000144481
7073.0	0.0004	PPIF	ENSG00000108179
7073.0	0.0004	TECTA	ENSG00000109927
7073.0	0.0004	CTSC	ENSG00000109861
7073.0	0.0004	CCRL2	ENSG00000121797
7073.0	0.0004	CYTIP	ENSG00000115165
7073.0	0.0004	IL15RA	ENSG00000134470
7073.0	0.0004	ITGB2	ENSG00000160255
7073.0	0.0004	CHPF2	ENSG00000033100
7073.0	0.0004	NUP43	ENSG00000120253
7073.0	0.0004	CDC20	ENSG00000117399
7073.0	0.0004	SKOR1	ENSG00000188779
7073.0	0.0004	CA4	ENSG00000167434
7073.0	0.0004	APOBEC3G	ENSG00000239713
7073.0	0.0004	SLC39A11	ENSG00000133195
7073.0	0.0004	STYK1	ENSG00000060140
7073.0	0.0004	ITGA1	ENSG00000213949
7073.0	0.0004	ANXA8L1	ENSG00000150165
7073.0	0.0004	ANXA8L2	ENSG00000186807
7073.0	0.0004	LHX5	ENSG00000089116
7073.0	0.0004	FBLIM1	ENSG00000162458
7073.0	0.0004	GPSM1	ENSG00000160360
7073.0	0.0004	SEPHS1	ENSG00000086475
7073.0	0.0004	YWHAH	ENSG00000128245
7073.0	0.0004	YWHAQ	ENSG00000134308
7073.0	0.0004	DCLRE1A	ENSG00000198924
7073.0	0.0004	MAGI3	ENSG00000081026
7073.0	0.0004	OAZ1	ENSG00000104904
7073.0	0.0004	SLC39A3	ENSG00000141873
7073.0	0.0004	KCNT2	ENSG00000162687
7073.0	0.0004	HS6ST3	ENSG00000185352
7073.0	0.0004	POLR3D	ENSG00000168495
7073.0	0.0004	POLR3E	ENSG00000058600
7073.0	0.0004	SEPHS2	ENSG00000179918
7073.0	0.0004	POLR3G	ENSG00000113356
7073.0	0.0004	PGAM2	ENSG00000164708
7073.0	0.0004	INTS4	ENSG00000149262
7073.0	0.0004	AP1M1	ENSG00000072958
7073.0	0.0004	FOXP4	ENSG00000137166
7073.0	0.0004	SLC28A1	ENSG00000156222
7073.0	0.0004	ANXA6	ENSG00000197043
7073.0	0.0004	PARK7	ENSG00000116288
7073.0	0.0004	AGXT	ENSG00000172482
7073.0	0.0004	ARPC1A	ENSG00000241685
7073.0	0.0004	ARPC4-TTLL3	ENSG00000250151
7073.0	0.0004	PDSS2	ENSG00000164494
7073.0	0.0004	BACH2	ENSG00000112182
7073.0	0.0004	AFMID	ENSG00000183077
7073.0	0.0004	NUP153	ENSG00000124789
7073.0	0.0004	HSP90B1	ENSG00000166598
7073.0	0.0004	PGAM1	ENSG00000171314
7073.0	0.0004	CHRNA5	ENSG00000169684
7073.0	0.0004	TWNK	ENSG00000107815
7073.0	0.0004	EIF4EBP1	ENSG00000187840
7073.0	0.0004	CRBN	ENSG00000113851
7073.0	0.0004	UBAC1	ENSG00000130560
7073.0	0.0004	NIP7	ENSG00000132603
7073.0	0.0004	MINK1	ENSG00000141503
7073.0	0.0004	LONP2	ENSG00000102910
7073.0	0.0004	CFC1B	ENSG00000152093
7073.0	0.0004	NECTIN4	ENSG00000143217
7073.0	0.0004	SLC39A5	ENSG00000139540
7073.0	0.0004	NCAPG	ENSG00000109805
7073.0	0.0004	TRMT10C	ENSG00000174173
7073.0	0.0004	CLU	ENSG00000120885
7073.0	0.0004	BOLA3	ENSG00000163170
7073.0	0.0004	BPGM	ENSG00000172331
7073.0	0.0004	MSR1	ENSG00000038945
7073.0	0.0004	DYNLL1	ENSG00000088986
7073.0	0.0004	SDS	ENSG00000135094
7073.0	0.0004	SLITRK1	ENSG00000178235
7073.0	0.0004	HAO2	ENSG00000116882
7073.0	0.0004	EID3	ENSG00000255150
7073.0	0.0004	CHRNA6	ENSG00000147434
7073.0	0.0004	NDUFAF7	ENSG00000003509
7073.0	0.0004	OVGP1	ENSG00000085465
7073.0	0.0004	RYR2	ENSG00000198626
7073.0	0.0004	RAB6C	ENSG00000222014
7073.0	0.0004	RAB6A	ENSG00000175582
7073.0	0.0004	NSMCE4A	ENSG00000107672
7073.0	0.0004	RSPO4	ENSG00000101282
7073.0	0.0004	BCAN	ENSG00000132692
7073.0	0.0004	SLC6A13	ENSG00000010379
7073.0	0.0004	YEATS4	ENSG00000127337
7073.0	0.0004	NCAN	ENSG00000130287
7073.0	0.0004	MTMR6	ENSG00000139505
7073.0	0.0004	ELMO3	ENSG00000102890
7073.0	0.0004	CSPG4	ENSG00000173546
7073.0	0.0004	KRT24	ENSG00000167916
7073.0	0.0004	IL18	ENSG00000150782
7073.0	0.0004	CSPG5	ENSG00000114646
7073.0	0.0004	BAMBI	ENSG00000095739
7073.0	0.0004	CHRNB3	ENSG00000147432
7073.0	0.0004	CCKAR	ENSG00000163394
7073.0	0.0004	CLUH	ENSG00000132361
7073.0	0.0004	SGF29	ENSG00000176476
7073.0	0.0004	SNRPE	ENSG00000182004
7073.0	0.0004	SMAD1	ENSG00000170365
7073.0	0.0004	MRPL22	ENSG00000082515
7073.0	0.0004	ESD	ENSG00000139684
7073.0	0.0004	TAS1R3	ENSG00000169962
7073.0	0.0004	NEU4	ENSG00000204099
7073.0	0.0004	ZNF33A	ENSG00000189180
7073.0	0.0004	NR1H3	ENSG00000025434
7073.0	0.0004	OLIG3	ENSG00000177468
7073.0	0.0004	ALDH1B1	ENSG00000137124
7073.0	0.0004	GPR82	ENSG00000171657
7073.0	0.0004	SLC9A3	ENSG00000066230
7073.0	0.0004	ZNRF4	ENSG00000105428
7073.0	0.0004	TTC4	ENSG00000243725
7073.0	0.0004	PRDX3	ENSG00000165672
7073.0	0.0004	PCDP1	ENSG00000163075
7073.0	0.0004	TRNAU1AP	ENSG00000180098
7073.0	0.0004	NOD2	ENSG00000167207
7073.0	0.0004	CYP7B1	ENSG00000172817
7073.0	0.0004	LNX2	ENSG00000139517
7073.0	0.0004	XPOT	ENSG00000184575
7073.0	0.0004	MRPL46	ENSG00000259494
7073.0	0.0004	SRR	ENSG00000167720
7073.0	0.0004	SDSL	ENSG00000139410
7073.0	0.0004	FRAT1	ENSG00000165879
7073.0	0.0004	PAMR1	ENSG00000149090
7073.0	0.0004	CTSB	ENSG00000164733
7073.0	0.0004	TBL3	ENSG00000183751
7073.0	0.0004	GGCT	ENSG00000006625
7073.0	0.0004	CDKAL1	ENSG00000145996
7073.0	0.0004	C19orf12	ENSG00000131943
7073.0	0.0004	SLC22A4	ENSG00000197208
7073.0	0.0004	ALDH3A1	ENSG00000108602
7073.0	0.0004	HOXA7	ENSG00000122592
7073.0	0.0004	GPAT4	ENSG00000158669
7073.0	0.0004	CHMP4A	ENSG00000254505
7073.0	0.0004	STX18	ENSG00000168818
7073.0	0.0004	TOMM20	ENSG00000173726
7073.0	0.0004	SPO11	ENSG00000054796
7073.0	0.0004	FRAT2	ENSG00000181274
7073.0	0.0004	RGMB	ENSG00000174136
7073.0	0.0004	CD9	ENSG00000010278
7073.0	0.0004	SLC2A5	ENSG00000142583
7073.0	0.0004	VAPB	ENSG00000124164
7073.0	0.0004	WDR7	ENSG00000091157
7073.0	0.0004	STING1	ENSG00000184584
7073.0	0.0004	CR1	ENSG00000203710
7073.0	0.0004	RAD52	ENSG00000002016
7073.0	0.0004	SLC5A5	ENSG00000105641
7073.0	0.0004	PDLIM1	ENSG00000107438
7073.0	0.0004	DECR1	ENSG00000104325
7073.0	0.0004	ALDH9A1	ENSG00000143149
7073.0	0.0004	VAPA	ENSG00000101558
7073.0	0.0004	RRP12	ENSG00000052749
7073.0	0.0004	GPAT3	ENSG00000138678
7073.0	0.0004	HSD11B1	ENSG00000117594
7073.0	0.0004	LYZ	ENSG00000090382
7073.0	0.0004	NDST2	ENSG00000166507
7073.0	0.0004	RP11-574K11.31	ENSG00000272916
7073.0	0.0004	RSF1	ENSG00000048649
7073.0	0.0004	TENT4B	ENSG00000121274
7073.0	0.0004	BAG4	ENSG00000156735
7073.0	0.0004	RABL3	ENSG00000144840
7073.0	0.0004	HLX	ENSG00000136630
7073.0	0.0004	ZNF217	ENSG00000171940
7073.0	0.0004	PACRG	ENSG00000112530
7073.0	0.0004	FUT9	ENSG00000172461
7073.0	0.0004	ANXA11	ENSG00000122359
7073.0	0.0004	QPCT	ENSG00000115828
7073.0	0.0004	BCAR1	ENSG00000050820
7073.0	0.0004	JPH3	ENSG00000154118
7073.0	0.0004	ADCYAP1R1	ENSG00000078549
7073.0	0.0004	LMO1	ENSG00000166407
7073.0	0.0004	PRG2	ENSG00000186652
7073.0	0.0004	MAP3K1	ENSG00000095015
7073.0	0.0004	TENM2	ENSG00000145934
7073.0	0.0004	ABCC3	ENSG00000108846
7073.0	0.0004	ALKBH4	ENSG00000160993
7073.0	0.0004	HSPE1	ENSG00000115541
7073.0	0.0004	FABP7	ENSG00000164434
7073.0	0.0004	SCP2	ENSG00000116171
7073.0	0.0004	ZNF638	ENSG00000075292
7073.0	0.0004	LRRC47	ENSG00000130764
7073.0	0.0004	TAS1R2	ENSG00000179002
7073.0	0.0004	HBQ1	ENSG00000086506
7073.0	0.0004	GLYAT	ENSG00000149124
7073.0	0.0004	MPG	ENSG00000103152
7073.0	0.0004	WIF1	ENSG00000156076
7073.0	0.0004	NOX1	ENSG00000007952
7073.0	0.0004	HMGN2	ENSG00000198830
7073.0	0.0004	IYD	ENSG00000009765
7073.0	0.0004	MID2	ENSG00000080561
7073.0	0.0004	CIAPIN1	ENSG00000005194
7073.0	0.0004	HRC	ENSG00000130528
7073.0	0.0004	SFTPD	ENSG00000133661
7073.0	0.0004	MAP3K5	ENSG00000197442
7073.0	0.0004	NOX5	ENSG00000255346
7073.0	0.0004	ASPN	ENSG00000106819
7073.0	0.0004	GABBR1	ENSG00000204681
7073.0	0.0004	ALPI	ENSG00000163295
7073.0	0.0004	ACVR1C	ENSG00000123612
7073.0	0.0004	NLRP4	ENSG00000160505
7073.0	0.0004	MAN2A2	ENSG00000196547
7073.0	0.0004	ERO1B	ENSG00000086619
7073.0	0.0004	BCL7C	ENSG00000099385
7073.0	0.0004	TNFRSF1A	ENSG00000067182
7073.0	0.0004	FAAH	ENSG00000117480
7073.0	0.0004	CIAO1	ENSG00000144021
7073.0	0.0004	PJA1	ENSG00000181191
7073.0	0.0004	LGALS3	ENSG00000131981
7073.0	0.0004	WDTC1	ENSG00000142784
7073.0	0.0004	TSR1	ENSG00000167721
7073.0	0.0004	CDK7	ENSG00000134058
7073.0	0.0004	PGM2	ENSG00000169299
7073.0	0.0004	LRRC3B	ENSG00000179796
7073.0	0.0004	NCBP1	ENSG00000136937
7073.0	0.0004	TRADD	ENSG00000102871
7073.0	0.0004	RPA4	ENSG00000204086
7073.0	0.0004	NME8	ENSG00000086288
7073.0	0.0004	PRKCD	ENSG00000163932
7073.0	0.0004	ACTR3B	ENSG00000133627
7073.0	0.0004	HTRA1	ENSG00000166033
7073.0	0.0004	SLC39A6	ENSG00000141424
7073.0	0.0004	HORMAD2	ENSG00000176635
7073.0	0.0004	NDOR1	ENSG00000188566
7073.0	0.0004	OXCT1	ENSG00000083720
7073.0	0.0004	USE1	ENSG00000053501
7073.0	0.0004	TFDP1	ENSG00000198176
7073.0	0.0004	TFDP3	ENSG00000183434
7073.0	0.0004	SLC25A4	ENSG00000151729
7073.0	0.0004	UBE2Z	ENSG00000159202
7073.0	0.0004	RNF208	ENSG00000212864
7073.0	0.0004	TST	ENSG00000128311
7073.0	0.0004	SLC46A1	ENSG00000076351
7073.0	0.0004	MOGAT3	ENSG00000106384
7073.0	0.0004	NOX4	ENSG00000086991
7073.0	0.0004	SLC30A8	ENSG00000164756
7073.0	0.0004	KCNN4	ENSG00000104783
7073.0	0.0004	ACTR3C	ENSG00000106526
7073.0	0.0004	DHRS7	ENSG00000100612
7073.0	0.0004	SEPTIN11	ENSG00000138758
7073.0	0.0004	TGM3	ENSG00000125780
7073.0	0.0004	RAP2A	ENSG00000125249
7073.0	0.0004	CIAO2B	ENSG00000166595
7073.0	0.0004	SH3GLB1	ENSG00000097033
7073.0	0.0004	FBLN2	ENSG00000163520
7073.0	0.0004	OSBP	ENSG00000110048
7073.0	0.0004	RAP2B	ENSG00000181467
7073.0	0.0004	MUS81	ENSG00000172732
7073.0	0.0004	DUOXA1	ENSG00000140254
7073.0	0.0004	SCARF1	ENSG00000074660
7073.0	0.0004	KCNA5	ENSG00000130037
7073.0	0.0004	RPL37	ENSG00000145592
7073.0	0.0004	TOLLIP	ENSG00000078902
7073.0	0.0004	FN3KRP	ENSG00000141560
7073.0	0.0004	ANAPC2	ENSG00000176248
7073.0	0.0004	ASIC2	ENSG00000108684
7073.0	0.0004	IL5RA	ENSG00000091181
7073.0	0.0004	RAP2C	ENSG00000123728
7073.0	0.0004	MOK	ENSG00000080823
7073.0	0.0004	GUK1	ENSG00000143774
7073.0	0.0004	BAD	ENSG00000002330
7073.0	0.0004	SGCA	ENSG00000108823
7073.0	0.0004	RPL7A	ENSG00000148303
7073.0	0.0004	EOMES	ENSG00000163508
7073.0	0.0004	GKN1	ENSG00000169605
7073.0	0.0004	NTAN1	ENSG00000157045
7073.0	0.0004	PLIN2	ENSG00000147872
7073.0	0.0004	UBE2G2	ENSG00000184787
7073.0	0.0004	JDP2	ENSG00000140044
7073.0	0.0004	FDX1	ENSG00000137714
7073.0	0.0004	PNKD	ENSG00000127838
7073.0	0.0004	CFAP263	ENSG00000103021
7073.0	0.0004	HS6ST2	ENSG00000171004
7073.0	0.0004	GPAT2	ENSG00000186281
7073.0	0.0004	JAKMIP1	ENSG00000152969
7073.0	0.0004	KYAT1	ENSG00000171097
7073.0	0.0004	ADPRM	ENSG00000170222
7073.0	0.0004	THOC3	ENSG00000051596
7073.0	0.0004	ALPP	ENSG00000163283
7073.0	0.0004	ALKBH5	ENSG00000091542
7073.0	0.0004	SLC4A3	ENSG00000114923
7073.0	0.0004	PPFIBP2	ENSG00000166387
7073.0	0.0004	SHANK2	ENSG00000162105
7073.0	0.0004	HPR	ENSG00000261701
7073.0	0.0004	JCHAIN	ENSG00000132465
7073.0	0.0004	SLC39A10	ENSG00000196950
7073.0	0.0004	TEK	ENSG00000120156
7073.0	0.0004	CAVIN3	ENSG00000170955
7073.0	0.0004	THOC7	ENSG00000163634
7073.0	0.0004	CCK	ENSG00000187094
7073.0	0.0004	MTX1	ENSG00000173171
7073.0	0.0004	RGS16	ENSG00000143333
7073.0	0.0004	MCEE	ENSG00000124370
7073.0	0.0004	TTPA	ENSG00000137561
7073.0	0.0004	MGAT5	ENSG00000152127
7073.0	0.0004	GPR22	ENSG00000172209
7073.0	0.0004	PNLIPRP3	ENSG00000203837
7073.0	0.0004	CALU	ENSG00000128595
7073.0	0.0004	PCF11	ENSG00000165494
7073.0	0.0004	HOXB3	ENSG00000120093
7073.0	0.0004	FUT6	ENSG00000156413
7073.0	0.0004	HSPA4	ENSG00000170606
7073.0	0.0004	SUMO1	ENSG00000116030
7073.0	0.0004	CTNNA1	ENSG00000044115
7073.0	0.0004	PANX1	ENSG00000110218
7073.0	0.0004	MICAL3	ENSG00000243156
7073.0	0.0004	AP3S1	ENSG00000177879
7073.0	0.0004	MICAL2	ENSG00000133816
7073.0	0.0004	SLX1B	ENSG00000181625
7073.0	0.0004	DCK	ENSG00000156136
7073.0	0.0004	CCNB2	ENSG00000157456
7073.0	0.0004	CCNE1	ENSG00000105173
7073.0	0.0004	ACLY	ENSG00000131473
7073.0	0.0004	PKP2	ENSG00000057294
7073.0	0.0004	PER1	ENSG00000179094
7073.0	0.0004	TIMM10	ENSG00000134809
7073.0	0.0004	TENT4A	ENSG00000112941
7073.0	0.0004	MIPOL1	ENSG00000151338
7073.0	0.0004	NFU1	ENSG00000169599
7073.0	0.0004	SPHK1	ENSG00000176170
7073.0	0.0004	ZC3H15	ENSG00000065548
7073.0	0.0004	RBBP5	ENSG00000117222
7073.0	0.0004	F2RL1	ENSG00000164251
7073.0	0.0004	SGPP2	ENSG00000163082
7073.0	0.0004	ALYREF	ENSG00000183684
7073.0	0.0004	ACAT1	ENSG00000075239
7073.0	0.0004	MFAP3	ENSG00000037749
7073.0	0.0004	SPHK2	ENSG00000063176
7073.0	0.0004	SLX1A	ENSG00000132207
7073.0	0.0004	ST13	ENSG00000100380
7073.0	0.0004	HOXC11	ENSG00000123388
7073.0	0.0004	MID1IP1	ENSG00000165175
7073.0	0.0004	HINFP	ENSG00000172273
7073.0	0.0004	ASH2L	ENSG00000129691
7073.0	0.0004	USPL1	ENSG00000132952
7073.0	0.0004	TOMM40	ENSG00000130204
7073.0	0.0004	COX19	ENSG00000240230
7073.0	0.0004	FLAD1	ENSG00000160688
7073.0	0.0004	CMA1	ENSG00000092009
7073.0	0.0004	CALN1	ENSG00000183166
7073.0	0.0004	TNNC1	ENSG00000114854
7073.0	0.0004	ACER1	ENSG00000167769
7073.0	0.0004	UNC5B	ENSG00000107731
7073.0	0.0004	MTMR7	ENSG00000003987
7073.0	0.0004	RAD1	ENSG00000113456
7073.0	0.0004	SNX1	ENSG00000028528
7073.0	0.0004	BUD13	ENSG00000137656
7073.0	0.0004	TOMM22	ENSG00000100216
7073.0	0.0004	RAB9A	ENSG00000123595
7073.0	0.0004	MED16	ENSG00000175221
7073.0	0.0004	IL13	ENSG00000169194
7073.0	0.0004	RHOJ	ENSG00000126785
7073.0	0.0004	CAMP	ENSG00000164047
7073.0	0.0004	MELK	ENSG00000165304
7073.0	0.0004	ERVW-1	ENSG00000242950
7073.0	0.0004	FUT5	ENSG00000130383
7073.0	0.0004	NIPSNAP2	ENSG00000146729
7073.0	0.0004	SLC31A2	ENSG00000136867
7073.0	0.0004	TP53I3	ENSG00000115129
7073.0	0.0004	HTR1A	ENSG00000178394
7073.0	0.0004	NASP	ENSG00000132780
7073.0	0.0004	TOMM70	ENSG00000154174
7073.0	0.0004	LY6D	ENSG00000167656
7073.0	0.0004	RPIA	ENSG00000153574
7073.0	0.0004	UNC5A	ENSG00000113763
7073.0	0.0004	WSB1	ENSG00000109046
7073.0	0.0004	CDCP1	ENSG00000163814
7073.0	0.0004	TBK1	ENSG00000183735
7073.0	0.0004	CLSTN3	ENSG00000139182
7073.0	0.0004	PANK3	ENSG00000120137
7073.0	0.0004	GCGR	ENSG00000215644
7073.0	0.0004	EPS8L3	ENSG00000198758
7073.0	0.0004	PI3	ENSG00000124102
7073.0	0.0004	UNC5D	ENSG00000156687
7073.0	0.0004	PTPRD	ENSG00000153707
7073.0	0.0004	PANK4	ENSG00000157881
7073.0	0.0004	CHCHD4	ENSG00000163528
7073.0	0.0004	AP3S2	ENSG00000157823
7073.0	0.0004	ELMO2	ENSG00000062598
7073.0	0.0004	SPOCK2	ENSG00000107742
7073.0	0.0004	SQLE	ENSG00000104549
7073.0	0.0004	IDO2	ENSG00000188676
7073.0	0.0004	NKX2-8	ENSG00000136327
7073.0	0.0004	RAD21L1	ENSG00000244588
7073.0	0.0004	ALKBH2	ENSG00000189046
7073.0	0.0004	IDO1	ENSG00000131203
7073.0	0.0004	PRKCA	ENSG00000154229
7073.0	0.0004	CKMT1A	ENSG00000223572
7073.0	0.0004	CKMT1B	ENSG00000237289
7073.0	0.0004	DNAH9	ENSG00000007174
7073.0	0.0004	SLC4A8	ENSG00000050438
7073.0	0.0004	ALG1L1P	ENSG00000189366
7073.0	0.0004	VEGFD	ENSG00000165197
7073.0	0.0004	DELE1	ENSG00000081791
7073.0	0.0004	ALKBH7	ENSG00000125652
7073.0	0.0004	MYO1C	ENSG00000197879
7073.0	0.0004	NTAQ1	ENSG00000156795
7073.0	0.0004	MYO1E	ENSG00000157483
7073.0	0.0004	GPC2	ENSG00000213420
7073.0	0.0004	NKX1-2	ENSG00000229544
7073.0	0.0004	PAPLN	ENSG00000100767
7073.0	0.0004	MYT1	ENSG00000196132
7073.0	0.0004	SCO1	ENSG00000133028
7073.0	0.0004	ALKBH6	ENSG00000239382
7073.0	0.0004	GLIPR1	ENSG00000139278
7073.0	0.0004	CKMT2	ENSG00000131730
7073.0	0.0004	UTRN	ENSG00000152818
7073.0	0.0004	IKZF5	ENSG00000095574
7073.0	0.0004	BCL9L	ENSG00000186174
7073.0	0.0004	LYVE1	ENSG00000133800
7073.0	0.0004	KRR1	ENSG00000111615
7073.0	0.0004	MIR9-1HG	ENSG00000125462
7073.0	0.0004	CD6	ENSG00000013725
7073.0	0.0004	NDST3	ENSG00000164100
7073.0	0.0004	SLC15A1	ENSG00000088386
7073.0	0.0004	SNRPF	ENSG00000139343
7073.0	0.0004	FUT7	ENSG00000180549
7073.0	0.0004	KLHL14	ENSG00000197705
7073.0	0.0004	WDR5	ENSG00000196363
7073.0	0.0004	KCNK1	ENSG00000135750
7073.0	0.0004	EIF4A1	ENSG00000161960
7073.0	0.0004	OR52N4	ENSG00000181074
7073.0	0.0004	PRRX2	ENSG00000167157
7073.0	0.0004	SOD3	ENSG00000109610
7073.0	0.0004	TRMT1L	ENSG00000121486
7073.0	0.0004	PLPP1	ENSG00000067113
7073.0	0.0004	FUT11	ENSG00000196968
7073.0	0.0004	TIMM44	ENSG00000104980
7073.0	0.0004	NPAS4	ENSG00000174576
7073.0	0.0004	FEZ2	ENSG00000171055
7073.0	0.0004	SCFD1	ENSG00000092108
7073.0	0.0004	AMPD1	ENSG00000116748
7073.0	0.0004	GPR31	ENSG00000120436
7073.0	0.0004	BCAP29	ENSG00000075790
7073.0	0.0004	SS18	ENSG00000141380
7073.0	0.0004	DR1	ENSG00000117505
7073.0	0.0004	BABAM1	ENSG00000105393
7073.0	0.0004	SENP1	ENSG00000079387
7073.0	0.0004	SNRPA1	ENSG00000131876
7073.0	0.0004	JPT1	ENSG00000189159
7073.0	0.0004	HSPB2	ENSG00000170276
7073.0	0.0004	FUT10	ENSG00000172728
7073.0	0.0004	PLPP2	ENSG00000141934
7073.0	0.0004	GPX1	ENSG00000233276
7073.0	0.0004	ENPP3	ENSG00000154269
7073.0	0.0004	CTNNA3	ENSG00000183230
7073.0	0.0004	TOMM5	ENSG00000175768
7073.0	0.0004	PLPP3	ENSG00000162407
7073.0	0.0004	TOMM6	ENSG00000214736
7073.0	0.0004	FDX2	ENSG00000267673
7073.0	0.0004	GFPT2	ENSG00000131459
7073.0	0.0004	KYAT3	ENSG00000137944
7073.0	0.0004	SIAH1	ENSG00000196470
7073.0	0.0004	NFYB	ENSG00000120837
7073.0	0.0004	GID8	ENSG00000101193
7073.0	0.0004	TIMM17A	ENSG00000134375
7073.0	0.0004	RANBP17	ENSG00000204764
7073.0	0.0004	ZFYVE16	ENSG00000039319
7073.0	0.0004	ATP1A4	ENSG00000132681
7073.0	0.0004	UBR3	ENSG00000144357
7073.0	0.0004	H2AZ1	ENSG00000164032
7073.0	0.0004	AEBP2	ENSG00000139154
7073.0	0.0004	LRMDA	ENSG00000148655
7073.0	0.0004	HEY1	ENSG00000164683
7073.0	0.0004	TOP1MT	ENSG00000184428
7073.0	0.0004	PICK1	ENSG00000100151
7073.0	0.0004	CEBPB	ENSG00000172216
7073.0	0.0004	ARL4C	ENSG00000188042
7073.0	0.0004	CNPY1	ENSG00000146910
7073.0	0.0004	EVPL	ENSG00000167880
7073.0	0.0004	MAML2	ENSG00000184384
7073.0	0.0004	VMA21	ENSG00000160131
7073.0	0.0004	TEKT4	ENSG00000163060
7073.0	0.0004	RYBP	ENSG00000163602
7073.0	0.0004	GTPBP4	ENSG00000107937
7073.0	0.0004	RPN1	ENSG00000163902
7073.0	0.0004	PYGO1	ENSG00000171016
7073.0	0.0004	STAB2	ENSG00000136011
7073.0	0.0004	CEBPD	ENSG00000221869
7073.0	0.0004	EME1	ENSG00000154920
7073.0	0.0004	NPHS1	ENSG00000161270
7073.0	0.0004	EEF1A1	ENSG00000156508
7073.0	0.0004	SCARA3	ENSG00000168077
7073.0	0.0004	SARNP	ENSG00000205323
7073.0	0.0004	VAMP4	ENSG00000117533
7073.0	0.0004	MAPK12	ENSG00000188130
7073.0	0.0004	GRID2IP	ENSG00000215045
7073.0	0.0004	DBF4	ENSG00000006634
7073.0	0.0004	PEX11A	ENSG00000166821
7073.0	0.0004	ZNF593	ENSG00000142684
7073.0	0.0004	MTMR4	ENSG00000108389
7073.0	0.0004	TMTC1	ENSG00000133687
7073.0	0.0004	MKRN3	ENSG00000179455
7073.0	0.0004	CLTCL1	ENSG00000070371
7073.0	0.0004	TCHP	ENSG00000139437
7073.0	0.0004	TIMM21	ENSG00000075336
7073.0	0.0004	SQOR	ENSG00000137767
7073.0	0.0004	MAPK13	ENSG00000156711
7073.0	0.0004	XPO4	ENSG00000132953
7073.0	0.0004	PHF12	ENSG00000109118
7073.0	0.0004	ETV3	ENSG00000117036
7073.0	0.0004	PDXDC1	ENSG00000179889
7073.0	0.0004	AP3M1	ENSG00000185009
7073.0	0.0004	A2M	ENSG00000175899
7073.0	0.0004	RBSN	ENSG00000131381
7073.0	0.0004	VPS4B	ENSG00000119541
7073.0	0.0004	ZDHHC21	ENSG00000175893
7073.0	0.0004	HRG	ENSG00000113905
7073.0	0.0004	HIVEP3	ENSG00000127124
7073.0	0.0004	ARFGAP3	ENSG00000242247
7073.0	0.0004	MYLIP	ENSG00000007944
7073.0	0.0004	SACM1L	ENSG00000211456
7073.0	0.0004	ATP6V1E2	ENSG00000250565
7073.0	0.0004	STMN4	ENSG00000015592
7073.0	0.0004	AKR1A1	ENSG00000117448
7073.0	0.0004	GRPEL2	ENSG00000164284
7073.0	0.0004	KANK1	ENSG00000107104
7073.0	0.0004	ACAA2	ENSG00000167315
7073.0	0.0004	LPP	ENSG00000145012
7073.0	0.0004	CDC7	ENSG00000097046
7073.0	0.0004	PLIN1	ENSG00000166819
7073.0	0.0004	NAXD	ENSG00000213995
7073.0	0.0004	PFDN2	ENSG00000143256
7073.0	0.0004	EIF3H	ENSG00000147677
7073.0	0.0004	SNRNP200	ENSG00000144028
7073.0	0.0004	SLC9A9	ENSG00000181804
7073.0	0.0004	ACTR6	ENSG00000075089
7073.0	0.0004	CENPC	ENSG00000145241
7073.0	0.0004	EIF4E	ENSG00000151247
7073.0	0.0004	ASMTL	ENSG00000169093
7073.0	0.0004	RAB41	ENSG00000147127
7073.0	0.0004	LSM10	ENSG00000181817
7073.0	0.0004	DTNBP1	ENSG00000047579
7073.0	0.0004	CD1C	ENSG00000158481
7073.0	0.0004	PGP	ENSG00000184207
7073.0	0.0004	SNX4	ENSG00000114520
7073.0	0.0004	ALDH1A1	ENSG00000165092
7073.0	0.0004	SELENBP1	ENSG00000143416
7073.0	0.0004	PPL	ENSG00000118898
7073.0	0.0004	CCR6	ENSG00000112486
7073.0	0.0004	ABCF2	ENSG00000033050
7073.0	0.0004	RNF11	ENSG00000123091
7073.0	0.0004	RANBP10	ENSG00000141084
7073.0	0.0004	PARP2	ENSG00000129484
7073.0	0.0004	ACAT2	ENSG00000120437
7073.0	0.0004	NDST4	ENSG00000138653
7073.0	0.0004	CDC34	ENSG00000099804
7073.0	0.0004	TRIM56	ENSG00000169871
7073.0	0.0004	CENPS	ENSG00000175279
7073.0	0.0004	COX16	ENSG00000133983
7073.0	0.0004	PIAS4	ENSG00000105229
7073.0	0.0004	AP3M2	ENSG00000070718
7073.0	0.0004	OGFOD1	ENSG00000087263
7073.0	0.0004	UBE2M	ENSG00000130725
7073.0	0.0004	FAM167A	ENSG00000154319
7073.0	0.0004	KLK5	ENSG00000167754
7073.0	0.0004	UBE2R2	ENSG00000107341
7073.0	0.0004	NAT9	ENSG00000109065
7073.0	0.0004	CHRNA9	ENSG00000174343
7073.0	0.0004	HOMER1	ENSG00000152413
7073.0	0.0004	COA7	ENSG00000162377
7073.0	0.0004	PRPF40A	ENSG00000196504
7073.0	0.0004	SCN4B	ENSG00000177098
7073.0	0.0004	PKM	ENSG00000067225
7073.0	0.0004	RETSAT	ENSG00000042445
7073.0	0.0004	IFIT1	ENSG00000185745
7073.0	0.0004	IFIT1B	ENSG00000204010
7073.0	0.0004	SEMA6A	ENSG00000092421
7073.0	0.0004	GLO1	ENSG00000124767
7073.0	0.0004	CYBA	ENSG00000051523
7073.0	0.0004	SMAD6	ENSG00000137834
7073.0	0.0004	SLC52A3	ENSG00000101276
7073.0	0.0004	SVIL	ENSG00000197321
7073.0	0.0004	HMGXB4	ENSG00000100281
7073.0	0.0004	SLC2A14	ENSG00000173262
7073.0	0.0004	SNRPD1	ENSG00000167088
7073.0	0.0004	SLX4IP	ENSG00000149346
7073.0	0.0004	ATP6V1C2	ENSG00000143882
7073.0	0.0004	ATP6V1C1	ENSG00000155097
7073.0	0.0004	SF3B3	ENSG00000189091
7073.0	0.0004	LDHAL6B	ENSG00000171989
7073.0	0.0004	SCAI	ENSG00000173611
7073.0	0.0004	SNRPD3	ENSG00000100028
7073.0	0.0004	SF3A3	ENSG00000183431
7073.0	0.0004	CNTN2	ENSG00000184144
7073.0	0.0004	ATXN7L3	ENSG00000087152
7073.0	0.0004	CSNK2A2	ENSG00000070770
7073.0	0.0004	TERF2IP	ENSG00000166848
7073.0	0.0004	PDHA2	ENSG00000163114
7073.0	0.0004	TERF2	ENSG00000132604
7073.0	0.0004	APOL6	ENSG00000221963
7073.0	0.0004	UTP3	ENSG00000132467
7073.0	0.0004	LIN7A	ENSG00000111052
7073.0	0.0004	PNMT	ENSG00000141744
7073.0	0.0004	EXOSC4	ENSG00000178896
7073.0	0.0004	NOXA1	ENSG00000188747
7073.0	0.0004	EXOSC7	ENSG00000075914
7073.0	0.0004	SNU13	ENSG00000100138
7073.0	0.0004	FDPS	ENSG00000160752
7073.0	0.0004	NEDD8	ENSG00000129559
7073.0	0.0004	KLF4	ENSG00000136826
7073.0	0.0004	RPN2	ENSG00000118705
7073.0	0.0004	ZNF473	ENSG00000142528
7073.0	0.0004	UVRAG	ENSG00000198382
7073.0	0.0004	ELSPBP1	ENSG00000169393
7073.0	0.0004	MTHFD2L	ENSG00000163738
7073.0	0.0004	CHST15	ENSG00000182022
7073.0	0.0004	UST	ENSG00000111962
7073.0	0.0004	PCSK6	ENSG00000140479
7073.0	0.0004	SEC23IP	ENSG00000107651
7073.0	0.0004	GATB	ENSG00000059691
7073.0	0.0004	CHMP6	ENSG00000176108
7073.0	0.0004	CBR1	ENSG00000159228
7073.0	0.0004	DLX4	ENSG00000108813
7073.0	0.0004	UBA3	ENSG00000144744
7073.0	0.0004	MTERF3	ENSG00000156469
7073.0	0.0004	TTC13	ENSG00000143643
7073.0	0.0004	LDHAL6A	ENSG00000166800
7073.0	0.0004	ME1	ENSG00000065833
7073.0	0.0004	TARS2	ENSG00000143374
7073.0	0.0004	ME3	ENSG00000151376
7073.0	0.0004	KRT71	ENSG00000139648
7073.0	0.0004	USP49	ENSG00000164663
7073.0	0.0004	ME2	ENSG00000082212
7073.0	0.0004	ROR1	ENSG00000185483
7073.0	0.0004	TRPV1	ENSG00000196689
7073.0	0.0004	IK	ENSG00000113141
7073.0	0.0004	RRM2	ENSG00000171848
7073.0	0.0004	LYPD4	ENSG00000183103
7073.0	0.0004	SLC16A8	ENSG00000100156
7073.0	0.0004	PBX4	ENSG00000105717
7073.0	0.0004	MRPL40	ENSG00000185608
7073.0	0.0004	SLC1A1	ENSG00000106688
7073.0	0.0004	VAMP7	ENSG00000124333
7073.0	0.0004	CARNS1	ENSG00000172508
7073.0	0.0004	PITPNB	ENSG00000180957
7073.0	0.0004	USH2A	ENSG00000042781
7073.0	0.0004	FGF5	ENSG00000138675
7073.0	0.0004	SLC7A5	ENSG00000103257
7073.0	0.0004	DMGDH	ENSG00000132837
7073.0	0.0004	CNDP2	ENSG00000133313
7073.0	0.0004	SLC25A17	ENSG00000100372
7073.0	0.0004	MECR	ENSG00000116353
7073.0	0.0004	CNDP1	ENSG00000150656
7073.0	0.0004	TM7SF2	ENSG00000149809
7073.0	0.0004	AGO4	ENSG00000134698
7073.0	0.0004	FMN2	ENSG00000155816
7073.0	0.0004	PLIN5	ENSG00000214456
7073.0	0.0004	AURKB	ENSG00000178999
7073.0	0.0004	AGO3	ENSG00000126070
7073.0	0.0004	ARHGDIA	ENSG00000141522
7073.0	0.0004	MNX1	ENSG00000130675
7073.0	0.0004	NOM1	ENSG00000146909
7073.0	0.0004	UBE2E1	ENSG00000170142
7073.0	0.0004	SPMIP6	ENSG00000164972
7073.0	0.0004	ONECUT3	ENSG00000205922
7073.0	0.0004	SLC25A10	ENSG00000183048
7073.0	0.0004	ANXA2	ENSG00000182718
7073.0	0.0004	BCO1	ENSG00000135697
7073.0	0.0004	TXNDC11	ENSG00000153066
7073.0	0.0004	TARS3	ENSG00000185418
7073.0	0.0004	PNPLA4	ENSG00000006757
7073.0	0.0004	NT5C	ENSG00000125458
7073.0	0.0004	NAV3	ENSG00000067798
7073.0	0.0004	STK40	ENSG00000196182
7073.0	0.0004	CDH5	ENSG00000179776
7073.0	0.0004	AWAT2	ENSG00000147160
7073.0	0.0004	B3GAT2	ENSG00000112309
7073.0	0.0004	CNNM4	ENSG00000158158
7073.0	0.0004	EIF2B2	ENSG00000119718
7073.0	0.0004	SNX2	ENSG00000205302
7073.0	0.0004	MATK	ENSG00000007264
7073.0	0.0004	ERG28	ENSG00000133935
7073.0	0.0004	IPO5	ENSG00000065150
7073.0	0.0004	ARHGDIB	ENSG00000111348
7073.0	0.0004	SNRPG	ENSG00000143977
7073.0	0.0004	ARHGDIG	ENSG00000242173
7073.0	0.0004	RFC4	ENSG00000163918
7073.0	0.0004	ARL6IP1	ENSG00000170540
7073.0	0.0004	GDI2	ENSG00000057608
7073.0	0.0004	ZNF496	ENSG00000162714
7073.0	0.0004	REPS1	ENSG00000135597
7073.0	0.0004	DCTN1	ENSG00000204843
7073.0	0.0004	CCS	ENSG00000173992
7073.0	0.0004	SART1	ENSG00000175467
7073.0	0.0004	AMIGO3	ENSG00000176020
7073.0	0.0004	VPS29	ENSG00000111237
7073.0	0.0004	CDK17	ENSG00000059758
7073.0	0.0004	SNX8	ENSG00000106266
7073.0	0.0004	RFC5	ENSG00000111445
7073.0	0.0004	SEMA6D	ENSG00000137872
7073.0	0.0004	TUBA4A	ENSG00000127824
7073.0	0.0004	TET2	ENSG00000168769
7073.0	0.0004	ERH	ENSG00000100632
7073.0	0.0004	MED30	ENSG00000164758
7073.0	0.0004	SMU1	ENSG00000122692
7073.0	0.0004	RTL10	ENSG00000215012
7073.0	0.0004	RAB9B	ENSG00000123570
7073.0	0.0004	NCBP2	ENSG00000114503
7073.0	0.0004	VASP	ENSG00000125753
7073.0	0.0004	SLC7A8	ENSG00000092068
7073.0	0.0004	MAPK1IP1L	ENSG00000168175
7073.0	0.0004	INCENP	ENSG00000149503
7073.0	0.0004	FBXO4	ENSG00000151876
7073.0	0.0004	HBG1	ENSG00000213934
7073.0	0.0004	LACTB	ENSG00000103642
7073.0	0.0004	MAD2L1	ENSG00000164109
7073.0	0.0004	ALDH3B2	ENSG00000132746
7073.0	0.0004	GDI1	ENSG00000203879
7073.0	0.0004	PLRG1	ENSG00000171566
7073.0	0.0004	PPP2R3A	ENSG00000073711
7073.0	0.0004	KIF4A	ENSG00000090889
14556.0	0.0003	PRKACG	ENSG00000165059
14556.0	0.0003	MRM2	ENSG00000122687
14556.0	0.0003	RRP9	ENSG00000114767
14556.0	0.0003	NMU	ENSG00000109255
14556.0	0.0003	PDPR	ENSG00000090857
14556.0	0.0003	ABITRAM	ENSG00000119328
14556.0	0.0003	EMCN	ENSG00000164035
14556.0	0.0003	TIMM29	ENSG00000142444
14556.0	0.0003	HADHA	ENSG00000084754
14556.0	0.0003	TUBA1C	ENSG00000167553
14556.0	0.0003	WDR83	ENSG00000123154
14556.0	0.0003	UQCRC1	ENSG00000010256
14556.0	0.0003	QRSL1	ENSG00000130348
14556.0	0.0003	GABRA3	ENSG00000011677
14556.0	0.0003	DCT	ENSG00000080166
14556.0	0.0003	BRF2	ENSG00000104221
14556.0	0.0003	GABRA6	ENSG00000145863
14556.0	0.0003	TUBA1B	ENSG00000123416
14556.0	0.0003	ADAMTS14	ENSG00000138316
14556.0	0.0003	SEC22C	ENSG00000093183
14556.0	0.0003	TAF1D	ENSG00000166012
14556.0	0.0003	GABRA4	ENSG00000109158
14556.0	0.0003	INSYN1	ENSG00000205363
14556.0	0.0003	SEC22A	ENSG00000121542
14556.0	0.0003	BANP	ENSG00000172530
14556.0	0.0003	IL34	ENSG00000157368
14556.0	0.0003	IPO4	ENSG00000196497
14556.0	0.0003	MVD	ENSG00000167508
14556.0	0.0003	SCGB1A1	ENSG00000149021
14556.0	0.0003	EMSY	ENSG00000158636
14556.0	0.0003	MSC	ENSG00000178860
14556.0	0.0003	ABCB8	ENSG00000197150
14556.0	0.0003	HOXB9	ENSG00000170689
14556.0	0.0003	PANK1	ENSG00000152782
14556.0	0.0003	IRX6	ENSG00000159387
14556.0	0.0003	B3GAT1	ENSG00000109956
14556.0	0.0003	LAPTM4B	ENSG00000104341
14556.0	0.0003	ATP12A	ENSG00000075673
14556.0	0.0003	RDH5	ENSG00000135437
14556.0	0.0003	TRDN	ENSG00000186439
14556.0	0.0003	KIF4B	ENSG00000226650
14556.0	0.0003	TNFRSF1B	ENSG00000028137
14556.0	0.0003	ABCA7	ENSG00000064687
14556.0	0.0003	TRPC1	ENSG00000144935
14556.0	0.0003	LMTK3	ENSG00000142235
14556.0	0.0003	TUBB1	ENSG00000101162
14556.0	0.0003	OPN1SW	ENSG00000128617
14556.0	0.0003	UBE2E2	ENSG00000182247
14556.0	0.0003	HAGH	ENSG00000063854
14556.0	0.0003	EIF2S2	ENSG00000125977
14556.0	0.0003	PIH1D1	ENSG00000104872
14556.0	0.0003	PSTPIP1	ENSG00000140368
14556.0	0.0003	MSRB1	ENSG00000198736
14556.0	0.0003	DSCAML1	ENSG00000177103
14556.0	0.0003	AFP	ENSG00000081051
14556.0	0.0003	SPRY1	ENSG00000164056
14556.0	0.0003	NT5E	ENSG00000135318
14556.0	0.0003	IFNGR1	ENSG00000027697
14556.0	0.0003	CAV3	ENSG00000182533
14556.0	0.0003	PDK3	ENSG00000067992
14556.0	0.0003	PPP1R8	ENSG00000117751
14556.0	0.0003	SPACA4	ENSG00000177202
14556.0	0.0003	EIF4G1	ENSG00000114867
14556.0	0.0003	TMEM184B	ENSG00000198792
14556.0	0.0003	SRGAP1	ENSG00000196935
14556.0	0.0003	RNASEH1	ENSG00000171865
14556.0	0.0003	POLR2F	ENSG00000100142
14556.0	0.0003	TBCA	ENSG00000171530
14556.0	0.0003	CPSF2	ENSG00000165934
14556.0	0.0003	ARMC8	ENSG00000114098
14556.0	0.0003	HOMEZ	ENSG00000215271
14556.0	0.0003	PWP2	ENSG00000241945
14556.0	0.0003	EIF4E2	ENSG00000135930
14556.0	0.0003	HAGHL	ENSG00000103253
14556.0	0.0003	AOC2	ENSG00000131480
14556.0	0.0003	VPS26A	ENSG00000122958
14556.0	0.0003	AQP10	ENSG00000143595
14556.0	0.0003	TLX1	ENSG00000107807
14556.0	0.0003	RBM42	ENSG00000126254
14556.0	0.0003	TSR3	ENSG00000007520
14556.0	0.0003	TBCB	ENSG00000105254
14556.0	0.0003	SOX17	ENSG00000164736
14556.0	0.0003	PTBP2	ENSG00000117569
14556.0	0.0003	SRL	ENSG00000185739
14556.0	0.0003	AOC3	ENSG00000131471
14556.0	0.0003	TLR7	ENSG00000196664
14556.0	0.0003	PMVK	ENSG00000163344
14556.0	0.0003	CER1	ENSG00000147869
14556.0	0.0003	IDI1	ENSG00000067064
14556.0	0.0003	GPI	ENSG00000105220
14556.0	0.0003	ALOX5AP	ENSG00000132965
14556.0	0.0003	TNFRSF8	ENSG00000120949
14556.0	0.0003	SGSM3	ENSG00000100359
14556.0	0.0003	LTB	ENSG00000227507
14556.0	0.0003	PVALB	ENSG00000100362
14556.0	0.0003	TLR8	ENSG00000101916
14556.0	0.0003	NME4	ENSG00000103202
14556.0	0.0003	CAPN2	ENSG00000162909
14556.0	0.0003	DNPH1	ENSG00000112667
14556.0	0.0003	TBCC	ENSG00000124659
14556.0	0.0003	LIN7C	ENSG00000148943
14556.0	0.0003	STX5	ENSG00000162236
14556.0	0.0003	POU2AF1	ENSG00000110777
14556.0	0.0003	SNTG1	ENSG00000147481
14556.0	0.0003	EIF2B3	ENSG00000070785
14556.0	0.0003	SMTNL1	ENSG00000214872
14556.0	0.0003	ESRRA	ENSG00000173153
14556.0	0.0003	CUL2	ENSG00000108094
14556.0	0.0003	C1D	ENSG00000197223
14556.0	0.0003	RBPJL	ENSG00000124232
14556.0	0.0003	MYD88	ENSG00000172936
14556.0	0.0003	SLC10A1	ENSG00000100652
14556.0	0.0003	PRAME	ENSG00000185686
14556.0	0.0003	CNTNAP3	ENSG00000106714
14556.0	0.0003	SLC4A1AP	ENSG00000163798
14556.0	0.0003	PIH1D2	ENSG00000150773
14556.0	0.0003	MRPL39	ENSG00000154719
14556.0	0.0003	CNTNAP4	ENSG00000152910
14556.0	0.0003	LIN7B	ENSG00000104863
14556.0	0.0003	CHST12	ENSG00000136213
14556.0	0.0003	CNTNAP5	ENSG00000155052
14556.0	0.0003	SEPTIN8	ENSG00000164402
14556.0	0.0003	KIAA0391	ENSG00000258790
14556.0	0.0003	PSMA6	ENSG00000100902
14556.0	0.0003	SPRY3	ENSG00000168939
14556.0	0.0003	ADIPOR1	ENSG00000159346
14556.0	0.0003	NCF4	ENSG00000100365
14556.0	0.0003	TENM1	ENSG00000009694
14556.0	0.0003	PSMA1	ENSG00000129084
14556.0	0.0003	PSMA3	ENSG00000100567
14556.0	0.0003	SNTG2	ENSG00000172554
14556.0	0.0003	CGRRF1	ENSG00000100532
14556.0	0.0003	VPS45	ENSG00000136631
14556.0	0.0003	DARS1	ENSG00000115866
14556.0	0.0003	ZNF687	ENSG00000143373
14556.0	0.0003	MDK	ENSG00000110492
14556.0	0.0003	FXYD2	ENSG00000137731
14556.0	0.0003	SPIRE2	ENSG00000204991
14556.0	0.0003	RANBP2	ENSG00000153201
14556.0	0.0003	TGS1	ENSG00000137574
14556.0	0.0003	PLEKHM3	ENSG00000178385
14556.0	0.0003	CHD9	ENSG00000177200
14556.0	0.0003	UNC93B1	ENSG00000110057
14556.0	0.0003	ATP1B3	ENSG00000069849
14556.0	0.0003	CHST13	ENSG00000180767
14556.0	0.0003	CAPN1	ENSG00000014216
14556.0	0.0003	IRAK4	ENSG00000198001
14556.0	0.0003	CD40	ENSG00000101017
14556.0	0.0003	PSMA2	ENSG00000106588
14556.0	0.0003	OBP2A	ENSG00000122136
14556.0	0.0003	UQCRFS1	ENSG00000169021
14556.0	0.0003	FNBP4	ENSG00000109920
14556.0	0.0003	ACSL1	ENSG00000151726
14556.0	0.0003	CCNH	ENSG00000134480
14556.0	0.0003	ACSL5	ENSG00000197142
14556.0	0.0003	TNFRSF14	ENSG00000157873
14556.0	0.0003	RAB8A	ENSG00000167461
14556.0	0.0003	SIGLEC11	ENSG00000161640
14556.0	0.0003	CSAD	ENSG00000139631
14556.0	0.0003	FBXW12	ENSG00000164049
14556.0	0.0003	HEPHL1	ENSG00000181333
14556.0	0.0003	ISG15	ENSG00000187608
14556.0	0.0003	BCAT2	ENSG00000105552
14556.0	0.0003	RTCA	ENSG00000137996
14556.0	0.0003	GRK6	ENSG00000198055
14556.0	0.0003	MT-CYB	ENSG00000198727
14556.0	0.0003	HTR2A	ENSG00000102468
14556.0	0.0003	OR4M1	ENSG00000176299
14556.0	0.0003	OR4M2	ENSG00000182974
14556.0	0.0003	MCAT	ENSG00000100294
14556.0	0.0003	MYH6	ENSG00000197616
14556.0	0.0003	GOSR1	ENSG00000108587
14556.0	0.0003	CAMLG	ENSG00000164615
14556.0	0.0003	GABRG3	ENSG00000182256
14556.0	0.0003	ATP5MF-PTCD1	ENSG00000248919
14556.0	0.0003	SLC2A9	ENSG00000109667
14556.0	0.0003	MCM3	ENSG00000112118
14556.0	0.0003	GAPDH	ENSG00000111640
14556.0	0.0003	ACSBG2	ENSG00000130377
14556.0	0.0003	REL	ENSG00000162924
14556.0	0.0003	NSMCE3	ENSG00000185115
14556.0	0.0003	LCT	ENSG00000115850
14556.0	0.0003	ACSL6	ENSG00000164398
14556.0	0.0003	WDR77	ENSG00000116455
14556.0	0.0003	NSMCE1	ENSG00000169189
14556.0	0.0003	SLC29A2	ENSG00000174669
14556.0	0.0003	EEF1E1	ENSG00000124802
14556.0	0.0003	DIABLO	ENSG00000184047
14556.0	0.0003	GNG8	ENSG00000167414
14556.0	0.0003	CBLN1	ENSG00000102924
14556.0	0.0003	FOLR1	ENSG00000110195
14556.0	0.0003	GINS4	ENSG00000147536
14556.0	0.0003	MGST1	ENSG00000008394
14556.0	0.0003	LELP1	ENSG00000203784
14556.0	0.0003	ADCY1	ENSG00000164742
14556.0	0.0003	WIPI1	ENSG00000070540
14556.0	0.0003	SAP130	ENSG00000136715
14556.0	0.0003	HMGA1	ENSG00000137309
14556.0	0.0003	LALBA	ENSG00000167531
14556.0	0.0003	RFK	ENSG00000135002
14556.0	0.0003	MPP4	ENSG00000082126
14556.0	0.0003	NAAA	ENSG00000138744
14556.0	0.0003	RICTOR	ENSG00000164327
14556.0	0.0003	CDK3	ENSG00000250506
14556.0	0.0003	DSC2	ENSG00000134755
14556.0	0.0003	DLC1	ENSG00000164741
14556.0	0.0003	STARD8	ENSG00000130052
14556.0	0.0003	PLN	ENSG00000198523
14556.0	0.0003	USP6NL	ENSG00000148429
14556.0	0.0003	IPO13	ENSG00000117408
14556.0	0.0003	HOXB5	ENSG00000120075
14556.0	0.0003	GTF2F2	ENSG00000188342
14556.0	0.0003	BECN1	ENSG00000126581
14556.0	0.0003	LTA4H	ENSG00000111144
14556.0	0.0003	ZNF705A	ENSG00000196946
14556.0	0.0003	ZNF705B	ENSG00000215356
14556.0	0.0003	ZNF705D	ENSG00000215343
14556.0	0.0003	ZNF705G	ENSG00000215372
14556.0	0.0003	PDZD7	ENSG00000186862
14556.0	0.0003	PFN3	ENSG00000196570
14556.0	0.0003	EPB41L3	ENSG00000082397
14556.0	0.0003	EPB41L2	ENSG00000079819
14556.0	0.0003	PTPRB	ENSG00000127329
14556.0	0.0003	CASQ2	ENSG00000118729
14556.0	0.0003	GCLC	ENSG00000001084
14556.0	0.0003	SEC63	ENSG00000025796
14556.0	0.0003	SPRYD3	ENSG00000167778
14556.0	0.0003	PNPLA3	ENSG00000100344
14556.0	0.0003	GINS2	ENSG00000131153
14556.0	0.0003	ONECUT2	ENSG00000119547
14556.0	0.0003	ANAPC11	ENSG00000141552
14556.0	0.0003	CSTF3	ENSG00000176102
14556.0	0.0003	SBSN	ENSG00000189001
14556.0	0.0003	FAXDC2	ENSG00000170271
14556.0	0.0003	PPAT	ENSG00000128059
14556.0	0.0003	UQCRB	ENSG00000156467
14556.0	0.0003	CDH13	ENSG00000140945
14556.0	0.0003	SLC38A5	ENSG00000017483
14556.0	0.0003	CUL4A	ENSG00000139842
14556.0	0.0003	MND1	ENSG00000121211
14556.0	0.0003	PLCB2	ENSG00000137841
14556.0	0.0003	PLCB3	ENSG00000149782
14556.0	0.0003	GCLM	ENSG00000023909
14556.0	0.0003	PMEL	ENSG00000185664
14556.0	0.0003	DPP4	ENSG00000197635
14556.0	0.0003	RBM39	ENSG00000131051
14556.0	0.0003	GINS3	ENSG00000181938
14556.0	0.0003	IFNG	ENSG00000111537
14556.0	0.0003	IL12B	ENSG00000113302
14556.0	0.0003	VPS13C	ENSG00000129003
14556.0	0.0003	POLE2	ENSG00000100479
14556.0	0.0003	LOXL1	ENSG00000129038
14556.0	0.0003	NR1I2	ENSG00000144852
14556.0	0.0003	ROCK1	ENSG00000067900
14556.0	0.0003	UQCRQ	ENSG00000164405
14556.0	0.0003	CH25H	ENSG00000138135
14556.0	0.0003	PLCD3	ENSG00000161714
14556.0	0.0003	PLCD4	ENSG00000115556
14556.0	0.0003	TSC22D3	ENSG00000157514
14556.0	0.0003	PLCZ1	ENSG00000139151
14556.0	0.0003	ITPR2	ENSG00000123104
14556.0	0.0003	ACSS2	ENSG00000131069
14556.0	0.0003	ZNF804A	ENSG00000170396
14556.0	0.0003	DSC3	ENSG00000134762
14556.0	0.0003	CREM	ENSG00000095794
14556.0	0.0003	RNF34	ENSG00000170633
14556.0	0.0003	RALBP1	ENSG00000017797
14556.0	0.0003	ITGB3	ENSG00000259207
14556.0	0.0003	BRIX1	ENSG00000113460
14556.0	0.0003	SKIC8	ENSG00000140395
14556.0	0.0003	RAB11A	ENSG00000103769
14556.0	0.0003	NAXE	ENSG00000163382
14556.0	0.0003	IRX4	ENSG00000113430
14556.0	0.0003	NXF1	ENSG00000162231
14556.0	0.0003	TMEM18	ENSG00000151353
14556.0	0.0003	UBQLN1	ENSG00000135018
14556.0	0.0003	SCG3	ENSG00000104112
14556.0	0.0003	CCNT2	ENSG00000082258
14556.0	0.0003	WDR82	ENSG00000164091
14556.0	0.0003	G3BP1	ENSG00000145907
14556.0	0.0003	CDH15	ENSG00000129910
14556.0	0.0003	SIGLEC15	ENSG00000197046
14556.0	0.0003	TENM3	ENSG00000218336
14556.0	0.0003	UPP1	ENSG00000183696
14556.0	0.0003	OTOA	ENSG00000155719
14556.0	0.0003	ANGPT2	ENSG00000091879
14556.0	0.0003	PRKAG2	ENSG00000106617
14556.0	0.0003	AQP7	ENSG00000165269
14556.0	0.0003	B3GNTL1	ENSG00000175711
14556.0	0.0003	RFX6	ENSG00000185002
14556.0	0.0003	GLUD1	ENSG00000148672
14556.0	0.0003	ACTL6A	ENSG00000136518
14556.0	0.0003	MNAT1	ENSG00000020426
14556.0	0.0003	CCDC43	ENSG00000180329
14556.0	0.0003	CARD8	ENSG00000105483
14556.0	0.0003	AHNAK	ENSG00000124942
14556.0	0.0003	CXCL1	ENSG00000163739
14556.0	0.0003	ACOT12	ENSG00000172497
14556.0	0.0003	ATG16L1	ENSG00000085978
14556.0	0.0003	PJVK	ENSG00000204311
14556.0	0.0003	IQGAP1	ENSG00000140575
14556.0	0.0003	USP15	ENSG00000135655
14556.0	0.0003	SPAG9	ENSG00000008294
14556.0	0.0003	RPAP3	ENSG00000005175
14556.0	0.0003	ALDOC	ENSG00000109107
14556.0	0.0003	RASD2	ENSG00000100302
14556.0	0.0003	CHEK1	ENSG00000149554
14556.0	0.0003	CNOT8	ENSG00000155508
14556.0	0.0003	CCNE2	ENSG00000175305
14556.0	0.0003	CD80	ENSG00000121594
14556.0	0.0003	GLUD2	ENSG00000182890
14556.0	0.0003	PRKAG3	ENSG00000115592
14556.0	0.0003	CLTA	ENSG00000122705
14556.0	0.0003	INPP5J	ENSG00000185133
14556.0	0.0003	KDELR1	ENSG00000105438
14556.0	0.0003	CNGA1	ENSG00000198515
14556.0	0.0003	SUGT1	ENSG00000165416
14556.0	0.0003	SSU72	ENSG00000160075
14556.0	0.0003	ANPEP	ENSG00000166825
14556.0	0.0003	MALSU1	ENSG00000156928
14556.0	0.0003	MAPK8IP1	ENSG00000121653
14556.0	0.0003	MAPK10	ENSG00000109339
14556.0	0.0003	CDH9	ENSG00000113100
14556.0	0.0003	GOLGA5	ENSG00000066455
14556.0	0.0003	CDH18	ENSG00000145526
14556.0	0.0003	UBA1	ENSG00000130985
14556.0	0.0003	CLTB	ENSG00000175416
14556.0	0.0003	SRPK1	ENSG00000096063
14556.0	0.0003	CNTN6	ENSG00000134115
14556.0	0.0003	TRPC4	ENSG00000133107
14556.0	0.0003	CDH7	ENSG00000081138
14556.0	0.0003	PDZD11	ENSG00000120509
14556.0	0.0003	CDH12	ENSG00000154162
14556.0	0.0003	CASQ1	ENSG00000143318
14556.0	0.0003	CDH10	ENSG00000040731
14556.0	0.0003	PNPLA5	ENSG00000100341
14556.0	0.0003	CDH8	ENSG00000150394
14556.0	0.0003	ECI1	ENSG00000167969
14556.0	0.0003	TCEAL1	ENSG00000172465
14556.0	0.0003	CAPNS1	ENSG00000126247
14556.0	0.0003	CPSF1	ENSG00000071894
14556.0	0.0003	CDH24	ENSG00000139880
14556.0	0.0003	TRIM11	ENSG00000154370
14556.0	0.0003	DENR	ENSG00000139726
14556.0	0.0003	HSPA6	ENSG00000173110
14556.0	0.0003	CLRN1	ENSG00000163646
14556.0	0.0003	IL1A	ENSG00000115008
14556.0	0.0003	TCEAL7	ENSG00000182916
14556.0	0.0003	RBM17	ENSG00000134453
14556.0	0.0003	CCDC116	ENSG00000161180
14556.0	0.0003	TNFSF15	ENSG00000181634
14556.0	0.0003	KDELR3	ENSG00000100196
14556.0	0.0003	CD40LG	ENSG00000102245
14556.0	0.0003	SH3TC2	ENSG00000169247
14556.0	0.0003	MIP	ENSG00000135517
14556.0	0.0003	AQP3	ENSG00000165272
14556.0	0.0003	IDI2	ENSG00000148377
14556.0	0.0003	DMC1	ENSG00000100206
14556.0	0.0003	ITGAV	ENSG00000138448
14556.0	0.0003	PRKAG1	ENSG00000181929
14556.0	0.0003	HTATSF1	ENSG00000102241
14556.0	0.0003	AQP6	ENSG00000086159
14556.0	0.0003	PMCH	ENSG00000183395
14556.0	0.0003	PMCHL1	ENSG00000168967
14556.0	0.0003	PMCHL2	ENSG00000169040
14556.0	0.0003	CBLN3	ENSG00000139899
14556.0	0.0003	APOD	ENSG00000189058
14556.0	0.0003	DSTN	ENSG00000125868
14556.0	0.0003	AQP8	ENSG00000103375
14556.0	0.0003	CPE	ENSG00000109472
14556.0	0.0003	MRPL23	ENSG00000214026
14556.0	0.0003	TNPO3	ENSG00000064419
14556.0	0.0003	ALOX15	ENSG00000161905
14556.0	0.0003	KCNA3	ENSG00000177272
14556.0	0.0003	SLC7A11	ENSG00000151012
14556.0	0.0003	SPP2	ENSG00000072080
14556.0	0.0003	ORAI3	ENSG00000175938
14556.0	0.0003	OR1F1	ENSG00000168124
14556.0	0.0003	IPO11	ENSG00000086200
14556.0	0.0003	UBXN7	ENSG00000163960
14556.0	0.0003	CCNC	ENSG00000112237
14556.0	0.0003	MRTO4	ENSG00000053372
14556.0	0.0003	MRPS21	ENSG00000187145
14556.0	0.0003	RAB7A	ENSG00000075785
14556.0	0.0003	MGST3	ENSG00000143198
14556.0	0.0003	PSMA7	ENSG00000101182
14556.0	0.0003	IKBKB	ENSG00000104365
14556.0	0.0003	PRR5	ENSG00000186654
14556.0	0.0003	XRN1	ENSG00000114127
14556.0	0.0003	MAT1A	ENSG00000151224
14556.0	0.0003	FKBP5	ENSG00000096060
14556.0	0.0003	PSMA8	ENSG00000154611
14556.0	0.0003	ARHGEF17	ENSG00000110237
14556.0	0.0003	FHL5	ENSG00000112214
14556.0	0.0003	DCP2	ENSG00000172795
14556.0	0.0003	GAST	ENSG00000184502
14556.0	0.0003	CNTN4	ENSG00000144619
14556.0	0.0003	SEC61A2	ENSG00000065665
14556.0	0.0003	TKTL2	ENSG00000151005
14556.0	0.0003	POLR2E	ENSG00000099817
14556.0	0.0003	CDC27	ENSG00000004897
14556.0	0.0003	HOXD3	ENSG00000128652
14556.0	0.0003	PEX11G	ENSG00000104883
14556.0	0.0003	MAPRE3	ENSG00000084764
14556.0	0.0003	NHERF4	ENSG00000172367
14556.0	0.0003	PELI2	ENSG00000139946
14556.0	0.0003	PIK3C3	ENSG00000078142
14556.0	0.0003	DUS2	ENSG00000167264
14556.0	0.0003	WDHD1	ENSG00000198554
14556.0	0.0003	MUC1	ENSG00000185499
14556.0	0.0003	SLC23A2	ENSG00000089057
14556.0	0.0003	SLC23A1	ENSG00000170482
14556.0	0.0003	BGLAP	ENSG00000242252
14556.0	0.0003	UPP2	ENSG00000007001
14556.0	0.0003	GGT5	ENSG00000099998
14556.0	0.0003	NCKAP1	ENSG00000061676
14556.0	0.0003	NT5C2	ENSG00000076685
14556.0	0.0003	CD14	ENSG00000170458
14556.0	0.0003	F11R	ENSG00000158769
14556.0	0.0003	NT5C1A	ENSG00000116981
14556.0	0.0003	PI4K2B	ENSG00000038210
14556.0	0.0003	RHD	ENSG00000187010
14556.0	0.0003	MAPRE1	ENSG00000101367
14556.0	0.0003	PIGR	ENSG00000162896
14556.0	0.0003	SURF4	ENSG00000148248
14556.0	0.0003	H4C8	ENSG00000158406
14556.0	0.0003	RASD1	ENSG00000108551
14556.0	0.0003	STC2	ENSG00000113739
14556.0	0.0003	PELI3	ENSG00000174516
14556.0	0.0003	MSN	ENSG00000147065
14556.0	0.0003	H3-4	ENSG00000168148
14556.0	0.0003	GGT7	ENSG00000131067
14556.0	0.0003	DERA	ENSG00000023697
14556.0	0.0003	FLT1	ENSG00000102755
14556.0	0.0003	TRPC6	ENSG00000137672
14556.0	0.0003	PABPC1	ENSG00000070756
14556.0	0.0003	DCP1B	ENSG00000151065
14556.0	0.0003	AKR1B10	ENSG00000198074
14556.0	0.0003	LCE3C	ENSG00000244057
14556.0	0.0003	NPLOC4	ENSG00000182446
14556.0	0.0003	COX18	ENSG00000163626
14556.0	0.0003	ABI1	ENSG00000136754
14556.0	0.0003	SMARCD2	ENSG00000108604
14556.0	0.0003	AKR1B1	ENSG00000085662
14556.0	0.0003	MKNK1	ENSG00000079277
14556.0	0.0003	ASAP2	ENSG00000151693
14556.0	0.0003	ARAP2	ENSG00000047365
14556.0	0.0003	MKNK2	ENSG00000099875
14556.0	0.0003	SRPRB	ENSG00000144867
14556.0	0.0003	CYP46A1	ENSG00000036530
14556.0	0.0003	NCL	ENSG00000115053
14556.0	0.0003	IST1	ENSG00000182149
14556.0	0.0003	RABGGTB	ENSG00000137955
14556.0	0.0003	NXF2B	ENSG00000185945
14556.0	0.0003	TRMT10B	ENSG00000165275
14556.0	0.0003	NFATC1	ENSG00000131196
14556.0	0.0003	OSTC	ENSG00000198856
14556.0	0.0003	NXF2	ENSG00000185554
14556.0	0.0003	NIFK	ENSG00000155438
14556.0	0.0003	PRR5L	ENSG00000135362
14556.0	0.0003	CERS5	ENSG00000139624
14556.0	0.0003	PFN2	ENSG00000070087
14556.0	0.0003	PATL1	ENSG00000166889
14556.0	0.0003	FBXW10B	ENSG00000241322
14556.0	0.0003	ULK1	ENSG00000177169
14556.0	0.0003	CERS6	ENSG00000172292
14556.0	0.0003	CDK18	ENSG00000117266
14556.0	0.0003	PTGR1	ENSG00000106853
14556.0	0.0003	LSM1	ENSG00000175324
14556.0	0.0003	SEC14L5	ENSG00000103184
14556.0	0.0003	CHCHD3	ENSG00000106554
14556.0	0.0003	CALCR	ENSG00000004948
14556.0	0.0003	SYS1	ENSG00000204070
14556.0	0.0003	ACE2	ENSG00000130234
14556.0	0.0003	CSTF2	ENSG00000101811
14556.0	0.0003	NYX	ENSG00000188937
14556.0	0.0003	PCSK9	ENSG00000169174
14556.0	0.0003	GAK	ENSG00000178950
14556.0	0.0003	CERS4	ENSG00000090661
14556.0	0.0003	NUFIP2	ENSG00000108256
14556.0	0.0003	SUPT5H	ENSG00000196235
14556.0	0.0003	NKX2-4	ENSG00000125816
14556.0	0.0003	TPTE2	ENSG00000132958
14556.0	0.0003	YPEL5	ENSG00000119801
14556.0	0.0003	STRN3	ENSG00000196792
14556.0	0.0003	EPHA2	ENSG00000142627
14556.0	0.0003	STRN	ENSG00000115808
14556.0	0.0003	MLANA	ENSG00000120215
14556.0	0.0003	GNPDA2	ENSG00000163281
14556.0	0.0003	RRS1	ENSG00000179041
14556.0	0.0003	B3GNT2	ENSG00000170340
14556.0	0.0003	TNS1	ENSG00000079308
14556.0	0.0003	SURF2	ENSG00000148291
14556.0	0.0003	CD2BP2	ENSG00000169217
14556.0	0.0003	MOB4	ENSG00000115540
14556.0	0.0003	HPGDS	ENSG00000163106
14556.0	0.0003	IMPA2	ENSG00000141401
14556.0	0.0003	EPHB2	ENSG00000133216
14556.0	0.0003	URI1	ENSG00000105176
14556.0	0.0003	DHX33	ENSG00000005100
14556.0	0.0003	ITGA4	ENSG00000115232
14556.0	0.0003	M6PR	ENSG00000003056
14556.0	0.0003	CHTF18	ENSG00000127586
14556.0	0.0003	PFN4	ENSG00000176732
14556.0	0.0003	GYS1	ENSG00000104812
14556.0	0.0003	ARHGEF11	ENSG00000132694
14556.0	0.0003	KLC2	ENSG00000174996
14556.0	0.0003	ITGB5	ENSG00000082781
14556.0	0.0003	GSS	ENSG00000100983
14556.0	0.0003	H2BC14	ENSG00000196374
14556.0	0.0003	BARX1	ENSG00000131668
14556.0	0.0003	PTPN4	ENSG00000088179
14556.0	0.0003	LCN1	ENSG00000160349
14556.0	0.0003	DROSHA	ENSG00000113360
14556.0	0.0003	STX7	ENSG00000079950
14556.0	0.0003	STK24	ENSG00000102572
14556.0	0.0003	MAP3K11	ENSG00000173327
14556.0	0.0003	TEX15	ENSG00000133863
14556.0	0.0003	ADSS2	ENSG00000035687
14556.0	0.0003	SDR42E1	ENSG00000184860
14556.0	0.0003	EDC4	ENSG00000038358
14556.0	0.0003	IDH3A	ENSG00000166411
14556.0	0.0003	UTP23	ENSG00000147679
14556.0	0.0003	MST4	ENSG00000134602
14556.0	0.0003	SPECC1	ENSG00000128487
14556.0	0.0003	SCAF1	ENSG00000126461
14556.0	0.0003	GRP	ENSG00000134443
14556.0	0.0003	ARG2	ENSG00000081181
14556.0	0.0003	PRCC	ENSG00000143294
14556.0	0.0003	TRAF3IP3	ENSG00000009790
14556.0	0.0003	KRTCAP2	ENSG00000163463
14556.0	0.0003	SRSF6	ENSG00000124193
14556.0	0.0003	SIKE1	ENSG00000052723
14556.0	0.0003	MAL	ENSG00000172005
14556.0	0.0003	HSD3B2	ENSG00000203859
14556.0	0.0003	EIF5	ENSG00000100664
14556.0	0.0003	ST3GAL1	ENSG00000008513
14556.0	0.0003	ZFYVE19	ENSG00000166140
14556.0	0.0003	EEF1B2	ENSG00000114942
14556.0	0.0003	MARK3	ENSG00000075413
14556.0	0.0003	RHEB	ENSG00000106615
14556.0	0.0003	MARCHF3	ENSG00000173926
14556.0	0.0003	ADSS1	ENSG00000185100
14556.0	0.0003	PDE6B	ENSG00000133256
14556.0	0.0003	PPP2CB	ENSG00000104695
14556.0	0.0003	ADGRA3	ENSG00000152990
14556.0	0.0003	KCTD15	ENSG00000153885
14556.0	0.0003	ACOX3	ENSG00000087008
14556.0	0.0003	FAM90A1	ENSG00000171847
14556.0	0.0003	PHAF1	ENSG00000125149
14556.0	0.0003	ST3GAL2	ENSG00000157350
14556.0	0.0003	SDC3	ENSG00000162512
14556.0	0.0003	CHST7	ENSG00000147119
14556.0	0.0003	LSM7	ENSG00000130332
14556.0	0.0003	CSTF2T	ENSG00000177613
14556.0	0.0003	CHMP2A	ENSG00000130724
14556.0	0.0003	ANP32A	ENSG00000140350
14556.0	0.0003	SEMA4D	ENSG00000187764
14556.0	0.0003	DCLRE1B	ENSG00000118655
14556.0	0.0003	LYAR	ENSG00000145220
14556.0	0.0003	OXCT2	ENSG00000198754
14556.0	0.0003	DENND1C	ENSG00000205744
14556.0	0.0003	HSD3B1	ENSG00000203857
14556.0	0.0003	NIF3L1	ENSG00000196290
14556.0	0.0003	ILDR1	ENSG00000145103
14556.0	0.0003	FOXD3	ENSG00000187140
14556.0	0.0003	NADSYN1	ENSG00000172890
14556.0	0.0003	ZNF76	ENSG00000065029
14556.0	0.0003	CNTN3	ENSG00000113805
14556.0	0.0003	MARCHF2	ENSG00000099785
14556.0	0.0003	LSM12	ENSG00000161654
14556.0	0.0003	PIWIL1	ENSG00000125207
14556.0	0.0003	STK3	ENSG00000104375
14556.0	0.0003	ARHGEF12	ENSG00000196914
14556.0	0.0003	LRRC3	ENSG00000160233
14556.0	0.0003	LSM3	ENSG00000170860
14556.0	0.0003	GEMIN6	ENSG00000152147
14556.0	0.0003	GPC5	ENSG00000179399
14556.0	0.0003	DUSP14	ENSG00000161326
14556.0	0.0003	UBQLN2	ENSG00000188021
14556.0	0.0003	GAR1	ENSG00000109534
14556.0	0.0003	DPPA3	ENSG00000187569
14556.0	0.0003	TIPRL	ENSG00000143155
14556.0	0.0003	ACY3	ENSG00000132744
14556.0	0.0003	AP5M1	ENSG00000053770
14556.0	0.0003	DNTTIP2	ENSG00000067334
14556.0	0.0003	BCL6B	ENSG00000161940
14556.0	0.0003	FAF1	ENSG00000185104
14556.0	0.0003	CYP4A11	ENSG00000187048
14556.0	0.0003	ARL1	ENSG00000120805
14556.0	0.0003	IFT22	ENSG00000128581
14556.0	0.0003	UGT1A1	ENSG00000242366
14556.0	0.0003	NUTM1	ENSG00000184507
14556.0	0.0003	PAPOLB	ENSG00000218823
14556.0	0.0003	NUP93	ENSG00000102900
14556.0	0.0003	GCNT1	ENSG00000187210
14556.0	0.0003	PYGB	ENSG00000100994
14556.0	0.0003	ATG3	ENSG00000144848
14556.0	0.0003	RP11-566F5.1	ENSG00000270294
14556.0	0.0003	XIAP	ENSG00000101966
14556.0	0.0003	CXCL5	ENSG00000163735
14556.0	0.0003	ST3GAL3	ENSG00000126091
14556.0	0.0003	CAPG	ENSG00000042493
14556.0	0.0003	YPEL4	ENSG00000166793
14556.0	0.0003	PAPOLA	ENSG00000090060
14556.0	0.0003	FILIP1	ENSG00000118407
14556.0	0.0003	ST8SIA5	ENSG00000101638
14556.0	0.0003	PLK3	ENSG00000173846
14556.0	0.0003	PDZD2	ENSG00000133401
14556.0	0.0003	COPZ1	ENSG00000111481
14556.0	0.0003	MRPL15	ENSG00000137547
14556.0	0.0003	IP6K2	ENSG00000068745
14556.0	0.0003	SYMPK	ENSG00000125755
14556.0	0.0003	MYL12A	ENSG00000101608
14556.0	0.0003	GUCY2F	ENSG00000101890
14556.0	0.0003	VDAC3	ENSG00000078668
14556.0	0.0003	SLCO2A1	ENSG00000174640
14556.0	0.0003	CARD10	ENSG00000100065
14556.0	0.0003	VIT	ENSG00000205221
14556.0	0.0003	UBE2V2	ENSG00000169139
14556.0	0.0003	MDH1B	ENSG00000138400
14556.0	0.0003	RCOR1	ENSG00000089902
14556.0	0.0003	INF2	ENSG00000203485
14556.0	0.0003	SOAT1	ENSG00000057252
14556.0	0.0003	SETD7	ENSG00000145391
14556.0	0.0003	U2AF1	ENSG00000160201
14556.0	0.0003	MAGEC1	ENSG00000155495
14556.0	0.0003	PAPOLG	ENSG00000115421
14556.0	0.0003	HSD17B6	ENSG00000025423
14556.0	0.0003	COPG1	ENSG00000181789
14556.0	0.0003	MCRS1	ENSG00000187778
14556.0	0.0003	IRF3	ENSG00000126456
14556.0	0.0003	SWSAP1	ENSG00000173928
14556.0	0.0003	GUCA1A	ENSG00000048545
14556.0	0.0003	TCN2	ENSG00000185339
14556.0	0.0003	CEPT1	ENSG00000134255
14556.0	0.0003	KIF26B	ENSG00000162849
14556.0	0.0003	UTY	ENSG00000183878
14556.0	0.0003	SLCO1B1	ENSG00000134538
14556.0	0.0003	BAK1	ENSG00000030110
14556.0	0.0003	B3GNT3	ENSG00000179913
14556.0	0.0003	CYP2B6	ENSG00000197408
14556.0	0.0003	CRACR2A	ENSG00000130038
14556.0	0.0003	PDE6A	ENSG00000132915
14556.0	0.0003	AMH	ENSG00000104899
14556.0	0.0003	GORASP1	ENSG00000114745
14556.0	0.0003	IPP	ENSG00000197429
14556.0	0.0003	SOAT2	ENSG00000167780
14556.0	0.0003	UBQLNL	ENSG00000175518
14556.0	0.0003	PIK3CG	ENSG00000105851
14556.0	0.0003	COPE	ENSG00000105669
14556.0	0.0003	LRRC3C	ENSG00000204913
14556.0	0.0003	LSM6	ENSG00000164167
14556.0	0.0003	SENP3	ENSG00000161956
14556.0	0.0003	COA5	ENSG00000183513
14556.0	0.0003	ST3GAL6	ENSG00000064225
14556.0	0.0003	MAP1LC3A	ENSG00000101460
14556.0	0.0003	GUCA1B	ENSG00000112599
14556.0	0.0003	UGT1A6	ENSG00000167165
14556.0	0.0003	EGR3	ENSG00000179388
14556.0	0.0003	ACOT13	ENSG00000112304
14556.0	0.0003	DSCC1	ENSG00000136982
14556.0	0.0003	TNK2	ENSG00000061938
14556.0	0.0003	DDX19B	ENSG00000157349
14556.0	0.0003	COPZ2	ENSG00000005243
14556.0	0.0003	PDE6G	ENSG00000185527
14556.0	0.0003	NAF1	ENSG00000145414
14556.0	0.0003	YES1	ENSG00000176105
14556.0	0.0003	CD209	ENSG00000090659
14556.0	0.0003	RND1	ENSG00000172602
14556.0	0.0003	TTLL12	ENSG00000100304
14556.0	0.0003	UGT1A9	ENSG00000241119
14556.0	0.0003	KCNJ4	ENSG00000168135
14556.0	0.0003	EPB42	ENSG00000166947
14556.0	0.0003	NNMT	ENSG00000166741
14556.0	0.0003	ELAVL4	ENSG00000162374
14556.0	0.0003	B3GNT4	ENSG00000176383
14556.0	0.0003	KCNJ3	ENSG00000162989
14556.0	0.0003	IGSF5	ENSG00000183067
14556.0	0.0003	DDX60L	ENSG00000181381
14556.0	0.0003	FEV	ENSG00000163497
14556.0	0.0003	FABP6	ENSG00000170231
14556.0	0.0003	LRRN2	ENSG00000170382
14556.0	0.0003	AJM1	ENSG00000232434
14556.0	0.0003	FKBP1A	ENSG00000088832
14556.0	0.0003	NUTF2	ENSG00000102898
14556.0	0.0003	GEN1	ENSG00000178295
14556.0	0.0003	PAPL	ENSG00000183760
14556.0	0.0003	HOXA4	ENSG00000197576
14556.0	0.0003	PDF	ENSG00000258429
14556.0	0.0003	SMPD2	ENSG00000135587
14556.0	0.0003	PPP6C	ENSG00000119414
14556.0	0.0003	SYNE2	ENSG00000054654
14556.0	0.0003	UBXN1	ENSG00000162191
14556.0	0.0003	AMTN	ENSG00000187689
14556.0	0.0003	PHF10	ENSG00000130024
14556.0	0.0003	E2F2	ENSG00000007968
14556.0	0.0003	COX4I2	ENSG00000131055
14556.0	0.0003	CYP21A2	ENSG00000231852
14556.0	0.0003	POLD3	ENSG00000077514
14556.0	0.0003	SMC1B	ENSG00000077935
14556.0	0.0003	LRRTM2	ENSG00000146006
14556.0	0.0003	PARD6A	ENSG00000102981
14556.0	0.0003	DOT1L	ENSG00000104885
14556.0	0.0003	GJC2	ENSG00000198835
14556.0	0.0003	PPP2R3B	ENSG00000167393
14556.0	0.0003	ATP2C2	ENSG00000064270
14556.0	0.0003	PDLIM5	ENSG00000163110
14556.0	0.0003	AURKC	ENSG00000105146
14556.0	0.0003	TPMT	ENSG00000137364
14556.0	0.0003	RHOD	ENSG00000173156
14556.0	0.0003	RPL3	ENSG00000100316
14556.0	0.0003	SLCO1A2	ENSG00000084453
14556.0	0.0003	MAP1LC3C	ENSG00000197769
14556.0	0.0003	SRD5A1	ENSG00000145545
14556.0	0.0003	NR4A2	ENSG00000153234
14556.0	0.0003	ST6GALNAC4	ENSG00000136840
14556.0	0.0003	PELP1	ENSG00000141456
14556.0	0.0003	TTC1	ENSG00000113312
14556.0	0.0003	PABPC5	ENSG00000174740
14556.0	0.0003	SLC27A5	ENSG00000083807
14556.0	0.0003	LZTS3	ENSG00000088899
14556.0	0.0003	UGT1A3	ENSG00000243135
14556.0	0.0003	TEX10	ENSG00000136891
14556.0	0.0003	UGT2B7	ENSG00000171234
14556.0	0.0003	UTP6	ENSG00000108651
14556.0	0.0003	KLK11	ENSG00000167757
14556.0	0.0003	PABPC1L	ENSG00000101104
14556.0	0.0003	CYP3A5	ENSG00000106258
14556.0	0.0003	TGFBRAP1	ENSG00000135966
14556.0	0.0003	LSM5	ENSG00000106355
14556.0	0.0003	PABPC3	ENSG00000151846
14556.0	0.0003	NADK	ENSG00000008130
14556.0	0.0003	RANGAP1	ENSG00000100401
14556.0	0.0003	PABPC4	ENSG00000090621
14556.0	0.0003	PABPC1L2A	ENSG00000186288
14556.0	0.0003	AHCTF1	ENSG00000153207
14556.0	0.0003	RUSC1	ENSG00000160753
14556.0	0.0003	ALOX5	ENSG00000012779
14556.0	0.0003	VTA1	ENSG00000009844
14556.0	0.0003	ZCRB1	ENSG00000139168
14556.0	0.0003	LRRFIP1	ENSG00000124831
14556.0	0.0003	CTF1	ENSG00000150281
14556.0	0.0003	BET1L	ENSG00000177951
14556.0	0.0003	CLHC1	ENSG00000162994
14556.0	0.0003	GNAT1	ENSG00000114349
14556.0	0.0003	AKR1D1	ENSG00000122787
14556.0	0.0003	FAAP24	ENSG00000131944
14556.0	0.0003	CHRAC1	ENSG00000104472
14556.0	0.0003	FAF2	ENSG00000113194
14556.0	0.0003	BDKRB2	ENSG00000168398
14556.0	0.0003	ATP2A1	ENSG00000196296
14556.0	0.0003	RIMKLB	ENSG00000166532
14556.0	0.0003	DMAP1	ENSG00000178028
14556.0	0.0003	DACH1	ENSG00000165659
14556.0	0.0003	SPAM1	ENSG00000106304
14556.0	0.0003	GGA2	ENSG00000103365
14556.0	0.0003	CYP2D6	ENSG00000100197
14556.0	0.0003	HYAL4	ENSG00000106302
14556.0	0.0003	ATF3	ENSG00000162772
14556.0	0.0003	PABPC4L	ENSG00000254535
14556.0	0.0003	CD79A	ENSG00000105369
14556.0	0.0003	NHLRC2	ENSG00000196865
14556.0	0.0003	HK3	ENSG00000160883
14556.0	0.0003	LRR1	ENSG00000165501
14556.0	0.0003	SEL1L	ENSG00000071537
14556.0	0.0003	EIF4G3	ENSG00000075151
14556.0	0.0003	ZNF205	ENSG00000122386
14556.0	0.0003	HKDC1	ENSG00000156510
14556.0	0.0003	RIMKLA	ENSG00000177181
14556.0	0.0003	TUFT1	ENSG00000143367
14556.0	0.0003	SNX6	ENSG00000129515
14556.0	0.0003	SI	ENSG00000090402
14556.0	0.0003	GYPA	ENSG00000170180
14556.0	0.0003	SMUG1	ENSG00000123415
14556.0	0.0003	SEMA4A	ENSG00000196189
14556.0	0.0003	ELAVL3	ENSG00000196361
14556.0	0.0003	ATP23	ENSG00000166896
14556.0	0.0003	SSPN	ENSG00000123096
14556.0	0.0003	PLD6	ENSG00000179598
14556.0	0.0003	TBC1D1	ENSG00000065882
14556.0	0.0003	NLRC5	ENSG00000140853
14556.0	0.0003	RGR	ENSG00000148604
14556.0	0.0003	AP1S3	ENSG00000152056
14556.0	0.0003	NFIL3	ENSG00000165030
14556.0	0.0003	SUMO3	ENSG00000184900
14556.0	0.0003	FGF4	ENSG00000075388
14556.0	0.0003	TUT1	ENSG00000149016
14556.0	0.0003	NLRP13	ENSG00000173572
14556.0	0.0003	NLRP14	ENSG00000158077
14556.0	0.0003	NLRP8	ENSG00000179709
14556.0	0.0003	NLRP9	ENSG00000185792
14556.0	0.0003	OXA1L	ENSG00000155463
14556.0	0.0003	KLF12	ENSG00000118922
14556.0	0.0003	RABIF	ENSG00000183155
14556.0	0.0003	GCHFR	ENSG00000137880
14556.0	0.0003	SLC24A1	ENSG00000074621
14556.0	0.0003	SLC22A12	ENSG00000197891
14556.0	0.0003	IL17RD	ENSG00000144730
14556.0	0.0003	EP400	ENSG00000183495
14556.0	0.0003	EXOC5	ENSG00000070367
14556.0	0.0003	MIOX	ENSG00000100253
14556.0	0.0003	PTBP1	ENSG00000011304
14556.0	0.0003	DPF3	ENSG00000205683
14556.0	0.0003	F2R	ENSG00000181104
14556.0	0.0003	ZBTB17	ENSG00000116809
14556.0	0.0003	DEGS2	ENSG00000168350
14556.0	0.0003	FUT4	ENSG00000196371
14556.0	0.0003	BDH1	ENSG00000161267
14556.0	0.0003	ATAD5	ENSG00000176208
14556.0	0.0003	GBP5	ENSG00000154451
14556.0	0.0003	TAFA2	ENSG00000198673
14556.0	0.0003	BDH2	ENSG00000164039
14556.0	0.0003	GNG7	ENSG00000176533
14556.0	0.0003	CFLAR	ENSG00000003402
14556.0	0.0003	PSMC3	ENSG00000165916
14556.0	0.0003	MAVS	ENSG00000088888
14556.0	0.0003	PTPN12	ENSG00000127947
14556.0	0.0003	AATK	ENSG00000181409
14556.0	0.0003	GNG4	ENSG00000168243
14556.0	0.0003	ABHD8	ENSG00000127220
14556.0	0.0003	SETDB1	ENSG00000143379
14556.0	0.0003	GABPB1	ENSG00000104064
14556.0	0.0003	CYSLTR1	ENSG00000173198
14556.0	0.0003	ZNF683	ENSG00000176083
14556.0	0.0003	NETO2	ENSG00000171208
14556.0	0.0003	PPA1	ENSG00000180817
14556.0	0.0003	UGT2B4	ENSG00000156096
14556.0	0.0003	PRKCG	ENSG00000126583
14556.0	0.0003	ATG5	ENSG00000057663
14556.0	0.0003	FUT2	ENSG00000176920
14556.0	0.0003	UGT1A5	ENSG00000240224
14556.0	0.0003	GNG10	ENSG00000242616
14556.0	0.0003	DIRAS3	ENSG00000162595
14556.0	0.0003	TUBA3E	ENSG00000152086
14556.0	0.0003	FUT1	ENSG00000174951
14556.0	0.0003	GNGT2	ENSG00000167083
14556.0	0.0003	BET1	ENSG00000105829
14556.0	0.0003	MFNG	ENSG00000100060
14556.0	0.0003	ATG12	ENSG00000145782
14556.0	0.0003	TLR6	ENSG00000174130
14556.0	0.0003	NENF	ENSG00000117691
14556.0	0.0003	CD28	ENSG00000178562
14556.0	0.0003	CERK	ENSG00000100422
14556.0	0.0003	PPP2R1B	ENSG00000137713
14556.0	0.0003	WAPL	ENSG00000062650
14556.0	0.0003	DDX19A	ENSG00000168872
14556.0	0.0003	GP1BA	ENSG00000185245
14556.0	0.0003	RNF38	ENSG00000137075
14556.0	0.0003	PRKCQ	ENSG00000065675
14556.0	0.0003	DACH2	ENSG00000126733
14556.0	0.0003	OTOS	ENSG00000178602
14556.0	0.0003	GCNT2	ENSG00000111846
14556.0	0.0003	LRRFIP2	ENSG00000093167
14556.0	0.0003	COLGALT2	ENSG00000198756
14556.0	0.0003	BAZ1A	ENSG00000198604
14556.0	0.0003	UGT1A7	ENSG00000244122
14556.0	0.0003	GADD45A	ENSG00000116717
14556.0	0.0003	VPS37C	ENSG00000167987
14556.0	0.0003	CBX3	ENSG00000122565
14556.0	0.0003	YPEL1	ENSG00000100027
14556.0	0.0003	MAGI1	ENSG00000151276
14556.0	0.0003	RFC1	ENSG00000035928
14556.0	0.0003	TIRAP	ENSG00000150455
14556.0	0.0003	SLCO1B3	ENSG00000111700
14556.0	0.0003	NOC2L	ENSG00000188976
14556.0	0.0003	RNF113B	ENSG00000139797
14556.0	0.0003	MZT1	ENSG00000204899
14556.0	0.0003	CYP3A7	ENSG00000160870
14556.0	0.0003	ZG16	ENSG00000174992
14556.0	0.0003	ALPG	ENSG00000163286
14556.0	0.0003	ATP8B2	ENSG00000143515
14556.0	0.0003	BST1	ENSG00000109743
14556.0	0.0003	HSF4	ENSG00000102878
14556.0	0.0003	KCNJ9	ENSG00000162728
14556.0	0.0003	B4GALT4	ENSG00000121578
14556.0	0.0003	PLTP	ENSG00000100979
14556.0	0.0003	ST6GALNAC1	ENSG00000070526
14556.0	0.0003	HPCAL1	ENSG00000115756
14556.0	0.0003	SUV39H2	ENSG00000152455
14556.0	0.0003	UGT1A10	ENSG00000242515
14556.0	0.0003	DPF1	ENSG00000011332
14556.0	0.0003	ACSM4	ENSG00000215009
14556.0	0.0003	SAP30	ENSG00000164105
14556.0	0.0003	KLC4	ENSG00000137171
14556.0	0.0003	CPEB3	ENSG00000107864
14556.0	0.0003	SEPTIN2	ENSG00000168385
14556.0	0.0003	IL37	ENSG00000125571
14556.0	0.0003	CNNM1	ENSG00000119946
14556.0	0.0003	PPRC1	ENSG00000148840
14556.0	0.0003	ACSM2B	ENSG00000066813
14556.0	0.0003	ACER2	ENSG00000177076
14556.0	0.0003	C1orf50	ENSG00000164008
14556.0	0.0003	GP5	ENSG00000178732
14556.0	0.0003	ACSM3	ENSG00000005187
14556.0	0.0003	ASPG	ENSG00000166183
14556.0	0.0003	INSIG2	ENSG00000125629
14556.0	0.0003	MZT2B	ENSG00000152082
14556.0	0.0003	RPL3L	ENSG00000140986
14556.0	0.0003	UGT1A4	ENSG00000244474
14556.0	0.0003	SLF1	ENSG00000133302
14556.0	0.0003	GRWD1	ENSG00000105447
14556.0	0.0003	ATP8A1	ENSG00000124406
14556.0	0.0003	TUBA3C	ENSG00000198033
14556.0	0.0003	PRDM14	ENSG00000147596
14556.0	0.0003	TEP1	ENSG00000129566
14556.0	0.0003	EHD3	ENSG00000013016
14556.0	0.0003	FUT3	ENSG00000171124
14556.0	0.0003	TRMT44	ENSG00000155275
14556.0	0.0003	ACSS3	ENSG00000111058
14556.0	0.0003	OXSR1	ENSG00000172939
14556.0	0.0003	ACSM1	ENSG00000166743
14556.0	0.0003	STX8	ENSG00000170310
14556.0	0.0003	TRPV5	ENSG00000127412
14556.0	0.0003	ACSM2A	ENSG00000183747
14556.0	0.0003	C17orf49	ENSG00000258315
14556.0	0.0003	TGIF2	ENSG00000118707
14556.0	0.0003	POLR2H	ENSG00000163882
14556.0	0.0003	TAF9	ENSG00000085231
14556.0	0.0003	KMT5C	ENSG00000133247
14556.0	0.0003	TAF7	ENSG00000178913
14556.0	0.0003	POLR2L	ENSG00000177700
14556.0	0.0003	MYH9	ENSG00000100345
14556.0	0.0003	MEA1	ENSG00000124733
14556.0	0.0003	POLR2K	ENSG00000147669
14556.0	0.0003	DCAF11	ENSG00000100897
14556.0	0.0003	SGCD	ENSG00000170624
14556.0	0.0003	EPHB4	ENSG00000196411
14556.0	0.0003	ISL2	ENSG00000159556
14556.0	0.0003	ACSM5	ENSG00000183549
14556.0	0.0003	SH2B3	ENSG00000111252
14556.0	0.0003	CAVIN4	ENSG00000170681
14556.0	0.0003	CBX1	ENSG00000108468
14556.0	0.0003	PRDX2	ENSG00000167815
14556.0	0.0003	VGLL2	ENSG00000170162
14556.0	0.0003	VPS28	ENSG00000160948
14556.0	0.0003	CSNK1D	ENSG00000141551
14556.0	0.0003	GYG2	ENSG00000056998
14556.0	0.0003	LRGUK	ENSG00000155530
14556.0	0.0003	INO80C	ENSG00000153391
14556.0	0.0003	MZT2A	ENSG00000173272
14556.0	0.0003	DGKZ	ENSG00000149091
14556.0	0.0003	ITGA2	ENSG00000164171
14556.0	0.0003	POLR2B	ENSG00000047315
14556.0	0.0003	UQCRH	ENSG00000173660
14556.0	0.0003	UGT2B15	ENSG00000196620
14556.0	0.0003	TXNIP	ENSG00000117289
14556.0	0.0003	MALL	ENSG00000144063
14556.0	0.0003	DDX39A	ENSG00000123136
14556.0	0.0003	FEZ1	ENSG00000149557
14556.0	0.0003	ST6GALNAC2	ENSG00000070731
14556.0	0.0003	DLGAP1	ENSG00000170579
14556.0	0.0003	IDH3G	ENSG00000067829
14556.0	0.0003	TBATA	ENSG00000166220
14556.0	0.0003	UGT1A8	ENSG00000241635
14556.0	0.0003	DCAF7	ENSG00000136485
14556.0	0.0003	PPTC7	ENSG00000196850
14556.0	0.0003	BEX2	ENSG00000133134
14556.0	0.0003	DHX9	ENSG00000135829
14556.0	0.0003	GP9	ENSG00000169704
14556.0	0.0003	MRPL45	ENSG00000174100
14556.0	0.0003	NMRK2	ENSG00000077009
14556.0	0.0003	PUS7L	ENSG00000129317
14556.0	0.0003	MARCHF5	ENSG00000198060
14556.0	0.0003	INSRR	ENSG00000027644
14556.0	0.0003	SFT2D3	ENSG00000173349
14556.0	0.0003	DCAF4	ENSG00000119599
14556.0	0.0003	ST6GALNAC3	ENSG00000184005
14556.0	0.0003	SH3YL1	ENSG00000035115
14556.0	0.0003	UQCR10	ENSG00000184076
14556.0	0.0003	DCAF13	ENSG00000164934
14556.0	0.0003	ESS2	ENSG00000100056
14556.0	0.0003	PAEP	ENSG00000122133
14556.0	0.0003	LZTS1	ENSG00000061337
14556.0	0.0003	EXD1	ENSG00000178997
14556.0	0.0003	TSHZ2	ENSG00000182463
14556.0	0.0003	PGM2L1	ENSG00000165434
14556.0	0.0003	TPST1	ENSG00000169902
14556.0	0.0003	SNRPA	ENSG00000077312
14556.0	0.0003	ARID4A	ENSG00000032219
14556.0	0.0003	PPP1R14B	ENSG00000173457
14556.0	0.0003	ABTB1	ENSG00000114626
14556.0	0.0003	KRT12	ENSG00000187242
14556.0	0.0003	KLHL22	ENSG00000099910
14556.0	0.0003	PIK3R4	ENSG00000196455
14556.0	0.0003	KDM4C	ENSG00000107077
14556.0	0.0003	UTP14A	ENSG00000156697
14556.0	0.0003	HOXB7	ENSG00000260027
14556.0	0.0003	ST8SIA6	ENSG00000148488
14556.0	0.0003	UTP14C	ENSG00000253797
14556.0	0.0003	DGKQ	ENSG00000145214
14556.0	0.0003	TIMM22	ENSG00000177370
14556.0	0.0003	PTGES	ENSG00000148344
14556.0	0.0003	KLHL42	ENSG00000087448
14556.0	0.0003	UPF1	ENSG00000005007
14556.0	0.0003	TIMELESS	ENSG00000111602
14556.0	0.0003	KLHL13	ENSG00000003096
14556.0	0.0003	DCUN1D2	ENSG00000150401
14556.0	0.0003	KLHL21	ENSG00000162413
14556.0	0.0003	GNB4	ENSG00000114450
14556.0	0.0003	NMRK1	ENSG00000106733
14556.0	0.0003	FBXO9	ENSG00000112146
14556.0	0.0003	KLHL9	ENSG00000198642
14556.0	0.0003	SCNN1D	ENSG00000162572
14556.0	0.0003	ENC1	ENSG00000171617
14556.0	0.0003	EHD2	ENSG00000024422
14556.0	0.0003	HSDL1	ENSG00000103160
14556.0	0.0003	NR0B1	ENSG00000169297
14556.0	0.0003	RBFOX1	ENSG00000078328
14556.0	0.0003	KLHL8	ENSG00000145332
14556.0	0.0003	PDK2	ENSG00000005882
14556.0	0.0003	SIPA1L1	ENSG00000197555
14556.0	0.0003	CPN1	ENSG00000120054
14556.0	0.0003	ADD2	ENSG00000075340
14556.0	0.0003	TNFAIP1	ENSG00000109079
14556.0	0.0003	ARFRP1	ENSG00000101246
14556.0	0.0003	SPOPL	ENSG00000144228
14556.0	0.0003	SNTB1	ENSG00000172164
14556.0	0.0003	NLGN4X	ENSG00000146938
14556.0	0.0003	DCUN1D3	ENSG00000188215
14556.0	0.0003	PRELP	ENSG00000188783
14556.0	0.0003	ERBIN	ENSG00000112851
14556.0	0.0003	KLHL3	ENSG00000146021
14556.0	0.0003	KLHL25	ENSG00000183655
14556.0	0.0003	CYB5R1	ENSG00000159348
14556.0	0.0003	KLHL20	ENSG00000076321
14556.0	0.0003	SCAMP2	ENSG00000140497
14556.0	0.0003	CMIP	ENSG00000153815
14556.0	0.0003	PRKX	ENSG00000183943
14556.0	0.0003	KLHL7	ENSG00000122550
14556.0	0.0003	ALOX15B	ENSG00000179593
14556.0	0.0003	HOOK1	ENSG00000134709
14556.0	0.0003	VSIG2	ENSG00000019102
14556.0	0.0003	APOA1	ENSG00000118137
14556.0	0.0003	OGN	ENSG00000106809
14556.0	0.0003	CHIA	ENSG00000134216
14556.0	0.0003	KANSL2	ENSG00000139620
14556.0	0.0003	GNG11	ENSG00000127920
14556.0	0.0003	SEMA4G	ENSG00000095539
14556.0	0.0003	RALY	ENSG00000125970
14556.0	0.0003	ACADL	ENSG00000115361
14556.0	0.0003	STAG3	ENSG00000066923
14556.0	0.0003	PDP1	ENSG00000164951
14556.0	0.0003	PAF1	ENSG00000006712
14556.0	0.0003	ENO3	ENSG00000108515
14556.0	0.0003	TMED7	ENSG00000134970
14556.0	0.0003	GZMB	ENSG00000100453
14556.0	0.0003	KCNJ14	ENSG00000182324
14556.0	0.0003	DPYSL2	ENSG00000092964
14556.0	0.0003	GAS8	ENSG00000141013
14556.0	0.0003	EHD4	ENSG00000103966
14556.0	0.0003	FMOD	ENSG00000122176
14556.0	0.0003	NCOA5	ENSG00000124160
14556.0	0.0003	KERA	ENSG00000139330
14556.0	0.0003	KHSRP	ENSG00000088247
14556.0	0.0003	TMED9	ENSG00000184840
14556.0	0.0003	APPL2	ENSG00000136044
14556.0	0.0003	TRPC4AP	ENSG00000100991
14556.0	0.0003	OMD	ENSG00000127083
14556.0	0.0003	DCAF10	ENSG00000122741
14556.0	0.0003	RENBP	ENSG00000102032
14556.0	0.0003	DCAF8	ENSG00000132716
14556.0	0.0003	EIF3M	ENSG00000149100
14556.0	0.0003	SRSF1	ENSG00000136450
14556.0	0.0003	CES2	ENSG00000172831
14556.0	0.0003	PNO1	ENSG00000115946
14556.0	0.0003	VPS36	ENSG00000136100
14556.0	0.0003	DCAF16	ENSG00000163257
14556.0	0.0003	CRTC2	ENSG00000160741
14556.0	0.0003	MED22	ENSG00000148297
14556.0	0.0003	RAB11FIP2	ENSG00000107560
14556.0	0.0003	GNA13	ENSG00000120063
14556.0	0.0003	AKAP5	ENSG00000179841
14556.0	0.0003	FIRRM	ENSG00000000460
14556.0	0.0003	SH3BGRL	ENSG00000131171
14556.0	0.0003	BIRC2	ENSG00000110330
14556.0	0.0003	TAF4B	ENSG00000141384
14556.0	0.0003	ZNF195	ENSG00000005801
14556.0	0.0003	SEMA4F	ENSG00000135622
14556.0	0.0003	ATP8B4	ENSG00000104043
14556.0	0.0003	PDK1	ENSG00000152256
14556.0	0.0003	PSMC4	ENSG00000013275
14556.0	0.0003	CDYL2	ENSG00000166446
14556.0	0.0003	SERTAD3	ENSG00000167565
14556.0	0.0003	TAOK3	ENSG00000135090
14556.0	0.0003	SEPTIN6	ENSG00000125354
14556.0	0.0003	SEPTIN1	ENSG00000180096
14556.0	0.0003	HINT2	ENSG00000137133
14556.0	0.0003	BCL10	ENSG00000142867
14556.0	0.0003	LGALS1	ENSG00000100097
14556.0	0.0003	ST6GALNAC6	ENSG00000160408
14556.0	0.0003	DPYSL3	ENSG00000113657
14556.0	0.0003	PSMD2	ENSG00000175166
14556.0	0.0003	ST6GALNAC5	ENSG00000117069
14556.0	0.0003	AKAP7	ENSG00000118507
14556.0	0.0003	H4C13	ENSG00000198558
14556.0	0.0003	CLDN14	ENSG00000159261
14556.0	0.0003	RNF43	ENSG00000108375
14556.0	0.0003	NFKBIB	ENSG00000104825
14556.0	0.0003	PLD2	ENSG00000129219
14556.0	0.0003	LSM14A	ENSG00000257103
14556.0	0.0003	ATG14	ENSG00000126775
14556.0	0.0003	VPS72	ENSG00000163159
14556.0	0.0003	NOL9	ENSG00000162408
14556.0	0.0003	INHBB	ENSG00000163083
14556.0	0.0003	CYB5R2	ENSG00000166394
14556.0	0.0003	NDEL1	ENSG00000166579
14556.0	0.0003	PYGM	ENSG00000068976
14556.0	0.0003	FLACC1	ENSG00000155749
14556.0	0.0003	RPS13	ENSG00000110700
14556.0	0.0003	SEMA4B	ENSG00000185033
14556.0	0.0003	WNT6	ENSG00000115596
14556.0	0.0003	B4GALNT4	ENSG00000182272
14556.0	0.0003	RPTN	ENSG00000215853
14556.0	0.0003	TFDP2	ENSG00000114126
14556.0	0.0003	ULK2	ENSG00000083290
14556.0	0.0003	CD59	ENSG00000085063
14556.0	0.0003	TNFSF10	ENSG00000121858
14556.0	0.0003	SLC10A2	ENSG00000125255
14556.0	0.0003	CYP8B1	ENSG00000180432
14556.0	0.0003	PIR	ENSG00000087842
14556.0	0.0003	MEIG1	ENSG00000197889
14556.0	0.0003	DPYSL4	ENSG00000151640
14556.0	0.0003	CAPRIN1	ENSG00000135387
14556.0	0.0003	UGT2A1	ENSG00000173610
14556.0	0.0003	MORF4L2	ENSG00000123562
14556.0	0.0003	UGT2B11	ENSG00000213759
14556.0	0.0003	SNTA1	ENSG00000101400
14556.0	0.0003	MYO9B	ENSG00000099331
14556.0	0.0003	NRXN1	ENSG00000179915
14556.0	0.0003	DNAJC15	ENSG00000120675
14556.0	0.0003	RHOF	ENSG00000139725
14556.0	0.0003	AKAP8	ENSG00000105127
14556.0	0.0003	ST3GAL4	ENSG00000110080
14556.0	0.0003	TRPV2	ENSG00000187688
14556.0	0.0003	SLC25A28	ENSG00000155287
14556.0	0.0003	CAMK1G	ENSG00000008118
14556.0	0.0003	CYP39A1	ENSG00000146233
14556.0	0.0003	ZBTB22	ENSG00000236104
14556.0	0.0003	TRPA1	ENSG00000104321
14556.0	0.0003	PTPN1	ENSG00000196396
14556.0	0.0003	ATG2B	ENSG00000066739
14556.0	0.0003	VWF	ENSG00000110799
14556.0	0.0003	SNF8	ENSG00000159210
14556.0	0.0003	PSPC1	ENSG00000121390
14556.0	0.0003	INHBC	ENSG00000175189
14556.0	0.0003	AIM2	ENSG00000163568
14556.0	0.0003	INHBE	ENSG00000139269
14556.0	0.0003	DLGAP2	ENSG00000198010
14556.0	0.0003	LCE2A	ENSG00000187173
14556.0	0.0003	ORAI2	ENSG00000160991
14556.0	0.0003	CAMK2D	ENSG00000145349
14556.0	0.0003	UNG	ENSG00000076248
14556.0	0.0003	CLDN2	ENSG00000165376
14556.0	0.0003	DNALI1	ENSG00000163879
14556.0	0.0003	PIGZ	ENSG00000119227
14556.0	0.0003	F12	ENSG00000131187
14556.0	0.0003	BPNT1	ENSG00000162813
14556.0	0.0003	CFDP1	ENSG00000153774
14556.0	0.0003	TXNRD3	ENSG00000197763
14556.0	0.0003	CLDN19	ENSG00000164007
14556.0	0.0003	OSBPL10	ENSG00000144645
14556.0	0.0003	CRB2	ENSG00000148204
14556.0	0.0003	ATG2A	ENSG00000110046
14556.0	0.0003	CCND3	ENSG00000112576
14556.0	0.0003	UXT	ENSG00000126756
14556.0	0.0003	SIX5	ENSG00000177045
14556.0	0.0003	HSPA2	ENSG00000126803
14556.0	0.0003	F11	ENSG00000088926
14556.0	0.0003	TMED4	ENSG00000158604
14556.0	0.0003	RAB3D	ENSG00000105514
14556.0	0.0003	DYNC1I1	ENSG00000158560
14556.0	0.0003	DLGAP3	ENSG00000116544
14556.0	0.0003	RPL36AL	ENSG00000165502
14556.0	0.0003	GPA33	ENSG00000143167
14556.0	0.0003	HEATR5B	ENSG00000008869
14556.0	0.0003	HEATR5A	ENSG00000129493
14556.0	0.0003	ITPKA	ENSG00000137825
14556.0	0.0003	BIRC6	ENSG00000115760
14556.0	0.0003	NUDT14	ENSG00000183828
14556.0	0.0003	MVB12A	ENSG00000141971
14556.0	0.0003	ANKZF1	ENSG00000163516
14556.0	0.0003	RPS5	ENSG00000083845
14556.0	0.0003	CLDN23	ENSG00000253958
14556.0	0.0003	NUAK1	ENSG00000074590
14556.0	0.0003	GFOD1	ENSG00000145990
14556.0	0.0003	GFOD2	ENSG00000141098
14556.0	0.0003	F2	ENSG00000180210
14556.0	0.0003	ITPKC	ENSG00000086544
14556.0	0.0003	SLC25A15	ENSG00000102743
14556.0	0.0003	CARD11	ENSG00000198286
14556.0	0.0003	GJD3	ENSG00000183153
14556.0	0.0003	BID	ENSG00000015475
14556.0	0.0003	CALML5	ENSG00000178372
14556.0	0.0003	ZNHIT1	ENSG00000106400
14556.0	0.0003	CALML3	ENSG00000178363
14556.0	0.0003	CALML6	ENSG00000169885
14556.0	0.0003	FBXO44	ENSG00000132879
14556.0	0.0003	ST6GAL1	ENSG00000073849
14556.0	0.0003	FBXO6	ENSG00000116663
14556.0	0.0003	FBXO31	ENSG00000103264
14556.0	0.0003	FBXO17	ENSG00000269190
14556.0	0.0003	USP47	ENSG00000170242
14556.0	0.0003	TOX4	ENSG00000092203
14556.0	0.0003	MVB12B	ENSG00000196814
14556.0	0.0003	FBXO27	ENSG00000161243
14556.0	0.0003	ZFAND6	ENSG00000086666
14556.0	0.0003	SLC10A3	ENSG00000126903
14556.0	0.0003	DNAH8	ENSG00000124721
14556.0	0.0003	CLDN8	ENSG00000156284
14556.0	0.0003	BDKRB1	ENSG00000100739
14556.0	0.0003	YIF1A	ENSG00000174851
14556.0	0.0003	TCERG1	ENSG00000113649
14556.0	0.0003	CDC14A	ENSG00000079335
14556.0	0.0003	PPM1F	ENSG00000100034
14556.0	0.0003	WDR74	ENSG00000133316
14556.0	0.0003	ST8SIA4	ENSG00000113532
14556.0	0.0003	SLC25A2	ENSG00000120329
14556.0	0.0003	CCT6A	ENSG00000146731
14556.0	0.0003	OAS1	ENSG00000089127
14556.0	0.0003	F9	ENSG00000101981
14556.0	0.0003	SEPTIN10	ENSG00000186522
14556.0	0.0003	PPM1G	ENSG00000115241
14556.0	0.0003	SRSF12	ENSG00000154548
14556.0	0.0003	STX17	ENSG00000136874
14556.0	0.0003	MAP1LC3B2	ENSG00000171471
14556.0	0.0003	NOXO1	ENSG00000196408
14556.0	0.0003	CRY1	ENSG00000008405
14556.0	0.0003	NCOA1	ENSG00000084676
14556.0	0.0003	ST6GAL2	ENSG00000144057
14556.0	0.0003	CLASP1	ENSG00000074054
14556.0	0.0003	CLDN18	ENSG00000066405
14556.0	0.0003	ABCC2	ENSG00000023839
14556.0	0.0003	PIP5K1A	ENSG00000143398
14556.0	0.0003	DNMT3L	ENSG00000142182
14556.0	0.0003	ILKAP	ENSG00000132323
14556.0	0.0003	PDP2	ENSG00000172840
14556.0	0.0003	PP2D1	ENSG00000183977
14556.0	0.0003	PPM1N	ENSG00000213889
14556.0	0.0003	PDK4	ENSG00000004799
14556.0	0.0003	TXNDC8	ENSG00000204193
14556.0	0.0003	CRY2	ENSG00000121671
14556.0	0.0003	GPR137B	ENSG00000077585
14556.0	0.0003	MME	ENSG00000196549
14556.0	0.0003	CABIN1	ENSG00000099991
14556.0	0.0003	CLASP2	ENSG00000163539
14556.0	0.0003	CETN4P	ENSG00000224786
14556.0	0.0003	SEC31B	ENSG00000075826
14556.0	0.0003	H1-0	ENSG00000189060
14556.0	0.0003	DDX42	ENSG00000198231
14556.0	0.0003	VTI1B	ENSG00000100568
14556.0	0.0003	PCLAF	ENSG00000166803
14556.0	0.0003	SLCO4A1	ENSG00000101187
14556.0	0.0003	MON1B	ENSG00000103111
14556.0	0.0003	MYOCD	ENSG00000141052
14556.0	0.0003	NFATC2IP	ENSG00000176953
14556.0	0.0003	KPNA1	ENSG00000114030
14556.0	0.0003	STRADB	ENSG00000082146
14556.0	0.0003	HHIPL1	ENSG00000182218
14556.0	0.0003	ING4	ENSG00000111653
14556.0	0.0003	VBP1	ENSG00000155959
14556.0	0.0003	ZHX3	ENSG00000174306
14556.0	0.0003	SCTR	ENSG00000080293
14556.0	0.0003	SMAD9	ENSG00000120693
14556.0	0.0003	TJP2	ENSG00000119139
14556.0	0.0003	PIK3C2G	ENSG00000139144
14556.0	0.0003	CRTC3	ENSG00000140577
14556.0	0.0003	STAM2	ENSG00000115145
14556.0	0.0003	DGAT1	ENSG00000185000
14556.0	0.0003	IVD	ENSG00000128928
14556.0	0.0003	GZMA	ENSG00000145649
14556.0	0.0003	SGK3	ENSG00000104205
14556.0	0.0003	NLRX1	ENSG00000160703
14556.0	0.0003	MAP10	ENSG00000212916
14556.0	0.0003	BLOC1S6	ENSG00000104164
14556.0	0.0003	FZD1	ENSG00000157240
14556.0	0.0003	PASK	ENSG00000115687
14556.0	0.0003	CLIP1	ENSG00000130779
14556.0	0.0003	ZNF296	ENSG00000170684
14556.0	0.0003	KPNA3	ENSG00000102753
14556.0	0.0003	CHMP1B	ENSG00000255112
14556.0	0.0003	STC1	ENSG00000159167
14556.0	0.0003	RHOG	ENSG00000177105
14556.0	0.0003	KPNA4	ENSG00000186432
14556.0	0.0003	TJP3	ENSG00000105289
14556.0	0.0003	SPACA9	ENSG00000165698
14556.0	0.0003	RIN1	ENSG00000174791
14556.0	0.0003	HMGB2	ENSG00000164104
14556.0	0.0003	SGK2	ENSG00000101049
14556.0	0.0003	CBX8	ENSG00000141570
14556.0	0.0003	CLDN10	ENSG00000134873
14556.0	0.0003	BLOC1S1	ENSG00000135441
14556.0	0.0003	ENKD1	ENSG00000124074
14556.0	0.0003	BLOC1S3	ENSG00000189114
14556.0	0.0003	REEP2	ENSG00000132563
14556.0	0.0003	DMRT3	ENSG00000064218
14556.0	0.0003	GRAMD2B	ENSG00000155324
14556.0	0.0003	AATF	ENSG00000108270
14556.0	0.0003	CIMAP1D	ENSG00000181781
14556.0	0.0003	HID1	ENSG00000167861
14556.0	0.0003	CBX4	ENSG00000141582
14556.0	0.0003	RUBCN	ENSG00000145016
14556.0	0.0003	DCTD	ENSG00000129187
14556.0	0.0003	MON1A	ENSG00000164077
14556.0	0.0003	OC90	ENSG00000253117
14556.0	0.0003	NAMPT	ENSG00000105835
14556.0	0.0003	DCUN1D5	ENSG00000137692
14556.0	0.0003	YIPF2	ENSG00000130733
14556.0	0.0003	UBN1	ENSG00000118900
14556.0	0.0003	UGGT2	ENSG00000102595
14556.0	0.0003	VWA2	ENSG00000165816
14556.0	0.0003	TERF1	ENSG00000147601
14556.0	0.0003	PPP1R3C	ENSG00000119938
14556.0	0.0003	CLDN9	ENSG00000213937
14556.0	0.0003	SIX4	ENSG00000100625
14556.0	0.0003	MSH3	ENSG00000113318
14556.0	0.0003	ITIH4	ENSG00000055955
14556.0	0.0003	IL17A	ENSG00000112115
14556.0	0.0003	ENTPD3	ENSG00000168032
14556.0	0.0003	ASZ1	ENSG00000154438
14556.0	0.0003	SRPX	ENSG00000101955
14556.0	0.0003	ENTPD8	ENSG00000188833
14556.0	0.0003	SLC25A23	ENSG00000125648
14556.0	0.0003	RGL4	ENSG00000159496
14556.0	0.0003	FLRT3	ENSG00000125848
14556.0	0.0003	CNNM3	ENSG00000168763
14556.0	0.0003	UGT2B10	ENSG00000109181
14556.0	0.0003	CLDN6	ENSG00000184697
14556.0	0.0003	UBA7	ENSG00000182179
14556.0	0.0003	HOMER3	ENSG00000051128
14556.0	0.0003	MTCH2	ENSG00000109919
14556.0	0.0003	LAMP1	ENSG00000185896
14556.0	0.0003	NEK8	ENSG00000160602
14556.0	0.0003	SERPINB2	ENSG00000197632
14556.0	0.0003	CENPK	ENSG00000123219
14556.0	0.0003	CD151	ENSG00000177697
14556.0	0.0003	CPEB1	ENSG00000214575
14556.0	0.0003	CBX7	ENSG00000100307
14556.0	0.0003	CLDN20	ENSG00000171217
14556.0	0.0003	CMPK1	ENSG00000162368
14556.0	0.0003	PDIA3	ENSG00000167004
14556.0	0.0003	SUV39H1	ENSG00000101945
14556.0	0.0003	CLCA1	ENSG00000016490
14556.0	0.0003	LHFPL5	ENSG00000197753
14556.0	0.0003	NME3	ENSG00000103024
14556.0	0.0003	PFDN4	ENSG00000101132
14556.0	0.0003	NPAS2	ENSG00000170485
14556.0	0.0003	EFNA1	ENSG00000169242
14556.0	0.0003	PTPN7	ENSG00000143851
14556.0	0.0003	PFKP	ENSG00000067057
14556.0	0.0003	NME6	ENSG00000172113
14556.0	0.0003	NUMBL	ENSG00000105245
14556.0	0.0003	SCML2	ENSG00000102098
14556.0	0.0003	AFTPH	ENSG00000119844
14556.0	0.0003	CLDN22	ENSG00000177300
14556.0	0.0003	SFRP1	ENSG00000104332
14556.0	0.0003	NR1I3	ENSG00000143257
14556.0	0.0003	SMYD2	ENSG00000143499
14556.0	0.0003	EAF1	ENSG00000144597
14556.0	0.0003	HNRNPM	ENSG00000099783
14556.0	0.0003	PRKCI	ENSG00000163558
14556.0	0.0003	FFAR4	ENSG00000186188
14556.0	0.0003	CGGBP1	ENSG00000163320
14556.0	0.0003	THRAP3	ENSG00000054118
14556.0	0.0003	PCGF5	ENSG00000180628
14556.0	0.0003	HIBADH	ENSG00000106049
14556.0	0.0003	DDA1	ENSG00000130311
14556.0	0.0003	SGMS1	ENSG00000198964
14556.0	0.0003	MYBL2	ENSG00000101057
14556.0	0.0003	PAIP1	ENSG00000172239
14556.0	0.0003	GRIK4	ENSG00000149403
14556.0	0.0003	DCTN3	ENSG00000137100
14556.0	0.0003	LEO1	ENSG00000166477
14556.0	0.0003	GABRR1	ENSG00000146276
14556.0	0.0003	TYW1	ENSG00000198874
14556.0	0.0003	TEAD3	ENSG00000007866
14556.0	0.0003	SLC4A11	ENSG00000088836
14556.0	0.0003	SKIL	ENSG00000136603
14556.0	0.0003	DIS3L	ENSG00000166938
14556.0	0.0003	SGCZ	ENSG00000185053
14556.0	0.0003	FBP2	ENSG00000130957
14556.0	0.0003	TMED3	ENSG00000166557
14556.0	0.0003	SNTB2	ENSG00000168807
14556.0	0.0003	PAN2	ENSG00000135473
14556.0	0.0003	CLDN25	ENSG00000228607
14556.0	0.0003	TRPC5	ENSG00000072315
14556.0	0.0003	AP5S1	ENSG00000125843
14556.0	0.0003	LSM8	ENSG00000128534
14556.0	0.0003	BLOC1S4	ENSG00000186222
14556.0	0.0003	DSG2	ENSG00000046604
14556.0	0.0003	KLHL2	ENSG00000109466
14556.0	0.0003	EIF4B	ENSG00000063046
14556.0	0.0003	CLDN15	ENSG00000106404
14556.0	0.0003	OTOP1	ENSG00000163982
14556.0	0.0003	CRB1	ENSG00000134376
14556.0	0.0003	NRXN3	ENSG00000021645
14556.0	0.0003	DNAL1	ENSG00000119661
14556.0	0.0003	PF4	ENSG00000163737
14556.0	0.0003	GXYLT1	ENSG00000151233
14556.0	0.0003	FOXA3	ENSG00000170608
14556.0	0.0003	CSNK1E	ENSG00000213923
14556.0	0.0003	KIFAP3	ENSG00000075945
14556.0	0.0003	TMED5	ENSG00000117500
14556.0	0.0003	ATP11B	ENSG00000058063
14556.0	0.0003	PTP4A1	ENSG00000112245
14556.0	0.0003	ACO1	ENSG00000122729
14556.0	0.0003	GRAP2	ENSG00000100351
14556.0	0.0003	CNTF	ENSG00000242689
14556.0	0.0003	PTPN5	ENSG00000110786
14556.0	0.0003	DCTN6	ENSG00000104671
14556.0	0.0003	TTF1	ENSG00000125482
14556.0	0.0003	PTPRH	ENSG00000080031
14556.0	0.0003	FXYD6	ENSG00000137726
14556.0	0.0003	SH3BGR	ENSG00000185437
14556.0	0.0003	CLDN11	ENSG00000013297
14556.0	0.0003	WNK2	ENSG00000165238
14556.0	0.0003	TEAD4	ENSG00000197905
14556.0	0.0003	CLDN24	ENSG00000185758
14556.0	0.0003	PARD6B	ENSG00000124171
14556.0	0.0003	SAFB2	ENSG00000130254
14556.0	0.0003	NEK6	ENSG00000119408
14556.0	0.0003	FXYD1	ENSG00000266964
14556.0	0.0003	NUDT9	ENSG00000170502
14556.0	0.0003	ARF4	ENSG00000168374
14556.0	0.0003	PRPH2	ENSG00000112619
14556.0	0.0003	FXYD3	ENSG00000089356
14556.0	0.0003	MGAM	ENSG00000257335
14556.0	0.0003	PPIG	ENSG00000138398
14556.0	0.0003	ATP6V0D2	ENSG00000147614
14556.0	0.0003	FXYD7	ENSG00000221946
14556.0	0.0003	SYVN1	ENSG00000162298
14556.0	0.0003	ACAD10	ENSG00000111271
14556.0	0.0003	RTN3	ENSG00000133318
14556.0	0.0003	SEPTIN14	ENSG00000154997
14556.0	0.0003	SYNRG	ENSG00000006114
14556.0	0.0003	SLC22A8	ENSG00000149452
14556.0	0.0003	ATP6V0D1	ENSG00000159720
14556.0	0.0003	CCT4	ENSG00000115484
14556.0	0.0003	HERC5	ENSG00000138646
14556.0	0.0003	TULP1	ENSG00000112041
14556.0	0.0003	BLOC1S5	ENSG00000188428
14556.0	0.0003	CSTF1	ENSG00000101138
14556.0	0.0003	CLDN1	ENSG00000163347
14556.0	0.0003	PHC2	ENSG00000134686
14556.0	0.0003	KIF3C	ENSG00000084731
14556.0	0.0003	GLYATL2	ENSG00000156689
14556.0	0.0003	NECAP2	ENSG00000157191
14556.0	0.0003	TRMT12	ENSG00000183665
14556.0	0.0003	ARF5	ENSG00000004059
14556.0	0.0003	CTDSPL	ENSG00000144677
14556.0	0.0003	DHRS4L2	ENSG00000187630
14556.0	0.0003	OSM	ENSG00000099985
14556.0	0.0003	RNH1	ENSG00000023191
14556.0	0.0003	VRK3	ENSG00000105053
14556.0	0.0003	CISD1	ENSG00000122873
14556.0	0.0003	CSN2	ENSG00000135222
14556.0	0.0003	HSPA13	ENSG00000155304
14556.0	0.0003	FBH1	ENSG00000134452
14556.0	0.0003	PPP1R3E	ENSG00000235194
14556.0	0.0003	RSL1D1	ENSG00000171490
14556.0	0.0003	MOV10	ENSG00000155363
14556.0	0.0003	PPP1R3B	ENSG00000173281
14556.0	0.0003	FFAR1	ENSG00000126266
14556.0	0.0003	DNAL4	ENSG00000100246
14556.0	0.0003	PPP1R3D	ENSG00000132825
14556.0	0.0003	TNRC6C	ENSG00000078687
14556.0	0.0003	CKS1B	ENSG00000173207
14556.0	0.0003	PPP1R3A	ENSG00000154415
14556.0	0.0003	CKS2	ENSG00000123975
14556.0	0.0003	ATF1	ENSG00000123268
14556.0	0.0003	CMPK2	ENSG00000134326
14556.0	0.0003	APOC3	ENSG00000110245
14556.0	0.0003	CUBN	ENSG00000107611
14556.0	0.0003	LSM14B	ENSG00000149657
14556.0	0.0003	GIP	ENSG00000159224
14556.0	0.0003	IL2	ENSG00000109471
14556.0	0.0003	ZFYVE9	ENSG00000157077
14556.0	0.0003	MAGED1	ENSG00000179222
14556.0	0.0003	RIN3	ENSG00000100599
14556.0	0.0003	IRF2BP1	ENSG00000170604
14556.0	0.0003	ASPSCR1	ENSG00000169696
14556.0	0.0003	FAM161B	ENSG00000156050
14556.0	0.0003	IL1RAPL1	ENSG00000169306
14556.0	0.0003	RAB4A	ENSG00000168118
14556.0	0.0003	KRT74	ENSG00000170484
14556.0	0.0003	CDCA5	ENSG00000146670
14556.0	0.0003	PI4KB	ENSG00000143393
14556.0	0.0003	PUS10	ENSG00000162927
14556.0	0.0003	BOLA2B	ENSG00000169627
14556.0	0.0003	ESPL1	ENSG00000135476
14556.0	0.0003	HPS3	ENSG00000163755
14556.0	0.0003	BOLA2	ENSG00000183336
14556.0	0.0003	RP11-345J4.5	ENSG00000261740
14556.0	0.0003	SEC24A	ENSG00000113615
14556.0	0.0003	PPP3R1	ENSG00000221823
14556.0	0.0003	LCAT	ENSG00000213398
14556.0	0.0003	GADL1	ENSG00000144644
14556.0	0.0003	AHRR	ENSG00000063438
14556.0	0.0003	RAB11FIP4	ENSG00000131242
14556.0	0.0003	DUX4L7	ENSG00000258755
14556.0	0.0003	ATP6V0C	ENSG00000185883
14556.0	0.0003	ATP6V1F	ENSG00000128524
14556.0	0.0003	C1GALT1	ENSG00000106392
14556.0	0.0003	SNAPC2	ENSG00000104976
14556.0	0.0003	RBM19	ENSG00000122965
14556.0	0.0003	SNAPC1	ENSG00000023608
14556.0	0.0003	DUX4L4	ENSG00000258834
14556.0	0.0003	SNAPC5	ENSG00000174446
14556.0	0.0003	SUMO4	ENSG00000177688
14556.0	0.0003	NUP62CL	ENSG00000198088
14556.0	0.0003	USP28	ENSG00000048028
14556.0	0.0003	PPP1R12B	ENSG00000077157
14556.0	0.0003	DERL3	ENSG00000099958
14556.0	0.0003	DUX4L1	ENSG00000258389
14556.0	0.0003	CHRM1	ENSG00000168539
14556.0	0.0003	SNAPC3	ENSG00000164975
14556.0	0.0003	SPTBN5	ENSG00000137877
14556.0	0.0003	PPP1R12C	ENSG00000125503
14556.0	0.0003	RHOU	ENSG00000116574
14556.0	0.0003	ATP6V0B	ENSG00000117410
14556.0	0.0003	CCR5	ENSG00000160791
14556.0	0.0003	RAB11FIP5	ENSG00000135631
14556.0	0.0003	MT1F	ENSG00000198417
14556.0	0.0003	HSPH1	ENSG00000120694
14556.0	0.0003	HSPA14	ENSG00000187522
14556.0	0.0003	SARM1	ENSG00000004139
14556.0	0.0003	GDA	ENSG00000119125
14556.0	0.0003	NSFL1C	ENSG00000088833
14556.0	0.0003	SRXN1	ENSG00000271303
14556.0	0.0003	DDX60	ENSG00000137628
14556.0	0.0003	MED13	ENSG00000108510
14556.0	0.0003	UGGT1	ENSG00000136731
14556.0	0.0003	MRGBP	ENSG00000101189
14556.0	0.0003	P2RY2	ENSG00000175591
14556.0	0.0003	EHBP1	ENSG00000115504
14556.0	0.0003	ADRA1B	ENSG00000170214
14556.0	0.0003	PTGER1	ENSG00000160951
14556.0	0.0003	FPR1	ENSG00000171051
14556.0	0.0003	STX4	ENSG00000103496
14556.0	0.0003	H2BC11	ENSG00000124635
14556.0	0.0003	POU5F1B	ENSG00000212993
14556.0	0.0003	ALDH1L2	ENSG00000136010
14556.0	0.0003	UBE2L6	ENSG00000156587
14556.0	0.0003	ATP6V1G1	ENSG00000136888
14556.0	0.0003	CCL11	ENSG00000172156
14556.0	0.0003	TP53AIP1	ENSG00000120471
14556.0	0.0003	IL2RG	ENSG00000147168
14556.0	0.0003	HSPA4L	ENSG00000164070
14556.0	0.0003	DNASE2	ENSG00000105612
14556.0	0.0003	LRPAP1	ENSG00000163956
14556.0	0.0003	ULK3	ENSG00000140474
14556.0	0.0003	PFKFB4	ENSG00000114268
14556.0	0.0003	CDK16	ENSG00000102225
14556.0	0.0003	PXMP2	ENSG00000176894
14556.0	0.0003	CXXC1	ENSG00000154832
14556.0	0.0003	CAPZA2	ENSG00000198898
14556.0	0.0003	RGPD5	ENSG00000015568
14556.0	0.0003	VDAC2	ENSG00000165637
14556.0	0.0003	GDF15	ENSG00000130513
14556.0	0.0003	TIGAR	ENSG00000078237
14556.0	0.0003	USP40	ENSG00000085982
14556.0	0.0003	MPHOSPH6	ENSG00000135698
14556.0	0.0003	HCK	ENSG00000101336
14556.0	0.0003	IFNB1	ENSG00000171855
14556.0	0.0003	PARD6G	ENSG00000178184
14556.0	0.0003	CARD9	ENSG00000187796
14556.0	0.0003	DLGAP4	ENSG00000080845
14556.0	0.0003	GC	ENSG00000145321
14556.0	0.0003	KPNA7	ENSG00000185467
14556.0	0.0003	NUDT1	ENSG00000106268
14556.0	0.0003	SAC3D1	ENSG00000168061
14556.0	0.0003	SRSF3	ENSG00000112081
14556.0	0.0003	ATP6V1G3	ENSG00000151418
14556.0	0.0003	ATP6V0E1	ENSG00000113732
14556.0	0.0003	CCT7	ENSG00000135624
14556.0	0.0003	BLK	ENSG00000136573
14556.0	0.0003	DYNLL2	ENSG00000264364
14556.0	0.0003	GAL3ST2	ENSG00000154252
14556.0	0.0003	PEBP1	ENSG00000089220
14556.0	0.0003	ATP5PF	ENSG00000154723
14556.0	0.0003	LMOD1	ENSG00000163431
14556.0	0.0003	IMPACT	ENSG00000154059
14556.0	0.0003	LIPE	ENSG00000079435
14556.0	0.0003	PDE10A	ENSG00000112541
14556.0	0.0003	RMI1	ENSG00000178966
14556.0	0.0003	CTDSP1	ENSG00000144579
14556.0	0.0003	RGPD6	ENSG00000183054
14556.0	0.0003	R3HCC1L	ENSG00000166024
14556.0	0.0003	SYCE2	ENSG00000161860
14556.0	0.0003	ING2	ENSG00000168556
14556.0	0.0003	MTPN	ENSG00000105887
14556.0	0.0003	MYCBP	ENSG00000214114
14556.0	0.0003	KPNA5	ENSG00000196911
14556.0	0.0003	TNFSF13	ENSG00000161955
14556.0	0.0003	GPR119	ENSG00000147262
14556.0	0.0003	PARP11	ENSG00000111224
14556.0	0.0003	PPP4R2	ENSG00000163605
14556.0	0.0003	ATP5MF	ENSG00000241468
14556.0	0.0003	SUN2	ENSG00000100242
14556.0	0.0003	GNMT	ENSG00000124713
14556.0	0.0003	CCT8	ENSG00000156261
14556.0	0.0003	CDK15	ENSG00000138395
14556.0	0.0003	PLB1	ENSG00000163803
14556.0	0.0003	U2AF1L4	ENSG00000161265
14556.0	0.0003	SYCE1	ENSG00000171772
14556.0	0.0003	SYCP1	ENSG00000198765
14556.0	0.0003	WDR59	ENSG00000103091
14556.0	0.0003	PFKFB2	ENSG00000123836
14556.0	0.0003	PFKFB1	ENSG00000158571
14556.0	0.0003	BIRC7	ENSG00000101197
14556.0	0.0003	KRT85	ENSG00000135443
14556.0	0.0003	RNF31	ENSG00000092098
14556.0	0.0003	ATG4D	ENSG00000130734
14556.0	0.0003	TEX12	ENSG00000150783
14556.0	0.0003	VPS26B	ENSG00000151502
14556.0	0.0003	KRT8	ENSG00000170421
14556.0	0.0003	TYK2	ENSG00000105397
14556.0	0.0003	PLAAT3	ENSG00000176485
14556.0	0.0003	GEMIN7	ENSG00000142252
14556.0	0.0003	MED8	ENSG00000159479
14556.0	0.0003	SLIRP	ENSG00000119705
14556.0	0.0003	DNAJB1	ENSG00000132002
14556.0	0.0003	STX3	ENSG00000166900
14556.0	0.0003	KRT31	ENSG00000094796
14556.0	0.0003	KRT36	ENSG00000126337
14556.0	0.0003	ATP5MG	ENSG00000167283
14556.0	0.0003	MUL1	ENSG00000090432
14556.0	0.0003	CALB1	ENSG00000104327
14556.0	0.0003	SDAD1	ENSG00000198301
14556.0	0.0003	BAG5	ENSG00000166170
14556.0	0.0003	TULP2	ENSG00000104804
14556.0	0.0003	GLDN	ENSG00000186417
14556.0	0.0003	ATP5MC3	ENSG00000154518
14556.0	0.0003	ATP5ME	ENSG00000169020
14556.0	0.0003	GZMK	ENSG00000113088
14556.0	0.0003	TSLP	ENSG00000145777
14556.0	0.0003	WEE2	ENSG00000214102
14556.0	0.0003	RAMP3	ENSG00000122679
14556.0	0.0003	HSPA12A	ENSG00000165868
14556.0	0.0003	HRNR	ENSG00000197915
14556.0	0.0003	SWT1	ENSG00000116668
14556.0	0.0003	GEMIN5	ENSG00000082516
14556.0	0.0003	ANXA10	ENSG00000109511
14556.0	0.0003	ATP5MC1	ENSG00000159199
14556.0	0.0003	SAR1A	ENSG00000079332
14556.0	0.0003	IRF7	ENSG00000185507
14556.0	0.0003	NDC80	ENSG00000080986
14556.0	0.0003	DNAAF1	ENSG00000154099
14556.0	0.0003	SPATA13	ENSG00000182957
14556.0	0.0003	ATP5MC2	ENSG00000135390
14556.0	0.0003	SP100	ENSG00000067066
14556.0	0.0003	EIF3B	ENSG00000106263
14556.0	0.0003	GOSR2	ENSG00000108433
14556.0	0.0003	RP11-156P1.2	ENSG00000262633
14556.0	0.0003	EIF3G	ENSG00000130811
14556.0	0.0003	EIF3D	ENSG00000100353
14556.0	0.0003	CPSF4	ENSG00000160917
14556.0	0.0003	MLEC	ENSG00000110917
14556.0	0.0003	SGO2	ENSG00000163535
14556.0	0.0003	EIF3A	ENSG00000107581
14556.0	0.0003	FRMPD2	ENSG00000170324
14556.0	0.0003	SLC45A3	ENSG00000158715
14556.0	0.0003	COX6C	ENSG00000164919
14556.0	0.0003	C4BPB	ENSG00000123843
14556.0	0.0003	SLC16A10	ENSG00000112394
14556.0	0.0003	SH3KBP1	ENSG00000147010
14556.0	0.0003	UBXN2B	ENSG00000215114
14556.0	0.0003	WDR33	ENSG00000136709
14556.0	0.0003	RAB33A	ENSG00000134594
14556.0	0.0003	HSPA12B	ENSG00000132622
14556.0	0.0003	RGPD2	ENSG00000185304
14556.0	0.0003	SLC13A2	ENSG00000007216
14556.0	0.0003	TAF1A	ENSG00000143498
14556.0	0.0003	TAF1B	ENSG00000115750
14556.0	0.0003	ERBB4	ENSG00000178568
14556.0	0.0003	TAF1C	ENSG00000103168
14556.0	0.0003	GNPDA1	ENSG00000113552
14556.0	0.0003	RGPD4	ENSG00000196862
14556.0	0.0003	USP17L2	ENSG00000223443
14556.0	0.0003	CD82	ENSG00000085117
14556.0	0.0003	LPCAT4	ENSG00000176454
14556.0	0.0003	USP46	ENSG00000109189
14556.0	0.0003	ABCC8	ENSG00000006071
14556.0	0.0003	ATP5PB	ENSG00000116459
14556.0	0.0003	COL4A6	ENSG00000197565
14556.0	0.0003	COL24A1	ENSG00000171502
14556.0	0.0003	MBOAT4	ENSG00000177669
14556.0	0.0003	CARTPT	ENSG00000164326
14556.0	0.0003	SASH3	ENSG00000122122
14556.0	0.0003	ELANE	ENSG00000197561
14556.0	0.0003	RNF139	ENSG00000170881
14556.0	0.0003	CTR9	ENSG00000198730
14556.0	0.0003	CDC73	ENSG00000134371
14556.0	0.0003	UBXN2A	ENSG00000173960
14556.0	0.0003	COL16A1	ENSG00000084636
14556.0	0.0003	KRT17	ENSG00000128422
14556.0	0.0003	PLD1	ENSG00000075651
14556.0	0.0003	RAB11FIP1	ENSG00000156675
14556.0	0.0003	PPARGC1B	ENSG00000155846
14556.0	0.0003	PAFAH1B3	ENSG00000079462
14556.0	0.0003	COL8A2	ENSG00000171812
14556.0	0.0003	ZFP91	ENSG00000186660
14556.0	0.0003	PKMYT1	ENSG00000127564
14556.0	0.0003	PLD3	ENSG00000105223
14556.0	0.0003	NLE1	ENSG00000073536
14556.0	0.0003	COL22A1	ENSG00000169436
14556.0	0.0003	PIK3R5	ENSG00000141506
14556.0	0.0003	PIK3R3	ENSG00000117461
14556.0	0.0003	MGLL	ENSG00000074416
14556.0	0.0003	EIF4E1B	ENSG00000175766
14556.0	0.0003	RGPD1	ENSG00000187627
14556.0	0.0003	RGPD8	ENSG00000169629
14556.0	0.0003	RGPD3	ENSG00000153165
14556.0	0.0003	MYL12B	ENSG00000118680
14556.0	0.0003	SGO1	ENSG00000129810
14556.0	0.0003	PTDSS2	ENSG00000174915
14556.0	0.0003	TADA1	ENSG00000152382
14556.0	0.0003	GLIS2	ENSG00000126603
14556.0	0.0003	OASL	ENSG00000135114
14556.0	0.0003	RAB43	ENSG00000172780
14556.0	0.0003	ATP6V0E2	ENSG00000171130
14556.0	0.0003	COL21A1	ENSG00000124749
14556.0	0.0003	RAB19	ENSG00000146955
14556.0	0.0003	PXMP4	ENSG00000101417
14556.0	0.0003	LPCAT1	ENSG00000153395
14556.0	0.0003	COL23A1	ENSG00000050767
14556.0	0.0003	MYL6	ENSG00000092841
14556.0	0.0003	COL20A1	ENSG00000101203
14556.0	0.0003	SLC25A6	ENSG00000169100
14556.0	0.0003	PPP1R15A	ENSG00000087074
14556.0	0.0003	COL28A1	ENSG00000215018
14556.0	0.0003	MUC7	ENSG00000171195
14556.0	0.0003	IL5	ENSG00000113525
14556.0	0.0003	KCNMB1	ENSG00000145936
14556.0	0.0003	NDUFC2-KCTD14	ENSG00000259112
14556.0	0.0003	LPCAT2	ENSG00000087253
14556.0	0.0003	STRAP	ENSG00000023734
14556.0	0.0003	CST7	ENSG00000077984
14556.0	0.0003	GEMIN8	ENSG00000046647
14556.0	0.0003	LIPF	ENSG00000182333
14556.0	0.0003	AK3	ENSG00000147853
14556.0	0.0003	IGF2BP3	ENSG00000136231
14556.0	0.0003	ARRDC1	ENSG00000197070
14556.0	0.0003	BRK1	ENSG00000254999
14556.0	0.0003	ACOT11	ENSG00000162390
14556.0	0.0003	PAQR8	ENSG00000170915
14556.0	0.0003	KRT18	ENSG00000111057
14556.0	0.0003	SLC14A2	ENSG00000132874
14556.0	0.0003	MUC2	ENSG00000198788
14556.0	0.0003	STH	ENSG00000256762
14556.0	0.0003	MYL6B	ENSG00000196465
14556.0	0.0003	CHFR	ENSG00000072609
14556.0	0.0003	MC1R	ENSG00000258839
14556.0	0.0003	UBOX5	ENSG00000185019
14556.0	0.0003	PRPF4	ENSG00000136875
14556.0	0.0003	RBM14	ENSG00000239306
14556.0	0.0003	RNFT1	ENSG00000189050
14556.0	0.0003	RNF145	ENSG00000145860
14556.0	0.0003	RNFT2	ENSG00000135119
14556.0	0.0003	RSAD2	ENSG00000134321
14556.0	0.0003	EPN1	ENSG00000063245
14556.0	0.0003	MPP3	ENSG00000161647
14556.0	0.0003	PTPRZ1	ENSG00000106278
14556.0	0.0003	COX7A2L	ENSG00000115944
14556.0	0.0003	CD19	ENSG00000177455
14556.0	0.0003	RPS2	ENSG00000140988
14556.0	0.0003	RNF40	ENSG00000103549
14556.0	0.0003	FBXO25	ENSG00000147364
14556.0	0.0003	HS3ST6	ENSG00000162040
14556.0	0.0003	ZNF513	ENSG00000163795
14556.0	0.0003	PPP3R2	ENSG00000188386
14556.0	0.0003	PTGFRN	ENSG00000134247
14556.0	0.0003	PAK6	ENSG00000137843
14556.0	0.0003	PAK5	ENSG00000101349
14556.0	0.0003	PPP1R16B	ENSG00000101445
14556.0	0.0003	UHMK1	ENSG00000152332
14556.0	0.0003	MUC13	ENSG00000173702
14556.0	0.0003	FBXL7	ENSG00000183580
14556.0	0.0003	RANBP6	ENSG00000137040
14556.0	0.0003	CREB3L3	ENSG00000060566
14556.0	0.0003	HS3ST1	ENSG00000002587
14556.0	0.0003	SLC8A1	ENSG00000183023
14556.0	0.0003	CLGN	ENSG00000153132
14556.0	0.0003	XAB2	ENSG00000076924
14556.0	0.0003	HFM1	ENSG00000162669
14556.0	0.0003	LIPG	ENSG00000101670
14556.0	0.0003	LHPP	ENSG00000107902
14556.0	0.0003	HSFY2	ENSG00000169953
14556.0	0.0003	DDX21	ENSG00000165732
14556.0	0.0003	SLC9A7	ENSG00000065923
14556.0	0.0003	NDFIP2	ENSG00000102471
14556.0	0.0003	NAT1	ENSG00000171428
14556.0	0.0003	PRAC1	ENSG00000159182
14556.0	0.0003	GALNT4	ENSG00000257594
14556.0	0.0003	DMAC2L	ENSG00000125375
14556.0	0.0003	POLD2	ENSG00000106628
14556.0	0.0003	AP5B1	ENSG00000254470
14556.0	0.0003	SLC25A38	ENSG00000144659
14556.0	0.0003	NSMAF	ENSG00000035681
14556.0	0.0003	NAALADL1	ENSG00000168060
14556.0	0.0003	KDM7A	ENSG00000006459
14556.0	0.0003	RAB36	ENSG00000100228
14556.0	0.0003	PLA2G10	ENSG00000069764
14556.0	0.0003	IFITM1	ENSG00000185885
14556.0	0.0003	HPS1	ENSG00000107521
14556.0	0.0003	CORO1B	ENSG00000172725
14556.0	0.0003	NOP2	ENSG00000111641
14556.0	0.0003	PPP1R16A	ENSG00000160972
14556.0	0.0003	GALNT1	ENSG00000141429
14556.0	0.0003	PLA2G12A	ENSG00000123739
14556.0	0.0003	PIF1	ENSG00000140451
14556.0	0.0003	GALNT6	ENSG00000139629
14556.0	0.0003	ANKRD45	ENSG00000183831
14556.0	0.0003	NSUN6	ENSG00000241058
14556.0	0.0003	NAT2	ENSG00000156006
14556.0	0.0003	CAB39L	ENSG00000102547
14556.0	0.0003	MX2	ENSG00000183486
14556.0	0.0003	GALNT8	ENSG00000130035
14556.0	0.0003	PJA2	ENSG00000198961
14556.0	0.0003	FYB1	ENSG00000082074
14556.0	0.0003	TACR2	ENSG00000075073
14556.0	0.0003	PARP4	ENSG00000102699
14556.0	0.0003	STK38L	ENSG00000211455
14556.0	0.0003	PLA2G2A	ENSG00000188257
14556.0	0.0003	CSNK1G2	ENSG00000133275
14556.0	0.0003	GALNT13	ENSG00000144278
14556.0	0.0003	ANXA5	ENSG00000164111
14556.0	0.0003	EXOC6	ENSG00000138190
14556.0	0.0003	PCDHA2	ENSG00000204969
14556.0	0.0003	PWP1	ENSG00000136045
14556.0	0.0003	DTX1	ENSG00000135144
14556.0	0.0003	NCK2	ENSG00000071051
14556.0	0.0003	TNPO1	ENSG00000083312
14556.0	0.0003	MUC12	ENSG00000205277
14556.0	0.0003	MUC6	ENSG00000184956
14556.0	0.0003	MUC4	ENSG00000145113
14556.0	0.0003	PLA2G4A	ENSG00000116711
14556.0	0.0003	PPP1R18	ENSG00000146112
14556.0	0.0003	PLA2G3	ENSG00000100078
14556.0	0.0003	HEBP2	ENSG00000051620
14556.0	0.0003	MUC16	ENSG00000181143
14556.0	0.0003	MUC17	ENSG00000169876
14556.0	0.0003	TIAF1	ENSG00000221995
14556.0	0.0003	VAMP5	ENSG00000168899
14556.0	0.0003	MUC20	ENSG00000176945
14556.0	0.0003	GALNT12	ENSG00000119514
14556.0	0.0003	SUB1	ENSG00000113387
14556.0	0.0003	MUC15	ENSG00000169550
14556.0	0.0003	PLA2G2E	ENSG00000188784
14556.0	0.0003	NCKAP1L	ENSG00000123338
14556.0	0.0003	GALNT7	ENSG00000109586
14556.0	0.0003	CHDH	ENSG00000016391
14556.0	0.0003	SLC9C1	ENSG00000172139
14556.0	0.0003	HPS4	ENSG00000100099
14556.0	0.0003	SLC9A8	ENSG00000197818
14556.0	0.0003	MUCL1	ENSG00000172551
14556.0	0.0003	KCNMB4	ENSG00000135643
14556.0	0.0003	PITRM1	ENSG00000107959
14556.0	0.0003	CALD1	ENSG00000122786
14556.0	0.0003	PLA2G4D	ENSG00000159337
14556.0	0.0003	ADAM9	ENSG00000168615
14556.0	0.0003	PLAU	ENSG00000122861
14556.0	0.0003	PLA2R1	ENSG00000153246
14556.0	0.0003	GALNT5	ENSG00000136542
14556.0	0.0003	ATP10B	ENSG00000118322
14556.0	0.0003	ATP10D	ENSG00000145246
14556.0	0.0003	PLA2G12B	ENSG00000138308
14556.0	0.0003	GALNT15	ENSG00000131386
14556.0	0.0003	KIF18B	ENSG00000186185
14556.0	0.0003	PLA2G4F	ENSG00000168907
14556.0	0.0003	KCNMB3	ENSG00000171121
14556.0	0.0003	PLA2G5	ENSG00000127472
14556.0	0.0003	MFN1	ENSG00000171109
14556.0	0.0003	PLA2G4C	ENSG00000105499
14556.0	0.0003	PLA2G4E	ENSG00000188089
14556.0	0.0003	SCARB1	ENSG00000073060
14556.0	0.0003	SH3D19	ENSG00000109686
14556.0	0.0003	PLA2G1B	ENSG00000170890
14556.0	0.0003	PLA2G2C	ENSG00000187980
14556.0	0.0003	NEU2	ENSG00000115488
14556.0	0.0003	SNCAIP	ENSG00000064692
14556.0	0.0003	TNFRSF10A	ENSG00000104689
14556.0	0.0003	JMJD8	ENSG00000161999
14556.0	0.0003	GPR37	ENSG00000170775
14556.0	0.0003	BCL2L2	ENSG00000129473
14556.0	0.0003	POLA2	ENSG00000014138
14556.0	0.0003	FAM32A	ENSG00000105058
14556.0	0.0003	FAAP20	ENSG00000162585
14556.0	0.0003	CDKN2D	ENSG00000129355
14556.0	0.0003	IMP4	ENSG00000136718
14556.0	0.0003	MAPKAPK3	ENSG00000114738
14556.0	0.0003	LRRTM3	ENSG00000198739
14556.0	0.0003	SKAP2	ENSG00000005020
14556.0	0.0003	CNIH2	ENSG00000174871
14556.0	0.0003	CNIH3	ENSG00000143786
14556.0	0.0003	KCNMB2	ENSG00000197584
14556.0	0.0003	CR2	ENSG00000117322
14556.0	0.0003	CTDNEP1	ENSG00000175826
14556.0	0.0003	CPA2	ENSG00000158516
14556.0	0.0003	EXTL1	ENSG00000158008
14556.0	0.0003	FKBP1B	ENSG00000119782
14556.0	0.0003	CPVL	ENSG00000106066
14556.0	0.0003	TNNC2	ENSG00000101470
14556.0	0.0003	UQCR11	ENSG00000127540
14556.0	0.0003	IL6R	ENSG00000160712
14556.0	0.0003	TNFRSF21	ENSG00000146072
14556.0	0.0003	FGD4	ENSG00000139132
14556.0	0.0003	ZFYVE1	ENSG00000165861
14556.0	0.0003	TES	ENSG00000135269
14556.0	0.0003	IGSF8	ENSG00000162729
14556.0	0.0003	ARF3	ENSG00000134287
14556.0	0.0003	RAB25	ENSG00000132698
14556.0	0.0003	ANO2	ENSG00000047617
14556.0	0.0003	MRPL18	ENSG00000112110
14556.0	0.0003	CENPX	ENSG00000169689
14556.0	0.0003	TPCN2	ENSG00000162341
14556.0	0.0003	DEDD2	ENSG00000160570
14556.0	0.0003	HS3ST2	ENSG00000122254
14556.0	0.0003	CRYBA4	ENSG00000196431
14556.0	0.0003	HTR7	ENSG00000148680
14556.0	0.0003	NUP160	ENSG00000030066
14556.0	0.0003	RASGRF2	ENSG00000113319
14556.0	0.0003	POLD4	ENSG00000175482
14556.0	0.0003	MYL1	ENSG00000168530
14556.0	0.0003	NSA2	ENSG00000164346
14556.0	0.0003	TPR	ENSG00000047410
14556.0	0.0003	FCHO2	ENSG00000157107
14556.0	0.0003	FCHO1	ENSG00000130475
14556.0	0.0003	ADO	ENSG00000181915
14556.0	0.0003	THBS2	ENSG00000186340
14556.0	0.0003	PIK3C2B	ENSG00000133056
14556.0	0.0003	TMED6	ENSG00000157315
14556.0	0.0003	HCRT	ENSG00000161610
14556.0	0.0003	NUP35	ENSG00000163002
14556.0	0.0003	MS4A13	ENSG00000204979
14556.0	0.0003	APBB1	ENSG00000166313
14556.0	0.0003	TOMM20L	ENSG00000196860
14556.0	0.0003	KLRD1	ENSG00000134539
14556.0	0.0003	TBL1Y	ENSG00000092377
14556.0	0.0003	METTL17	ENSG00000165792
14556.0	0.0003	CCNB1IP1	ENSG00000100814
14556.0	0.0003	DNLZ	ENSG00000213221
14556.0	0.0003	VMP1	ENSG00000062716
14556.0	0.0003	NAP1L1	ENSG00000187109
14556.0	0.0003	DIXDC1	ENSG00000150764
14556.0	0.0003	HDAC10	ENSG00000100429
14556.0	0.0003	F5	ENSG00000198734
14556.0	0.0003	PIP4K2A	ENSG00000150867
14556.0	0.0003	NUP210	ENSG00000132182
14556.0	0.0003	NOP14	ENSG00000087269
14556.0	0.0003	IMP3	ENSG00000177971
14556.0	0.0003	TBC1D15	ENSG00000121749
14556.0	0.0003	UTP15	ENSG00000164338
14556.0	0.0003	C19orf67	ENSG00000188032
14556.0	0.0003	ENY2	ENSG00000120533
14556.0	0.0003	WDR75	ENSG00000115368
14556.0	0.0003	S100A10	ENSG00000197747
14556.0	0.0003	PDCD11	ENSG00000148843
14556.0	0.0003	NPAS1	ENSG00000130751
14556.0	0.0003	SLCO1B7	ENSG00000205754
14556.0	0.0003	SALL3	ENSG00000256463
14556.0	0.0003	ADAMTS13	ENSG00000160323
14556.0	0.0003	HEATR1	ENSG00000119285
14556.0	0.0003	TRIP4	ENSG00000103671
14556.0	0.0003	NUP42	ENSG00000136243
14556.0	0.0003	EXOC1	ENSG00000090989
14556.0	0.0003	MT-ND4L	ENSG00000212907
14556.0	0.0003	WDR43	ENSG00000163811
14556.0	0.0003	YY1AP1	ENSG00000163374
14556.0	0.0003	LCLAT1	ENSG00000172954
14556.0	0.0003	MIDN	ENSG00000167470
14556.0	0.0003	LANCL1	ENSG00000115365
14556.0	0.0003	KIF9	ENSG00000088727
14556.0	0.0003	RPF1	ENSG00000117133
14556.0	0.0003	PIP4K2C	ENSG00000166908
14556.0	0.0003	MBOAT1	ENSG00000172197
14556.0	0.0003	CRCP	ENSG00000241258
14556.0	0.0003	L1TD1	ENSG00000240563
14556.0	0.0003	AGXT2	ENSG00000113492
14556.0	0.0003	MYL2	ENSG00000111245
14556.0	0.0003	MKI67	ENSG00000148773
14556.0	0.0003	PSRC1	ENSG00000134222
14556.0	0.0003	DAO	ENSG00000110887
14556.0	0.0003	AGPAT3	ENSG00000160216
14556.0	0.0003	PDGFRL	ENSG00000104213
14556.0	0.0003	GBF1	ENSG00000107862
14556.0	0.0003	B3GNT5	ENSG00000176597
14556.0	0.0003	PCK2	ENSG00000100889
14556.0	0.0003	WASF3	ENSG00000132970
14556.0	0.0003	PNN	ENSG00000100941
14556.0	0.0003	RAPGEF4	ENSG00000091428
14556.0	0.0003	AJAP1	ENSG00000196581
14556.0	0.0003	LTO1	ENSG00000149716
14556.0	0.0003	B3GNT7	ENSG00000156966
14556.0	0.0003	AGPAT4	ENSG00000026652
14556.0	0.0003	TRIM21	ENSG00000132109
14556.0	0.0003	RPS19BP1	ENSG00000187051
14556.0	0.0003	LPXN	ENSG00000110031
14556.0	0.0003	ERAS	ENSG00000187682
14556.0	0.0003	TBC1D31	ENSG00000156787
14556.0	0.0003	NIPSNAP1	ENSG00000184117
14556.0	0.0003	PPP1R27	ENSG00000182676
14556.0	0.0003	B3GNT8	ENSG00000177191
14556.0	0.0003	UBE2D4	ENSG00000078967
14556.0	0.0003	BIN2	ENSG00000110934
14556.0	0.0003	MYL3	ENSG00000160808
14556.0	0.0003	AFAP1L1	ENSG00000157510
14556.0	0.0003	SNRPD2	ENSG00000125743
14556.0	0.0003	PPP3CC	ENSG00000120910
14556.0	0.0003	MPND	ENSG00000008382
14556.0	0.0003	ITGA5	ENSG00000161638
14556.0	0.0003	MEPCE	ENSG00000146834
14556.0	0.0003	MYH2	ENSG00000125414
14556.0	0.0003	TGFB1I1	ENSG00000140682
14556.0	0.0003	ACOX2	ENSG00000168306
14556.0	0.0003	TAF11	ENSG00000064995
14556.0	0.0003	PPIH	ENSG00000171960
14556.0	0.0003	CPSF4L	ENSG00000187959
14556.0	0.0003	PTPRG	ENSG00000144724
14556.0	0.0003	CETN3	ENSG00000153140
14556.0	0.0003	MFSD5	ENSG00000182544
14556.0	0.0003	AGPAT5	ENSG00000155189
14556.0	0.0003	MMP8	ENSG00000118113
14556.0	0.0003	THBS4	ENSG00000113296
14556.0	0.0003	CPLX3	ENSG00000213578
14556.0	0.0003	MARK4	ENSG00000007047
14556.0	0.0003	GCAT	ENSG00000100116
14556.0	0.0003	TAF8	ENSG00000137413
14556.0	0.0003	REXO4	ENSG00000148300
14556.0	0.0003	WDR5B	ENSG00000196981
14556.0	0.0003	UBE2E3	ENSG00000170035
14556.0	0.0003	AEN	ENSG00000181026
14556.0	0.0003	AMOTL1	ENSG00000166025
14556.0	0.0003	ISG20	ENSG00000172183
14556.0	0.0003	FERMT3	ENSG00000149781
14556.0	0.0003	CYP2S1	ENSG00000167600
14556.0	0.0003	HS3ST3B1	ENSG00000125430
14556.0	0.0003	MYBPC3	ENSG00000134571
14556.0	0.0003	TCAP	ENSG00000173991
14556.0	0.0003	MYBPC2	ENSG00000086967
14556.0	0.0003	RASSF8	ENSG00000123094
14556.0	0.0003	FZD6	ENSG00000164930
14556.0	0.0003	UBE2NL	ENSG00000102069
14556.0	0.0003	PLEKHM1	ENSG00000225190
14556.0	0.0003	FFAR2	ENSG00000126262
14556.0	0.0003	HRH1	ENSG00000196639
14556.0	0.0003	BRSK1	ENSG00000160469
14556.0	0.0003	ADAM8	ENSG00000151651
14556.0	0.0003	SLC7A14	ENSG00000013293
14556.0	0.0003	SFXN1	ENSG00000164466
14556.0	0.0003	SUPT4H1	ENSG00000213246
14556.0	0.0003	BRSK2	ENSG00000174672
14556.0	0.0003	MMP10	ENSG00000166670
14556.0	0.0003	SIK2	ENSG00000170145
14556.0	0.0003	MYOC	ENSG00000034971
14556.0	0.0003	MYL4	ENSG00000198336
14556.0	0.0003	B2M	ENSG00000166710
14556.0	0.0003	MBOAT2	ENSG00000143797
14556.0	0.0003	TENT2	ENSG00000164329
14556.0	0.0003	ELP3	ENSG00000134014
14556.0	0.0003	FABP1	ENSG00000163586
14556.0	0.0003	BTN1A1	ENSG00000124557
14556.0	0.0003	TCEA2	ENSG00000171703
14556.0	0.0003	AFG1L	ENSG00000135537
14556.0	0.0003	KCNAB3	ENSG00000170049
14556.0	0.0003	GDF9	ENSG00000164404
14556.0	0.0003	NELFB	ENSG00000188986
14556.0	0.0003	NELFCD	ENSG00000101158
14556.0	0.0003	PREB	ENSG00000138073
14556.0	0.0003	DMRT1	ENSG00000137090
14556.0	0.0003	DDO	ENSG00000203797
14556.0	0.0003	KCNA6	ENSG00000151079
14556.0	0.0003	ELP4	ENSG00000109911
14556.0	0.0003	ORC2	ENSG00000115942
14556.0	0.0003	AGAP2	ENSG00000135439
14556.0	0.0003	SNAP23	ENSG00000092531
14556.0	0.0003	KCNV1	ENSG00000164794
14556.0	0.0003	NHLH1	ENSG00000171786
14556.0	0.0003	KCNC1	ENSG00000129159
14556.0	0.0003	GAMT	ENSG00000130005
14556.0	0.0003	GTF3C3	ENSG00000119041
14556.0	0.0003	DES	ENSG00000175084
14556.0	0.0003	PIPOX	ENSG00000179761
14556.0	0.0003	SNX30	ENSG00000148158
14556.0	0.0003	OPRK1	ENSG00000082556
14556.0	0.0003	ORC5	ENSG00000164815
14556.0	0.0003	KCNC4	ENSG00000116396
14556.0	0.0003	EMD	ENSG00000102119
14556.0	0.0003	GHDC	ENSG00000167925
14556.0	0.0003	MYH14	ENSG00000105357
14556.0	0.0003	GNA14	ENSG00000156049
14556.0	0.0003	PPP2R2C	ENSG00000074211
14556.0	0.0003	LUC7L3	ENSG00000108848
14556.0	0.0003	GSTP1	ENSG00000084207
14556.0	0.0003	PPP2R5A	ENSG00000066027
14556.0	0.0003	ELL3	ENSG00000128886
14556.0	0.0003	TSNARE1	ENSG00000171045
14556.0	0.0003	APLF	ENSG00000169621
14556.0	0.0003	PSKH1	ENSG00000159792
14556.0	0.0003	NELFE	ENSG00000204356
14556.0	0.0003	EIF2A	ENSG00000144895
14556.0	0.0003	SIRT2	ENSG00000068903
14556.0	0.0003	ZNF747	ENSG00000169955
14556.0	0.0003	KLRC2	ENSG00000205809
14556.0	0.0003	APOA2	ENSG00000158874
14556.0	0.0003	NANOS1	ENSG00000188613
14556.0	0.0003	KCNG3	ENSG00000171126
14556.0	0.0003	DYRK4	ENSG00000010219
14556.0	0.0003	OGA	ENSG00000198408
14556.0	0.0003	HDAC11	ENSG00000163517
14556.0	0.0003	BARD1	ENSG00000138376
14556.0	0.0003	KCNA10	ENSG00000143105
14556.0	0.0003	ACTN1	ENSG00000072110
14556.0	0.0003	YJU2	ENSG00000105248
14556.0	0.0003	KCNG2	ENSG00000178342
14556.0	0.0003	PRMT2	ENSG00000160310
14556.0	0.0003	GK2	ENSG00000196475
14556.0	0.0003	COPS2	ENSG00000166200
14556.0	0.0003	UQCC1	ENSG00000101019
14556.0	0.0003	KCNH8	ENSG00000183960
14556.0	0.0003	TNKS	ENSG00000173273
14556.0	0.0003	KCNF1	ENSG00000162975
14556.0	0.0003	CACNG3	ENSG00000006116
14556.0	0.0003	SYNCRIP	ENSG00000135316
14556.0	0.0003	UTP20	ENSG00000120800
14556.0	0.0003	TRPM4	ENSG00000130529
14556.0	0.0003	BRD3	ENSG00000169925
14556.0	0.0003	OLIG2	ENSG00000205927
14556.0	0.0003	ITGB7	ENSG00000139626
14556.0	0.0003	CDAN1	ENSG00000140326
14556.0	0.0003	KCNB2	ENSG00000182674
14556.0	0.0003	KCNA7	ENSG00000104848
14556.0	0.0003	IRF8	ENSG00000140968
14556.0	0.0003	MIEF2	ENSG00000177427
14556.0	0.0003	KCNH3	ENSG00000135519
14556.0	0.0003	MYH7B	ENSG00000078814
14556.0	0.0003	KCNH7	ENSG00000184611
14556.0	0.0003	PIP5KL1	ENSG00000167103
14556.0	0.0003	KCNH4	ENSG00000089558
14556.0	0.0003	GRIN3A	ENSG00000198785
14556.0	0.0003	PDZRN3	ENSG00000121440
14556.0	0.0003	KCNG1	ENSG00000026559
14556.0	0.0003	KCNG4	ENSG00000168418
14556.0	0.0003	MAML3	ENSG00000196782
14556.0	0.0003	PPP4R4	ENSG00000119698
14556.0	0.0003	EXOC3	ENSG00000180104
14556.0	0.0003	MAP3K10	ENSG00000130758
14556.0	0.0003	KCNQ5	ENSG00000185760
14556.0	0.0003	FBXO47	ENSG00000204952
14556.0	0.0003	SFXN2	ENSG00000156398
14556.0	0.0003	CNEP1R1	ENSG00000205423
14556.0	0.0003	STX10	ENSG00000104915
14556.0	0.0003	RORC	ENSG00000143365
14556.0	0.0003	SHISA9	ENSG00000237515
14556.0	0.0003	SERPINB9	ENSG00000170542
14556.0	0.0003	RPS6KA4	ENSG00000162302
14556.0	0.0003	CCDC141	ENSG00000163492
14556.0	0.0003	KCNS1	ENSG00000124134
14556.0	0.0003	CRX	ENSG00000105392
14556.0	0.0003	KCNS3	ENSG00000170745
14556.0	0.0003	CCDC102A	ENSG00000135736
14556.0	0.0003	KIF25	ENSG00000125337
14556.0	0.0003	KIFC2	ENSG00000167702
14556.0	0.0003	KCNV2	ENSG00000168263
14556.0	0.0003	KCNS2	ENSG00000156486
14556.0	0.0003	MYH13	ENSG00000006788
14556.0	0.0003	STX2	ENSG00000111450
14556.0	0.0003	RAB4B	ENSG00000167578
14556.0	0.0003	GAL3ST1	ENSG00000128242
14556.0	0.0003	CEBPG	ENSG00000153879
14556.0	0.0003	PIP	ENSG00000159763
14556.0	0.0003	FZD7	ENSG00000155760
14556.0	0.0003	SEMA3G	ENSG00000010319
14556.0	0.0003	CDC23	ENSG00000094880
14556.0	0.0003	ATP5MGL	ENSG00000249222
14556.0	0.0003	SLC27A2	ENSG00000140284
14556.0	0.0003	HEYL	ENSG00000163909
14556.0	0.0003	HMMR	ENSG00000072571
14556.0	0.0003	CACNG7	ENSG00000105605
14556.0	0.0003	HES4	ENSG00000188290
14556.0	0.0003	ATP5MJ	ENSG00000156411
14556.0	0.0003	UBE2S	ENSG00000108106
14556.0	0.0003	FAU	ENSG00000149806
14556.0	0.0003	STX11	ENSG00000135604
14556.0	0.0003	ELF2	ENSG00000109381
14556.0	0.0003	SEL1L2	ENSG00000101251
14556.0	0.0003	HS3ST3A1	ENSG00000153976
14556.0	0.0003	HDLBP	ENSG00000115677
14556.0	0.0003	STX19	ENSG00000178750
14556.0	0.0003	NCR2	ENSG00000096264
14556.0	0.0003	SH3BP5	ENSG00000131370
14556.0	0.0003	UTP18	ENSG00000011260
14556.0	0.0003	GP2	ENSG00000169347
14556.0	0.0003	CD34	ENSG00000174059
14556.0	0.0003	CACNG8	ENSG00000142408
14556.0	0.0003	BHMT2	ENSG00000132840
14556.0	0.0003	FPGS	ENSG00000136877
14556.0	0.0003	CACNG5	ENSG00000075429
14556.0	0.0003	IQGAP2	ENSG00000145703
14556.0	0.0003	ANAPC4	ENSG00000053900
14556.0	0.0003	SLC35G5	ENSG00000177710
14556.0	0.0003	TAF12	ENSG00000120656
14556.0	0.0003	PROC	ENSG00000115718
14556.0	0.0003	WDR36	ENSG00000134987
14556.0	0.0003	HS3ST5	ENSG00000249853
14556.0	0.0003	ZG16B	ENSG00000162078
14556.0	0.0003	LYL1	ENSG00000104903
14556.0	0.0003	CACNG4	ENSG00000075461
14556.0	0.0003	MMP15	ENSG00000102996
14556.0	0.0003	FHL3	ENSG00000183386
14556.0	0.0003	TAF5	ENSG00000148835
14556.0	0.0003	LCP2	ENSG00000043462
14556.0	0.0003	MIS18A	ENSG00000159055
14556.0	0.0003	RPLP0	ENSG00000089157
14556.0	0.0003	TREM1	ENSG00000124731
14556.0	0.0003	ANAPC5	ENSG00000089053
14556.0	0.0003	POTEI	ENSG00000196834
14556.0	0.0003	SLC27A1	ENSG00000130304
14556.0	0.0003	ZFP62	ENSG00000196670
14556.0	0.0003	CDC26	ENSG00000176386
14556.0	0.0003	UBE2C	ENSG00000175063
14556.0	0.0003	IGFBP7	ENSG00000163453
14556.0	0.0003	ROM1	ENSG00000149489
14556.0	0.0003	KLRK1	ENSG00000213809
14556.0	0.0003	CHP2	ENSG00000166869
14556.0	0.0003	TESC	ENSG00000088992
14556.0	0.0003	KLF13	ENSG00000169926
14556.0	0.0003	ARRDC4	ENSG00000140450
14556.0	0.0003	NEURL1B	ENSG00000214357
14556.0	0.0003	MTPAP	ENSG00000107951
14556.0	0.0003	ANAPC13	ENSG00000129055
14556.0	0.0003	STK4	ENSG00000101109
14556.0	0.0003	SNUPN	ENSG00000169371
14556.0	0.0003	LRRC26	ENSG00000184709
14556.0	0.0003	KBTBD7	ENSG00000120696
14556.0	0.0003	DENND4A	ENSG00000174485
14556.0	0.0003	RFPL3	ENSG00000128276
14556.0	0.0003	HIP1R	ENSG00000130787
14556.0	0.0003	RASAL1	ENSG00000111344
14556.0	0.0003	MAN1A1	ENSG00000111885
14556.0	0.0003	PACSIN2	ENSG00000100266
14556.0	0.0003	P3H2	ENSG00000090530
14556.0	0.0003	RASIP1	ENSG00000105538
14556.0	0.0003	STK38	ENSG00000112079
14556.0	0.0003	THNSL1	ENSG00000185875
14556.0	0.0003	SUPT3H	ENSG00000196284
14556.0	0.0003	MYH15	ENSG00000144821
14556.0	0.0003	MAP4K4	ENSG00000071054
14556.0	0.0003	ANAPC16	ENSG00000166295
14556.0	0.0003	ZRANB2	ENSG00000132485
14556.0	0.0003	GABRR2	ENSG00000111886
14556.0	0.0003	POTEF	ENSG00000196604
14556.0	0.0003	TRIM13	ENSG00000204977
14556.0	0.0003	DMWD	ENSG00000185800
14556.0	0.0003	BCL3	ENSG00000069399
14556.0	0.0003	NAT10	ENSG00000135372
14556.0	0.0003	HLF	ENSG00000108924
14556.0	0.0003	POTEJ	ENSG00000222038
14556.0	0.0003	POTEE	ENSG00000188219
14556.0	0.0003	CACNB2	ENSG00000165995
14556.0	0.0003	NANOS3	ENSG00000187556
14556.0	0.0003	ADAMTS12	ENSG00000151388
14556.0	0.0003	TAF6L	ENSG00000162227
14556.0	0.0003	RAB10	ENSG00000084733
14556.0	0.0003	MKLN1	ENSG00000128585
14556.0	0.0003	ARFGAP2	ENSG00000149182
14556.0	0.0003	TMX4	ENSG00000125827
14556.0	0.0003	DTX2	ENSG00000091073
14556.0	0.0003	ECM1	ENSG00000143369
14556.0	0.0003	LAX1	ENSG00000122188
14556.0	0.0003	DTX4	ENSG00000110042
14556.0	0.0003	PTTG1	ENSG00000164611
14556.0	0.0003	PTTG2	ENSG00000250254
14556.0	0.0003	PTTG3P	ENSG00000213005
14556.0	0.0003	TDRD3	ENSG00000083544
14556.0	0.0003	TAF5L	ENSG00000135801
14556.0	0.0003	GNAZ	ENSG00000128266
14556.0	0.0003	TAF9B	ENSG00000187325
14556.0	0.0003	CD300E	ENSG00000186407
14556.0	0.0003	NRL	ENSG00000129535
14556.0	0.0003	NEURL1	ENSG00000107954
14556.0	0.0003	MST1	ENSG00000173531
14556.0	0.0003	FOXI2	ENSG00000186766
14556.0	0.0003	RTN1	ENSG00000139970
14556.0	0.0003	CACNB3	ENSG00000167535
14556.0	0.0003	MPP2	ENSG00000108852
14556.0	0.0003	SPCS2	ENSG00000118363
14556.0	0.0003	ORMDL1	ENSG00000128699
14556.0	0.0003	A4GALT	ENSG00000128274
14556.0	0.0003	CEACAM1	ENSG00000079385
14556.0	0.0003	MMP19	ENSG00000123342
14556.0	0.0003	RSL24D1	ENSG00000137876
14556.0	0.0003	CD300LB	ENSG00000178789
14556.0	0.0003	COX8C	ENSG00000187581
14556.0	0.0003	ARHGAP24	ENSG00000138639
14556.0	0.0003	ATP4A	ENSG00000105675
14556.0	0.0003	SLC27A6	ENSG00000113396
14556.0	0.0003	RIPK2	ENSG00000104312
14556.0	0.0003	BMS1	ENSG00000165733
14556.0	0.0003	ITLN1	ENSG00000179914
14556.0	0.0003	DNTT	ENSG00000107447
14556.0	0.0003	TTC9C	ENSG00000162222
14556.0	0.0003	SULT1A1	ENSG00000196502
14556.0	0.0003	SHPRH	ENSG00000146414
14556.0	0.0003	BSPRY	ENSG00000119411
14556.0	0.0003	GSTT1	ENSG00000184674
14556.0	0.0003	KIF2C	ENSG00000142945
14556.0	0.0003	TXNDC5	ENSG00000239264
14556.0	0.0003	BLNK	ENSG00000095585
14556.0	0.0003	NDUFA5	ENSG00000128609
14556.0	0.0003	INSL5	ENSG00000172410
14556.0	0.0003	HOGA1	ENSG00000241935
14556.0	0.0003	MACROD2	ENSG00000172264
14556.0	0.0003	H4C4	ENSG00000188987
14556.0	0.0003	HCFC2	ENSG00000111727
14556.0	0.0003	GSTT2	ENSG00000099984
14556.0	0.0003	RXRG	ENSG00000143171
14556.0	0.0003	TRPM5	ENSG00000070985
14556.0	0.0003	ASGR2	ENSG00000161944
14556.0	0.0003	ZNF3	ENSG00000166526
14556.0	0.0003	INSL4	ENSG00000120211
14556.0	0.0003	FAHD1	ENSG00000180185
14556.0	0.0003	UBL7	ENSG00000138629
14556.0	0.0003	NDUFB7	ENSG00000099795
14556.0	0.0003	UNC45A	ENSG00000140553
14556.0	0.0003	MAMDC2	ENSG00000165072
14556.0	0.0003	CAP1	ENSG00000131236
14556.0	0.0003	MRPL52	ENSG00000172590
14556.0	0.0003	HYCC1	ENSG00000122591
14556.0	0.0003	RFPL1	ENSG00000128250
14556.0	0.0003	TM4SF4	ENSG00000169903
14556.0	0.0003	PTN	ENSG00000105894
14556.0	0.0003	AARD	ENSG00000205002
14556.0	0.0003	NDUFB8	ENSG00000166136
14556.0	0.0003	GSTO2	ENSG00000065621
14556.0	0.0003	ANKRD52	ENSG00000139645
14556.0	0.0003	GSTA4	ENSG00000170899
14556.0	0.0003	GSTO1	ENSG00000148834
14556.0	0.0003	CTHRC1	ENSG00000164932
14556.0	0.0003	PRR13	ENSG00000205352
14556.0	0.0003	ANKRD33	ENSG00000167612
14556.0	0.0003	MAP4	ENSG00000047849
14556.0	0.0003	CHCHD6	ENSG00000159685
14556.0	0.0003	ASGR1	ENSG00000141505
14556.0	0.0003	GRK5	ENSG00000198873
14556.0	0.0003	IFRD2	ENSG00000214706
14556.0	0.0003	NUDCD1	ENSG00000120526
14556.0	0.0003	MTMR3	ENSG00000100330
14556.0	0.0003	TMEM104	ENSG00000109066
14556.0	0.0003	AK1	ENSG00000106992
14556.0	0.0003	GSTM3	ENSG00000134202
14556.0	0.0003	GSTM5	ENSG00000134201
14556.0	0.0003	SVIP	ENSG00000198168
14556.0	0.0003	USP51	ENSG00000247746
14556.0	0.0003	CABP1	ENSG00000157782
14556.0	0.0003	IL1RAP	ENSG00000196083
14556.0	0.0003	VAV1	ENSG00000141968
14556.0	0.0003	GAB2	ENSG00000033327
14556.0	0.0003	NHLRC1	ENSG00000187566
14556.0	0.0003	ELOVL1	ENSG00000066322
14556.0	0.0003	GSTM1	ENSG00000134184
14556.0	0.0003	RAB32	ENSG00000118508
14556.0	0.0003	FARP2	ENSG00000006607
14556.0	0.0003	GMPR	ENSG00000137198
14556.0	0.0003	GMPR2	ENSG00000100938
14556.0	0.0003	RAB14	ENSG00000119396
14556.0	0.0003	GSTM2	ENSG00000213366
14556.0	0.0003	IGFN1	ENSG00000163395
14556.0	0.0003	CD3D	ENSG00000167286
14556.0	0.0003	PACSIN3	ENSG00000165912
14556.0	0.0003	EFNA2	ENSG00000099617
14556.0	0.0003	GSTA3	ENSG00000174156
14556.0	0.0003	AK4	ENSG00000162433
14556.0	0.0003	ACAP3	ENSG00000131584
14556.0	0.0003	ADGRG5	ENSG00000159618
14556.0	0.0003	AQP7P3	ENSG00000156750
14556.0	0.0003	CD300C	ENSG00000167850
14556.0	0.0003	CNGA3	ENSG00000144191
14556.0	0.0003	DEUP1	ENSG00000165325
14556.0	0.0003	EPB41L4B	ENSG00000095203
14556.0	0.0003	GREB1	ENSG00000196208
14556.0	0.0003	GRK3	ENSG00000100077
14556.0	0.0003	IFT20	ENSG00000109083
14556.0	0.0003	LRRC56	ENSG00000161328
14556.0	0.0003	NACAD	ENSG00000136274
14556.0	0.0003	OXR1	ENSG00000164830
14556.0	0.0003	PEBP4	ENSG00000134020
14556.0	0.0003	SLC7A13	ENSG00000164893
14556.0	0.0003	TMEM178B	ENSG00000261115
14556.0	0.0003	TPD52L2	ENSG00000101150
14556.0	0.0003	TRAPPC2B	ENSG00000256060
14556.0	0.0003	ZNF383	ENSG00000188283
14556.0	0.0003	SH3GL2	ENSG00000107295
14556.0	0.0003	NDUFAB1	ENSG00000004779
14556.0	0.0003	CSF3	ENSG00000108342
14556.0	0.0003	NEU3	ENSG00000162139
14556.0	0.0003	TBXA2R	ENSG00000006638
14556.0	0.0003	GSTA2	ENSG00000244067
14556.0	0.0003	HGFAC	ENSG00000109758
14556.0	0.0003	ENTPD4	ENSG00000197217
14556.0	0.0003	ZFAND1	ENSG00000104231
14556.0	0.0003	SLAMF7	ENSG00000026751
14556.0	0.0003	MPP7	ENSG00000150054
14556.0	0.0003	LPGAT1	ENSG00000123684
14556.0	0.0003	MGST2	ENSG00000085871
14556.0	0.0003	H4C7	ENSG00000124578
14556.0	0.0003	HOXB13	ENSG00000159184
14556.0	0.0003	CEP192	ENSG00000101639
14556.0	0.0003	ENTPD6	ENSG00000197586
14556.0	0.0003	ENTPD5	ENSG00000187097
14556.0	0.0003	GSTA5	ENSG00000182793
14556.0	0.0003	RUFY1	ENSG00000176783
14556.0	0.0003	RIMBP2	ENSG00000060709
14556.0	0.0003	DDX50	ENSG00000107625
14556.0	0.0003	CBR3	ENSG00000159231
14556.0	0.0003	GSTK1	ENSG00000197448
14556.0	0.0003	GSTM4	ENSG00000168765
14556.0	0.0003	ENO1	ENSG00000074800
14556.0	0.0003	AK5	ENSG00000154027
14556.0	0.0003	EML4	ENSG00000143924
14556.0	0.0003	ORMDL2	ENSG00000123353
14556.0	0.0003	WDR31	ENSG00000148225
14556.0	0.0003	RBM15B	ENSG00000179837
14556.0	0.0003	PDE1A	ENSG00000115252
14556.0	0.0003	PDE1C	ENSG00000154678
14556.0	0.0003	CITED4	ENSG00000179862
14556.0	0.0003	FBXW10	ENSG00000171931
14556.0	0.0003	TRPC7	ENSG00000069018
14556.0	0.0003	HOXC12	ENSG00000123407
14556.0	0.0003	EBAG9	ENSG00000147654
14556.0	0.0003	INSL3	ENSG00000248099
14556.0	0.0003	SLC2A8	ENSG00000136856
14556.0	0.0003	TAF1L	ENSG00000122728
14556.0	0.0003	FGG	ENSG00000171557
14556.0	0.0003	GJC1	ENSG00000182963
14556.0	0.0003	ST20-MTHFS	ENSG00000259332
14556.0	0.0003	SLC2A12	ENSG00000146411
14556.0	0.0003	NCK1	ENSG00000158092
14556.0	0.0003	RAD54B	ENSG00000197275
14556.0	0.0003	BTF3L4	ENSG00000134717
14556.0	0.0003	MPHOSPH8	ENSG00000196199
14556.0	0.0003	RP11-157G21.2	ENSG00000255836
14556.0	0.0003	TBC1D9B	ENSG00000197226
14556.0	0.0003	RPS6	ENSG00000137154
14556.0	0.0003	YTHDC2	ENSG00000047188
14556.0	0.0003	NDUFB6	ENSG00000165264
14556.0	0.0003	GTF2F1	ENSG00000125651
14556.0	0.0003	HAS1	ENSG00000105509
14556.0	0.0003	CBLB	ENSG00000114423
14556.0	0.0003	ATG4C	ENSG00000125703
14556.0	0.0003	FAN1	ENSG00000198690
14556.0	0.0003	PDZRN4	ENSG00000165966
14556.0	0.0003	H4C9	ENSG00000198339
14556.0	0.0003	S1PR3	ENSG00000213694
14556.0	0.0003	RPS6KA2	ENSG00000071242
14556.0	0.0003	RPL4	ENSG00000174444
14556.0	0.0003	TLN2	ENSG00000171914
14556.0	0.0003	TNFRSF12A	ENSG00000006327
14556.0	0.0003	TIMM8B	ENSG00000150779
14556.0	0.0003	IMPDH1	ENSG00000106348
14556.0	0.0003	ACTBL2	ENSG00000169067
14556.0	0.0003	RAB22A	ENSG00000124209
14556.0	0.0003	CRYBB2	ENSG00000244752
14556.0	0.0003	SLC5A8	ENSG00000256870
14556.0	0.0003	TAF15	ENSG00000172660
14556.0	0.0003	SLC5A12	ENSG00000148942
14556.0	0.0003	TRIM36	ENSG00000152503
14556.0	0.0003	AANAT	ENSG00000129673
14556.0	0.0003	BBOX1	ENSG00000129151
14556.0	0.0003	FRS3	ENSG00000137218
14556.0	0.0003	NDUFS5	ENSG00000168653
14556.0	0.0003	CYP2J2	ENSG00000134716
14556.0	0.0003	GID4	ENSG00000141034
14556.0	0.0003	MRPL13	ENSG00000172172
14556.0	0.0003	LAMB4	ENSG00000091128
14556.0	0.0003	ACOT8	ENSG00000101473
14556.0	0.0003	SEPTIN7	ENSG00000122545
14556.0	0.0003	CRYGD	ENSG00000118231
14556.0	0.0003	ADIPOR2	ENSG00000006831
14556.0	0.0003	POLN	ENSG00000130997
14556.0	0.0003	ADAM19	ENSG00000135074
14556.0	0.0003	MTFP1	ENSG00000242114
14556.0	0.0003	CASP10	ENSG00000003400
14556.0	0.0003	SSH1	ENSG00000084112
14556.0	0.0003	RBPMS	ENSG00000157110
14556.0	0.0003	MTUS2	ENSG00000132938
14556.0	0.0003	GNRH2	ENSG00000125787
14556.0	0.0003	PSMC5	ENSG00000087191
14556.0	0.0003	RNMT	ENSG00000101654
14556.0	0.0003	SULT1E1	ENSG00000109193
14556.0	0.0003	TRPM2	ENSG00000142185
14556.0	0.0003	CDNF	ENSG00000185267
14556.0	0.0003	CNOT7	ENSG00000198791
14556.0	0.0003	LPIN2	ENSG00000101577
14556.0	0.0003	ATXN7L2	ENSG00000162650
14556.0	0.0003	NDUFA9	ENSG00000139180
14556.0	0.0003	HPX	ENSG00000110169
14556.0	0.0003	ZNF414	ENSG00000133250
14556.0	0.0003	MEF2D	ENSG00000116604
14556.0	0.0003	ARHGAP39	ENSG00000147799
14556.0	0.0003	PRDX5	ENSG00000126432
14556.0	0.0003	GRAP	ENSG00000154016
14556.0	0.0003	LIMD1	ENSG00000144791
14556.0	0.0003	HEMK1	ENSG00000114735
14556.0	0.0003	ATG10	ENSG00000152348
14556.0	0.0003	ATP1B4	ENSG00000101892
14556.0	0.0003	ZBTB32	ENSG00000011590
14556.0	0.0003	RTP5	ENSG00000188011
14556.0	0.0003	KDM5D	ENSG00000012817
14556.0	0.0003	NEMP2	ENSG00000189362
14556.0	0.0003	ADH6	ENSG00000172955
14556.0	0.0003	ADH1B	ENSG00000196616
14556.0	0.0003	METTL6	ENSG00000206562
14556.0	0.0003	GTF2A1	ENSG00000165417
14556.0	0.0003	ELL	ENSG00000105656
14556.0	0.0003	RP11-286N22.8	ENSG00000256591
14556.0	0.0003	SDHAF2	ENSG00000167985
14556.0	0.0003	ADH1A	ENSG00000187758
14556.0	0.0003	RPLP2	ENSG00000177600
14556.0	0.0003	C1QTNF3	ENSG00000082196
14556.0	0.0003	NDUFA10	ENSG00000130414
14556.0	0.0003	NDUFA13	ENSG00000186010
14556.0	0.0003	LPIN3	ENSG00000132793
14556.0	0.0003	EIF4E3	ENSG00000163412
14556.0	0.0003	PECR	ENSG00000115425
14556.0	0.0003	PDE7A	ENSG00000205268
14556.0	0.0003	PDE7B	ENSG00000171408
14556.0	0.0003	METTL2B	ENSG00000165055
14556.0	0.0003	LCE4A	ENSG00000187170
14556.0	0.0003	MGMT	ENSG00000170430
14556.0	0.0003	H2BC3	ENSG00000196226
14556.0	0.0003	S100A16	ENSG00000188643
14556.0	0.0003	RO60	ENSG00000116747
14556.0	0.0003	RAB27A	ENSG00000069974
14556.0	0.0003	NACA2	ENSG00000253506
14556.0	0.0003	GCNT3	ENSG00000140297
14556.0	0.0003	ABRAXAS1	ENSG00000163322
14556.0	0.0003	MAP2K5	ENSG00000137764
14556.0	0.0003	PSMC6	ENSG00000100519
14556.0	0.0003	KLRC4	ENSG00000183542
14556.0	0.0003	ECD	ENSG00000122882
14556.0	0.0003	USP30	ENSG00000135093
14556.0	0.0003	ECH1	ENSG00000104823
14556.0	0.0003	NEMP1	ENSG00000166881
14556.0	0.0003	FOXD4L5	ENSG00000204779
14556.0	0.0003	ADH4	ENSG00000198099
14556.0	0.0003	ILF2	ENSG00000143621
14556.0	0.0003	AMPD3	ENSG00000133805
14556.0	0.0003	FOXD4	ENSG00000170122
14556.0	0.0003	RAMAC	ENSG00000169612
14556.0	0.0003	GTF3A	ENSG00000122034
14556.0	0.0003	FOXD4L2	ENSG00000204828
14556.0	0.0003	FOXD4L4	ENSG00000184659
14556.0	0.0003	FOXD4L1	ENSG00000184492
14556.0	0.0003	FOXD4L6	ENSG00000204793
14556.0	0.0003	POLR2C	ENSG00000102978
14556.0	0.0003	HAMP	ENSG00000105697
14556.0	0.0003	CTSG	ENSG00000100448
14556.0	0.0003	TNFRSF13C	ENSG00000159958
14556.0	0.0003	PRICKLE2	ENSG00000163637
14556.0	0.0003	PINX1	ENSG00000254093
14556.0	0.0003	MLLT6	ENSG00000108292
14556.0	0.0003	EXOC3L1	ENSG00000179044
14556.0	0.0003	EVL	ENSG00000196405
14556.0	0.0003	PDCD4	ENSG00000150593
14556.0	0.0003	NDUFB4	ENSG00000065518
14556.0	0.0003	KCNK3	ENSG00000171303
14556.0	0.0003	RPL7L1	ENSG00000146223
14556.0	0.0003	WWC1	ENSG00000113645
14556.0	0.0003	NDUFV3	ENSG00000160194
14556.0	0.0003	CD1D	ENSG00000158473
14556.0	0.0003	NOBOX	ENSG00000106410
14556.0	0.0003	SRI	ENSG00000075142
14556.0	0.0003	DDX54	ENSG00000123064
14556.0	0.0003	CPEB2	ENSG00000137449
14556.0	0.0003	TTF2	ENSG00000116830
14556.0	0.0003	TMOD4	ENSG00000163157
14556.0	0.0003	PPP2R2D	ENSG00000175470
14556.0	0.0003	SRSF9	ENSG00000111786
14556.0	0.0003	HOXC6	ENSG00000197757
14556.0	0.0003	CACNG1	ENSG00000108878
14556.0	0.0003	NAP1L4	ENSG00000205531
14556.0	0.0003	TAS2R10	ENSG00000121318
14556.0	0.0003	USP9Y	ENSG00000114374
14556.0	0.0003	H2BC13	ENSG00000185130
14556.0	0.0003	NUDT16	ENSG00000198585
14556.0	0.0003	NR4A1	ENSG00000123358
14556.0	0.0003	NDUFB2	ENSG00000090266
14556.0	0.0003	RAD54L	ENSG00000085999
14556.0	0.0003	TNFAIP2	ENSG00000185215
14556.0	0.0003	CYP4F3	ENSG00000186529
14556.0	0.0003	CYP4F2	ENSG00000186115
14556.0	0.0003	SCD5	ENSG00000145284
14556.0	0.0003	NR2C1	ENSG00000120798
14556.0	0.0003	NUFIP1	ENSG00000083635
14556.0	0.0003	PPP4R1	ENSG00000154845
14556.0	0.0003	GRAPL	ENSG00000189152
14556.0	0.0003	AXL	ENSG00000167601
14556.0	0.0003	ZFAND4	ENSG00000172671
14556.0	0.0003	DOP1A	ENSG00000083097
14556.0	0.0003	DOP1B	ENSG00000142197
14556.0	0.0003	NDUFA7	ENSG00000167774
14556.0	0.0003	EPS8	ENSG00000151491
14556.0	0.0003	CIAO2A	ENSG00000166797
14556.0	0.0003	GRK1	ENSG00000185974
14556.0	0.0003	KLRC1	ENSG00000134545
14556.0	0.0003	H2AC16	ENSG00000198374
14556.0	0.0003	HNF4G	ENSG00000164749
14556.0	0.0003	GRSF1	ENSG00000132463
14556.0	0.0003	H2AC15	ENSG00000184348
14556.0	0.0003	ENO2	ENSG00000111674
14556.0	0.0003	DMXL1	ENSG00000172869
14556.0	0.0003	H2BC10	ENSG00000168242
14556.0	0.0003	MAPK15	ENSG00000181085
14556.0	0.0003	PGGT1B	ENSG00000164219
14556.0	0.0003	INSL6	ENSG00000120210
14556.0	0.0003	NR1D2	ENSG00000174738
14556.0	0.0003	CDC25A	ENSG00000164045
14556.0	0.0003	UBL4B	ENSG00000186150
14556.0	0.0003	H2BC7	ENSG00000197846
14556.0	0.0003	NDUFC1	ENSG00000109390
14556.0	0.0003	SST	ENSG00000157005
14556.0	0.0003	DDX23	ENSG00000174243
14556.0	0.0003	GPX2	ENSG00000176153
14556.0	0.0003	ADRM1	ENSG00000130706
14556.0	0.0003	KDM4D	ENSG00000186280
14556.0	0.0003	S100G	ENSG00000169906
14556.0	0.0003	H2BC6	ENSG00000197697
14556.0	0.0003	RPL13A	ENSG00000142541
14556.0	0.0003	DYTN	ENSG00000232125
14556.0	0.0003	ZCCHC17	ENSG00000121766
14556.0	0.0003	H2AC13	ENSG00000196747
14556.0	0.0003	ARHGEF6	ENSG00000129675
14556.0	0.0003	NR2F6	ENSG00000160113
14556.0	0.0003	POLR2J	ENSG00000005075
14556.0	0.0003	CETN1	ENSG00000177143
14556.0	0.0003	EPN2	ENSG00000072134
14556.0	0.0003	SEH1L	ENSG00000085415
14556.0	0.0003	EPN3	ENSG00000049283
14556.0	0.0003	H2BC12	ENSG00000197903
14556.0	0.0003	PRKCSH	ENSG00000130175
14556.0	0.0003	S1PR5	ENSG00000180739
14556.0	0.0003	CDCA8	ENSG00000134690
14556.0	0.0003	CACNA2D4	ENSG00000151062
14556.0	0.0003	H2BC8	ENSG00000187990
14556.0	0.0003	GSN	ENSG00000148180
14556.0	0.0003	IAPP	ENSG00000121351
14556.0	0.0003	ESRRB	ENSG00000119715
14556.0	0.0003	NRBP1	ENSG00000115216
14556.0	0.0003	H2BC5	ENSG00000158373
14556.0	0.0003	COX6B2	ENSG00000160471
14556.0	0.0003	DDX3Y	ENSG00000067048
14556.0	0.0003	SHB	ENSG00000107338
14556.0	0.0003	KRTAP5-6	ENSG00000205864
14556.0	0.0003	SH3BP1	ENSG00000100092
14556.0	0.0003	PSMD12	ENSG00000197170
14556.0	0.0003	PSMD6	ENSG00000163636
14556.0	0.0003	GCC2	ENSG00000135968
14556.0	0.0003	NDUFB1	ENSG00000183648
14556.0	0.0003	LEMD1	ENSG00000186007
14556.0	0.0003	H2AC11	ENSG00000196787
14556.0	0.0003	DAPP1	ENSG00000070190
14556.0	0.0003	POLR2I	ENSG00000105258
14556.0	0.0003	LRWD1	ENSG00000161036
14556.0	0.0003	H2AC17	ENSG00000233224
14556.0	0.0003	MCMBP	ENSG00000197771
14556.0	0.0003	NR2C2AP	ENSG00000184162
14556.0	0.0003	POLR2D	ENSG00000144231
14556.0	0.0003	RASSF3	ENSG00000153179
14556.0	0.0003	CNKSR3	ENSG00000153721
14556.0	0.0003	MRPS2	ENSG00000122140
14556.0	0.0003	H2BC15	ENSG00000233822
14556.0	0.0003	LRRTM4	ENSG00000176204
14556.0	0.0003	EFNB3	ENSG00000108947
14556.0	0.0003	H2BC9	ENSG00000197459
14556.0	0.0003	HERPUD1	ENSG00000051108
14556.0	0.0003	RP1	ENSG00000104237
14556.0	0.0003	CHST6	ENSG00000183196
14556.0	0.0003	KIF18A	ENSG00000121621
14556.0	0.0003	CHST5	ENSG00000135702
14556.0	0.0003	CTSZ	ENSG00000101160
14556.0	0.0003	SLC2A7	ENSG00000197241
14556.0	0.0003	DYNLT1	ENSG00000146425
14556.0	0.0003	DAOA	ENSG00000182346
14556.0	0.0003	CHST1	ENSG00000175264
14556.0	0.0003	DGKA	ENSG00000065357
14556.0	0.0003	MMP24	ENSG00000125966
14556.0	0.0003	DGKH	ENSG00000102780
14556.0	0.0003	RPL12	ENSG00000197958
14556.0	0.0003	EIF3J	ENSG00000104131
14556.0	0.0003	TNFRSF9	ENSG00000049249
14556.0	0.0003	TBX21	ENSG00000073861
14556.0	0.0003	TUBA3D	ENSG00000075886
14556.0	0.0003	DGKG	ENSG00000058866
14556.0	0.0003	DGKE	ENSG00000153933
14556.0	0.0003	ENPEP	ENSG00000138792
14556.0	0.0003	EMID1	ENSG00000186998
14556.0	0.0003	TADA2B	ENSG00000173011
14556.0	0.0003	RASGRP2	ENSG00000068831
14556.0	0.0003	TAF3	ENSG00000165632
14556.0	0.0003	AC010240.3	ENSG00000229738
14556.0	0.0003	SNRNP27	ENSG00000124380
14556.0	0.0003	HLA-B	ENSG00000234745
14556.0	0.0003	ARHGAP44	ENSG00000006740
14556.0	0.0003	NPM3	ENSG00000107833
14556.0	0.0003	RPS11	ENSG00000142534
14556.0	0.0003	H2BC1	ENSG00000146047
14556.0	0.0003	MMP11	ENSG00000099953
14556.0	0.0003	PRP4K	ENSG00000112739
14556.0	0.0003	RP11-78H18.2	ENSG00000229817
14556.0	0.0003	GCNT4	ENSG00000176928
14556.0	0.0003	EPC2	ENSG00000135999
14556.0	0.0003	ERP29	ENSG00000089248
14556.0	0.0003	SCN11A	ENSG00000168356
14556.0	0.0003	CPA3	ENSG00000163751
14556.0	0.0003	H2AC8	ENSG00000168274
14556.0	0.0003	CCT6B	ENSG00000132141
14556.0	0.0003	HLA-C	ENSG00000204525
14556.0	0.0003	WIPF1	ENSG00000115935
14556.0	0.0003	HLA-A	ENSG00000206503
14556.0	0.0003	RASGRP1	ENSG00000172575
14556.0	0.0003	RPL21	ENSG00000122026
14556.0	0.0003	GTF2A2	ENSG00000140307
14556.0	0.0003	TIAM2	ENSG00000146426
14556.0	0.0003	HCST	ENSG00000126264
14556.0	0.0003	MCMDC2	ENSG00000178460
14556.0	0.0003	WDR38	ENSG00000136918
14556.0	0.0003	CACNG6	ENSG00000130433
14556.0	0.0003	UBE2W	ENSG00000104343
14556.0	0.0003	DDIT3	ENSG00000175197
14556.0	0.0003	GDPD5	ENSG00000158555
14556.0	0.0003	MMP25	ENSG00000008516
14556.0	0.0003	SIRT3	ENSG00000142082
14556.0	0.0003	CACNA1F	ENSG00000102001
14556.0	0.0003	CATSPERG	ENSG00000099338
14556.0	0.0003	STAU1	ENSG00000124214
14556.0	0.0003	IRAG1	ENSG00000072952
14556.0	0.0003	DRD3	ENSG00000151577
14556.0	0.0003	ALDH8A1	ENSG00000118514
14556.0	0.0003	TPT1	ENSG00000133112
14556.0	0.0003	CHST2	ENSG00000175040
14556.0	0.0003	WIPF2	ENSG00000171475
14556.0	0.0003	TINAG	ENSG00000137251
14556.0	0.0003	RASGRP3	ENSG00000152689
14556.0	0.0003	ZNF281	ENSG00000162702
14556.0	0.0003	CCN1	ENSG00000142871
14556.0	0.0003	TAF7L	ENSG00000102387
14556.0	0.0003	COA6	ENSG00000168275
14556.0	0.0003	TMOD2	ENSG00000128872
14556.0	0.0003	MB	ENSG00000198125
14556.0	0.0003	ASB4	ENSG00000005981
14556.0	0.0003	H2AC1	ENSG00000164508
14556.0	0.0003	H2AC4	ENSG00000137259
14556.0	0.0003	RASGRP4	ENSG00000171777
14556.0	0.0003	FOXO4	ENSG00000184481
14556.0	0.0003	SPATA2	ENSG00000158480
14556.0	0.0003	CATSPERB	ENSG00000133962
14556.0	0.0003	ADAP2	ENSG00000184060
14556.0	0.0003	HABP4	ENSG00000130956
14556.0	0.0003	ZBED4	ENSG00000100426
14556.0	0.0003	CCDC85B	ENSG00000175602
14556.0	0.0003	AMER2	ENSG00000165566
14556.0	0.0003	ENDOU	ENSG00000111405
14556.0	0.0003	PNRC1	ENSG00000146278
14556.0	0.0003	MACROH2A2	ENSG00000099284
14556.0	0.0003	CD226	ENSG00000150637
14556.0	0.0003	CA6	ENSG00000131686
14556.0	0.0003	CYSTM1	ENSG00000120306
14556.0	0.0003	ZNF706	ENSG00000120963
14556.0	0.0003	TUBG2	ENSG00000037042
14556.0	0.0003	DYNLT2	ENSG00000184786
14556.0	0.0003	MYLK2	ENSG00000101306
14556.0	0.0003	PPM1H	ENSG00000111110
14556.0	0.0003	MYL5	ENSG00000215375
14556.0	0.0003	CATSPER2	ENSG00000166762
14556.0	0.0003	MMRN1	ENSG00000138722
14556.0	0.0003	TNP2	ENSG00000178279
14556.0	0.0003	PDIA2	ENSG00000185615
14556.0	0.0003	EIF5B	ENSG00000158417
14556.0	0.0003	MYOM1	ENSG00000101605
14556.0	0.0003	CATSPER1	ENSG00000175294
14556.0	0.0003	FCER1G	ENSG00000158869
14556.0	0.0003	TRIM54	ENSG00000138100
14556.0	0.0003	H2BC26	ENSG00000196890
14556.0	0.0003	DAZAP2	ENSG00000183283
14556.0	0.0003	DNAJB7	ENSG00000172404
14556.0	0.0003	CATSPER3	ENSG00000152705
14556.0	0.0003	MOGAT2	ENSG00000166391
14556.0	0.0003	PTRH1	ENSG00000187024
14556.0	0.0003	H2BC17	ENSG00000196331
14556.0	0.0003	ITSN2	ENSG00000198399
14556.0	0.0003	TAGLN	ENSG00000149591
14556.0	0.0003	H2AC18	ENSG00000183558
14556.0	0.0003	DCLK3	ENSG00000163673
14556.0	0.0003	PCTP	ENSG00000141179
14556.0	0.0003	RPL17-C18orf32	ENSG00000215472
14556.0	0.0003	TRAM1	ENSG00000067167
14556.0	0.0003	RPL17	ENSG00000265681
14556.0	0.0003	STRA8	ENSG00000146857
14556.0	0.0003	PEF1	ENSG00000162517
14556.0	0.0003	CATSPER4	ENSG00000188782
14556.0	0.0003	IFNAR1	ENSG00000142166
14556.0	0.0003	NMRAL1	ENSG00000153406
14556.0	0.0003	GTF2H2	ENSG00000145736
14556.0	0.0003	PSMD10	ENSG00000101843
14556.0	0.0003	DUSP10	ENSG00000143507
14556.0	0.0003	YBX3	ENSG00000060138
14556.0	0.0003	EPHA1	ENSG00000146904
14556.0	0.0003	WDR6	ENSG00000178252
14556.0	0.0003	PRR25	ENSG00000167945
14556.0	0.0003	COMMD6	ENSG00000188243
14556.0	0.0003	MCTS1	ENSG00000232119
14556.0	0.0003	UTP4	ENSG00000141076
14556.0	0.0003	EIF1B	ENSG00000114784
14556.0	0.0003	H2AC6	ENSG00000180573
14556.0	0.0003	JPH2	ENSG00000149596
14556.0	0.0003	SHANK1	ENSG00000161681
14556.0	0.0003	PGLS	ENSG00000130313
14556.0	0.0003	TXNL1	ENSG00000091164
14556.0	0.0003	TMEM106C	ENSG00000134291
14556.0	0.0003	ACP4	ENSG00000142513
14556.0	0.0003	H2AC14	ENSG00000182611
14556.0	0.0003	RPP14	ENSG00000163684
14556.0	0.0003	PPBP	ENSG00000163736
14556.0	0.0003	SERPINA1	ENSG00000197249
14556.0	0.0003	LAMC3	ENSG00000050555
14556.0	0.0003	CFD	ENSG00000197766
14556.0	0.0003	SLC25A11	ENSG00000108528
14556.0	0.0003	NTF4	ENSG00000225950
14556.0	0.0003	CSNK1A1L	ENSG00000180138
14556.0	0.0003	VEGFB	ENSG00000173511
14556.0	0.0003	TAGLN2	ENSG00000158710
14556.0	0.0003	AKAP4	ENSG00000147081
14556.0	0.0003	DYNC1LI2	ENSG00000135720
14556.0	0.0003	SERPINF2	ENSG00000167711
14556.0	0.0003	TAGLN3	ENSG00000144834
14556.0	0.0003	HMOX2	ENSG00000103415
14556.0	0.0003	MMP26	ENSG00000167346
14556.0	0.0003	LSG1	ENSG00000041802
14556.0	0.0003	H2AC7	ENSG00000196866
14556.0	0.0003	FZD10	ENSG00000111432
14556.0	0.0003	MYLK4	ENSG00000145949
14556.0	0.0003	DYNC1LI1	ENSG00000144635
14556.0	0.0003	ADCY6	ENSG00000174233
14556.0	0.0003	NEBL	ENSG00000078114
14556.0	0.0003	BLVRB	ENSG00000090013
14556.0	0.0003	SOCS4	ENSG00000180008
14556.0	0.0003	ERGIC2	ENSG00000087502
14556.0	0.0003	UBE2H	ENSG00000186591
14556.0	0.0003	NCKIPSD	ENSG00000213672
14556.0	0.0003	RANGRF	ENSG00000108961
14556.0	0.0003	ZDHHC2	ENSG00000104219
14556.0	0.0003	TMSB4X	ENSG00000205542
14556.0	0.0003	RPL32	ENSG00000144713
14556.0	0.0003	COX7A1	ENSG00000161281
14556.0	0.0003	STARD5	ENSG00000172345
14556.0	0.0003	SRGN	ENSG00000122862
14556.0	0.0003	ENTPD2	ENSG00000054179
14556.0	0.0003	GAB4	ENSG00000215568
14556.0	0.0003	F13A1	ENSG00000124491
14556.0	0.0003	SLC9B2	ENSG00000164038
14556.0	0.0003	PLEK	ENSG00000115956
14556.0	0.0003	RHOH	ENSG00000168421
14556.0	0.0003	RHOBTB1	ENSG00000072422
14556.0	0.0003	SHF	ENSG00000138606
14556.0	0.0003	RHOV	ENSG00000104140
14556.0	0.0003	CCL3	ENSG00000006075
14556.0	0.0003	CCT8L2	ENSG00000198445
14556.0	0.0003	SORBS2	ENSG00000154556
14556.0	0.0003	TLL2	ENSG00000095587
14556.0	0.0003	ANLN	ENSG00000011426
14556.0	0.0003	TUBGCP3	ENSG00000126216
14556.0	0.0003	RANBP3	ENSG00000031823
14556.0	0.0003	ATF7IP	ENSG00000171681
14556.0	0.0003	SPATA2L	ENSG00000158792
14556.0	0.0003	HYKK	ENSG00000188266
14556.0	0.0003	ACYP2	ENSG00000170634
14556.0	0.0003	GRM4	ENSG00000124493
14556.0	0.0003	NOC4L	ENSG00000184967
14556.0	0.0003	ZDHHC20	ENSG00000180776
14556.0	0.0003	ABCE1	ENSG00000164163
14556.0	0.0003	BORCS8-MEF2B	ENSG00000064489
14556.0	0.0003	IFFO2	ENSG00000169991
14556.0	0.0003	HECW1	ENSG00000002746
14556.0	0.0003	RIPOR2	ENSG00000111913
14556.0	0.0003	ADA	ENSG00000196839
14556.0	0.0003	CSF2RB	ENSG00000100368
14556.0	0.0003	ACYP1	ENSG00000119640
14556.0	0.0003	H2AC25	ENSG00000181218
14556.0	0.0003	TRA2B	ENSG00000136527
14556.0	0.0003	CATSPERD	ENSG00000174898
14556.0	0.0003	POGLUT2	ENSG00000134901
14556.0	0.0003	ABR	ENSG00000159842
14556.0	0.0003	BLTP3A	ENSG00000065060
14556.0	0.0003	SYT8	ENSG00000149043
14556.0	0.0003	P2RY1	ENSG00000169860
14556.0	0.0003	WIPF3	ENSG00000122574
14556.0	0.0003	RPL18A	ENSG00000105640
14556.0	0.0003	ART5	ENSG00000167311
14556.0	0.0003	SND1	ENSG00000197157
14556.0	0.0003	LIN52	ENSG00000205659
14556.0	0.0003	S1PR4	ENSG00000125910
14556.0	0.0003	PRR20B	ENSG00000204918
14556.0	0.0003	SHC4	ENSG00000185634
14556.0	0.0003	CCR1	ENSG00000163823
14556.0	0.0003	IL9	ENSG00000145839
14556.0	0.0003	SESN2	ENSG00000130766
14556.0	0.0003	DIMT1	ENSG00000086189
14556.0	0.0003	RPL39	ENSG00000198918
14556.0	0.0003	TUBD1	ENSG00000108423
14556.0	0.0003	TPBG	ENSG00000146242
14556.0	0.0003	IL4R	ENSG00000077238
14556.0	0.0003	IL22RA1	ENSG00000142677
14556.0	0.0003	IL12RB1	ENSG00000096996
14556.0	0.0003	CRIP1	ENSG00000213145
14556.0	0.0003	SFRP4	ENSG00000106483
14556.0	0.0003	GALNTL6	ENSG00000174473
14556.0	0.0003	RNF121	ENSG00000137522
14556.0	0.0003	CSF2RA	ENSG00000198223
14556.0	0.0003	OSMR	ENSG00000145623
14556.0	0.0003	RAPGEF6	ENSG00000158987
14556.0	0.0003	IL20RB	ENSG00000174564
14556.0	0.0003	ZC3H18	ENSG00000158545
14556.0	0.0003	GLRA4	ENSG00000188828
14556.0	0.0003	TRIM25	ENSG00000121060
14556.0	0.0003	DDHD1	ENSG00000100523
14556.0	0.0003	IL10RA	ENSG00000110324
14556.0	0.0003	GALNT18	ENSG00000110328
14556.0	0.0003	GALNT16	ENSG00000100626
14556.0	0.0003	IFNAR2	ENSG00000159110
14556.0	0.0003	NAA50	ENSG00000121579
14556.0	0.0003	NKX6-3	ENSG00000165066
14556.0	0.0003	IL12RB2	ENSG00000081985
14556.0	0.0003	IL20RA	ENSG00000016402
14556.0	0.0003	IL3RA	ENSG00000185291
14556.0	0.0003	ARHGAP29	ENSG00000137962
14556.0	0.0003	IFNGR2	ENSG00000159128
14556.0	0.0003	IL13RA1	ENSG00000131724
14556.0	0.0003	IFNLR1	ENSG00000185436
14556.0	0.0003	CSF3R	ENSG00000119535
14556.0	0.0003	IL21R	ENSG00000103522
14556.0	0.0003	TRMT6	ENSG00000089195
14556.0	0.0003	RARRES1	ENSG00000118849
14556.0	0.0003	H2AB3	ENSG00000185978
14556.0	0.0003	H2AB1	ENSG00000198082
14556.0	0.0003	IL22RA2	ENSG00000164485
14556.0	0.0003	PHKA1	ENSG00000067177
14556.0	0.0003	ITGAL	ENSG00000005844
14556.0	0.0003	ECHDC2	ENSG00000121310
14556.0	0.0003	CYP4A22	ENSG00000162365
14556.0	0.0003	RPL22	ENSG00000116251
14556.0	0.0003	H2BC18	ENSG00000203814
14556.0	0.0003	SIGIRR	ENSG00000185187
14556.0	0.0003	H2BW1	ENSG00000123569
14556.0	0.0003	SERF1A	ENSG00000172058
14556.0	0.0003	H2AJ	ENSG00000246705
14556.0	0.0003	PPP1R1B	ENSG00000131771
14556.0	0.0003	RPL19	ENSG00000108298
14556.0	0.0003	H2AC12	ENSG00000184825
14556.0	0.0003	ASMT	ENSG00000196433
14556.0	0.0003	PRLHR	ENSG00000119973
14556.0	0.0003	EFNA3	ENSG00000143590
14556.0	0.0003	ADAP1	ENSG00000105963
14556.0	0.0003	MRPS12	ENSG00000128626
14556.0	0.0003	PUM2	ENSG00000055917
14556.0	0.0003	ZNF274	ENSG00000171606
14556.0	0.0003	RASA3	ENSG00000185989
14556.0	0.0003	RASAL2	ENSG00000075391
14556.0	0.0003	GALNT17	ENSG00000185274
14556.0	0.0003	TIPIN	ENSG00000075131
14556.0	0.0003	GCC1	ENSG00000179562
14556.0	0.0003	ATXN10	ENSG00000130638
14556.0	0.0003	POC1B-GALNT4	ENSG00000259075
14556.0	0.0003	GALNTL5	ENSG00000106648
14556.0	0.0003	EPHA5	ENSG00000145242
14556.0	0.0003	ALPK3	ENSG00000136383
14556.0	0.0003	CNTROB	ENSG00000170037
14556.0	0.0003	COPS8	ENSG00000198612
14556.0	0.0003	DBF4B	ENSG00000161692
14556.0	0.0003	TICAM2	ENSG00000243414
14556.0	0.0003	USP45	ENSG00000123552
14556.0	0.0003	CASP12	ENSG00000204403
14556.0	0.0003	RNF135	ENSG00000181481
14556.0	0.0003	PYDC1	ENSG00000169900
14556.0	0.0003	COPS4	ENSG00000138663
14556.0	0.0003	SHC2	ENSG00000129946
14556.0	0.0003	SFTPB	ENSG00000168878
14556.0	0.0003	SUPT20H	ENSG00000102710
14556.0	0.0003	HNRNPUL2	ENSG00000214753
14556.0	0.0003	RPL22L1	ENSG00000163584
14556.0	0.0003	EFNA4	ENSG00000243364
14556.0	0.0003	PKLR	ENSG00000143627
14556.0	0.0003	IWS1	ENSG00000163166
14556.0	0.0003	CXCR3	ENSG00000186810
14556.0	0.0003	STON2	ENSG00000140022
14556.0	0.0003	METTL8	ENSG00000123600
14556.0	0.0003	CNOT6L	ENSG00000138767
14556.0	0.0003	NR3C2	ENSG00000151623
14556.0	0.0003	ZNF398	ENSG00000197024
14556.0	0.0003	C12orf75	ENSG00000235162
14556.0	0.0003	COPS3	ENSG00000141030
14556.0	0.0003	METTL2A	ENSG00000087995
14556.0	0.0003	PLA2G15	ENSG00000103066
14556.0	0.0003	ADCY7	ENSG00000121281
14556.0	0.0003	RNF175	ENSG00000145428
14556.0	0.0003	ERLEC1	ENSG00000068912
14556.0	0.0003	RASL10A	ENSG00000100276
14556.0	0.0003	WDR83OS	ENSG00000105583
14556.0	0.0003	OIP5	ENSG00000104147
14556.0	0.0003	GUCY1A1	ENSG00000164116
14556.0	0.0003	LIN54	ENSG00000189308
14556.0	0.0003	ZNF22-AS1	ENSG00000165511
14556.0	0.0003	GRM2	ENSG00000164082
14556.0	0.0003	CEP72	ENSG00000112877
14556.0	0.0003	DOK5	ENSG00000101134
14556.0	0.0003	ADCY2	ENSG00000078295
14556.0	0.0003	ADCY4	ENSG00000129467
14556.0	0.0003	CCR2	ENSG00000121807
14556.0	0.0003	POC5	ENSG00000152359
14556.0	0.0003	FAT1	ENSG00000083857
14556.0	0.0003	TRIAP1	ENSG00000170855
14556.0	0.0003	SERF1B	ENSG00000205572
14556.0	0.0003	MAP7D1	ENSG00000116871
14556.0	0.0003	CCR7	ENSG00000126353
14556.0	0.0003	ADCY5	ENSG00000173175
14556.0	0.0003	NMI	ENSG00000123609
14556.0	0.0003	TWF2	ENSG00000247596
14556.0	0.0003	SH3GL3	ENSG00000140600
14556.0	0.0003	GK5	ENSG00000175066
14556.0	0.0003	MRPL19	ENSG00000115364
14556.0	0.0003	GUCY1A2	ENSG00000152402
14556.0	0.0003	IL17RA	ENSG00000177663
14556.0	0.0003	LIN9	ENSG00000183814
14556.0	0.0003	MAFF	ENSG00000185022
14556.0	0.0003	TXNDC2	ENSG00000168454
14556.0	0.0003	ACTR1A	ENSG00000138107
14556.0	0.0003	CCL17	ENSG00000102970
14556.0	0.0003	SESN3	ENSG00000149212
14556.0	0.0003	KNTC1	ENSG00000184445
14556.0	0.0003	RGS3	ENSG00000138835
14556.0	0.0003	NEK2	ENSG00000117650
14556.0	0.0003	ALDH16A1	ENSG00000161618
14556.0	0.0003	KLC3	ENSG00000104892
14556.0	0.0003	TRIM44	ENSG00000166326
14556.0	0.0003	CNOT6	ENSG00000113300
14556.0	0.0003	SSTR3	ENSG00000183473
14556.0	0.0003	PIM1	ENSG00000137193
14556.0	0.0003	MCF2	ENSG00000101977
14556.0	0.0003	MAFK	ENSG00000198517
14556.0	0.0003	LIN37	ENSG00000267796
14556.0	0.0003	ADAL	ENSG00000168803
14556.0	0.0003	HAUS2	ENSG00000137814
14556.0	0.0003	IL23A	ENSG00000110944
14556.0	0.0003	IL17RB	ENSG00000056736
14556.0	0.0003	TUBA8	ENSG00000183785
14556.0	0.0003	AGFG2	ENSG00000106351
14556.0	0.0003	CEP250	ENSG00000126001
14556.0	0.0003	ODF2	ENSG00000136811
14556.0	0.0003	HELQ	ENSG00000163312
14556.0	0.0003	ACKR2	ENSG00000144648
14556.0	0.0003	CXCR5	ENSG00000160683
14556.0	0.0003	SSNA1	ENSG00000176101
14556.0	0.0003	SERPINA4	ENSG00000100665
14556.0	0.0003	CEP78	ENSG00000148019
14556.0	0.0003	CCR8	ENSG00000179934
14556.0	0.0003	EPHB6	ENSG00000106123
14556.0	0.0003	SHC3	ENSG00000148082
14556.0	0.0003	CFAP100	ENSG00000163885
14556.0	0.0003	CCL5	ENSG00000161570
14556.0	0.0003	RTN2	ENSG00000125744
14556.0	0.0003	TXNDC12	ENSG00000117862
14556.0	0.0003	TXNDC9	ENSG00000115514
14556.0	0.0003	CHAF1A	ENSG00000167670
14556.0	0.0003	GUCY2C	ENSG00000070019
14556.0	0.0003	C9orf78	ENSG00000136819
14556.0	0.0003	TMCC1	ENSG00000172765
14556.0	0.0003	CYP4V2	ENSG00000145476
14556.0	0.0003	RASA4	ENSG00000105808
14556.0	0.0003	GPX3	ENSG00000211445
14556.0	0.0003	PRPS1L1	ENSG00000229937
14556.0	0.0003	EVI5	ENSG00000067208
14556.0	0.0003	GGH	ENSG00000137563
14556.0	0.0003	CYP20A1	ENSG00000119004
14556.0	0.0003	CYP4B1	ENSG00000142973
14556.0	0.0003	CYP4F11	ENSG00000171903
14556.0	0.0003	CYP4F12	ENSG00000186204
14556.0	0.0003	CYP4X1	ENSG00000186377
14556.0	0.0003	CYP4Z1	ENSG00000186160
14556.0	0.0003	GPX7	ENSG00000116157
14556.0	0.0003	TRIM63	ENSG00000158022
14556.0	0.0003	PPP2R5B	ENSG00000068971
14556.0	0.0003	METAP1D	ENSG00000172878
14556.0	0.0003	PLEKHG4	ENSG00000196155
14556.0	0.0003	PPP2R5E	ENSG00000154001
14556.0	0.0003	H1-1	ENSG00000124610
14556.0	0.0003	ENTHD1	ENSG00000176177
14556.0	0.0003	MYO1A	ENSG00000166866
14556.0	0.0003	SOCS6	ENSG00000170677
14556.0	0.0003	ZNF385B	ENSG00000144331
14556.0	0.0003	SEP15	ENSG00000183291
14556.0	0.0003	PODXL2	ENSG00000114631
14556.0	0.0003	WSB2	ENSG00000176871
14556.0	0.0003	CFAP52	ENSG00000166596
14556.0	0.0003	EIF1AX	ENSG00000173674
14556.0	0.0003	METAP1	ENSG00000164024
14556.0	0.0003	RMI2	ENSG00000175643
14556.0	0.0003	RECQL5	ENSG00000108469
14556.0	0.0003	CHD5	ENSG00000116254
14556.0	0.0003	RCAN1	ENSG00000159200
14556.0	0.0003	EPHA8	ENSG00000070886
14556.0	0.0003	CREBZF	ENSG00000137504
14556.0	0.0003	TANC1	ENSG00000115183
14556.0	0.0003	PHYHIP	ENSG00000168490
14556.0	0.0003	TNFAIP6	ENSG00000123610
14556.0	0.0003	WDR88	ENSG00000166359
14556.0	0.0003	NPTX2	ENSG00000106236
14556.0	0.0003	NET1	ENSG00000173848
14556.0	0.0003	SPDEF	ENSG00000124664
14556.0	0.0003	CCR4	ENSG00000183813
14556.0	0.0003	NGEF	ENSG00000066248
14556.0	0.0003	CCNB3	ENSG00000147082
14556.0	0.0003	EPHA10	ENSG00000183317
14556.0	0.0003	ARHGEF16	ENSG00000130762
14556.0	0.0003	MOB1B	ENSG00000173542
14556.0	0.0003	BORA	ENSG00000136122
14556.0	0.0003	KCNJ15	ENSG00000157551
14556.0	0.0003	RAPH1	ENSG00000173166
14556.0	0.0003	TRMT2A	ENSG00000099899
14556.0	0.0003	RAP1GAP	ENSG00000076864
14556.0	0.0003	ARHGEF18	ENSG00000104880
14556.0	0.0003	CTD-2207O23.3	ENSG00000268861
14556.0	0.0003	FGD3	ENSG00000127084
14556.0	0.0003	FGD2	ENSG00000146192
14556.0	0.0003	SYTL4	ENSG00000102362
14556.0	0.0003	TPPP	ENSG00000171368
14556.0	0.0003	SERPINB5	ENSG00000206075
14556.0	0.0003	CCR9	ENSG00000173585
14556.0	0.0003	HSD17B14	ENSG00000087076
14556.0	0.0003	CCL7	ENSG00000108688
14556.0	0.0003	ATAD3B	ENSG00000160072
14556.0	0.0003	LRRC59	ENSG00000108829
14556.0	0.0003	N4BP3	ENSG00000145911
14556.0	0.0003	ZNF770	ENSG00000198146
14556.0	0.0003	YJEFN3	ENSG00000250067
14556.0	0.0003	CCL22	ENSG00000102962
14556.0	0.0003	S100A4	ENSG00000196154
14556.0	0.0003	OSBP2	ENSG00000184792
14556.0	0.0003	OXTR	ENSG00000180914
14556.0	0.0003	RASA4B	ENSG00000170667
14556.0	0.0003	EIF3K	ENSG00000178982
14556.0	0.0003	TBC1D14	ENSG00000132405
14556.0	0.0003	RETN	ENSG00000104918
14556.0	0.0003	MOS	ENSG00000172680
14556.0	0.0003	KLHDC10	ENSG00000128607
14556.0	0.0003	SF3B14	ENSG00000115128
14556.0	0.0003	DAP3	ENSG00000132676
14556.0	0.0003	GPS1	ENSG00000169727
14556.0	0.0003	RAB8B	ENSG00000166128
14556.0	0.0003	PDE6C	ENSG00000095464
14556.0	0.0003	SELENOW	ENSG00000178980
14556.0	0.0003	SORD	ENSG00000140263
14556.0	0.0003	CCN4	ENSG00000104415
14556.0	0.0003	SESN1	ENSG00000080546
14556.0	0.0003	GPX5	ENSG00000224586
14556.0	0.0003	MNS1	ENSG00000138587
14556.0	0.0003	PTGES3	ENSG00000110958
14556.0	0.0003	MIF4GD	ENSG00000125457
14556.0	0.0003	ABRAXAS2	ENSG00000165660
14556.0	0.0003	TNFRSF10B	ENSG00000120889
14556.0	0.0003	ZNF569	ENSG00000196437
14556.0	0.0003	COPS7A	ENSG00000111652
14556.0	0.0003	TEF	ENSG00000167074
14556.0	0.0003	FASLG	ENSG00000117560
14556.0	0.0003	PLXNC1	ENSG00000136040
14556.0	0.0003	PLS3	ENSG00000102024
14556.0	0.0003	RASL11A	ENSG00000122035
14556.0	0.0003	PBK	ENSG00000168078
14556.0	0.0003	BRAP	ENSG00000089234
14556.0	0.0003	SRSF5	ENSG00000100650
14556.0	0.0003	MARCHF4	ENSG00000144583
14556.0	0.0003	KTN1	ENSG00000126777
14556.0	0.0003	CXCR6	ENSG00000172215
14556.0	0.0003	STAB1	ENSG00000010327
14556.0	0.0003	H1-5	ENSG00000184357
14556.0	0.0003	UVSSA	ENSG00000163945
14556.0	0.0003	MFSD4A	ENSG00000174514
14556.0	0.0003	ZNF431	ENSG00000196705
14556.0	0.0003	RAB27B	ENSG00000041353
14556.0	0.0003	ABCA3	ENSG00000167972
14556.0	0.0003	RAP1GAP2	ENSG00000132359
14556.0	0.0003	GGN	ENSG00000179168
14556.0	0.0003	COMMD7	ENSG00000149600
14556.0	0.0003	KHK	ENSG00000138030
14556.0	0.0003	DGCR6	ENSG00000183628
14556.0	0.0003	ACAD8	ENSG00000151498
14556.0	0.0003	CASP7	ENSG00000165806
14556.0	0.0003	ILVBL	ENSG00000105135
14556.0	0.0003	SPOCK1	ENSG00000152377
14556.0	0.0003	DDX4	ENSG00000152670
14556.0	0.0003	ESRP2	ENSG00000103067
14556.0	0.0003	REPIN1	ENSG00000214022
14556.0	0.0003	HNRNPDL	ENSG00000152795
14556.0	0.0003	CISH	ENSG00000114737
14556.0	0.0003	PHAX	ENSG00000164902
14556.0	0.0003	SSH2	ENSG00000141298
14556.0	0.0003	TCL1B	ENSG00000213231
14556.0	0.0003	PDE6H	ENSG00000139053
14556.0	0.0003	DDIT4	ENSG00000168209
14556.0	0.0003	DNMBP	ENSG00000107554
14556.0	0.0003	FRK	ENSG00000111816
14556.0	0.0003	KREMEN2	ENSG00000131650
14556.0	0.0003	PLEKHA2	ENSG00000169499
14556.0	0.0003	SERPINB8	ENSG00000166401
14556.0	0.0003	CAMKK1	ENSG00000004660
14556.0	0.0003	NUDT5	ENSG00000165609
14556.0	0.0003	STXBP2	ENSG00000076944
14556.0	0.0003	DOK6	ENSG00000206052
14556.0	0.0003	ADGRB1	ENSG00000181790
14556.0	0.0003	IL12A	ENSG00000168811
14556.0	0.0003	RBM15	ENSG00000162775
14556.0	0.0003	TPI1	ENSG00000111669
14556.0	0.0003	SOBP	ENSG00000112320
14556.0	0.0003	ELF1	ENSG00000120690
14556.0	0.0003	HACL1	ENSG00000131373
14556.0	0.0003	ANO4	ENSG00000151572
14556.0	0.0003	ELF4	ENSG00000102034
14556.0	0.0003	MTRNR2L5	ENSG00000249860
14556.0	0.0003	SUSD4	ENSG00000143502
14556.0	0.0003	PRELID1	ENSG00000169230
14556.0	0.0003	DLGAP5	ENSG00000126787
14556.0	0.0003	GPX6	ENSG00000198704
14556.0	0.0003	IL17B	ENSG00000127743
14556.0	0.0003	RD3	ENSG00000198570
14556.0	0.0003	PHPT1	ENSG00000054148
14556.0	0.0003	APBB1IP	ENSG00000077420
14556.0	0.0003	DNAJB4	ENSG00000162616
14556.0	0.0003	DCTPP1	ENSG00000179958
14556.0	0.0003	CXCL10	ENSG00000169245
14556.0	0.0003	SPIB	ENSG00000269404
14556.0	0.0003	TIMP4	ENSG00000157150
14556.0	0.0003	CCDC59	ENSG00000133773
14556.0	0.0003	SIPA1	ENSG00000213445
14556.0	0.0003	TICAM1	ENSG00000127666
14556.0	0.0003	C19orf25	ENSG00000119559
14556.0	0.0003	TCEAL4	ENSG00000133142
14556.0	0.0003	SLC25A32	ENSG00000164933
14556.0	0.0003	CIB1	ENSG00000185043
14556.0	0.0003	IL1RL1	ENSG00000115602
14556.0	0.0003	RBKS	ENSG00000171174
14556.0	0.0003	PSMD3	ENSG00000108344
14556.0	0.0003	BRMS1	ENSG00000174744
14556.0	0.0003	JADE2	ENSG00000043143
14556.0	0.0003	TRDMT1	ENSG00000107614
14556.0	0.0003	BRMS1L	ENSG00000100916
14556.0	0.0003	PSMA4	ENSG00000041357
14556.0	0.0003	PSMD13	ENSG00000185627
14556.0	0.0003	YEATS2	ENSG00000163872
14556.0	0.0003	PSMB4	ENSG00000159377
14556.0	0.0003	PSMB3	ENSG00000108294
14556.0	0.0003	PSMB7	ENSG00000136930
14556.0	0.0003	PDE3B	ENSG00000152270
14556.0	0.0003	PSMB6	ENSG00000142507
14556.0	0.0003	ELOVL2	ENSG00000197977
14556.0	0.0003	SLC14A1	ENSG00000141469
14556.0	0.0003	PSME2	ENSG00000100911
14556.0	0.0003	TSPYL5	ENSG00000180543
14556.0	0.0003	PSME4	ENSG00000068878
14556.0	0.0003	STAT4	ENSG00000138378
14556.0	0.0003	CX3CR1	ENSG00000168329
14556.0	0.0003	PSME1	ENSG00000092010
14556.0	0.0003	DNAJB5	ENSG00000137094
14556.0	0.0003	RAB40AL	ENSG00000102128
14556.0	0.0003	PSMD9	ENSG00000110801
14556.0	0.0003	PRM1	ENSG00000175646
14556.0	0.0003	RAB40C	ENSG00000197562
14556.0	0.0003	GTF2H2C	ENSG00000183474
14556.0	0.0003	ELP6	ENSG00000163832
14556.0	0.0003	UCN	ENSG00000163794
14556.0	0.0003	RAB40B	ENSG00000141542
14556.0	0.0003	ISX	ENSG00000175329
14556.0	0.0003	GJD2	ENSG00000159248
14556.0	0.0003	DNAJB13	ENSG00000187726
14556.0	0.0003	PSMF1	ENSG00000125818
14556.0	0.0003	TTC12	ENSG00000149292
14556.0	0.0003	BAIAP2L2	ENSG00000128298
14556.0	0.0003	RNPS1	ENSG00000205937
14556.0	0.0003	SRSF4	ENSG00000116350
14556.0	0.0003	TTC31	ENSG00000115282
14556.0	0.0003	ZBP1	ENSG00000124256
14556.0	0.0003	SUDS3	ENSG00000111707
14556.0	0.0003	FLT3LG	ENSG00000090554
14556.0	0.0003	SRRM1	ENSG00000133226
14556.0	0.0003	TTK	ENSG00000112742
14556.0	0.0003	PRICKLE3	ENSG00000012211
14556.0	0.0003	ANKRD42	ENSG00000137494
14556.0	0.0003	H1-10	ENSG00000184897
14556.0	0.0003	NFX1	ENSG00000086102
14556.0	0.0003	BRD8	ENSG00000112983
14556.0	0.0003	GRM3	ENSG00000198822
14556.0	0.0003	CCL19	ENSG00000172724
14556.0	0.0003	GAS2L1	ENSG00000185340
14556.0	0.0003	MED10	ENSG00000133398
14556.0	0.0003	ADHFE1	ENSG00000147576
14556.0	0.0003	RIPK3	ENSG00000129465
14556.0	0.0003	PIWIL4	ENSG00000134627
14556.0	0.0003	PTGDR2	ENSG00000183134
14556.0	0.0003	USP12	ENSG00000152484
14556.0	0.0003	NSUN4	ENSG00000117481
14556.0	0.0003	ADPGK	ENSG00000159322
14556.0	0.0003	H1-8	ENSG00000178804
14556.0	0.0003	RRP8	ENSG00000132275
14556.0	0.0003	ELP5	ENSG00000170291
14556.0	0.0003	RNF220	ENSG00000187147
14556.0	0.0003	IL33	ENSG00000137033
14556.0	0.0003	ADORA2A	ENSG00000128271
14556.0	0.0003	CINP	ENSG00000100865
14556.0	0.0003	SFXN3	ENSG00000107819
14556.0	0.0003	MLF1	ENSG00000178053
14556.0	0.0003	RASL11B	ENSG00000128045
14556.0	0.0003	MED4	ENSG00000136146
14556.0	0.0003	APOL4	ENSG00000100336
14556.0	0.0003	GNAT2	ENSG00000134183
14556.0	0.0003	APCDD1	ENSG00000154856
14556.0	0.0003	MRM3	ENSG00000171861
14556.0	0.0003	AKR7A2	ENSG00000053371
14556.0	0.0003	KTI12	ENSG00000198841
14556.0	0.0003	GPX8	ENSG00000164294
14556.0	0.0003	SAG	ENSG00000130561
14556.0	0.0003	MED26	ENSG00000105085
14556.0	0.0003	UBXN4	ENSG00000144224
14556.0	0.0003	COMMD8	ENSG00000169019
14556.0	0.0003	ABCF3	ENSG00000161204
14556.0	0.0003	MICU3	ENSG00000155970
14556.0	0.0003	MED20	ENSG00000124641
14556.0	0.0003	TRERF1	ENSG00000124496
14556.0	0.0003	GAPDHS	ENSG00000105679
14556.0	0.0003	MED9	ENSG00000141026
14556.0	0.0003	DKK3	ENSG00000050165
14556.0	0.0003	GPN1	ENSG00000198522
14556.0	0.0003	PHLDA2	ENSG00000181649
14556.0	0.0003	ZNF350	ENSG00000256683
14556.0	0.0003	ATF7IP2	ENSG00000166669
14556.0	0.0003	UBA2	ENSG00000126261
14556.0	0.0003	RPE	ENSG00000197713
14556.0	0.0003	HMG20B	ENSG00000064961
14556.0	0.0003	MED19	ENSG00000156603
14556.0	0.0003	COPRS	ENSG00000172301
14556.0	0.0003	BMP8B	ENSG00000116985
14556.0	0.0003	ATP13A4	ENSG00000127249
14556.0	0.0003	ATP13A3	ENSG00000133657
14556.0	0.0003	ATP13A5	ENSG00000187527
14556.0	0.0003	MAP3K8	ENSG00000107968
14556.0	0.0003	MARCHF1	ENSG00000145416
14556.0	0.0003	DNAJB9	ENSG00000128590
14556.0	0.0003	HAVCR1	ENSG00000113249
14556.0	0.0003	XCR1	ENSG00000173578
14556.0	0.0003	CRYZ	ENSG00000116791
14556.0	0.0003	MTTP	ENSG00000138823
14556.0	0.0003	KCNE4	ENSG00000152049
14556.0	0.0003	CENPU	ENSG00000151725
14556.0	0.0003	PPP4R3B	ENSG00000138041
14556.0	0.0003	MARCHF8	ENSG00000165406
14556.0	0.0003	BMX	ENSG00000102010
14556.0	0.0003	HIPK3	ENSG00000110422
14556.0	0.0003	KLRB1	ENSG00000111796
14556.0	0.0003	SRP68	ENSG00000167881
14556.0	0.0003	PTGER3	ENSG00000050628
14556.0	0.0003	HIPK1	ENSG00000163349
14556.0	0.0003	HIPK4	ENSG00000160396
14556.0	0.0003	GPR6	ENSG00000146360
14556.0	0.0003	NMT1	ENSG00000136448
14556.0	0.0003	NKX3-1	ENSG00000167034
14556.0	0.0003	THUMPD2	ENSG00000138050
14556.0	0.0003	SERP2	ENSG00000151778
14556.0	0.0003	BMP8A	ENSG00000183682
14556.0	0.0003	CENPM	ENSG00000100162
14556.0	0.0003	CTIF	ENSG00000134030
14556.0	0.0003	CLNS1A	ENSG00000074201
14556.0	0.0003	SIRT7	ENSG00000187531
14556.0	0.0003	DNAJA2	ENSG00000069345
14556.0	0.0003	MED29	ENSG00000063322
14556.0	0.0003	UCK2	ENSG00000143179
14556.0	0.0003	CENPI	ENSG00000102384
14556.0	0.0003	SH3RF1	ENSG00000154447
14556.0	0.0003	CENPP	ENSG00000188312
14556.0	0.0003	CENPO	ENSG00000138092
14556.0	0.0003	UCKL1	ENSG00000198276
14556.0	0.0003	CENPH	ENSG00000153044
14556.0	0.0003	PLS1	ENSG00000120756
14556.0	0.0003	RPL30	ENSG00000156482
14556.0	0.0003	FIZ1	ENSG00000179943
14556.0	0.0003	PPP1R14A	ENSG00000167641
14556.0	0.0003	DNAJA4	ENSG00000140403
14556.0	0.0003	AGER	ENSG00000204305
14556.0	0.0003	SEPTIN4	ENSG00000108387
14556.0	0.0003	ZNF346	ENSG00000113761
14556.0	0.0003	CDC25B	ENSG00000101224
14556.0	0.0003	GSPT1	ENSG00000103342
14556.0	0.0003	GSPT2	ENSG00000189369
14556.0	0.0003	BBC3	ENSG00000105327
14556.0	0.0003	RPL26L1	ENSG00000037241
14556.0	0.0003	MED21	ENSG00000152944
14556.0	0.0003	KCNJ12	ENSG00000184185
14556.0	0.0003	PPAN	ENSG00000130810
14556.0	0.0003	RPH3A	ENSG00000089169
14556.0	0.0003	RDH12	ENSG00000139988
14556.0	0.0003	APEH	ENSG00000164062
14556.0	0.0003	C5	ENSG00000106804
14556.0	0.0003	MED18	ENSG00000130772
14556.0	0.0003	CENPL	ENSG00000120334
14556.0	0.0003	SV2C	ENSG00000122012
14556.0	0.0003	SERPINB6	ENSG00000124570
14556.0	0.0003	MED7	ENSG00000155868
14556.0	0.0003	CENPQ	ENSG00000031691
14556.0	0.0003	POP7	ENSG00000172336
14556.0	0.0003	SLC25A16	ENSG00000122912
14556.0	0.0003	FOXK2	ENSG00000141568
14556.0	0.0003	IFNA1	ENSG00000197919
14556.0	0.0003	SRP72	ENSG00000174780
14556.0	0.0003	AKT1S1	ENSG00000204673
14556.0	0.0003	IPO7	ENSG00000205339
14556.0	0.0003	RDH16	ENSG00000139547
14556.0	0.0003	CDY2B	ENSG00000129873
14556.0	0.0003	GYPB	ENSG00000250361
14556.0	0.0003	GCKR	ENSG00000084734
14556.0	0.0003	TFCP2	ENSG00000135457
14556.0	0.0003	SNX17	ENSG00000115234
14556.0	0.0003	NRG4	ENSG00000169752
14556.0	0.0003	SF3A1	ENSG00000099995
14556.0	0.0003	MYO3A	ENSG00000095777
14556.0	0.0003	STAT2	ENSG00000170581
14556.0	0.0003	SNRPB2	ENSG00000125870
14556.0	0.0003	SERGEF	ENSG00000129158
14556.0	0.0003	H1-3	ENSG00000124575
14556.0	0.0003	DSN1	ENSG00000149636
14556.0	0.0003	NRG2	ENSG00000158458
14556.0	0.0003	ZNF14	ENSG00000105708
14556.0	0.0003	CTPS1	ENSG00000171793
14556.0	0.0003	CDY2A	ENSG00000182415
14556.0	0.0003	ANKRD6	ENSG00000135299
14556.0	0.0003	SRP14	ENSG00000140319
14556.0	0.0003	PRPF39	ENSG00000185246
14556.0	0.0003	DAPK1	ENSG00000196730
14556.0	0.0003	DCAF15	ENSG00000132017
14556.0	0.0003	H4C16	ENSG00000197837
14556.0	0.0003	ARHGAP45	ENSG00000180448
14556.0	0.0003	PPID	ENSG00000171497
14556.0	0.0003	SPC24	ENSG00000161888
14556.0	0.0003	NUDT8	ENSG00000167799
14556.0	0.0003	RAB15	ENSG00000139998
14556.0	0.0003	SRP19	ENSG00000153037
14556.0	0.0003	IRF9	ENSG00000213928
14556.0	0.0003	RP11-468E2.4	ENSG00000259529
14556.0	0.0003	NPS	ENSG00000214285
14556.0	0.0003	ANKAR	ENSG00000151687
14556.0	0.0003	MPHOSPH10	ENSG00000124383
14556.0	0.0003	ATP10A	ENSG00000206190
14556.0	0.0003	DHX36	ENSG00000174953
14556.0	0.0003	FABP4	ENSG00000170323
14556.0	0.0003	IER5	ENSG00000162783
14556.0	0.0003	RAB12	ENSG00000206418
14556.0	0.0003	RASEF	ENSG00000165105
14556.0	0.0003	RAB28	ENSG00000157869
14556.0	0.0003	NQO1	ENSG00000181019
14556.0	0.0003	RAB40A	ENSG00000172476
14556.0	0.0003	BCAM	ENSG00000187244
14556.0	0.0003	BIRC8	ENSG00000163098
14556.0	0.0003	GIPC3	ENSG00000179855
14556.0	0.0003	AKIRIN2	ENSG00000135334
14556.0	0.0003	FHL2	ENSG00000115641
14556.0	0.0003	WTAP	ENSG00000146457
14556.0	0.0003	EEF2K	ENSG00000103319
14556.0	0.0003	RPL23	ENSG00000125691
14556.0	0.0003	KRI1	ENSG00000129347
14556.0	0.0003	NKTR	ENSG00000114857
14556.0	0.0003	ANKRA2	ENSG00000164331
14556.0	0.0003	CRABP1	ENSG00000166426
14556.0	0.0003	MUTYH	ENSG00000132781
14556.0	0.0003	AVPR1A	ENSG00000166148
14556.0	0.0003	CREB3L4	ENSG00000143578
14556.0	0.0003	GJC3	ENSG00000176402
14556.0	0.0003	GBGT1	ENSG00000148288
14556.0	0.0003	DPEP1	ENSG00000015413
14556.0	0.0003	MRPL2	ENSG00000112651
14556.0	0.0003	INO80E	ENSG00000169592
14556.0	0.0003	SCMH1	ENSG00000010803
14556.0	0.0003	ZBTB7B	ENSG00000160685
14556.0	0.0003	MBD2	ENSG00000134046
14556.0	0.0003	TBXAS1	ENSG00000059377
14556.0	0.0003	DUSP23	ENSG00000158716
14556.0	0.0003	PTPDC1	ENSG00000158079
14556.0	0.0003	FBXO30	ENSG00000118496
14556.0	0.0003	ZWILCH	ENSG00000174442
14556.0	0.0003	TRIB3	ENSG00000101255
14556.0	0.0003	SPDL1	ENSG00000040275
14556.0	0.0003	KRT7	ENSG00000135480
14556.0	0.0003	GBP2	ENSG00000162645
14556.0	0.0003	RCOR2	ENSG00000167771
14556.0	0.0003	KIF2B	ENSG00000141200
14556.0	0.0003	APOBEC3D	ENSG00000243811
14556.0	0.0003	NTHL1	ENSG00000065057
14556.0	0.0003	MRPL4	ENSG00000105364
14556.0	0.0003	IFNL1	ENSG00000182393
14556.0	0.0003	MYBBP1A	ENSG00000132382
14556.0	0.0003	CEBPZ	ENSG00000115816
14556.0	0.0003	PTH2	ENSG00000142538
14556.0	0.0003	NSL1	ENSG00000117697
14556.0	0.0003	SKA2	ENSG00000182628
14556.0	0.0003	RCC2	ENSG00000179051
14556.0	0.0003	ZGLP1	ENSG00000220201
14556.0	0.0003	BATF3	ENSG00000123685
14556.0	0.0003	WDR46	ENSG00000227057
14556.0	0.0003	GIPC2	ENSG00000137960
14556.0	0.0003	NUDC	ENSG00000090273
14556.0	0.0003	SENP6	ENSG00000112701
14556.0	0.0003	SNRNP35	ENSG00000184209
14556.0	0.0003	COX7A2	ENSG00000112695
14556.0	0.0003	TRIM33	ENSG00000197323
14556.0	0.0003	SENP7	ENSG00000138468
14556.0	0.0003	ASIC1	ENSG00000110881
14556.0	0.0003	LCP1	ENSG00000136167
14556.0	0.0003	CDY1B	ENSG00000172352
14556.0	0.0003	NFRKB	ENSG00000170322
14556.0	0.0003	SIRT5	ENSG00000124523
14556.0	0.0003	WTIP	ENSG00000142279
14556.0	0.0003	INO80B	ENSG00000115274
14556.0	0.0003	RNF167	ENSG00000108523
14556.0	0.0003	CTPS2	ENSG00000047230
14556.0	0.0003	MRPL11	ENSG00000174547
14556.0	0.0003	ZP3	ENSG00000188372
14556.0	0.0003	NLRP12	ENSG00000142405
14556.0	0.0003	ZMAT5	ENSG00000100319
14556.0	0.0003	BAZ2A	ENSG00000076108
14556.0	0.0003	DCLK2	ENSG00000170390
14556.0	0.0003	ACKR3	ENSG00000144476
14556.0	0.0003	SCT	ENSG00000070031
14556.0	0.0003	CRHR2	ENSG00000106113
14556.0	0.0003	ADRB1	ENSG00000043591
14556.0	0.0003	KDM4E	ENSG00000235268
14556.0	0.0003	MEX3D	ENSG00000181588
14556.0	0.0003	RPL10L	ENSG00000165496
14556.0	0.0003	CALCB	ENSG00000175868
14556.0	0.0003	PTGER4	ENSG00000171522
14556.0	0.0003	MRPL16	ENSG00000166902
14556.0	0.0003	GLP1R	ENSG00000112164
14556.0	0.0003	ARC	ENSG00000198576
14556.0	0.0003	GIPR	ENSG00000010310
14556.0	0.0003	GLP2R	ENSG00000065325
14556.0	0.0003	PTGDR	ENSG00000168229
14556.0	0.0003	PTH2R	ENSG00000144407
14556.0	0.0003	CES5A	ENSG00000159398
14556.0	0.0003	RPS16	ENSG00000105193
14556.0	0.0003	TAAR1	ENSG00000146399
14556.0	0.0003	ADORA2B	ENSG00000170425
14556.0	0.0003	ADM2	ENSG00000128165
14556.0	0.0003	MC5R	ENSG00000176136
14556.0	0.0003	ANP32E	ENSG00000143401
14556.0	0.0003	ADRB3	ENSG00000188778
14556.0	0.0003	HRH2	ENSG00000113749
14556.0	0.0003	PTGIR	ENSG00000160013
14556.0	0.0003	PTGER2	ENSG00000125384
14556.0	0.0003	RHCG	ENSG00000140519
14556.0	0.0003	MRGPRX1	ENSG00000170255
14556.0	0.0003	HEXIM2	ENSG00000168517
14556.0	0.0003	GPBAR1	ENSG00000179921
14556.0	0.0003	PPIL6	ENSG00000185250
14556.0	0.0003	MRPS14	ENSG00000120333
14556.0	0.0003	SLC22A1	ENSG00000175003
14556.0	0.0003	OR2AG1	ENSG00000170803
14556.0	0.0003	CDY1	ENSG00000172288
14556.0	0.0003	HLTF	ENSG00000071794
14556.0	0.0003	PSMG4	ENSG00000180822
14556.0	0.0003	MYO1F	ENSG00000142347
14556.0	0.0003	RRP1	ENSG00000160214
14556.0	0.0003	PIK3AP1	ENSG00000155629
14556.0	0.0003	PRDM4	ENSG00000110851
14556.0	0.0003	MRPL1	ENSG00000169288
14556.0	0.0003	AL390877.1	ENSG00000228217
14556.0	0.0003	RRP1B	ENSG00000160208
14556.0	0.0003	KCNIP3	ENSG00000115041
14556.0	0.0003	MRPS11	ENSG00000181991
14556.0	0.0003	COX14	ENSG00000178449
14556.0	0.0003	PTPRE	ENSG00000132334
14556.0	0.0003	MST1R	ENSG00000164078
14556.0	0.0003	RRAGD	ENSG00000025039
14556.0	0.0003	NAA25	ENSG00000111300
14556.0	0.0003	EIF4G2	ENSG00000110321
14556.0	0.0003	CFAP251	ENSG00000158023
14556.0	0.0003	MED28	ENSG00000118579
14556.0	0.0003	LTBR	ENSG00000111321
14556.0	0.0003	ABCB1	ENSG00000085563
14556.0	0.0003	IFIT3	ENSG00000119917
14556.0	0.0003	GPT	ENSG00000167701
14556.0	0.0003	LRRC69	ENSG00000214954
14556.0	0.0003	SSH3	ENSG00000172830
14556.0	0.0003	SFMBT1	ENSG00000163935
14556.0	0.0003	IFI27	ENSG00000165949
14556.0	0.0003	UBE2QL1	ENSG00000215218
14556.0	0.0003	PIWIL3	ENSG00000184571
14556.0	0.0003	IFI6	ENSG00000126709
14556.0	0.0003	XAF1	ENSG00000132530
14556.0	0.0003	BHLHE41	ENSG00000123095
14556.0	0.0003	RCL1	ENSG00000120158
14556.0	0.0003	IFI35	ENSG00000068079
14556.0	0.0003	PDLIM2	ENSG00000120913
14556.0	0.0003	IFITM3	ENSG00000142089
14556.0	0.0003	ADAM2	ENSG00000104755
14556.0	0.0003	PRELID3A	ENSG00000141391
14556.0	0.0003	NOD1	ENSG00000106100
14556.0	0.0003	EXD3	ENSG00000187609
14556.0	0.0003	DNAJA3	ENSG00000103423
14556.0	0.0003	MAST3	ENSG00000099308
14556.0	0.0003	OAZ3	ENSG00000143450
14556.0	0.0003	ZMAT2	ENSG00000146007
14556.0	0.0003	IFITM2	ENSG00000185201
14556.0	0.0003	CHCHD5	ENSG00000125611
14556.0	0.0003	DNAJB2	ENSG00000135924
14556.0	0.0003	DYNLT3	ENSG00000165169
14556.0	0.0003	CKM	ENSG00000104879
14556.0	0.0003	MRPL17	ENSG00000158042
14556.0	0.0003	AKAP1	ENSG00000121057
14556.0	0.0003	DNAJB8	ENSG00000179407
14556.0	0.0003	RXRB	ENSG00000204231
14556.0	0.0003	PGK2	ENSG00000170950
14556.0	0.0003	DNAJB14	ENSG00000164031
14556.0	0.0003	DNAJC18	ENSG00000170464
14556.0	0.0003	AICDA	ENSG00000111732
14556.0	0.0003	C11orf65	ENSG00000166323
14556.0	0.0003	MAST2	ENSG00000086015
14556.0	0.0003	KCNIP4	ENSG00000185774
14556.0	0.0003	DNAJC22	ENSG00000178401
14556.0	0.0003	NUDT2	ENSG00000164978
14556.0	0.0003	CKB	ENSG00000166165
14556.0	0.0003	MARK1	ENSG00000116141
14556.0	0.0003	OAZ2	ENSG00000180304
14556.0	0.0003	PCBD2	ENSG00000132570
14556.0	0.0003	TSHZ3	ENSG00000121297
14556.0	0.0003	RCOR3	ENSG00000117625
14556.0	0.0003	DNAJC1	ENSG00000136770
14556.0	0.0003	TMF1	ENSG00000144747
14556.0	0.0003	PRELID3B	ENSG00000101166
14556.0	0.0003	PPIL4	ENSG00000131013
14556.0	0.0003	PLA2G7	ENSG00000146070
14556.0	0.0003	ZC3H13	ENSG00000123200
14556.0	0.0003	ZP4	ENSG00000116996
14556.0	0.0003	STK35	ENSG00000125834
14556.0	0.0003	FAT2	ENSG00000086570
14556.0	0.0003	PGK1	ENSG00000102144
14556.0	0.0003	DNAJC24	ENSG00000170946
14556.0	0.0003	ZP1	ENSG00000149506
14556.0	0.0003	UNC5CL	ENSG00000124602
14556.0	0.0003	PDIK1L	ENSG00000175087
14556.0	0.0003	C4BPA	ENSG00000123838
14556.0	0.0003	CCNG2	ENSG00000138764
14556.0	0.0003	OMG	ENSG00000126861
14556.0	0.0003	POLR1G	ENSG00000117877
14556.0	0.0003	ITGAE	ENSG00000083457
14556.0	0.0003	TRIM4	ENSG00000146833
14556.0	0.0003	H2AP	ENSG00000187516
14556.0	0.0003	TSC22D1	ENSG00000102804
14556.0	0.0003	H4C12	ENSG00000197914
14556.0	0.0003	PTP4A3	ENSG00000184489
14556.0	0.0003	CCNG1	ENSG00000113328
14556.0	0.0003	RBM34	ENSG00000188739
14556.0	0.0003	PLK5	ENSG00000185988
14556.0	0.0003	H4C1	ENSG00000196176
14556.0	0.0003	H4C15	ENSG00000182217
14556.0	0.0003	OLFM4	ENSG00000102837
14556.0	0.0003	H4C2	ENSG00000124529
14556.0	0.0003	DNAJC5B	ENSG00000147570
14556.0	0.0003	DNAJC5G	ENSG00000163793
14556.0	0.0003	SKA1	ENSG00000154839
14556.0	0.0003	DNAJC4	ENSG00000110011
14556.0	0.0003	SLC36A1	ENSG00000123643
14556.0	0.0003	ATXN7L3B	ENSG00000253719
14556.0	0.0003	KLHL23	ENSG00000213160
14556.0	0.0003	DNAJC25	ENSG00000059769
14556.0	0.0003	SKA3	ENSG00000165480
14556.0	0.0003	PROK1	ENSG00000143125
14556.0	0.0003	ICAM4	ENSG00000105371
14556.0	0.0003	H4C14	ENSG00000183941
14556.0	0.0003	MACROD1	ENSG00000133315
14556.0	0.0003	ZFP64	ENSG00000020256
14556.0	0.0003	EXPH5	ENSG00000110723
14556.0	0.0003	MRPS6	ENSG00000243927
14556.0	0.0003	MTIF3	ENSG00000122033
14556.0	0.0003	EFS	ENSG00000100842
14556.0	0.0003	H4C6	ENSG00000198327
14556.0	0.0003	ADAM20	ENSG00000134007
14556.0	0.0003	GTF3C4	ENSG00000125484
14556.0	0.0003	CCDC6	ENSG00000108091
14556.0	0.0003	MRPL20	ENSG00000242485
14556.0	0.0003	CBLC	ENSG00000142273
14556.0	0.0003	SIRT4	ENSG00000089163
14556.0	0.0003	ZNF207	ENSG00000010244
14556.0	0.0003	CALCOCO2	ENSG00000136436
14556.0	0.0003	ADAM30	ENSG00000134249
14556.0	0.0003	ADAM21	ENSG00000139985
14556.0	0.0003	COPS7B	ENSG00000144524
14556.0	0.0003	DAW1	ENSG00000123977
14556.0	0.0003	TAGAP	ENSG00000164691
14556.0	0.0003	MPO	ENSG00000005381
14556.0	0.0003	TMEM126A	ENSG00000171202
14556.0	0.0003	UNC119	ENSG00000109103
14556.0	0.0003	AGMAT	ENSG00000116771
14556.0	0.0003	LYPLA1	ENSG00000120992
14556.0	0.0003	PAFAH2	ENSG00000158006
14556.0	0.0003	VGLL3	ENSG00000206538
14556.0	0.0003	SHBG	ENSG00000129214
14556.0	0.0003	GTF3C2	ENSG00000115207
14556.0	0.0003	SAT1	ENSG00000130066
14556.0	0.0003	AUP1	ENSG00000115307
14556.0	0.0003	HNRNPL	ENSG00000104824
14556.0	0.0003	FAT3	ENSG00000165323
14556.0	0.0003	AAR2	ENSG00000131043
14556.0	0.0003	CCNI	ENSG00000118816
14556.0	0.0003	ENPP2	ENSG00000136960
14556.0	0.0003	MAGED2	ENSG00000102316
14556.0	0.0003	CNOT9	ENSG00000144580
14556.0	0.0003	ENOSF1	ENSG00000132199
14556.0	0.0003	PTAFR	ENSG00000169403
14556.0	0.0003	LUC7L	ENSG00000007392
14556.0	0.0003	DEFB1	ENSG00000164825
14556.0	0.0003	YAF2	ENSG00000015153
14556.0	0.0003	MTCH1	ENSG00000137409
14556.0	0.0003	TFIP11	ENSG00000100109
14556.0	0.0003	ZIM3	ENSG00000141946
14556.0	0.0003	RP2	ENSG00000102218
14556.0	0.0003	CALR3	ENSG00000269058
14556.0	0.0003	ZACN	ENSG00000186919
14556.0	0.0003	ARHGAP9	ENSG00000123329
14556.0	0.0003	CHN2	ENSG00000106069
14556.0	0.0003	MRPL36	ENSG00000171421
14556.0	0.0003	CMSS1	ENSG00000184220
14556.0	0.0003	ARHGAP36	ENSG00000147256
14556.0	0.0003	ADCK1	ENSG00000063761
14556.0	0.0003	ADCK5	ENSG00000173137
14556.0	0.0003	ARHGAP26	ENSG00000145819
14556.0	0.0003	ARHGAP32	ENSG00000134909
14556.0	0.0003	ARHGAP8	ENSG00000241484
14556.0	0.0003	ARHGAP30	ENSG00000186517
14556.0	0.0003	ARHGAP22	ENSG00000128805
14556.0	0.0003	ARHGAP25	ENSG00000163219
14556.0	0.0003	DEPDC1B	ENSG00000035499
14556.0	0.0003	ARHGAP28	ENSG00000088756
14556.0	0.0003	FAM13A	ENSG00000138640
14556.0	0.0003	ICAM3	ENSG00000076662
14556.0	0.0003	DEPDC7	ENSG00000121690
14556.0	0.0003	FAM13B	ENSG00000031003
14556.0	0.0003	ARHGAP23	ENSG00000225485
14556.0	0.0003	ARHGAP18	ENSG00000146376
14556.0	0.0003	PODXL	ENSG00000128567
14556.0	0.0003	ARHGAP12	ENSG00000165322
14556.0	0.0003	GMIP	ENSG00000089639
14556.0	0.0003	NANOS2	ENSG00000188425
14556.0	0.0003	SYDE1	ENSG00000105137
14556.0	0.0003	SYDE2	ENSG00000097096
14556.0	0.0003	TFEB	ENSG00000112561
14556.0	0.0003	GBP1	ENSG00000117228
14556.0	0.0003	CORT	ENSG00000241563
14556.0	0.0003	NFKBIE	ENSG00000146232
14556.0	0.0003	PRTFDC1	ENSG00000099256
14556.0	0.0003	PRPF40B	ENSG00000110844
14556.0	0.0003	YIPF1	ENSG00000058799
14556.0	0.0003	ENPP6	ENSG00000164303
14556.0	0.0003	CROCC	ENSG00000058453
14556.0	0.0003	SLC5A4	ENSG00000100191
14556.0	0.0003	DNAJC12	ENSG00000108176
14556.0	0.0003	RPS6KA6	ENSG00000072133
14556.0	0.0003	MERTK	ENSG00000153208
14556.0	0.0003	INSC	ENSG00000188487
14556.0	0.0003	FRRS1L	ENSG00000260230
14556.0	0.0003	MRPL32	ENSG00000106591
14556.0	0.0003	NEIL1	ENSG00000140398
14556.0	0.0003	IGFBP1	ENSG00000146678
14556.0	0.0003	SURF6	ENSG00000148296
14556.0	0.0003	THBD	ENSG00000178726
14556.0	0.0003	ADAMTS8	ENSG00000134917
14556.0	0.0003	ETV6	ENSG00000139083
14556.0	0.0003	ACTL7A	ENSG00000187003
14556.0	0.0003	ZBED1	ENSG00000214717
14556.0	0.0003	SSB	ENSG00000138385
14556.0	0.0003	SOX15	ENSG00000129194
14556.0	0.0003	SOX12	ENSG00000177732
14556.0	0.0003	TFF3	ENSG00000160180
14556.0	0.0003	LRP2BP	ENSG00000109771
14556.0	0.0003	MAGEH1	ENSG00000187601
14556.0	0.0003	CCNI2	ENSG00000205089
14556.0	0.0003	ACTR1B	ENSG00000115073
14556.0	0.0003	ACTL7B	ENSG00000148156
14556.0	0.0003	IGSF9B	ENSG00000080854
14556.0	0.0003	ACTR10	ENSG00000131966
14556.0	0.0003	HENMT1	ENSG00000162639
14556.0	0.0003	ABCB10	ENSG00000135776
14556.0	0.0003	SALL2	ENSG00000165821
14556.0	0.0003	SENP5	ENSG00000119231
14556.0	0.0003	ARHGEF1	ENSG00000076928
14556.0	0.0003	CORO1A	ENSG00000102879
14556.0	0.0003	ZNF354C	ENSG00000177932
14556.0	0.0003	APOH	ENSG00000091583
14556.0	0.0003	ZNF79	ENSG00000196152
14556.0	0.0003	MAGEF1	ENSG00000177383
14556.0	0.0003	MRPL58	ENSG00000167862
14556.0	0.0003	ACTRT3	ENSG00000184378
14556.0	0.0003	ACTRT1	ENSG00000123165
14556.0	0.0003	ACTL9	ENSG00000181786
14556.0	0.0003	ACTRT2	ENSG00000169717
14556.0	0.0003	ACTL10	ENSG00000182584
14556.0	0.0003	ACTL8	ENSG00000117148
14556.0	0.0003	FOXN2	ENSG00000170802
14556.0	0.0003	CRYL1	ENSG00000165475
14556.0	0.0003	F7	ENSG00000057593
14556.0	0.0003	QTRT1	ENSG00000213339
14556.0	0.0003	IGSF1	ENSG00000147255
14556.0	0.0003	HEATR4	ENSG00000187105
14556.0	0.0003	FCN2	ENSG00000160339
14556.0	0.0003	SAT2	ENSG00000141504
14556.0	0.0003	STOML2	ENSG00000165283
14556.0	0.0003	PF4V1	ENSG00000109272
14556.0	0.0003	TOM1L1	ENSG00000141198
14556.0	0.0003	UPF3A	ENSG00000169062
14556.0	0.0003	PCMTD1	ENSG00000168300
14556.0	0.0003	RBCK1	ENSG00000125826
14556.0	0.0003	CKAP4	ENSG00000136026
14556.0	0.0003	SDR16C5	ENSG00000170786
14556.0	0.0003	MYBPH	ENSG00000133055
14556.0	0.0003	SMG6	ENSG00000070366
14556.0	0.0003	TANGO6	ENSG00000103047
14556.0	0.0003	FHIT	ENSG00000189283
14556.0	0.0003	DNAJC17	ENSG00000104129
14556.0	0.0003	MVP	ENSG00000013364
14556.0	0.0003	HLA-G	ENSG00000204632
14556.0	0.0003	PARVG	ENSG00000138964
14556.0	0.0003	REG4	ENSG00000134193
14556.0	0.0003	ZNF197	ENSG00000186448
14556.0	0.0003	CIMAP3	ENSG00000173947
14556.0	0.0003	IFNA2	ENSG00000188379
14556.0	0.0003	BCHE	ENSG00000114200
14556.0	0.0003	ZMAT3	ENSG00000172667
14556.0	0.0003	MRPS15	ENSG00000116898
14556.0	0.0003	NGDN	ENSG00000129460
14556.0	0.0003	KIF13B	ENSG00000197892
14556.0	0.0003	MZB1	ENSG00000170476
14556.0	0.0003	TXNL4B	ENSG00000140830
14556.0	0.0003	MRPL43	ENSG00000055950
14556.0	0.0003	OR4S2	ENSG00000174982
14556.0	0.0003	SMG7	ENSG00000116698
14556.0	0.0003	RNF41	ENSG00000181852
14556.0	0.0003	CENPW	ENSG00000203760
14556.0	0.0003	MRPS18A	ENSG00000096080
14556.0	0.0003	NID2	ENSG00000087303
14556.0	0.0003	MRPS18C	ENSG00000163319
14556.0	0.0003	CD79B	ENSG00000007312
14556.0	0.0003	ACAP1	ENSG00000072818
14556.0	0.0003	SNX9	ENSG00000130340
14556.0	0.0003	TREH	ENSG00000118094
14556.0	0.0003	PLAC1	ENSG00000170965
14556.0	0.0003	DTNB	ENSG00000138101
14556.0	0.0003	PPP1R42	ENSG00000178125
14556.0	0.0003	KAT7	ENSG00000136504
14556.0	0.0003	VASN	ENSG00000168140
14556.0	0.0003	FGF11	ENSG00000161958
14556.0	0.0003	C15orf48	ENSG00000166920
14556.0	0.0003	IFNA17	ENSG00000234829
14556.0	0.0003	IFNA21	ENSG00000137080
14556.0	0.0003	IFNA8	ENSG00000120242
14556.0	0.0003	IFNA10	ENSG00000186803
14556.0	0.0003	IFNA5	ENSG00000147873
14556.0	0.0003	IFNA4	ENSG00000236637
14556.0	0.0003	IFNA14	ENSG00000228083
14556.0	0.0003	IFNA6	ENSG00000120235
14556.0	0.0003	IFNA7	ENSG00000214042
14556.0	0.0003	IFNA16	ENSG00000147885
14556.0	0.0003	MPRIP	ENSG00000133030
14556.0	0.0003	SCLY	ENSG00000132330
14556.0	0.0003	TRAPPC13	ENSG00000113597
14556.0	0.0003	TESPA1	ENSG00000135426
14556.0	0.0003	TAPBPL	ENSG00000139192
14556.0	0.0003	CACNA2D3	ENSG00000157445
14556.0	0.0003	MGAT5B	ENSG00000167889
14556.0	0.0003	FCER2	ENSG00000104921
14556.0	0.0003	MEP1A	ENSG00000112818
14556.0	0.0003	RPL37A	ENSG00000197756
14556.0	0.0003	MAN1A2	ENSG00000198162
14556.0	0.0003	RPS4Y1	ENSG00000129824
14556.0	0.0003	RNF186	ENSG00000178828
14556.0	0.0003	CSNK1G1	ENSG00000169118
14556.0	0.0003	FRMD8	ENSG00000126391
14556.0	0.0003	SDF2L1	ENSG00000128228
14556.0	0.0003	NOP9	ENSG00000196943
14556.0	0.0003	NMNAT3	ENSG00000163864
14556.0	0.0003	ZNF330	ENSG00000109445
14556.0	0.0003	TEX28	ENSG00000185254
14556.0	0.0003	EREG	ENSG00000124882
14556.0	0.0003	SMYD5	ENSG00000135632
14556.0	0.0003	RRP36	ENSG00000124541
14556.0	0.0003	TPP2	ENSG00000134900
14556.0	0.0003	LDLRAP1	ENSG00000157978
14556.0	0.0003	ARR3	ENSG00000120500
14556.0	0.0003	SLC24A2	ENSG00000155886
14556.0	0.0003	DNAH2	ENSG00000183914
14556.0	0.0003	ATP5IF1	ENSG00000130770
14556.0	0.0003	CHST10	ENSG00000115526
14556.0	0.0003	SIAH2	ENSG00000181788
14556.0	0.0003	SPCS1	ENSG00000114902
14556.0	0.0003	CAMTA2	ENSG00000108509
14556.0	0.0003	SMYD3	ENSG00000185420
14556.0	0.0003	HSPB8	ENSG00000152137
14556.0	0.0003	SPCS3	ENSG00000129128
14556.0	0.0003	IL15	ENSG00000164136
14556.0	0.0003	IL20	ENSG00000162891
14556.0	0.0003	AP1AR	ENSG00000138660
14556.0	0.0003	NUDT21	ENSG00000167005
14556.0	0.0003	CSRP3	ENSG00000129170
14556.0	0.0003	PI16	ENSG00000164530
14556.0	0.0003	DOK4	ENSG00000125170
14556.0	0.0003	COL6A6	ENSG00000206384
14556.0	0.0003	UNC119B	ENSG00000175970
14556.0	0.0003	POLR2J2	ENSG00000228049
14556.0	0.0003	POLR2J3	ENSG00000168255
14556.0	0.0003	MYL10	ENSG00000106436
14556.0	0.0003	SYTL3	ENSG00000164674
14556.0	0.0003	UTP25	ENSG00000117597
14556.0	0.0003	IQGAP3	ENSG00000183856
14556.0	0.0003	CGNL1	ENSG00000128849
14556.0	0.0003	ESPNL	ENSG00000144488
14556.0	0.0003	CROT	ENSG00000005469
14556.0	0.0003	FGFBP1	ENSG00000137440
14556.0	0.0003	RGS9BP	ENSG00000186326
14556.0	0.0003	FBXO43	ENSG00000156509
14556.0	0.0003	MIS18BP1	ENSG00000129534
14556.0	0.0003	CORIN	ENSG00000145244
14556.0	0.0003	NUB1	ENSG00000013374
14556.0	0.0003	CHAD	ENSG00000136457
14556.0	0.0003	NLGN4Y	ENSG00000165246
14556.0	0.0003	MBD3L2	ENSG00000230522
14556.0	0.0003	GEM	ENSG00000164949
14556.0	0.0003	CENPV	ENSG00000166582
14556.0	0.0003	IL19	ENSG00000142224
14556.0	0.0003	SOCS5	ENSG00000171150
14556.0	0.0003	S100A8	ENSG00000143546
14556.0	0.0003	LCA5	ENSG00000135338
14556.0	0.0003	TSSK2	ENSG00000206203
14556.0	0.0003	BNIPL	ENSG00000163141
14556.0	0.0003	H1-2	ENSG00000187837
14556.0	0.0003	DCTN4	ENSG00000132912
14556.0	0.0003	PTGES2	ENSG00000148334
14556.0	0.0003	RGS9	ENSG00000108370
14556.0	0.0003	IL24	ENSG00000162892
14556.0	0.0003	ARL8B	ENSG00000134108
14556.0	0.0003	ARL8A	ENSG00000143862
14556.0	0.0003	MS4A2	ENSG00000149534
14556.0	0.0003	MXD1	ENSG00000059728
14556.0	0.0003	CORO2A	ENSG00000106789
14556.0	0.0003	ITGAD	ENSG00000156886
14556.0	0.0003	ADGRE5	ENSG00000123146
14556.0	0.0003	CORO2B	ENSG00000103647
14556.0	0.0003	RNASE2	ENSG00000169385
14556.0	0.0003	CPSF7	ENSG00000149532
14556.0	0.0003	AGR2	ENSG00000106541
14556.0	0.0003	CORO6	ENSG00000167549
14556.0	0.0003	HUS1B	ENSG00000188996
14556.0	0.0003	DEPTOR	ENSG00000155792
14556.0	0.0003	IL26	ENSG00000111536
14556.0	0.0003	OSBPL1A	ENSG00000141447
14556.0	0.0003	HJURP	ENSG00000123485
14556.0	0.0003	DCD	ENSG00000161634
14556.0	0.0003	CEP170	ENSG00000143702
14556.0	0.0003	MDFIC	ENSG00000135272
14556.0	0.0003	IL27	ENSG00000197272
14556.0	0.0003	TMOD3	ENSG00000138594
14556.0	0.0003	DHX58	ENSG00000108771
14556.0	0.0003	IFNL2	ENSG00000183709
14556.0	0.0003	TSPAN7	ENSG00000156298
14556.0	0.0003	IFNL3	ENSG00000197110
14556.0	0.0003	IFNA13	ENSG00000233816
14556.0	0.0003	PARD3B	ENSG00000116117
14556.0	0.0003	TNFAIP8	ENSG00000145779
14556.0	0.0003	NAPG	ENSG00000134265
14556.0	0.0003	EBF4	ENSG00000088881
14556.0	0.0003	LTV1	ENSG00000135521
14556.0	0.0003	MZF1	ENSG00000099326
14556.0	0.0003	IFNW1	ENSG00000177047
14556.0	0.0003	CD5	ENSG00000110448
14556.0	0.0003	SLC35E3	ENSG00000175782
14556.0	0.0003	IFNE	ENSG00000184995
14556.0	0.0003	IFNK	ENSG00000147896
14556.0	0.0003	RRP15	ENSG00000067533
14556.0	0.0003	DISP2	ENSG00000140323
14556.0	0.0003	PRR19	ENSG00000188368
14556.0	0.0003	ACOXL	ENSG00000153093
14556.0	0.0003	ARIH1	ENSG00000166233
14556.0	0.0003	CDV3	ENSG00000091527
14556.0	0.0003	MCAM	ENSG00000076706
14556.0	0.0003	LNP1	ENSG00000206535
14556.0	0.0003	RNPEP	ENSG00000176393
14556.0	0.0003	SERPINA5	ENSG00000188488
14556.0	0.0003	CTTNBP2NL	ENSG00000143079
14556.0	0.0003	NAIP	ENSG00000249437
14556.0	0.0003	HNRNPA0	ENSG00000177733
14556.0	0.0003	TRNP1	ENSG00000253368
14556.0	0.0003	SH3GLB2	ENSG00000148341
14556.0	0.0003	PTGDS	ENSG00000107317
14556.0	0.0003	STRN4	ENSG00000090372
14556.0	0.0003	DDX1	ENSG00000079785
14556.0	0.0003	HAO1	ENSG00000101323
14556.0	0.0003	ETV2	ENSG00000105672
14556.0	0.0003	FABP2	ENSG00000145384
14556.0	0.0003	MXI1	ENSG00000119950
14556.0	0.0003	PTCRA	ENSG00000171611
14556.0	0.0003	SLC25A5	ENSG00000005022
14556.0	0.0003	CCDC172	ENSG00000182645
14556.0	0.0003	IL27RA	ENSG00000104998
14556.0	0.0003	PDGFD	ENSG00000170962
14556.0	0.0003	TRAF3IP2	ENSG00000056972
14556.0	0.0003	ANGPT4	ENSG00000101280
14556.0	0.0003	KCNU1	ENSG00000215262
14556.0	0.0003	LRRC14	ENSG00000160959
14556.0	0.0003	TRIM23	ENSG00000113595
14556.0	0.0003	PSG9	ENSG00000183668
14556.0	0.0003	HMGN1	ENSG00000205581
14556.0	0.0003	MRPL27	ENSG00000108826
14556.0	0.0003	CNOT2	ENSG00000111596
14556.0	0.0003	ATP8B3	ENSG00000130270
14556.0	0.0003	PCBP1	ENSG00000169564
14556.0	0.0003	TESK2	ENSG00000070759
14556.0	0.0003	MRPL33	ENSG00000243147
14556.0	0.0003	EBI3	ENSG00000105246
14556.0	0.0003	SNX33	ENSG00000173548
14556.0	0.0003	MFGE8	ENSG00000140545
14556.0	0.0003	AGR3	ENSG00000173467
14556.0	0.0003	ZSCAN18	ENSG00000121413
14556.0	0.0003	KCNK18	ENSG00000186795
14556.0	0.0003	RGS6	ENSG00000182732
14556.0	0.0003	CTTNBP2	ENSG00000077063
14556.0	0.0003	PHF11	ENSG00000136147
14556.0	0.0003	RGS11	ENSG00000076344
14556.0	0.0003	SHROOM3	ENSG00000138771
14556.0	0.0003	CDC37	ENSG00000105401
14556.0	0.0003	DOK2	ENSG00000147443
14556.0	0.0003	REM2	ENSG00000139890
14556.0	0.0003	ZZZ3	ENSG00000036549
14556.0	0.0003	SAP30BP	ENSG00000161526
14556.0	0.0003	KLHL18	ENSG00000114648
14556.0	0.0003	SF3B5	ENSG00000169976
14556.0	0.0003	KLHL15	ENSG00000174010
14556.0	0.0003	PHF7	ENSG00000010318
14556.0	0.0003	KCNE3	ENSG00000175538
14556.0	0.0003	PHF5A	ENSG00000100410
14556.0	0.0003	API5	ENSG00000166181
14556.0	0.0003	DKK4	ENSG00000104371
14556.0	0.0003	EDF1	ENSG00000107223
14556.0	0.0003	DNAJC8	ENSG00000126698
14556.0	0.0003	SLC11A1	ENSG00000018280
14556.0	0.0003	RPS6KB2	ENSG00000175634
14556.0	0.0003	GRB14	ENSG00000115290
14556.0	0.0003	CA1	ENSG00000133742
14556.0	0.0003	ICAM5	ENSG00000105376
14556.0	0.0003	CHCT1	ENSG00000141371
14556.0	0.0003	UBR4	ENSG00000127481
14556.0	0.0003	ICAM2	ENSG00000108622
14556.0	0.0003	RGS7BP	ENSG00000186479
14556.0	0.0003	FBXO22	ENSG00000167196
14556.0	0.0003	BHLHE40	ENSG00000134107
14556.0	0.0003	MASTL	ENSG00000120539
14556.0	0.0003	SLC35F1	ENSG00000196376
14556.0	0.0003	NOS1AP	ENSG00000198929
14556.0	0.0003	SERPINB7	ENSG00000166396
14556.0	0.0003	LY86	ENSG00000112799
14556.0	0.0003	MYRF	ENSG00000124920
14556.0	0.0003	PAIP2	ENSG00000120727
14556.0	0.0003	F2RL2	ENSG00000164220
14556.0	0.0003	SAP30L	ENSG00000164576
14556.0	0.0003	NEIL2	ENSG00000154328
14556.0	0.0003	AMN	ENSG00000166126
14556.0	0.0003	INS-IGF2	ENSG00000129965
14556.0	0.0003	GOLGA1	ENSG00000136935
14556.0	0.0003	BNIP3	ENSG00000176171
14556.0	0.0003	CFAP57	ENSG00000243710
14556.0	0.0003	BSPH1	ENSG00000188334
14556.0	0.0003	GJA3	ENSG00000121743
14556.0	0.0003	RIOK1	ENSG00000124784
14556.0	0.0003	SERPIND1	ENSG00000099937
14556.0	0.0003	LMOD2	ENSG00000170807
14556.0	0.0003	XPNPEP2	ENSG00000122121
14556.0	0.0003	TFG	ENSG00000114354
14556.0	0.0003	CLEC4C	ENSG00000198178
14556.0	0.0003	QSOX2	ENSG00000165661
14556.0	0.0003	BAAT	ENSG00000136881
14556.0	0.0003	CAND2	ENSG00000144712
14556.0	0.0003	CEBPE	ENSG00000092067
14556.0	0.0003	TNFRSF17	ENSG00000048462
14556.0	0.0003	TNKS2	ENSG00000107854
14556.0	0.0003	KLF15	ENSG00000163884
14556.0	0.0003	PAG1	ENSG00000076641
14556.0	0.0003	RPS25	ENSG00000118181
14556.0	0.0003	ZNF470	ENSG00000197016
14556.0	0.0003	TLR1	ENSG00000174125
14556.0	0.0003	RAB2B	ENSG00000129472
14556.0	0.0003	ERC2	ENSG00000187672
14556.0	0.0003	CD180	ENSG00000134061
14556.0	0.0003	RBM24	ENSG00000112183
14556.0	0.0003	DAB2IP	ENSG00000136848
14556.0	0.0003	P2RX4	ENSG00000135124
14556.0	0.0003	TSC22D4	ENSG00000166925
14556.0	0.0003	TTBK1	ENSG00000146216
14556.0	0.0003	MAP4K1	ENSG00000104814
14556.0	0.0003	RPS4Y2	ENSG00000157828
14556.0	0.0003	LNPEP	ENSG00000113441
14556.0	0.0003	PRPF18	ENSG00000165630
14556.0	0.0003	SLC1A5	ENSG00000105281
14556.0	0.0003	GNA15	ENSG00000060558
14556.0	0.0003	RGS2	ENSG00000116741
14556.0	0.0003	DAPK3	ENSG00000167657
14556.0	0.0003	KAAG1	ENSG00000146049
14556.0	0.0003	SLC49A4	ENSG00000138463
14556.0	0.0003	MRPL57	ENSG00000173141
14556.0	0.0003	CYTH1	ENSG00000108669
14556.0	0.0003	SAMD12	ENSG00000177570
14556.0	0.0003	HEPH	ENSG00000089472
14556.0	0.0003	FBXO32	ENSG00000156804
14556.0	0.0003	RASGEF1B	ENSG00000138670
14556.0	0.0003	FOXS1	ENSG00000179772
14556.0	0.0003	NUDT12	ENSG00000112874
14556.0	0.0003	DFFB	ENSG00000169598
14556.0	0.0003	EAF2	ENSG00000145088
14556.0	0.0003	UBASH3B	ENSG00000154127
14556.0	0.0003	ATOH8	ENSG00000168874
14556.0	0.0003	GPRASP1	ENSG00000198932
14556.0	0.0003	SPINT4	ENSG00000149651
14556.0	0.0003	C11orf58	ENSG00000110696
14556.0	0.0003	SHROOM2	ENSG00000146950
14556.0	0.0003	SRPRA	ENSG00000182934
14556.0	0.0003	FGA	ENSG00000171560
14556.0	0.0003	ATF7	ENSG00000170653
14556.0	0.0003	SRP9	ENSG00000143742
14556.0	0.0003	PER3	ENSG00000049246
14556.0	0.0003	PIN1	ENSG00000127445
14556.0	0.0003	ABT1	ENSG00000146109
14556.0	0.0003	MCUB	ENSG00000005059
14556.0	0.0003	GMFB	ENSG00000197045
14556.0	0.0003	CLK2	ENSG00000176444
14556.0	0.0003	ITM2B	ENSG00000136156
14556.0	0.0003	THEMIS	ENSG00000172673
14556.0	0.0003	NVL	ENSG00000143748
14556.0	0.0003	APCS	ENSG00000132703
14556.0	0.0003	ASIP	ENSG00000101440
14556.0	0.0003	DECR2	ENSG00000242612
14556.0	0.0003	SCAND1	ENSG00000171222
14556.0	0.0003	RNF146	ENSG00000118518
14556.0	0.0003	ODAM	ENSG00000109205
14556.0	0.0003	ATP2B4	ENSG00000058668
14556.0	0.0003	SLC8A2	ENSG00000118160
14556.0	0.0003	ANKRD23	ENSG00000163126
14556.0	0.0003	RPL39L	ENSG00000163923
14556.0	0.0003	PRB1	ENSG00000251655
14556.0	0.0003	TSPAN4	ENSG00000214063
14556.0	0.0003	TSPAN3	ENSG00000140391
14556.0	0.0003	PPP1R17	ENSG00000106341
14556.0	0.0003	JAZF1	ENSG00000153814
14556.0	0.0003	SPMAP2	ENSG00000105549
14556.0	0.0003	CDC42EP4	ENSG00000179604
14556.0	0.0003	MAP3K9	ENSG00000006432
14556.0	0.0003	POU2F3	ENSG00000137709
14556.0	0.0003	SLC8A3	ENSG00000100678
14556.0	0.0003	CLRN3	ENSG00000180745
14556.0	0.0003	TCEA3	ENSG00000204219
14556.0	0.0003	NUP58	ENSG00000139496
14556.0	0.0003	SEC61G	ENSG00000132432
14556.0	0.0003	CHCHD2	ENSG00000106153
14556.0	0.0003	LLGL2	ENSG00000073350
14556.0	0.0003	ZNF382	ENSG00000161298
14556.0	0.0003	FEM1B	ENSG00000169018
14556.0	0.0003	CLSTN1	ENSG00000171603
14556.0	0.0003	RSPH10B	ENSG00000155026
14556.0	0.0003	CD22	ENSG00000012124
14556.0	0.0003	CLPTM1L	ENSG00000049656
14556.0	0.0003	PIMREG	ENSG00000129195
14556.0	0.0003	GRM6	ENSG00000113262
14556.0	0.0003	S100A9	ENSG00000163220
14556.0	0.0003	ZNF224	ENSG00000267680
14556.0	0.0003	CAMK1D	ENSG00000183049
14556.0	0.0003	OR2A4	ENSG00000180658
14556.0	0.0003	RHO	ENSG00000163914
14556.0	0.0003	POU6F1	ENSG00000184271
14556.0	0.0003	PKN2	ENSG00000065243
14556.0	0.0003	TLK1	ENSG00000198586
14556.0	0.0003	MTSS1	ENSG00000170873
14556.0	0.0003	ZPBP	ENSG00000042813
14556.0	0.0003	CRYAB	ENSG00000109846
14556.0	0.0003	CAGE1	ENSG00000164304
14556.0	0.0003	SLC6A7	ENSG00000011083
14556.0	0.0003	PDAP1	ENSG00000106244
14556.0	0.0003	NOL12	ENSG00000100101
14556.0	0.0003	CD70	ENSG00000125726
14556.0	0.0003	RRAD	ENSG00000166592
14556.0	0.0003	E2F7	ENSG00000165891
14556.0	0.0003	LPAR2	ENSG00000064547
14556.0	0.0003	KRTAP1-5	ENSG00000221852
14556.0	0.0003	MTMR1	ENSG00000063601
14556.0	0.0003	DDX18	ENSG00000088205
14556.0	0.0003	C16orf74	ENSG00000154102
14556.0	0.0003	PPP1R1A	ENSG00000135447
14556.0	0.0003	STMN1	ENSG00000117632
14556.0	0.0003	SLC26A8	ENSG00000112053
14556.0	0.0003	ITK	ENSG00000113263
14556.0	0.0003	KLF16	ENSG00000129911
14556.0	0.0003	BST2	ENSG00000130303
14556.0	0.0003	KRTAP1-4	ENSG00000204887
14556.0	0.0003	FCF1	ENSG00000119616
14556.0	0.0003	CRYAA	ENSG00000160202
14556.0	0.0003	STXBP5	ENSG00000164506
14556.0	0.0003	CD83	ENSG00000112149
14556.0	0.0003	CD3E	ENSG00000198851
14556.0	0.0003	FBXO7	ENSG00000100225
14556.0	0.0003	DNAJC14	ENSG00000135392
14556.0	0.0003	LGALS4	ENSG00000171747
14556.0	0.0003	LPAR5	ENSG00000184574
14556.0	0.0003	RHBDL3	ENSG00000141314
14556.0	0.0003	E2F8	ENSG00000129173
14556.0	0.0003	MTMR12	ENSG00000150712
14556.0	0.0003	CALY	ENSG00000130643
14556.0	0.0003	MTRF1	ENSG00000120662
14556.0	0.0003	GABRG1	ENSG00000163285
14556.0	0.0003	BTBD1	ENSG00000064726
14556.0	0.0003	MAP6	ENSG00000171533
14556.0	0.0003	FBXW9	ENSG00000132004
14556.0	0.0003	HTR5A	ENSG00000157219
14556.0	0.0003	GABRE	ENSG00000102287
14556.0	0.0003	COPS9	ENSG00000172428
14556.0	0.0003	HTR1D	ENSG00000179546
14556.0	0.0003	RNF19A	ENSG00000034677
14556.0	0.0003	HTR1F	ENSG00000179097
14556.0	0.0003	HTR1E	ENSG00000168830
14556.0	0.0003	CLASRP	ENSG00000104859
14556.0	0.0003	APOBEC3F	ENSG00000128394
14556.0	0.0003	GABRP	ENSG00000094755
14556.0	0.0003	SCGN	ENSG00000079689
14556.0	0.0003	MTIF2	ENSG00000085760
14556.0	0.0003	CBLN4	ENSG00000054803
14556.0	0.0003	POMP	ENSG00000132963
14556.0	0.0003	CNKSR1	ENSG00000142675
14556.0	0.0003	EFCAB13	ENSG00000178852
14556.0	0.0003	PARP14	ENSG00000173193
14556.0	0.0003	SLC38A9	ENSG00000177058
14556.0	0.0003	NMB	ENSG00000197696
14556.0	0.0003	MAGOHB	ENSG00000111196
14556.0	0.0003	MTNR1B	ENSG00000134640
14556.0	0.0003	HNRNPH3	ENSG00000096746
14556.0	0.0003	OPCML	ENSG00000183715
14556.0	0.0003	MLN	ENSG00000096395
14556.0	0.0003	MTNR1A	ENSG00000168412
14556.0	0.0003	ZBTB4	ENSG00000174282
14556.0	0.0003	PPP1R9A	ENSG00000158528
14556.0	0.0003	SNX22	ENSG00000157734
14556.0	0.0003	TNIP2	ENSG00000168884
14556.0	0.0003	OCM	ENSG00000122543
14556.0	0.0003	OCM2	ENSG00000135175
14556.0	0.0003	NMS	ENSG00000204640
14556.0	0.0003	NMUR1	ENSG00000171596
14556.0	0.0003	NAB2	ENSG00000166886
14556.0	0.0003	MCHR2	ENSG00000152034
14556.0	0.0003	CDK11A	ENSG00000008128
14556.0	0.0003	GPR17	ENSG00000144230
14556.0	0.0003	FPR2	ENSG00000171049
14556.0	0.0003	THEM4	ENSG00000159445
14556.0	0.0003	MTRNR2L2	ENSG00000271043
14556.0	0.0003	IL31RA	ENSG00000164509
14556.0	0.0003	ZYG11B	ENSG00000162378
14556.0	0.0003	CAMK2N2	ENSG00000163888
14556.0	0.0003	ELOVL6	ENSG00000170522
14556.0	0.0003	MYOZ2	ENSG00000172399
14556.0	0.0003	CABP4	ENSG00000175544
14556.0	0.0003	NPFF	ENSG00000139574
14556.0	0.0003	TIMM10B	ENSG00000132286
14556.0	0.0003	CABP5	ENSG00000105507
14556.0	0.0003	CABP2	ENSG00000167791
14556.0	0.0003	L3MBTL2	ENSG00000100395
14556.0	0.0003	CABP7	ENSG00000100314
14556.0	0.0003	CALML4	ENSG00000129007
14556.0	0.0003	EFCAB11	ENSG00000140025
14556.0	0.0003	EFCAB2	ENSG00000203666
14556.0	0.0003	EFCAB7	ENSG00000203965
14556.0	0.0003	EFCAB9	ENSG00000214360
14556.0	0.0003	SPATA21	ENSG00000187144
14556.0	0.0003	NPFFR1	ENSG00000148734
14556.0	0.0003	GPRC6A	ENSG00000173612
14556.0	0.0003	OPN4	ENSG00000122375
14556.0	0.0003	HCRTR1	ENSG00000121764
14556.0	0.0003	GPR65	ENSG00000140030
14556.0	0.0003	VNN1	ENSG00000112299
14556.0	0.0003	PROKR1	ENSG00000169618
14556.0	0.0003	GRPR	ENSG00000126010
14556.0	0.0003	CHRM5	ENSG00000184984
14556.0	0.0003	LTB4R	ENSG00000213903
14556.0	0.0003	F2RL3	ENSG00000127533
14556.0	0.0003	DUSP12	ENSG00000081721
14556.0	0.0003	XCL1	ENSG00000143184
14556.0	0.0003	ADRA1A	ENSG00000120907
14556.0	0.0003	NMBR	ENSG00000135577
14556.0	0.0003	XCL2	ENSG00000143185
14556.0	0.0003	ADRA1D	ENSG00000171873
14556.0	0.0003	HCRTR2	ENSG00000137252
14556.0	0.0003	MLNR	ENSG00000102539
14556.0	0.0003	QRFP	ENSG00000188710
14556.0	0.0003	PTGFR	ENSG00000122420
14556.0	0.0003	LTB4R2	ENSG00000213906
14556.0	0.0003	NTSR2	ENSG00000169006
14556.0	0.0003	QRFPR	ENSG00000186867
14556.0	0.0003	FFAR3	ENSG00000185897
14556.0	0.0003	UTS2R	ENSG00000181408
14556.0	0.0003	CYSLTR2	ENSG00000152207
14556.0	0.0003	GPR4	ENSG00000177464
14556.0	0.0003	UTS2	ENSG00000049247
14556.0	0.0003	P2RY10	ENSG00000078589
14556.0	0.0003	GPR68	ENSG00000119714
14556.0	0.0003	GPR132	ENSG00000183484
14556.0	0.0003	P2RY6	ENSG00000171631
14556.0	0.0003	UTS2B	ENSG00000188958
14556.0	0.0003	SYNE4	ENSG00000181392
14556.0	0.0003	BTC	ENSG00000174808
14556.0	0.0003	FCGR3A	ENSG00000203747
14556.0	0.0003	SHKBP1	ENSG00000160410
14556.0	0.0003	FBXL14	ENSG00000171823
14556.0	0.0003	TMPRSS11E	ENSG00000087128
14556.0	0.0003	SLA	ENSG00000155926
14556.0	0.0003	RGS18	ENSG00000150681
14556.0	0.0003	BSN	ENSG00000164061
14556.0	0.0003	PM20D1	ENSG00000162877
14556.0	0.0003	MTMR10	ENSG00000166912
14556.0	0.0003	COP1	ENSG00000143207
14556.0	0.0003	RBPMS2	ENSG00000166831
14556.0	0.0003	ATXN7L1	ENSG00000146776
14556.0	0.0003	AVIL	ENSG00000135407
14556.0	0.0003	ART3	ENSG00000156219
14556.0	0.0003	TNFRSF4	ENSG00000186827
14556.0	0.0003	SYNPO2	ENSG00000172403
14556.0	0.0003	SPSB1	ENSG00000171621
14556.0	0.0003	LECT2	ENSG00000145826
14556.0	0.0003	RAI2	ENSG00000131831
14556.0	0.0003	DDX47	ENSG00000213782
14556.0	0.0003	RFXANK	ENSG00000064490
14556.0	0.0003	KRTAP16-1	ENSG00000212657
14556.0	0.0003	DDX49	ENSG00000105671
14556.0	0.0003	PYM1	ENSG00000170473
14556.0	0.0003	PTPMT1	ENSG00000110536
14556.0	0.0003	TFAP2D	ENSG00000008197
14556.0	0.0003	TFAP2E	ENSG00000116819
14556.0	0.0003	AMIGO1	ENSG00000181754
14556.0	0.0003	SPC25	ENSG00000152253
14556.0	0.0003	FCER1A	ENSG00000179639
14556.0	0.0003	MOSPD2	ENSG00000130150
14556.0	0.0003	SMAP1	ENSG00000112305
14556.0	0.0003	FAM83B	ENSG00000168143
14556.0	0.0003	SNX24	ENSG00000064652
14556.0	0.0003	SNX25	ENSG00000109762
14556.0	0.0003	CDC37L1	ENSG00000106993
14556.0	0.0003	LYZL1	ENSG00000120563
14556.0	0.0003	LYZL2	ENSG00000151033
14556.0	0.0003	RNGTT	ENSG00000111880
14556.0	0.0003	RAB29	ENSG00000117280
14556.0	0.0003	TAMM41	ENSG00000144559
14556.0	0.0003	KLHDC2	ENSG00000165516
14556.0	0.0003	TYW3	ENSG00000162623
14556.0	0.0003	GKAP1	ENSG00000165113
14556.0	0.0003	NUCKS1	ENSG00000069275
14556.0	0.0003	TNFRSF18	ENSG00000186891
14556.0	0.0003	CRIP2	ENSG00000182809
14556.0	0.0003	ZBTB7C	ENSG00000184828
14556.0	0.0003	POLQ	ENSG00000051341
14556.0	0.0003	PKN3	ENSG00000160447
14556.0	0.0003	RAD51AP1	ENSG00000111247
14556.0	0.0003	CD69	ENSG00000110848
14556.0	0.0003	PRDM2	ENSG00000116731
14556.0	0.0003	ZBTB38	ENSG00000177311
14556.0	0.0003	SYT5	ENSG00000129990
14556.0	0.0003	OPRD1	ENSG00000116329
14556.0	0.0003	WWC3	ENSG00000047644
14556.0	0.0003	P2RY13	ENSG00000181631
14556.0	0.0003	OXGR1	ENSG00000165621
14556.0	0.0003	CD27	ENSG00000139193
14556.0	0.0003	ZNF282	ENSG00000170265
14556.0	0.0003	CTDSP2	ENSG00000175215
14556.0	0.0003	TNFRSF13B	ENSG00000240505
14556.0	0.0003	TRIM24	ENSG00000122779
14556.0	0.0003	NXF3	ENSG00000147206
14556.0	0.0003	PIM2	ENSG00000102096
14556.0	0.0003	RETNLB	ENSG00000163515
14556.0	0.0003	SLC6A11	ENSG00000132164
14556.0	0.0003	APOBEC3H	ENSG00000100298
14556.0	0.0003	CA3	ENSG00000164879
14556.0	0.0003	GNB3	ENSG00000111664
14556.0	0.0003	B3GALT5	ENSG00000183778
14556.0	0.0003	CCL8	ENSG00000108700
14556.0	0.0003	FCHSD1	ENSG00000197948
14556.0	0.0003	ZNF230	ENSG00000159882
14556.0	0.0003	TRUB2	ENSG00000167112
14556.0	0.0003	CXCL3	ENSG00000163734
14556.0	0.0003	LOXL2	ENSG00000134013
14556.0	0.0003	MYO1G	ENSG00000136286
14556.0	0.0003	CCNP	ENSG00000105219
14556.0	0.0003	DHRS1	ENSG00000157379
14556.0	0.0003	RP11-420K10.1	ENSG00000270874
14556.0	0.0003	RPAP2	ENSG00000122484
14556.0	0.0003	RHBDL1	ENSG00000103269
14556.0	0.0003	CORO7-PAM16	ENSG00000103426
14556.0	0.0003	CLNK	ENSG00000109684
14556.0	0.0003	RHBDL2	ENSG00000158315
14556.0	0.0003	KLHDC3	ENSG00000124702
14556.0	0.0003	TMEM160	ENSG00000130748
14556.0	0.0003	VWA8	ENSG00000102763
14556.0	0.0003	DYNLT4	ENSG00000188396
14556.0	0.0003	KCNK15	ENSG00000124249
14556.0	0.0003	WDR45	ENSG00000196998
14556.0	0.0003	OPN5	ENSG00000124818
14556.0	0.0003	TRMT112	ENSG00000173113
14556.0	0.0003	GLYATL1	ENSG00000166840
14556.0	0.0003	ITIH3	ENSG00000162267
14556.0	0.0003	RAVER1	ENSG00000161847
14556.0	0.0003	IKZF4	ENSG00000123411
14556.0	0.0003	SYN3	ENSG00000185666
14556.0	0.0003	MPP1	ENSG00000130830
14556.0	0.0003	ORM2	ENSG00000228278
14556.0	0.0003	ANKS6	ENSG00000165138
14556.0	0.0003	GCM1	ENSG00000137270
14556.0	0.0003	PTPRM	ENSG00000173482
14556.0	0.0003	SH2D4A	ENSG00000104611
14556.0	0.0003	SPINK9	ENSG00000204909
14556.0	0.0003	FGB	ENSG00000171564
14556.0	0.0003	DAZL	ENSG00000092345
14556.0	0.0003	ELOVL7	ENSG00000164181
14556.0	0.0003	CNN3	ENSG00000117519
14556.0	0.0003	STAP2	ENSG00000178078
14556.0	0.0003	MATN2	ENSG00000132561
14556.0	0.0003	TVP23A	ENSG00000166676
14556.0	0.0003	TVP23B	ENSG00000171928
14556.0	0.0003	TVP23C	ENSG00000175106
14556.0	0.0003	CIB4	ENSG00000157884
14556.0	0.0003	CNN1	ENSG00000130176
14556.0	0.0003	RHEBL1	ENSG00000167550
14556.0	0.0003	CX3CL1	ENSG00000006210
14556.0	0.0003	TRIM3	ENSG00000110171
14556.0	0.0003	SPOUT1	ENSG00000198917
14556.0	0.0003	CD68	ENSG00000129226
14556.0	0.0003	ATG13	ENSG00000175224
14556.0	0.0003	MBD3L1	ENSG00000170948
14556.0	0.0003	NOL4L	ENSG00000197183
14556.0	0.0003	TOX3	ENSG00000103460
14556.0	0.0003	GCNT7	ENSG00000124091
14556.0	0.0003	RAD51AP2	ENSG00000214842
14556.0	0.0003	PPEF1	ENSG00000086717
14556.0	0.0003	OR2AK2	ENSG00000187080
14556.0	0.0003	SLC26A9	ENSG00000174502
14556.0	0.0003	BHLHA15	ENSG00000180535
14556.0	0.0003	GFRA3	ENSG00000146013
14556.0	0.0003	PDILT	ENSG00000169340
14556.0	0.0003	FDXR	ENSG00000161513
14556.0	0.0003	TNKS1BP1	ENSG00000149115
14556.0	0.0003	CNOT11	ENSG00000158435
14556.0	0.0003	DOC2B	ENSG00000272636
14556.0	0.0003	MKX	ENSG00000150051
14556.0	0.0003	MEGF10	ENSG00000145794
14556.0	0.0003	ATG101	ENSG00000123395
14556.0	0.0003	RGS1	ENSG00000090104
14556.0	0.0003	CDC123	ENSG00000151465
14556.0	0.0003	KLF9	ENSG00000119138
14556.0	0.0003	RTCB	ENSG00000100220
14556.0	0.0003	IL25	ENSG00000166090
14556.0	0.0003	CAPZA3	ENSG00000177938
14556.0	0.0003	GFRA4	ENSG00000125861
14556.0	0.0003	ARPP21	ENSG00000172995
14556.0	0.0003	ABLIM1	ENSG00000099204
14556.0	0.0003	R3HDM1	ENSG00000048991
14556.0	0.0003	BATF	ENSG00000156127
14556.0	0.0003	LAG3	ENSG00000089692
14556.0	0.0003	PRSS50	ENSG00000206549
14556.0	0.0003	OTUB2	ENSG00000089723
14556.0	0.0003	OCSTAMP	ENSG00000149635
14556.0	0.0003	CD33	ENSG00000105383
14556.0	0.0003	PIM3	ENSG00000198355
14556.0	0.0003	ZCCHC12	ENSG00000174460
14556.0	0.0003	APOBEC3B	ENSG00000179750
14556.0	0.0003	FAM98B	ENSG00000171262
14556.0	0.0003	C2orf49	ENSG00000135974
14556.0	0.0003	KHDC3L	ENSG00000203908
14556.0	0.0003	ZNF219	ENSG00000165804
14556.0	0.0003	FCRL5	ENSG00000143297
14556.0	0.0003	SNURF	ENSG00000214265
14556.0	0.0003	HBP1	ENSG00000105856
14556.0	0.0003	TCFL5	ENSG00000101190
14556.0	0.0003	RPAP1	ENSG00000103932
14556.0	0.0003	NAP1L5	ENSG00000177432
14556.0	0.0003	FSD1	ENSG00000105255
14556.0	0.0003	GARIN1A	ENSG00000205085
14556.0	0.0003	ADAMTS15	ENSG00000166106
14556.0	0.0003	PMP2	ENSG00000147588
14556.0	0.0003	DDX28	ENSG00000182810
14556.0	0.0003	FCMR	ENSG00000162894
14556.0	0.0003	CITED1	ENSG00000125931
14556.0	0.0003	ATAD2	ENSG00000156802
14556.0	0.0003	BFAR	ENSG00000103429
14556.0	0.0003	SLAMF1	ENSG00000117090
14556.0	0.0003	GIMAP4	ENSG00000133574
14556.0	0.0003	INTS14	ENSG00000138614
14556.0	0.0003	INTS15	ENSG00000146576
14556.0	0.0003	DHX40	ENSG00000108406
14556.0	0.0003	OLR1	ENSG00000173391
14556.0	0.0003	HGH1	ENSG00000235173
14556.0	0.0003	FAM203B	ENSG00000230567
14556.0	0.0003	HRH3	ENSG00000101180
14556.0	0.0003	IL10RB	ENSG00000243646
14556.0	0.0003	APOBEC3C	ENSG00000244509
14556.0	0.0003	EPX	ENSG00000121053
14556.0	0.0003	LY9	ENSG00000122224
14556.0	0.0003	EGFL7	ENSG00000172889
14556.0	0.0003	BACH1	ENSG00000156273
14556.0	0.0003	SENP2	ENSG00000163904
14556.0	0.0003	HRH4	ENSG00000134489
14556.0	0.0003	PDCD5	ENSG00000105185
14556.0	0.0003	POF1B	ENSG00000124429
14556.0	0.0003	SSTR5	ENSG00000162009
14556.0	0.0003	KCTD19	ENSG00000168676
14556.0	0.0003	SSTR4	ENSG00000132671
14556.0	0.0003	WFDC5	ENSG00000175121
14556.0	0.0003	CNR2	ENSG00000188822
14556.0	0.0003	OPRL1	ENSG00000125510
14556.0	0.0003	SSTR1	ENSG00000139874
14556.0	0.0003	TAS2R1	ENSG00000169777
14556.0	0.0003	HCAR3	ENSG00000255398
14556.0	0.0003	HCAR2	ENSG00000182782
14556.0	0.0003	ADORA3	ENSG00000121933
14556.0	0.0003	NPY5R	ENSG00000164129
14556.0	0.0003	NPBWR1	ENSG00000183729
14556.0	0.0003	TMCO3	ENSG00000150403
14556.0	0.0003	TAS2R40	ENSG00000221937
14556.0	0.0003	PTPRR	ENSG00000153233
14556.0	0.0003	PNOC	ENSG00000168081
14556.0	0.0003	CCL20	ENSG00000115009
14556.0	0.0003	CXCL9	ENSG00000138755
14556.0	0.0003	CXCL11	ENSG00000169248
14556.0	0.0003	CXCL13	ENSG00000156234
14556.0	0.0003	NPY1R	ENSG00000164128
14556.0	0.0003	CCL25	ENSG00000131142
14556.0	0.0003	APLNR	ENSG00000134817
14556.0	0.0003	ADRA2A	ENSG00000150594
14556.0	0.0003	CCL27	ENSG00000213927
14556.0	0.0003	GALR2	ENSG00000182687
14556.0	0.0003	GALR1	ENSG00000166573
14556.0	0.0003	SUCNR1	ENSG00000198829
14556.0	0.0003	PPY	ENSG00000108849
14556.0	0.0003	ADRA2C	ENSG00000184160
14556.0	0.0003	NPBWR2	ENSG00000125522
14556.0	0.0003	CXCL16	ENSG00000161921
14556.0	0.0003	RXFP3	ENSG00000182631
14556.0	0.0003	GALR3	ENSG00000128310
14556.0	0.0003	CCL28	ENSG00000151882
14556.0	0.0003	CXCL6	ENSG00000124875
14556.0	0.0003	CCL16	ENSG00000161573
14556.0	0.0003	P2RY12	ENSG00000169313
14556.0	0.0003	TAS2R16	ENSG00000128519
14556.0	0.0003	NPB	ENSG00000183979
14556.0	0.0003	NPW	ENSG00000183971
14556.0	0.0003	C5AR1	ENSG00000197405
14556.0	0.0003	C3AR1	ENSG00000171860
14556.0	0.0003	EIF1AY	ENSG00000198692
14556.0	0.0003	FPR3	ENSG00000187474
14556.0	0.0003	TAS2R4	ENSG00000127364
14556.0	0.0003	TAS2R43	ENSG00000255374
14556.0	0.0003	TAS2R5	ENSG00000127366
14556.0	0.0003	TAS2R3	ENSG00000127362
14556.0	0.0003	TAS2R60	ENSG00000185899
14556.0	0.0003	HEBP1	ENSG00000013583
14556.0	0.0003	GPR18	ENSG00000125245
14556.0	0.0003	TAS2R42	ENSG00000186136
14556.0	0.0003	TAS2R39	ENSG00000236398
14556.0	0.0003	P2RY4	ENSG00000186912
14556.0	0.0003	OXER1	ENSG00000162881
14556.0	0.0003	TAS2R41	ENSG00000221855
14556.0	0.0003	GPR55	ENSG00000135898
14556.0	0.0003	MPV17L2	ENSG00000254858
14556.0	0.0003	CMC1	ENSG00000187118
14556.0	0.0003	MAN1C1	ENSG00000117643
14556.0	0.0003	DAPK2	ENSG00000035664
14556.0	0.0003	PGGHG	ENSG00000142102
14556.0	0.0003	MRPL34	ENSG00000130312
14556.0	0.0003	KRT34	ENSG00000131737
14556.0	0.0003	CRISP3	ENSG00000096006
14556.0	0.0003	SERPINA6	ENSG00000170099
14556.0	0.0003	RBM3	ENSG00000102317
14556.0	0.0003	TNFSF4	ENSG00000117586
14556.0	0.0003	EAPP	ENSG00000129518
14556.0	0.0003	PPP1R2	ENSG00000184203
14556.0	0.0003	RGS14	ENSG00000169220
14556.0	0.0003	KCND1	ENSG00000102057
14556.0	0.0003	AIF1	ENSG00000204472
14556.0	0.0003	CHI3L1	ENSG00000133048
14556.0	0.0003	SIGLEC12	ENSG00000254521
14556.0	0.0003	GYPE	ENSG00000197465
14556.0	0.0003	CEP68	ENSG00000011523
14556.0	0.0003	SORCS3	ENSG00000156395
14556.0	0.0003	HASPIN	ENSG00000177602
14556.0	0.0003	CLRN2	ENSG00000249581
14556.0	0.0003	PMAIP1	ENSG00000141682
14556.0	0.0003	THRSP	ENSG00000151365
14556.0	0.0003	CXADR	ENSG00000154639
14556.0	0.0003	PATE1	ENSG00000171053
14556.0	0.0003	NOP16	ENSG00000048162
14556.0	0.0003	NUDCD3	ENSG00000015676
14556.0	0.0003	TMEM81	ENSG00000174529
14556.0	0.0003	SH2D1A	ENSG00000183918
14556.0	0.0003	RFX5	ENSG00000143390
14556.0	0.0003	OR7G2	ENSG00000170923
14556.0	0.0003	JSRP1	ENSG00000167476
14556.0	0.0003	GPR21	ENSG00000188394
14556.0	0.0003	SSX2	ENSG00000241476
14556.0	0.0003	NAIF1	ENSG00000171169
14556.0	0.0003	GLS2	ENSG00000135423
14556.0	0.0003	RHPN2	ENSG00000131941
14556.0	0.0003	DUSP11	ENSG00000144048
14556.0	0.0003	OR5AC2	ENSG00000196578
14556.0	0.0003	SLCO4C1	ENSG00000173930
14556.0	0.0003	POU2F2	ENSG00000028277
14556.0	0.0003	SPATC1	ENSG00000186583
14556.0	0.0003	TSPY1	ENSG00000258992
14556.0	0.0003	RHPN1	ENSG00000158106
14556.0	0.0003	NPC1L1	ENSG00000015520
14556.0	0.0003	NAP1L3	ENSG00000186310
14556.0	0.0003	FGL1	ENSG00000104760
14556.0	0.0003	B3GALNT1	ENSG00000169255
14556.0	0.0003	SNCG	ENSG00000173267
14556.0	0.0003	SRPK2	ENSG00000135250
14556.0	0.0003	OR1J2	ENSG00000197233
14556.0	0.0003	MIIP	ENSG00000116691
14556.0	0.0003	INTS13	ENSG00000064102
14556.0	0.0003	ELF5	ENSG00000135374
14556.0	0.0003	NAP1L2	ENSG00000186462
14556.0	0.0003	AHSA1	ENSG00000100591
14556.0	0.0003	GTPBP3	ENSG00000130299
14556.0	0.0003	DAAM1	ENSG00000100592
14556.0	0.0003	CHST4	ENSG00000140835
14556.0	0.0003	CIRBP	ENSG00000099622
14556.0	0.0003	OBI1	ENSG00000152193
14556.0	0.0003	PHACTR3	ENSG00000087495
14556.0	0.0003	TXK	ENSG00000074966
14556.0	0.0003	ARFIP2	ENSG00000132254
14556.0	0.0003	DTX3	ENSG00000178498
14556.0	0.0003	HMGN5	ENSG00000198157
14556.0	0.0003	CUEDC2	ENSG00000107874
14556.0	0.0003	KLHL11	ENSG00000178502
14556.0	0.0003	KCTD5	ENSG00000167977
14556.0	0.0003	TMEM187	ENSG00000177854
14556.0	0.0003	AGK	ENSG00000006530
14556.0	0.0003	TRO	ENSG00000067445
14556.0	0.0003	NOCT	ENSG00000151014
14556.0	0.0003	DTX3L	ENSG00000163840
14556.0	0.0003	SLC6A14	ENSG00000087916
14556.0	0.0003	PELO	ENSG00000152684
14556.0	0.0003	KLF11	ENSG00000172059
14556.0	0.0003	METAP2	ENSG00000111142
14556.0	0.0003	CAPN7	ENSG00000131375
14556.0	0.0003	PRAM1	ENSG00000133246
14556.0	0.0003	FNBP1L	ENSG00000137942
14556.0	0.0003	KLHL10	ENSG00000161594
14556.0	0.0003	RBMY1A1	ENSG00000234414
14556.0	0.0003	TCL1A	ENSG00000100721
14556.0	0.0003	KEL	ENSG00000197993
14556.0	0.0003	SLCO5A1	ENSG00000137571
14556.0	0.0003	TEC	ENSG00000135605
14556.0	0.0003	HSPB6	ENSG00000004776
14556.0	0.0003	NKD2	ENSG00000145506
14556.0	0.0003	DOCK5	ENSG00000147459
14556.0	0.0003	SELENOH	ENSG00000211450
14556.0	0.0003	FAIM	ENSG00000158234
14556.0	0.0003	CD274	ENSG00000120217
14556.0	0.0003	NLGN1	ENSG00000169760
14556.0	0.0003	DBP	ENSG00000105516
14556.0	0.0003	HDGF	ENSG00000143321
14556.0	0.0003	KCTD11	ENSG00000213859
14556.0	0.0003	TSPYL4	ENSG00000187189
14556.0	0.0003	ARL4A	ENSG00000122644
14556.0	0.0003	GATC	ENSG00000257218
14556.0	0.0003	CSDC2	ENSG00000172346
14556.0	0.0003	KCNK6	ENSG00000099337
14556.0	0.0003	KCNK7	ENSG00000173338
14556.0	0.0003	ERN2	ENSG00000134398
14556.0	0.0003	ZKSCAN5	ENSG00000196652
14556.0	0.0003	TSPY10	ENSG00000236424
14556.0	0.0003	XRRA1	ENSG00000166435
14556.0	0.0003	SH2D1B	ENSG00000198574
14556.0	0.0003	SLC9A2	ENSG00000115616
14556.0	0.0003	DFFA	ENSG00000160049
14556.0	0.0003	EPS8L2	ENSG00000177106
14556.0	0.0003	STRIP2	ENSG00000128578
14556.0	0.0003	PDCL2	ENSG00000163440
14556.0	0.0003	CDK5R2	ENSG00000171450
14556.0	0.0003	ANKRD20A2P	ENSG00000183148
14556.0	0.0003	SSBP4	ENSG00000130511
14556.0	0.0003	SLC43A1	ENSG00000149150
14556.0	0.0003	TROAP	ENSG00000135451
14556.0	0.0003	RBMX2	ENSG00000134597
14556.0	0.0003	SP5	ENSG00000204335
14556.0	0.0003	MADCAM1	ENSG00000099866
14556.0	0.0003	CTNNAL1	ENSG00000119326
14556.0	0.0003	EDIL3	ENSG00000164176
14556.0	0.0003	KLK2	ENSG00000167751
14556.0	0.0003	SORL1	ENSG00000137642
14556.0	0.0003	PRPH	ENSG00000135406
14556.0	0.0003	PTGR3	ENSG00000180011
14556.0	0.0003	PLEKHG4B	ENSG00000153404
14556.0	0.0003	MAP4K2	ENSG00000168067
14556.0	0.0003	MAGEA1	ENSG00000198681
14556.0	0.0003	HSF5	ENSG00000176160
14556.0	0.0003	CAPN13	ENSG00000162949
14556.0	0.0003	NAB1	ENSG00000138386
14556.0	0.0003	TOMM40L	ENSG00000158882
14556.0	0.0003	MTG2	ENSG00000101181
14556.0	0.0003	TRIM41	ENSG00000146063
14556.0	0.0003	SLC16A1	ENSG00000155380
14556.0	0.0003	TNFSF9	ENSG00000125657
14556.0	0.0003	PRSS58	ENSG00000258223
14556.0	0.0003	EXO5	ENSG00000164002
14556.0	0.0003	SAP25	ENSG00000205307
14556.0	0.0003	PAQR3	ENSG00000163291
14556.0	0.0003	CAPN9	ENSG00000135773
14556.0	0.0003	ZNRF1	ENSG00000186187
14556.0	0.0003	THADA	ENSG00000115970
14556.0	0.0003	MRPS27	ENSG00000113048
14556.0	0.0003	CAPN12	ENSG00000182472
14556.0	0.0003	TOM1L2	ENSG00000175662
14556.0	0.0003	FRMD7	ENSG00000165694
14556.0	0.0003	FAM98A	ENSG00000119812
14556.0	0.0003	SCAF11	ENSG00000139218
14556.0	0.0003	HMCN1	ENSG00000143341
14556.0	0.0003	STAP1	ENSG00000035720
14556.0	0.0003	FABP5	ENSG00000164687
14556.0	0.0003	LUZP2	ENSG00000187398
14556.0	0.0003	ZBED3	ENSG00000132846
14556.0	0.0003	BATF2	ENSG00000168062
14556.0	0.0003	ZBED2	ENSG00000177494
14556.0	0.0003	SLC16A3	ENSG00000141526
14556.0	0.0003	PDE8B	ENSG00000113231
14556.0	0.0003	TIE1	ENSG00000066056
14556.0	0.0003	SEC62	ENSG00000008952
14556.0	0.0003	ADGB	ENSG00000118492
14556.0	0.0003	CAPN11	ENSG00000137225
14556.0	0.0003	CAPN14	ENSG00000214711
14556.0	0.0003	CABLES2	ENSG00000149679
14556.0	0.0003	STXBP4	ENSG00000166263
14556.0	0.0003	SNX20	ENSG00000167208
14556.0	0.0003	GPR20	ENSG00000204882
14556.0	0.0003	WDR17	ENSG00000150627
14556.0	0.0003	LRFN1	ENSG00000128011
14556.0	0.0003	SNX32	ENSG00000172803
14556.0	0.0003	ZNF606	ENSG00000166704
14556.0	0.0003	TRMT61A	ENSG00000166166
14556.0	0.0003	XPO6	ENSG00000169180
14556.0	0.0003	SPA17	ENSG00000064199
14556.0	0.0003	MRPL37	ENSG00000116221
14556.0	0.0003	TSPYL6	ENSG00000178021
14556.0	0.0003	ANKRD54	ENSG00000100124
14556.0	0.0003	FABP3	ENSG00000121769
14556.0	0.0003	TSPY2	ENSG00000168757
14556.0	0.0003	ABCG8	ENSG00000143921
14556.0	0.0003	TIFA	ENSG00000145365
14556.0	0.0003	ODF1	ENSG00000155087
14556.0	0.0003	CRTAM	ENSG00000109943
14556.0	0.0003	SCGB3A2	ENSG00000164265
14556.0	0.0003	SBNO1	ENSG00000139697
14556.0	0.0003	ZRSR2	ENSG00000169249
14556.0	0.0003	FLCN	ENSG00000154803
14556.0	0.0003	DHX29	ENSG00000067248
14556.0	0.0003	TSPYL1	ENSG00000189241
14556.0	0.0003	TMEM204	ENSG00000131634
14556.0	0.0003	SERPINA12	ENSG00000165953
14556.0	0.0003	NEFH	ENSG00000100285
14556.0	0.0003	TSPY3	ENSG00000228927
14556.0	0.0003	TSPY4	ENSG00000233803
14556.0	0.0003	TSPY8	ENSG00000229549
14556.0	0.0003	MAK	ENSG00000111837
14556.0	0.0003	PLEKHF2	ENSG00000175895
14556.0	0.0003	HAUS7	ENSG00000213397
14556.0	0.0003	KCTD6	ENSG00000168301
14556.0	0.0003	ABTB2	ENSG00000166016
14556.0	0.0003	RMDN3	ENSG00000137824
14556.0	0.0003	ERI2	ENSG00000196678
14556.0	0.0003	DHX15	ENSG00000109606
14556.0	0.0003	RASSF7	ENSG00000099849
14556.0	0.0003	SLC22A18	ENSG00000110628
14556.0	0.0003	C1QTNF6	ENSG00000133466
14556.0	0.0003	ANKS4B	ENSG00000175311
14556.0	0.0003	SCGB1D4	ENSG00000197745
14556.0	0.0003	PNMA3	ENSG00000183837
14556.0	0.0003	MLXIP	ENSG00000175727
14556.0	0.0003	ACOT2	ENSG00000119673
14556.0	0.0003	ACOT1	ENSG00000184227
14556.0	0.0003	TNS4	ENSG00000131746
14556.0	0.0003	RASSF4	ENSG00000107551
14556.0	0.0003	ACOT4	ENSG00000177465
14556.0	0.0003	LRFN4	ENSG00000173621
14556.0	0.0003	DDX43	ENSG00000080007
14556.0	0.0003	OLFM3	ENSG00000118733
14556.0	0.0003	PAQR5	ENSG00000137819
14556.0	0.0003	AAMP	ENSG00000127837
14556.0	0.0003	TMC8	ENSG00000167895
14556.0	0.0003	PLEKHO2	ENSG00000241839
14556.0	0.0003	ZFR	ENSG00000056097
14556.0	0.0003	PDCL	ENSG00000136940
14556.0	0.0003	OSBPL8	ENSG00000091039
14556.0	0.0003	NRK	ENSG00000123572
14556.0	0.0003	NEFM	ENSG00000104722
14556.0	0.0003	VENTX	ENSG00000151650
14556.0	0.0003	CXXC4	ENSG00000168772
14556.0	0.0003	MRPL44	ENSG00000135900
14556.0	0.0003	H1-6	ENSG00000187475
14556.0	0.0003	RPRD1B	ENSG00000101413
14556.0	0.0003	SYCP2L	ENSG00000153157
14556.0	0.0003	C2CD5	ENSG00000111731
14556.0	0.0003	RFFL	ENSG00000092871
14556.0	0.0003	HSPBP1	ENSG00000133265
14556.0	0.0003	COQ10A	ENSG00000135469
14556.0	0.0003	COQ10B	ENSG00000115520
14556.0	0.0003	KLF14	ENSG00000174595
14556.0	0.0003	RPRD1A	ENSG00000141425
14556.0	0.0003	BLVRA	ENSG00000106605
14556.0	0.0003	PGPEP1	ENSG00000130517
14556.0	0.0003	LLPH	ENSG00000139233
14556.0	0.0003	TCP10L	ENSG00000242220
14556.0	0.0003	ZFAND2A	ENSG00000178381
14556.0	0.0003	PDCL3	ENSG00000115539
14556.0	0.0003	IGSF11	ENSG00000144847
14556.0	0.0003	IGFBP6	ENSG00000167779
14556.0	0.0003	FNTA	ENSG00000168522
14556.0	0.0003	ARHGEF19	ENSG00000142632
14556.0	0.0003	PTPRN2	ENSG00000155093
14556.0	0.0003	RIC8B	ENSG00000111785
14556.0	0.0003	RBM43	ENSG00000184898
14556.0	0.0003	UBAP2	ENSG00000137073
14556.0	0.0003	ZNF365	ENSG00000138311
14556.0	0.0003	SYAP1	ENSG00000169895
14556.0	0.0003	HEATR6	ENSG00000068097
14556.0	0.0003	RBMXL1	ENSG00000213516
14556.0	0.0003	AKAP10	ENSG00000108599
14556.0	0.0003	RAMP1	ENSG00000132329
14556.0	0.0003	FBXO42	ENSG00000037637
14556.0	0.0003	RELT	ENSG00000054967
14556.0	0.0003	CCL23	ENSG00000167236
14556.0	0.0003	AKAP12	ENSG00000131016
14556.0	0.0003	RAMP2	ENSG00000131477
14556.0	0.0003	RAB17	ENSG00000124839
14556.0	0.0003	ARGLU1	ENSG00000134884
14556.0	0.0003	TBC1D13	ENSG00000107021
14556.0	0.0003	PRICKLE4	ENSG00000124593
14556.0	0.0003	NLGN2	ENSG00000169992
14556.0	0.0003	XG	ENSG00000124343
14556.0	0.0003	TNFRSF6B	ENSG00000243509
14556.0	0.0003	ANKRD27	ENSG00000105186
14556.0	0.0003	PLEKHB2	ENSG00000115762
14556.0	0.0003	TMEM177	ENSG00000144120
14556.0	0.0003	RASL10B	ENSG00000141150
14556.0	0.0003	ABRA	ENSG00000174429
14556.0	0.0003	CBLL1	ENSG00000105879
14556.0	0.0003	CD1B	ENSG00000158485
14556.0	0.0003	MINDY1	ENSG00000143409
14556.0	0.0003	URB1	ENSG00000142207
14556.0	0.0003	TRHDE	ENSG00000072657
14556.0	0.0003	BCDIN3D	ENSG00000186666
14556.0	0.0003	NMT2	ENSG00000152465
14556.0	0.0003	DEK	ENSG00000124795
14556.0	0.0003	LXN	ENSG00000079257
14556.0	0.0003	BEX4	ENSG00000102409
14556.0	0.0003	TRMT61B	ENSG00000171103
14556.0	0.0003	MRC1	ENSG00000120586
14556.0	0.0003	DSEL	ENSG00000171451
14556.0	0.0003	PXDNL	ENSG00000147485
14556.0	0.0003	CCNYL1	ENSG00000163249
14556.0	0.0003	EID2	ENSG00000176396
14556.0	0.0003	LRRC1	ENSG00000137269
14556.0	0.0003	RBMY1J	ENSG00000226941
14556.0	0.0003	RARRES2	ENSG00000106538
14556.0	0.0003	TNFRSF19	ENSG00000127863
14556.0	0.0003	IL17F	ENSG00000112116
14556.0	0.0003	RNF185	ENSG00000138942
14556.0	0.0003	GHITM	ENSG00000165678
14556.0	0.0003	KLRG1	ENSG00000139187
14556.0	0.0003	PPP1R7	ENSG00000115685
14556.0	0.0003	ZBTB1	ENSG00000126804
14556.0	0.0003	UBASH3A	ENSG00000160185
14556.0	0.0003	SMCR8	ENSG00000176994
14556.0	0.0003	WDR41	ENSG00000164253
14556.0	0.0003	GSDMB	ENSG00000073605
14556.0	0.0003	MTRF1L	ENSG00000112031
14556.0	0.0003	PCDHGB4	ENSG00000253953
14556.0	0.0003	FKBP3	ENSG00000100442
14556.0	0.0003	RSRC2	ENSG00000111011
14556.0	0.0003	IL1R2	ENSG00000115590
14556.0	0.0003	TTC27	ENSG00000018699
14556.0	0.0003	GAPVD1	ENSG00000165219
14556.0	0.0003	CMKLR2	ENSG00000183671
14556.0	0.0003	CD2	ENSG00000116824
14556.0	0.0003	CD177	ENSG00000204936
14556.0	0.0003	ZNF598	ENSG00000167962
14556.0	0.0003	WDR18	ENSG00000065268
14556.0	0.0003	AIFM2	ENSG00000042286
14556.0	0.0003	CRNN	ENSG00000143536
14556.0	0.0003	GLIPR2	ENSG00000122694
14556.0	0.0003	MRPS31	ENSG00000102738
14556.0	0.0003	PKD2L2	ENSG00000078795
14556.0	0.0003	TFAP4	ENSG00000090447
14556.0	0.0003	ANKRD2	ENSG00000165887
14556.0	0.0003	CPNE3	ENSG00000085719
14556.0	0.0003	SYP	ENSG00000102003
14556.0	0.0003	CCDC80	ENSG00000091986
14556.0	0.0003	SWAP70	ENSG00000133789
14556.0	0.0003	KNDC1	ENSG00000171798
14556.0	0.0003	SIGLEC1	ENSG00000088827
14556.0	0.0003	ABLIM3	ENSG00000173210
14556.0	0.0003	EPHX1	ENSG00000143819
14556.0	0.0003	S100A7	ENSG00000143556
14556.0	0.0003	MTHFSD	ENSG00000103248
14556.0	0.0003	ABLIM2	ENSG00000163995
14556.0	0.0003	WHAMM	ENSG00000156232
14556.0	0.0003	EI24	ENSG00000149547
14556.0	0.0003	PRSS16	ENSG00000112812
14556.0	0.0003	TAX1BP3	ENSG00000213977
14556.0	0.0003	HDGFRP2	ENSG00000167674
14556.0	0.0003	HINT3	ENSG00000111911
14556.0	0.0003	TNFRSF10D	ENSG00000173530
14556.0	0.0003	MRPS30	ENSG00000112996
14556.0	0.0003	TCP11	ENSG00000124678
14556.0	0.0003	MORC3	ENSG00000159256
14556.0	0.0003	ANXA3	ENSG00000138772
14556.0	0.0003	FAIM2	ENSG00000135472
14556.0	0.0003	ZNF830	ENSG00000198783
14556.0	0.0003	PTPRK	ENSG00000152894
14556.0	0.0003	CSRP2	ENSG00000175183
14556.0	0.0003	ICOS	ENSG00000163600
14556.0	0.0003	NOL8	ENSG00000198000
14556.0	0.0003	BCAS2	ENSG00000116752
14556.0	0.0003	ASIC4	ENSG00000072182
14556.0	0.0003	CLEC6A	ENSG00000205846
14556.0	0.0003	MRFAP1	ENSG00000179010
14556.0	0.0003	DCSTAMP	ENSG00000164935
14556.0	0.0003	CLIC2	ENSG00000155962
14556.0	0.0003	ARK2N	ENSG00000152242
14556.0	0.0003	EFCAB14	ENSG00000159658
14556.0	0.0003	FBRS	ENSG00000156860
14556.0	0.0003	FBRSL1	ENSG00000112787
14556.0	0.0003	GPATCH2	ENSG00000092978
14556.0	0.0003	STK11IP	ENSG00000144589
14556.0	0.0003	LGALS3BP	ENSG00000108679
14556.0	0.0003	SLC66A3	ENSG00000162976
14556.0	0.0003	RUNDC3A	ENSG00000108309
14556.0	0.0003	TCN1	ENSG00000134827
14556.0	0.0003	CPPED1	ENSG00000103381
14556.0	0.0003	TMEM50A	ENSG00000183726
14556.0	0.0003	ASCL3	ENSG00000176009
14556.0	0.0003	PID1	ENSG00000153823
14556.0	0.0003	SLC16A7	ENSG00000118596
14556.0	0.0003	CCDC174	ENSG00000154781
14556.0	0.0003	ZNF131	ENSG00000172262
14556.0	0.0003	LY6E	ENSG00000160932
14556.0	0.0003	UQCC2	ENSG00000137288
14556.0	0.0003	ZNF451	ENSG00000112200
14556.0	0.0003	BEGAIN	ENSG00000183092
14556.0	0.0003	ZHX1	ENSG00000165156
14556.0	0.0003	CFHR3	ENSG00000116785
14556.0	0.0003	PSCA	ENSG00000167653
14556.0	0.0003	CNGB3	ENSG00000170289
14556.0	0.0003	NAA40	ENSG00000110583
14556.0	0.0003	LTK	ENSG00000062524
14556.0	0.0003	S100A6	ENSG00000197956
14556.0	0.0003	SMCHD1	ENSG00000101596
14556.0	0.0003	GPR158	ENSG00000151025
14556.0	0.0003	MIA	ENSG00000261857
14556.0	0.0003	AS3MT	ENSG00000214435
14556.0	0.0003	HRK	ENSG00000135116
14556.0	0.0003	TAS1R1	ENSG00000173662
14556.0	0.0003	PPP1R14D	ENSG00000166143
14556.0	0.0003	PDCD1	ENSG00000188389
14556.0	0.0003	PADI2	ENSG00000117115
14556.0	0.0003	SERPINA7	ENSG00000123561
14556.0	0.0003	TOB1	ENSG00000141232
14556.0	0.0003	APBA3	ENSG00000011132
14556.0	0.0003	BRS3	ENSG00000102239
14556.0	0.0003	AKIRIN1	ENSG00000174574
14556.0	0.0003	SLAIN2	ENSG00000109171
14556.0	0.0003	MNDA	ENSG00000163563
14556.0	0.0003	DHRS2	ENSG00000100867
14556.0	0.0003	HACD4	ENSG00000188921
14556.0	0.0003	BOK	ENSG00000176720
14556.0	0.0003	GTF2A1L	ENSG00000242441
14556.0	0.0003	RTP1	ENSG00000175077
14556.0	0.0003	RTP2	ENSG00000198471
14556.0	0.0003	ERVV-2	ENSG00000268964
14556.0	0.0003	EMP2	ENSG00000213853
14556.0	0.0003	MT1A	ENSG00000205362
14556.0	0.0003	RAB37	ENSG00000172794
14556.0	0.0003	VIL1	ENSG00000127831
14556.0	0.0003	LOXHD1	ENSG00000167210
14556.0	0.0003	ZSCAN1	ENSG00000152467
14556.0	0.0003	APBB3	ENSG00000113108
14556.0	0.0003	SCIN	ENSG00000006747
14556.0	0.0003	GIGYF1	ENSG00000146830
14556.0	0.0003	ADGRA1	ENSG00000197177
14556.0	0.0003	CTSW	ENSG00000172543
14556.0	0.0003	PPP6R1	ENSG00000105063
14556.0	0.0003	AQR	ENSG00000021776
14556.0	0.0003	LRRC39	ENSG00000122477
14556.0	0.0003	LRRC8E	ENSG00000171017
14556.0	0.0003	MT1E	ENSG00000169715
14556.0	0.0003	NUDT19	ENSG00000213965
14556.0	0.0003	LRRN3	ENSG00000173114
14556.0	0.0003	LRRIQ4	ENSG00000188306
14556.0	0.0003	STRC	ENSG00000242866
14556.0	0.0003	OPN3	ENSG00000054277
14556.0	0.0003	ARHGAP27	ENSG00000159314
14556.0	0.0003	TCEANC2	ENSG00000116205
14556.0	0.0003	DEFA5	ENSG00000164816
14556.0	0.0003	TCTE1	ENSG00000146221
14556.0	0.0003	ECM2	ENSG00000106823
14556.0	0.0003	CPN2	ENSG00000178772
14556.0	0.0003	MTERF2	ENSG00000120832
14556.0	0.0003	DNASE1	ENSG00000213918
14556.0	0.0003	LRRC10	ENSG00000198812
14556.0	0.0003	RGS17	ENSG00000091844
14556.0	0.0003	NCAM2	ENSG00000154654
14556.0	0.0003	LRIT3	ENSG00000183423
14556.0	0.0003	LRIT1	ENSG00000148602
14556.0	0.0003	LRIT2	ENSG00000204033
14556.0	0.0003	BAHD1	ENSG00000140320
14556.0	0.0003	TCEANC	ENSG00000176896
14556.0	0.0003	LRRC38	ENSG00000162494
14556.0	0.0003	BTLA	ENSG00000186265
14556.0	0.0003	LY6H	ENSG00000176956
14556.0	0.0003	LRRC24	ENSG00000254402
14556.0	0.0003	LRFN5	ENSG00000165379
14556.0	0.0003	MFHAS1	ENSG00000147324
14556.0	0.0003	LRRC55	ENSG00000183908
14556.0	0.0003	LRRC52	ENSG00000162763
14556.0	0.0003	LRRC70	ENSG00000186105
14556.0	0.0003	HEG1	ENSG00000173706
14556.0	0.0003	LRSAM1	ENSG00000148356
14556.0	0.0003	CSMD1	ENSG00000183117
14556.0	0.0003	LRTM1	ENSG00000144771
14556.0	0.0003	LRRC15	ENSG00000172061
14556.0	0.0003	OPTC	ENSG00000188770
14556.0	0.0003	LRRC8D	ENSG00000171492
14556.0	0.0003	LRRC8B	ENSG00000197147
14556.0	0.0003	PODN	ENSG00000174348
14556.0	0.0003	LRRC8C	ENSG00000171488
14556.0	0.0003	CHADL	ENSG00000100399
14556.0	0.0003	EPYC	ENSG00000083782
14556.0	0.0003	IGSF10	ENSG00000152580
14556.0	0.0003	ISLR2	ENSG00000167178
14556.0	0.0003	LINGO4	ENSG00000213171
14556.0	0.0003	LRCH1	ENSG00000136141
14556.0	0.0003	LRFN3	ENSG00000126243
14556.0	0.0003	LRG1	ENSG00000171236
14556.0	0.0003	LRRC10B	ENSG00000204950
14556.0	0.0003	LRRC17	ENSG00000128606
14556.0	0.0003	LRRC18	ENSG00000165383
14556.0	0.0003	LRRC19	ENSG00000184434
14556.0	0.0003	LRRC2	ENSG00000163827
14556.0	0.0003	LRRC28	ENSG00000168904
14556.0	0.0003	LRRC30	ENSG00000206422
14556.0	0.0003	LRRC57	ENSG00000180979
14556.0	0.0003	LRRC58	ENSG00000163428
14556.0	0.0003	LRRD1	ENSG00000240720
14556.0	0.0003	LRRN1	ENSG00000175928
14556.0	0.0003	LRRN4	ENSG00000125872
14556.0	0.0003	LRTM2	ENSG00000166159
14556.0	0.0003	MXRA5	ENSG00000101825
14556.0	0.0003	PODNL1	ENSG00000132000
14556.0	0.0003	SH2D2A	ENSG00000027869
14556.0	0.0003	CLEC10A	ENSG00000132514
14556.0	0.0003	CHML	ENSG00000203668
14556.0	0.0003	SESTD1	ENSG00000187231
14556.0	0.0003	CCDC88C	ENSG00000015133
14556.0	0.0003	CSRP1	ENSG00000159176
14556.0	0.0003	SLC18A1	ENSG00000036565
14556.0	0.0003	ZBTB6	ENSG00000186130
14556.0	0.0003	MEGF11	ENSG00000157890
14556.0	0.0003	SLC18B1	ENSG00000146409
14556.0	0.0003	ZCCHC7	ENSG00000147905
14556.0	0.0003	COTL1	ENSG00000103187
14556.0	0.0003	CDR2	ENSG00000140743
14556.0	0.0003	PILRA	ENSG00000085514
14556.0	0.0003	PMEPA1	ENSG00000124225
14556.0	0.0003	DAP	ENSG00000112977
14556.0	0.0003	SLC22A11	ENSG00000168065
14556.0	0.0003	PDCD1LG2	ENSG00000197646
14556.0	0.0003	SPINK7	ENSG00000145879
14556.0	0.0003	RIOK3	ENSG00000101782
14556.0	0.0003	MEGF6	ENSG00000162591
14556.0	0.0003	CKLF	ENSG00000217555
14556.0	0.0003	MICOS10	ENSG00000173436
14556.0	0.0003	ZCCHC9	ENSG00000131732
14556.0	0.0003	PPME1	ENSG00000214517
14556.0	0.0003	ZBTB2	ENSG00000181472
14556.0	0.0003	RNF128	ENSG00000133135
14556.0	0.0003	APLP1	ENSG00000105290
14556.0	0.0003	DDX51	ENSG00000185163
14556.0	0.0003	BEND3	ENSG00000178409
14556.0	0.0003	SPON2	ENSG00000159674
14556.0	0.0003	TOX2	ENSG00000124191
14556.0	0.0003	TRIM47	ENSG00000132481
14556.0	0.0003	FTMT	ENSG00000181867
14556.0	0.0003	CRLF1	ENSG00000006016
14556.0	0.0003	CARMIL1	ENSG00000079691
14556.0	0.0003	VWCE	ENSG00000167992
14556.0	0.0003	KIN	ENSG00000151657
14556.0	0.0003	LCMT1	ENSG00000205629
14556.0	0.0003	PTPN18	ENSG00000072135
14556.0	0.0003	RGS22	ENSG00000132554
14556.0	0.0003	CALCOCO1	ENSG00000012822
14556.0	0.0003	CPNE7	ENSG00000178773
14556.0	0.0003	GADD45G	ENSG00000130222
14556.0	0.0003	PPP6R2	ENSG00000100239
14556.0	0.0003	GPRASP2	ENSG00000158301
14556.0	0.0003	PLSCR1	ENSG00000188313
14556.0	0.0003	ITIH1	ENSG00000055957
14556.0	0.0003	CD93	ENSG00000125810
14556.0	0.0003	SH2B2	ENSG00000160999
14556.0	0.0003	CASP14	ENSG00000105141
14556.0	0.0003	GADD45B	ENSG00000099860
14556.0	0.0003	NPTX1	ENSG00000171246
14556.0	0.0003	TRIM2	ENSG00000109654
14556.0	0.0003	RIDA	ENSG00000132541
14556.0	0.0003	FSTL3	ENSG00000070404
14556.0	0.0003	APOL1	ENSG00000100342
14556.0	0.0003	LARP1	ENSG00000155506
14556.0	0.0003	LAD1	ENSG00000159166
14556.0	0.0003	CYP2A13	ENSG00000197838
14556.0	0.0003	LARP1B	ENSG00000138709
14556.0	0.0003	SNN	ENSG00000184602
14556.0	0.0003	IRF2BPL	ENSG00000119669
14556.0	0.0003	GAS8-AS1	ENSG00000221819
14556.0	0.0003	GPR61	ENSG00000156097
14556.0	0.0003	GET1	ENSG00000182093
14556.0	0.0003	ZNF483	ENSG00000173258
14556.0	0.0003	DDIT4L	ENSG00000145358
14556.0	0.0003	LCE3D	ENSG00000163202
14556.0	0.0003	SYF2	ENSG00000117614
14556.0	0.0003	TNK1	ENSG00000174292
14556.0	0.0003	PSD	ENSG00000059915
14556.0	0.0003	OXSM	ENSG00000151093
14556.0	0.0003	KIR2DL3	ENSG00000243772
14556.0	0.0003	NPVF	ENSG00000105954
14556.0	0.0003	E4F1	ENSG00000167967
14556.0	0.0003	PTX3	ENSG00000163661
14556.0	0.0003	ICE2	ENSG00000128915
14556.0	0.0003	EMILIN2	ENSG00000132205
14556.0	0.0003	BLZF1	ENSG00000117475
14556.0	0.0003	GLT6D1	ENSG00000204007
14556.0	0.0003	ISY1	ENSG00000240682
14556.0	0.0003	ISY1-RAB43	ENSG00000261796
14556.0	0.0003	ZCCHC14	ENSG00000140948
14556.0	0.0003	ZFPL1	ENSG00000162300
14556.0	0.0003	STARD3NL	ENSG00000010270
14556.0	0.0003	RBM7	ENSG00000076053
14556.0	0.0003	LCN10	ENSG00000187922
14556.0	0.0003	GPR62	ENSG00000180929
14556.0	0.0003	ZC3H3	ENSG00000014164
14556.0	0.0003	LCN15	ENSG00000177984
14556.0	0.0003	PPM1J	ENSG00000155367
14556.0	0.0003	B3GALT1	ENSG00000172318
14556.0	0.0003	SIVA1	ENSG00000184990
14556.0	0.0003	FASTKD2	ENSG00000118246
14556.0	0.0003	GPR151	ENSG00000173250
14556.0	0.0003	LYPD6B	ENSG00000150556
14556.0	0.0003	SLAMF6	ENSG00000162739
14556.0	0.0003	C6	ENSG00000039537
14556.0	0.0003	RFXAP	ENSG00000133111
14556.0	0.0003	P2RX1	ENSG00000108405
14556.0	0.0003	CYTH2	ENSG00000105443
14556.0	0.0003	BROX	ENSG00000162819
14556.0	0.0003	CTSO	ENSG00000256043
14556.0	0.0003	MAGEA3	ENSG00000221867
14556.0	0.0003	SPATA4	ENSG00000150628
14556.0	0.0003	NXNL1	ENSG00000171773
14556.0	0.0003	B3GALT2	ENSG00000162630
14556.0	0.0003	C7	ENSG00000112936
14556.0	0.0003	CLC	ENSG00000105205
14556.0	0.0003	RBM23	ENSG00000100461
14556.0	0.0003	PARM1	ENSG00000169116
14556.0	0.0003	ASCL2	ENSG00000183734
14556.0	0.0003	BIK	ENSG00000100290
14556.0	0.0003	COA4	ENSG00000181924
14556.0	0.0003	TMSB4Y	ENSG00000154620
14556.0	0.0003	CCN5	ENSG00000064205
14556.0	0.0003	SIT1	ENSG00000137078
14556.0	0.0003	USP35	ENSG00000118369
14556.0	0.0003	SPDYA	ENSG00000163806
14556.0	0.0003	GOLT1A	ENSG00000174567
14556.0	0.0003	GOLT1B	ENSG00000111711
14556.0	0.0003	PON1	ENSG00000005421
14556.0	0.0003	RSRP1	ENSG00000117616
14556.0	0.0003	BMF	ENSG00000104081
14556.0	0.0003	NUDT16L1	ENSG00000168101
14556.0	0.0003	U2SURP	ENSG00000163714
14556.0	0.0003	KIR2DL1	ENSG00000125498
14556.0	0.0003	LCE3B	ENSG00000187238
14556.0	0.0003	TXLNB	ENSG00000164440
14556.0	0.0003	RGS13	ENSG00000127074
14556.0	0.0003	TPD52	ENSG00000076554
14556.0	0.0003	CLEC12A	ENSG00000172322
14556.0	0.0003	SCRT1	ENSG00000170616
14556.0	0.0003	PABPN1L	ENSG00000205022
14556.0	0.0003	TSSK6	ENSG00000178093
14556.0	0.0003	ZNF850	ENSG00000267041
14556.0	0.0003	ERGIC3	ENSG00000125991
14556.0	0.0003	CA7	ENSG00000168748
14556.0	0.0003	SLC23A3	ENSG00000213901
14556.0	0.0003	NUDCD2	ENSG00000170584
14556.0	0.0003	TGM4	ENSG00000163810
14556.0	0.0003	GPS2	ENSG00000132522
14556.0	0.0003	RP11-542C16.2	ENSG00000261915
14556.0	0.0003	MPEG1	ENSG00000197629
14556.0	0.0003	BCL2A1	ENSG00000140379
14556.0	0.0003	CCL18	ENSG00000006074
14556.0	0.0003	HECA	ENSG00000112406
14556.0	0.0003	PDC	ENSG00000116703
14556.0	0.0003	CIP2A	ENSG00000163507
14556.0	0.0003	HHLA1	ENSG00000132297
14556.0	0.0003	ZFYVE21	ENSG00000100711
14556.0	0.0003	VWDE	ENSG00000146530
14556.0	0.0003	REM1	ENSG00000088320
14556.0	0.0003	SPATC1L	ENSG00000160284
14556.0	0.0003	LILRB4	ENSG00000186818
14556.0	0.0003	ARHGEF5	ENSG00000050327
14556.0	0.0003	TLCD3A	ENSG00000167695
14556.0	0.0003	CCL14	ENSG00000213494
14556.0	0.0003	GSTCD	ENSG00000138780
14556.0	0.0003	PPHLN1	ENSG00000134283
14556.0	0.0003	GPRIN1	ENSG00000169258
14556.0	0.0003	CHGB	ENSG00000089199
14556.0	0.0003	IGLL5	ENSG00000254709
14556.0	0.0003	SLC12A4	ENSG00000124067
14556.0	0.0003	GUCA1C	ENSG00000138472
14556.0	0.0003	NUDT15	ENSG00000136159
14556.0	0.0003	AHSA2P	ENSG00000173209
14556.0	0.0003	MAGEC2	ENSG00000046774
14556.0	0.0003	SERTAD1	ENSG00000197019
14556.0	0.0003	ELOVL3	ENSG00000119915
14556.0	0.0003	TMUB1	ENSG00000164897
14556.0	0.0003	LCE3E	ENSG00000185966
14556.0	0.0003	SIGLEC7	ENSG00000168995
14556.0	0.0003	PYDC2	ENSG00000253548
14556.0	0.0003	TMPRSS2	ENSG00000184012
14556.0	0.0003	MARCO	ENSG00000019169
14556.0	0.0003	FNDC4	ENSG00000115226
14556.0	0.0003	SETD6	ENSG00000103037
14556.0	0.0003	VSNL1	ENSG00000163032
14556.0	0.0003	TSPAN16	ENSG00000130167
14556.0	0.0003	TDRD9	ENSG00000156414
14556.0	0.0003	ANO7	ENSG00000146205
14556.0	0.0003	CYB5R4	ENSG00000065615
14556.0	0.0003	DPP7	ENSG00000176978
14556.0	0.0003	MAGEB1	ENSG00000214107
14556.0	0.0003	UPK1B	ENSG00000114638
14556.0	0.0003	MAST4	ENSG00000069020
14556.0	0.0003	DUSP7	ENSG00000164086
14556.0	0.0003	COMMD5	ENSG00000170619
14556.0	0.0003	CYTH3	ENSG00000008256
14556.0	0.0003	RNF122	ENSG00000133874
14556.0	0.0003	LRP1B	ENSG00000168702
14556.0	0.0003	ANKRD28	ENSG00000206560
14556.0	0.0003	DIRAS1	ENSG00000176490
14556.0	0.0003	TSNAXIP1	ENSG00000102904
14556.0	0.0003	GRK7	ENSG00000114124
14556.0	0.0003	P2RX3	ENSG00000109991
14556.0	0.0003	ITIH2	ENSG00000151655
14556.0	0.0003	CARD18	ENSG00000255501
14556.0	0.0003	RASL12	ENSG00000103710
14556.0	0.0003	RERG	ENSG00000134533
14556.0	0.0003	DIRAS2	ENSG00000165023
14556.0	0.0003	RERGL	ENSG00000111404
14556.0	0.0003	SIGLEC6	ENSG00000105492
14556.0	0.0003	SLC15A3	ENSG00000110446
14556.0	0.0003	MSANTD1	ENSG00000188981
14556.0	0.0003	BCL2L10	ENSG00000137875
14556.0	0.0003	STK16	ENSG00000115661
14556.0	0.0003	IL18R1	ENSG00000115604
14556.0	0.0003	TREX2	ENSG00000183479
14556.0	0.0003	CASP4	ENSG00000196954
14556.0	0.0003	IL18RAP	ENSG00000115607
14556.0	0.0003	ANKK1	ENSG00000170209
14556.0	0.0003	GPR179	ENSG00000188888
14556.0	0.0003	PTGES3L	ENSG00000267060
14556.0	0.0003	OXNAD1	ENSG00000154814
14556.0	0.0003	CYB5RL	ENSG00000215883
14556.0	0.0003	TMBIM6	ENSG00000139644
14556.0	0.0003	TGM7	ENSG00000159495
14556.0	0.0003	SEMA5B	ENSG00000082684
14556.0	0.0003	BANK1	ENSG00000153064
14556.0	0.0003	GOLGA4	ENSG00000144674
14556.0	0.0003	MOB2	ENSG00000182208
14556.0	0.0003	ATP9B	ENSG00000166377
14556.0	0.0003	SCG2	ENSG00000171951
14556.0	0.0003	TREML1	ENSG00000161911
14556.0	0.0003	RABEP2	ENSG00000177548
14556.0	0.0003	NEK3	ENSG00000136098
14556.0	0.0003	SLC22A7	ENSG00000137204
14556.0	0.0003	ICA1	ENSG00000003147
14556.0	0.0003	GABRQ	ENSG00000147402
14556.0	0.0003	TRA2A	ENSG00000164548
14556.0	0.0003	MTX3	ENSG00000177034
14556.0	0.0003	NXT1	ENSG00000132661
14556.0	0.0003	SLC22A9	ENSG00000149742
14556.0	0.0003	ZMYND19	ENSG00000165724
14556.0	0.0003	GALP	ENSG00000197487
14556.0	0.0003	SFTPA1	ENSG00000122852
14556.0	0.0003	CDHR1	ENSG00000148600
14556.0	0.0003	RAB20	ENSG00000139832
14556.0	0.0003	KRT86	ENSG00000170442
14556.0	0.0003	ORM1	ENSG00000229314
14556.0	0.0003	AARSD1	ENSG00000266967
14556.0	0.0003	CCDC9	ENSG00000105321
14556.0	0.0003	SPIN2A	ENSG00000147059
14556.0	0.0003	SHD	ENSG00000105251
14556.0	0.0003	YTHDF2	ENSG00000198492
14556.0	0.0003	DUS3L	ENSG00000141994
14556.0	0.0003	IFT70B	ENSG00000196659
14556.0	0.0003	CCL15	ENSG00000267596
14556.0	0.0003	FAHD2B	ENSG00000144199
14556.0	0.0003	COMMD3	ENSG00000148444
14556.0	0.0003	CARD6	ENSG00000132357
14556.0	0.0003	SNX12	ENSG00000147164
14556.0	0.0003	GABRR3	ENSG00000183185
14556.0	0.0003	NFKBIZ	ENSG00000144802
14556.0	0.0003	HELB	ENSG00000127311
14556.0	0.0003	ZBTB25	ENSG00000089775
14556.0	0.0003	PANX2	ENSG00000073150
14556.0	0.0003	GARIN6	ENSG00000180219
14556.0	0.0003	BCL2L12	ENSG00000126453
14556.0	0.0003	SPAG8	ENSG00000137098
14556.0	0.0003	OOEP	ENSG00000203907
14556.0	0.0003	ZBTB5	ENSG00000168795
14556.0	0.0003	C1QTNF1	ENSG00000173918
14556.0	0.0003	TMEM114	ENSG00000232258
14556.0	0.0003	FAHD2A	ENSG00000115042
14556.0	0.0003	PKIA	ENSG00000171033
14556.0	0.0003	MAGEA4	ENSG00000147381
14556.0	0.0003	GPR78	ENSG00000155269
14556.0	0.0003	CETP	ENSG00000087237
14556.0	0.0003	SH2D3A	ENSG00000125731
14556.0	0.0003	PPIL3	ENSG00000240344
14556.0	0.0003	OTOL1	ENSG00000182447
14556.0	0.0003	B4GALT5	ENSG00000158470
14556.0	0.0003	TMEM43	ENSG00000170876
14556.0	0.0003	DNAH10	ENSG00000197653
14556.0	0.0003	ZNF263	ENSG00000006194
14556.0	0.0003	HSD17B11	ENSG00000198189
14556.0	0.0003	STYX	ENSG00000198252
14556.0	0.0003	PAIP2B	ENSG00000124374
14556.0	0.0003	VCX	ENSG00000182583
14556.0	0.0003	VCX2	ENSG00000177504
14556.0	0.0003	VCX3B	ENSG00000205642
14556.0	0.0003	LMBR1L	ENSG00000139636
14556.0	0.0003	SH3BP4	ENSG00000130147
14556.0	0.0003	LCE3A	ENSG00000185962
14556.0	0.0003	MTRNR2L4	ENSG00000232196
14556.0	0.0003	ANXA4	ENSG00000196975
14556.0	0.0003	GFRAL	ENSG00000187871
14556.0	0.0003	TRIM59	ENSG00000213186
14556.0	0.0003	DNHD1	ENSG00000179532
14556.0	0.0003	RANBP3L	ENSG00000164188
14556.0	0.0003	RNF114	ENSG00000124226
14556.0	0.0003	CCDC88B	ENSG00000168071
14556.0	0.0003	DDT	ENSG00000099977
14556.0	0.0003	SYNC	ENSG00000162520
14556.0	0.0003	PNMA1	ENSG00000176903
14556.0	0.0003	STEAP4	ENSG00000127954
14556.0	0.0003	PRR14	ENSG00000156858
14556.0	0.0003	PRR14L	ENSG00000183530
14556.0	0.0003	GOT1L1	ENSG00000169154
14556.0	0.0003	CDK2AP1	ENSG00000111328
14556.0	0.0003	MACC1	ENSG00000183742
14556.0	0.0003	CCL3L3	ENSG00000256515
14556.0	0.0003	RBAK	ENSG00000146587
14556.0	0.0003	KIAA0513	ENSG00000135709
14556.0	0.0003	EXD2	ENSG00000081177
14556.0	0.0003	MGARP	ENSG00000137463
14556.0	0.0003	SLC47A1	ENSG00000142494
14556.0	0.0003	CCZ1	ENSG00000122674
14556.0	0.0003	CCZ1B	ENSG00000146574
14556.0	0.0003	BFSP1	ENSG00000125864
14556.0	0.0003	CEP350	ENSG00000135837
14556.0	0.0003	SLC47A2	ENSG00000180638
14556.0	0.0003	CRYGS	ENSG00000213139
14556.0	0.0003	CWC25	ENSG00000108296
14556.0	0.0003	UCN2	ENSG00000145040
14556.0	0.0003	DRG1	ENSG00000185721
14556.0	0.0003	SERTAD4	ENSG00000082497
14556.0	0.0003	IL1F10	ENSG00000136697
14556.0	0.0003	DGLUCY	ENSG00000133943
14556.0	0.0003	USP17L29	ENSG00000231637
14556.0	0.0003	USP31	ENSG00000103404
14556.0	0.0003	HLA-DPB1	ENSG00000223865
14556.0	0.0003	TRIM7	ENSG00000146054
14556.0	0.0003	OR8S1	ENSG00000197376
14556.0	0.0003	STATH	ENSG00000126549
14556.0	0.0003	MAP3K7CL	ENSG00000156265
14556.0	0.0003	DND1	ENSG00000256453
14556.0	0.0003	ACBD3	ENSG00000182827
14556.0	0.0003	ZNF444	ENSG00000167685
14556.0	0.0003	MYCBPAP	ENSG00000136449
14556.0	0.0003	DUSP22	ENSG00000112679
14556.0	0.0003	CYP2F1	ENSG00000197446
14556.0	0.0003	USP17L24	ENSG00000232264
14556.0	0.0003	USP17L25	ENSG00000230430
14556.0	0.0003	USP17L26	ENSG00000229579
14556.0	0.0003	USP17L27	ENSG00000235780
14556.0	0.0003	USP17L28	ENSG00000231051
14556.0	0.0003	USP17L30	ENSG00000228856
14556.0	0.0003	NOL3	ENSG00000140939
14556.0	0.0003	CNGA4	ENSG00000132259
14556.0	0.0003	FBXL6	ENSG00000182325
14556.0	0.0003	KBTBD6	ENSG00000165572
14556.0	0.0003	LGSN	ENSG00000146166
14556.0	0.0003	FBXL17	ENSG00000145743
14556.0	0.0003	ZNFX1	ENSG00000124201
14556.0	0.0003	TTC14	ENSG00000163728
14556.0	0.0003	CHURC1-FNTB	ENSG00000125954
14556.0	0.0003	BCL2L14	ENSG00000121380
14556.0	0.0003	FAM120C	ENSG00000184083
14556.0	0.0003	WDR64	ENSG00000162843
14556.0	0.0003	TCHH	ENSG00000159450
14556.0	0.0003	BCAT1	ENSG00000060982
14556.0	0.0003	FBXL9P	ENSG00000125122
14556.0	0.0003	SGSM1	ENSG00000167037
14556.0	0.0003	SGSM2	ENSG00000141258
14556.0	0.0003	CYGB	ENSG00000161544
14556.0	0.0003	CTSH	ENSG00000103811
14556.0	0.0003	AAK1	ENSG00000115977
14556.0	0.0003	TKTL1	ENSG00000007350
14556.0	0.0003	FBXO3	ENSG00000110429
14556.0	0.0003	EYS	ENSG00000188107
14556.0	0.0003	CNFN	ENSG00000105427
14556.0	0.0003	TNP1	ENSG00000118245
14556.0	0.0003	HS3ST4	ENSG00000182601
14556.0	0.0003	SLC7A4	ENSG00000099960
14556.0	0.0003	LAPTM5	ENSG00000162511
14556.0	0.0003	PPIL2	ENSG00000100023
14556.0	0.0003	TMPRSS9	ENSG00000178297
14556.0	0.0003	RTN4IP1	ENSG00000130347
14556.0	0.0003	UBL5	ENSG00000198258
14556.0	0.0003	RTKN	ENSG00000114993
14556.0	0.0003	ABI3BP	ENSG00000154175
14556.0	0.0003	RNF25	ENSG00000163481
14556.0	0.0003	SLC9A5	ENSG00000135740
14556.0	0.0003	ULBP1	ENSG00000111981
14556.0	0.0003	AKR7A3	ENSG00000162482
14556.0	0.0003	ABCG4	ENSG00000172350
14556.0	0.0003	DMRTB1	ENSG00000143006
14556.0	0.0003	DUSP9	ENSG00000130829
14556.0	0.0003	CRIPAK	ENSG00000179979
14556.0	0.0003	CCHCR1	ENSG00000204536
14556.0	0.0003	PNISR	ENSG00000132424
14556.0	0.0003	REPS2	ENSG00000169891
14556.0	0.0003	ZNF461	ENSG00000197808
14556.0	0.0003	SERPINB1	ENSG00000021355
14556.0	0.0003	PRRG2	ENSG00000126460
14556.0	0.0003	ICE1	ENSG00000164151
14556.0	0.0003	TMEM9	ENSG00000116857
14556.0	0.0003	ZCCHC10	ENSG00000155329
14556.0	0.0003	HMG20A	ENSG00000140382
14556.0	0.0003	C8G	ENSG00000176919
14556.0	0.0003	GDE1	ENSG00000006007
14556.0	0.0003	RAB21	ENSG00000080371
14556.0	0.0003	ELMOD2	ENSG00000179387
14556.0	0.0003	LACRT	ENSG00000135413
14556.0	0.0003	S100A13	ENSG00000189171
14556.0	0.0003	HVCN1	ENSG00000122986
14556.0	0.0003	PRSS54	ENSG00000103023
14556.0	0.0003	CELA3A	ENSG00000142789
14556.0	0.0003	PDE12	ENSG00000174840
14556.0	0.0003	STON1-GTF2A1L	ENSG00000068781
14556.0	0.0003	PADI4	ENSG00000159339
14556.0	0.0003	IPPK	ENSG00000127080
14556.0	0.0003	UCK1	ENSG00000130717
14556.0	0.0003	YAE1	ENSG00000241127
14556.0	0.0003	TEX11	ENSG00000120498
14556.0	0.0003	DKFZP761J1410	ENSG00000105520
14556.0	0.0003	MRM1	ENSG00000129282
14556.0	0.0003	ASB9	ENSG00000102048
14556.0	0.0003	PTPN22	ENSG00000134242
14556.0	0.0003	SMIM1	ENSG00000235169
14556.0	0.0003	AZGP1	ENSG00000160862
14556.0	0.0003	RNF180	ENSG00000164197
14556.0	0.0003	TSPOAP1	ENSG00000005379
14556.0	0.0003	DET1	ENSG00000140543
14556.0	0.0003	LIMS1	ENSG00000169756
14556.0	0.0003	MT4	ENSG00000102891
14556.0	0.0003	TCEAL2	ENSG00000184905
14556.0	0.0003	RABGGTA	ENSG00000100949
14556.0	0.0003	DPP10	ENSG00000175497
14556.0	0.0003	NCS1	ENSG00000107130
14556.0	0.0003	ACKR4	ENSG00000129048
14556.0	0.0003	HSFX1	ENSG00000171116
14556.0	0.0003	HSFX2	ENSG00000171129
14556.0	0.0003	HSFY1	ENSG00000172468
14556.0	0.0003	PIRT	ENSG00000233670
14556.0	0.0003	IFIT5	ENSG00000152778
14556.0	0.0003	PGLYRP1	ENSG00000008438
14556.0	0.0003	FKBPL	ENSG00000204315
14556.0	0.0003	SPAG1	ENSG00000104450
14556.0	0.0003	TOMM34	ENSG00000025772
14556.0	0.0003	TTC16	ENSG00000167094
14556.0	0.0003	TTC24	ENSG00000187862
14556.0	0.0003	TTC32	ENSG00000183891
14556.0	0.0003	CHID1	ENSG00000177830
14556.0	0.0003	PPIP5K2	ENSG00000145725
14556.0	0.0003	EHF	ENSG00000135373
14556.0	0.0003	SLC44A1	ENSG00000070214
14556.0	0.0003	MSRA	ENSG00000175806
14556.0	0.0003	CYTH4	ENSG00000100055
14556.0	0.0003	FNDC5	ENSG00000160097
14556.0	0.0003	HMGCLL1	ENSG00000146151
14556.0	0.0003	GDPD1	ENSG00000153982
14556.0	0.0003	TREML2	ENSG00000112195
14556.0	0.0003	LONRF2	ENSG00000170500
14556.0	0.0003	ZCCHC4	ENSG00000168228
14556.0	0.0003	SLC13A3	ENSG00000158296
14556.0	0.0003	SSX4B	ENSG00000198946
14556.0	0.0003	HAUS8	ENSG00000131351
14556.0	0.0003	LONRF3	ENSG00000175556
14556.0	0.0003	SLC9B1	ENSG00000164037
14556.0	0.0003	SERPINB4	ENSG00000206073
14556.0	0.0003	PARP15	ENSG00000173200
14556.0	0.0003	OCIAD1	ENSG00000109180
14556.0	0.0003	COX20	ENSG00000203667
14556.0	0.0003	RCN2	ENSG00000117906
14556.0	0.0003	PRPF38A	ENSG00000134748
14556.0	0.0003	IDNK	ENSG00000148057
14556.0	0.0003	SREK1	ENSG00000153914
14556.0	0.0003	ZNF674	ENSG00000251192
14556.0	0.0003	ZNF81	ENSG00000197779
14556.0	0.0003	ZSCAN32	ENSG00000140987
14556.0	0.0003	LIMS2	ENSG00000072163
14556.0	0.0003	C1QTNF9	ENSG00000240654
14556.0	0.0003	BTG2	ENSG00000159388
14556.0	0.0003	PLEKHG6	ENSG00000008323
14556.0	0.0003	BTG1	ENSG00000133639
14556.0	0.0003	TBKBP1	ENSG00000198933
14556.0	0.0003	RWDD1	ENSG00000111832
14556.0	0.0003	SCAF8	ENSG00000213079
14556.0	0.0003	RAB3C	ENSG00000152932
14556.0	0.0003	HOOK2	ENSG00000095066
14556.0	0.0003	CD207	ENSG00000116031
14556.0	0.0003	HOXD8	ENSG00000175879
14556.0	0.0003	ZNF468	ENSG00000204604
14556.0	0.0003	S100A1	ENSG00000160678
14556.0	0.0003	ZNF83	ENSG00000167766
14556.0	0.0003	CCDC34	ENSG00000109881
14556.0	0.0003	CCDC73	ENSG00000186714
14556.0	0.0003	MAP9	ENSG00000164114
14556.0	0.0003	BMP3	ENSG00000152785
14556.0	0.0003	SPMIP10	ENSG00000196900
14556.0	0.0003	RP11-399J13.3	ENSG00000273003
14556.0	0.0003	SNX15	ENSG00000110025
14556.0	0.0003	TAAR5	ENSG00000135569
14556.0	0.0003	AZI2	ENSG00000163512
14556.0	0.0003	ZNF117	ENSG00000152926
14556.0	0.0003	RPH3AL	ENSG00000181031
14556.0	0.0003	ARHGEF15	ENSG00000198844
14556.0	0.0003	MAGEA2	ENSG00000184750
14556.0	0.0003	SPATA7	ENSG00000042317
14556.0	0.0003	LCORL	ENSG00000178177
14556.0	0.0003	MAGEA2B	ENSG00000183305
14556.0	0.0003	TPCN1	ENSG00000186815
14556.0	0.0003	AKAP14	ENSG00000186471
14556.0	0.0003	CMC2	ENSG00000103121
14556.0	0.0003	MISP	ENSG00000099812
14556.0	0.0003	MRPL21	ENSG00000197345
14556.0	0.0003	ZNF639	ENSG00000121864
14556.0	0.0003	CEP20	ENSG00000133393
14556.0	0.0003	NIPSNAP3A	ENSG00000136783
14556.0	0.0003	SLCO2B1	ENSG00000137491
14556.0	0.0003	ANKRD35	ENSG00000198483
14556.0	0.0003	GTF3C6	ENSG00000155115
14556.0	0.0003	RELCH	ENSG00000134444
14556.0	0.0003	FEM1A	ENSG00000141965
14556.0	0.0003	PLAAT4	ENSG00000133321
14556.0	0.0003	BIN3	ENSG00000147439
14556.0	0.0003	SLC25A31	ENSG00000151475
14556.0	0.0003	TRIM46	ENSG00000163462
14556.0	0.0003	IRX2	ENSG00000170561
14556.0	0.0003	ARFIP1	ENSG00000164144
14556.0	0.0003	INA	ENSG00000148798
14556.0	0.0003	ZNF396	ENSG00000186496
14556.0	0.0003	MRPL47	ENSG00000136522
14556.0	0.0003	TNFSF14	ENSG00000125735
14556.0	0.0003	FAM9C	ENSG00000187268
14556.0	0.0003	AC004381.6	ENSG00000005189
14556.0	0.0003	REXO1L1P	ENSG00000205176
14556.0	0.0003	GPR63	ENSG00000112218
14556.0	0.0003	TMEM158	ENSG00000249992
14556.0	0.0003	DAZ1	ENSG00000188120
14556.0	0.0003	ZFC3H1	ENSG00000133858
14556.0	0.0003	OR5M1	ENSG00000255012
14556.0	0.0003	RNF19B	ENSG00000116514
14556.0	0.0003	MRPL38	ENSG00000204316
14556.0	0.0003	RNF24	ENSG00000101236
14556.0	0.0003	EVI5L	ENSG00000142459
14556.0	0.0003	HYI	ENSG00000178922
14556.0	0.0003	CHIC2	ENSG00000109220
14556.0	0.0003	RAB3IL1	ENSG00000167994
14556.0	0.0003	WDFY2	ENSG00000139668
14556.0	0.0003	WDFY1	ENSG00000085449
14556.0	0.0003	C1orf116	ENSG00000182795
14556.0	0.0003	CHRNA10	ENSG00000129749
14556.0	0.0003	FAM9A	ENSG00000183304
14556.0	0.0003	RNF144B	ENSG00000137393
14556.0	0.0003	PLEKHA8	ENSG00000106086
14556.0	0.0003	RAB30	ENSG00000137502
14556.0	0.0003	DHX57	ENSG00000163214
14556.0	0.0003	LCE5A	ENSG00000186207
14556.0	0.0003	DDI1	ENSG00000170967
14556.0	0.0003	CRYGC	ENSG00000163254
14556.0	0.0003	APRG1	ENSG00000198590
14556.0	0.0003	TSPAN33	ENSG00000158457
14556.0	0.0003	ACAP2	ENSG00000114331
14556.0	0.0003	ANKRD44	ENSG00000065413
14556.0	0.0003	CADM2	ENSG00000175161
14556.0	0.0003	FRY	ENSG00000073910
14556.0	0.0003	RIC3	ENSG00000166405
14556.0	0.0003	FCRLA	ENSG00000132185
14556.0	0.0003	SEPTIN12	ENSG00000140623
14556.0	0.0003	ANG	ENSG00000214274
14556.0	0.0003	PITPNM1	ENSG00000110697
14556.0	0.0003	ARHGAP21	ENSG00000107863
14556.0	0.0003	RAB3B	ENSG00000169213
14556.0	0.0003	RNF144A	ENSG00000151692
14556.0	0.0003	ZER1	ENSG00000160445
14556.0	0.0003	MMEL1	ENSG00000142606
14556.0	0.0003	SYTL5	ENSG00000147041
14556.0	0.0003	ZC3H10	ENSG00000135482
14556.0	0.0003	RCSD1	ENSG00000198771
14556.0	0.0003	CHTF8	ENSG00000168802
14556.0	0.0003	ZDHHC8	ENSG00000099904
14556.0	0.0003	FOXR1	ENSG00000176302
14556.0	0.0003	ERP27	ENSG00000139055
14556.0	0.0003	DDI2	ENSG00000197312
14556.0	0.0003	KLRF1	ENSG00000150045
14556.0	0.0003	KLK1	ENSG00000167748
14556.0	0.0003	NRIP2	ENSG00000053702
14556.0	0.0003	NRIP3	ENSG00000175352
14556.0	0.0003	CNIH1	ENSG00000100528
14556.0	0.0003	SLC1A6	ENSG00000105143
14556.0	0.0003	GPR149	ENSG00000174948
14556.0	0.0003	SSX2IP	ENSG00000117155
14556.0	0.0003	THAP5	ENSG00000177683
14556.0	0.0003	ULBP3	ENSG00000131019
14556.0	0.0003	SYT14	ENSG00000143469
14556.0	0.0003	MRPL51	ENSG00000111639
14556.0	0.0003	TDRD12	ENSG00000173809
14556.0	0.0003	PRPF38B	ENSG00000134186
14556.0	0.0003	MRPL41	ENSG00000182154
14556.0	0.0003	NNAT	ENSG00000053438
14556.0	0.0003	LBP	ENSG00000129988
14556.0	0.0003	USP17L22	ENSG00000248933
14556.0	0.0003	USP26	ENSG00000134588
14556.0	0.0003	ASB2	ENSG00000100628
14556.0	0.0003	NOTCH2NLA	ENSG00000213240
14556.0	0.0003	ZFAND3	ENSG00000156639
14556.0	0.0003	MRPL55	ENSG00000162910
14556.0	0.0003	RGS12	ENSG00000159788
14556.0	0.0003	MLKL	ENSG00000168404
14556.0	0.0003	MPHOSPH9	ENSG00000051825
14556.0	0.0003	KIAA0930	ENSG00000100364
14556.0	0.0003	AMY1C	ENSG00000187733
14556.0	0.0003	TSSK4	ENSG00000139908
14556.0	0.0003	PRM2	ENSG00000122304
14556.0	0.0003	EEF2KMT	ENSG00000118894
14556.0	0.0003	AMY2A	ENSG00000243480
14556.0	0.0003	AMY2B	ENSG00000240038
14556.0	0.0003	FMO3	ENSG00000007933
14556.0	0.0003	GPR84	ENSG00000139572
14556.0	0.0003	AMDHD2	ENSG00000162066
14556.0	0.0003	DDIAS	ENSG00000165490
14556.0	0.0003	IL18BP	ENSG00000137496
14556.0	0.0003	WDR76	ENSG00000092470
14556.0	0.0003	PPIC	ENSG00000168938
14556.0	0.0003	ACCS	ENSG00000110455
14556.0	0.0003	MLK4	ENSG00000143674
14556.0	0.0003	NIM1K	ENSG00000177453
14556.0	0.0003	SRMS	ENSG00000125508
14556.0	0.0003	TSSK1B	ENSG00000212122
14556.0	0.0003	TSSK3	ENSG00000162526
14556.0	0.0003	STEAP2	ENSG00000157214
14556.0	0.0003	ICOSLG	ENSG00000160223
14556.0	0.0003	PDIA5	ENSG00000065485
14556.0	0.0003	KCNRG	ENSG00000198553
14556.0	0.0003	RIMBP3C	ENSG00000183246
14556.0	0.0003	KCTD2	ENSG00000180901
14556.0	0.0003	LCMT2	ENSG00000168806
14556.0	0.0003	RIMBP3B	ENSG00000196934
14556.0	0.0003	RAET1E	ENSG00000164520
14556.0	0.0003	KCTD17	ENSG00000100379
14556.0	0.0003	S100A2	ENSG00000196754
14556.0	0.0003	TBC1D3B	ENSG00000224226
14556.0	0.0003	PRXL2B	ENSG00000157870
14556.0	0.0003	ZNF10	ENSG00000256223
14556.0	0.0003	OR5AS1	ENSG00000181785
14556.0	0.0003	LCE6A	ENSG00000235942
14556.0	0.0003	GGNBP2	ENSG00000005955
14556.0	0.0003	C2CD4B	ENSG00000205502
14556.0	0.0003	CCDC12	ENSG00000160799
14556.0	0.0003	BAIAP3	ENSG00000007516
14556.0	0.0003	SLC38A1	ENSG00000111371
14556.0	0.0003	MRPL10	ENSG00000159111
14556.0	0.0003	SERINC3	ENSG00000132824
14556.0	0.0003	RCVRN	ENSG00000109047
14556.0	0.0003	FYCO1	ENSG00000163820
14556.0	0.0003	RIMBP3	ENSG00000196622
14556.0	0.0003	PRIMPOL	ENSG00000164306
14556.0	0.0003	SLC6A12	ENSG00000111181
14556.0	0.0003	CD7	ENSG00000173762
14556.0	0.0003	SCYL3	ENSG00000000457
14556.0	0.0003	CPB1	ENSG00000153002
14556.0	0.0003	XYLB	ENSG00000093217
14556.0	0.0003	GPR180	ENSG00000152749
14556.0	0.0003	GPR150	ENSG00000178015
14556.0	0.0003	ERI3	ENSG00000117419
14556.0	0.0003	CCDC85A	ENSG00000055813
14556.0	0.0003	KRBOX4	ENSG00000147121
14556.0	0.0003	CGAS	ENSG00000164430
14556.0	0.0003	ERLIN1	ENSG00000107566
14556.0	0.0003	CRYBG1	ENSG00000112297
14556.0	0.0003	TBCEL	ENSG00000154114
14556.0	0.0003	SLC25A18	ENSG00000182902
14556.0	0.0003	CASD1	ENSG00000127995
14556.0	0.0003	VWA3A	ENSG00000175267
14556.0	0.0003	RNASE7	ENSG00000165799
14556.0	0.0003	PRLH	ENSG00000071677
14556.0	0.0003	ZNF45	ENSG00000124459
14556.0	0.0003	YJU2B	ENSG00000104957
14556.0	0.0003	GPR39	ENSG00000183840
14556.0	0.0003	ARHGEF10	ENSG00000104728
14556.0	0.0003	ARL14EP	ENSG00000152219
14556.0	0.0003	AWAT1	ENSG00000204195
14556.0	0.0003	WDR24	ENSG00000127580
14556.0	0.0003	MRPL50	ENSG00000136897
14556.0	0.0003	COMMD4	ENSG00000140365
14556.0	0.0003	SPRYD7	ENSG00000123178
14556.0	0.0003	CLPTM1	ENSG00000104853
14556.0	0.0003	EIF1AD	ENSG00000175376
14556.0	0.0003	MRPL14	ENSG00000180992
14556.0	0.0003	HERC3	ENSG00000138641
14556.0	0.0003	ASCL4	ENSG00000187855
14556.0	0.0003	RCBTB1	ENSG00000136144
14556.0	0.0003	RELL2	ENSG00000164620
14556.0	0.0003	SLC22A13	ENSG00000172940
14556.0	0.0003	CWF19L2	ENSG00000152404
14556.0	0.0003	RELL1	ENSG00000181826
14556.0	0.0003	C9	ENSG00000113600
14556.0	0.0003	ZNF214	ENSG00000149050
14556.0	0.0003	ZNHIT2	ENSG00000174276
14556.0	0.0003	MYCL	ENSG00000116990
14556.0	0.0003	NBEAL2	ENSG00000160796
14556.0	0.0003	DGAT2L6	ENSG00000184210
14556.0	0.0003	C14orf93	ENSG00000100802
14556.0	0.0003	MOGAT1	ENSG00000124003
14556.0	0.0003	DGAT2L7P	ENSG00000205267
14556.0	0.0003	ARL10	ENSG00000175414
14556.0	0.0003	GXYLT2	ENSG00000172986
14556.0	0.0003	DUSP19	ENSG00000162999
14556.0	0.0003	THOP1	ENSG00000172009
14556.0	0.0003	LIMA1	ENSG00000050405
14556.0	0.0003	C8A	ENSG00000157131
14556.0	0.0003	TBC1D3H	ENSG00000242384
14556.0	0.0003	ZNF215	ENSG00000149054
14556.0	0.0003	HTRA4	ENSG00000169495
14556.0	0.0003	SERPINI1	ENSG00000163536
14556.0	0.0003	LUZP6	ENSG00000267697
14556.0	0.0003	HTRA3	ENSG00000170801
14556.0	0.0003	FCRL1	ENSG00000163534
14556.0	0.0003	FCRL2	ENSG00000132704
14556.0	0.0003	DAZ4	ENSG00000205916
14556.0	0.0003	PRND	ENSG00000171864
14556.0	0.0003	BPIFA1	ENSG00000198183
14556.0	0.0003	VGLL1	ENSG00000102243
14556.0	0.0003	FCRL4	ENSG00000163518
14556.0	0.0003	TMSB10	ENSG00000034510
14556.0	0.0003	SDE2	ENSG00000143751
14556.0	0.0003	KRT77	ENSG00000189182
14556.0	0.0003	HIGD1A	ENSG00000181061
14556.0	0.0003	C8B	ENSG00000021852
14556.0	0.0003	KLK7	ENSG00000169035
14556.0	0.0003	CEACAM8	ENSG00000124469
14556.0	0.0003	TRMU	ENSG00000100416
14556.0	0.0003	FBXO39	ENSG00000177294
14556.0	0.0003	GSDME	ENSG00000105928
14556.0	0.0003	INSM2	ENSG00000168348
14556.0	0.0003	ATP4B	ENSG00000186009
14556.0	0.0003	FADS3	ENSG00000221968
14556.0	0.0003	DNAAF10	ENSG00000243667
14556.0	0.0003	A1BG	ENSG00000121410
14556.0	0.0003	SCRG1	ENSG00000164106
14556.0	0.0003	PLXDC2	ENSG00000120594
14556.0	0.0003	ZNF541	ENSG00000118156
14556.0	0.0003	NRBF2	ENSG00000148572
14556.0	0.0003	OSGIN2	ENSG00000164823
14556.0	0.0003	PSG4	ENSG00000243137
14556.0	0.0003	TDRKH	ENSG00000182134
14556.0	0.0003	MEP1B	ENSG00000141434
14556.0	0.0003	FOXRED2	ENSG00000100350
14556.0	0.0003	TBC1D10A	ENSG00000099992
14556.0	0.0003	FAM168A	ENSG00000054965
14556.0	0.0003	SIGLEC10	ENSG00000142512
14556.0	0.0003	TCAF1	ENSG00000198420
14556.0	0.0003	HSPBAP1	ENSG00000169087
14556.0	0.0003	CLEC7A	ENSG00000172243
14556.0	0.0003	SLC22A14	ENSG00000144671
14556.0	0.0003	MRPL9	ENSG00000143436
14556.0	0.0003	PDRG1	ENSG00000088356
14556.0	0.0003	TMEM132D	ENSG00000151952
14556.0	0.0003	NKAIN4	ENSG00000101198
14556.0	0.0003	SPRED3	ENSG00000188766
14556.0	0.0003	CYREN	ENSG00000122783
14556.0	0.0003	ULBP2	ENSG00000131015
14556.0	0.0003	TNFRSF10C	ENSG00000173535
14556.0	0.0003	SLC37A3	ENSG00000157800
14556.0	0.0003	TDRD6	ENSG00000180113
14556.0	0.0003	GPATCH1	ENSG00000076650
14556.0	0.0003	LEPROTL1	ENSG00000104660
14556.0	0.0003	HARBI1	ENSG00000180423
14556.0	0.0003	C1orf35	ENSG00000143793
14556.0	0.0003	PLBD1	ENSG00000121316
14556.0	0.0003	PRM3	ENSG00000178257
14556.0	0.0003	PLEKHH2	ENSG00000152527
14556.0	0.0003	LRRC41	ENSG00000132128
14556.0	0.0003	GMEB1	ENSG00000162419
14556.0	0.0003	NFAM1	ENSG00000235568
14556.0	0.0003	GTSF1	ENSG00000170627
14556.0	0.0003	GOLPH3L	ENSG00000143457
14556.0	0.0003	DGCR2	ENSG00000070413
14556.0	0.0003	OR4N2	ENSG00000176294
14556.0	0.0003	GDPD2	ENSG00000130055
14556.0	0.0003	S100P	ENSG00000163993
14556.0	0.0003	OR4K5	ENSG00000176281
14556.0	0.0003	OR4K1	ENSG00000155249
14556.0	0.0003	PRB4	ENSG00000230657
14556.0	0.0003	SEL1L3	ENSG00000091490
14556.0	0.0003	OR2M3	ENSG00000228198
14556.0	0.0003	OR2M7	ENSG00000177186
14556.0	0.0003	OR4F5	ENSG00000186092
14556.0	0.0003	OR4F21	ENSG00000176269
14556.0	0.0003	OR2M2	ENSG00000198601
14556.0	0.0003	OR2M5	ENSG00000162727
14556.0	0.0003	OR4F4	ENSG00000177693
14556.0	0.0003	OR52W1	ENSG00000175485
14556.0	0.0003	OR4F17	ENSG00000176695
14556.0	0.0003	OR51Q1	ENSG00000167360
14556.0	0.0003	OR56B1	ENSG00000181023
14556.0	0.0003	OR13G1	ENSG00000197437
14556.0	0.0003	OR52I2	ENSG00000226288
14556.0	0.0003	OR52M1	ENSG00000197790
14556.0	0.0003	OR51A4	ENSG00000205497
14556.0	0.0003	OR51A2	ENSG00000205496
14556.0	0.0003	OR52J3	ENSG00000205495
14556.0	0.0003	OR8U1	ENSG00000172199
14556.0	0.0003	OR10H1	ENSG00000186723
14556.0	0.0003	OR10S1	ENSG00000196248
14556.0	0.0003	OR11H1	ENSG00000130538
14556.0	0.0003	OR2L13	ENSG00000196071
14556.0	0.0003	OR10P1	ENSG00000175398
14556.0	0.0003	OR2T5	ENSG00000203661
14556.0	0.0003	OR4C11	ENSG00000172188
14556.0	0.0003	OR4C3	ENSG00000176547
14556.0	0.0003	OR51L1	ENSG00000176798
14556.0	0.0003	OR1B1	ENSG00000171484
14556.0	0.0003	OR6X1	ENSG00000221931
14556.0	0.0003	OR7D4	ENSG00000174667
14556.0	0.0003	OR13H1	ENSG00000171054
14556.0	0.0003	OR2T8	ENSG00000177462
14556.0	0.0003	OR10AD1	ENSG00000172640
14556.0	0.0003	OR4D11	ENSG00000176200
14556.0	0.0003	OR10W1	ENSG00000172772
14556.0	0.0003	OR5K4	ENSG00000196098
14556.0	0.0003	OR1K1	ENSG00000165204
14556.0	0.0003	OR2T2	ENSG00000196240
14556.0	0.0003	OR2C1	ENSG00000168158
14556.0	0.0003	OR2T27	ENSG00000187701
14556.0	0.0003	OR5W2	ENSG00000187612
14556.0	0.0003	OR8U3	ENSG00000174942
14556.0	0.0003	OR10A2	ENSG00000170790
14556.0	0.0003	OR2L8	ENSG00000196936
14556.0	0.0003	OR6A2	ENSG00000184933
14556.0	0.0003	OR11H6	ENSG00000176219
14556.0	0.0003	OR13C4	ENSG00000148136
14556.0	0.0003	OR2A12	ENSG00000221858
14556.0	0.0003	OR7E24	ENSG00000237521
14556.0	0.0003	OR11G2	ENSG00000196832
14556.0	0.0003	OR11H4	ENSG00000176198
14556.0	0.0003	OR51E1	ENSG00000180785
14556.0	0.0003	OR5D16	ENSG00000205029
14556.0	0.0003	OR1D2	ENSG00000184166
14556.0	0.0003	OR2AT4	ENSG00000171561
14556.0	0.0003	OR52I1	ENSG00000232268
14556.0	0.0003	OR2AE1	ENSG00000244623
14556.0	0.0003	OR7C1	ENSG00000127530
14556.0	0.0003	OR1A2	ENSG00000172150
14556.0	0.0003	OR4D2	ENSG00000255713
14556.0	0.0003	OR51F2	ENSG00000176925
14556.0	0.0003	OR5M11	ENSG00000255223
14556.0	0.0003	OR5P3	ENSG00000182334
14556.0	0.0003	OR10G7	ENSG00000182634
14556.0	0.0003	OR2L3	ENSG00000198128
14556.0	0.0003	OR4X1	ENSG00000176567
14556.0	0.0003	OR52D1	ENSG00000181609
14556.0	0.0003	OR5L2	ENSG00000205030
14556.0	0.0003	OR8I2	ENSG00000172154
14556.0	0.0003	OR10J5	ENSG00000184155
14556.0	0.0003	OR13C5	ENSG00000255800
14556.0	0.0003	OR4A16	ENSG00000181961
14556.0	0.0003	OR4N4	ENSG00000183706
14556.0	0.0003	OR51E2	ENSG00000167332
14556.0	0.0003	OR5AR1	ENSG00000172459
14556.0	0.0003	OR6C74	ENSG00000197706
14556.0	0.0003	OR8D4	ENSG00000181518
14556.0	0.0003	OR10G3	ENSG00000169208
14556.0	0.0003	OR10G9	ENSG00000236981
14556.0	0.0003	OR4B1	ENSG00000175619
14556.0	0.0003	OR4F15	ENSG00000182854
14556.0	0.0003	OR10K2	ENSG00000180708
14556.0	0.0003	OR2G3	ENSG00000177476
14556.0	0.0003	OR2T10	ENSG00000184022
14556.0	0.0003	OR51V1	ENSG00000176742
14556.0	0.0003	OR52E2	ENSG00000176787
14556.0	0.0003	OR52N2	ENSG00000180988
14556.0	0.0003	OR5B3	ENSG00000172769
14556.0	0.0003	OR5D13	ENSG00000198877
14556.0	0.0003	OR6B1	ENSG00000221813
14556.0	0.0003	OR6B2	ENSG00000182083
14556.0	0.0003	OR7A5	ENSG00000188269
14556.0	0.0003	OR10A4	ENSG00000170782
14556.0	0.0003	OR10T2	ENSG00000186306
14556.0	0.0003	OR13C3	ENSG00000204246
14556.0	0.0003	OR1A1	ENSG00000172146
14556.0	0.0003	OR1E1	ENSG00000180016
14556.0	0.0003	OR2AG2	ENSG00000188124
14556.0	0.0003	OR3A1	ENSG00000180090
14556.0	0.0003	OR4C16	ENSG00000181935
14556.0	0.0003	OR4D6	ENSG00000166884
14556.0	0.0003	OR4X2	ENSG00000172208
14556.0	0.0003	OR51M1	ENSG00000184698
14556.0	0.0003	OR52A5	ENSG00000171944
14556.0	0.0003	OR5K3	ENSG00000206536
14556.0	0.0003	OR6Q1	ENSG00000172381
14556.0	0.0003	OR8A1	ENSG00000196119
14556.0	0.0003	OR8D1	ENSG00000196341
14556.0	0.0003	OR10A3	ENSG00000170683
14556.0	0.0003	OR10G4	ENSG00000254737
14556.0	0.0003	OR10J1	ENSG00000196184
14556.0	0.0003	OR10K1	ENSG00000173285
14556.0	0.0003	OR10R2	ENSG00000198965
14556.0	0.0003	OR11L1	ENSG00000197591
14556.0	0.0003	OR1E2	ENSG00000127780
14556.0	0.0003	OR1G1	ENSG00000183024
14556.0	0.0003	OR1J4	ENSG00000239590
14556.0	0.0003	OR2Y1	ENSG00000174339
14556.0	0.0003	OR52E8	ENSG00000183269
14556.0	0.0003	OR52H1	ENSG00000181616
14556.0	0.0003	OR52L1	ENSG00000183313
14556.0	0.0003	OR52N1	ENSG00000181001
14556.0	0.0003	OR5P2	ENSG00000183303
14556.0	0.0003	OR6B3	ENSG00000178586
14556.0	0.0003	OR6T1	ENSG00000181499
14556.0	0.0003	OR7D2	ENSG00000188000
14556.0	0.0003	OR8B8	ENSG00000197125
14556.0	0.0003	OR8D2	ENSG00000197263
14556.0	0.0003	OR10A5	ENSG00000166363
14556.0	0.0003	OR13C8	ENSG00000186943
14556.0	0.0003	OR13J1	ENSG00000168828
14556.0	0.0003	OR2B2	ENSG00000168131
14556.0	0.0003	OR2D3	ENSG00000178358
14556.0	0.0003	OR2M4	ENSG00000171180
14556.0	0.0003	OR2W3	ENSG00000238243
14556.0	0.0003	OR4D9	ENSG00000172742
14556.0	0.0003	OR4K15	ENSG00000169488
14556.0	0.0003	OR52A1	ENSG00000182070
14556.0	0.0003	OR52B6	ENSG00000187747
14556.0	0.0003	OR56A4	ENSG00000183389
14556.0	0.0003	OR5I1	ENSG00000167825
14556.0	0.0003	OR5M8	ENSG00000181371
14556.0	0.0003	OR6Y1	ENSG00000197532
14556.0	0.0003	OR8H2	ENSG00000181767
14556.0	0.0003	OR10H2	ENSG00000171942
14556.0	0.0003	OR10Q1	ENSG00000180475
14556.0	0.0003	OR13C9	ENSG00000136839
14556.0	0.0003	OR13D1	ENSG00000179055
14556.0	0.0003	OR13F1	ENSG00000186881
14556.0	0.0003	OR1I1	ENSG00000094661
14556.0	0.0003	OR1N1	ENSG00000171505
14556.0	0.0003	OR2F2	ENSG00000221910
14556.0	0.0003	OR2G6	ENSG00000188558
14556.0	0.0003	OR2T4	ENSG00000196944
14556.0	0.0003	OR4C6	ENSG00000181903
14556.0	0.0003	OR4D1	ENSG00000141194
14556.0	0.0003	OR4Q3	ENSG00000182652
14556.0	0.0003	OR51B4	ENSG00000183251
14556.0	0.0003	OR51S1	ENSG00000176922
14556.0	0.0003	OR52B2	ENSG00000255307
14556.0	0.0003	OR56A1	ENSG00000180934
14556.0	0.0003	OR56A3	ENSG00000184478
14556.0	0.0003	OR5J2	ENSG00000174957
14556.0	0.0003	OR5K1	ENSG00000232382
14556.0	0.0003	OR5K2	ENSG00000231861
14556.0	0.0003	OR6C2	ENSG00000179695
14556.0	0.0003	OR6F1	ENSG00000169214
14556.0	0.0003	OR6K2	ENSG00000196171
14556.0	0.0003	OR8K5	ENSG00000181752
14556.0	0.0003	OR10AG1	ENSG00000174970
14556.0	0.0003	OR10G2	ENSG00000255582
14556.0	0.0003	OR10H3	ENSG00000171936
14556.0	0.0003	OR10V1	ENSG00000172289
14556.0	0.0003	OR14C36	ENSG00000177174
14556.0	0.0003	OR1C1	ENSG00000221888
14556.0	0.0003	OR1J1	ENSG00000136834
14556.0	0.0003	OR1L6	ENSG00000171459
14556.0	0.0003	OR2A2	ENSG00000221989
14556.0	0.0003	OR2A25	ENSG00000221933
14556.0	0.0003	OR2A7	ENSG00000243896
14556.0	0.0003	OR2B11	ENSG00000177535
14556.0	0.0003	OR2B6	ENSG00000124657
14556.0	0.0003	OR2F1	ENSG00000213215
14556.0	0.0003	OR2G2	ENSG00000177489
14556.0	0.0003	OR2K2	ENSG00000171133
14556.0	0.0003	OR2L2	ENSG00000203663
14556.0	0.0003	OR2L5	ENSG00000197454
14556.0	0.0003	OR2S2	ENSG00000122718
14556.0	0.0003	OR2T12	ENSG00000177201
14556.0	0.0003	OR3A2	ENSG00000221882
14556.0	0.0003	OR4A47	ENSG00000237388
14556.0	0.0003	OR4C12	ENSG00000221954
14556.0	0.0003	OR4E2	ENSG00000221977
14556.0	0.0003	OR4F6	ENSG00000184140
14556.0	0.0003	OR4K13	ENSG00000176253
14556.0	0.0003	OR4N5	ENSG00000184394
14556.0	0.0003	OR4P4	ENSG00000181927
14556.0	0.0003	OR51B2	ENSG00000184881
14556.0	0.0003	OR51B5	ENSG00000242180
14556.0	0.0003	OR51B6	ENSG00000176239
14556.0	0.0003	OR51G1	ENSG00000176879
14556.0	0.0003	OR51I2	ENSG00000187918
14556.0	0.0003	OR51T1	ENSG00000176900
14556.0	0.0003	OR52B4	ENSG00000221996
14556.0	0.0003	OR56B4	ENSG00000180919
14556.0	0.0003	OR5A2	ENSG00000172324
14556.0	0.0003	OR5AK2	ENSG00000181273
14556.0	0.0003	OR5B12	ENSG00000172362
14556.0	0.0003	OR5B21	ENSG00000198283
14556.0	0.0003	OR5D14	ENSG00000186113
14556.0	0.0003	OR5F1	ENSG00000149133
14556.0	0.0003	OR5H2	ENSG00000197938
14556.0	0.0003	OR5H6	ENSG00000230301
14556.0	0.0003	OR6C1	ENSG00000205330
14556.0	0.0003	OR6K3	ENSG00000203757
14556.0	0.0003	OR6N2	ENSG00000188340
14556.0	0.0003	OR7A17	ENSG00000185385
14556.0	0.0003	OR7G1	ENSG00000161807
14556.0	0.0003	OR7G3	ENSG00000170920
14556.0	0.0003	OR9K2	ENSG00000170605
14556.0	0.0003	OR10A6	ENSG00000175393
14556.0	0.0003	OR10A7	ENSG00000179919
14556.0	0.0003	OR10G8	ENSG00000234560
14556.0	0.0003	OR10H4	ENSG00000176231
14556.0	0.0003	OR10H5	ENSG00000172519
14556.0	0.0003	OR10J3	ENSG00000196266
14556.0	0.0003	OR13C2	ENSG00000257019
14556.0	0.0003	OR14A16	ENSG00000196772
14556.0	0.0003	OR14I1	ENSG00000189181
14556.0	0.0003	OR1L1	ENSG00000173679
14556.0	0.0003	OR1L3	ENSG00000171481
14556.0	0.0003	OR1L4	ENSG00000136939
14556.0	0.0003	OR1L8	ENSG00000171496
14556.0	0.0003	OR1M1	ENSG00000170929
14556.0	0.0003	OR1N2	ENSG00000171501
14556.0	0.0003	OR1Q1	ENSG00000165202
14556.0	0.0003	OR1S1	ENSG00000172774
14556.0	0.0003	OR1S2	ENSG00000197887
14556.0	0.0003	OR2A14	ENSG00000221938
14556.0	0.0003	OR2A5	ENSG00000221836
14556.0	0.0003	OR2AP1	ENSG00000179615
14556.0	0.0003	OR2C3	ENSG00000196242
14556.0	0.0003	OR2D2	ENSG00000166368
14556.0	0.0003	OR2T1	ENSG00000175143
14556.0	0.0003	OR2T11	ENSG00000183130
14556.0	0.0003	OR2T29	ENSG00000182783
14556.0	0.0003	OR2T3	ENSG00000196539
14556.0	0.0003	OR2T33	ENSG00000177212
14556.0	0.0003	OR2T34	ENSG00000183310
14556.0	0.0003	OR2T35	ENSG00000177151
14556.0	0.0003	OR2T6	ENSG00000198104
14556.0	0.0003	OR2V1	ENSG00000185372
14556.0	0.0003	OR2V2	ENSG00000182613
14556.0	0.0003	OR3A3	ENSG00000159961
14556.0	0.0003	OR4A15	ENSG00000181958
14556.0	0.0003	OR4A5	ENSG00000221840
14556.0	0.0003	OR4C15	ENSG00000181939
14556.0	0.0003	OR4C46	ENSG00000185926
14556.0	0.0003	OR4D10	ENSG00000254466
14556.0	0.0003	OR4D5	ENSG00000171014
14556.0	0.0003	OR4K14	ENSG00000169484
14556.0	0.0003	OR4K17	ENSG00000176230
14556.0	0.0003	OR4L1	ENSG00000176246
14556.0	0.0003	OR4S1	ENSG00000176555
14556.0	0.0003	OR51A7	ENSG00000176895
14556.0	0.0003	OR51D1	ENSG00000197428
14556.0	0.0003	OR51F1	ENSG00000188069
14556.0	0.0003	OR51G2	ENSG00000176893
14556.0	0.0003	OR51I1	ENSG00000167359
14556.0	0.0003	OR52E4	ENSG00000180974
14556.0	0.0003	OR52E6	ENSG00000205409
14556.0	0.0003	OR52K1	ENSG00000196778
14556.0	0.0003	OR52K2	ENSG00000181963
14556.0	0.0003	OR52N5	ENSG00000181009
14556.0	0.0003	OR52R1	ENSG00000176937
14556.0	0.0003	OR5A1	ENSG00000172320
14556.0	0.0003	OR5AN1	ENSG00000176495
14556.0	0.0003	OR5AP2	ENSG00000172464
14556.0	0.0003	OR5AU1	ENSG00000169327
14556.0	0.0003	OR5B17	ENSG00000197786
14556.0	0.0003	OR5B2	ENSG00000172365
14556.0	0.0003	OR5C1	ENSG00000148215
14556.0	0.0003	OR5D18	ENSG00000186119
14556.0	0.0003	OR5H1	ENSG00000231192
14556.0	0.0003	OR5H14	ENSG00000236032
14556.0	0.0003	OR5H15	ENSG00000233412
14556.0	0.0003	OR5L1	ENSG00000186117
14556.0	0.0003	OR5M10	ENSG00000254834
14556.0	0.0003	OR5M3	ENSG00000174937
14556.0	0.0003	OR5M9	ENSG00000150269
14556.0	0.0003	OR6C3	ENSG00000205329
14556.0	0.0003	OR6C4	ENSG00000179626
14556.0	0.0003	OR6C6	ENSG00000188324
14556.0	0.0003	OR6C65	ENSG00000205328
14556.0	0.0003	OR6C68	ENSG00000205327
14556.0	0.0003	OR6C70	ENSG00000184954
14556.0	0.0003	OR6C75	ENSG00000187857
14556.0	0.0003	OR6C76	ENSG00000185821
14556.0	0.0003	OR6K6	ENSG00000180433
14556.0	0.0003	OR6M1	ENSG00000196099
14556.0	0.0003	OR6N1	ENSG00000197403
14556.0	0.0003	OR6P1	ENSG00000186440
14556.0	0.0003	OR6S1	ENSG00000181803
14556.0	0.0003	OR7A10	ENSG00000127515
14556.0	0.0003	OR7C2	ENSG00000127529
14556.0	0.0003	OR8B12	ENSG00000170953
14556.0	0.0003	OR8B2	ENSG00000204293
14556.0	0.0003	OR8B3	ENSG00000196661
14556.0	0.0003	OR8B4	ENSG00000198657
14556.0	0.0003	OR8H3	ENSG00000181761
14556.0	0.0003	OR8J3	ENSG00000167822
14556.0	0.0003	OR9I1	ENSG00000172377
14556.0	0.0003	OR9Q1	ENSG00000186509
14556.0	0.0003	OR9Q2	ENSG00000186513
14556.0	0.0003	TMED1	ENSG00000099203
14556.0	0.0003	NKAIN1	ENSG00000084628
14556.0	0.0003	CLCA2	ENSG00000137975
14556.0	0.0003	PPP1R3F	ENSG00000049769
14556.0	0.0003	KRTAP5-9	ENSG00000254997
14556.0	0.0003	PTMS	ENSG00000159335
14556.0	0.0003	MT1G	ENSG00000125144
14556.0	0.0003	FEM1C	ENSG00000145780
14556.0	0.0003	CD276	ENSG00000103855
14556.0	0.0003	TSKS	ENSG00000126467
14556.0	0.0003	RPS6KC1	ENSG00000136643
14556.0	0.0003	IRAK1BP1	ENSG00000146243
14556.0	0.0003	CLIC3	ENSG00000169583
14556.0	0.0003	ZNF703	ENSG00000183779
14556.0	0.0003	OTUD1	ENSG00000165312
14556.0	0.0003	RPUSD4	ENSG00000165526
14556.0	0.0003	TMEM181	ENSG00000146433
14556.0	0.0003	MOB3A	ENSG00000172081
14556.0	0.0003	WDCP	ENSG00000163026
14556.0	0.0003	ZNF704	ENSG00000164684
14556.0	0.0003	HSH2D	ENSG00000196684
14556.0	0.0003	SMNDC1	ENSG00000119953
14556.0	0.0003	RCBTB2	ENSG00000136161
14556.0	0.0003	HPCA	ENSG00000121905
14556.0	0.0003	FETUB	ENSG00000090512
14556.0	0.0003	CCDC50	ENSG00000152492
14556.0	0.0003	TMPRSS11D	ENSG00000153802
14556.0	0.0003	PNCK	ENSG00000130822
14556.0	0.0003	LGALS9	ENSG00000168961
14556.0	0.0003	LIM2	ENSG00000105370
14556.0	0.0003	CNMD	ENSG00000136110
14556.0	0.0003	PALLD	ENSG00000129116
14556.0	0.0003	GGACT	ENSG00000134864
14556.0	0.0003	CEACAM6	ENSG00000086548
14556.0	0.0003	DPY19L2	ENSG00000177990
14556.0	0.0003	ITGB1BP2	ENSG00000147166
14556.0	0.0003	WBP1	ENSG00000239779
14556.0	0.0003	REXO2	ENSG00000076043
14556.0	0.0003	BOLL	ENSG00000152430
14556.0	0.0003	ERAP1	ENSG00000164307
14556.0	0.0003	TNFSF8	ENSG00000106952
14556.0	0.0003	FBXL2	ENSG00000153558
14556.0	0.0003	MRPS24	ENSG00000062582
14556.0	0.0003	SENP8	ENSG00000166192
14556.0	0.0003	SIAH3	ENSG00000215475
14556.0	0.0003	TFR2	ENSG00000106327
14556.0	0.0003	SLC22A18AS	ENSG00000254827
14556.0	0.0003	GPR15	ENSG00000154165
14556.0	0.0003	MITD1	ENSG00000158411
14556.0	0.0003	FMNL1	ENSG00000184922
14556.0	0.0003	SDCBP2	ENSG00000125775
14556.0	0.0003	BCL7A	ENSG00000110987
14556.0	0.0003	PARP9	ENSG00000138496
14556.0	0.0003	ARFGEF3	ENSG00000112379
14556.0	0.0003	S100A14	ENSG00000189334
14556.0	0.0003	METTL3	ENSG00000165819
14556.0	0.0003	SMIM21	ENSG00000206026
14556.0	0.0003	SIPA1L3	ENSG00000105738
14556.0	0.0003	NKAIN2	ENSG00000188580
14556.0	0.0003	MS4A6A	ENSG00000110077
14556.0	0.0003	MOB3B	ENSG00000120162
14556.0	0.0003	OPN1LW	ENSG00000102076
14556.0	0.0003	ASAP3	ENSG00000088280
14556.0	0.0003	FBXO46	ENSG00000177051
14556.0	0.0003	CDCP2	ENSG00000157211
14556.0	0.0003	LINC01565	ENSG00000198685
14556.0	0.0003	PDLIM4	ENSG00000131435
14556.0	0.0003	FDXACB1	ENSG00000255561
14556.0	0.0003	HAS3	ENSG00000103044
14556.0	0.0003	STK32C	ENSG00000165752
14556.0	0.0003	RAB39A	ENSG00000179331
14556.0	0.0003	SPATA24	ENSG00000170469
14556.0	0.0003	RNASEK	ENSG00000219200
14556.0	0.0003	FBXL8	ENSG00000135722
14556.0	0.0003	FMNL3	ENSG00000161791
14556.0	0.0003	MOB3C	ENSG00000142961
14556.0	0.0003	ANKS3	ENSG00000168096
14556.0	0.0003	DBX2	ENSG00000185610
14556.0	0.0003	RNF103	ENSG00000239305
14556.0	0.0003	BTN3A1	ENSG00000026950
14556.0	0.0003	SLC16A9	ENSG00000165449
14556.0	0.0003	CCDC42	ENSG00000161973
14556.0	0.0003	NLN	ENSG00000123213
14556.0	0.0003	CACTIN	ENSG00000105298
14556.0	0.0003	PNMA8B	ENSG00000204851
14556.0	0.0003	METTL14	ENSG00000145388
14556.0	0.0003	IPCEF1	ENSG00000074706
14556.0	0.0003	TIFAB	ENSG00000255833
14556.0	0.0003	QTRT2	ENSG00000151576
14556.0	0.0003	FBXO8	ENSG00000164117
14556.0	0.0003	TSSC4	ENSG00000184281
14556.0	0.0003	AZU1	ENSG00000172232
14556.0	0.0003	STARD6	ENSG00000174448
14556.0	0.0003	ENKUR	ENSG00000151023
14556.0	0.0003	SLC17A3	ENSG00000124564
14556.0	0.0003	GALNT9	ENSG00000182870
14556.0	0.0003	NPTN	ENSG00000156642
14556.0	0.0003	SLC50A1	ENSG00000169241
14556.0	0.0003	ZFTRAF1	ENSG00000187954
14556.0	0.0003	CPNE6	ENSG00000100884
14556.0	0.0003	ABCA8	ENSG00000141338
14556.0	0.0003	SNX18	ENSG00000178996
14556.0	0.0003	TBC1D3C	ENSG00000234972
14556.0	0.0003	MS4A6E	ENSG00000166926
14556.0	0.0003	CLEC2D	ENSG00000069493
14556.0	0.0003	RP11-75L1.2	ENSG00000213443
14556.0	0.0003	CALHM1	ENSG00000185933
14556.0	0.0003	NCR3LG1	ENSG00000188211
14556.0	0.0003	SLC15A4	ENSG00000139370
14556.0	0.0003	ABHD15	ENSG00000168792
14556.0	0.0003	LY75	ENSG00000054219
14556.0	0.0003	PATL2	ENSG00000229474
14556.0	0.0003	TPSG1	ENSG00000116176
14556.0	0.0003	BEAN1	ENSG00000166546
14556.0	0.0003	GPCPD1	ENSG00000125772
14556.0	0.0003	SYT13	ENSG00000019505
14556.0	0.0003	ZNF322	ENSG00000181315
14556.0	0.0003	P3H4	ENSG00000141696
14556.0	0.0003	SORCS1	ENSG00000108018
14556.0	0.0003	SPRR1B	ENSG00000169469
14556.0	0.0003	IZUMO1	ENSG00000182264
14556.0	0.0003	TBC1D3F	ENSG00000185128
14556.0	0.0003	S100A12	ENSG00000163221
14556.0	0.0003	ENTREP1	ENSG00000135063
14556.0	0.0003	CLEC2A	ENSG00000188393
14556.0	0.0003	KCTD8	ENSG00000183783
14556.0	0.0003	TM9SF2	ENSG00000125304
14556.0	0.0003	SPRR1A	ENSG00000169474
14556.0	0.0003	MIOS	ENSG00000164654
14556.0	0.0003	RCN1	ENSG00000049449
14556.0	0.0003	UNC13D	ENSG00000092929
14556.0	0.0003	HSPB7	ENSG00000173641
14556.0	0.0003	CDHR2	ENSG00000074276
14556.0	0.0003	ZNF653	ENSG00000161914
14556.0	0.0003	PCP2	ENSG00000174788
14556.0	0.0003	HTR3B	ENSG00000149305
14556.0	0.0003	LAMP3	ENSG00000078081
14556.0	0.0003	COLEC12	ENSG00000158270
14556.0	0.0003	TRIM35	ENSG00000104228
14556.0	0.0003	ZNF157	ENSG00000147117
14556.0	0.0003	CCDC136	ENSG00000128596
14556.0	0.0003	NALF2	ENSG00000130054
14556.0	0.0003	ZFP42	ENSG00000179059
14556.0	0.0003	HTR3D	ENSG00000186090
14556.0	0.0003	ALDH2	ENSG00000111275
14556.0	0.0003	LETM2	ENSG00000165046
14556.0	0.0003	ARPP19	ENSG00000128989
14556.0	0.0003	HTR3C	ENSG00000178084
14556.0	0.0003	HTR3E	ENSG00000186038
14556.0	0.0003	FMO1	ENSG00000010932
14556.0	0.0003	PGAM4	ENSG00000226784
14556.0	0.0003	RASGEF1A	ENSG00000198915
14556.0	0.0003	STK17B	ENSG00000081320
14556.0	0.0003	SYT17	ENSG00000103528
14556.0	0.0003	JAML	ENSG00000160593
14556.0	0.0003	KLB	ENSG00000134962
14556.0	0.0003	CD72	ENSG00000137101
14556.0	0.0003	FMO4	ENSG00000076258
14556.0	0.0003	FMO2	ENSG00000094963
14556.0	0.0003	FBXO15	ENSG00000141665
14556.0	0.0003	RPUSD3	ENSG00000156990
14556.0	0.0003	DDN	ENSG00000181418
14556.0	0.0003	AMY1A	ENSG00000237763
14556.0	0.0003	AMY1B	ENSG00000174876
14556.0	0.0003	FBXL13	ENSG00000161040
14556.0	0.0003	SYTL1	ENSG00000142765
14556.0	0.0003	FBXL22	ENSG00000197361
14556.0	0.0003	ARRDC2	ENSG00000105643
14556.0	0.0003	RPUSD2	ENSG00000166133
14556.0	0.0003	PARP10	ENSG00000178685
14556.0	0.0003	ZNF599	ENSG00000153896
14556.0	0.0003	ADAD1	ENSG00000164113
14556.0	0.0003	ABCA5	ENSG00000154265
14556.0	0.0003	BACE2	ENSG00000182240
14556.0	0.0003	CPLX4	ENSG00000166569
14556.0	0.0003	PCNP	ENSG00000081154
14556.0	0.0003	PSD4	ENSG00000125637
14556.0	0.0003	EIF4ENIF1	ENSG00000184708
14556.0	0.0003	TGIF2LX	ENSG00000153779
14556.0	0.0003	TGIF2LY	ENSG00000176679
14556.0	0.0003	SHCBP1	ENSG00000171241
14556.0	0.0003	IMMP1L	ENSG00000148950
14556.0	0.0003	LHFPL4	ENSG00000156959
14556.0	0.0003	FAM210A	ENSG00000177150
14556.0	0.0003	SFXN4	ENSG00000183605
14556.0	0.0003	R3HDM2	ENSG00000179912
14556.0	0.0003	ASB6	ENSG00000148331
14556.0	0.0003	FBXO16	ENSG00000214050
14556.0	0.0003	SDF2	ENSG00000132581
14556.0	0.0003	URB2	ENSG00000135763
14556.0	0.0003	WFDC8	ENSG00000158901
14556.0	0.0003	LHFPL3	ENSG00000187416
14556.0	0.0003	LRP3	ENSG00000130881
14556.0	0.0003	FPGT	ENSG00000254685
14556.0	0.0003	SLC25A41	ENSG00000181240
14556.0	0.0003	GPM6B	ENSG00000046653
14556.0	0.0003	MAPKBP1	ENSG00000137802
14556.0	0.0003	RPUSD1	ENSG00000007376
14556.0	0.0003	LYPD2	ENSG00000197353
14556.0	0.0003	IFITM10	ENSG00000244242
14556.0	0.0003	NXPH3	ENSG00000182575
14556.0	0.0003	ERAP2	ENSG00000164308
14556.0	0.0003	IL31	ENSG00000204671
14556.0	0.0003	RGS8	ENSG00000135824
14556.0	0.0003	MAP3K6	ENSG00000142733
14556.0	0.0003	CILP2	ENSG00000160161
14556.0	0.0003	TMEM65	ENSG00000164983
14556.0	0.0003	VAT1	ENSG00000108828
14556.0	0.0003	STEAP1	ENSG00000164647
14556.0	0.0003	F8	ENSG00000185010
14556.0	0.0003	ASB7	ENSG00000183475
14556.0	0.0003	RNF181	ENSG00000168894
14556.0	0.0003	GPR182	ENSG00000166856
14556.0	0.0003	RAET1G	ENSG00000203722
14556.0	0.0003	TMEM59	ENSG00000116209
14556.0	0.0003	NXPH1	ENSG00000122584
14556.0	0.0003	ZKSCAN4	ENSG00000187626
14556.0	0.0003	LCE2D	ENSG00000187223
14556.0	0.0003	NGB	ENSG00000165553
14556.0	0.0003	BCAS1	ENSG00000064787
14556.0	0.0003	GCA	ENSG00000115271
14556.0	0.0003	ZKSCAN7	ENSG00000196345
14556.0	0.0003	STON1	ENSG00000243244
14556.0	0.0003	SLC6A17	ENSG00000197106
14556.0	0.0003	KLRC3	ENSG00000205810
14556.0	0.0003	CELF6	ENSG00000140488
14556.0	0.0003	ELOA3BP	ENSG00000234298
14556.0	0.0003	SLC16A12	ENSG00000152779
14556.0	0.0003	DCUN1D4	ENSG00000109184
14556.0	0.0003	CD300A	ENSG00000167851
14556.0	0.0003	CES1	ENSG00000198848
14556.0	0.0003	REP15	ENSG00000174236
14556.0	0.0003	BFSP2	ENSG00000170819
14556.0	0.0003	ZKSCAN1	ENSG00000106261
14556.0	0.0003	ZNG1B	ENSG00000136682
14556.0	0.0003	IL17D	ENSG00000172458
14556.0	0.0003	SEPTIN3	ENSG00000100167
14556.0	0.0003	MARCHF11	ENSG00000183654
14556.0	0.0003	TMEM86A	ENSG00000151117
14556.0	0.0003	MARCHF10	ENSG00000173838
14556.0	0.0003	GMFG	ENSG00000130755
14556.0	0.0003	S100PBP	ENSG00000116497
14556.0	0.0003	IRGM	ENSG00000237693
14556.0	0.0003	SNCB	ENSG00000074317
14556.0	0.0003	SPSB4	ENSG00000175093
14556.0	0.0003	GIMAP6	ENSG00000133561
14556.0	0.0003	H1-7	ENSG00000187166
14556.0	0.0003	ZXDC	ENSG00000070476
14556.0	0.0003	SYT4	ENSG00000132872
14556.0	0.0003	TENT5D	ENSG00000174016
14556.0	0.0003	COCH	ENSG00000100473
14556.0	0.0003	SPSB2	ENSG00000111671
14556.0	0.0003	MRPL48	ENSG00000175581
14556.0	0.0003	KHDC1	ENSG00000135314
14556.0	0.0003	ANXA2R	ENSG00000177721
14556.0	0.0003	FN3K	ENSG00000167363
14556.0	0.0003	WBP1L	ENSG00000166272
14556.0	0.0003	CES4A	ENSG00000172824
14556.0	0.0003	ZSCAN21	ENSG00000166529
14556.0	0.0003	TMEM88B	ENSG00000205116
14556.0	0.0003	SOX30	ENSG00000039600
14556.0	0.0003	RAET1L	ENSG00000155918
14556.0	0.0003	KLK6	ENSG00000167755
14556.0	0.0003	CPD	ENSG00000108582
14556.0	0.0003	PRDM9	ENSG00000164256
14556.0	0.0003	POTEB2	ENSG00000230031
14556.0	0.0003	CES3	ENSG00000172828
14556.0	0.0003	EMB	ENSG00000170571
14556.0	0.0003	CPA4	ENSG00000128510
14556.0	0.0003	RNASE10	ENSG00000182545
14556.0	0.0003	TMEM11	ENSG00000178307
14556.0	0.0003	STMN2	ENSG00000104435
14556.0	0.0003	CDR1	ENSG00000184258
14556.0	0.0003	UBIAD1	ENSG00000120942
14556.0	0.0003	DCHS2	ENSG00000197410
14556.0	0.0003	EME2	ENSG00000197774
14556.0	0.0003	CARD16	ENSG00000204397
14556.0	0.0003	DISP3	ENSG00000204624
14556.0	0.0003	PLEKHA3	ENSG00000116095
14556.0	0.0003	CEACAM7	ENSG00000007306
14556.0	0.0003	UNC13C	ENSG00000137766
14556.0	0.0003	AC010547.9	ENSG00000261611
14556.0	0.0003	ZNF23	ENSG00000167377
14556.0	0.0003	SPMIP8	ENSG00000159648
14556.0	0.0003	IL17RE	ENSG00000163701
14556.0	0.0003	ASB8	ENSG00000177981
14556.0	0.0003	ZNF16	ENSG00000170631
14556.0	0.0003	ZNF19	ENSG00000157429
14556.0	0.0003	SYT9	ENSG00000170743
14556.0	0.0003	HLA-F	ENSG00000204642
14556.0	0.0003	CHIC1	ENSG00000204116
14556.0	0.0003	RAX2	ENSG00000173976
14556.0	0.0003	AURKAIP1	ENSG00000175756
14556.0	0.0003	CDR2L	ENSG00000109089
14556.0	0.0003	KNCN	ENSG00000162456
14556.0	0.0003	ERMARD	ENSG00000130023
14556.0	0.0003	DNASE2B	ENSG00000137976
14556.0	0.0003	EPPIN-WFDC6	ENSG00000249139
14556.0	0.0003	PAGE5	ENSG00000158639
14556.0	0.0003	RASSF6	ENSG00000169435
14556.0	0.0003	OARD1	ENSG00000124596
14556.0	0.0003	FUNDC1	ENSG00000069509
14556.0	0.0003	FRRS1	ENSG00000156869
14556.0	0.0003	PLEKHO1	ENSG00000023902
14556.0	0.0003	DEFA4	ENSG00000164821
14556.0	0.0003	DEFA3	ENSG00000239839
14556.0	0.0003	NOA1	ENSG00000084092
14556.0	0.0003	ACSM6	ENSG00000173124
14556.0	0.0003	DEFA6	ENSG00000164822
14556.0	0.0003	CDKN2AIP	ENSG00000168564
14556.0	0.0003	WFDC6	ENSG00000243543
14556.0	0.0003	SKAP1	ENSG00000141293
14556.0	0.0003	C22orf42	ENSG00000205856
14556.0	0.0003	GLIS1	ENSG00000174332
14556.0	0.0003	SLC25A26	ENSG00000144741
14556.0	0.0003	CD58	ENSG00000116815
14556.0	0.0003	MXD3	ENSG00000213347
14556.0	0.0003	GAL3ST3	ENSG00000175229
14556.0	0.0003	TMEM115	ENSG00000126062
14556.0	0.0003	SLC9A4	ENSG00000180251
14556.0	0.0003	CELA3B	ENSG00000219073
14556.0	0.0003	ARL6IP4	ENSG00000182196
14556.0	0.0003	CIDEB	ENSG00000136305
14556.0	0.0003	FBLN7	ENSG00000144152
14556.0	0.0003	MRPL30	ENSG00000185414
14556.0	0.0003	PEG10	ENSG00000242265
14556.0	0.0003	CMTM5	ENSG00000166091
14556.0	0.0003	DYDC2	ENSG00000133665
14556.0	0.0003	UBE2Q2	ENSG00000140367
14556.0	0.0003	ZDHHC23	ENSG00000184307
14556.0	0.0003	MCOLN2	ENSG00000153898
14556.0	0.0003	ABCC12	ENSG00000140798
14556.0	0.0003	LGALS2	ENSG00000100079
14556.0	0.0003	AQP12B	ENSG00000185176
14556.0	0.0003	JOSD1	ENSG00000100221
14556.0	0.0003	APOC1	ENSG00000130208
14556.0	0.0003	TTLL5	ENSG00000119685
14556.0	0.0003	CLECL1P	ENSG00000184293
14556.0	0.0003	ABHD1	ENSG00000143994
14556.0	0.0003	ZXDA	ENSG00000198205
14556.0	0.0003	NBL1	ENSG00000158747
14556.0	0.0003	ADAM33	ENSG00000149451
14556.0	0.0003	SRFBP1	ENSG00000151304
14556.0	0.0003	GSDMC	ENSG00000147697
14556.0	0.0003	TIGD5	ENSG00000179886
14556.0	0.0003	APOF	ENSG00000175336
14556.0	0.0003	GPR52	ENSG00000203737
14556.0	0.0003	NME9	ENSG00000181322
14556.0	0.0003	PTPRCAP	ENSG00000213402
14556.0	0.0003	KHDC4	ENSG00000132680
14556.0	0.0003	CD48	ENSG00000117091
14556.0	0.0003	MRPL28	ENSG00000086504
14556.0	0.0003	NAPEPLD	ENSG00000161048
14556.0	0.0003	FRMD1	ENSG00000153303
14556.0	0.0003	GNLY	ENSG00000115523
14556.0	0.0003	MYCT1	ENSG00000120279
14556.0	0.0003	FAM162A	ENSG00000114023
14556.0	0.0003	IL16	ENSG00000172349
14556.0	0.0003	RS1	ENSG00000102104
14556.0	0.0003	ZNF267	ENSG00000185947
14556.0	0.0003	STK32A	ENSG00000169302
14556.0	0.0003	ATRAID	ENSG00000138085
14556.0	0.0003	SPAG4	ENSG00000061656
14556.0	0.0003	WRAP73	ENSG00000116213
14556.0	0.0003	PCYOX1	ENSG00000116005
14556.0	0.0003	SUN3	ENSG00000164744
14556.0	0.0003	SUN5	ENSG00000167098
14556.0	0.0003	XXYLT1	ENSG00000173950
14556.0	0.0003	CCDC180	ENSG00000197816
14556.0	0.0003	CMTM2	ENSG00000140932
14556.0	0.0003	MYO3B	ENSG00000071909
14556.0	0.0003	GLIPR1L1	ENSG00000173401
14556.0	0.0003	SGK494	ENSG00000167524
14556.0	0.0003	CST2	ENSG00000170369
14556.0	0.0003	PPP1R14C	ENSG00000198729
14556.0	0.0003	NLRP10	ENSG00000182261
14556.0	0.0003	ZBTB8OS	ENSG00000176261
14556.0	0.0003	ANKS1B	ENSG00000185046
14556.0	0.0003	SPEF1	ENSG00000101222
14556.0	0.0003	SPDYC	ENSG00000204710
14556.0	0.0003	CRISP2	ENSG00000124490
14556.0	0.0003	STK17A	ENSG00000164543
14556.0	0.0003	MAP3K15	ENSG00000180815
14556.0	0.0003	EVI2B	ENSG00000185862
14556.0	0.0003	CLK4	ENSG00000113240
14556.0	0.0003	GPRC5C	ENSG00000170412
14556.0	0.0003	ARMC7	ENSG00000125449
14556.0	0.0003	INO80D	ENSG00000114933
14556.0	0.0003	NCEH1	ENSG00000144959
14556.0	0.0003	PLGLB1	ENSG00000183281
14556.0	0.0003	L3HYPDH	ENSG00000126790
14556.0	0.0003	TEX13A	ENSG00000133149
14556.0	0.0003	DDAH1	ENSG00000153904
14556.0	0.0003	RUFY3	ENSG00000018189
14556.0	0.0003	IQCN	ENSG00000130518
14556.0	0.0003	LCTL	ENSG00000188501
14556.0	0.0003	LDLRAD4	ENSG00000168675
14556.0	0.0003	SMCO4	ENSG00000166002
14556.0	0.0003	ZNF34	ENSG00000196378
14556.0	0.0003	SMIM29	ENSG00000186577
14556.0	0.0003	SPNS3	ENSG00000182557
14556.0	0.0003	CARHSP1	ENSG00000153048
14556.0	0.0003	TGM6	ENSG00000166948
14556.0	0.0003	LEPROT	ENSG00000213625
14556.0	0.0003	NEIL3	ENSG00000109674
14556.0	0.0003	SYT12	ENSG00000173227
14556.0	0.0003	CIDEC	ENSG00000187288
14556.0	0.0003	ZBTB40	ENSG00000184677
14556.0	0.0003	SYNGR2	ENSG00000108639
14556.0	0.0003	FBXO33	ENSG00000165355
14556.0	0.0003	ANKRD12	ENSG00000101745
14556.0	0.0003	CST1	ENSG00000170373
14556.0	0.0003	MDGA1	ENSG00000112139
14556.0	0.0003	UNC50	ENSG00000115446
14556.0	0.0003	MYOZ3	ENSG00000164591
14556.0	0.0003	MSMP	ENSG00000215183
14556.0	0.0003	NT5C3B	ENSG00000141698
14556.0	0.0003	MSL2	ENSG00000174579
14556.0	0.0003	SPAG5	ENSG00000076382
14556.0	0.0003	NKIRAS1	ENSG00000197885
14556.0	0.0003	ROS1	ENSG00000047936
14556.0	0.0003	TMEM250	ENSG00000238227
14556.0	0.0003	OPRPN	ENSG00000171199
14556.0	0.0003	ARL11	ENSG00000152213
14556.0	0.0003	DEFB103A	ENSG00000176797
14556.0	0.0003	ZFR2	ENSG00000105278
14556.0	0.0003	SEMG2	ENSG00000124157
14556.0	0.0003	TBRG1	ENSG00000154144
14556.0	0.0003	REG3G	ENSG00000143954
14556.0	0.0003	TMEM185A	ENSG00000155984
14556.0	0.0003	YBEY	ENSG00000182362
14556.0	0.0003	ZNF445	ENSG00000185219
14556.0	0.0003	SPHKAP	ENSG00000153820
14556.0	0.0003	SAAL1	ENSG00000166788
14556.0	0.0003	DNPEP	ENSG00000123992
14556.0	0.0003	ALPK2	ENSG00000198796
14556.0	0.0003	GLT8D2	ENSG00000120820
14556.0	0.0003	GPR107	ENSG00000148358
14556.0	0.0003	C2orf73	ENSG00000177994
14556.0	0.0003	ZNRF2	ENSG00000180233
14556.0	0.0003	RNF126	ENSG00000070423
14556.0	0.0003	TMEM33	ENSG00000109133
14556.0	0.0003	NIBAN3	ENSG00000167483
14556.0	0.0003	TRIM6-TRIM34	ENSG00000258588
14556.0	0.0003	F13B	ENSG00000143278
14556.0	0.0003	REG3A	ENSG00000172016
14556.0	0.0003	PLPP6	ENSG00000205808
14556.0	0.0003	ANKS1A	ENSG00000064999
14556.0	0.0003	ZBTB26	ENSG00000171448
14556.0	0.0003	DEFB4A	ENSG00000171711
14556.0	0.0003	HAUS1	ENSG00000152240
14556.0	0.0003	TMEM117	ENSG00000139173
14556.0	0.0003	FASTK	ENSG00000164896
14556.0	0.0003	SLFN12	ENSG00000172123
14556.0	0.0003	MRPL54	ENSG00000183617
14556.0	0.0003	WDSUB1	ENSG00000196151
14556.0	0.0003	XKR3	ENSG00000172967
14556.0	0.0003	XKRX	ENSG00000182489
14556.0	0.0003	RAB26	ENSG00000167964
14556.0	0.0003	SUSD2	ENSG00000099994
14556.0	0.0003	TRIM34	ENSG00000258659
14556.0	0.0003	GPR160	ENSG00000173890
14556.0	0.0003	HAPLN3	ENSG00000140511
14556.0	0.0003	OCIAD2	ENSG00000145247
14556.0	0.0003	BLID	ENSG00000259571
14556.0	0.0003	LMAN2	ENSG00000169223
14556.0	0.0003	KLHDC1	ENSG00000197776
14556.0	0.0003	MIER3	ENSG00000155545
14556.0	0.0003	ANGEL2	ENSG00000174606
14556.0	0.0003	CTA-221G9.10	ENSG00000271181
14556.0	0.0003	STMN3	ENSG00000197457
14556.0	0.0003	TMED7-TICAM2	ENSG00000251201
14556.0	0.0003	YTHDF1	ENSG00000149658
14556.0	0.0003	IQCG	ENSG00000114473
14556.0	0.0003	FHOD1	ENSG00000135723
14556.0	0.0003	PHLDB2	ENSG00000144824
14556.0	0.0003	SIGLEC5	ENSG00000105501
14556.0	0.0003	KXD1	ENSG00000105700
14556.0	0.0003	RINL	ENSG00000187994
14556.0	0.0003	SLC9C2	ENSG00000162753
14556.0	0.0003	ZNF746	ENSG00000181220
14556.0	0.0003	NOL11	ENSG00000130935
14556.0	0.0003	SYT11	ENSG00000132718
14556.0	0.0003	NAALAD2	ENSG00000077616
14556.0	0.0003	BTN2A2	ENSG00000124508
14556.0	0.0003	CTBS	ENSG00000117151
14556.0	0.0003	NKAPL	ENSG00000189134
14556.0	0.0003	UBAC2	ENSG00000134882
14556.0	0.0003	BTNL9	ENSG00000165810
14556.0	0.0003	BMP2K	ENSG00000138756
14556.0	0.0003	FSBP	ENSG00000265817
14556.0	0.0003	SYCE3	ENSG00000217442
14556.0	0.0003	TMA16	ENSG00000198498
14556.0	0.0003	VSIG1	ENSG00000101842
14556.0	0.0003	LEAP2	ENSG00000164406
14556.0	0.0003	PHTF1	ENSG00000116793
14556.0	0.0003	STOML1	ENSG00000067221
14556.0	0.0003	BAIAP2L1	ENSG00000006453
14556.0	0.0003	DEFB103B	ENSG00000177243
14556.0	0.0003	MYDGF	ENSG00000074842
14556.0	0.0003	MYG1	ENSG00000139637
14556.0	0.0003	AVPI1	ENSG00000119986
14556.0	0.0003	RP11-542P2.1	ENSG00000205301
14556.0	0.0003	NKIRAS2	ENSG00000168256
14556.0	0.0003	EVI2A	ENSG00000126860
14556.0	0.0003	FCGR3B	ENSG00000162747
14556.0	0.0003	MSL1	ENSG00000188895
14556.0	0.0003	KLHDC9	ENSG00000162755
14556.0	0.0003	MAGEB2	ENSG00000099399
14556.0	0.0003	C19orf33	ENSG00000167644
14556.0	0.0003	ZNF460	ENSG00000197714
14556.0	0.0003	RWDD4	ENSG00000182552
14556.0	0.0003	KPRP	ENSG00000203786
14556.0	0.0003	PLA2G2D	ENSG00000117215
14556.0	0.0003	TOR3A	ENSG00000186283
14556.0	0.0003	ZAR1	ENSG00000182223
14556.0	0.0003	ATRNL1	ENSG00000107518
14556.0	0.0003	PSAPL1	ENSG00000178597
14556.0	0.0003	TRIM29	ENSG00000137699
14556.0	0.0003	TPRG1L	ENSG00000158109
14556.0	0.0003	ROMO1	ENSG00000125995
14556.0	0.0003	ATG16L2	ENSG00000168010
14556.0	0.0003	CADPS	ENSG00000163618
14556.0	0.0003	UBQLN3	ENSG00000175520
14556.0	0.0003	IFFO1	ENSG00000010295
14556.0	0.0003	MORN4	ENSG00000171160
14556.0	0.0003	FLRT1	ENSG00000126500
14556.0	0.0003	TPSAB1	ENSG00000172236
14556.0	0.0003	CSRNP2	ENSG00000110925
14556.0	0.0003	SLC51B	ENSG00000186198
14556.0	0.0003	C18orf54	ENSG00000166845
14556.0	0.0003	BHLHE23	ENSG00000125533
14556.0	0.0003	AAMDC	ENSG00000087884
14556.0	0.0003	MYO1B	ENSG00000128641
14556.0	0.0003	TRIR	ENSG00000123144
14556.0	0.0003	MYO1H	ENSG00000174527
14556.0	0.0003	CD244	ENSG00000122223
14556.0	0.0003	RGS21	ENSG00000253148
14556.0	0.0003	TMIGD2	ENSG00000167664
14556.0	0.0003	RCAN3	ENSG00000117602
14556.0	0.0003	TXNDC16	ENSG00000087301
14556.0	0.0003	ELAC1	ENSG00000141642
14556.0	0.0003	KRT35	ENSG00000197079
14556.0	0.0003	KRT81	ENSG00000205426
14556.0	0.0003	KRT83	ENSG00000170523
14556.0	0.0003	SNHG28	ENSG00000188004
14556.0	0.0003	CFAP20	ENSG00000070761
14556.0	0.0003	UGT2B28	ENSG00000135226
14556.0	0.0003	S100A11	ENSG00000163191
14556.0	0.0003	STOML3	ENSG00000133115
14556.0	0.0003	SFSWAP	ENSG00000061936
14556.0	0.0003	MOXD1	ENSG00000079931
14556.0	0.0003	DUS1L	ENSG00000169718
14556.0	0.0003	CRYBB1	ENSG00000100122
14556.0	0.0003	CRYM	ENSG00000103316
14556.0	0.0003	VCX3A	ENSG00000169059
14556.0	0.0003	GPN3	ENSG00000111231
14556.0	0.0003	VTCN1	ENSG00000134258
14556.0	0.0003	RBM46	ENSG00000151962
14556.0	0.0003	CCDC97	ENSG00000142039
14556.0	0.0003	RNF130	ENSG00000113269
14556.0	0.0003	DPT	ENSG00000143196
14556.0	0.0003	GPN2	ENSG00000142751
14556.0	0.0003	TRAM1L1	ENSG00000174599
14556.0	0.0003	DIP2B	ENSG00000066084
14556.0	0.0003	TACSTD2	ENSG00000184292
14556.0	0.0003	TOX	ENSG00000198846
14556.0	0.0003	CLIP3	ENSG00000105270
14556.0	0.0003	RFPL4A	ENSG00000223638
14556.0	0.0003	STXBP6	ENSG00000168952
14556.0	0.0003	KIAA2013	ENSG00000116685
14556.0	0.0003	BZW1	ENSG00000082153
14556.0	0.0003	SPRR2A	ENSG00000241794
14556.0	0.0003	CMTM7	ENSG00000153551
14556.0	0.0003	CLEC4A	ENSG00000111729
14556.0	0.0003	TRAFD1	ENSG00000135148
14556.0	0.0003	LILRA6	ENSG00000244482
14556.0	0.0003	METTL22	ENSG00000067365
14556.0	0.0003	HAUS4	ENSG00000092036
14556.0	0.0003	RSU1	ENSG00000148484
14556.0	0.0003	ABCC11	ENSG00000121270
14556.0	0.0003	C1QTNF12	ENSG00000184163
14556.0	0.0003	TRMT9B	ENSG00000250305
14556.0	0.0003	N4BP2	ENSG00000078177
14556.0	0.0003	RFX8	ENSG00000196460
14556.0	0.0003	SLC2A4RG	ENSG00000125520
14556.0	0.0003	ADGRG2	ENSG00000173698
14556.0	0.0003	YLPM1	ENSG00000119596
14556.0	0.0003	LGALS9B	ENSG00000170298
14556.0	0.0003	SETD4	ENSG00000185917
14556.0	0.0003	AGBL3	ENSG00000146856
14556.0	0.0003	PON2	ENSG00000105854
14556.0	0.0003	GPR156	ENSG00000175697
14556.0	0.0003	SPATA25	ENSG00000149634
14556.0	0.0003	PEAK1	ENSG00000173517
14556.0	0.0003	LGALS9C	ENSG00000171916
14556.0	0.0003	UPK3A	ENSG00000100373
14556.0	0.0003	RBMS2	ENSG00000076067
14556.0	0.0003	PITPNM2	ENSG00000090975
14556.0	0.0003	RBM12B	ENSG00000183808
14556.0	0.0003	BMERB1	ENSG00000166780
14556.0	0.0003	SYNGR1	ENSG00000100321
14556.0	0.0003	HAUS3	ENSG00000214367
14556.0	0.0003	SPATA31A1	ENSG00000204849
14556.0	0.0003	FAM178B	ENSG00000168754
14556.0	0.0003	RWDD3	ENSG00000122481
14556.0	0.0003	FAM151B	ENSG00000152380
14556.0	0.0003	ZNF692	ENSG00000171163
14556.0	0.0003	HAUS5	ENSG00000249115
14556.0	0.0003	KRT75	ENSG00000170454
14556.0	0.0003	TNFSF18	ENSG00000120337
14556.0	0.0003	PITPNM3	ENSG00000091622
14556.0	0.0003	SIPA1L2	ENSG00000116991
14556.0	0.0003	AKAP3	ENSG00000111254
14556.0	0.0003	CLEC9A	ENSG00000197992
14556.0	0.0003	SPEM1	ENSG00000181323
14556.0	0.0003	CHST8	ENSG00000124302
14556.0	0.0003	ANGPTL1	ENSG00000116194
14556.0	0.0003	CMTM3	ENSG00000140931
14556.0	0.0003	PBLD	ENSG00000108187
14556.0	0.0003	SULT1A4	ENSG00000213648
14556.0	0.0003	ANGPTL2	ENSG00000136859
14556.0	0.0003	KRT79	ENSG00000185640
14556.0	0.0003	SLC25A39	ENSG00000013306
14556.0	0.0003	TP53INP1	ENSG00000164938
14556.0	0.0003	PPEF2	ENSG00000156194
14556.0	0.0003	AFAP1	ENSG00000196526
14556.0	0.0003	DCDC1	ENSG00000170959
14556.0	0.0003	HTN1	ENSG00000126550
14556.0	0.0003	HTN3	ENSG00000205649
14556.0	0.0003	SERPINB13	ENSG00000197641
14556.0	0.0003	LCE1A	ENSG00000186844
14556.0	0.0003	WDFY4	ENSG00000128815
14556.0	0.0003	CELF3	ENSG00000159409
14556.0	0.0003	IL13RA2	ENSG00000123496
14556.0	0.0003	OSCP1	ENSG00000116885
14556.0	0.0003	CAPNS2	ENSG00000256812
14556.0	0.0003	MPPED2	ENSG00000066382
14556.0	0.0003	DUSP28	ENSG00000188542
14556.0	0.0003	APOO	ENSG00000184831
14556.0	0.0003	CRYBB3	ENSG00000100053
14556.0	0.0003	DELEC1	ENSG00000173077
14556.0	0.0003	TRIM64B	ENSG00000189253
14556.0	0.0003	BZW2	ENSG00000136261
14556.0	0.0003	THUMPD3	ENSG00000134077
14556.0	0.0003	RNF115	ENSG00000121848
14556.0	0.0003	ZNF317	ENSG00000130803
14556.0	0.0003	EDDM3B	ENSG00000181552
14556.0	0.0003	TUBB8	ENSG00000173876
14556.0	0.0003	CDC42EP3	ENSG00000163171
14556.0	0.0003	ERAL1	ENSG00000132591
14556.0	0.0003	GPR3	ENSG00000181773
14556.0	0.0003	ZNF557	ENSG00000130544
14556.0	0.0003	KASH5	ENSG00000161609
14556.0	0.0003	MBL2	ENSG00000165471
14556.0	0.0003	CCDC191	ENSG00000163617
14556.0	0.0003	CHST9	ENSG00000154080
14556.0	0.0003	SERPINB10	ENSG00000242550
14556.0	0.0003	NT5C1B	ENSG00000185013
14556.0	0.0003	FNIP2	ENSG00000052795
14556.0	0.0003	FCGRT	ENSG00000104870
14556.0	0.0003	SLC43A3	ENSG00000134802
14556.0	0.0003	TOB2	ENSG00000183864
14556.0	0.0003	ENTPD7	ENSG00000198018
14556.0	0.0003	CBR4	ENSG00000145439
14556.0	0.0003	WFDC12	ENSG00000168703
14556.0	0.0003	LILRB2	ENSG00000131042
14556.0	0.0003	SCGB2A2	ENSG00000110484
14556.0	0.0003	NUCB1	ENSG00000104805
14556.0	0.0003	CABCOCO1	ENSG00000183346
14556.0	0.0003	FBXO48	ENSG00000204923
14556.0	0.0003	CABYR	ENSG00000154040
14556.0	0.0003	SFT2D1	ENSG00000198818
14556.0	0.0003	SFT2D2	ENSG00000213064
14556.0	0.0003	CARD19	ENSG00000165233
14556.0	0.0003	AGAP3	ENSG00000133612
14556.0	0.0003	AGAP4	ENSG00000188234
14556.0	0.0003	AGAP6	ENSG00000204149
14556.0	0.0003	AGAP8	ENSG00000174194
14556.0	0.0003	TP53I11	ENSG00000175274
14556.0	0.0003	PROCR	ENSG00000101000
14556.0	0.0003	DOK3	ENSG00000146094
14556.0	0.0003	RNASE3	ENSG00000169397
14556.0	0.0003	SLC25A27	ENSG00000153291
14556.0	0.0003	BLCAP	ENSG00000166619
14556.0	0.0003	CRYBA1	ENSG00000108255
14556.0	0.0003	UNC45B	ENSG00000141161
14556.0	0.0003	TCF25	ENSG00000141002
14556.0	0.0003	LDLRAD1	ENSG00000203985
14556.0	0.0003	CMBL	ENSG00000164237
14556.0	0.0003	ART1	ENSG00000129744
14556.0	0.0003	FAP	ENSG00000078098
14556.0	0.0003	ACSF2	ENSG00000167107
14556.0	0.0003	ZNF740	ENSG00000139651
14556.0	0.0003	KLK14	ENSG00000129437
14556.0	0.0003	LPCAT3	ENSG00000111684
14556.0	0.0003	ANKRD13C-DT	ENSG00000197568
14556.0	0.0003	UNKL	ENSG00000059145
14556.0	0.0003	MRPS33	ENSG00000090263
14556.0	0.0003	REX1BD	ENSG00000006015
14556.0	0.0003	CLEC3A	ENSG00000166509
14556.0	0.0003	LRATD2	ENSG00000168672
14556.0	0.0003	LARP4B	ENSG00000107929
14556.0	0.0003	WFDC11	ENSG00000180083
14556.0	0.0003	INAVA	ENSG00000163362
14556.0	0.0003	RNF182	ENSG00000180537
14556.0	0.0003	CLEC2B	ENSG00000110852
14556.0	0.0003	KRT15	ENSG00000171346
14556.0	0.0003	DCDC2B	ENSG00000222046
14556.0	0.0003	PARPBP	ENSG00000185480
14556.0	0.0003	ZNF358	ENSG00000198816
14556.0	0.0003	C4orf17	ENSG00000138813
14556.0	0.0003	CCDC86	ENSG00000110104
14556.0	0.0003	CORO7	ENSG00000262246
14556.0	0.0003	CLEC4E	ENSG00000166523
14556.0	0.0003	RNASE8	ENSG00000173431
14556.0	0.0003	FSIP1	ENSG00000150667
14556.0	0.0003	FSIP2	ENSG00000188738
14556.0	0.0003	SLC35D3	ENSG00000182747
14556.0	0.0003	UBE2Q1	ENSG00000160714
14556.0	0.0003	AFAP1L2	ENSG00000169129
14556.0	0.0003	MT1X	ENSG00000187193
14556.0	0.0003	NUDT18	ENSG00000173566
14556.0	0.0003	MYOT	ENSG00000120729
14556.0	0.0003	DOCK10	ENSG00000135905
14556.0	0.0003	NPDC1	ENSG00000107281
14556.0	0.0003	PLAC8	ENSG00000145287
14556.0	0.0003	ADAM28	ENSG00000042980
14556.0	0.0003	FAM3B	ENSG00000183844
14556.0	0.0003	GPR19	ENSG00000183150
14556.0	0.0003	ROPN1	ENSG00000065371
14556.0	0.0003	ZSCAN22	ENSG00000182318
14556.0	0.0003	FAM8A1	ENSG00000137414
14556.0	0.0003	PNMA2	ENSG00000240694
14556.0	0.0003	HPCAL4	ENSG00000116983
14556.0	0.0003	OSTN	ENSG00000188729
14556.0	0.0003	SRPK3	ENSG00000184343
14556.0	0.0003	ABHD4	ENSG00000100439
14556.0	0.0003	KANK4	ENSG00000132854
14556.0	0.0003	MEI1	ENSG00000167077
14556.0	0.0003	FBXO10	ENSG00000147912
14556.0	0.0003	SPIC	ENSG00000166211
14556.0	0.0003	CLEC14A	ENSG00000176435
14556.0	0.0003	FMNL2	ENSG00000157827
14556.0	0.0003	IRX2-DT	ENSG00000186493
14556.0	0.0003	COX7B2	ENSG00000170516
14556.0	0.0003	VSIG4	ENSG00000155659
14556.0	0.0003	LRRC34	ENSG00000171757
14556.0	0.0003	CTRL	ENSG00000141086
14556.0	0.0003	CFHR1	ENSG00000244414
14556.0	0.0003	ELOF1	ENSG00000130165
14556.0	0.0003	GCSAM	ENSG00000174500
14556.0	0.0003	MLF2	ENSG00000089693
14556.0	0.0003	DDX53	ENSG00000184735
14556.0	0.0003	CLSTN2	ENSG00000158258
14556.0	0.0003	GSDMA	ENSG00000167914
14556.0	0.0003	WBP2	ENSG00000132471
14556.0	0.0003	ARL14	ENSG00000179674
14556.0	0.0003	DHRS11	ENSG00000108272
14556.0	0.0003	GAB3	ENSG00000160219
14556.0	0.0003	RSPH1	ENSG00000160188
14556.0	0.0003	CFHR4	ENSG00000134365
14556.0	0.0003	CFHR5	ENSG00000134389
14556.0	0.0003	TBC1D21	ENSG00000167139
14556.0	0.0003	HSPB9	ENSG00000197723
14556.0	0.0003	MAGEB4	ENSG00000120289
14556.0	0.0003	FAM131C	ENSG00000185519
14556.0	0.0003	GPR142	ENSG00000257008
14556.0	0.0003	TSGA10	ENSG00000135951
14556.0	0.0003	NCBP3	ENSG00000074356
14556.0	0.0003	ZNF85	ENSG00000105750
14556.0	0.0003	SPINK2	ENSG00000128040
14556.0	0.0003	CIMAP1A	ENSG00000177947
14556.0	0.0003	GRTP1	ENSG00000139835
14556.0	0.0003	SMIM20	ENSG00000250317
14556.0	0.0003	IKBIP	ENSG00000166130
14556.0	0.0003	MYO19	ENSG00000141140
14556.0	0.0003	RUFY2	ENSG00000204130
14556.0	0.0003	TAS2R13	ENSG00000212128
14556.0	0.0003	TAS2R7	ENSG00000121377
14556.0	0.0003	TAS2R8	ENSG00000121314
14556.0	0.0003	TAS2R9	ENSG00000121381
14556.0	0.0003	ROPN1L	ENSG00000145491
14556.0	0.0003	CMTM6	ENSG00000091317
14556.0	0.0003	CMTM4	ENSG00000183723
14556.0	0.0003	ENOX1	ENSG00000120658
14556.0	0.0003	CST8	ENSG00000125815
14556.0	0.0003	LCE1C	ENSG00000197084
14556.0	0.0003	MS4A1	ENSG00000156738
14556.0	0.0003	CDCA4	ENSG00000170779
14556.0	0.0003	PRR15	ENSG00000176532
14556.0	0.0003	ZKSCAN3	ENSG00000189298
14556.0	0.0003	FANK1	ENSG00000203780
14556.0	0.0003	C1QL3	ENSG00000165985
14556.0	0.0003	LCE1D	ENSG00000172155
14556.0	0.0003	C7orf50	ENSG00000146540
14556.0	0.0003	KLHL32	ENSG00000186231
14556.0	0.0003	ZNF511	ENSG00000198546
14556.0	0.0003	A2ML1	ENSG00000166535
14556.0	0.0003	MCFD2	ENSG00000180398
14556.0	0.0003	LYPLA2	ENSG00000011009
14556.0	0.0003	CRYGA	ENSG00000168582
14556.0	0.0003	LCE1E	ENSG00000186226
14556.0	0.0003	ESM1	ENSG00000164283
14556.0	0.0003	PSMG2	ENSG00000128789
14556.0	0.0003	NUDT7	ENSG00000140876
14556.0	0.0003	LCE1B	ENSG00000196734
14556.0	0.0003	ARHGEF26	ENSG00000114790
14556.0	0.0003	GMEB2	ENSG00000101216
14556.0	0.0003	ADGRE1	ENSG00000174837
14556.0	0.0003	HABP2	ENSG00000148702
14556.0	0.0003	STK31	ENSG00000196335
14556.0	0.0003	ACOD1	ENSG00000102794
14556.0	0.0003	TMEM203	ENSG00000187713
14556.0	0.0003	MICALL2	ENSG00000164877
14556.0	0.0003	TRIM69	ENSG00000185880
14556.0	0.0003	CDK2AP2	ENSG00000167797
14556.0	0.0003	TBC1D17	ENSG00000104946
14556.0	0.0003	ZC3H7A	ENSG00000122299
14556.0	0.0003	DGCR6L	ENSG00000128185
14556.0	0.0003	ANGEL1	ENSG00000013523
14556.0	0.0003	TARBP1	ENSG00000059588
14556.0	0.0003	NAPSA	ENSG00000131400
14556.0	0.0003	CMTM8	ENSG00000170293
14556.0	0.0003	CLYBL	ENSG00000125246
14556.0	0.0003	SLC22A17	ENSG00000092096
14556.0	0.0003	ITFG1	ENSG00000129636
14556.0	0.0003	CPNE9	ENSG00000144550
14556.0	0.0003	ADGRD2	ENSG00000180264
14556.0	0.0003	PANX3	ENSG00000154143
14556.0	0.0003	KIAA1549L	ENSG00000110427
14556.0	0.0003	PLGLB2	ENSG00000125551
14556.0	0.0003	MTG1	ENSG00000148824
14556.0	0.0003	RP11-108K14.8	ENSG00000254536
14556.0	0.0003	SPINK13	ENSG00000214510
14556.0	0.0003	PPP1R26	ENSG00000196422
14556.0	0.0003	GPHA2	ENSG00000149735
14556.0	0.0003	TTLL7	ENSG00000137941
14556.0	0.0003	OLAH	ENSG00000152463
14556.0	0.0003	IL36B	ENSG00000136696
14556.0	0.0003	TDRD5	ENSG00000162782
14556.0	0.0003	CCDC38	ENSG00000165972
14556.0	0.0003	BTG3	ENSG00000154640
14556.0	0.0003	POM121	ENSG00000196313
14556.0	0.0003	WDR55	ENSG00000120314
14556.0	0.0003	TCP10L3	ENSG00000203690
14556.0	0.0003	JTB	ENSG00000143543
14556.0	0.0003	SPINK6	ENSG00000178172
14556.0	0.0003	DCANP1	ENSG00000251380
14556.0	0.0003	LCE1F	ENSG00000240386
14556.0	0.0003	MT1H	ENSG00000205358
14556.0	0.0003	REEP6	ENSG00000115255
14556.0	0.0003	CCDC183	ENSG00000213213
14556.0	0.0003	SLC46A2	ENSG00000119457
14556.0	0.0003	LCE2B	ENSG00000159455
14556.0	0.0003	LCE2C	ENSG00000187180
14556.0	0.0003	DRP2	ENSG00000102385
14556.0	0.0003	CTAG1B	ENSG00000184033
14556.0	0.0003	STK10	ENSG00000072786
14556.0	0.0003	RBMXL2	ENSG00000170748
14556.0	0.0003	KLRF2	ENSG00000256797
14556.0	0.0003	RHNO1	ENSG00000171792
14556.0	0.0003	RNF17	ENSG00000132972
14556.0	0.0003	PLLP	ENSG00000102934
14556.0	0.0003	ADGRL4	ENSG00000162618
14556.0	0.0003	PLEK2	ENSG00000100558
14556.0	0.0003	SCIMP	ENSG00000161929
14556.0	0.0003	GTPBP6	ENSG00000178605
14556.0	0.0003	ZNF260	ENSG00000254004
14556.0	0.0003	CDHR5	ENSG00000099834
14556.0	0.0003	GDAP2	ENSG00000196505
14556.0	0.0003	PSMG1	ENSG00000183527
14556.0	0.0003	IFI27L1	ENSG00000165948
14556.0	0.0003	KLHDC4	ENSG00000104731
14556.0	0.0003	DQX1	ENSG00000144045
14556.0	0.0003	PLPP4	ENSG00000203805
14556.0	0.0003	POTEH	ENSG00000198062
14556.0	0.0003	DYDC1	ENSG00000170788
14556.0	0.0003	ACKR1	ENSG00000213088
14556.0	0.0003	KRTAP5-1	ENSG00000205869
14556.0	0.0003	CLCA4	ENSG00000016602
14556.0	0.0003	VPREB1	ENSG00000169575
14556.0	0.0003	MSRB2	ENSG00000148450
14556.0	0.0003	ZNF77	ENSG00000175691
14556.0	0.0003	MSRB3	ENSG00000174099
14556.0	0.0003	GUCA2A	ENSG00000197273
14556.0	0.0003	ZDHHC14	ENSG00000175048
14556.0	0.0003	RAVER2	ENSG00000162437
14556.0	0.0003	KRTAP9-1	ENSG00000240542
14556.0	0.0003	CPNE1	ENSG00000214078
14556.0	0.0003	ZDHHC18	ENSG00000204160
14556.0	0.0003	PSG5	ENSG00000204941
14556.0	0.0003	CC2D1B	ENSG00000154222
14556.0	0.0003	TMPRSS7	ENSG00000176040
14556.0	0.0003	LRIF1	ENSG00000121931
14556.0	0.0003	TINAGL1	ENSG00000142910
14556.0	0.0003	TMEM50B	ENSG00000142188
14556.0	0.0003	NPTXR	ENSG00000221890
14556.0	0.0003	PEAR1	ENSG00000187800
14556.0	0.0003	LRRC43	ENSG00000158113
14556.0	0.0003	TRIM22	ENSG00000132274
14556.0	0.0003	LANCL2	ENSG00000132434
14556.0	0.0003	GOLGA6L6	ENSG00000215405
14556.0	0.0003	TRIM6	ENSG00000121236
14556.0	0.0003	SLC5A11	ENSG00000158865
14556.0	0.0003	ZUP1	ENSG00000153975
14556.0	0.0003	OGFOD2	ENSG00000111325
14556.0	0.0003	SLC25A34	ENSG00000162461
14556.0	0.0003	SLC25A35	ENSG00000125434
14556.0	0.0003	IL36A	ENSG00000136694
14556.0	0.0003	NKRF	ENSG00000186416
14556.0	0.0003	MS4A5	ENSG00000166930
14556.0	0.0003	LEUTX	ENSG00000213921
14556.0	0.0003	RTF2	ENSG00000022277
14556.0	0.0003	MAGEA12	ENSG00000213401
14556.0	0.0003	APOL5	ENSG00000128313
14556.0	0.0003	LYPD1	ENSG00000150551
14556.0	0.0003	NUDT3	ENSG00000272325
14556.0	0.0003	LENEP	ENSG00000163352
14556.0	0.0003	KIR3DL1	ENSG00000167633
14556.0	0.0003	CD160	ENSG00000117281
14556.0	0.0003	CTD-2140B24.4	ENSG00000256825
14556.0	0.0003	ZNF268	ENSG00000090612
14556.0	0.0003	CDCA2	ENSG00000184661
14556.0	0.0003	GLTP	ENSG00000139433
14556.0	0.0003	FCGR1BP	ENSG00000198019
14556.0	0.0003	CD1A	ENSG00000158477
14556.0	0.0003	OPN1MW	ENSG00000147380
14556.0	0.0003	MRI1	ENSG00000037757
14556.0	0.0003	UBE3D	ENSG00000118420
14556.0	0.0003	CLEC3B	ENSG00000163815
14556.0	0.0003	PLGRKT	ENSG00000107020
14556.0	0.0003	FKBP7	ENSG00000079150
14556.0	0.0003	METTL4	ENSG00000101574
14556.0	0.0003	TMBIM4	ENSG00000155957
14556.0	0.0003	SPOCD1	ENSG00000134668
14556.0	0.0003	C19orf48P	ENSG00000167747
14556.0	0.0003	PCDHA4	ENSG00000204967
14556.0	0.0003	CD1E	ENSG00000158488
14556.0	0.0003	LIME1	ENSG00000203896
14556.0	0.0003	RP4-583P15.15	ENSG00000273154
14556.0	0.0003	UACA	ENSG00000137831
14556.0	0.0003	RSPH3	ENSG00000130363
14556.0	0.0003	RNF217	ENSG00000146373
14556.0	0.0003	UPK1A	ENSG00000105668
14556.0	0.0003	FRMD4B	ENSG00000114541
14556.0	0.0003	C2orf80	ENSG00000188674
14556.0	0.0003	SLC22A25	ENSG00000196600
14556.0	0.0003	TAS2R46	ENSG00000226761
14556.0	0.0003	N4BP2L2	ENSG00000244754
14556.0	0.0003	LARP4	ENSG00000161813
14556.0	0.0003	ZNF300	ENSG00000145908
14556.0	0.0003	DPPA5	ENSG00000203909
14556.0	0.0003	LRRIQ3	ENSG00000162620
14556.0	0.0003	CCDC13	ENSG00000244607
14556.0	0.0003	EPB41L4A	ENSG00000129595
14556.0	0.0003	TCERG1L	ENSG00000176769
14556.0	0.0003	ZNF446	ENSG00000083838
14556.0	0.0003	ANKRD13C	ENSG00000118454
14556.0	0.0003	SPX	ENSG00000134548
14556.0	0.0003	MS4A4A	ENSG00000110079
14556.0	0.0003	CD37	ENSG00000104894
14556.0	0.0003	TIMD4	ENSG00000145850
14556.0	0.0003	SCP2D1	ENSG00000132631
14556.0	0.0003	EFHC2	ENSG00000183690
14556.0	0.0003	MS4A10	ENSG00000172689
14556.0	0.0003	NCKAP5	ENSG00000176771
14556.0	0.0003	HAVCR2	ENSG00000135077
14556.0	0.0003	PHLDA1	ENSG00000139289
14556.0	0.0003	CDC42EP2	ENSG00000149798
14556.0	0.0003	RWDD2B	ENSG00000156253
14556.0	0.0003	PDLIM3	ENSG00000154553
14556.0	0.0003	ADM5	ENSG00000224420
14556.0	0.0003	ZFP69	ENSG00000187815
14556.0	0.0003	DNAI7	ENSG00000118307
14556.0	0.0003	TMEM254	ENSG00000133678
14556.0	0.0003	NEK11	ENSG00000114670
14556.0	0.0003	CASKIN1	ENSG00000167971
14556.0	0.0003	SMPX	ENSG00000091482
14556.0	0.0003	SYNPR	ENSG00000163630
14556.0	0.0003	LMLN	ENSG00000185621
14556.0	0.0003	CCL3L1	ENSG00000205021
14556.0	0.0003	ZNF570	ENSG00000171827
14556.0	0.0003	TMPRSS11B	ENSG00000185873
14556.0	0.0003	TAS2R50	ENSG00000212126
14556.0	0.0003	ZNF200	ENSG00000010539
14556.0	0.0003	PTTG1IP	ENSG00000183255
14556.0	0.0003	TMEM79	ENSG00000163472
14556.0	0.0003	UBL3	ENSG00000122042
14556.0	0.0003	LIX1	ENSG00000145721
14556.0	0.0003	RCCD1	ENSG00000166965
14556.0	0.0003	CEACAM3	ENSG00000170956
14556.0	0.0003	TMEM223	ENSG00000168569
14556.0	0.0003	HHLA2	ENSG00000114455
14556.0	0.0003	ATPSCKMT	ENSG00000150756
14556.0	0.0003	SIGLEC9	ENSG00000129450
14556.0	0.0003	EGFL6	ENSG00000198759
14556.0	0.0003	SPRR2B	ENSG00000196805
14556.0	0.0003	CD53	ENSG00000143119
14556.0	0.0003	CMTM1	ENSG00000089505
14556.0	0.0003	SCGB1D2	ENSG00000124935
14556.0	0.0003	DEFB104A	ENSG00000176782
14556.0	0.0003	SLC25A14	ENSG00000102078
14556.0	0.0003	FUCA2	ENSG00000001036
14556.0	0.0003	TMEM258	ENSG00000134825
14556.0	0.0003	MOAP1	ENSG00000165943
14556.0	0.0003	SPAG11A	ENSG00000178287
14556.0	0.0003	GPR108	ENSG00000125734
14556.0	0.0003	MAS1	ENSG00000130368
14556.0	0.0003	APOC4	ENSG00000267467
14556.0	0.0003	ZNF773	ENSG00000152439
14556.0	0.0003	GPRC5A	ENSG00000013588
14556.0	0.0003	HS1BP3	ENSG00000118960
14556.0	0.0003	MORC1	ENSG00000114487
14556.0	0.0003	GLT8D1	ENSG00000016864
14556.0	0.0003	PRMT9	ENSG00000164169
14556.0	0.0003	NIPSNAP3B	ENSG00000165028
14556.0	0.0003	C5AR2	ENSG00000134830
14556.0	0.0003	NUCB2	ENSG00000070081
14556.0	0.0003	SNED1	ENSG00000162804
14556.0	0.0003	GARIN2	ENSG00000172717
14556.0	0.0003	ZNF331	ENSG00000130844
14556.0	0.0003	C1orf127	ENSG00000175262
14556.0	0.0003	ADGRB3	ENSG00000135298
14556.0	0.0003	TAAR6	ENSG00000146383
14556.0	0.0003	CREBL2	ENSG00000111269
14556.0	0.0003	SECTM1	ENSG00000141574
14556.0	0.0003	GPR135	ENSG00000181619
14556.0	0.0003	EDDM3A	ENSG00000181562
14556.0	0.0003	ARMC2	ENSG00000118690
14556.0	0.0003	MYADM	ENSG00000179820
14556.0	0.0003	CCDC87	ENSG00000182791
14556.0	0.0003	IGLL1	ENSG00000128322
14556.0	0.0003	CCDC144NL	ENSG00000205212
14556.0	0.0003	CDRT15L2	ENSG00000214819
14556.0	0.0003	LINC02693	ENSG00000212719
14556.0	0.0003	MS4A3	ENSG00000149516
14556.0	0.0003	PGBD1	ENSG00000137338
14556.0	0.0003	MTRNR2L1	ENSG00000256618
14556.0	0.0003	NXPH4	ENSG00000182379
14556.0	0.0003	DHRSX	ENSG00000169084
14556.0	0.0003	C10orf55	ENSG00000222047
14556.0	0.0003	KRTAP5-5	ENSG00000185940
14556.0	0.0003	ZNF91	ENSG00000167232
14556.0	0.0003	MRGPRD	ENSG00000172938
14556.0	0.0003	MRGPRE	ENSG00000184350
14556.0	0.0003	MRGPRF	ENSG00000172935
14556.0	0.0003	MRGPRG	ENSG00000182170
14556.0	0.0003	MRGPRX3	ENSG00000179826
14556.0	0.0003	MRGPRX4	ENSG00000179817
14556.0	0.0003	CD200	ENSG00000091972
14556.0	0.0003	ENOX2	ENSG00000165675
14556.0	0.0003	KRTAP23-1	ENSG00000186980
14556.0	0.0003	LPPR3	ENSG00000129951
14556.0	0.0003	MS4A7	ENSG00000166927
14556.0	0.0003	FHDC1	ENSG00000137460
14556.0	0.0003	LMAN2L	ENSG00000114988
14556.0	0.0003	TMEM242	ENSG00000215712
14556.0	0.0003	FSCB	ENSG00000189139
14556.0	0.0003	C7orf76	ENSG00000197851
14556.0	0.0003	ZNF239	ENSG00000196793
14556.0	0.0003	VASH1	ENSG00000071246
14556.0	0.0003	KRTAP12-2	ENSG00000221864
14556.0	0.0003	TEX55	ENSG00000163424
14556.0	0.0003	ABCB9	ENSG00000150967
14556.0	0.0003	GPR88	ENSG00000181656
14556.0	0.0003	METTL21C	ENSG00000139780
14556.0	0.0003	CCDC54	ENSG00000138483
14556.0	0.0003	MBD3L3	ENSG00000182315
14556.0	0.0003	MBD3L4	ENSG00000205718
14556.0	0.0003	MBD3L5	ENSG00000237247
14556.0	0.0003	SPINK4	ENSG00000122711
14556.0	0.0003	ZFP3	ENSG00000180787
14556.0	0.0003	ZFP37	ENSG00000136866
14556.0	0.0003	G6PC2	ENSG00000152254
14556.0	0.0003	ZC3H12D	ENSG00000178199
14556.0	0.0003	RTP3	ENSG00000163825
14556.0	0.0003	LMNTD1	ENSG00000152936
14556.0	0.0003	KBTBD12	ENSG00000187715
14556.0	0.0003	APIP	ENSG00000149089
14556.0	0.0003	PATE3	ENSG00000236027
14556.0	0.0003	DEFB132	ENSG00000186458
14556.0	0.0003	EEF1AKMT1	ENSG00000150456
14556.0	0.0003	GLOD5	ENSG00000171433
14556.0	0.0003	CLPSL1	ENSG00000204140
14556.0	0.0003	TPRX1	ENSG00000178928
14556.0	0.0003	ENOPH1	ENSG00000145293
14556.0	0.0003	SPINK14	ENSG00000196800
14556.0	0.0003	LRRC40	ENSG00000066557
14556.0	0.0003	DPRX	ENSG00000204595
14556.0	0.0003	FPGT-TNNI3K	ENSG00000259030
14556.0	0.0003	TNNI3K	ENSG00000116783
14556.0	0.0003	DUXA	ENSG00000258873
14556.0	0.0003	GPR34	ENSG00000171659
14556.0	0.0003	SEBOX	ENSG00000109072
14556.0	0.0003	GAGE13	ENSG00000237597
14556.0	0.0003	GAGE2E	ENSG00000205775
14556.0	0.0003	KLK13	ENSG00000167759
14556.0	0.0003	DEFB105A	ENSG00000186562
14556.0	0.0003	DEFB126	ENSG00000125788
14556.0	0.0003	SH3TC1	ENSG00000125089
14556.0	0.0003	CD101	ENSG00000134256
14556.0	0.0003	PRR35	ENSG00000161992
14556.0	0.0003	MS4A8	ENSG00000166959
14556.0	0.0003	VPREB3	ENSG00000128218
14556.0	0.0003	KRTAP24-1	ENSG00000188694
14556.0	0.0003	OR13A1	ENSG00000256574
14556.0	0.0003	ZNF543	ENSG00000178229
14556.0	0.0003	ETFBKMT	ENSG00000139160
14556.0	0.0003	CNTD1	ENSG00000176563
14556.0	0.0003	MSANTD4	ENSG00000170903
14556.0	0.0003	ARGFX	ENSG00000186103
14556.0	0.0003	CIMIP2A	ENSG00000188163
14556.0	0.0003	FAM181A	ENSG00000140067
14556.0	0.0003	ETFRF1	ENSG00000205707
14556.0	0.0003	MTRNR2L3	ENSG00000256222
14556.0	0.0003	FAM81B	ENSG00000153347
14556.0	0.0003	CNBD1	ENSG00000176571
14556.0	0.0003	KRTAP10-1	ENSG00000215455
14556.0	0.0003	TERB2	ENSG00000167014
14556.0	0.0003	CALHM4	ENSG00000164451
14556.0	0.0003	IGLON5	ENSG00000142549
14556.0	0.0003	LRCH2	ENSG00000130224
14556.0	0.0003	ZNF229	ENSG00000167383
14556.0	0.0003	C1orf216	ENSG00000142686
14556.0	0.0003	IGSF3	ENSG00000143061
14556.0	0.0003	PATE2	ENSG00000196844
14556.0	0.0003	THAP6	ENSG00000174796
14556.0	0.0003	PATE4	ENSG00000237353
14556.0	0.0003	DEFB125	ENSG00000178591
14556.0	0.0003	METTL23	ENSG00000181038
14556.0	0.0003	DEFB121	ENSG00000204548
14556.0	0.0003	DEFB128	ENSG00000185982
14556.0	0.0003	DEFB129	ENSG00000125903
14556.0	0.0003	DEFB127	ENSG00000088782
14556.0	0.0003	KRTAP25-1	ENSG00000232263
14556.0	0.0003	KRTAP27-1	ENSG00000206107
14556.0	0.0003	TOR4A	ENSG00000198113
14556.0	0.0003	KRTAP19-8	ENSG00000206102
14556.0	0.0003	KRTAP20-3	ENSG00000206104
14556.0	0.0003	SPATA32	ENSG00000184361
14556.0	0.0003	PRRG1	ENSG00000130962
14556.0	0.0003	KRTAP12-1	ENSG00000187175
14556.0	0.0003	KRTAP12-4	ENSG00000212933
14556.0	0.0003	KRTAP26-1	ENSG00000197683
14556.0	0.0003	DEFB119	ENSG00000180483
14556.0	0.0003	DEFB123	ENSG00000180424
14556.0	0.0003	DEFB118	ENSG00000131068
14556.0	0.0003	LANCL3	ENSG00000147036
14556.0	0.0003	KRTAP10-5	ENSG00000241123
14556.0	0.0003	KRTAP10-9	ENSG00000221837
14556.0	0.0003	KRTAP10-10	ENSG00000221859
14556.0	0.0003	KRTAP10-7	ENSG00000205441
14556.0	0.0003	KRTAP10-8	ENSG00000187766
14556.0	0.0003	KRTAP10-4	ENSG00000215454
14556.0	0.0003	KRTAP10-12	ENSG00000189169
14556.0	0.0003	KRTAP10-2	ENSG00000205445
14556.0	0.0003	DNAAF6	ENSG00000080572
14556.0	0.0003	KRTAP12-3	ENSG00000205439
14556.0	0.0003	KRTAP9-8	ENSG00000187272
14556.0	0.0003	KRTAP4-6	ENSG00000198090
14556.0	0.0003	KRTAP9-4	ENSG00000241595
14556.0	0.0003	KRTAP13-3	ENSG00000240432
14556.0	0.0003	KRTAP3-1	ENSG00000212901
14556.0	0.0003	ARMH4	ENSG00000139971
14556.0	0.0003	KRTAP9-3	ENSG00000204873
14556.0	0.0003	CCDC198	ENSG00000100557
14556.0	0.0003	CRIP3	ENSG00000146215
14556.0	0.0003	RNF112	ENSG00000128482
14556.0	0.0003	KIF21B	ENSG00000116852
14556.0	0.0003	TRIOBP	ENSG00000100106
14556.0	0.0003	TEX19	ENSG00000182459
14556.0	0.0003	EPM2A	ENSG00000112425
14556.0	0.0003	CCNY	ENSG00000108100
14556.0	0.0003	CCDC3	ENSG00000151468
14556.0	0.0003	GOLM1	ENSG00000135052
14556.0	0.0003	ARAP1	ENSG00000186635
14556.0	0.0003	TULP4	ENSG00000130338
14556.0	0.0003	TMEM108	ENSG00000144868
14556.0	0.0003	C1QTNF2	ENSG00000145861
14556.0	0.0003	TMEM256	ENSG00000205544
14556.0	0.0003	IQCE	ENSG00000106012
14556.0	0.0003	ASRGL1	ENSG00000162174
14556.0	0.0003	GLCCI1	ENSG00000106415
14556.0	0.0003	HSP90AB1	ENSG00000096384
14556.0	0.0003	MAP2K7	ENSG00000076984
14556.0	0.0003	PLEKHG5	ENSG00000171680
14556.0	0.0003	RAN	ENSG00000132341
14556.0	0.0003	ITGA10	ENSG00000143127
14556.0	0.0003	FHOD3	ENSG00000134775
14556.0	0.0003	ABL2	ENSG00000143322
14556.0	0.0003	CMAHP	ENSG00000168405
14556.0	0.0003	ITLN2	ENSG00000158764
14556.0	0.0003	FSCN2	ENSG00000186765
14556.0	0.0003	BAG1	ENSG00000107262
14556.0	0.0003	KBTBD11	ENSG00000176595
14556.0	0.0003	MKRN2	ENSG00000075975
14556.0	0.0003	LPPR5	ENSG00000117598
14556.0	0.0003	SLITRK2	ENSG00000185985
14556.0	0.0003	BAX	ENSG00000087088
14556.0	0.0003	MAPK14	ENSG00000112062
14556.0	0.0003	ILRUN	ENSG00000196821
14556.0	0.0003	MSGN1	ENSG00000151379
14556.0	0.0003	KLHL6	ENSG00000172578
14556.0	0.0003	CTLA4	ENSG00000163599
14556.0	0.0003	LAMA4	ENSG00000112769
14556.0	0.0003	IFI16	ENSG00000163565
14556.0	0.0003	KLRC4-KLRK1	ENSG00000255819
14556.0	0.0003	FAM111B	ENSG00000189057
14556.0	0.0003	ANGPTL6	ENSG00000130812
14556.0	0.0003	THSD1	ENSG00000136114
14556.0	0.0003	SASH1	ENSG00000111961
14556.0	0.0003	ANKIB1	ENSG00000001629
14556.0	0.0003	ARL15	ENSG00000185305
14556.0	0.0003	C9orf43	ENSG00000157653
14556.0	0.0003	CCDC33	ENSG00000140481
14556.0	0.0003	ITM2C	ENSG00000135916
14556.0	0.0003	MDM1	ENSG00000111554
14556.0	0.0003	MXRA7	ENSG00000182534
14556.0	0.0003	PRODH	ENSG00000100033
14556.0	0.0003	SERPINB12	ENSG00000166634
14556.0	0.0003	SPATA6	ENSG00000132122
14556.0	0.0003	TMEM88	ENSG00000167874
14556.0	0.0003	ZNF831	ENSG00000124203
14556.0	0.0003	MTO1	ENSG00000135297
14556.0	0.0003	MFSD14A	ENSG00000156875
14556.0	0.0003	CEMIP	ENSG00000103888
14556.0	0.0003	SPEG	ENSG00000072195
14556.0	0.0003	NWD2	ENSG00000174145
14556.0	0.0003	TMEM131	ENSG00000075568
14556.0	0.0003	LSAMP	ENSG00000185565
14556.0	0.0003	VWA3B	ENSG00000168658
14556.0	0.0003	CCDC57	ENSG00000176155
14556.0	0.0003	PLEKHM2	ENSG00000116786
14556.0	0.0003	ZNF644	ENSG00000122482
14556.0	0.0003	LDAH	ENSG00000118961
14556.0	0.0003	WDR47	ENSG00000085433
14556.0	0.0003	PPP2R2B	ENSG00000156475
14556.0	0.0003	C10orf120	ENSG00000183559
14556.0	0.0003	HTR4	ENSG00000164270
14556.0	0.0003	CCSER2	ENSG00000107771
14556.0	0.0003	GRXCR2	ENSG00000204928
14556.0	0.0003	MCRIP1	ENSG00000225663
14556.0	0.0003	BORCS6	ENSG00000196544
14556.0	0.0003	CSNK2B	ENSG00000204435
14556.0	0.0003	DCP1A	ENSG00000162290
14556.0	0.0003	DNAJB6	ENSG00000105993
14556.0	0.0003	FASTKD5	ENSG00000215251
14556.0	0.0003	HSP90B2P	ENSG00000259706
14556.0	0.0003	LIMS3	ENSG00000256977
14556.0	0.0003	LIMS4	ENSG00000256671
14556.0	0.0003	METRN	ENSG00000103260
14556.0	0.0003	NUP98	ENSG00000110713
14556.0	0.0003	NUSAP1	ENSG00000137804
14556.0	0.0003	RBBP6	ENSG00000122257
14556.0	0.0003	SPRING1	ENSG00000111412
14556.0	0.0003	TPT1P8	ENSG00000219491
14556.0	0.0003	UBC	ENSG00000150991
14556.0	0.0003	VSX1	ENSG00000100987
14556.0	0.0003	PCSK1N	ENSG00000102109
14556.0	0.0003	DBNDD2	ENSG00000244274
14556.0	0.0003	CRAMP1	ENSG00000007545
14556.0	0.0003	ZDHHC7	ENSG00000153786
14556.0	0.0003	TRIM66	ENSG00000166436
14556.0	0.0003	NDNF	ENSG00000173376
14556.0	0.0003	LAPTM4A	ENSG00000068697
14556.0	0.0003	COL19A1	ENSG00000082293
14556.0	0.0003	TPRN	ENSG00000176058
14556.0	0.0003	TMEM63B	ENSG00000137216
14556.0	0.0003	AFM	ENSG00000079557
14556.0	0.0003	CCDC92	ENSG00000119242
14556.0	0.0003	TMEM273	ENSG00000204161
14556.0	0.0003	LCK	ENSG00000182866
14556.0	0.0003	ANKRD9	ENSG00000156381
14556.0	0.0003	ELAPOR1	ENSG00000116299
14556.0	0.0003	TPPP3	ENSG00000159713
14556.0	0.0003	ABHD17C	ENSG00000136379
14556.0	0.0003	ADGRF5	ENSG00000069122
14556.0	0.0003	ADRB2	ENSG00000169252
14556.0	0.0003	ANXA2P2	ENSG00000231991
14556.0	0.0003	C2CD4C	ENSG00000183186
14556.0	0.0003	C6orf15	ENSG00000204542
14556.0	0.0003	CDS2	ENSG00000101290
14556.0	0.0003	CFAP36	ENSG00000163001
14556.0	0.0003	CPM	ENSG00000135678
14556.0	0.0003	CRLF3	ENSG00000176390
14556.0	0.0003	CTD-2132H18.3	ENSG00000254801
14556.0	0.0003	DUSP26	ENSG00000133878
14556.0	0.0003	ESCO1	ENSG00000141446
14556.0	0.0003	FABP12	ENSG00000197416
14556.0	0.0003	FAM83G	ENSG00000188522
14556.0	0.0003	GPR27	ENSG00000170837
14556.0	0.0003	GPR42	ENSG00000126251
14556.0	0.0003	ING1	ENSG00000153487
14556.0	0.0003	JCAD	ENSG00000165757
14556.0	0.0003	MFSD1	ENSG00000118855
14556.0	0.0003	MYRIP	ENSG00000170011
14556.0	0.0003	NEURL2	ENSG00000124257
14556.0	0.0003	NEXN	ENSG00000162614
14556.0	0.0003	NLRC3	ENSG00000167984
14556.0	0.0003	RIMS4	ENSG00000101098
14556.0	0.0003	RNF213	ENSG00000173821
14556.0	0.0003	SLC35E1	ENSG00000127526
14556.0	0.0003	SMDT1	ENSG00000183172
14556.0	0.0003	SPINDOC	ENSG00000168005
14556.0	0.0003	TBC1D2	ENSG00000095383
14556.0	0.0003	THEMIS2	ENSG00000130775
14556.0	0.0003	TMEM98	ENSG00000006042
14556.0	0.0003	TWF1	ENSG00000151239
14556.0	0.0003	VCF1	ENSG00000133193
14556.0	0.0003	VCF2	ENSG00000182518
14556.0	0.0003	XIRP1	ENSG00000168334
14556.0	0.0003	ZFP30	ENSG00000120784
14556.0	0.0003	ZNF251	ENSG00000198169
14556.0	0.0003	ZNF410	ENSG00000119725
14556.0	0.0003	CAPN10	ENSG00000142330
14556.0	0.0003	ARHGEF3	ENSG00000163947
14556.0	0.0003	GLYR1	ENSG00000140632
14556.0	0.0003	CYB5D1	ENSG00000182224
14556.0	0.0003	MORF4L1	ENSG00000185787
14556.0	0.0003	ADAMTSL4-AS1	ENSG00000203804
14556.0	0.0003	IGKC	ENSG00000211592
14556.0	0.0003	CAND1	ENSG00000111530
14556.0	0.0003	MICAL1	ENSG00000135596
14811.0	0.0002	FAM221A	ENSG00000188732
14811.0	0.0002	KRT72	ENSG00000170486
14811.0	0.0002	ZC2HC1C	ENSG00000119703
14811.0	0.0002	PRRC2C	ENSG00000117523
14811.0	0.0002	POU2AF3	ENSG00000214290
14811.0	0.0002	ELOVL5	ENSG00000012660
14811.0	0.0002	DGKB	ENSG00000136267
14811.0	0.0002	DMRTC2	ENSG00000142025
14811.0	0.0002	CIB3	ENSG00000141977
14811.0	0.0002	ADH1C	ENSG00000248144
14811.0	0.0002	GBP3	ENSG00000117226
14811.0	0.0002	IKBKE	ENSG00000143466
14811.0	0.0002	PGLYRP2	ENSG00000161031
14811.0	0.0002	TNFAIP8L2	ENSG00000163154
14811.0	0.0002	DNAJC13	ENSG00000138246
14811.0	0.0002	VPS35	ENSG00000069329
14811.0	0.0002	KANK3	ENSG00000186994
14811.0	0.0002	EPPIN	ENSG00000101448
14811.0	0.0002	HOXA6	ENSG00000106006
14811.0	0.0002	GPATCH3	ENSG00000198746
14811.0	0.0002	CRISPLD2	ENSG00000103196
14811.0	0.0002	INTS7	ENSG00000143493
14811.0	0.0002	EGFL8	ENSG00000241404
14811.0	0.0002	SLC38A8	ENSG00000166558
14811.0	0.0002	FAS	ENSG00000026103
14811.0	0.0002	VN1R17P	ENSG00000235818
14811.0	0.0002	ZDHHC5	ENSG00000156599
14811.0	0.0002	FAM53A	ENSG00000174137
14811.0	0.0002	PRAMEF1	ENSG00000116721
14811.0	0.0002	PRAMEF10	ENSG00000187545
14811.0	0.0002	PRAMEF11	ENSG00000204513
14811.0	0.0002	PRAMEF12	ENSG00000116726
14811.0	0.0002	PRAMEF13	ENSG00000204495
14811.0	0.0002	PRAMEF14	ENSG00000204481
14811.0	0.0002	PRAMEF15	ENSG00000157358
14811.0	0.0002	PRAMEF17	ENSG00000204479
14811.0	0.0002	PRAMEF18	ENSG00000204491
14811.0	0.0002	PRAMEF19	ENSG00000204480
14811.0	0.0002	PRAMEF2	ENSG00000120952
14811.0	0.0002	PRAMEF20	ENSG00000204478
14811.0	0.0002	PRAMEF25	ENSG00000204505
14811.0	0.0002	PRAMEF26	ENSG00000229571
14811.0	0.0002	PRAMEF4	ENSG00000243073
14811.0	0.0002	PRAMEF5	ENSG00000204502
14811.0	0.0002	PRAMEF6	ENSG00000232423
14811.0	0.0002	PRAMEF7	ENSG00000204510
14811.0	0.0002	PRAMEF8	ENSG00000182330
14811.0	0.0002	PRAMEF9	ENSG00000204501
14811.0	0.0002	SLF2	ENSG00000119906
14811.0	0.0002	EPDR1	ENSG00000086289
14811.0	0.0002	TMEM145	ENSG00000167619
14811.0	0.0002	FRMD5	ENSG00000171877
14811.0	0.0002	SSR1	ENSG00000124783
14811.0	0.0002	PCP4	ENSG00000183036
14811.0	0.0002	RNF14	ENSG00000013561
14811.0	0.0002	FKBP1C	ENSG00000198225
14811.0	0.0002	BCL2L11	ENSG00000153094
14811.0	0.0002	FMC1	ENSG00000164898
14811.0	0.0002	FMC1-LUC7L2	ENSG00000146963
14811.0	0.0002	P2RX2	ENSG00000187848
14811.0	0.0002	FSD2	ENSG00000186628
14811.0	0.0002	VRK2	ENSG00000028116
14811.0	0.0002	GJE1	ENSG00000203733
14811.0	0.0002	PRSS35	ENSG00000146250
14811.0	0.0002	TMEM225	ENSG00000204300
14811.0	0.0002	IVNS1ABP	ENSG00000116679
14811.0	0.0002	GJD4	ENSG00000177291
14811.0	0.0002	COBL	ENSG00000106078
14811.0	0.0002	SLC39A7	ENSG00000112473
14811.0	0.0002	TTLL3	ENSG00000214021
14811.0	0.0002	STRCP1	ENSG00000166763
14811.0	0.0002	CCAR2	ENSG00000158941
14811.0	0.0002	RING1	ENSG00000204227
14811.0	0.0002	ATXN3L	ENSG00000123594
14811.0	0.0002	CTNNBL1	ENSG00000132792
14811.0	0.0002	STEAP3	ENSG00000115107
14811.0	0.0002	TRIM61	ENSG00000183439
14811.0	0.0002	SLC25A25	ENSG00000148339
14811.0	0.0002	MBNL3	ENSG00000076770
14811.0	0.0002	CEACAM16	ENSG00000213892
14811.0	0.0002	C1QTNF9B	ENSG00000205863
14811.0	0.0002	LILRA3	ENSG00000170866
14811.0	0.0002	LILRA4	ENSG00000239961
14811.0	0.0002	LILRA5	ENSG00000187116
14811.0	0.0002	LILRB1	ENSG00000104972
14811.0	0.0002	LILRB3	ENSG00000204577
14811.0	0.0002	LILRB5	ENSG00000105609
14811.0	0.0002	PTPN13	ENSG00000163629
14811.0	0.0002	HACD3	ENSG00000074696
14811.0	0.0002	MEI4	ENSG00000269964
14811.0	0.0002	ADAMTSL3	ENSG00000156218
14811.0	0.0002	GRAMD2A	ENSG00000175318
14811.0	0.0002	FAM53B	ENSG00000189319
14811.0	0.0002	TMEM59L	ENSG00000105696
14811.0	0.0002	TPPP2	ENSG00000179636
14811.0	0.0002	TRARG1	ENSG00000184811
14811.0	0.0002	PCARE	ENSG00000179270
14811.0	0.0002	VSTM2A	ENSG00000170419
14811.0	0.0002	SPZ1	ENSG00000164299
14811.0	0.0002	CERKL	ENSG00000188452
14811.0	0.0002	RPGR	ENSG00000156313
14811.0	0.0002	INKA1	ENSG00000185614
14811.0	0.0002	TNFAIP8L1	ENSG00000185361
14811.0	0.0002	KIAA0825	ENSG00000185261
14811.0	0.0002	NLRP6	ENSG00000174885
14811.0	0.0002	ESYT1	ENSG00000139641
14811.0	0.0002	IGHM	ENSG00000211899
14811.0	0.0002	NSUN5	ENSG00000130305
14811.0	0.0002	NSUN5P1	ENSG00000223705
14811.0	0.0002	NSUN5P2	ENSG00000106133
14811.0	0.0002	MFRP	ENSG00000235718
14811.0	0.0002	ZSWIM8	ENSG00000214655
14811.0	0.0002	TMEM64	ENSG00000180694
14811.0	0.0002	TDRD7	ENSG00000196116
14811.0	0.0002	RNF148	ENSG00000235631
14811.0	0.0002	CRTAC1	ENSG00000095713
14811.0	0.0002	RADIL	ENSG00000157927
14811.0	0.0002	PRDM12	ENSG00000130711
14811.0	0.0002	AKR1C1	ENSG00000187134
14811.0	0.0002	AKR1C2	ENSG00000151632
14811.0	0.0002	AKR1C3	ENSG00000196139
14811.0	0.0002	AKR1C4	ENSG00000198610
14811.0	0.0002	PHACTR4	ENSG00000204138
14811.0	0.0002	CR1L	ENSG00000197721
14811.0	0.0002	KIRREL2	ENSG00000126259
14811.0	0.0002	SOWAHA	ENSG00000198944
14811.0	0.0002	IL36RN	ENSG00000136695
14811.0	0.0002	S100A3	ENSG00000188015
14811.0	0.0002	KIAA1217	ENSG00000120549
14811.0	0.0002	IMPG2	ENSG00000081148
14811.0	0.0002	DENND5B	ENSG00000170456
14811.0	0.0002	ADAMDEC1	ENSG00000134028
14811.0	0.0002	B3GNT6	ENSG00000198488
14811.0	0.0002	GPR35	ENSG00000178623
14811.0	0.0002	RNF20	ENSG00000155827
14811.0	0.0002	PDCD7	ENSG00000090470
14811.0	0.0002	ANKRD26	ENSG00000107890
14811.0	0.0002	PNLIPRP1	ENSG00000187021
14811.0	0.0002	FOXO6	ENSG00000204060
14811.0	0.0002	DNER	ENSG00000187957
14811.0	0.0002	DNASE1L3	ENSG00000163687
14811.0	0.0002	MTUS1	ENSG00000129422
14811.0	0.0002	GP6	ENSG00000088053
14811.0	0.0002	HMBOX1	ENSG00000147421
14811.0	0.0002	RPS9	ENSG00000170889
14811.0	0.0002	ECSCR	ENSG00000249751
14811.0	0.0002	VAV2	ENSG00000160293
14811.0	0.0002	BRD9	ENSG00000028310
14811.0	0.0002	CCNDBP1	ENSG00000166946
14811.0	0.0002	JPH1	ENSG00000104369
14811.0	0.0002	SLC52A2	ENSG00000185803
14811.0	0.0002	CCDC83	ENSG00000150676
14811.0	0.0002	FLRT2	ENSG00000185070
14811.0	0.0002	KIF13A	ENSG00000137177
14811.0	0.0002	PGBD5	ENSG00000177614
14811.0	0.0002	LHFPL6	ENSG00000183722
14811.0	0.0002	SETX	ENSG00000107290
14811.0	0.0002	C1QTNF5	ENSG00000223953
14811.0	0.0002	TMEM135	ENSG00000166575
14811.0	0.0002	LAMP5	ENSG00000125869
14811.0	0.0002	TMEM178A	ENSG00000152154
14811.0	0.0002	TRIM31	ENSG00000204616
14811.0	0.0002	MAMSTR	ENSG00000176909
14811.0	0.0002	MLX	ENSG00000108788
14811.0	0.0002	ZC3H12B	ENSG00000102053
14811.0	0.0002	CCDC25	ENSG00000147419
14811.0	0.0002	RBM20	ENSG00000203867
14811.0	0.0002	GJA10	ENSG00000135355
14811.0	0.0002	CUTA	ENSG00000112514
14811.0	0.0002	MORC4	ENSG00000133131
14811.0	0.0002	PVRIG	ENSG00000213413
14811.0	0.0002	RTL5	ENSG00000242732
14811.0	0.0002	TMC7	ENSG00000170537
14811.0	0.0002	TPRG1	ENSG00000188001
14811.0	0.0002	NDRG2	ENSG00000165795
14811.0	0.0002	ERMN	ENSG00000136541
14811.0	0.0002	FAM161A	ENSG00000170264
14811.0	0.0002	SGK1	ENSG00000118515
14811.0	0.0002	CCDC186	ENSG00000165813
14811.0	0.0002	LDAF1	ENSG00000011638
14811.0	0.0002	ALKAL2	ENSG00000189292
14811.0	0.0002	CRYBA2	ENSG00000163499
14811.0	0.0002	AKR1B15	ENSG00000227471
14811.0	0.0002	TMUB2	ENSG00000168591
14811.0	0.0002	PRSS21	ENSG00000007038
14811.0	0.0002	MS4A4E	ENSG00000214787
14811.0	0.0002	CLCN6	ENSG00000011021
14811.0	0.0002	TIMM23B	ENSG00000204152
14811.0	0.0002	IGFLR1	ENSG00000126246
14811.0	0.0002	PARG	ENSG00000227345
14811.0	0.0002	PLA2G4B	ENSG00000243708
14811.0	0.0002	CCDC66	ENSG00000180376
14811.0	0.0002	PLEKHA5	ENSG00000052126
14811.0	0.0002	BCL2L2-PABPN1	ENSG00000258643
14811.0	0.0002	OPTN	ENSG00000123240
14811.0	0.0002	ANKRD13A	ENSG00000076513
14811.0	0.0002	MLIP	ENSG00000146147
14811.0	0.0002	RP1L1	ENSG00000183638
14811.0	0.0002	SFMBT2	ENSG00000198879
14811.0	0.0002	RNASE11	ENSG00000173464
14811.0	0.0002	NCF1B	ENSG00000182487
14811.0	0.0002	NCF1C	ENSG00000165178
14811.0	0.0002	SRRT	ENSG00000087087
14811.0	0.0002	SERPINC1	ENSG00000117601
14811.0	0.0002	ATP2B3	ENSG00000067842
14811.0	0.0002	EPM2AIP1	ENSG00000178567
14811.0	0.0002	ZNF212	ENSG00000170260
14811.0	0.0002	RNF111	ENSG00000157450
14811.0	0.0002	RDH13	ENSG00000160439
14811.0	0.0002	ENHO	ENSG00000168913
14811.0	0.0002	AMACR	ENSG00000242110
14811.0	0.0002	CT55	ENSG00000169551
14811.0	0.0002	PAQR9	ENSG00000188582
14811.0	0.0002	RHBDD1	ENSG00000144468
14811.0	0.0002	TVP23C-CDRT4	ENSG00000259024
14811.0	0.0002	PRCD	ENSG00000214140
14811.0	0.0002	MPZL2	ENSG00000149573
14811.0	0.0002	NALF1	ENSG00000204442
14811.0	0.0002	SLC7A2	ENSG00000003989
14811.0	0.0002	TNNI1	ENSG00000159173
14811.0	0.0002	TRIM5	ENSG00000132256
14811.0	0.0002	KGD4	ENSG00000134056
14811.0	0.0002	VPS26C	ENSG00000157538
14811.0	0.0002	VRTN	ENSG00000133980
14811.0	0.0002	DPP8	ENSG00000074603
14811.0	0.0002	ARL5C	ENSG00000141748
14811.0	0.0002	LRRCC1	ENSG00000133739
14811.0	0.0002	TMEM63C	ENSG00000165548
14811.0	0.0002	KANSL1L	ENSG00000144445
14811.0	0.0002	TAAR8	ENSG00000146385
14811.0	0.0002	BECN2	ENSG00000196289
14811.0	0.0002	C11orf86	ENSG00000173237
14811.0	0.0002	PON3	ENSG00000105852
14811.0	0.0002	WDR13	ENSG00000101940
14811.0	0.0002	AIDA	ENSG00000186063
14811.0	0.0002	TMEM175	ENSG00000127419
14811.0	0.0002	ZFHX2	ENSG00000136367
14811.0	0.0002	RBP3	ENSG00000107618
14811.0	0.0002	PCYOX1L	ENSG00000145882
14811.0	0.0002	DEFB131A	ENSG00000186146
14811.0	0.0002	FAM227B	ENSG00000166262
14811.0	0.0002	ZFAT	ENSG00000066827
14811.0	0.0002	SLC52A1	ENSG00000132517
14811.0	0.0002	LHFPL2	ENSG00000145685
14811.0	0.0002	SLC44A3	ENSG00000143036
14811.0	0.0002	BCL9	ENSG00000116128
14811.0	0.0002	MALRD1	ENSG00000204740
14811.0	0.0002	KLHL5	ENSG00000109790
14811.0	0.0002	DAPL1	ENSG00000163331
14811.0	0.0002	TRIM55	ENSG00000147573
14811.0	0.0002	TATDN1	ENSG00000147687
14811.0	0.0002	PKIG	ENSG00000168734
14811.0	0.0002	KLF8	ENSG00000102349
14811.0	0.0002	ELFN1	ENSG00000225968
14811.0	0.0002	NT5C3A	ENSG00000122643
15555.0	0.0001	DBX1	ENSG00000109851
15555.0	0.0001	TM4SF20	ENSG00000168955
15555.0	0.0001	SOWAHB	ENSG00000186212
15555.0	0.0001	GPR12	ENSG00000132975
15555.0	0.0001	PLEKHN1	ENSG00000187583
15555.0	0.0001	SPATA22	ENSG00000141255
15555.0	0.0001	THSD7A	ENSG00000005108
15555.0	0.0001	PRKAB2	ENSG00000131791
15555.0	0.0001	PRRC1	ENSG00000164244
15555.0	0.0001	GRAMD1B	ENSG00000023171
15555.0	0.0001	LYPLAL1	ENSG00000143353
15555.0	0.0001	NKAPD1	ENSG00000150776
15555.0	0.0001	GDPD3	ENSG00000102886
15555.0	0.0001	HDAC7	ENSG00000061273
15555.0	0.0001	NHSL2	ENSG00000204131
15555.0	0.0001	GJB5	ENSG00000189280
15555.0	0.0001	FAM120A	ENSG00000048828
15555.0	0.0001	RAB5IF	ENSG00000101084
15555.0	0.0001	FABP5P3	ENSG00000241735
15555.0	0.0001	SAA3P	ENSG00000166787
15555.0	0.0001	ZNF160	ENSG00000170949
15555.0	0.0001	ZNF347	ENSG00000197937
15555.0	0.0001	ZNF616	ENSG00000204611
15555.0	0.0001	ZNF665	ENSG00000197497
15555.0	0.0001	SMURF2	ENSG00000108854
15555.0	0.0001	JMJD4	ENSG00000081692
15555.0	0.0001	CHCHD2P9	ENSG00000186940
15555.0	0.0001	MTAP	ENSG00000099810
15555.0	0.0001	RIMOC1	ENSG00000205765
15555.0	0.0001	BICRAL	ENSG00000112624
15555.0	0.0001	CPA1	ENSG00000091704
15555.0	0.0001	DDX27	ENSG00000124228
15555.0	0.0001	RPS18	ENSG00000231500
15555.0	0.0001	BTBD3	ENSG00000132640
15555.0	0.0001	BORCS5	ENSG00000165714
15555.0	0.0001	C20orf144	ENSG00000149609
15555.0	0.0001	CEP295	ENSG00000166004
15555.0	0.0001	DDX31	ENSG00000125485
15555.0	0.0001	FLYWCH1	ENSG00000059122
15555.0	0.0001	KCTD3	ENSG00000136636
15555.0	0.0001	MAPKAP1	ENSG00000119487
15555.0	0.0001	OSER1	ENSG00000132823
15555.0	0.0001	RBM48	ENSG00000127993
15555.0	0.0001	TEDC1	ENSG00000185347
15555.0	0.0001	TM2D1	ENSG00000162604
15555.0	0.0001	TMEM100	ENSG00000166292
15555.0	0.0001	WDR91	ENSG00000105875
15555.0	0.0001	ZNF609	ENSG00000180357
15555.0	0.0001	KIAA0319L	ENSG00000142687
15555.0	0.0001	INPP5B	ENSG00000204084
15555.0	0.0001	CELA2A	ENSG00000142615
15555.0	0.0001	CELA2B	ENSG00000215704
15555.0	0.0001	RRBP1	ENSG00000125844
15555.0	0.0001	MRGPRX2	ENSG00000183695
15555.0	0.0001	USP17L1	ENSG00000230549
15555.0	0.0001	USP17L10	ENSG00000231396
15555.0	0.0001	USP17L11	ENSG00000233136
15555.0	0.0001	USP17L12	ENSG00000227551
15555.0	0.0001	USP17L13	ENSG00000232399
15555.0	0.0001	USP17L15	ENSG00000223569
15555.0	0.0001	USP17L17	ENSG00000249104
15555.0	0.0001	USP17L18	ENSG00000250844
15555.0	0.0001	USP17L19	ENSG00000248920
15555.0	0.0001	USP17L20	ENSG00000250745
15555.0	0.0001	USP17L21	ENSG00000249811
15555.0	0.0001	USP17L23	ENSG00000250913
15555.0	0.0001	USP17L3	ENSG00000225327
15555.0	0.0001	USP17L4	ENSG00000236125
15555.0	0.0001	USP17L5	ENSG00000227140
15555.0	0.0001	USP17L6P	ENSG00000205946
15555.0	0.0001	USP17L7	ENSG00000226430
15555.0	0.0001	USP17L8	ENSG00000237038
15555.0	0.0001	UOX	ENSG00000240520
15555.0	0.0001	WDR48	ENSG00000114742
15555.0	0.0001	FAM170A	ENSG00000164334
15555.0	0.0001	CATSPERZ	ENSG00000219435
15555.0	0.0001	RGP1	ENSG00000107185
15555.0	0.0001	PRAMEF22	ENSG00000204508
15555.0	0.0001	KRT76	ENSG00000185069
15555.0	0.0001	PLAT	ENSG00000104368
15555.0	0.0001	ZBTB48	ENSG00000204859
15555.0	0.0001	AADAC	ENSG00000114771
15555.0	0.0001	GRM8	ENSG00000179603
15555.0	0.0001	HLA-DOA	ENSG00000204252
15555.0	0.0001	NSD3	ENSG00000147548
15555.0	0.0001	TRIM39	ENSG00000204599
15555.0	0.0001	TMEM132B	ENSG00000139364
15555.0	0.0001	FGD5	ENSG00000154783
15555.0	0.0001	RAB3IP	ENSG00000127328
15555.0	0.0001	ABCG1	ENSG00000160179
15555.0	0.0001	ZNF341	ENSG00000131061
15555.0	0.0001	OSTF1	ENSG00000134996
15555.0	0.0001	DIS3	ENSG00000083520
15555.0	0.0001	IER5L	ENSG00000188483
15555.0	0.0001	CD46	ENSG00000117335
15555.0	0.0001	CRTC1	ENSG00000105662
15555.0	0.0001	FOXO3B	ENSG00000240445
15555.0	0.0001	GNGT1	ENSG00000127928
15555.0	0.0001	ABHD17B	ENSG00000107362
15555.0	0.0001	ASCC1	ENSG00000138303
15555.0	0.0001	FAM135A	ENSG00000082269
15555.0	0.0001	RNF44	ENSG00000146083
15555.0	0.0001	ABHD13	ENSG00000139826
15555.0	0.0001	OR1E3	ENSG00000142163
15555.0	0.0001	PHF14	ENSG00000106443
15555.0	0.0001	GTPBP10	ENSG00000105793
15555.0	0.0001	BTBD18	ENSG00000233436
15555.0	0.0001	GAS2L3	ENSG00000139354
15555.0	0.0001	ZNF236	ENSG00000130856
15555.0	0.0001	TMCO6	ENSG00000113119
15555.0	0.0001	KLHDC7B	ENSG00000130487
15555.0	0.0001	VKORC1L1	ENSG00000196715
15555.0	0.0001	NIBAN1	ENSG00000135842
15555.0	0.0001	TMEM132E	ENSG00000181291
15555.0	0.0001	ARID4B	ENSG00000054267
15555.0	0.0001	IRGC	ENSG00000124449
15555.0	0.0001	RBM11	ENSG00000185272
15555.0	0.0001	FARP1	ENSG00000152767
15555.0	0.0001	NT5DC1	ENSG00000178425
15555.0	0.0001	WRNIP1	ENSG00000124535
15555.0	0.0001	EPHA7	ENSG00000135333
15555.0	0.0001	TSPAN13	ENSG00000106537
15555.0	0.0001	RPEL1	ENSG00000235376
15555.0	0.0001	ADGRF2P	ENSG00000164393
15555.0	0.0001	MILR1	ENSG00000271605
15555.0	0.0001	CFAP47	ENSG00000176034
15555.0	0.0001	XKR4	ENSG00000206579
15555.0	0.0001	FAM83D	ENSG00000101447
15555.0	0.0001	CPA6	ENSG00000165078
15555.0	0.0001	ADIG	ENSG00000182035
15555.0	0.0001	CAMKK2	ENSG00000110931
15555.0	0.0001	FHIP2B	ENSG00000158863
15555.0	0.0001	KNG1	ENSG00000113889
15555.0	0.0001	LCN2	ENSG00000148346
15555.0	0.0001	LETMD1	ENSG00000050426
15555.0	0.0001	MFSD2B	ENSG00000205639
15555.0	0.0001	PPP1R3G	ENSG00000219607
15555.0	0.0001	PRSS53	ENSG00000151006
15555.0	0.0001	RP11-986E7.7	ENSG00000273259
15555.0	0.0001	RTBDN	ENSG00000132026
15555.0	0.0001	SERPINA3	ENSG00000196136
15555.0	0.0001	GDF2	ENSG00000128802
15555.0	0.0001	RUNDC3B	ENSG00000105784
15555.0	0.0001	COA8	ENSG00000256053
15555.0	0.0001	BOLA1	ENSG00000178096
15555.0	0.0001	SLC25A30	ENSG00000174032
15555.0	0.0001	TMEM51	ENSG00000171729
15555.0	0.0001	TMEM240	ENSG00000205090
15555.0	0.0001	PTCHD1	ENSG00000165186
15555.0	0.0001	AIF1L	ENSG00000126878
15555.0	0.0001	ADAM32	ENSG00000197140
15555.0	0.0001	EYA2	ENSG00000064655
15555.0	0.0001	MYNN	ENSG00000085274
15555.0	0.0001	GINM1	ENSG00000055211
15555.0	0.0001	SLFN14	ENSG00000236320
15555.0	0.0001	AASDH	ENSG00000157426
15555.0	0.0001	PSD3	ENSG00000156011
15555.0	0.0001	MAPKAPK2	ENSG00000162889
15555.0	0.0001	ZNF22	ENSG00000165512
15555.0	0.0001	MIGA1	ENSG00000180488
15555.0	0.0001	ATL3	ENSG00000184743
15555.0	0.0001	IDH3B	ENSG00000101365
15555.0	0.0001	FADS6	ENSG00000172782
15555.0	0.0001	MSH5	ENSG00000204410
15555.0	0.0001	EEF1AKMT2	ENSG00000203791
15555.0	0.0001	ABHD3	ENSG00000158201
15555.0	0.0001	GLYCAM1	ENSG00000257780
15555.0	0.0001	VOPP1	ENSG00000154978
15555.0	0.0001	PRSS1	ENSG00000204983
15555.0	0.0001	IL1RL2	ENSG00000115598
15555.0	0.0001	PCDHB5	ENSG00000113209
15555.0	0.0001	PDE4DIP	ENSG00000178104
15555.0	0.0001	IFI27L2	ENSG00000119632
15555.0	0.0001	AMIGO2	ENSG00000139211
15555.0	0.0001	C8orf44-SGK3	ENSG00000270024
15555.0	0.0001	C21orf91	ENSG00000154642
15555.0	0.0001	TUT7	ENSG00000083223
15555.0	0.0001	GCOM1	ENSG00000137878
15555.0	0.0001	MYZAP	ENSG00000263155
15555.0	0.0001	POLR2M	ENSG00000255529
15555.0	0.0001	OPLAH	ENSG00000178814
15555.0	0.0001	PALD1	ENSG00000107719
15555.0	0.0001	INTS6L	ENSG00000165359
15555.0	0.0001	CATIP	ENSG00000158428
15555.0	0.0001	RIPPLY1	ENSG00000147223
15555.0	0.0001	CYRIB	ENSG00000153310
15555.0	0.0001	KRT80	ENSG00000167767
15555.0	0.0001	DIO1	ENSG00000211452
15555.0	0.0001	RNASE1	ENSG00000129538
15555.0	0.0001	TTC9	ENSG00000133985
15555.0	0.0001	FAM120B	ENSG00000112584
15555.0	0.0001	CLVS1	ENSG00000177182
15555.0	0.0001	HLA-DRB5	ENSG00000198502
15555.0	0.0001	ZC2HC1A	ENSG00000104427
15555.0	0.0001	CYB561A3	ENSG00000162144
15555.0	0.0001	EID2B	ENSG00000176401
15555.0	0.0001	MSANTD2	ENSG00000120458
15555.0	0.0001	ZNF329	ENSG00000181894
15555.0	0.0001	ATG9B	ENSG00000181652
15555.0	0.0001	GSG1L	ENSG00000169181
15555.0	0.0001	LIAT1	ENSG00000187624
15555.0	0.0001	EFR3B	ENSG00000084710
15555.0	0.0001	SHISA7	ENSG00000187902
15555.0	0.0001	FICD	ENSG00000198855
15555.0	0.0001	DCBLD2	ENSG00000057019
15555.0	0.0001	NAALADL2	ENSG00000177694
15555.0	0.0001	EMILIN3	ENSG00000183798
15555.0	0.0001	FHIP2A	ENSG00000151553
15555.0	0.0001	FNDC9	ENSG00000172568
15555.0	0.0001	DPY19L1	ENSG00000173852
15555.0	0.0001	PLAC9	ENSG00000189129
15555.0	0.0001	ASB5	ENSG00000164122
15555.0	0.0001	DCDC2C	ENSG00000214866
15555.0	0.0001	KRT27	ENSG00000171446
15555.0	0.0001	AKR7L	ENSG00000211454
15555.0	0.0001	C5orf47	ENSG00000185056
15555.0	0.0001	DIPK2B	ENSG00000147113
15555.0	0.0001	SLC37A2	ENSG00000134955
15555.0	0.0001	PTPRU	ENSG00000060656
15555.0	0.0001	TAFA1	ENSG00000183662
15555.0	0.0001	ZNF334	ENSG00000198185
15555.0	0.0001	PSG1	ENSG00000231924
15555.0	0.0001	PSG3	ENSG00000221826
15555.0	0.0001	PSG6	ENSG00000170848
15555.0	0.0001	PSG7	ENSG00000221878
15555.0	0.0001	PSG8	ENSG00000124467
15555.0	0.0001	ANO8	ENSG00000074855
15555.0	0.0001	CA14	ENSG00000118298
15555.0	0.0001	RHCE	ENSG00000188672
15555.0	0.0001	STOX1	ENSG00000165730
15555.0	0.0001	ZFP57	ENSG00000204644
15555.0	0.0001	AIRIM	ENSG00000116922
15555.0	0.0001	ERICH3	ENSG00000178965
15555.0	0.0001	ZNF490	ENSG00000188033
15555.0	0.0001	ZNF708	ENSG00000182141
15555.0	0.0001	ZNF716	ENSG00000182111
15555.0	0.0001	ARL17A	ENSG00000185829
15555.0	0.0001	ARL17B	ENSG00000228696
15555.0	0.0001	HILPDA	ENSG00000135245
15555.0	0.0001	APTX	ENSG00000137074
15555.0	0.0001	ZBTB12	ENSG00000204366
15555.0	0.0001	SEZ6	ENSG00000063015
15555.0	0.0001	TMEM72	ENSG00000187783
15555.0	0.0001	RNF152	ENSG00000176641
15555.0	0.0001	KIAA1143	ENSG00000163807
15555.0	0.0001	HSBP1L1	ENSG00000226742
15555.0	0.0001	RIC8A	ENSG00000177963
15555.0	0.0001	ADGRL3	ENSG00000150471
15555.0	0.0001	PRPF31	ENSG00000105618
15555.0	0.0001	OR9G4	ENSG00000172457
15555.0	0.0001	SAMD7	ENSG00000187033
15555.0	0.0001	SPPL2A	ENSG00000138600
15555.0	0.0001	YDJC	ENSG00000161179
15555.0	0.0001	BLTP2	ENSG00000007202
15555.0	0.0001	RPS6KA1	ENSG00000117676
15555.0	0.0001	GAREM2	ENSG00000157833
15555.0	0.0001	C2orf74	ENSG00000237651
15555.0	0.0001	ZSCAN2	ENSG00000176371
15555.0	0.0001	CFAP298	ENSG00000159079
15555.0	0.0001	MAP7	ENSG00000135525
15555.0	0.0001	DRAM2	ENSG00000156171
15555.0	0.0001	MPIG6B	ENSG00000204420
15555.0	0.0001	ADAM15	ENSG00000143537
15555.0	0.0001	ELK3	ENSG00000111145
15555.0	0.0001	SLC27A3	ENSG00000143554
15555.0	0.0001	TAFA3	ENSG00000184599
15555.0	0.0001	PRR5-ARHGAP8	ENSG00000248405
15555.0	0.0001	RNPEPL1	ENSG00000142327
15555.0	0.0001	TOR1AIP1	ENSG00000143337
15555.0	0.0001	HNRNPCL2	ENSG00000179412
15555.0	0.0001	PAOX	ENSG00000148832
15555.0	0.0001	EPCIP	ENSG00000205929
15555.0	0.0001	SH2D5	ENSG00000189410
15555.0	0.0001	SKIDA1	ENSG00000180592
15555.0	0.0001	GPR75	ENSG00000119737
15555.0	0.0001	C3orf70	ENSG00000187068
15555.0	0.0001	EGFLAM	ENSG00000164318
15555.0	0.0001	CEP128	ENSG00000100629
15555.0	0.0001	C3orf20	ENSG00000131379
15555.0	0.0001	FRMD3	ENSG00000172159
15555.0	0.0001	TMEM150B	ENSG00000180061
15555.0	0.0001	QRICH2	ENSG00000129646
15555.0	0.0001	NHSL1	ENSG00000135540
15555.0	0.0001	DIP2C	ENSG00000151240
15555.0	0.0001	MTMR11	ENSG00000014914
15555.0	0.0001	PAN3	ENSG00000152520
15555.0	0.0001	RNASE6	ENSG00000169413
15555.0	0.0001	TRIM16	ENSG00000221926
15555.0	0.0001	TRIM16L	ENSG00000108448
15555.0	0.0001	LMCD1	ENSG00000071282
15555.0	0.0001	MCM8	ENSG00000125885
15555.0	0.0001	ZPLD1	ENSG00000170044
15555.0	0.0001	CYRIA	ENSG00000197872
15555.0	0.0001	ATAD3C	ENSG00000215915
15555.0	0.0001	C3orf62	ENSG00000188315
15555.0	0.0001	NLRP2	ENSG00000022556
15555.0	0.0001	NLRP7	ENSG00000167634
15555.0	0.0001	NXNL2	ENSG00000130045
15555.0	0.0001	PUDP	ENSG00000130021
15555.0	0.0001	IQCA1	ENSG00000132321
15555.0	0.0001	TTC17	ENSG00000052841
15555.0	0.0001	FAM3D	ENSG00000198643
15555.0	0.0001	CCDC103	ENSG00000167131
15555.0	0.0001	EEPD1	ENSG00000122547
15555.0	0.0001	BRI3	ENSG00000164713
15555.0	0.0001	MRPS35	ENSG00000061794
15555.0	0.0001	THNSL2	ENSG00000144115
15555.0	0.0001	RNF123	ENSG00000164068
15555.0	0.0001	JAKMIP2	ENSG00000176049
15555.0	0.0001	MYOM3	ENSG00000142661
15555.0	0.0001	NPNT	ENSG00000168743
15555.0	0.0001	ODF2L	ENSG00000122417
15555.0	0.0001	TMPRSS13	ENSG00000137747
15555.0	0.0001	TNS2	ENSG00000111077
15555.0	0.0001	CCDC28A	ENSG00000024862
15555.0	0.0001	APMAP	ENSG00000101474
15555.0	0.0001	C1orf222	ENSG00000142609
15555.0	0.0001	CFAP300	ENSG00000137691
15555.0	0.0001	DNAH1	ENSG00000114841
15555.0	0.0001	NEK10	ENSG00000163491
15555.0	0.0001	RNF169	ENSG00000166439
15555.0	0.0001	FITM2	ENSG00000197296
15555.0	0.0001	SEZ6L2	ENSG00000174938
15555.0	0.0001	DIPK1C	ENSG00000187773
15555.0	0.0001	CRYGB	ENSG00000182187
15555.0	0.0001	OTOGL	ENSG00000165899
15555.0	0.0001	AVPR1B	ENSG00000198049
15555.0	0.0001	RSAD1	ENSG00000136444
15555.0	0.0001	ERMP1	ENSG00000099219
15555.0	0.0001	ENSA	ENSG00000143420
15555.0	0.0001	RBMS3	ENSG00000144642
15555.0	0.0001	KIAA1671	ENSG00000197077
15555.0	0.0001	C2CD2L	ENSG00000172375
15555.0	0.0001	ATG4A	ENSG00000101844
15555.0	0.0001	CTNND1	ENSG00000198561
15555.0	0.0001	TBC1D8	ENSG00000204634
15555.0	0.0001	RNF138	ENSG00000134758
15555.0	0.0001	RAB11FIP3	ENSG00000090565
15555.0	0.0001	MUC5AC	ENSG00000215182
15555.0	0.0001	XK	ENSG00000047597
15555.0	0.0001	EML2	ENSG00000125746
15555.0	0.0001	ADAM7	ENSG00000069206
15555.0	0.0001	C1orf21	ENSG00000116667
15555.0	0.0001	FOXD4L3	ENSG00000187559
15555.0	0.0001	PTCHD3	ENSG00000182077
15555.0	0.0001	TCAF2	ENSG00000170379
15555.0	0.0001	ZNF852	ENSG00000178917
15555.0	0.0001	STARD9	ENSG00000159433
15555.0	0.0001	RBM25	ENSG00000119707
15555.0	0.0001	ADTRP	ENSG00000111863
15555.0	0.0001	PRXL2A	ENSG00000122378
15555.0	0.0001	RP11-244H3.4	ENSG00000271741
15555.0	0.0001	ZMYM6	ENSG00000163867
15555.0	0.0001	DEPDC1	ENSG00000024526
15555.0	0.0001	TASOR	ENSG00000163946
15555.0	0.0001	PGC	ENSG00000096088
15555.0	0.0001	ADGRF1	ENSG00000153292
15555.0	0.0001	BORCS7	ENSG00000166275
15555.0	0.0001	TTC36	ENSG00000172425
15555.0	0.0001	TTC39C	ENSG00000168234
15555.0	0.0001	C9orf47	ENSG00000186354
15555.0	0.0001	C1QL1	ENSG00000131094
15555.0	0.0001	ANKRD24	ENSG00000089847
15555.0	0.0001	CCDC117	ENSG00000159873
15555.0	0.0001	DENND6B	ENSG00000205593
15555.0	0.0001	PCP4L1	ENSG00000248485
15555.0	0.0001	PLSCR5	ENSG00000231213
15555.0	0.0001	AGBL5	ENSG00000084693
15555.0	0.0001	OPN1MW2	ENSG00000166160
15555.0	0.0001	C21orf58	ENSG00000160298
15555.0	0.0001	CFAP161	ENSG00000156206
15555.0	0.0001	CCSAP	ENSG00000154429
15555.0	0.0001	SHISAL1	ENSG00000138944
15555.0	0.0001	KRT13	ENSG00000171401
15555.0	0.0001	INKA2	ENSG00000197852
15555.0	0.0001	MX1	ENSG00000157601
15555.0	0.0001	PTPRT	ENSG00000196090
15555.0	0.0001	PCNX4	ENSG00000126773
15555.0	0.0001	MRNIP	ENSG00000161010
15555.0	0.0001	TGM5	ENSG00000104055
15555.0	0.0001	C8orf58	ENSG00000241852
15555.0	0.0001	CCDC181	ENSG00000117477
15555.0	0.0001	CLPSL2	ENSG00000196748
15555.0	0.0001	MTCL2	ENSG00000149639
15555.0	0.0001	ZNF580	ENSG00000213015
15555.0	0.0001	M1AP	ENSG00000159374
15555.0	0.0001	SHOC1	ENSG00000165181
15555.0	0.0001	SBK1	ENSG00000188322
15555.0	0.0001	ADGRD1	ENSG00000111452
15555.0	0.0001	BABAM2	ENSG00000158019
15555.0	0.0001	C14orf39	ENSG00000179008
15555.0	0.0001	C19orf44	ENSG00000105072
15555.0	0.0001	C1orf174	ENSG00000198912
15555.0	0.0001	GRIK1-AS2	ENSG00000183653
15555.0	0.0001	MTURN	ENSG00000180354
15555.0	0.0001	OSBPL3	ENSG00000070882
15555.0	0.0001	PCNX2	ENSG00000135749
15555.0	0.0001	RABL6	ENSG00000196642
15555.0	0.0001	RWDD2A	ENSG00000013392
15555.0	0.0001	SNAP47	ENSG00000143740
15555.0	0.0001	TBC1D16	ENSG00000167291
15555.0	0.0001	TEX261	ENSG00000144043
15555.0	0.0001	TEX38	ENSG00000186118
15555.0	0.0001	TMEM42	ENSG00000169964
15555.0	0.0001	ZBTB45	ENSG00000119574
15555.0	0.0001	ZC3H12C	ENSG00000149289
15555.0	0.0001	ZNF767P	ENSG00000133624
15555.0	0.0001	EFHD1	ENSG00000115468
15555.0	0.0001	ZNF827	ENSG00000151612
15555.0	0.0001	BTBD10	ENSG00000148925
15555.0	0.0001	PNLDC1	ENSG00000146453
15555.0	0.0001	FAM117B	ENSG00000138439
15555.0	0.0001	ZNF629	ENSG00000102870
15555.0	0.0001	NUDT13	ENSG00000166321
15555.0	0.0001	FERD3L	ENSG00000146618
15555.0	0.0001	PMS2P1	ENSG00000078319
15555.0	0.0001	PMS2P2	ENSG00000174368
15555.0	0.0001	FERRY3	ENSG00000047621
15555.0	0.0001	CD300LG	ENSG00000161649
15555.0	0.0001	PARP12	ENSG00000059378
15555.0	0.0001	FAM216A	ENSG00000204856
15555.0	0.0001	RNF157	ENSG00000141576
15555.0	0.0001	ZNF182	ENSG00000147118
15555.0	0.0001	KRT33A	ENSG00000006059
15555.0	0.0001	KRT33B	ENSG00000131738
15555.0	0.0001	MEIOB	ENSG00000162039
15555.0	0.0001	TMEM45A	ENSG00000181458
15555.0	0.0001	LURAP1	ENSG00000171357
15555.0	0.0001	HECTD2	ENSG00000165338
15555.0	0.0001	CCDC169-SOHLH2	ENSG00000250709
15555.0	0.0001	CYCTP	ENSG00000249909
15555.0	0.0001	VAV3	ENSG00000134215
15555.0	0.0001	HIGD1C	ENSG00000214511
15555.0	0.0001	HAPLN4	ENSG00000187664
15555.0	0.0001	EQTN	ENSG00000120160
15555.0	0.0001	SRCIN1	ENSG00000017373
15555.0	0.0001	AGBL1	ENSG00000166748
15555.0	0.0001	C11orf54	ENSG00000182919
15555.0	0.0001	NEK5	ENSG00000197168
15555.0	0.0001	NFYC	ENSG00000066136
15555.0	0.0001	SF1	ENSG00000168066
15555.0	0.0001	PWWP3A	ENSG00000160953
15555.0	0.0001	ADGRL2	ENSG00000117114
15555.0	0.0001	ASCC2	ENSG00000100325
15555.0	0.0001	CCDC93	ENSG00000125633
15555.0	0.0001	CFAP20DC	ENSG00000163689
15555.0	0.0001	GSDMD	ENSG00000104518
15555.0	0.0001	LY6G6D	ENSG00000244355
15555.0	0.0001	TEKT1	ENSG00000167858
15555.0	0.0001	TRIM10	ENSG00000204613
15555.0	0.0001	ENO4	ENSG00000188316
15555.0	0.0001	CCDC157	ENSG00000187860
15555.0	0.0001	TESMIN	ENSG00000132749
15555.0	0.0001	FIGNL1	ENSG00000132436
15555.0	0.0001	GFY	ENSG00000261949
15555.0	0.0001	CD300LD	ENSG00000204345
15555.0	0.0001	KLF17	ENSG00000171872
15555.0	0.0001	DAND5	ENSG00000179284
15555.0	0.0001	FAM229B	ENSG00000203778
15555.0	0.0001	ZC3HAV1L	ENSG00000146858
15555.0	0.0001	PPP1R10	ENSG00000204569
15555.0	0.0001	LMAN1	ENSG00000074695
15555.0	0.0001	PRSS55	ENSG00000184647
15555.0	0.0001	HAPLN2	ENSG00000132702
15555.0	0.0001	NXF5	ENSG00000126952
15555.0	0.0001	CASKIN2	ENSG00000177303
15555.0	0.0001	MOV10L1	ENSG00000073146
15555.0	0.0001	TMPRSS12	ENSG00000186452
15555.0	0.0001	RBM4B	ENSG00000173914
15555.0	0.0001	ARRB2	ENSG00000141480
15555.0	0.0001	AAGAB	ENSG00000103591
15555.0	0.0001	COL14A1	ENSG00000187955
15555.0	0.0001	ELFN2	ENSG00000166897
15555.0	0.0001	GCNA	ENSG00000147174
15555.0	0.0001	CCDC160	ENSG00000203952
15555.0	0.0001	PUM3	ENSG00000080608
15555.0	0.0001	DAZ2	ENSG00000205944
15555.0	0.0001	DAZ3	ENSG00000187191
15555.0	0.0001	FBXO36	ENSG00000153832
15555.0	0.0001	PHF13	ENSG00000116273
15555.0	0.0001	DZANK1	ENSG00000089091
15555.0	0.0001	LINC01590	ENSG00000203871
15555.0	0.0001	SMIM8	ENSG00000111850
15555.0	0.0001	RNF170	ENSG00000120925
15555.0	0.0001	RBM5	ENSG00000003756
15555.0	0.0001	AGFG1	ENSG00000173744
15555.0	0.0001	BCO2	ENSG00000197580
15555.0	0.0001	TMEM249	ENSG00000214597
15555.0	0.0001	FER1L5	ENSG00000249715
15555.0	0.0001	CD164	ENSG00000135535
15555.0	0.0001	CDKL1	ENSG00000100490
15555.0	0.0001	DYNLT5	ENSG00000152760
15555.0	0.0001	PAM	ENSG00000145730
15555.0	0.0001	PPM1K	ENSG00000163644
15555.0	0.0001	SLC12A8	ENSG00000221955
15555.0	0.0001	SLC48A1	ENSG00000211584
15555.0	0.0001	SFTPA2	ENSG00000185303
15555.0	0.0001	AGBL4	ENSG00000186094
15555.0	0.0001	SLITRK3	ENSG00000121871
15555.0	0.0001	ZDHHC19	ENSG00000163958
15555.0	0.0001	C1orf146	ENSG00000203910
15555.0	0.0001	MEIOC	ENSG00000180336
15555.0	0.0001	UBD	ENSG00000213886
15555.0	0.0001	ARRDC5	ENSG00000205784
15555.0	0.0001	C22orf23	ENSG00000128346
15555.0	0.0001	EPS8L1	ENSG00000131037
15555.0	0.0001	LIMCH1	ENSG00000064042
15555.0	0.0001	RESP18	ENSG00000182698
15555.0	0.0001	RETREG2	ENSG00000144567
15555.0	0.0001	RNF223	ENSG00000237330
15555.0	0.0001	STOX2	ENSG00000173320
15555.0	0.0001	WDR27	ENSG00000184465
15555.0	0.0001	ZNF729	ENSG00000196350
15555.0	0.0001	ZNF845	ENSG00000213799
15555.0	0.0001	BTBD2	ENSG00000133243
15555.0	0.0001	SBSPON	ENSG00000164764
15555.0	0.0001	ANKRD31	ENSG00000145700
15555.0	0.0001	CFAP119	ENSG00000196118
15555.0	0.0001	SPATA20	ENSG00000006282
15555.0	0.0001	SSMEM1	ENSG00000165120
15555.0	0.0001	PIP5K1B	ENSG00000107242
15555.0	0.0001	SPATA46	ENSG00000171722
15555.0	0.0001	TSPAN5	ENSG00000168785
15555.0	0.0001	SPATA16	ENSG00000144962
15555.0	0.0001	HORMAD1	ENSG00000143452
15555.0	0.0001	TOPAZ1	ENSG00000173769
15555.0	0.0001	ZCWPW1	ENSG00000078487
15555.0	0.0001	FREY1	ENSG00000234776
15555.0	0.0001	TMEM95	ENSG00000182896
15555.0	0.0001	HIC2	ENSG00000169635
15555.0	0.0001	SRSF10	ENSG00000188529
15555.0	0.0001	USP16	ENSG00000156256
15555.0	0.0001	C5orf24	ENSG00000181904
15555.0	0.0001	DMBT1L1	ENSG00000176584
15555.0	0.0001	FCGBP	ENSG00000090920
15555.0	0.0001	FNDC3B	ENSG00000075420
15555.0	0.0001	GIMAP7	ENSG00000179144
15555.0	0.0001	ICA1L	ENSG00000163596
15555.0	0.0001	MEF2B	ENSG00000213999
15555.0	0.0001	OR8H1	ENSG00000181693
15555.0	0.0001	RESF1	ENSG00000174718
15555.0	0.0001	SLC17A9	ENSG00000101194
15555.0	0.0001	WFDC1	ENSG00000103175
15555.0	0.0001	FBXL18	ENSG00000155034
15555.0	0.0001	RAD17	ENSG00000152942
15555.0	0.0001	IQCK	ENSG00000174628
15555.0	0.0001	KCNK2	ENSG00000082482
15555.0	0.0001	SRGAP2B	ENSG00000196369
15555.0	0.0001	SRGAP2C	ENSG00000171943
15555.0	0.0001	REC114	ENSG00000183324
15555.0	0.0001	GULP1	ENSG00000144366
15555.0	0.0001	RSBN1	ENSG00000081019
15555.0	0.0001	WWC2	ENSG00000151718
15555.0	0.0001	PRDM7	ENSG00000126856
15555.0	0.0001	ADAM3A	ENSG00000197475
15555.0	0.0001	PRSS37	ENSG00000165076
15555.0	0.0001	TCIM	ENSG00000176907
15555.0	0.0001	DLK2	ENSG00000171462
15555.0	0.0001	NTN4	ENSG00000074527
15555.0	0.0001	ENPP7	ENSG00000182156
15555.0	0.0001	TSPAN2	ENSG00000134198
15555.0	0.0001	POMZP3	ENSG00000146707
15555.0	0.0001	ANKRD10	ENSG00000088448
15555.0	0.0001	ARHGEF40	ENSG00000165801
15555.0	0.0001	CCDC125	ENSG00000183323
15555.0	0.0001	LCA5L	ENSG00000157578
15555.0	0.0001	POM121B	ENSG00000205578
15555.0	0.0001	POM121C	ENSG00000135213
15555.0	0.0001	TATDN2	ENSG00000157014
15555.0	0.0001	CHMP3	ENSG00000115561
15555.0	0.0001	RNF103-CHMP3	ENSG00000249884
15555.0	0.0001	NOTCH4	ENSG00000204301
15555.0	0.0001	POU2AF2	ENSG00000150750
15555.0	0.0001	PYHIN1	ENSG00000163564
15555.0	0.0001	XKR7	ENSG00000260903
15555.0	0.0001	IFTAP	ENSG00000166352
15555.0	0.0001	ADGRF4	ENSG00000153294
15555.0	0.0001	CLDND2	ENSG00000160318
15555.0	0.0001	POLDIP3	ENSG00000100227
15555.0	0.0001	C10ORF68	ENSG00000150076
15555.0	0.0001	CCDC7	ENSG00000216937
15555.0	0.0001	KLK12	ENSG00000186474
15555.0	0.0001	ALDH3B1	ENSG00000006534
15555.0	0.0001	ENPP4	ENSG00000001561
15555.0	0.0001	GPSM3	ENSG00000213654
15555.0	0.0001	KCNN1	ENSG00000105642
15555.0	0.0001	MAB21L4	ENSG00000172478
15555.0	0.0001	PTER	ENSG00000165983
15555.0	0.0001	SAPCD1	ENSG00000228727
15555.0	0.0001	TATDN3	ENSG00000203705
15555.0	0.0001	TTC39B	ENSG00000155158
15555.0	0.0001	ZMYND15	ENSG00000141497
15555.0	0.0001	ZMIZ2	ENSG00000122515
15555.0	0.0001	KCNK13	ENSG00000152315
15555.0	0.0001	ARMC12	ENSG00000157343
15555.0	0.0001	NICOL1	ENSG00000243449
15555.0	0.0001	TEX101	ENSG00000131126
15555.0	0.0001	DRD4	ENSG00000069696
15555.0	0.0001	SLC1A7	ENSG00000162383
15555.0	0.0001	VSTM4	ENSG00000165633
15555.0	0.0001	BRWD1	ENSG00000185658
15555.0	0.0001	LRRC23	ENSG00000010626
15555.0	0.0001	PITHD1	ENSG00000057757
15555.0	0.0001	BNIP5	ENSG00000189325
15555.0	0.0001	C4orf19	ENSG00000154274
15555.0	0.0001	RNASE13	ENSG00000206150
15555.0	0.0001	C2CD6	ENSG00000155754
15555.0	0.0001	ENTR1	ENSG00000165689
15555.0	0.0001	TM2D2	ENSG00000169490
15555.0	0.0001	ADAMTS16	ENSG00000145536
15555.0	0.0001	ANKUB1	ENSG00000206199
15555.0	0.0001	CDH19	ENSG00000071991
15555.0	0.0001	CDKL2	ENSG00000138769
15555.0	0.0001	CEACAM21	ENSG00000007129
15555.0	0.0001	CFAP61	ENSG00000089101
15555.0	0.0001	LYSMD1	ENSG00000163155
15555.0	0.0001	METTL24	ENSG00000053328
15555.0	0.0001	METTL25	ENSG00000127720
15555.0	0.0001	MINDY2	ENSG00000128923
15555.0	0.0001	NINJ2	ENSG00000171840
15555.0	0.0001	NKPD1	ENSG00000179846
15555.0	0.0001	NRDE2	ENSG00000119720
15555.0	0.0001	PRDM10	ENSG00000170325
15555.0	0.0001	PXK	ENSG00000168297
15555.0	0.0001	TNXB	ENSG00000168477
15555.0	0.0001	ZFP92	ENSG00000189420
15555.0	0.0001	ZNF654	ENSG00000175105
15555.0	0.0001	ANO10	ENSG00000160746
15555.0	0.0001	CYLC1	ENSG00000183035
15555.0	0.0001	PIWIL2	ENSG00000197181
15555.0	0.0001	IGSF9	ENSG00000085552
15555.0	0.0001	CALHM2	ENSG00000138172
15555.0	0.0001	CCDC146	ENSG00000135205
15555.0	0.0001	CDKL4	ENSG00000205111
15555.0	0.0001	CLDN4	ENSG00000189143
15555.0	0.0001	HYAL6P	ENSG00000228211
15555.0	0.0001	RBBP8NL	ENSG00000130701
15555.0	0.0001	SCRN3	ENSG00000144306
15555.0	0.0001	TRAV1-1	ENSG00000255569
15555.0	0.0001	TRAV1-2	ENSG00000256553
15555.0	0.0001	ZBTB43	ENSG00000169155
15555.0	0.0001	ZSCAN5A	ENSG00000131848
15555.0	0.0001	ZSCAN5B	ENSG00000197213
15555.0	0.0001	ZSCAN5C	ENSG00000204532
15555.0	0.0001	ZSCAN5DP	ENSG00000267908
15555.0	0.0001	ABCG2	ENSG00000118777
15555.0	0.0001	NRSN1	ENSG00000152954
15555.0	0.0001	SLC6A15	ENSG00000072041
15555.0	0.0001	TMEM45B	ENSG00000151715
15555.0	0.0001	PCDHB4	ENSG00000081818
15555.0	0.0001	RPAIN	ENSG00000129197
15555.0	0.0001	AXDND1	ENSG00000162779
15555.0	0.0001	DPY19L2P1	ENSG00000189212
15555.0	0.0001	DPY19L2P2	ENSG00000170629
15555.0	0.0001	SPMIP7	ENSG00000164500
15555.0	0.0001	XKR8	ENSG00000158156
15555.0	0.0001	TMEM87B	ENSG00000153214
15555.0	0.0001	BRME1	ENSG00000132016
15555.0	0.0001	TDRD1	ENSG00000095627
15555.0	0.0001	SMAP2	ENSG00000084070
15555.0	0.0001	ARHGEF38	ENSG00000236699
15555.0	0.0001	GARIN1B	ENSG00000135248
15555.0	0.0001	RBM12	ENSG00000244462
15555.0	0.0001	GGTA1	ENSG00000204136
15555.0	0.0001	GPR139	ENSG00000180269
15555.0	0.0001	RPSA2	ENSG00000205246
15555.0	0.0001	IRF5	ENSG00000128604
15555.0	0.0001	KCTD12	ENSG00000178695
15555.0	0.0001	EZHIP	ENSG00000187690
15555.0	0.0001	TMEM87A	ENSG00000103978
15555.0	0.0001	ZNF395	ENSG00000186918
15555.0	0.0001	GLMP	ENSG00000198715
15555.0	0.0001	SEMA6C	ENSG00000143434
15555.0	0.0001	TMEM74	ENSG00000164841
15555.0	0.0001	YTHDF3	ENSG00000185728
15555.0	0.0001	ZRSR2P1	ENSG00000212643
15555.0	0.0001	BOD1	ENSG00000145919
15555.0	0.0001	BOD1L2	ENSG00000228075
15555.0	0.0001	CIMIP2B	ENSG00000215187
15555.0	0.0001	CPXM1	ENSG00000088882
15555.0	0.0001	GARNL3	ENSG00000136895
15555.0	0.0001	ASB16	ENSG00000161664
15555.0	0.0001	BPIFB1	ENSG00000125999
15555.0	0.0001	FAM217B	ENSG00000196227
15555.0	0.0001	PKD1L2	ENSG00000166473
15555.0	0.0001	SERPINA2	ENSG00000258597
15555.0	0.0001	IQCH	ENSG00000103599
15555.0	0.0001	ORC3	ENSG00000135336
15555.0	0.0001	ZNF628	ENSG00000197483
15555.0	0.0001	BEND2	ENSG00000177324
15555.0	0.0001	MAJIN	ENSG00000168070
15555.0	0.0001	RBMXL3	ENSG00000175718
15555.0	0.0001	TOP6BL	ENSG00000173715
15555.0	0.0001	TXLNA	ENSG00000084652
15555.0	0.0001	GUCA2B	ENSG00000044012
15555.0	0.0001	DRC7	ENSG00000159625
15555.0	0.0001	HJV	ENSG00000168509
15555.0	0.0001	DIDO1	ENSG00000101191
15555.0	0.0001	ERC1	ENSG00000082805
15555.0	0.0001	PLEKHG3	ENSG00000126822
15555.0	0.0001	SLC37A1	ENSG00000160190
15555.0	0.0001	VPS9D1	ENSG00000075399
15555.0	0.0001	OGFOD3	ENSG00000181396
15555.0	0.0001	TYW1B	ENSG00000254184
15555.0	0.0001	ZSWIM1	ENSG00000168612
15555.0	0.0001	RNF212	ENSG00000178222
15555.0	0.0001	FBXO21	ENSG00000135108
15555.0	0.0001	GRB7	ENSG00000141738
15555.0	0.0001	SLC17A2	ENSG00000112337
15555.0	0.0001	LIX1L	ENSG00000152022
15555.0	0.0001	OTUD6A	ENSG00000189401
15555.0	0.0001	LGALS12	ENSG00000133317
15555.0	0.0001	ZNF516	ENSG00000101493
15555.0	0.0001	GNAI1	ENSG00000127955
15555.0	0.0001	KANK2	ENSG00000197256
15555.0	0.0001	CCDC178	ENSG00000166960
15555.0	0.0001	LPCAT2BP	ENSG00000233228
15555.0	0.0001	VWA5A	ENSG00000110002
15555.0	0.0001	FBXO24	ENSG00000106336
15555.0	0.0001	HLA-E	ENSG00000204592
15555.0	0.0001	HLA-H	ENSG00000206341
15555.0	0.0001	HLA-DPA1	ENSG00000231389
15555.0	0.0001	NCF2	ENSG00000116701
15555.0	0.0001	PRTN3	ENSG00000196415
15555.0	0.0001	C4A	ENSG00000244731
15555.0	0.0001	C4B	ENSG00000224389
15555.0	0.0001	CD84	ENSG00000066294
15555.0	0.0001	TRIP10	ENSG00000125733
15555.0	0.0001	HDDC2	ENSG00000111906
15555.0	0.0001	DCST1	ENSG00000163357
15555.0	0.0001	DCST2	ENSG00000163354
15555.0	0.0001	IZUMO1R	ENSG00000183560
15555.0	0.0001	SPATA3	ENSG00000173699
15555.0	0.0001	SPATA33	ENSG00000167523
15555.0	0.0001	DNAH7	ENSG00000118997
15555.0	0.0001	IGHG2	ENSG00000211893
15555.0	0.0001	TAP1	ENSG00000168394
15555.0	0.0001	CFAP97D1	ENSG00000231256
15555.0	0.0001	ZNF141	ENSG00000131127
15555.0	0.0001	CD109	ENSG00000156535
15555.0	0.0001	ITFG2	ENSG00000111203
15555.0	0.0001	MYOM2	ENSG00000036448
15555.0	0.0001	C1orf56	ENSG00000143443
15555.0	0.0001	TMEM63A	ENSG00000196187
16002.0	0.0	RRH	ENSG00000180245
16002.0	0.0	CBFA2T3	ENSG00000129993
16002.0	0.0	EPHX2	ENSG00000120915
16002.0	0.0	FIBIN	ENSG00000176971
16002.0	0.0	PLAAT5	ENSG00000168004
16002.0	0.0	PAFAH1B2	ENSG00000168092
16002.0	0.0	CCDC9B	ENSG00000188549
16002.0	0.0	IGSF21	ENSG00000117154
16002.0	0.0	SDK2	ENSG00000069188
16002.0	0.0	LLCFC1	ENSG00000165131
16002.0	0.0	DAGLB	ENSG00000164535
16002.0	0.0	C18orf63	ENSG00000206043
16002.0	0.0	C22orf39	ENSG00000242259
16002.0	0.0	GPLD1	ENSG00000112293
16002.0	0.0	HDGFL1	ENSG00000112273
16002.0	0.0	LST1	ENSG00000204482
16002.0	0.0	MAEL	ENSG00000143194
16002.0	0.0	PGAP6	ENSG00000129925
16002.0	0.0	TBC1D8B	ENSG00000133138
16002.0	0.0	TRIM50	ENSG00000146755
16002.0	0.0	TRIM73	ENSG00000178809
16002.0	0.0	TRIM74	ENSG00000155428
16002.0	0.0	ZBTB46	ENSG00000130584
16002.0	0.0	RCN3	ENSG00000142552
16002.0	0.0	ENPP5	ENSG00000112796
16002.0	0.0	KIAA0319	ENSG00000137261
16002.0	0.0	ODF4	ENSG00000184650
16002.0	0.0	SPPL2C	ENSG00000185294
16002.0	0.0	ADAD2	ENSG00000140955
16002.0	0.0	ACAD11	ENSG00000240303
16002.0	0.0	BTBD8	ENSG00000189195
16002.0	0.0	CCDC166	ENSG00000255181
16002.0	0.0	CTF2P	ENSG00000230447
16002.0	0.0	DLEC1	ENSG00000008226
16002.0	0.0	EFHB	ENSG00000163576
16002.0	0.0	FAM136A	ENSG00000035141
16002.0	0.0	FBXL15	ENSG00000107872
16002.0	0.0	GPR152	ENSG00000175514
16002.0	0.0	KLHDC8B	ENSG00000185909
16002.0	0.0	MSANTD3	ENSG00000066697
16002.0	0.0	PADI3	ENSG00000142619
16002.0	0.0	PHF3	ENSG00000118482
16002.0	0.0	PRSS36	ENSG00000178226
16002.0	0.0	SLX9	ENSG00000160256
16002.0	0.0	SNX29	ENSG00000048471
16002.0	0.0	SNX29P1	ENSG00000158482
16002.0	0.0	TMEM131L	ENSG00000121210
16002.0	0.0	TMEM62	ENSG00000137842
16002.0	0.0	TTLL8	ENSG00000138892
16002.0	0.0	TTYH2	ENSG00000141540
16002.0	0.0	ZDHHC11	ENSG00000188818
16002.0	0.0	ZDHHC11B	ENSG00000206077
16002.0	0.0	ZMAT4	ENSG00000165061
16002.0	0.0	ZNF438	ENSG00000183621
16002.0	0.0	ZNF652	ENSG00000198740
16002.0	0.0	SHCBP1L	ENSG00000157060
16002.0	0.0	GPR155	ENSG00000163328
16002.0	0.0	PRRG4	ENSG00000135378
16002.0	0.0	VNN3P	ENSG00000093134
16002.0	0.0	GPR25	ENSG00000170128
16002.0	0.0	MMRN2	ENSG00000173269
16002.0	0.0	SPMIP2	ENSG00000164123
16002.0	0.0	TRIM68	ENSG00000167333
16002.0	0.0	PALM3	ENSG00000187867
16002.0	0.0	RCC1L	ENSG00000174374
16002.0	0.0	MOBP	ENSG00000168314
16002.0	0.0	URAHP	ENSG00000222019
16002.0	0.0	OIT3	ENSG00000138315
16002.0	0.0	CCDC62	ENSG00000130783
16002.0	0.0	HERC4	ENSG00000148634
16002.0	0.0	C1QTNF7	ENSG00000163145
16002.0	0.0	PHC3	ENSG00000173889
16002.0	0.0	BNIP1	ENSG00000113734
16002.0	0.0	KCNAB1	ENSG00000169282
16002.0	0.0	KRTAP1-3	ENSG00000221880
16002.0	0.0	KRTAP10-11	ENSG00000243489
16002.0	0.0	CD300LF	ENSG00000186074
16002.0	0.0	MEF2A	ENSG00000068305
16002.0	0.0	CDK14	ENSG00000058091
16002.0	0.0	NOL4	ENSG00000101746
16002.0	0.0	TASOR2	ENSG00000108021
16002.0	0.0	RTL4	ENSG00000187823
16002.0	0.0	MUC19	ENSG00000205592
16002.0	0.0	ABCC5	ENSG00000114770
16002.0	0.0	NETO1	ENSG00000166342
16002.0	0.0	FLOT1	ENSG00000137312
16002.0	0.0	TERB1	ENSG00000249961
16002.0	0.0	TBC1D30	ENSG00000111490
16002.0	0.0	TUBE1	ENSG00000074935
16002.0	0.0	IQCF1	ENSG00000173389
16002.0	0.0	PRPF6	ENSG00000101161
16002.0	0.0	SLC26A10P	ENSG00000135502
16002.0	0.0	CDH26	ENSG00000124215
16002.0	0.0	DEFB4B	ENSG00000177257
16002.0	0.0	EVA1C	ENSG00000166979
16002.0	0.0	CCDC184	ENSG00000177875
16002.0	0.0	FAM222A	ENSG00000139438
16002.0	0.0	FER1L4	ENSG00000088340
16002.0	0.0	RIIAD1	ENSG00000178796
16002.0	0.0	SEZ6L	ENSG00000100095
16002.0	0.0	H3C10	ENSG00000203813
16002.0	0.0	H3C13	ENSG00000183598
16002.0	0.0	H3C14	ENSG00000203811
16002.0	0.0	H3C15	ENSG00000203852
16002.0	0.0	EGFEM1P	ENSG00000206120
16002.0	0.0	ST7	ENSG00000004866
16002.0	0.0	ZNF641	ENSG00000167528
16002.0	0.0	ADAM1A	ENSG00000229186
16002.0	0.0	LY6K	ENSG00000160886
16002.0	0.0	OVCH2	ENSG00000183378
16002.0	0.0	TTC6	ENSG00000139865
16002.0	0.0	ZAN	ENSG00000146839
16002.0	0.0	CRISP1	ENSG00000124812
16002.0	0.0	INTS3	ENSG00000143624
16002.0	0.0	AOPEP	ENSG00000148120
16002.0	0.0	CYP3A43	ENSG00000021461
16002.0	0.0	SLC10A4	ENSG00000145248
16002.0	0.0	CUEDC1	ENSG00000180891
16002.0	0.0	CEMIP2	ENSG00000135048
16002.0	0.0	GPR153	ENSG00000158292
16002.0	0.0	KIFC1	ENSG00000237649
16002.0	0.0	NSG2	ENSG00000170091
16002.0	0.0	PARP8	ENSG00000151883
16002.0	0.0	SLC25A44	ENSG00000160785
16002.0	0.0	SLC26A11	ENSG00000181045
16002.0	0.0	TAC1	ENSG00000006128
16002.0	0.0	TMEM60	ENSG00000135211
16002.0	0.0	SDF4	ENSG00000078808
16002.0	0.0	RNF166	ENSG00000158717
16002.0	0.0	PACC1	ENSG00000065600
16002.0	0.0	INCA1	ENSG00000196388
16002.0	0.0	ANKRD50	ENSG00000151458
16002.0	0.0	ARHGEF33	ENSG00000214694
16002.0	0.0	KCTD9	ENSG00000104756
16002.0	0.0	TUBAL3	ENSG00000178462
16002.0	0.0	TMEM234	ENSG00000160055
16002.0	0.0	RNF187	ENSG00000168159
16002.0	0.0	TSPAN6	ENSG00000000003
16002.0	0.0	AC104809.3	ENSG00000226321
16002.0	0.0	CLIC6	ENSG00000159212
16002.0	0.0	MUSTN1	ENSG00000272573
16002.0	0.0	PLCXD2	ENSG00000240891
16002.0	0.0	ZBBX	ENSG00000169064
16002.0	0.0	TMC2	ENSG00000149488
16002.0	0.0	TAFA4	ENSG00000163377
16002.0	0.0	ABCA13	ENSG00000179869
16002.0	0.0	ANTKMT	ENSG00000103254
16002.0	0.0	C6orf118	ENSG00000112539
16002.0	0.0	CDIP1	ENSG00000089486
16002.0	0.0	SAMD11	ENSG00000187634
16002.0	0.0	SHISA4	ENSG00000198892
16002.0	0.0	TMEM151B	ENSG00000178233
16002.0	0.0	WSCD2	ENSG00000075035
16002.0	0.0	ZNF512	ENSG00000243943
16002.0	0.0	ZNF780A	ENSG00000197782
16002.0	0.0	FBXL5	ENSG00000118564
16002.0	0.0	CDK1	ENSG00000170312
16002.0	0.0	CENPN	ENSG00000166451
16002.0	0.0	OTUD3	ENSG00000169914
16002.0	0.0	UPF2	ENSG00000151461
16002.0	0.0	NANOGP1	ENSG00000176654
16002.0	0.0	NANOGP8	ENSG00000255192
16002.0	0.0	ADAMTS19	ENSG00000145808
16002.0	0.0	CFAP58	ENSG00000120051
16002.0	0.0	DCAF12	ENSG00000198876
16002.0	0.0	HTATIP2	ENSG00000109854
16002.0	0.0	RP11-1055B8.7	ENSG00000171282
16002.0	0.0	PRDM11	ENSG00000019485
16002.0	0.0	PLET1	ENSG00000188771
16002.0	0.0	P2RX5	ENSG00000083454
16002.0	0.0	CYP21A1P	ENSG00000204338
16002.0	0.0	IFI44	ENSG00000137965
16002.0	0.0	BCL2L15	ENSG00000188761
16002.0	0.0	CCNJ	ENSG00000107443
16002.0	0.0	KIAA1549	ENSG00000122778
16002.0	0.0	HSPA1A	ENSG00000204389
16002.0	0.0	HSPA1B	ENSG00000204388
16002.0	0.0	TSPO2	ENSG00000112212
16002.0	0.0	CHD6	ENSG00000124177
16002.0	0.0	TARM1	ENSG00000248385
16002.0	0.0	TRANK1	ENSG00000168016
16002.0	0.0	OSCAR	ENSG00000170909
16002.0	0.0	ADAM5	ENSG00000196115
16002.0	0.0	ATL2	ENSG00000119787
16002.0	0.0	ERFE	ENSG00000178752
16002.0	0.0	FAM24A	ENSG00000203795
16002.0	0.0	FAM24B	ENSG00000213185
16002.0	0.0	GPR146	ENSG00000164849
16002.0	0.0	SUSD1	ENSG00000106868
16002.0	0.0	TMEM9B	ENSG00000175348
16002.0	0.0	ZCCHC2	ENSG00000141664
16002.0	0.0	ZNF532	ENSG00000074657
16002.0	0.0	NREP	ENSG00000134986
16002.0	0.0	DNAJB3	ENSG00000227802
16002.0	0.0	FAM53C	ENSG00000120709
16002.0	0.0	CEP170B	ENSG00000099814
16002.0	0.0	GRIPAP1	ENSG00000068400
16002.0	0.0	PRRT1	ENSG00000204314
16002.0	0.0	AACS	ENSG00000081760
16002.0	0.0	ADGRB2	ENSG00000121753
16002.0	0.0	AREL1	ENSG00000119682
16002.0	0.0	ATP6V1G2	ENSG00000213760
16002.0	0.0	BRINP2	ENSG00000198797
16002.0	0.0	C16orf89	ENSG00000153446
16002.0	0.0	C3orf33	ENSG00000174928
16002.0	0.0	CCDC120	ENSG00000147144
16002.0	0.0	CCL26	ENSG00000006606
16002.0	0.0	CFAP69	ENSG00000105792
16002.0	0.0	CNOT10	ENSG00000182973
16002.0	0.0	CRACD	ENSG00000109265
16002.0	0.0	DUSP15	ENSG00000149599
16002.0	0.0	DUSP29	ENSG00000188716
16002.0	0.0	GARRE1	ENSG00000166398
16002.0	0.0	GPR137	ENSG00000173264
16002.0	0.0	INSYN2B	ENSG00000204767
16002.0	0.0	KCTD16	ENSG00000183775
16002.0	0.0	LGALS8	ENSG00000116977
16002.0	0.0	LOXL4	ENSG00000138131
16002.0	0.0	MXRA8	ENSG00000162576
16002.0	0.0	NYAP1	ENSG00000166924
16002.0	0.0	PIP4P1	ENSG00000165782
16002.0	0.0	PLBD2	ENSG00000151176
16002.0	0.0	RNF214	ENSG00000167257
16002.0	0.0	RTP4	ENSG00000136514
16002.0	0.0	SDK1	ENSG00000146555
16002.0	0.0	TAS2R14	ENSG00000212127
16002.0	0.0	TMEM129	ENSG00000168936
16002.0	0.0	TTLL10	ENSG00000162571
16002.0	0.0	ZNF512B	ENSG00000196700
16002.0	0.0	ZNF536	ENSG00000198597
16002.0	0.0	PCDH20	ENSG00000197991
16002.0	0.0	BPIFA2	ENSG00000131050
16002.0	0.0	ATP11C	ENSG00000101974
16002.0	0.0	ITGBL1	ENSG00000198542
16002.0	0.0	BBOF1	ENSG00000119636
16002.0	0.0	CABS1	ENSG00000145309
16002.0	0.0	CCIN	ENSG00000185972
16002.0	0.0	CFAP44	ENSG00000206530
16002.0	0.0	CNIH4	ENSG00000143771
16002.0	0.0	DNAH17	ENSG00000187775
16002.0	0.0	FAM209A	ENSG00000124103
16002.0	0.0	FAM209B	ENSG00000213714
16002.0	0.0	GGNBP1	ENSG00000204188
16002.0	0.0	GMCL1	ENSG00000087338
16002.0	0.0	GMCL2	ENSG00000244234
16002.0	0.0	IQUB	ENSG00000164675
16002.0	0.0	ITPRIPL1	ENSG00000198885
16002.0	0.0	LCN8	ENSG00000204001
16002.0	0.0	NSUN7	ENSG00000179299
16002.0	0.0	NUP210L	ENSG00000143552
16002.0	0.0	ROPN1B	ENSG00000114547
16002.0	0.0	SPACA1	ENSG00000118434
16002.0	0.0	STK33	ENSG00000130413
16002.0	0.0	TEKT2	ENSG00000092850
16002.0	0.0	TEKT3	ENSG00000125409
16002.0	0.0	TMEM232	ENSG00000186952
16002.0	0.0	TTC21A	ENSG00000168026
16002.0	0.0	TTC29	ENSG00000137473
16002.0	0.0	TTLL9	ENSG00000131044
16002.0	0.0	SIGLEC8	ENSG00000105366
16002.0	0.0	HCN3	ENSG00000143630
16002.0	0.0	TMEM198B	ENSG00000182796
16002.0	0.0	APBA1	ENSG00000107282
16002.0	0.0	BPIFC	ENSG00000184459
16002.0	0.0	FNBP1	ENSG00000187239
16002.0	0.0	RTL3	ENSG00000179300
16002.0	0.0	TMC4	ENSG00000167608
16002.0	0.0	ADAM11	ENSG00000073670
16002.0	0.0	ADAM18	ENSG00000168619
16002.0	0.0	CFAP157	ENSG00000160401
16002.0	0.0	DNASE1L1	ENSG00000013563
16002.0	0.0	GALNT14	ENSG00000158089
16002.0	0.0	ZFP14	ENSG00000142065
16002.0	0.0	ANGPTL7	ENSG00000171819
16002.0	0.0	PCSK2	ENSG00000125851
16002.0	0.0	ANKRD65	ENSG00000235098
16002.0	0.0	ARMCX1	ENSG00000126947
16002.0	0.0	CAMKV	ENSG00000164076
16002.0	0.0	CARMIL3	ENSG00000186648
16002.0	0.0	CNRIP1	ENSG00000119865
16002.0	0.0	CST9L	ENSG00000101435
16002.0	0.0	EIF2D	ENSG00000143486
16002.0	0.0	KRT32	ENSG00000108759
16002.0	0.0	PPIE	ENSG00000084072
16002.0	0.0	RASSF10	ENSG00000189431
16002.0	0.0	RUFY4	ENSG00000188282
16002.0	0.0	SHLD1	ENSG00000171984
16002.0	0.0	SLC46A3	ENSG00000139508
16002.0	0.0	SLCO6A1	ENSG00000205359
16002.0	0.0	TEX36	ENSG00000175018
16002.0	0.0	TMEM14A	ENSG00000096092
16002.0	0.0	TPGS1	ENSG00000141933
16002.0	0.0	USP54	ENSG00000166348
16002.0	0.0	ZGRF1	ENSG00000138658
16002.0	0.0	APOLD1	ENSG00000178878
16002.0	0.0	CYTL1	ENSG00000170891
16002.0	0.0	LGALS13	ENSG00000105198
16002.0	0.0	LGALS14	ENSG00000006659
16002.0	0.0	LGALS16	ENSG00000249861
16002.0	0.0	ARMC3	ENSG00000165309
16002.0	0.0	LRRC46	ENSG00000141294
16002.0	0.0	LSP1	ENSG00000130592
16002.0	0.0	CPNE5	ENSG00000124772
16002.0	0.0	FGFBP3	ENSG00000174721
16002.0	0.0	NCBP2L	ENSG00000170935
16002.0	0.0	NPSR1	ENSG00000187258
16002.0	0.0	NRAP	ENSG00000197893
16002.0	0.0	PPP1R2B	ENSG00000231989
16002.0	0.0	PPP1R2P1	ENSG00000234515
16002.0	0.0	TM2D3	ENSG00000184277
16002.0	0.0	TMTC2	ENSG00000179104
16002.0	0.0	CFB	ENSG00000243649
16002.0	0.0	FCGR1A	ENSG00000150337
16002.0	0.0	TPSB2	ENSG00000197253
16002.0	0.0	ABHD17A	ENSG00000129968
16002.0	0.0	ITPRIP	ENSG00000148841
16002.0	0.0	ARMT1	ENSG00000146476
16002.0	0.0	C3orf84	ENSG00000236980
16002.0	0.0	CACFD1	ENSG00000160325
16002.0	0.0	CENPVL3	ENSG00000224109
16002.0	0.0	CYP2D7	ENSG00000205702
16002.0	0.0	DEFB104B	ENSG00000177023
16002.0	0.0	DEFB106A	ENSG00000186579
16002.0	0.0	DEFB106B	ENSG00000187082
16002.0	0.0	DEFB108B	ENSG00000184276
16002.0	0.0	DEFB134	ENSG00000205882
16002.0	0.0	FAM185A	ENSG00000222011
16002.0	0.0	FAM43A	ENSG00000185112
16002.0	0.0	FAM81A	ENSG00000157470
16002.0	0.0	FAM83C	ENSG00000125998
16002.0	0.0	FAXC	ENSG00000146267
16002.0	0.0	FREM3	ENSG00000183090
16002.0	0.0	GDF10	ENSG00000107623
16002.0	0.0	GRAMD1C	ENSG00000178075
16002.0	0.0	HERPUD2	ENSG00000122557
16002.0	0.0	LIPM	ENSG00000173239
16002.0	0.0	LSM2	ENSG00000204392
16002.0	0.0	MCF2L	ENSG00000126217
16002.0	0.0	PAQR6	ENSG00000160781
16002.0	0.0	RBM6	ENSG00000004534
16002.0	0.0	SCRN1	ENSG00000136193
16002.0	0.0	SMPDL3B	ENSG00000130768
16002.0	0.0	SNORC	ENSG00000182600
16002.0	0.0	SUSD6	ENSG00000100647
16002.0	0.0	TMEM255B	ENSG00000184497
16002.0	0.0	UBE2O	ENSG00000175931
16002.0	0.0	VAT1L	ENSG00000171724
16002.0	0.0	ZNF175	ENSG00000105497
16002.0	0.0	EFHD2	ENSG00000142634
16002.0	0.0	SAMD3	ENSG00000164483
16002.0	0.0	ABHD2	ENSG00000140526
16002.0	0.0	CCDC30	ENSG00000186409
16002.0	0.0	CLMN	ENSG00000165959
16002.0	0.0	DENND2D	ENSG00000162777
16002.0	0.0	DNAAF9	ENSG00000088854
16002.0	0.0	EZH1	ENSG00000108799
16002.0	0.0	FAM117A	ENSG00000121104
16002.0	0.0	FAM135B	ENSG00000147724
16002.0	0.0	IAH1	ENSG00000134330
16002.0	0.0	OTOP3	ENSG00000182938
16002.0	0.0	PRSS57	ENSG00000185198
16002.0	0.0	PTPRVP	ENSG00000243323
16002.0	0.0	SGK223	ENSG00000182319
16002.0	0.0	SLC44A4	ENSG00000204385
16002.0	0.0	SPNS1	ENSG00000169682
16002.0	0.0	SSC4D	ENSG00000146700
16002.0	0.0	ZDHHC24	ENSG00000174165
16002.0	0.0	ZGPAT	ENSG00000197114
16002.0	0.0	ZNF787	ENSG00000142409
16002.0	0.0	ZNHIT6	ENSG00000117174
16002.0	0.0	P2RX6	ENSG00000099957
16002.0	0.0	PDE8A	ENSG00000073417
16002.0	0.0	CD8B	ENSG00000172116
16002.0	0.0	CD8B2	ENSG00000254126
16002.0	0.0	EPGN	ENSG00000182585
16002.0	0.0	MFSD4B	ENSG00000173214
16002.0	0.0	PFDN6	ENSG00000204220
16002.0	0.0	SVOP	ENSG00000166111
16002.0	0.0	ZNF689	ENSG00000156853
16002.0	0.0	DYRK3	ENSG00000143479
16002.0	0.0	FAM72A	ENSG00000196550
16002.0	0.0	FAM72B	ENSG00000188610
16002.0	0.0	FAM72C	ENSG00000203817
16002.0	0.0	FAM72D	ENSG00000215784
16002.0	0.0	FCAMR	ENSG00000162897
16002.0	0.0	ABHD10	ENSG00000144827
16002.0	0.0	ALG1L2	ENSG00000251287
16002.0	0.0	CDC42EP5	ENSG00000167617
16002.0	0.0	ERICH2	ENSG00000204334
16002.0	0.0	ETAA1	ENSG00000143971
16002.0	0.0	HERC6	ENSG00000138642
16002.0	0.0	ITPRID1	ENSG00000180347
16002.0	0.0	C5orf46	ENSG00000178776
16002.0	0.0	CCDC148	ENSG00000153237
16002.0	0.0	CDH20	ENSG00000101542
16002.0	0.0	CXorf65	ENSG00000204165
16002.0	0.0	KLHDC7A	ENSG00000179023
16002.0	0.0	LRRC49	ENSG00000137821
16002.0	0.0	UBE2K	ENSG00000078140
16002.0	0.0	C1QTNF4	ENSG00000172247
16002.0	0.0	EPSTI1	ENSG00000133106
16002.0	0.0	CTSE	ENSG00000196188
16002.0	0.0	HNRNPLL	ENSG00000143889
16002.0	0.0	TRBV10-1	ENSG00000211717
16002.0	0.0	TRBV10-2	ENSG00000229769
16002.0	0.0	IKZF3	ENSG00000161405
16002.0	0.0	TNFRSF25	ENSG00000215788
16002.0	0.0	IGHA1	ENSG00000211895
16002.0	0.0	IGHA2	ENSG00000211890
16002.0	0.0	IGHG1	ENSG00000211896
16002.0	0.0	IGHG3	ENSG00000211897
16002.0	0.0	IGHG4	ENSG00000211892
16002.0	0.0	NFKBID	ENSG00000167604
16002.0	0.0	SIGLEC16	ENSG00000161643
16002.0	0.0	IGLC2	ENSG00000211677
16002.0	0.0	IGLC3	ENSG00000211679
16002.0	0.0	IGLC6	ENSG00000222037
16002.0	0.0	TOR1B	ENSG00000136816
16002.0	0.0	IL23R	ENSG00000162594
16002.0	0.0	RFTN1	ENSG00000131378
16002.0	0.0	C10orf71	ENSG00000177354
16002.0	0.0	CLEC4M	ENSG00000104938
16002.0	0.0	LAIR1	ENSG00000167613
16002.0	0.0	LAIR2	ENSG00000167618
16002.0	0.0	NKG7	ENSG00000105374
16002.0	0.0	TMEM219	ENSG00000149932
16002.0	0.0	RIOX2	ENSG00000170854
16002.0	0.0	RP11-3N2.13	ENSG00000214652
16002.0	0.0	WFDC2	ENSG00000101443
16002.0	0.0	ZNF678	ENSG00000181450
16002.0	0.0	ZNF681	ENSG00000196172
16002.0	0.0	ZNF682	ENSG00000197124
16002.0	0.0	ZNF695	ENSG00000197472
16002.0	0.0	ZNF724	ENSG00000196081
16002.0	0.0	ZNF727	ENSG00000257482
16002.0	0.0	ZNF736	ENSG00000234444
16002.0	0.0	ZNF738	ENSG00000172687
16002.0	0.0	ABCA9	ENSG00000154258
16002.0	0.0	CEP95	ENSG00000258890
16002.0	0.0	KIAA0232	ENSG00000170871
16002.0	0.0	PRR15L	ENSG00000167183
16002.0	0.0	PRSS3P2	ENSG00000250606
16002.0	0.0	RIMS3	ENSG00000117016
16002.0	0.0	GPR174	ENSG00000147138
16002.0	0.0	ADGRG3	ENSG00000182885
16002.0	0.0	PAXX	ENSG00000148362
16002.0	0.0	TNFSF12-TNFSF13	ENSG00000248871
