rank	score	gene_symbol	gene_identifier
1.0	0.0131	CCDC32	ENSG00000128891
2.0	0.0099	KAT6B	ENSG00000156650
3.0	0.0095	LZTR1	ENSG00000099949
4.0	0.0093	FOXF1	ENSG00000103241
5.0	0.0088	ZMYM3	ENSG00000147130
6.0	0.0086	IFT56	ENSG00000105948
7.0	0.0082	ZIC3	ENSG00000156925
9.0	0.0079	KDM6A	ENSG00000147050
9.0	0.0079	AGO2	ENSG00000123908
12.0	0.0078	KAT6A	ENSG00000083168
12.0	0.0078	RPL10	ENSG00000147403
12.0	0.0078	PUF60	ENSG00000179950
13.0	0.0076	DOHH	ENSG00000129932
14.0	0.0075	PPM1D	ENSG00000170836
15.0	0.0073	GATA4	ENSG00000136574
19.0	0.0071	CCDC22	ENSG00000101997
19.0	0.0071	DPYSL5	ENSG00000157851
19.0	0.0071	VPS35L	ENSG00000103544
19.0	0.0071	WASHC5	ENSG00000164961
21.0	0.007	TRAF7	ENSG00000131653
21.0	0.007	NKX2-5	ENSG00000183072
25.0	0.0069	EBP	ENSG00000147155
25.0	0.0069	SMAD2	ENSG00000175387
25.0	0.0069	ACKR3	ENSG00000144476
25.0	0.0069	TASP1	ENSG00000089123
29.0	0.0068	FBXW11	ENSG00000072803
29.0	0.0068	BRAF	ENSG00000157764
29.0	0.0068	PTPN11	ENSG00000179295
29.0	0.0068	RAF1	ENSG00000132155
30.0	0.0067	NF1	ENSG00000196712
33.0	0.0066	KATNB1	ENSG00000140854
33.0	0.0066	NDE1	ENSG00000072864
33.0	0.0066	RELN	ENSG00000189056
34.0	0.0065	GDF1	ENSG00000130283
38.0	0.0063	SCAF4	ENSG00000156304
38.0	0.0063	PLD1	ENSG00000075651
38.0	0.0063	CAPN15	ENSG00000103326
38.0	0.0063	CYBB	ENSG00000165168
39.0	0.0062	SUPT16H	ENSG00000092201
40.0	0.0061	NKX2-1	ENSG00000136352
41.0	0.006	CDH2	ENSG00000170558
43.0	0.0059	FRA10AC1	ENSG00000148690
43.0	0.0059	WAC	ENSG00000095787
46.0	0.0058	VPS33B	ENSG00000184056
46.0	0.0058	INTS1	ENSG00000164880
46.0	0.0058	NAA10	ENSG00000102030
53.0	0.0057	GATA6	ENSG00000141448
53.0	0.0057	IFT27	ENSG00000100360
53.0	0.0057	ZNF462	ENSG00000148143
53.0	0.0057	NFE2L2	ENSG00000116044
53.0	0.0057	PACS1	ENSG00000175115
53.0	0.0057	B3GAT3	ENSG00000149541
53.0	0.0057	FDFT1	ENSG00000079459
64.0	0.0056	SKIC2	ENSG00000204351
64.0	0.0056	SKIC3	ENSG00000198677
64.0	0.0056	BRD4	ENSG00000141867
64.0	0.0056	POLR1A	ENSG00000068654
64.0	0.0056	DHCR7	ENSG00000172893
64.0	0.0056	CREBBP	ENSG00000005339
64.0	0.0056	NR2F2	ENSG00000185551
64.0	0.0056	POLA1	ENSG00000101868
64.0	0.0056	KANSL1	ENSG00000120071
64.0	0.0056	CDK8	ENSG00000132964
64.0	0.0056	MMP21	ENSG00000154485
70.0	0.0055	FBN2	ENSG00000138829
70.0	0.0055	CCNQ	ENSG00000147382
70.0	0.0055	MEGF8	ENSG00000105429
70.0	0.0055	PQBP1	ENSG00000102103
70.0	0.0055	FREM2	ENSG00000150893
70.0	0.0055	PRDM13	ENSG00000112238
73.0	0.0054	OCLN	ENSG00000197822
73.0	0.0054	LONP1	ENSG00000196365
73.0	0.0054	PPP1R13L	ENSG00000104881
84.0	0.0053	CSGALNACT1	ENSG00000147408
84.0	0.0053	ALG9	ENSG00000086848
84.0	0.0053	NSD2	ENSG00000109685
84.0	0.0053	MYH7	ENSG00000092054
84.0	0.0053	SELENON	ENSG00000162430
84.0	0.0053	TTN	ENSG00000155657
84.0	0.0053	NODAL	ENSG00000156574
84.0	0.0053	CTNND2	ENSG00000169862
84.0	0.0053	SEMA5A	ENSG00000112902
84.0	0.0053	PPP2R5D	ENSG00000112640
84.0	0.0053	TRIO	ENSG00000038382
99.0	0.0052	DYNC2LI1	ENSG00000138036
99.0	0.0052	EVC	ENSG00000072840
99.0	0.0052	EVC2	ENSG00000173040
99.0	0.0052	GLI1	ENSG00000111087
99.0	0.0052	PRKACA	ENSG00000072062
99.0	0.0052	PRKACB	ENSG00000142875
99.0	0.0052	GCSH	ENSG00000140905
99.0	0.0052	KLF3	ENSG00000109787
99.0	0.0052	SMC3	ENSG00000108055
99.0	0.0052	ARHGAP31	ENSG00000031081
99.0	0.0052	TRIP4	ENSG00000103671
99.0	0.0052	FLNA	ENSG00000196924
99.0	0.0052	TRAIP	ENSG00000183763
99.0	0.0052	EP300	ENSG00000100393
99.0	0.0052	ATP6V0A2	ENSG00000185344
106.0	0.0051	ROBO1	ENSG00000169855
106.0	0.0051	NSMCE2	ENSG00000156831
106.0	0.0051	YY1	ENSG00000100811
106.0	0.0051	MMP14	ENSG00000157227
106.0	0.0051	MMP2	ENSG00000087245
106.0	0.0051	DHRS3	ENSG00000162496
106.0	0.0051	PLXND1	ENSG00000004399
115.0	0.005	RYR1	ENSG00000196218
115.0	0.005	CBL	ENSG00000110395
115.0	0.005	IGF1R	ENSG00000140443
115.0	0.005	IFT88	ENSG00000032742
115.0	0.005	TAF2	ENSG00000064313
115.0	0.005	NEDD4L	ENSG00000049759
115.0	0.005	TXNDC15	ENSG00000113621
115.0	0.005	TKT	ENSG00000163931
115.0	0.005	MED13L	ENSG00000123066
122.0	0.0049	NOTCH1	ENSG00000148400
122.0	0.0049	IPO8	ENSG00000133704
122.0	0.0049	OTUD6B	ENSG00000155100
122.0	0.0049	YARS1	ENSG00000134684
122.0	0.0049	WDR37	ENSG00000047056
122.0	0.0049	SMAD6	ENSG00000137834
122.0	0.0049	CHST14	ENSG00000169105
130.0	0.0048	SOS1	ENSG00000115904
130.0	0.0048	UBR7	ENSG00000012963
130.0	0.0048	TGFBR1	ENSG00000106799
130.0	0.0048	CFC1	ENSG00000136698
130.0	0.0048	MAP3K7	ENSG00000135341
130.0	0.0048	GATA5	ENSG00000130700
130.0	0.0048	UFC1	ENSG00000143222
130.0	0.0048	DAW1	ENSG00000123977
136.0	0.0047	DYRK1A	ENSG00000157540
136.0	0.0047	SMG8	ENSG00000167447
136.0	0.0047	BICRA	ENSG00000063169
136.0	0.0047	C2CD3	ENSG00000168014
136.0	0.0047	GLI3	ENSG00000106571
136.0	0.0047	RAC1	ENSG00000136238
153.0	0.0046	RAI1	ENSG00000108557
153.0	0.0046	FOCAD	ENSG00000188352
153.0	0.0046	CHRNA7	ENSG00000175344
153.0	0.0046	KRAS	ENSG00000133703
153.0	0.0046	HEATR3	ENSG00000155393
153.0	0.0046	PCSK5	ENSG00000099139
153.0	0.0046	DPF2	ENSG00000133884
153.0	0.0046	DEF6	ENSG00000023892
153.0	0.0046	EDNRA	ENSG00000151617
153.0	0.0046	CNTRL	ENSG00000119397
153.0	0.0046	RAP1B	ENSG00000127314
153.0	0.0046	LRPPRC	ENSG00000138095
153.0	0.0046	RERE	ENSG00000142599
153.0	0.0046	AFF4	ENSG00000072364
153.0	0.0046	HYLS1	ENSG00000198331
153.0	0.0046	FBLN1	ENSG00000077942
153.0	0.0046	CFAP45	ENSG00000213085
160.0	0.0045	MCTP2	ENSG00000140563
160.0	0.0045	HEY2	ENSG00000135547
160.0	0.0045	DNAH9	ENSG00000007174
160.0	0.0045	IRX5	ENSG00000176842
160.0	0.0045	RSPO2	ENSG00000147655
160.0	0.0045	ACVR2B	ENSG00000114739
160.0	0.0045	NIPBL	ENSG00000164190
188.0	0.0044	CEP290	ENSG00000198707
188.0	0.0044	BANF1	ENSG00000175334
188.0	0.0044	TAB2	ENSG00000055208
188.0	0.0044	PDS5A	ENSG00000121892
188.0	0.0044	STAMBP	ENSG00000124356
188.0	0.0044	MATR3	ENSG00000015479
188.0	0.0044	BAZ1B	ENSG00000009954
188.0	0.0044	BCL7B	ENSG00000106635
188.0	0.0044	BUD23	ENSG00000071462
188.0	0.0044	CLIP2	ENSG00000106665
188.0	0.0044	DNAJC30	ENSG00000176410
188.0	0.0044	EIF4H	ENSG00000106682
188.0	0.0044	ELN	ENSG00000049540
188.0	0.0044	FKBP6	ENSG00000077800
188.0	0.0044	GTF2I	ENSG00000077809
188.0	0.0044	GTF2IRD1	ENSG00000006704
188.0	0.0044	GTF2IRD2	ENSG00000196275
188.0	0.0044	LIMK1	ENSG00000106683
188.0	0.0044	METTL27	ENSG00000165171
188.0	0.0044	MLXIPL	ENSG00000009950
188.0	0.0044	NCF1	ENSG00000158517
188.0	0.0044	RFC2	ENSG00000049541
188.0	0.0044	STX1A	ENSG00000106089
188.0	0.0044	TBL2	ENSG00000106638
188.0	0.0044	TMEM270	ENSG00000175877
188.0	0.0044	VPS37D	ENSG00000176428
188.0	0.0044	RBM8A	ENSG00000131795
188.0	0.0044	CACNA1C	ENSG00000151067
201.0	0.0043	SIRT1	ENSG00000096717
201.0	0.0043	BBS2	ENSG00000125124
201.0	0.0043	CDC45	ENSG00000093009
201.0	0.0043	ADAM19	ENSG00000135074
201.0	0.0043	CHMP1A	ENSG00000131165
201.0	0.0043	PLAGL1	ENSG00000118495
201.0	0.0043	ZFPM2	ENSG00000169946
201.0	0.0043	WLS	ENSG00000116729
201.0	0.0043	RIT1	ENSG00000143622
201.0	0.0043	CUL3	ENSG00000036257
201.0	0.0043	NFIX	ENSG00000008441
201.0	0.0043	DSE	ENSG00000111817
201.0	0.0043	PRKD1	ENSG00000184304
213.0	0.0042	DNAH11	ENSG00000105877
213.0	0.0042	POGZ	ENSG00000143442
213.0	0.0042	NOTCH3	ENSG00000074181
213.0	0.0042	TBX5	ENSG00000089225
213.0	0.0042	ALG12	ENSG00000182858
213.0	0.0042	NONO	ENSG00000147140
213.0	0.0042	MYOCD	ENSG00000141052
213.0	0.0042	ACTB	ENSG00000075624
213.0	0.0042	TGFBR2	ENSG00000163513
213.0	0.0042	KIF11	ENSG00000138160
213.0	0.0042	PCNT	ENSG00000160299
213.0	0.0042	NTRK3	ENSG00000140538
225.0	0.0041	ATP6V1E1	ENSG00000131100
225.0	0.0041	SHANK3	ENSG00000251322
225.0	0.0041	BIN1	ENSG00000136717
225.0	0.0041	SPEG	ENSG00000072195
225.0	0.0041	CCDC39	ENSG00000145075
225.0	0.0041	ARPC4	ENSG00000241553
225.0	0.0041	ATP2A2	ENSG00000174437
225.0	0.0041	SPTBN1	ENSG00000115306
225.0	0.0041	SIN3A	ENSG00000169375
225.0	0.0041	MID1	ENSG00000101871
225.0	0.0041	ADAMTS19	ENSG00000145808
225.0	0.0041	ZNF699	ENSG00000196110
232.0	0.004	ATE1	ENSG00000107669
232.0	0.004	PKD1L1	ENSG00000158683
232.0	0.004	NSDHL	ENSG00000147383
232.0	0.004	GNPTAB	ENSG00000111670
232.0	0.004	H3-3A	ENSG00000163041
232.0	0.004	MGRN1	ENSG00000102858
232.0	0.004	CCN1	ENSG00000142871
244.0	0.0039	STAG2	ENSG00000101972
244.0	0.0039	ESAM	ENSG00000149564
244.0	0.0039	OGT	ENSG00000147162
244.0	0.0039	H3-3B	ENSG00000132475
244.0	0.0039	HNRNPK	ENSG00000165119
244.0	0.0039	SH3PXD2B	ENSG00000174705
244.0	0.0039	CC2D2A	ENSG00000048342
244.0	0.0039	NEK1	ENSG00000137601
244.0	0.0039	TAF1	ENSG00000147133
244.0	0.0039	SMC5	ENSG00000198887
244.0	0.0039	PIGN	ENSG00000197563
244.0	0.0039	TELO2	ENSG00000100726
256.0	0.0038	TET3	ENSG00000187605
256.0	0.0038	SMAD3	ENSG00000166949
256.0	0.0038	GNB5	ENSG00000069966
256.0	0.0038	KIF7	ENSG00000166813
256.0	0.0038	ALG13	ENSG00000101901
256.0	0.0038	OFD1	ENSG00000046651
256.0	0.0038	CITED2	ENSG00000164442
256.0	0.0038	PRR12	ENSG00000126464
256.0	0.0038	PRORP	ENSG00000100890
256.0	0.0038	TRRAP	ENSG00000196367
256.0	0.0038	FMR1	ENSG00000102081
256.0	0.0038	ADAMTS10	ENSG00000142303
268.0	0.0037	NTF3	ENSG00000185652
268.0	0.0037	BCAS3	ENSG00000141376
268.0	0.0037	GJA5	ENSG00000143140
268.0	0.0037	KMT2D	ENSG00000167548
268.0	0.0037	ROBO4	ENSG00000154133
268.0	0.0037	SDHD	ENSG00000204370
268.0	0.0037	DNAH5	ENSG00000039139
268.0	0.0037	GJA1	ENSG00000152661
268.0	0.0037	GJB3	ENSG00000188910
268.0	0.0037	GJB4	ENSG00000189433
268.0	0.0037	KDSR	ENSG00000119537
268.0	0.0037	PKD1	ENSG00000008710
281.0	0.0036	NXN	ENSG00000167693
281.0	0.0036	INTU	ENSG00000164066
281.0	0.0036	TALDO1	ENSG00000177156
281.0	0.0036	WDR35	ENSG00000118965
281.0	0.0036	FGF19	ENSG00000162344
281.0	0.0036	PDS5B	ENSG00000083642
281.0	0.0036	SHOC2	ENSG00000108061
281.0	0.0036	CACNA1D	ENSG00000157388
281.0	0.0036	SNIP1	ENSG00000163877
281.0	0.0036	SRSF10	ENSG00000188529
281.0	0.0036	PRICKLE1	ENSG00000139174
281.0	0.0036	FBN1	ENSG00000166147
281.0	0.0036	LTBP2	ENSG00000119681
300.0	0.0035	RFX7	ENSG00000181827
300.0	0.0035	PRIM1	ENSG00000198056
300.0	0.0035	MED12	ENSG00000184634
300.0	0.0035	UPF3B	ENSG00000125351
300.0	0.0035	ZDHHC9	ENSG00000188706
300.0	0.0035	CHD3	ENSG00000170004
300.0	0.0035	SGO1	ENSG00000129810
300.0	0.0035	ACADVL	ENSG00000072778
300.0	0.0035	RB1	ENSG00000139687
300.0	0.0035	PITX2	ENSG00000164093
300.0	0.0035	KPTN	ENSG00000118162
300.0	0.0035	TGFB3	ENSG00000119699
300.0	0.0035	TBX2	ENSG00000121068
300.0	0.0035	TMEM94	ENSG00000177728
300.0	0.0035	DDX6	ENSG00000110367
300.0	0.0035	TMEM70	ENSG00000175606
300.0	0.0035	ATN1	ENSG00000111676
300.0	0.0035	DRC1	ENSG00000157856
300.0	0.0035	ZNF341	ENSG00000131061
314.0	0.0034	PPP1CB	ENSG00000213639
314.0	0.0034	ATP6V1A	ENSG00000114573
314.0	0.0034	ANAPC7	ENSG00000196510
314.0	0.0034	TGFB2	ENSG00000092969
314.0	0.0034	NOS3	ENSG00000164867
314.0	0.0034	NCAPG2	ENSG00000146918
314.0	0.0034	B3GALT6	ENSG00000176022
314.0	0.0034	ZEB2	ENSG00000169554
314.0	0.0034	WT1	ENSG00000184937
314.0	0.0034	PHGDH	ENSG00000092621
314.0	0.0034	SCUBE3	ENSG00000146197
314.0	0.0034	UBE2A	ENSG00000077721
314.0	0.0034	SNRPN	ENSG00000128739
314.0	0.0034	SLC25A24	ENSG00000085491
330.0	0.0033	LMNB1	ENSG00000113368
330.0	0.0033	EPHA3	ENSG00000044524
330.0	0.0033	GMNN	ENSG00000112312
330.0	0.0033	SF3B4	ENSG00000143368
330.0	0.0033	ALDH18A1	ENSG00000059573
330.0	0.0033	FBLN5	ENSG00000140092
330.0	0.0033	IFT122	ENSG00000163913
330.0	0.0033	MAP2K1	ENSG00000169032
330.0	0.0033	STRA6	ENSG00000137868
330.0	0.0033	SON	ENSG00000159140
330.0	0.0033	CFAP53	ENSG00000172361
330.0	0.0033	RSPRY1	ENSG00000159579
330.0	0.0033	HOXA1	ENSG00000105991
330.0	0.0033	EIF4A3	ENSG00000141543
330.0	0.0033	ZIC2	ENSG00000043355
330.0	0.0033	FBXL3	ENSG00000005812
344.0	0.0032	MTX2	ENSG00000128654
344.0	0.0032	FANCI	ENSG00000140525
344.0	0.0032	BMP4	ENSG00000125378
344.0	0.0032	TLL1	ENSG00000038295
344.0	0.0032	DVL3	ENSG00000161202
344.0	0.0032	SRCAP	ENSG00000080603
344.0	0.0032	WDPCP	ENSG00000143951
344.0	0.0032	SH3PXD2A	ENSG00000107957
344.0	0.0032	VPS33A	ENSG00000139719
344.0	0.0032	FIG4	ENSG00000112367
344.0	0.0032	LEFTY1	ENSG00000243709
344.0	0.0032	LEFTY2	ENSG00000143768
344.0	0.0032	SLC35A3	ENSG00000117620
344.0	0.0032	SUCLG1	ENSG00000163541
374.0	0.0031	ACTA2	ENSG00000107796
374.0	0.0031	FOXE3	ENSG00000186790
374.0	0.0031	LOX	ENSG00000113083
374.0	0.0031	MAT2A	ENSG00000168906
374.0	0.0031	MFAP5	ENSG00000197614
374.0	0.0031	MYH11	ENSG00000133392
374.0	0.0031	MYLK	ENSG00000065534
374.0	0.0031	PRKG1	ENSG00000185532
374.0	0.0031	SMAD4	ENSG00000141646
374.0	0.0031	THSD4	ENSG00000187720
374.0	0.0031	SETD5	ENSG00000168137
374.0	0.0031	RTTN	ENSG00000176225
374.0	0.0031	LTBP4	ENSG00000090006
374.0	0.0031	HRAS	ENSG00000174775
374.0	0.0031	AMMECR1	ENSG00000101935
374.0	0.0031	CEP120	ENSG00000168944
374.0	0.0031	CDC42BPB	ENSG00000198752
374.0	0.0031	CPLANE1	ENSG00000197603
374.0	0.0031	SKI	ENSG00000157933
374.0	0.0031	DSG1	ENSG00000134760
374.0	0.0031	PKDCC	ENSG00000162878
374.0	0.0031	OTUD5	ENSG00000068308
374.0	0.0031	NR1D2	ENSG00000174738
374.0	0.0031	NKAP	ENSG00000101882
374.0	0.0031	NDP	ENSG00000124479
374.0	0.0031	HSPA9	ENSG00000113013
374.0	0.0031	ZC4H2	ENSG00000126970
374.0	0.0031	ABCC9	ENSG00000069431
374.0	0.0031	TWIST1	ENSG00000122691
374.0	0.0031	PGAP1	ENSG00000197121
383.0	0.003	KDM5C	ENSG00000126012
383.0	0.003	RPL3L	ENSG00000140986
383.0	0.003	FIBP	ENSG00000172500
383.0	0.003	DDX3X	ENSG00000215301
383.0	0.003	JAG1	ENSG00000101384
383.0	0.003	RPL26	ENSG00000161970
383.0	0.003	DCHS1	ENSG00000166341
383.0	0.003	FAT4	ENSG00000196159
383.0	0.003	TXNL4A	ENSG00000141759
393.0	0.0029	POLR1D	ENSG00000186184
393.0	0.0029	ORC6	ENSG00000091651
393.0	0.0029	SPOP	ENSG00000121067
393.0	0.0029	TBX4	ENSG00000121075
393.0	0.0029	INSR	ENSG00000171105
393.0	0.0029	WDR11	ENSG00000120008
393.0	0.0029	CLXN	ENSG00000034239
393.0	0.0029	TMEM147	ENSG00000105677
393.0	0.0029	SLC29A3	ENSG00000198246
393.0	0.0029	ADA2	ENSG00000093072
406.0	0.0028	PKD2	ENSG00000118762
406.0	0.0028	PDZK1	ENSG00000174827
406.0	0.0028	PDZK1P1	ENSG00000215860
406.0	0.0028	PCSK6	ENSG00000140479
406.0	0.0028	BCOR	ENSG00000183337
406.0	0.0028	TULP4	ENSG00000130338
406.0	0.0028	BUB1B	ENSG00000156970
406.0	0.0028	TSFM	ENSG00000123297
406.0	0.0028	WRN	ENSG00000165392
406.0	0.0028	KCTD1	ENSG00000134504
406.0	0.0028	ERCC4	ENSG00000175595
406.0	0.0028	CRELD1	ENSG00000163703
406.0	0.0028	RPS6KA3	ENSG00000177189
431.0	0.0027	SLC10A7	ENSG00000120519
431.0	0.0027	MAP2K2	ENSG00000126934
431.0	0.0027	MED11	ENSG00000161920
431.0	0.0027	CAPZA2	ENSG00000198898
431.0	0.0027	DAND5	ENSG00000179284
431.0	0.0027	MBD5	ENSG00000204406
431.0	0.0027	SLC5A7	ENSG00000115665
431.0	0.0027	EXT1	ENSG00000182197
431.0	0.0027	RAD21	ENSG00000164754
431.0	0.0027	TRPS1	ENSG00000104447
431.0	0.0027	AARS1	ENSG00000090861
431.0	0.0027	CARS1	ENSG00000110619
431.0	0.0027	ERCC2	ENSG00000104884
431.0	0.0027	ERCC3	ENSG00000163161
431.0	0.0027	GTF2E2	ENSG00000197265
431.0	0.0027	GTF2H5	ENSG00000272047
431.0	0.0027	MPLKIP	ENSG00000168303
431.0	0.0027	RNF113A	ENSG00000125352
431.0	0.0027	TARS1	ENSG00000113407
431.0	0.0027	MRAS	ENSG00000158186
431.0	0.0027	RAB23	ENSG00000112210
431.0	0.0027	YY1AP1	ENSG00000163374
431.0	0.0027	NR2F1	ENSG00000175745
431.0	0.0027	HIVEP2	ENSG00000010818
431.0	0.0027	SPRED1	ENSG00000166068
446.0	0.0026	TBCK	ENSG00000145348
446.0	0.0026	OSR1	ENSG00000143867
446.0	0.0026	COL2A1	ENSG00000139219
446.0	0.0026	NADSYN1	ENSG00000172890
446.0	0.0026	B3GLCT	ENSG00000187676
446.0	0.0026	CPLANE2	ENSG00000132881
446.0	0.0026	TRIM45	ENSG00000134253
446.0	0.0026	DYNC2H1	ENSG00000187240
446.0	0.0026	SEMA3D	ENSG00000153993
446.0	0.0026	CHTOP	ENSG00000160679
446.0	0.0026	GAD1	ENSG00000128683
446.0	0.0026	NIPA1	ENSG00000170113
446.0	0.0026	NIPA2	ENSG00000140157
446.0	0.0026	TUBG1	ENSG00000131462
446.0	0.0026	RPGRIP1L	ENSG00000103494
467.0	0.0025	MEIS2	ENSG00000134138
467.0	0.0025	SMARCA4	ENSG00000127616
467.0	0.0025	CIC	ENSG00000079432
467.0	0.0025	ADNP	ENSG00000101126
467.0	0.0025	PAX1	ENSG00000125813
467.0	0.0025	CYFIP2	ENSG00000055163
467.0	0.0025	NKX2-6	ENSG00000180053
467.0	0.0025	TBX1	ENSG00000184058
467.0	0.0025	BMP2	ENSG00000125845
467.0	0.0025	CRIPT	ENSG00000119878
467.0	0.0025	STK4	ENSG00000101109
467.0	0.0025	THSD1	ENSG00000136114
467.0	0.0025	AGRN	ENSG00000188157
467.0	0.0025	CHAT	ENSG00000070748
467.0	0.0025	COL13A1	ENSG00000197467
467.0	0.0025	MYO9A	ENSG00000066933
467.0	0.0025	SLC18A3	ENSG00000187714
467.0	0.0025	SLC25A1	ENSG00000100075
467.0	0.0025	SNAP25	ENSG00000132639
467.0	0.0025	SYT2	ENSG00000143858
467.0	0.0025	VAMP1	ENSG00000139190
481.0	0.0024	RIPK4	ENSG00000183421
481.0	0.0024	COL11A1	ENSG00000060718
481.0	0.0024	FGFR1	ENSG00000077782
481.0	0.0024	PLCE1	ENSG00000138193
481.0	0.0024	JARID2	ENSG00000008083
481.0	0.0024	STAT1	ENSG00000115415
481.0	0.0024	TOM1	ENSG00000100284
481.0	0.0024	KCNK9	ENSG00000169427
481.0	0.0024	AP1S2	ENSG00000182287
481.0	0.0024	ARX	ENSG00000004848
481.0	0.0024	COL4A2	ENSG00000134871
481.0	0.0024	SEC24D	ENSG00000150961
481.0	0.0024	PCDHA10	ENSG00000250120
481.0	0.0024	CFC1B	ENSG00000152093
492.0	0.0023	AHDC1	ENSG00000126705
492.0	0.0023	PUS7	ENSG00000091127
492.0	0.0023	CANT1	ENSG00000171302
492.0	0.0023	KDM1A	ENSG00000004487
492.0	0.0023	LIG4	ENSG00000174405
492.0	0.0023	NSUN2	ENSG00000037474
492.0	0.0023	SPRED2	ENSG00000198369
492.0	0.0023	NRAS	ENSG00000213281
492.0	0.0023	DNA2	ENSG00000138346
492.0	0.0023	CREB3L1	ENSG00000157613
492.0	0.0023	FOXH1	ENSG00000160973
502.0	0.0022	G6PC3	ENSG00000141349
502.0	0.0022	ADK	ENSG00000156110
502.0	0.0022	SOS2	ENSG00000100485
502.0	0.0022	SLC1A4	ENSG00000115902
502.0	0.0022	CHST3	ENSG00000122863
502.0	0.0022	MGP	ENSG00000111341
502.0	0.0022	COL3A1	ENSG00000168542
502.0	0.0022	GABRA3	ENSG00000011677
502.0	0.0022	NEK9	ENSG00000119638
502.0	0.0022	CHD7	ENSG00000171316
520.0	0.0021	HACD1	ENSG00000165996
520.0	0.0021	MED23	ENSG00000112282
520.0	0.0021	ASCC1	ENSG00000138303
520.0	0.0021	LTBP1	ENSG00000049323
520.0	0.0021	AUTS2	ENSG00000158321
520.0	0.0021	FKTN	ENSG00000106692
520.0	0.0021	TP53RK	ENSG00000172315
520.0	0.0021	ANKS6	ENSG00000165138
520.0	0.0021	MAPK8IP3	ENSG00000138834
520.0	0.0021	TFAP2B	ENSG00000008196
520.0	0.0021	PYCR2	ENSG00000143811
520.0	0.0021	FBXL4	ENSG00000112234
520.0	0.0021	ETS1	ENSG00000134954
520.0	0.0021	ANKRD11	ENSG00000167522
520.0	0.0021	UBA2	ENSG00000126261
520.0	0.0021	SCARF2	ENSG00000244486
520.0	0.0021	TBX20	ENSG00000164532
520.0	0.0021	CEP57	ENSG00000166037
541.0	0.002	NOTCH2	ENSG00000134250
541.0	0.002	CAMTA1	ENSG00000171735
541.0	0.002	DOCK1	ENSG00000150760
541.0	0.002	EXT2	ENSG00000151348
541.0	0.002	FOXG1	ENSG00000176165
541.0	0.002	ARCN1	ENSG00000095139
541.0	0.002	SH2B1	ENSG00000178188
541.0	0.002	POU3F3	ENSG00000198914
541.0	0.002	CAMSAP3	ENSG00000076826
541.0	0.002	KIF3B	ENSG00000101350
541.0	0.002	PLK4	ENSG00000142731
541.0	0.002	TUBGCP4	ENSG00000137822
541.0	0.002	TUBGCP6	ENSG00000128159
541.0	0.002	CDC42	ENSG00000070831
541.0	0.002	POLR3A	ENSG00000148606
541.0	0.002	BLM	ENSG00000197299
541.0	0.002	TUBA1A	ENSG00000167552
541.0	0.002	COMMD2	ENSG00000114744
541.0	0.002	CLTC	ENSG00000141367
541.0	0.002	ANTXR1	ENSG00000169604
541.0	0.002	GPC3	ENSG00000147257
576.0	0.0019	EFTUD2	ENSG00000108883
576.0	0.0019	EDEM3	ENSG00000116406
576.0	0.0019	FAM20C	ENSG00000177706
576.0	0.0019	ZBTB7A	ENSG00000178951
576.0	0.0019	PYCR1	ENSG00000183010
576.0	0.0019	KCNH1	ENSG00000143473
576.0	0.0019	ZMYM2	ENSG00000121741
576.0	0.0019	METTL5	ENSG00000138382
576.0	0.0019	STAG1	ENSG00000118007
576.0	0.0019	KDM3B	ENSG00000120733
576.0	0.0019	RPL5	ENSG00000122406
576.0	0.0019	SNRPB	ENSG00000125835
576.0	0.0019	HUWE1	ENSG00000086758
576.0	0.0019	AFG2A	ENSG00000145375
576.0	0.0019	CHST11	ENSG00000171310
576.0	0.0019	KNSTRN	ENSG00000128944
576.0	0.0019	PIK3CD	ENSG00000171608
576.0	0.0019	CCDC8	ENSG00000169515
576.0	0.0019	CUL7	ENSG00000044090
576.0	0.0019	OBSL1	ENSG00000124006
576.0	0.0019	B3GALNT2	ENSG00000162885
576.0	0.0019	B4GAT1	ENSG00000174684
576.0	0.0019	COL4A1	ENSG00000187498
576.0	0.0019	CRPPA	ENSG00000214960
576.0	0.0019	DAG1	ENSG00000173402
576.0	0.0019	FKRP	ENSG00000181027
576.0	0.0019	LARGE1	ENSG00000133424
576.0	0.0019	POMGNT1	ENSG00000085998
576.0	0.0019	POMGNT2	ENSG00000144647
576.0	0.0019	POMK	ENSG00000185900
576.0	0.0019	POMT1	ENSG00000130714
576.0	0.0019	POMT2	ENSG00000009830
576.0	0.0019	RXYLT1	ENSG00000118600
576.0	0.0019	WNT4	ENSG00000162552
576.0	0.0019	GPKOW	ENSG00000068394
598.0	0.0018	OCRL	ENSG00000122126
598.0	0.0018	CUX1	ENSG00000257923
598.0	0.0018	CTCF	ENSG00000102974
598.0	0.0018	PKD1L2	ENSG00000166473
598.0	0.0018	PSMD12	ENSG00000197170
598.0	0.0018	CEP55	ENSG00000138180
598.0	0.0018	LRP5	ENSG00000162337
598.0	0.0018	SMPD4	ENSG00000136699
598.0	0.0018	COG6	ENSG00000133103
598.0	0.0018	NEK8	ENSG00000160602
598.0	0.0018	SETD1A	ENSG00000099381
598.0	0.0018	B9D1	ENSG00000108641
598.0	0.0018	DCTN5	ENSG00000166847
598.0	0.0018	KMT2B	ENSG00000272333
598.0	0.0018	B9D2	ENSG00000123810
598.0	0.0018	CARM1	ENSG00000142453
598.0	0.0018	MYH10	ENSG00000133026
598.0	0.0018	ASXL1	ENSG00000171456
598.0	0.0018	IFT25	ENSG00000081870
598.0	0.0018	MBTPS2	ENSG00000012174
598.0	0.0018	DPH2	ENSG00000132768
598.0	0.0018	PSME3IP1	ENSG00000172775
642.0	0.0017	PRR21	ENSG00000221961
642.0	0.0017	TRAPPC10	ENSG00000160218
642.0	0.0017	ZNF668	ENSG00000167394
642.0	0.0017	LMNA	ENSG00000160789
642.0	0.0017	DNM2	ENSG00000079805
642.0	0.0017	CAMK2G	ENSG00000148660
642.0	0.0017	PAH	ENSG00000171759
642.0	0.0017	NRXN1	ENSG00000179915
642.0	0.0017	MTFMT	ENSG00000103707
642.0	0.0017	FGFRL1	ENSG00000127418
642.0	0.0017	THOC6	ENSG00000131652
642.0	0.0017	NECTIN1	ENSG00000110400
642.0	0.0017	MKKS	ENSG00000125863
642.0	0.0017	MYCN	ENSG00000134323
642.0	0.0017	LRP4	ENSG00000134569
642.0	0.0017	COX7B	ENSG00000131174
642.0	0.0017	MRPL3	ENSG00000114686
642.0	0.0017	RPS26	ENSG00000197728
642.0	0.0017	CWC27	ENSG00000153015
642.0	0.0017	MYH3	ENSG00000109063
642.0	0.0017	NALCN	ENSG00000102452
642.0	0.0017	TNNI2	ENSG00000130598
642.0	0.0017	TNNT3	ENSG00000130595
642.0	0.0017	TPM2	ENSG00000198467
642.0	0.0017	LRP2	ENSG00000081479
642.0	0.0017	BMP1	ENSG00000168487
642.0	0.0017	SLF2	ENSG00000119906
642.0	0.0017	BAIAP2	ENSG00000175866
642.0	0.0017	KAT8	ENSG00000103510
642.0	0.0017	PPP1R12A	ENSG00000058272
642.0	0.0017	ENPP1	ENSG00000197594
642.0	0.0017	ARVCF	ENSG00000099889
642.0	0.0017	COMT	ENSG00000093010
642.0	0.0017	GP1BB	ENSG00000203618
642.0	0.0017	HIRA	ENSG00000100084
642.0	0.0017	JMJD1C	ENSG00000171988
642.0	0.0017	RREB1	ENSG00000124782
642.0	0.0017	SEC24C	ENSG00000176986
642.0	0.0017	UFD1	ENSG00000070010
642.0	0.0017	NDST1	ENSG00000070614
642.0	0.0017	NAA20	ENSG00000173418
642.0	0.0017	PRUNE1	ENSG00000143363
642.0	0.0017	CTU2	ENSG00000174177
642.0	0.0017	FRMD4A	ENSG00000151474
735.0	0.0016	CDK13	ENSG00000065883
735.0	0.0016	PIEZO2	ENSG00000154864
735.0	0.0016	SETD4	ENSG00000185917
735.0	0.0016	EYA1	ENSG00000104313
735.0	0.0016	CD96	ENSG00000153283
735.0	0.0016	RPL27	ENSG00000131469
735.0	0.0016	FUT8	ENSG00000033170
735.0	0.0016	WBP11	ENSG00000084463
735.0	0.0016	EIF4A2	ENSG00000156976
735.0	0.0016	PEX1	ENSG00000127980
735.0	0.0016	PEX10	ENSG00000157911
735.0	0.0016	PEX11B	ENSG00000131779
735.0	0.0016	PEX12	ENSG00000108733
735.0	0.0016	PEX13	ENSG00000162928
735.0	0.0016	PEX14	ENSG00000142655
735.0	0.0016	PEX16	ENSG00000121680
735.0	0.0016	PEX19	ENSG00000162735
735.0	0.0016	PEX2	ENSG00000164751
735.0	0.0016	PEX26	ENSG00000215193
735.0	0.0016	PEX3	ENSG00000034693
735.0	0.0016	PEX5	ENSG00000139197
735.0	0.0016	PEX6	ENSG00000124587
735.0	0.0016	CKAP2L	ENSG00000169607
735.0	0.0016	ERI1	ENSG00000104626
735.0	0.0016	NOP53	ENSG00000105373
735.0	0.0016	TGDS	ENSG00000088451
735.0	0.0016	MOSMO	ENSG00000185716
735.0	0.0016	PDGFRA	ENSG00000134853
735.0	0.0016	CPE	ENSG00000109472
735.0	0.0016	NUP107	ENSG00000111581
735.0	0.0016	FUZ	ENSG00000010361
735.0	0.0016	TIAM1	ENSG00000156299
735.0	0.0016	DDX11	ENSG00000013573
735.0	0.0016	EIF2AK3	ENSG00000172071
735.0	0.0016	NSRP1	ENSG00000126653
735.0	0.0016	COG7	ENSG00000168434
735.0	0.0016	DPH1	ENSG00000108963
735.0	0.0016	PTK7	ENSG00000112655
735.0	0.0016	XYLT1	ENSG00000103489
735.0	0.0016	BRF1	ENSG00000185024
735.0	0.0016	SARDH	ENSG00000123453
735.0	0.0016	TMEM260	ENSG00000070269
735.0	0.0016	SLC7A7	ENSG00000155465
735.0	0.0016	GATA1	ENSG00000102145
735.0	0.0016	RPL11	ENSG00000142676
735.0	0.0016	RPL15	ENSG00000174748
735.0	0.0016	RPL18	ENSG00000063177
735.0	0.0016	RPL31	ENSG00000071082
735.0	0.0016	RPL35	ENSG00000136942
735.0	0.0016	RPL35A	ENSG00000182899
735.0	0.0016	RPL8	ENSG00000161016
735.0	0.0016	RPL9	ENSG00000163682
735.0	0.0016	RPS10	ENSG00000124614
735.0	0.0016	RPS15A	ENSG00000134419
735.0	0.0016	RPS17	ENSG00000184779
735.0	0.0016	RPS17L	ENSG00000182774
735.0	0.0016	RPS19	ENSG00000105372
735.0	0.0016	RPS20	ENSG00000008988
735.0	0.0016	RPS24	ENSG00000138326
735.0	0.0016	RPS27	ENSG00000177954
735.0	0.0016	RPS28	ENSG00000233927
735.0	0.0016	RPS29	ENSG00000213741
735.0	0.0016	RPS7	ENSG00000171863
735.0	0.0016	TSR2	ENSG00000158526
735.0	0.0016	MACF1	ENSG00000127603
735.0	0.0016	TAOK1	ENSG00000160551
735.0	0.0016	UBE3B	ENSG00000151148
735.0	0.0016	CAMK2A	ENSG00000070808
735.0	0.0016	HAAO	ENSG00000162882
735.0	0.0016	CRKL	ENSG00000099942
735.0	0.0016	LAMA5	ENSG00000130702
735.0	0.0016	PPFIBP1	ENSG00000110841
735.0	0.0016	XYLT2	ENSG00000015532
735.0	0.0016	FES	ENSG00000182511
735.0	0.0016	CYP26B1	ENSG00000003137
735.0	0.0016	ADAMTS6	ENSG00000049192
735.0	0.0016	PRMT5	ENSG00000100462
735.0	0.0016	NCOR2	ENSG00000196498
735.0	0.0016	DACT1	ENSG00000165617
735.0	0.0016	SALL1	ENSG00000103449
735.0	0.0016	BSCL2	ENSG00000168000
735.0	0.0016	PBX1	ENSG00000185630
735.0	0.0016	ECE1	ENSG00000117298
735.0	0.0016	PIEZO1	ENSG00000103335
735.0	0.0016	RARB	ENSG00000077092
735.0	0.0016	BUB1	ENSG00000169679
735.0	0.0016	BUB3	ENSG00000154473
735.0	0.0016	TRIP13	ENSG00000071539
735.0	0.0016	HNRNPH2	ENSG00000126945
735.0	0.0016	GTPBP2	ENSG00000172432
735.0	0.0016	SLIT3	ENSG00000184347
735.0	0.0016	PDGFRB	ENSG00000113721
735.0	0.0016	TFAP2A	ENSG00000137203
797.0	0.0015	IGBP1	ENSG00000089289
797.0	0.0015	HCCS	ENSG00000004961
797.0	0.0015	PSMC1	ENSG00000100764
797.0	0.0015	RPL34	ENSG00000109475
797.0	0.0015	ARSK	ENSG00000164291
797.0	0.0015	HHEX	ENSG00000152804
797.0	0.0015	PEPD	ENSG00000124299
797.0	0.0015	RASA2	ENSG00000155903
797.0	0.0015	RRAS	ENSG00000126458
797.0	0.0015	RRAS2	ENSG00000133818
797.0	0.0015	WNT7A	ENSG00000154764
797.0	0.0015	PPP2CA	ENSG00000113575
797.0	0.0015	CHD4	ENSG00000111642
797.0	0.0015	NUP188	ENSG00000095319
797.0	0.0015	ARID1A	ENSG00000117713
797.0	0.0015	CASK	ENSG00000147044
797.0	0.0015	CDKL5	ENSG00000008086
797.0	0.0015	DMXL2	ENSG00000104093
797.0	0.0015	GNAO1	ENSG00000087258
797.0	0.0015	GRIN1	ENSG00000176884
797.0	0.0015	GRM7	ENSG00000196277
797.0	0.0015	KCNA1	ENSG00000111262
797.0	0.0015	NEUROD2	ENSG00000171532
797.0	0.0015	PIGP	ENSG00000185808
797.0	0.0015	PIGQ	ENSG00000007541
797.0	0.0015	PNKP	ENSG00000039650
797.0	0.0015	SCN1B	ENSG00000105711
797.0	0.0015	SCN2A	ENSG00000136531
797.0	0.0015	SIK1	ENSG00000142178
797.0	0.0015	SLC25A22	ENSG00000177542
797.0	0.0015	SLC32A1	ENSG00000101438
797.0	0.0015	TRIM8	ENSG00000171206
797.0	0.0015	MKS1	ENSG00000011143
797.0	0.0015	SMC1A	ENSG00000072501
797.0	0.0015	ATRX	ENSG00000085224
797.0	0.0015	DPH5	ENSG00000117543
797.0	0.0015	PACS2	ENSG00000179364
797.0	0.0015	WDR26	ENSG00000162923
797.0	0.0015	CXCR4	ENSG00000121966
797.0	0.0015	PAX3	ENSG00000135903
797.0	0.0015	JMJD6	ENSG00000070495
797.0	0.0015	BAP1	ENSG00000163930
797.0	0.0015	SPEN	ENSG00000065526
797.0	0.0015	ARID1B	ENSG00000049618
797.0	0.0015	ARID2	ENSG00000189079
797.0	0.0015	SMARCB1	ENSG00000099956
797.0	0.0015	SMARCC2	ENSG00000139613
797.0	0.0015	SMARCD1	ENSG00000066117
797.0	0.0015	SMARCE1	ENSG00000073584
797.0	0.0015	SOX11	ENSG00000176887
797.0	0.0015	SOX4	ENSG00000124766
797.0	0.0015	PIK3R2	ENSG00000105647
797.0	0.0015	PGM2L1	ENSG00000165434
797.0	0.0015	DOCK6	ENSG00000130158
797.0	0.0015	NDUFB11	ENSG00000147123
797.0	0.0015	BMP10	ENSG00000163217
797.0	0.0015	MGAT2	ENSG00000168282
797.0	0.0015	MMACHC	ENSG00000132763
797.0	0.0015	DPP6	ENSG00000130226
797.0	0.0015	TBX22	ENSG00000122145
797.0	0.0015	DOLK	ENSG00000175283
797.0	0.0015	ATP9A	ENSG00000054793
872.0	0.0014	TCIRG1	ENSG00000110719
872.0	0.0014	TNFRSF11A	ENSG00000141655
872.0	0.0014	GLDN	ENSG00000186417
872.0	0.0014	IDS	ENSG00000010404
872.0	0.0014	MYRF	ENSG00000124920
872.0	0.0014	ZNF407	ENSG00000215421
872.0	0.0014	WNK1	ENSG00000060237
872.0	0.0014	SPECC1L	ENSG00000100014
872.0	0.0014	SMG9	ENSG00000105771
872.0	0.0014	KIF20A	ENSG00000112984
872.0	0.0014	AMER1	ENSG00000184675
872.0	0.0014	HSD17B7	ENSG00000132196
872.0	0.0014	ALKBH8	ENSG00000137760
872.0	0.0014	SATB1	ENSG00000182568
872.0	0.0014	PRODH2	ENSG00000250799
872.0	0.0014	QRICH1	ENSG00000198218
872.0	0.0014	FN1	ENSG00000115414
872.0	0.0014	KMT2A	ENSG00000118058
872.0	0.0014	ADAT3	ENSG00000213638
872.0	0.0014	AGGF1	ENSG00000164252
872.0	0.0014	MED25	ENSG00000104973
872.0	0.0014	MAPKAPK5	ENSG00000089022
872.0	0.0014	UBR1	ENSG00000159459
872.0	0.0014	GLDC	ENSG00000178445
872.0	0.0014	ASXL2	ENSG00000143970
872.0	0.0014	TP53BP2	ENSG00000143514
872.0	0.0014	RBPMS	ENSG00000157110
872.0	0.0014	PGM1	ENSG00000079739
872.0	0.0014	DNMT3A	ENSG00000119772
872.0	0.0014	VIPAS39	ENSG00000151445
872.0	0.0014	GPC6	ENSG00000183098
872.0	0.0014	BCR	ENSG00000186716
872.0	0.0014	MAPK1	ENSG00000100030
872.0	0.0014	KIFBP	ENSG00000198954
872.0	0.0014	ZNF366	ENSG00000178175
872.0	0.0014	NSD1	ENSG00000165671
872.0	0.0014	LGI4	ENSG00000153902
872.0	0.0014	PALB2	ENSG00000083093
872.0	0.0014	HDAC8	ENSG00000147099
872.0	0.0014	BRCA1	ENSG00000012048
872.0	0.0014	BRCA2	ENSG00000139618
872.0	0.0014	BRIP1	ENSG00000136492
872.0	0.0014	FANCA	ENSG00000187741
872.0	0.0014	FANCB	ENSG00000181544
872.0	0.0014	FANCC	ENSG00000158169
872.0	0.0014	FANCD2	ENSG00000144554
872.0	0.0014	FANCE	ENSG00000112039
872.0	0.0014	FANCF	ENSG00000183161
872.0	0.0014	FANCG	ENSG00000221829
872.0	0.0014	FANCL	ENSG00000115392
872.0	0.0014	FANCM	ENSG00000187790
872.0	0.0014	MAD2L2	ENSG00000116670
872.0	0.0014	RAD51	ENSG00000051180
872.0	0.0014	RAD51C	ENSG00000108384
872.0	0.0014	RFWD3	ENSG00000168411
872.0	0.0014	SLX4	ENSG00000188827
872.0	0.0014	UBE2T	ENSG00000077152
872.0	0.0014	XRCC2	ENSG00000196584
872.0	0.0014	ESCO2	ENSG00000171320
872.0	0.0014	PIGV	ENSG00000060642
872.0	0.0014	FLT4	ENSG00000037280
872.0	0.0014	NPPA	ENSG00000175206
872.0	0.0014	SVBP	ENSG00000177868
872.0	0.0014	VPS13B	ENSG00000132549
872.0	0.0014	CALML5	ENSG00000178372
872.0	0.0014	KAT5	ENSG00000172977
872.0	0.0014	MOGS	ENSG00000115275
872.0	0.0014	SF3B2	ENSG00000087365
872.0	0.0014	PIGL	ENSG00000108474
872.0	0.0014	IFT74	ENSG00000096872
872.0	0.0014	ZNF669	ENSG00000188295
872.0	0.0014	PHC1	ENSG00000111752
872.0	0.0014	SUFU	ENSG00000107882
872.0	0.0014	LUZP1	ENSG00000169641
872.0	0.0014	NDUFC2	ENSG00000151366
942.0	0.0013	USP18	ENSG00000184979
942.0	0.0013	GATA3	ENSG00000107485
942.0	0.0013	LARP7	ENSG00000174720
942.0	0.0013	PCDH7	ENSG00000169851
942.0	0.0013	NPRL3	ENSG00000103148
942.0	0.0013	PIK3CA	ENSG00000121879
942.0	0.0013	DDX59	ENSG00000118197
942.0	0.0013	TCTN3	ENSG00000119977
942.0	0.0013	CASZ1	ENSG00000130940
942.0	0.0013	ARSL	ENSG00000157399
942.0	0.0013	TMEM237	ENSG00000155755
942.0	0.0013	PRDM5	ENSG00000138738
942.0	0.0013	ZNF469	ENSG00000225614
942.0	0.0013	SLC19A2	ENSG00000117479
942.0	0.0013	PLCH1	ENSG00000114805
942.0	0.0013	DHX37	ENSG00000150990
942.0	0.0013	DCAF17	ENSG00000115827
942.0	0.0013	NHS	ENSG00000188158
942.0	0.0013	FZR1	ENSG00000105325
942.0	0.0013	TUBGCP2	ENSG00000130640
942.0	0.0013	SINHCAF	ENSG00000139146
942.0	0.0013	PPP2R5C	ENSG00000078304
942.0	0.0013	PTPRF	ENSG00000142949
942.0	0.0013	DLK1	ENSG00000185559
942.0	0.0013	RTL1	ENSG00000254656
942.0	0.0013	SEMA3E	ENSG00000170381
942.0	0.0013	TRMT1	ENSG00000104907
942.0	0.0013	CDK10	ENSG00000185324
942.0	0.0013	CELF2	ENSG00000048740
942.0	0.0013	H4C3	ENSG00000197061
942.0	0.0013	FLI1	ENSG00000151702
942.0	0.0013	FOXP1	ENSG00000114861
942.0	0.0013	ATP2B1	ENSG00000070961
942.0	0.0013	SRSF2	ENSG00000161547
942.0	0.0013	AKT3	ENSG00000117020
942.0	0.0013	CCND2	ENSG00000118971
942.0	0.0013	EFR3B	ENSG00000084710
942.0	0.0013	DNAAF4	ENSG00000256061
942.0	0.0013	COL1A2	ENSG00000164692
942.0	0.0013	CHRM3	ENSG00000133019
942.0	0.0013	SSR2	ENSG00000163479
942.0	0.0013	APC2	ENSG00000115266
942.0	0.0013	SETD2	ENSG00000181555
942.0	0.0013	PGAP2	ENSG00000148985
942.0	0.0013	PCGF2	ENSG00000056661
942.0	0.0013	SOCS1	ENSG00000185338
942.0	0.0013	RBM10	ENSG00000182872
942.0	0.0013	HOXA3	ENSG00000105997
942.0	0.0013	GLA	ENSG00000102393
942.0	0.0013	HECTD1	ENSG00000092148
942.0	0.0013	FOXC2	ENSG00000176692
942.0	0.0013	YWHAE	ENSG00000108953
942.0	0.0013	SOX2	ENSG00000181449
942.0	0.0013	GPC4	ENSG00000076716
942.0	0.0013	TCTN2	ENSG00000168778
942.0	0.0013	CLCN3	ENSG00000109572
942.0	0.0013	IDH1	ENSG00000138413
942.0	0.0013	DBR1	ENSG00000138231
942.0	0.0013	SLIT2	ENSG00000145147
942.0	0.0013	ODAD1	ENSG00000105479
942.0	0.0013	SLC12A2	ENSG00000064651
942.0	0.0013	ROR2	ENSG00000169071
942.0	0.0013	TBC1D25	ENSG00000068354
942.0	0.0013	FKBP1A	ENSG00000088832
942.0	0.0013	FKBP1C	ENSG00000198225
942.0	0.0013	TMEM209	ENSG00000146842
942.0	0.0013	SHROOM3	ENSG00000138771
942.0	0.0013	ZMPSTE24	ENSG00000084073
942.0	0.0013	IFT172	ENSG00000138002
942.0	0.0013	ADAM17	ENSG00000151694
1007.0	0.0012	SMAD7	ENSG00000101665
1007.0	0.0012	PNN	ENSG00000100941
1007.0	0.0012	GNB2	ENSG00000172354
1007.0	0.0012	NFATC1	ENSG00000131196
1007.0	0.0012	FOXC1	ENSG00000054598
1007.0	0.0012	MAB21L1	ENSG00000180660
1007.0	0.0012	COQ4	ENSG00000167113
1007.0	0.0012	APEX1	ENSG00000100823
1007.0	0.0012	PIERCE1	ENSG00000160345
1007.0	0.0012	DVL2	ENSG00000004975
1007.0	0.0012	ZBTB14	ENSG00000198081
1007.0	0.0012	ABCD4	ENSG00000119688
1007.0	0.0012	RRAGC	ENSG00000116954
1007.0	0.0012	SATB2	ENSG00000119042
1007.0	0.0012	FTO	ENSG00000140718
1007.0	0.0012	WDR19	ENSG00000157796
1007.0	0.0012	SALL4	ENSG00000101115
1007.0	0.0012	GRIP1	ENSG00000155974
1007.0	0.0012	CHRNG	ENSG00000196811
1007.0	0.0012	TAPT1	ENSG00000169762
1007.0	0.0012	TMCO1	ENSG00000143183
1007.0	0.0012	FLNB	ENSG00000136068
1007.0	0.0012	MEIS1	ENSG00000143995
1007.0	0.0012	RXRA	ENSG00000186350
1007.0	0.0012	NPHP3	ENSG00000113971
1007.0	0.0012	MRTFB	ENSG00000186260
1007.0	0.0012	EFNB2	ENSG00000125266
1007.0	0.0012	SYT1	ENSG00000067715
1007.0	0.0012	CYP51A1	ENSG00000001630
1007.0	0.0012	COL6A1	ENSG00000142156
1007.0	0.0012	KRIT1	ENSG00000001631
1007.0	0.0012	DYNC2I1	ENSG00000126870
1007.0	0.0012	FH	ENSG00000091483
1007.0	0.0012	GABRD	ENSG00000187730
1007.0	0.0012	HSPG2	ENSG00000142798
1007.0	0.0012	KCNAB2	ENSG00000069424
1007.0	0.0012	MMP23B	ENSG00000189409
1007.0	0.0012	PDPN	ENSG00000162493
1007.0	0.0012	PRDM16	ENSG00000142611
1007.0	0.0012	PRKCZ	ENSG00000067606
1007.0	0.0012	UBE4B	ENSG00000130939
1007.0	0.0012	MICU1	ENSG00000107745
1007.0	0.0012	CPLX1	ENSG00000168993
1007.0	0.0012	CTBP1	ENSG00000159692
1007.0	0.0012	LETM1	ENSG00000168924
1007.0	0.0012	NELFA	ENSG00000185049
1007.0	0.0012	PIGG	ENSG00000174227
1007.0	0.0012	BMPR1A	ENSG00000107779
1007.0	0.0012	PTEN	ENSG00000171862
1007.0	0.0012	MASP1	ENSG00000127241
1007.0	0.0012	SLC37A4	ENSG00000137700
1007.0	0.0012	VANGL2	ENSG00000162738
1007.0	0.0012	STRADA	ENSG00000266173
1007.0	0.0012	FTCD	ENSG00000160282
1007.0	0.0012	CA9	ENSG00000107159
1007.0	0.0012	XIRP2	ENSG00000163092
1007.0	0.0012	MAGEL2	ENSG00000254585
1007.0	0.0012	TNXB	ENSG00000168477
1007.0	0.0012	FGFR3	ENSG00000068078
1007.0	0.0012	EHMT1	ENSG00000181090
1007.0	0.0012	KMT2C	ENSG00000055609
1007.0	0.0012	APC	ENSG00000134982
1007.0	0.0012	ABL1	ENSG00000097007
1007.0	0.0012	TP63	ENSG00000073282
1007.0	0.0012	VEGFA	ENSG00000112715
1060.0	0.0011	VCAN	ENSG00000038427
1060.0	0.0011	ERBB3	ENSG00000065361
1060.0	0.0011	LBR	ENSG00000143815
1060.0	0.0011	TBC1D24	ENSG00000162065
1060.0	0.0011	AXIN1	ENSG00000103126
1060.0	0.0011	RLIM	ENSG00000131263
1060.0	0.0011	FGFR2	ENSG00000066468
1060.0	0.0011	TMEM53	ENSG00000126106
1060.0	0.0011	BCL11A	ENSG00000119866
1060.0	0.0011	MPDZ	ENSG00000107186
1060.0	0.0011	UBE3A	ENSG00000114062
1060.0	0.0011	ALDH1A2	ENSG00000128918
1060.0	0.0011	KLHL41	ENSG00000239474
1060.0	0.0011	DMPK	ENSG00000104936
1060.0	0.0011	DCPS	ENSG00000110063
1060.0	0.0011	DNAI1	ENSG00000122735
1060.0	0.0011	FRAS1	ENSG00000138759
1060.0	0.0011	DAAM1	ENSG00000100592
1060.0	0.0011	CCBE1	ENSG00000183287
1060.0	0.0011	PDHA1	ENSG00000131828
1060.0	0.0011	ODAD2	ENSG00000169126
1060.0	0.0011	JUN	ENSG00000177606
1060.0	0.0011	FHL1	ENSG00000022267
1060.0	0.0011	LIN28A	ENSG00000131914
1060.0	0.0011	ALG8	ENSG00000159063
1060.0	0.0011	KDM5B	ENSG00000117139
1060.0	0.0011	DLX4	ENSG00000108813
1060.0	0.0011	CCP110	ENSG00000103540
1060.0	0.0011	DHX35	ENSG00000101452
1060.0	0.0011	C1orf43	ENSG00000143612
1060.0	0.0011	LMBRD1	ENSG00000168216
1060.0	0.0011	EPG5	ENSG00000152223
1060.0	0.0011	CLIC2	ENSG00000155962
1060.0	0.0011	LEMD2	ENSG00000161904
1060.0	0.0011	PTF1A	ENSG00000168267
1060.0	0.0011	HIC2	ENSG00000169635
1060.0	0.0011	SNX14	ENSG00000135317
1060.0	0.0011	SMARCD3	ENSG00000082014
1060.0	0.0011	PSME4	ENSG00000068878
1060.0	0.0011	SEC31A	ENSG00000138674
1060.0	0.0011	ATIC	ENSG00000138363
1060.0	0.0011	EDN1	ENSG00000078401
1060.0	0.0011	SLC35A2	ENSG00000102100
1060.0	0.0011	NAE1	ENSG00000159593
1060.0	0.0011	AP2B1	ENSG00000006125
1060.0	0.0011	PIGO	ENSG00000165282
1060.0	0.0011	ACAD8	ENSG00000151498
1060.0	0.0011	VAC14	ENSG00000103043
1060.0	0.0011	HBEGF	ENSG00000113070
1060.0	0.0011	TLK2	ENSG00000146872
1060.0	0.0011	H4C9	ENSG00000198339
1060.0	0.0011	ACSL4	ENSG00000068366
1060.0	0.0011	KCNE5	ENSG00000176076
1125.0	0.001	SLC25A36	ENSG00000114120
1125.0	0.001	PIGA	ENSG00000165195
1125.0	0.001	ZSWIM8	ENSG00000214655
1125.0	0.001	BRD2	ENSG00000204256
1125.0	0.001	FGF13	ENSG00000129682
1125.0	0.001	TBC1D23	ENSG00000036054
1125.0	0.001	PORCN	ENSG00000102312
1125.0	0.001	SOX6	ENSG00000110693
1125.0	0.001	NDUFB7	ENSG00000099795
1125.0	0.001	SLC6A8	ENSG00000130821
1125.0	0.001	MYBPC3	ENSG00000134571
1125.0	0.001	DNAJC21	ENSG00000168724
1125.0	0.001	EFL1	ENSG00000140598
1125.0	0.001	SBDS	ENSG00000126524
1125.0	0.001	SRP54	ENSG00000100883
1125.0	0.001	DTNA	ENSG00000134769
1125.0	0.001	HNRNPR	ENSG00000125944
1125.0	0.001	DST	ENSG00000151914
1125.0	0.001	PIGT	ENSG00000124155
1125.0	0.001	ADH5	ENSG00000197894
1125.0	0.001	SHMT2	ENSG00000182199
1125.0	0.001	CORO1C	ENSG00000110880
1125.0	0.001	USP9X	ENSG00000124486
1125.0	0.001	TRIP11	ENSG00000100815
1125.0	0.001	FOXJ1	ENSG00000129654
1125.0	0.001	NAT8	ENSG00000144035
1125.0	0.001	PAX9	ENSG00000198807
1125.0	0.001	PAK2	ENSG00000180370
1125.0	0.001	TRAPPC9	ENSG00000167632
1125.0	0.001	MECOM	ENSG00000085276
1125.0	0.001	ACTN2	ENSG00000077522
1125.0	0.001	EXOC2	ENSG00000112685
1125.0	0.001	SLC39A8	ENSG00000138821
1125.0	0.001	NPAT	ENSG00000149308
1125.0	0.001	GBE1	ENSG00000114480
1125.0	0.001	PRRX1	ENSG00000116132
1125.0	0.001	IGFBP7	ENSG00000163453
1125.0	0.001	IFT81	ENSG00000122970
1125.0	0.001	PLVAP	ENSG00000130300
1125.0	0.001	CERT1	ENSG00000113163
1125.0	0.001	PIGF	ENSG00000151665
1125.0	0.001	GBX2	ENSG00000168505
1125.0	0.001	ODAD3	ENSG00000198003
1125.0	0.001	CCDC47	ENSG00000108588
1125.0	0.001	TCF7L2	ENSG00000148737
1125.0	0.001	MAPK7	ENSG00000166484
1125.0	0.001	CIR1	ENSG00000138433
1125.0	0.001	HEG1	ENSG00000173706
1125.0	0.001	COG1	ENSG00000166685
1125.0	0.001	PGAP3	ENSG00000161395
1125.0	0.001	PIGW	ENSG00000184886
1125.0	0.001	PIGY	ENSG00000255072
1125.0	0.001	DLL1	ENSG00000198719
1125.0	0.001	GNPAT	ENSG00000116906
1125.0	0.001	MYMK	ENSG00000187616
1125.0	0.001	TAF4	ENSG00000130699
1125.0	0.001	CYCS	ENSG00000172115
1125.0	0.001	GDF3	ENSG00000184344
1125.0	0.001	GDF6	ENSG00000156466
1125.0	0.001	MEOX1	ENSG00000005102
1125.0	0.001	DLL4	ENSG00000128917
1125.0	0.001	EOGT	ENSG00000163378
1125.0	0.001	RBPJ	ENSG00000168214
1125.0	0.001	PLCB4	ENSG00000101333
1125.0	0.001	AIP	ENSG00000110711
1205.0	0.0009	TCOF1	ENSG00000070814
1205.0	0.0009	FRMD5	ENSG00000171877
1205.0	0.0009	IGF2	ENSG00000167244
1205.0	0.0009	TRAF6	ENSG00000175104
1205.0	0.0009	PSPH	ENSG00000146733
1205.0	0.0009	SRRM2	ENSG00000167978
1205.0	0.0009	AHI1	ENSG00000135541
1205.0	0.0009	GRIA3	ENSG00000125675
1205.0	0.0009	SIAH1	ENSG00000196470
1205.0	0.0009	HM13	ENSG00000101294
1205.0	0.0009	JAM3	ENSG00000166086
1205.0	0.0009	TPR	ENSG00000047410
1205.0	0.0009	IDUA	ENSG00000127415
1205.0	0.0009	COG5	ENSG00000164597
1205.0	0.0009	DHCR24	ENSG00000116133
1205.0	0.0009	DNAJC19	ENSG00000205981
1205.0	0.0009	SIK3	ENSG00000160584
1205.0	0.0009	UQCRC2	ENSG00000140740
1205.0	0.0009	TENT5C	ENSG00000183508
1205.0	0.0009	CSNK2A1	ENSG00000101266
1205.0	0.0009	CLCN7	ENSG00000103249
1205.0	0.0009	SNX10	ENSG00000086300
1205.0	0.0009	TNFSF11	ENSG00000120659
1205.0	0.0009	MORC2	ENSG00000133422
1205.0	0.0009	MT-CYB	ENSG00000198727
1205.0	0.0009	CRIM1	ENSG00000150938
1205.0	0.0009	GPX4	ENSG00000167468
1205.0	0.0009	BMPR2	ENSG00000204217
1205.0	0.0009	SLC2A10	ENSG00000197496
1205.0	0.0009	MRPS22	ENSG00000175110
1205.0	0.0009	EHBP1L1	ENSG00000173442
1205.0	0.0009	XPNPEP1	ENSG00000108039
1205.0	0.0009	ZMIZ1	ENSG00000108175
1205.0	0.0009	DPYD	ENSG00000188641
1205.0	0.0009	VPS53	ENSG00000141252
1205.0	0.0009	ARL6	ENSG00000113966
1205.0	0.0009	BBIP1	ENSG00000214413
1205.0	0.0009	BBS1	ENSG00000174483
1205.0	0.0009	BBS10	ENSG00000179941
1205.0	0.0009	BBS12	ENSG00000181004
1205.0	0.0009	BBS4	ENSG00000140463
1205.0	0.0009	BBS5	ENSG00000163093
1205.0	0.0009	BBS7	ENSG00000138686
1205.0	0.0009	BBS9	ENSG00000122507
1205.0	0.0009	CEP19	ENSG00000174007
1205.0	0.0009	CFAP418	ENSG00000156172
1205.0	0.0009	CTD-3074O7.11	ENSG00000256349
1205.0	0.0009	LZTFL1	ENSG00000163818
1205.0	0.0009	NPHP1	ENSG00000144061
1205.0	0.0009	SCAPER	ENSG00000140386
1205.0	0.0009	SCLT1	ENSG00000151466
1205.0	0.0009	SDCCAG8	ENSG00000054282
1205.0	0.0009	TRIM32	ENSG00000119401
1205.0	0.0009	TTC8	ENSG00000165533
1205.0	0.0009	CYP27A1	ENSG00000135929
1205.0	0.0009	IFT140	ENSG00000187535
1205.0	0.0009	DBT	ENSG00000137992
1205.0	0.0009	PPP1R21	ENSG00000162869
1205.0	0.0009	HTT	ENSG00000197386
1205.0	0.0009	UBE3C	ENSG00000009335
1205.0	0.0009	SMN1	ENSG00000172062
1205.0	0.0009	COL1A1	ENSG00000108821
1205.0	0.0009	GALNT1	ENSG00000141429
1205.0	0.0009	ZBTB18	ENSG00000179456
1205.0	0.0009	HDAC4	ENSG00000068024
1205.0	0.0009	EFEMP2	ENSG00000172638
1205.0	0.0009	UMPS	ENSG00000114491
1205.0	0.0009	TTC7A	ENSG00000068724
1205.0	0.0009	IFIH1	ENSG00000115267
1205.0	0.0009	RALA	ENSG00000006451
1205.0	0.0009	ATP11A	ENSG00000068650
1205.0	0.0009	EXTL3	ENSG00000012232
1205.0	0.0009	MAN1B1	ENSG00000177239
1205.0	0.0009	GBA1	ENSG00000177628
1205.0	0.0009	SETBP1	ENSG00000152217
1205.0	0.0009	SLC35C1	ENSG00000181830
1205.0	0.0009	MECP2	ENSG00000169057
1205.0	0.0009	TBX3	ENSG00000135111
1205.0	0.0009	MAPRE2	ENSG00000166974
1205.0	0.0009	TUBB	ENSG00000196230
1314.0	0.0008	ACTC1	ENSG00000159251
1314.0	0.0008	EIF5A	ENSG00000132507
1314.0	0.0008	NKX3-2	ENSG00000109705
1314.0	0.0008	EED	ENSG00000074266
1314.0	0.0008	ZMYND11	ENSG00000015171
1314.0	0.0008	POLB	ENSG00000070501
1314.0	0.0008	DHX30	ENSG00000132153
1314.0	0.0008	CHD5	ENSG00000116254
1314.0	0.0008	PI4KA	ENSG00000241973
1314.0	0.0008	TNRC6B	ENSG00000100354
1314.0	0.0008	PRRC2B	ENSG00000130723
1314.0	0.0008	ACTG1	ENSG00000184009
1314.0	0.0008	TCF20	ENSG00000100207
1314.0	0.0008	KMT5B	ENSG00000110066
1314.0	0.0008	BMP5	ENSG00000112175
1314.0	0.0008	ADCY9	ENSG00000162104
1314.0	0.0008	AMMECR1L	ENSG00000144233
1314.0	0.0008	HLA-B	ENSG00000234745
1314.0	0.0008	IL12B	ENSG00000113302
1314.0	0.0008	MLX	ENSG00000108788
1314.0	0.0008	ACTN4	ENSG00000130402
1314.0	0.0008	CCDC174	ENSG00000154781
1314.0	0.0008	EVL	ENSG00000196405
1314.0	0.0008	THOC2	ENSG00000125676
1314.0	0.0008	CLCN4	ENSG00000073464
1314.0	0.0008	MYBPHL	ENSG00000221986
1314.0	0.0008	WDFY3	ENSG00000163625
1314.0	0.0008	TMEM138	ENSG00000149483
1314.0	0.0008	TMEM216	ENSG00000187049
1314.0	0.0008	TMEM231	ENSG00000205084
1314.0	0.0008	ZNF423	ENSG00000102935
1314.0	0.0008	GAS2L2	ENSG00000132139
1314.0	0.0008	AFF2	ENSG00000155966
1314.0	0.0008	EZH2	ENSG00000106462
1314.0	0.0008	SUZ12	ENSG00000178691
1314.0	0.0008	ZNF292	ENSG00000188994
1314.0	0.0008	DCX	ENSG00000077279
1314.0	0.0008	ASXL3	ENSG00000141431
1314.0	0.0008	HBA1	ENSG00000206172
1314.0	0.0008	HBA2	ENSG00000188536
1314.0	0.0008	NEXMIF	ENSG00000050030
1314.0	0.0008	ARNT2	ENSG00000172379
1314.0	0.0008	HESX1	ENSG00000163666
1314.0	0.0008	OTX2	ENSG00000165588
1314.0	0.0008	PROKR2	ENSG00000101292
1314.0	0.0008	SOX3	ENSG00000134595
1314.0	0.0008	MYO18B	ENSG00000133454
1314.0	0.0008	ADAMTSL2	ENSG00000197859
1314.0	0.0008	SZT2	ENSG00000198198
1314.0	0.0008	ERCC1	ENSG00000012061
1314.0	0.0008	ATG16L1	ENSG00000085978
1314.0	0.0008	LPAR1	ENSG00000198121
1314.0	0.0008	CENPE	ENSG00000138778
1314.0	0.0008	ZEB1	ENSG00000148516
1314.0	0.0008	ALMS1	ENSG00000116127
1314.0	0.0008	D2HGDH	ENSG00000180902
1314.0	0.0008	UQCRFS1	ENSG00000169021
1314.0	0.0008	RIPPLY3	ENSG00000183145
1314.0	0.0008	MAP1B	ENSG00000131711
1314.0	0.0008	PRKAR1A	ENSG00000108946
1314.0	0.0008	GNPTG	ENSG00000090581
1314.0	0.0008	HEXIM1	ENSG00000186834
1314.0	0.0008	PIGS	ENSG00000087111
1314.0	0.0008	HOXB4	ENSG00000182742
1314.0	0.0008	TNPO2	ENSG00000105576
1314.0	0.0008	LARS2	ENSG00000011376
1314.0	0.0008	AFF3	ENSG00000144218
1314.0	0.0008	ADAMTS3	ENSG00000156140
1314.0	0.0008	ASH1L	ENSG00000116539
1314.0	0.0008	ARK2C	ENSG00000141622
1314.0	0.0008	NCAPD2	ENSG00000010292
1314.0	0.0008	CISD2	ENSG00000145354
1314.0	0.0008	GLB1	ENSG00000170266
1314.0	0.0008	ANKRD17	ENSG00000132466
1314.0	0.0008	KIAA0586	ENSG00000100578
1314.0	0.0008	ARSB	ENSG00000113273
1314.0	0.0008	GSC	ENSG00000133937
1314.0	0.0008	TGFB1	ENSG00000105329
1314.0	0.0008	CBX6	ENSG00000183741
1314.0	0.0008	EFNA1	ENSG00000169242
1314.0	0.0008	SMARCA2	ENSG00000080503
1314.0	0.0008	ECHS1	ENSG00000127884
1314.0	0.0008	PLXNA1	ENSG00000114554
1314.0	0.0008	IFNG	ENSG00000111537
1314.0	0.0008	TSC1	ENSG00000165699
1314.0	0.0008	TSC2	ENSG00000103197
1314.0	0.0008	FRMPD4	ENSG00000169933
1314.0	0.0008	CMIP	ENSG00000153815
1314.0	0.0008	TAB1	ENSG00000100324
1314.0	0.0008	CAMK2B	ENSG00000058404
1314.0	0.0008	MEMO1	ENSG00000162959
1314.0	0.0008	CTSK	ENSG00000143387
1314.0	0.0008	GET3	ENSG00000198356
1314.0	0.0008	FEZF2	ENSG00000153266
1314.0	0.0008	EMG1	ENSG00000126749
1314.0	0.0008	EXOSC5	ENSG00000077348
1314.0	0.0008	CTBP2	ENSG00000175029
1314.0	0.0008	GRIN2A	ENSG00000183454
1314.0	0.0008	GALNT2	ENSG00000143641
1314.0	0.0008	CXCL12	ENSG00000107562
1314.0	0.0008	RIGI	ENSG00000107201
1314.0	0.0008	CHD8	ENSG00000100888
1314.0	0.0008	CDK5	ENSG00000164885
1314.0	0.0008	HGS	ENSG00000185359
1314.0	0.0008	HECTD4	ENSG00000173064
1314.0	0.0008	CDC6	ENSG00000094804
1314.0	0.0008	CDT1	ENSG00000167513
1314.0	0.0008	ORC1	ENSG00000085840
1314.0	0.0008	ORC4	ENSG00000115947
1511.0	0.0007	ALPK3	ENSG00000136383
1511.0	0.0007	VAX1	ENSG00000148704
1511.0	0.0007	KNL1	ENSG00000137812
1511.0	0.0007	HGD	ENSG00000113924
1511.0	0.0007	ITGB1	ENSG00000150093
1511.0	0.0007	CHMP4B	ENSG00000101421
1511.0	0.0007	H4C5	ENSG00000198518
1511.0	0.0007	TOE1	ENSG00000132773
1511.0	0.0007	CCNK	ENSG00000090061
1511.0	0.0007	CHMP4C	ENSG00000164695
1511.0	0.0007	GFI1B	ENSG00000165702
1511.0	0.0007	NBN	ENSG00000104320
1511.0	0.0007	PURA	ENSG00000185129
1511.0	0.0007	MIPEP	ENSG00000027001
1511.0	0.0007	PDZD8	ENSG00000165650
1511.0	0.0007	HOXA13	ENSG00000106031
1511.0	0.0007	STX5	ENSG00000162236
1511.0	0.0007	CLCF1	ENSG00000175505
1511.0	0.0007	SIX1	ENSG00000126778
1511.0	0.0007	RAB3GAP2	ENSG00000118873
1511.0	0.0007	NRP1	ENSG00000099250
1511.0	0.0007	PMM2	ENSG00000140650
1511.0	0.0007	FADD	ENSG00000168040
1511.0	0.0007	MADD	ENSG00000110514
1511.0	0.0007	AGO1	ENSG00000092847
1511.0	0.0007	THOC5	ENSG00000100296
1511.0	0.0007	NAGPA	ENSG00000103174
1511.0	0.0007	THOC1	ENSG00000079134
1511.0	0.0007	RPS23	ENSG00000186468
1511.0	0.0007	MYL2	ENSG00000111245
1511.0	0.0007	OSGEP	ENSG00000092094
1511.0	0.0007	ZAP70	ENSG00000115085
1511.0	0.0007	IL1RAPL1	ENSG00000169306
1511.0	0.0007	BLTP1	ENSG00000138688
1511.0	0.0007	ATP6V1B2	ENSG00000147416
1511.0	0.0007	SLC39A4	ENSG00000147804
1511.0	0.0007	RNF4	ENSG00000063978
1511.0	0.0007	RTN3	ENSG00000133318
1511.0	0.0007	TOR1A	ENSG00000136827
1511.0	0.0007	TGFBR3	ENSG00000069702
1511.0	0.0007	CEP152	ENSG00000103995
1511.0	0.0007	OTUD7B	ENSG00000163113
1511.0	0.0007	FAM149B1	ENSG00000138286
1511.0	0.0007	KIAA0753	ENSG00000198920
1511.0	0.0007	PDE6D	ENSG00000156973
1511.0	0.0007	TOPORS	ENSG00000197579
1511.0	0.0007	KCNJ11	ENSG00000187486
1511.0	0.0007	PPP1R15B	ENSG00000158615
1511.0	0.0007	PSEN1	ENSG00000080815
1511.0	0.0007	IHH	ENSG00000163501
1511.0	0.0007	GABBR2	ENSG00000136928
1511.0	0.0007	NTNG1	ENSG00000162631
1511.0	0.0007	CRB2	ENSG00000148204
1511.0	0.0007	RFX3	ENSG00000080298
1511.0	0.0007	TCF4	ENSG00000196628
1511.0	0.0007	TRIP12	ENSG00000153827
1511.0	0.0007	TMEM67	ENSG00000164953
1511.0	0.0007	BSND	ENSG00000162399
1511.0	0.0007	CLCNKA	ENSG00000186510
1511.0	0.0007	CLCNKB	ENSG00000184908
1511.0	0.0007	DIS3L2	ENSG00000144535
1511.0	0.0007	CRMP1	ENSG00000072832
1511.0	0.0007	SDHA	ENSG00000073578
1511.0	0.0007	SDHAF1	ENSG00000205138
1511.0	0.0007	SDHB	ENSG00000117118
1511.0	0.0007	ATAD3A	ENSG00000197785
1511.0	0.0007	GNAQ	ENSG00000156052
1511.0	0.0007	IGF2R	ENSG00000197081
1511.0	0.0007	MPL	ENSG00000117400
1511.0	0.0007	THPO	ENSG00000090534
1511.0	0.0007	DEAF1	ENSG00000177030
1511.0	0.0007	FLII	ENSG00000177731
1511.0	0.0007	IQSEC2	ENSG00000124313
1511.0	0.0007	U2AF2	ENSG00000063244
1511.0	0.0007	PTDSS1	ENSG00000156471
1511.0	0.0007	CLN8	ENSG00000182372
1511.0	0.0007	KDM4B	ENSG00000127663
1511.0	0.0007	MSTO1	ENSG00000125459
1511.0	0.0007	CDK11A	ENSG00000008128
1511.0	0.0007	DPAGT1	ENSG00000172269
1511.0	0.0007	GNB1	ENSG00000078369
1511.0	0.0007	GYG1	ENSG00000163754
1511.0	0.0007	KCNQ4	ENSG00000117013
1511.0	0.0007	APLP2	ENSG00000084234
1511.0	0.0007	JAG2	ENSG00000184916
1511.0	0.0007	IRF4	ENSG00000137265
1511.0	0.0007	MEN1	ENSG00000133895
1511.0	0.0007	RECQL4	ENSG00000160957
1511.0	0.0007	KCNJ8	ENSG00000121361
1511.0	0.0007	DDC	ENSG00000132437
1511.0	0.0007	ACTL6B	ENSG00000077080
1511.0	0.0007	AP3B2	ENSG00000103723
1511.0	0.0007	ARV1	ENSG00000173409
1511.0	0.0007	ATP1A2	ENSG00000018625
1511.0	0.0007	ATP1A3	ENSG00000105409
1511.0	0.0007	CACNA1A	ENSG00000141837
1511.0	0.0007	CACNA1B	ENSG00000148408
1511.0	0.0007	CACNA2D1	ENSG00000153956
1511.0	0.0007	CDK19	ENSG00000155111
1511.0	0.0007	CNKSR2	ENSG00000149970
1511.0	0.0007	DALRD3	ENSG00000178149
1511.0	0.0007	DHDDS	ENSG00000117682
1511.0	0.0007	DNM1	ENSG00000106976
1511.0	0.0007	EEF1A2	ENSG00000101210
1511.0	0.0007	FBXO28	ENSG00000143756
1511.0	0.0007	FGF12	ENSG00000114279
1511.0	0.0007	GABRA2	ENSG00000151834
1511.0	0.0007	GABRA5	ENSG00000186297
1511.0	0.0007	GABRB2	ENSG00000145864
1511.0	0.0007	GABRG2	ENSG00000113327
1511.0	0.0007	GRIN2D	ENSG00000105464
1511.0	0.0007	HCN1	ENSG00000164588
1511.0	0.0007	KCNA2	ENSG00000177301
1511.0	0.0007	KCNB1	ENSG00000158445
1511.0	0.0007	NECAP1	ENSG00000089818
1511.0	0.0007	NTRK2	ENSG00000148053
1511.0	0.0007	NUS1	ENSG00000153989
1511.0	0.0007	PARS2	ENSG00000162396
1511.0	0.0007	PPP3CA	ENSG00000138814
1511.0	0.0007	SCN3A	ENSG00000153253
1511.0	0.0007	SCN8A	ENSG00000196876
1511.0	0.0007	SLC13A5	ENSG00000141485
1511.0	0.0007	SLC1A2	ENSG00000110436
1511.0	0.0007	SYNGAP1	ENSG00000197283
1511.0	0.0007	SYNJ1	ENSG00000159082
1511.0	0.0007	TRAK1	ENSG00000182606
1511.0	0.0007	UBA5	ENSG00000081307
1511.0	0.0007	WWOX	ENSG00000186153
1511.0	0.0007	YWHAG	ENSG00000170027
1511.0	0.0007	SMOC1	ENSG00000198732
1511.0	0.0007	NEDD4	ENSG00000069869
1511.0	0.0007	ADSL	ENSG00000239900
1511.0	0.0007	UBAP2L	ENSG00000143569
1511.0	0.0007	DLX5	ENSG00000105880
1511.0	0.0007	PHACTR1	ENSG00000112137
1511.0	0.0007	KCNJ2	ENSG00000123700
1511.0	0.0007	KCNJ5	ENSG00000120457
1511.0	0.0007	BICC1	ENSG00000122870
1511.0	0.0007	GLYR1	ENSG00000140632
1511.0	0.0007	ZBTB20	ENSG00000181722
1511.0	0.0007	CLN5	ENSG00000102805
1511.0	0.0007	CLN6	ENSG00000128973
1511.0	0.0007	CTSD	ENSG00000117984
1511.0	0.0007	DNAJC5	ENSG00000101152
1511.0	0.0007	GRN	ENSG00000030582
1511.0	0.0007	MFSD8	ENSG00000164073
1511.0	0.0007	PPT1	ENSG00000131238
1511.0	0.0007	TPP1	ENSG00000166340
1511.0	0.0007	NAGA	ENSG00000198951
1511.0	0.0007	TTC5	ENSG00000136319
1511.0	0.0007	PHLPP2	ENSG00000040199
1511.0	0.0007	PHLPP1	ENSG00000081913
1511.0	0.0007	ADAM22	ENSG00000008277
1511.0	0.0007	CWF19L1	ENSG00000095485
1511.0	0.0007	ZIC1	ENSG00000152977
1511.0	0.0007	WEE1	ENSG00000166483
1511.0	0.0007	ACP2	ENSG00000134575
1511.0	0.0007	STAC3	ENSG00000185482
1511.0	0.0007	FJX1	ENSG00000179431
1511.0	0.0007	FGF1	ENSG00000113578
1511.0	0.0007	CENPJ	ENSG00000151849
1511.0	0.0007	ATP7A	ENSG00000165240
1511.0	0.0007	MMP9	ENSG00000100985
1511.0	0.0007	KDM2B	ENSG00000089094
1511.0	0.0007	TPK1	ENSG00000196511
1511.0	0.0007	CDCA7	ENSG00000144354
1511.0	0.0007	DNMT3B	ENSG00000088305
1511.0	0.0007	HELLS	ENSG00000119969
1511.0	0.0007	ZBTB24	ENSG00000112365
1511.0	0.0007	PIK3R1	ENSG00000145675
1511.0	0.0007	SLC9A6	ENSG00000198689
1511.0	0.0007	TFE3	ENSG00000068323
1511.0	0.0007	PDLIM3	ENSG00000154553
1511.0	0.0007	SMPD1	ENSG00000166311
1511.0	0.0007	WARS1	ENSG00000140105
1511.0	0.0007	STEEP1	ENSG00000018610
1511.0	0.0007	BRCC3	ENSG00000185515
1511.0	0.0007	CALM3	ENSG00000160014
1511.0	0.0007	CNOT3	ENSG00000088038
1511.0	0.0007	GON7	ENSG00000170270
1511.0	0.0007	LAGE3	ENSG00000196976
1511.0	0.0007	NUP133	ENSG00000069248
1511.0	0.0007	TPRKB	ENSG00000144034
1511.0	0.0007	WDR4	ENSG00000160193
1511.0	0.0007	WDR73	ENSG00000177082
1511.0	0.0007	YRDC	ENSG00000196449
1511.0	0.0007	GNAI3	ENSG00000065135
1511.0	0.0007	ZFP1	ENSG00000184517
1511.0	0.0007	HYAL2	ENSG00000068001
1511.0	0.0007	STOM	ENSG00000148175
1511.0	0.0007	CHRD	ENSG00000090539
1511.0	0.0007	RYR2	ENSG00000198626
1511.0	0.0007	SLC26A2	ENSG00000155850
1511.0	0.0007	CAV1	ENSG00000105974
1511.0	0.0007	USP7	ENSG00000187555
1511.0	0.0007	NTNG2	ENSG00000196358
1511.0	0.0007	SEMA3C	ENSG00000075223
1693.0	0.0006	FOXN3	ENSG00000053254
1693.0	0.0006	RHAG	ENSG00000112077
1693.0	0.0006	TXNRD2	ENSG00000184470
1693.0	0.0006	ATR	ENSG00000175054
1693.0	0.0006	ATRIP	ENSG00000164053
1693.0	0.0006	NUP85	ENSG00000125450
1693.0	0.0006	RBBP8	ENSG00000101773
1693.0	0.0006	PAX8	ENSG00000125618
1693.0	0.0006	SMPD3	ENSG00000103056
1693.0	0.0006	CHD1	ENSG00000153922
1693.0	0.0006	HS2ST1	ENSG00000153936
1693.0	0.0006	GATAD2B	ENSG00000143614
1693.0	0.0006	RAB3GAP1	ENSG00000115839
1693.0	0.0006	HMOX1	ENSG00000100292
1693.0	0.0006	C12orf57	ENSG00000111678
1693.0	0.0006	AEBP1	ENSG00000106624
1693.0	0.0006	NRCAM	ENSG00000091129
1693.0	0.0006	MRGPRD	ENSG00000172938
1693.0	0.0006	SMCP	ENSG00000163206
1693.0	0.0006	FZD4	ENSG00000174804
1693.0	0.0006	CSPP1	ENSG00000104218
1693.0	0.0006	RPGRIP1	ENSG00000092200
1693.0	0.0006	TCTN1	ENSG00000204852
1693.0	0.0006	TMEM107	ENSG00000179029
1693.0	0.0006	TTR	ENSG00000118271
1693.0	0.0006	IARS1	ENSG00000196305
1693.0	0.0006	NFASC	ENSG00000163531
1693.0	0.0006	RAB18	ENSG00000099246
1693.0	0.0006	TBC1D20	ENSG00000125875
1693.0	0.0006	ARL6IP6	ENSG00000177917
1693.0	0.0006	GNA11	ENSG00000088256
1693.0	0.0006	MYPN	ENSG00000138347
1693.0	0.0006	DICER1	ENSG00000100697
1693.0	0.0006	ZSWIM6	ENSG00000130449
1693.0	0.0006	DHX8	ENSG00000067596
1693.0	0.0006	CLPP	ENSG00000125656
1693.0	0.0006	TENT5A	ENSG00000112773
1693.0	0.0006	IRAK2	ENSG00000134070
1693.0	0.0006	TCF7L1	ENSG00000152284
1693.0	0.0006	CA2	ENSG00000104267
1693.0	0.0006	TMEM33	ENSG00000109133
1693.0	0.0006	WNT2B	ENSG00000134245
1693.0	0.0006	POLR1B	ENSG00000125630
1693.0	0.0006	POLR1C	ENSG00000171453
1693.0	0.0006	DEPDC1B	ENSG00000035499
1693.0	0.0006	NDN	ENSG00000182636
1693.0	0.0006	OCA2	ENSG00000104044
1693.0	0.0006	CTNNB1	ENSG00000168036
1693.0	0.0006	ZNF148	ENSG00000163848
1693.0	0.0006	PEX7	ENSG00000112357
1693.0	0.0006	DYNLRB1	ENSG00000125971
1693.0	0.0006	MESD	ENSG00000117899
1693.0	0.0006	HECW2	ENSG00000138411
1693.0	0.0006	TACO1	ENSG00000136463
1693.0	0.0006	DYNLRB2	ENSG00000168589
1693.0	0.0006	PRKAR1B	ENSG00000188191
1693.0	0.0006	RDH11	ENSG00000072042
1693.0	0.0006	ACTA1	ENSG00000143632
1693.0	0.0006	ITGA7	ENSG00000135424
1693.0	0.0006	MLTK	ENSG00000091436
1693.0	0.0006	TPM3	ENSG00000143549
1693.0	0.0006	SMO	ENSG00000128602
1693.0	0.0006	LINGO3	ENSG00000220008
1693.0	0.0006	ADAR	ENSG00000160710
1693.0	0.0006	LSM11	ENSG00000155858
1693.0	0.0006	RNASEH2A	ENSG00000104889
1693.0	0.0006	RNASEH2B	ENSG00000136104
1693.0	0.0006	RNASEH2C	ENSG00000172922
1693.0	0.0006	SAMHD1	ENSG00000101347
1693.0	0.0006	TREX1	ENSG00000213689
1693.0	0.0006	NRIP1	ENSG00000180530
1693.0	0.0006	ASNS	ENSG00000070669
1693.0	0.0006	GUSB	ENSG00000169919
1693.0	0.0006	WNT5A	ENSG00000114251
1693.0	0.0006	OPHN1	ENSG00000079482
1693.0	0.0006	ACTG2	ENSG00000163017
1693.0	0.0006	BCL11B	ENSG00000127152
1693.0	0.0006	PDE4D	ENSG00000113448
1693.0	0.0006	C1QL4	ENSG00000186897
1693.0	0.0006	MED12L	ENSG00000144893
1693.0	0.0006	HOXD13	ENSG00000128714
1693.0	0.0006	POU4F1	ENSG00000152192
1693.0	0.0006	ALG1	ENSG00000033011
1693.0	0.0006	WDR62	ENSG00000075702
1693.0	0.0006	PPARG	ENSG00000132170
1693.0	0.0006	STT3A	ENSG00000134910
1693.0	0.0006	CNTNAP1	ENSG00000108797
1693.0	0.0006	VEZF1	ENSG00000136451
1693.0	0.0006	CTNNA2	ENSG00000066032
1693.0	0.0006	PRMT7	ENSG00000132600
1693.0	0.0006	SCNM1	ENSG00000163156
1693.0	0.0006	IFT43	ENSG00000119650
1693.0	0.0006	GALNS	ENSG00000141012
1693.0	0.0006	UBTF	ENSG00000108312
1693.0	0.0006	SLC25A12	ENSG00000115840
1693.0	0.0006	RAP1GDS1	ENSG00000138698
1693.0	0.0006	HNRNPH1	ENSG00000169045
1693.0	0.0006	TSPAN1	ENSG00000117472
1693.0	0.0006	KCNMA1	ENSG00000156113
1693.0	0.0006	KCNN3	ENSG00000143603
1693.0	0.0006	HOXD9	ENSG00000128709
1693.0	0.0006	SOX9	ENSG00000125398
1693.0	0.0006	POLR2A	ENSG00000181222
1693.0	0.0006	TRPM3	ENSG00000083067
1693.0	0.0006	TBCD	ENSG00000141556
1693.0	0.0006	DHODH	ENSG00000102967
1693.0	0.0006	CHRNA1	ENSG00000138435
1693.0	0.0006	CHRND	ENSG00000135902
1693.0	0.0006	SLC35D1	ENSG00000116704
1693.0	0.0006	ADAM23	ENSG00000114948
1693.0	0.0006	PARD3	ENSG00000148498
1693.0	0.0006	ATXN1	ENSG00000124788
1693.0	0.0006	GRK2	ENSG00000173020
1693.0	0.0006	HAND2	ENSG00000164107
1693.0	0.0006	TOGARAM1	ENSG00000198718
1693.0	0.0006	MITF	ENSG00000187098
1693.0	0.0006	RSRC1	ENSG00000174891
1693.0	0.0006	TBX15	ENSG00000092607
1693.0	0.0006	KCND2	ENSG00000184408
1693.0	0.0006	WNK3	ENSG00000196632
1693.0	0.0006	GCN1	ENSG00000089154
1693.0	0.0006	CDH11	ENSG00000140937
1693.0	0.0006	LIFR	ENSG00000113594
1693.0	0.0006	DVL1	ENSG00000107404
1693.0	0.0006	FZD2	ENSG00000180340
1693.0	0.0006	SRBD1	ENSG00000068784
1693.0	0.0006	XRN2	ENSG00000088930
1693.0	0.0006	GMPPB	ENSG00000173540
1693.0	0.0006	COL11A2	ENSG00000204248
1693.0	0.0006	VGLL4	ENSG00000144560
1693.0	0.0006	TBC1D32	ENSG00000146350
1693.0	0.0006	ALG2	ENSG00000119523
1693.0	0.0006	UNC80	ENSG00000144406
1693.0	0.0006	PNPLA2	ENSG00000177666
1693.0	0.0006	PHIP	ENSG00000146247
1693.0	0.0006	CDON	ENSG00000064309
1693.0	0.0006	CRIPTO	ENSG00000241186
1693.0	0.0006	DISP1	ENSG00000154309
1693.0	0.0006	FGF8	ENSG00000107831
1693.0	0.0006	GAS1	ENSG00000180447
1693.0	0.0006	GLI2	ENSG00000074047
1693.0	0.0006	PTCH1	ENSG00000185920
1693.0	0.0006	SHH	ENSG00000164690
1693.0	0.0006	SIX3	ENSG00000138083
1693.0	0.0006	STIL	ENSG00000123473
1693.0	0.0006	TGIF1	ENSG00000177426
1693.0	0.0006	AKT1	ENSG00000142208
1693.0	0.0006	KLLN	ENSG00000227268
1693.0	0.0006	SDHC	ENSG00000143252
1693.0	0.0006	SEC23B	ENSG00000101310
1693.0	0.0006	USF3	ENSG00000176542
1693.0	0.0006	DLG1	ENSG00000075711
1693.0	0.0006	ALG3	ENSG00000214160
1693.0	0.0006	POLE4	ENSG00000115350
1693.0	0.0006	TBCE	ENSG00000116957
1693.0	0.0006	XRN1	ENSG00000114127
1693.0	0.0006	GRIK2	ENSG00000164418
1693.0	0.0006	BST2	ENSG00000130303
1693.0	0.0006	ARB2A	ENSG00000113391
1693.0	0.0006	GLRA1	ENSG00000145888
1693.0	0.0006	NPPC	ENSG00000163273
1693.0	0.0006	IBA57	ENSG00000181873
1693.0	0.0006	LAS1L	ENSG00000001497
1693.0	0.0006	EPHB4	ENSG00000196411
1693.0	0.0006	PLEKHA7	ENSG00000166689
1693.0	0.0006	RAB39B	ENSG00000155961
1693.0	0.0006	EGFR	ENSG00000146648
1693.0	0.0006	KYNU	ENSG00000115919
1693.0	0.0006	TRMT10A	ENSG00000145331
1693.0	0.0006	HYOU1	ENSG00000149428
1693.0	0.0006	OPALIN	ENSG00000197430
1693.0	0.0006	DPM1	ENSG00000000419
1693.0	0.0006	NUP155	ENSG00000113569
1693.0	0.0006	STS	ENSG00000101846
1693.0	0.0006	ODC1	ENSG00000115758
1693.0	0.0006	ADAT2	ENSG00000189007
1693.0	0.0006	OSTM1	ENSG00000081087
1693.0	0.0006	CHN1	ENSG00000128656
1693.0	0.0006	MAFB	ENSG00000204103
1693.0	0.0006	PTH1R	ENSG00000160801
1693.0	0.0006	PI4KB	ENSG00000143393
1693.0	0.0006	CCDC88A	ENSG00000115355
2024.0	0.0005	MTOR	ENSG00000198793
2024.0	0.0005	EXOSC10	ENSG00000171824
2024.0	0.0005	TNNC1	ENSG00000114854
2024.0	0.0005	CLPB	ENSG00000162129
2024.0	0.0005	TBC1D2B	ENSG00000167202
2024.0	0.0005	CD55	ENSG00000196352
2024.0	0.0005	STK32B	ENSG00000152953
2024.0	0.0005	HSD17B10	ENSG00000072506
2024.0	0.0005	AP2M1	ENSG00000161203
2024.0	0.0005	CHD2	ENSG00000173575
2024.0	0.0005	SCN1A	ENSG00000144285
2024.0	0.0005	SLC2A1	ENSG00000117394
2024.0	0.0005	SLC6A1	ENSG00000157103
2024.0	0.0005	TUBGCP5	ENSG00000153575
2024.0	0.0005	NFIB	ENSG00000147862
2024.0	0.0005	NDUFA2	ENSG00000131495
2024.0	0.0005	CRLF1	ENSG00000006016
2024.0	0.0005	DLL3	ENSG00000090932
2024.0	0.0005	HES7	ENSG00000179111
2024.0	0.0005	LFNG	ENSG00000106003
2024.0	0.0005	MESP2	ENSG00000188095
2024.0	0.0005	RIPPLY2	ENSG00000203877
2024.0	0.0005	ANKS3	ENSG00000168096
2024.0	0.0005	AASS	ENSG00000008311
2024.0	0.0005	PLAA	ENSG00000137055
2024.0	0.0005	BPTF	ENSG00000171634
2024.0	0.0005	SETD1B	ENSG00000139718
2024.0	0.0005	TRAPPC11	ENSG00000168538
2024.0	0.0005	GLYCTK	ENSG00000168237
2024.0	0.0005	KCNJ6	ENSG00000157542
2024.0	0.0005	POLE	ENSG00000177084
2024.0	0.0005	WDR70	ENSG00000082068
2024.0	0.0005	PIK3C2A	ENSG00000011405
2024.0	0.0005	SLC6A4	ENSG00000108576
2024.0	0.0005	ATPAF2	ENSG00000171953
2024.0	0.0005	SC5D	ENSG00000109929
2024.0	0.0005	ADAT1	ENSG00000065457
2024.0	0.0005	MEF2C	ENSG00000081189
2024.0	0.0005	MN1	ENSG00000169184
2024.0	0.0005	NSG1	ENSG00000168824
2024.0	0.0005	ZNHIT3	ENSG00000108278
2024.0	0.0005	NARS1	ENSG00000134440
2024.0	0.0005	SP7	ENSG00000170374
2024.0	0.0005	LIPK	ENSG00000204021
2024.0	0.0005	HAND1	ENSG00000113196
2024.0	0.0005	VWF	ENSG00000110799
2024.0	0.0005	SLC3A2	ENSG00000168003
2024.0	0.0005	MYLK3	ENSG00000140795
2024.0	0.0005	KBTBD13	ENSG00000234438
2024.0	0.0005	NEB	ENSG00000183091
2024.0	0.0005	FURIN	ENSG00000140564
2024.0	0.0005	SUCO	ENSG00000094975
2024.0	0.0005	FGF10	ENSG00000070193
2024.0	0.0005	INS	ENSG00000254647
2024.0	0.0005	LRRK1	ENSG00000154237
2024.0	0.0005	ETS2	ENSG00000157557
2024.0	0.0005	DOCK7	ENSG00000116641
2024.0	0.0005	IGF1	ENSG00000017427
2024.0	0.0005	NRG1	ENSG00000157168
2024.0	0.0005	OPA3	ENSG00000125741
2024.0	0.0005	METTL6	ENSG00000206562
2024.0	0.0005	INTS11	ENSG00000127054
2024.0	0.0005	GRIA4	ENSG00000152578
2024.0	0.0005	SNAP29	ENSG00000099940
2024.0	0.0005	AGTR2	ENSG00000180772
2024.0	0.0005	HDAC6	ENSG00000094631
2024.0	0.0005	FAM120B	ENSG00000112584
2024.0	0.0005	DPP9	ENSG00000142002
2024.0	0.0005	HNF1B	ENSG00000108753
2024.0	0.0005	LHX1	ENSG00000132130
2024.0	0.0005	ADAMTS2	ENSG00000087116
2024.0	0.0005	ATXN1L	ENSG00000224470
2024.0	0.0005	MTSS2	ENSG00000132613
2024.0	0.0005	EMC1	ENSG00000127463
2024.0	0.0005	ERCC5	ENSG00000134899
2024.0	0.0005	PRKRA	ENSG00000180228
2024.0	0.0005	HEPACAM	ENSG00000165478
2024.0	0.0005	ATP1A1	ENSG00000163399
2024.0	0.0005	COL25A1	ENSG00000188517
2024.0	0.0005	ERGIC1	ENSG00000113719
2024.0	0.0005	SCYL2	ENSG00000136021
2024.0	0.0005	KIFC3	ENSG00000140859
2024.0	0.0005	RIN2	ENSG00000132669
2024.0	0.0005	ANKLE2	ENSG00000176915
2024.0	0.0005	MAN2C1	ENSG00000140400
2024.0	0.0005	VARS1	ENSG00000204394
2024.0	0.0005	BCORL1	ENSG00000085185
2024.0	0.0005	MT-ATP8	ENSG00000228253
2024.0	0.0005	HMGA2	ENSG00000149948
2024.0	0.0005	LEMD3	ENSG00000174106
2024.0	0.0005	LRP6	ENSG00000070018
2024.0	0.0005	VPS25	ENSG00000131475
2024.0	0.0005	BICD2	ENSG00000185963
2024.0	0.0005	SLC25A19	ENSG00000125454
2024.0	0.0005	ARNT	ENSG00000143437
2024.0	0.0005	USP22	ENSG00000124422
2024.0	0.0005	FGF23	ENSG00000118972
2024.0	0.0005	FOXP2	ENSG00000128573
2024.0	0.0005	TNNT2	ENSG00000118194
2024.0	0.0005	NACA	ENSG00000196531
2024.0	0.0005	H4C11	ENSG00000197238
2024.0	0.0005	DDOST	ENSG00000244038
2024.0	0.0005	KCNC2	ENSG00000166006
2024.0	0.0005	PHF21A	ENSG00000135365
2024.0	0.0005	BDNF	ENSG00000176697
2024.0	0.0005	PAX6	ENSG00000007372
2024.0	0.0005	BIRC3	ENSG00000023445
2024.0	0.0005	CHKA	ENSG00000110721
2024.0	0.0005	HAS2	ENSG00000170961
2024.0	0.0005	SLC35B2	ENSG00000157593
2024.0	0.0005	DYNC2I2	ENSG00000119333
2024.0	0.0005	IFT80	ENSG00000068885
2024.0	0.0005	RP11-432B6.3	ENSG00000248710
2024.0	0.0005	ADGRL1	ENSG00000072071
2024.0	0.0005	KLK1	ENSG00000167748
2024.0	0.0005	KLK2	ENSG00000167751
2024.0	0.0005	KLK3	ENSG00000142515
2024.0	0.0005	RFT1	ENSG00000163933
2024.0	0.0005	BRAT1	ENSG00000106009
2024.0	0.0005	CSRP3	ENSG00000129170
2024.0	0.0005	ATG7	ENSG00000197548
2024.0	0.0005	TTI2	ENSG00000129696
2024.0	0.0005	ZFHX4	ENSG00000091656
2024.0	0.0005	MEPE	ENSG00000152595
2024.0	0.0005	HERC1	ENSG00000103657
2024.0	0.0005	SSR1	ENSG00000124783
2024.0	0.0005	SMYD1	ENSG00000115593
2024.0	0.0005	CYFIP1	ENSG00000068793
2024.0	0.0005	IGFBP2	ENSG00000115457
2024.0	0.0005	NBEA	ENSG00000172915
2024.0	0.0005	PLEKHA8	ENSG00000106086
2024.0	0.0005	CCDC63	ENSG00000173093
2024.0	0.0005	PIGB	ENSG00000069943
2024.0	0.0005	KIF15	ENSG00000163808
2024.0	0.0005	RHOBTB2	ENSG00000008853
2024.0	0.0005	COL5A1	ENSG00000130635
2024.0	0.0005	SBK3	ENSG00000231274
2024.0	0.0005	DNAAF3	ENSG00000167646
2024.0	0.0005	TWIST2	ENSG00000233608
2024.0	0.0005	HMGB3	ENSG00000029993
2024.0	0.0005	SSR4	ENSG00000180879
2024.0	0.0005	CANX	ENSG00000127022
2024.0	0.0005	GPSM2	ENSG00000121957
2024.0	0.0005	CPEB1	ENSG00000214575
2024.0	0.0005	MFSD2A	ENSG00000168389
2024.0	0.0005	OTUB1	ENSG00000167770
2024.0	0.0005	RBP1	ENSG00000114115
2024.0	0.0005	LTBP3	ENSG00000168056
2024.0	0.0005	DPYS	ENSG00000147647
2024.0	0.0005	SPP1	ENSG00000118785
2024.0	0.0005	CHSY1	ENSG00000131873
2024.0	0.0005	MSX2	ENSG00000120149
2024.0	0.0005	DSCAM	ENSG00000171587
2024.0	0.0005	ABCB7	ENSG00000131269
2024.0	0.0005	MINPP1	ENSG00000107789
2024.0	0.0005	SLC35D2	ENSG00000130958
2024.0	0.0005	DUSP8	ENSG00000184545
2024.0	0.0005	SCUBE2	ENSG00000175356
2024.0	0.0005	MFAP4	ENSG00000166482
2024.0	0.0005	DCLK1	ENSG00000133083
2024.0	0.0005	TUBB3	ENSG00000198211
2024.0	0.0005	PSAT1	ENSG00000135069
2024.0	0.0005	KDM6B	ENSG00000132510
2024.0	0.0005	AGPAT2	ENSG00000169692
2024.0	0.0005	GLE1	ENSG00000119392
2024.0	0.0005	MAOA	ENSG00000189221
2024.0	0.0005	MAOB	ENSG00000069535
2024.0	0.0005	NOMO2	ENSG00000185164
2024.0	0.0005	CPT2	ENSG00000157184
2024.0	0.0005	KDM1B	ENSG00000165097
2024.0	0.0005	AGL	ENSG00000162688
2024.0	0.0005	DDB1	ENSG00000167986
2024.0	0.0005	NOVA2	ENSG00000104967
2024.0	0.0005	PVR	ENSG00000073008
2024.0	0.0005	CWH43	ENSG00000109182
2024.0	0.0005	SCN4A	ENSG00000007314
2024.0	0.0005	EGR2	ENSG00000122877
2024.0	0.0005	ALX1	ENSG00000180318
2024.0	0.0005	LPIN2	ENSG00000101577
2024.0	0.0005	GEMIN4	ENSG00000179409
2024.0	0.0005	HHAT	ENSG00000054392
2024.0	0.0005	EPCAM	ENSG00000119888
2024.0	0.0005	FAN1	ENSG00000198690
2024.0	0.0005	MLH1	ENSG00000076242
2024.0	0.0005	MLH3	ENSG00000119684
2024.0	0.0005	MSH2	ENSG00000095002
2024.0	0.0005	MSH6	ENSG00000116062
2024.0	0.0005	PMS1	ENSG00000064933
2024.0	0.0005	PMS2	ENSG00000122512
2024.0	0.0005	TMTC3	ENSG00000139324
2024.0	0.0005	REV3L	ENSG00000009413
2024.0	0.0005	CSF2	ENSG00000164400
2024.0	0.0005	RBM17	ENSG00000134453
2024.0	0.0005	SLC3A1	ENSG00000138079
2024.0	0.0005	YME1L1	ENSG00000136758
2024.0	0.0005	DDX25	ENSG00000109832
2024.0	0.0005	EGLN1	ENSG00000135766
2024.0	0.0005	CDO1	ENSG00000129596
2024.0	0.0005	KCNN2	ENSG00000080709
2024.0	0.0005	B4GALT7	ENSG00000027847
2024.0	0.0005	DZIP1L	ENSG00000158163
2024.0	0.0005	PKHD1	ENSG00000170927
2024.0	0.0005	RUNX2	ENSG00000124813
2024.0	0.0005	SLBP	ENSG00000163950
2024.0	0.0005	KATNA1	ENSG00000186625
2024.0	0.0005	COG4	ENSG00000103051
2024.0	0.0005	ERCC8	ENSG00000049167
2024.0	0.0005	CCNL1	ENSG00000163660
2024.0	0.0005	ERCC6	ENSG00000225830
2024.0	0.0005	ERCC6-PGBD3	ENSG00000258838
2024.0	0.0005	PKD2L1	ENSG00000107593
2024.0	0.0005	ATP5MF-PTCD1	ENSG00000248919
2024.0	0.0005	PTCD1	ENSG00000106246
2024.0	0.0005	HOXC8	ENSG00000037965
2024.0	0.0005	PKNOX2	ENSG00000165495
2024.0	0.0005	ALX3	ENSG00000156150
2024.0	0.0005	KCNK4	ENSG00000182450
2024.0	0.0005	RORA	ENSG00000069667
2024.0	0.0005	FBXW8	ENSG00000174989
2024.0	0.0005	EDARADD	ENSG00000186197
2024.0	0.0005	HERC2	ENSG00000128731
2024.0	0.0005	TRIM37	ENSG00000108395
2024.0	0.0005	HSD17B4	ENSG00000133835
2024.0	0.0005	STARD3	ENSG00000131748
2024.0	0.0005	TCEAL1	ENSG00000172465
2024.0	0.0005	ZNF276	ENSG00000158805
2024.0	0.0005	DLG4	ENSG00000132535
2024.0	0.0005	USB1	ENSG00000103005
2024.0	0.0005	DONSON	ENSG00000159147
2024.0	0.0005	VHL	ENSG00000134086
2024.0	0.0005	WFS1	ENSG00000109501
2024.0	0.0005	MIEN1	ENSG00000141741
2024.0	0.0005	FOXM1	ENSG00000111206
2024.0	0.0005	SPTAN1	ENSG00000197694
2024.0	0.0005	VDAC1	ENSG00000213585
2024.0	0.0005	CALR	ENSG00000179218
2024.0	0.0005	FKBP1B	ENSG00000119782
2024.0	0.0005	SLC25A20	ENSG00000178537
2024.0	0.0005	NGLY1	ENSG00000151092
2024.0	0.0005	SRF	ENSG00000112658
2024.0	0.0005	EPOR	ENSG00000187266
2024.0	0.0005	ARL9	ENSG00000196503
2024.0	0.0005	CSNK2A3	ENSG00000254598
2024.0	0.0005	GNAI1	ENSG00000127955
2024.0	0.0005	LBX1	ENSG00000138136
2024.0	0.0005	CMYA5	ENSG00000164309
2024.0	0.0005	USO1	ENSG00000138768
2024.0	0.0005	GYS1	ENSG00000104812
2024.0	0.0005	NUDT6	ENSG00000170917
2024.0	0.0005	ITPA	ENSG00000125877
2024.0	0.0005	MYH6	ENSG00000197616
2024.0	0.0005	PUS1	ENSG00000177192
2024.0	0.0005	PSMB8	ENSG00000204264
2024.0	0.0005	RBP4	ENSG00000138207
2024.0	0.0005	FOXRED1	ENSG00000110074
2024.0	0.0005	MT-ND1	ENSG00000198888
2024.0	0.0005	MT-ND2	ENSG00000198763
2024.0	0.0005	MT-ND3	ENSG00000198840
2024.0	0.0005	NDUFA1	ENSG00000125356
2024.0	0.0005	NDUFA11	ENSG00000174886
2024.0	0.0005	NDUFA6	ENSG00000184983
2024.0	0.0005	NDUFAF1	ENSG00000137806
2024.0	0.0005	NDUFAF2	ENSG00000164182
2024.0	0.0005	NDUFAF3	ENSG00000178057
2024.0	0.0005	NDUFAF4	ENSG00000123545
2024.0	0.0005	NDUFAF5	ENSG00000101247
2024.0	0.0005	NDUFAF8	ENSG00000224877
2024.0	0.0005	NDUFB10	ENSG00000140990
2024.0	0.0005	NDUFB3	ENSG00000119013
2024.0	0.0005	NDUFB9	ENSG00000147684
2024.0	0.0005	NDUFS1	ENSG00000023228
2024.0	0.0005	NDUFS2	ENSG00000158864
2024.0	0.0005	NDUFS3	ENSG00000213619
2024.0	0.0005	NDUFS4	ENSG00000164258
2024.0	0.0005	NDUFS6	ENSG00000145494
2024.0	0.0005	NDUFS7	ENSG00000115286
2024.0	0.0005	NDUFS8	ENSG00000110717
2024.0	0.0005	NDUFV1	ENSG00000167792
2024.0	0.0005	NDUFV2	ENSG00000178127
2024.0	0.0005	NUBPL	ENSG00000151413
2024.0	0.0005	TIMMDC1	ENSG00000113845
2024.0	0.0005	TMEM126B	ENSG00000171204
2024.0	0.0005	XRCC5	ENSG00000079246
2024.0	0.0005	SIN3B	ENSG00000127511
2024.0	0.0005	MSL3	ENSG00000005302
2024.0	0.0005	DUSP19	ENSG00000162999
2024.0	0.0005	MTDH	ENSG00000147649
2024.0	0.0005	KIF1B	ENSG00000054523
2024.0	0.0005	FTSJ1	ENSG00000068438
2024.0	0.0005	KIF26A	ENSG00000066735
2024.0	0.0005	RNF13	ENSG00000082996
2024.0	0.0005	EPO	ENSG00000130427
2024.0	0.0005	NAA35	ENSG00000135040
2024.0	0.0005	DOCK11	ENSG00000147251
2024.0	0.0005	RPF2	ENSG00000197498
2024.0	0.0005	DLG3	ENSG00000082458
2024.0	0.0005	PIP5K1C	ENSG00000186111
2024.0	0.0005	VPS13A	ENSG00000197969
2024.0	0.0005	TBX6	ENSG00000149922
2024.0	0.0005	SERPINH1	ENSG00000149257
2024.0	0.0005	KIF3A	ENSG00000131437
2024.0	0.0005	PTS	ENSG00000150787
2024.0	0.0005	AFG2B	ENSG00000171763
2024.0	0.0005	AP3D1	ENSG00000065000
2024.0	0.0005	HOXA2	ENSG00000105996
2024.0	0.0005	MUSK	ENSG00000030304
2024.0	0.0005	ALG14	ENSG00000172339
2024.0	0.0005	EXOC7	ENSG00000182473
2024.0	0.0005	DOCK8	ENSG00000107099
2024.0	0.0005	AP1G1	ENSG00000166747
2024.0	0.0005	CENPF	ENSG00000117724
2024.0	0.0005	CMTM3	ENSG00000140931
2024.0	0.0005	ADARB2	ENSG00000185736
2024.0	0.0005	ASCC3	ENSG00000112249
2024.0	0.0005	PNPLA6	ENSG00000032444
2024.0	0.0005	MAP3K2	ENSG00000169967
2024.0	0.0005	MAP3K3	ENSG00000198909
2024.0	0.0005	MAP3K19	ENSG00000176601
2024.0	0.0005	PDCD1	ENSG00000188389
2024.0	0.0005	CEMP1	ENSG00000205923
2024.0	0.0005	NLGN4X	ENSG00000146938
2024.0	0.0005	FREM1	ENSG00000164946
2024.0	0.0005	SIX5	ENSG00000177045
2024.0	0.0005	LNX1	ENSG00000072201
2024.0	0.0005	ALKBH1	ENSG00000100601
2024.0	0.0005	AKAP13	ENSG00000170776
2024.0	0.0005	UCP3	ENSG00000175564
2024.0	0.0005	COL4A5	ENSG00000188153
2024.0	0.0005	GHR	ENSG00000112964
2024.0	0.0005	SAE1	ENSG00000142230
2024.0	0.0005	BMPER	ENSG00000164619
3092.0	0.0004	RYR3	ENSG00000198838
3092.0	0.0004	DIO3	ENSG00000197406
3092.0	0.0004	MIA3	ENSG00000154305
3092.0	0.0004	NIBAN2	ENSG00000136830
3092.0	0.0004	SET	ENSG00000119335
3092.0	0.0004	RPA3	ENSG00000106399
3092.0	0.0004	KCNQ2	ENSG00000075043
3092.0	0.0004	DOCK9	ENSG00000088387
3092.0	0.0004	MYSM1	ENSG00000162601
3092.0	0.0004	ALG11	ENSG00000253710
3092.0	0.0004	ZRANB1	ENSG00000019995
3092.0	0.0004	ALX4	ENSG00000052850
3092.0	0.0004	HPDL	ENSG00000186603
3092.0	0.0004	TTI1	ENSG00000101407
3092.0	0.0004	NOMO1	ENSG00000103512
3092.0	0.0004	YWHAB	ENSG00000166913
3092.0	0.0004	PSMC3	ENSG00000165916
3092.0	0.0004	FBXO11	ENSG00000138081
3092.0	0.0004	BCL2	ENSG00000171791
3092.0	0.0004	ANKLE1	ENSG00000160117
3092.0	0.0004	HMGCL	ENSG00000117305
3092.0	0.0004	TECR	ENSG00000099797
3092.0	0.0004	IL6	ENSG00000136244
3092.0	0.0004	CNTNAP2	ENSG00000174469
3092.0	0.0004	TANC2	ENSG00000170921
3092.0	0.0004	TIGIT	ENSG00000181847
3092.0	0.0004	PSMC5	ENSG00000087191
3092.0	0.0004	KATNAL1	ENSG00000102781
3092.0	0.0004	WNT3	ENSG00000108379
3092.0	0.0004	KATNAL2	ENSG00000167216
3092.0	0.0004	CAV3	ENSG00000182533
3092.0	0.0004	URM1	ENSG00000167118
3092.0	0.0004	DLG2	ENSG00000150672
3092.0	0.0004	FGF18	ENSG00000156427
3092.0	0.0004	NHLRC2	ENSG00000196865
3092.0	0.0004	NECTIN2	ENSG00000130202
3092.0	0.0004	MYL7	ENSG00000106631
3092.0	0.0004	PREPL	ENSG00000138078
3092.0	0.0004	NPHP4	ENSG00000131697
3092.0	0.0004	C9orf72	ENSG00000147894
3092.0	0.0004	CHMP2B	ENSG00000083937
3092.0	0.0004	MAPT	ENSG00000186868
3092.0	0.0004	SQSTM1	ENSG00000161011
3092.0	0.0004	TMEM106B	ENSG00000106460
3092.0	0.0004	TREM2	ENSG00000095970
3092.0	0.0004	VCP	ENSG00000165280
3092.0	0.0004	JUP	ENSG00000173801
3092.0	0.0004	FUCA1	ENSG00000179163
3092.0	0.0004	HIBCH	ENSG00000198130
3092.0	0.0004	RPA1	ENSG00000132383
3092.0	0.0004	PAK3	ENSG00000077264
3092.0	0.0004	DEDD	ENSG00000158796
3092.0	0.0004	CDC40	ENSG00000168438
3092.0	0.0004	TPO	ENSG00000115705
3092.0	0.0004	MOCS3	ENSG00000124217
3092.0	0.0004	PGR	ENSG00000082175
3092.0	0.0004	CDKN1C	ENSG00000129757
3092.0	0.0004	CTU1	ENSG00000142544
3092.0	0.0004	MBOAT7	ENSG00000125505
3092.0	0.0004	XRCC4	ENSG00000152422
3092.0	0.0004	SPICE1	ENSG00000163611
3092.0	0.0004	PRPF19	ENSG00000110107
3092.0	0.0004	PLAG1	ENSG00000181690
3092.0	0.0004	ZNF711	ENSG00000147180
3092.0	0.0004	ADCYAP1R1	ENSG00000078549
3092.0	0.0004	XPO1	ENSG00000082898
3092.0	0.0004	SLU7	ENSG00000164609
3092.0	0.0004	LSS	ENSG00000160285
3092.0	0.0004	FGF9	ENSG00000102678
3092.0	0.0004	ASF1B	ENSG00000105011
3092.0	0.0004	NUP88	ENSG00000108559
3092.0	0.0004	PFDN5	ENSG00000123349
3092.0	0.0004	ADGRG1	ENSG00000205336
3092.0	0.0004	SRPX2	ENSG00000102359
3092.0	0.0004	SOST	ENSG00000167941
3092.0	0.0004	GNS	ENSG00000135677
3092.0	0.0004	TANGO2	ENSG00000183597
3092.0	0.0004	RIOK2	ENSG00000058729
3092.0	0.0004	ATM	ENSG00000149311
3092.0	0.0004	RPA2	ENSG00000117748
3092.0	0.0004	ASF1A	ENSG00000111875
3092.0	0.0004	FA2H	ENSG00000103089
3092.0	0.0004	PAWR	ENSG00000177425
3092.0	0.0004	TAGLN	ENSG00000149591
3092.0	0.0004	CERS1	ENSG00000223802
3092.0	0.0004	ELK1	ENSG00000126767
3092.0	0.0004	MYL11	ENSG00000180209
3092.0	0.0004	FECH	ENSG00000066926
3092.0	0.0004	XPO7	ENSG00000130227
3092.0	0.0004	RFX1	ENSG00000132005
3092.0	0.0004	SLC16A2	ENSG00000147100
3092.0	0.0004	VCAM1	ENSG00000162692
3092.0	0.0004	MGME1	ENSG00000125871
3092.0	0.0004	CADPS2	ENSG00000081803
3092.0	0.0004	DCDC2	ENSG00000146038
3092.0	0.0004	CTDP1	ENSG00000060069
3092.0	0.0004	TSN	ENSG00000211460
3092.0	0.0004	HSPB8	ENSG00000152137
3092.0	0.0004	SELENOI	ENSG00000138018
3092.0	0.0004	DKK1	ENSG00000107984
3092.0	0.0004	CEP135	ENSG00000174799
3092.0	0.0004	TFIP11	ENSG00000100109
3092.0	0.0004	C4A	ENSG00000244731
3092.0	0.0004	CCR1	ENSG00000163823
3092.0	0.0004	ERAP1	ENSG00000164307
3092.0	0.0004	FAS	ENSG00000026103
3092.0	0.0004	IFNGR1	ENSG00000027697
3092.0	0.0004	IL10	ENSG00000136634
3092.0	0.0004	IL12A	ENSG00000168811
3092.0	0.0004	IL23R	ENSG00000162594
3092.0	0.0004	KLRC4	ENSG00000183542
3092.0	0.0004	MEFV	ENSG00000103313
3092.0	0.0004	STAT4	ENSG00000138378
3092.0	0.0004	TLR4	ENSG00000136869
3092.0	0.0004	COX10	ENSG00000006695
3092.0	0.0004	MFAP1	ENSG00000140259
3092.0	0.0004	ANTXR2	ENSG00000163297
3092.0	0.0004	MAF	ENSG00000178573
3092.0	0.0004	UROD	ENSG00000126088
3092.0	0.0004	BPNT2	ENSG00000104331
3092.0	0.0004	TSG101	ENSG00000074319
3092.0	0.0004	SECISBP2	ENSG00000187742
3092.0	0.0004	PLXDC1	ENSG00000161381
3092.0	0.0004	SARS2	ENSG00000104835
3092.0	0.0004	GABRA1	ENSG00000022355
3092.0	0.0004	PCDH19	ENSG00000165194
3092.0	0.0004	SCN9A	ENSG00000169432
3092.0	0.0004	SARS1	ENSG00000031698
3092.0	0.0004	TRMT112	ENSG00000173113
3092.0	0.0004	CEP162	ENSG00000135315
3092.0	0.0004	MYOD1	ENSG00000129152
3092.0	0.0004	ACVR1B	ENSG00000135503
3092.0	0.0004	DDB2	ENSG00000134574
3092.0	0.0004	XPA	ENSG00000136936
3092.0	0.0004	XPC	ENSG00000154767
3092.0	0.0004	CHAMP1	ENSG00000198824
3092.0	0.0004	KIF14	ENSG00000118193
3092.0	0.0004	NRG3	ENSG00000185737
3092.0	0.0004	BTRC	ENSG00000166167
3092.0	0.0004	SELO	ENSG00000073169
3092.0	0.0004	NAA15	ENSG00000164134
3092.0	0.0004	AGA	ENSG00000038002
3092.0	0.0004	MFAP2	ENSG00000117122
3092.0	0.0004	ALKBH3	ENSG00000166199
3092.0	0.0004	IVL	ENSG00000163207
3092.0	0.0004	LZTS2	ENSG00000107816
3092.0	0.0004	TFAP2C	ENSG00000087510
3092.0	0.0004	KAT2A	ENSG00000108773
3092.0	0.0004	HOXB1	ENSG00000120094
3092.0	0.0004	TCF12	ENSG00000140262
3092.0	0.0004	SYNE3	ENSG00000176438
3092.0	0.0004	TACC3	ENSG00000013810
3092.0	0.0004	UEVLD	ENSG00000151116
3092.0	0.0004	NR2E1	ENSG00000112333
3092.0	0.0004	SELM	ENSG00000198832
3092.0	0.0004	RBM15	ENSG00000162775
3092.0	0.0004	MT-CO1	ENSG00000198804
3092.0	0.0004	MT-CO2	ENSG00000198712
3092.0	0.0004	MT-CO3	ENSG00000198938
3092.0	0.0004	MT-ND4	ENSG00000198886
3092.0	0.0004	MT-ND5	ENSG00000198786
3092.0	0.0004	MT-ND6	ENSG00000198695
3092.0	0.0004	CKAP5	ENSG00000175216
3092.0	0.0004	MARS1	ENSG00000166986
3092.0	0.0004	SYNE1	ENSG00000131018
3092.0	0.0004	COL9A1	ENSG00000112280
3092.0	0.0004	COL9A2	ENSG00000049089
3092.0	0.0004	COL9A3	ENSG00000092758
3092.0	0.0004	ARF6	ENSG00000165527
3092.0	0.0004	GCFC2	ENSG00000005436
3092.0	0.0004	NAA16	ENSG00000172766
3092.0	0.0004	GRIA1	ENSG00000155511
3092.0	0.0004	NEUROG2	ENSG00000178403
3092.0	0.0004	SPART	ENSG00000133104
3092.0	0.0004	PSMC6	ENSG00000100519
3092.0	0.0004	SFN	ENSG00000175793
3092.0	0.0004	CARS2	ENSG00000134905
3092.0	0.0004	VARS2	ENSG00000137411
3092.0	0.0004	ATP5F1A	ENSG00000152234
3092.0	0.0004	ATP5F1D	ENSG00000099624
3092.0	0.0004	ATP5F1E	ENSG00000124172
3092.0	0.0004	ATP5MK	ENSG00000173915
3092.0	0.0004	ATPAF1	ENSG00000123472
3092.0	0.0004	MT-ATP6	ENSG00000198899
3092.0	0.0004	KIF1A	ENSG00000130294
3092.0	0.0004	TNS3	ENSG00000136205
3092.0	0.0004	RNF2	ENSG00000121481
3092.0	0.0004	TP73	ENSG00000078900
3092.0	0.0004	CD248	ENSG00000174807
3092.0	0.0004	ZMYM4	ENSG00000146463
3092.0	0.0004	TOP3A	ENSG00000177302
3092.0	0.0004	TACC1	ENSG00000147526
3092.0	0.0004	ZNF280B	ENSG00000198477
3092.0	0.0004	FGF7	ENSG00000140285
3092.0	0.0004	ZNF280C	ENSG00000056277
3092.0	0.0004	DPH3	ENSG00000154813
3092.0	0.0004	ZNF280D	ENSG00000137871
3092.0	0.0004	ZNF280A	ENSG00000169548
3092.0	0.0004	SEC24B	ENSG00000138802
3092.0	0.0004	RELA	ENSG00000173039
3092.0	0.0004	ATRN	ENSG00000088812
3092.0	0.0004	SLC6A9	ENSG00000196517
3092.0	0.0004	UNC79	ENSG00000133958
3092.0	0.0004	NMD3	ENSG00000169251
3092.0	0.0004	KIDINS220	ENSG00000134313
3092.0	0.0004	COMMD10	ENSG00000145781
3092.0	0.0004	CHKB	ENSG00000100288
3092.0	0.0004	GDF11	ENSG00000135414
3092.0	0.0004	ZNF622	ENSG00000173545
3092.0	0.0004	ELMO3	ENSG00000102890
3092.0	0.0004	IFITM5	ENSG00000206013
3092.0	0.0004	CEP85L	ENSG00000111860
3092.0	0.0004	P4HB	ENSG00000185624
3092.0	0.0004	C1GALT1C1	ENSG00000171155
3092.0	0.0004	SELK	ENSG00000113811
3092.0	0.0004	ALKBH2	ENSG00000189046
3092.0	0.0004	PRNP	ENSG00000171867
3092.0	0.0004	EEF2	ENSG00000167658
3092.0	0.0004	BMP7	ENSG00000101144
3092.0	0.0004	RPS3A	ENSG00000145425
3092.0	0.0004	TACR1	ENSG00000115353
3092.0	0.0004	LIAS	ENSG00000121897
3092.0	0.0004	MC4R	ENSG00000166603
3092.0	0.0004	PPARA	ENSG00000186951
3092.0	0.0004	TMOD1	ENSG00000136842
3092.0	0.0004	ABCC6	ENSG00000091262
3092.0	0.0004	CRB3	ENSG00000130545
3092.0	0.0004	IARS2	ENSG00000067704
3092.0	0.0004	SAP18	ENSG00000150459
3092.0	0.0004	LEF1	ENSG00000138795
3092.0	0.0004	FGD1	ENSG00000102302
3092.0	0.0004	CDCA7L	ENSG00000164649
3092.0	0.0004	EBNA1BP2	ENSG00000117395
3092.0	0.0004	FCHSD2	ENSG00000137478
3092.0	0.0004	STAC	ENSG00000144681
3092.0	0.0004	GRIA2	ENSG00000120251
3092.0	0.0004	PSIP1	ENSG00000164985
3092.0	0.0004	ZNF608	ENSG00000168916
3092.0	0.0004	PIGM	ENSG00000143315
3092.0	0.0004	DEK	ENSG00000124795
3092.0	0.0004	NFKB1	ENSG00000109320
3092.0	0.0004	GALC	ENSG00000054983
3092.0	0.0004	PSAP	ENSG00000197746
3092.0	0.0004	NELL2	ENSG00000184613
3092.0	0.0004	FUBP1	ENSG00000162613
3092.0	0.0004	DOCK5	ENSG00000147459
3092.0	0.0004	CNBP	ENSG00000169714
3092.0	0.0004	PPP1CC	ENSG00000186298
3092.0	0.0004	TERT	ENSG00000164362
3092.0	0.0004	TESK1	ENSG00000107140
3092.0	0.0004	PPP1CA	ENSG00000172531
3092.0	0.0004	EXOSC1	ENSG00000171311
3092.0	0.0004	RAB38	ENSG00000123892
3092.0	0.0004	EPB41L5	ENSG00000115109
3092.0	0.0004	HNRNPA1	ENSG00000135486
3092.0	0.0004	HNRNPA2B1	ENSG00000122566
3092.0	0.0004	SF3B1	ENSG00000115524
3092.0	0.0004	COX6B1	ENSG00000126267
3092.0	0.0004	GLRX5	ENSG00000182512
3092.0	0.0004	FUBP3	ENSG00000107164
3092.0	0.0004	CCN3	ENSG00000136999
3092.0	0.0004	SF3A2	ENSG00000104897
3092.0	0.0004	FGF3	ENSG00000186895
3092.0	0.0004	ELMO1	ENSG00000155849
3092.0	0.0004	NFIA	ENSG00000162599
3092.0	0.0004	CELF1	ENSG00000149187
3092.0	0.0004	EXOC8	ENSG00000116903
3092.0	0.0004	MMD	ENSG00000108960
3092.0	0.0004	U2AF1	ENSG00000160201
3092.0	0.0004	COL17A1	ENSG00000065618
3092.0	0.0004	SAMM50	ENSG00000100347
3092.0	0.0004	DOK7	ENSG00000175920
3092.0	0.0004	KIF21A	ENSG00000139116
3092.0	0.0004	RAPSN	ENSG00000165917
3092.0	0.0004	L1CAM	ENSG00000198910
3092.0	0.0004	SLC6A20	ENSG00000163817
3092.0	0.0004	ALKBH5	ENSG00000091542
3092.0	0.0004	RAC3	ENSG00000169750
3092.0	0.0004	KCNH5	ENSG00000140015
3092.0	0.0004	PLA2G6	ENSG00000184381
3092.0	0.0004	COX5B	ENSG00000135940
3092.0	0.0004	TRAP1	ENSG00000126602
3092.0	0.0004	ETV6	ENSG00000139083
3092.0	0.0004	MC2R	ENSG00000185231
3092.0	0.0004	DNAAF2	ENSG00000165506
3092.0	0.0004	ARHGAP6	ENSG00000047648
3092.0	0.0004	USP3	ENSG00000140455
3092.0	0.0004	MTA3	ENSG00000057935
3092.0	0.0004	QDPR	ENSG00000151552
3092.0	0.0004	ZNF335	ENSG00000198026
3092.0	0.0004	ECEL1	ENSG00000171551
3092.0	0.0004	PBRM1	ENSG00000163939
3092.0	0.0004	COX7C	ENSG00000127184
3092.0	0.0004	HSPB2	ENSG00000170276
3092.0	0.0004	HDAC3	ENSG00000171720
3092.0	0.0004	BGN	ENSG00000182492
3092.0	0.0004	CBX5	ENSG00000094916
3092.0	0.0004	CYC1	ENSG00000179091
3092.0	0.0004	SCN2B	ENSG00000149575
3092.0	0.0004	EBF3	ENSG00000108001
3092.0	0.0004	RAI2	ENSG00000131831
3092.0	0.0004	MYO5A	ENSG00000197535
3092.0	0.0004	ANK3	ENSG00000151150
3092.0	0.0004	TOMM7	ENSG00000196683
3092.0	0.0004	PA2G4	ENSG00000170515
3092.0	0.0004	TRIM41	ENSG00000146063
3092.0	0.0004	MYT1L	ENSG00000186487
3092.0	0.0004	NAA30	ENSG00000139977
3092.0	0.0004	HDAC2	ENSG00000196591
3092.0	0.0004	SEL1L	ENSG00000071537
3092.0	0.0004	TADA3	ENSG00000171148
3092.0	0.0004	DNAJC2	ENSG00000105821
3092.0	0.0004	THUMPD1	ENSG00000066654
3092.0	0.0004	AFG3L2	ENSG00000141385
3092.0	0.0004	PIGX	ENSG00000163964
3092.0	0.0004	TXN	ENSG00000136810
3092.0	0.0004	INAFM1	ENSG00000257704
3092.0	0.0004	IL3	ENSG00000164399
3092.0	0.0004	CCDC40	ENSG00000141519
3092.0	0.0004	ESR1	ENSG00000091831
3092.0	0.0004	CRTAP	ENSG00000170275
3092.0	0.0004	SSTR2	ENSG00000180616
3092.0	0.0004	DNMT1	ENSG00000130816
3092.0	0.0004	SHOX	ENSG00000185960
3092.0	0.0004	HOXA5	ENSG00000106004
3092.0	0.0004	PAX2	ENSG00000075891
3092.0	0.0004	HDAC5	ENSG00000108840
3092.0	0.0004	AMD1	ENSG00000123505
3092.0	0.0004	NCOA3	ENSG00000124151
3092.0	0.0004	COX6A2	ENSG00000156885
3092.0	0.0004	CUL4B	ENSG00000158290
3092.0	0.0004	KCND3	ENSG00000171385
3092.0	0.0004	MRAP2	ENSG00000135324
3092.0	0.0004	POFUT2	ENSG00000186866
3092.0	0.0004	FGF16	ENSG00000196468
3092.0	0.0004	BCAS4	ENSG00000124243
3092.0	0.0004	COL18A1	ENSG00000182871
3092.0	0.0004	BNC2	ENSG00000173068
3092.0	0.0004	NAXD	ENSG00000213995
3092.0	0.0004	COX6A1	ENSG00000111775
3092.0	0.0004	TANK	ENSG00000136560
3092.0	0.0004	ACO2	ENSG00000100412
3092.0	0.0004	THBS1	ENSG00000137801
3092.0	0.0004	TMEM19	ENSG00000139291
3092.0	0.0004	CEP164	ENSG00000110274
3092.0	0.0004	VPS39	ENSG00000166887
3092.0	0.0004	BCS1L	ENSG00000074582
3092.0	0.0004	CLPX	ENSG00000166855
3092.0	0.0004	NCF1B	ENSG00000182487
3092.0	0.0004	NCF1C	ENSG00000165178
3092.0	0.0004	SETD6	ENSG00000103037
3092.0	0.0004	MYH8	ENSG00000133020
3092.0	0.0004	TSPAN12	ENSG00000106025
3092.0	0.0004	CDK9	ENSG00000136807
3092.0	0.0004	SPAST	ENSG00000021574
3092.0	0.0004	PRDX1	ENSG00000117450
3092.0	0.0004	CDK12	ENSG00000167258
3092.0	0.0004	TFPI	ENSG00000003436
3092.0	0.0004	DSTYK	ENSG00000133059
3092.0	0.0004	YIPF1	ENSG00000058799
3092.0	0.0004	PSMD5	ENSG00000095261
3092.0	0.0004	COX5A	ENSG00000178741
3092.0	0.0004	AGPS	ENSG00000018510
3092.0	0.0004	RUNX3	ENSG00000020633
3092.0	0.0004	CEP83	ENSG00000173588
3092.0	0.0004	CFP	ENSG00000126759
3092.0	0.0004	FLVCR2	ENSG00000119686
3092.0	0.0004	IGHMBP2	ENSG00000132740
3092.0	0.0004	NCOA2	ENSG00000140396
3092.0	0.0004	CCNT1	ENSG00000129315
3092.0	0.0004	MED1	ENSG00000125686
3092.0	0.0004	CHUK	ENSG00000213341
3092.0	0.0004	TRAT1	ENSG00000163519
3092.0	0.0004	WBP4	ENSG00000120688
3092.0	0.0004	OS9	ENSG00000135506
3092.0	0.0004	NAA11	ENSG00000156269
3092.0	0.0004	SCML2	ENSG00000102098
3092.0	0.0004	PIGU	ENSG00000101464
3092.0	0.0004	HMGCS1	ENSG00000112972
3092.0	0.0004	HMGCS2	ENSG00000134240
3092.0	0.0004	PSTPIP2	ENSG00000152229
3092.0	0.0004	COG8	ENSG00000213380
3092.0	0.0004	USP2	ENSG00000036672
3092.0	0.0004	PTPRM	ENSG00000173482
3092.0	0.0004	DYRK1B	ENSG00000105204
3092.0	0.0004	PIGK	ENSG00000142892
3092.0	0.0004	GLRX	ENSG00000173221
3092.0	0.0004	UCP1	ENSG00000109424
3092.0	0.0004	DPH7	ENSG00000148399
3092.0	0.0004	DDX17	ENSG00000100201
3092.0	0.0004	MMADHC	ENSG00000168288
3092.0	0.0004	SKP1	ENSG00000113558
3092.0	0.0004	MLLT3	ENSG00000171843
3092.0	0.0004	TFF1	ENSG00000160182
3092.0	0.0004	ADAMTSL1	ENSG00000178031
3092.0	0.0004	MLLT1	ENSG00000130382
3092.0	0.0004	NOS2	ENSG00000007171
3092.0	0.0004	KAT2B	ENSG00000114166
3092.0	0.0004	PLOD1	ENSG00000083444
3092.0	0.0004	SPG7	ENSG00000197912
3092.0	0.0004	FOXP3	ENSG00000049768
3092.0	0.0004	NAA38	ENSG00000183011
3092.0	0.0004	ADAMTS5	ENSG00000154736
3092.0	0.0004	CYP27B1	ENSG00000111012
3092.0	0.0004	CYP2R1	ENSG00000186104
3092.0	0.0004	FBF1	ENSG00000188878
3092.0	0.0004	NTS	ENSG00000133636
3092.0	0.0004	ELL2	ENSG00000118985
3092.0	0.0004	CCDC65	ENSG00000139537
3092.0	0.0004	RBM20	ENSG00000203867
3092.0	0.0004	SMIM3	ENSG00000256235
3092.0	0.0004	ADAMTS15	ENSG00000166106
3092.0	0.0004	HBB	ENSG00000244734
3092.0	0.0004	CEP89	ENSG00000121289
3092.0	0.0004	ADAMTS7	ENSG00000136378
3092.0	0.0004	MTHFR	ENSG00000177000
3092.0	0.0004	MGAT4C	ENSG00000182050
3092.0	0.0004	ERLEC1	ENSG00000068912
3092.0	0.0004	PPEF1	ENSG00000086717
3092.0	0.0004	TNNI3	ENSG00000129991
3092.0	0.0004	MSX1	ENSG00000163132
3092.0	0.0004	PAM16	ENSG00000217930
3092.0	0.0004	ADAMTSL4	ENSG00000143382
3092.0	0.0004	TMED10	ENSG00000170348
3092.0	0.0004	AHR	ENSG00000106546
3092.0	0.0004	OVCA2	ENSG00000262664
3092.0	0.0004	SCN5A	ENSG00000183873
3092.0	0.0004	NAA25	ENSG00000111300
3092.0	0.0004	STX12	ENSG00000117758
3092.0	0.0004	KCNIP1	ENSG00000182132
3092.0	0.0004	DDR2	ENSG00000162733
3092.0	0.0004	WASHC4	ENSG00000136051
3092.0	0.0004	MICU2	ENSG00000165487
3092.0	0.0004	TRAF2	ENSG00000127191
3092.0	0.0004	SUGCT	ENSG00000175600
3092.0	0.0004	KMO	ENSG00000117009
3092.0	0.0004	MTR	ENSG00000116984
3092.0	0.0004	KCNIP2	ENSG00000120049
3092.0	0.0004	VPS16	ENSG00000215305
3092.0	0.0004	SNW1	ENSG00000100603
3092.0	0.0004	SRSF11	ENSG00000116754
3092.0	0.0004	DPM2	ENSG00000136908
3092.0	0.0004	POU3F2	ENSG00000184486
3092.0	0.0004	HYPK	ENSG00000242028
3092.0	0.0004	SLIT1	ENSG00000187122
3092.0	0.0004	DDX5	ENSG00000108654
3092.0	0.0004	MTRR	ENSG00000124275
3092.0	0.0004	YARS2	ENSG00000139131
3092.0	0.0004	KDM4A	ENSG00000066135
3092.0	0.0004	ACMSD	ENSG00000153086
3092.0	0.0004	CEACAM5	ENSG00000105388
3092.0	0.0004	FTH1	ENSG00000167996
3092.0	0.0004	DHX38	ENSG00000140829
3092.0	0.0004	MRPL53	ENSG00000204822
3092.0	0.0004	PLK1	ENSG00000166851
3092.0	0.0004	LINC02875	ENSG00000187013
3092.0	0.0004	CDC5L	ENSG00000096401
3092.0	0.0004	FOSL1	ENSG00000175592
3092.0	0.0004	TRAF5	ENSG00000082512
3092.0	0.0004	TRAF3	ENSG00000131323
3092.0	0.0004	ELAC2	ENSG00000006744
3092.0	0.0004	MAP1LC3B	ENSG00000140941
3092.0	0.0004	MTREX	ENSG00000039123
3092.0	0.0004	WASL	ENSG00000106299
3092.0	0.0004	ATL1	ENSG00000198513
3092.0	0.0004	GNA12	ENSG00000146535
3092.0	0.0004	MCUR1	ENSG00000050393
3092.0	0.0004	RP11-667K14.8	ENSG00000262402
3092.0	0.0004	FARSB	ENSG00000116120
3092.0	0.0004	COQ3	ENSG00000132423
3092.0	0.0004	APPBP2	ENSG00000062725
3092.0	0.0004	COQ5	ENSG00000110871
3092.0	0.0004	MCL1	ENSG00000143384
3092.0	0.0004	CUL1	ENSG00000055130
3092.0	0.0004	SNRNP200	ENSG00000144028
3092.0	0.0004	PIGC	ENSG00000135845
3092.0	0.0004	CRYZL1	ENSG00000205758
3092.0	0.0004	PIGH	ENSG00000100564
3092.0	0.0004	PDE2A	ENSG00000186642
3092.0	0.0004	KCNE3	ENSG00000175538
3092.0	0.0004	TXLNG	ENSG00000086712
3092.0	0.0004	MAN2A1	ENSG00000112893
3092.0	0.0004	RAB11B	ENSG00000185236
3092.0	0.0004	SUGP1	ENSG00000105705
3092.0	0.0004	WASHC3	ENSG00000120860
3092.0	0.0004	SREBF2	ENSG00000198911
3092.0	0.0004	MBTPS1	ENSG00000140943
3092.0	0.0004	WWTR1	ENSG00000018408
3092.0	0.0004	ATF6	ENSG00000118217
3092.0	0.0004	TH	ENSG00000180176
3092.0	0.0004	TTC21B	ENSG00000123607
3092.0	0.0004	COQ9	ENSG00000088682
3092.0	0.0004	SMS	ENSG00000102172
3092.0	0.0004	RSPH4A	ENSG00000111834
3092.0	0.0004	RBM27	ENSG00000091009
3092.0	0.0004	COQ8B	ENSG00000123815
3092.0	0.0004	HIC1	ENSG00000177374
3092.0	0.0004	SREBF1	ENSG00000072310
3092.0	0.0004	THY1	ENSG00000154096
3092.0	0.0004	KIF23	ENSG00000137807
3092.0	0.0004	COQ8A	ENSG00000163050
3092.0	0.0004	DEPDC5	ENSG00000100150
3092.0	0.0004	GARS1	ENSG00000106105
3092.0	0.0004	CILK1	ENSG00000112144
3092.0	0.0004	PDCD6IP	ENSG00000170248
3092.0	0.0004	SLC8B1	ENSG00000089060
3092.0	0.0004	TNF	ENSG00000232810
3092.0	0.0004	COG3	ENSG00000136152
3092.0	0.0004	JUNB	ENSG00000171223
3092.0	0.0004	FAM21B	ENSG00000152726
3092.0	0.0004	SYVN1	ENSG00000162298
3092.0	0.0004	EIF2S3	ENSG00000130741
3092.0	0.0004	NECTIN3	ENSG00000177707
3092.0	0.0004	PTH	ENSG00000152266
3092.0	0.0004	SCAP	ENSG00000114650
3092.0	0.0004	NGF	ENSG00000134259
3092.0	0.0004	COG2	ENSG00000135775
3092.0	0.0004	CA10	ENSG00000154975
3092.0	0.0004	SEC13	ENSG00000157020
3092.0	0.0004	DNAJC28	ENSG00000177692
3092.0	0.0004	GZMH	ENSG00000100450
3092.0	0.0004	TRAF1	ENSG00000056558
3092.0	0.0004	KCNE2	ENSG00000159197
3092.0	0.0004	SOX18	ENSG00000203883
3092.0	0.0004	RSPH14	ENSG00000100218
3092.0	0.0004	UBR2	ENSG00000024048
3092.0	0.0004	DNAAF5	ENSG00000164818
3092.0	0.0004	GOLGA2	ENSG00000167110
3092.0	0.0004	ECPAS	ENSG00000136813
3092.0	0.0004	OSGEPL1	ENSG00000128694
3092.0	0.0004	LAP3	ENSG00000002549
3092.0	0.0004	TTC7B	ENSG00000165914
3092.0	0.0004	CHAF1B	ENSG00000159259
3092.0	0.0004	CSGALNACT2	ENSG00000169826
3092.0	0.0004	AP000322.53	ENSG00000243627
3092.0	0.0004	KCNE1	ENSG00000180509
3092.0	0.0004	SLC26A7	ENSG00000147606
3092.0	0.0004	USP14	ENSG00000101557
3092.0	0.0004	KCNE4	ENSG00000152049
3092.0	0.0004	LARGE2	ENSG00000165905
3092.0	0.0004	COQ7	ENSG00000167186
3092.0	0.0004	RND2	ENSG00000108830
3092.0	0.0004	DPH6	ENSG00000134146
3092.0	0.0004	PYURF	ENSG00000145337
3092.0	0.0004	PSMD14	ENSG00000115233
3092.0	0.0004	GFM2	ENSG00000164347
3092.0	0.0004	CAT	ENSG00000121691
3092.0	0.0004	KCNT1	ENSG00000107147
3092.0	0.0004	PLCB1	ENSG00000182621
3092.0	0.0004	SLC12A5	ENSG00000124140
3092.0	0.0004	ATAD2B	ENSG00000119778
3092.0	0.0004	COQ6	ENSG00000119723
3092.0	0.0004	AHCY	ENSG00000101444
3092.0	0.0004	TEX14	ENSG00000121101
3092.0	0.0004	PSMB2	ENSG00000126067
3092.0	0.0004	EVX1	ENSG00000106038
3092.0	0.0004	GUCY2F	ENSG00000101890
3092.0	0.0004	MMAB	ENSG00000139428
3092.0	0.0004	ATP6V1D	ENSG00000100554
3092.0	0.0004	GPD2	ENSG00000115159
3092.0	0.0004	CAPZB	ENSG00000077549
3092.0	0.0004	CAPZA1	ENSG00000116489
3092.0	0.0004	RIT2	ENSG00000152214
3092.0	0.0004	VWA1	ENSG00000179403
3092.0	0.0004	CACUL1	ENSG00000151893
3092.0	0.0004	NOMO3	ENSG00000103226
3092.0	0.0004	BUD31	ENSG00000106245
3092.0	0.0004	YEATS4	ENSG00000127337
3092.0	0.0004	ADAMTS14	ENSG00000138316
3092.0	0.0004	ALG6	ENSG00000088035
3092.0	0.0004	ARHGAP1	ENSG00000175220
3092.0	0.0004	WASHC2A	ENSG00000099290
3092.0	0.0004	HIRIP3	ENSG00000149929
3092.0	0.0004	MMAA	ENSG00000151611
3092.0	0.0004	SCN10A	ENSG00000185313
3092.0	0.0004	MVK	ENSG00000110921
3092.0	0.0004	CDKN1A	ENSG00000124762
3092.0	0.0004	NABP2	ENSG00000139579
3092.0	0.0004	ARSH	ENSG00000205667
3092.0	0.0004	RALGDS	ENSG00000160271
3092.0	0.0004	RET	ENSG00000165731
3092.0	0.0004	CUX2	ENSG00000111249
3092.0	0.0004	GABRB3	ENSG00000166206
3092.0	0.0004	MAPK10	ENSG00000109339
3092.0	0.0004	GLRX3	ENSG00000108010
3092.0	0.0004	MYF5	ENSG00000111049
3092.0	0.0004	MMUT	ENSG00000146085
3092.0	0.0004	PDIA4	ENSG00000155660
3092.0	0.0004	NTAN1	ENSG00000157045
3092.0	0.0004	TMEM201	ENSG00000188807
3092.0	0.0004	XRCC3	ENSG00000126215
3092.0	0.0004	TNC	ENSG00000041982
3092.0	0.0004	NHERF1	ENSG00000109062
3092.0	0.0004	SEL1L2	ENSG00000101251
3092.0	0.0004	MYF6	ENSG00000111046
3092.0	0.0004	NME8	ENSG00000086288
3092.0	0.0004	MUS81	ENSG00000172732
3092.0	0.0004	LOXL1	ENSG00000129038
3092.0	0.0004	FAR1	ENSG00000197601
3092.0	0.0004	GHSR	ENSG00000121853
3092.0	0.0004	SPAG5	ENSG00000076382
3092.0	0.0004	RCE1	ENSG00000173653
3092.0	0.0004	GNG12	ENSG00000172380
3092.0	0.0004	ARF1	ENSG00000143761
3092.0	0.0004	ARFGEF2	ENSG00000124198
3092.0	0.0004	ERMARD	ENSG00000130023
3092.0	0.0004	RGS16	ENSG00000143333
3092.0	0.0004	ALG10	ENSG00000139133
3092.0	0.0004	GABBR1	ENSG00000204681
3092.0	0.0004	ALG10B	ENSG00000175548
3092.0	0.0004	SOX10	ENSG00000100146
3092.0	0.0004	DUSP6	ENSG00000139318
3092.0	0.0004	RBX1	ENSG00000100387
3092.0	0.0004	GPD1	ENSG00000167588
3092.0	0.0004	NECTIN4	ENSG00000143217
3092.0	0.0004	WNT2	ENSG00000105989
3092.0	0.0004	FAR2	ENSG00000064763
3092.0	0.0004	PRKAA1	ENSG00000132356
3092.0	0.0004	ARSI	ENSG00000183876
3092.0	0.0004	GOLGA3	ENSG00000090615
3092.0	0.0004	AHSG	ENSG00000145192
3092.0	0.0004	ITGB6	ENSG00000115221
3092.0	0.0004	PRKAA2	ENSG00000162409
3092.0	0.0004	GPD1L	ENSG00000152642
3092.0	0.0004	CHM	ENSG00000188419
3092.0	0.0004	PYROXD1	ENSG00000121350
3092.0	0.0004	KIF2C	ENSG00000142945
3092.0	0.0004	COQ2	ENSG00000173085
3092.0	0.0004	RGS4	ENSG00000117152
3092.0	0.0004	MYOG	ENSG00000122180
3092.0	0.0004	RAE1	ENSG00000101146
3092.0	0.0004	ARSJ	ENSG00000180801
3092.0	0.0004	CHRNA4	ENSG00000101204
3092.0	0.0004	ALG5	ENSG00000120697
3092.0	0.0004	ADGRV1	ENSG00000164199
3092.0	0.0004	STX1B	ENSG00000099365
3092.0	0.0004	TAAR5	ENSG00000135569
3092.0	0.0004	DOLPP1	ENSG00000167130
3092.0	0.0004	AFF1	ENSG00000172493
3092.0	0.0004	XPNPEP3	ENSG00000196236
3092.0	0.0004	ARSD	ENSG00000006756
3092.0	0.0004	ADGRG6	ENSG00000112414
3092.0	0.0004	RNF168	ENSG00000163961
3092.0	0.0004	COL7A1	ENSG00000114270
3092.0	0.0004	CHPF2	ENSG00000033100
3092.0	0.0004	CHRNB4	ENSG00000117971
3092.0	0.0004	ARSF	ENSG00000062096
3092.0	0.0004	ACTR8	ENSG00000113812
3092.0	0.0004	GTF2H3	ENSG00000111358
3092.0	0.0004	TMLHE	ENSG00000185973
3092.0	0.0004	PDSS1	ENSG00000148459
3092.0	0.0004	CHRNA2	ENSG00000120903
3092.0	0.0004	CHRNA3	ENSG00000080644
3092.0	0.0004	TNFSF12	ENSG00000239697
3092.0	0.0004	SMARCC1	ENSG00000173473
3092.0	0.0004	ARSA	ENSG00000100299
3092.0	0.0004	YJU2B	ENSG00000104957
3092.0	0.0004	CHPF	ENSG00000123989
3092.0	0.0004	CHRNB2	ENSG00000160716
3092.0	0.0004	EVX2	ENSG00000174279
3092.0	0.0004	GNAS	ENSG00000087460
3092.0	0.0004	SLC39A1	ENSG00000143570
3092.0	0.0004	DPM3	ENSG00000179085
3092.0	0.0004	DMXL1	ENSG00000172869
3092.0	0.0004	SLC17A8	ENSG00000179520
3092.0	0.0004	MGAT3	ENSG00000128268
3092.0	0.0004	NTAQ1	ENSG00000156795
3092.0	0.0004	KRT24	ENSG00000167916
3092.0	0.0004	NANS	ENSG00000095380
3092.0	0.0004	RGS5	ENSG00000143248
3092.0	0.0004	GOPC	ENSG00000047932
3092.0	0.0004	DCN	ENSG00000011465
3092.0	0.0004	ERF	ENSG00000105722
3092.0	0.0004	CYP26A1	ENSG00000095596
3092.0	0.0004	ADIPOQ	ENSG00000181092
3092.0	0.0004	UBE2G1	ENSG00000132388
3092.0	0.0004	UBLCP1	ENSG00000164332
3092.0	0.0004	GPM6A	ENSG00000150625
3092.0	0.0004	UBFD1	ENSG00000103353
3092.0	0.0004	SP1	ENSG00000185591
3092.0	0.0004	BCAN	ENSG00000132692
3092.0	0.0004	CDH1	ENSG00000039068
3092.0	0.0004	NCAN	ENSG00000130287
3092.0	0.0004	SELV	ENSG00000186838
3092.0	0.0004	CIT	ENSG00000122966
3092.0	0.0004	GTF2H1	ENSG00000110768
3092.0	0.0004	CSPG4	ENSG00000173546
3092.0	0.0004	CFTR	ENSG00000001626
3092.0	0.0004	CSPG5	ENSG00000114646
3092.0	0.0004	MAGOH	ENSG00000162385
3092.0	0.0004	CDK5RAP2	ENSG00000136861
3092.0	0.0004	CCM2	ENSG00000136280
3092.0	0.0004	CHSY3	ENSG00000198108
3092.0	0.0004	QPRT	ENSG00000103485
3092.0	0.0004	UBR3	ENSG00000144357
3092.0	0.0004	CCN2	ENSG00000118523
3092.0	0.0004	GPR83	ENSG00000123901
3092.0	0.0004	IFT52	ENSG00000101052
3092.0	0.0004	GTF2E1	ENSG00000153767
3092.0	0.0004	ACP5	ENSG00000102575
3092.0	0.0004	PYGB	ENSG00000100994
3092.0	0.0004	ASCL1	ENSG00000139352
3092.0	0.0004	NAA40	ENSG00000110583
3092.0	0.0004	P4HA2	ENSG00000072682
3092.0	0.0004	SP110	ENSG00000135899
3092.0	0.0004	P4HA3	ENSG00000149380
3092.0	0.0004	P4HA1	ENSG00000122884
3092.0	0.0004	UBE4A	ENSG00000110344
3092.0	0.0004	MMP7	ENSG00000137673
3092.0	0.0004	RNF7	ENSG00000114125
3092.0	0.0004	BMPR1B	ENSG00000138696
3092.0	0.0004	SLC30A6	ENSG00000152683
3092.0	0.0004	PGM2	ENSG00000169299
3092.0	0.0004	SGPL1	ENSG00000166224
3092.0	0.0004	IL4	ENSG00000113520
3092.0	0.0004	CHRNB1	ENSG00000170175
3092.0	0.0004	ITGA1	ENSG00000213949
3092.0	0.0004	UST	ENSG00000111962
3092.0	0.0004	UGDH	ENSG00000109814
3092.0	0.0004	KLHL12	ENSG00000117153
3092.0	0.0004	NCOR1	ENSG00000141027
3092.0	0.0004	PTK2	ENSG00000169398
3092.0	0.0004	POU3F1	ENSG00000185668
3092.0	0.0004	NOG	ENSG00000183691
3092.0	0.0004	LDB1	ENSG00000198728
3092.0	0.0004	CADM3	ENSG00000162706
3092.0	0.0004	CEP131	ENSG00000141577
3092.0	0.0004	ICMT	ENSG00000116237
3092.0	0.0004	SFPQ	ENSG00000116560
3092.0	0.0004	RETSAT	ENSG00000042445
3092.0	0.0004	FAM20B	ENSG00000116199
3092.0	0.0004	PIKFYVE	ENSG00000115020
3092.0	0.0004	GGCX	ENSG00000115486
3092.0	0.0004	SAP30	ENSG00000164105
3092.0	0.0004	PTK2B	ENSG00000120899
3092.0	0.0004	UGP2	ENSG00000169764
3092.0	0.0004	CCNF	ENSG00000162063
3092.0	0.0004	RBPJL	ENSG00000124232
3092.0	0.0004	RBFOX1	ENSG00000078328
3092.0	0.0004	ACVR2A	ENSG00000121989
3092.0	0.0004	CTNNA1	ENSG00000044115
3092.0	0.0004	LRAT	ENSG00000121207
3092.0	0.0004	MNX1	ENSG00000130675
3092.0	0.0004	ACVR1C	ENSG00000123612
3092.0	0.0004	BEST1	ENSG00000167995
3092.0	0.0004	LGR5	ENSG00000139292
3092.0	0.0004	PLXNB1	ENSG00000164050
3092.0	0.0004	ALDH1A1	ENSG00000165092
3092.0	0.0004	TKFC	ENSG00000149476
3092.0	0.0004	NAA50	ENSG00000121579
3092.0	0.0004	ARPC2	ENSG00000163466
3092.0	0.0004	B3GAT2	ENSG00000112309
3092.0	0.0004	ARPC3	ENSG00000111229
3092.0	0.0004	SLC30A5	ENSG00000145740
3092.0	0.0004	CDIPT	ENSG00000103502
3092.0	0.0004	KRT16	ENSG00000186832
3092.0	0.0004	TCF15	ENSG00000125878
3092.0	0.0004	PLXNA4	ENSG00000221866
3092.0	0.0004	ACTR2	ENSG00000138071
3092.0	0.0004	NFAT5	ENSG00000102908
3092.0	0.0004	LGR4	ENSG00000205213
3092.0	0.0004	LMBRD2	ENSG00000164187
3092.0	0.0004	NAPRT	ENSG00000147813
3092.0	0.0004	TIMP3	ENSG00000100234
3092.0	0.0004	INPP5E	ENSG00000148384
3092.0	0.0004	FNTB	ENSG00000257365
3092.0	0.0004	GORAB	ENSG00000120370
3092.0	0.0004	ZNRF3	ENSG00000183579
3092.0	0.0004	RSPO1	ENSG00000169218
3092.0	0.0004	PFN1	ENSG00000108518
3092.0	0.0004	DYM	ENSG00000141627
3092.0	0.0004	ENPP3	ENSG00000154269
3092.0	0.0004	ACTR3	ENSG00000115091
3092.0	0.0004	CPLX2	ENSG00000145920
3092.0	0.0004	SLC39A2	ENSG00000165794
3092.0	0.0004	IFT46	ENSG00000118096
3092.0	0.0004	PCNA	ENSG00000132646
3092.0	0.0004	ARPC5	ENSG00000162704
3092.0	0.0004	FEN1	ENSG00000168496
3092.0	0.0004	ERN1	ENSG00000178607
3092.0	0.0004	MBD3	ENSG00000071655
3092.0	0.0004	BIRC5	ENSG00000089685
3092.0	0.0004	SHMT1	ENSG00000176974
3092.0	0.0004	FOXF2	ENSG00000137273
3092.0	0.0004	MGAT4A	ENSG00000071073
3092.0	0.0004	RXFP2	ENSG00000133105
3092.0	0.0004	MAD1L1	ENSG00000002822
3092.0	0.0004	MGAT4B	ENSG00000161013
3092.0	0.0004	AOX1	ENSG00000138356
3092.0	0.0004	SRD5A3	ENSG00000128039
3092.0	0.0004	ARPC1B	ENSG00000130429
3092.0	0.0004	NEUROG1	ENSG00000181965
3092.0	0.0004	C3orf38	ENSG00000179021
3092.0	0.0004	OVOL2	ENSG00000125850
3092.0	0.0004	PTBP2	ENSG00000117569
3092.0	0.0004	STXBP1	ENSG00000136854
3092.0	0.0004	BCO1	ENSG00000135697
3092.0	0.0004	PNPLA4	ENSG00000006757
3092.0	0.0004	SFR1	ENSG00000156384
3092.0	0.0004	SWI5	ENSG00000175854
3092.0	0.0004	AWAT2	ENSG00000147160
3092.0	0.0004	TAFAZZIN	ENSG00000102125
3092.0	0.0004	SHOX2	ENSG00000168779
3092.0	0.0004	TRH	ENSG00000170893
3092.0	0.0004	TOMM20	ENSG00000173726
3092.0	0.0004	AVEN	ENSG00000169857
3092.0	0.0004	XBP1	ENSG00000100219
3092.0	0.0004	B3GAT1	ENSG00000109956
3092.0	0.0004	BACH2	ENSG00000112182
3092.0	0.0004	AMOT	ENSG00000126016
3092.0	0.0004	RSF1	ENSG00000048649
3092.0	0.0004	GMDS	ENSG00000112699
3092.0	0.0004	TDO2	ENSG00000151790
3092.0	0.0004	UBE2N	ENSG00000177889
3092.0	0.0004	SPRTN	ENSG00000010072
3092.0	0.0004	NPRL2	ENSG00000114388
3092.0	0.0004	LGR6	ENSG00000133067
3092.0	0.0004	UBE2I	ENSG00000103275
3092.0	0.0004	AP4E1	ENSG00000081014
3092.0	0.0004	RANBP2	ENSG00000153201
3092.0	0.0004	UPP1	ENSG00000183696
3092.0	0.0004	ARPC5L	ENSG00000136950
3092.0	0.0004	SMC2	ENSG00000136824
3092.0	0.0004	SIX6	ENSG00000184302
3092.0	0.0004	IRF6	ENSG00000117595
3092.0	0.0004	SLC30A1	ENSG00000170385
3092.0	0.0004	GRHL2	ENSG00000083307
3092.0	0.0004	PARL	ENSG00000175193
3092.0	0.0004	RHOC	ENSG00000155366
3092.0	0.0004	LDB2	ENSG00000169744
3092.0	0.0004	PITX1	ENSG00000069011
3092.0	0.0004	MID2	ENSG00000080561
3092.0	0.0004	NCAPD3	ENSG00000151503
3092.0	0.0004	PBX2	ENSG00000204304
3092.0	0.0004	PLXNA3	ENSG00000130827
3092.0	0.0004	CHMP1B	ENSG00000255112
3092.0	0.0004	HDAC9	ENSG00000048052
3092.0	0.0004	HELT	ENSG00000187821
3092.0	0.0004	SMC4	ENSG00000113810
3092.0	0.0004	DMD	ENSG00000198947
3092.0	0.0004	STYK1	ENSG00000060140
3092.0	0.0004	GSK3B	ENSG00000082701
3092.0	0.0004	DYNC1I2	ENSG00000077380
3092.0	0.0004	KEAP1	ENSG00000079999
3092.0	0.0004	CSNK1A1	ENSG00000113712
3092.0	0.0004	DHH	ENSG00000139549
3092.0	0.0004	RHOB	ENSG00000143878
3092.0	0.0004	TMEM17	ENSG00000186889
3092.0	0.0004	KIF18B	ENSG00000186185
3092.0	0.0004	RSPO3	ENSG00000146374
3092.0	0.0004	OPN1SW	ENSG00000128617
3092.0	0.0004	RAD1	ENSG00000113456
3092.0	0.0004	SDCBP	ENSG00000137575
3092.0	0.0004	TIMM29	ENSG00000142444
3092.0	0.0004	UBE2D1	ENSG00000072401
3092.0	0.0004	GTPBP1	ENSG00000100226
3092.0	0.0004	HCFC1	ENSG00000172534
3092.0	0.0004	B4GALT3	ENSG00000158850
3092.0	0.0004	VPS4B	ENSG00000119541
3092.0	0.0004	MRPS5	ENSG00000144029
3092.0	0.0004	RSPO4	ENSG00000101282
3092.0	0.0004	CHRNA5	ENSG00000169684
3092.0	0.0004	ANAPC1	ENSG00000153107
3092.0	0.0004	PBX3	ENSG00000167081
3092.0	0.0004	SLC30A7	ENSG00000162695
3092.0	0.0004	MTX1	ENSG00000173171
3092.0	0.0004	LNX2	ENSG00000139517
3092.0	0.0004	UBE2D2	ENSG00000131508
3092.0	0.0004	UBE2D3	ENSG00000109332
3092.0	0.0004	GPR31	ENSG00000120436
3092.0	0.0004	SRA1	ENSG00000213523
3092.0	0.0004	OAT	ENSG00000065154
3092.0	0.0004	DMGDH	ENSG00000132837
3092.0	0.0004	LMX1B	ENSG00000136944
3092.0	0.0004	SMAD5	ENSG00000113658
3092.0	0.0004	NUB1	ENSG00000013374
3092.0	0.0004	CBLIF	ENSG00000134812
3092.0	0.0004	PBX4	ENSG00000105717
3092.0	0.0004	OVGP1	ENSG00000085465
3092.0	0.0004	CHRNA6	ENSG00000147434
3092.0	0.0004	NOLC1	ENSG00000166197
3092.0	0.0004	LHX3	ENSG00000107187
3092.0	0.0004	RPN1	ENSG00000163902
3092.0	0.0004	ARPC1A	ENSG00000241685
3092.0	0.0004	ARPC4-TTLL3	ENSG00000250151
3092.0	0.0004	CDK7	ENSG00000134058
3092.0	0.0004	AMT	ENSG00000145020
3092.0	0.0004	LATS2	ENSG00000150457
3092.0	0.0004	CHRNE	ENSG00000108556
3092.0	0.0004	JAK2	ENSG00000096968
3092.0	0.0004	AVP	ENSG00000101200
3092.0	0.0004	STAT5B	ENSG00000173757
3092.0	0.0004	STAT5A	ENSG00000126561
3092.0	0.0004	WNT3A	ENSG00000154342
3092.0	0.0004	HADHA	ENSG00000084754
3092.0	0.0004	PDLIM7	ENSG00000196923
3092.0	0.0004	USP44	ENSG00000136014
3092.0	0.0004	TOMM40	ENSG00000130204
3092.0	0.0004	VAMP2	ENSG00000220205
3092.0	0.0004	CHRNB3	ENSG00000147432
3092.0	0.0004	TOLLIP	ENSG00000078902
3092.0	0.0004	CDC20	ENSG00000117399
3092.0	0.0004	VMA21	ENSG00000160131
3092.0	0.0004	SNRPE	ENSG00000182004
3092.0	0.0004	TOMM22	ENSG00000100216
3092.0	0.0004	AR	ENSG00000169083
3092.0	0.0004	DYNLL1	ENSG00000088986
3092.0	0.0004	EHHADH	ENSG00000113790
3092.0	0.0004	SNRPC	ENSG00000124562
3092.0	0.0004	KPNA7	ENSG00000185467
3092.0	0.0004	NDUFA8	ENSG00000119421
3092.0	0.0004	INPP4A	ENSG00000040933
3092.0	0.0004	GPHN	ENSG00000171723
3092.0	0.0004	TOMM70	ENSG00000154174
3092.0	0.0004	PAPLN	ENSG00000100767
3092.0	0.0004	VPS54	ENSG00000143952
3092.0	0.0004	GLIPR1	ENSG00000139278
3092.0	0.0004	HEXB	ENSG00000049860
3092.0	0.0004	GABARAP	ENSG00000170296
3092.0	0.0004	IKZF5	ENSG00000095574
3092.0	0.0004	AMHR2	ENSG00000135409
3092.0	0.0004	MGAT1	ENSG00000131446
3092.0	0.0004	SLC22A4	ENSG00000197208
3092.0	0.0004	FRAT1	ENSG00000165879
3092.0	0.0004	KCNK1	ENSG00000135750
3092.0	0.0004	CDK2	ENSG00000123374
3092.0	0.0004	MID1IP1	ENSG00000165175
3092.0	0.0004	FEZ2	ENSG00000171055
3092.0	0.0004	RACGAP1	ENSG00000161800
3092.0	0.0004	SPI1	ENSG00000066336
3092.0	0.0004	FRAT2	ENSG00000181274
3092.0	0.0004	SRRM4	ENSG00000139767
3092.0	0.0004	PDPR	ENSG00000090857
3092.0	0.0004	CLEC1B	ENSG00000165682
3092.0	0.0004	NUP43	ENSG00000120253
3092.0	0.0004	GABARAPL1	ENSG00000139112
3092.0	0.0004	VPS52	ENSG00000223501
3092.0	0.0004	EEA1	ENSG00000102189
3092.0	0.0004	CCNE1	ENSG00000105173
3092.0	0.0004	MTMR2	ENSG00000087053
3092.0	0.0004	LAMA2	ENSG00000196569
3092.0	0.0004	OXCT1	ENSG00000083720
3092.0	0.0004	RAB3A	ENSG00000105649
3092.0	0.0004	ELMO2	ENSG00000062598
3092.0	0.0004	NSF	ENSG00000073969
3092.0	0.0004	HINFP	ENSG00000172273
3092.0	0.0004	CYBA	ENSG00000051523
3092.0	0.0004	TAT	ENSG00000198650
3092.0	0.0004	INPP4B	ENSG00000109452
3092.0	0.0004	SEPTIN11	ENSG00000138758
3092.0	0.0004	SH3GLB1	ENSG00000097033
3092.0	0.0004	SELENBP1	ENSG00000143416
3092.0	0.0004	PLCL1	ENSG00000115896
3092.0	0.0004	LMO2	ENSG00000135363
3092.0	0.0004	WNT1	ENSG00000125084
3092.0	0.0004	MSMO1	ENSG00000052802
3092.0	0.0004	LIPT1	ENSG00000144182
3092.0	0.0004	KLF5	ENSG00000102554
3092.0	0.0004	SLC30A2	ENSG00000158014
3092.0	0.0004	CHERP	ENSG00000085872
3092.0	0.0004	GABARAPL2	ENSG00000034713
3092.0	0.0004	DCTN6	ENSG00000104671
3092.0	0.0004	CAPN3	ENSG00000092529
3092.0	0.0004	SGCG	ENSG00000102683
3092.0	0.0004	SQLE	ENSG00000104549
3092.0	0.0004	NUP205	ENSG00000155561
3092.0	0.0004	DRAP1	ENSG00000175550
3092.0	0.0004	HMGA1	ENSG00000137309
3092.0	0.0004	RIMS1	ENSG00000079841
3092.0	0.0004	COA7	ENSG00000162377
3092.0	0.0004	COX15	ENSG00000014919
3092.0	0.0004	SS18	ENSG00000141380
3092.0	0.0004	MAGT1	ENSG00000102158
3092.0	0.0004	TOMM5	ENSG00000175768
3092.0	0.0004	TOMM6	ENSG00000214736
3092.0	0.0004	HOXB3	ENSG00000120093
3092.0	0.0004	QSOX1	ENSG00000116260
3092.0	0.0004	CLCN2	ENSG00000114859
3092.0	0.0004	DLD	ENSG00000091140
3092.0	0.0004	SVIL	ENSG00000197321
3092.0	0.0004	REEP1	ENSG00000068615
3092.0	0.0004	SGCA	ENSG00000108823
3092.0	0.0004	LRRC69	ENSG00000214954
3092.0	0.0004	TRAK2	ENSG00000115993
3092.0	0.0004	MCPH1	ENSG00000147316
3092.0	0.0004	SLC30A4	ENSG00000104154
3092.0	0.0004	CYLD	ENSG00000083799
3092.0	0.0004	CCKAR	ENSG00000163394
3092.0	0.0004	MAFF	ENSG00000185022
3092.0	0.0004	WDR7	ENSG00000091157
3092.0	0.0004	BCKDHA	ENSG00000248098
3092.0	0.0004	ONECUT2	ENSG00000119547
3092.0	0.0004	SLC23A2	ENSG00000089057
3092.0	0.0004	SLC23A1	ENSG00000170482
3092.0	0.0004	MTA2	ENSG00000149480
3092.0	0.0004	SLC39A3	ENSG00000141873
3092.0	0.0004	ELAVL4	ENSG00000162374
3092.0	0.0004	GOT1	ENSG00000120053
3092.0	0.0004	GOT2	ENSG00000125166
3092.0	0.0004	MYB	ENSG00000118513
3092.0	0.0004	TBK1	ENSG00000183735
3092.0	0.0004	PKP1	ENSG00000081277
3092.0	0.0004	IL1F10	ENSG00000136697
3092.0	0.0004	COASY	ENSG00000068120
3092.0	0.0004	PCBD1	ENSG00000166228
3092.0	0.0004	CCL21	ENSG00000137077
3092.0	0.0004	NKAPL	ENSG00000189134
3092.0	0.0004	SEMA4A	ENSG00000196189
3092.0	0.0004	FAAH2	ENSG00000165591
3092.0	0.0004	RASD1	ENSG00000108551
3092.0	0.0004	MAFG	ENSG00000197063
3092.0	0.0004	NIN	ENSG00000100503
3092.0	0.0004	ACTR3B	ENSG00000133627
3092.0	0.0004	TRAPPC8	ENSG00000153339
3092.0	0.0004	PITX3	ENSG00000107859
3092.0	0.0004	ONECUT1	ENSG00000169856
3092.0	0.0004	AGXT	ENSG00000172482
3092.0	0.0004	TBR1	ENSG00000136535
3092.0	0.0004	LHX2	ENSG00000106689
3092.0	0.0004	MTMR7	ENSG00000003987
3092.0	0.0004	TRAPPC3	ENSG00000054116
3092.0	0.0004	ANXA13	ENSG00000104537
3092.0	0.0004	IL13	ENSG00000169194
3092.0	0.0004	CCNB1	ENSG00000134057
3092.0	0.0004	ACTR3C	ENSG00000106526
3092.0	0.0004	PMM1	ENSG00000100417
3092.0	0.0004	TRAPPC1	ENSG00000170043
3092.0	0.0004	PCF11	ENSG00000165494
3092.0	0.0004	LIPN	ENSG00000204020
3092.0	0.0004	SMAD1	ENSG00000170365
3092.0	0.0004	LHX9	ENSG00000143355
3092.0	0.0004	MTMR4	ENSG00000108389
3092.0	0.0004	XRCC1	ENSG00000073050
3092.0	0.0004	EEF1A1	ENSG00000156508
3092.0	0.0004	EPHB1	ENSG00000154928
3092.0	0.0004	NKX2-8	ENSG00000136327
3092.0	0.0004	ZFYVE16	ENSG00000039319
3092.0	0.0004	TRAPPC5	ENSG00000181029
3092.0	0.0004	IL4I1	ENSG00000104951
3092.0	0.0004	SYK	ENSG00000165025
3092.0	0.0004	SLC30A10	ENSG00000196660
3092.0	0.0004	RAD52	ENSG00000002016
3092.0	0.0004	ELAVL3	ENSG00000196361
3092.0	0.0004	SACM1L	ENSG00000211456
3092.0	0.0004	CLP1	ENSG00000172409
3092.0	0.0004	CEBPB	ENSG00000172216
3092.0	0.0004	THOC3	ENSG00000051596
3092.0	0.0004	ELAVL2	ENSG00000107105
3092.0	0.0004	BUD13	ENSG00000137656
3092.0	0.0004	NKX1-2	ENSG00000229544
3092.0	0.0004	PKP2	ENSG00000057294
3092.0	0.0004	CEBPA	ENSG00000245848
3092.0	0.0004	ARHGEF19	ENSG00000142632
3092.0	0.0004	CFAP100	ENSG00000163885
3092.0	0.0004	THOC7	ENSG00000163634
3092.0	0.0004	NCF4	ENSG00000100365
3092.0	0.0004	HOXC10	ENSG00000180818
3092.0	0.0004	CEBPD	ENSG00000221869
3092.0	0.0004	ELAVL1	ENSG00000066044
3092.0	0.0004	BCKDHB	ENSG00000083123
3092.0	0.0004	PRRX2	ENSG00000167157
3092.0	0.0004	CDC34	ENSG00000099804
3092.0	0.0004	HOXC11	ENSG00000123388
3092.0	0.0004	FUT9	ENSG00000172461
3092.0	0.0004	TMCC1	ENSG00000172765
3092.0	0.0004	VAPB	ENSG00000124164
3092.0	0.0004	ALDH3A2	ENSG00000072210
3092.0	0.0004	HTRA1	ENSG00000166033
13877.0	0.0003	UBE2R2	ENSG00000107341
13877.0	0.0003	TRAPPC4	ENSG00000196655
13877.0	0.0003	ERVW-1	ENSG00000242950
13877.0	0.0003	TRAPPC2	ENSG00000196459
13877.0	0.0003	PEX5L	ENSG00000114757
13877.0	0.0003	SUMO1	ENSG00000116030
13877.0	0.0003	PIK3CB	ENSG00000051382
13877.0	0.0003	TRAPPC6B	ENSG00000182400
13877.0	0.0003	ZC3H15	ENSG00000065548
13877.0	0.0003	ALDH3A1	ENSG00000108602
13877.0	0.0003	NFE2L3	ENSG00000050344
13877.0	0.0003	ALYREF	ENSG00000183684
13877.0	0.0003	VPS51	ENSG00000149823
13877.0	0.0003	NANOG	ENSG00000111704
13877.0	0.0003	KDR	ENSG00000128052
13877.0	0.0003	RDX	ENSG00000137710
13877.0	0.0003	PODXL2	ENSG00000114631
13877.0	0.0003	EPHB3	ENSG00000182580
13877.0	0.0003	CSMD3	ENSG00000164796
13877.0	0.0003	MEOX2	ENSG00000106511
13877.0	0.0003	KIF5B	ENSG00000170759
13877.0	0.0003	HADHB	ENSG00000138029
13877.0	0.0003	TCF21	ENSG00000118526
13877.0	0.0003	NMNAT3	ENSG00000163864
13877.0	0.0003	STING1	ENSG00000184584
13877.0	0.0003	SLC6A13	ENSG00000010379
13877.0	0.0003	WDTC1	ENSG00000142784
13877.0	0.0003	ABCD3	ENSG00000117528
13877.0	0.0003	MAEA	ENSG00000090316
13877.0	0.0003	NMNAT1	ENSG00000173614
13877.0	0.0003	TRAPPC6A	ENSG00000007255
13877.0	0.0003	TSPO	ENSG00000100300
13877.0	0.0003	FGF17	ENSG00000158815
13877.0	0.0003	NMNAT2	ENSG00000157064
13877.0	0.0003	CASP9	ENSG00000132906
13877.0	0.0003	SDS	ENSG00000135094
13877.0	0.0003	IL5RA	ENSG00000091181
13877.0	0.0003	NEPRO	ENSG00000163608
13877.0	0.0003	CD320	ENSG00000167775
13877.0	0.0003	TBL1XR1	ENSG00000177565
13877.0	0.0003	ISL1	ENSG00000016082
13877.0	0.0003	DSP	ENSG00000096696
13877.0	0.0003	SART1	ENSG00000175467
13877.0	0.0003	AEBP2	ENSG00000139154
13877.0	0.0003	REN	ENSG00000143839
13877.0	0.0003	KLF15	ENSG00000163884
13877.0	0.0003	AQP4	ENSG00000171885
13877.0	0.0003	KPNB1	ENSG00000108424
13877.0	0.0003	NNT	ENSG00000112992
13877.0	0.0003	CBS	ENSG00000160200
13877.0	0.0003	ANGPT1	ENSG00000154188
13877.0	0.0003	CD9	ENSG00000010278
13877.0	0.0003	TNFRSF14	ENSG00000157873
13877.0	0.0003	SPAG6	ENSG00000077327
13877.0	0.0003	MTHFD1L	ENSG00000120254
13877.0	0.0003	TSEN34	ENSG00000170892
13877.0	0.0003	GID8	ENSG00000101193
13877.0	0.0003	TYR	ENSG00000077498
13877.0	0.0003	PRDX6	ENSG00000117592
13877.0	0.0003	SRR	ENSG00000167720
13877.0	0.0003	SDSL	ENSG00000139410
13877.0	0.0003	FBLN2	ENSG00000163520
13877.0	0.0003	HMGXB4	ENSG00000100281
13877.0	0.0003	UTRN	ENSG00000152818
13877.0	0.0003	VEGFC	ENSG00000150630
13877.0	0.0003	CHST15	ENSG00000182022
13877.0	0.0003	DNAL1	ENSG00000119661
13877.0	0.0003	BHLHE22	ENSG00000180828
13877.0	0.0003	TRAPPC3L	ENSG00000173626
13877.0	0.0003	IPO5	ENSG00000065150
13877.0	0.0003	MAN2A2	ENSG00000196547
13877.0	0.0003	BRPF1	ENSG00000156983
13877.0	0.0003	ABCG5	ENSG00000138075
13877.0	0.0003	ABCG8	ENSG00000143921
13877.0	0.0003	APOB	ENSG00000084674
13877.0	0.0003	LDLR	ENSG00000130164
13877.0	0.0003	LDLRAP1	ENSG00000157978
13877.0	0.0003	PCSK9	ENSG00000169174
13877.0	0.0003	DECR1	ENSG00000104325
13877.0	0.0003	MTHFD1	ENSG00000100714
13877.0	0.0003	NOXA1	ENSG00000188747
13877.0	0.0003	MIXL1	ENSG00000185155
13877.0	0.0003	XRCC6	ENSG00000196419
13877.0	0.0003	MAFK	ENSG00000198517
13877.0	0.0003	RANBP9	ENSG00000010017
13877.0	0.0003	SPO11	ENSG00000054796
13877.0	0.0003	SLC17A7	ENSG00000104888
13877.0	0.0003	RAC2	ENSG00000128340
13877.0	0.0003	CASP3	ENSG00000164305
13877.0	0.0003	PICK1	ENSG00000100151
13877.0	0.0003	FUT6	ENSG00000156413
13877.0	0.0003	POLR3K	ENSG00000161980
13877.0	0.0003	TSEN2	ENSG00000154743
13877.0	0.0003	AMPD1	ENSG00000116748
13877.0	0.0003	DLX2	ENSG00000115844
13877.0	0.0003	USP32	ENSG00000170832
13877.0	0.0003	ELSPBP1	ENSG00000169393
13877.0	0.0003	ARHGEF11	ENSG00000132694
13877.0	0.0003	WNT11	ENSG00000085741
13877.0	0.0003	TM7SF2	ENSG00000149809
13877.0	0.0003	TSEN54	ENSG00000182173
13877.0	0.0003	HMX1	ENSG00000215612
13877.0	0.0003	ZNF143	ENSG00000166478
13877.0	0.0003	ANXA2	ENSG00000182718
13877.0	0.0003	CD38	ENSG00000004468
13877.0	0.0003	GATA2	ENSG00000179348
13877.0	0.0003	FBXO31	ENSG00000103264
13877.0	0.0003	PDLIM1	ENSG00000107438
13877.0	0.0003	ZNF76	ENSG00000065029
13877.0	0.0003	NDUFC2-KCTD14	ENSG00000259112
13877.0	0.0003	APOE	ENSG00000130203
13877.0	0.0003	SKOR1	ENSG00000188779
13877.0	0.0003	USP10	ENSG00000103194
13877.0	0.0003	DNAI2	ENSG00000171595
13877.0	0.0003	ITGB3	ENSG00000259207
13877.0	0.0003	NGFR	ENSG00000064300
13877.0	0.0003	RAB6C	ENSG00000222014
13877.0	0.0003	VPS13C	ENSG00000129003
13877.0	0.0003	RAB6A	ENSG00000175582
13877.0	0.0003	UNC13B	ENSG00000198722
13877.0	0.0003	ATP6V1B1	ENSG00000116039
13877.0	0.0003	EPHA4	ENSG00000116106
13877.0	0.0003	PROX1	ENSG00000117707
13877.0	0.0003	SLC7A5	ENSG00000103257
13877.0	0.0003	ERG28	ENSG00000133935
13877.0	0.0003	POLRMT	ENSG00000099821
13877.0	0.0003	FUT5	ENSG00000130383
13877.0	0.0003	VPS13D	ENSG00000048707
13877.0	0.0003	LNPK	ENSG00000144320
13877.0	0.0003	SCG5	ENSG00000166922
13877.0	0.0003	SARNP	ENSG00000205323
13877.0	0.0003	PHF6	ENSG00000156531
13877.0	0.0003	BST1	ENSG00000109743
13877.0	0.0003	MCM5	ENSG00000100297
13877.0	0.0003	ANGPT2	ENSG00000091879
13877.0	0.0003	IPO4	ENSG00000196497
13877.0	0.0003	ETV5	ENSG00000244405
13877.0	0.0003	IFT57	ENSG00000114446
13877.0	0.0003	DLAT	ENSG00000150768
13877.0	0.0003	NCAPH	ENSG00000121152
13877.0	0.0003	VCL	ENSG00000035403
13877.0	0.0003	RANBP10	ENSG00000141084
13877.0	0.0003	SLX1B	ENSG00000181625
13877.0	0.0003	RACK1	ENSG00000204628
13877.0	0.0003	EFEMP1	ENSG00000115380
13877.0	0.0003	E2F4	ENSG00000205250
13877.0	0.0003	MAGEC1	ENSG00000155495
13877.0	0.0003	MGAT5	ENSG00000152127
13877.0	0.0003	NCBP1	ENSG00000136937
13877.0	0.0003	VPS4A	ENSG00000132612
13877.0	0.0003	HORMAD2	ENSG00000176635
13877.0	0.0003	SNAI1	ENSG00000124216
13877.0	0.0003	ACAA2	ENSG00000167315
13877.0	0.0003	NADK	ENSG00000008130
13877.0	0.0003	SLX1A	ENSG00000132207
13877.0	0.0003	PGF	ENSG00000119630
13877.0	0.0003	LMX1A	ENSG00000162761
13877.0	0.0003	PKP3	ENSG00000184363
13877.0	0.0003	ACTR6	ENSG00000075089
13877.0	0.0003	EIF3H	ENSG00000147677
13877.0	0.0003	H2AX	ENSG00000188486
13877.0	0.0003	HSPA8	ENSG00000109971
13877.0	0.0003	KLF4	ENSG00000136826
13877.0	0.0003	PCSK1	ENSG00000175426
13877.0	0.0003	NCAPG	ENSG00000109805
13877.0	0.0003	NUDT12	ENSG00000112874
13877.0	0.0003	KLK5	ENSG00000167754
13877.0	0.0003	PFDN2	ENSG00000143256
13877.0	0.0003	PCDHGC4	ENSG00000242419
13877.0	0.0003	MAPK11	ENSG00000185386
13877.0	0.0003	FUT7	ENSG00000180549
13877.0	0.0003	CHMP5	ENSG00000086065
13877.0	0.0003	STX6	ENSG00000135823
13877.0	0.0003	SLC22A2	ENSG00000112499
13877.0	0.0003	SP8	ENSG00000164651
13877.0	0.0003	SLC18A2	ENSG00000165646
13877.0	0.0003	UFM1	ENSG00000120686
13877.0	0.0003	RMND5A	ENSG00000153561
13877.0	0.0003	PHF12	ENSG00000109118
13877.0	0.0003	CCDC43	ENSG00000180329
13877.0	0.0003	PGAM1	ENSG00000171314
13877.0	0.0003	ATP6V1E2	ENSG00000250565
13877.0	0.0003	UNC5C	ENSG00000182168
13877.0	0.0003	CCR6	ENSG00000112486
13877.0	0.0003	BYSL	ENSG00000112578
13877.0	0.0003	MFAP3	ENSG00000037749
13877.0	0.0003	ZNF496	ENSG00000162714
13877.0	0.0003	SNRPD1	ENSG00000167088
13877.0	0.0003	PEX11A	ENSG00000166821
13877.0	0.0003	NIP7	ENSG00000132603
13877.0	0.0003	RHBDF1	ENSG00000007384
13877.0	0.0003	UBE2E2	ENSG00000182247
13877.0	0.0003	RANBP1	ENSG00000099901
13877.0	0.0003	CPB2	ENSG00000080618
13877.0	0.0003	LUC7L	ENSG00000007392
13877.0	0.0003	GSK3A	ENSG00000105723
13877.0	0.0003	BPGM	ENSG00000172331
13877.0	0.0003	ZFPM1	ENSG00000179588
13877.0	0.0003	SPMIP6	ENSG00000164972
13877.0	0.0003	PGAM2	ENSG00000164708
13877.0	0.0003	ZPR1	ENSG00000109917
13877.0	0.0003	CHST12	ENSG00000136213
13877.0	0.0003	SMC6	ENSG00000163029
13877.0	0.0003	KRT71	ENSG00000139648
13877.0	0.0003	PRDM14	ENSG00000147596
13877.0	0.0003	GREM1	ENSG00000166923
13877.0	0.0003	ABCA2	ENSG00000107331
13877.0	0.0003	DDX41	ENSG00000183258
13877.0	0.0003	SNU13	ENSG00000100138
13877.0	0.0003	TXNDC17	ENSG00000129235
13877.0	0.0003	FGF5	ENSG00000138675
13877.0	0.0003	FUT11	ENSG00000196968
13877.0	0.0003	GYS2	ENSG00000111713
13877.0	0.0003	MPDU1	ENSG00000129255
13877.0	0.0003	ZSCAN10	ENSG00000130182
13877.0	0.0003	CHST13	ENSG00000180767
13877.0	0.0003	FOXA2	ENSG00000125798
13877.0	0.0003	FOXQ1	ENSG00000164379
13877.0	0.0003	RBBP4	ENSG00000162521
13877.0	0.0003	B3GNTL1	ENSG00000175711
13877.0	0.0003	MAML1	ENSG00000161021
13877.0	0.0003	LAMP2	ENSG00000005893
13877.0	0.0003	RRAGA	ENSG00000155876
13877.0	0.0003	ATP1A4	ENSG00000132681
13877.0	0.0003	TSR1	ENSG00000167721
13877.0	0.0003	MAPK12	ENSG00000188130
13877.0	0.0003	SKIC8	ENSG00000140395
13877.0	0.0003	CACYBP	ENSG00000116161
13877.0	0.0003	ABCB6	ENSG00000115657
13877.0	0.0003	EID3	ENSG00000255150
13877.0	0.0003	KCNJ1	ENSG00000151704
13877.0	0.0003	PISD	ENSG00000241878
13877.0	0.0003	MAPK6	ENSG00000069956
13877.0	0.0003	DNAJA1	ENSG00000086061
13877.0	0.0003	MAPK13	ENSG00000156711
13877.0	0.0003	SPTLC1	ENSG00000090054
13877.0	0.0003	HEY1	ENSG00000164683
13877.0	0.0003	MET	ENSG00000105976
13877.0	0.0003	IK	ENSG00000113141
13877.0	0.0003	NSMCE4A	ENSG00000107672
13877.0	0.0003	SNTA1	ENSG00000101400
13877.0	0.0003	UBE2E1	ENSG00000170142
13877.0	0.0003	ARSG	ENSG00000141337
13877.0	0.0003	TNFRSF1B	ENSG00000028137
13877.0	0.0003	IRX3	ENSG00000177508
13877.0	0.0003	MICOS13	ENSG00000174917
13877.0	0.0003	SUMO2	ENSG00000188612
13877.0	0.0003	MAML2	ENSG00000184384
13877.0	0.0003	ACAT2	ENSG00000120437
13877.0	0.0003	SRY	ENSG00000184895
13877.0	0.0003	SERPINE1	ENSG00000106366
13877.0	0.0003	VEGFD	ENSG00000165197
13877.0	0.0003	SPTLC2	ENSG00000100596
13877.0	0.0003	ATP6V1C2	ENSG00000143882
13877.0	0.0003	ATP6V1C1	ENSG00000155097
13877.0	0.0003	ASPM	ENSG00000066279
13877.0	0.0003	CCNT2	ENSG00000082258
13877.0	0.0003	LCE3C	ENSG00000244057
13877.0	0.0003	HES1	ENSG00000114315
13877.0	0.0003	LYVE1	ENSG00000133800
13877.0	0.0003	SPTLC3	ENSG00000172296
13877.0	0.0003	EXOSC9	ENSG00000123737
13877.0	0.0003	RFX2	ENSG00000087903
13877.0	0.0003	KIAA0391	ENSG00000258790
13877.0	0.0003	PSMA6	ENSG00000100902
13877.0	0.0003	SNAP91	ENSG00000065609
13877.0	0.0003	LAMTOR1	ENSG00000149357
13877.0	0.0003	MRPS16	ENSG00000182180
13877.0	0.0003	GCG	ENSG00000115263
13877.0	0.0003	IPO13	ENSG00000117408
13877.0	0.0003	GRB2	ENSG00000177885
13877.0	0.0003	ABCA7	ENSG00000064687
13877.0	0.0003	ZNF705A	ENSG00000196946
13877.0	0.0003	ZNF705B	ENSG00000215356
13877.0	0.0003	ZNF705D	ENSG00000215343
13877.0	0.0003	ZNF705G	ENSG00000215372
13877.0	0.0003	CPB1	ENSG00000153002
13877.0	0.0003	AMH	ENSG00000104899
13877.0	0.0003	EME1	ENSG00000154920
13877.0	0.0003	CHEK1	ENSG00000149554
13877.0	0.0003	RRAGB	ENSG00000083750
13877.0	0.0003	ABCF2	ENSG00000033050
13877.0	0.0003	NLGN3	ENSG00000196338
13877.0	0.0003	SEC63	ENSG00000025796
13877.0	0.0003	TNFRSF8	ENSG00000120949
13877.0	0.0003	SMU1	ENSG00000122692
13877.0	0.0003	CHMP6	ENSG00000176108
13877.0	0.0003	RRAGD	ENSG00000025039
13877.0	0.0003	SP6	ENSG00000189120
13877.0	0.0003	DAO	ENSG00000110887
13877.0	0.0003	STK11	ENSG00000118046
13877.0	0.0003	IST1	ENSG00000182149
13877.0	0.0003	NUFIP2	ENSG00000108256
13877.0	0.0003	MAP2K3	ENSG00000034152
13877.0	0.0003	WIPI1	ENSG00000070540
13877.0	0.0003	NT5E	ENSG00000135318
13877.0	0.0003	ACAA1	ENSG00000060971
13877.0	0.0003	GPR22	ENSG00000172209
13877.0	0.0003	NSMCE3	ENSG00000185115
13877.0	0.0003	IRS1	ENSG00000169047
13877.0	0.0003	NAAA	ENSG00000138744
13877.0	0.0003	SLC22A12	ENSG00000197891
13877.0	0.0003	NSMCE1	ENSG00000169189
13877.0	0.0003	NLGN1	ENSG00000169760
13877.0	0.0003	CHMP2A	ENSG00000130724
13877.0	0.0003	ITGAM	ENSG00000169896
13877.0	0.0003	ITGB1BP1	ENSG00000119185
13877.0	0.0003	GPAA1	ENSG00000197858
13877.0	0.0003	RPL23A	ENSG00000198242
13877.0	0.0003	GATM	ENSG00000171766
13877.0	0.0003	MAP2K6	ENSG00000108984
13877.0	0.0003	DTNBP1	ENSG00000047579
13877.0	0.0003	NLGN2	ENSG00000169992
13877.0	0.0003	TJP1	ENSG00000104067
13877.0	0.0003	BANP	ENSG00000172530
13877.0	0.0003	RRP9	ENSG00000114767
13877.0	0.0003	PKNOX1	ENSG00000160199
13877.0	0.0003	MRPS25	ENSG00000131368
13877.0	0.0003	PIH1D1	ENSG00000104872
13877.0	0.0003	HNRNPF	ENSG00000169813
13877.0	0.0003	ZCCHC8	ENSG00000033030
13877.0	0.0003	SCFD1	ENSG00000092108
13877.0	0.0003	GPT2	ENSG00000166123
13877.0	0.0003	ZIC5	ENSG00000139800
13877.0	0.0003	PDX1	ENSG00000139515
13877.0	0.0003	SNTB1	ENSG00000172164
13877.0	0.0003	ACAT1	ENSG00000075239
13877.0	0.0003	NEDD8	ENSG00000129559
13877.0	0.0003	RMND5B	ENSG00000145916
13877.0	0.0003	PDC	ENSG00000116703
13877.0	0.0003	RBMX2	ENSG00000134597
13877.0	0.0003	SLC25A17	ENSG00000100372
13877.0	0.0003	VPS18	ENSG00000104142
13877.0	0.0003	ALAS1	ENSG00000023330
13877.0	0.0003	AGMO	ENSG00000187546
13877.0	0.0003	AGXT2	ENSG00000113492
13877.0	0.0003	TRIM56	ENSG00000169871
13877.0	0.0003	NOX1	ENSG00000007952
13877.0	0.0003	RPTOR	ENSG00000141564
13877.0	0.0003	MLYCD	ENSG00000103150
13877.0	0.0003	HSPB3	ENSG00000169271
13877.0	0.0003	PIAS4	ENSG00000105229
13877.0	0.0003	MTF2	ENSG00000143033
13877.0	0.0003	ALAS2	ENSG00000158578
13877.0	0.0003	VPS41	ENSG00000006715
13877.0	0.0003	FAXDC2	ENSG00000170271
13877.0	0.0003	UFL1	ENSG00000014123
13877.0	0.0003	ABI2	ENSG00000138443
13877.0	0.0003	PYGM	ENSG00000068976
13877.0	0.0003	EXOSC7	ENSG00000075914
13877.0	0.0003	MDM4	ENSG00000198625
13877.0	0.0003	ARMC8	ENSG00000114098
13877.0	0.0003	UBA3	ENSG00000144744
13877.0	0.0003	SEMA3F	ENSG00000001617
13877.0	0.0003	FUS	ENSG00000089280
13877.0	0.0003	CH25H	ENSG00000138135
13877.0	0.0003	CCK	ENSG00000187094
13877.0	0.0003	FLT3	ENSG00000122025
13877.0	0.0003	GSDME	ENSG00000105928
13877.0	0.0003	CEP43	ENSG00000213066
13877.0	0.0003	PTPN6	ENSG00000111679
13877.0	0.0003	MRPS26	ENSG00000125901
13877.0	0.0003	ABAT	ENSG00000183044
13877.0	0.0003	PITPNA	ENSG00000174238
13877.0	0.0003	GCAT	ENSG00000100116
13877.0	0.0003	SCNN1A	ENSG00000111319
13877.0	0.0003	PITPNB	ENSG00000180957
13877.0	0.0003	SCNN1G	ENSG00000166828
13877.0	0.0003	ZNF593	ENSG00000142684
13877.0	0.0003	SLX4IP	ENSG00000149346
13877.0	0.0003	ZDHHC16	ENSG00000171307
13877.0	0.0003	FGFR1OP2	ENSG00000111790
13877.0	0.0003	PIH1D2	ENSG00000150773
13877.0	0.0003	DBI	ENSG00000155368
13877.0	0.0003	UBE2M	ENSG00000130725
13877.0	0.0003	TERF2IP	ENSG00000166848
13877.0	0.0003	TERF2	ENSG00000132604
13877.0	0.0003	GYG2	ENSG00000056998
13877.0	0.0003	SUPT5H	ENSG00000196235
13877.0	0.0003	IDI1	ENSG00000067064
13877.0	0.0003	GAST	ENSG00000184502
13877.0	0.0003	POR	ENSG00000127948
13877.0	0.0003	ECI1	ENSG00000167969
13877.0	0.0003	TBX19	ENSG00000143178
13877.0	0.0003	SNX1	ENSG00000028528
13877.0	0.0003	EIF4EBP1	ENSG00000187840
13877.0	0.0003	ABITRAM	ENSG00000119328
13877.0	0.0003	ZNF687	ENSG00000143373
13877.0	0.0003	VRK1	ENSG00000100749
13877.0	0.0003	KPNA6	ENSG00000025800
13877.0	0.0003	ASH2L	ENSG00000129691
13877.0	0.0003	GPI	ENSG00000105220
13877.0	0.0003	SNTB2	ENSG00000168807
13877.0	0.0003	WDR5	ENSG00000196363
13877.0	0.0003	SUMO4	ENSG00000177688
13877.0	0.0003	NFATC2IP	ENSG00000176953
13877.0	0.0003	HIPK2	ENSG00000064393
13877.0	0.0003	NAMPT	ENSG00000105835
13877.0	0.0003	IPO11	ENSG00000086200
13877.0	0.0003	PMCH	ENSG00000183395
13877.0	0.0003	BCAP29	ENSG00000075790
13877.0	0.0003	SEMA3A	ENSG00000075213
13877.0	0.0003	PPP1R3C	ENSG00000119938
13877.0	0.0003	USP8	ENSG00000138592
13877.0	0.0003	HPD	ENSG00000158104
13877.0	0.0003	SUMO3	ENSG00000184900
13877.0	0.0003	RBBP5	ENSG00000117222
13877.0	0.0003	ARL13B	ENSG00000169379
13877.0	0.0003	TULP3	ENSG00000078246
13877.0	0.0003	CREB1	ENSG00000118260
13877.0	0.0003	KRT1	ENSG00000167768
13877.0	0.0003	WIPI2	ENSG00000157954
13877.0	0.0003	PIPOX	ENSG00000179761
13877.0	0.0003	NOS1	ENSG00000089250
13877.0	0.0003	TBXT	ENSG00000164458
13877.0	0.0003	ING5	ENSG00000168395
13877.0	0.0003	NLGN4Y	ENSG00000165246
13877.0	0.0003	EXOSC4	ENSG00000178896
13877.0	0.0003	CCNE2	ENSG00000175305
13877.0	0.0003	PIK3CG	ENSG00000105851
13877.0	0.0003	SNX4	ENSG00000114520
13877.0	0.0003	NCOA6	ENSG00000198646
13877.0	0.0003	NEU1	ENSG00000204386
13877.0	0.0003	AXIN2	ENSG00000168646
13877.0	0.0003	SCAF1	ENSG00000126461
13877.0	0.0003	SEMA4D	ENSG00000187764
13877.0	0.0003	IRX6	ENSG00000159387
13877.0	0.0003	MTHFD2	ENSG00000065911
13877.0	0.0003	NOXO1	ENSG00000196408
13877.0	0.0003	UBE2B	ENSG00000119048
13877.0	0.0003	UBL5	ENSG00000198258
13877.0	0.0003	ILF3	ENSG00000129351
13877.0	0.0003	OTUD4	ENSG00000164164
13877.0	0.0003	TMEM18	ENSG00000151353
13877.0	0.0003	HOXD3	ENSG00000128652
13877.0	0.0003	VTA1	ENSG00000009844
13877.0	0.0003	HBS1L	ENSG00000112339
13877.0	0.0003	VAMP4	ENSG00000117533
13877.0	0.0003	USP53	ENSG00000145390
13877.0	0.0003	MRPL40	ENSG00000185608
13877.0	0.0003	MTHFD2L	ENSG00000163738
13877.0	0.0003	GJC2	ENSG00000198835
13877.0	0.0003	DPPA3	ENSG00000187569
13877.0	0.0003	UBE2U	ENSG00000177414
13877.0	0.0003	TNNT1	ENSG00000105048
13877.0	0.0003	MEAF6	ENSG00000163875
13877.0	0.0003	SLC17A6	ENSG00000091664
13877.0	0.0003	DHFR	ENSG00000228716
13877.0	0.0003	RECQL	ENSG00000004700
13877.0	0.0003	MPP4	ENSG00000082126
13877.0	0.0003	BRD1	ENSG00000100425
13877.0	0.0003	DDX1	ENSG00000079785
13877.0	0.0003	KPNA1	ENSG00000114030
13877.0	0.0003	BCL2L1	ENSG00000171552
13877.0	0.0003	CYP7A1	ENSG00000167910
13877.0	0.0003	AMY2A	ENSG00000243480
13877.0	0.0003	AMY1C	ENSG00000187733
13877.0	0.0003	TLE1	ENSG00000196781
13877.0	0.0003	GJB1	ENSG00000169562
13877.0	0.0003	AMY2B	ENSG00000240038
13877.0	0.0003	RAB7A	ENSG00000075785
13877.0	0.0003	RAB6B	ENSG00000154917
13877.0	0.0003	RHOG	ENSG00000177105
13877.0	0.0003	BRPF3	ENSG00000096070
13877.0	0.0003	SH2B3	ENSG00000111252
13877.0	0.0003	IFT22	ENSG00000128581
13877.0	0.0003	CARMIL1	ENSG00000079691
13877.0	0.0003	SPRYD3	ENSG00000167778
13877.0	0.0003	PRPF40A	ENSG00000196504
13877.0	0.0003	LCT	ENSG00000115850
13877.0	0.0003	SNX6	ENSG00000129515
13877.0	0.0003	DHFR2	ENSG00000178700
13877.0	0.0003	SYNC	ENSG00000162520
13877.0	0.0003	SCAI	ENSG00000173611
13877.0	0.0003	WAS	ENSG00000015285
13877.0	0.0003	BCL6	ENSG00000113916
13877.0	0.0003	TLE2	ENSG00000065717
13877.0	0.0003	AKT1S1	ENSG00000204673
13877.0	0.0003	RAB41	ENSG00000147127
13877.0	0.0003	SPAG9	ENSG00000008294
13877.0	0.0003	TLE3	ENSG00000140332
13877.0	0.0003	RBM39	ENSG00000131051
13877.0	0.0003	PAXIP1	ENSG00000157212
13877.0	0.0003	IGF2BP2	ENSG00000073792
13877.0	0.0003	STYX	ENSG00000198252
13877.0	0.0003	RBBP7	ENSG00000102054
13877.0	0.0003	JAK3	ENSG00000105639
13877.0	0.0003	IGF2BP1	ENSG00000159217
13877.0	0.0003	IGF2BP3	ENSG00000136231
13877.0	0.0003	GALM	ENSG00000143891
13877.0	0.0003	LGALS3	ENSG00000131981
13877.0	0.0003	SRPX	ENSG00000101955
13877.0	0.0003	CUL4A	ENSG00000139842
13877.0	0.0003	CHCHD3	ENSG00000106554
13877.0	0.0003	LRRTM2	ENSG00000146006
13877.0	0.0003	PAX7	ENSG00000009709
13877.0	0.0003	DNALI1	ENSG00000163879
13877.0	0.0003	ABCB8	ENSG00000197150
13877.0	0.0003	LASP1	ENSG00000002834
13877.0	0.0003	ANAPC11	ENSG00000141552
13877.0	0.0003	USP13	ENSG00000058056
13877.0	0.0003	CSHL1	ENSG00000204414
13877.0	0.0003	RNF34	ENSG00000170633
13877.0	0.0003	GRP	ENSG00000134443
13877.0	0.0003	PAK1	ENSG00000149269
13877.0	0.0003	GJB2	ENSG00000165474
13877.0	0.0003	HMGB1	ENSG00000189403
13877.0	0.0003	NUTM1	ENSG00000184507
13877.0	0.0003	GAD2	ENSG00000136750
13877.0	0.0003	ASPH	ENSG00000198363
13877.0	0.0003	TSR3	ENSG00000007520
13877.0	0.0003	CDKAL1	ENSG00000145996
13877.0	0.0003	EVPL	ENSG00000167880
13877.0	0.0003	UXT	ENSG00000126756
13877.0	0.0003	EIF3F	ENSG00000175390
13877.0	0.0003	SCGB1A1	ENSG00000149021
13877.0	0.0003	NCSTN	ENSG00000162736
13877.0	0.0003	DEPTOR	ENSG00000155792
13877.0	0.0003	S100B	ENSG00000160307
13877.0	0.0003	NCBP2	ENSG00000114503
13877.0	0.0003	KIT	ENSG00000157404
13877.0	0.0003	PSPC1	ENSG00000121390
13877.0	0.0003	CD8A	ENSG00000153563
13877.0	0.0003	POLM	ENSG00000122678
13877.0	0.0003	LAMTOR2	ENSG00000116586
13877.0	0.0003	SLC30A8	ENSG00000164756
13877.0	0.0003	RSPH9	ENSG00000172426
13877.0	0.0003	PLSCR1	ENSG00000188313
13877.0	0.0003	MED24	ENSG00000008838
13877.0	0.0003	GABRB1	ENSG00000163288
13877.0	0.0003	AGER	ENSG00000204305
13877.0	0.0003	HBG1	ENSG00000213934
13877.0	0.0003	ARL4D	ENSG00000175906
13877.0	0.0003	GABRA6	ENSG00000145863
13877.0	0.0003	HBG2	ENSG00000196565
13877.0	0.0003	CTNNBIP1	ENSG00000178585
13877.0	0.0003	DCLRE1C	ENSG00000152457
13877.0	0.0003	SEPTIN8	ENSG00000164402
13877.0	0.0003	SNX2	ENSG00000205302
13877.0	0.0003	MED17	ENSG00000042429
13877.0	0.0003	HADH	ENSG00000138796
13877.0	0.0003	MAPK8	ENSG00000107643
13877.0	0.0003	MED4	ENSG00000136146
13877.0	0.0003	MED13	ENSG00000108510
13877.0	0.0003	APEX2	ENSG00000169188
13877.0	0.0003	DDX60L	ENSG00000181381
13877.0	0.0003	MED27	ENSG00000160563
13877.0	0.0003	MAPK8IP2	ENSG00000008735
13877.0	0.0003	ATP1B1	ENSG00000143153
13877.0	0.0003	CD80	ENSG00000121594
13877.0	0.0003	MED28	ENSG00000118579
13877.0	0.0003	MED8	ENSG00000159479
13877.0	0.0003	MAD2L1	ENSG00000164109
13877.0	0.0003	MED10	ENSG00000133398
13877.0	0.0003	GABRA4	ENSG00000109158
13877.0	0.0003	INVS	ENSG00000119509
13877.0	0.0003	GJD3	ENSG00000183153
13877.0	0.0003	THRB	ENSG00000151090
13877.0	0.0003	RUVBL2	ENSG00000183207
13877.0	0.0003	CD28	ENSG00000178562
13877.0	0.0003	FXYD2	ENSG00000137731
13877.0	0.0003	SYT13	ENSG00000019505
13877.0	0.0003	GOLGA5	ENSG00000066455
13877.0	0.0003	CCNA2	ENSG00000145386
13877.0	0.0003	ALDOC	ENSG00000109107
13877.0	0.0003	DBNL	ENSG00000136279
13877.0	0.0003	PPP2R1A	ENSG00000105568
13877.0	0.0003	DCAF13	ENSG00000164934
13877.0	0.0003	SULF1	ENSG00000137573
13877.0	0.0003	HRH1	ENSG00000196639
13877.0	0.0003	RPL3	ENSG00000100316
13877.0	0.0003	ATP1B3	ENSG00000069849
13877.0	0.0003	EIF4G1	ENSG00000114867
13877.0	0.0003	NPY	ENSG00000122585
13877.0	0.0003	HIF1AN	ENSG00000166135
13877.0	0.0003	BCAR1	ENSG00000050820
13877.0	0.0003	PSMD2	ENSG00000175166
13877.0	0.0003	ALDOA	ENSG00000149925
13877.0	0.0003	MARS2	ENSG00000247626
13877.0	0.0003	CCNH	ENSG00000134480
13877.0	0.0003	DTL	ENSG00000143476
13877.0	0.0003	SLC2A4	ENSG00000181856
13877.0	0.0003	MAPK8IP1	ENSG00000121653
13877.0	0.0003	DCAF7	ENSG00000136485
13877.0	0.0003	DCAF11	ENSG00000100897
13877.0	0.0003	KLC1	ENSG00000126214
13877.0	0.0003	RP11-73M18.2	ENSG00000256500
13877.0	0.0003	EIF4G3	ENSG00000075151
13877.0	0.0003	WDR1	ENSG00000071127
13877.0	0.0003	DCAF6	ENSG00000143164
13877.0	0.0003	CRBN	ENSG00000113851
13877.0	0.0003	DCAF4	ENSG00000119599
13877.0	0.0003	TRPC4AP	ENSG00000100991
13877.0	0.0003	TTC14	ENSG00000163728
13877.0	0.0003	DCAF5	ENSG00000139990
13877.0	0.0003	PPIG	ENSG00000138398
13877.0	0.0003	CHMP4A	ENSG00000254505
13877.0	0.0003	DCAF10	ENSG00000122741
13877.0	0.0003	DCAF8	ENSG00000132716
13877.0	0.0003	LRRC32	ENSG00000137507
13877.0	0.0003	CASP10	ENSG00000003400
13877.0	0.0003	DCAF16	ENSG00000163257
13877.0	0.0003	GNPDA2	ENSG00000163281
13877.0	0.0003	TDP1	ENSG00000042088
13877.0	0.0003	SPP2	ENSG00000072080
13877.0	0.0003	ALDOB	ENSG00000136872
13877.0	0.0003	ACVRL1	ENSG00000139567
13877.0	0.0003	DHX15	ENSG00000109606
13877.0	0.0003	RAB8A	ENSG00000167461
13877.0	0.0003	ATP12A	ENSG00000075673
13877.0	0.0003	HRH2	ENSG00000113749
13877.0	0.0003	DMAP1	ENSG00000178028
13877.0	0.0003	RICTOR	ENSG00000164327
13877.0	0.0003	CSE1L	ENSG00000124207
13877.0	0.0003	SLITRK2	ENSG00000185985
13877.0	0.0003	VPS8	ENSG00000156931
13877.0	0.0003	HTR2A	ENSG00000102468
13877.0	0.0003	PLN	ENSG00000198523
13877.0	0.0003	PER1	ENSG00000179094
13877.0	0.0003	LATS1	ENSG00000131023
13877.0	0.0003	SEC16B	ENSG00000120341
13877.0	0.0003	MCRS1	ENSG00000187778
13877.0	0.0003	STT3B	ENSG00000163527
13877.0	0.0003	PWP2	ENSG00000241945
13877.0	0.0003	UBXN7	ENSG00000163960
13877.0	0.0003	RUVBL1	ENSG00000175792
13877.0	0.0003	PAFAH1B1	ENSG00000007168
13877.0	0.0003	RCOR1	ENSG00000089902
13877.0	0.0003	ATF2	ENSG00000115966
13877.0	0.0003	KCTD15	ENSG00000153885
13877.0	0.0003	CCDC28B	ENSG00000160050
13877.0	0.0003	TKTL2	ENSG00000151005
13877.0	0.0003	CYP46A1	ENSG00000036530
13877.0	0.0003	IRS2	ENSG00000185950
13877.0	0.0003	PER2	ENSG00000132326
13877.0	0.0003	EP400	ENSG00000183495
13877.0	0.0003	PLOD3	ENSG00000106397
13877.0	0.0003	UBE2F	ENSG00000184182
13877.0	0.0003	VPS36	ENSG00000136100
13877.0	0.0003	EXOSC6	ENSG00000223496
13877.0	0.0003	GDF5	ENSG00000125965
13877.0	0.0003	DCTN1	ENSG00000204843
13877.0	0.0003	B3GNT2	ENSG00000170340
13877.0	0.0003	PSEN2	ENSG00000143801
13877.0	0.0003	LSM1	ENSG00000175324
13877.0	0.0003	SRPK1	ENSG00000096063
13877.0	0.0003	BRIX1	ENSG00000113460
13877.0	0.0003	ERH	ENSG00000100632
13877.0	0.0003	PPP1R13B	ENSG00000088808
13877.0	0.0003	ZDHHC2	ENSG00000104219
13877.0	0.0003	CXCL14	ENSG00000145824
13877.0	0.0003	DNPH1	ENSG00000112667
13877.0	0.0003	RPIA	ENSG00000153574
13877.0	0.0003	TAF6	ENSG00000106290
13877.0	0.0003	ACTL6A	ENSG00000136518
13877.0	0.0003	G6PD	ENSG00000160211
13877.0	0.0003	DERA	ENSG00000023697
13877.0	0.0003	EXOSC3	ENSG00000107371
13877.0	0.0003	HTATSF1	ENSG00000102241
13877.0	0.0003	HCN4	ENSG00000138622
13877.0	0.0003	AKR1B10	ENSG00000198074
13877.0	0.0003	APBA2	ENSG00000034053
13877.0	0.0003	GABRG3	ENSG00000182256
13877.0	0.0003	TOP2B	ENSG00000077097
13877.0	0.0003	EXOSC2	ENSG00000130713
13877.0	0.0003	DNAH8	ENSG00000124721
13877.0	0.0003	PLOD2	ENSG00000152952
13877.0	0.0003	QARS1	ENSG00000172053
13877.0	0.0003	POC1A	ENSG00000164087
13877.0	0.0003	AKR1B1	ENSG00000085662
13877.0	0.0003	SGPP1	ENSG00000126821
13877.0	0.0003	YPEL5	ENSG00000119801
13877.0	0.0003	ZFYVE19	ENSG00000166140
13877.0	0.0003	MAP2K4	ENSG00000065559
13877.0	0.0003	SPHK1	ENSG00000176170
13877.0	0.0003	SGPP2	ENSG00000163082
13877.0	0.0003	PFAS	ENSG00000178921
13877.0	0.0003	ZDHHC15	ENSG00000102383
13877.0	0.0003	ZDHHC20	ENSG00000180776
13877.0	0.0003	PLPP1	ENSG00000067113
13877.0	0.0003	RFC1	ENSG00000035928
13877.0	0.0003	EXOSC8	ENSG00000120699
13877.0	0.0003	LAMTOR3	ENSG00000109270
13877.0	0.0003	PLPP3	ENSG00000162407
13877.0	0.0003	TEP1	ENSG00000129566
13877.0	0.0003	STX7	ENSG00000079950
13877.0	0.0003	RHEB	ENSG00000106615
13877.0	0.0003	DYNC1H1	ENSG00000197102
13877.0	0.0003	DDRGK1	ENSG00000198171
13877.0	0.0003	STK3	ENSG00000104375
13877.0	0.0003	SOCS3	ENSG00000184557
13877.0	0.0003	POLR2H	ENSG00000163882
13877.0	0.0003	POLR2F	ENSG00000100142
13877.0	0.0003	POLR2E	ENSG00000099817
13877.0	0.0003	SPHK2	ENSG00000063176
13877.0	0.0003	SYS1	ENSG00000204070
13877.0	0.0003	RAD50	ENSG00000113522
13877.0	0.0003	POLR2L	ENSG00000177700
13877.0	0.0003	SNF8	ENSG00000159210
13877.0	0.0003	POLR2K	ENSG00000147669
13877.0	0.0003	UFSP2	ENSG00000109775
13877.0	0.0003	CERS5	ENSG00000139624
13877.0	0.0003	ACSBG1	ENSG00000103740
13877.0	0.0003	POLR3B	ENSG00000013503
13877.0	0.0003	UBQLN1	ENSG00000135018
13877.0	0.0003	CERS6	ENSG00000172292
13877.0	0.0003	LRR1	ENSG00000165501
13877.0	0.0003	TUFM	ENSG00000178952
13877.0	0.0003	CLIP1	ENSG00000130779
13877.0	0.0003	PEX11G	ENSG00000104883
13877.0	0.0003	VAMP7	ENSG00000124333
13877.0	0.0003	POLR3F	ENSG00000132664
13877.0	0.0003	POLR3H	ENSG00000100413
13877.0	0.0003	POLR3D	ENSG00000168495
13877.0	0.0003	POLR3E	ENSG00000058600
13877.0	0.0003	POLR3G	ENSG00000113356
13877.0	0.0003	UBXN1	ENSG00000162191
13877.0	0.0003	SCN4B	ENSG00000177098
13877.0	0.0003	ACTR1A	ENSG00000138107
13877.0	0.0003	PLPP2	ENSG00000141934
13877.0	0.0003	MAP3K5	ENSG00000197442
13877.0	0.0003	CERS4	ENSG00000090661
13877.0	0.0003	TGFBRAP1	ENSG00000135966
13877.0	0.0003	LZTS3	ENSG00000088899
13877.0	0.0003	PRKAG2	ENSG00000106617
13877.0	0.0003	UCHL3	ENSG00000118939
13877.0	0.0003	DPYSL2	ENSG00000092964
13877.0	0.0003	HSD3B7	ENSG00000099377
13877.0	0.0003	WAPL	ENSG00000062650
13877.0	0.0003	PAGR1	ENSG00000185928
13877.0	0.0003	BHMT	ENSG00000145692
13877.0	0.0003	NOL8	ENSG00000198000
13877.0	0.0003	LRRTM1	ENSG00000162951
13877.0	0.0003	ACTR1B	ENSG00000115073
13877.0	0.0003	CERS3	ENSG00000154227
13877.0	0.0003	LZTS1	ENSG00000061337
13877.0	0.0003	KLC2	ENSG00000174996
13877.0	0.0003	ITGA8	ENSG00000077943
13877.0	0.0003	NPHS1	ENSG00000161270
13877.0	0.0003	MAPK3	ENSG00000102882
13877.0	0.0003	ADAM10	ENSG00000137845
13877.0	0.0003	MRTO4	ENSG00000053372
13877.0	0.0003	MTCH2	ENSG00000109919
13877.0	0.0003	SOD3	ENSG00000109610
13877.0	0.0003	DCTN4	ENSG00000132912
13877.0	0.0003	MAP3K11	ENSG00000173327
13877.0	0.0003	HAP1	ENSG00000173805
13877.0	0.0003	UNK	ENSG00000132478
13877.0	0.0003	CAD	ENSG00000084774
13877.0	0.0003	CYP7B1	ENSG00000172817
13877.0	0.0003	B3GNT3	ENSG00000179913
13877.0	0.0003	DCTN2	ENSG00000175203
13877.0	0.0003	RFX6	ENSG00000185002
13877.0	0.0003	INO80	ENSG00000128908
13877.0	0.0003	MAP3K1	ENSG00000095015
13877.0	0.0003	CDK6	ENSG00000105810
13877.0	0.0003	CEP63	ENSG00000182923
13877.0	0.0003	COPB2	ENSG00000184432
13877.0	0.0003	MCM7	ENSG00000166508
13877.0	0.0003	NUP37	ENSG00000075188
13877.0	0.0003	SASS6	ENSG00000156876
13877.0	0.0003	TAF13	ENSG00000197780
13877.0	0.0003	TRAPPC14	ENSG00000146826
13877.0	0.0003	CERS2	ENSG00000143418
13877.0	0.0003	KPNA5	ENSG00000196911
13877.0	0.0003	LIG3	ENSG00000005156
13877.0	0.0003	HTR2B	ENSG00000135914
13877.0	0.0003	YPEL4	ENSG00000166793
13877.0	0.0003	ATF3	ENSG00000162772
13877.0	0.0003	ST3GAL6	ENSG00000064225
13877.0	0.0003	DPYSL3	ENSG00000113657
13877.0	0.0003	SMG1	ENSG00000157106
13877.0	0.0003	PPP2CB	ENSG00000104695
13877.0	0.0003	TRPV6	ENSG00000165125
13877.0	0.0003	ACACB	ENSG00000076555
13877.0	0.0003	CPS1	ENSG00000021826
13877.0	0.0003	ICAM1	ENSG00000090339
13877.0	0.0003	PPP4C	ENSG00000149923
13877.0	0.0003	VTI1A	ENSG00000151532
13877.0	0.0003	GMPS	ENSG00000163655
13877.0	0.0003	DCTN3	ENSG00000137100
13877.0	0.0003	CER1	ENSG00000147869
13877.0	0.0003	ZNRD2	ENSG00000173465
13877.0	0.0003	ADD1	ENSG00000087274
13877.0	0.0003	RAB11A	ENSG00000103769
13877.0	0.0003	SMARCD2	ENSG00000108604
13877.0	0.0003	ADD2	ENSG00000075340
13877.0	0.0003	B3GNT4	ENSG00000176383
13877.0	0.0003	DPYSL4	ENSG00000151640
13877.0	0.0003	MARK2	ENSG00000072518
13877.0	0.0003	TIPRL	ENSG00000143155
13877.0	0.0003	ARL1	ENSG00000120805
13877.0	0.0003	FAAP24	ENSG00000131944
13877.0	0.0003	FYN	ENSG00000010810
13877.0	0.0003	PRR5	ENSG00000186654
13877.0	0.0003	SCO2	ENSG00000130489
13877.0	0.0003	MTPN	ENSG00000105887
13877.0	0.0003	GANAB	ENSG00000089597
13877.0	0.0003	RNF43	ENSG00000108375
13877.0	0.0003	GPC5	ENSG00000179399
13877.0	0.0003	ERBB2	ENSG00000141736
13877.0	0.0003	CHTF18	ENSG00000127586
13877.0	0.0003	DDX42	ENSG00000198231
13877.0	0.0003	SRPRB	ENSG00000144867
13877.0	0.0003	ZYX	ENSG00000159840
13877.0	0.0003	RAB9A	ENSG00000123595
13877.0	0.0003	UTP3	ENSG00000132467
13877.0	0.0003	PRR5L	ENSG00000135362
13877.0	0.0003	TWF2	ENSG00000247596
13877.0	0.0003	NIFK	ENSG00000155438
13877.0	0.0003	RAB5A	ENSG00000144566
13877.0	0.0003	GCH1	ENSG00000131979
13877.0	0.0003	GPC1	ENSG00000063660
13877.0	0.0003	DACH1	ENSG00000165659
13877.0	0.0003	ERC2	ENSG00000187672
13877.0	0.0003	CALM1	ENSG00000198668
13877.0	0.0003	DYNC1LI2	ENSG00000135720
13877.0	0.0003	NKX6-1	ENSG00000163623
13877.0	0.0003	MAX	ENSG00000125952
13877.0	0.0003	MTRFR	ENSG00000130921
13877.0	0.0003	B4GALNT4	ENSG00000182272
13877.0	0.0003	EGR1	ENSG00000120738
13877.0	0.0003	EPB41L1	ENSG00000088367
13877.0	0.0003	TAF9	ENSG00000085231
13877.0	0.0003	SDR42E1	ENSG00000184860
13877.0	0.0003	PRKACG	ENSG00000165059
13877.0	0.0003	TAF7	ENSG00000178913
13877.0	0.0003	ASAH1	ENSG00000104763
13877.0	0.0003	KLF6	ENSG00000067082
13877.0	0.0003	SOAT1	ENSG00000057252
13877.0	0.0003	PRKX	ENSG00000183943
13877.0	0.0003	ACLY	ENSG00000131473
13877.0	0.0003	NDST2	ENSG00000166507
13877.0	0.0003	RP11-574K11.31	ENSG00000272916
13877.0	0.0003	NDOR1	ENSG00000188566
13877.0	0.0003	SENP3	ENSG00000161956
13877.0	0.0003	E2F6	ENSG00000169016
13877.0	0.0003	KIF26B	ENSG00000162849
13877.0	0.0003	EPB41L3	ENSG00000082397
13877.0	0.0003	INO80C	ENSG00000153391
13877.0	0.0003	PARK7	ENSG00000116288
13877.0	0.0003	YKT6	ENSG00000106636
13877.0	0.0003	PRKG2	ENSG00000138669
13877.0	0.0003	LARS1	ENSG00000133706
13877.0	0.0003	RBMS1	ENSG00000153250
13877.0	0.0003	PELP1	ENSG00000141456
13877.0	0.0003	RPS13	ENSG00000110700
13877.0	0.0003	TEX10	ENSG00000136891
13877.0	0.0003	KRT74	ENSG00000170484
13877.0	0.0003	RRS1	ENSG00000179041
13877.0	0.0003	RAB9B	ENSG00000123570
13877.0	0.0003	DROSHA	ENSG00000113360
13877.0	0.0003	DYNC1I1	ENSG00000158560
13877.0	0.0003	FARS2	ENSG00000145982
13877.0	0.0003	SLC35A1	ENSG00000164414
13877.0	0.0003	MAU2	ENSG00000129933
13877.0	0.0003	C17orf49	ENSG00000258315
13877.0	0.0003	EPB41L2	ENSG00000079819
13877.0	0.0003	STX8	ENSG00000170310
13877.0	0.0003	CAPG	ENSG00000042493
13877.0	0.0003	PDIA2	ENSG00000185615
13877.0	0.0003	DNAL4	ENSG00000100246
13877.0	0.0003	H4C13	ENSG00000198558
13877.0	0.0003	LSM4	ENSG00000130520
13877.0	0.0003	SLC27A5	ENSG00000083807
13877.0	0.0003	PIR	ENSG00000087842
13877.0	0.0003	GPC2	ENSG00000213420
13877.0	0.0003	ASAH2	ENSG00000188611
13877.0	0.0003	YES1	ENSG00000176105
13877.0	0.0003	IFI30	ENSG00000216490
13877.0	0.0003	MGA	ENSG00000174197
13877.0	0.0003	ACACA	ENSG00000132142
13877.0	0.0003	PIGZ	ENSG00000119227
13877.0	0.0003	DDX56	ENSG00000136271
13877.0	0.0003	TIMM44	ENSG00000104980
13877.0	0.0003	HTR2C	ENSG00000147246
13877.0	0.0003	STAG3	ENSG00000066923
13877.0	0.0003	LAMTOR5	ENSG00000134248
13877.0	0.0003	CEL	ENSG00000170835
13877.0	0.0003	CDK5RAP3	ENSG00000108465
13877.0	0.0003	LIPA	ENSG00000107798
13877.0	0.0003	PPP6C	ENSG00000119414
13877.0	0.0003	SGSH	ENSG00000181523
13877.0	0.0003	FOXE1	ENSG00000178919
13877.0	0.0003	UTP23	ENSG00000147679
13877.0	0.0003	SDC1	ENSG00000115884
13877.0	0.0003	MRPL45	ENSG00000174100
13877.0	0.0003	DLGAP1	ENSG00000170579
13877.0	0.0003	DPY30	ENSG00000162961
13877.0	0.0003	DNAAF1	ENSG00000154099
13877.0	0.0003	FUT4	ENSG00000196371
13877.0	0.0003	PHEX	ENSG00000102174
13877.0	0.0003	FOXL2	ENSG00000183770
13877.0	0.0003	YPEL2	ENSG00000175155
13877.0	0.0003	DYNLL2	ENSG00000264364
13877.0	0.0003	SDC2	ENSG00000169439
13877.0	0.0003	DACH2	ENSG00000126733
13877.0	0.0003	SDC4	ENSG00000124145
13877.0	0.0003	JAM2	ENSG00000154721
13877.0	0.0003	HLA-DRB1	ENSG00000196126
13877.0	0.0003	POLR1E	ENSG00000137054
13877.0	0.0003	SPTBN2	ENSG00000173898
13877.0	0.0003	ABCE1	ENSG00000164163
13877.0	0.0003	GFRA1	ENSG00000151892
13877.0	0.0003	BIN2	ENSG00000110934
13877.0	0.0003	RILP	ENSG00000167705
13877.0	0.0003	KLF10	ENSG00000155090
13877.0	0.0003	FUT2	ENSG00000176920
13877.0	0.0003	SOAT2	ENSG00000167780
13877.0	0.0003	GRM5	ENSG00000168959
13877.0	0.0003	ACSL1	ENSG00000151726
13877.0	0.0003	UVRAG	ENSG00000198382
13877.0	0.0003	AHCYL2	ENSG00000158467
13877.0	0.0003	FUT1	ENSG00000174951
13877.0	0.0003	KANSL2	ENSG00000139620
13877.0	0.0003	SDC3	ENSG00000162512
13877.0	0.0003	PIGR	ENSG00000162896
13877.0	0.0003	WNT7B	ENSG00000188064
13877.0	0.0003	RPS5	ENSG00000083845
13877.0	0.0003	CSTB	ENSG00000160213
13877.0	0.0003	EIF6	ENSG00000242372
13877.0	0.0003	BBOX1	ENSG00000129151
13877.0	0.0003	USP39	ENSG00000168883
13877.0	0.0003	DCP2	ENSG00000172795
13877.0	0.0003	DSCC1	ENSG00000136982
13877.0	0.0003	NKX6-2	ENSG00000148826
13877.0	0.0003	LAMTOR4	ENSG00000188186
13877.0	0.0003	COPZ1	ENSG00000111481
13877.0	0.0003	LRGUK	ENSG00000155530
13877.0	0.0003	GCNT2	ENSG00000111846
13877.0	0.0003	COPA	ENSG00000122218
13877.0	0.0003	WNT5B	ENSG00000111186
13877.0	0.0003	PRPF8	ENSG00000174231
13877.0	0.0003	TYMS	ENSG00000176890
13877.0	0.0003	AHCYL1	ENSG00000168710
13877.0	0.0003	DNTTIP2	ENSG00000067334
13877.0	0.0003	ACTBL2	ENSG00000169067
13877.0	0.0003	OSBPL1A	ENSG00000141447
13877.0	0.0003	SIPA1L1	ENSG00000197555
13877.0	0.0003	NXPH3	ENSG00000182575
13877.0	0.0003	PPTC7	ENSG00000196850
13877.0	0.0003	SYNM	ENSG00000182253
13877.0	0.0003	COPB1	ENSG00000129083
13877.0	0.0003	COPG1	ENSG00000181789
13877.0	0.0003	CAPZA3	ENSG00000177938
13877.0	0.0003	SAFB	ENSG00000160633
13877.0	0.0003	PLXNA2	ENSG00000076356
13877.0	0.0003	B4GALT4	ENSG00000121578
13877.0	0.0003	SPR	ENSG00000116096
13877.0	0.0003	INHBA	ENSG00000122641
13877.0	0.0003	NID1	ENSG00000116962
13877.0	0.0003	CAP1	ENSG00000131236
13877.0	0.0003	CAP2	ENSG00000112186
13877.0	0.0003	CXCL1	ENSG00000163739
13877.0	0.0003	HOXC9	ENSG00000180806
13877.0	0.0003	EOMES	ENSG00000163508
13877.0	0.0003	CDK5R1	ENSG00000176749
13877.0	0.0003	VDAC3	ENSG00000078668
13877.0	0.0003	COPE	ENSG00000105669
13877.0	0.0003	UFSP1	ENSG00000176125
13877.0	0.0003	RBM14	ENSG00000239306
13877.0	0.0003	IL6ST	ENSG00000134352
13877.0	0.0003	EWSR1	ENSG00000182944
13877.0	0.0003	CALM2	ENSG00000143933
13877.0	0.0003	HINT1	ENSG00000169567
13877.0	0.0003	SCN3B	ENSG00000166257
13877.0	0.0003	TBC1D22B	ENSG00000065491
13877.0	0.0003	TBC1D22A	ENSG00000054611
13877.0	0.0003	FUT3	ENSG00000171124
13877.0	0.0003	WDR82	ENSG00000164091
13877.0	0.0003	APPL2	ENSG00000136044
13877.0	0.0003	COPZ2	ENSG00000005243
13877.0	0.0003	YPEL1	ENSG00000100027
13877.0	0.0003	MALSU1	ENSG00000156928
13877.0	0.0003	HSF4	ENSG00000102878
13877.0	0.0003	PPM1A	ENSG00000100614
13877.0	0.0003	ZCCHC10	ENSG00000155329
13877.0	0.0003	DCLRE1B	ENSG00000118655
13877.0	0.0003	ACADS	ENSG00000122971
13877.0	0.0003	INSIG2	ENSG00000125629
13877.0	0.0003	YAP1	ENSG00000137693
13877.0	0.0003	AP2A1	ENSG00000196961
13877.0	0.0003	SSU72	ENSG00000160075
13877.0	0.0003	UHMK1	ENSG00000152332
13877.0	0.0003	FGF4	ENSG00000075388
13877.0	0.0003	COPS5	ENSG00000121022
13877.0	0.0003	WNT16	ENSG00000002745
13877.0	0.0003	PPP3R1	ENSG00000221823
13877.0	0.0003	ADCY5	ENSG00000173175
13877.0	0.0003	INHBB	ENSG00000163083
13877.0	0.0003	HOXC13	ENSG00000123364
13877.0	0.0003	DYNLT2	ENSG00000184786
13877.0	0.0003	SMC1B	ENSG00000077935
13877.0	0.0003	PKLR	ENSG00000143627
13877.0	0.0003	AHCTF1	ENSG00000153207
13877.0	0.0003	ETFA	ENSG00000140374
13877.0	0.0003	NR1H2	ENSG00000131408
13877.0	0.0003	NLK	ENSG00000087095
13877.0	0.0003	NXPH1	ENSG00000122584
13877.0	0.0003	SRPK2	ENSG00000135250
13877.0	0.0003	CD99	ENSG00000002586
13877.0	0.0003	PDP1	ENSG00000164951
13877.0	0.0003	PIAS2	ENSG00000078043
13877.0	0.0003	SYMPK	ENSG00000125755
13877.0	0.0003	HAX1	ENSG00000143575
13877.0	0.0003	TIAL1	ENSG00000151923
13877.0	0.0003	RABL2B	ENSG00000079974
13877.0	0.0003	RABL2A	ENSG00000144134
13877.0	0.0003	SETDB1	ENSG00000143379
13877.0	0.0003	AURKB	ENSG00000178999
13877.0	0.0003	ARF4	ENSG00000168374
13877.0	0.0003	STK39	ENSG00000198648
13877.0	0.0003	PHF10	ENSG00000130024
13877.0	0.0003	H2AZ1	ENSG00000164032
13877.0	0.0003	ULK1	ENSG00000177169
13877.0	0.0003	GLMN	ENSG00000174842
13877.0	0.0003	INHBC	ENSG00000175189
13877.0	0.0003	TUSC3	ENSG00000104723
13877.0	0.0003	UBR5	ENSG00000104517
13877.0	0.0003	C1orf222	ENSG00000142609
13877.0	0.0003	CCDC103	ENSG00000167131
13877.0	0.0003	CCNO	ENSG00000152669
13877.0	0.0003	CFAP298	ENSG00000159079
13877.0	0.0003	CFAP300	ENSG00000137691
13877.0	0.0003	DNAAF11	ENSG00000129295
13877.0	0.0003	DNAAF6	ENSG00000080572
13877.0	0.0003	DNAH1	ENSG00000114841
13877.0	0.0003	DNAJB13	ENSG00000187726
13877.0	0.0003	GAS8	ENSG00000141013
13877.0	0.0003	HYDIN	ENSG00000157423
13877.0	0.0003	LRRC56	ENSG00000161328
13877.0	0.0003	MCIDAS	ENSG00000234602
13877.0	0.0003	NEK10	ENSG00000163491
13877.0	0.0003	NME5	ENSG00000112981
13877.0	0.0003	PCDP1	ENSG00000163075
13877.0	0.0003	RPGR	ENSG00000156313
13877.0	0.0003	RSPH1	ENSG00000160188
13877.0	0.0003	RSPH3	ENSG00000130363
13877.0	0.0003	SPAG1	ENSG00000104450
13877.0	0.0003	SPEF2	ENSG00000152582
13877.0	0.0003	STK36	ENSG00000163482
13877.0	0.0003	TTC12	ENSG00000149292
13877.0	0.0003	ZMYND10	ENSG00000004838
13877.0	0.0003	POU3F4	ENSG00000196767
13877.0	0.0003	KARS1	ENSG00000065427
13877.0	0.0003	SMPD2	ENSG00000135587
13877.0	0.0003	INHBE	ENSG00000139269
13877.0	0.0003	HOXC12	ENSG00000123407
13877.0	0.0003	KLC4	ENSG00000137171
13877.0	0.0003	ULK2	ENSG00000083290
13877.0	0.0003	MRE11	ENSG00000020922
13877.0	0.0003	VGLL2	ENSG00000170162
13877.0	0.0003	VDR	ENSG00000111424
13877.0	0.0003	WNT6	ENSG00000115596
13877.0	0.0003	RARA	ENSG00000131759
13877.0	0.0003	HBE1	ENSG00000213931
13877.0	0.0003	RPAP3	ENSG00000005175
13877.0	0.0003	ELOC	ENSG00000154582
13877.0	0.0003	ATAD5	ENSG00000176208
13877.0	0.0003	ABI1	ENSG00000136754
13877.0	0.0003	PSME3	ENSG00000131467
13877.0	0.0003	TNK2	ENSG00000061938
13877.0	0.0003	RARS2	ENSG00000146282
13877.0	0.0003	PPP3R2	ENSG00000188386
13877.0	0.0003	CUL2	ENSG00000108094
13877.0	0.0003	TARS2	ENSG00000143374
13877.0	0.0003	PRELP	ENSG00000188783
13877.0	0.0003	INCENP	ENSG00000149503
13877.0	0.0003	UBE2L3	ENSG00000185651
13877.0	0.0003	ACAN	ENSG00000157766
13877.0	0.0003	ULK3	ENSG00000140474
13877.0	0.0003	SAV1	ENSG00000151748
13877.0	0.0003	SIX2	ENSG00000170577
13877.0	0.0003	OGN	ENSG00000106809
13877.0	0.0003	UGCG	ENSG00000148154
13877.0	0.0003	CGGBP1	ENSG00000163320
13877.0	0.0003	DLGAP2	ENSG00000198010
13877.0	0.0003	PXN	ENSG00000089159
13877.0	0.0003	UGT8	ENSG00000174607
13877.0	0.0003	H2AZ2	ENSG00000105968
13877.0	0.0003	CATSPER1	ENSG00000175294
13877.0	0.0003	ITGA4	ENSG00000115232
13877.0	0.0003	PLP1	ENSG00000123560
13877.0	0.0003	LUM	ENSG00000139329
13877.0	0.0003	YPEL3	ENSG00000090238
13877.0	0.0003	REC8	ENSG00000100918
13877.0	0.0003	HAT1	ENSG00000128708
13877.0	0.0003	HPSE	ENSG00000173083
13877.0	0.0003	UGT1A1	ENSG00000242366
13877.0	0.0003	RAD21L1	ENSG00000244588
13877.0	0.0003	FMOD	ENSG00000122176
13877.0	0.0003	CRTC2	ENSG00000160741
13877.0	0.0003	KERA	ENSG00000139330
13877.0	0.0003	RELB	ENSG00000104856
13877.0	0.0003	CENPK	ENSG00000123219
13877.0	0.0003	OMD	ENSG00000127083
13877.0	0.0003	WNT9A	ENSG00000143816
13877.0	0.0003	CORO6	ENSG00000167549
13877.0	0.0003	WNT9B	ENSG00000158955
13877.0	0.0003	SOX13	ENSG00000143842
13877.0	0.0003	ITGB2	ENSG00000160255
13877.0	0.0003	WNK4	ENSG00000126562
13877.0	0.0003	WNT10B	ENSG00000169884
13877.0	0.0003	MST1	ENSG00000173531
13877.0	0.0003	GBA2	ENSG00000070610
13877.0	0.0003	GP1BA	ENSG00000185245
13877.0	0.0003	WNT8B	ENSG00000075290
13877.0	0.0003	DLGAP3	ENSG00000116544
13877.0	0.0003	DEGS1	ENSG00000143753
13877.0	0.0003	VSIG2	ENSG00000019102
13877.0	0.0003	RHOU	ENSG00000116574
13877.0	0.0003	ITGAX	ENSG00000140678
13877.0	0.0003	NCBP3	ENSG00000074356
13877.0	0.0003	SFT2D3	ENSG00000173349
13877.0	0.0003	CPEB3	ENSG00000107864
13877.0	0.0003	EPN1	ENSG00000063245
13877.0	0.0003	EPS15	ENSG00000085832
13877.0	0.0003	WNT8A	ENSG00000061492
13877.0	0.0003	AMPD2	ENSG00000116337
13877.0	0.0003	CBX3	ENSG00000122565
13877.0	0.0003	WNT10A	ENSG00000135925
13877.0	0.0003	LSM8	ENSG00000128534
13877.0	0.0003	DPF3	ENSG00000205683
13877.0	0.0003	WARS2	ENSG00000116874
13877.0	0.0003	SNRPD3	ENSG00000100028
13877.0	0.0003	UTY	ENSG00000183878
13877.0	0.0003	STAM2	ENSG00000115145
13877.0	0.0003	H3-4	ENSG00000168148
13877.0	0.0003	NR1I2	ENSG00000144852
13877.0	0.0003	GLCE	ENSG00000138604
13877.0	0.0003	ROCK1	ENSG00000067900
13877.0	0.0003	SKP2	ENSG00000145604
13877.0	0.0003	RPN2	ENSG00000118705
13877.0	0.0003	CAB39	ENSG00000135932
13877.0	0.0003	DEGS2	ENSG00000168350
13877.0	0.0003	BGLAP	ENSG00000242252
13877.0	0.0003	CNTN2	ENSG00000184144
13877.0	0.0003	POMC	ENSG00000115138
13877.0	0.0003	STX17	ENSG00000136874
13877.0	0.0003	PDF	ENSG00000258429
13877.0	0.0003	GP5	ENSG00000178732
13877.0	0.0003	NR1I3	ENSG00000143257
13877.0	0.0003	UGT1A6	ENSG00000167165
13877.0	0.0003	ARFRP1	ENSG00000101246
13877.0	0.0003	CMA1	ENSG00000092009
13877.0	0.0003	POLR2G	ENSG00000168002
13877.0	0.0003	OXSR1	ENSG00000172939
13877.0	0.0003	ARL16	ENSG00000214087
13877.0	0.0003	ZNF195	ENSG00000005801
13877.0	0.0003	CPSF6	ENSG00000111605
13877.0	0.0003	MON1B	ENSG00000103111
13877.0	0.0003	PICALM	ENSG00000073921
13877.0	0.0003	SNRPD2	ENSG00000125743
13877.0	0.0003	ADARB1	ENSG00000197381
13877.0	0.0003	KRT10	ENSG00000186395
13877.0	0.0003	WDHD1	ENSG00000198554
13877.0	0.0003	UGT1A9	ENSG00000241119
13877.0	0.0003	YWHAZ	ENSG00000164924
13877.0	0.0003	CSNK2A2	ENSG00000070770
13877.0	0.0003	METTL1	ENSG00000037897
13877.0	0.0003	CERK	ENSG00000100422
13877.0	0.0003	CBX1	ENSG00000108468
13877.0	0.0003	HOMER3	ENSG00000051128
13877.0	0.0003	ESPL1	ENSG00000135476
13877.0	0.0003	PI3	ENSG00000124102
13877.0	0.0003	F11R	ENSG00000158769
13877.0	0.0003	TP53I3	ENSG00000115129
13877.0	0.0003	HEXA	ENSG00000213614
13877.0	0.0003	CDCA8	ENSG00000134690
13877.0	0.0003	FOXO1	ENSG00000150907
13877.0	0.0003	ACER1	ENSG00000167769
13877.0	0.0003	DPF1	ENSG00000011332
13877.0	0.0003	HNRNPM	ENSG00000099783
13877.0	0.0003	LSM6	ENSG00000164167
13877.0	0.0003	ADAMTS1	ENSG00000154734
13877.0	0.0003	PPM1L	ENSG00000163590
13877.0	0.0003	GM2A	ENSG00000196743
13877.0	0.0003	DHX9	ENSG00000135829
13877.0	0.0003	GP9	ENSG00000169704
13877.0	0.0003	PPM1F	ENSG00000100034
13877.0	0.0003	PPM1G	ENSG00000115241
13877.0	0.0003	MON1A	ENSG00000164077
13877.0	0.0003	SPAM1	ENSG00000106304
13877.0	0.0003	PPM1B	ENSG00000138032
13877.0	0.0003	RASSF8	ENSG00000123094
13877.0	0.0003	HNRNPU	ENSG00000153187
13877.0	0.0003	IGFBP3	ENSG00000146674
13877.0	0.0003	KLHL22	ENSG00000099910
13877.0	0.0003	PIAS1	ENSG00000033800
13877.0	0.0003	PRC1	ENSG00000198901
13877.0	0.0003	HYAL4	ENSG00000106302
13877.0	0.0003	PRKCD	ENSG00000163932
13877.0	0.0003	SPATA13	ENSG00000182957
13877.0	0.0003	KCTD13	ENSG00000174943
13877.0	0.0003	BICD1	ENSG00000151746
13877.0	0.0003	ILKAP	ENSG00000132323
13877.0	0.0003	KLHL42	ENSG00000087448
13877.0	0.0003	FBXW7	ENSG00000109670
13877.0	0.0003	CDC27	ENSG00000004897
13877.0	0.0003	PDP2	ENSG00000172840
13877.0	0.0003	PP2D1	ENSG00000183977
13877.0	0.0003	PPM1E	ENSG00000175175
13877.0	0.0003	PPM1N	ENSG00000213889
13877.0	0.0003	TIMELESS	ENSG00000111602
13877.0	0.0003	KLHL13	ENSG00000003096
13877.0	0.0003	ACER2	ENSG00000177076
13877.0	0.0003	UGT1A3	ENSG00000243135
13877.0	0.0003	UGT2B7	ENSG00000171234
13877.0	0.0003	NOP14	ENSG00000087269
13877.0	0.0003	STAM	ENSG00000136738
13877.0	0.0003	CLDN5	ENSG00000184113
13877.0	0.0003	KLHL21	ENSG00000162413
13877.0	0.0003	STAT6	ENSG00000166888
13877.0	0.0003	KLHL9	ENSG00000198642
13877.0	0.0003	SCYL1	ENSG00000142186
13877.0	0.0003	ENC1	ENSG00000171617
13877.0	0.0003	YWHAH	ENSG00000128245
13877.0	0.0003	FBXO4	ENSG00000151876
13877.0	0.0003	KLHL8	ENSG00000145332
13877.0	0.0003	RBM19	ENSG00000122965
13877.0	0.0003	ETF1	ENSG00000120705
13877.0	0.0003	TNFAIP1	ENSG00000109079
13877.0	0.0003	VPS72	ENSG00000163159
13877.0	0.0003	SPOPL	ENSG00000144228
13877.0	0.0003	IGSF5	ENSG00000183067
13877.0	0.0003	LSM7	ENSG00000130332
13877.0	0.0003	MAP1LC3A	ENSG00000101460
13877.0	0.0003	CHIA	ENSG00000134216
13877.0	0.0003	MMP1	ENSG00000196611
13877.0	0.0003	GAN	ENSG00000261609
13877.0	0.0003	GRM1	ENSG00000152822
13877.0	0.0003	TFRC	ENSG00000072274
13877.0	0.0003	KLHL3	ENSG00000146021
13877.0	0.0003	YWHAQ	ENSG00000134308
13877.0	0.0003	KLHL25	ENSG00000183655
13877.0	0.0003	TAOK3	ENSG00000135090
13877.0	0.0003	CD79A	ENSG00000105369
13877.0	0.0003	KLHL20	ENSG00000076321
13877.0	0.0003	DAD1	ENSG00000129562
13877.0	0.0003	UBE2Z	ENSG00000159202
13877.0	0.0003	GAA	ENSG00000171298
13877.0	0.0003	KLHL7	ENSG00000122550
13877.0	0.0003	NR0B1	ENSG00000169297
13877.0	0.0003	DYNLT1	ENSG00000146425
13877.0	0.0003	FOXA1	ENSG00000129514
13877.0	0.0003	SLC6A5	ENSG00000165970
13877.0	0.0003	IQCB1	ENSG00000173226
13877.0	0.0003	ATP6V0A1	ENSG00000033627
13877.0	0.0003	SYNJ2	ENSG00000078269
13877.0	0.0003	GANC	ENSG00000214013
13877.0	0.0003	ERBIN	ENSG00000112851
13877.0	0.0003	GRAP2	ENSG00000100351
13877.0	0.0003	PUS10	ENSG00000162927
13877.0	0.0003	MMP3	ENSG00000149968
13877.0	0.0003	TSHZ2	ENSG00000182463
13877.0	0.0003	SCNN1B	ENSG00000168447
13877.0	0.0003	RIN3	ENSG00000100599
13877.0	0.0003	SF3A1	ENSG00000099995
13877.0	0.0003	FBXO9	ENSG00000112146
13877.0	0.0003	DCC	ENSG00000187323
13877.0	0.0003	FAF2	ENSG00000113194
13877.0	0.0003	GPA33	ENSG00000143167
13877.0	0.0003	SLIRP	ENSG00000119705
13877.0	0.0003	FBXL19	ENSG00000099364
13877.0	0.0003	PURB	ENSG00000146676
13877.0	0.0003	LSM5	ENSG00000106355
13877.0	0.0003	HOXB7	ENSG00000260027
13877.0	0.0003	INSIG1	ENSG00000186480
13877.0	0.0003	LSM3	ENSG00000170860
13877.0	0.0003	ATP6V0D2	ENSG00000147614
13877.0	0.0003	MAML3	ENSG00000196782
13877.0	0.0003	MT1F	ENSG00000198417
13877.0	0.0003	KDM4C	ENSG00000107077
13877.0	0.0003	DYNLT3	ENSG00000165169
13877.0	0.0003	TPST1	ENSG00000169902
13877.0	0.0003	FBXO44	ENSG00000132879
13877.0	0.0003	ATP6V0D1	ENSG00000159720
13877.0	0.0003	FBXO6	ENSG00000116663
13877.0	0.0003	FBXO17	ENSG00000269190
13877.0	0.0003	PCM1	ENSG00000078674
13877.0	0.0003	H2BC11	ENSG00000124635
13877.0	0.0003	USP47	ENSG00000170242
13877.0	0.0003	ACSM3	ENSG00000005187
13877.0	0.0003	FBXO27	ENSG00000161243
13877.0	0.0003	CBFA2T2	ENSG00000078699
13877.0	0.0003	H2BC14	ENSG00000196374
13877.0	0.0003	STRADB	ENSG00000082146
13877.0	0.0003	AKAP8L	ENSG00000011243
13877.0	0.0003	ATP6V0A4	ENSG00000105929
13877.0	0.0003	HIF1A	ENSG00000100644
13877.0	0.0003	NCL	ENSG00000115053
13877.0	0.0003	NDST4	ENSG00000138653
13877.0	0.0003	ITGA2B	ENSG00000005961
13877.0	0.0003	CRTC3	ENSG00000140577
13877.0	0.0003	CFDP1	ENSG00000153774
13877.0	0.0003	TECPR2	ENSG00000196663
13877.0	0.0003	CRY1	ENSG00000008405
13877.0	0.0003	KIFAP3	ENSG00000075945
13877.0	0.0003	VPS26A	ENSG00000122958
13877.0	0.0003	KCNQ1	ENSG00000053918
13877.0	0.0003	CLK3	ENSG00000179335
13877.0	0.0003	UGT2B4	ENSG00000156096
13877.0	0.0003	MALL	ENSG00000144063
13877.0	0.0003	UGT1A5	ENSG00000240224
13877.0	0.0003	RARS1	ENSG00000113643
13877.0	0.0003	GPR101	ENSG00000165370
13877.0	0.0003	SIX4	ENSG00000100625
13877.0	0.0003	AKAP7	ENSG00000118507
13877.0	0.0003	CRY2	ENSG00000121671
13877.0	0.0003	HEYL	ENSG00000163909
13877.0	0.0003	HOXB5	ENSG00000120075
13877.0	0.0003	GPER1	ENSG00000164850
13877.0	0.0003	SSRP1	ENSG00000149136
13877.0	0.0003	MOB1A	ENSG00000114978
13877.0	0.0003	MOB1B	ENSG00000173542
13877.0	0.0003	NDST3	ENSG00000164100
13877.0	0.0003	ASAP2	ENSG00000151693
13877.0	0.0003	TMED5	ENSG00000117500
13877.0	0.0003	PPP3CB	ENSG00000107758
13877.0	0.0003	MDH1B	ENSG00000138400
13877.0	0.0003	UGT1A7	ENSG00000244122
13877.0	0.0003	ATP6V1H	ENSG00000047249
13877.0	0.0003	ZNHIT1	ENSG00000106400
13877.0	0.0003	AURKA	ENSG00000087586
13877.0	0.0003	SFRP1	ENSG00000104332
13877.0	0.0003	APOA1	ENSG00000118137
13877.0	0.0003	LRRK2	ENSG00000188906
13877.0	0.0003	PAK4	ENSG00000130669
13877.0	0.0003	LPL	ENSG00000175445
13877.0	0.0003	PLD2	ENSG00000129219
13877.0	0.0003	CDH15	ENSG00000129910
13877.0	0.0003	PPARGC1A	ENSG00000109819
13877.0	0.0003	VPS29	ENSG00000111237
13877.0	0.0003	PPP3CC	ENSG00000120910
13877.0	0.0003	PAK6	ENSG00000137843
13877.0	0.0003	CTTN	ENSG00000085733
13877.0	0.0003	PAK5	ENSG00000101349
13877.0	0.0003	ATP6V0C	ENSG00000185883
13877.0	0.0003	MAVS	ENSG00000088888
13877.0	0.0003	ATP6V1F	ENSG00000128524
13877.0	0.0003	FGF20	ENSG00000078579
13877.0	0.0003	EPAS1	ENSG00000116016
13877.0	0.0003	NTN1	ENSG00000065320
13877.0	0.0003	SF3A3	ENSG00000183431
13877.0	0.0003	AARS2	ENSG00000124608
13877.0	0.0003	DKC1	ENSG00000130826
13877.0	0.0003	TBC1D31	ENSG00000156787
13877.0	0.0003	APOA2	ENSG00000158874
13877.0	0.0003	UGT1A10	ENSG00000242515
13877.0	0.0003	NR5A1	ENSG00000136931
13877.0	0.0003	DNAH2	ENSG00000183914
13877.0	0.0003	BCL2L2	ENSG00000129473
13877.0	0.0003	MLEC	ENSG00000110917
13877.0	0.0003	ATP6V0B	ENSG00000117410
13877.0	0.0003	CPT1A	ENSG00000110090
13877.0	0.0003	NR1H3	ENSG00000025434
13877.0	0.0003	CAMK2D	ENSG00000145349
13877.0	0.0003	ASAP1	ENSG00000153317
13877.0	0.0003	PPP1R42	ENSG00000178125
13877.0	0.0003	SLC44A5	ENSG00000137968
13877.0	0.0003	ME1	ENSG00000065833
13877.0	0.0003	FABP1	ENSG00000163586
13877.0	0.0003	CCT6A	ENSG00000146731
13877.0	0.0003	SNRPF	ENSG00000139343
13877.0	0.0003	RAP1A	ENSG00000116473
13877.0	0.0003	CYP11A1	ENSG00000140459
13877.0	0.0003	UGT1A4	ENSG00000244474
13877.0	0.0003	CDK4	ENSG00000135446
13877.0	0.0003	ROBO2	ENSG00000185008
13877.0	0.0003	ERG	ENSG00000157554
13877.0	0.0003	ATP6V1G1	ENSG00000136888
13877.0	0.0003	IBSP	ENSG00000029559
13877.0	0.0003	HPS3	ENSG00000163755
13877.0	0.0003	ANXA5	ENSG00000164111
13877.0	0.0003	DYNC1LI1	ENSG00000144635
13877.0	0.0003	SRSF12	ENSG00000154548
13877.0	0.0003	PRDM1	ENSG00000057657
13877.0	0.0003	ZMAT2	ENSG00000146007
13877.0	0.0003	NUBP2	ENSG00000095906
13877.0	0.0003	LHX4	ENSG00000121454
13877.0	0.0003	CECR2	ENSG00000099954
13877.0	0.0003	RTF1	ENSG00000137815
13877.0	0.0003	CLDN16	ENSG00000113946
13877.0	0.0003	DMP1	ENSG00000152592
13877.0	0.0003	HBD	ENSG00000223609
13877.0	0.0003	UGT2B15	ENSG00000196620
13877.0	0.0003	F12	ENSG00000131187
13877.0	0.0003	ATP6V1G3	ENSG00000151418
13877.0	0.0003	ATP6V0E1	ENSG00000113732
13877.0	0.0003	EZR	ENSG00000092820
13877.0	0.0003	HOXA9	ENSG00000078399
13877.0	0.0003	TNS1	ENSG00000079308
13877.0	0.0003	LEO1	ENSG00000166477
13877.0	0.0003	MORF4L2	ENSG00000123562
13877.0	0.0003	NPAS2	ENSG00000170485
13877.0	0.0003	PRKCA	ENSG00000154229
13877.0	0.0003	UGT1A8	ENSG00000241635
13877.0	0.0003	CLDN23	ENSG00000253958
13877.0	0.0003	CCND3	ENSG00000112576
13877.0	0.0003	RP1	ENSG00000104237
13877.0	0.0003	CLDN2	ENSG00000165376
13877.0	0.0003	F11	ENSG00000088926
13877.0	0.0003	CLDN11	ENSG00000013297
13877.0	0.0003	REPS2	ENSG00000169891
13877.0	0.0003	CLDN18	ENSG00000066405
13877.0	0.0003	PHOSPHO1	ENSG00000173868
13877.0	0.0003	CLDN15	ENSG00000106404
13877.0	0.0003	CLOCK	ENSG00000134852
13877.0	0.0003	C1QBP	ENSG00000108561
13877.0	0.0003	EGF	ENSG00000138798
13877.0	0.0003	BMI1	ENSG00000168283
13877.0	0.0003	ZNF384	ENSG00000126746
13877.0	0.0003	SYNJ2BP	ENSG00000213463
13877.0	0.0003	PRKCG	ENSG00000126583
13877.0	0.0003	CLDN14	ENSG00000159261
13877.0	0.0003	CLDN17	ENSG00000156282
13877.0	0.0003	NAGLU	ENSG00000108784
13877.0	0.0003	MCM2	ENSG00000073111
13877.0	0.0003	CLDN22	ENSG00000177300
13877.0	0.0003	F2	ENSG00000180210
13877.0	0.0003	CBX2	ENSG00000173894
13877.0	0.0003	PRKCE	ENSG00000171132
13877.0	0.0003	CLDN9	ENSG00000213937
13877.0	0.0003	CLDN20	ENSG00000171217
13877.0	0.0003	TSNAX	ENSG00000116918
13877.0	0.0003	SNCA	ENSG00000145335
13877.0	0.0003	UGT2B17	ENSG00000197888
13877.0	0.0003	SKIL	ENSG00000136603
13877.0	0.0003	UBA1	ENSG00000130985
13877.0	0.0003	PPP2R1B	ENSG00000137713
13877.0	0.0003	CLDN8	ENSG00000156284
13877.0	0.0003	PRKCQ	ENSG00000065675
13877.0	0.0003	CELA2A	ENSG00000142615
13877.0	0.0003	CELA2B	ENSG00000215704
13877.0	0.0003	CLDN1	ENSG00000163347
13877.0	0.0003	ZFAND6	ENSG00000086666
13877.0	0.0003	CLDN10	ENSG00000134873
13877.0	0.0003	PPP1R12B	ENSG00000077157
13877.0	0.0003	CDC14A	ENSG00000079335
13877.0	0.0003	PPP1R12C	ENSG00000125503
13877.0	0.0003	DLGAP4	ENSG00000080845
13877.0	0.0003	MAGI1	ENSG00000151276
13877.0	0.0003	CSNK1E	ENSG00000213923
13877.0	0.0003	MIDN	ENSG00000167470
13877.0	0.0003	F9	ENSG00000101981
13877.0	0.0003	CLDN19	ENSG00000164007
13877.0	0.0003	AREG	ENSG00000109321
13877.0	0.0003	AREGB	ENSG00000205595
13877.0	0.0003	SLC44A1	ENSG00000070214
13877.0	0.0003	SULT2B1	ENSG00000088002
13877.0	0.0003	CLDN6	ENSG00000184697
13877.0	0.0003	PRKAG1	ENSG00000181929
13877.0	0.0003	THRSP	ENSG00000151365
13877.0	0.0003	SH3GL1	ENSG00000141985
13877.0	0.0003	LPXN	ENSG00000110031
13877.0	0.0003	HEBP2	ENSG00000051620
13877.0	0.0003	RASSF3	ENSG00000153179
13877.0	0.0003	KLKB1	ENSG00000164344
13877.0	0.0003	SART3	ENSG00000075856
13877.0	0.0003	CLDN24	ENSG00000185758
13877.0	0.0003	PSRC1	ENSG00000134222
13877.0	0.0003	MAP2	ENSG00000078018
13877.0	0.0003	CLDN25	ENSG00000228607
13877.0	0.0003	CBX4	ENSG00000141582
13877.0	0.0003	CLGN	ENSG00000153132
13877.0	0.0003	PRPF4	ENSG00000136875
13877.0	0.0003	CD151	ENSG00000177697
13877.0	0.0003	SELE	ENSG00000007908
13877.0	0.0003	CAB39L	ENSG00000102547
13877.0	0.0003	AURKC	ENSG00000105146
13877.0	0.0003	RPLP0	ENSG00000089157
13877.0	0.0003	RGL1	ENSG00000143344
13877.0	0.0003	RGL4	ENSG00000159496
13877.0	0.0003	KIF25	ENSG00000125337
13877.0	0.0003	PCGF6	ENSG00000156374
13877.0	0.0003	SH3GL2	ENSG00000107295
13877.0	0.0003	HNF1A	ENSG00000135100
13877.0	0.0003	RNF11	ENSG00000123091
13877.0	0.0003	EIF4E	ENSG00000151247
13877.0	0.0003	TERF1	ENSG00000147601
13877.0	0.0003	AP2A2	ENSG00000183020
13877.0	0.0003	RPS14	ENSG00000164587
13877.0	0.0003	FBL	ENSG00000105202
13877.0	0.0003	CBX8	ENSG00000141570
13877.0	0.0003	SEC31B	ENSG00000075826
13877.0	0.0003	AAR2	ENSG00000131043
13877.0	0.0003	RASSF2	ENSG00000101265
13877.0	0.0003	SELP	ENSG00000174175
13877.0	0.0003	RASSF4	ENSG00000107551
13877.0	0.0003	CBX7	ENSG00000100307
13877.0	0.0003	AFAP1L1	ENSG00000157510
13877.0	0.0003	ROBO3	ENSG00000154134
13877.0	0.0003	KDM2A	ENSG00000173120
13877.0	0.0003	CNOT4	ENSG00000080802
13877.0	0.0003	FOXO3	ENSG00000118689
13877.0	0.0003	ATP6V0E2	ENSG00000171130
13877.0	0.0003	OSBPL10	ENSG00000144645
13877.0	0.0003	PCGF3	ENSG00000185619
13877.0	0.0003	PCGF1	ENSG00000115289
13877.0	0.0003	KDM7A	ENSG00000006459
13877.0	0.0003	SAFB2	ENSG00000130254
13877.0	0.0003	THNSL1	ENSG00000185875
13877.0	0.0003	PACRG	ENSG00000112530
13877.0	0.0003	ACOT11	ENSG00000162390
13877.0	0.0003	PYGO2	ENSG00000163348
13877.0	0.0003	JAK1	ENSG00000162434
13877.0	0.0003	SUV39H1	ENSG00000101945
13877.0	0.0003	LYN	ENSG00000254087
13877.0	0.0003	MTHFS	ENSG00000136371
13877.0	0.0003	TMED7	ENSG00000134970
13877.0	0.0003	CXXC1	ENSG00000154832
13877.0	0.0003	KIF9	ENSG00000088727
13877.0	0.0003	CASP6	ENSG00000138794
13877.0	0.0003	PCGF5	ENSG00000180628
13877.0	0.0003	CELF4	ENSG00000101489
13877.0	0.0003	WDR74	ENSG00000133316
13877.0	0.0003	TRDN	ENSG00000186439
13877.0	0.0003	ITPR3	ENSG00000096433
13877.0	0.0003	IL6R	ENSG00000160712
13877.0	0.0003	MAPRE3	ENSG00000084764
13877.0	0.0003	SELL	ENSG00000188404
13877.0	0.0003	GNMT	ENSG00000124713
13877.0	0.0003	GSTT2	ENSG00000099984
13877.0	0.0003	GEN1	ENSG00000178295
13877.0	0.0003	CTNNA3	ENSG00000183230
13877.0	0.0003	AMOTL1	ENSG00000166025
13877.0	0.0003	CD59	ENSG00000085063
13877.0	0.0003	LEP	ENSG00000174697
13877.0	0.0003	MC1R	ENSG00000258839
13877.0	0.0003	PRKAG3	ENSG00000115592
13877.0	0.0003	PPA1	ENSG00000180817
13877.0	0.0003	STH	ENSG00000256762
13877.0	0.0003	P4HTM	ENSG00000178467
13877.0	0.0003	AP1G2	ENSG00000213983
13877.0	0.0003	AP2S1	ENSG00000042753
13877.0	0.0003	PRAC1	ENSG00000159182
13877.0	0.0003	NFE2	ENSG00000123405
13877.0	0.0003	AP1S1	ENSG00000106367
13877.0	0.0003	METTL17	ENSG00000165792
13877.0	0.0003	ADCY3	ENSG00000138031
13877.0	0.0003	COL4A4	ENSG00000081052
13877.0	0.0003	WDR12	ENSG00000138442
13877.0	0.0003	HSF2	ENSG00000025156
13877.0	0.0003	ACTR10	ENSG00000131966
13877.0	0.0003	PRKAB1	ENSG00000111725
13877.0	0.0003	TRIM28	ENSG00000130726
13877.0	0.0003	MYL9	ENSG00000101335
13877.0	0.0003	AMOTL2	ENSG00000114019
13877.0	0.0003	KLHL2	ENSG00000109466
13877.0	0.0003	KIF3C	ENSG00000084731
13877.0	0.0003	LHPP	ENSG00000107902
13877.0	0.0003	DNM1L	ENSG00000087470
13877.0	0.0003	MAPRE1	ENSG00000101367
13877.0	0.0003	TSC22D3	ENSG00000157514
13877.0	0.0003	IKBKG	ENSG00000073009
13877.0	0.0003	HARS1	ENSG00000170445
13877.0	0.0003	BOLA2B	ENSG00000169627
13877.0	0.0003	ABCD2	ENSG00000173208
13877.0	0.0003	CPLX3	ENSG00000213578
13877.0	0.0003	TACR2	ENSG00000075073
13877.0	0.0003	OXT	ENSG00000101405
13877.0	0.0003	BOP1	ENSG00000170727
13877.0	0.0003	CYP3A4	ENSG00000160868
13877.0	0.0003	HDAC11	ENSG00000163517
13877.0	0.0003	SLC30A9	ENSG00000014824
13877.0	0.0003	BOLA2	ENSG00000183336
13877.0	0.0003	RP11-345J4.5	ENSG00000261740
13877.0	0.0003	HSD11B2	ENSG00000176387
13877.0	0.0003	ZDHHC3	ENSG00000163812
13877.0	0.0003	AFTPH	ENSG00000119844
13877.0	0.0003	BCL9L	ENSG00000186174
13877.0	0.0003	CALD1	ENSG00000122786
13877.0	0.0003	TF	ENSG00000091513
13877.0	0.0003	FERMT3	ENSG00000149781
13877.0	0.0003	TUT4	ENSG00000134744
13877.0	0.0003	SLC35B1	ENSG00000121073
13877.0	0.0003	TJP2	ENSG00000119139
13877.0	0.0003	MYL12B	ENSG00000118680
13877.0	0.0003	APH1B	ENSG00000138613
13877.0	0.0003	DCLRE1A	ENSG00000198924
13877.0	0.0003	PATL1	ENSG00000166889
13877.0	0.0003	ECT2	ENSG00000114346
13877.0	0.0003	IGDCC3	ENSG00000174498
13877.0	0.0003	DDX24	ENSG00000089737
13877.0	0.0003	HOMER1	ENSG00000152413
13877.0	0.0003	PSENEN	ENSG00000205155
13877.0	0.0003	MRGBP	ENSG00000101189
13877.0	0.0003	OPRM1	ENSG00000112038
13877.0	0.0003	ID4	ENSG00000172201
13877.0	0.0003	DIPK2A	ENSG00000181744
13877.0	0.0003	ADAM8	ENSG00000151651
13877.0	0.0003	COL5A2	ENSG00000204262
13877.0	0.0003	GLYATL2	ENSG00000156689
13877.0	0.0003	SNRPA1	ENSG00000131876
13877.0	0.0003	ERBB4	ENSG00000178568
13877.0	0.0003	NCALD	ENSG00000104490
13877.0	0.0003	SELPLG	ENSG00000110876
13877.0	0.0003	STX18	ENSG00000168818
13877.0	0.0003	TMED3	ENSG00000166557
13877.0	0.0003	MYL12A	ENSG00000101608
13877.0	0.0003	TAL1	ENSG00000162367
13877.0	0.0003	PVALB	ENSG00000100362
13877.0	0.0003	HDAC10	ENSG00000100429
13877.0	0.0003	TEAD3	ENSG00000007866
13877.0	0.0003	CYP1A2	ENSG00000140505
13877.0	0.0003	SELENOS	ENSG00000131871
13877.0	0.0003	FBH1	ENSG00000134452
13877.0	0.0003	SLC4A11	ENSG00000088836
13877.0	0.0003	ING2	ENSG00000168556
13877.0	0.0003	ARHGEF4	ENSG00000136002
13877.0	0.0003	CACNA1S	ENSG00000081248
13877.0	0.0003	ZNF217	ENSG00000171940
13877.0	0.0003	PYGO1	ENSG00000171016
13877.0	0.0003	GATAD2A	ENSG00000167491
13877.0	0.0003	ITGB7	ENSG00000139626
13877.0	0.0003	TEAD1	ENSG00000187079
13877.0	0.0003	MND1	ENSG00000121211
13877.0	0.0003	PLCG1	ENSG00000124181
13877.0	0.0003	HS6ST1	ENSG00000136720
13877.0	0.0003	FTSJ3	ENSG00000108592
13877.0	0.0003	L1TD1	ENSG00000240563
13877.0	0.0003	TEAD4	ENSG00000197905
13877.0	0.0003	NFYA	ENSG00000001167
13877.0	0.0003	NFYB	ENSG00000120837
13877.0	0.0003	MST4	ENSG00000134602
13877.0	0.0003	SYNRG	ENSG00000006114
13877.0	0.0003	IVD	ENSG00000128928
13877.0	0.0003	MEIS3	ENSG00000105419
13877.0	0.0003	SLC4A2	ENSG00000164889
13877.0	0.0003	TJP3	ENSG00000105289
13877.0	0.0003	PPP1R16B	ENSG00000101445
13877.0	0.0003	NECAP2	ENSG00000157191
13877.0	0.0003	ITGB5	ENSG00000082781
13877.0	0.0003	SPTA1	ENSG00000163554
13877.0	0.0003	PPP4R2	ENSG00000163605
13877.0	0.0003	UGT2A1	ENSG00000173610
13877.0	0.0003	SMAD9	ENSG00000120693
13877.0	0.0003	ALPL	ENSG00000162551
13877.0	0.0003	LRMDA	ENSG00000148655
13877.0	0.0003	PROK2	ENSG00000163421
13877.0	0.0003	NAGS	ENSG00000161653
13877.0	0.0003	DISC1	ENSG00000162946
13877.0	0.0003	IRX4	ENSG00000113430
13877.0	0.0003	TEAD2	ENSG00000074219
13877.0	0.0003	CLUAP1	ENSG00000103351
13877.0	0.0003	KCTD10	ENSG00000110906
13877.0	0.0003	USP25	ENSG00000155313
13877.0	0.0003	CCT4	ENSG00000115484
13877.0	0.0003	RAB4A	ENSG00000168118
13877.0	0.0003	BCAT2	ENSG00000105552
13877.0	0.0003	MARK4	ENSG00000007047
13877.0	0.0003	CDKN2A	ENSG00000147889
13877.0	0.0003	ANK2	ENSG00000145362
13877.0	0.0003	CPT1C	ENSG00000169169
13877.0	0.0003	PPP1R16A	ENSG00000160972
13877.0	0.0003	USP28	ENSG00000048028
13877.0	0.0003	CARTPT	ENSG00000164326
13877.0	0.0003	CPT1B	ENSG00000205560
13877.0	0.0003	OGDH	ENSG00000105953
13877.0	0.0003	ANK1	ENSG00000029534
13877.0	0.0003	DYRK2	ENSG00000127334
13877.0	0.0003	NLRC5	ENSG00000140853
13877.0	0.0003	PHOX2A	ENSG00000165462
13877.0	0.0003	NPLOC4	ENSG00000182446
13877.0	0.0003	MCM9	ENSG00000111877
13877.0	0.0003	CSF1R	ENSG00000182578
13877.0	0.0003	SLC12A6	ENSG00000140199
13877.0	0.0003	CSK	ENSG00000103653
13877.0	0.0003	SP100	ENSG00000067066
13877.0	0.0003	BRSK1	ENSG00000160469
13877.0	0.0003	CD2AP	ENSG00000198087
13877.0	0.0003	ARHGAP35	ENSG00000160007
13877.0	0.0003	EPHA2	ENSG00000142627
13877.0	0.0003	KIF5A	ENSG00000155980
13877.0	0.0003	BRSK2	ENSG00000174672
13877.0	0.0003	TBL1X	ENSG00000101849
13877.0	0.0003	HNRNPA1L2	ENSG00000139675
13877.0	0.0003	TADA1	ENSG00000152382
13877.0	0.0003	TRMT11	ENSG00000066651
13877.0	0.0003	SIK2	ENSG00000170145
13877.0	0.0003	UGGT2	ENSG00000102595
13877.0	0.0003	PSKH1	ENSG00000159792
13877.0	0.0003	TRMT1L	ENSG00000121486
13877.0	0.0003	MATK	ENSG00000007264
13877.0	0.0003	CALB2	ENSG00000172137
13877.0	0.0003	S100A1	ENSG00000160678
13877.0	0.0003	MAP2K5	ENSG00000137764
13877.0	0.0003	RSL1D1	ENSG00000171490
13877.0	0.0003	RGS7	ENSG00000182901
13877.0	0.0003	USP40	ENSG00000085982
13877.0	0.0003	UGT2B10	ENSG00000109181
13877.0	0.0003	NLRX1	ENSG00000160703
13877.0	0.0003	CACNG2	ENSG00000166862
13877.0	0.0003	POLR1F	ENSG00000105849
13877.0	0.0003	TBL1Y	ENSG00000092377
13877.0	0.0003	EIF5A2	ENSG00000163577
13877.0	0.0003	PRKD3	ENSG00000115825
13877.0	0.0003	CGN	ENSG00000143375
13877.0	0.0003	AATF	ENSG00000108270
13877.0	0.0003	FBXO2	ENSG00000116661
13877.0	0.0003	MYO1C	ENSG00000197879
13877.0	0.0003	NOP58	ENSG00000055044
13877.0	0.0003	MARVELD2	ENSG00000152939
13877.0	0.0003	EMD	ENSG00000102119
13877.0	0.0003	NEK6	ENSG00000119408
13877.0	0.0003	TRUB1	ENSG00000165832
13877.0	0.0003	ITGAV	ENSG00000138448
13877.0	0.0003	DARS1	ENSG00000115866
13877.0	0.0003	PARD6A	ENSG00000102981
13877.0	0.0003	FBXO25	ENSG00000147364
13877.0	0.0003	FAAP100	ENSG00000185504
13877.0	0.0003	MYO18A	ENSG00000196535
13877.0	0.0003	NOC2L	ENSG00000188976
13877.0	0.0003	TLR3	ENSG00000164342
13877.0	0.0003	DYRK4	ENSG00000010219
13877.0	0.0003	BECN1	ENSG00000126581
13877.0	0.0003	TRMT5	ENSG00000126814
13877.0	0.0003	SEPTIN5	ENSG00000184702
13877.0	0.0003	POU5F1B	ENSG00000212993
13877.0	0.0003	CREM	ENSG00000095794
13877.0	0.0003	FBXL7	ENSG00000183580
13877.0	0.0003	PYGL	ENSG00000100504
13877.0	0.0003	CREB3L3	ENSG00000060566
13877.0	0.0003	RFC3	ENSG00000133119
13877.0	0.0003	H2AC20	ENSG00000184260
13877.0	0.0003	TMPO	ENSG00000120802
13877.0	0.0003	GRWD1	ENSG00000105447
13877.0	0.0003	SLN	ENSG00000170290
13877.0	0.0003	FOXN4	ENSG00000139445
13877.0	0.0003	IFIT1	ENSG00000185745
13877.0	0.0003	ABCC8	ENSG00000006071
13877.0	0.0003	COPS2	ENSG00000166200
13877.0	0.0003	PTCH2	ENSG00000117425
13877.0	0.0003	PXMP2	ENSG00000176894
13877.0	0.0003	APRT	ENSG00000198931
13877.0	0.0003	CASQ1	ENSG00000143318
13877.0	0.0003	PMP22	ENSG00000109099
13877.0	0.0003	VRK3	ENSG00000105053
13877.0	0.0003	MIS12	ENSG00000167842
13877.0	0.0003	ITGA5	ENSG00000161638
13877.0	0.0003	ZWINT	ENSG00000122952
13877.0	0.0003	AMPH	ENSG00000078053
13877.0	0.0003	PDPK1	ENSG00000140992
13877.0	0.0003	CRX	ENSG00000105392
13877.0	0.0003	MCM3	ENSG00000112118
13877.0	0.0003	SPTB	ENSG00000070182
13877.0	0.0003	CNIH3	ENSG00000143786
13877.0	0.0003	SUCLA2	ENSG00000136143
13877.0	0.0003	SST	ENSG00000157005
13877.0	0.0003	CDCA5	ENSG00000146670
13877.0	0.0003	FRMPD2	ENSG00000170324
13877.0	0.0003	NOP2	ENSG00000111641
13877.0	0.0003	SPTBN4	ENSG00000160460
13877.0	0.0003	RNF125	ENSG00000101695
13877.0	0.0003	NUP153	ENSG00000124789
13877.0	0.0003	ACADSB	ENSG00000196177
13877.0	0.0003	DHPS	ENSG00000095059
13877.0	0.0003	NSUN6	ENSG00000241058
13877.0	0.0003	ACADM	ENSG00000117054
13877.0	0.0003	NOP56	ENSG00000101361
13877.0	0.0003	TFB2M	ENSG00000162851
13877.0	0.0003	KIF18A	ENSG00000121621
13877.0	0.0003	FSHR	ENSG00000170820
13877.0	0.0003	IDH3A	ENSG00000166411
13877.0	0.0003	MDH1	ENSG00000014641
13877.0	0.0003	TCF7	ENSG00000081059
13877.0	0.0003	SPTBN5	ENSG00000137877
13877.0	0.0003	OGDHL	ENSG00000197444
13877.0	0.0003	MGLL	ENSG00000074416
13877.0	0.0003	UGGT1	ENSG00000136731
13877.0	0.0003	PWP1	ENSG00000136045
13877.0	0.0003	POLD1	ENSG00000062822
13877.0	0.0003	IQGAP2	ENSG00000145703
13877.0	0.0003	BARHL1	ENSG00000125492
13877.0	0.0003	EFNA5	ENSG00000184349
13877.0	0.0003	PNPLA3	ENSG00000100344
13877.0	0.0003	STX4	ENSG00000103496
13877.0	0.0003	MIS18A	ENSG00000159055
13877.0	0.0003	DHTKD1	ENSG00000181192
13877.0	0.0003	ATG4C	ENSG00000125703
13877.0	0.0003	TFB1M	ENSG00000029639
13877.0	0.0003	PNLIP	ENSG00000175535
13877.0	0.0003	GSTP1	ENSG00000084207
13877.0	0.0003	KCNQ3	ENSG00000184156
13877.0	0.0003	KIF19	ENSG00000196169
13877.0	0.0003	TTC13	ENSG00000143643
13877.0	0.0003	PIK3R5	ENSG00000141506
13877.0	0.0003	HS6ST2	ENSG00000171004
13877.0	0.0003	PIK3R3	ENSG00000117461
13877.0	0.0003	GAL	ENSG00000069482
13877.0	0.0003	TRPC3	ENSG00000138741
13877.0	0.0003	NUP93	ENSG00000102900
13877.0	0.0003	NUMBL	ENSG00000105245
13877.0	0.0003	TUBA1C	ENSG00000167553
13877.0	0.0003	LIPF	ENSG00000182333
13877.0	0.0003	CS	ENSG00000062485
13877.0	0.0003	GLIS2	ENSG00000126603
13877.0	0.0003	TUBA1B	ENSG00000123416
13877.0	0.0003	SGO2	ENSG00000163535
13877.0	0.0003	ETV1	ENSG00000006468
13877.0	0.0003	KISS1R	ENSG00000116014
13877.0	0.0003	RASSF6	ENSG00000169435
13877.0	0.0003	GTPBP4	ENSG00000107937
13877.0	0.0003	IL2	ENSG00000109471
13877.0	0.0003	MYBL2	ENSG00000101057
13877.0	0.0003	CIAO2B	ENSG00000166595
13877.0	0.0003	STIM1	ENSG00000167323
13877.0	0.0003	MYBL1	ENSG00000185697
13877.0	0.0003	HOXD1	ENSG00000128645
13877.0	0.0003	CNIH2	ENSG00000174871
13877.0	0.0003	TIMM17A	ENSG00000134375
13877.0	0.0003	CIAO1	ENSG00000144021
13877.0	0.0003	CLTA	ENSG00000122705
13877.0	0.0003	MSN	ENSG00000147065
13877.0	0.0003	IMP4	ENSG00000136718
13877.0	0.0003	MTPAP	ENSG00000107951
13877.0	0.0003	CIAO3	ENSG00000103245
13877.0	0.0003	PPP2R2A	ENSG00000221914
13877.0	0.0003	GNL2	ENSG00000134697
13877.0	0.0003	CHRNA9	ENSG00000174343
13877.0	0.0003	NRARP	ENSG00000198435
13877.0	0.0003	PPP1R27	ENSG00000182676
13877.0	0.0003	EXTL1	ENSG00000158008
13877.0	0.0003	OTP	ENSG00000171540
13877.0	0.0003	LIPC	ENSG00000166035
13877.0	0.0003	CLINT1	ENSG00000113282
13877.0	0.0003	SMURF1	ENSG00000198742
13877.0	0.0003	IRF3	ENSG00000126456
13877.0	0.0003	CHRNA10	ENSG00000129749
13877.0	0.0003	CTR9	ENSG00000198730
13877.0	0.0003	CDC73	ENSG00000134371
13877.0	0.0003	TIMM50	ENSG00000105197
13877.0	0.0003	EFNA2	ENSG00000099617
13877.0	0.0003	MUC1	ENSG00000185499
13877.0	0.0003	EFNB1	ENSG00000090776
13877.0	0.0003	PRKAR2A	ENSG00000114302
13877.0	0.0003	CRK	ENSG00000167193
13877.0	0.0003	PRKAR2B	ENSG00000005249
13877.0	0.0003	STX3	ENSG00000166900
13877.0	0.0003	TUBA4A	ENSG00000127824
13877.0	0.0003	SUCLG2	ENSG00000172340
13877.0	0.0003	LIPG	ENSG00000101670
13877.0	0.0003	MYH2	ENSG00000125414
13877.0	0.0003	HSD3B1	ENSG00000203857
13877.0	0.0003	OGA	ENSG00000198408
13877.0	0.0003	EDC3	ENSG00000179151
13877.0	0.0003	BIN3	ENSG00000147439
13877.0	0.0003	MYH1	ENSG00000109061
13877.0	0.0003	TIMM21	ENSG00000075336
13877.0	0.0003	MYH4	ENSG00000264424
13877.0	0.0003	NUP62	ENSG00000213024
13877.0	0.0003	PNLIPRP3	ENSG00000203837
13877.0	0.0003	HRC	ENSG00000130528
13877.0	0.0003	ITPR1	ENSG00000150995
13877.0	0.0003	CENPS	ENSG00000175279
13877.0	0.0003	PPP2R3A	ENSG00000073711
13877.0	0.0003	EFNA4	ENSG00000243364
13877.0	0.0003	NUP50	ENSG00000093000
13877.0	0.0003	PXMP4	ENSG00000101417
13877.0	0.0003	CNBD2	ENSG00000149646
13877.0	0.0003	CLASP1	ENSG00000074054
13877.0	0.0003	SNAPIN	ENSG00000143553
13877.0	0.0003	SDAD1	ENSG00000198301
13877.0	0.0003	RORC	ENSG00000143365
13877.0	0.0003	NUP54	ENSG00000138750
13877.0	0.0003	NUP214	ENSG00000126883
13877.0	0.0003	BCCIP	ENSG00000107949
13877.0	0.0003	MRTFA	ENSG00000196588
13877.0	0.0003	VIP	ENSG00000146469
13877.0	0.0003	RAPGEF3	ENSG00000079337
13877.0	0.0003	MMP13	ENSG00000137745
13877.0	0.0003	NSA2	ENSG00000164346
13877.0	0.0003	NUP160	ENSG00000030066
13877.0	0.0003	NSMAF	ENSG00000035681
13877.0	0.0003	TLR7	ENSG00000196664
13877.0	0.0003	NPS	ENSG00000214285
13877.0	0.0003	ATP2A1	ENSG00000196296
13877.0	0.0003	GART	ENSG00000159131
13877.0	0.0003	IL5	ENSG00000113525
13877.0	0.0003	GRPEL1	ENSG00000109519
13877.0	0.0003	NTF4	ENSG00000225950
13877.0	0.0003	MAN1A1	ENSG00000111885
13877.0	0.0003	NUP35	ENSG00000163002
13877.0	0.0003	AFP	ENSG00000081051
13877.0	0.0003	TNNC2	ENSG00000101470
13877.0	0.0003	PGM3	ENSG00000013375
13877.0	0.0003	PDHB	ENSG00000168291
13877.0	0.0003	PTPRA	ENSG00000132670
13877.0	0.0003	FBXO47	ENSG00000204952
13877.0	0.0003	ARHGEF10	ENSG00000104728
13877.0	0.0003	NT5C1A	ENSG00000116981
13877.0	0.0003	CLASP2	ENSG00000163539
13877.0	0.0003	NUP210	ENSG00000132182
13877.0	0.0003	CEACAM1	ENSG00000079385
13877.0	0.0003	CALU	ENSG00000128595
13877.0	0.0003	SRGAP1	ENSG00000196935
13877.0	0.0003	GRPEL2	ENSG00000164284
13877.0	0.0003	DDX60	ENSG00000137628
13877.0	0.0003	EPHA1	ENSG00000146904
13877.0	0.0003	RPS2	ENSG00000140988
13877.0	0.0003	RNF40	ENSG00000103549
13877.0	0.0003	ARHGAP24	ENSG00000138639
13877.0	0.0003	NUP42	ENSG00000136243
13877.0	0.0003	AAAS	ENSG00000094914
13877.0	0.0003	FBLIM1	ENSG00000162458
13877.0	0.0003	CIAPIN1	ENSG00000005194
13877.0	0.0003	RRP12	ENSG00000052749
13877.0	0.0003	EPHA6	ENSG00000080224
13877.0	0.0003	SNAP23	ENSG00000092531
13877.0	0.0003	TRPC1	ENSG00000144935
13877.0	0.0003	DDX19A	ENSG00000168872
13877.0	0.0003	MUC7	ENSG00000171195
13877.0	0.0003	EPHA5	ENSG00000145242
13877.0	0.0003	HS6ST3	ENSG00000185352
13877.0	0.0003	GP2	ENSG00000169347
13877.0	0.0003	MYL1	ENSG00000168530
13877.0	0.0003	EFNA3	ENSG00000143590
13877.0	0.0003	TUBA3C	ENSG00000198033
13877.0	0.0003	EXO1	ENSG00000174371
13877.0	0.0003	WDR5B	ENSG00000196981
13877.0	0.0003	CCT5	ENSG00000150753
13877.0	0.0003	TPM1	ENSG00000140416
13877.0	0.0003	TAF10	ENSG00000166337
13877.0	0.0003	DCP1B	ENSG00000151065
13877.0	0.0003	ETHE1	ENSG00000105755
13877.0	0.0003	IFNB1	ENSG00000171855
13877.0	0.0003	LMNB2	ENSG00000176619
13877.0	0.0003	MUC2	ENSG00000198788
13877.0	0.0003	TAF12	ENSG00000120656
13877.0	0.0003	POLD2	ENSG00000106628
13877.0	0.0003	GALNT3	ENSG00000115339
13877.0	0.0003	ANAPC10	ENSG00000164162
13877.0	0.0003	PPP2R2C	ENSG00000074211
13877.0	0.0003	PPP2R5A	ENSG00000066027
13877.0	0.0003	AMPD3	ENSG00000133805
13877.0	0.0003	ORMDL3	ENSG00000172057
13877.0	0.0003	TAF5	ENSG00000148835
13877.0	0.0003	GALNT4	ENSG00000257594
13877.0	0.0003	PIF1	ENSG00000140451
13877.0	0.0003	NT5C2	ENSG00000076685
13877.0	0.0003	SRGAP2	ENSG00000163486
13877.0	0.0003	ZFP36L1	ENSG00000185650
13877.0	0.0003	GNL3	ENSG00000163938
13877.0	0.0003	GALNT8	ENSG00000130035
13877.0	0.0003	GALNT6	ENSG00000139629
13877.0	0.0003	GNL3L	ENSG00000130119
13877.0	0.0003	FOXO4	ENSG00000184481
13877.0	0.0003	MUC16	ENSG00000181143
13877.0	0.0003	C1GALT1	ENSG00000106392
13877.0	0.0003	NCKAP1	ENSG00000061676
13877.0	0.0003	FILIP1	ENSG00000118407
13877.0	0.0003	SHC4	ENSG00000185634
13877.0	0.0003	MYH7B	ENSG00000078814
13877.0	0.0003	MUC17	ENSG00000169876
13877.0	0.0003	GALNT13	ENSG00000144278
13877.0	0.0003	CNTF	ENSG00000242689
13877.0	0.0003	CDC23	ENSG00000094880
13877.0	0.0003	MUC4	ENSG00000145113
13877.0	0.0003	ILK	ENSG00000166333
13877.0	0.0003	FZD3	ENSG00000104290
13877.0	0.0003	MUC6	ENSG00000184956
13877.0	0.0003	TOX4	ENSG00000092203
13877.0	0.0003	AP1M1	ENSG00000072958
13877.0	0.0003	MUC20	ENSG00000176945
13877.0	0.0003	MUC13	ENSG00000173702
13877.0	0.0003	MUC12	ENSG00000205277
13877.0	0.0003	MUC15	ENSG00000169550
13877.0	0.0003	CTDNEP1	ENSG00000175826
13877.0	0.0003	CYP11B1	ENSG00000160882
13877.0	0.0003	PPP4R4	ENSG00000119698
13877.0	0.0003	NUBP1	ENSG00000103274
13877.0	0.0003	MUCL1	ENSG00000172551
13877.0	0.0003	GALNT7	ENSG00000109586
13877.0	0.0003	CNEP1R1	ENSG00000205423
13877.0	0.0003	ISG20L2	ENSG00000143319
13877.0	0.0003	TET2	ENSG00000168769
13877.0	0.0003	DLST	ENSG00000119689
13877.0	0.0003	GALNT11	ENSG00000178234
13877.0	0.0003	VTI1B	ENSG00000100568
13877.0	0.0003	GALNT12	ENSG00000119514
13877.0	0.0003	REXO4	ENSG00000148300
13877.0	0.0003	GALNT15	ENSG00000131386
13877.0	0.0003	AEN	ENSG00000181026
13877.0	0.0003	ISG20	ENSG00000172183
13877.0	0.0003	AMDHD1	ENSG00000139344
13877.0	0.0003	IRF7	ENSG00000185507
13877.0	0.0003	GALNT5	ENSG00000136542
13877.0	0.0003	MYL3	ENSG00000160808
13877.0	0.0003	STX2	ENSG00000111450
13877.0	0.0003	ENTPD3	ENSG00000168032
13877.0	0.0003	IKZF1	ENSG00000185811
13877.0	0.0003	MYO5B	ENSG00000167306
13877.0	0.0003	NUP62CL	ENSG00000198088
13877.0	0.0003	BCHE	ENSG00000114200
13877.0	0.0003	FGFR4	ENSG00000160867
13877.0	0.0003	ADD3	ENSG00000148700
13877.0	0.0003	GSR	ENSG00000104687
13877.0	0.0003	AP1B1	ENSG00000100280
13877.0	0.0003	TAF6L	ENSG00000162227
13877.0	0.0003	EFNB3	ENSG00000108947
13877.0	0.0003	RFC5	ENSG00000111445
13877.0	0.0003	FAAP20	ENSG00000162585
13877.0	0.0003	STK38	ENSG00000112079
13877.0	0.0003	NTPCR	ENSG00000135778
13877.0	0.0003	GCNT1	ENSG00000187210
13877.0	0.0003	POLA2	ENSG00000014138
13877.0	0.0003	C3	ENSG00000125730
13877.0	0.0003	NOX4	ENSG00000086991
13877.0	0.0003	LSM14A	ENSG00000257103
13877.0	0.0003	NDC80	ENSG00000080986
13877.0	0.0003	RBL2	ENSG00000103479
13877.0	0.0003	MYO5C	ENSG00000128833
13877.0	0.0003	SUDS3	ENSG00000111707
13877.0	0.0003	MCCC1	ENSG00000078070
13877.0	0.0003	ACTN1	ENSG00000072110
13877.0	0.0003	WASF2	ENSG00000158195
13877.0	0.0003	ME3	ENSG00000151376
13877.0	0.0003	TAF5L	ENSG00000135801
13877.0	0.0003	ENTPD8	ENSG00000188833
13877.0	0.0003	NT5C	ENSG00000125458
13877.0	0.0003	TMEM222	ENSG00000186501
13877.0	0.0003	TAF9B	ENSG00000187325
13877.0	0.0003	NT5M	ENSG00000205309
13877.0	0.0003	SHC2	ENSG00000129946
13877.0	0.0003	PAN2	ENSG00000135473
13877.0	0.0003	RFC4	ENSG00000163918
13877.0	0.0003	RAD23B	ENSG00000119318
13877.0	0.0003	TOPBP1	ENSG00000163781
13877.0	0.0003	NGEF	ENSG00000066248
13877.0	0.0003	AKT2	ENSG00000105221
13877.0	0.0003	AK8	ENSG00000165695
13877.0	0.0003	AK1	ENSG00000106992
13877.0	0.0003	H4C8	ENSG00000158406
13877.0	0.0003	SMARCA5	ENSG00000153147
13877.0	0.0003	CORO7-PAM16	ENSG00000103426
13877.0	0.0003	H4C4	ENSG00000188987
13877.0	0.0003	RAD9A	ENSG00000172613
13877.0	0.0003	H3-5	ENSG00000188375
13877.0	0.0003	GAMT	ENSG00000130005
13877.0	0.0003	HUS1	ENSG00000136273
13877.0	0.0003	PCCA	ENSG00000175198
13877.0	0.0003	AK4	ENSG00000162433
13877.0	0.0003	BAZ1A	ENSG00000198604
13877.0	0.0003	TIMM23	ENSG00000138297
13877.0	0.0003	RAD23A	ENSG00000179262
13877.0	0.0003	TBP	ENSG00000112592
13877.0	0.0003	AGO3	ENSG00000126070
13877.0	0.0003	CREB3	ENSG00000107175
13877.0	0.0003	PFN2	ENSG00000070087
13877.0	0.0003	FARSA	ENSG00000179115
13877.0	0.0003	PFN4	ENSG00000176732
13877.0	0.0003	HARS2	ENSG00000112855
13877.0	0.0003	TLR8	ENSG00000101916
13877.0	0.0003	ME2	ENSG00000082212
13877.0	0.0003	MYD88	ENSG00000172936
13877.0	0.0003	MYL4	ENSG00000198336
13877.0	0.0003	RPS6KA5	ENSG00000100784
13877.0	0.0003	DOK5	ENSG00000101134
13877.0	0.0003	SLC19A3	ENSG00000135917
13877.0	0.0003	AP1M2	ENSG00000129354
13877.0	0.0003	FGR	ENSG00000000938
13877.0	0.0003	RPS6KA2	ENSG00000071242
13877.0	0.0003	ENAH	ENSG00000154380
13877.0	0.0003	POLD3	ENSG00000077514
13877.0	0.0003	PTGS2	ENSG00000073756
13877.0	0.0003	ULK4	ENSG00000168038
13877.0	0.0003	CDX4	ENSG00000131264
13877.0	0.0003	CALML6	ENSG00000169885
13877.0	0.0003	CALML3	ENSG00000178363
13877.0	0.0003	GNB1L	ENSG00000185838
13877.0	0.0003	PRMT2	ENSG00000160310
13877.0	0.0003	DDX50	ENSG00000107625
13877.0	0.0003	CENPX	ENSG00000169689
13877.0	0.0003	BRK1	ENSG00000254999
13877.0	0.0003	PKM	ENSG00000067225
13877.0	0.0003	ANXA6	ENSG00000197043
13877.0	0.0003	POLD4	ENSG00000175482
13877.0	0.0003	VASP	ENSG00000125753
13877.0	0.0003	LSM14B	ENSG00000149657
13877.0	0.0003	ST6GALNAC1	ENSG00000070526
13877.0	0.0003	IL1B	ENSG00000125538
13877.0	0.0003	ITPR2	ENSG00000123104
13877.0	0.0003	MYBPC1	ENSG00000196091
13877.0	0.0003	SUMF1	ENSG00000144455
13877.0	0.0003	CDX2	ENSG00000165556
13877.0	0.0003	PRICKLE2	ENSG00000163637
13877.0	0.0003	TXNRD3	ENSG00000197763
13877.0	0.0003	NAT9	ENSG00000109065
13877.0	0.0003	RPS6KA4	ENSG00000162302
13877.0	0.0003	UQCRC1	ENSG00000010256
13877.0	0.0003	APOBEC3G	ENSG00000239713
13877.0	0.0003	TXNRD1	ENSG00000198431
13877.0	0.0003	UQCRB	ENSG00000156467
13877.0	0.0003	THTPA	ENSG00000259431
13877.0	0.0003	AK7	ENSG00000140057
13877.0	0.0003	HCK	ENSG00000101336
13877.0	0.0003	ORC2	ENSG00000115942
13877.0	0.0003	CD4	ENSG00000010610
13877.0	0.0003	IDH2	ENSG00000182054
13877.0	0.0003	UBE2D4	ENSG00000078967
13877.0	0.0003	DBN1	ENSG00000113758
13877.0	0.0003	CAVIN3	ENSG00000170955
13877.0	0.0003	PAF1	ENSG00000006712
13877.0	0.0003	CAMK4	ENSG00000152495
13877.0	0.0003	IGSF9B	ENSG00000080854
13877.0	0.0003	ORC5	ENSG00000164815
13877.0	0.0003	G3BP1	ENSG00000145907
13877.0	0.0003	MYBPC2	ENSG00000086967
13877.0	0.0003	BLK	ENSG00000136573
13877.0	0.0003	TCAP	ENSG00000173991
13877.0	0.0003	UQCRQ	ENSG00000164405
13877.0	0.0003	B3GNT5	ENSG00000176597
13877.0	0.0003	PTPRJ	ENSG00000149177
13877.0	0.0003	CDH5	ENSG00000179776
13877.0	0.0003	RMI1	ENSG00000178966
13877.0	0.0003	BRD3	ENSG00000169925
13877.0	0.0003	GLUD1	ENSG00000148672
13877.0	0.0003	AK5	ENSG00000154027
13877.0	0.0003	EPB41	ENSG00000159023
13877.0	0.0003	SETD7	ENSG00000145391
13877.0	0.0003	STX16	ENSG00000124222
13877.0	0.0003	IQSEC1	ENSG00000144711
13877.0	0.0003	ARHGAP39	ENSG00000147799
13877.0	0.0003	ALDH1L1	ENSG00000144908
13877.0	0.0003	TAF11	ENSG00000064995
13877.0	0.0003	BACE1	ENSG00000186318
13877.0	0.0003	UBE2E3	ENSG00000170035
13877.0	0.0003	RBM4	ENSG00000173933
13877.0	0.0003	CCL2	ENSG00000108691
13877.0	0.0003	UBE2S	ENSG00000108106
13877.0	0.0003	B3GNT7	ENSG00000156966
13877.0	0.0003	CDC16	ENSG00000130177
13877.0	0.0003	TCF3	ENSG00000071564
13877.0	0.0003	ACO1	ENSG00000122729
13877.0	0.0003	NCK1	ENSG00000158092
13877.0	0.0003	HAL	ENSG00000084110
13877.0	0.0003	PDHA2	ENSG00000163114
13877.0	0.0003	UBE2NL	ENSG00000102069
13877.0	0.0003	SCP2	ENSG00000116171
13877.0	0.0003	B3GNT8	ENSG00000177191
13877.0	0.0003	SRGAP3	ENSG00000196220
13877.0	0.0003	LIG1	ENSG00000105486
13877.0	0.0003	FZD5	ENSG00000163251
13877.0	0.0003	CNIH1	ENSG00000100528
13877.0	0.0003	NEMP2	ENSG00000189362
13877.0	0.0003	SUPT4H1	ENSG00000213246
13877.0	0.0003	MYH14	ENSG00000105357
13877.0	0.0003	RUFY1	ENSG00000176783
13877.0	0.0003	AGO4	ENSG00000134698
13877.0	0.0003	UQCR10	ENSG00000184076
13877.0	0.0003	IQSEC3	ENSG00000120645
13877.0	0.0003	DES	ENSG00000175084
13877.0	0.0003	YOD1	ENSG00000180667
13877.0	0.0003	ANAPC4	ENSG00000053900
13877.0	0.0003	TAF8	ENSG00000137413
13877.0	0.0003	ELP3	ENSG00000134014
13877.0	0.0003	DARS2	ENSG00000117593
13877.0	0.0003	PFKM	ENSG00000152556
13877.0	0.0003	POTEF	ENSG00000196604
13877.0	0.0003	TCEA2	ENSG00000171703
13877.0	0.0003	MYH9	ENSG00000100345
13877.0	0.0003	TIMM22	ENSG00000177370
13877.0	0.0003	ELP1	ENSG00000070061
13877.0	0.0003	PFKL	ENSG00000141959
13877.0	0.0003	ALDH1L2	ENSG00000136010
13877.0	0.0003	NELFB	ENSG00000188986
13877.0	0.0003	NELFCD	ENSG00000101158
13877.0	0.0003	NHEJ1	ENSG00000187736
13877.0	0.0003	REV1	ENSG00000135945
13877.0	0.0003	ELP4	ENSG00000109911
13877.0	0.0003	NCK2	ENSG00000071051
13877.0	0.0003	NAPA	ENSG00000105402
13877.0	0.0003	ANAPC2	ENSG00000176248
13877.0	0.0003	BAG3	ENSG00000151929
13877.0	0.0003	FZD6	ENSG00000164930
13877.0	0.0003	ANAPC5	ENSG00000089053
13877.0	0.0003	VAPA	ENSG00000101558
13877.0	0.0003	CDC26	ENSG00000176386
13877.0	0.0003	UBE2C	ENSG00000175063
13877.0	0.0003	NEMP1	ENSG00000166881
13877.0	0.0003	WASF1	ENSG00000112290
13877.0	0.0003	PES1	ENSG00000100029
13877.0	0.0003	NSFL1C	ENSG00000088833
13877.0	0.0003	TAF1L	ENSG00000122728
13877.0	0.0003	ISG15	ENSG00000187608
13877.0	0.0003	RPL38	ENSG00000172809
13877.0	0.0003	FRYL	ENSG00000075539
13877.0	0.0003	ELL3	ENSG00000128886
13877.0	0.0003	FRY	ENSG00000073910
13877.0	0.0003	TP53BP1	ENSG00000067369
13877.0	0.0003	ABCD1	ENSG00000101986
13877.0	0.0003	BARD1	ENSG00000138376
13877.0	0.0003	NELFE	ENSG00000204356
13877.0	0.0003	PFKP	ENSG00000067057
13877.0	0.0003	KCNF1	ENSG00000162975
13877.0	0.0003	SRSF6	ENSG00000124193
13877.0	0.0003	UQCRH	ENSG00000173660
13877.0	0.0003	KCNC1	ENSG00000129159
13877.0	0.0003	HAO2	ENSG00000116882
13877.0	0.0003	SSH1	ENSG00000084112
13877.0	0.0003	KCNA3	ENSG00000177272
13877.0	0.0003	PPP2R3B	ENSG00000167393
13877.0	0.0003	TBPL2	ENSG00000182521
13877.0	0.0003	KCNA5	ENSG00000130037
13877.0	0.0003	KLF2	ENSG00000127528
13877.0	0.0003	NOB1	ENSG00000141101
13877.0	0.0003	ANAPC13	ENSG00000129055
13877.0	0.0003	MYH13	ENSG00000006788
13877.0	0.0003	PTBP1	ENSG00000011304
13877.0	0.0003	ACTL7A	ENSG00000187003
13877.0	0.0003	KCNA4	ENSG00000182255
13877.0	0.0003	STX10	ENSG00000104915
13877.0	0.0003	UROC1	ENSG00000159650
13877.0	0.0003	POTEI	ENSG00000196834
13877.0	0.0003	RASA1	ENSG00000145715
13877.0	0.0003	RASIP1	ENSG00000105538
13877.0	0.0003	PDE10A	ENSG00000112541
13877.0	0.0003	PDE1B	ENSG00000123360
13877.0	0.0003	PDE4B	ENSG00000184588
13877.0	0.0003	KDM5D	ENSG00000012817
13877.0	0.0003	PDE11A	ENSG00000128655
13877.0	0.0003	POTEE	ENSG00000188219
13877.0	0.0003	POTEJ	ENSG00000222038
13877.0	0.0003	PDE1A	ENSG00000115252
13877.0	0.0003	PDE3A	ENSG00000172572
13877.0	0.0003	PDE1C	ENSG00000154678
13877.0	0.0003	ACTL7B	ENSG00000148156
13877.0	0.0003	ATXN2	ENSG00000204842
13877.0	0.0003	PDE4C	ENSG00000105650
13877.0	0.0003	ANAPC16	ENSG00000166295
13877.0	0.0003	ACTRT3	ENSG00000184378
13877.0	0.0003	ACTRT2	ENSG00000169717
13877.0	0.0003	ACTL9	ENSG00000181786
13877.0	0.0003	ACTRT1	ENSG00000123165
13877.0	0.0003	ACTL10	ENSG00000182584
13877.0	0.0003	ACTL8	ENSG00000117148
13877.0	0.0003	AFG1L	ENSG00000135537
13877.0	0.0003	ANAPC15	ENSG00000110200
13877.0	0.0003	HSF1	ENSG00000185122
13877.0	0.0003	RASGRF1	ENSG00000058335
13877.0	0.0003	MCM4	ENSG00000104738
13877.0	0.0003	WNK2	ENSG00000165238
13877.0	0.0003	GRK1	ENSG00000185974
13877.0	0.0003	SLC27A2	ENSG00000140284
13877.0	0.0003	MACROD2	ENSG00000172264
13877.0	0.0003	BET1L	ENSG00000177951
13877.0	0.0003	NEDD1	ENSG00000139350
13877.0	0.0003	ADAM9	ENSG00000168615
13877.0	0.0003	TSNARE1	ENSG00000171045
13877.0	0.0003	PNP	ENSG00000198805
13877.0	0.0003	USP45	ENSG00000123552
13877.0	0.0003	RGL2	ENSG00000237441
13877.0	0.0003	STIM2	ENSG00000109689
13877.0	0.0003	RXRG	ENSG00000143171
13877.0	0.0003	PDE7A	ENSG00000205268
13877.0	0.0003	PDE7B	ENSG00000171408
13877.0	0.0003	PINK1	ENSG00000158828
13877.0	0.0003	KCNB2	ENSG00000182674
13877.0	0.0003	SHC3	ENSG00000148082
13877.0	0.0003	MDK	ENSG00000110492
13877.0	0.0003	MARCHF6	ENSG00000145495
13877.0	0.0003	MAMDC2	ENSG00000165072
13877.0	0.0003	GLUD2	ENSG00000182890
13877.0	0.0003	AMFR	ENSG00000159461
13877.0	0.0003	CABLES1	ENSG00000134508
13877.0	0.0003	SUPT7L	ENSG00000119760
13877.0	0.0003	DSPP	ENSG00000152591
13877.0	0.0003	RPA4	ENSG00000204086
13877.0	0.0003	GRIN2B	ENSG00000273079
13877.0	0.0003	U2SURP	ENSG00000163714
13877.0	0.0003	KCNC4	ENSG00000116396
13877.0	0.0003	PRCC	ENSG00000143294
13877.0	0.0003	KCNA6	ENSG00000151079
13877.0	0.0003	RIN1	ENSG00000174791
13877.0	0.0003	CETN3	ENSG00000153140
13877.0	0.0003	KCNA10	ENSG00000143105
13877.0	0.0003	PTRH2	ENSG00000141378
13877.0	0.0003	ENO3	ENSG00000108515
13877.0	0.0003	CELSR1	ENSG00000075275
13877.0	0.0003	KCNQ5	ENSG00000185760
13877.0	0.0003	ADA	ENSG00000196839
13877.0	0.0003	TADA2A	ENSG00000108264
13877.0	0.0003	FDPS	ENSG00000160752
13877.0	0.0003	PMPCB	ENSG00000105819
13877.0	0.0003	PDCD10	ENSG00000114209
13877.0	0.0003	LEMD1	ENSG00000186007
13877.0	0.0003	KCNS3	ENSG00000170745
13877.0	0.0003	KCNH2	ENSG00000055118
13877.0	0.0003	CDC7	ENSG00000097046
13877.0	0.0003	GOSR1	ENSG00000108587
13877.0	0.0003	CNOT8	ENSG00000155508
13877.0	0.0003	LRP8	ENSG00000157193
13877.0	0.0003	SUPT3H	ENSG00000196284
13877.0	0.0003	RPS15	ENSG00000115268
13877.0	0.0003	MCM6	ENSG00000076003
13877.0	0.0003	ATP2A3	ENSG00000074370
13877.0	0.0003	USP9Y	ENSG00000114374
13877.0	0.0003	DIAPH1	ENSG00000131504
13877.0	0.0003	NR4A2	ENSG00000153234
13877.0	0.0003	UBXN2B	ENSG00000215114
13877.0	0.0003	SLC27A1	ENSG00000130304
13877.0	0.0003	KCNG1	ENSG00000026559
13877.0	0.0003	LRRC47	ENSG00000130764
13877.0	0.0003	HCFC2	ENSG00000111727
13877.0	0.0003	AP1S3	ENSG00000152056
13877.0	0.0003	SEC23A	ENSG00000100934
13877.0	0.0003	SLC27A4	ENSG00000167114
13877.0	0.0003	DMC1	ENSG00000100206
13877.0	0.0003	KCNS2	ENSG00000156486
13877.0	0.0003	GLIS3	ENSG00000107249
13877.0	0.0003	KCNG4	ENSG00000168418
13877.0	0.0003	KCNAB3	ENSG00000170049
13877.0	0.0003	NAPB	ENSG00000125814
13877.0	0.0003	SEC22C	ENSG00000093183
13877.0	0.0003	ST20-MTHFS	ENSG00000259332
13877.0	0.0003	LDHB	ENSG00000111716
13877.0	0.0003	PGD	ENSG00000142657
13877.0	0.0003	KCNS1	ENSG00000124134
13877.0	0.0003	POLL	ENSG00000166169
13877.0	0.0003	FBP1	ENSG00000165140
13877.0	0.0003	PABPC1	ENSG00000070756
13877.0	0.0003	H6PD	ENSG00000049239
13877.0	0.0003	RABEP1	ENSG00000029725
13877.0	0.0003	KCNV1	ENSG00000164794
13877.0	0.0003	KCNC3	ENSG00000131398
13877.0	0.0003	DBF4	ENSG00000006634
13877.0	0.0003	KCNA7	ENSG00000104848
13877.0	0.0003	MOCS2	ENSG00000164172
13877.0	0.0003	RPL4	ENSG00000174444
13877.0	0.0003	ZNF747	ENSG00000169955
13877.0	0.0003	KCNG2	ENSG00000178342
13877.0	0.0003	DOK6	ENSG00000206052
13877.0	0.0003	KCNG3	ENSG00000171126
13877.0	0.0003	FRS2	ENSG00000166225
13877.0	0.0003	PSMD3	ENSG00000108344
13877.0	0.0003	KCNH3	ENSG00000135519
13877.0	0.0003	NARS2	ENSG00000137513
13877.0	0.0003	KDM4D	ENSG00000186280
13877.0	0.0003	POLE2	ENSG00000100479
13877.0	0.0003	MYH15	ENSG00000144821
13877.0	0.0003	KCNV2	ENSG00000168263
13877.0	0.0003	ALKBH4	ENSG00000160993
13877.0	0.0003	LDHC	ENSG00000166796
13877.0	0.0003	KCNH4	ENSG00000089558
13877.0	0.0003	HSPA4	ENSG00000170606
13877.0	0.0003	CLDN7	ENSG00000181885
13877.0	0.0003	KCNH8	ENSG00000183960
13877.0	0.0003	MRPL52	ENSG00000172590
13877.0	0.0003	POLE3	ENSG00000148229
13877.0	0.0003	TUSC2	ENSG00000114383
13877.0	0.0003	RSL24D1	ENSG00000137876
13877.0	0.0003	KCNH6	ENSG00000173826
13877.0	0.0003	KCNH7	ENSG00000184611
13877.0	0.0003	AP4M1	ENSG00000221838
13877.0	0.0003	ATP5F1B	ENSG00000110955
13877.0	0.0003	RPS6	ENSG00000137154
13877.0	0.0003	SEC22A	ENSG00000121542
13877.0	0.0003	PNO1	ENSG00000115946
13877.0	0.0003	NCKAP1L	ENSG00000123338
13877.0	0.0003	DDX3Y	ENSG00000067048
13877.0	0.0003	ARRB1	ENSG00000137486
13877.0	0.0003	TAF4B	ENSG00000141384
13877.0	0.0003	FOXD1	ENSG00000251493
13877.0	0.0003	FBP2	ENSG00000130957
13877.0	0.0003	AP5M1	ENSG00000053770
13877.0	0.0003	CNOT7	ENSG00000198791
13877.0	0.0003	CHRAC1	ENSG00000104472
13877.0	0.0003	SGF29	ENSG00000176476
13877.0	0.0003	VLDLR	ENSG00000147852
13877.0	0.0003	USP1	ENSG00000162607
13877.0	0.0003	ATXN7L3	ENSG00000087152
13877.0	0.0003	GAPDH	ENSG00000111640
13877.0	0.0003	EDC4	ENSG00000038358
13877.0	0.0003	DNAJC6	ENSG00000116675
13877.0	0.0003	CDH17	ENSG00000079112
13877.0	0.0003	HK3	ENSG00000160883
13877.0	0.0003	SMN2	ENSG00000205571
13877.0	0.0003	RYK	ENSG00000163785
13877.0	0.0003	KALRN	ENSG00000160145
13877.0	0.0003	AIMP1	ENSG00000164022
13877.0	0.0003	PMPCA	ENSG00000165688
13877.0	0.0003	PC	ENSG00000173599
13877.0	0.0003	HK1	ENSG00000156515
13877.0	0.0003	TSHZ3	ENSG00000121297
13877.0	0.0003	SEC24A	ENSG00000113615
13877.0	0.0003	MAK16	ENSG00000198042
13877.0	0.0003	NHP2	ENSG00000145912
13877.0	0.0003	LMOD1	ENSG00000163431
13877.0	0.0003	DERL1	ENSG00000136986
13877.0	0.0003	CACNG3	ENSG00000006116
13877.0	0.0003	PLA2G4A	ENSG00000116711
13877.0	0.0003	FOXD3	ENSG00000187140
13877.0	0.0003	HK2	ENSG00000159399
13877.0	0.0003	EXOC6	ENSG00000138190
13877.0	0.0003	BCKDK	ENSG00000103507
13877.0	0.0003	SYN1	ENSG00000008056
13877.0	0.0003	RTN1	ENSG00000139970
13877.0	0.0003	NR0B2	ENSG00000131910
13877.0	0.0003	CRCP	ENSG00000241258
13877.0	0.0003	GRIN3A	ENSG00000198785
13877.0	0.0003	HNF4A	ENSG00000101076
13877.0	0.0003	FGF6	ENSG00000111241
13877.0	0.0003	EXOC4	ENSG00000131558
13877.0	0.0003	SHISA9	ENSG00000237515
13877.0	0.0003	FBXW4	ENSG00000107829
13877.0	0.0003	ESR2	ENSG00000140009
13877.0	0.0003	NR4A1	ENSG00000123358
13877.0	0.0003	GRIN3B	ENSG00000116032
13877.0	0.0003	RUFY2	ENSG00000204130
13877.0	0.0003	TNIP3	ENSG00000050730
13877.0	0.0003	SAP130	ENSG00000136715
13877.0	0.0003	ENY2	ENSG00000120533
13877.0	0.0003	FAH	ENSG00000103876
13877.0	0.0003	ZFY	ENSG00000067646
13877.0	0.0003	NR2C1	ENSG00000120798
13877.0	0.0003	COL24A1	ENSG00000171502
13877.0	0.0003	UBL4A	ENSG00000102178
13877.0	0.0003	SLC27A6	ENSG00000113396
13877.0	0.0003	TENM1	ENSG00000009694
13877.0	0.0003	TENM3	ENSG00000218336
13877.0	0.0003	HNF4G	ENSG00000164749
13877.0	0.0003	BOC	ENSG00000144857
13877.0	0.0003	PLCG2	ENSG00000197943
13877.0	0.0003	NR1D1	ENSG00000126368
13877.0	0.0003	RORB	ENSG00000198963
13877.0	0.0003	THRA	ENSG00000126351
13877.0	0.0003	FZD7	ENSG00000155760
13877.0	0.0003	TARBP2	ENSG00000139546
13877.0	0.0003	ESRRA	ENSG00000173153
13877.0	0.0003	WASF3	ENSG00000132970
13877.0	0.0003	NRBP1	ENSG00000115216
13877.0	0.0003	PPARD	ENSG00000112033
13877.0	0.0003	WDR38	ENSG00000136918
13877.0	0.0003	HSPA5	ENSG00000044574
13877.0	0.0003	COL5A3	ENSG00000080573
13877.0	0.0003	EIF4E1B	ENSG00000175766
13877.0	0.0003	RARG	ENSG00000172819
13877.0	0.0003	MNAT1	ENSG00000020426
13877.0	0.0003	COL6A3	ENSG00000163359
13877.0	0.0003	CACNG7	ENSG00000105605
13877.0	0.0003	ESRRG	ENSG00000196482
13877.0	0.0003	COL4A6	ENSG00000197565
13877.0	0.0003	DIMT1	ENSG00000086189
13877.0	0.0003	ESRRB	ENSG00000119715
13877.0	0.0003	NR2C2	ENSG00000177463
13877.0	0.0003	NR2F6	ENSG00000160113
13877.0	0.0003	COL27A1	ENSG00000196739
13877.0	0.0003	TDG	ENSG00000139372
13877.0	0.0003	RPP38	ENSG00000152464
13877.0	0.0003	ATP4A	ENSG00000105675
13877.0	0.0003	KLB	ENSG00000134962
13877.0	0.0003	ZNF281	ENSG00000162702
13877.0	0.0003	ARAF	ENSG00000078061
13877.0	0.0003	SAR1B	ENSG00000152700
13877.0	0.0003	RPS6KB1	ENSG00000108443
13877.0	0.0003	NR2C2AP	ENSG00000184162
13877.0	0.0003	HERPUD1	ENSG00000051108
13877.0	0.0003	PKP4	ENSG00000144283
13877.0	0.0003	RP11-286N22.8	ENSG00000256591
13877.0	0.0003	SDHAF2	ENSG00000167985
13877.0	0.0003	CACNG8	ENSG00000142408
13877.0	0.0003	NOC3L	ENSG00000173145
13877.0	0.0003	ATP5MC3	ENSG00000154518
13877.0	0.0003	SCRIB	ENSG00000180900
13877.0	0.0003	GCK	ENSG00000106633
13877.0	0.0003	TRPV1	ENSG00000196689
13877.0	0.0003	STN1	ENSG00000107960
13877.0	0.0003	CACNG5	ENSG00000075429
13877.0	0.0003	TBPL1	ENSG00000028839
13877.0	0.0003	POLN	ENSG00000130997
13877.0	0.0003	HKDC1	ENSG00000156510
13877.0	0.0003	ACSS1	ENSG00000154930
13877.0	0.0003	FCGR2A	ENSG00000143226
13877.0	0.0003	BLOC1S3	ENSG00000189114
13877.0	0.0003	ATP5MC2	ENSG00000135390
13877.0	0.0003	NIT2	ENSG00000114021
13877.0	0.0003	DR1	ENSG00000117505
13877.0	0.0003	NRP2	ENSG00000118257
13877.0	0.0003	ITGA3	ENSG00000005884
13877.0	0.0003	KHDRBS3	ENSG00000131773
13877.0	0.0003	CACNG4	ENSG00000075461
13877.0	0.0003	MRPL13	ENSG00000172172
13877.0	0.0003	TAF3	ENSG00000165632
13877.0	0.0003	CUL9	ENSG00000112659
13877.0	0.0003	BLOC1S1	ENSG00000135441
13877.0	0.0003	GGPS1	ENSG00000152904
13877.0	0.0003	PEG3	ENSG00000198300
13877.0	0.0003	ANKZF1	ENSG00000163516
13877.0	0.0003	PPP2R2D	ENSG00000175470
13877.0	0.0003	BLOC1S4	ENSG00000186222
13877.0	0.0003	RHOQ	ENSG00000119729
13877.0	0.0003	BLOC1S6	ENSG00000104164
13877.0	0.0003	RSAD2	ENSG00000134321
13877.0	0.0003	STXBP3	ENSG00000116266
13877.0	0.0003	S100A16	ENSG00000188643
13877.0	0.0003	RHOD	ENSG00000173156
13877.0	0.0003	REEP5	ENSG00000129625
13877.0	0.0003	RHOJ	ENSG00000126785
13877.0	0.0003	PCK2	ENSG00000100889
13877.0	0.0003	RHOH	ENSG00000168421
13877.0	0.0003	RHOF	ENSG00000139725
13877.0	0.0003	RHOBTB1	ENSG00000072422
13877.0	0.0003	RHOV	ENSG00000104140
13877.0	0.0003	TRPM7	ENSG00000092439
13877.0	0.0003	ACSS2	ENSG00000131069
13877.0	0.0003	FXR1	ENSG00000114416
13877.0	0.0003	FXR2	ENSG00000129245
13877.0	0.0003	AIMP2	ENSG00000106305
13877.0	0.0003	IRF8	ENSG00000140968
13877.0	0.0003	TNRC6C	ENSG00000078687
13877.0	0.0003	PTPN1	ENSG00000196396
13877.0	0.0003	PPP4R1	ENSG00000154845
13877.0	0.0003	APLF	ENSG00000169621
13877.0	0.0003	TXNDC5	ENSG00000239264
13877.0	0.0003	ATF4	ENSG00000128272
13877.0	0.0003	MAGI3	ENSG00000081026
13877.0	0.0003	SVIP	ENSG00000198168
13877.0	0.0003	VAV1	ENSG00000141968
13877.0	0.0003	USP33	ENSG00000077254
13877.0	0.0003	ATG12	ENSG00000145782
13877.0	0.0003	EBF1	ENSG00000164330
13877.0	0.0003	MACROH2A1	ENSG00000113648
13877.0	0.0003	ARHGEF12	ENSG00000196914
13877.0	0.0003	SULT1A1	ENSG00000196502
13877.0	0.0003	LPP	ENSG00000145012
13877.0	0.0003	ATP6AP1	ENSG00000071553
13877.0	0.0003	SPECC1	ENSG00000128487
13877.0	0.0003	ABR	ENSG00000159842
13877.0	0.0003	CETN2	ENSG00000147400
13877.0	0.0003	COL16A1	ENSG00000084636
13877.0	0.0003	DERL2	ENSG00000072849
13877.0	0.0003	DIAPH3	ENSG00000139734
13877.0	0.0003	SWSAP1	ENSG00000173928
13877.0	0.0003	ATP5MC1	ENSG00000159199
13877.0	0.0003	SELT	ENSG00000198843
13877.0	0.0003	POGLUT2	ENSG00000134901
13877.0	0.0003	EPS8	ENSG00000151491
13877.0	0.0003	CITED4	ENSG00000179862
13877.0	0.0003	CELSR3	ENSG00000008300
13877.0	0.0003	RNASEL	ENSG00000135828
13877.0	0.0003	DCK	ENSG00000156136
13877.0	0.0003	HOGA1	ENSG00000241935
13877.0	0.0003	ITSN1	ENSG00000205726
13877.0	0.0003	RHOT1	ENSG00000126858
13877.0	0.0003	UBXN6	ENSG00000167671
13877.0	0.0003	RHOT2	ENSG00000140983
13877.0	0.0003	COL12A1	ENSG00000111799
13877.0	0.0003	ASPA	ENSG00000108381
13877.0	0.0003	ZSWIM7	ENSG00000214941
13877.0	0.0003	FLAD1	ENSG00000160688
13877.0	0.0003	COL15A1	ENSG00000204291
13877.0	0.0003	PYCR3	ENSG00000104524
13877.0	0.0003	ASS1	ENSG00000130707
13877.0	0.0003	TAF7L	ENSG00000102387
13877.0	0.0003	ATP23	ENSG00000166896
13877.0	0.0003	RALB	ENSG00000144118
13877.0	0.0003	ACY3	ENSG00000132744
13877.0	0.0003	EIF3J	ENSG00000104131
13877.0	0.0003	FAHD1	ENSG00000180185
13877.0	0.0003	AFMID	ENSG00000183077
13877.0	0.0003	RANGAP1	ENSG00000100401
13877.0	0.0003	ALDH5A1	ENSG00000112294
13877.0	0.0003	MSH3	ENSG00000113318
13877.0	0.0003	YBX1	ENSG00000065978
13877.0	0.0003	GTF2F1	ENSG00000125651
13877.0	0.0003	DDO	ENSG00000203797
13877.0	0.0003	COL10A1	ENSG00000123500
13877.0	0.0003	COL8A1	ENSG00000144810
13877.0	0.0003	GTF2F2	ENSG00000188342
13877.0	0.0003	ACVR1	ENSG00000115170
13877.0	0.0003	DNTT	ENSG00000107447
13877.0	0.0003	ADSS2	ENSG00000035687
13877.0	0.0003	GAPDHS	ENSG00000105679
13877.0	0.0003	CLSPN	ENSG00000092853
13877.0	0.0003	GSS	ENSG00000100983
13877.0	0.0003	ADAL	ENSG00000168803
13877.0	0.0003	TOP3B	ENSG00000100038
13877.0	0.0003	GTF2B	ENSG00000137947
13877.0	0.0003	ADSS1	ENSG00000185100
13877.0	0.0003	MGST3	ENSG00000143198
13877.0	0.0003	SPARC	ENSG00000113140
13877.0	0.0003	GSTT1	ENSG00000184674
13877.0	0.0003	STX19	ENSG00000178750
13877.0	0.0003	COL21A1	ENSG00000124749
13877.0	0.0003	NDUFA5	ENSG00000128609
13877.0	0.0003	CRABP2	ENSG00000143320
13877.0	0.0003	COL23A1	ENSG00000050767
13877.0	0.0003	MGST1	ENSG00000008394
13877.0	0.0003	COL22A1	ENSG00000169436
13877.0	0.0003	STX11	ENSG00000135604
13877.0	0.0003	SNCAIP	ENSG00000064692
13877.0	0.0003	PSMC3IP	ENSG00000131470
13877.0	0.0003	COL8A2	ENSG00000171812
13877.0	0.0003	EIF3C	ENSG00000184110
13877.0	0.0003	FXN	ENSG00000165060
13877.0	0.0003	NAT8L	ENSG00000185818
13877.0	0.0003	RAPGEF1	ENSG00000107263
13877.0	0.0003	COL20A1	ENSG00000101203
13877.0	0.0003	ADGRA3	ENSG00000152990
13877.0	0.0003	SRI	ENSG00000075142
13877.0	0.0003	DUSP3	ENSG00000108861
13877.0	0.0003	TRPM4	ENSG00000130529
13877.0	0.0003	TRPV2	ENSG00000187688
13877.0	0.0003	DERL3	ENSG00000099958
13877.0	0.0003	COL28A1	ENSG00000215018
13877.0	0.0003	ZBTB32	ENSG00000011590
13877.0	0.0003	PUM1	ENSG00000134644
13877.0	0.0003	EPHB2	ENSG00000133216
13877.0	0.0003	ZFAND1	ENSG00000104231
13877.0	0.0003	CYP1A1	ENSG00000140465
13877.0	0.0003	DDX20	ENSG00000064703
13877.0	0.0003	GGT5	ENSG00000099998
13877.0	0.0003	RPS11	ENSG00000142534
13877.0	0.0003	SH3D19	ENSG00000109686
13877.0	0.0003	STXBP2	ENSG00000076944
13877.0	0.0003	GSTO2	ENSG00000065621
13877.0	0.0003	ASPSCR1	ENSG00000169696
13877.0	0.0003	POLR2B	ENSG00000047315
13877.0	0.0003	SRXN1	ENSG00000271303
13877.0	0.0003	GFPT1	ENSG00000198380
13877.0	0.0003	GSTA4	ENSG00000170899
13877.0	0.0003	GSTO1	ENSG00000148834
13877.0	0.0003	GLS	ENSG00000115419
13877.0	0.0003	PREB	ENSG00000138073
13877.0	0.0003	DBH	ENSG00000123454
13877.0	0.0003	HSD3B2	ENSG00000203859
13877.0	0.0003	SLC5A8	ENSG00000256870
13877.0	0.0003	SLC5A12	ENSG00000148942
13877.0	0.0003	ARL6IP1	ENSG00000170540
13877.0	0.0003	EXOC6B	ENSG00000144036
13877.0	0.0003	CYP19A1	ENSG00000137869
13877.0	0.0003	SLC5A5	ENSG00000105641
13877.0	0.0003	RAD18	ENSG00000070950
13877.0	0.0003	BET1	ENSG00000105829
13877.0	0.0003	PGGT1B	ENSG00000164219
13877.0	0.0003	SNRPG	ENSG00000143977
13877.0	0.0003	TLR5	ENSG00000187554
13877.0	0.0003	UBE2V2	ENSG00000169139
13877.0	0.0003	UBQLN2	ENSG00000188021
13877.0	0.0003	HIF3A	ENSG00000124440
13877.0	0.0003	RAD54B	ENSG00000197275
13877.0	0.0003	EIF2S1	ENSG00000134001
13877.0	0.0003	SLC5A6	ENSG00000138074
13877.0	0.0003	ENO1	ENSG00000074800
13877.0	0.0003	GSTM3	ENSG00000134202
13877.0	0.0003	SYNE2	ENSG00000054654
13877.0	0.0003	GSTM5	ENSG00000134201
13877.0	0.0003	DNAJC3	ENSG00000102580
13877.0	0.0003	RBP2	ENSG00000114113
13877.0	0.0003	ATP13A2	ENSG00000159363
13877.0	0.0003	NDUFB5	ENSG00000136521
13877.0	0.0003	CDKN1B	ENSG00000111276
13877.0	0.0003	ATP13A4	ENSG00000127249
13877.0	0.0003	NRXN2	ENSG00000110076
13877.0	0.0003	ATP13A3	ENSG00000133657
13877.0	0.0003	ATP13A5	ENSG00000187527
13877.0	0.0003	PAFAH1B3	ENSG00000079462
13877.0	0.0003	LCE4A	ENSG00000187170
13877.0	0.0003	PDLIM5	ENSG00000163110
13877.0	0.0003	GLUL	ENSG00000135821
13877.0	0.0003	POU2AF1	ENSG00000110777
13877.0	0.0003	IRAK3	ENSG00000090376
13877.0	0.0003	GSTM1	ENSG00000134184
13877.0	0.0003	CTHRC1	ENSG00000164932
13877.0	0.0003	FLT1	ENSG00000102755
13877.0	0.0003	GTF2A1	ENSG00000165417
13877.0	0.0003	RGPD4	ENSG00000196862
13877.0	0.0003	LDHAL6B	ENSG00000171989
13877.0	0.0003	GUK1	ENSG00000143774
13877.0	0.0003	LDHAL6A	ENSG00000166800
13877.0	0.0003	GSTM2	ENSG00000213366
13877.0	0.0003	RND1	ENSG00000172602
13877.0	0.0003	LRRC3B	ENSG00000179796
13877.0	0.0003	GGT6	ENSG00000167741
13877.0	0.0003	TMEM127	ENSG00000135956
13877.0	0.0003	RABGEF1	ENSG00000154710
13877.0	0.0003	GSTA3	ENSG00000174156
13877.0	0.0003	DUSP10	ENSG00000143507
13877.0	0.0003	E2F1	ENSG00000101412
13877.0	0.0003	CYP1B1	ENSG00000138061
13877.0	0.0003	HSPA2	ENSG00000126803
13877.0	0.0003	SEP15	ENSG00000183291
13877.0	0.0003	EIF4E2	ENSG00000135930
13877.0	0.0003	CNKSR3	ENSG00000153721
13877.0	0.0003	SCARB1	ENSG00000073060
13877.0	0.0003	ARHGDIA	ENSG00000141522
13877.0	0.0003	GSTA2	ENSG00000244067
13877.0	0.0003	NEURL1	ENSG00000107954
13877.0	0.0003	FOXD4L5	ENSG00000204779
13877.0	0.0003	MCF2	ENSG00000101977
13877.0	0.0003	VCPIP1	ENSG00000175073
13877.0	0.0003	GGT1	ENSG00000100031
13877.0	0.0003	DOT1L	ENSG00000104885
13877.0	0.0003	ARHGDIG	ENSG00000242173
13877.0	0.0003	FOXD4	ENSG00000170122
13877.0	0.0003	RAB33A	ENSG00000134594
13877.0	0.0003	ADH6	ENSG00000172955
13877.0	0.0003	RIMKLB	ENSG00000166532
13877.0	0.0003	ITGAL	ENSG00000005844
13877.0	0.0003	MYOC	ENSG00000034971
13877.0	0.0003	ADH1B	ENSG00000196616
13877.0	0.0003	FOXD4L2	ENSG00000204828
13877.0	0.0003	FOXD4L4	ENSG00000184659
13877.0	0.0003	FOXD4L1	ENSG00000184492
13877.0	0.0003	FOXD4L6	ENSG00000204793
13877.0	0.0003	MGST2	ENSG00000085871
13877.0	0.0003	ADH7	ENSG00000196344
13877.0	0.0003	E2F3	ENSG00000112242
13877.0	0.0003	S100A13	ENSG00000189171
13877.0	0.0003	GGT7	ENSG00000131067
13877.0	0.0003	ADH1A	ENSG00000187758
13877.0	0.0003	YBX3	ENSG00000060138
13877.0	0.0003	GSTA1	ENSG00000243955
13877.0	0.0003	PSMD4	ENSG00000159352
13877.0	0.0003	IDH3G	ENSG00000067829
13877.0	0.0003	GSTA5	ENSG00000182793
13877.0	0.0003	ARHGEF6	ENSG00000129675
13877.0	0.0003	CDC25A	ENSG00000164045
13877.0	0.0003	IREB2	ENSG00000136381
13877.0	0.0003	GSTK1	ENSG00000197448
13877.0	0.0003	GSTM4	ENSG00000168765
13877.0	0.0003	LGMN	ENSG00000100600
13877.0	0.0003	RALBP1	ENSG00000017797
13877.0	0.0003	POLR2C	ENSG00000102978
13877.0	0.0003	UBOX5	ENSG00000185019
13877.0	0.0003	TEK	ENSG00000120156
13877.0	0.0003	NYX	ENSG00000188937
13877.0	0.0003	RASGRP2	ENSG00000068831
13877.0	0.0003	UCN	ENSG00000163794
13877.0	0.0003	TKTL1	ENSG00000007350
13877.0	0.0003	SUN2	ENSG00000100242
13877.0	0.0003	E2F2	ENSG00000007968
13877.0	0.0003	ARHGDIB	ENSG00000111348
13877.0	0.0003	ARHGEF2	ENSG00000116584
13877.0	0.0003	TRPC6	ENSG00000137672
13877.0	0.0003	CD81	ENSG00000110651
13877.0	0.0003	SHANK1	ENSG00000161681
13877.0	0.0003	TIMM10	ENSG00000134809
13877.0	0.0003	DCLK3	ENSG00000163673
13877.0	0.0003	PRR25	ENSG00000167945
13877.0	0.0003	AUH	ENSG00000148090
13877.0	0.0003	CCT2	ENSG00000166226
13877.0	0.0003	FAF1	ENSG00000185104
13877.0	0.0003	LRPAP1	ENSG00000163956
13877.0	0.0003	DLX1	ENSG00000144355
13877.0	0.0003	MSTN	ENSG00000138379
13877.0	0.0003	CELSR2	ENSG00000143126
13877.0	0.0003	RND3	ENSG00000115963
13877.0	0.0003	GEMIN2	ENSG00000092208
13877.0	0.0003	RNF139	ENSG00000170881
13877.0	0.0003	ADH4	ENSG00000198099
13877.0	0.0003	STON2	ENSG00000140022
13877.0	0.0003	TTLL12	ENSG00000100304
13877.0	0.0003	HOXA4	ENSG00000197576
13877.0	0.0003	HOXC4	ENSG00000198353
13877.0	0.0003	TIAM2	ENSG00000146426
13877.0	0.0003	TIMM8B	ENSG00000150779
13877.0	0.0003	EIF3G	ENSG00000130811
13877.0	0.0003	LRWD1	ENSG00000161036
13877.0	0.0003	GEMIN6	ENSG00000152147
13877.0	0.0003	LRRC3	ENSG00000160233
13877.0	0.0003	TIMP1	ENSG00000102265
13877.0	0.0003	PLG	ENSG00000122194
13877.0	0.0003	LRRC3C	ENSG00000204913
13877.0	0.0003	GNRH2	ENSG00000125787
13877.0	0.0003	CD36	ENSG00000135218
13877.0	0.0003	RAPGEF5	ENSG00000136237
13877.0	0.0003	HPRT1	ENSG00000165704
13877.0	0.0003	KITLG	ENSG00000049130
13877.0	0.0003	ABLIM1	ENSG00000099204
13877.0	0.0003	LSM12	ENSG00000161654
13877.0	0.0003	GPX2	ENSG00000176153
13877.0	0.0003	GEMIN7	ENSG00000142252
13877.0	0.0003	HAVCR1	ENSG00000113249
13877.0	0.0003	HSP90B1	ENSG00000166598
13877.0	0.0003	UBQLN4	ENSG00000160803
13877.0	0.0003	GDI2	ENSG00000057608
13877.0	0.0003	PAK1IP1	ENSG00000111845
13877.0	0.0003	CYP3A5	ENSG00000106258
13877.0	0.0003	OSBP	ENSG00000110048
13877.0	0.0003	UBL7	ENSG00000138629
13877.0	0.0003	TTF2	ENSG00000116830
13877.0	0.0003	ARHGEF17	ENSG00000110237
13877.0	0.0003	HSD17B1	ENSG00000108786
13877.0	0.0003	ACOT12	ENSG00000172497
13877.0	0.0003	LTO1	ENSG00000149716
13877.0	0.0003	NET1	ENSG00000173848
13877.0	0.0003	TADA2B	ENSG00000173011
13877.0	0.0003	NR6A1	ENSG00000148200
13877.0	0.0003	ARF5	ENSG00000004059
13877.0	0.0003	ARHGEF16	ENSG00000130762
13877.0	0.0003	ABRAXAS1	ENSG00000163322
13877.0	0.0003	SNAI2	ENSG00000019549
13877.0	0.0003	MTTP	ENSG00000138823
13877.0	0.0003	AP3M2	ENSG00000070718
13877.0	0.0003	SH3KBP1	ENSG00000147010
13877.0	0.0003	PROS1	ENSG00000184500
13877.0	0.0003	KRTAP5-6	ENSG00000205864
13877.0	0.0003	F5	ENSG00000198734
13877.0	0.0003	POT1	ENSG00000128513
13877.0	0.0003	ITGA2	ENSG00000164171
13877.0	0.0003	PHB2	ENSG00000215021
13877.0	0.0003	NUFIP1	ENSG00000083635
13877.0	0.0003	SYCP3	ENSG00000139351
13877.0	0.0003	NAT10	ENSG00000135372
13877.0	0.0003	LAMC1	ENSG00000135862
13877.0	0.0003	RASGRF2	ENSG00000113319
13877.0	0.0003	POLR2J	ENSG00000005075
13877.0	0.0003	CLU	ENSG00000120885
13877.0	0.0003	PF4	ENSG00000163737
13877.0	0.0003	SYCP2	ENSG00000196074
13877.0	0.0003	A2M	ENSG00000175899
13877.0	0.0003	PPBP	ENSG00000163736
13877.0	0.0003	KL	ENSG00000133116
13877.0	0.0003	FGD4	ENSG00000139132
13877.0	0.0003	ARHGEF18	ENSG00000104880
13877.0	0.0003	CTD-2207O23.3	ENSG00000268861
13877.0	0.0003	GEMIN5	ENSG00000082516
13877.0	0.0003	FGD3	ENSG00000127084
13877.0	0.0003	CCT3	ENSG00000163468
13877.0	0.0003	PLEKHG2	ENSG00000090924
13877.0	0.0003	TRIM71	ENSG00000206557
13877.0	0.0003	FGD2	ENSG00000146192
13877.0	0.0003	TINF2	ENSG00000092330
13877.0	0.0003	GAS6	ENSG00000183087
13877.0	0.0003	NCKIPSD	ENSG00000213672
13877.0	0.0003	RNMT	ENSG00000101654
13877.0	0.0003	RPL37	ENSG00000145592
13877.0	0.0003	PGLS	ENSG00000130313
13877.0	0.0003	SV2B	ENSG00000185518
13877.0	0.0003	NXPE3	ENSG00000144815
13877.0	0.0003	SERPINF2	ENSG00000167711
13877.0	0.0003	SERPINA1	ENSG00000197249
13877.0	0.0003	ATXN3	ENSG00000066427
13877.0	0.0003	ABLIM3	ENSG00000173210
13877.0	0.0003	ABLIM2	ENSG00000163995
13877.0	0.0003	PNMT	ENSG00000141744
13877.0	0.0003	EIF3B	ENSG00000106263
13877.0	0.0003	STRAP	ENSG00000023734
13877.0	0.0003	SYCE2	ENSG00000161860
13877.0	0.0003	ACD	ENSG00000102977
13877.0	0.0003	HRG	ENSG00000113905
13877.0	0.0003	MOK	ENSG00000080823
13877.0	0.0003	VEGFB	ENSG00000173511
13877.0	0.0003	SERPING1	ENSG00000149131
13877.0	0.0003	EXOC1	ENSG00000090989
13877.0	0.0003	BTAF1	ENSG00000095564
13877.0	0.0003	RPL7A	ENSG00000148303
13877.0	0.0003	SLC4A4	ENSG00000080493
13877.0	0.0003	F13A1	ENSG00000124491
13877.0	0.0003	ITGA9	ENSG00000144668
13877.0	0.0003	POLR2I	ENSG00000105258
13877.0	0.0003	EXOC5	ENSG00000070367
13877.0	0.0003	PDSS2	ENSG00000164494
13877.0	0.0003	SRGN	ENSG00000122862
13877.0	0.0003	TRIP6	ENSG00000087077
13877.0	0.0003	RASGRP1	ENSG00000172575
13877.0	0.0003	CFD	ENSG00000197766
13877.0	0.0003	POLR2D	ENSG00000144231
13877.0	0.0003	MMRN1	ENSG00000138722
13877.0	0.0003	TMSB4X	ENSG00000205542
13877.0	0.0003	PPCDC	ENSG00000138621
13877.0	0.0003	B4GALNT1	ENSG00000135454
13877.0	0.0003	SYCE1	ENSG00000171772
13877.0	0.0003	SYCP1	ENSG00000198765
13877.0	0.0003	ATP5F1C	ENSG00000165629
13877.0	0.0003	TEX12	ENSG00000150783
13877.0	0.0003	ZNF706	ENSG00000120963
13877.0	0.0003	SLC39A5	ENSG00000139540
13877.0	0.0003	TRPM1	ENSG00000134160
13877.0	0.0003	KDM3A	ENSG00000115548
13877.0	0.0003	TTC9C	ENSG00000162222
13877.0	0.0003	NR3C1	ENSG00000113580
13877.0	0.0003	RAD54L	ENSG00000085999
13877.0	0.0003	UBXN2A	ENSG00000173960
13877.0	0.0003	NDUFB6	ENSG00000165264
13877.0	0.0003	EPHB6	ENSG00000106123
13877.0	0.0003	B2M	ENSG00000166710
13877.0	0.0003	NOL10	ENSG00000115761
13877.0	0.0003	CYP8B1	ENSG00000180432
13877.0	0.0003	G6PC1	ENSG00000131482
13877.0	0.0003	SFTPB	ENSG00000168878
13877.0	0.0003	PALS1	ENSG00000072415
13877.0	0.0003	HLA-C	ENSG00000204525
13877.0	0.0003	ALDH1A3	ENSG00000184254
13877.0	0.0003	SELENOP	ENSG00000250722
13877.0	0.0003	HLA-A	ENSG00000206503
13877.0	0.0003	ADPGK	ENSG00000159322
13877.0	0.0003	CYP39A1	ENSG00000146233
13877.0	0.0003	ALDH3B2	ENSG00000132746
13877.0	0.0003	ZRANB2	ENSG00000132485
13877.0	0.0003	UNC45A	ENSG00000140553
13877.0	0.0003	IL2RA	ENSG00000134460
13877.0	0.0003	ZNF385B	ENSG00000144331
13877.0	0.0003	PUM2	ENSG00000055917
13877.0	0.0003	ACOT8	ENSG00000101473
13877.0	0.0003	RAPGEF2	ENSG00000109756
13877.0	0.0003	RBM28	ENSG00000106344
13877.0	0.0003	SENP1	ENSG00000079387
13877.0	0.0003	HELZ2	ENSG00000130589
13877.0	0.0003	RAMAC	ENSG00000169612
13877.0	0.0003	VANGL1	ENSG00000173218
13877.0	0.0003	TGS1	ENSG00000137574
13877.0	0.0003	SAR1A	ENSG00000079332
13877.0	0.0003	LAMB1	ENSG00000091136
13877.0	0.0003	CHD9	ENSG00000177200
13877.0	0.0003	GTF2A2	ENSG00000140307
13877.0	0.0003	EIF4A1	ENSG00000161960
13877.0	0.0003	USP19	ENSG00000172046
13877.0	0.0003	LAMB2	ENSG00000172037
13877.0	0.0003	ENO2	ENSG00000111674
13877.0	0.0003	SULT1E1	ENSG00000109193
13877.0	0.0003	NUAK1	ENSG00000074590
13877.0	0.0003	EIF2S2	ENSG00000125977
13877.0	0.0003	TXNL1	ENSG00000091164
13877.0	0.0003	UTP14A	ENSG00000156697
13877.0	0.0003	TNFRSF11B	ENSG00000164761
13877.0	0.0003	SFTPC	ENSG00000168484
13877.0	0.0003	CNOT6L	ENSG00000138767
13877.0	0.0003	POLH	ENSG00000170734
13877.0	0.0003	ITGB8	ENSG00000105855
13877.0	0.0003	ARL3	ENSG00000138175
13877.0	0.0003	LIN52	ENSG00000205659
13877.0	0.0003	UPF1	ENSG00000005007
13877.0	0.0003	ID2	ENSG00000115738
13877.0	0.0003	ROCK2	ENSG00000134318
13877.0	0.0003	GLRB	ENSG00000109738
13877.0	0.0003	KLF12	ENSG00000118922
13877.0	0.0003	UTP14C	ENSG00000253797
13877.0	0.0003	COMMD7	ENSG00000149600
13877.0	0.0003	PRDX2	ENSG00000167815
13877.0	0.0003	CHFR	ENSG00000072609
13877.0	0.0003	TIMM8A	ENSG00000126953
13877.0	0.0003	AP3S1	ENSG00000177879
13877.0	0.0003	PTGIS	ENSG00000124212
13877.0	0.0003	SNCG	ENSG00000173267
13877.0	0.0003	HMGCR	ENSG00000113161
13877.0	0.0003	RNFT1	ENSG00000189050
13877.0	0.0003	RNF145	ENSG00000145860
13877.0	0.0003	RNFT2	ENSG00000135119
13877.0	0.0003	NPC2	ENSG00000119655
13877.0	0.0003	WDR36	ENSG00000134987
13877.0	0.0003	TBL3	ENSG00000183751
13877.0	0.0003	ACAD9	ENSG00000177646
13877.0	0.0003	EPN2	ENSG00000072134
13877.0	0.0003	GTF3A	ENSG00000122034
13877.0	0.0003	EPN3	ENSG00000049283
13877.0	0.0003	PRDX3	ENSG00000165672
13877.0	0.0003	SNX17	ENSG00000115234
13877.0	0.0003	OSBP2	ENSG00000184792
13877.0	0.0003	UGT2B11	ENSG00000213759
13877.0	0.0003	SRSF9	ENSG00000111786
13877.0	0.0003	LAMB3	ENSG00000196878
13877.0	0.0003	RGS3	ENSG00000138835
13877.0	0.0003	ATP5PO	ENSG00000241837
13877.0	0.0003	ITGB4	ENSG00000132470
13877.0	0.0003	SGTB	ENSG00000197860
13877.0	0.0003	ITGA11	ENSG00000137809
13877.0	0.0003	HDLBP	ENSG00000115677
13877.0	0.0003	NPAS3	ENSG00000151322
13877.0	0.0003	RPE	ENSG00000197713
13877.0	0.0003	TES	ENSG00000135269
13877.0	0.0003	TNP2	ENSG00000178279
13877.0	0.0003	BCL10	ENSG00000142867
13877.0	0.0003	SCTR	ENSG00000080293
13877.0	0.0003	DUSP1	ENSG00000120129
13877.0	0.0003	UTP4	ENSG00000141076
13877.0	0.0003	PSMC2	ENSG00000161057
13877.0	0.0003	PRICKLE3	ENSG00000012211
13877.0	0.0003	ABI3	ENSG00000108798
13877.0	0.0003	GRSF1	ENSG00000132463
13877.0	0.0003	EPS15L1	ENSG00000127527
13877.0	0.0003	PSMA1	ENSG00000129084
13877.0	0.0003	PSMA7	ENSG00000101182
13877.0	0.0003	PSMA5	ENSG00000143106
13877.0	0.0003	PSMC4	ENSG00000013275
13877.0	0.0003	AP3S2	ENSG00000157823
13877.0	0.0003	PSMD7	ENSG00000103035
13877.0	0.0003	PSMD8	ENSG00000099341
13877.0	0.0003	PSMD6	ENSG00000163636
13877.0	0.0003	GEMIN8	ENSG00000046647
13877.0	0.0003	PSMA4	ENSG00000041357
13877.0	0.0003	PSMD13	ENSG00000185627
13877.0	0.0003	PSMD11	ENSG00000108671
13877.0	0.0003	PSMA3	ENSG00000100567
13877.0	0.0003	NDRG1	ENSG00000104419
13877.0	0.0003	FST	ENSG00000134363
13877.0	0.0003	REEP2	ENSG00000132563
13877.0	0.0003	PSMB1	ENSG00000008018
13877.0	0.0003	PSMB4	ENSG00000159377
13877.0	0.0003	AOC3	ENSG00000131471
13877.0	0.0003	EXOC3	ENSG00000180104
13877.0	0.0003	MAP10	ENSG00000212916
13877.0	0.0003	MCOLN1	ENSG00000090674
13877.0	0.0003	CNOT6	ENSG00000113300
13877.0	0.0003	PSMA8	ENSG00000154611
13877.0	0.0003	PSMB3	ENSG00000108294
13877.0	0.0003	PSMB7	ENSG00000136930
13877.0	0.0003	DCXR	ENSG00000169738
13877.0	0.0003	SPACA9	ENSG00000165698
13877.0	0.0003	PSMB10	ENSG00000205220
13877.0	0.0003	PSMB6	ENSG00000142507
13877.0	0.0003	SERP1	ENSG00000120742
13877.0	0.0003	PSMD10	ENSG00000101843
13877.0	0.0003	PDCD11	ENSG00000148843
13877.0	0.0003	POU2F1	ENSG00000143190
13877.0	0.0003	PANK4	ENSG00000157881
13877.0	0.0003	AOC2	ENSG00000131480
13877.0	0.0003	PANK3	ENSG00000120137
13877.0	0.0003	ACOX2	ENSG00000168306
13877.0	0.0003	SNPH	ENSG00000101298
13877.0	0.0003	LSG1	ENSG00000041802
13877.0	0.0003	PSMB11	ENSG00000222028
13877.0	0.0003	CLMP	ENSG00000166250
13877.0	0.0003	ENKD1	ENSG00000124074
13877.0	0.0003	GRAMD2B	ENSG00000155324
13877.0	0.0003	CIMAP1D	ENSG00000181781
13877.0	0.0003	HID1	ENSG00000167861
13877.0	0.0003	CPOX	ENSG00000080819
13877.0	0.0003	IL9	ENSG00000145839
13877.0	0.0003	NRXN3	ENSG00000021645
13877.0	0.0003	CRAT	ENSG00000095321
13877.0	0.0003	PSME2	ENSG00000100911
13877.0	0.0003	RBKS	ENSG00000171174
13877.0	0.0003	PSME1	ENSG00000092010
13877.0	0.0003	PRPS2	ENSG00000101911
13877.0	0.0003	PSMD9	ENSG00000110801
13877.0	0.0003	RAP1GAP	ENSG00000076864
13877.0	0.0003	CD226	ENSG00000150637
13877.0	0.0003	LTC4S	ENSG00000213316
13877.0	0.0003	PARP1	ENSG00000143799
13877.0	0.0003	UBE2W	ENSG00000104343
13877.0	0.0003	ITGA6	ENSG00000091409
13877.0	0.0003	EPHA10	ENSG00000183317
13877.0	0.0003	AP4B1	ENSG00000134262
13877.0	0.0003	PSMF1	ENSG00000125818
13877.0	0.0003	ADAM12	ENSG00000148848
13877.0	0.0003	DTX1	ENSG00000135144
13877.0	0.0003	FKBP4	ENSG00000004478
13877.0	0.0003	RAPGEF6	ENSG00000158987
13877.0	0.0003	SENP6	ENSG00000112701
13877.0	0.0003	BMP6	ENSG00000153162
13877.0	0.0003	SLC39A14	ENSG00000104635
13877.0	0.0003	NEURL1B	ENSG00000214357
13877.0	0.0003	LAMC2	ENSG00000058085
13877.0	0.0003	VMP1	ENSG00000062716
13877.0	0.0003	CCNB2	ENSG00000157456
13877.0	0.0003	A1CF	ENSG00000148584
13877.0	0.0003	BCAP31	ENSG00000185825
13877.0	0.0003	BAMBI	ENSG00000095739
13877.0	0.0003	YBX2	ENSG00000006047
13877.0	0.0003	ALK	ENSG00000171094
13877.0	0.0003	FZD1	ENSG00000157240
13877.0	0.0003	ZDHHC17	ENSG00000186908
13877.0	0.0003	MFSD4A	ENSG00000174514
13877.0	0.0003	CACNA2D4	ENSG00000151062
13877.0	0.0003	THADA	ENSG00000115970
13877.0	0.0003	LAMA3	ENSG00000053747
13877.0	0.0003	ATXN2L	ENSG00000168488
13877.0	0.0003	GLP1R	ENSG00000112164
13877.0	0.0003	EPHA8	ENSG00000070886
13877.0	0.0003	SEC61A1	ENSG00000058262
13877.0	0.0003	TOM1L2	ENSG00000175662
13877.0	0.0003	BMS1	ENSG00000165733
13877.0	0.0003	PRPS1L1	ENSG00000229937
13877.0	0.0003	LIN54	ENSG00000189308
13877.0	0.0003	HSPE1	ENSG00000115541
13877.0	0.0003	NINL	ENSG00000101004
13877.0	0.0003	SCAMP5	ENSG00000198794
13877.0	0.0003	NOC4L	ENSG00000184967
13877.0	0.0003	SUPT20H	ENSG00000102710
13877.0	0.0003	HMOX2	ENSG00000103415
13877.0	0.0003	NMRK1	ENSG00000106733
13877.0	0.0003	NMRK2	ENSG00000077009
13877.0	0.0003	RPS3	ENSG00000149273
13877.0	0.0003	PRDX4	ENSG00000123131
13877.0	0.0003	ABCA1	ENSG00000165029
13877.0	0.0003	ACP3	ENSG00000014257
13877.0	0.0003	GALT	ENSG00000213930
13877.0	0.0003	PAPSS2	ENSG00000198682
13877.0	0.0003	TFDP1	ENSG00000198176
13877.0	0.0003	AP5B1	ENSG00000254470
13877.0	0.0003	PAPSS1	ENSG00000138801
13877.0	0.0003	TRMT6	ENSG00000089195
13877.0	0.0003	AP5S1	ENSG00000125843
13877.0	0.0003	RASA3	ENSG00000185989
13877.0	0.0003	RASAL2	ENSG00000075391
13877.0	0.0003	HMG20B	ENSG00000064961
13877.0	0.0003	CYP17A1	ENSG00000148795
13877.0	0.0003	COMMD8	ENSG00000169019
13877.0	0.0003	AP5Z1	ENSG00000242802
13877.0	0.0003	EIF4E3	ENSG00000163412
13877.0	0.0003	RASAL3	ENSG00000105122
13877.0	0.0003	CCT6B	ENSG00000132141
13877.0	0.0003	ALDH7A1	ENSG00000164904
13877.0	0.0003	WDR75	ENSG00000115368
13877.0	0.0003	EIF5	ENSG00000100664
13877.0	0.0003	ECH1	ENSG00000104823
13877.0	0.0003	TFDP2	ENSG00000114126
13877.0	0.0003	LIN9	ENSG00000183814
13877.0	0.0003	SENP5	ENSG00000119231
13877.0	0.0003	SSH2	ENSG00000141298
13877.0	0.0003	CYP2B6	ENSG00000197408
13877.0	0.0003	TCERG1	ENSG00000113649
13877.0	0.0003	NFKBIA	ENSG00000100906
13877.0	0.0003	NR1H4	ENSG00000012504
13877.0	0.0003	E2F5	ENSG00000133740
13877.0	0.0003	RASGRP3	ENSG00000152689
13877.0	0.0003	PACSIN1	ENSG00000124507
13877.0	0.0003	HOXA10	ENSG00000253293
13877.0	0.0003	LIN37	ENSG00000267796
13877.0	0.0003	CYP2E1	ENSG00000130649
13877.0	0.0003	EIF3I	ENSG00000084623
13877.0	0.0003	COIL	ENSG00000121058
13877.0	0.0003	RFK	ENSG00000135002
13877.0	0.0003	CAPRIN1	ENSG00000135387
13877.0	0.0003	CDK3	ENSG00000250506
13877.0	0.0003	LAMC3	ENSG00000050555
13877.0	0.0003	NQO1	ENSG00000181019
13877.0	0.0003	NAXE	ENSG00000163382
13877.0	0.0003	ALOX5AP	ENSG00000132965
13877.0	0.0003	ATF7IP	ENSG00000171681
13877.0	0.0003	SLC39A6	ENSG00000141424
13877.0	0.0003	CEP72	ENSG00000112877
13877.0	0.0003	YJEFN3	ENSG00000250067
13877.0	0.0003	SFTPD	ENSG00000133661
13877.0	0.0003	VAMP3	ENSG00000049245
13877.0	0.0003	NRG4	ENSG00000169752
13877.0	0.0003	GINS4	ENSG00000147536
13877.0	0.0003	GADD45GIP1	ENSG00000179271
13877.0	0.0003	IAPP	ENSG00000121351
13877.0	0.0003	CUBN	ENSG00000107611
13877.0	0.0003	YIPF5	ENSG00000145817
13877.0	0.0003	GFM1	ENSG00000168827
13877.0	0.0003	MAT1A	ENSG00000151224
13877.0	0.0003	ACOX3	ENSG00000087008
13877.0	0.0003	TUBB4B	ENSG00000188229
13877.0	0.0003	ACP4	ENSG00000142513
13877.0	0.0003	ACP1	ENSG00000143727
13877.0	0.0003	TUBB4A	ENSG00000104833
13877.0	0.0003	EIF3CL	ENSG00000205609
13877.0	0.0003	NRG2	ENSG00000158458
13877.0	0.0003	CNDP2	ENSG00000133313
13877.0	0.0003	SND1	ENSG00000197157
13877.0	0.0003	CSNK1D	ENSG00000141551
13877.0	0.0003	AKAP9	ENSG00000127914
13877.0	0.0003	NEK2	ENSG00000117650
13877.0	0.0003	TMED2	ENSG00000086598
13877.0	0.0003	GADD45A	ENSG00000116717
13877.0	0.0003	TSHR	ENSG00000165409
13877.0	0.0003	GLRA3	ENSG00000145451
13877.0	0.0003	BHLHE40	ENSG00000134107
13877.0	0.0003	EIF3D	ENSG00000100353
13877.0	0.0003	PUS3	ENSG00000110060
13877.0	0.0003	DNMT3L	ENSG00000142182
13877.0	0.0003	ZNF22-AS1	ENSG00000165511
13877.0	0.0003	MYL6	ENSG00000092841
13877.0	0.0003	KNTC1	ENSG00000184445
13877.0	0.0003	MRPL19	ENSG00000115364
13877.0	0.0003	CEP76	ENSG00000101624
13877.0	0.0003	CEP192	ENSG00000101639
13877.0	0.0003	HAUS2	ENSG00000137814
13877.0	0.0003	GMPR	ENSG00000137198
13877.0	0.0003	EEF1G	ENSG00000254772
13877.0	0.0003	GMPR2	ENSG00000100938
13877.0	0.0003	RASAL1	ENSG00000111344
13877.0	0.0003	H1-0	ENSG00000189060
13877.0	0.0003	ABCA3	ENSG00000167972
13877.0	0.0003	CABIN1	ENSG00000099991
13877.0	0.0003	CEP250	ENSG00000126001
13877.0	0.0003	CIITA	ENSG00000179583
13877.0	0.0003	AKR7A2	ENSG00000053371
13877.0	0.0003	ODF2	ENSG00000136811
13877.0	0.0003	BLVRB	ENSG00000090013
13877.0	0.0003	RP11-566F5.1	ENSG00000270294
13877.0	0.0003	XIAP	ENSG00000101966
13877.0	0.0003	SSNA1	ENSG00000176101
13877.0	0.0003	CEP78	ENSG00000148019
13877.0	0.0003	HNMT	ENSG00000150540
13877.0	0.0003	CPLX4	ENSG00000166569
13877.0	0.0003	SLC9A3	ENSG00000066230
13877.0	0.0003	CASP2	ENSG00000106144
13877.0	0.0003	ZBTB17	ENSG00000116809
13877.0	0.0003	SENP7	ENSG00000138468
13877.0	0.0003	TUBGCP3	ENSG00000126216
13877.0	0.0003	SNAPC4	ENSG00000165684
13877.0	0.0003	MYL6B	ENSG00000196465
13877.0	0.0003	WWP1	ENSG00000123124
13877.0	0.0003	RCAN1	ENSG00000159200
13877.0	0.0003	TRIM33	ENSG00000197323
13877.0	0.0003	IFFO2	ENSG00000169991
13877.0	0.0003	PHYHIP	ENSG00000168490
13877.0	0.0003	HOXA11	ENSG00000005073
13877.0	0.0003	SORT1	ENSG00000134243
13877.0	0.0003	CCT8	ENSG00000156261
13877.0	0.0003	RAB10	ENSG00000084733
13877.0	0.0003	GNA13	ENSG00000120063
13877.0	0.0003	PIWIL1	ENSG00000125207
13877.0	0.0003	ERP29	ENSG00000089248
13877.0	0.0003	ATXN7	ENSG00000163635
13877.0	0.0003	TUBG2	ENSG00000037042
13877.0	0.0003	TNKS2	ENSG00000107854
13877.0	0.0003	RASGRP4	ENSG00000171777
13877.0	0.0003	PCK1	ENSG00000124253
13877.0	0.0003	SYNCRIP	ENSG00000135316
13877.0	0.0003	RAB13	ENSG00000143545
13877.0	0.0003	STAR	ENSG00000147465
13877.0	0.0003	SH3GL3	ENSG00000140600
13877.0	0.0003	RAD54L2	ENSG00000164080
13877.0	0.0003	HELQ	ENSG00000163312
13877.0	0.0003	RASA4	ENSG00000105808
13877.0	0.0003	RGPD2	ENSG00000185304
13877.0	0.0003	CNDP1	ENSG00000150656
13877.0	0.0003	USF1	ENSG00000158773
13877.0	0.0003	PTHLH	ENSG00000087494
13877.0	0.0003	HSPH1	ENSG00000120694
13877.0	0.0003	ALOX12B	ENSG00000179477
13877.0	0.0003	CRYZ	ENSG00000116791
13877.0	0.0003	RBMX	ENSG00000147274
13877.0	0.0003	YIPF2	ENSG00000130733
13877.0	0.0003	TAB3	ENSG00000157625
13877.0	0.0003	HSPA6	ENSG00000173110
13877.0	0.0003	ANKRA2	ENSG00000164331
13877.0	0.0003	HSPA12A	ENSG00000165868
13877.0	0.0003	DAZAP2	ENSG00000183283
13877.0	0.0003	CARNS1	ENSG00000172508
13877.0	0.0003	ALDH9A1	ENSG00000143149
13877.0	0.0003	GINS2	ENSG00000131153
13877.0	0.0003	HSPA12B	ENSG00000132622
13877.0	0.0003	ANKRD6	ENSG00000135299
13877.0	0.0003	DDIT3	ENSG00000175197
13877.0	0.0003	SERPINB2	ENSG00000197632
13877.0	0.0003	TLN1	ENSG00000137076
13877.0	0.0003	UBQLNL	ENSG00000175518
13877.0	0.0003	UBN1	ENSG00000118900
13877.0	0.0003	HSPA4L	ENSG00000164070
13877.0	0.0003	SERPINB5	ENSG00000206075
13877.0	0.0003	GINS1	ENSG00000101003
13877.0	0.0003	ALDH1B1	ENSG00000137124
13877.0	0.0003	SERPINB8	ENSG00000166401
13877.0	0.0003	PABPC3	ENSG00000151846
13877.0	0.0003	PABPC4	ENSG00000090621
13877.0	0.0003	GLRA2	ENSG00000101958
13877.0	0.0003	SPDEF	ENSG00000124664
13877.0	0.0003	PEDS1	ENSG00000240849
13877.0	0.0003	CPEB2	ENSG00000137449
13877.0	0.0003	CPEB4	ENSG00000113742
13877.0	0.0003	IRF2	ENSG00000168310
13877.0	0.0003	SERPINB7	ENSG00000166396
13877.0	0.0003	GRM3	ENSG00000198822
13877.0	0.0003	PEBP1	ENSG00000089220
13877.0	0.0003	SMARCA1	ENSG00000102038
13877.0	0.0003	HSPA13	ENSG00000155304
13877.0	0.0003	HSPA14	ENSG00000187522
13877.0	0.0003	SAMD4A	ENSG00000020577
13877.0	0.0003	PTPN3	ENSG00000070159
13877.0	0.0003	TYSND1	ENSG00000156521
13877.0	0.0003	CCNB3	ENSG00000147082
13877.0	0.0003	BORA	ENSG00000136122
13877.0	0.0003	MEF2D	ENSG00000116604
13877.0	0.0003	ANKRD45	ENSG00000183831
13877.0	0.0003	SRSF5	ENSG00000100650
13877.0	0.0003	IRF1	ENSG00000125347
13877.0	0.0003	PLAU	ENSG00000122861
13877.0	0.0003	AJUBA	ENSG00000129474
13877.0	0.0003	NFKBIB	ENSG00000104825
13877.0	0.0003	CENPA	ENSG00000115163
13877.0	0.0003	ZNF274	ENSG00000171606
13877.0	0.0003	USP36	ENSG00000055483
13877.0	0.0003	USP15	ENSG00000135655
13877.0	0.0003	RAPH1	ENSG00000173166
13877.0	0.0003	KHK	ENSG00000138030
13877.0	0.0003	CCT8L2	ENSG00000198445
13877.0	0.0003	STON1	ENSG00000243244
13877.0	0.0003	THBS2	ENSG00000186340
13877.0	0.0003	GGTLC2	ENSG00000100121
13877.0	0.0003	GGA3	ENSG00000125447
13877.0	0.0003	CCDC59	ENSG00000133773
13877.0	0.0003	NME2	ENSG00000011052
13877.0	0.0003	H2BC12	ENSG00000197903
13877.0	0.0003	SBSN	ENSG00000189001
13877.0	0.0003	PABPC1L	ENSG00000101104
13877.0	0.0003	SNX5	ENSG00000089006
13877.0	0.0003	ADGRB1	ENSG00000181790
13877.0	0.0003	DNLZ	ENSG00000213221
13877.0	0.0003	NME1	ENSG00000239672
13877.0	0.0003	TGM2	ENSG00000198959
13877.0	0.0003	LSM10	ENSG00000181817
13877.0	0.0003	NME1-NME2	ENSG00000243678
13877.0	0.0003	RASA4B	ENSG00000170667
13877.0	0.0003	NMI	ENSG00000123609
13877.0	0.0003	LRIG1	ENSG00000144749
13877.0	0.0003	MYL5	ENSG00000215375
13877.0	0.0003	MOS	ENSG00000172680
13877.0	0.0003	UNC13A	ENSG00000130477
13877.0	0.0003	IKBKB	ENSG00000104365
13877.0	0.0003	HNRNPDL	ENSG00000152795
13877.0	0.0003	NES	ENSG00000132688
13877.0	0.0003	WSB2	ENSG00000176871
13877.0	0.0003	CFAP52	ENSG00000166596
13877.0	0.0003	H2BC1	ENSG00000146047
13877.0	0.0003	LHX8	ENSG00000162624
13877.0	0.0003	SALL3	ENSG00000256463
13877.0	0.0003	STON1-GTF2A1L	ENSG00000068781
13877.0	0.0003	PEG10	ENSG00000242265
13877.0	0.0003	PCTP	ENSG00000141179
13877.0	0.0003	ZBED1	ENSG00000214717
13877.0	0.0003	NME4	ENSG00000103202
13877.0	0.0003	MAP3K10	ENSG00000130758
13877.0	0.0003	RCOR2	ENSG00000167771
13877.0	0.0003	NME3	ENSG00000103024
13877.0	0.0003	PER3	ENSG00000049246
13877.0	0.0003	WDR88	ENSG00000166359
13877.0	0.0003	NME7	ENSG00000143156
13877.0	0.0003	SYT8	ENSG00000149043
13877.0	0.0003	APOD	ENSG00000189058
13877.0	0.0003	BHLHE41	ENSG00000123095
13877.0	0.0003	NME6	ENSG00000172113
13877.0	0.0003	ROR1	ENSG00000185483
13877.0	0.0003	SORBS3	ENSG00000120896
13877.0	0.0003	IFNAR1	ENSG00000142166
13877.0	0.0003	ANXA7	ENSG00000138279
13877.0	0.0003	DCTPP1	ENSG00000179958
13877.0	0.0003	RRM1	ENSG00000167325
13877.0	0.0003	C19orf25	ENSG00000119559
13877.0	0.0003	RIPK2	ENSG00000104312
13877.0	0.0003	LAMA1	ENSG00000101680
13877.0	0.0003	STAU1	ENSG00000124214
13877.0	0.0003	MYOM1	ENSG00000101605
13877.0	0.0003	RPS16	ENSG00000105193
13877.0	0.0003	MCTS1	ENSG00000232119
13877.0	0.0003	SV2C	ENSG00000122012
13877.0	0.0003	UBA7	ENSG00000182179
13877.0	0.0003	IMPDH2	ENSG00000178035
13877.0	0.0003	PHYHIPL	ENSG00000165443
13877.0	0.0003	DLX3	ENSG00000064195
13877.0	0.0003	MED16	ENSG00000175221
13877.0	0.0003	SH3RF1	ENSG00000154447
13877.0	0.0003	MED14	ENSG00000180182
13877.0	0.0003	CHRM1	ENSG00000168539
13877.0	0.0003	BRAP	ENSG00000089234
13877.0	0.0003	MCU	ENSG00000156026
13877.0	0.0003	GINS3	ENSG00000181938
13877.0	0.0003	MRPS2	ENSG00000122140
13877.0	0.0003	RHBDL2	ENSG00000158315
13877.0	0.0003	MVD	ENSG00000167508
13877.0	0.0003	ELF1	ENSG00000120690
13877.0	0.0003	TRIT1	ENSG00000043514
13877.0	0.0003	PRR20B	ENSG00000204918
13877.0	0.0003	ABCC3	ENSG00000108846
13877.0	0.0003	NEDD9	ENSG00000111859
13877.0	0.0003	PMVK	ENSG00000163344
13877.0	0.0003	PPP1R14A	ENSG00000167641
13877.0	0.0003	ELF2	ENSG00000109381
13877.0	0.0003	BLTP3A	ENSG00000065060
13877.0	0.0003	FSHB	ENSG00000131808
13877.0	0.0003	PHYH	ENSG00000107537
13877.0	0.0003	ELF4	ENSG00000102034
13877.0	0.0003	IL17A	ENSG00000112115
13877.0	0.0003	TRIB3	ENSG00000101255
13877.0	0.0003	MFNG	ENSG00000100060
13877.0	0.0003	IWS1	ENSG00000163166
13877.0	0.0003	GIT2	ENSG00000139436
13877.0	0.0003	SSTR3	ENSG00000183473
13877.0	0.0003	EEF1D	ENSG00000104529
13877.0	0.0003	MRPS9	ENSG00000135972
13877.0	0.0003	HOXA7	ENSG00000122592
13877.0	0.0003	RIPK1	ENSG00000137275
13877.0	0.0003	MARCHF7	ENSG00000136536
13877.0	0.0003	RARRES1	ENSG00000118849
13877.0	0.0003	IMPDH1	ENSG00000106348
13877.0	0.0003	NKX3-1	ENSG00000167034
13877.0	0.0003	POFUT1	ENSG00000101346
13877.0	0.0003	PLEKHM1	ENSG00000225190
13877.0	0.0003	CHAF1A	ENSG00000167670
13877.0	0.0003	ALOX15	ENSG00000161905
13877.0	0.0003	GC	ENSG00000145321
13877.0	0.0003	DRD2	ENSG00000149295
13877.0	0.0003	GRM2	ENSG00000164082
13877.0	0.0003	MED21	ENSG00000152944
13877.0	0.0003	NDUFAB1	ENSG00000004779
13877.0	0.0003	PGK2	ENSG00000170950
13877.0	0.0003	MED29	ENSG00000063322
13877.0	0.0003	NFIL3	ENSG00000165030
13877.0	0.0003	NDUFA13	ENSG00000186010
13877.0	0.0003	GFI1	ENSG00000162676
13877.0	0.0003	SLC36A2	ENSG00000186335
13877.0	0.0003	NAP1L1	ENSG00000187109
13877.0	0.0003	MED18	ENSG00000130772
13877.0	0.0003	PRKCI	ENSG00000163558
13877.0	0.0003	CHL1	ENSG00000134121
13877.0	0.0003	SLC6A3	ENSG00000142319
13877.0	0.0003	MED6	ENSG00000133997
13877.0	0.0003	CCL3	ENSG00000006075
13877.0	0.0003	TCEA1	ENSG00000187735
13877.0	0.0003	NAP1L4	ENSG00000205531
13877.0	0.0003	MLC1	ENSG00000100427
13877.0	0.0003	CCNC	ENSG00000112237
13877.0	0.0003	PDE6B	ENSG00000133256
13877.0	0.0003	NDUFA12	ENSG00000184752
13877.0	0.0003	RAB14	ENSG00000119396
13877.0	0.0003	CCKBR	ENSG00000110148
13877.0	0.0003	RPL13A	ENSG00000142541
13877.0	0.0003	DNAJB7	ENSG00000172404
13877.0	0.0003	TLX1	ENSG00000107807
13877.0	0.0003	PDE6A	ENSG00000132915
13877.0	0.0003	GIT1	ENSG00000108262
13877.0	0.0003	UPRT	ENSG00000094841
13877.0	0.0003	NDUFB8	ENSG00000166136
13877.0	0.0003	SULT2A1	ENSG00000105398
13877.0	0.0003	COX17	ENSG00000138495
13877.0	0.0003	PDZD2	ENSG00000133401
13877.0	0.0003	PDE6H	ENSG00000139053
13877.0	0.0003	SYT4	ENSG00000132872
13877.0	0.0003	SELENOW	ENSG00000178980
13877.0	0.0003	MED26	ENSG00000105085
13877.0	0.0003	TBXAS1	ENSG00000059377
13877.0	0.0003	MED20	ENSG00000124641
13877.0	0.0003	MED30	ENSG00000164758
13877.0	0.0003	MED9	ENSG00000141026
13877.0	0.0003	MAPKAPK3	ENSG00000114738
13877.0	0.0003	PDCD4	ENSG00000150593
13877.0	0.0003	BRD8	ENSG00000112983
13877.0	0.0003	SLC26A4	ENSG00000091137
13877.0	0.0003	GIPC1	ENSG00000123159
13877.0	0.0003	MTA1	ENSG00000182979
13877.0	0.0003	PDE6G	ENSG00000185527
13877.0	0.0003	STUB1	ENSG00000103266
13877.0	0.0003	PGK1	ENSG00000102144
13877.0	0.0003	TRMT2A	ENSG00000099899
13877.0	0.0003	TBX18	ENSG00000112837
13877.0	0.0003	PROC	ENSG00000115718
13877.0	0.0003	MED19	ENSG00000156603
13877.0	0.0003	ABCB1	ENSG00000085563
13877.0	0.0003	UPB1	ENSG00000100024
13877.0	0.0003	PDE6C	ENSG00000095464
13877.0	0.0003	ARTN	ENSG00000117407
13877.0	0.0003	TBX21	ENSG00000073861
13877.0	0.0003	RRM2	ENSG00000171848
13877.0	0.0003	CSF1	ENSG00000184371
13877.0	0.0003	PNPT1	ENSG00000138035
13877.0	0.0003	ABCC2	ENSG00000023839
13877.0	0.0003	DLGAP5	ENSG00000126787
13877.0	0.0003	GRIN2C	ENSG00000161509
13877.0	0.0003	UCK2	ENSG00000143179
13877.0	0.0003	RNF121	ENSG00000137522
13877.0	0.0003	REPIN1	ENSG00000214022
13877.0	0.0003	CYP26C1	ENSG00000187553
13877.0	0.0003	ADPRM	ENSG00000170222
13877.0	0.0003	LIMD1	ENSG00000144791
13877.0	0.0003	DPP3	ENSG00000254986
13877.0	0.0003	PRDX5	ENSG00000126432
13877.0	0.0003	APOC3	ENSG00000110245
13877.0	0.0003	ARID4A	ENSG00000032219
13877.0	0.0003	KCNJ15	ENSG00000157551
13877.0	0.0003	LMO3	ENSG00000048540
13877.0	0.0003	CCNA1	ENSG00000133101
13877.0	0.0003	NUDT5	ENSG00000165609
13877.0	0.0003	MED31	ENSG00000108590
13877.0	0.0003	TSC22D1	ENSG00000102804
13877.0	0.0003	PDE5A	ENSG00000138735
13877.0	0.0003	FGF21	ENSG00000105550
13877.0	0.0003	NDUFB4	ENSG00000065518
13877.0	0.0003	MEPCE	ENSG00000146834
13877.0	0.0003	SLC1A1	ENSG00000106688
13877.0	0.0003	TPI1	ENSG00000111669
13877.0	0.0003	RRM2B	ENSG00000048392
13877.0	0.0003	ESS2	ENSG00000100056
13877.0	0.0003	CEPT1	ENSG00000134255
13877.0	0.0003	ENTHD1	ENSG00000176177
13877.0	0.0003	RASD2	ENSG00000100302
13877.0	0.0003	SF3B3	ENSG00000189091
13877.0	0.0003	ZNF513	ENSG00000163795
13877.0	0.0003	EXD3	ENSG00000187609
13877.0	0.0003	HSD17B3	ENSG00000130948
13877.0	0.0003	RPL12	ENSG00000197958
13877.0	0.0003	RGPD5	ENSG00000015568
13877.0	0.0003	RGPD6	ENSG00000183054
13877.0	0.0003	HSD17B12	ENSG00000149084
13877.0	0.0003	GCM2	ENSG00000124827
13877.0	0.0003	RGPD1	ENSG00000187627
13877.0	0.0003	RGPD8	ENSG00000169629
13877.0	0.0003	MNS1	ENSG00000138587
13877.0	0.0003	TUBB2A	ENSG00000137267
13877.0	0.0003	RGPD3	ENSG00000153165
13877.0	0.0003	H2AC8	ENSG00000168274
13877.0	0.0003	CHST10	ENSG00000115526
13877.0	0.0003	PCOLCE	ENSG00000106333
13877.0	0.0003	NDUFS5	ENSG00000168653
13877.0	0.0003	ELOB	ENSG00000103363
13877.0	0.0003	RCOR3	ENSG00000117625
13877.0	0.0003	NDUFA10	ENSG00000130414
13877.0	0.0003	NDUFA4	ENSG00000189043
13877.0	0.0003	CASP12	ENSG00000204403
13877.0	0.0003	LIMK2	ENSG00000182541
13877.0	0.0003	EXOC3L1	ENSG00000179044
13877.0	0.0003	NUDT9	ENSG00000170502
13877.0	0.0003	DIO2	ENSG00000211448
13877.0	0.0003	MRPL2	ENSG00000112651
13877.0	0.0003	RHBDF2	ENSG00000129667
13877.0	0.0003	GPX1	ENSG00000233276
13877.0	0.0003	EIF2AK2	ENSG00000055332
13877.0	0.0003	MARCHF4	ENSG00000144583
13877.0	0.0003	HDDC3	ENSG00000184508
13877.0	0.0003	MOV10	ENSG00000155363
13877.0	0.0003	PLEKHA1	ENSG00000107679
13877.0	0.0003	MED7	ENSG00000155868
13877.0	0.0003	TTK	ENSG00000112742
13877.0	0.0003	DHRS4L2	ENSG00000187630
13877.0	0.0003	RNF175	ENSG00000145428
13877.0	0.0003	PCOLCE2	ENSG00000163710
13877.0	0.0003	UCKL1	ENSG00000198276
13877.0	0.0003	VAMP8	ENSG00000118640
13877.0	0.0003	CDK20	ENSG00000156345
13877.0	0.0003	MRPL4	ENSG00000105364
13877.0	0.0003	HENMT1	ENSG00000162639
13877.0	0.0003	SLC9A9	ENSG00000181804
13877.0	0.0003	SPRY2	ENSG00000136158
13877.0	0.0003	MALT1	ENSG00000172175
13877.0	0.0003	ZGLP1	ENSG00000220201
13877.0	0.0003	ELL	ENSG00000105656
13877.0	0.0003	MST1R	ENSG00000164078
13877.0	0.0003	DGCR6	ENSG00000183628
13877.0	0.0003	PLK3	ENSG00000173846
13877.0	0.0003	NDUFB2	ENSG00000090266
13877.0	0.0003	NFATC3	ENSG00000072736
13877.0	0.0003	DUSP4	ENSG00000120875
13877.0	0.0003	JADE2	ENSG00000043143
13877.0	0.0003	MRPS10	ENSG00000048544
13877.0	0.0003	COMMD9	ENSG00000110442
13877.0	0.0003	CXCL10	ENSG00000169245
13877.0	0.0003	TXN2	ENSG00000100348
13877.0	0.0003	BIRC7	ENSG00000101197
13877.0	0.0003	GNRH1	ENSG00000147437
13877.0	0.0003	TYRP1	ENSG00000107165
13877.0	0.0003	H2BC3	ENSG00000196226
13877.0	0.0003	GTF2H2	ENSG00000145736
13877.0	0.0003	EREG	ENSG00000124882
13877.0	0.0003	TRADD	ENSG00000102871
13877.0	0.0003	RASL11A	ENSG00000122035
13877.0	0.0003	WSB1	ENSG00000109046
13877.0	0.0003	TRIM44	ENSG00000166326
13877.0	0.0003	MLF1	ENSG00000178053
13877.0	0.0003	SLC39A10	ENSG00000196950
13877.0	0.0003	ELOA	ENSG00000011007
13877.0	0.0003	DDX52	ENSG00000141141
13877.0	0.0003	MPHOSPH8	ENSG00000196199
13877.0	0.0003	RP11-157G21.2	ENSG00000255836
13877.0	0.0003	NUF2	ENSG00000143228
13877.0	0.0003	GCLC	ENSG00000001084
13877.0	0.0003	SNRPB2	ENSG00000125870
13877.0	0.0003	UBE2L6	ENSG00000156587
13877.0	0.0003	NSUN4	ENSG00000117481
13877.0	0.0003	KIFC2	ENSG00000167702
13877.0	0.0003	GGN	ENSG00000179168
13877.0	0.0003	LPGAT1	ENSG00000123684
13877.0	0.0003	RAB27A	ENSG00000069974
13877.0	0.0003	MBD2	ENSG00000134046
13877.0	0.0003	NDUFC1	ENSG00000109390
13877.0	0.0003	TNFRSF1A	ENSG00000067182
13877.0	0.0003	RD3	ENSG00000198570
13877.0	0.0003	CD2BP2	ENSG00000169217
13877.0	0.0003	NDUFA7	ENSG00000167774
13877.0	0.0003	H4C7	ENSG00000124578
13877.0	0.0003	RPL17	ENSG00000265681
13877.0	0.0003	EXOC3L4	ENSG00000205436
13877.0	0.0003	SNUPN	ENSG00000169371
13877.0	0.0003	SERF1A	ENSG00000172058
13877.0	0.0003	PRPF39	ENSG00000185246
13877.0	0.0003	MRPL22	ENSG00000082515
13877.0	0.0003	MRPL1	ENSG00000169288
13877.0	0.0003	EXOC3L2	ENSG00000130201
13877.0	0.0003	TNFAIP2	ENSG00000185215
13877.0	0.0003	MPP7	ENSG00000150054
13877.0	0.0003	HSD17B6	ENSG00000025423
13877.0	0.0003	MPP3	ENSG00000161647
13877.0	0.0003	PENK	ENSG00000181195
13877.0	0.0003	DPEP1	ENSG00000015413
13877.0	0.0003	PLEKHA2	ENSG00000169499
13877.0	0.0003	SEPTIN4	ENSG00000108387
13877.0	0.0003	NFIC	ENSG00000141905
13877.0	0.0003	RPL10A	ENSG00000198755
13877.0	0.0003	TXNIP	ENSG00000117289
13877.0	0.0003	H4C16	ENSG00000197837
13877.0	0.0003	SGCD	ENSG00000170624
13877.0	0.0003	HES5	ENSG00000197921
13877.0	0.0003	CYP2C9	ENSG00000138109
13877.0	0.0003	FABP4	ENSG00000170323
13877.0	0.0003	AQP1	ENSG00000240583
13877.0	0.0003	TICRR	ENSG00000140534
13877.0	0.0003	NDUFA9	ENSG00000139180
13877.0	0.0003	BAAT	ENSG00000136881
13877.0	0.0003	IQGAP1	ENSG00000140575
13877.0	0.0003	AK3	ENSG00000147853
13877.0	0.0003	MT-ND4L	ENSG00000212907
13877.0	0.0003	CYP4A11	ENSG00000187048
13877.0	0.0003	MRPL17	ENSG00000158042
13877.0	0.0003	IL1RL1	ENSG00000115602
13877.0	0.0003	TARS3	ENSG00000185418
13877.0	0.0003	PLK2	ENSG00000145632
13877.0	0.0003	LPAR6	ENSG00000139679
13877.0	0.0003	ESPN	ENSG00000187017
13877.0	0.0003	DDIT4	ENSG00000168209
13877.0	0.0003	CYP2C8	ENSG00000138115
13877.0	0.0003	HAMP	ENSG00000105697
13877.0	0.0003	RPL7	ENSG00000147604
13877.0	0.0003	MRPL11	ENSG00000174547
13877.0	0.0003	CARD11	ENSG00000198286
13877.0	0.0003	RPL17-C18orf32	ENSG00000215472
13877.0	0.0003	CST3	ENSG00000101439
13877.0	0.0003	SERGEF	ENSG00000129158
13877.0	0.0003	MCMDC2	ENSG00000178460
13877.0	0.0003	CTF1	ENSG00000150281
13877.0	0.0003	NDUFV3	ENSG00000160194
13877.0	0.0003	EIF5B	ENSG00000158417
13877.0	0.0003	CYP2S1	ENSG00000167600
13877.0	0.0003	GCLM	ENSG00000023909
13877.0	0.0003	LYAR	ENSG00000145220
13877.0	0.0003	H2AB3	ENSG00000185978
13877.0	0.0003	ABHD5	ENSG00000011198
13877.0	0.0003	H2AC25	ENSG00000181218
13877.0	0.0003	KRT7	ENSG00000135480
13877.0	0.0003	SEC16A	ENSG00000148396
13877.0	0.0003	HOXB8	ENSG00000120068
13877.0	0.0003	GTF2H2C	ENSG00000183474
13877.0	0.0003	FBXO5	ENSG00000112029
13877.0	0.0003	PTGDR2	ENSG00000183134
13877.0	0.0003	IL22	ENSG00000127318
13877.0	0.0003	CYP2C18	ENSG00000108242
13877.0	0.0003	IL33	ENSG00000137033
13877.0	0.0003	H2BC13	ENSG00000185130
13877.0	0.0003	IRAK4	ENSG00000198001
13877.0	0.0003	NRDC	ENSG00000078618
13877.0	0.0003	RPL10L	ENSG00000165496
13877.0	0.0003	CYP3A7	ENSG00000160870
13877.0	0.0003	ASIP	ENSG00000101440
13877.0	0.0003	DCD	ENSG00000161634
13877.0	0.0003	RDH10	ENSG00000121039
13877.0	0.0003	LRP2BP	ENSG00000109771
13877.0	0.0003	MRPS7	ENSG00000125445
13877.0	0.0003	PARP2	ENSG00000129484
13877.0	0.0003	THUMPD2	ENSG00000138050
13877.0	0.0003	IRX1	ENSG00000170549
13877.0	0.0003	ALKBH6	ENSG00000239382
13877.0	0.0003	FZD10	ENSG00000111432
13877.0	0.0003	MRPL16	ENSG00000166902
13877.0	0.0003	H2BC9	ENSG00000197459
13877.0	0.0003	SLC9A7	ENSG00000065923
13877.0	0.0003	CLTRN	ENSG00000147003
13877.0	0.0003	CDV3	ENSG00000091527
13877.0	0.0003	PCMTD1	ENSG00000168300
13877.0	0.0003	MZT1	ENSG00000204899
13877.0	0.0003	SIRT2	ENSG00000068903
13877.0	0.0003	PTGES3	ENSG00000110958
13877.0	0.0003	RAB3C	ENSG00000152932
13877.0	0.0003	CHST7	ENSG00000147119
13877.0	0.0003	MBOAT1	ENSG00000172197
13877.0	0.0003	ANO4	ENSG00000151572
13877.0	0.0003	REST	ENSG00000084093
13877.0	0.0003	H2AB1	ENSG00000198082
13877.0	0.0003	LGI1	ENSG00000108231
13877.0	0.0003	H2AC13	ENSG00000196747
13877.0	0.0003	H2AC16	ENSG00000198374
13877.0	0.0003	H2AC15	ENSG00000184348
13877.0	0.0003	MRPS6	ENSG00000243927
13877.0	0.0003	GIGYF2	ENSG00000204120
13877.0	0.0003	EPC1	ENSG00000120616
13877.0	0.0003	SIRT3	ENSG00000142082
13877.0	0.0003	H2BC10	ENSG00000168242
13877.0	0.0003	H2BC7	ENSG00000197846
13877.0	0.0003	H2BC8	ENSG00000187990
13877.0	0.0003	SERPINE2	ENSG00000135919
13877.0	0.0003	MZT2B	ENSG00000152082
13877.0	0.0003	INO80E	ENSG00000169592
13877.0	0.0003	LRIG3	ENSG00000139263
13877.0	0.0003	H2BC5	ENSG00000158373
13877.0	0.0003	RGMB	ENSG00000174136
13877.0	0.0003	BCAM	ENSG00000187244
13877.0	0.0003	KSR1	ENSG00000141068
13877.0	0.0003	C1D	ENSG00000197223
13877.0	0.0003	APOL6	ENSG00000221963
13877.0	0.0003	PLB1	ENSG00000163803
13877.0	0.0003	ADO	ENSG00000181915
13877.0	0.0003	H2BC6	ENSG00000197697
13877.0	0.0003	EXOG	ENSG00000157036
13877.0	0.0003	TNR	ENSG00000116147
13877.0	0.0003	SNRNP35	ENSG00000184209
13877.0	0.0003	NHERF2	ENSG00000065054
13877.0	0.0003	MINK1	ENSG00000141503
13877.0	0.0003	MED22	ENSG00000148297
13877.0	0.0003	NDUFB1	ENSG00000183648
13877.0	0.0003	LPCAT4	ENSG00000176454
13877.0	0.0003	SLC25A16	ENSG00000122912
13877.0	0.0003	GJD2	ENSG00000159248
13877.0	0.0003	GXYLT1	ENSG00000151233
13877.0	0.0003	TTF1	ENSG00000125482
13877.0	0.0003	UCHL5	ENSG00000116750
13877.0	0.0003	CACNB1	ENSG00000067191
13877.0	0.0003	LRIG2	ENSG00000198799
13877.0	0.0003	SLF1	ENSG00000133302
13877.0	0.0003	CLNS1A	ENSG00000074201
13877.0	0.0003	ANGPTL4	ENSG00000167772
13877.0	0.0003	MBOAT2	ENSG00000143797
13877.0	0.0003	MS4A13	ENSG00000204979
13877.0	0.0003	ZMAT5	ENSG00000100319
13877.0	0.0003	CASR	ENSG00000036828
13877.0	0.0003	CDX1	ENSG00000113722
13877.0	0.0003	CHGB	ENSG00000089199
13877.0	0.0003	ANKRD1	ENSG00000148677
13877.0	0.0003	PAICS	ENSG00000128050
13877.0	0.0003	PTGER3	ENSG00000050628
13877.0	0.0003	OLIG2	ENSG00000205927
13877.0	0.0003	ACTR5	ENSG00000101442
13877.0	0.0003	NEUROG3	ENSG00000122859
13877.0	0.0003	H2AC11	ENSG00000196787
13877.0	0.0003	H2AC17	ENSG00000233224
13877.0	0.0003	RGMA	ENSG00000182175
13877.0	0.0003	H2BC15	ENSG00000233822
13877.0	0.0003	PLAAT3	ENSG00000176485
13877.0	0.0003	TLR2	ENSG00000137462
13877.0	0.0003	SAT1	ENSG00000130066
13877.0	0.0003	TRPC5	ENSG00000072315
13877.0	0.0003	TRIM25	ENSG00000121060
13877.0	0.0003	SGCB	ENSG00000163069
13877.0	0.0003	ATF7IP2	ENSG00000166669
13877.0	0.0003	HOXD11	ENSG00000128713
13877.0	0.0003	CACNB4	ENSG00000182389
13877.0	0.0003	APOL4	ENSG00000100336
13877.0	0.0003	DSTN	ENSG00000125868
13877.0	0.0003	FZD8	ENSG00000177283
13877.0	0.0003	NFRKB	ENSG00000170322
13877.0	0.0003	SOX17	ENSG00000164736
13877.0	0.0003	INO80B	ENSG00000115274
13877.0	0.0003	SLC7A11	ENSG00000151012
13877.0	0.0003	TCL1B	ENSG00000213231
13877.0	0.0003	DNAJC7	ENSG00000168259
13877.0	0.0003	CACNG1	ENSG00000108878
13877.0	0.0003	GYPB	ENSG00000250361
13877.0	0.0003	TIMP2	ENSG00000035862
13877.0	0.0003	MRPS18A	ENSG00000096080
13877.0	0.0003	MRPS18C	ENSG00000163319
13877.0	0.0003	CACNB3	ENSG00000167535
13877.0	0.0003	DRD3	ENSG00000151577
13877.0	0.0003	MAP4K4	ENSG00000071054
13877.0	0.0003	MYL10	ENSG00000106436
13877.0	0.0003	CEBPG	ENSG00000153879
13877.0	0.0003	PLIN1	ENSG00000166819
13877.0	0.0003	PLRG1	ENSG00000171566
13877.0	0.0003	CD47	ENSG00000196776
13877.0	0.0003	JMJD7-PLA2G4B	ENSG00000168970
13877.0	0.0003	CACNB2	ENSG00000165995
13877.0	0.0003	CDS1	ENSG00000163624
13877.0	0.0003	RNPS1	ENSG00000205937
13877.0	0.0003	ANP32E	ENSG00000143401
13877.0	0.0003	RDH8	ENSG00000080511
13877.0	0.0003	FOXK1	ENSG00000164916
13877.0	0.0003	FERMT2	ENSG00000073712
13877.0	0.0003	TLR6	ENSG00000174130
13877.0	0.0003	GAR1	ENSG00000109534
13877.0	0.0003	TAF1D	ENSG00000166012
13877.0	0.0003	KDM5A	ENSG00000073614
13877.0	0.0003	H2BC26	ENSG00000196890
13877.0	0.0003	KRR1	ENSG00000111615
13877.0	0.0003	RASL11B	ENSG00000128045
13877.0	0.0003	ESD	ENSG00000139684
13877.0	0.0003	RDH12	ENSG00000139988
13877.0	0.0003	CACNG6	ENSG00000130433
13877.0	0.0003	SGCE	ENSG00000127990
13877.0	0.0003	RRN3	ENSG00000085721
13877.0	0.0003	ASIC3	ENSG00000213199
13877.0	0.0003	CFL2	ENSG00000165410
13877.0	0.0003	TAF1C	ENSG00000103168
13877.0	0.0003	TAF1B	ENSG00000115750
13877.0	0.0003	TAF1A	ENSG00000143498
13877.0	0.0003	MRPS12	ENSG00000128626
13877.0	0.0003	WTAP	ENSG00000146457
13877.0	0.0003	DKK2	ENSG00000155011
13877.0	0.0003	EMX2	ENSG00000170370
13877.0	0.0003	H2AC1	ENSG00000164508
13877.0	0.0003	WEE2	ENSG00000214102
13877.0	0.0003	MACROH2A2	ENSG00000099284
13877.0	0.0003	ALKBH7	ENSG00000125652
13877.0	0.0003	ANLN	ENSG00000011426
13877.0	0.0003	ACE	ENSG00000159640
13877.0	0.0003	TRDMT1	ENSG00000107614
13877.0	0.0003	PLA2G4D	ENSG00000159337
13877.0	0.0003	CTSB	ENSG00000164733
13877.0	0.0003	TLR1	ENSG00000174125
13877.0	0.0003	TEX28	ENSG00000185254
13877.0	0.0003	AGPAT4	ENSG00000026652
13877.0	0.0003	RDH5	ENSG00000135437
13877.0	0.0003	AGPAT3	ENSG00000160216
13877.0	0.0003	H2AC4	ENSG00000137259
13877.0	0.0003	CD14	ENSG00000170458
13877.0	0.0003	LPCAT1	ENSG00000153395
13877.0	0.0003	LCLAT1	ENSG00000172954
13877.0	0.0003	STRIP1	ENSG00000143093
13877.0	0.0003	WDR3	ENSG00000065183
13877.0	0.0003	OMG	ENSG00000126861
13877.0	0.0003	PLA2G2A	ENSG00000188257
13877.0	0.0003	DNAJB1	ENSG00000132002
13877.0	0.0003	PGAM5	ENSG00000247077
13877.0	0.0003	AGTR1	ENSG00000144891
13877.0	0.0003	SI	ENSG00000090402
13877.0	0.0003	SNRPA	ENSG00000077312
13877.0	0.0003	H2AC6	ENSG00000180573
13877.0	0.0003	FCRLA	ENSG00000132185
13877.0	0.0003	PTDSS2	ENSG00000174915
13877.0	0.0003	LIF	ENSG00000128342
13877.0	0.0003	H2AC18	ENSG00000183558
13877.0	0.0003	SDR16C5	ENSG00000170786
13877.0	0.0003	ATP5MG	ENSG00000167283
13877.0	0.0003	WTIP	ENSG00000142279
13877.0	0.0003	WWP2	ENSG00000198373
13877.0	0.0003	RDH16	ENSG00000139547
13877.0	0.0003	KLF13	ENSG00000169926
13877.0	0.0003	H2BC17	ENSG00000196331
13877.0	0.0003	KHDRBS1	ENSG00000121774
13877.0	0.0003	H2AP	ENSG00000187516
13877.0	0.0003	ASIC1	ENSG00000110881
13877.0	0.0003	H2AC14	ENSG00000182611
13877.0	0.0003	L2HGDH	ENSG00000087299
13877.0	0.0003	IMP3	ENSG00000177971
13877.0	0.0003	NARF	ENSG00000141562
13877.0	0.0003	ALOX15B	ENSG00000179593
13877.0	0.0003	GFAP	ENSG00000131095
13877.0	0.0003	DAOA	ENSG00000182346
13877.0	0.0003	USP20	ENSG00000136878
13877.0	0.0003	H2AC7	ENSG00000196866
13877.0	0.0003	RPL27A	ENSG00000166441
13877.0	0.0003	DHRS9	ENSG00000073737
13877.0	0.0003	DAPK1	ENSG00000196730
13877.0	0.0003	PLA2G2F	ENSG00000158786
13877.0	0.0003	LPCAT2	ENSG00000087253
13877.0	0.0003	FHL2	ENSG00000115641
13877.0	0.0003	PRL	ENSG00000172179
13877.0	0.0003	H4C12	ENSG00000197914
13877.0	0.0003	PDZRN3	ENSG00000121440
13877.0	0.0003	SGCZ	ENSG00000185053
13877.0	0.0003	HEATR1	ENSG00000119285
13877.0	0.0003	EARS2	ENSG00000103356
13877.0	0.0003	ARHGAP44	ENSG00000006740
13877.0	0.0003	H2AJ	ENSG00000246705
13877.0	0.0003	TAL2	ENSG00000186051
13877.0	0.0003	LPIN1	ENSG00000134324
13877.0	0.0003	ANPEP	ENSG00000166825
13877.0	0.0003	PLA2G5	ENSG00000127472
13877.0	0.0003	UTP15	ENSG00000164338
13877.0	0.0003	H4C1	ENSG00000196176
13877.0	0.0003	H4C15	ENSG00000182217
13877.0	0.0003	MRPL15	ENSG00000137547
13877.0	0.0003	PPP1R1A	ENSG00000135447
13877.0	0.0003	H4C2	ENSG00000124529
13877.0	0.0003	USHBP1	ENSG00000130307
13877.0	0.0003	PRLHR	ENSG00000119973
13877.0	0.0003	CSDE1	ENSG00000009307
13877.0	0.0003	SSPN	ENSG00000123096
13877.0	0.0003	MBD3L2	ENSG00000230522
13877.0	0.0003	SLC12A3	ENSG00000070915
13877.0	0.0003	H4C14	ENSG00000183941
13877.0	0.0003	BLOC1S2	ENSG00000196072
13877.0	0.0003	MPHOSPH10	ENSG00000124383
13877.0	0.0003	TPTE	ENSG00000166157
13877.0	0.0003	VPS37B	ENSG00000139722
13877.0	0.0003	PLA2G4F	ENSG00000168907
13877.0	0.0003	PLA2G4C	ENSG00000105499
13877.0	0.0003	PLA2G4E	ENSG00000188089
13877.0	0.0003	H4C6	ENSG00000198327
13877.0	0.0003	CACNA2D2	ENSG00000007402
13877.0	0.0003	IPO7	ENSG00000205339
13877.0	0.0003	TRA2B	ENSG00000136527
13877.0	0.0003	NDUFAF6	ENSG00000156170
13877.0	0.0003	RBFOX3	ENSG00000167281
13877.0	0.0003	TPTE2	ENSG00000132958
13877.0	0.0003	PLA2G10	ENSG00000069764
13877.0	0.0003	HIP1R	ENSG00000130787
13877.0	0.0003	WDR77	ENSG00000116455
13877.0	0.0003	FAT2	ENSG00000086570
13877.0	0.0003	DAB2	ENSG00000153071
13877.0	0.0003	CDC25B	ENSG00000101224
13877.0	0.0003	PPARGC1B	ENSG00000155846
13877.0	0.0003	SRSF4	ENSG00000116350
13877.0	0.0003	BABAM1	ENSG00000105393
13877.0	0.0003	EMX1	ENSG00000135638
13877.0	0.0003	SRSF1	ENSG00000136450
13877.0	0.0003	AKIRIN2	ENSG00000135334
13877.0	0.0003	IER5	ENSG00000162783
13877.0	0.0003	PLA2G12A	ENSG00000123739
13877.0	0.0003	APCDD1	ENSG00000154856
13877.0	0.0003	DNAJA3	ENSG00000103423
13877.0	0.0003	CACNA2D3	ENSG00000157445
13877.0	0.0003	PLA2G1B	ENSG00000170890
13877.0	0.0003	KSR2	ENSG00000171435
13877.0	0.0003	DGKG	ENSG00000058866
13877.0	0.0003	DGKA	ENSG00000065357
13877.0	0.0003	PLA2G3	ENSG00000100078
13877.0	0.0003	NXF1	ENSG00000162231
13877.0	0.0003	ENG	ENSG00000106991
13877.0	0.0003	HS3ST6	ENSG00000162040
13877.0	0.0003	ZFYVE9	ENSG00000157077
13877.0	0.0003	EDEM1	ENSG00000134109
13877.0	0.0003	DKK3	ENSG00000050165
13877.0	0.0003	IL2RB	ENSG00000100385
13877.0	0.0003	IL2RG	ENSG00000147168
13877.0	0.0003	WDR46	ENSG00000227057
13877.0	0.0003	HOXD4	ENSG00000170166
13877.0	0.0003	MMP16	ENSG00000156103
13877.0	0.0003	CAMTA2	ENSG00000108509
13877.0	0.0003	PLA2G12B	ENSG00000138308
13877.0	0.0003	OLFM1	ENSG00000130558
13877.0	0.0003	EPC2	ENSG00000135999
13877.0	0.0003	IRAK1	ENSG00000184216
13877.0	0.0003	XPOT	ENSG00000184575
13877.0	0.0003	BMP8B	ENSG00000116985
13877.0	0.0003	HOXB13	ENSG00000159184
13877.0	0.0003	GAB2	ENSG00000033327
13877.0	0.0003	CLTCL1	ENSG00000070371
13877.0	0.0003	COX6C	ENSG00000164919
13877.0	0.0003	LPIN3	ENSG00000132793
13877.0	0.0003	UTP6	ENSG00000108651
13877.0	0.0003	DGKI	ENSG00000157680
13877.0	0.0003	DGKZ	ENSG00000149091
13877.0	0.0003	MMP19	ENSG00000123342
13877.0	0.0003	DGKQ	ENSG00000145214
13877.0	0.0003	RTN4R	ENSG00000040608
13877.0	0.0003	CSNK1G2	ENSG00000133275
13877.0	0.0003	PLA2G2E	ENSG00000188784
13877.0	0.0003	PLA2G2C	ENSG00000187980
13877.0	0.0003	DGKE	ENSG00000153933
13877.0	0.0003	NHLH1	ENSG00000171786
13877.0	0.0003	CFL1	ENSG00000172757
13877.0	0.0003	MMP8	ENSG00000118113
13877.0	0.0003	SGK3	ENSG00000104205
13877.0	0.0003	RAB40AL	ENSG00000102128
13877.0	0.0003	LANCL1	ENSG00000115365
13877.0	0.0003	CLTB	ENSG00000175416
13877.0	0.0003	PRPF40B	ENSG00000110844
13877.0	0.0003	THRAP3	ENSG00000054118
13877.0	0.0003	EEF2K	ENSG00000103319
13877.0	0.0003	HS3ST3B1	ENSG00000125430
13877.0	0.0003	SMARCAL1	ENSG00000138375
13877.0	0.0003	ASIC2	ENSG00000108684
13877.0	0.0003	VPS37A	ENSG00000155975
13877.0	0.0003	ZNF14	ENSG00000105708
13877.0	0.0003	IL11	ENSG00000095752
13877.0	0.0003	CCL11	ENSG00000172156
13877.0	0.0003	INSC	ENSG00000188487
13877.0	0.0003	CACNA1G	ENSG00000006283
13877.0	0.0003	LUC7L2	ENSG00000269955
13877.0	0.0003	H2BC18	ENSG00000203814
13877.0	0.0003	HS3ST1	ENSG00000002587
13877.0	0.0003	H2BW1	ENSG00000123569
13877.0	0.0003	SERBP1	ENSG00000142864
13877.0	0.0003	SRP68	ENSG00000167881
13877.0	0.0003	PRR19	ENSG00000188368
13877.0	0.0003	CEP97	ENSG00000182504
13877.0	0.0003	UHRF2	ENSG00000147854
13877.0	0.0003	H2AC12	ENSG00000184825
13877.0	0.0003	NRL	ENSG00000129535
13877.0	0.0003	POP7	ENSG00000172336
13877.0	0.0003	DGKH	ENSG00000102780
13877.0	0.0003	FAT1	ENSG00000083857
13877.0	0.0003	DGKD	ENSG00000077044
13877.0	0.0003	GDF9	ENSG00000164404
13877.0	0.0003	FAT3	ENSG00000165323
13877.0	0.0003	WIF1	ENSG00000156076
13877.0	0.0003	MCMBP	ENSG00000197771
13877.0	0.0003	PRKN	ENSG00000185345
13877.0	0.0003	SOSTDC1	ENSG00000171243
13877.0	0.0003	SLC4A1	ENSG00000004939
13877.0	0.0003	VPS37C	ENSG00000167987
13877.0	0.0003	SCNN1D	ENSG00000162572
13877.0	0.0003	ZNF408	ENSG00000175213
13877.0	0.0003	GNG5	ENSG00000174021
13877.0	0.0003	HS3ST5	ENSG00000249853
13877.0	0.0003	KLF1	ENSG00000105610
13877.0	0.0003	HS3ST2	ENSG00000122254
13877.0	0.0003	GNG3	ENSG00000162188
13877.0	0.0003	CHRDL1	ENSG00000101938
13877.0	0.0003	MRPL39	ENSG00000154719
13877.0	0.0003	RAB8B	ENSG00000166128
13877.0	0.0003	LLGL1	ENSG00000131899
13877.0	0.0003	WDR31	ENSG00000148225
13877.0	0.0003	HIVEP1	ENSG00000095951
13877.0	0.0003	HOXB2	ENSG00000173917
13877.0	0.0003	GNG4	ENSG00000168243
13877.0	0.0003	ZBTB16	ENSG00000109906
13877.0	0.0003	CHMP7	ENSG00000147457
13877.0	0.0003	GNG7	ENSG00000176533
13877.0	0.0003	HJURP	ENSG00000123485
13877.0	0.0003	PPAN	ENSG00000130810
13877.0	0.0003	OR2AG1	ENSG00000170803
13877.0	0.0003	LRP1	ENSG00000123384
13877.0	0.0003	DDX39A	ENSG00000123136
13877.0	0.0003	CPSF2	ENSG00000165934
13877.0	0.0003	MPRIP	ENSG00000133030
13877.0	0.0003	ICAM4	ENSG00000105371
13877.0	0.0003	SRSF3	ENSG00000112081
13877.0	0.0003	NUMA1	ENSG00000137497
13877.0	0.0003	SRRM1	ENSG00000133226
13877.0	0.0003	DBF4B	ENSG00000161692
13877.0	0.0003	CPSF3	ENSG00000119203
13877.0	0.0003	SRSF7	ENSG00000115875
13877.0	0.0003	SGK2	ENSG00000101049
13877.0	0.0003	RPF1	ENSG00000117133
13877.0	0.0003	MSH4	ENSG00000057468
13877.0	0.0003	NFATC2	ENSG00000101096
13877.0	0.0003	CDY2B	ENSG00000129873
13877.0	0.0003	RCL1	ENSG00000120158
13877.0	0.0003	NFX1	ENSG00000086102
13877.0	0.0003	ATP10A	ENSG00000206190
13877.0	0.0003	ZC3H13	ENSG00000123200
13877.0	0.0003	PPP1R15A	ENSG00000087074
13877.0	0.0003	BAK1	ENSG00000030110
13877.0	0.0003	UTP20	ENSG00000120800
13877.0	0.0003	CHST1	ENSG00000175264
13877.0	0.0003	BTC	ENSG00000174808
13877.0	0.0003	SRP72	ENSG00000174780
13877.0	0.0003	HS3ST3A1	ENSG00000153976
13877.0	0.0003	TIPIN	ENSG00000075131
13877.0	0.0003	MZT2A	ENSG00000173272
13877.0	0.0003	SEM1	ENSG00000127922
13877.0	0.0003	DUSP7	ENSG00000164086
13877.0	0.0003	PTPRR	ENSG00000153233
13877.0	0.0003	NUDC	ENSG00000090273
13877.0	0.0003	RCC2	ENSG00000179051
13877.0	0.0003	DDX54	ENSG00000123064
13877.0	0.0003	RGS9BP	ENSG00000186326
13877.0	0.0003	DRD1	ENSG00000184845
13877.0	0.0003	PHAX	ENSG00000164902
13877.0	0.0003	CACNA1H	ENSG00000196557
13877.0	0.0003	CDY2A	ENSG00000182415
13877.0	0.0003	SRP14	ENSG00000140319
13877.0	0.0003	ZWILCH	ENSG00000174442
13877.0	0.0003	CFLAR	ENSG00000003402
13877.0	0.0003	PODXL	ENSG00000128567
13877.0	0.0003	RGS9	ENSG00000108370
13877.0	0.0003	BMP8A	ENSG00000183682
13877.0	0.0003	RAB15	ENSG00000139998
13877.0	0.0003	TFEB	ENSG00000112561
13877.0	0.0003	HOXD10	ENSG00000128710
13877.0	0.0003	UPF3A	ENSG00000169062
13877.0	0.0003	GAS7	ENSG00000007237
13877.0	0.0003	HPSE2	ENSG00000172987
13877.0	0.0003	H1-1	ENSG00000124610
13877.0	0.0003	SRP19	ENSG00000153037
13877.0	0.0003	SFRP4	ENSG00000106483
13877.0	0.0003	ACAP1	ENSG00000072818
13877.0	0.0003	XPO4	ENSG00000132953
13877.0	0.0003	GDF7	ENSG00000143869
13877.0	0.0003	TIMP4	ENSG00000157150
13877.0	0.0003	TEX15	ENSG00000133863
13877.0	0.0003	TFAP4	ENSG00000090447
13877.0	0.0003	CHDH	ENSG00000016391
13877.0	0.0003	TXNL4B	ENSG00000140830
13877.0	0.0003	HDC	ENSG00000140287
13877.0	0.0003	NSL1	ENSG00000117697
13877.0	0.0003	ADHFE1	ENSG00000147576
13877.0	0.0003	LCAT	ENSG00000213398
13877.0	0.0003	USP51	ENSG00000247746
13877.0	0.0003	RPS6KA6	ENSG00000072133
13877.0	0.0003	GRHPR	ENSG00000137106
13877.0	0.0003	GLO1	ENSG00000124767
13877.0	0.0003	VASN	ENSG00000168140
13877.0	0.0003	EMSY	ENSG00000158636
13877.0	0.0003	SLC12A1	ENSG00000074803
13877.0	0.0003	CENPC	ENSG00000145241
13877.0	0.0003	KRI1	ENSG00000129347
13877.0	0.0003	ZW10	ENSG00000086827
13877.0	0.0003	ERCC6L	ENSG00000186871
13877.0	0.0003	RAB40C	ENSG00000197562
13877.0	0.0003	DNAJC8	ENSG00000126698
13877.0	0.0003	CENPI	ENSG00000102384
13877.0	0.0003	RASEF	ENSG00000165105
13877.0	0.0003	TMX1	ENSG00000139921
13877.0	0.0003	RAB40B	ENSG00000141542
13877.0	0.0003	RAB12	ENSG00000206418
13877.0	0.0003	MAP3K8	ENSG00000107968
13877.0	0.0003	PDXDC1	ENSG00000179889
13877.0	0.0003	CENPH	ENSG00000153044
13877.0	0.0003	RAB28	ENSG00000157869
13877.0	0.0003	RAB40A	ENSG00000172476
13877.0	0.0003	CENPU	ENSG00000151725
13877.0	0.0003	PPFIA1	ENSG00000131626
13877.0	0.0003	SMTNL1	ENSG00000214872
13877.0	0.0003	CENPO	ENSG00000138092
13877.0	0.0003	GGA2	ENSG00000103365
13877.0	0.0003	CENPP	ENSG00000188312
13877.0	0.0003	SMG6	ENSG00000070366
13877.0	0.0003	ARC	ENSG00000198576
13877.0	0.0003	PROM1	ENSG00000007062
13877.0	0.0003	CENPQ	ENSG00000031691
13877.0	0.0003	SMG5	ENSG00000198952
13877.0	0.0003	CENPT	ENSG00000102901
13877.0	0.0003	SOX15	ENSG00000129194
13877.0	0.0003	APOH	ENSG00000091583
13877.0	0.0003	CIMAP3	ENSG00000173947
13877.0	0.0003	DSN1	ENSG00000149636
13877.0	0.0003	SPC24	ENSG00000161888
13877.0	0.0003	SOX12	ENSG00000177732
13877.0	0.0003	RBM15B	ENSG00000179837
13877.0	0.0003	ESF1	ENSG00000089048
13877.0	0.0003	CENPL	ENSG00000120334
13877.0	0.0003	AMN	ENSG00000166126
13877.0	0.0003	CENPM	ENSG00000100162
13877.0	0.0003	SKA2	ENSG00000182628
13877.0	0.0003	NDEL1	ENSG00000166579
13877.0	0.0003	KIF2A	ENSG00000068796
13877.0	0.0003	HABP4	ENSG00000130956
13877.0	0.0003	KIF2B	ENSG00000141200
13877.0	0.0003	SPDL1	ENSG00000040275
13877.0	0.0003	SMG7	ENSG00000116698
13877.0	0.0003	SPRY1	ENSG00000164056
13877.0	0.0003	PPFIA3	ENSG00000177380
13877.0	0.0003	FASLG	ENSG00000117560
13877.0	0.0003	BASP1	ENSG00000176788
13877.0	0.0003	CDY1B	ENSG00000172352
13877.0	0.0003	TPH1	ENSG00000129167
13877.0	0.0003	FOXK2	ENSG00000141568
13877.0	0.0003	CACNA1F	ENSG00000102001
13877.0	0.0003	ETV4	ENSG00000175832
13877.0	0.0003	KAT7	ENSG00000136504
13877.0	0.0003	SCMH1	ENSG00000010803
13877.0	0.0003	SFRP2	ENSG00000145423
13877.0	0.0003	ZKSCAN4	ENSG00000187626
13877.0	0.0003	ADGRA2	ENSG00000020181
13877.0	0.0003	CXXC5	ENSG00000171604
13877.0	0.0003	RPL19	ENSG00000108298
13877.0	0.0003	EIF2A	ENSG00000144895
13877.0	0.0003	RPL23	ENSG00000125691
13877.0	0.0003	BARX1	ENSG00000131668
13877.0	0.0003	RPL26L1	ENSG00000037241
13877.0	0.0003	RPS8	ENSG00000142937
13877.0	0.0003	RPL32	ENSG00000144713
13877.0	0.0003	MAP3K4	ENSG00000085511
13877.0	0.0003	RPL18A	ENSG00000105640
13877.0	0.0003	CBLN1	ENSG00000102924
13877.0	0.0003	RAB25	ENSG00000132698
13877.0	0.0003	RPL13	ENSG00000167526
13877.0	0.0003	RPL21	ENSG00000122026
13877.0	0.0003	THBS3	ENSG00000169231
13877.0	0.0003	RPL30	ENSG00000156482
13877.0	0.0003	RPS4X	ENSG00000198034
13877.0	0.0003	APBB1	ENSG00000166313
13877.0	0.0003	FAU	ENSG00000149806
13877.0	0.0003	RNPC3	ENSG00000185946
13877.0	0.0003	RPL37A	ENSG00000197756
13877.0	0.0003	RPL24	ENSG00000114391
13877.0	0.0003	ANO6	ENSG00000177119
13877.0	0.0003	RPS4Y1	ENSG00000129824
13877.0	0.0003	COMP	ENSG00000105664
13877.0	0.0003	RPL36	ENSG00000130255
13877.0	0.0003	RPL29	ENSG00000162244
13877.0	0.0003	RPS21	ENSG00000171858
13877.0	0.0003	RPL6	ENSG00000089009
13877.0	0.0003	UTP18	ENSG00000011260
13877.0	0.0003	RPL39	ENSG00000198918
13877.0	0.0003	RPLP2	ENSG00000177600
13877.0	0.0003	RPS12	ENSG00000112306
13877.0	0.0003	LUC7L3	ENSG00000108848
13877.0	0.0003	RPL22	ENSG00000116251
13877.0	0.0003	RPL28	ENSG00000108107
13877.0	0.0003	RPLP1	ENSG00000137818
13877.0	0.0003	MTIF2	ENSG00000085760
13877.0	0.0003	GNAT1	ENSG00000114349
13877.0	0.0003	H1-5	ENSG00000184357
13877.0	0.0003	GAK	ENSG00000178950
13877.0	0.0003	KIF4A	ENSG00000090889
13877.0	0.0003	ATOH1	ENSG00000172238
13877.0	0.0003	GCKR	ENSG00000084734
13877.0	0.0003	KIF27	ENSG00000165115
13877.0	0.0003	SNTG1	ENSG00000147481
13877.0	0.0003	CDY1	ENSG00000172288
13877.0	0.0003	PRDM6	ENSG00000061455
13877.0	0.0003	KCNK3	ENSG00000171303
13877.0	0.0003	PPFIA2	ENSG00000139220
13877.0	0.0003	SNTG2	ENSG00000172554
13877.0	0.0003	FABP7	ENSG00000164434
13877.0	0.0003	HEXIM2	ENSG00000168517
13877.0	0.0003	ZNF521	ENSG00000198795
13877.0	0.0003	SCAMP2	ENSG00000140497
13877.0	0.0003	FPGS	ENSG00000136877
13877.0	0.0003	HSPD1	ENSG00000144381
13877.0	0.0003	NID2	ENSG00000087303
13877.0	0.0003	CA1	ENSG00000133742
13877.0	0.0003	RYBP	ENSG00000163602
13877.0	0.0003	LYL1	ENSG00000104903
13877.0	0.0003	GRIK1	ENSG00000171189
13877.0	0.0003	GNAT2	ENSG00000134183
13877.0	0.0003	RRP1	ENSG00000160214
13877.0	0.0003	CMTR2	ENSG00000180917
13877.0	0.0003	KIF24	ENSG00000186638
13877.0	0.0003	RTCA	ENSG00000137996
13877.0	0.0003	CORIN	ENSG00000145244
13877.0	0.0003	TNKS	ENSG00000173273
13877.0	0.0003	RRP1B	ENSG00000160208
13877.0	0.0003	KIF4B	ENSG00000226650
13877.0	0.0003	NDFIP2	ENSG00000102471
13877.0	0.0003	NUAK2	ENSG00000163545
13877.0	0.0003	NPHS2	ENSG00000116218
13877.0	0.0003	IRAG1	ENSG00000072952
13877.0	0.0003	RGS6	ENSG00000182732
13877.0	0.0003	DTNB	ENSG00000138101
13877.0	0.0003	TUBD1	ENSG00000108423
13877.0	0.0003	TDRD3	ENSG00000083544
13877.0	0.0003	RGS11	ENSG00000076344
13877.0	0.0003	CASC3	ENSG00000108349
13877.0	0.0003	CMTM5	ENSG00000166091
13877.0	0.0003	EEFSEC	ENSG00000132394
13877.0	0.0003	SLC12A7	ENSG00000113504
13877.0	0.0003	PEA15	ENSG00000162734
13877.0	0.0003	BFAR	ENSG00000103429
13877.0	0.0003	BRD7	ENSG00000166164
13877.0	0.0003	TRAF3IP2	ENSG00000056972
13877.0	0.0003	SGSM3	ENSG00000100359
13877.0	0.0003	GCGR	ENSG00000215644
13877.0	0.0003	YAF2	ENSG00000015153
13877.0	0.0003	ADGRE5	ENSG00000123146
13877.0	0.0003	SFRP5	ENSG00000120057
13877.0	0.0003	SMTN	ENSG00000183963
13877.0	0.0003	ATF1	ENSG00000123268
13877.0	0.0003	NEURL4	ENSG00000215041
13877.0	0.0003	PPFIA4	ENSG00000143847
13877.0	0.0003	PPP1R1B	ENSG00000131771
13877.0	0.0003	WDR59	ENSG00000103091
13877.0	0.0003	ASL	ENSG00000126522
13877.0	0.0003	TREH	ENSG00000118094
13877.0	0.0003	AP4S1	ENSG00000100478
13877.0	0.0003	RGS7BP	ENSG00000186479
13877.0	0.0003	TOP1MT	ENSG00000184428
13877.0	0.0003	FIS1	ENSG00000214253
13877.0	0.0003	ITSN2	ENSG00000198399
13877.0	0.0003	PTTG1	ENSG00000164611
13877.0	0.0003	FBXO43	ENSG00000156509
13877.0	0.0003	GCDH	ENSG00000105607
13877.0	0.0003	FCHO2	ENSG00000157107
13877.0	0.0003	PLCB3	ENSG00000149782
13877.0	0.0003	PARD3B	ENSG00000116117
13877.0	0.0003	FCHO1	ENSG00000130475
13877.0	0.0003	OASL	ENSG00000135114
13877.0	0.0003	OAS2	ENSG00000111335
13877.0	0.0003	OAS3	ENSG00000111331
13877.0	0.0003	TBC1D4	ENSG00000136111
13877.0	0.0003	PKN1	ENSG00000123143
13877.0	0.0003	SYNPO	ENSG00000171992
13877.0	0.0003	MEA1	ENSG00000124733
13877.0	0.0003	PLCB2	ENSG00000137841
13877.0	0.0003	CPN2	ENSG00000178772
13877.0	0.0003	USP11	ENSG00000102226
13877.0	0.0003	ATF7	ENSG00000170653
13877.0	0.0003	LGALS1	ENSG00000100097
13877.0	0.0003	TSEN15	ENSG00000198860
13877.0	0.0003	PI16	ENSG00000164530
13877.0	0.0003	GNG13	ENSG00000127588
13877.0	0.0003	MTIF3	ENSG00000122033
13877.0	0.0003	ZFAND4	ENSG00000172671
13877.0	0.0003	AHSP	ENSG00000169877
13877.0	0.0003	POLG2	ENSG00000256525
13877.0	0.0003	RPP25	ENSG00000178718
13877.0	0.0003	MRPL20	ENSG00000242485
13877.0	0.0003	MCM3AP	ENSG00000160294
13877.0	0.0003	TNFAIP8	ENSG00000145779
13877.0	0.0003	ADGRE2	ENSG00000127507
13877.0	0.0003	NDFIP1	ENSG00000131507
13877.0	0.0003	CYSTM1	ENSG00000120306
13877.0	0.0003	SFMBT1	ENSG00000163935
13877.0	0.0003	MRPS11	ENSG00000181991
13877.0	0.0003	SPOCK3	ENSG00000196104
13877.0	0.0003	UBL4B	ENSG00000186150
13877.0	0.0003	PTPRZ1	ENSG00000106278
13877.0	0.0003	MRPS14	ENSG00000120333
13877.0	0.0003	AMER2	ENSG00000165566
13877.0	0.0003	SEPTIN7	ENSG00000122545
13877.0	0.0003	PPAT	ENSG00000128059
13877.0	0.0003	AKAP8	ENSG00000105127
13877.0	0.0003	ABCB10	ENSG00000135776
13877.0	0.0003	POSTN	ENSG00000133110
13877.0	0.0003	NKD1	ENSG00000140807
13877.0	0.0003	MGAM	ENSG00000257335
13877.0	0.0003	TUBB6	ENSG00000176014
13877.0	0.0003	BRF2	ENSG00000104221
13877.0	0.0003	GUCY1A1	ENSG00000164116
13877.0	0.0003	KLHDC3	ENSG00000124702
13877.0	0.0003	GUCY1A2	ENSG00000152402
13877.0	0.0003	TUBB2B	ENSG00000137285
13877.0	0.0003	TUBB1	ENSG00000101162
13877.0	0.0003	SMYD3	ENSG00000185420
13877.0	0.0003	MAZ	ENSG00000103495
13877.0	0.0003	CDH4	ENSG00000179242
13877.0	0.0003	RGS2	ENSG00000116741
13877.0	0.0003	GUCY1B1	ENSG00000061918
13877.0	0.0003	H1-10	ENSG00000184897
13877.0	0.0003	TGFB1I1	ENSG00000140682
13877.0	0.0003	PIM1	ENSG00000137193
13877.0	0.0003	ARIH1	ENSG00000166233
13877.0	0.0003	CNN2	ENSG00000064666
13877.0	0.0003	AGR2	ENSG00000106541
13877.0	0.0003	RMI2	ENSG00000175643
13877.0	0.0003	SYTL3	ENSG00000164674
13877.0	0.0003	OTOA	ENSG00000155719
13877.0	0.0003	SLC9A1	ENSG00000090020
13877.0	0.0003	RB1CC1	ENSG00000023287
13877.0	0.0003	JUND	ENSG00000130522
13877.0	0.0003	MTSS1	ENSG00000170873
13877.0	0.0003	BNIP3L	ENSG00000104765
13877.0	0.0003	TOM1L1	ENSG00000141198
13877.0	0.0003	CDCP1	ENSG00000163814
13877.0	0.0003	CCL4	ENSG00000129277
13877.0	0.0003	PFKFB1	ENSG00000158571
13877.0	0.0003	ENTPD4	ENSG00000197217
13877.0	0.0003	SLC7A9	ENSG00000021488
13877.0	0.0003	RPL7L1	ENSG00000146223
13877.0	0.0003	H1-8	ENSG00000178804
13877.0	0.0003	CRH	ENSG00000147571
13877.0	0.0003	TUBA3E	ENSG00000152086
13877.0	0.0003	MYBPH	ENSG00000133055
13877.0	0.0003	GNA15	ENSG00000060558
13877.0	0.0003	SEC61B	ENSG00000106803
13877.0	0.0003	NANOS1	ENSG00000188613
13877.0	0.0003	GKAP1	ENSG00000165113
13877.0	0.0003	CES5A	ENSG00000159398
13877.0	0.0003	FEM1B	ENSG00000169018
13877.0	0.0003	ENTPD6	ENSG00000197586
13877.0	0.0003	ENTPD5	ENSG00000187097
13877.0	0.0003	EIF4B	ENSG00000063046
13877.0	0.0003	EN1	ENSG00000163064
13877.0	0.0003	SIRT7	ENSG00000187531
13877.0	0.0003	TNFSF10	ENSG00000121858
13877.0	0.0003	GNRHR	ENSG00000109163
13877.0	0.0003	CRIP2	ENSG00000182809
13877.0	0.0003	CDC25C	ENSG00000158402
13877.0	0.0003	GNAI2	ENSG00000114353
13877.0	0.0003	CD82	ENSG00000085117
13877.0	0.0003	ADRM1	ENSG00000130706
13877.0	0.0003	RHO	ENSG00000163914
13877.0	0.0003	ZDHHC13	ENSG00000177054
13877.0	0.0003	ANO5	ENSG00000171714
13877.0	0.0003	RECQL5	ENSG00000108469
13877.0	0.0003	SALL2	ENSG00000165821
13877.0	0.0003	ATP5MF	ENSG00000241468
13877.0	0.0003	HERC5	ENSG00000138646
13877.0	0.0003	TCP1	ENSG00000120438
13877.0	0.0003	SIRT5	ENSG00000124523
13877.0	0.0003	TYMP	ENSG00000025708
13877.0	0.0003	NOP9	ENSG00000196943
13877.0	0.0003	COX4I1	ENSG00000131143
13877.0	0.0003	TUBA3D	ENSG00000075886
13877.0	0.0003	BRMS1L	ENSG00000100916
13877.0	0.0003	RAB2B	ENSG00000129472
13877.0	0.0003	CEBPZ	ENSG00000115816
13877.0	0.0003	RBL1	ENSG00000080839
13877.0	0.0003	CMSS1	ENSG00000184220
13877.0	0.0003	LRRFIP1	ENSG00000124831
13877.0	0.0003	EHD2	ENSG00000024422
13877.0	0.0003	NACC1	ENSG00000160877
13877.0	0.0003	SLC39A13	ENSG00000165915
13877.0	0.0003	CCT7	ENSG00000135624
13877.0	0.0003	STK38L	ENSG00000211455
13877.0	0.0003	PRMT6	ENSG00000198890
13877.0	0.0003	PRMT1	ENSG00000126457
13877.0	0.0003	MRPL12	ENSG00000262814
13877.0	0.0003	BRMS1	ENSG00000174744
13877.0	0.0003	SPRR1B	ENSG00000169469
13877.0	0.0003	PHOX2B	ENSG00000109132
13877.0	0.0003	CMPK2	ENSG00000134326
13877.0	0.0003	DMRT1	ENSG00000137090
13877.0	0.0003	PPP1R17	ENSG00000106341
13877.0	0.0003	ATP5ME	ENSG00000169020
13877.0	0.0003	ELF3	ENSG00000163435
13877.0	0.0003	SNAPC3	ENSG00000164975
13877.0	0.0003	GNAZ	ENSG00000128266
13877.0	0.0003	HOXD12	ENSG00000170178
13877.0	0.0003	CHCT1	ENSG00000141371
13877.0	0.0003	DYNLT4	ENSG00000188396
13877.0	0.0003	SSR3	ENSG00000114850
13877.0	0.0003	CSNK1A1L	ENSG00000180138
13877.0	0.0003	MRPL57	ENSG00000173141
13877.0	0.0003	UPP2	ENSG00000007001
13877.0	0.0003	CHRM2	ENSG00000181072
13877.0	0.0003	CAV2	ENSG00000105971
13877.0	0.0003	LMTK2	ENSG00000164715
13877.0	0.0003	GCC1	ENSG00000179562
13877.0	0.0003	GUCY2D	ENSG00000132518
13877.0	0.0003	FOXS1	ENSG00000179772
13877.0	0.0003	KCNU1	ENSG00000215262
13877.0	0.0003	TSPAN3	ENSG00000140391
13877.0	0.0003	SLC7A8	ENSG00000092068
13877.0	0.0003	DAPK3	ENSG00000167657
13877.0	0.0003	EN2	ENSG00000164778
13877.0	0.0003	DAPP1	ENSG00000070190
13877.0	0.0003	GNA14	ENSG00000156049
13877.0	0.0003	MGAT5B	ENSG00000167889
13877.0	0.0003	IL18	ENSG00000150782
13877.0	0.0003	FCER2	ENSG00000104921
13877.0	0.0003	HMGB2	ENSG00000164104
13877.0	0.0003	WBP2	ENSG00000132471
13877.0	0.0003	GDF15	ENSG00000130513
13877.0	0.0003	BORCS8-MEF2B	ENSG00000064489
13877.0	0.0003	GNGT2	ENSG00000167083
13877.0	0.0003	LAMB4	ENSG00000091128
13877.0	0.0003	GTF3C1	ENSG00000077235
13877.0	0.0003	SEC11A	ENSG00000140612
13877.0	0.0003	NFKB2	ENSG00000077150
13877.0	0.0003	SNAPC5	ENSG00000174446
13877.0	0.0003	SEC11C	ENSG00000166562
13877.0	0.0003	OTC	ENSG00000036473
13877.0	0.0003	PSMA2	ENSG00000106588
13877.0	0.0003	DDX23	ENSG00000174243
13877.0	0.0003	CACNA1E	ENSG00000198216
13877.0	0.0003	SNAPC2	ENSG00000104976
13877.0	0.0003	UTP25	ENSG00000117597
13877.0	0.0003	HLA-G	ENSG00000204632
13877.0	0.0003	AP3B1	ENSG00000132842
13877.0	0.0003	SNAPC1	ENSG00000023608
13877.0	0.0003	EGR3	ENSG00000179388
13877.0	0.0003	RETREG1	ENSG00000154153
13877.0	0.0003	GOLGA1	ENSG00000136935
13877.0	0.0003	CD40LG	ENSG00000102245
13877.0	0.0003	SULF2	ENSG00000196562
13877.0	0.0003	CMPK1	ENSG00000162368
13877.0	0.0003	GNB4	ENSG00000114450
13877.0	0.0003	GRB14	ENSG00000115290
13877.0	0.0003	PACSIN2	ENSG00000100266
13877.0	0.0003	AGR3	ENSG00000173467
13877.0	0.0003	NASP	ENSG00000132780
13877.0	0.0003	CDH13	ENSG00000140945
13877.0	0.0003	NUDT16	ENSG00000198585
13877.0	0.0003	ARR3	ENSG00000120500
13877.0	0.0003	SNX9	ENSG00000130340
13877.0	0.0003	KCNK15	ENSG00000124249
13877.0	0.0003	CHCHD4	ENSG00000163528
13877.0	0.0003	MIB2	ENSG00000197530
13877.0	0.0003	CNTNAP3	ENSG00000106714
13877.0	0.0003	RANBP3	ENSG00000031823
13877.0	0.0003	GTF3C3	ENSG00000119041
13877.0	0.0003	EHD1	ENSG00000110047
13877.0	0.0003	PCSK7	ENSG00000160613
13877.0	0.0003	KCNMB4	ENSG00000135643
13877.0	0.0003	KCNMB1	ENSG00000145936
13877.0	0.0003	MAGED1	ENSG00000179222
13877.0	0.0003	SCAND1	ENSG00000171222
13877.0	0.0003	HMGN1	ENSG00000205581
13877.0	0.0003	FSCN1	ENSG00000075618
13877.0	0.0003	GNG10	ENSG00000242616
13877.0	0.0003	CDH3	ENSG00000062038
13877.0	0.0003	NPM3	ENSG00000107833
13877.0	0.0003	PLAC1	ENSG00000170965
13877.0	0.0003	ANKRD23	ENSG00000163126
13877.0	0.0003	SP3	ENSG00000172845
13877.0	0.0003	PBK	ENSG00000168078
13877.0	0.0003	SEC61A2	ENSG00000065665
13877.0	0.0003	CABP4	ENSG00000175544
13877.0	0.0003	H1-3	ENSG00000124575
13877.0	0.0003	PKMYT1	ENSG00000127564
13877.0	0.0003	GHRL	ENSG00000157017
13877.0	0.0003	MOXD1	ENSG00000079931
13877.0	0.0003	PTPN23	ENSG00000076201
13877.0	0.0003	RIOK1	ENSG00000124784
13877.0	0.0003	FGF22	ENSG00000070388
13877.0	0.0003	KCNMB3	ENSG00000171121
13877.0	0.0003	SLC7A6	ENSG00000103064
13877.0	0.0003	UQCR11	ENSG00000127540
13877.0	0.0003	CDH6	ENSG00000113361
13877.0	0.0003	TBXA2R	ENSG00000006638
13877.0	0.0003	CTTNBP2NL	ENSG00000143079
13877.0	0.0003	CDH18	ENSG00000145526
13877.0	0.0003	EGR4	ENSG00000135625
13877.0	0.0003	KCNMB2	ENSG00000197584
13877.0	0.0003	CDH7	ENSG00000081138
13877.0	0.0003	BATF3	ENSG00000123685
13877.0	0.0003	CSN3	ENSG00000171209
13877.0	0.0003	CDH8	ENSG00000150394
13877.0	0.0003	LCA5	ENSG00000135338
13877.0	0.0003	SLCO1C1	ENSG00000139155
13877.0	0.0003	SF3B14	ENSG00000115128
13877.0	0.0003	CDH12	ENSG00000154162
13877.0	0.0003	GTF3C4	ENSG00000125484
13877.0	0.0003	SNRNP40	ENSG00000060688
13877.0	0.0003	CDKN2B	ENSG00000147883
13877.0	0.0003	CDH9	ENSG00000113100
13877.0	0.0003	SAG	ENSG00000130561
13877.0	0.0003	F7	ENSG00000057593
13877.0	0.0003	CDH10	ENSG00000040731
13877.0	0.0003	ATP1B2	ENSG00000129244
13877.0	0.0003	PRDM8	ENSG00000152784
13877.0	0.0003	LTV1	ENSG00000135521
13877.0	0.0003	CLIC4	ENSG00000169504
13877.0	0.0003	TRAM1	ENSG00000067167
13877.0	0.0003	PHF5A	ENSG00000100410
13877.0	0.0003	ADCY2	ENSG00000078295
13877.0	0.0003	SAMD12	ENSG00000177570
13877.0	0.0003	HNRNPL	ENSG00000104824
13877.0	0.0003	CDH24	ENSG00000139880
13877.0	0.0003	RAP1GAP2	ENSG00000132359
13877.0	0.0003	FLNC	ENSG00000128591
13877.0	0.0003	ADCY8	ENSG00000155897
13877.0	0.0003	GNG8	ENSG00000167414
13877.0	0.0003	DZIP1	ENSG00000134874
13877.0	0.0003	SF3B5	ENSG00000169976
13877.0	0.0003	CDKN2C	ENSG00000123080
13877.0	0.0003	ADCY6	ENSG00000174233
13877.0	0.0003	ADCY7	ENSG00000121281
13877.0	0.0003	LRRC4B	ENSG00000131409
13877.0	0.0003	ADCY4	ENSG00000129467
13877.0	0.0003	MS4A2	ENSG00000149534
13877.0	0.0003	SSB	ENSG00000138385
13877.0	0.0003	CLHC1	ENSG00000162994
13877.0	0.0003	GTF3C2	ENSG00000115207
13877.0	0.0003	CSNK1G1	ENSG00000169118
13877.0	0.0003	CATSPER2	ENSG00000166762
13877.0	0.0003	ATG4B	ENSG00000168397
13877.0	0.0003	CATSPERB	ENSG00000133962
13877.0	0.0003	AKAP6	ENSG00000151320
13877.0	0.0003	CATSPERG	ENSG00000099338
13877.0	0.0003	AKAP1	ENSG00000121057
13877.0	0.0003	CATSPER4	ENSG00000188782
13877.0	0.0003	MYO10	ENSG00000145555
13877.0	0.0003	MFGE8	ENSG00000140545
13877.0	0.0003	HNRNPA0	ENSG00000177733
13877.0	0.0003	MMP28	ENSG00000129270
13877.0	0.0003	CSTF2	ENSG00000101811
13877.0	0.0003	DISP2	ENSG00000140323
13877.0	0.0003	CSTF3	ENSG00000176102
13877.0	0.0003	FGF11	ENSG00000161958
13877.0	0.0003	SPOCK1	ENSG00000152377
13877.0	0.0003	RGS10	ENSG00000148908
13877.0	0.0003	LMO1	ENSG00000166407
13877.0	0.0003	PCBP1	ENSG00000169564
13877.0	0.0003	PPP2R5E	ENSG00000154001
13877.0	0.0003	HNRNPA3	ENSG00000170144
13877.0	0.0003	PABPN1	ENSG00000100836
13877.0	0.0003	PAPOLA	ENSG00000090060
13877.0	0.0003	CATSPER3	ENSG00000152705
13877.0	0.0003	GZMB	ENSG00000100453
13877.0	0.0003	ATP5PD	ENSG00000167863
13877.0	0.0003	CSTF1	ENSG00000101138
13877.0	0.0003	NUDT21	ENSG00000167005
13877.0	0.0003	NPR1	ENSG00000169418
13877.0	0.0003	ATAD2	ENSG00000156802
13877.0	0.0003	PPP2R5B	ENSG00000068971
13877.0	0.0003	CPSF7	ENSG00000149532
13877.0	0.0003	PDGFB	ENSG00000100311
13877.0	0.0003	DLX6	ENSG00000006377
13877.0	0.0003	CSNK1G3	ENSG00000151292
13877.0	0.0003	PIP5K1A	ENSG00000143398
13877.0	0.0003	DMTF1	ENSG00000135164
13877.0	0.0003	MMP20	ENSG00000137674
13877.0	0.0003	FRMD8	ENSG00000126391
13877.0	0.0003	LPAR2	ENSG00000064547
13877.0	0.0003	LPAR3	ENSG00000171517
13877.0	0.0003	SRPRA	ENSG00000182934
13877.0	0.0003	GNG11	ENSG00000127920
13877.0	0.0003	PSTPIP1	ENSG00000140368
13877.0	0.0003	MYCBP	ENSG00000214114
13877.0	0.0003	CDKN2D	ENSG00000129355
13877.0	0.0003	RS1	ENSG00000102104
13877.0	0.0003	PARD6B	ENSG00000124171
13877.0	0.0003	FGF14	ENSG00000102466
13877.0	0.0003	MMP25	ENSG00000008516
13877.0	0.0003	NEIL1	ENSG00000140398
13877.0	0.0003	GIP	ENSG00000159224
13877.0	0.0003	LPAR5	ENSG00000184574
13877.0	0.0003	PTPRS	ENSG00000105426
13877.0	0.0003	IGSF1	ENSG00000147255
13877.0	0.0003	SPCS2	ENSG00000118363
13877.0	0.0003	DENND1C	ENSG00000205744
13877.0	0.0003	TP53AIP1	ENSG00000120471
13877.0	0.0003	NOSTRIN	ENSG00000163072
13877.0	0.0003	CATSPERD	ENSG00000174898
13877.0	0.0003	CAVIN1	ENSG00000177469
13877.0	0.0003	HCLS1	ENSG00000180353
13877.0	0.0003	OXTR	ENSG00000180914
13877.0	0.0003	SHANK2	ENSG00000162105
13877.0	0.0003	TNFRSF10A	ENSG00000104689
13877.0	0.0003	PRDM4	ENSG00000110851
13877.0	0.0003	SIRT4	ENSG00000089163
13877.0	0.0003	COX8A	ENSG00000176340
13877.0	0.0003	CALCR	ENSG00000004948
13877.0	0.0003	CEP104	ENSG00000116198
13877.0	0.0003	UCP2	ENSG00000175567
13877.0	0.0003	IRS4	ENSG00000133124
13877.0	0.0003	NKX2-2	ENSG00000125820
13877.0	0.0003	CREB3L4	ENSG00000143578
13877.0	0.0003	TAPBPL	ENSG00000139192
13877.0	0.0003	SEC61G	ENSG00000132432
13877.0	0.0003	CNTN1	ENSG00000018236
13877.0	0.0003	PTCRA	ENSG00000171611
13877.0	0.0003	CBLB	ENSG00000114423
13877.0	0.0003	DAB2IP	ENSG00000136848
13877.0	0.0003	PARD6G	ENSG00000178184
13877.0	0.0003	HIPK1	ENSG00000163349
13877.0	0.0003	SPCS1	ENSG00000114902
13877.0	0.0003	BCL6B	ENSG00000161940
13877.0	0.0003	LCP1	ENSG00000136167
13877.0	0.0003	CREB3L2	ENSG00000182158
13877.0	0.0003	ATP5MGL	ENSG00000249222
13877.0	0.0003	CHRM4	ENSG00000180720
13877.0	0.0003	SLC7A10	ENSG00000130876
13877.0	0.0003	F2R	ENSG00000181104
13877.0	0.0003	KCNJ3	ENSG00000162989
13877.0	0.0003	RGS19	ENSG00000171700
13877.0	0.0003	COX7A2L	ENSG00000115944
13877.0	0.0003	CABP1	ENSG00000157782
13877.0	0.0003	FOSB	ENSG00000125740
13877.0	0.0003	ADCY10	ENSG00000143199
13877.0	0.0003	GJA3	ENSG00000121743
13877.0	0.0003	PLS1	ENSG00000120756
13877.0	0.0003	HTR1A	ENSG00000178394
13877.0	0.0003	HTR5A	ENSG00000157219
13877.0	0.0003	SPCS3	ENSG00000129128
13877.0	0.0003	HIPK3	ENSG00000110422
13877.0	0.0003	ARRDC3	ENSG00000113369
13877.0	0.0003	KAAG1	ENSG00000146049
13877.0	0.0003	HIPK4	ENSG00000160396
13877.0	0.0003	HTR1B	ENSG00000135312
13877.0	0.0003	HTR1D	ENSG00000179546
13877.0	0.0003	EYA4	ENSG00000112319
13877.0	0.0003	HTR1F	ENSG00000179097
13877.0	0.0003	MYBBP1A	ENSG00000132382
13877.0	0.0003	HTR1E	ENSG00000168830
13877.0	0.0003	ATP2B2	ENSG00000157087
13877.0	0.0003	PTCD3	ENSG00000132300
13877.0	0.0003	KCNJ9	ENSG00000162728
13877.0	0.0003	BAD	ENSG00000002330
13877.0	0.0003	TFAP2D	ENSG00000008197
13877.0	0.0003	PLS3	ENSG00000102024
13877.0	0.0003	TFAP2E	ENSG00000116819
13877.0	0.0003	MTNR1B	ENSG00000134640
13877.0	0.0003	GAB1	ENSG00000109458
13877.0	0.0003	MTNR1A	ENSG00000168412
13877.0	0.0003	PTPN7	ENSG00000143851
13877.0	0.0003	RAB1A	ENSG00000138069
13877.0	0.0003	PTAFR	ENSG00000169403
13877.0	0.0003	TLE5	ENSG00000104964
13877.0	0.0003	ATP1B4	ENSG00000101892
13877.0	0.0003	SEC14L1	ENSG00000129657
13877.0	0.0003	ATP5PF	ENSG00000154723
13877.0	0.0003	RGS20	ENSG00000147509
13877.0	0.0003	ATP2B4	ENSG00000058668
13877.0	0.0003	SEC14L5	ENSG00000103184
13877.0	0.0003	CBLC	ENSG00000142273
13877.0	0.0003	UTF1	ENSG00000171794
13877.0	0.0003	SLC8A2	ENSG00000118160
13877.0	0.0003	REG4	ENSG00000134193
13877.0	0.0003	TLE6	ENSG00000104953
13877.0	0.0003	COX4I2	ENSG00000131055
13877.0	0.0003	SLC8A1	ENSG00000183023
13877.0	0.0003	MPND	ENSG00000008382
13877.0	0.0003	MELK	ENSG00000165304
13877.0	0.0003	XAB2	ENSG00000076924
13877.0	0.0003	SRP9	ENSG00000143742
13877.0	0.0003	CORO1A	ENSG00000102879
13877.0	0.0003	IQGAP3	ENSG00000183856
13877.0	0.0003	DOCK4	ENSG00000128512
13877.0	0.0003	LPAR4	ENSG00000147145
13877.0	0.0003	ANKRD42	ENSG00000137494
13877.0	0.0003	ARRDC4	ENSG00000140450
13877.0	0.0003	MPP1	ENSG00000130830
13877.0	0.0003	FOSL2	ENSG00000075426
13877.0	0.0003	INS-IGF2	ENSG00000129965
13877.0	0.0003	ITIH3	ENSG00000162267
13877.0	0.0003	EIF4EBP2	ENSG00000148730
13877.0	0.0003	YY2	ENSG00000230797
13877.0	0.0003	MATN3	ENSG00000132031
13877.0	0.0003	RNF41	ENSG00000181852
13877.0	0.0003	PHF11	ENSG00000136147
13877.0	0.0003	DSC2	ENSG00000134755
13877.0	0.0003	GSDMA	ENSG00000167914
13877.0	0.0003	FGFBP1	ENSG00000137440
13877.0	0.0003	MON2	ENSG00000061987
13877.0	0.0003	SH2D3C	ENSG00000095370
13877.0	0.0003	DENND1A	ENSG00000119522
13877.0	0.0003	CORO1B	ENSG00000172725
13877.0	0.0003	HTR7	ENSG00000148680
13877.0	0.0003	CORO2A	ENSG00000106789
13877.0	0.0003	CORO2B	ENSG00000103647
13877.0	0.0003	PDGFA	ENSG00000197461
13877.0	0.0003	PDIA3	ENSG00000167004
13877.0	0.0003	GSPT1	ENSG00000103342
13877.0	0.0003	ZHX2	ENSG00000178764
13877.0	0.0003	PHF7	ENSG00000010318
13877.0	0.0003	GPAT4	ENSG00000158669
13877.0	0.0003	ETFDH	ENSG00000171503
13877.0	0.0003	FOXN1	ENSG00000109101
13877.0	0.0003	PHB1	ENSG00000167085
13877.0	0.0003	ITK	ENSG00000113263
13877.0	0.0003	GPAT3	ENSG00000138678
13877.0	0.0003	RPL36A	ENSG00000241343
13877.0	0.0003	PPT2	ENSG00000221988
13877.0	0.0003	ETFB	ENSG00000105379
13877.0	0.0003	PIN1	ENSG00000127445
13877.0	0.0003	PCSK4	ENSG00000115257
13877.0	0.0003	TDP2	ENSG00000111802
13877.0	0.0003	RPL36AL	ENSG00000165502
13877.0	0.0003	TNIP2	ENSG00000168884
13877.0	0.0003	ORAI1	ENSG00000182500
13877.0	0.0003	WWC1	ENSG00000113645
13877.0	0.0003	ADGRL2	ENSG00000117114
13877.0	0.0003	PDGFC	ENSG00000145431
13877.0	0.0003	CARHSP1	ENSG00000153048
13877.0	0.0003	AGRP	ENSG00000159723
13877.0	0.0003	PPFIBP2	ENSG00000166387
13877.0	0.0003	OGG1	ENSG00000114026
13877.0	0.0003	MC5R	ENSG00000176136
13877.0	0.0003	EIF4EBP3	ENSG00000243056
13877.0	0.0003	DPP4	ENSG00000197635
13877.0	0.0003	HEATR5B	ENSG00000008869
13877.0	0.0003	RPS4Y2	ENSG00000157828
13877.0	0.0003	SH3GLB2	ENSG00000148341
13877.0	0.0003	GATB	ENSG00000059691
13877.0	0.0003	HLTF	ENSG00000071794
13877.0	0.0003	PANK2	ENSG00000125779
13877.0	0.0003	TONSL	ENSG00000160949
13877.0	0.0003	GPAM	ENSG00000119927
13877.0	0.0003	PATE1	ENSG00000171053
13877.0	0.0003	TAMALIN	ENSG00000161835
13877.0	0.0003	RUSC1	ENSG00000160753
13877.0	0.0003	PDGFD	ENSG00000170962
13877.0	0.0003	ANGPT4	ENSG00000101280
13877.0	0.0003	KPNA3	ENSG00000102753
13877.0	0.0003	ADCY1	ENSG00000164742
13877.0	0.0003	ZBTB7B	ENSG00000160685
13877.0	0.0003	CEBPE	ENSG00000092067
13877.0	0.0003	CNKSR1	ENSG00000142675
13877.0	0.0003	RPS27L	ENSG00000185088
13877.0	0.0003	MNT	ENSG00000070444
13877.0	0.0003	PTPN14	ENSG00000152104
13877.0	0.0003	ACOT13	ENSG00000112304
13877.0	0.0003	PPIB	ENSG00000166794
13877.0	0.0003	RPS25	ENSG00000118181
13877.0	0.0003	PYM1	ENSG00000170473
13877.0	0.0003	MCEE	ENSG00000124370
13877.0	0.0003	MCAM	ENSG00000076706
13877.0	0.0003	ARRDC1	ENSG00000197070
13877.0	0.0003	POU1F1	ENSG00000064835
13877.0	0.0003	SGMS2	ENSG00000164023
13877.0	0.0003	RPL39L	ENSG00000163923
13877.0	0.0003	MSRB1	ENSG00000198736
13877.0	0.0003	FOXI1	ENSG00000168269
13877.0	0.0003	KPNA4	ENSG00000186432
13877.0	0.0003	KDM8	ENSG00000155666
13877.0	0.0003	LONP2	ENSG00000102910
13877.0	0.0003	CAMKK1	ENSG00000004660
13877.0	0.0003	NOP10	ENSG00000182117
13877.0	0.0003	MC3R	ENSG00000124089
13877.0	0.0003	GMPPA	ENSG00000144591
13877.0	0.0003	GNAT3	ENSG00000214415
13877.0	0.0003	IL4R	ENSG00000077238
13877.0	0.0003	PEBP4	ENSG00000134020
13877.0	0.0003	ST3GAL2	ENSG00000157350
13877.0	0.0003	DAZL	ENSG00000092345
13877.0	0.0003	NENF	ENSG00000117691
13877.0	0.0003	SLC13A4	ENSG00000164707
13877.0	0.0003	ARF3	ENSG00000134287
13877.0	0.0003	CYB5R4	ENSG00000065615
13877.0	0.0003	GPAT2	ENSG00000186281
13877.0	0.0003	RBPMS2	ENSG00000166831
13877.0	0.0003	SGMS1	ENSG00000198964
13877.0	0.0003	BNIP2	ENSG00000140299
13877.0	0.0003	F2RL2	ENSG00000164220
13877.0	0.0003	RXRB	ENSG00000204231
13877.0	0.0003	PTGDR	ENSG00000168229
13877.0	0.0003	LGALS4	ENSG00000171747
13877.0	0.0003	CASP1	ENSG00000137752
13877.0	0.0003	CNOT1	ENSG00000125107
13877.0	0.0003	CLK2	ENSG00000176444
13877.0	0.0003	GLYATL1	ENSG00000166840
13877.0	0.0003	CLRN3	ENSG00000180745
13877.0	0.0003	ARHGAP32	ENSG00000134909
13877.0	0.0003	OXNAD1	ENSG00000154814
13877.0	0.0003	CYB5R1	ENSG00000159348
13877.0	0.0003	CYB5R2	ENSG00000166394
13877.0	0.0003	POLI	ENSG00000101751
13877.0	0.0003	CYB5RL	ENSG00000215883
13877.0	0.0003	MYO6	ENSG00000196586
13877.0	0.0003	MACROD1	ENSG00000133315
13877.0	0.0003	HOXB9	ENSG00000170689
13877.0	0.0003	HDGF	ENSG00000143321
13877.0	0.0003	NR5A2	ENSG00000116833
13877.0	0.0003	MRPL49	ENSG00000149792
13877.0	0.0003	FER	ENSG00000151422
13877.0	0.0003	MRPL27	ENSG00000108826
13877.0	0.0003	CYP4F3	ENSG00000186529
13877.0	0.0003	NELL1	ENSG00000165973
13877.0	0.0003	ELANE	ENSG00000197561
13877.0	0.0003	REM2	ENSG00000139890
13877.0	0.0003	MPP2	ENSG00000108852
13877.0	0.0003	IL25	ENSG00000166090
13877.0	0.0003	PALS2	ENSG00000105926
13877.0	0.0003	CFH	ENSG00000000971
13877.0	0.0003	MRPL33	ENSG00000243147
13877.0	0.0003	MFN2	ENSG00000116688
13877.0	0.0003	AKAP5	ENSG00000179841
13877.0	0.0003	CLEC3A	ENSG00000166509
13877.0	0.0003	CARD10	ENSG00000100065
13877.0	0.0003	MCUB	ENSG00000005059
13877.0	0.0003	CARD14	ENSG00000141527
13877.0	0.0003	SHB	ENSG00000107338
13877.0	0.0003	ZCRB1	ENSG00000139168
13877.0	0.0003	API5	ENSG00000166181
13877.0	0.0003	ARG1	ENSG00000118520
13877.0	0.0003	MLLT10	ENSG00000078403
13877.0	0.0003	IL3RA	ENSG00000185291
13877.0	0.0003	DTX2	ENSG00000091073
13877.0	0.0003	GSPT2	ENSG00000189369
13877.0	0.0003	LNPEP	ENSG00000113441
13877.0	0.0003	SHF	ENSG00000138606
13877.0	0.0003	KIRREL1	ENSG00000183853
13877.0	0.0003	CDK16	ENSG00000102225
13877.0	0.0003	DTX4	ENSG00000110042
13877.0	0.0003	KANK1	ENSG00000107104
13877.0	0.0003	COPS6	ENSG00000168090
13877.0	0.0003	TNFRSF9	ENSG00000049249
13877.0	0.0003	RFNG	ENSG00000169733
13877.0	0.0003	GID4	ENSG00000141034
13877.0	0.0003	DHX58	ENSG00000108771
13877.0	0.0003	CHCHD2	ENSG00000106153
13877.0	0.0003	CLEC2B	ENSG00000110852
13877.0	0.0003	CTPS1	ENSG00000171793
13877.0	0.0003	XPNPEP2	ENSG00000122121
13877.0	0.0003	MRPL36	ENSG00000171421
13877.0	0.0003	MYO9B	ENSG00000099331
13877.0	0.0003	CDC14B	ENSG00000081377
13877.0	0.0003	LRRC7	ENSG00000033122
13877.0	0.0003	CHST4	ENSG00000140835
13877.0	0.0003	PARP4	ENSG00000102699
13877.0	0.0003	WFDC5	ENSG00000175121
13877.0	0.0003	CHST2	ENSG00000175040
13877.0	0.0003	WIPF1	ENSG00000115935
13877.0	0.0003	PSTK	ENSG00000179988
13877.0	0.0003	MMP10	ENSG00000166670
13877.0	0.0003	WIPF2	ENSG00000171475
13877.0	0.0003	CAMK1D	ENSG00000183049
13877.0	0.0003	SKA3	ENSG00000165480
13877.0	0.0003	DUSP23	ENSG00000158716
13877.0	0.0003	PTPDC1	ENSG00000158079
13877.0	0.0003	PACSIN3	ENSG00000165912
13877.0	0.0003	SKA1	ENSG00000154839
13877.0	0.0003	TIE1	ENSG00000066056
13877.0	0.0003	SLC8A3	ENSG00000100678
13877.0	0.0003	ARHGAP29	ENSG00000137962
13877.0	0.0003	CHN2	ENSG00000106069
13877.0	0.0003	POLR1G	ENSG00000117877
13877.0	0.0003	CAPN6	ENSG00000077274
13877.0	0.0003	ARHGAP12	ENSG00000165322
13877.0	0.0003	MBNL1	ENSG00000152601
13877.0	0.0003	BDKRB2	ENSG00000168398
13877.0	0.0003	ARHGAP10	ENSG00000071205
13877.0	0.0003	SLAMF1	ENSG00000117090
13877.0	0.0003	HASPIN	ENSG00000177602
13877.0	0.0003	ARAP2	ENSG00000047365
13877.0	0.0003	ARHGAP22	ENSG00000128805
13877.0	0.0003	ARHGAP25	ENSG00000163219
13877.0	0.0003	NAB2	ENSG00000166886
13877.0	0.0003	FAM13A	ENSG00000138640
13877.0	0.0003	FAM13B	ENSG00000031003
13877.0	0.0003	DLC1	ENSG00000164741
13877.0	0.0003	ARHGAP9	ENSG00000123329
13877.0	0.0003	GMIP	ENSG00000089639
13877.0	0.0003	ARHGAP11A	ENSG00000198826
13877.0	0.0003	STARD13	ENSG00000133121
13877.0	0.0003	ARHGAP11B	ENSG00000187951
13877.0	0.0003	ARHGAP36	ENSG00000147256
13877.0	0.0003	STARD8	ENSG00000130052
13877.0	0.0003	ARHGAP33	ENSG00000004777
13877.0	0.0003	ARHGAP26	ENSG00000145819
13877.0	0.0003	ARAP3	ENSG00000120318
13877.0	0.0003	RRAD	ENSG00000166592
13877.0	0.0003	TAGAP	ENSG00000164691
13877.0	0.0003	ARHGAP8	ENSG00000241484
13877.0	0.0003	ARHGAP30	ENSG00000186517
13877.0	0.0003	ARHGAP28	ENSG00000088756
13877.0	0.0003	DEPDC7	ENSG00000121690
13877.0	0.0003	ARHGAP23	ENSG00000225485
13877.0	0.0003	ARHGAP18	ENSG00000146376
13877.0	0.0003	SYDE1	ENSG00000105137
13877.0	0.0003	SYDE2	ENSG00000097096
13877.0	0.0003	LORICRIN	ENSG00000203782
13877.0	0.0003	RAB34	ENSG00000109113
13877.0	0.0003	STMN1	ENSG00000117632
13877.0	0.0003	LITAF	ENSG00000189067
13877.0	0.0003	ARID3C	ENSG00000205143
13877.0	0.0003	MYG1	ENSG00000139637
13877.0	0.0003	GRAP	ENSG00000154016
13877.0	0.0003	REPS1	ENSG00000135597
13877.0	0.0003	PRPH	ENSG00000135406
13877.0	0.0003	MYO1G	ENSG00000136286
13877.0	0.0003	POGLUT1	ENSG00000163389
13877.0	0.0003	GSN	ENSG00000148180
13877.0	0.0003	CTPS2	ENSG00000047230
13877.0	0.0003	FCHSD1	ENSG00000197948
13877.0	0.0003	LYZ	ENSG00000090382
13877.0	0.0003	NTHL1	ENSG00000065057
13877.0	0.0003	UNG	ENSG00000076248
13877.0	0.0003	CXCL11	ENSG00000169248
13877.0	0.0003	MBNL2	ENSG00000139793
13877.0	0.0003	MRPL23	ENSG00000214026
13877.0	0.0003	CDK18	ENSG00000117266
13877.0	0.0003	LCOR	ENSG00000196233
13877.0	0.0003	TRIB1	ENSG00000173334
13877.0	0.0003	CADM1	ENSG00000182985
13877.0	0.0003	KCNK6	ENSG00000099337
13877.0	0.0003	KCNK7	ENSG00000173338
13877.0	0.0003	RPL22L1	ENSG00000163584
13877.0	0.0003	CDK17	ENSG00000059758
13877.0	0.0003	LLGL2	ENSG00000073350
13877.0	0.0003	PRPS1	ENSG00000147224
13877.0	0.0003	KLRC1	ENSG00000134545
13877.0	0.0003	ISCU	ENSG00000136003
13877.0	0.0003	ZFX	ENSG00000005889
13877.0	0.0003	RSPH6A	ENSG00000104941
13877.0	0.0003	FGA	ENSG00000171560
13877.0	0.0003	MCHR1	ENSG00000128285
13877.0	0.0003	BDKRB1	ENSG00000100739
13877.0	0.0003	ATOH8	ENSG00000168874
13877.0	0.0003	CSF2RA	ENSG00000198223
13877.0	0.0003	KRT14	ENSG00000186847
13877.0	0.0003	ARHGEF1	ENSG00000076928
13877.0	0.0003	NTSR2	ENSG00000169006
13877.0	0.0003	CALCA	ENSG00000110680
13877.0	0.0003	SCGB1D4	ENSG00000197745
13877.0	0.0003	NMUR1	ENSG00000171596
13877.0	0.0003	NTSR1	ENSG00000101188
13877.0	0.0003	NMU	ENSG00000109255
13877.0	0.0003	MRPS15	ENSG00000116898
13877.0	0.0003	PTGFR	ENSG00000122420
13877.0	0.0003	CD79B	ENSG00000007312
13877.0	0.0003	P2RY1	ENSG00000169860
13877.0	0.0003	CDIN1	ENSG00000186073
13877.0	0.0003	NMUR2	ENSG00000132911
13877.0	0.0003	GRAPL	ENSG00000189152
13877.0	0.0003	MCHR2	ENSG00000152034
13877.0	0.0003	NMS	ENSG00000204640
13877.0	0.0003	ANXA1	ENSG00000135046
13877.0	0.0003	GPR17	ENSG00000144230
13877.0	0.0003	FPR2	ENSG00000171049
13877.0	0.0003	CAMK2N2	ENSG00000163888
13877.0	0.0003	MTRNR2L2	ENSG00000271043
13877.0	0.0003	ACRV1	ENSG00000134940
13877.0	0.0003	ADRA1B	ENSG00000170214
13877.0	0.0003	CDK15	ENSG00000138395
13877.0	0.0003	N6AMT1	ENSG00000156239
13877.0	0.0003	RP11-178H8.3	ENSG00000255515
13877.0	0.0003	CIP2A	ENSG00000163507
13877.0	0.0003	FFAR2	ENSG00000126262
13877.0	0.0003	CHRM5	ENSG00000184984
13877.0	0.0003	ITM2B	ENSG00000136156
13877.0	0.0003	AVPR1A	ENSG00000166148
13877.0	0.0003	ADRA1D	ENSG00000171873
13877.0	0.0003	GPRC6A	ENSG00000173612
13877.0	0.0003	NPFF	ENSG00000139574
13877.0	0.0003	PTGER1	ENSG00000160951
13877.0	0.0003	MLN	ENSG00000096395
13877.0	0.0003	APCS	ENSG00000132703
13877.0	0.0003	SEH1L	ENSG00000085415
13877.0	0.0003	HCRTR1	ENSG00000121764
13877.0	0.0003	TACR3	ENSG00000169836
13877.0	0.0003	ADRA1A	ENSG00000120907
13877.0	0.0003	CYSLTR1	ENSG00000173198
13877.0	0.0003	P2RY2	ENSG00000175591
13877.0	0.0003	PROKR1	ENSG00000169618
13877.0	0.0003	LTB4R2	ENSG00000213906
13877.0	0.0003	KISS1	ENSG00000170498
13877.0	0.0003	TRHR	ENSG00000174417
13877.0	0.0003	OPN4	ENSG00000122375
13877.0	0.0003	GPR65	ENSG00000140030
13877.0	0.0003	CD5	ENSG00000110448
13877.0	0.0003	XCR1	ENSG00000173578
13877.0	0.0003	HCRT	ENSG00000161610
13877.0	0.0003	F2RL3	ENSG00000127533
13877.0	0.0003	UCK1	ENSG00000130717
13877.0	0.0003	NMB	ENSG00000197696
13877.0	0.0003	GRPR	ENSG00000126010
13877.0	0.0003	NPFFR1	ENSG00000148734
13877.0	0.0003	TAC3	ENSG00000166863
13877.0	0.0003	LTB4R	ENSG00000213903
13877.0	0.0003	FFAR1	ENSG00000126266
13877.0	0.0003	NPFFR2	ENSG00000056291
13877.0	0.0003	NMBR	ENSG00000135577
13877.0	0.0003	HCRTR2	ENSG00000137252
13877.0	0.0003	MLNR	ENSG00000102539
13877.0	0.0003	AQP2	ENSG00000167580
13877.0	0.0003	F2RL1	ENSG00000164251
13877.0	0.0003	QRFPR	ENSG00000186867
13877.0	0.0003	EDN3	ENSG00000124205
13877.0	0.0003	UTS2R	ENSG00000181408
13877.0	0.0003	MFN1	ENSG00000171109
13877.0	0.0003	XCL1	ENSG00000143184
13877.0	0.0003	CXCR3	ENSG00000186810
13877.0	0.0003	XCL2	ENSG00000143185
13877.0	0.0003	QRFP	ENSG00000188710
13877.0	0.0003	P2RY6	ENSG00000171631
13877.0	0.0003	PROK1	ENSG00000143125
13877.0	0.0003	EDN2	ENSG00000127129
13877.0	0.0003	FFAR3	ENSG00000185897
13877.0	0.0003	CYSLTR2	ENSG00000152207
13877.0	0.0003	GPR4	ENSG00000177464
13877.0	0.0003	UTS2	ENSG00000049247
13877.0	0.0003	CCR5	ENSG00000160791
13877.0	0.0003	P2RY10	ENSG00000078589
13877.0	0.0003	GPR68	ENSG00000119714
13877.0	0.0003	GPR132	ENSG00000183484
13877.0	0.0003	UTS2B	ENSG00000188958
13877.0	0.0003	MAF1	ENSG00000179632
13877.0	0.0003	POU6F1	ENSG00000184271
13877.0	0.0003	NRF1	ENSG00000106459
13877.0	0.0003	CCR7	ENSG00000126353
13877.0	0.0003	CXCR2	ENSG00000180871
13877.0	0.0003	ODAM	ENSG00000109205
13877.0	0.0003	SPARCL1	ENSG00000152583
13877.0	0.0003	BCL3	ENSG00000069399
13877.0	0.0003	CCR3	ENSG00000183625
13877.0	0.0003	CXCR5	ENSG00000160683
13877.0	0.0003	CXCR6	ENSG00000172215
13877.0	0.0003	CCR9	ENSG00000173585
13877.0	0.0003	C5	ENSG00000106804
13877.0	0.0003	CCR2	ENSG00000121807
13877.0	0.0003	GYPE	ENSG00000197465
13877.0	0.0003	RHEBL1	ENSG00000167550
13877.0	0.0003	CCR4	ENSG00000183813
13877.0	0.0003	CCR10	ENSG00000184451
13877.0	0.0003	USP50	ENSG00000170236
13877.0	0.0003	TFCP2	ENSG00000135457
13877.0	0.0003	EIF1AX	ENSG00000173674
13877.0	0.0003	CCL5	ENSG00000161570
13877.0	0.0003	SLC23A3	ENSG00000213901
13877.0	0.0003	CCR8	ENSG00000179934
13877.0	0.0003	APLN	ENSG00000171388
13877.0	0.0003	RGS18	ENSG00000150681
13877.0	0.0003	CXCL13	ENSG00000156234
13877.0	0.0003	CXCL3	ENSG00000163734
13877.0	0.0003	CCL19	ENSG00000172724
13877.0	0.0003	APLNR	ENSG00000134817
13877.0	0.0003	NPY5R	ENSG00000164129
13877.0	0.0003	OXGR1	ENSG00000165621
13877.0	0.0003	HCAR1	ENSG00000196917
13877.0	0.0003	CCL20	ENSG00000115009
13877.0	0.0003	BLNK	ENSG00000095585
13877.0	0.0003	CXCL2	ENSG00000081041
13877.0	0.0003	CXCL9	ENSG00000138755
13877.0	0.0003	GRM6	ENSG00000113262
13877.0	0.0003	PHKG2	ENSG00000156873
13877.0	0.0003	ADORA1	ENSG00000163485
13877.0	0.0003	PDYN	ENSG00000101327
13877.0	0.0003	CCL25	ENSG00000131142
13877.0	0.0003	GRM4	ENSG00000124493
13877.0	0.0003	POMP	ENSG00000132963
13877.0	0.0003	HCAR3	ENSG00000255398
13877.0	0.0003	ADRA2A	ENSG00000150594
13877.0	0.0003	ANKRD27	ENSG00000105186
13877.0	0.0003	HCAR2	ENSG00000182782
13877.0	0.0003	CCL27	ENSG00000213927
13877.0	0.0003	CNN1	ENSG00000130176
13877.0	0.0003	SUCNR1	ENSG00000198829
13877.0	0.0003	PPY	ENSG00000108849
13877.0	0.0003	CXCL16	ENSG00000161921
13877.0	0.0003	CCL28	ENSG00000151882
13877.0	0.0003	CXCL5	ENSG00000163735
13877.0	0.0003	S1PR1	ENSG00000170989
13877.0	0.0003	PYY	ENSG00000131096
13877.0	0.0003	CXCL6	ENSG00000124875
13877.0	0.0003	NPY1R	ENSG00000164128
13877.0	0.0003	CCL16	ENSG00000161573
13877.0	0.0003	FPR1	ENSG00000171051
13877.0	0.0003	RXFP4	ENSG00000173080
13877.0	0.0003	OPRK1	ENSG00000082556
13877.0	0.0003	P2RY12	ENSG00000169313
13877.0	0.0003	OPRD1	ENSG00000116329
13877.0	0.0003	S1PR3	ENSG00000213694
13877.0	0.0003	PNOC	ENSG00000168081
13877.0	0.0003	APPL1	ENSG00000157500
13877.0	0.0003	TAS2R16	ENSG00000128519
13877.0	0.0003	GRK5	ENSG00000198873
13877.0	0.0003	CNR2	ENSG00000188822
13877.0	0.0003	NPB	ENSG00000183979
13877.0	0.0003	NPW	ENSG00000183971
13877.0	0.0003	P2RY13	ENSG00000181631
13877.0	0.0003	NPY2R	ENSG00000185149
13877.0	0.0003	OPRL1	ENSG00000125510
13877.0	0.0003	TPT1	ENSG00000133112
13877.0	0.0003	SSTR5	ENSG00000162009
13877.0	0.0003	S1PR2	ENSG00000267534
13877.0	0.0003	SSTR1	ENSG00000139874
13877.0	0.0003	ARHGEF25	ENSG00000240771
13877.0	0.0003	GALR2	ENSG00000182687
13877.0	0.0003	GALR1	ENSG00000166573
13877.0	0.0003	NPBWR1	ENSG00000183729
13877.0	0.0003	NPBWR2	ENSG00000125522
13877.0	0.0003	ADRA2C	ENSG00000184160
13877.0	0.0003	OXER1	ENSG00000162881
13877.0	0.0003	P2RY14	ENSG00000174944
13877.0	0.0003	C5AR1	ENSG00000197405
13877.0	0.0003	SSTR4	ENSG00000132671
13877.0	0.0003	ADRA2B	ENSG00000222040
13877.0	0.0003	S1PR4	ENSG00000125910
13877.0	0.0003	RXFP3	ENSG00000182631
13877.0	0.0003	GALR3	ENSG00000128310
13877.0	0.0003	S1PR5	ENSG00000180739
13877.0	0.0003	HRH4	ENSG00000134489
13877.0	0.0003	C3AR1	ENSG00000171860
13877.0	0.0003	TAS2R4	ENSG00000127364
13877.0	0.0003	FPR3	ENSG00000187474
13877.0	0.0003	HRH3	ENSG00000101180
13877.0	0.0003	TAS2R43	ENSG00000255374
13877.0	0.0003	TAS2R5	ENSG00000127366
13877.0	0.0003	ADORA3	ENSG00000121933
13877.0	0.0003	TAS2R40	ENSG00000221937
13877.0	0.0003	TAS2R60	ENSG00000185899
13877.0	0.0003	TAS2R1	ENSG00000169777
13877.0	0.0003	TAS2R3	ENSG00000127362
13877.0	0.0003	HEBP1	ENSG00000013583
13877.0	0.0003	GPR18	ENSG00000125245
13877.0	0.0003	TAS2R42	ENSG00000186136
13877.0	0.0003	TAS2R39	ENSG00000236398
13877.0	0.0003	P2RY4	ENSG00000186912
13877.0	0.0003	TAS2R41	ENSG00000221855
13877.0	0.0003	GPR55	ENSG00000135898
13877.0	0.0003	SYNE4	ENSG00000181392
13877.0	0.0003	AKAP4	ENSG00000147081
13877.0	0.0003	PFDN4	ENSG00000101132
13877.0	0.0003	CNTNAP4	ENSG00000152910
13877.0	0.0003	OAZ1	ENSG00000104904
13877.0	0.0003	OAZ3	ENSG00000143450
13877.0	0.0003	GLS2	ENSG00000135423
13877.0	0.0003	PFDN1	ENSG00000113068
13877.0	0.0003	OAZ2	ENSG00000180304
13877.0	0.0003	TBCA	ENSG00000171530
13877.0	0.0003	RNF146	ENSG00000118518
13877.0	0.0003	SLCO4C1	ENSG00000173930
13877.0	0.0003	EGFL7	ENSG00000172889
13877.0	0.0003	WDR43	ENSG00000163811
13877.0	0.0003	TBCB	ENSG00000105254
13877.0	0.0003	MRPL58	ENSG00000167862
13877.0	0.0003	BSG	ENSG00000172270
13877.0	0.0003	CD22	ENSG00000012124
13877.0	0.0003	RGS1	ENSG00000090104
13877.0	0.0003	PGGHG	ENSG00000142102
13877.0	0.0003	SLC39A11	ENSG00000133195
13877.0	0.0003	HECW1	ENSG00000002746
13877.0	0.0003	RGS14	ENSG00000169220
13877.0	0.0003	TRMT12	ENSG00000183665
13877.0	0.0003	RNF8	ENSG00000112130
13877.0	0.0003	TPP2	ENSG00000134900
13877.0	0.0003	COP1	ENSG00000143207
13877.0	0.0003	DSG3	ENSG00000134757
13877.0	0.0003	CDYL2	ENSG00000166446
13877.0	0.0003	MYO1E	ENSG00000157483
13877.0	0.0003	EIF3A	ENSG00000107581
13877.0	0.0003	BLMH	ENSG00000108578
13877.0	0.0003	NPEPPS	ENSG00000141279
13877.0	0.0003	STAT2	ENSG00000170581
13877.0	0.0003	UTP11	ENSG00000183520
13877.0	0.0003	SEC23IP	ENSG00000107651
13877.0	0.0003	ACSL3	ENSG00000123983
13877.0	0.0003	CNTNAP5	ENSG00000155052
13877.0	0.0003	RPS6KB2	ENSG00000175634
13877.0	0.0003	CDC37	ENSG00000105401
13877.0	0.0003	PAIP1	ENSG00000172239
13877.0	0.0003	TCEA3	ENSG00000204219
13877.0	0.0003	ST13	ENSG00000100380
13877.0	0.0003	TANC1	ENSG00000115183
13877.0	0.0003	RGCC	ENSG00000102760
13877.0	0.0003	MRPL32	ENSG00000106591
13877.0	0.0003	RNGTT	ENSG00000111880
13877.0	0.0003	OLFM3	ENSG00000118733
13877.0	0.0003	SPC25	ENSG00000152253
13877.0	0.0003	EIF1	ENSG00000173812
13877.0	0.0003	SLAMF7	ENSG00000026751
13877.0	0.0003	NOX3	ENSG00000074771
13877.0	0.0003	MADCAM1	ENSG00000099866
13877.0	0.0003	SPINK9	ENSG00000204909
13877.0	0.0003	EIF3E	ENSG00000104408
13877.0	0.0003	FLG	ENSG00000143631
13877.0	0.0003	OSM	ENSG00000099985
13877.0	0.0003	APBB1IP	ENSG00000077420
13877.0	0.0003	RAD51AP1	ENSG00000111247
13877.0	0.0003	PIK3C3	ENSG00000078142
13877.0	0.0003	INTS6	ENSG00000102786
13877.0	0.0003	INSRR	ENSG00000027644
13877.0	0.0003	ANP32A	ENSG00000140350
13877.0	0.0003	ARL2	ENSG00000213465
13877.0	0.0003	CTSS	ENSG00000163131
13877.0	0.0003	TBCC	ENSG00000124659
13877.0	0.0003	CAMKMT	ENSG00000143919
13877.0	0.0003	SMYD4	ENSG00000186532
13877.0	0.0003	SCN7A	ENSG00000136546
13877.0	0.0003	KLF11	ENSG00000172059
13877.0	0.0003	FGB	ENSG00000171564
13877.0	0.0003	MMP15	ENSG00000102996
13877.0	0.0003	GSKIP	ENSG00000100744
13877.0	0.0003	EIF3K	ENSG00000178982
13877.0	0.0003	SCARB2	ENSG00000138760
13877.0	0.0003	CNOT9	ENSG00000144580
13877.0	0.0003	TCL1A	ENSG00000100721
13877.0	0.0003	RHBDL1	ENSG00000103269
13877.0	0.0003	RHBDL3	ENSG00000141314
13877.0	0.0003	EIF4G2	ENSG00000110321
13877.0	0.0003	LLPH	ENSG00000139233
13877.0	0.0003	MRAP	ENSG00000170262
13877.0	0.0003	ACSL5	ENSG00000197142
13877.0	0.0003	ZBTB38	ENSG00000177311
13877.0	0.0003	PIK3AP1	ENSG00000155629
13877.0	0.0003	ZC3H11A	ENSG00000058673
13877.0	0.0003	CLEC10A	ENSG00000132514
13877.0	0.0003	SELENOH	ENSG00000211450
13877.0	0.0003	ANKAR	ENSG00000151687
13877.0	0.0003	PLXNB2	ENSG00000196576
13877.0	0.0003	CD69	ENSG00000110848
13877.0	0.0003	GALK1	ENSG00000108479
13877.0	0.0003	LAT	ENSG00000213658
13877.0	0.0003	MRPL55	ENSG00000162910
13877.0	0.0003	DTX3	ENSG00000178498
13877.0	0.0003	PPP1R2	ENSG00000184203
13877.0	0.0003	GAB4	ENSG00000215568
13877.0	0.0003	CRISP3	ENSG00000096006
13877.0	0.0003	SPIRE2	ENSG00000204991
13877.0	0.0003	KYAT1	ENSG00000171097
13877.0	0.0003	CC2D1A	ENSG00000132024
13877.0	0.0003	TGIF2	ENSG00000118707
13877.0	0.0003	SENP2	ENSG00000163904
13877.0	0.0003	TRMT9B	ENSG00000250305
13877.0	0.0003	TFG	ENSG00000114354
13877.0	0.0003	DCUN1D1	ENSG00000043093
13877.0	0.0003	SAC3D1	ENSG00000168061
13877.0	0.0003	DTX3L	ENSG00000163840
13877.0	0.0003	CRB1	ENSG00000134376
13877.0	0.0003	MRPL46	ENSG00000259494
13877.0	0.0003	NEGR1	ENSG00000172260
13877.0	0.0003	AADAT	ENSG00000109576
13877.0	0.0003	GRHL3	ENSG00000158055
13877.0	0.0003	AJM1	ENSG00000232434
13877.0	0.0003	TMEM106C	ENSG00000134291
13877.0	0.0003	SYN3	ENSG00000185666
13877.0	0.0003	TLL2	ENSG00000095587
13877.0	0.0003	DOCK2	ENSG00000134516
13877.0	0.0003	WWC3	ENSG00000047644
13877.0	0.0003	ESPNL	ENSG00000144488
13877.0	0.0003	IGFBP5	ENSG00000115461
13877.0	0.0003	ZCCHC12	ENSG00000174460
13877.0	0.0003	REL	ENSG00000162924
13877.0	0.0003	RFXANK	ENSG00000064490
13877.0	0.0003	SMYD5	ENSG00000135632
13877.0	0.0003	HES4	ENSG00000188290
13877.0	0.0003	HBP1	ENSG00000105856
13877.0	0.0003	RNF113B	ENSG00000139797
13877.0	0.0003	PTK6	ENSG00000101213
13877.0	0.0003	TOX3	ENSG00000103460
13877.0	0.0003	PRPH2	ENSG00000112619
13877.0	0.0003	DSC1	ENSG00000134765
13877.0	0.0003	NPR3	ENSG00000113389
13877.0	0.0003	CBLL1	ENSG00000105879
13877.0	0.0003	MAP4K1	ENSG00000104814
13877.0	0.0003	LYZL1	ENSG00000120563
13877.0	0.0003	LYZL2	ENSG00000151033
13877.0	0.0003	HPS6	ENSG00000166189
13877.0	0.0003	THEM4	ENSG00000159445
13877.0	0.0003	ZBP1	ENSG00000124256
13877.0	0.0003	CNOT2	ENSG00000111596
13877.0	0.0003	PHKG1	ENSG00000164776
13877.0	0.0003	BTK	ENSG00000010671
13877.0	0.0003	MKLN1	ENSG00000128585
13877.0	0.0003	RECK	ENSG00000122707
13877.0	0.0003	PHACTR3	ENSG00000087495
13877.0	0.0003	CIRBP	ENSG00000099622
13877.0	0.0003	PHKA2	ENSG00000044446
13877.0	0.0003	ZKSCAN5	ENSG00000196652
13877.0	0.0003	SPATC1	ENSG00000186583
13877.0	0.0003	INTS12	ENSG00000138785
13877.0	0.0003	MIIP	ENSG00000116691
13877.0	0.0003	LMO4	ENSG00000143013
13877.0	0.0003	MMP11	ENSG00000099953
13877.0	0.0003	SAP30L	ENSG00000164576
13877.0	0.0003	ACOX1	ENSG00000161533
13877.0	0.0003	DHX40	ENSG00000108406
13877.0	0.0003	TUBA8	ENSG00000183785
13877.0	0.0003	RPTN	ENSG00000215853
13877.0	0.0003	E2F7	ENSG00000165891
13877.0	0.0003	TNFRSF13C	ENSG00000159958
13877.0	0.0003	NPPB	ENSG00000120937
13877.0	0.0003	TNKS1BP1	ENSG00000149115
13877.0	0.0003	CNOT11	ENSG00000158435
13877.0	0.0003	PCCB	ENSG00000114054
13877.0	0.0003	TTC4	ENSG00000243725
13877.0	0.0003	WDR33	ENSG00000136709
13877.0	0.0003	RNF19A	ENSG00000034677
13877.0	0.0003	MRPL9	ENSG00000143436
13877.0	0.0003	CGNL1	ENSG00000128849
13877.0	0.0003	RAB22A	ENSG00000124209
13877.0	0.0003	DOK1	ENSG00000115325
13877.0	0.0003	UNC119	ENSG00000109103
13877.0	0.0003	FCGR2B	ENSG00000072694
13877.0	0.0003	CCL17	ENSG00000102970
13877.0	0.0003	GRID1	ENSG00000182771
13877.0	0.0003	PHKB	ENSG00000102893
13877.0	0.0003	PHF19	ENSG00000119403
13877.0	0.0003	PHF1	ENSG00000112511
13877.0	0.0003	MBTD1	ENSG00000011258
13877.0	0.0003	RAD51AP2	ENSG00000214842
13877.0	0.0003	INPP5D	ENSG00000168918
13877.0	0.0003	CTCFL	ENSG00000124092
13877.0	0.0003	RPH3A	ENSG00000089169
13877.0	0.0003	MRPL34	ENSG00000130312
13877.0	0.0003	CPSF4	ENSG00000160917
13877.0	0.0003	KYAT3	ENSG00000137944
13877.0	0.0003	KLHL11	ENSG00000178502
13877.0	0.0003	KCTD5	ENSG00000167977
13877.0	0.0003	SRL	ENSG00000185739
13877.0	0.0003	MRPL47	ENSG00000136522
13877.0	0.0003	SH3BP2	ENSG00000087266
13877.0	0.0003	DOC2B	ENSG00000272636
13877.0	0.0003	LCP2	ENSG00000043462
13877.0	0.0003	CXADR	ENSG00000154639
13877.0	0.0003	STXBP4	ENSG00000166263
13877.0	0.0003	PLEKHG4B	ENSG00000153404
13877.0	0.0003	RBM7	ENSG00000076053
13877.0	0.0003	NOL4L	ENSG00000197183
13877.0	0.0003	FNBP1L	ENSG00000137942
13877.0	0.0003	FCER1G	ENSG00000158869
13877.0	0.0003	OPA1	ENSG00000198836
13877.0	0.0003	TMF1	ENSG00000144747
13877.0	0.0003	KLHL10	ENSG00000161594
13877.0	0.0003	YIPF3	ENSG00000137207
13877.0	0.0003	TMED6	ENSG00000157315
13877.0	0.0003	RAPGEF4	ENSG00000091428
13877.0	0.0003	NOM1	ENSG00000146909
13877.0	0.0003	ARPP21	ENSG00000172995
13877.0	0.0003	RAB24	ENSG00000169228
13877.0	0.0003	SPRY4	ENSG00000187678
13877.0	0.0003	MKX	ENSG00000150051
13877.0	0.0003	TIMM9	ENSG00000100575
13877.0	0.0003	YIPF6	ENSG00000181704
13877.0	0.0003	SAP30BP	ENSG00000161526
13877.0	0.0003	R3HDM1	ENSG00000048991
13877.0	0.0003	BTBD1	ENSG00000064726
13877.0	0.0003	TRAM2	ENSG00000065308
13877.0	0.0003	UVSSA	ENSG00000163945
13877.0	0.0003	NFE2L1	ENSG00000082641
13877.0	0.0003	BAZ2A	ENSG00000076108
13877.0	0.0003	FCRL5	ENSG00000143297
13877.0	0.0003	MGMT	ENSG00000170430
13877.0	0.0003	SIRPG	ENSG00000089012
13877.0	0.0003	PFKFB2	ENSG00000123836
13877.0	0.0003	FCER1A	ENSG00000179639
13877.0	0.0003	RUNX1T1	ENSG00000079102
13877.0	0.0003	RHPN2	ENSG00000131941
13877.0	0.0003	PARN	ENSG00000140694
13877.0	0.0003	MAP4K5	ENSG00000012983
13877.0	0.0003	SMIM20	ENSG00000250317
13877.0	0.0003	PI4K2B	ENSG00000038210
13877.0	0.0003	TIRAP	ENSG00000150455
13877.0	0.0003	MRPL42	ENSG00000198015
13877.0	0.0003	MXD1	ENSG00000059728
13877.0	0.0003	NKD2	ENSG00000145506
13877.0	0.0003	RHPN1	ENSG00000158106
13877.0	0.0003	FCMR	ENSG00000162894
13877.0	0.0003	FRZB	ENSG00000162998
13877.0	0.0003	ABCA12	ENSG00000144452
13877.0	0.0003	ANO1	ENSG00000131620
13877.0	0.0003	PDCL	ENSG00000136940
13877.0	0.0003	MYO7A	ENSG00000137474
13877.0	0.0003	PLEKHF2	ENSG00000175895
13877.0	0.0003	KCTD11	ENSG00000213859
13877.0	0.0003	MRPL10	ENSG00000159111
13877.0	0.0003	MOGAT3	ENSG00000106384
13877.0	0.0003	CD40	ENSG00000101017
13877.0	0.0003	KREMEN2	ENSG00000131650
13877.0	0.0003	IGFALS	ENSG00000099769
13877.0	0.0003	IL1R1	ENSG00000115594
13877.0	0.0003	PYCARD	ENSG00000103490
13877.0	0.0003	PPP5C	ENSG00000011485
13877.0	0.0003	DAAM2	ENSG00000146122
13877.0	0.0003	EDIL3	ENSG00000164176
13877.0	0.0003	ZNF606	ENSG00000166704
13877.0	0.0003	CD34	ENSG00000174059
13877.0	0.0003	FGL2	ENSG00000127951
13877.0	0.0003	APOA5	ENSG00000110243
13877.0	0.0003	TCP11	ENSG00000124678
13877.0	0.0003	NAP1L5	ENSG00000177432
13877.0	0.0003	ITIH4	ENSG00000055955
13877.0	0.0003	CLDN12	ENSG00000157224
13877.0	0.0003	PYDC1	ENSG00000169900
13877.0	0.0003	SLC25A5	ENSG00000005022
13877.0	0.0003	RBM42	ENSG00000126254
13877.0	0.0003	TRIM63	ENSG00000158022
13877.0	0.0003	FKBP3	ENSG00000100442
13877.0	0.0003	GON4L	ENSG00000116580
13877.0	0.0003	PAQR3	ENSG00000163291
13877.0	0.0003	PLIN2	ENSG00000147872
13877.0	0.0003	RHOBTB3	ENSG00000164292
13877.0	0.0003	OR5AC2	ENSG00000196578
13877.0	0.0003	ARL4A	ENSG00000122644
13877.0	0.0003	ABCB4	ENSG00000005471
13877.0	0.0003	CAPN1	ENSG00000014216
13877.0	0.0003	TNFRSF21	ENSG00000146072
13877.0	0.0003	MRM3	ENSG00000171861
13877.0	0.0003	IDE	ENSG00000119912
13877.0	0.0003	ZNF219	ENSG00000165804
13877.0	0.0003	G0S2	ENSG00000123689
13877.0	0.0003	SBNO1	ENSG00000139697
13877.0	0.0003	PI4K2A	ENSG00000155252
13877.0	0.0003	HYKK	ENSG00000188266
13877.0	0.0003	FRS3	ENSG00000137218
13877.0	0.0003	LRRFIP2	ENSG00000093167
13877.0	0.0003	EBF2	ENSG00000221818
13877.0	0.0003	BRS3	ENSG00000102239
13877.0	0.0003	IGSF11	ENSG00000144847
13877.0	0.0003	BAALC	ENSG00000164929
13877.0	0.0003	CAPN7	ENSG00000131375
13877.0	0.0003	FBXO32	ENSG00000156804
13877.0	0.0003	EID1	ENSG00000255302
13877.0	0.0003	LYPD4	ENSG00000183103
13877.0	0.0003	GNB3	ENSG00000111664
13877.0	0.0003	OR1J2	ENSG00000197233
13877.0	0.0003	EPS8L2	ENSG00000177106
13877.0	0.0003	ZFHX3	ENSG00000140836
13877.0	0.0003	PLCD1	ENSG00000187091
13877.0	0.0003	PLCD3	ENSG00000161714
13877.0	0.0003	PLCD4	ENSG00000115556
13877.0	0.0003	SBNO2	ENSG00000064932
13877.0	0.0003	BTN3A1	ENSG00000026950
13877.0	0.0003	OMA1	ENSG00000162600
13877.0	0.0003	ILF2	ENSG00000143621
13877.0	0.0003	MARK3	ENSG00000075413
13877.0	0.0003	SLC25A6	ENSG00000169100
13877.0	0.0003	ABTB1	ENSG00000114626
13877.0	0.0003	KIF17	ENSG00000117245
13877.0	0.0003	OR52N4	ENSG00000181074
13877.0	0.0003	CWC22	ENSG00000163510
13877.0	0.0003	FGL1	ENSG00000104760
13877.0	0.0003	MAGOHB	ENSG00000111196
13877.0	0.0003	KLF16	ENSG00000129911
13877.0	0.0003	ELF5	ENSG00000135374
13877.0	0.0003	PTGR3	ENSG00000180011
13877.0	0.0003	SLC2A2	ENSG00000163581
13877.0	0.0003	EIF1AY	ENSG00000198692
13877.0	0.0003	HOMEZ	ENSG00000215271
13877.0	0.0003	EBF4	ENSG00000088881
13877.0	0.0003	VPS28	ENSG00000160948
13877.0	0.0003	CCL7	ENSG00000108688
13877.0	0.0003	EEF1B2	ENSG00000114942
13877.0	0.0003	MYOZ2	ENSG00000172399
13877.0	0.0003	TFPI2	ENSG00000105825
13877.0	0.0003	MAP6	ENSG00000171533
13877.0	0.0003	SUOX	ENSG00000139531
13877.0	0.0003	PTPN2	ENSG00000175354
13877.0	0.0003	NOSIP	ENSG00000142546
13877.0	0.0003	NUDT2	ENSG00000164978
13877.0	0.0003	AAMP	ENSG00000127837
13877.0	0.0003	CUL5	ENSG00000166266
13877.0	0.0003	RFX5	ENSG00000143390
13877.0	0.0003	CRHR1	ENSG00000120088
13877.0	0.0003	PLCZ1	ENSG00000139151
13877.0	0.0003	TMOD2	ENSG00000128872
13877.0	0.0003	BIRC2	ENSG00000110330
13877.0	0.0003	YIPF4	ENSG00000119820
13877.0	0.0003	MME	ENSG00000196549
13877.0	0.0003	MANEA	ENSG00000172469
13877.0	0.0003	GABPB1	ENSG00000104064
13877.0	0.0003	TICAM1	ENSG00000127666
13877.0	0.0003	FRMD7	ENSG00000165694
13877.0	0.0003	CD247	ENSG00000198821
13877.0	0.0003	CD3E	ENSG00000198851
13877.0	0.0003	CD3G	ENSG00000160654
13877.0	0.0003	CD3D	ENSG00000167286
13877.0	0.0003	CSF3	ENSG00000108342
13877.0	0.0003	CYB561D2	ENSG00000114395
13877.0	0.0003	IL1A	ENSG00000115008
13877.0	0.0003	DCUN1D2	ENSG00000150401
13877.0	0.0003	GPS1	ENSG00000169727
13877.0	0.0003	DCUN1D5	ENSG00000137692
13877.0	0.0003	GFER	ENSG00000127554
13877.0	0.0003	DNAJB4	ENSG00000162616
13877.0	0.0003	TICAM2	ENSG00000243414
13877.0	0.0003	ETV3	ENSG00000117036
13877.0	0.0003	PELI1	ENSG00000197329
13877.0	0.0003	CD86	ENSG00000114013
13877.0	0.0003	UBP1	ENSG00000153560
13877.0	0.0003	CASP7	ENSG00000165806
13877.0	0.0003	TRPM8	ENSG00000144481
13877.0	0.0003	THUMPD3	ENSG00000134077
13877.0	0.0003	DOCK3	ENSG00000088538
13877.0	0.0003	PPP1R3B	ENSG00000173281
13877.0	0.0003	KIF22	ENSG00000079616
13877.0	0.0003	PELI3	ENSG00000174516
13877.0	0.0003	BID	ENSG00000015475
13877.0	0.0003	UBE2G2	ENSG00000184787
13877.0	0.0003	RAB1B	ENSG00000174903
13877.0	0.0003	ZBTB4	ENSG00000174282
13877.0	0.0003	MAP3K12	ENSG00000139625
13877.0	0.0003	F10	ENSG00000126218
13877.0	0.0003	PIP4K2C	ENSG00000166908
13877.0	0.0003	TST	ENSG00000128311
13877.0	0.0003	RLBP1	ENSG00000140522
13877.0	0.0003	SOCS2	ENSG00000120833
13877.0	0.0003	CCL23	ENSG00000167236
13877.0	0.0003	PAG1	ENSG00000076641
13877.0	0.0003	CEP68	ENSG00000011523
13877.0	0.0003	PIP4K2A	ENSG00000150867
13877.0	0.0003	TNFAIP3	ENSG00000118503
13877.0	0.0003	PIP4K2B	ENSG00000141720
13877.0	0.0003	AKAP12	ENSG00000131016
13877.0	0.0003	MPST	ENSG00000128309
13877.0	0.0003	CAPN13	ENSG00000162949
13877.0	0.0003	PPP1R9A	ENSG00000158528
13877.0	0.0003	IL1RAP	ENSG00000196083
13877.0	0.0003	GCC2	ENSG00000135968
13877.0	0.0003	RPS19BP1	ENSG00000187051
13877.0	0.0003	COQ10A	ENSG00000135469
13877.0	0.0003	COQ10B	ENSG00000115520
13877.0	0.0003	KCTD6	ENSG00000168301
13877.0	0.0003	ABTB2	ENSG00000166016
13877.0	0.0003	ARG2	ENSG00000081181
13877.0	0.0003	NNMT	ENSG00000166741
13877.0	0.0003	MZF1	ENSG00000099326
13877.0	0.0003	PELI2	ENSG00000139946
13877.0	0.0003	RASSF7	ENSG00000099849
13877.0	0.0003	PRDM2	ENSG00000116731
13877.0	0.0003	PPP1R3D	ENSG00000132825
13877.0	0.0003	TNFRSF6B	ENSG00000243509
13877.0	0.0003	SAP25	ENSG00000205307
13877.0	0.0003	NCOA5	ENSG00000124160
13877.0	0.0003	DCUN1D3	ENSG00000188215
13877.0	0.0003	PTPN12	ENSG00000127947
13877.0	0.0003	JAZF1	ENSG00000153814
13877.0	0.0003	CAPN9	ENSG00000135773
13877.0	0.0003	NETO2	ENSG00000171208
13877.0	0.0003	FOXN2	ENSG00000170802
13877.0	0.0003	SOCS7	ENSG00000174111
13877.0	0.0003	CAPN12	ENSG00000182472
13877.0	0.0003	TOMM40L	ENSG00000158882
13877.0	0.0003	RALY	ENSG00000125970
13877.0	0.0003	PIP5KL1	ENSG00000167103
13877.0	0.0003	ITGAE	ENSG00000083457
13877.0	0.0003	ITGAD	ENSG00000156886
13877.0	0.0003	TNS4	ENSG00000131746
13877.0	0.0003	CCN4	ENSG00000104415
13877.0	0.0003	EIF5AL1	ENSG00000253626
13877.0	0.0003	CD19	ENSG00000177455
13877.0	0.0003	ABRA	ENSG00000174429
13877.0	0.0003	ENTPD2	ENSG00000054179
13877.0	0.0003	PSCA	ENSG00000167653
13877.0	0.0003	PLEK	ENSG00000115956
13877.0	0.0003	RAP2A	ENSG00000125249
13877.0	0.0003	SLC26A3	ENSG00000091138
13877.0	0.0003	CAPN2	ENSG00000162909
13877.0	0.0003	TK1	ENSG00000167900
13877.0	0.0003	GALE	ENSG00000117308
13877.0	0.0003	HGSNAT	ENSG00000165102
13877.0	0.0003	DDX43	ENSG00000080007
13877.0	0.0003	CAPN5	ENSG00000149260
13877.0	0.0003	EFS	ENSG00000100842
13877.0	0.0003	GUCY2C	ENSG00000070019
13877.0	0.0003	KHSRP	ENSG00000088247
13877.0	0.0003	TNFRSF13B	ENSG00000240505
13877.0	0.0003	ADGB	ENSG00000118492
13877.0	0.0003	CAPN11	ENSG00000137225
13877.0	0.0003	CAPN14	ENSG00000214711
13877.0	0.0003	ZNF804A	ENSG00000170396
13877.0	0.0003	VAMP5	ENSG00000168899
13877.0	0.0003	INPPL1	ENSG00000165458
13877.0	0.0003	TYK2	ENSG00000105397
13877.0	0.0003	MKNK1	ENSG00000079277
13877.0	0.0003	CD1C	ENSG00000158481
13877.0	0.0003	TMEM81	ENSG00000174529
13877.0	0.0003	CDA	ENSG00000158825
13877.0	0.0003	PTPN9	ENSG00000169410
13877.0	0.0003	MPV17	ENSG00000115204
13877.0	0.0003	NOBOX	ENSG00000106410
13877.0	0.0003	RETN	ENSG00000104918
13877.0	0.0003	COPS3	ENSG00000141030
13877.0	0.0003	PPP1R3A	ENSG00000154415
13877.0	0.0003	SSX2IP	ENSG00000117155
13877.0	0.0003	FAIM2	ENSG00000135472
13877.0	0.0003	ZNF365	ENSG00000138311
13877.0	0.0003	TNFRSF10B	ENSG00000120889
13877.0	0.0003	LY96	ENSG00000154589
13877.0	0.0003	TNFSF13B	ENSG00000102524
13877.0	0.0003	MAN1A2	ENSG00000198162
13877.0	0.0003	SH2D1B	ENSG00000198574
13877.0	0.0003	MNDA	ENSG00000163563
13877.0	0.0003	PDCD6	ENSG00000249915
13877.0	0.0003	KBTBD7	ENSG00000120696
13877.0	0.0003	DUX4L7	ENSG00000258755
13877.0	0.0003	NXF2	ENSG00000185554
13877.0	0.0003	TFDP3	ENSG00000183434
13877.0	0.0003	DUX4L4	ENSG00000258834
13877.0	0.0003	ALS2	ENSG00000003393
13877.0	0.0003	IDO2	ENSG00000188676
13877.0	0.0003	MYLK4	ENSG00000145949
13877.0	0.0003	DUX4L1	ENSG00000258389
13877.0	0.0003	NXF2B	ENSG00000185945
13877.0	0.0003	ECSIT	ENSG00000130159
13877.0	0.0003	NXF3	ENSG00000147206
13877.0	0.0003	RBMXL1	ENSG00000213516
13877.0	0.0003	AKTIP	ENSG00000166971
13877.0	0.0003	ANKFY1	ENSG00000185722
13877.0	0.0003	MYOZ3	ENSG00000164591
13877.0	0.0003	MXD4	ENSG00000123933
13877.0	0.0003	KCND1	ENSG00000102057
13877.0	0.0003	ERVV-2	ENSG00000268964
13877.0	0.0003	NOX5	ENSG00000255346
13877.0	0.0003	TLN2	ENSG00000171914
13877.0	0.0003	OLR1	ENSG00000173391
13877.0	0.0003	RRP8	ENSG00000132275
13877.0	0.0003	CFAP410	ENSG00000160226
13877.0	0.0003	CXXC4	ENSG00000168772
13877.0	0.0003	EYA3	ENSG00000158161
13877.0	0.0003	LIN28B	ENSG00000187772
13877.0	0.0003	HPX	ENSG00000110169
13877.0	0.0003	ST3GAL3	ENSG00000126091
13877.0	0.0003	ST3GAL4	ENSG00000110080
13877.0	0.0003	RLN1	ENSG00000107018
13877.0	0.0003	SLC35G5	ENSG00000177710
13877.0	0.0003	MYOZ1	ENSG00000177791
13877.0	0.0003	GML	ENSG00000104499
13877.0	0.0003	TCN2	ENSG00000185339
13877.0	0.0003	TAX1BP1	ENSG00000106052
13877.0	0.0003	MYLK2	ENSG00000101306
13877.0	0.0003	GABPA	ENSG00000154727
13877.0	0.0003	MRPL18	ENSG00000112110
13877.0	0.0003	FBXO42	ENSG00000037637
13877.0	0.0003	SLA	ENSG00000155926
13877.0	0.0003	DEDD2	ENSG00000160570
13877.0	0.0003	ZFP62	ENSG00000196670
13877.0	0.0003	CRYBA4	ENSG00000196431
13877.0	0.0003	WDR6	ENSG00000178252
13877.0	0.0003	TNFRSF17	ENSG00000048462
13877.0	0.0003	SLC38A5	ENSG00000017483
13877.0	0.0003	CKAP4	ENSG00000136026
13877.0	0.0003	IKZF4	ENSG00000123411
13877.0	0.0003	UROS	ENSG00000188690
13877.0	0.0003	CYB5A	ENSG00000166347
13877.0	0.0003	PLIN3	ENSG00000105355
13877.0	0.0003	XDH	ENSG00000158125
13877.0	0.0003	DDX46	ENSG00000145833
13877.0	0.0003	WDR17	ENSG00000150627
13877.0	0.0003	KLF14	ENSG00000174595
13877.0	0.0003	ZNF207	ENSG00000010244
13877.0	0.0003	TXK	ENSG00000074966
13877.0	0.0003	NFS1	ENSG00000244005
13877.0	0.0003	ZFP36	ENSG00000128016
13877.0	0.0003	SLC5A1	ENSG00000100170
13877.0	0.0003	PPIF	ENSG00000108179
13877.0	0.0003	MTG2	ENSG00000101181
13877.0	0.0003	LMO7	ENSG00000136153
13877.0	0.0003	FHL5	ENSG00000112214
13877.0	0.0003	KRT18	ENSG00000111057
13877.0	0.0003	FHL3	ENSG00000183386
13877.0	0.0003	IKZF2	ENSG00000030419
13877.0	0.0003	DOK2	ENSG00000147443
13877.0	0.0003	PRICKLE4	ENSG00000124593
13877.0	0.0003	CX3CL1	ENSG00000006210
13877.0	0.0003	STAMBPL1	ENSG00000138134
13877.0	0.0003	TNFSF13	ENSG00000161955
13877.0	0.0003	RBMY1J	ENSG00000226941
13877.0	0.0003	ZDHHC21	ENSG00000175893
13877.0	0.0003	GPR21	ENSG00000188394
13877.0	0.0003	SMYD2	ENSG00000143499
13877.0	0.0003	ALAD	ENSG00000148218
13877.0	0.0003	CSF2RB	ENSG00000100368
13877.0	0.0003	ZNF473	ENSG00000142528
13877.0	0.0003	APOBEC3B	ENSG00000179750
13877.0	0.0003	EXO5	ENSG00000164002
13877.0	0.0003	DIS3L	ENSG00000166938
13877.0	0.0003	GK	ENSG00000198814
13877.0	0.0003	PPP1R7	ENSG00000115685
13877.0	0.0003	LYPLA1	ENSG00000120992
13877.0	0.0003	SOCS4	ENSG00000180008
13877.0	0.0003	KRT8	ENSG00000170421
13877.0	0.0003	ZNF830	ENSG00000198783
13877.0	0.0003	MDN1	ENSG00000112159
13877.0	0.0003	DRG2	ENSG00000108591
13877.0	0.0003	BRINP1	ENSG00000078725
13877.0	0.0003	SRM	ENSG00000116649
13877.0	0.0003	POLR2J2	ENSG00000228049
13877.0	0.0003	POLR2J3	ENSG00000168255
13877.0	0.0003	EDA2R	ENSG00000131080
13877.0	0.0003	DHX29	ENSG00000067248
13877.0	0.0003	SIKE1	ENSG00000052723
13877.0	0.0003	ALOX5	ENSG00000012779
13877.0	0.0003	IDO1	ENSG00000131203
13877.0	0.0003	COX6B2	ENSG00000160471
13877.0	0.0003	MARK1	ENSG00000116141
13877.0	0.0003	HMMR	ENSG00000072571
13877.0	0.0003	SOCS6	ENSG00000170677
13877.0	0.0003	MDFIC	ENSG00000135272
13877.0	0.0003	TNPO1	ENSG00000083312
13877.0	0.0003	BCDIN3D	ENSG00000186666
13877.0	0.0003	ANKRD20A3P	ENSG00000132498
13877.0	0.0003	AS3MT	ENSG00000214435
13877.0	0.0003	NIPSNAP1	ENSG00000184117
13877.0	0.0003	PLEKHO2	ENSG00000241839
13877.0	0.0003	RGS8	ENSG00000135824
13877.0	0.0003	TMEM163	ENSG00000152128
13877.0	0.0003	MPI	ENSG00000178802
13877.0	0.0003	FOXP4	ENSG00000137166
13877.0	0.0003	NHLRC1	ENSG00000187566
13877.0	0.0003	PARVA	ENSG00000197702
13877.0	0.0003	SLC2A14	ENSG00000173262
13877.0	0.0003	CFAP263	ENSG00000103021
13877.0	0.0003	RRP36	ENSG00000124541
13877.0	0.0003	PNMA3	ENSG00000183837
13877.0	0.0003	BLVRA	ENSG00000106605
13877.0	0.0003	PLD3	ENSG00000105223
13877.0	0.0003	SGTA	ENSG00000104969
13877.0	0.0003	PLD4	ENSG00000166428
13877.0	0.0003	CCDC83	ENSG00000150676
13877.0	0.0003	IL17RA	ENSG00000177663
13877.0	0.0003	MPHOSPH6	ENSG00000135698
13877.0	0.0003	SLC25A23	ENSG00000125648
13877.0	0.0003	CKM	ENSG00000104879
13877.0	0.0003	GPS2	ENSG00000132522
13877.0	0.0003	RP11-542C16.2	ENSG00000261915
13877.0	0.0003	SLPI	ENSG00000124107
13877.0	0.0003	SLC2A3	ENSG00000059804
13877.0	0.0003	COX11	ENSG00000166260
13877.0	0.0003	COA6	ENSG00000168275
13877.0	0.0003	RASL10B	ENSG00000141150
13877.0	0.0003	KNDC1	ENSG00000171798
13877.0	0.0003	NMRAL1	ENSG00000153406
13877.0	0.0003	FKBP8	ENSG00000105701
13877.0	0.0003	RTP1	ENSG00000175077
13877.0	0.0003	RTP2	ENSG00000198471
13877.0	0.0003	TOMM20L	ENSG00000196860
13877.0	0.0003	NEFM	ENSG00000104722
13877.0	0.0003	PIK3R4	ENSG00000196455
13877.0	0.0003	PTPRN2	ENSG00000155093
13877.0	0.0003	DDX4	ENSG00000152670
13877.0	0.0003	ANKRD20A2P	ENSG00000183148
13877.0	0.0003	ERI2	ENSG00000196678
13877.0	0.0003	UBASH3A	ENSG00000160185
13877.0	0.0003	CHGA	ENSG00000100604
13877.0	0.0003	EID2	ENSG00000176396
13877.0	0.0003	PPOX	ENSG00000143224
13877.0	0.0003	MUTYH	ENSG00000132781
13877.0	0.0003	POLR3GL	ENSG00000121851
13877.0	0.0003	BAHD1	ENSG00000140320
13877.0	0.0003	H1-4	ENSG00000168298
13877.0	0.0003	ZBED3	ENSG00000132846
13877.0	0.0003	RBBP9	ENSG00000089050
13877.0	0.0003	EGLN3	ENSG00000129521
13877.0	0.0003	ST8SIA1	ENSG00000111728
13877.0	0.0003	SPRY3	ENSG00000168939
13877.0	0.0003	ZBED2	ENSG00000177494
13877.0	0.0003	SURF1	ENSG00000148290
13877.0	0.0003	CTH	ENSG00000116761
13877.0	0.0003	VPS45	ENSG00000136631
13877.0	0.0003	RER1	ENSG00000157916
13877.0	0.0003	TFAM	ENSG00000108064
13877.0	0.0003	SERPINA4	ENSG00000100665
13877.0	0.0003	BEX1	ENSG00000133169
13877.0	0.0003	GZMA	ENSG00000145649
13877.0	0.0003	TRAF4	ENSG00000076604
13877.0	0.0003	KRT34	ENSG00000131737
13877.0	0.0003	UBASH3B	ENSG00000154127
13877.0	0.0003	HCST	ENSG00000126264
13877.0	0.0003	NOD2	ENSG00000167207
13877.0	0.0003	DSG2	ENSG00000046604
13877.0	0.0003	CAMK1	ENSG00000134072
13877.0	0.0003	CD274	ENSG00000120217
13877.0	0.0003	GABRG1	ENSG00000163285
13877.0	0.0003	ITPK1	ENSG00000100605
13877.0	0.0003	RBM3	ENSG00000102317
13877.0	0.0003	PPIL1	ENSG00000137168
13877.0	0.0003	CFAP251	ENSG00000158023
13877.0	0.0003	SURF6	ENSG00000148296
13877.0	0.0003	SIRPB1	ENSG00000101307
13877.0	0.0003	SLC29A1	ENSG00000112759
13877.0	0.0003	MEX3D	ENSG00000181588
13877.0	0.0003	EGLN2	ENSG00000269858
13877.0	0.0003	EML4	ENSG00000143924
13877.0	0.0003	RNF185	ENSG00000138942
13877.0	0.0003	RPRD1B	ENSG00000101413
13877.0	0.0003	HACD2	ENSG00000206527
13877.0	0.0003	IFNA2	ENSG00000188379
13877.0	0.0003	CSH1	ENSG00000136488
13877.0	0.0003	NVL	ENSG00000143748
13877.0	0.0003	ACADL	ENSG00000115361
13877.0	0.0003	SUGT1	ENSG00000165416
13877.0	0.0003	KLRG1	ENSG00000139187
13877.0	0.0003	CAMK1G	ENSG00000008118
13877.0	0.0003	IFNA17	ENSG00000234829
13877.0	0.0003	BNC1	ENSG00000169594
13877.0	0.0003	FSTL1	ENSG00000163430
13877.0	0.0003	GPX7	ENSG00000116157
13877.0	0.0003	SYTL4	ENSG00000102362
13877.0	0.0003	SUPV3L1	ENSG00000156502
13877.0	0.0003	RPRD1A	ENSG00000141425
13877.0	0.0003	LEPR	ENSG00000116678
13877.0	0.0003	IFNA21	ENSG00000137080
13877.0	0.0003	IFNA8	ENSG00000120242
13877.0	0.0003	IFNA10	ENSG00000186803
13877.0	0.0003	IFNA4	ENSG00000236637
13877.0	0.0003	IFNA5	ENSG00000147873
13877.0	0.0003	IFNA14	ENSG00000228083
13877.0	0.0003	IFNA6	ENSG00000120235
13877.0	0.0003	IFNA7	ENSG00000214042
13877.0	0.0003	GPN1	ENSG00000198522
13877.0	0.0003	IFNA16	ENSG00000147885
13877.0	0.0003	TTYH3	ENSG00000136295
13877.0	0.0003	SPIB	ENSG00000269404
13877.0	0.0003	MICAL3	ENSG00000243156
13877.0	0.0003	ICOS	ENSG00000163600
13877.0	0.0003	ERCC6L2	ENSG00000182150
13877.0	0.0003	FXYD7	ENSG00000221946
13877.0	0.0003	FXYD1	ENSG00000266964
13877.0	0.0003	SORBS2	ENSG00000154556
13877.0	0.0003	ACIN1	ENSG00000100813
13877.0	0.0003	INPP5J	ENSG00000185133
13877.0	0.0003	RCHY1	ENSG00000163743
13877.0	0.0003	RPE65	ENSG00000116745
13877.0	0.0003	TRPM5	ENSG00000070985
13877.0	0.0003	MZB1	ENSG00000170476
13877.0	0.0003	FXYD6	ENSG00000137726
13877.0	0.0003	IFNGR2	ENSG00000159128
13877.0	0.0003	PRSS3	ENSG00000010438
13877.0	0.0003	SCO1	ENSG00000133028
13877.0	0.0003	SLC6A7	ENSG00000011083
13877.0	0.0003	VDAC2	ENSG00000165637
13877.0	0.0003	BTLA	ENSG00000186265
13877.0	0.0003	MICAL2	ENSG00000133816
13877.0	0.0003	FXYD4	ENSG00000150201
13877.0	0.0003	AQR	ENSG00000021776
13877.0	0.0003	RLN2	ENSG00000107014
13877.0	0.0003	RRP15	ENSG00000067533
13877.0	0.0003	GABRE	ENSG00000102287
13877.0	0.0003	GREM2	ENSG00000180875
13877.0	0.0003	FXYD3	ENSG00000089356
13877.0	0.0003	SLC2A5	ENSG00000142583
13877.0	0.0003	ST3GAL1	ENSG00000008513
13877.0	0.0003	CTSO	ENSG00000256043
13877.0	0.0003	IGFBP1	ENSG00000146678
13877.0	0.0003	GABRP	ENSG00000094755
13877.0	0.0003	GH1	ENSG00000259384
13877.0	0.0003	ANO2	ENSG00000047617
13877.0	0.0003	MRPS27	ENSG00000113048
13877.0	0.0003	CITED1	ENSG00000125931
13877.0	0.0003	HNRNPH3	ENSG00000096746
13877.0	0.0003	GAP43	ENSG00000172020
13877.0	0.0003	RCC1	ENSG00000180198
13877.0	0.0003	ZFAND2A	ENSG00000178381
13877.0	0.0003	NGDN	ENSG00000129460
13877.0	0.0003	KLRD1	ENSG00000134539
13877.0	0.0003	ODF1	ENSG00000155087
13877.0	0.0003	ELOVL1	ENSG00000066322
13877.0	0.0003	GPR20	ENSG00000204882
13877.0	0.0003	EXD1	ENSG00000178997
13877.0	0.0003	NUDT1	ENSG00000106268
13877.0	0.0003	CD33	ENSG00000105383
13877.0	0.0003	PILRA	ENSG00000085514
13877.0	0.0003	MICALL2	ENSG00000164877
13877.0	0.0003	ACSL6	ENSG00000164398
13877.0	0.0003	PDCD1LG2	ENSG00000197646
13877.0	0.0003	USP4	ENSG00000114316
13877.0	0.0003	TTC27	ENSG00000018699
13877.0	0.0003	MRFAP1	ENSG00000179010
13877.0	0.0003	LIPT2	ENSG00000175536
13877.0	0.0003	PRMT3	ENSG00000185238
13877.0	0.0003	CTDSP1	ENSG00000144579
13877.0	0.0003	EIF1B	ENSG00000114784
13877.0	0.0003	PTPRC	ENSG00000081237
13877.0	0.0003	PMEPA1	ENSG00000124225
13877.0	0.0003	CLEC6A	ENSG00000205846
13877.0	0.0003	SH2D2A	ENSG00000027869
13877.0	0.0003	CTDSP2	ENSG00000175215
13877.0	0.0003	TIFA	ENSG00000145365
13877.0	0.0003	FYB1	ENSG00000082074
13877.0	0.0003	PRKCSH	ENSG00000130175
13877.0	0.0003	CTDSPL	ENSG00000144677
13877.0	0.0003	NMT1	ENSG00000136448
13877.0	0.0003	ACSBG2	ENSG00000130377
13877.0	0.0003	CNGB3	ENSG00000170289
13877.0	0.0003	SMUG1	ENSG00000123415
13877.0	0.0003	KTI12	ENSG00000198841
13877.0	0.0003	CHRDL2	ENSG00000054938
13877.0	0.0003	NIF3L1	ENSG00000196290
13877.0	0.0003	APBA3	ENSG00000011132
13877.0	0.0003	DOK4	ENSG00000125170
13877.0	0.0003	TMOD4	ENSG00000163157
13877.0	0.0003	OXA1L	ENSG00000155463
13877.0	0.0003	MAGEF1	ENSG00000177383
13877.0	0.0003	E2F8	ENSG00000129173
13877.0	0.0003	SCN11A	ENSG00000168356
13877.0	0.0003	ELOVL6	ENSG00000170522
13877.0	0.0003	MPZL1	ENSG00000197965
13877.0	0.0003	TCN1	ENSG00000134827
13877.0	0.0003	TNFRSF10D	ENSG00000173530
13877.0	0.0003	GPX3	ENSG00000211445
13877.0	0.0003	SLC46A1	ENSG00000076351
13877.0	0.0003	STK11IP	ENSG00000144589
13877.0	0.0003	DNASE1L2	ENSG00000167968
13877.0	0.0003	RAB5B	ENSG00000111540
13877.0	0.0003	FRK	ENSG00000111816
13877.0	0.0003	FOXA3	ENSG00000170608
13877.0	0.0003	LCE3D	ENSG00000163202
13877.0	0.0003	DMRT3	ENSG00000064218
13877.0	0.0003	SLC30A3	ENSG00000115194
13877.0	0.0003	ACOT2	ENSG00000119673
13877.0	0.0003	ACOT1	ENSG00000184227
13877.0	0.0003	SIGIRR	ENSG00000185187
13877.0	0.0003	S100A6	ENSG00000197956
13877.0	0.0003	AZIN1	ENSG00000155096
13877.0	0.0003	IL36B	ENSG00000136696
13877.0	0.0003	GGCT	ENSG00000006625
13877.0	0.0003	FABP3	ENSG00000121769
13877.0	0.0003	IL12RB1	ENSG00000096996
13877.0	0.0003	APBB3	ENSG00000113108
13877.0	0.0003	CSF3R	ENSG00000119535
13877.0	0.0003	SPAG4	ENSG00000061656
13877.0	0.0003	ACOT4	ENSG00000177465
13877.0	0.0003	POU4F3	ENSG00000091010
13877.0	0.0003	IFNAR2	ENSG00000159110
13877.0	0.0003	RO60	ENSG00000116747
13877.0	0.0003	AXL	ENSG00000167601
13877.0	0.0003	STRN3	ENSG00000196792
13877.0	0.0003	IL22RA1	ENSG00000142677
13877.0	0.0003	STRN	ENSG00000115808
13877.0	0.0003	CSN2	ENSG00000135222
13877.0	0.0003	CNTFR	ENSG00000122756
13877.0	0.0003	OSMR	ENSG00000145623
13877.0	0.0003	IL10RA	ENSG00000110324
13877.0	0.0003	IL12RB2	ENSG00000081985
13877.0	0.0003	AKAP10	ENSG00000108599
13877.0	0.0003	BATF	ENSG00000156127
13877.0	0.0003	RAB36	ENSG00000100228
13877.0	0.0003	IL20RB	ENSG00000174564
13877.0	0.0003	QPCT	ENSG00000115828
13877.0	0.0003	IL13RA1	ENSG00000131724
13877.0	0.0003	TSHZ1	ENSG00000179981
13877.0	0.0003	IL15RA	ENSG00000134470
13877.0	0.0003	RBM34	ENSG00000188739
13877.0	0.0003	IL20RA	ENSG00000016402
13877.0	0.0003	IFNLR1	ENSG00000185436
13877.0	0.0003	IL9R	ENSG00000124334
13877.0	0.0003	IL21R	ENSG00000103522
13877.0	0.0003	PANX1	ENSG00000110218
13877.0	0.0003	ELMOD1	ENSG00000110675
13877.0	0.0003	FLRT3	ENSG00000125848
13877.0	0.0003	ERAS	ENSG00000187682
13877.0	0.0003	CRLF2	ENSG00000205755
13877.0	0.0003	IL22RA2	ENSG00000164485
13877.0	0.0003	SLC33A1	ENSG00000169359
13877.0	0.0003	PINX1	ENSG00000254093
13877.0	0.0003	PCYT1A	ENSG00000161217
13877.0	0.0003	LIPE	ENSG00000079435
13877.0	0.0003	MICOS10	ENSG00000173436
13877.0	0.0003	RP11-420K10.1	ENSG00000270874
13877.0	0.0003	RPAP2	ENSG00000122484
13877.0	0.0003	STRN4	ENSG00000090372
13877.0	0.0003	TLX2	ENSG00000115297
13877.0	0.0003	HES6	ENSG00000144485
13877.0	0.0003	CTTNBP2	ENSG00000077063
13877.0	0.0003	STMN4	ENSG00000015592
13877.0	0.0003	BACH1	ENSG00000156273
13877.0	0.0003	STK24	ENSG00000102572
13877.0	0.0003	MOB4	ENSG00000115540
13877.0	0.0003	TSPY1	ENSG00000258992
13877.0	0.0003	TOB1	ENSG00000141232
13877.0	0.0003	WIPF3	ENSG00000122574
13877.0	0.0003	RAB11FIP2	ENSG00000107560
13877.0	0.0003	TSPYL6	ENSG00000178021
13877.0	0.0003	CD2	ENSG00000116824
13877.0	0.0003	CLASRP	ENSG00000104859
13877.0	0.0003	PDHX	ENSG00000110435
13877.0	0.0003	S100A8	ENSG00000143546
13877.0	0.0003	SLC7A6OS	ENSG00000103061
13877.0	0.0003	F3	ENSG00000117525
13877.0	0.0003	GBP2	ENSG00000162645
13877.0	0.0003	TSPY10	ENSG00000236424
13877.0	0.0003	RNF128	ENSG00000133135
13877.0	0.0003	KIR2DL3	ENSG00000243772
13877.0	0.0003	GCNT3	ENSG00000140297
13877.0	0.0003	SESTD1	ENSG00000187231
13877.0	0.0003	GPX6	ENSG00000198704
13877.0	0.0003	DMWD	ENSG00000185800
13877.0	0.0003	NRN1	ENSG00000124785
13877.0	0.0003	CSRP1	ENSG00000159176
13877.0	0.0003	PKD2L2	ENSG00000078795
13877.0	0.0003	TSPYL5	ENSG00000180543
13877.0	0.0003	TSPYL2	ENSG00000184205
13877.0	0.0003	ELOVL4	ENSG00000118402
13877.0	0.0003	ICAM3	ENSG00000076662
13877.0	0.0003	SIAH2	ENSG00000181788
13877.0	0.0003	TSPYL4	ENSG00000187189
13877.0	0.0003	ERGIC2	ENSG00000087502
13877.0	0.0003	MT2A	ENSG00000125148
13877.0	0.0003	ELMOD2	ENSG00000179387
13877.0	0.0003	TSPYL1	ENSG00000189241
13877.0	0.0003	POU2F3	ENSG00000137709
13877.0	0.0003	GLRX2	ENSG00000023572
13877.0	0.0003	HSF5	ENSG00000176160
13877.0	0.0003	OTUB2	ENSG00000089723
13877.0	0.0003	TSPY2	ENSG00000168757
13877.0	0.0003	STAP2	ENSG00000178078
13877.0	0.0003	TSPY3	ENSG00000228927
13877.0	0.0003	TSPY4	ENSG00000233803
13877.0	0.0003	TSPY8	ENSG00000229549
13877.0	0.0003	SMARCAD1	ENSG00000163104
13877.0	0.0003	CSN1S1	ENSG00000126545
13877.0	0.0003	HSBP1	ENSG00000230989
13877.0	0.0003	TWSG1	ENSG00000128791
13877.0	0.0003	ZNF350	ENSG00000256683
13877.0	0.0003	ELOVL7	ENSG00000164181
13877.0	0.0003	PECR	ENSG00000115425
13877.0	0.0003	CSTA	ENSG00000121552
13877.0	0.0003	STK25	ENSG00000115694
13877.0	0.0003	CPNE7	ENSG00000178773
13877.0	0.0003	NACA2	ENSG00000253506
13877.0	0.0003	SEMA6D	ENSG00000137872
13877.0	0.0003	DEPP1	ENSG00000165507
13877.0	0.0003	INPP5K	ENSG00000132376
13877.0	0.0003	TCEANC2	ENSG00000116205
13877.0	0.0003	HDGFRP2	ENSG00000167674
13877.0	0.0003	SP9	ENSG00000217236
13877.0	0.0003	PIK3C2G	ENSG00000139144
13877.0	0.0003	ARID3B	ENSG00000179361
13877.0	0.0003	ZC3H3	ENSG00000014164
13877.0	0.0003	IPMK	ENSG00000151151
13877.0	0.0003	PPP1R8	ENSG00000117751
13877.0	0.0003	MANBA	ENSG00000109323
13877.0	0.0003	INPP5A	ENSG00000068383
13877.0	0.0003	CASP14	ENSG00000105141
13877.0	0.0003	TM4SF4	ENSG00000169903
13877.0	0.0003	TCEANC	ENSG00000176896
13877.0	0.0003	PTPRK	ENSG00000152894
13877.0	0.0003	CBFB	ENSG00000067955
13877.0	0.0003	SLAMF6	ENSG00000162739
13877.0	0.0003	PMEL	ENSG00000185664
13877.0	0.0003	VWCE	ENSG00000167992
13877.0	0.0003	SUB1	ENSG00000113387
13877.0	0.0003	SLC11A1	ENSG00000018280
13877.0	0.0003	MT1A	ENSG00000205362
13877.0	0.0003	FKBP2	ENSG00000173486
13877.0	0.0003	HYCC1	ENSG00000122591
13877.0	0.0003	TRAF3IP3	ENSG00000009790
13877.0	0.0003	EBAG9	ENSG00000147654
13877.0	0.0003	NACAD	ENSG00000136274
13877.0	0.0003	APBB2	ENSG00000163697
13877.0	0.0003	LCE3B	ENSG00000187238
13877.0	0.0003	MIF	ENSG00000240972
13877.0	0.0003	ZBTB2	ENSG00000181472
13877.0	0.0003	ELOVL2	ENSG00000197977
13877.0	0.0003	PIK3C2B	ENSG00000133056
13877.0	0.0003	PPP6R1	ENSG00000105063
13877.0	0.0003	PRP4K	ENSG00000112739
13877.0	0.0003	RP11-78H18.2	ENSG00000229817
13877.0	0.0003	BCAS2	ENSG00000116752
13877.0	0.0003	BOLA3	ENSG00000163170
13877.0	0.0003	IL1RN	ENSG00000136689
13877.0	0.0003	TBC1D5	ENSG00000131374
13877.0	0.0003	FEV	ENSG00000163497
13877.0	0.0003	CPSF1	ENSG00000071894
13877.0	0.0003	MT1E	ENSG00000169715
13877.0	0.0003	DDX21	ENSG00000165732
13877.0	0.0003	CNTN6	ENSG00000134115
13877.0	0.0003	HAGHL	ENSG00000103253
13877.0	0.0003	TNFRSF12A	ENSG00000006327
13877.0	0.0003	ZC3H18	ENSG00000158545
13877.0	0.0003	NCAM2	ENSG00000154654
13877.0	0.0003	INPP1	ENSG00000151689
13877.0	0.0003	NEO1	ENSG00000067141
13877.0	0.0003	ARK2N	ENSG00000152242
13877.0	0.0003	EFCAB14	ENSG00000159658
13877.0	0.0003	FBRS	ENSG00000156860
13877.0	0.0003	FBRSL1	ENSG00000112787
13877.0	0.0003	GPATCH2	ENSG00000092978
13877.0	0.0003	SIT1	ENSG00000137078
13877.0	0.0003	ATG5	ENSG00000057663
13877.0	0.0003	SERPINB1	ENSG00000021355
13877.0	0.0003	CDC37L1	ENSG00000106993
13877.0	0.0003	COX19	ENSG00000240230
13877.0	0.0003	FSTL3	ENSG00000070404
13877.0	0.0003	CMKLR2	ENSG00000183671
13877.0	0.0003	HEATR4	ENSG00000187105
13877.0	0.0003	DUOX1	ENSG00000137857
13877.0	0.0003	ACAD10	ENSG00000111271
13877.0	0.0003	GCHFR	ENSG00000137880
13877.0	0.0003	INHA	ENSG00000123999
13877.0	0.0003	ITPKA	ENSG00000137825
13877.0	0.0003	ICE2	ENSG00000128915
13877.0	0.0003	ITPKB	ENSG00000143772
13877.0	0.0003	IMPA2	ENSG00000141401
13877.0	0.0003	HNRNPAB	ENSG00000197451
13877.0	0.0003	DUSP11	ENSG00000144048
13877.0	0.0003	IMPA1	ENSG00000133731
13877.0	0.0003	ITPKC	ENSG00000086544
13877.0	0.0003	SH2B2	ENSG00000160999
13877.0	0.0003	TANGO6	ENSG00000103047
13877.0	0.0003	KIR2DL1	ENSG00000125498
13877.0	0.0003	TGM3	ENSG00000125780
13877.0	0.0003	NEK7	ENSG00000151414
13877.0	0.0003	BTF3	ENSG00000145741
13877.0	0.0003	USP6NL	ENSG00000148429
13877.0	0.0003	MPG	ENSG00000103152
13877.0	0.0003	UBAC1	ENSG00000130560
13877.0	0.0003	G3BP2	ENSG00000138757
13877.0	0.0003	CAMP	ENSG00000164047
13877.0	0.0003	BTF3L4	ENSG00000134717
13877.0	0.0003	ALPI	ENSG00000163295
13877.0	0.0003	ALPP	ENSG00000163283
13877.0	0.0003	S100A7	ENSG00000143556
13877.0	0.0003	LCE3E	ENSG00000185966
13877.0	0.0003	TEC	ENSG00000135605
13877.0	0.0003	ALPG	ENSG00000163286
13877.0	0.0003	ELOA2	ENSG00000206181
13877.0	0.0003	KLF9	ENSG00000119138
13877.0	0.0003	GDI1	ENSG00000203879
13877.0	0.0003	TENT4A	ENSG00000112941
13877.0	0.0003	AANAT	ENSG00000129673
13877.0	0.0003	TENT4B	ENSG00000121274
13877.0	0.0003	TYROBP	ENSG00000011600
13877.0	0.0003	MAST2	ENSG00000086015
13877.0	0.0003	ZNF483	ENSG00000173258
13877.0	0.0003	OTULIN	ENSG00000154124
13877.0	0.0003	MYO1A	ENSG00000166866
13877.0	0.0003	CHST6	ENSG00000183196
13877.0	0.0003	CHST5	ENSG00000135702
13877.0	0.0003	LILRB4	ENSG00000186818
13877.0	0.0003	CYP2D6	ENSG00000100197
13877.0	0.0003	RABIF	ENSG00000183155
13877.0	0.0003	TNFSF9	ENSG00000125657
13877.0	0.0003	SLC12A4	ENSG00000124067
13877.0	0.0003	EIF3M	ENSG00000149100
13877.0	0.0003	STRIP2	ENSG00000128578
13877.0	0.0003	MTMR9	ENSG00000104643
13877.0	0.0003	CRTAM	ENSG00000109943
13877.0	0.0003	GTF2A1L	ENSG00000242441
13877.0	0.0003	GPX8	ENSG00000164294
13877.0	0.0003	GRK6	ENSG00000198055
13877.0	0.0003	PPP6R2	ENSG00000100239
13877.0	0.0003	SEMA6A	ENSG00000092421
13877.0	0.0003	PPME1	ENSG00000214517
13877.0	0.0003	LRIT1	ENSG00000148602
13877.0	0.0003	SIGLEC11	ENSG00000161640
13877.0	0.0003	PARVG	ENSG00000138964
13877.0	0.0003	COPRS	ENSG00000172301
13877.0	0.0003	CYP2C19	ENSG00000165841
13877.0	0.0003	SIGLEC7	ENSG00000168995
13877.0	0.0003	TFF2	ENSG00000160181
13877.0	0.0003	RAB33B	ENSG00000172007
13877.0	0.0003	RAB19	ENSG00000146955
13877.0	0.0003	HBZ	ENSG00000130656
13877.0	0.0003	SEMA6B	ENSG00000167680
13877.0	0.0003	RAB43	ENSG00000172780
13877.0	0.0003	B3GALT5	ENSG00000183778
13877.0	0.0003	TFF3	ENSG00000160180
13877.0	0.0003	TRAPPC12	ENSG00000171853
13877.0	0.0003	FRRS1L	ENSG00000260230
13877.0	0.0003	ISL2	ENSG00000159556
13877.0	0.0003	GBX1	ENSG00000164900
13877.0	0.0003	S100A4	ENSG00000196154
13877.0	0.0003	MVB12A	ENSG00000141971
13877.0	0.0003	PARM1	ENSG00000169116
13877.0	0.0003	LCMT1	ENSG00000205629
13877.0	0.0003	TNK1	ENSG00000174292
13877.0	0.0003	STATH	ENSG00000126549
13877.0	0.0003	LRP1B	ENSG00000168702
13877.0	0.0003	COA4	ENSG00000181924
13877.0	0.0003	OPN3	ENSG00000054277
13877.0	0.0003	MAST3	ENSG00000099308
13877.0	0.0003	TMSB4Y	ENSG00000154620
13877.0	0.0003	E4F1	ENSG00000167967
13877.0	0.0003	B3GALT1	ENSG00000172318
13877.0	0.0003	STK35	ENSG00000125834
13877.0	0.0003	USP12	ENSG00000152484
13877.0	0.0003	ATP5PB	ENSG00000116459
13877.0	0.0003	CCDC42	ENSG00000161973
13877.0	0.0003	TOX2	ENSG00000124191
13877.0	0.0003	GPR151	ENSG00000173250
13877.0	0.0003	MVB12B	ENSG00000196814
13877.0	0.0003	PFN3	ENSG00000196570
13877.0	0.0003	GSX2	ENSG00000180613
13877.0	0.0003	SAT2	ENSG00000141504
13877.0	0.0003	RFXAP	ENSG00000133111
13877.0	0.0003	ARHGAP27	ENSG00000159314
13877.0	0.0003	CHML	ENSG00000203668
13877.0	0.0003	CCL22	ENSG00000102962
13877.0	0.0003	LY9	ENSG00000122224
13877.0	0.0003	NKX2-3	ENSG00000119919
13877.0	0.0003	FBXW10B	ENSG00000241322
13877.0	0.0003	HFM1	ENSG00000162669
13877.0	0.0003	BROX	ENSG00000162819
13877.0	0.0003	GUCA1A	ENSG00000048545
13877.0	0.0003	ZNF224	ENSG00000267680
13877.0	0.0003	FBXW2	ENSG00000119402
13877.0	0.0003	RAP2B	ENSG00000181467
13877.0	0.0003	RASL10A	ENSG00000100276
13877.0	0.0003	MAST1	ENSG00000105613
13877.0	0.0003	BARX2	ENSG00000043039
13877.0	0.0003	SPATA4	ENSG00000150628
13877.0	0.0003	DIRAS1	ENSG00000176490
13877.0	0.0003	INTS5	ENSG00000185085
13877.0	0.0003	RAP2C	ENSG00000123728
13877.0	0.0003	PRPF18	ENSG00000165630
13877.0	0.0003	TXNDC9	ENSG00000115514
13877.0	0.0003	B3GALT2	ENSG00000162630
13877.0	0.0003	CCL8	ENSG00000108700
13877.0	0.0003	AUP1	ENSG00000115307
13877.0	0.0003	EAF1	ENSG00000144597
13877.0	0.0003	NHLH2	ENSG00000177551
13877.0	0.0003	CGA	ENSG00000135346
13877.0	0.0003	FOXI2	ENSG00000186766
13877.0	0.0003	GEM	ENSG00000164949
13877.0	0.0003	NLE1	ENSG00000073536
13877.0	0.0003	ZFP64	ENSG00000020256
13877.0	0.0003	DIRAS3	ENSG00000162595
13877.0	0.0003	RBM22	ENSG00000086589
13877.0	0.0003	PRKD2	ENSG00000105287
13877.0	0.0003	REM1	ENSG00000088320
13877.0	0.0003	RASL12	ENSG00000103710
13877.0	0.0003	RERG	ENSG00000134533
13877.0	0.0003	DIRAS2	ENSG00000165023
13877.0	0.0003	AKAP11	ENSG00000023516
13877.0	0.0003	RERGL	ENSG00000111404
13877.0	0.0003	TSSK6	ENSG00000178093
13877.0	0.0003	TREML1	ENSG00000161911
13877.0	0.0003	SYF2	ENSG00000117614
13877.0	0.0003	HACD4	ENSG00000188921
13877.0	0.0003	CMAS	ENSG00000111726
13877.0	0.0003	YTHDC1	ENSG00000083896
13877.0	0.0003	DNAJC15	ENSG00000120675
13877.0	0.0003	C6	ENSG00000039537
13877.0	0.0003	ASCL2	ENSG00000183734
13877.0	0.0003	TRIM7	ENSG00000146054
13877.0	0.0003	SLC43A1	ENSG00000149150
13877.0	0.0003	DMAC2L	ENSG00000125375
13877.0	0.0003	PSD	ENSG00000059915
13877.0	0.0003	CCL13	ENSG00000181374
13877.0	0.0003	ADM	ENSG00000148926
13877.0	0.0003	PPM1J	ENSG00000155367
13877.0	0.0003	ISY1	ENSG00000240682
13877.0	0.0003	PPP1R3E	ENSG00000235194
13877.0	0.0003	TLCD3A	ENSG00000167695
13877.0	0.0003	ISY1-RAB43	ENSG00000261796
13877.0	0.0003	CCNG1	ENSG00000113328
13877.0	0.0003	PPCS	ENSG00000127125
13877.0	0.0003	UBAP1	ENSG00000165006
13877.0	0.0003	THAP1	ENSG00000131931
13877.0	0.0003	PTP4A3	ENSG00000184489
13877.0	0.0003	C7	ENSG00000112936
13877.0	0.0003	PKIA	ENSG00000171033
13877.0	0.0003	PRMT8	ENSG00000111218
13877.0	0.0003	VENTX	ENSG00000151650
13877.0	0.0003	GORASP1	ENSG00000114745
13877.0	0.0003	SERPINB6	ENSG00000124570
13877.0	0.0003	CCL18	ENSG00000006074
13877.0	0.0003	DDX55	ENSG00000111364
13877.0	0.0003	GORASP2	ENSG00000115806
13877.0	0.0003	GOLT1A	ENSG00000174567
13877.0	0.0003	GOLT1B	ENSG00000111711
13877.0	0.0003	NOTUM	ENSG00000185269
13877.0	0.0003	GRK7	ENSG00000114124
13877.0	0.0003	PADI2	ENSG00000117115
13877.0	0.0003	IRF2BP1	ENSG00000170604
13877.0	0.0003	CCNG2	ENSG00000138764
13877.0	0.0003	PPL	ENSG00000118898
13877.0	0.0003	CCL1	ENSG00000108702
13877.0	0.0003	VSNL1	ENSG00000163032
13877.0	0.0003	OTX1	ENSG00000115507
13877.0	0.0003	MARVELD1	ENSG00000155254
13877.0	0.0003	CDC123	ENSG00000151465
13877.0	0.0003	PF4V1	ENSG00000109272
13877.0	0.0003	CNGA3	ENSG00000144191
13877.0	0.0003	CCL14	ENSG00000213494
13877.0	0.0003	CD63	ENSG00000135404
13877.0	0.0003	CYP4F22	ENSG00000171954
13877.0	0.0003	LCE3A	ENSG00000185962
13877.0	0.0003	CNGA4	ENSG00000132259
13877.0	0.0003	SEMA4C	ENSG00000168758
13877.0	0.0003	TAGLN2	ENSG00000158710
13877.0	0.0003	SPTSSB	ENSG00000196542
13877.0	0.0003	SPTSSA	ENSG00000165389
13877.0	0.0003	CNTN5	ENSG00000149972
13877.0	0.0003	PTGIR	ENSG00000160013
13877.0	0.0003	DCLK2	ENSG00000170390
13877.0	0.0003	CNTN4	ENSG00000144619
13877.0	0.0003	CNGA1	ENSG00000198515
13877.0	0.0003	PREX2	ENSG00000046889
13877.0	0.0003	AAK1	ENSG00000115977
13877.0	0.0003	CNTN3	ENSG00000113805
13877.0	0.0003	PRKCH	ENSG00000027075
13877.0	0.0003	GOLGB1	ENSG00000173230
13877.0	0.0003	WHAMM	ENSG00000156232
13877.0	0.0003	PTN	ENSG00000105894
13877.0	0.0003	PPP4R3B	ENSG00000138041
13877.0	0.0003	MTX3	ENSG00000177034
13877.0	0.0003	TSKU	ENSG00000182704
13877.0	0.0003	CYP2A13	ENSG00000197838
13877.0	0.0003	TRPA1	ENSG00000104321
13877.0	0.0003	NAB1	ENSG00000138386
13877.0	0.0003	GAS8-AS1	ENSG00000221819
13877.0	0.0003	TEKT4	ENSG00000163060
13877.0	0.0003	ARFGAP3	ENSG00000242247
13877.0	0.0003	RAB35	ENSG00000111737
13877.0	0.0003	USF2	ENSG00000105698
13877.0	0.0003	HBQ1	ENSG00000086506
13877.0	0.0003	CD27	ENSG00000139193
13877.0	0.0003	PAQR5	ENSG00000137819
13877.0	0.0003	HSD17B2	ENSG00000086696
13877.0	0.0003	PTP4A1	ENSG00000112245
13877.0	0.0003	SEMA5B	ENSG00000082684
13877.0	0.0003	PTPN5	ENSG00000110786
13877.0	0.0003	PTPRH	ENSG00000080031
13877.0	0.0003	SH3BP1	ENSG00000100092
13877.0	0.0003	CWC25	ENSG00000108296
13877.0	0.0003	DUSP2	ENSG00000158050
13877.0	0.0003	SHARPIN	ENSG00000179526
13877.0	0.0003	COX7A1	ENSG00000161281
13877.0	0.0003	KCNJ12	ENSG00000184185
13877.0	0.0003	ACE2	ENSG00000130234
13877.0	0.0003	PRSS12	ENSG00000164099
13877.0	0.0003	FAM167A	ENSG00000154319
13877.0	0.0003	ATOH7	ENSG00000179774
13877.0	0.0003	RTN2	ENSG00000125744
13877.0	0.0003	SESN1	ENSG00000080546
13877.0	0.0003	DMRTB1	ENSG00000143006
13877.0	0.0003	MARCHF3	ENSG00000173926
13877.0	0.0003	TET1	ENSG00000138336
13877.0	0.0003	FTMT	ENSG00000181867
13877.0	0.0003	AKR1D1	ENSG00000122787
13877.0	0.0003	GFUS	ENSG00000104522
13877.0	0.0003	MARCHF2	ENSG00000099785
13877.0	0.0003	PDCD2	ENSG00000071994
13877.0	0.0003	SIVA1	ENSG00000184990
13877.0	0.0003	LIN7A	ENSG00000111052
13877.0	0.0003	CP	ENSG00000047457
13877.0	0.0003	SLC25A37	ENSG00000147454
13877.0	0.0003	HSD11B1	ENSG00000117594
13877.0	0.0003	RNF135	ENSG00000181481
13877.0	0.0003	SLC2A9	ENSG00000109667
13877.0	0.0003	HECA	ENSG00000112406
13877.0	0.0003	TUB	ENSG00000166402
13877.0	0.0003	ERRFI1	ENSG00000116285
13877.0	0.0003	ADGRL4	ENSG00000162618
13877.0	0.0003	CSAD	ENSG00000139631
13877.0	0.0003	GSTCD	ENSG00000138780
13877.0	0.0003	LTBR	ENSG00000111321
13877.0	0.0003	OXCT2	ENSG00000198754
13877.0	0.0003	SRD5A1	ENSG00000145545
13877.0	0.0003	BSN	ENSG00000164061
13877.0	0.0003	RXFP1	ENSG00000171509
13877.0	0.0003	DSC3	ENSG00000134762
13877.0	0.0003	TPD52L2	ENSG00000101150
13877.0	0.0003	CBR3	ENSG00000159231
13877.0	0.0003	SSBP3	ENSG00000157216
13877.0	0.0003	AHNAK	ENSG00000124942
13877.0	0.0003	YJU2	ENSG00000105248
13877.0	0.0003	ZNF260	ENSG00000254004
13877.0	0.0003	HP	ENSG00000257017
13877.0	0.0003	DUSP16	ENSG00000111266
13877.0	0.0003	KCNN4	ENSG00000104783
13877.0	0.0003	MLLT6	ENSG00000108292
13877.0	0.0003	CNST	ENSG00000162852
13877.0	0.0003	PNKD	ENSG00000127838
13877.0	0.0003	TXLNB	ENSG00000164440
13877.0	0.0003	ROM1	ENSG00000149489
13877.0	0.0003	TNFRSF4	ENSG00000186827
13877.0	0.0003	CES2	ENSG00000172831
13877.0	0.0003	PLAC8	ENSG00000145287
13877.0	0.0003	ATP5MJ	ENSG00000156411
13877.0	0.0003	OSTC	ENSG00000198856
13877.0	0.0003	RIDA	ENSG00000132541
13877.0	0.0003	MKNK2	ENSG00000099875
13877.0	0.0003	GDE1	ENSG00000006007
13877.0	0.0003	TRPV5	ENSG00000127412
13877.0	0.0003	USH1C	ENSG00000006611
13877.0	0.0003	BNIP3	ENSG00000176171
13877.0	0.0003	C1QTNF3	ENSG00000082196
13877.0	0.0003	HAO1	ENSG00000101323
13877.0	0.0003	MTF1	ENSG00000188786
13877.0	0.0003	TXNDC12	ENSG00000117862
13877.0	0.0003	DUSP5	ENSG00000138166
13877.0	0.0003	GCNT4	ENSG00000176928
13877.0	0.0003	DELE1	ENSG00000081791
13877.0	0.0003	ERLIN2	ENSG00000147475
13877.0	0.0003	FAM161B	ENSG00000156050
13877.0	0.0003	YTHDF2	ENSG00000198492
13877.0	0.0003	SEL1L3	ENSG00000091490
13877.0	0.0003	LTK	ENSG00000062524
13877.0	0.0003	NAGK	ENSG00000124357
13877.0	0.0003	ASIC4	ENSG00000072182
13877.0	0.0003	SPIN1	ENSG00000106723
13877.0	0.0003	MAST4	ENSG00000069020
13877.0	0.0003	UXS1	ENSG00000115652
13877.0	0.0003	GK2	ENSG00000196475
13877.0	0.0003	RBM23	ENSG00000100461
13877.0	0.0003	PCYT2	ENSG00000185813
13877.0	0.0003	EMCN	ENSG00000164035
13877.0	0.0003	USP17L2	ENSG00000223443
13877.0	0.0003	MAN1C1	ENSG00000117643
13877.0	0.0003	ALDH6A1	ENSG00000119711
13877.0	0.0003	EHF	ENSG00000135373
13877.0	0.0003	EEF1E1	ENSG00000124802
13877.0	0.0003	CCZ1	ENSG00000122674
13877.0	0.0003	CCZ1B	ENSG00000146574
13877.0	0.0003	PLK5	ENSG00000185988
13877.0	0.0003	USP49	ENSG00000164663
13877.0	0.0003	HAGH	ENSG00000063854
13877.0	0.0003	FARP2	ENSG00000006607
13877.0	0.0003	LYPD3	ENSG00000124466
13877.0	0.0003	ETNPPL	ENSG00000164089
13877.0	0.0003	ARGLU1	ENSG00000134884
13877.0	0.0003	ASMTL	ENSG00000169093
13877.0	0.0003	PARP3	ENSG00000041880
13877.0	0.0003	YTHDC2	ENSG00000047188
13877.0	0.0003	CAPNS1	ENSG00000126247
13877.0	0.0003	ST6GALNAC4	ENSG00000136840
13877.0	0.0003	TENT2	ENSG00000164329
13877.0	0.0003	UNCX	ENSG00000164853
13877.0	0.0003	MARCO	ENSG00000019169
13877.0	0.0003	SHD	ENSG00000105251
13877.0	0.0003	FNTA	ENSG00000168522
13877.0	0.0003	CASQ2	ENSG00000118729
13877.0	0.0003	DHX34	ENSG00000134815
13877.0	0.0003	CPN1	ENSG00000120054
13877.0	0.0003	SNX8	ENSG00000106266
13877.0	0.0003	PRAME	ENSG00000185686
13877.0	0.0003	SLC4A1AP	ENSG00000163798
13877.0	0.0003	MYT1	ENSG00000196132
13877.0	0.0003	TRAPPC2L	ENSG00000167515
13877.0	0.0003	ZCCHC17	ENSG00000121766
13877.0	0.0003	EMILIN1	ENSG00000138080
13877.0	0.0003	GFRAL	ENSG00000187871
13877.0	0.0003	SLC7A4	ENSG00000099960
13877.0	0.0003	BFSP1	ENSG00000125864
13877.0	0.0003	IFI35	ENSG00000068079
13877.0	0.0003	GBF1	ENSG00000107862
13877.0	0.0003	FEZ1	ENSG00000149557
13877.0	0.0003	CRYGS	ENSG00000213139
13877.0	0.0003	PRPF38A	ENSG00000134748
13877.0	0.0003	ELK4	ENSG00000158711
13877.0	0.0003	MBD1	ENSG00000141644
13877.0	0.0003	LHX5	ENSG00000089116
13877.0	0.0003	HYI	ENSG00000178922
13877.0	0.0003	MUL1	ENSG00000090432
13877.0	0.0003	HUNK	ENSG00000142149
13877.0	0.0003	TTC1	ENSG00000113312
13877.0	0.0003	SLC39A9	ENSG00000029364
13877.0	0.0003	MMEL1	ENSG00000142606
13877.0	0.0003	BTBD9	ENSG00000183826
13877.0	0.0003	B4GALT5	ENSG00000158470
13877.0	0.0003	SP4	ENSG00000105866
13877.0	0.0003	SEMA3G	ENSG00000010319
13877.0	0.0003	GOLGA7	ENSG00000147533
13877.0	0.0003	PRR14	ENSG00000156858
13877.0	0.0003	SYT12	ENSG00000173227
13877.0	0.0003	SERPINB9	ENSG00000170542
13877.0	0.0003	TRAPPC13	ENSG00000113597
13877.0	0.0003	SCARA3	ENSG00000168077
13877.0	0.0003	ADCK2	ENSG00000133597
13877.0	0.0003	MECR	ENSG00000116353
13877.0	0.0003	PRR14L	ENSG00000183530
13877.0	0.0003	SSBP4	ENSG00000130511
13877.0	0.0003	DRG1	ENSG00000185721
13877.0	0.0003	DGAT2	ENSG00000062282
13877.0	0.0003	RAB4B	ENSG00000167578
13877.0	0.0003	ACKR4	ENSG00000129048
13877.0	0.0003	MAGEH1	ENSG00000187601
13877.0	0.0003	VPS26B	ENSG00000151502
13877.0	0.0003	PLEKHM3	ENSG00000178385
13877.0	0.0003	RASGEF1B	ENSG00000138670
13877.0	0.0003	KCNIP4	ENSG00000185774
13877.0	0.0003	IFT70B	ENSG00000196659
13877.0	0.0003	SIM1	ENSG00000112246
13877.0	0.0003	UBE2H	ENSG00000186591
13877.0	0.0003	SUV39H2	ENSG00000152455
13877.0	0.0003	WDR45B	ENSG00000141580
13877.0	0.0003	ZC3H6	ENSG00000188177
13877.0	0.0003	MAGEC2	ENSG00000046774
13877.0	0.0003	USP17L29	ENSG00000231637
13877.0	0.0003	FBXL6	ENSG00000182325
13877.0	0.0003	DSEL	ENSG00000171451
13877.0	0.0003	SNX32	ENSG00000172803
13877.0	0.0003	ZC3H8	ENSG00000144161
13877.0	0.0003	ATXN7L2	ENSG00000162650
13877.0	0.0003	FBXL17	ENSG00000145743
13877.0	0.0003	MAGED2	ENSG00000102316
13877.0	0.0003	KCNJ4	ENSG00000168135
13877.0	0.0003	CELA3A	ENSG00000142789
13877.0	0.0003	USP42	ENSG00000106346
13877.0	0.0003	EPHX1	ENSG00000143819
13877.0	0.0003	MAGEB1	ENSG00000214107
13877.0	0.0003	MAN2B1	ENSG00000104774
13877.0	0.0003	PADI4	ENSG00000159339
13877.0	0.0003	TRO	ENSG00000067445
13877.0	0.0003	APLP1	ENSG00000105290
13877.0	0.0003	SCARF1	ENSG00000074660
13877.0	0.0003	PCYT1B	ENSG00000102230
13877.0	0.0003	FBXL9P	ENSG00000125122
13877.0	0.0003	USP17L24	ENSG00000232264
13877.0	0.0003	USP17L25	ENSG00000230430
13877.0	0.0003	USP17L26	ENSG00000229579
13877.0	0.0003	USP17L27	ENSG00000235780
13877.0	0.0003	USP17L28	ENSG00000231051
13877.0	0.0003	USP17L30	ENSG00000228856
13877.0	0.0003	IER3	ENSG00000137331
13877.0	0.0003	ZSCAN1	ENSG00000152467
13877.0	0.0003	NEFH	ENSG00000100285
13877.0	0.0003	IER3IP1	ENSG00000134049
13877.0	0.0003	SFXN2	ENSG00000156398
13877.0	0.0003	CLEC4C	ENSG00000198178
13877.0	0.0003	PLA1A	ENSG00000144837
13877.0	0.0003	CCNI	ENSG00000118816
13877.0	0.0003	ST6GAL1	ENSG00000073849
13877.0	0.0003	NOD1	ENSG00000106100
13877.0	0.0003	ADCK1	ENSG00000063761
13877.0	0.0003	ADCK5	ENSG00000173137
13877.0	0.0003	HCN2	ENSG00000099822
13877.0	0.0003	ST6GALNAC2	ENSG00000070731
13877.0	0.0003	CCNI2	ENSG00000205089
13877.0	0.0003	TNMD	ENSG00000000005
13877.0	0.0003	H1-6	ENSG00000187475
13877.0	0.0003	TLK1	ENSG00000198586
13877.0	0.0003	CHURC1-FNTB	ENSG00000125954
13877.0	0.0003	MAP1A	ENSG00000166963
13877.0	0.0003	DUSP22	ENSG00000112679
13877.0	0.0003	MANF	ENSG00000145050
13877.0	0.0003	CCNP	ENSG00000105219
13877.0	0.0003	PGLYRP1	ENSG00000008438
13877.0	0.0003	PPIL3	ENSG00000240344
13877.0	0.0003	CISH	ENSG00000114737
13877.0	0.0003	DNAH10	ENSG00000197653
13877.0	0.0003	EFHC1	ENSG00000096093
13877.0	0.0003	PLXNB3	ENSG00000198753
13877.0	0.0003	AGPAT5	ENSG00000155189
13877.0	0.0003	C1QTNF12	ENSG00000184163
13877.0	0.0003	GDA	ENSG00000119125
13877.0	0.0003	SLC34A3	ENSG00000198569
13877.0	0.0003	ZFYVE1	ENSG00000165861
13877.0	0.0003	DHX33	ENSG00000005100
13877.0	0.0003	SLCO1A2	ENSG00000084453
13877.0	0.0003	BOLL	ENSG00000152430
13877.0	0.0003	PIM2	ENSG00000102096
13877.0	0.0003	AASDHPPT	ENSG00000149313
13877.0	0.0003	GK5	ENSG00000175066
13877.0	0.0003	ADIPOR1	ENSG00000159346
13877.0	0.0003	RC3H1	ENSG00000135870
13877.0	0.0003	TJAP1	ENSG00000137221
13877.0	0.0003	THBD	ENSG00000178726
13877.0	0.0003	C4BPB	ENSG00000123843
13877.0	0.0003	USE1	ENSG00000053501
13877.0	0.0003	XPO6	ENSG00000169180
13877.0	0.0003	GYPC	ENSG00000136732
13877.0	0.0003	MRPS21	ENSG00000187145
13877.0	0.0003	SFXN1	ENSG00000164466
13877.0	0.0003	CRYL1	ENSG00000165475
13877.0	0.0003	GOSR2	ENSG00000108433
13877.0	0.0003	RP11-156P1.2	ENSG00000262633
13877.0	0.0003	HPS4	ENSG00000100099
13877.0	0.0003	CYP2F1	ENSG00000197446
13877.0	0.0003	KPNA2	ENSG00000182481
13877.0	0.0003	COLGALT1	ENSG00000130309
13877.0	0.0003	COLGALT2	ENSG00000198756
13877.0	0.0003	MAP4K3	ENSG00000011566
13877.0	0.0003	ANKRD28	ENSG00000206560
13877.0	0.0003	TIMM13	ENSG00000099800
13877.0	0.0003	MAGEA1	ENSG00000198681
13877.0	0.0003	HNRNPCL1	ENSG00000179172
13877.0	0.0003	TMEM9	ENSG00000116857
13877.0	0.0003	MRPS28	ENSG00000147586
13877.0	0.0003	ADRB3	ENSG00000188778
13877.0	0.0003	PCDHA2	ENSG00000204969
13877.0	0.0003	SETDB2	ENSG00000136169
13877.0	0.0003	KMT5A	ENSG00000183955
13877.0	0.0003	RELT	ENSG00000054967
13877.0	0.0003	LRRC70	ENSG00000186105
13877.0	0.0003	SETMAR	ENSG00000170364
13877.0	0.0003	FABP9	ENSG00000205186
13877.0	0.0003	MTMR6	ENSG00000139505
13877.0	0.0003	GAL3ST1	ENSG00000128242
13877.0	0.0003	S100A10	ENSG00000197747
13877.0	0.0003	DENR	ENSG00000139726
13877.0	0.0003	TUFT1	ENSG00000143367
13877.0	0.0003	GADL1	ENSG00000144644
13877.0	0.0003	CIDEA	ENSG00000176194
13877.0	0.0003	NOL3	ENSG00000140939
13877.0	0.0003	AHRR	ENSG00000063438
13877.0	0.0003	KMT5C	ENSG00000133247
13877.0	0.0003	SSX4B	ENSG00000198946
13877.0	0.0003	URI1	ENSG00000105176
13877.0	0.0003	USP46	ENSG00000109189
13877.0	0.0003	DGAT1	ENSG00000185000
13877.0	0.0003	ZNF674	ENSG00000251192
13877.0	0.0003	ZNF81	ENSG00000197779
13877.0	0.0003	SERPINA7	ENSG00000123561
13877.0	0.0003	CYTIP	ENSG00000115165
13877.0	0.0003	NEU2	ENSG00000115488
13877.0	0.0003	H1-2	ENSG00000187837
13877.0	0.0003	NEU4	ENSG00000204099
13877.0	0.0003	TAS1R3	ENSG00000169962
13877.0	0.0003	PTPRE	ENSG00000132334
13877.0	0.0003	MAGEA4	ENSG00000147381
13877.0	0.0003	PTPRB	ENSG00000127329
13877.0	0.0003	SHBG	ENSG00000129214
13877.0	0.0003	MTMR14	ENSG00000163719
13877.0	0.0003	SLC35C2	ENSG00000080189
13877.0	0.0003	NEU3	ENSG00000162139
13877.0	0.0003	TNFSF14	ENSG00000125735
13877.0	0.0003	MSI1	ENSG00000135097
13877.0	0.0003	SHPK	ENSG00000197417
13877.0	0.0003	NCS1	ENSG00000107130
13877.0	0.0003	NNAT	ENSG00000053438
13877.0	0.0003	CAMLG	ENSG00000164615
13877.0	0.0003	GPSM1	ENSG00000160360
13877.0	0.0003	PTX3	ENSG00000163661
13877.0	0.0003	PIM3	ENSG00000198355
13877.0	0.0003	WDR20	ENSG00000140153
13877.0	0.0003	KRTCAP2	ENSG00000163463
13877.0	0.0003	PTPRN	ENSG00000054356
13877.0	0.0003	KCNIP3	ENSG00000115041
13877.0	0.0003	VBP1	ENSG00000155959
13877.0	0.0003	DUSP9	ENSG00000130829
13877.0	0.0003	MKRN3	ENSG00000179455
13877.0	0.0003	TNIP1	ENSG00000145901
13877.0	0.0003	ZNF639	ENSG00000121864
13877.0	0.0003	SLCO5A1	ENSG00000137571
13877.0	0.0003	PLA2G15	ENSG00000103066
13877.0	0.0003	PLTP	ENSG00000100979
13877.0	0.0003	SPACA4	ENSG00000177202
13877.0	0.0003	ZNF468	ENSG00000204604
13877.0	0.0003	ZNF83	ENSG00000167766
13877.0	0.0003	SLC25A4	ENSG00000151729
13877.0	0.0003	MB	ENSG00000198125
13877.0	0.0003	ATG3	ENSG00000144848
13877.0	0.0003	SLC25A31	ENSG00000151475
13877.0	0.0003	DPP10	ENSG00000175497
13877.0	0.0003	ECD	ENSG00000122882
13877.0	0.0003	TXNDC2	ENSG00000168454
13877.0	0.0003	AQP7	ENSG00000165269
13877.0	0.0003	MTMR3	ENSG00000100330
13877.0	0.0003	ZNF117	ENSG00000152926
13877.0	0.0003	IRF9	ENSG00000213928
13877.0	0.0003	RP11-468E2.4	ENSG00000259529
13877.0	0.0003	TRPV3	ENSG00000167723
13877.0	0.0003	SERPINF1	ENSG00000132386
13877.0	0.0003	GRID2	ENSG00000152208
13877.0	0.0003	ADAM2	ENSG00000104755
13877.0	0.0003	KRT26	ENSG00000186393
13877.0	0.0003	PFKFB3	ENSG00000170525
13877.0	0.0003	AQP9	ENSG00000103569
13877.0	0.0003	HPCA	ENSG00000121905
13877.0	0.0003	RCVRN	ENSG00000109047
13877.0	0.0003	RABGGTA	ENSG00000100949
13877.0	0.0003	HPCAL1	ENSG00000115756
13877.0	0.0003	PCBD2	ENSG00000132570
13877.0	0.0003	TMEM126A	ENSG00000171202
13877.0	0.0003	TIGAR	ENSG00000078237
13877.0	0.0003	PAPOLG	ENSG00000115421
13877.0	0.0003	ONECUT3	ENSG00000205922
13877.0	0.0003	CHP1	ENSG00000187446
13877.0	0.0003	MIF4GD	ENSG00000125457
13877.0	0.0003	WDR83	ENSG00000123154
13877.0	0.0003	TMPRSS2	ENSG00000184012
13877.0	0.0003	SLC1A3	ENSG00000079215
13877.0	0.0003	GUCA1B	ENSG00000112599
13877.0	0.0003	SWT1	ENSG00000116668
13877.0	0.0003	RAG1	ENSG00000166349
13877.0	0.0003	PFKFB4	ENSG00000114268
13877.0	0.0003	OTOG	ENSG00000188162
13877.0	0.0003	IDI2	ENSG00000148377
13877.0	0.0003	MAG	ENSG00000105695
13877.0	0.0003	TRIM46	ENSG00000163462
13877.0	0.0003	SCAF8	ENSG00000213079
13877.0	0.0003	TGM1	ENSG00000092295
13877.0	0.0003	PNISR	ENSG00000132424
13877.0	0.0003	ZP2	ENSG00000103310
13877.0	0.0003	COA3	ENSG00000183978
13877.0	0.0003	GUCA1C	ENSG00000138472
13877.0	0.0003	ETNK1	ENSG00000139163
13877.0	0.0003	ZP3	ENSG00000188372
13877.0	0.0003	ETNK2	ENSG00000143845
13877.0	0.0003	CD7	ENSG00000173762
13877.0	0.0003	STAB2	ENSG00000136011
13877.0	0.0003	PAPOLB	ENSG00000218823
13877.0	0.0003	SLC35E2B	ENSG00000189339
13877.0	0.0003	PROZ	ENSG00000126231
13877.0	0.0003	SREK1	ENSG00000153914
13877.0	0.0003	DDHD1	ENSG00000100523
13877.0	0.0003	DDHD2	ENSG00000085788
13877.0	0.0003	ACBD3	ENSG00000182827
13877.0	0.0003	MX2	ENSG00000183486
13877.0	0.0003	IFIT2	ENSG00000119922
13877.0	0.0003	TRPC7	ENSG00000069018
13877.0	0.0003	PLEKHB2	ENSG00000115762
13877.0	0.0003	SLC26A6	ENSG00000225697
13877.0	0.0003	IFIT3	ENSG00000119917
13877.0	0.0003	ATG4D	ENSG00000130734
13877.0	0.0003	ORAI3	ENSG00000175938
13877.0	0.0003	PLA2G7	ENSG00000146070
13877.0	0.0003	FAM110B	ENSG00000169122
13877.0	0.0003	SCG3	ENSG00000104112
13877.0	0.0003	ZP4	ENSG00000116996
13877.0	0.0003	DNHD1	ENSG00000179532
13877.0	0.0003	INA	ENSG00000148798
13877.0	0.0003	SLC34A1	ENSG00000131183
13877.0	0.0003	HEMK1	ENSG00000114735
13877.0	0.0003	FEM1A	ENSG00000141965
13877.0	0.0003	ABCB5	ENSG00000004846
13877.0	0.0003	IFI6	ENSG00000126709
13877.0	0.0003	NFKBIE	ENSG00000146232
13877.0	0.0003	IFITM1	ENSG00000185885
13877.0	0.0003	IFI27	ENSG00000165949
13877.0	0.0003	IFITM3	ENSG00000142089
13877.0	0.0003	ORAI2	ENSG00000160991
13877.0	0.0003	XAF1	ENSG00000132530
13877.0	0.0003	TXNDC8	ENSG00000204193
13877.0	0.0003	PAFAH2	ENSG00000158006
13877.0	0.0003	JOSD2	ENSG00000161677
13877.0	0.0003	IP6K2	ENSG00000068745
13877.0	0.0003	IFITM2	ENSG00000185201
13877.0	0.0003	ATXN7L3B	ENSG00000253719
13877.0	0.0003	KLHL23	ENSG00000213160
13877.0	0.0003	ATP7B	ENSG00000123191
13877.0	0.0003	IFRG15	ENSG00000258664
13877.0	0.0003	TOR1AIP2	ENSG00000169905
13877.0	0.0003	RWDD1	ENSG00000111832
13877.0	0.0003	AQP3	ENSG00000165272
13877.0	0.0003	ZP1	ENSG00000149506
13877.0	0.0003	RCN2	ENSG00000117906
13877.0	0.0003	FMO3	ENSG00000007933
13877.0	0.0003	ADAM20	ENSG00000134007
13877.0	0.0003	RANBP6	ENSG00000137040
13877.0	0.0003	REXO1	ENSG00000079313
13877.0	0.0003	SLC6A18	ENSG00000164363
13877.0	0.0003	RSPH10B	ENSG00000155026
13877.0	0.0003	LTA	ENSG00000226979
13877.0	0.0003	MOAP1	ENSG00000165943
13877.0	0.0003	DKFZP761J1410	ENSG00000105520
13877.0	0.0003	PUS7L	ENSG00000129317
13877.0	0.0003	ADAM30	ENSG00000134249
13877.0	0.0003	ADAM21	ENSG00000139985
13877.0	0.0003	GJB6	ENSG00000121742
13877.0	0.0003	PRSS54	ENSG00000103023
13877.0	0.0003	RABEP2	ENSG00000177548
13877.0	0.0003	MCCC2	ENSG00000131844
13877.0	0.0003	MLANA	ENSG00000120215
13877.0	0.0003	ERN2	ENSG00000134398
13877.0	0.0003	NOS1AP	ENSG00000198929
13877.0	0.0003	ATP8B1	ENSG00000081923
13877.0	0.0003	GNPDA1	ENSG00000113552
13877.0	0.0003	PTPN22	ENSG00000134242
13877.0	0.0003	SOHLH1	ENSG00000165643
13877.0	0.0003	SLC47A1	ENSG00000142494
13877.0	0.0003	HPCAL4	ENSG00000116983
13877.0	0.0003	LIN7C	ENSG00000148943
13877.0	0.0003	ST3GAL5	ENSG00000115525
13877.0	0.0003	RIMBP2	ENSG00000060709
13877.0	0.0003	SLC6A19	ENSG00000174358
13877.0	0.0003	IL18R1	ENSG00000115604
13877.0	0.0003	MPV17L2	ENSG00000254858
13877.0	0.0003	ASGR2	ENSG00000161944
13877.0	0.0003	CIZ1	ENSG00000148337
13877.0	0.0003	ATG2B	ENSG00000066739
13877.0	0.0003	SLC47A2	ENSG00000180638
13877.0	0.0003	CDAN1	ENSG00000140326
13877.0	0.0003	CRHR2	ENSG00000106113
13877.0	0.0003	LOXL2	ENSG00000134013
13877.0	0.0003	SCEL	ENSG00000136155
13877.0	0.0003	BTG1	ENSG00000133639
13877.0	0.0003	GIPR	ENSG00000010310
13877.0	0.0003	GHRH	ENSG00000118702
13877.0	0.0003	TRIM17	ENSG00000162931
13877.0	0.0003	RNF180	ENSG00000164197
13877.0	0.0003	ATG2A	ENSG00000110046
13877.0	0.0003	PATZ1	ENSG00000100105
13877.0	0.0003	LHCGR	ENSG00000138039
13877.0	0.0003	BAG2	ENSG00000112208
13877.0	0.0003	AC004381.6	ENSG00000005189
13877.0	0.0003	REXO1L1P	ENSG00000205176
13877.0	0.0003	BTG2	ENSG00000159388
13877.0	0.0003	A4GALT	ENSG00000128274
13877.0	0.0003	PABPC1L2A	ENSG00000186288
13877.0	0.0003	ICA1	ENSG00000003147
13877.0	0.0003	DUOX2	ENSG00000140279
13877.0	0.0003	CRADD	ENSG00000169372
13877.0	0.0003	PAX4	ENSG00000106331
13877.0	0.0003	ZFC3H1	ENSG00000133858
13877.0	0.0003	SLC35B3	ENSG00000124786
13877.0	0.0003	VKORC1	ENSG00000167397
13877.0	0.0003	GHRHR	ENSG00000106128
13877.0	0.0003	PTH2	ENSG00000142538
13877.0	0.0003	PDCD5	ENSG00000105185
13877.0	0.0003	TBKBP1	ENSG00000198933
13877.0	0.0003	NBR1	ENSG00000188554
13877.0	0.0003	TAX1BP3	ENSG00000213977
13877.0	0.0003	GLP2R	ENSG00000065325
13877.0	0.0003	VIPR2	ENSG00000106018
13877.0	0.0003	RIPK3	ENSG00000129465
13877.0	0.0003	VIPR1	ENSG00000114812
13877.0	0.0003	SLC50A1	ENSG00000169241
13877.0	0.0003	VNN1	ENSG00000112299
13877.0	0.0003	GBP1	ENSG00000117228
13877.0	0.0003	FNDC5	ENSG00000160097
13877.0	0.0003	IRX2	ENSG00000170561
13877.0	0.0003	PTGER4	ENSG00000171522
13877.0	0.0003	CALCB	ENSG00000175868
13877.0	0.0003	PTH2R	ENSG00000144407
13877.0	0.0003	ADORA2A	ENSG00000128271
13877.0	0.0003	ADM2	ENSG00000128165
13877.0	0.0003	DRD5	ENSG00000169676
13877.0	0.0003	ADCYAP1	ENSG00000141433
13877.0	0.0003	TAAR1	ENSG00000146399
13877.0	0.0003	SCT	ENSG00000070031
13877.0	0.0003	ADRB1	ENSG00000043591
13877.0	0.0003	HTR6	ENSG00000158748
13877.0	0.0003	ADORA2B	ENSG00000170425
13877.0	0.0003	SLC7A1	ENSG00000139514
13877.0	0.0003	PTMA	ENSG00000187514
13877.0	0.0003	ARL13A	ENSG00000174225
13877.0	0.0003	PTGER2	ENSG00000125384
13877.0	0.0003	GPBAR1	ENSG00000179921
13877.0	0.0003	CTIF	ENSG00000134030
13877.0	0.0003	NCOA7	ENSG00000111912
13877.0	0.0003	YEATS2	ENSG00000163872
13877.0	0.0003	ATG13	ENSG00000175224
13877.0	0.0003	CALCOCO1	ENSG00000012822
13877.0	0.0003	FIGLA	ENSG00000183733
13877.0	0.0003	SLC28A2	ENSG00000137860
13877.0	0.0003	AZI2	ENSG00000163512
13877.0	0.0003	ECHDC2	ENSG00000121310
13877.0	0.0003	TCHH	ENSG00000159450
13877.0	0.0003	GRIK5	ENSG00000105737
13877.0	0.0003	CADPS	ENSG00000163618
13877.0	0.0003	ARFGEF1	ENSG00000066777
13877.0	0.0003	PPIP5K2	ENSG00000145725
13877.0	0.0003	PTGS1	ENSG00000095303
13877.0	0.0003	LUZP6	ENSG00000267697
13877.0	0.0003	PDILT	ENSG00000169340
13877.0	0.0003	GOLGA4	ENSG00000144674
13877.0	0.0003	DQX1	ENSG00000144045
13877.0	0.0003	TIMM10B	ENSG00000132286
13877.0	0.0003	CNFN	ENSG00000105427
13877.0	0.0003	GKN2	ENSG00000183607
13877.0	0.0003	HOXD8	ENSG00000175879
13877.0	0.0003	BAG4	ENSG00000156735
13877.0	0.0003	UNC5B	ENSG00000107731
13877.0	0.0003	ATP5IF1	ENSG00000130770
13877.0	0.0003	CLSTN1	ENSG00000171603
13877.0	0.0003	ALOX12	ENSG00000108839
13877.0	0.0003	CYP2J2	ENSG00000134716
13877.0	0.0003	SPAG16	ENSG00000144451
13877.0	0.0003	PGP	ENSG00000184207
13877.0	0.0003	MAP4K2	ENSG00000168067
13877.0	0.0003	COMMD3	ENSG00000148444
13877.0	0.0003	CYP4F2	ENSG00000186115
13877.0	0.0003	ENPP2	ENSG00000136960
13877.0	0.0003	BLOC1S5	ENSG00000188428
13877.0	0.0003	ARL6IP5	ENSG00000144746
13877.0	0.0003	BCAT1	ENSG00000060982
13877.0	0.0003	CYP2U1	ENSG00000155016
13877.0	0.0003	GGH	ENSG00000137563
13877.0	0.0003	SMCHD1	ENSG00000101596
13877.0	0.0003	MAP9	ENSG00000164114
13877.0	0.0003	ASPG	ENSG00000166183
13877.0	0.0003	ENPP6	ENSG00000164303
13877.0	0.0003	STIP1	ENSG00000168439
13877.0	0.0003	USP24	ENSG00000162402
13877.0	0.0003	DDX47	ENSG00000213782
13877.0	0.0003	SFTPA1	ENSG00000122852
13877.0	0.0003	MLKL	ENSG00000168404
13877.0	0.0003	CD6	ENSG00000013725
13877.0	0.0003	PPIL4	ENSG00000131013
13877.0	0.0003	IP6K1	ENSG00000176095
13877.0	0.0003	PDK3	ENSG00000067992
13877.0	0.0003	LIPH	ENSG00000163898
13877.0	0.0003	AC010240.3	ENSG00000229738
13877.0	0.0003	SNRNP27	ENSG00000124380
13877.0	0.0003	DDX49	ENSG00000105671
13877.0	0.0003	CD209	ENSG00000090659
13877.0	0.0003	TYRO3	ENSG00000092445
13877.0	0.0003	TSSK4	ENSG00000139908
13877.0	0.0003	TSSK2	ENSG00000206203
13877.0	0.0003	ERO1B	ENSG00000086619
13877.0	0.0003	BMX	ENSG00000102010
13877.0	0.0003	SLC6A12	ENSG00000111181
13877.0	0.0003	SPRR1A	ENSG00000169474
13877.0	0.0003	UCHL1	ENSG00000154277
13877.0	0.0003	B4GALNT2	ENSG00000167080
13877.0	0.0003	RIMS2	ENSG00000176406
13877.0	0.0003	ARFIP2	ENSG00000132254
13877.0	0.0003	MERTK	ENSG00000153208
13877.0	0.0003	ESRP1	ENSG00000104413
13877.0	0.0003	CHCHD6	ENSG00000159685
13877.0	0.0003	MAP1LC3C	ENSG00000197769
13877.0	0.0003	KRT2	ENSG00000172867
13877.0	0.0003	ST8SIA2	ENSG00000140557
13877.0	0.0003	TESK2	ENSG00000070759
13877.0	0.0003	MAP3K9	ENSG00000006432
13877.0	0.0003	PASK	ENSG00000115687
13877.0	0.0003	USP6	ENSG00000129204
13877.0	0.0003	SLC6A6	ENSG00000131389
13877.0	0.0003	TRIB2	ENSG00000071575
13877.0	0.0003	PDGFRL	ENSG00000104213
13877.0	0.0003	ZNF611	ENSG00000213020
13877.0	0.0003	RAD9B	ENSG00000151164
13877.0	0.0003	ACSS3	ENSG00000111058
13877.0	0.0003	PDK2	ENSG00000005882
13877.0	0.0003	MLK4	ENSG00000143674
13877.0	0.0003	NIM1K	ENSG00000177453
13877.0	0.0003	SRMS	ENSG00000125508
13877.0	0.0003	TSSK1B	ENSG00000212122
13877.0	0.0003	TSSK3	ENSG00000162526
13877.0	0.0003	MAGEA3	ENSG00000221867
13877.0	0.0003	TPBG	ENSG00000146242
13877.0	0.0003	HOXB6	ENSG00000108511
13877.0	0.0003	RIC3	ENSG00000166405
13877.0	0.0003	CAST	ENSG00000153113
13877.0	0.0003	PAEP	ENSG00000122133
13877.0	0.0003	TRIM6-TRIM34	ENSG00000258588
13877.0	0.0003	ANKRD44	ENSG00000065413
13877.0	0.0003	CD300C	ENSG00000167850
13877.0	0.0003	NPAS1	ENSG00000130751
13877.0	0.0003	UNC5A	ENSG00000113763
13877.0	0.0003	LCE5A	ENSG00000186207
13877.0	0.0003	ANXA4	ENSG00000196975
13877.0	0.0003	SYP	ENSG00000102003
13877.0	0.0003	SLC5A3	ENSG00000198743
13877.0	0.0003	TECPR1	ENSG00000205356
13877.0	0.0003	HPR	ENSG00000261701
13877.0	0.0003	GPNMB	ENSG00000136235
13877.0	0.0003	GLIPR2	ENSG00000122694
13877.0	0.0003	GPR37	ENSG00000170775
13877.0	0.0003	EAF2	ENSG00000145088
13877.0	0.0003	CCDC88B	ENSG00000168071
13877.0	0.0003	TRIM22	ENSG00000132274
13877.0	0.0003	SERPINI1	ENSG00000163536
13877.0	0.0003	LIN7B	ENSG00000104863
13877.0	0.0003	ERO1A	ENSG00000197930
13877.0	0.0003	LALBA	ENSG00000167531
13877.0	0.0003	DDI1	ENSG00000170967
13877.0	0.0003	DDI2	ENSG00000197312
13877.0	0.0003	SEPTIN2	ENSG00000168385
13877.0	0.0003	UNC5D	ENSG00000156687
13877.0	0.0003	TRIM6	ENSG00000121236
13877.0	0.0003	NRIP2	ENSG00000053702
13877.0	0.0003	NRIP3	ENSG00000175352
13877.0	0.0003	ZRSR2	ENSG00000169249
13877.0	0.0003	KDELR1	ENSG00000105438
13877.0	0.0003	SESN2	ENSG00000130766
13877.0	0.0003	SHQ1	ENSG00000144736
13877.0	0.0003	ERAP2	ENSG00000164308
13877.0	0.0003	SURF4	ENSG00000148248
13877.0	0.0003	PTGES2	ENSG00000148334
13877.0	0.0003	NUTF2	ENSG00000102898
13877.0	0.0003	MVP	ENSG00000013364
13877.0	0.0003	STRA8	ENSG00000146857
13877.0	0.0003	GDAP1	ENSG00000104381
13877.0	0.0003	SLC14A2	ENSG00000132874
13877.0	0.0003	FADS2	ENSG00000134824
13877.0	0.0003	MPZ	ENSG00000158887
13877.0	0.0003	DDX18	ENSG00000088205
13877.0	0.0003	MSRA	ENSG00000175806
13877.0	0.0003	PRRG2	ENSG00000126460
13877.0	0.0003	TP53INP2	ENSG00000078804
13877.0	0.0003	CDCP2	ENSG00000157211
13877.0	0.0003	SQOR	ENSG00000137767
13877.0	0.0003	DDIAS	ENSG00000165490
13877.0	0.0003	KCNJ10	ENSG00000177807
13877.0	0.0003	ATG101	ENSG00000123395
13877.0	0.0003	SNX30	ENSG00000148158
13877.0	0.0003	BEND3	ENSG00000178409
13877.0	0.0003	DIABLO	ENSG00000184047
13877.0	0.0003	HPS1	ENSG00000107521
13877.0	0.0003	YAE1	ENSG00000241127
13877.0	0.0003	ERP44	ENSG00000023318
13877.0	0.0003	HPS5	ENSG00000110756
13877.0	0.0003	SCD5	ENSG00000145284
13877.0	0.0003	SLC45A3	ENSG00000158715
13877.0	0.0003	ATXN7L1	ENSG00000146776
13877.0	0.0003	TYW1	ENSG00000198874
13877.0	0.0003	TMEM158	ENSG00000249992
13877.0	0.0003	BAIAP3	ENSG00000007516
13877.0	0.0003	PTPRD	ENSG00000153707
13877.0	0.0003	SWAP70	ENSG00000133789
13877.0	0.0003	TPX2	ENSG00000088325
13877.0	0.0003	SCAF11	ENSG00000139218
13877.0	0.0003	AMDHD2	ENSG00000162066
13877.0	0.0003	RIOK3	ENSG00000101782
13877.0	0.0003	NPAS4	ENSG00000174576
13877.0	0.0003	WDR64	ENSG00000162843
13877.0	0.0003	PDK1	ENSG00000152256
13877.0	0.0003	HIVEP3	ENSG00000127124
13877.0	0.0003	CHTF8	ENSG00000168802
13877.0	0.0003	CKMT1B	ENSG00000237289
13877.0	0.0003	CKMT1A	ENSG00000223572
13877.0	0.0003	ATP2C2	ENSG00000064270
13877.0	0.0003	NEUROD4	ENSG00000123307
13877.0	0.0003	RBSN	ENSG00000131381
13877.0	0.0003	DAZ1	ENSG00000188120
13877.0	0.0003	HTRA2	ENSG00000115317
13877.0	0.0003	ATP8A1	ENSG00000124406
13877.0	0.0003	FEZF1	ENSG00000128610
13877.0	0.0003	ZNF197	ENSG00000186448
13877.0	0.0003	LCORL	ENSG00000178177
13877.0	0.0003	PCDH8	ENSG00000136099
13877.0	0.0003	VSX2	ENSG00000119614
13877.0	0.0003	ARMS2	ENSG00000254636
13877.0	0.0003	DNAJA4	ENSG00000140403
13877.0	0.0003	P2RX7	ENSG00000089041
13877.0	0.0003	TMEM43	ENSG00000170876
13877.0	0.0003	DNAJB5	ENSG00000137094
13877.0	0.0003	ISCA1	ENSG00000135070
13877.0	0.0003	RP11-399J13.3	ENSG00000273003
13877.0	0.0003	SNX15	ENSG00000110025
13877.0	0.0003	BEGAIN	ENSG00000183092
13877.0	0.0003	TRA2A	ENSG00000164548
13877.0	0.0003	CD68	ENSG00000129226
13877.0	0.0003	DNAJA2	ENSG00000069345
13877.0	0.0003	SPN	ENSG00000197471
13877.0	0.0003	SBF1	ENSG00000100241
13877.0	0.0003	TTBK2	ENSG00000128881
13877.0	0.0003	XG	ENSG00000124343
13877.0	0.0003	TTBK1	ENSG00000146216
13877.0	0.0003	TNFRSF18	ENSG00000186891
13877.0	0.0003	FDXR	ENSG00000161513
13877.0	0.0003	GET4	ENSG00000239857
13877.0	0.0003	ISCA2	ENSG00000165898
13877.0	0.0003	TMED9	ENSG00000184840
13877.0	0.0003	DDX10	ENSG00000178105
13877.0	0.0003	ID3	ENSG00000117318
13877.0	0.0003	LDHD	ENSG00000166816
13877.0	0.0003	C1QB	ENSG00000173369
13877.0	0.0003	POLQ	ENSG00000051341
13877.0	0.0003	NBEAL2	ENSG00000160796
13877.0	0.0003	FDX1	ENSG00000137714
13877.0	0.0003	PLP2	ENSG00000102007
13877.0	0.0003	PIWIL4	ENSG00000134627
13877.0	0.0003	ERI3	ENSG00000117419
13877.0	0.0003	OR5M1	ENSG00000255012
13877.0	0.0003	NUDT14	ENSG00000183828
13877.0	0.0003	ADAMTS4	ENSG00000158859
13877.0	0.0003	TMIE	ENSG00000181585
13877.0	0.0003	MARVELD3	ENSG00000140832
13877.0	0.0003	THBS4	ENSG00000113296
13877.0	0.0003	NFAM1	ENSG00000235568
13877.0	0.0003	SNX20	ENSG00000167208
13877.0	0.0003	ARFGAP2	ENSG00000149182
13877.0	0.0003	ZNF385A	ENSG00000161642
13877.0	0.0003	HOXC6	ENSG00000197757
13877.0	0.0003	TMBIM6	ENSG00000139644
13877.0	0.0003	BATF2	ENSG00000168062
13877.0	0.0003	DNAJB9	ENSG00000128590
13877.0	0.0003	ZC3H10	ENSG00000135482
13877.0	0.0003	NAV2	ENSG00000166833
13877.0	0.0003	NAV3	ENSG00000067798
13877.0	0.0003	RAG2	ENSG00000175097
13877.0	0.0003	AKR7A3	ENSG00000162482
13877.0	0.0003	CIAO2A	ENSG00000166797
13877.0	0.0003	ORMDL1	ENSG00000128699
13877.0	0.0003	ZNF567	ENSG00000189042
13877.0	0.0003	ZNF131	ENSG00000172262
13877.0	0.0003	DNAJB2	ENSG00000135924
13877.0	0.0003	IL19	ENSG00000142224
13877.0	0.0003	NTN3	ENSG00000162068
13877.0	0.0003	ARIH2	ENSG00000177479
13877.0	0.0003	PRM2	ENSG00000122304
13877.0	0.0003	SLC4A3	ENSG00000114923
13877.0	0.0003	TRPC4	ENSG00000133107
13877.0	0.0003	ISX	ENSG00000175329
13877.0	0.0003	TUT1	ENSG00000149016
13877.0	0.0003	PRM1	ENSG00000175646
13877.0	0.0003	DNAJB11	ENSG00000090520
13877.0	0.0003	CAND2	ENSG00000144712
13877.0	0.0003	MAP1LC3B2	ENSG00000171471
13877.0	0.0003	DKK4	ENSG00000104371
13877.0	0.0003	CTSA	ENSG00000064601
13877.0	0.0003	WDFY2	ENSG00000139668
13877.0	0.0003	GPR149	ENSG00000174948
13877.0	0.0003	PDIK1L	ENSG00000175087
13877.0	0.0003	WDFY1	ENSG00000085449
13877.0	0.0003	DKKL1	ENSG00000104901
13877.0	0.0003	GALK2	ENSG00000156958
13877.0	0.0003	HSCB	ENSG00000100209
13877.0	0.0003	STC2	ENSG00000113739
13877.0	0.0003	UNC93B1	ENSG00000110057
13877.0	0.0003	GPR39	ENSG00000183840
13877.0	0.0003	RAB3B	ENSG00000169213
13877.0	0.0003	MSC	ENSG00000178860
13877.0	0.0003	KHDRBS2	ENSG00000112232
13877.0	0.0003	KCTD19	ENSG00000168676
13877.0	0.0003	QRSL1	ENSG00000130348
13877.0	0.0003	NIPSNAP2	ENSG00000146729
13877.0	0.0003	DNAJB8	ENSG00000179407
13877.0	0.0003	TDRD12	ENSG00000173809
13877.0	0.0003	MEIG1	ENSG00000197889
13877.0	0.0003	MRPS31	ENSG00000102738
13877.0	0.0003	LAPTM5	ENSG00000162511
13877.0	0.0003	SPAG17	ENSG00000155761
13877.0	0.0003	SLC6A2	ENSG00000103546
13877.0	0.0003	DNAJB12	ENSG00000148719
13877.0	0.0003	MRPL43	ENSG00000055950
13877.0	0.0003	CTSH	ENSG00000103811
13877.0	0.0003	TMC1	ENSG00000165091
13877.0	0.0003	PABPC5	ENSG00000174740
13877.0	0.0003	SORD	ENSG00000140263
13877.0	0.0003	DDX28	ENSG00000182810
13877.0	0.0003	PHAF1	ENSG00000125149
13877.0	0.0003	RABGAP1	ENSG00000011454
13877.0	0.0003	DNAJB14	ENSG00000164031
13877.0	0.0003	SARM1	ENSG00000004139
13877.0	0.0003	TRNT1	ENSG00000072756
13877.0	0.0003	DNAJC18	ENSG00000170464
13877.0	0.0003	MAFA	ENSG00000182759
13877.0	0.0003	ERP27	ENSG00000139055
13877.0	0.0003	PTPRG	ENSG00000144724
13877.0	0.0003	MDFI	ENSG00000112559
13877.0	0.0003	SP140	ENSG00000079263
13877.0	0.0003	FKBP5	ENSG00000096060
13877.0	0.0003	ZNHIT2	ENSG00000174276
13877.0	0.0003	CST4	ENSG00000101441
13877.0	0.0003	LCE2A	ENSG00000187173
13877.0	0.0003	DNAJC5B	ENSG00000147570
13877.0	0.0003	DNAJC22	ENSG00000178401
13877.0	0.0003	SLC25A38	ENSG00000144659
13877.0	0.0003	LYRM4	ENSG00000214113
13877.0	0.0003	ALDH16A1	ENSG00000161618
13877.0	0.0003	DNAJC24	ENSG00000170946
13877.0	0.0003	PITRM1	ENSG00000107959
13877.0	0.0003	CCDC12	ENSG00000160799
13877.0	0.0003	TSPAN7	ENSG00000156298
13877.0	0.0003	TSNAXIP1	ENSG00000102904
13877.0	0.0003	SEPTIN1	ENSG00000180096
13877.0	0.0003	TYW3	ENSG00000162623
13877.0	0.0003	OR5AS1	ENSG00000181785
13877.0	0.0003	LCE6A	ENSG00000235942
13877.0	0.0003	CALR3	ENSG00000269058
13877.0	0.0003	STXBP5	ENSG00000164506
13877.0	0.0003	TSLP	ENSG00000145777
13877.0	0.0003	PHLDA2	ENSG00000181649
13877.0	0.0003	DNAJC16	ENSG00000116138
13877.0	0.0003	BARHL2	ENSG00000143032
13877.0	0.0003	HLF	ENSG00000108924
13877.0	0.0003	PPID	ENSG00000171497
13877.0	0.0003	DTYMK	ENSG00000168393
13877.0	0.0003	MXI1	ENSG00000119950
13877.0	0.0003	SCRG1	ENSG00000164106
13877.0	0.0003	PRND	ENSG00000171864
13877.0	0.0003	RTRAF	ENSG00000087302
13877.0	0.0003	ZNF503	ENSG00000165655
13877.0	0.0003	NOTCH2NLA	ENSG00000213240
13877.0	0.0003	TMX4	ENSG00000125827
13877.0	0.0003	AZU1	ENSG00000172232
13877.0	0.0003	ARHGEF15	ENSG00000198844
13877.0	0.0003	APOBEC1	ENSG00000111701
13877.0	0.0003	DPCD	ENSG00000166171
13877.0	0.0003	RBM38	ENSG00000132819
13877.0	0.0003	RBMY1A1	ENSG00000234414
13877.0	0.0003	ASZ1	ENSG00000154438
13877.0	0.0003	TMX3	ENSG00000166479
13877.0	0.0003	DNAJC4	ENSG00000110011
13877.0	0.0003	PDIA6	ENSG00000143870
13877.0	0.0003	SLITRK5	ENSG00000165300
13877.0	0.0003	GLG1	ENSG00000090863
13877.0	0.0003	ATG14	ENSG00000126775
13877.0	0.0003	KIF13B	ENSG00000197892
13877.0	0.0003	DNAJC11	ENSG00000007923
13877.0	0.0003	GGNBP2	ENSG00000005955
13877.0	0.0003	SIM2	ENSG00000159263
13877.0	0.0003	DNAJC5G	ENSG00000163793
13877.0	0.0003	PALM	ENSG00000099864
13877.0	0.0003	DNAJC25	ENSG00000059769
13877.0	0.0003	WDR18	ENSG00000065268
13877.0	0.0003	FAM120C	ENSG00000184083
13877.0	0.0003	SNURF	ENSG00000214265
13877.0	0.0003	A1BG	ENSG00000121410
13877.0	0.0003	XYLB	ENSG00000093217
13877.0	0.0003	PTPRO	ENSG00000151490
13877.0	0.0003	TNP1	ENSG00000118245
13877.0	0.0003	ZNF33A	ENSG00000189180
13877.0	0.0003	TPH2	ENSG00000139287
13877.0	0.0003	ST6GAL2	ENSG00000144057
13877.0	0.0003	DOC2A	ENSG00000149927
13877.0	0.0003	HPF1	ENSG00000056050
13877.0	0.0003	TBC1D1	ENSG00000065882
13877.0	0.0003	PPIL2	ENSG00000100023
13877.0	0.0003	SYT7	ENSG00000011347
13877.0	0.0003	ALCAM	ENSG00000170017
13877.0	0.0003	SLC37A3	ENSG00000157800
13877.0	0.0003	DUOXA2	ENSG00000140274
13877.0	0.0003	PNCK	ENSG00000130822
13877.0	0.0003	SORL1	ENSG00000137642
13877.0	0.0003	IYD	ENSG00000009765
13877.0	0.0003	HHIP	ENSG00000164161
13877.0	0.0003	AWAT1	ENSG00000204195
13877.0	0.0003	FFAR4	ENSG00000186188
13877.0	0.0003	CKLF	ENSG00000217555
13877.0	0.0003	PANK1	ENSG00000152782
13877.0	0.0003	RAB31	ENSG00000168461
13877.0	0.0003	C2CD4B	ENSG00000205502
13877.0	0.0003	CWF19L2	ENSG00000152404
13877.0	0.0003	CD1D	ENSG00000158473
13877.0	0.0003	RGN	ENSG00000130988
13877.0	0.0003	SPA17	ENSG00000064199
13877.0	0.0003	MOGAT2	ENSG00000166391
13877.0	0.0003	CRYBG1	ENSG00000112297
13877.0	0.0003	DUSP28	ENSG00000188542
13877.0	0.0003	LACTB	ENSG00000103642
13877.0	0.0003	MARCKS	ENSG00000155130
13877.0	0.0003	IGLL5	ENSG00000254709
13877.0	0.0003	TMED4	ENSG00000158604
13877.0	0.0003	PRCP	ENSG00000137509
13877.0	0.0003	CEACAM8	ENSG00000124469
13877.0	0.0003	BMP3	ENSG00000152785
13877.0	0.0003	S100P	ENSG00000163993
13877.0	0.0003	GOLPH3	ENSG00000113384
13877.0	0.0003	MITD1	ENSG00000158411
13877.0	0.0003	DDA1	ENSG00000130311
13877.0	0.0003	DGAT2L6	ENSG00000184210
13877.0	0.0003	MOGAT1	ENSG00000124003
13877.0	0.0003	RELL2	ENSG00000164620
13877.0	0.0003	SLC22A13	ENSG00000172940
13877.0	0.0003	S100A2	ENSG00000196754
13877.0	0.0003	ZC3H12A	ENSG00000163874
13877.0	0.0003	RSRP1	ENSG00000117616
13877.0	0.0003	DGAT2L7P	ENSG00000205267
13877.0	0.0003	CKS1B	ENSG00000173207
13877.0	0.0003	RFFL	ENSG00000092871
13877.0	0.0003	SLC25A28	ENSG00000155287
13877.0	0.0003	ASB2	ENSG00000100628
13877.0	0.0003	FERMT1	ENSG00000101311
13877.0	0.0003	KRT9	ENSG00000171403
13877.0	0.0003	RELL1	ENSG00000181826
13877.0	0.0003	PPIC	ENSG00000168938
13877.0	0.0003	MIS18BP1	ENSG00000129534
13877.0	0.0003	OIP5	ENSG00000104147
13877.0	0.0003	DHDH	ENSG00000104808
13877.0	0.0003	USP21	ENSG00000143258
13877.0	0.0003	SLC49A4	ENSG00000138463
13877.0	0.0003	ENPEP	ENSG00000138792
13877.0	0.0003	CGAS	ENSG00000164430
13877.0	0.0003	FASTKD2	ENSG00000118246
13877.0	0.0003	MYCBP2	ENSG00000005810
13877.0	0.0003	OPN1LW	ENSG00000102076
13877.0	0.0003	DGUOK	ENSG00000114956
13877.0	0.0003	GOLPH3L	ENSG00000143457
13877.0	0.0003	DDX19B	ENSG00000157349
13877.0	0.0003	CYP24A1	ENSG00000019186
13877.0	0.0003	NLRP4	ENSG00000160505
13877.0	0.0003	CLSTN2	ENSG00000158258
13877.0	0.0003	AOC1	ENSG00000002726
13877.0	0.0003	COL6A6	ENSG00000206384
13877.0	0.0003	SH2D3A	ENSG00000125731
13877.0	0.0003	RTCB	ENSG00000100220
13877.0	0.0003	TNN	ENSG00000120332
13877.0	0.0003	YIPF7	ENSG00000177752
13877.0	0.0003	RUBCN	ENSG00000145016
13877.0	0.0003	ARL10	ENSG00000175414
13877.0	0.0003	CEACAM6	ENSG00000086548
13877.0	0.0003	GPR119	ENSG00000147262
13877.0	0.0003	BEST2	ENSG00000039987
13877.0	0.0003	ASB9	ENSG00000102048
13877.0	0.0003	CHAD	ENSG00000136457
13877.0	0.0003	EIF2B2	ENSG00000119718
13877.0	0.0003	GPR6	ENSG00000146360
13877.0	0.0003	RAB17	ENSG00000124839
13877.0	0.0003	AP3M1	ENSG00000185009
13877.0	0.0003	DCT	ENSG00000080166
13877.0	0.0003	MGARP	ENSG00000137463
13877.0	0.0003	TCTE1	ENSG00000146221
13877.0	0.0003	FAM98B	ENSG00000171262
13877.0	0.0003	ASB4	ENSG00000005981
13877.0	0.0003	LACRT	ENSG00000135413
13877.0	0.0003	C2orf49	ENSG00000135974
13877.0	0.0003	RCN1	ENSG00000049449
13877.0	0.0003	VGLL1	ENSG00000102243
13877.0	0.0003	GXYLT2	ENSG00000172986
13877.0	0.0003	IRF2BP2	ENSG00000168264
13877.0	0.0003	GPR173	ENSG00000184194
13877.0	0.0003	GCM1	ENSG00000137270
13877.0	0.0003	ATP4B	ENSG00000186009
13877.0	0.0003	DCAF1	ENSG00000145041
13877.0	0.0003	EIF2B4	ENSG00000115211
13877.0	0.0003	HLCS	ENSG00000159267
13877.0	0.0003	AHSA1	ENSG00000100591
13877.0	0.0003	IPP	ENSG00000197429
13877.0	0.0003	MTMR10	ENSG00000166912
13877.0	0.0003	NUDT7	ENSG00000140876
13877.0	0.0003	CDK5R2	ENSG00000171450
13877.0	0.0003	AMELY	ENSG00000099721
13877.0	0.0003	GNPNAT1	ENSG00000100522
13877.0	0.0003	UBL3	ENSG00000122042
13877.0	0.0003	SPOUT1	ENSG00000198917
13877.0	0.0003	BTD	ENSG00000169814
13877.0	0.0003	ETV2	ENSG00000105672
13877.0	0.0003	PARP9	ENSG00000138496
13877.0	0.0003	EIF2B1	ENSG00000111361
13877.0	0.0003	TPD52	ENSG00000076554
13877.0	0.0003	C9	ENSG00000113600
13877.0	0.0003	NOVA1	ENSG00000139910
13877.0	0.0003	SH2D1A	ENSG00000183918
13877.0	0.0003	TRIM24	ENSG00000122779
13877.0	0.0003	ZCCHC7	ENSG00000147905
13877.0	0.0003	FOXRED2	ENSG00000100350
13877.0	0.0003	RNF6	ENSG00000127870
13877.0	0.0003	PRB4	ENSG00000230657
13877.0	0.0003	PNRC2	ENSG00000189266
13877.0	0.0003	HOOK1	ENSG00000134709
13877.0	0.0003	EIF2B5	ENSG00000145191
13877.0	0.0003	HTRA4	ENSG00000169495
13877.0	0.0003	HMGCLL1	ENSG00000146151
13877.0	0.0003	ABCB11	ENSG00000073734
13877.0	0.0003	MMS22L	ENSG00000146263
13877.0	0.0003	IGSF8	ENSG00000162729
13877.0	0.0003	APOBEC3D	ENSG00000243811
13877.0	0.0003	MIR9-1HG	ENSG00000125462
13877.0	0.0003	RCSD1	ENSG00000198771
13877.0	0.0003	PABPC4L	ENSG00000254535
13877.0	0.0003	CBR1	ENSG00000159228
13877.0	0.0003	DAZ4	ENSG00000205916
13877.0	0.0003	TMEM35A	ENSG00000126950
13877.0	0.0003	MOSPD2	ENSG00000130150
13877.0	0.0003	PTGFRN	ENSG00000134247
13877.0	0.0003	CKS2	ENSG00000123975
13877.0	0.0003	NSUN3	ENSG00000178694
13877.0	0.0003	HTRA3	ENSG00000170801
13877.0	0.0003	EIF2B3	ENSG00000070785
13877.0	0.0003	ICAM5	ENSG00000105376
13877.0	0.0003	TRIM23	ENSG00000113595
13877.0	0.0003	ZNRF4	ENSG00000105428
13877.0	0.0003	SLC22A14	ENSG00000144671
13877.0	0.0003	TBC1D13	ENSG00000107021
13877.0	0.0003	CASP4	ENSG00000196954
13877.0	0.0003	NUDT15	ENSG00000136159
13877.0	0.0003	CLK4	ENSG00000113240
13877.0	0.0003	C8A	ENSG00000157131
13877.0	0.0003	AKR1A1	ENSG00000117448
13877.0	0.0003	AHSA2P	ENSG00000173209
13877.0	0.0003	SERINC3	ENSG00000132824
13877.0	0.0003	TBC1D3B	ENSG00000224226
13877.0	0.0003	INSM1	ENSG00000173404
13877.0	0.0003	YIF1A	ENSG00000174851
13877.0	0.0003	METTL2B	ENSG00000165055
13877.0	0.0003	ACER3	ENSG00000078124
13877.0	0.0003	RNF5	ENSG00000204308
13877.0	0.0003	FCRL1	ENSG00000163534
13877.0	0.0003	FCRL2	ENSG00000132704
13877.0	0.0003	DCSTAMP	ENSG00000164935
13877.0	0.0003	INSM2	ENSG00000168348
13877.0	0.0003	PRM3	ENSG00000178257
13877.0	0.0003	FCRL4	ENSG00000163518
13877.0	0.0003	TSPOAP1	ENSG00000005379
13877.0	0.0003	GPX5	ENSG00000224586
13877.0	0.0003	APOBEC3F	ENSG00000128394
13877.0	0.0003	HSPBAP1	ENSG00000169087
13877.0	0.0003	TRMT10B	ENSG00000165275
13877.0	0.0003	RMDN3	ENSG00000137824
13877.0	0.0003	LXN	ENSG00000079257
13877.0	0.0003	CABLES2	ENSG00000149679
13877.0	0.0003	FRMD6	ENSG00000139926
13877.0	0.0003	OSBPL2	ENSG00000130703
13877.0	0.0003	TRMT10C	ENSG00000174173
13877.0	0.0003	KAT14	ENSG00000149474
13877.0	0.0003	MBOAT4	ENSG00000177669
13877.0	0.0003	ZKSCAN7	ENSG00000196345
13877.0	0.0003	RAB5C	ENSG00000108774
13877.0	0.0003	C8B	ENSG00000021852
13877.0	0.0003	EDAR	ENSG00000135960
13877.0	0.0003	LRRTM3	ENSG00000198739
13877.0	0.0003	CYP4A22	ENSG00000162365
13877.0	0.0003	CYP4V2	ENSG00000145476
13877.0	0.0003	SEPSECS	ENSG00000109618
13877.0	0.0003	CYREN	ENSG00000122783
13877.0	0.0003	ST14	ENSG00000149418
13877.0	0.0003	CYP20A1	ENSG00000119004
13877.0	0.0003	CYP4B1	ENSG00000142973
13877.0	0.0003	CYP4F11	ENSG00000171903
13877.0	0.0003	CYP4F12	ENSG00000186204
13877.0	0.0003	CYP4X1	ENSG00000186377
13877.0	0.0003	CYP4Z1	ENSG00000186160
13877.0	0.0003	C8G	ENSG00000176919
13877.0	0.0003	MTERF1	ENSG00000127989
13877.0	0.0003	ATOX1	ENSG00000177556
13877.0	0.0003	CROCC	ENSG00000058453
13877.0	0.0003	CD83	ENSG00000112149
13877.0	0.0003	PKN2	ENSG00000065243
13877.0	0.0003	TRNAU1AP	ENSG00000180098
13877.0	0.0003	MOSPD3	ENSG00000106330
13877.0	0.0003	CNPY1	ENSG00000146910
13877.0	0.0003	TMED1	ENSG00000099203
13877.0	0.0003	BACE2	ENSG00000182240
13877.0	0.0003	GFPT2	ENSG00000131459
13877.0	0.0003	RAB11FIP4	ENSG00000131242
13877.0	0.0003	TNFSF8	ENSG00000106952
13877.0	0.0003	SMIM21	ENSG00000206026
13877.0	0.0003	RINT1	ENSG00000135249
13877.0	0.0003	NIPAL4	ENSG00000172548
13877.0	0.0003	PSG4	ENSG00000243137
13877.0	0.0003	AATK	ENSG00000181409
13877.0	0.0003	DAZAP1	ENSG00000071626
13877.0	0.0003	ACOXL	ENSG00000153093
13877.0	0.0003	NPC1	ENSG00000141458
13877.0	0.0003	KIAA0513	ENSG00000135709
13877.0	0.0003	KRT12	ENSG00000187242
13877.0	0.0003	L3HYPDH	ENSG00000126790
13877.0	0.0003	RPH3AL	ENSG00000181031
13877.0	0.0003	GMEB1	ENSG00000162419
13877.0	0.0003	PITPNM1	ENSG00000110697
13877.0	0.0003	CMTM4	ENSG00000183723
13877.0	0.0003	DPP7	ENSG00000176978
13877.0	0.0003	DNAJC1	ENSG00000136770
13877.0	0.0003	HAS3	ENSG00000103044
13877.0	0.0003	CNGB1	ENSG00000070729
13877.0	0.0003	CTSL	ENSG00000135047
13877.0	0.0003	CTSV	ENSG00000136943
13877.0	0.0003	LRSAM1	ENSG00000148356
13877.0	0.0003	BDH1	ENSG00000161267
13877.0	0.0003	DNAJC12	ENSG00000108176
13877.0	0.0003	RABAC1	ENSG00000105404
13877.0	0.0003	SLC43A2	ENSG00000167703
13877.0	0.0003	PARP11	ENSG00000111224
13877.0	0.0003	ELP6	ENSG00000163832
13877.0	0.0003	MTERF3	ENSG00000156469
13877.0	0.0003	SLC41A1	ENSG00000133065
13877.0	0.0003	SLC6A16	ENSG00000063127
13877.0	0.0003	KRT85	ENSG00000135443
13877.0	0.0003	DAP3	ENSG00000132676
13877.0	0.0003	MARCHF1	ENSG00000145416
13877.0	0.0003	KRT31	ENSG00000094796
13877.0	0.0003	KRT36	ENSG00000126337
13877.0	0.0003	BAG5	ENSG00000166170
13877.0	0.0003	HRNR	ENSG00000197915
13877.0	0.0003	PDZRN4	ENSG00000165966
13877.0	0.0003	CMKLR1	ENSG00000174600
13877.0	0.0003	PAIP2	ENSG00000120727
13877.0	0.0003	LAMP1	ENSG00000185896
13877.0	0.0003	CMTM6	ENSG00000091317
13877.0	0.0003	S100A14	ENSG00000189334
13877.0	0.0003	AZGP1	ENSG00000160862
13877.0	0.0003	DHX36	ENSG00000174953
13877.0	0.0003	PELO	ENSG00000152684
13877.0	0.0003	APEH	ENSG00000164062
13877.0	0.0003	C2CD5	ENSG00000111731
13877.0	0.0003	MS4A6A	ENSG00000110077
13877.0	0.0003	SAMD9	ENSG00000205413
13877.0	0.0003	AMBP	ENSG00000106927
13877.0	0.0003	GALNTL6	ENSG00000174473
13877.0	0.0003	COPS8	ENSG00000198612
13877.0	0.0003	KRT77	ENSG00000189182
13877.0	0.0003	FYCO1	ENSG00000163820
13877.0	0.0003	DNAJC17	ENSG00000104129
13877.0	0.0003	HACL1	ENSG00000131373
13877.0	0.0003	MDGA1	ENSG00000112139
13877.0	0.0003	DENND4A	ENSG00000174485
13877.0	0.0003	CX3CR1	ENSG00000168329
13877.0	0.0003	GALNT16	ENSG00000100626
13877.0	0.0003	MRM2	ENSG00000122687
13877.0	0.0003	PREP	ENSG00000085377
13877.0	0.0003	PRLH	ENSG00000071677
13877.0	0.0003	OLFM4	ENSG00000102837
13877.0	0.0003	ZNF263	ENSG00000006194
13877.0	0.0003	ASAH2B	ENSG00000204147
13877.0	0.0003	SLC38A2	ENSG00000134294
13877.0	0.0003	ATF5	ENSG00000169136
13877.0	0.0003	GALNT17	ENSG00000185274
13877.0	0.0003	MBD6	ENSG00000166987
13877.0	0.0003	GALNT18	ENSG00000110328
13877.0	0.0003	METTL3	ENSG00000165819
13877.0	0.0003	NKX6-3	ENSG00000165066
13877.0	0.0003	POC1B-GALNT4	ENSG00000259075
13877.0	0.0003	PHPT1	ENSG00000054148
13877.0	0.0003	CCDC80	ENSG00000091986
13877.0	0.0003	GALNTL5	ENSG00000106648
13877.0	0.0003	RAB30	ENSG00000137502
13877.0	0.0003	SLC1A5	ENSG00000105281
13877.0	0.0003	LECT2	ENSG00000145826
13877.0	0.0003	CPA3	ENSG00000163751
13877.0	0.0003	BDH2	ENSG00000164039
13877.0	0.0003	TRIM9	ENSG00000100505
13877.0	0.0003	SERPINA5	ENSG00000188488
13877.0	0.0003	ILVBL	ENSG00000105135
13877.0	0.0003	TRIM54	ENSG00000138100
13877.0	0.0003	DNAJC9	ENSG00000213551
13877.0	0.0003	LTA4H	ENSG00000111144
13877.0	0.0003	TECRL	ENSG00000205678
13877.0	0.0003	DPY19L2	ENSG00000177990
13877.0	0.0003	GLRA4	ENSG00000188828
13877.0	0.0003	ARID3A	ENSG00000116017
13877.0	0.0003	DIAPH2	ENSG00000147202
13877.0	0.0003	MMP26	ENSG00000167346
13877.0	0.0003	CYP11B2	ENSG00000179142
13877.0	0.0003	HTR3A	ENSG00000166736
13877.0	0.0003	TBC1D3H	ENSG00000242384
13877.0	0.0003	SCRT1	ENSG00000170616
13877.0	0.0003	RIMKLA	ENSG00000177181
13877.0	0.0003	NFU1	ENSG00000169599
13877.0	0.0003	APOBEC4	ENSG00000173627
13877.0	0.0003	SCRT2	ENSG00000215397
13877.0	0.0003	SIAH3	ENSG00000215475
13877.0	0.0003	SLC4A8	ENSG00000050438
13877.0	0.0003	FOLH1B	ENSG00000134612
13877.0	0.0003	MBIP	ENSG00000151332
13877.0	0.0003	FOLR1	ENSG00000110195
13877.0	0.0003	PGS1	ENSG00000087157
13877.0	0.0003	TRIM34	ENSG00000258659
13877.0	0.0003	SEC62	ENSG00000008952
13877.0	0.0003	HSH2D	ENSG00000196684
13877.0	0.0003	RUNDC3A	ENSG00000108309
13877.0	0.0003	TPPP	ENSG00000171368
13877.0	0.0003	MRPS30	ENSG00000112996
13877.0	0.0003	RPAP1	ENSG00000103932
13877.0	0.0003	STEAP1	ENSG00000164647
13877.0	0.0003	COPS4	ENSG00000138663
13877.0	0.0003	SDE2	ENSG00000143751
13877.0	0.0003	PEF1	ENSG00000162517
13877.0	0.0003	DNAAF10	ENSG00000243667
13877.0	0.0003	SLC7A14	ENSG00000013293
13877.0	0.0003	NPTN	ENSG00000156642
13877.0	0.0003	ST8SIA5	ENSG00000101638
13877.0	0.0003	BNIPL	ENSG00000163141
13877.0	0.0003	HIGD1A	ENSG00000181061
13877.0	0.0003	ITGB1BP2	ENSG00000147166
13877.0	0.0003	CRLS1	ENSG00000088766
13877.0	0.0003	WBP1	ENSG00000239779
13877.0	0.0003	SEMA4B	ENSG00000185033
13877.0	0.0003	FCF1	ENSG00000119616
13877.0	0.0003	CAVIN2	ENSG00000168497
13877.0	0.0003	BIRC6	ENSG00000115760
13877.0	0.0003	SPATA7	ENSG00000042317
13877.0	0.0003	COMMD1	ENSG00000173163
13877.0	0.0003	SPG21	ENSG00000090487
13877.0	0.0003	MCAT	ENSG00000100294
13877.0	0.0003	STK32C	ENSG00000165752
13877.0	0.0003	CD72	ENSG00000137101
13877.0	0.0003	METTL14	ENSG00000145388
13877.0	0.0003	TMEM181	ENSG00000146433
13877.0	0.0003	RAB2A	ENSG00000104388
13877.0	0.0003	CCNYL1	ENSG00000163249
13877.0	0.0003	CYTH3	ENSG00000008256
13877.0	0.0003	CYTH4	ENSG00000100055
13877.0	0.0003	GSDMB	ENSG00000073605
13877.0	0.0003	AQP5	ENSG00000161798
13877.0	0.0003	PNMA8B	ENSG00000204851
13877.0	0.0003	RANGRF	ENSG00000108961
13877.0	0.0003	SMNDC1	ENSG00000119953
13877.0	0.0003	RSRC2	ENSG00000111011
13877.0	0.0003	CNNM2	ENSG00000148842
13877.0	0.0003	CILP2	ENSG00000160161
13877.0	0.0003	GMNC	ENSG00000205835
13877.0	0.0003	CYTH2	ENSG00000105443
13877.0	0.0003	KDELR2	ENSG00000136240
13877.0	0.0003	MIOX	ENSG00000100253
13877.0	0.0003	MS4A6E	ENSG00000166926
13877.0	0.0003	TBX10	ENSG00000167800
13877.0	0.0003	S100A12	ENSG00000163221
13877.0	0.0003	PGPEP1	ENSG00000130517
13877.0	0.0003	HPGD	ENSG00000164120
13877.0	0.0003	HVCN1	ENSG00000122986
13877.0	0.0003	DIXDC1	ENSG00000150764
13877.0	0.0003	GZMK	ENSG00000113088
13877.0	0.0003	KDELR3	ENSG00000100196
13877.0	0.0003	GLYAT	ENSG00000149124
13877.0	0.0003	CHCHD1	ENSG00000172586
13877.0	0.0003	CD177	ENSG00000204936
13877.0	0.0003	SLC4A7	ENSG00000033867
13877.0	0.0003	LHB	ENSG00000104826
13877.0	0.0003	PTTG2	ENSG00000250254
13877.0	0.0003	TPMT	ENSG00000137364
13877.0	0.0003	SEMA4F	ENSG00000135622
13877.0	0.0003	DCTD	ENSG00000129187
13877.0	0.0003	MRPL38	ENSG00000204316
13877.0	0.0003	ZCCHC4	ENSG00000168228
13877.0	0.0003	THOP1	ENSG00000172009
13877.0	0.0003	ABCA4	ENSG00000198691
13877.0	0.0003	PDRG1	ENSG00000088356
13877.0	0.0003	RNF19B	ENSG00000116514
13877.0	0.0003	GBGT1	ENSG00000148288
13877.0	0.0003	FLOT2	ENSG00000132589
13877.0	0.0003	LAMP3	ENSG00000078081
13877.0	0.0003	DBX2	ENSG00000185610
13877.0	0.0003	EMP2	ENSG00000213853
13877.0	0.0003	ANOS1	ENSG00000011201
13877.0	0.0003	ZC3H4	ENSG00000130749
13877.0	0.0003	ATP10B	ENSG00000118322
13877.0	0.0003	ATP10D	ENSG00000145246
13877.0	0.0003	CPSF4L	ENSG00000187959
13877.0	0.0003	EVI5	ENSG00000067208
13877.0	0.0003	WDR24	ENSG00000127580
13877.0	0.0003	MRS2	ENSG00000124532
13877.0	0.0003	KRT4	ENSG00000170477
13877.0	0.0003	C1orf116	ENSG00000182795
13877.0	0.0003	PCP2	ENSG00000174788
13877.0	0.0003	FSD1	ENSG00000105255
13877.0	0.0003	AMBRA1	ENSG00000110497
13877.0	0.0003	ACYP2	ENSG00000170634
13877.0	0.0003	SLC31A1	ENSG00000136868
13877.0	0.0003	ACYP1	ENSG00000119640
13877.0	0.0003	MIOS	ENSG00000164654
13877.0	0.0003	RAB20	ENSG00000139832
13877.0	0.0003	TMCO3	ENSG00000150403
13877.0	0.0003	DMTN	ENSG00000158856
13877.0	0.0003	MTHFSD	ENSG00000103248
13877.0	0.0003	KLHDC10	ENSG00000128607
13877.0	0.0003	COPS7A	ENSG00000111652
13877.0	0.0003	SCG2	ENSG00000171951
13877.0	0.0003	USP43	ENSG00000154914
13877.0	0.0003	ICAM2	ENSG00000108622
13877.0	0.0003	VCX	ENSG00000182583
13877.0	0.0003	VCX2	ENSG00000177504
13877.0	0.0003	VCX3B	ENSG00000205642
13877.0	0.0003	ZFTRAF1	ENSG00000187954
13877.0	0.0003	NRTN	ENSG00000171119
13877.0	0.0003	SEMA4G	ENSG00000095539
13877.0	0.0003	FMN1	ENSG00000248905
13877.0	0.0003	RASGEF1A	ENSG00000198915
13877.0	0.0003	NUDT19	ENSG00000213965
13877.0	0.0003	MIPOL1	ENSG00000151338
13877.0	0.0003	CPNE6	ENSG00000100884
13877.0	0.0003	NTN5	ENSG00000142233
13877.0	0.0003	POU4F2	ENSG00000151615
13877.0	0.0003	SHPRH	ENSG00000146414
13877.0	0.0003	ALDH8A1	ENSG00000118514
13877.0	0.0003	GPATCH1	ENSG00000076650
13877.0	0.0003	C1orf35	ENSG00000143793
13877.0	0.0003	FAM98A	ENSG00000119812
13877.0	0.0003	IFITM10	ENSG00000244242
13877.0	0.0003	ZCCHC9	ENSG00000131732
13877.0	0.0003	MRPL51	ENSG00000111639
13877.0	0.0003	PDLIM4	ENSG00000131435
13877.0	0.0003	IL7	ENSG00000104432
13877.0	0.0003	HOPX	ENSG00000171476
13877.0	0.0003	CLPS	ENSG00000137392
13877.0	0.0003	TNPO3	ENSG00000064419
13877.0	0.0003	ZPBP2	ENSG00000186075
13877.0	0.0003	ZHX1	ENSG00000165156
13877.0	0.0003	HS3ST4	ENSG00000182601
13877.0	0.0003	SNX33	ENSG00000173548
13877.0	0.0003	ANKRD49	ENSG00000168876
13877.0	0.0003	CRYGC	ENSG00000163254
13877.0	0.0003	SPATA2	ENSG00000158480
13877.0	0.0003	MMGT1	ENSG00000169446
13877.0	0.0003	RNF103	ENSG00000239305
13877.0	0.0003	CCDC85B	ENSG00000175602
13877.0	0.0003	ENDOU	ENSG00000111405
13877.0	0.0003	PNRC1	ENSG00000146278
13877.0	0.0003	CYGB	ENSG00000161544
13877.0	0.0003	SLC26A5	ENSG00000170615
13877.0	0.0003	SEPHS1	ENSG00000086475
13877.0	0.0003	NLN	ENSG00000123213
13877.0	0.0003	MMD2	ENSG00000136297
13877.0	0.0003	TAAR6	ENSG00000146383
13877.0	0.0003	CBLN4	ENSG00000054803
13877.0	0.0003	TNFAIP6	ENSG00000123610
13877.0	0.0003	ORM2	ENSG00000228278
13877.0	0.0003	ITLN1	ENSG00000179914
13877.0	0.0003	SFXN3	ENSG00000107819
13877.0	0.0003	CREBZF	ENSG00000137504
13877.0	0.0003	STARD4	ENSG00000164211
13877.0	0.0003	TRIM11	ENSG00000154370
13877.0	0.0003	PSPN	ENSG00000125650
13877.0	0.0003	SLCO1B1	ENSG00000134538
13877.0	0.0003	DUOXA1	ENSG00000140254
13877.0	0.0003	ADAP1	ENSG00000105963
13877.0	0.0003	OR4K15	ENSG00000169488
13877.0	0.0003	IPCEF1	ENSG00000074706
13877.0	0.0003	RABGGTB	ENSG00000137955
13877.0	0.0003	SLC9A2	ENSG00000115616
13877.0	0.0003	NUDCD3	ENSG00000015676
13877.0	0.0003	RPP40	ENSG00000124787
13877.0	0.0003	JAML	ENSG00000160593
13877.0	0.0003	GPT	ENSG00000167701
13877.0	0.0003	SPATA2L	ENSG00000158792
13877.0	0.0003	C1orf50	ENSG00000164008
13877.0	0.0003	CLUH	ENSG00000132361
13877.0	0.0003	PRX	ENSG00000105227
13877.0	0.0003	TCAF1	ENSG00000198420
13877.0	0.0003	TSHB	ENSG00000134200
13877.0	0.0003	GJC1	ENSG00000182963
13877.0	0.0003	SH3TC2	ENSG00000169247
13877.0	0.0003	FBXO8	ENSG00000164117
13877.0	0.0003	ZNF569	ENSG00000196437
13877.0	0.0003	MRPL37	ENSG00000116221
13877.0	0.0003	MRPL44	ENSG00000135900
13877.0	0.0003	SLC9B1	ENSG00000164037
13877.0	0.0003	PRG3	ENSG00000156575
13877.0	0.0003	NLRC4	ENSG00000091106
13877.0	0.0003	KLK4	ENSG00000167749
13877.0	0.0003	KIN	ENSG00000151657
13877.0	0.0003	IL17RB	ENSG00000056736
13877.0	0.0003	HIBADH	ENSG00000106049
13877.0	0.0003	FAM3C	ENSG00000196937
13877.0	0.0003	VAT1	ENSG00000108828
13877.0	0.0003	SNX18	ENSG00000178996
13877.0	0.0003	IFRD1	ENSG00000006652
13877.0	0.0003	AICDA	ENSG00000111732
13877.0	0.0003	IFNA1	ENSG00000197919
13877.0	0.0003	ASB1	ENSG00000065802
13877.0	0.0003	CIB2	ENSG00000136425
13877.0	0.0003	SEPHS2	ENSG00000179918
13877.0	0.0003	LRRC4C	ENSG00000148948
13877.0	0.0003	STARD5	ENSG00000172345
13877.0	0.0003	TBATA	ENSG00000166220
13877.0	0.0003	ST6GALNAC6	ENSG00000160408
13877.0	0.0003	STARD6	ENSG00000174448
13877.0	0.0003	ACAP2	ENSG00000114331
13877.0	0.0003	ST6GALNAC5	ENSG00000117069
13877.0	0.0003	PGAM4	ENSG00000226784
13877.0	0.0003	DDN	ENSG00000181418
13877.0	0.0003	ST6GALNAC3	ENSG00000184005
13877.0	0.0003	MAL	ENSG00000172005
13877.0	0.0003	RPP30	ENSG00000148688
13877.0	0.0003	SPMIP8	ENSG00000159648
13877.0	0.0003	CTSG	ENSG00000100448
13877.0	0.0003	AGAP2	ENSG00000135439
13877.0	0.0003	CYTH1	ENSG00000108669
13877.0	0.0003	CLEC12A	ENSG00000172322
13877.0	0.0003	HAS1	ENSG00000105509
13877.0	0.0003	NUDCD2	ENSG00000170584
13877.0	0.0003	SCGB3A2	ENSG00000164265
13877.0	0.0003	WHRN	ENSG00000095397
13877.0	0.0003	PCLAF	ENSG00000166803
13877.0	0.0003	HAPLN1	ENSG00000145681
13877.0	0.0003	ASAP3	ENSG00000088280
13877.0	0.0003	CRYBB2	ENSG00000244752
13877.0	0.0003	ADAP2	ENSG00000184060
13877.0	0.0003	MYCBPAP	ENSG00000136449
13877.0	0.0003	CLCN1	ENSG00000188037
13877.0	0.0003	AKAP14	ENSG00000186471
13877.0	0.0003	IGFBP4	ENSG00000141753
13877.0	0.0003	TCF23	ENSG00000163792
13877.0	0.0003	ZZZ3	ENSG00000036549
13877.0	0.0003	ZBED6	ENSG00000257315
13877.0	0.0003	OMP	ENSG00000254550
13877.0	0.0003	HSPB7	ENSG00000173641
13877.0	0.0003	KLHL24	ENSG00000114796
13877.0	0.0003	MARCHF8	ENSG00000165406
13877.0	0.0003	SLC25A13	ENSG00000004864
13877.0	0.0003	AMY1A	ENSG00000237763
13877.0	0.0003	AMY1B	ENSG00000174876
13877.0	0.0003	ADAMTS12	ENSG00000151388
13877.0	0.0003	CRYGD	ENSG00000118231
13877.0	0.0003	MARCHF9	ENSG00000139266
13877.0	0.0003	SRFBP1	ENSG00000151304
13877.0	0.0003	FOXR1	ENSG00000176302
13877.0	0.0003	IL15	ENSG00000164136
13877.0	0.0003	LAG3	ENSG00000089692
13877.0	0.0003	S100A9	ENSG00000163220
13877.0	0.0003	UBE2J2	ENSG00000160087
13877.0	0.0003	DET1	ENSG00000140543
13877.0	0.0003	WFIKKN1	ENSG00000127578
13877.0	0.0003	IZUMO1	ENSG00000182264
13877.0	0.0003	TRIM67	ENSG00000119283
13877.0	0.0003	NOL9	ENSG00000162408
13877.0	0.0003	CR2	ENSG00000117322
13877.0	0.0003	PLEKHG4	ENSG00000196155
13877.0	0.0003	TIA1	ENSG00000116001
13877.0	0.0003	ASB6	ENSG00000148331
13877.0	0.0003	DEFB1	ENSG00000164825
13877.0	0.0003	IL23A	ENSG00000110944
13877.0	0.0003	ST8SIA3	ENSG00000177511
13877.0	0.0003	PMP2	ENSG00000147588
13877.0	0.0003	ST8SIA4	ENSG00000113532
13877.0	0.0003	RP11-542P2.1	ENSG00000205301
13877.0	0.0003	TRIM35	ENSG00000104228
13877.0	0.0003	BEST3	ENSG00000127325
13877.0	0.0003	NLRP3	ENSG00000162711
13877.0	0.0003	BIK	ENSG00000100290
13877.0	0.0003	EHD3	ENSG00000013016
13877.0	0.0003	FSD1L	ENSG00000106701
13877.0	0.0003	LYST	ENSG00000143669
13877.0	0.0003	SLC40A1	ENSG00000138449
13877.0	0.0003	PSMG3	ENSG00000157778
13877.0	0.0003	VWA2	ENSG00000165816
13877.0	0.0003	STARD3NL	ENSG00000010270
13877.0	0.0003	SEPTIN6	ENSG00000125354
13877.0	0.0003	TXNDC16	ENSG00000087301
13877.0	0.0003	IL21	ENSG00000138684
13877.0	0.0003	PAIP2B	ENSG00000124374
13877.0	0.0003	SEPTIN14	ENSG00000154997
13877.0	0.0003	PAPPA	ENSG00000182752
13877.0	0.0003	SIL1	ENSG00000120725
13877.0	0.0003	OLIG1	ENSG00000184221
13877.0	0.0003	NALF2	ENSG00000130054
13877.0	0.0003	SLC25A46	ENSG00000164209
13877.0	0.0003	LY6E	ENSG00000160932
13877.0	0.0003	B4GALT6	ENSG00000118276
13877.0	0.0003	LETM2	ENSG00000165046
13877.0	0.0003	EMC2	ENSG00000104412
13877.0	0.0003	RGR	ENSG00000148604
13877.0	0.0003	GADD45B	ENSG00000099860
13877.0	0.0003	MAPK15	ENSG00000181085
13877.0	0.0003	TRPM2	ENSG00000142185
13877.0	0.0003	ENAM	ENSG00000132464
13877.0	0.0003	SLC20A2	ENSG00000168575
13877.0	0.0003	SLC16A3	ENSG00000141526
13877.0	0.0003	ZNF346	ENSG00000113761
13877.0	0.0003	DMRT2	ENSG00000173253
13877.0	0.0003	GADD45G	ENSG00000130222
13877.0	0.0003	SEPTIN10	ENSG00000186522
13877.0	0.0003	NPL	ENSG00000135838
13877.0	0.0003	GKN1	ENSG00000169605
13877.0	0.0003	CA4	ENSG00000167434
13877.0	0.0003	SLC25A21	ENSG00000183032
13877.0	0.0003	AMBN	ENSG00000178522
13877.0	0.0003	ELP5	ENSG00000170291
13877.0	0.0003	KCTD8	ENSG00000183783
13877.0	0.0003	STEAP2	ENSG00000157214
13877.0	0.0003	JDP2	ENSG00000140044
13877.0	0.0003	STEAP4	ENSG00000127954
13877.0	0.0003	KIF1C	ENSG00000129250
13877.0	0.0003	SOX1	ENSG00000182968
13877.0	0.0003	ASB7	ENSG00000183475
13877.0	0.0003	COCH	ENSG00000100473
13877.0	0.0003	LINC01565	ENSG00000198685
13877.0	0.0003	KDM4E	ENSG00000235268
13877.0	0.0003	SPINK1	ENSG00000164266
13877.0	0.0003	SERPINA12	ENSG00000165953
13877.0	0.0003	EI24	ENSG00000149547
13877.0	0.0003	SIGLEC12	ENSG00000254521
13877.0	0.0003	MMP24	ENSG00000125966
13877.0	0.0003	POC5	ENSG00000152359
13877.0	0.0003	EIF1AD	ENSG00000175376
13877.0	0.0003	FAM50A	ENSG00000071859
13877.0	0.0003	WFIKKN2	ENSG00000173714
13877.0	0.0003	GCA	ENSG00000115271
13877.0	0.0003	BFSP2	ENSG00000170819
13877.0	0.0003	CBY1	ENSG00000100211
13877.0	0.0003	BMF	ENSG00000104081
13877.0	0.0003	SOCS5	ENSG00000171150
13877.0	0.0003	HOMER2	ENSG00000103942
13877.0	0.0003	PRF1	ENSG00000180644
13877.0	0.0003	MOB2	ENSG00000182208
13877.0	0.0003	CALB1	ENSG00000104327
13877.0	0.0003	ASCL4	ENSG00000187855
13877.0	0.0003	SPOCK2	ENSG00000107742
13877.0	0.0003	SLC6A14	ENSG00000087916
13877.0	0.0003	POU2F2	ENSG00000028277
13877.0	0.0003	ABT1	ENSG00000146109
13877.0	0.0003	IGFBP6	ENSG00000167779
13877.0	0.0003	MMP17	ENSG00000198598
13877.0	0.0003	ENTREP1	ENSG00000135063
13877.0	0.0003	POP4	ENSG00000105171
13877.0	0.0003	DPPA4	ENSG00000121570
13877.0	0.0003	XRRA1	ENSG00000166435
13877.0	0.0003	TRIM13	ENSG00000204977
13877.0	0.0003	TSPAN4	ENSG00000214063
13877.0	0.0003	ANGPTL3	ENSG00000132855
13877.0	0.0003	ARHGEF5	ENSG00000050327
13877.0	0.0003	PATL2	ENSG00000229474
13877.0	0.0003	LYPD2	ENSG00000197353
13877.0	0.0003	MAP4	ENSG00000047849
13877.0	0.0003	AIRE	ENSG00000160224
13877.0	0.0003	SLC45A2	ENSG00000164175
13877.0	0.0003	GFRA3	ENSG00000146013
13877.0	0.0003	CDR1	ENSG00000184258
13877.0	0.0003	HSFY2	ENSG00000169953
13877.0	0.0003	GPR85	ENSG00000164604
13877.0	0.0003	MOCOS	ENSG00000075643
13877.0	0.0003	SLC25A18	ENSG00000182902
13877.0	0.0003	PGRMC1	ENSG00000101856
13877.0	0.0003	NAP1L2	ENSG00000186462
13877.0	0.0003	PCNP	ENSG00000081154
13877.0	0.0003	PSD4	ENSG00000125637
13877.0	0.0003	CALCOCO2	ENSG00000136436
13877.0	0.0003	BBC3	ENSG00000105327
13877.0	0.0003	JCHAIN	ENSG00000132465
13877.0	0.0003	F8	ENSG00000185010
13877.0	0.0003	RAB32	ENSG00000118508
13877.0	0.0003	RAB3IL1	ENSG00000167994
13877.0	0.0003	GARIN2	ENSG00000172717
13877.0	0.0003	RNASEH1	ENSG00000171865
13877.0	0.0003	SLC19A1	ENSG00000173638
13877.0	0.0003	FIZ1	ENSG00000179943
13877.0	0.0003	PRPSAP1	ENSG00000161542
13877.0	0.0003	TRMT61A	ENSG00000166166
13877.0	0.0003	ORMDL2	ENSG00000123353
13877.0	0.0003	MRPS34	ENSG00000074071
13877.0	0.0003	MARCHF5	ENSG00000198060
13877.0	0.0003	NPC1L1	ENSG00000015520
13877.0	0.0003	MAP3K6	ENSG00000142733
13877.0	0.0003	WDR81	ENSG00000167716
13877.0	0.0003	POF1B	ENSG00000124429
13877.0	0.0003	AIPL1	ENSG00000129221
13877.0	0.0003	CTSZ	ENSG00000101160
13877.0	0.0003	MRPL41	ENSG00000182154
13877.0	0.0003	GMFG	ENSG00000130755
13877.0	0.0003	RHD	ENSG00000187010
13877.0	0.0003	SORCS3	ENSG00000156395
13877.0	0.0003	GRIK3	ENSG00000163873
13877.0	0.0003	ALOXE3	ENSG00000179148
13877.0	0.0003	QTRT1	ENSG00000213339
13877.0	0.0003	QTRT2	ENSG00000151576
13877.0	0.0003	RNASE2	ENSG00000169385
13877.0	0.0003	SLC10A1	ENSG00000100652
13877.0	0.0003	DCHS2	ENSG00000197410
13877.0	0.0003	CHRFAM7A	ENSG00000166664
13877.0	0.0003	ZNG1B	ENSG00000136682
13877.0	0.0003	CKMT2	ENSG00000131730
13877.0	0.0003	MRPL21	ENSG00000197345
13877.0	0.0003	NAPG	ENSG00000134265
13877.0	0.0003	SMIM29	ENSG00000186577
13877.0	0.0003	LARP6	ENSG00000166173
13877.0	0.0003	TSPAN16	ENSG00000130167
13877.0	0.0003	SLC26A1	ENSG00000145217
13877.0	0.0003	IL24	ENSG00000162892
13877.0	0.0003	BPNT1	ENSG00000162813
13877.0	0.0003	MRPL14	ENSG00000180992
13877.0	0.0003	MRPL50	ENSG00000136897
13877.0	0.0003	FAM8A1	ENSG00000137414
13877.0	0.0003	FABP6	ENSG00000170231
13877.0	0.0003	FCSK	ENSG00000157353
13877.0	0.0003	ZNF461	ENSG00000197808
13877.0	0.0003	ACSM2B	ENSG00000066813
13877.0	0.0003	STMN2	ENSG00000104435
13877.0	0.0003	COX18	ENSG00000163626
13877.0	0.0003	ARHGEF9	ENSG00000131089
13877.0	0.0003	ACSM1	ENSG00000166743
13877.0	0.0003	ZKSCAN1	ENSG00000106261
13877.0	0.0003	PNPO	ENSG00000108439
13877.0	0.0003	DCUN1D4	ENSG00000109184
13877.0	0.0003	MAB21L2	ENSG00000181541
13877.0	0.0003	FOXD2	ENSG00000186564
13877.0	0.0003	RSC1A1	ENSG00000215695
13877.0	0.0003	KCNJ16	ENSG00000153822
13877.0	0.0003	CSH2	ENSG00000213218
13877.0	0.0003	FOXL1	ENSG00000176678
13877.0	0.0003	GH2	ENSG00000136487
13877.0	0.0003	PTGDS	ENSG00000107317
13877.0	0.0003	TIGD5	ENSG00000179886
13877.0	0.0003	UNC13C	ENSG00000137766
13877.0	0.0003	IFNA13	ENSG00000233816
13877.0	0.0003	CKB	ENSG00000166165
13877.0	0.0003	LRFN1	ENSG00000128011
13877.0	0.0003	ATRNL1	ENSG00000107518
13877.0	0.0003	SPRED3	ENSG00000188766
13877.0	0.0003	SNX12	ENSG00000147164
13877.0	0.0003	SGSM1	ENSG00000167037
13877.0	0.0003	IFNL2	ENSG00000183709
13877.0	0.0003	IFNL1	ENSG00000182393
13877.0	0.0003	NINJ1	ENSG00000131669
13877.0	0.0003	MPC1	ENSG00000060762
13877.0	0.0003	MPC2	ENSG00000143158
13877.0	0.0003	CD1B	ENSG00000158485
13877.0	0.0003	IL20	ENSG00000162891
13877.0	0.0003	CTNNAL1	ENSG00000119326
13877.0	0.0003	IFNL3	ENSG00000197110
13877.0	0.0003	SLCO1B3	ENSG00000111700
13877.0	0.0003	SGSM2	ENSG00000141258
13877.0	0.0003	PMAIP1	ENSG00000141682
13877.0	0.0003	ACSM4	ENSG00000215009
13877.0	0.0003	SYTL5	ENSG00000147041
13877.0	0.0003	MRC1	ENSG00000120586
13877.0	0.0003	PCDH15	ENSG00000150275
13877.0	0.0003	IL26	ENSG00000111536
13877.0	0.0003	DGLUCY	ENSG00000133943
13877.0	0.0003	ACSM2A	ENSG00000183747
13877.0	0.0003	CDR2L	ENSG00000109089
13877.0	0.0003	ACSM5	ENSG00000183549
13877.0	0.0003	IL17F	ENSG00000112116
13877.0	0.0003	ANXA11	ENSG00000122359
13877.0	0.0003	RAB11FIP5	ENSG00000135631
13877.0	0.0003	CNPY3	ENSG00000137161
13877.0	0.0003	PLBD1	ENSG00000121316
13877.0	0.0003	M6PR	ENSG00000003056
13877.0	0.0003	ASMT	ENSG00000196433
13877.0	0.0003	IFNW1	ENSG00000177047
13877.0	0.0003	NKAIN4	ENSG00000101198
13877.0	0.0003	FLACC1	ENSG00000155749
13877.0	0.0003	DNASE2B	ENSG00000137976
13877.0	0.0003	L3MBTL2	ENSG00000100395
13877.0	0.0003	RAX	ENSG00000134438
13877.0	0.0003	PDXK	ENSG00000160209
13877.0	0.0003	IFNE	ENSG00000184995
13877.0	0.0003	PDXP	ENSG00000241360
13877.0	0.0003	IFNK	ENSG00000147896
13877.0	0.0003	ANP32B	ENSG00000136938
13877.0	0.0003	MLPH	ENSG00000115648
13877.0	0.0003	CCDC38	ENSG00000165972
13877.0	0.0003	PHOSPHO2	ENSG00000144362
13877.0	0.0003	GSX1	ENSG00000169840
13877.0	0.0003	PABIR2	ENSG00000156504
13877.0	0.0003	LRFN4	ENSG00000173621
13877.0	0.0003	LDLRAD4	ENSG00000168675
13877.0	0.0003	LMF1	ENSG00000103227
13877.0	0.0003	RGS13	ENSG00000127074
13877.0	0.0003	LRFN2	ENSG00000156564
13877.0	0.0003	REP15	ENSG00000174236
13877.0	0.0003	ZNF638	ENSG00000075292
13877.0	0.0003	TTC31	ENSG00000115282
13877.0	0.0003	BHMT2	ENSG00000132840
13877.0	0.0003	RAB11FIP1	ENSG00000156675
13877.0	0.0003	RTN4RL1	ENSG00000185924
13877.0	0.0003	RBCK1	ENSG00000125826
13877.0	0.0003	SORCS2	ENSG00000184985
13877.0	0.0003	VWC2L	ENSG00000174453
13877.0	0.0003	GAL3ST3	ENSG00000175229
13877.0	0.0003	HEATR5A	ENSG00000129493
13877.0	0.0003	DUS2	ENSG00000167264
13877.0	0.0003	PDK4	ENSG00000004799
13877.0	0.0003	CES1	ENSG00000198848
13877.0	0.0003	MFF	ENSG00000168958
13877.0	0.0003	PPP1R14B	ENSG00000173457
13877.0	0.0003	POP5	ENSG00000167272
13877.0	0.0003	FUT10	ENSG00000172728
13877.0	0.0003	FBXO3	ENSG00000110429
13877.0	0.0003	RAB3D	ENSG00000105514
13877.0	0.0003	DFFB	ENSG00000169598
13877.0	0.0003	SLC10A2	ENSG00000125255
13877.0	0.0003	KY	ENSG00000174611
13877.0	0.0003	BCL2A1	ENSG00000140379
13877.0	0.0003	RELCH	ENSG00000134444
13877.0	0.0003	NKAIN1	ENSG00000084628
13877.0	0.0003	OPCML	ENSG00000183715
13877.0	0.0003	ALDH2	ENSG00000111275
13877.0	0.0003	GIMAP6	ENSG00000133561
13877.0	0.0003	PIWIL3	ENSG00000184571
13877.0	0.0003	TDRD6	ENSG00000180113
13877.0	0.0003	ARL6IP4	ENSG00000182196
13877.0	0.0003	STXBP5L	ENSG00000145087
13877.0	0.0003	ZNF398	ENSG00000197024
13877.0	0.0003	CRACR2A	ENSG00000130038
13877.0	0.0003	RNH1	ENSG00000023191
13877.0	0.0003	UAP1	ENSG00000117143
13877.0	0.0003	NOCT	ENSG00000151014
13877.0	0.0003	PTGES	ENSG00000148344
13877.0	0.0003	FAAH	ENSG00000117480
13877.0	0.0003	CRYAB	ENSG00000109846
13877.0	0.0003	TRAF3IP1	ENSG00000204104
13877.0	0.0003	CHIC1	ENSG00000204116
13877.0	0.0003	SLC22A3	ENSG00000146477
13877.0	0.0003	ARPP19	ENSG00000128989
13877.0	0.0003	ZNF704	ENSG00000164684
13877.0	0.0003	GTF3C6	ENSG00000155115
13877.0	0.0003	HPGDS	ENSG00000163106
13877.0	0.0003	EME2	ENSG00000197774
13877.0	0.0003	KRT6A	ENSG00000205420
13877.0	0.0003	DBP	ENSG00000105516
13877.0	0.0003	NANOS3	ENSG00000187556
13877.0	0.0003	USP5	ENSG00000111667
13877.0	0.0003	RAB21	ENSG00000080371
13877.0	0.0003	LGALS2	ENSG00000100079
13877.0	0.0003	SCLY	ENSG00000132330
13877.0	0.0003	ZNF382	ENSG00000161298
13877.0	0.0003	MTCH1	ENSG00000137409
13877.0	0.0003	MATN2	ENSG00000132561
13877.0	0.0003	TMEM132D	ENSG00000151952
13877.0	0.0003	PTGES3L	ENSG00000267060
13877.0	0.0003	B3GALNT1	ENSG00000169255
13877.0	0.0003	LPO	ENSG00000167419
13877.0	0.0003	LRRC4	ENSG00000128594
13877.0	0.0003	UBXN4	ENSG00000144224
13877.0	0.0003	DUS3L	ENSG00000141994
13877.0	0.0003	SLC24A5	ENSG00000188467
13877.0	0.0003	PDE3B	ENSG00000152270
13877.0	0.0003	ANXA3	ENSG00000138772
13877.0	0.0003	NEIL2	ENSG00000154328
13877.0	0.0003	PRDM9	ENSG00000164256
13877.0	0.0003	PRPSAP2	ENSG00000141127
13877.0	0.0003	PABPN1L	ENSG00000205022
13877.0	0.0003	CMC1	ENSG00000187118
13877.0	0.0003	KBTBD6	ENSG00000165572
13877.0	0.0003	INTS2	ENSG00000108506
13877.0	0.0003	UQCC1	ENSG00000101019
13877.0	0.0003	MTRNR2L5	ENSG00000249860
13877.0	0.0003	CSTF2T	ENSG00000177613
13877.0	0.0003	QSOX2	ENSG00000165661
13877.0	0.0003	RNF25	ENSG00000163481
13877.0	0.0003	CD70	ENSG00000125726
13877.0	0.0003	TAF15	ENSG00000172660
13877.0	0.0003	BIRC8	ENSG00000163098
13877.0	0.0003	SLC22A9	ENSG00000149742
13877.0	0.0003	HUS1B	ENSG00000188996
13877.0	0.0003	POP1	ENSG00000104356
13877.0	0.0003	NHERF4	ENSG00000172367
13877.0	0.0003	PRG4	ENSG00000116690
13877.0	0.0003	KRT5	ENSG00000186081
13877.0	0.0003	PCIF1	ENSG00000100982
13877.0	0.0003	GLIS1	ENSG00000174332
13877.0	0.0003	LRRC1	ENSG00000137269
13877.0	0.0003	BMP15	ENSG00000130385
13877.0	0.0003	MIA	ENSG00000261857
13877.0	0.0003	COMMD6	ENSG00000188243
13877.0	0.0003	MTRF1	ENSG00000120662
13877.0	0.0003	TM9SF2	ENSG00000125304
13877.0	0.0003	PDCL3	ENSG00000115539
13877.0	0.0003	MYO3A	ENSG00000095777
13877.0	0.0003	EPX	ENSG00000121053
13877.0	0.0003	NCR2	ENSG00000096264
13877.0	0.0003	TULP1	ENSG00000112041
13877.0	0.0003	SIPA1	ENSG00000213445
13877.0	0.0003	AARSD1	ENSG00000266967
13877.0	0.0003	MYO3B	ENSG00000071909
13877.0	0.0003	ABCC12	ENSG00000140798
13877.0	0.0003	CSRP2	ENSG00000175183
13877.0	0.0003	SLC5A2	ENSG00000140675
13877.0	0.0003	CCN5	ENSG00000064205
13877.0	0.0003	BSPRY	ENSG00000119411
13877.0	0.0003	ANKS1B	ENSG00000185046
13877.0	0.0003	UAP1L1	ENSG00000197355
13877.0	0.0003	MCOLN3	ENSG00000055732
13877.0	0.0003	CD58	ENSG00000116815
13877.0	0.0003	MCC	ENSG00000171444
13877.0	0.0003	PPIH	ENSG00000171960
13877.0	0.0003	GPR143	ENSG00000101850
13877.0	0.0003	ASGR1	ENSG00000141505
13877.0	0.0003	CARD9	ENSG00000187796
13877.0	0.0003	SLC5A4	ENSG00000100191
13877.0	0.0003	GFRA4	ENSG00000125861
13877.0	0.0003	PRXL2B	ENSG00000157870
13877.0	0.0003	HEMGN	ENSG00000136929
13877.0	0.0003	NKTR	ENSG00000114857
13877.0	0.0003	TBC1D15	ENSG00000121749
13877.0	0.0003	PTCD2	ENSG00000049883
13877.0	0.0003	MTERF4	ENSG00000122085
13877.0	0.0003	ZFPL1	ENSG00000162300
13877.0	0.0003	YIF1B	ENSG00000167645
13877.0	0.0003	CLCA1	ENSG00000016490
13877.0	0.0003	SERTAD3	ENSG00000167565
13877.0	0.0003	PDCL2	ENSG00000163440
13877.0	0.0003	NIBAN3	ENSG00000167483
13877.0	0.0003	DAGLA	ENSG00000134780
13877.0	0.0003	TMX2	ENSG00000213593
13877.0	0.0003	PCDHGB4	ENSG00000253953
13877.0	0.0003	ZFR	ENSG00000056097
13877.0	0.0003	STK17B	ENSG00000081320
13877.0	0.0003	SYT17	ENSG00000103528
13877.0	0.0003	PPM1H	ENSG00000111110
13877.0	0.0003	MOB3A	ENSG00000172081
13877.0	0.0003	TBC1D14	ENSG00000132405
13877.0	0.0003	STK17A	ENSG00000164543
13877.0	0.0003	CRHBP	ENSG00000145708
13877.0	0.0003	FBXO7	ENSG00000100225
13877.0	0.0003	TMEM65	ENSG00000164983
13877.0	0.0003	MREG	ENSG00000118242
13877.0	0.0003	CD276	ENSG00000103855
13877.0	0.0003	MCOLN2	ENSG00000153898
13877.0	0.0003	HMGN5	ENSG00000198157
13877.0	0.0003	NKAIN2	ENSG00000188580
13877.0	0.0003	SLC22A1	ENSG00000175003
13877.0	0.0003	TGM4	ENSG00000163810
13877.0	0.0003	FNIP1	ENSG00000217128
13877.0	0.0003	CLRN1	ENSG00000163646
13877.0	0.0003	INO80D	ENSG00000114933
13877.0	0.0003	TRERF1	ENSG00000124496
13877.0	0.0003	TFCP2L1	ENSG00000115112
13877.0	0.0003	DFFA	ENSG00000160049
13877.0	0.0003	ART5	ENSG00000167311
13877.0	0.0003	LARP1	ENSG00000155506
13877.0	0.0003	MPEG1	ENSG00000197629
13877.0	0.0003	CINP	ENSG00000100865
13877.0	0.0003	NAPEPLD	ENSG00000161048
13877.0	0.0003	PPIL6	ENSG00000185250
13877.0	0.0003	PCMT1	ENSG00000120265
13877.0	0.0003	AARD	ENSG00000205002
13877.0	0.0003	NR3C2	ENSG00000151623
13877.0	0.0003	TRIM3	ENSG00000110171
13877.0	0.0003	PHF2	ENSG00000197724
13877.0	0.0003	ABCG4	ENSG00000172350
13877.0	0.0003	GRIK4	ENSG00000149403
13877.0	0.0003	TMTC1	ENSG00000133687
13877.0	0.0003	OSBPL5	ENSG00000021762
13877.0	0.0003	NOL12	ENSG00000100101
13877.0	0.0003	LARP1B	ENSG00000138709
13877.0	0.0003	ZMAT3	ENSG00000172667
13877.0	0.0003	ARHGEF28	ENSG00000214944
13877.0	0.0003	TIAF1	ENSG00000221995
13877.0	0.0003	FBXL2	ENSG00000153558
13877.0	0.0003	PHF20L1	ENSG00000129292
13877.0	0.0003	IL37	ENSG00000125571
13877.0	0.0003	FLT3LG	ENSG00000090554
13877.0	0.0003	SOBP	ENSG00000112320
13877.0	0.0003	UBE2Q2	ENSG00000140367
13877.0	0.0003	CTSF	ENSG00000174080
13877.0	0.0003	ACY1	ENSG00000243989
13877.0	0.0003	KLC3	ENSG00000104892
13877.0	0.0003	CENPB	ENSG00000125817
13877.0	0.0003	ABCC4	ENSG00000125257
13877.0	0.0003	BOK	ENSG00000176720
13877.0	0.0003	THG1L	ENSG00000113272
13877.0	0.0003	SERTAD1	ENSG00000197019
13877.0	0.0003	ADAM33	ENSG00000149451
13877.0	0.0003	MFHAS1	ENSG00000147324
13877.0	0.0003	TSPAN8	ENSG00000127324
13877.0	0.0003	TWNK	ENSG00000107815
13877.0	0.0003	TRIM21	ENSG00000132109
13877.0	0.0003	MYO15A	ENSG00000091536
13877.0	0.0003	PRPF38B	ENSG00000134186
13877.0	0.0003	MYLIP	ENSG00000007944
13877.0	0.0003	PTRH1	ENSG00000187024
13877.0	0.0003	MAK	ENSG00000111837
13877.0	0.0003	IFIT5	ENSG00000152778
13877.0	0.0003	GPR179	ENSG00000188888
13877.0	0.0003	FCGR3A	ENSG00000203747
13877.0	0.0003	SNCB	ENSG00000074317
13877.0	0.0003	RPP14	ENSG00000163684
13877.0	0.0003	CLK1	ENSG00000013441
13877.0	0.0003	TTLL5	ENSG00000119685
13877.0	0.0003	GPR180	ENSG00000152749
13877.0	0.0003	ANO7	ENSG00000146205
13877.0	0.0003	ADAMTS9	ENSG00000163638
13877.0	0.0003	FPGT	ENSG00000254685
13877.0	0.0003	CRISP2	ENSG00000124490
13877.0	0.0003	FBLN7	ENSG00000144152
13877.0	0.0003	UNC13D	ENSG00000092929
13877.0	0.0003	ZBED4	ENSG00000100426
13877.0	0.0003	ADPRS	ENSG00000116863
13877.0	0.0003	NLRP1	ENSG00000091592
13877.0	0.0003	GPRC5C	ENSG00000170412
13877.0	0.0003	POGLUT3	ENSG00000178202
13877.0	0.0003	MAPK1IP1L	ENSG00000168175
13877.0	0.0003	TBC1D9B	ENSG00000197226
13877.0	0.0003	MICU3	ENSG00000155970
13877.0	0.0003	SLC34A2	ENSG00000157765
13877.0	0.0003	SLC17A5	ENSG00000119899
13877.0	0.0003	PON1	ENSG00000005421
13877.0	0.0003	ESX1	ENSG00000123576
13877.0	0.0003	KHDC4	ENSG00000132680
13877.0	0.0003	EPB42	ENSG00000166947
13877.0	0.0003	PRSS16	ENSG00000112812
13877.0	0.0003	DUSP12	ENSG00000081721
13877.0	0.0003	DDX51	ENSG00000185163
13877.0	0.0003	CENPV	ENSG00000166582
13877.0	0.0003	UCN2	ENSG00000145040
13877.0	0.0003	MOB3B	ENSG00000120162
13877.0	0.0003	ECM2	ENSG00000106823
13877.0	0.0003	HRK	ENSG00000135116
13877.0	0.0003	ARL8B	ENSG00000134108
13877.0	0.0003	ARL8A	ENSG00000143862
13877.0	0.0003	MINDY1	ENSG00000143409
13877.0	0.0003	SLC20A1	ENSG00000144136
13877.0	0.0003	CNNM1	ENSG00000119946
13877.0	0.0003	HLA-DQB1	ENSG00000179344
13877.0	0.0003	INSL3	ENSG00000248099
13877.0	0.0003	OGFOD1	ENSG00000087263
13877.0	0.0003	RNF126	ENSG00000070423
13877.0	0.0003	GFRA2	ENSG00000168546
13877.0	0.0003	CA7	ENSG00000168748
13877.0	0.0003	ZER1	ENSG00000160445
13877.0	0.0003	IL17C	ENSG00000124391
13877.0	0.0003	SNX13	ENSG00000071189
13877.0	0.0003	S100G	ENSG00000169906
13877.0	0.0003	PHTF1	ENSG00000116793
13877.0	0.0003	SLC51A	ENSG00000163959
13877.0	0.0003	NCEH1	ENSG00000144959
13877.0	0.0003	WDR76	ENSG00000092470
13877.0	0.0003	H1-7	ENSG00000187166
13877.0	0.0003	TMEM177	ENSG00000144120
13877.0	0.0003	GCNT7	ENSG00000124091
13877.0	0.0003	UBIAD1	ENSG00000120942
13877.0	0.0003	PRR13	ENSG00000205352
13877.0	0.0003	CALY	ENSG00000130643
13877.0	0.0003	TBC1D10A	ENSG00000099992
13877.0	0.0003	CRYAA	ENSG00000160202
13877.0	0.0003	MOB3C	ENSG00000142961
13877.0	0.0003	ANKS1A	ENSG00000064999
13877.0	0.0003	DISP3	ENSG00000204624
13877.0	0.0003	CCDC6	ENSG00000108091
13877.0	0.0003	FBXL12	ENSG00000127452
13877.0	0.0003	FCGR3B	ENSG00000162747
13877.0	0.0003	EIF4ENIF1	ENSG00000184708
13877.0	0.0003	DMRTA2	ENSG00000142700
13877.0	0.0003	TMEM119	ENSG00000183160
13877.0	0.0003	USPL1	ENSG00000132952
13877.0	0.0003	CD207	ENSG00000116031
13877.0	0.0003	CADM2	ENSG00000175161
13877.0	0.0003	LBP	ENSG00000129988
13877.0	0.0003	CES4A	ENSG00000172824
13877.0	0.0003	RNASET2	ENSG00000026297
13877.0	0.0003	HPN	ENSG00000105707
13877.0	0.0003	OSR2	ENSG00000164920
13877.0	0.0003	HINT2	ENSG00000137133
13877.0	0.0003	EHD4	ENSG00000103966
13877.0	0.0003	STC1	ENSG00000159167
13877.0	0.0003	POLG	ENSG00000140521
13877.0	0.0003	RPS6KC1	ENSG00000136643
13877.0	0.0003	ZNF354C	ENSG00000177932
13877.0	0.0003	TDRKH	ENSG00000182134
13877.0	0.0003	OSBPL8	ENSG00000091039
13877.0	0.0003	FBXO46	ENSG00000177051
13877.0	0.0003	CES3	ENSG00000172828
13877.0	0.0003	SECISBP2L	ENSG00000138593
13877.0	0.0003	AGFG2	ENSG00000106351
13877.0	0.0003	DDAH1	ENSG00000153904
13877.0	0.0003	NPTX1	ENSG00000171246
13877.0	0.0003	ST18	ENSG00000147488
13877.0	0.0003	ABCF3	ENSG00000161204
13877.0	0.0003	TSC22D4	ENSG00000166925
13877.0	0.0003	SLC22A5	ENSG00000197375
13877.0	0.0003	IL18RAP	ENSG00000115607
13877.0	0.0003	AIFM2	ENSG00000042286
13877.0	0.0003	DGCR2	ENSG00000070413
13877.0	0.0003	STK32A	ENSG00000169302
13877.0	0.0003	ENDOG	ENSG00000167136
13877.0	0.0003	MATN1	ENSG00000162510
13877.0	0.0003	KRTAP1-5	ENSG00000221852
13877.0	0.0003	LRTM1	ENSG00000144771
13877.0	0.0003	TDRD9	ENSG00000156414
13877.0	0.0003	CSMD1	ENSG00000183117
13877.0	0.0003	ABHD1	ENSG00000143994
13877.0	0.0003	KRTAP1-4	ENSG00000204887
13877.0	0.0003	AVIL	ENSG00000135407
13877.0	0.0003	CHCHD7	ENSG00000170791
13877.0	0.0003	CEP170	ENSG00000143702
13877.0	0.0003	MSL2	ENSG00000174579
13877.0	0.0003	TGM6	ENSG00000166948
13877.0	0.0003	RAMP3	ENSG00000122679
13877.0	0.0003	ANGEL2	ENSG00000174606
13877.0	0.0003	YLPM1	ENSG00000119596
13877.0	0.0003	MTRF1L	ENSG00000112031
13877.0	0.0003	FBXO30	ENSG00000118496
13877.0	0.0003	MIP	ENSG00000135517
13877.0	0.0003	SLC22A8	ENSG00000149452
13877.0	0.0003	CALHM1	ENSG00000185933
13877.0	0.0003	LIMA1	ENSG00000050405
13877.0	0.0003	MARCHF11	ENSG00000183654
13877.0	0.0003	MARCHF10	ENSG00000173838
13877.0	0.0003	HERC3	ENSG00000138641
13877.0	0.0003	MATN4	ENSG00000124159
13877.0	0.0003	BCL7C	ENSG00000099385
13877.0	0.0003	SLC25A11	ENSG00000108528
13877.0	0.0003	KRBOX4	ENSG00000147121
13877.0	0.0003	RAB27B	ENSG00000041353
13877.0	0.0003	SLC22A18	ENSG00000110628
13877.0	0.0003	RINL	ENSG00000187994
13877.0	0.0003	SCIN	ENSG00000006747
13877.0	0.0003	MESP1	ENSG00000166823
13877.0	0.0003	HSF2BP	ENSG00000160207
13877.0	0.0003	NFKBIZ	ENSG00000144802
13877.0	0.0003	DNTTIP1	ENSG00000101457
13877.0	0.0003	RTP5	ENSG00000188011
13877.0	0.0003	CDK2AP1	ENSG00000111328
13877.0	0.0003	FMN2	ENSG00000155816
13877.0	0.0003	TMOD3	ENSG00000138594
13877.0	0.0003	CFI	ENSG00000205403
13877.0	0.0003	EVI2B	ENSG00000185862
13877.0	0.0003	EFCAB13	ENSG00000178852
13877.0	0.0003	C4BPA	ENSG00000123838
13877.0	0.0003	EFCAB3	ENSG00000172421
13877.0	0.0003	RUFY3	ENSG00000018189
13877.0	0.0003	PIP	ENSG00000159763
13877.0	0.0003	SLC25A32	ENSG00000164933
13877.0	0.0003	CCDC141	ENSG00000163492
13877.0	0.0003	PNMA1	ENSG00000176903
13877.0	0.0003	SH3BP5	ENSG00000131370
13877.0	0.0003	SLAIN2	ENSG00000109171
13877.0	0.0003	RFPL3	ENSG00000128276
13877.0	0.0003	TMPRSS11D	ENSG00000153802
13877.0	0.0003	RAVER1	ENSG00000161847
13877.0	0.0003	IL11RA	ENSG00000137070
13877.0	0.0003	COPS7B	ENSG00000144524
13877.0	0.0003	MSMP	ENSG00000215183
13877.0	0.0003	TPCN2	ENSG00000162341
13877.0	0.0003	HTN1	ENSG00000126550
13877.0	0.0003	TRIM29	ENSG00000137699
13877.0	0.0003	RUSC2	ENSG00000198853
13877.0	0.0003	ATMIN	ENSG00000166454
13877.0	0.0003	KLHL14	ENSG00000197705
13877.0	0.0003	RPUSD4	ENSG00000165526
13877.0	0.0003	ANXA10	ENSG00000109511
13877.0	0.0003	OCM	ENSG00000122543
13877.0	0.0003	OCM2	ENSG00000135175
13877.0	0.0003	GPCPD1	ENSG00000125772
13877.0	0.0003	UGT2B28	ENSG00000135226
13877.0	0.0003	PARP14	ENSG00000173193
13877.0	0.0003	ZG16B	ENSG00000162078
13877.0	0.0003	CABP5	ENSG00000105507
13877.0	0.0003	CABP2	ENSG00000167791
13877.0	0.0003	SCGN	ENSG00000079689
13877.0	0.0003	CABP7	ENSG00000100314
13877.0	0.0003	CALML4	ENSG00000129007
13877.0	0.0003	CALN1	ENSG00000183166
13877.0	0.0003	EFCAB11	ENSG00000140025
13877.0	0.0003	EFCAB2	ENSG00000203666
13877.0	0.0003	EFCAB7	ENSG00000203965
13877.0	0.0003	EFCAB9	ENSG00000214360
13877.0	0.0003	SPATA21	ENSG00000187144
13877.0	0.0003	SERPIND1	ENSG00000099937
13877.0	0.0003	FBXL20	ENSG00000108306
13877.0	0.0003	RNF216	ENSG00000011275
13877.0	0.0003	ZYG11B	ENSG00000162378
13877.0	0.0003	RLN3	ENSG00000171136
13877.0	0.0003	DELEC1	ENSG00000173077
13877.0	0.0003	PXDN	ENSG00000130508
13877.0	0.0003	GTSF1	ENSG00000170627
13877.0	0.0003	TNFSF15	ENSG00000181634
13877.0	0.0003	MSI2	ENSG00000153944
13877.0	0.0003	TSPAN33	ENSG00000158457
13877.0	0.0003	CORT	ENSG00000241563
13877.0	0.0003	ELOVL3	ENSG00000119915
13877.0	0.0003	SH3YL1	ENSG00000035115
13877.0	0.0003	TRMT61B	ENSG00000171103
13877.0	0.0003	LIMS1	ENSG00000169756
13877.0	0.0003	ZCCHC14	ENSG00000140948
13877.0	0.0003	REG3A	ENSG00000172016
13877.0	0.0003	DNMBP	ENSG00000107554
13877.0	0.0003	MRM1	ENSG00000129282
13877.0	0.0003	FAHD2B	ENSG00000144199
13877.0	0.0003	VTCN1	ENSG00000134258
13877.0	0.0003	CRIP1	ENSG00000213145
13877.0	0.0003	PDE12	ENSG00000174840
13877.0	0.0003	SLC25A3	ENSG00000075415
13877.0	0.0003	PROP1	ENSG00000175325
13877.0	0.0003	TMPRSS11E	ENSG00000087128
13877.0	0.0003	U2AF1L4	ENSG00000161265
13877.0	0.0003	NOP16	ENSG00000048162
13877.0	0.0003	BAIAP2L1	ENSG00000006453
13877.0	0.0003	CNNM3	ENSG00000168763
13877.0	0.0003	EVI2A	ENSG00000126860
13877.0	0.0003	TEX13A	ENSG00000133149
13877.0	0.0003	ABHD6	ENSG00000163686
13877.0	0.0003	OCIAD2	ENSG00000145247
13877.0	0.0003	CNNM4	ENSG00000158158
13877.0	0.0003	ART3	ENSG00000156219
13877.0	0.0003	MEP1B	ENSG00000141434
13877.0	0.0003	RFPL1	ENSG00000128250
13877.0	0.0003	MLXIP	ENSG00000175727
13877.0	0.0003	ICOSLG	ENSG00000160223
13877.0	0.0003	TSKS	ENSG00000126467
13877.0	0.0003	EDF1	ENSG00000107223
13877.0	0.0003	MIER3	ENSG00000155545
13877.0	0.0003	KTN1	ENSG00000126777
13877.0	0.0003	IGDCC4	ENSG00000103742
13877.0	0.0003	KRTAP16-1	ENSG00000212657
13877.0	0.0003	DPT	ENSG00000143196
13877.0	0.0003	GYPA	ENSG00000170180
13877.0	0.0003	LRRC26	ENSG00000184709
13877.0	0.0003	PRTG	ENSG00000166450
13877.0	0.0003	SLC16A10	ENSG00000112394
13877.0	0.0003	LMOD2	ENSG00000170807
13877.0	0.0003	BHLHA15	ENSG00000180535
13877.0	0.0003	LRRC38	ENSG00000162494
13877.0	0.0003	NAIP	ENSG00000249437
13877.0	0.0003	LRRN2	ENSG00000170382
13877.0	0.0003	CCDC172	ENSG00000182645
13877.0	0.0003	FAHD2A	ENSG00000115042
13877.0	0.0003	FBXL22	ENSG00000197361
13877.0	0.0003	MAP7D1	ENSG00000116871
13877.0	0.0003	RASSF9	ENSG00000198774
13877.0	0.0003	KLHDC2	ENSG00000165516
13877.0	0.0003	TCP10L	ENSG00000242220
13877.0	0.0003	OARD1	ENSG00000124596
13877.0	0.0003	PLAAT4	ENSG00000133321
13877.0	0.0003	SLC9B2	ENSG00000164038
13877.0	0.0003	RBM24	ENSG00000112183
13877.0	0.0003	BEX3	ENSG00000166681
13877.0	0.0003	SYT5	ENSG00000129990
13877.0	0.0003	IFFO1	ENSG00000010295
13877.0	0.0003	TCHP	ENSG00000139437
13877.0	0.0003	DIP2B	ENSG00000066084
13877.0	0.0003	KLHL1	ENSG00000150361
13877.0	0.0003	CARD8	ENSG00000105483
13877.0	0.0003	INF2	ENSG00000203485
13877.0	0.0003	CSDC2	ENSG00000172346
13877.0	0.0003	KLHDC1	ENSG00000197776
13877.0	0.0003	KIRREL3	ENSG00000149571
13877.0	0.0003	SP2	ENSG00000167182
13877.0	0.0003	MIEF1	ENSG00000100335
13877.0	0.0003	NANOS2	ENSG00000188425
13877.0	0.0003	IL31RA	ENSG00000164509
13877.0	0.0003	SIGLEC10	ENSG00000142512
13877.0	0.0003	CCDC97	ENSG00000142039
13877.0	0.0003	OR2A4	ENSG00000180658
13877.0	0.0003	DECR2	ENSG00000242612
13877.0	0.0003	NAP1L3	ENSG00000186310
13877.0	0.0003	ATG10	ENSG00000152348
13877.0	0.0003	MASTL	ENSG00000120539
13877.0	0.0003	ADIPOR2	ENSG00000006831
13877.0	0.0003	RWDD4	ENSG00000182552
13877.0	0.0003	ZBTB7C	ENSG00000184828
13877.0	0.0003	STOML1	ENSG00000067221
13877.0	0.0003	CR1	ENSG00000203710
13877.0	0.0003	MT3	ENSG00000087250
13877.0	0.0003	SOX8	ENSG00000005513
13877.0	0.0003	PAPL	ENSG00000183760
13877.0	0.0003	TMPRSS3	ENSG00000160183
13877.0	0.0003	PKN3	ENSG00000160447
13877.0	0.0003	SLC2A7	ENSG00000197241
13877.0	0.0003	TNFSF4	ENSG00000117586
13877.0	0.0003	STOML2	ENSG00000165283
13877.0	0.0003	NRK	ENSG00000123572
13877.0	0.0003	TMIGD2	ENSG00000167664
13877.0	0.0003	HMGN2	ENSG00000198830
13877.0	0.0003	NEBL	ENSG00000078114
13877.0	0.0003	KRT3	ENSG00000186442
13877.0	0.0003	HSFX1	ENSG00000171116
13877.0	0.0003	HSFX2	ENSG00000171129
13877.0	0.0003	HSFY1	ENSG00000172468
13877.0	0.0003	SPDYA	ENSG00000163806
13877.0	0.0003	SGK494	ENSG00000167524
13877.0	0.0003	NEIL3	ENSG00000109674
13877.0	0.0003	PCDH10	ENSG00000138650
13877.0	0.0003	ARFIP1	ENSG00000164144
13877.0	0.0003	FKBPL	ENSG00000204315
13877.0	0.0003	IFIT1B	ENSG00000204010
13877.0	0.0003	ZNRF2	ENSG00000180233
13877.0	0.0003	TOMM34	ENSG00000025772
13877.0	0.0003	TTC16	ENSG00000167094
13877.0	0.0003	TTC24	ENSG00000187862
13877.0	0.0003	TTC32	ENSG00000183891
13877.0	0.0003	PIMREG	ENSG00000129195
13877.0	0.0003	ZBTB8OS	ENSG00000176261
13877.0	0.0003	LY75	ENSG00000054219
13877.0	0.0003	FBXO45	ENSG00000174013
13877.0	0.0003	HINT3	ENSG00000111911
13877.0	0.0003	PCDH18	ENSG00000189184
13877.0	0.0003	APOO	ENSG00000184831
13877.0	0.0003	SNX22	ENSG00000157734
13877.0	0.0003	ANKRD2	ENSG00000165887
13877.0	0.0003	SPDYC	ENSG00000204710
13877.0	0.0003	FADS3	ENSG00000221968
13877.0	0.0003	CMBL	ENSG00000164237
13877.0	0.0003	RNF144B	ENSG00000137393
13877.0	0.0003	TAC4	ENSG00000176358
13877.0	0.0003	SLC24A1	ENSG00000074621
13877.0	0.0003	GATC	ENSG00000257218
13877.0	0.0003	CDH23	ENSG00000107736
13877.0	0.0003	SENP8	ENSG00000166192
13877.0	0.0003	INIP	ENSG00000148153
13877.0	0.0003	MIEF2	ENSG00000177427
13877.0	0.0003	HEPH	ENSG00000089472
13877.0	0.0003	LONRF2	ENSG00000170500
13877.0	0.0003	SLC26A9	ENSG00000174502
13877.0	0.0003	TYW5	ENSG00000162971
13877.0	0.0003	MYO1F	ENSG00000142347
13877.0	0.0003	AGMAT	ENSG00000116771
13877.0	0.0003	OTOP1	ENSG00000163982
13877.0	0.0003	FSBP	ENSG00000265817
13877.0	0.0003	LONRF3	ENSG00000175556
13877.0	0.0003	AKAP17A	ENSG00000197976
13877.0	0.0003	VEZT	ENSG00000028203
13877.0	0.0003	ATP2C1	ENSG00000017260
13877.0	0.0003	HNRNPUL2	ENSG00000214753
13877.0	0.0003	CST7	ENSG00000077984
13877.0	0.0003	MT4	ENSG00000102891
13877.0	0.0003	GHITM	ENSG00000165678
13877.0	0.0003	FMNL3	ENSG00000161791
13877.0	0.0003	INSL5	ENSG00000172410
13877.0	0.0003	SDCBP2	ENSG00000125775
13877.0	0.0003	TMC8	ENSG00000167895
13877.0	0.0003	ZG16	ENSG00000174992
13877.0	0.0003	SMAP1	ENSG00000112305
13877.0	0.0003	ADAMTS18	ENSG00000140873
13877.0	0.0003	OBP2A	ENSG00000122136
13877.0	0.0003	CALCRL	ENSG00000064989
13877.0	0.0003	FAM83B	ENSG00000168143
13877.0	0.0003	SNX24	ENSG00000064652
13877.0	0.0003	SNX25	ENSG00000109762
13877.0	0.0003	MAGEB2	ENSG00000099399
13877.0	0.0003	STOML3	ENSG00000133115
13877.0	0.0003	CROT	ENSG00000005469
13877.0	0.0003	TMEM160	ENSG00000130748
13877.0	0.0003	VWA8	ENSG00000102763
13877.0	0.0003	P2RX3	ENSG00000109991
13877.0	0.0003	TMPRSS4	ENSG00000137648
13877.0	0.0003	MBD4	ENSG00000129071
13877.0	0.0003	NDC1	ENSG00000058804
13877.0	0.0003	SNRK	ENSG00000163788
13877.0	0.0003	RNF144A	ENSG00000151692
13877.0	0.0003	TRIAP1	ENSG00000170855
13877.0	0.0003	RNF167	ENSG00000108523
13877.0	0.0003	FAIM	ENSG00000158234
13877.0	0.0003	LCE1A	ENSG00000186844
13877.0	0.0003	HEATR6	ENSG00000068097
13877.0	0.0003	PARP15	ENSG00000173200
13877.0	0.0003	SLC38A7	ENSG00000103042
13877.0	0.0003	ZHX3	ENSG00000174306
13877.0	0.0003	MTUS2	ENSG00000132938
13877.0	0.0003	P2RX1	ENSG00000108405
13877.0	0.0003	C1QA	ENSG00000173372
13877.0	0.0003	HSPB9	ENSG00000197723
13877.0	0.0003	ASCL3	ENSG00000176009
13877.0	0.0003	BLCAP	ENSG00000166619
13877.0	0.0003	LCN1	ENSG00000160349
13877.0	0.0003	STAP1	ENSG00000035720
13877.0	0.0003	METAP2	ENSG00000111142
13877.0	0.0003	FLCN	ENSG00000154803
13877.0	0.0003	APOC1	ENSG00000130208
13877.0	0.0003	MSL1	ENSG00000188895
13877.0	0.0003	RGS17	ENSG00000091844
13877.0	0.0003	ACSM6	ENSG00000173124
13877.0	0.0003	FABP5	ENSG00000164687
13877.0	0.0003	CRYBB1	ENSG00000100122
13877.0	0.0003	SYNPO2	ENSG00000172403
13877.0	0.0003	F13B	ENSG00000143278
13877.0	0.0003	IL1R2	ENSG00000115590
13877.0	0.0003	SPINT4	ENSG00000149651
13877.0	0.0003	IDNK	ENSG00000148057
13877.0	0.0003	FABP2	ENSG00000145384
13877.0	0.0003	RNF31	ENSG00000092098
13877.0	0.0003	P2RX4	ENSG00000135124
13877.0	0.0003	ZNF557	ENSG00000130544
13877.0	0.0003	NXT1	ENSG00000132661
13877.0	0.0003	UBAC2	ENSG00000134882
13877.0	0.0003	KLRK1	ENSG00000213809
13877.0	0.0003	EML1	ENSG00000066629
13877.0	0.0003	NADK2	ENSG00000152620
13877.0	0.0003	HGH1	ENSG00000235173
13877.0	0.0003	CD93	ENSG00000125810
13877.0	0.0003	FAM203B	ENSG00000230567
13877.0	0.0003	FHIT	ENSG00000189283
13877.0	0.0003	PLEKHA3	ENSG00000116095
13877.0	0.0003	TP53INP1	ENSG00000164938
13877.0	0.0003	CD244	ENSG00000122223
13877.0	0.0003	DRGX	ENSG00000165606
13877.0	0.0003	CACTIN	ENSG00000105298
13877.0	0.0003	AKIRIN1	ENSG00000174574
13877.0	0.0003	BIVM	ENSG00000134897
13877.0	0.0003	BZW1	ENSG00000082153
13877.0	0.0003	BTN2A2	ENSG00000124508
13877.0	0.0003	BTNL9	ENSG00000165810
13877.0	0.0003	LGALS3BP	ENSG00000108679
13877.0	0.0003	S100A11	ENSG00000163191
13877.0	0.0003	THAP11	ENSG00000168286
13877.0	0.0003	SPEF1	ENSG00000101222
13877.0	0.0003	PTGR1	ENSG00000106853
13877.0	0.0003	TRAM1L1	ENSG00000174599
13877.0	0.0003	C2orf73	ENSG00000177994
13877.0	0.0003	AVL9	ENSG00000105778
13877.0	0.0003	SH2D4A	ENSG00000104611
13877.0	0.0003	LAD1	ENSG00000159166
13877.0	0.0003	LRP3	ENSG00000130881
13877.0	0.0003	HMG20A	ENSG00000140382
13877.0	0.0003	SPRR2A	ENSG00000241794
13877.0	0.0003	TRIR	ENSG00000123144
13877.0	0.0003	VSIG1	ENSG00000101842
13877.0	0.0003	SLC26A8	ENSG00000112053
13877.0	0.0003	LRTOMT	ENSG00000184154
13877.0	0.0003	BZW2	ENSG00000136261
13877.0	0.0003	CEP350	ENSG00000135837
13877.0	0.0003	LIM2	ENSG00000105370
13877.0	0.0003	RAB37	ENSG00000172794
13877.0	0.0003	ABI3BP	ENSG00000154175
13877.0	0.0003	WFDC12	ENSG00000168703
13877.0	0.0003	PON2	ENSG00000105854
13877.0	0.0003	SMPDL3A	ENSG00000172594
13877.0	0.0003	MTCL1	ENSG00000168502
13877.0	0.0003	ACKR2	ENSG00000144648
13877.0	0.0003	PHYKPL	ENSG00000175309
13877.0	0.0003	FUNDC1	ENSG00000069509
13877.0	0.0003	SRPK3	ENSG00000184343
13877.0	0.0003	CFAP20	ENSG00000070761
13877.0	0.0003	SFSWAP	ENSG00000061936
13877.0	0.0003	TACSTD2	ENSG00000184292
13877.0	0.0003	LCMT2	ENSG00000168806
13877.0	0.0003	GET1	ENSG00000182093
13877.0	0.0003	KLRC2	ENSG00000205809
13877.0	0.0003	JPT1	ENSG00000189159
13877.0	0.0003	TEF	ENSG00000167074
13877.0	0.0003	PRELID1	ENSG00000169230
13877.0	0.0003	P3H4	ENSG00000141696
13877.0	0.0003	SLC38A4	ENSG00000139209
13877.0	0.0003	AIF1	ENSG00000204472
13877.0	0.0003	MYO1D	ENSG00000176658
13877.0	0.0003	TLX3	ENSG00000164438
13877.0	0.0003	MTFP1	ENSG00000242114
13877.0	0.0003	FMNL1	ENSG00000184922
13877.0	0.0003	SLCO2B1	ENSG00000137491
13877.0	0.0003	ZNF592	ENSG00000166716
13877.0	0.0003	SLC1A6	ENSG00000105143
13877.0	0.0003	TFR2	ENSG00000106327
13877.0	0.0003	P3H2	ENSG00000090530
13877.0	0.0003	THAP3	ENSG00000041988
13877.0	0.0003	PTPN18	ENSG00000072135
13877.0	0.0003	TMEM114	ENSG00000232258
13877.0	0.0003	MYO1B	ENSG00000128641
13877.0	0.0003	WDCP	ENSG00000163026
13877.0	0.0003	PLPP6	ENSG00000205808
13877.0	0.0003	SIPA1L3	ENSG00000105738
13877.0	0.0003	MYDGF	ENSG00000074842
13877.0	0.0003	HLA-DPB1	ENSG00000223865
13877.0	0.0003	CELA3B	ENSG00000219073
13877.0	0.0003	EVI5L	ENSG00000142459
13877.0	0.0003	ASPN	ENSG00000106819
13877.0	0.0003	SERPINB4	ENSG00000206073
13877.0	0.0003	ZFAND2B	ENSG00000158552
13877.0	0.0003	NAF1	ENSG00000145414
13877.0	0.0003	CRYM	ENSG00000103316
13877.0	0.0003	CETP	ENSG00000087237
13877.0	0.0003	ANGPTL1	ENSG00000116194
13877.0	0.0003	ABCA8	ENSG00000141338
13877.0	0.0003	SLC2A4RG	ENSG00000125520
13877.0	0.0003	TTL	ENSG00000114999
13877.0	0.0003	TRMT44	ENSG00000155275
13877.0	0.0003	ZNF322	ENSG00000181315
13877.0	0.0003	RBM46	ENSG00000151962
13877.0	0.0003	GPRASP2	ENSG00000158301
13877.0	0.0003	EHBP1	ENSG00000115504
13877.0	0.0003	GNE	ENSG00000159921
13877.0	0.0003	JPH2	ENSG00000149596
13877.0	0.0003	LRRTM4	ENSG00000176204
13877.0	0.0003	SPON2	ENSG00000159674
13877.0	0.0003	RAMP1	ENSG00000132329
13877.0	0.0003	ATXN10	ENSG00000130638
13877.0	0.0003	VCX3A	ENSG00000169059
13877.0	0.0003	KRT79	ENSG00000185640
13877.0	0.0003	LRFN5	ENSG00000165379
13877.0	0.0003	MSR1	ENSG00000038945
13877.0	0.0003	APOF	ENSG00000175336
13877.0	0.0003	RNF115	ENSG00000121848
13877.0	0.0003	MRPS24	ENSG00000062582
13877.0	0.0003	MTMR8	ENSG00000102043
13877.0	0.0003	RDH14	ENSG00000240857
13877.0	0.0003	SYTL1	ENSG00000142765
13877.0	0.0003	MBD3L1	ENSG00000170948
13877.0	0.0003	SPHKAP	ENSG00000153820
13877.0	0.0003	TESPA1	ENSG00000135426
13877.0	0.0003	GIGYF1	ENSG00000146830
13877.0	0.0003	MTMR1	ENSG00000063601
13877.0	0.0003	CCDC88C	ENSG00000015133
13877.0	0.0003	ZDHHC8	ENSG00000099904
13877.0	0.0003	LYPD6B	ENSG00000150556
13877.0	0.0003	EXD2	ENSG00000081177
13877.0	0.0003	SLC38A1	ENSG00000111371
13877.0	0.0003	RHCG	ENSG00000140519
13877.0	0.0003	BCAS1	ENSG00000064787
13877.0	0.0003	THAP12	ENSG00000137492
13877.0	0.0003	IL13RA2	ENSG00000123496
13877.0	0.0003	RBM45	ENSG00000155636
13877.0	0.0003	TRAFD1	ENSG00000135148
13877.0	0.0003	WFDC11	ENSG00000180083
13877.0	0.0003	LRRIQ4	ENSG00000188306
13877.0	0.0003	MTMR12	ENSG00000150712
13877.0	0.0003	SH3BGR	ENSG00000185437
13877.0	0.0003	TMCC2	ENSG00000133069
13877.0	0.0003	VGLL3	ENSG00000206538
13877.0	0.0003	SLC43A3	ENSG00000134802
13877.0	0.0003	ZNRF1	ENSG00000186187
13877.0	0.0003	PRSS58	ENSG00000258223
13877.0	0.0003	PLIN4	ENSG00000167676
13877.0	0.0003	WDSUB1	ENSG00000196151
13877.0	0.0003	ZFP42	ENSG00000179059
13877.0	0.0003	AP1AR	ENSG00000138660
13877.0	0.0003	PIRT	ENSG00000233670
13877.0	0.0003	MTM1	ENSG00000171100
13877.0	0.0003	USP30	ENSG00000135093
13877.0	0.0003	ENTPD7	ENSG00000198018
13877.0	0.0003	CARF	ENSG00000138380
13877.0	0.0003	CELF3	ENSG00000159409
13877.0	0.0003	PITPNM2	ENSG00000090975
13877.0	0.0003	TCF25	ENSG00000141002
13877.0	0.0003	LRATD2	ENSG00000168672
13877.0	0.0003	CHURC1	ENSG00000258289
13877.0	0.0003	METAP1D	ENSG00000172878
13877.0	0.0003	ZNF10	ENSG00000256223
13877.0	0.0003	AQP11	ENSG00000178301
13877.0	0.0003	KLK14	ENSG00000129437
13877.0	0.0003	ABHD4	ENSG00000100439
13877.0	0.0003	METAP1	ENSG00000164024
13877.0	0.0003	FBXO22	ENSG00000167196
13877.0	0.0003	TRPM6	ENSG00000119121
13877.0	0.0003	OXSM	ENSG00000151093
13877.0	0.0003	FIRRM	ENSG00000000460
13877.0	0.0003	SLC13A2	ENSG00000007216
13877.0	0.0003	TOB2	ENSG00000183864
13877.0	0.0003	KLRB1	ENSG00000111796
13877.0	0.0003	PRSS50	ENSG00000206549
13877.0	0.0003	BHLHA9	ENSG00000205899
13877.0	0.0003	CASD1	ENSG00000127995
13877.0	0.0003	DCDC1	ENSG00000170959
13877.0	0.0003	SH3BGRL	ENSG00000131171
13877.0	0.0003	USH2A	ENSG00000042781
13877.0	0.0003	IMMP1L	ENSG00000148950
13877.0	0.0003	SEMA7A	ENSG00000138623
13877.0	0.0003	LEAP2	ENSG00000164406
13877.0	0.0003	ZFAND5	ENSG00000107372
13877.0	0.0003	PITPNM3	ENSG00000091622
13877.0	0.0003	RANBP17	ENSG00000204764
13877.0	0.0003	HOOK3	ENSG00000168172
13877.0	0.0003	WRAP53	ENSG00000141499
13877.0	0.0003	TREML2	ENSG00000112195
13877.0	0.0003	ZNF460	ENSG00000197714
13877.0	0.0003	SPEM1	ENSG00000181323
13877.0	0.0003	KPRP	ENSG00000203786
13877.0	0.0003	MYCL	ENSG00000116990
13877.0	0.0003	PRAM1	ENSG00000133246
13877.0	0.0003	NOA1	ENSG00000084092
13877.0	0.0003	LRRC55	ENSG00000183908
13877.0	0.0003	TXNDC11	ENSG00000153066
13877.0	0.0003	RANBP3L	ENSG00000164188
13877.0	0.0003	PJA2	ENSG00000198961
13877.0	0.0003	BCL2L14	ENSG00000121380
13877.0	0.0003	MPPED2	ENSG00000066382
13877.0	0.0003	ALG1L1P	ENSG00000189366
13877.0	0.0003	CNN3	ENSG00000117519
13877.0	0.0003	CCL15	ENSG00000267596
13877.0	0.0003	CCDC34	ENSG00000109881
13877.0	0.0003	CCDC73	ENSG00000186714
13877.0	0.0003	ZFAND3	ENSG00000156639
13877.0	0.0003	ANGPTL2	ENSG00000136859
13877.0	0.0003	C19orf33	ENSG00000167644
13877.0	0.0003	IL17RC	ENSG00000163702
13877.0	0.0003	FBXL14	ENSG00000171823
13877.0	0.0003	RBM12B	ENSG00000183808
13877.0	0.0003	NBL1	ENSG00000158747
13877.0	0.0003	PPP1R14D	ENSG00000166143
13877.0	0.0003	RP9	ENSG00000164610
13877.0	0.0003	ZBTB22	ENSG00000236104
13877.0	0.0003	HOOK2	ENSG00000095066
13877.0	0.0003	CAPNS2	ENSG00000256812
13877.0	0.0003	FHIP1B	ENSG00000051009
13877.0	0.0003	ADGRA1	ENSG00000197177
13877.0	0.0003	KCNK18	ENSG00000186795
13877.0	0.0003	NRGN	ENSG00000154146
13877.0	0.0003	DSG4	ENSG00000175065
13877.0	0.0003	TPSAB1	ENSG00000172236
13877.0	0.0003	CIB1	ENSG00000185043
13877.0	0.0003	TMEM185A	ENSG00000155984
13877.0	0.0003	LRRC66	ENSG00000188993
13877.0	0.0003	OSGIN2	ENSG00000164823
13877.0	0.0003	TROAP	ENSG00000135451
13877.0	0.0003	PRELID3A	ENSG00000141391
13877.0	0.0003	LRRC8E	ENSG00000171017
13877.0	0.0003	LRRC24	ENSG00000254402
13877.0	0.0003	MEP1A	ENSG00000112818
13877.0	0.0003	LRRN3	ENSG00000173114
13877.0	0.0003	ZNF45	ENSG00000124459
13877.0	0.0003	ENKUR	ENSG00000151023
13877.0	0.0003	ZNF282	ENSG00000170265
13877.0	0.0003	PJA1	ENSG00000181191
13877.0	0.0003	AL390877.1	ENSG00000228217
13877.0	0.0003	CIDEB	ENSG00000136305
13877.0	0.0003	LRRC10	ENSG00000198812
13877.0	0.0003	OPTC	ENSG00000188770
13877.0	0.0003	LRIT3	ENSG00000183423
13877.0	0.0003	LRIT2	ENSG00000204033
13877.0	0.0003	LRRC39	ENSG00000122477
13877.0	0.0003	LRRC8D	ENSG00000171492
13877.0	0.0003	LRRC52	ENSG00000162763
13877.0	0.0003	LRRC8A	ENSG00000136802
13877.0	0.0003	TREM1	ENSG00000124731
13877.0	0.0003	RTN4RL2	ENSG00000186907
13877.0	0.0003	CTC1	ENSG00000178971
13877.0	0.0003	SLCO1B7	ENSG00000205754
13877.0	0.0003	LRRC8B	ENSG00000197147
13877.0	0.0003	HSPBP1	ENSG00000133265
13877.0	0.0003	PODN	ENSG00000174348
13877.0	0.0003	RTKN	ENSG00000114993
13877.0	0.0003	LRRC8C	ENSG00000171488
13877.0	0.0003	LRRC15	ENSG00000172061
13877.0	0.0003	LINGO2	ENSG00000174482
13877.0	0.0003	PRELID3B	ENSG00000101166
13877.0	0.0003	CHADL	ENSG00000100399
13877.0	0.0003	EPYC	ENSG00000083782
13877.0	0.0003	IGSF10	ENSG00000152580
13877.0	0.0003	ISLR	ENSG00000129009
13877.0	0.0003	ISLR2	ENSG00000167178
13877.0	0.0003	LINGO4	ENSG00000213171
13877.0	0.0003	LRCH1	ENSG00000136141
13877.0	0.0003	LRFN3	ENSG00000126243
13877.0	0.0003	LRG1	ENSG00000171236
13877.0	0.0003	LRRC10B	ENSG00000204950
13877.0	0.0003	LRRC17	ENSG00000128606
13877.0	0.0003	LRRC18	ENSG00000165383
13877.0	0.0003	LRRC19	ENSG00000184434
13877.0	0.0003	LRRC2	ENSG00000163827
13877.0	0.0003	LRRC28	ENSG00000168904
13877.0	0.0003	LRRC30	ENSG00000206422
13877.0	0.0003	LRRC57	ENSG00000180979
13877.0	0.0003	LRRC58	ENSG00000163428
13877.0	0.0003	LRRD1	ENSG00000240720
13877.0	0.0003	LRRN1	ENSG00000175928
13877.0	0.0003	LRRN4	ENSG00000125872
13877.0	0.0003	LRTM2	ENSG00000166159
13877.0	0.0003	MXRA5	ENSG00000101825
13877.0	0.0003	NRROS	ENSG00000174004
13877.0	0.0003	PODNL1	ENSG00000132000
13877.0	0.0003	ATAD3B	ENSG00000160072
13877.0	0.0003	GPR107	ENSG00000148358
13877.0	0.0003	ULBP3	ENSG00000131019
13877.0	0.0003	MAP3K15	ENSG00000180815
13877.0	0.0003	TMEM11	ENSG00000178307
13877.0	0.0003	PPP1R14C	ENSG00000198729
13877.0	0.0003	BCAR3	ENSG00000137936
13877.0	0.0003	NT5C3B	ENSG00000141698
13877.0	0.0003	SIGLEC14	ENSG00000254415
13877.0	0.0003	DOP1A	ENSG00000083097
13877.0	0.0003	DOP1B	ENSG00000142197
13877.0	0.0003	FBXL8	ENSG00000135722
13877.0	0.0003	KXD1	ENSG00000105700
13877.0	0.0003	SH3RF2	ENSG00000156463
13877.0	0.0003	SDR9C7	ENSG00000170426
13877.0	0.0003	CNPY2	ENSG00000257727
13877.0	0.0003	TEX11	ENSG00000120498
13877.0	0.0003	EEF2KMT	ENSG00000118894
13877.0	0.0003	MSANTD1	ENSG00000188981
13877.0	0.0003	WDR72	ENSG00000166415
13877.0	0.0003	TAMM41	ENSG00000144559
13877.0	0.0003	ZNF692	ENSG00000171163
13877.0	0.0003	RNF182	ENSG00000180537
13877.0	0.0003	PAMR1	ENSG00000149090
13877.0	0.0003	ART1	ENSG00000129744
13877.0	0.0003	KASH5	ENSG00000161609
13877.0	0.0003	ESRP2	ENSG00000103067
13877.0	0.0003	TP53I11	ENSG00000175274
13877.0	0.0003	SLC25A15	ENSG00000102743
13877.0	0.0003	RNF24	ENSG00000101236
13877.0	0.0003	ULBP2	ENSG00000131015
13877.0	0.0003	AQP10	ENSG00000143595
13877.0	0.0003	CETN1	ENSG00000177143
13877.0	0.0003	NLRP12	ENSG00000142405
13877.0	0.0003	FETUB	ENSG00000090512
13877.0	0.0003	RARRES2	ENSG00000106538
13877.0	0.0003	SLC25A2	ENSG00000120329
13877.0	0.0003	OR4S2	ENSG00000174982
13877.0	0.0003	DUS1L	ENSG00000169718
13877.0	0.0003	LGSN	ENSG00000146166
13877.0	0.0003	CSRNP2	ENSG00000110925
13877.0	0.0003	GPRASP1	ENSG00000198932
13877.0	0.0003	PAPPA2	ENSG00000116183
13877.0	0.0003	SYCE3	ENSG00000217442
13877.0	0.0003	TESC	ENSG00000088992
13877.0	0.0003	C11orf58	ENSG00000110696
13877.0	0.0003	GCSAM	ENSG00000174500
13877.0	0.0003	THEMIS	ENSG00000172673
13877.0	0.0003	COLEC12	ENSG00000158270
13877.0	0.0003	TEN1	ENSG00000257949
13877.0	0.0003	SULT1A4	ENSG00000213648
13877.0	0.0003	SIGLEC15	ENSG00000197046
13877.0	0.0003	TMEM250	ENSG00000238227
13877.0	0.0003	MARCKSL1	ENSG00000175130
13877.0	0.0003	UPK1B	ENSG00000114638
13877.0	0.0003	DCDC2B	ENSG00000222046
13877.0	0.0003	INTS4	ENSG00000149262
13877.0	0.0003	ANKRD52	ENSG00000139645
13877.0	0.0003	ANKRD33	ENSG00000167612
13877.0	0.0003	NUDCD1	ENSG00000120526
13877.0	0.0003	BVES	ENSG00000112276
13877.0	0.0003	IFRD2	ENSG00000214706
13877.0	0.0003	CRABP1	ENSG00000166426
13877.0	0.0003	RFX8	ENSG00000196460
13877.0	0.0003	TMEM104	ENSG00000109066
13877.0	0.0003	SCGB2A2	ENSG00000110484
13877.0	0.0003	RAET1G	ENSG00000203722
13877.0	0.0003	SYT11	ENSG00000132718
13877.0	0.0003	SCYL3	ENSG00000000457
13877.0	0.0003	CIB4	ENSG00000157884
13877.0	0.0003	RP11-287D1.3	ENSG00000264324
13877.0	0.0003	SLC4A5	ENSG00000188687
13877.0	0.0003	UBE2QL1	ENSG00000215218
13877.0	0.0003	KRT17	ENSG00000128422
13877.0	0.0003	PGLYRP3	ENSG00000159527
13877.0	0.0003	ZSCAN21	ENSG00000166529
13877.0	0.0003	LGALS7	ENSG00000205076
13877.0	0.0003	PSAPL1	ENSG00000178597
13877.0	0.0003	UNC45B	ENSG00000141161
13877.0	0.0003	ENOX1	ENSG00000120658
13877.0	0.0003	AMIGO3	ENSG00000176020
13877.0	0.0003	SCX	ENSG00000187786
13877.0	0.0003	SCXA	ENSG00000188686
13877.0	0.0003	TRIM4	ENSG00000146833
13877.0	0.0003	AMELX	ENSG00000125363
13877.0	0.0003	CHI3L1	ENSG00000133048
13877.0	0.0003	TRIM72	ENSG00000177238
13877.0	0.0003	ZNF24	ENSG00000172466
13877.0	0.0003	CNTROB	ENSG00000170037
13877.0	0.0003	ZBTB5	ENSG00000168795
13877.0	0.0003	SLC6A17	ENSG00000197106
13877.0	0.0003	LOXL3	ENSG00000115318
13877.0	0.0003	ABRAXAS2	ENSG00000165660
13877.0	0.0003	FAM9C	ENSG00000187268
13877.0	0.0003	CTRL	ENSG00000141086
13877.0	0.0003	SKAP2	ENSG00000005020
13877.0	0.0003	ZNF3	ENSG00000166526
13877.0	0.0003	OPRPN	ENSG00000171199
13877.0	0.0003	RNF186	ENSG00000178828
13877.0	0.0003	LILRB2	ENSG00000131042
13877.0	0.0003	AC010547.9	ENSG00000261611
13877.0	0.0003	ZNF23	ENSG00000167377
13877.0	0.0003	SYT9	ENSG00000170743
13877.0	0.0003	ZNF16	ENSG00000170631
13877.0	0.0003	ZNF19	ENSG00000157429
13877.0	0.0003	RBMS2	ENSG00000076067
13877.0	0.0003	ATP9B	ENSG00000166377
13877.0	0.0003	PLGLB1	ENSG00000183281
13877.0	0.0003	CDHR2	ENSG00000074276
13877.0	0.0003	LILRA6	ENSG00000244482
13877.0	0.0003	LELP1	ENSG00000203784
13877.0	0.0003	PPRC1	ENSG00000148840
13877.0	0.0003	SOX14	ENSG00000168875
13877.0	0.0003	UNC5CL	ENSG00000124602
13877.0	0.0003	FRMD1	ENSG00000153303
13877.0	0.0003	ANKRD13C-DT	ENSG00000197568
13877.0	0.0003	CNP	ENSG00000173786
13877.0	0.0003	VHLL	ENSG00000189030
13877.0	0.0003	PLIN5	ENSG00000214456
13877.0	0.0003	EDDM3B	ENSG00000181552
13877.0	0.0003	NAT2	ENSG00000156006
13877.0	0.0003	EMC8	ENSG00000131148
13877.0	0.0003	DUSP14	ENSG00000161326
13877.0	0.0003	SLC6A11	ENSG00000132164
13877.0	0.0003	SLC28A3	ENSG00000197506
13877.0	0.0003	CORO7	ENSG00000262246
13877.0	0.0003	SSX2	ENSG00000241476
13877.0	0.0003	ZNF598	ENSG00000167962
13877.0	0.0003	NLRP10	ENSG00000182261
13877.0	0.0003	SERF1B	ENSG00000205572
13877.0	0.0003	GMFB	ENSG00000197045
13877.0	0.0003	SERTAD2	ENSG00000179833
13877.0	0.0003	FHOD1	ENSG00000135723
13877.0	0.0003	MAP3K7CL	ENSG00000156265
13877.0	0.0003	XXYLT1	ENSG00000173950
13877.0	0.0003	ZNF431	ENSG00000196705
13877.0	0.0003	NUP58	ENSG00000139496
13877.0	0.0003	FAM9A	ENSG00000183304
13877.0	0.0003	CLEC9A	ENSG00000197992
13877.0	0.0003	SLC28A1	ENSG00000156222
13877.0	0.0003	HMCN1	ENSG00000143341
13877.0	0.0003	AQP6	ENSG00000086159
13877.0	0.0003	TBC1D3C	ENSG00000234972
13877.0	0.0003	TCEAL4	ENSG00000133142
13877.0	0.0003	FAM168A	ENSG00000054965
13877.0	0.0003	SLC35E3	ENSG00000175782
13877.0	0.0003	UNKL	ENSG00000059145
13877.0	0.0003	AQP8	ENSG00000103375
13877.0	0.0003	SLC10A3	ENSG00000126903
13877.0	0.0003	S100PBP	ENSG00000116497
13877.0	0.0003	DNASE1	ENSG00000213918
13877.0	0.0003	MAD2L1BP	ENSG00000124688
13877.0	0.0003	SLC29A2	ENSG00000174669
13877.0	0.0003	PRDM15	ENSG00000141956
13877.0	0.0003	REX1BD	ENSG00000006015
13877.0	0.0003	FBXO41	ENSG00000163013
13877.0	0.0003	TAGLN3	ENSG00000144834
13877.0	0.0003	OC90	ENSG00000253117
13877.0	0.0003	SP5	ENSG00000204335
13877.0	0.0003	OTUD1	ENSG00000165312
13877.0	0.0003	MRPL28	ENSG00000086504
13877.0	0.0003	GAB3	ENSG00000160219
13877.0	0.0003	FBXO15	ENSG00000141665
13877.0	0.0003	SAAL1	ENSG00000166788
13877.0	0.0003	AMIGO1	ENSG00000181754
13877.0	0.0003	CDNF	ENSG00000185267
13877.0	0.0003	TBC1D3F	ENSG00000185128
13877.0	0.0003	RNF220	ENSG00000187147
13877.0	0.0003	ADAMTS13	ENSG00000160323
13877.0	0.0003	SUN3	ENSG00000164744
13877.0	0.0003	SUN5	ENSG00000167098
13877.0	0.0003	MXD3	ENSG00000213347
13877.0	0.0003	ATAD1	ENSG00000138138
13877.0	0.0003	CCNB1IP1	ENSG00000100814
13877.0	0.0003	MRPL30	ENSG00000185414
13877.0	0.0003	FBXL13	ENSG00000161040
13877.0	0.0003	MEX3B	ENSG00000183496
13877.0	0.0003	ENOSF1	ENSG00000132199
13877.0	0.0003	EMC6	ENSG00000127774
13877.0	0.0003	FOXB1	ENSG00000171956
13877.0	0.0003	ROS1	ENSG00000047936
13877.0	0.0003	ATCAY	ENSG00000167654
13877.0	0.0003	COA5	ENSG00000183513
13877.0	0.0003	NKIRAS1	ENSG00000197885
13877.0	0.0003	EXPH5	ENSG00000110723
13877.0	0.0003	TAS2R10	ENSG00000121318
13877.0	0.0003	TNFRSF19	ENSG00000127863
13877.0	0.0003	SERPINA10	ENSG00000140093
13877.0	0.0003	KLHL17	ENSG00000187961
13877.0	0.0003	TRNP1	ENSG00000253368
13877.0	0.0003	FBXO10	ENSG00000147912
13877.0	0.0003	SLC16A7	ENSG00000118596
13877.0	0.0003	YBEY	ENSG00000182362
13877.0	0.0003	LRBA	ENSG00000198589
13877.0	0.0003	SLC35F1	ENSG00000196376
13877.0	0.0003	FAM131C	ENSG00000185519
13877.0	0.0003	UQCC2	ENSG00000137288
13877.0	0.0003	YTHDF1	ENSG00000149658
13877.0	0.0003	IRX2-DT	ENSG00000186493
13877.0	0.0003	FBXO16	ENSG00000214050
13877.0	0.0003	SSBP1	ENSG00000106028
13877.0	0.0003	MEX3C	ENSG00000176624
13877.0	0.0003	FBXW9	ENSG00000132004
13877.0	0.0003	ITIH2	ENSG00000151655
13877.0	0.0003	REXO2	ENSG00000076043
13877.0	0.0003	INTS9	ENSG00000104299
13877.0	0.0003	DGCR6L	ENSG00000128185
13877.0	0.0003	ST8SIA6	ENSG00000148488
13877.0	0.0003	C1QC	ENSG00000159189
13877.0	0.0003	TAS1R2	ENSG00000179002
13877.0	0.0003	HHATL	ENSG00000010282
13877.0	0.0003	SLC22A18AS	ENSG00000254827
13877.0	0.0003	OTOF	ENSG00000115155
13877.0	0.0003	TVP23A	ENSG00000166676
13877.0	0.0003	TVP23B	ENSG00000171928
13877.0	0.0003	TVP23C	ENSG00000175106
13877.0	0.0003	SLC25A10	ENSG00000183048
13877.0	0.0003	DAP	ENSG00000112977
13877.0	0.0003	TMEM86A	ENSG00000151117
13877.0	0.0003	PBLD	ENSG00000108187
13877.0	0.0003	ERGIC3	ENSG00000125991
13877.0	0.0003	IL10RB	ENSG00000243646
13877.0	0.0003	TMA16	ENSG00000198498
13877.0	0.0003	PHLDB2	ENSG00000144824
13877.0	0.0003	ARFGEF3	ENSG00000112379
13877.0	0.0003	MPO	ENSG00000005381
13877.0	0.0003	CPNE1	ENSG00000214078
13877.0	0.0003	GPR19	ENSG00000183150
13877.0	0.0003	MTERF2	ENSG00000120832
13877.0	0.0003	CHIC2	ENSG00000109220
13877.0	0.0003	SSH3	ENSG00000172830
13877.0	0.0003	PRB1	ENSG00000251655
13877.0	0.0003	TSGA10	ENSG00000135951
13877.0	0.0003	BSPH1	ENSG00000188334
13877.0	0.0003	SMCO4	ENSG00000166002
13877.0	0.0003	MEI1	ENSG00000167077
13877.0	0.0003	IGFN1	ENSG00000163395
13877.0	0.0003	TRIM59	ENSG00000213186
13877.0	0.0003	HAUS8	ENSG00000131351
13877.0	0.0003	DNASE2	ENSG00000105612
13877.0	0.0003	SLC25A26	ENSG00000144741
13877.0	0.0003	GIPC3	ENSG00000179855
13877.0	0.0003	NKX2-4	ENSG00000125816
13877.0	0.0003	ZNF230	ENSG00000159882
13877.0	0.0003	KHDC3L	ENSG00000203908
13877.0	0.0003	HLA-F	ENSG00000204642
13877.0	0.0003	ZNF157	ENSG00000147117
13877.0	0.0003	LIMS2	ENSG00000072163
13877.0	0.0003	OOEP	ENSG00000203907
13877.0	0.0003	NUDT8	ENSG00000167799
13877.0	0.0003	WDR45	ENSG00000196998
13877.0	0.0003	CRP	ENSG00000132693
13877.0	0.0003	ARL2BP	ENSG00000102931
13877.0	0.0003	CD163	ENSG00000177575
13877.0	0.0003	GAS2	ENSG00000148935
13877.0	0.0003	CISD3	ENSG00000230055
13877.0	0.0003	GIPC2	ENSG00000137960
13877.0	0.0003	CLEC14A	ENSG00000176435
13877.0	0.0003	ELOF1	ENSG00000130165
13877.0	0.0003	PXDNL	ENSG00000147485
13877.0	0.0003	HTN3	ENSG00000205649
13877.0	0.0003	AGBL3	ENSG00000146856
13877.0	0.0003	IL27RA	ENSG00000104998
13877.0	0.0003	FBXO33	ENSG00000165355
13877.0	0.0003	PPEF2	ENSG00000156194
13877.0	0.0003	CDHR1	ENSG00000148600
13877.0	0.0003	LY86	ENSG00000112799
13877.0	0.0003	ZAR1	ENSG00000182223
13877.0	0.0003	IL27	ENSG00000197272
13877.0	0.0003	KIAA2013	ENSG00000116685
13877.0	0.0003	RAB29	ENSG00000117280
13877.0	0.0003	TFEC	ENSG00000105967
13877.0	0.0003	PHKA1	ENSG00000067177
13877.0	0.0003	R3HCC1L	ENSG00000166024
13877.0	0.0003	SEMG2	ENSG00000124157
13877.0	0.0003	STXBP6	ENSG00000168952
13877.0	0.0003	FAM90A1	ENSG00000171847
13877.0	0.0003	KRT75	ENSG00000170454
13877.0	0.0003	SLC15A1	ENSG00000088386
13877.0	0.0003	SKAP1	ENSG00000141293
13877.0	0.0003	GAS2L1	ENSG00000185340
13877.0	0.0003	TRHDE	ENSG00000072657
13877.0	0.0003	ZNF445	ENSG00000185219
13877.0	0.0003	TBC1D7	ENSG00000145979
13877.0	0.0003	TRIM2	ENSG00000109654
13877.0	0.0003	CD180	ENSG00000134061
13877.0	0.0003	EBI3	ENSG00000105246
13877.0	0.0003	OVOL1	ENSG00000172818
13877.0	0.0003	CPNE9	ENSG00000144550
13877.0	0.0003	BAZ2B	ENSG00000123636
13877.0	0.0003	NEK3	ENSG00000136098
13877.0	0.0003	GRTP1	ENSG00000139835
13877.0	0.0003	SERPINA6	ENSG00000170099
13877.0	0.0003	PLEKHG6	ENSG00000008323
13877.0	0.0003	HSPB6	ENSG00000004776
13877.0	0.0003	PTPN21	ENSG00000070778
13877.0	0.0003	GALP	ENSG00000197487
13877.0	0.0003	IMPG1	ENSG00000112706
13877.0	0.0003	NKRF	ENSG00000186416
13877.0	0.0003	TBC1D17	ENSG00000104946
13877.0	0.0003	FBXO38	ENSG00000145868
13877.0	0.0003	ADAM28	ENSG00000042980
13877.0	0.0003	TARBP1	ENSG00000059588
13877.0	0.0003	NUDT16L1	ENSG00000168101
13877.0	0.0003	KCNJ14	ENSG00000182324
13877.0	0.0003	KLK15	ENSG00000174562
13877.0	0.0003	IQCN	ENSG00000130518
13877.0	0.0003	CCDC86	ENSG00000110104
13877.0	0.0003	PSMG2	ENSG00000128789
13877.0	0.0003	SPIRE1	ENSG00000134278
13877.0	0.0003	KLK6	ENSG00000167755
13877.0	0.0003	CDC42EP4	ENSG00000179604
13877.0	0.0003	CHP2	ENSG00000166869
13877.0	0.0003	SLC22A17	ENSG00000092096
13877.0	0.0003	DHRS2	ENSG00000100867
13877.0	0.0003	ELOA3P	ENSG00000183791
13877.0	0.0003	PDE8B	ENSG00000113231
13877.0	0.0003	CHID1	ENSG00000177830
13877.0	0.0003	FLRT1	ENSG00000126500
13877.0	0.0003	BTG3	ENSG00000154640
13877.0	0.0003	TBCEL	ENSG00000154114
13877.0	0.0003	GAL3ST2	ENSG00000154252
13877.0	0.0003	PDLIM2	ENSG00000120913
13877.0	0.0003	DEFA5	ENSG00000164816
13877.0	0.0003	NGB	ENSG00000165553
13877.0	0.0003	NKIRAS2	ENSG00000168256
13877.0	0.0003	NOL11	ENSG00000130935
13877.0	0.0003	OR51T1	ENSG00000176900
13877.0	0.0003	LGALS9	ENSG00000168961
13877.0	0.0003	GDPD5	ENSG00000158555
13877.0	0.0003	CA6	ENSG00000131686
13877.0	0.0003	IRAK1BP1	ENSG00000146243
13877.0	0.0003	USH1G	ENSG00000182040
13877.0	0.0003	POM121	ENSG00000196313
13877.0	0.0003	IL17RE	ENSG00000163701
13877.0	0.0003	GSE1	ENSG00000131149
13877.0	0.0003	CCDC85A	ENSG00000055813
13877.0	0.0003	CCDC85C	ENSG00000205476
13877.0	0.0003	MAN2B2	ENSG00000013288
13877.0	0.0003	PLA2G2D	ENSG00000117215
13877.0	0.0003	HABP2	ENSG00000148702
13877.0	0.0003	NMT2	ENSG00000152465
13877.0	0.0003	TINAG	ENSG00000137251
13877.0	0.0003	PTPN4	ENSG00000088179
13877.0	0.0003	BCL2L10	ENSG00000137875
13877.0	0.0003	C1QL3	ENSG00000165985
13877.0	0.0003	RBM43	ENSG00000184898
13877.0	0.0003	STRBP	ENSG00000165209
13877.0	0.0003	RFPL4A	ENSG00000223638
13877.0	0.0003	GLIPR1L1	ENSG00000173401
13877.0	0.0003	PANX2	ENSG00000073150
13877.0	0.0003	INTS10	ENSG00000104613
13877.0	0.0003	SYAP1	ENSG00000169895
13877.0	0.0003	ELOA3BP	ENSG00000234298
13877.0	0.0003	ELOA3DP	ENSG00000266996
13877.0	0.0003	TK2	ENSG00000166548
13877.0	0.0003	KCTD2	ENSG00000180901
13877.0	0.0003	KCTD17	ENSG00000100379
13877.0	0.0003	CYB5D2	ENSG00000167740
13877.0	0.0003	RIPOR2	ENSG00000111913
13877.0	0.0003	OR2W3	ENSG00000238243
13877.0	0.0003	ZBTB1	ENSG00000126804
13877.0	0.0003	SORCS1	ENSG00000108018
13877.0	0.0003	GPR15	ENSG00000154165
13877.0	0.0003	SPSB1	ENSG00000171621
13877.0	0.0003	ADAD1	ENSG00000164113
13877.0	0.0003	STK10	ENSG00000072786
13877.0	0.0003	ZNF850	ENSG00000267041
13877.0	0.0003	PPHLN1	ENSG00000134283
13877.0	0.0003	CUEDC2	ENSG00000107874
13877.0	0.0003	CD48	ENSG00000117091
13877.0	0.0003	BANK1	ENSG00000153064
13877.0	0.0003	TMEM203	ENSG00000187713
13877.0	0.0003	PLGLB2	ENSG00000125551
13877.0	0.0003	KLRF1	ENSG00000150045
13877.0	0.0003	MIDEAS	ENSG00000156030
13877.0	0.0003	FMNL2	ENSG00000157827
13877.0	0.0003	METTL8	ENSG00000123600
13877.0	0.0003	CHORDC1	ENSG00000110172
13877.0	0.0003	MRPL54	ENSG00000183617
13877.0	0.0003	ARHGEF26	ENSG00000114790
13877.0	0.0003	PROCR	ENSG00000101000
13877.0	0.0003	GTPBP3	ENSG00000130299
13877.0	0.0003	METTL2A	ENSG00000087995
13877.0	0.0003	GAPVD1	ENSG00000165219
13877.0	0.0003	ZNF267	ENSG00000185947
13877.0	0.0003	SPSB4	ENSG00000175093
13877.0	0.0003	HR	ENSG00000168453
13877.0	0.0003	STAB1	ENSG00000010327
13877.0	0.0003	CLEC4E	ENSG00000166523
13877.0	0.0003	SPSB2	ENSG00000111671
13877.0	0.0003	GMEB2	ENSG00000101216
13877.0	0.0003	PEAR1	ENSG00000187800
13877.0	0.0003	CCDC134	ENSG00000100147
13877.0	0.0003	ULBP1	ENSG00000111981
13877.0	0.0003	MRGPRX1	ENSG00000170255
13877.0	0.0003	RHNO1	ENSG00000171792
13877.0	0.0003	R3HDM2	ENSG00000179912
13877.0	0.0003	CIMAP1A	ENSG00000177947
13877.0	0.0003	HSD17B14	ENSG00000087076
13877.0	0.0003	FMO1	ENSG00000010932
13877.0	0.0003	ORM1	ENSG00000229314
13877.0	0.0003	MORC3	ENSG00000159256
13877.0	0.0003	CRIPAK	ENSG00000179979
13877.0	0.0003	ABHD14A	ENSG00000248487
13877.0	0.0003	GUF1	ENSG00000151806
13877.0	0.0003	MKI67	ENSG00000148773
13877.0	0.0003	SLC35D3	ENSG00000182747
13877.0	0.0003	RGS12	ENSG00000159788
13877.0	0.0003	CLPTM1	ENSG00000104853
13877.0	0.0003	FMO4	ENSG00000076258
13877.0	0.0003	ANKRD54	ENSG00000100124
13877.0	0.0003	CLEC7A	ENSG00000172243
13877.0	0.0003	SOX30	ENSG00000039600
13877.0	0.0003	CLCA2	ENSG00000137975
13877.0	0.0003	IQCG	ENSG00000114473
13877.0	0.0003	SH3BP4	ENSG00000130147
13877.0	0.0003	CLCA4	ENSG00000016602
13877.0	0.0003	FMO2	ENSG00000094963
13877.0	0.0003	ACR	ENSG00000100312
13877.0	0.0003	SLC15A5	ENSG00000188991
13877.0	0.0003	GPR87	ENSG00000138271
13877.0	0.0003	RP2	ENSG00000102218
13877.0	0.0003	SLC35F6	ENSG00000213699
13877.0	0.0003	RAET1E	ENSG00000164520
13877.0	0.0003	PRRT2	ENSG00000167371
13877.0	0.0003	ASB8	ENSG00000177981
13877.0	0.0003	FDX2	ENSG00000267673
13877.0	0.0003	AGAP1	ENSG00000157985
13877.0	0.0003	CCRL2	ENSG00000121797
13877.0	0.0003	IMPACT	ENSG00000154059
13877.0	0.0003	SLC17A1	ENSG00000124568
13877.0	0.0003	PLAGL2	ENSG00000126003
13877.0	0.0003	LAX1	ENSG00000122188
13877.0	0.0003	CLIP3	ENSG00000105270
13877.0	0.0003	FAM210A	ENSG00000177150
13877.0	0.0003	SFXN4	ENSG00000183605
13877.0	0.0003	ZNF451	ENSG00000112200
13877.0	0.0003	SLC36A1	ENSG00000123643
13877.0	0.0003	TBC1D21	ENSG00000167139
13877.0	0.0003	TMSB10	ENSG00000034510
13877.0	0.0003	THAP7	ENSG00000184436
13877.0	0.0003	PLA2R1	ENSG00000153246
13877.0	0.0003	ADGRG2	ENSG00000173698
13877.0	0.0003	NT5C1B	ENSG00000185013
13877.0	0.0003	LCE2D	ENSG00000187223
13877.0	0.0003	STAU2	ENSG00000040341
13877.0	0.0003	IL17RD	ENSG00000144730
13877.0	0.0003	ACKR1	ENSG00000213088
13877.0	0.0003	LRRC14	ENSG00000160959
13877.0	0.0003	FANK1	ENSG00000203780
13877.0	0.0003	KLHL18	ENSG00000114648
13877.0	0.0003	SPATA24	ENSG00000170469
13877.0	0.0003	APOL1	ENSG00000100342
13877.0	0.0003	KLHL15	ENSG00000174010
13877.0	0.0003	GJC3	ENSG00000176402
13877.0	0.0003	MYO1H	ENSG00000174527
13877.0	0.0003	RCAN3	ENSG00000117602
13877.0	0.0003	RCBTB2	ENSG00000136161
13877.0	0.0003	OLIG3	ENSG00000177468
13877.0	0.0003	CNGA2	ENSG00000183862
13877.0	0.0003	STRC	ENSG00000242866
13877.0	0.0003	FCGR1BP	ENSG00000198019
13877.0	0.0003	LRRC41	ENSG00000132128
13877.0	0.0003	CMTM7	ENSG00000153551
13877.0	0.0003	JOSD1	ENSG00000100221
13877.0	0.0003	FAM3B	ENSG00000183844
13877.0	0.0003	SESN3	ENSG00000149212
13877.0	0.0003	RETNLB	ENSG00000163515
13877.0	0.0003	HGFAC	ENSG00000109758
13877.0	0.0003	FRRS1	ENSG00000156869
13877.0	0.0003	C9orf78	ENSG00000136819
13877.0	0.0003	CPD	ENSG00000108582
13877.0	0.0003	TMEM30A	ENSG00000112697
13877.0	0.0003	CLC	ENSG00000105205
13877.0	0.0003	KLF7	ENSG00000118263
13877.0	0.0003	INTS8	ENSG00000164941
13877.0	0.0003	BTBD7	ENSG00000011114
13877.0	0.0003	PID1	ENSG00000153823
13877.0	0.0003	RCAN2	ENSG00000172348
13877.0	0.0003	MAGEA12	ENSG00000213401
13877.0	0.0003	MCFD2	ENSG00000180398
13877.0	0.0003	DHX57	ENSG00000163214
13877.0	0.0003	ANKRD12	ENSG00000101745
13877.0	0.0003	NPTX2	ENSG00000106236
13877.0	0.0003	PSG5	ENSG00000204941
13877.0	0.0003	CARD6	ENSG00000132357
13877.0	0.0003	SLC22A11	ENSG00000168065
13877.0	0.0003	GGTLC1	ENSG00000149435
13877.0	0.0003	CDC42EP3	ENSG00000163171
13877.0	0.0003	DOK3	ENSG00000146094
13877.0	0.0003	LRRC59	ENSG00000108829
13877.0	0.0003	N4BP3	ENSG00000145911
13877.0	0.0003	ZNF770	ENSG00000198146
13877.0	0.0003	HAUS1	ENSG00000152240
13877.0	0.0003	TUBB8	ENSG00000173876
13877.0	0.0003	GHDC	ENSG00000167925
13877.0	0.0003	PEAK1	ENSG00000173517
13877.0	0.0003	HAUS4	ENSG00000092036
13877.0	0.0003	HAUS7	ENSG00000213397
13877.0	0.0003	ZFYVE21	ENSG00000100711
13877.0	0.0003	CPA4	ENSG00000128510
13877.0	0.0003	HAUS5	ENSG00000249115
13877.0	0.0003	HAUS3	ENSG00000214367
13877.0	0.0003	SPMAP2	ENSG00000105549
13877.0	0.0003	SURF2	ENSG00000148291
13877.0	0.0003	CMTM2	ENSG00000140932
13877.0	0.0003	ACRBP	ENSG00000111644
13877.0	0.0003	RAX2	ENSG00000173976
13877.0	0.0003	GABRR1	ENSG00000146276
13877.0	0.0003	RAB39A	ENSG00000179331
13877.0	0.0003	C16orf74	ENSG00000154102
13877.0	0.0003	LTB	ENSG00000227507
13877.0	0.0003	USP29	ENSG00000131864
13877.0	0.0003	TCEAL2	ENSG00000184905
13877.0	0.0003	BMP2K	ENSG00000138756
13877.0	0.0003	RNASE3	ENSG00000169397
13877.0	0.0003	BLID	ENSG00000259571
13877.0	0.0003	KLK7	ENSG00000169035
13877.0	0.0003	ZACN	ENSG00000186919
13877.0	0.0003	DYTN	ENSG00000232125
13877.0	0.0003	GPIHBP1	ENSG00000182851
13877.0	0.0003	LANCL2	ENSG00000132434
13877.0	0.0003	TPRG1L	ENSG00000158109
13877.0	0.0003	HMX2	ENSG00000188816
13877.0	0.0003	VPREB1	ENSG00000169575
13877.0	0.0003	ARL11	ENSG00000152213
13877.0	0.0003	APOL5	ENSG00000128313
13877.0	0.0003	USP17L22	ENSG00000248933
13877.0	0.0003	USP26	ENSG00000134588
13877.0	0.0003	TRIM69	ENSG00000185880
13877.0	0.0003	CELF6	ENSG00000140488
13877.0	0.0003	BCL2L12	ENSG00000126453
13877.0	0.0003	ARRDC2	ENSG00000105643
13877.0	0.0003	GPR63	ENSG00000112218
13877.0	0.0003	LENEP	ENSG00000163352
13877.0	0.0003	HMX3	ENSG00000188620
13877.0	0.0003	PSMG1	ENSG00000183527
13877.0	0.0003	WDR83OS	ENSG00000105583
13877.0	0.0003	SLC16A9	ENSG00000165449
13877.0	0.0003	ZFR2	ENSG00000105278
13877.0	0.0003	SLC46A2	ENSG00000119457
13877.0	0.0003	SLC13A1	ENSG00000081800
13877.0	0.0003	OCSTAMP	ENSG00000149635
13877.0	0.0003	ZBTB6	ENSG00000186130
13877.0	0.0003	LINS1	ENSG00000140471
13877.0	0.0003	OBI1	ENSG00000152193
13877.0	0.0003	GRXCR1	ENSG00000215203
13877.0	0.0003	TMEM115	ENSG00000126062
13877.0	0.0003	NANP	ENSG00000170191
13877.0	0.0003	RNF181	ENSG00000168894
13877.0	0.0003	MTG1	ENSG00000148824
13877.0	0.0003	RP11-108K14.8	ENSG00000254536
13877.0	0.0003	AKNA	ENSG00000106948
13877.0	0.0003	ERLIN1	ENSG00000107566
13877.0	0.0003	UNC119B	ENSG00000175970
13877.0	0.0003	SLC5A11	ENSG00000158865
13877.0	0.0003	CARD19	ENSG00000165233
13877.0	0.0003	ADAMTS8	ENSG00000134917
13877.0	0.0003	SLC16A1	ENSG00000155380
13877.0	0.0003	ZNF79	ENSG00000196152
13877.0	0.0003	PDAP1	ENSG00000106244
13877.0	0.0003	SLC17A3	ENSG00000124564
13877.0	0.0003	AJAP1	ENSG00000196581
13877.0	0.0003	SFT2D1	ENSG00000198818
13877.0	0.0003	SFT2D2	ENSG00000213064
13877.0	0.0003	MEGF10	ENSG00000145794
13877.0	0.0003	AGTRAP	ENSG00000177674
13877.0	0.0003	OR11H1	ENSG00000130538
13877.0	0.0003	CMTM8	ENSG00000170293
13877.0	0.0003	GIMAP4	ENSG00000133574
13877.0	0.0003	BCLAF1	ENSG00000029363
13877.0	0.0003	SUSD2	ENSG00000099994
13877.0	0.0003	NAT1	ENSG00000171428
13877.0	0.0003	TNFRSF10C	ENSG00000173535
13877.0	0.0003	AVPI1	ENSG00000119986
13877.0	0.0003	PRTFDC1	ENSG00000099256
13877.0	0.0003	MEGF11	ENSG00000157890
13877.0	0.0003	TMEM8B	ENSG00000137103
13877.0	0.0003	PLXDC2	ENSG00000120594
13877.0	0.0003	GABRQ	ENSG00000147402
13877.0	0.0003	APRG1	ENSG00000198590
13877.0	0.0003	KLK11	ENSG00000167757
13877.0	0.0003	CPA2	ENSG00000158516
13877.0	0.0003	TINAGL1	ENSG00000142910
13877.0	0.0003	COTL1	ENSG00000103187
13877.0	0.0003	MEGF6	ENSG00000162591
13877.0	0.0003	KRT35	ENSG00000197079
13877.0	0.0003	KRT81	ENSG00000205426
13877.0	0.0003	KRT83	ENSG00000170523
13877.0	0.0003	SNHG28	ENSG00000188004
13877.0	0.0003	PSG9	ENSG00000183668
13877.0	0.0003	SPMIP10	ENSG00000196900
13877.0	0.0003	TMUB1	ENSG00000164897
13877.0	0.0003	CDR2	ENSG00000140743
13877.0	0.0003	AFAP1L2	ENSG00000169129
13877.0	0.0003	FKBP10	ENSG00000141756
13877.0	0.0003	CCDC9	ENSG00000105321
13877.0	0.0003	SPIN2A	ENSG00000147059
13877.0	0.0003	TMEM30B	ENSG00000182107
13877.0	0.0003	EMB	ENSG00000170571
13877.0	0.0003	PLPP4	ENSG00000203805
13877.0	0.0003	SLC16A8	ENSG00000100156
13877.0	0.0003	LMAN2	ENSG00000169223
13877.0	0.0003	IL34	ENSG00000157368
13877.0	0.0003	SYCP2L	ENSG00000153157
13877.0	0.0003	PRSS8	ENSG00000052344
13877.0	0.0003	RNF122	ENSG00000133874
13877.0	0.0003	CLECL1P	ENSG00000184293
13877.0	0.0003	DNPEP	ENSG00000123992
13877.0	0.0003	ROMO1	ENSG00000125995
13877.0	0.0003	JSRP1	ENSG00000167476
13877.0	0.0003	RNPEP	ENSG00000176393
13877.0	0.0003	PALLD	ENSG00000129116
13877.0	0.0003	SMIM1	ENSG00000235169
13877.0	0.0003	CLRN2	ENSG00000249581
13877.0	0.0003	LCE1C	ENSG00000197084
13877.0	0.0003	SLCO2A1	ENSG00000174640
13877.0	0.0003	MT1G	ENSG00000125144
13877.0	0.0003	DRP2	ENSG00000102385
13877.0	0.0003	CARD16	ENSG00000204397
13877.0	0.0003	LGALS9B	ENSG00000170298
13877.0	0.0003	TMEM38B	ENSG00000095209
13877.0	0.0003	BSX	ENSG00000188909
13877.0	0.0003	IP6K3	ENSG00000161896
13877.0	0.0003	OCIAD1	ENSG00000109180
13877.0	0.0003	ZNF703	ENSG00000183779
13877.0	0.0003	ZDHHC23	ENSG00000184307
13877.0	0.0003	TRUB2	ENSG00000167112
13877.0	0.0003	C14orf93	ENSG00000100802
13877.0	0.0003	REEP6	ENSG00000115255
13877.0	0.0003	NBAS	ENSG00000151779
13877.0	0.0003	LCE1B	ENSG00000196734
13877.0	0.0003	SLC9C1	ENSG00000172139
13877.0	0.0003	LGALS9C	ENSG00000171916
13877.0	0.0003	REG3G	ENSG00000143954
13877.0	0.0003	MISP	ENSG00000099812
13877.0	0.0003	FASTK	ENSG00000164896
13877.0	0.0003	AVPR2	ENSG00000126895
13877.0	0.0003	TMPRSS7	ENSG00000176040
13877.0	0.0003	CDKN2AIP	ENSG00000168564
13877.0	0.0003	KBTBD2	ENSG00000170852
13877.0	0.0003	CEP20	ENSG00000133393
13877.0	0.0003	IPPK	ENSG00000127080
13877.0	0.0003	TAS1R1	ENSG00000173662
13877.0	0.0003	ZNF85	ENSG00000105750
13877.0	0.0003	LEPROTL1	ENSG00000104660
13877.0	0.0003	IL16	ENSG00000172349
13877.0	0.0003	SLC2A8	ENSG00000136856
13877.0	0.0003	SLC2A12	ENSG00000146411
13877.0	0.0003	CLPTM1L	ENSG00000049656
13877.0	0.0003	RBAK	ENSG00000146587
13877.0	0.0003	NTMT1	ENSG00000148335
13877.0	0.0003	SERP2	ENSG00000151778
13877.0	0.0003	EMILIN2	ENSG00000132205
13877.0	0.0003	KLRC3	ENSG00000205810
13877.0	0.0003	RSU1	ENSG00000148484
13877.0	0.0003	LYPD1	ENSG00000150551
13877.0	0.0003	ITFG1	ENSG00000129636
13877.0	0.0003	CTAG1B	ENSG00000184033
13877.0	0.0003	LCE1E	ENSG00000186226
13877.0	0.0003	LGALS7B	ENSG00000178934
13877.0	0.0003	XPR1	ENSG00000143324
13877.0	0.0003	ZDHHC14	ENSG00000175048
13877.0	0.0003	MYORG	ENSG00000164976
13877.0	0.0003	GPN3	ENSG00000111231
13877.0	0.0003	NCDN	ENSG00000020129
13877.0	0.0003	CDCA4	ENSG00000170779
13877.0	0.0003	WDR55	ENSG00000120314
13877.0	0.0003	REG1A	ENSG00000115386
13877.0	0.0003	LPCAT3	ENSG00000111684
13877.0	0.0003	SOHLH2	ENSG00000120669
13877.0	0.0003	RIC8B	ENSG00000111785
13877.0	0.0003	PPP1R3F	ENSG00000049769
13877.0	0.0003	TMEM204	ENSG00000131634
13877.0	0.0003	LARP4B	ENSG00000107929
13877.0	0.0003	N4BP2	ENSG00000078177
13877.0	0.0003	SYNGR1	ENSG00000100321
13877.0	0.0003	GPN2	ENSG00000142751
13877.0	0.0003	CD300A	ENSG00000167851
13877.0	0.0003	MYCT1	ENSG00000120279
13877.0	0.0003	TOX	ENSG00000198846
13877.0	0.0003	SLC15A4	ENSG00000139370
13877.0	0.0003	CTA-221G9.10	ENSG00000271181
13877.0	0.0003	STMN3	ENSG00000197457
13877.0	0.0003	CIDEC	ENSG00000187288
13877.0	0.0003	SLC31A2	ENSG00000136867
13877.0	0.0003	RGS22	ENSG00000132554
13877.0	0.0003	NPTXR	ENSG00000221890
13877.0	0.0003	ACOD1	ENSG00000102794
13877.0	0.0003	PLEKHO1	ENSG00000023902
13877.0	0.0003	ERAL1	ENSG00000132591
13877.0	0.0003	ZDHHC18	ENSG00000204160
13877.0	0.0003	SDF2L1	ENSG00000128228
13877.0	0.0003	FAM32A	ENSG00000105058
13877.0	0.0003	COMMD5	ENSG00000170619
13877.0	0.0003	SIPA1L2	ENSG00000116991
13877.0	0.0003	GPATCH4	ENSG00000160818
13877.0	0.0003	STK16	ENSG00000115661
13877.0	0.0003	PIBF1	ENSG00000083535
13877.0	0.0003	RNF32	ENSG00000105982
13877.0	0.0003	C19orf48P	ENSG00000167747
13877.0	0.0003	SPATA25	ENSG00000149634
13877.0	0.0003	TIFAB	ENSG00000255833
13877.0	0.0003	CLNK	ENSG00000109684
13877.0	0.0003	GDPD2	ENSG00000130055
13877.0	0.0003	ATRAID	ENSG00000138085
13877.0	0.0003	IL18BP	ENSG00000137496
13877.0	0.0003	JTB	ENSG00000143543
13877.0	0.0003	ZNF202	ENSG00000166261
13877.0	0.0003	CLYBL	ENSG00000125246
13877.0	0.0003	CLIC5	ENSG00000112782
13877.0	0.0003	DIP2A	ENSG00000160305
13877.0	0.0003	TREX2	ENSG00000183479
13877.0	0.0003	CAGE1	ENSG00000164304
13877.0	0.0003	GSDMC	ENSG00000147697
13877.0	0.0003	C1QTNF1	ENSG00000173918
13877.0	0.0003	EMC4	ENSG00000128463
13877.0	0.0003	INTS14	ENSG00000138614
13877.0	0.0003	INTS15	ENSG00000146576
13877.0	0.0003	AFAP1	ENSG00000196526
13877.0	0.0003	MPHOSPH9	ENSG00000051825
13877.0	0.0003	CA8	ENSG00000178538
13877.0	0.0003	ZNF214	ENSG00000149050
13877.0	0.0003	KIAA0930	ENSG00000100364
13877.0	0.0003	MT1X	ENSG00000187193
13877.0	0.0003	OGFOD2	ENSG00000111325
13877.0	0.0003	FNBP4	ENSG00000109920
13877.0	0.0003	PARPBP	ENSG00000185480
13877.0	0.0003	VIL1	ENSG00000127831
13877.0	0.0003	MRI1	ENSG00000037757
13877.0	0.0003	BHLHE23	ENSG00000125533
13877.0	0.0003	LCE1D	ENSG00000172155
13877.0	0.0003	CMC2	ENSG00000103121
13877.0	0.0003	CD160	ENSG00000117281
13877.0	0.0003	KIR3DL1	ENSG00000167633
13877.0	0.0003	ESM1	ENSG00000164283
13877.0	0.0003	MS4A5	ENSG00000166930
13877.0	0.0003	TTLL7	ENSG00000137941
13877.0	0.0003	PLPP7	ENSG00000160539
13877.0	0.0003	CENPW	ENSG00000203760
13877.0	0.0003	PNPLA5	ENSG00000100341
13877.0	0.0003	ANGPTL8	ENSG00000130173
13877.0	0.0003	ZNF215	ENSG00000149054
13877.0	0.0003	SMCR8	ENSG00000176994
13877.0	0.0003	WDR41	ENSG00000164253
13877.0	0.0003	GDAP2	ENSG00000196505
13877.0	0.0003	COX8C	ENSG00000187581
13877.0	0.0003	SLITRK1	ENSG00000178235
13877.0	0.0003	MYOT	ENSG00000120729
13877.0	0.0003	LY6H	ENSG00000176956
13877.0	0.0003	NDUFAF7	ENSG00000003509
13877.0	0.0003	INSL6	ENSG00000120210
13877.0	0.0003	ELAC1	ENSG00000141642
13877.0	0.0003	LCE1F	ENSG00000240386
13877.0	0.0003	SPATC1L	ENSG00000160284
13877.0	0.0003	HELB	ENSG00000127311
13877.0	0.0003	VGF	ENSG00000128564
13877.0	0.0003	RTN4IP1	ENSG00000130347
13877.0	0.0003	ARMC2	ENSG00000118690
13877.0	0.0003	MSRB2	ENSG00000148450
13877.0	0.0003	NAIF1	ENSG00000171169
13877.0	0.0003	ANXA8L1	ENSG00000150165
13877.0	0.0003	ANXA8L2	ENSG00000186807
13877.0	0.0003	RNF130	ENSG00000113269
13877.0	0.0003	MRPS33	ENSG00000090263
13877.0	0.0003	TTPA	ENSG00000137561
13877.0	0.0003	ZXDC	ENSG00000070476
13877.0	0.0003	TSSC4	ENSG00000184281
13877.0	0.0003	MSRB3	ENSG00000174099
13877.0	0.0003	PNPLA1	ENSG00000180316
13877.0	0.0003	INTS13	ENSG00000064102
13877.0	0.0003	RILPL1	ENSG00000188026
13877.0	0.0003	NIPSNAP3A	ENSG00000136783
13877.0	0.0003	CCDC102A	ENSG00000135736
13877.0	0.0003	UBE3D	ENSG00000118420
13877.0	0.0003	C15orf48	ENSG00000166920
13877.0	0.0003	CTBS	ENSG00000117151
13877.0	0.0003	TPCN1	ENSG00000186815
13877.0	0.0003	METTL4	ENSG00000101574
13877.0	0.0003	GLT8D2	ENSG00000120820
13877.0	0.0003	CMTM1	ENSG00000089505
13877.0	0.0003	FSIP1	ENSG00000150667
13877.0	0.0003	PDZD11	ENSG00000120509
13877.0	0.0003	MTRNR2L4	ENSG00000232196
13877.0	0.0003	CLEC3B	ENSG00000163815
13877.0	0.0003	FSIP2	ENSG00000188738
13877.0	0.0003	ATP8A2	ENSG00000132932
13877.0	0.0003	GPHA2	ENSG00000149735
13877.0	0.0003	CA3	ENSG00000164879
13877.0	0.0003	PLGRKT	ENSG00000107020
13877.0	0.0003	TRIM39-RPP21	ENSG00000248167
13877.0	0.0003	APOBEC3C	ENSG00000244509
13877.0	0.0003	APOBEC3H	ENSG00000100298
13877.0	0.0003	C12orf75	ENSG00000235162
13877.0	0.0003	CST8	ENSG00000125815
13877.0	0.0003	CDK2AP2	ENSG00000167797
13877.0	0.0003	TBRG1	ENSG00000154144
13877.0	0.0003	CFAP57	ENSG00000243710
13877.0	0.0003	SLC7A3	ENSG00000165349
13877.0	0.0003	ZNF740	ENSG00000139651
13877.0	0.0003	PARP10	ENSG00000178685
13877.0	0.0003	NAPSA	ENSG00000131400
13877.0	0.0003	FCGRT	ENSG00000104870
13877.0	0.0003	SPOCD1	ENSG00000134668
13877.0	0.0003	ZUP1	ENSG00000153975
13877.0	0.0003	LYRM7	ENSG00000186687
13877.0	0.0003	UBE2Q1	ENSG00000160714
13877.0	0.0003	EMC10	ENSG00000161671
13877.0	0.0003	FBXW10	ENSG00000171931
13877.0	0.0003	SLC51B	ENSG00000186198
13877.0	0.0003	ZNF467	ENSG00000181444
13877.0	0.0003	SHKBP1	ENSG00000160410
13877.0	0.0003	COX7A2	ENSG00000112695
13877.0	0.0003	RNF114	ENSG00000124226
13877.0	0.0003	FCN2	ENSG00000160339
13877.0	0.0003	LRIF1	ENSG00000121931
13877.0	0.0003	LYPLA2	ENSG00000011009
13877.0	0.0003	ACCS	ENSG00000110455
13877.0	0.0003	ARHGAP21	ENSG00000107863
13877.0	0.0003	ZNF444	ENSG00000167685
13877.0	0.0003	CPNE3	ENSG00000085719
13877.0	0.0003	ARL4C	ENSG00000188042
13877.0	0.0003	SLURP1	ENSG00000126233
13877.0	0.0003	ZNF330	ENSG00000109445
13877.0	0.0003	SNN	ENSG00000184602
13877.0	0.0003	DDIT4L	ENSG00000145358
13877.0	0.0003	FAP	ENSG00000078098
13877.0	0.0003	N4BP2L2	ENSG00000244754
13877.0	0.0003	OSCP1	ENSG00000116885
13877.0	0.0003	CLCN5	ENSG00000171365
13877.0	0.0003	C11orf65	ENSG00000166323
13877.0	0.0003	SLC24A4	ENSG00000140090
13877.0	0.0003	ZNF470	ENSG00000197016
13877.0	0.0003	FKBP7	ENSG00000079150
13877.0	0.0003	LRRC43	ENSG00000158113
13877.0	0.0003	KLHDC4	ENSG00000104731
13877.0	0.0003	OR2AK2	ENSG00000187080
13877.0	0.0003	LIPI	ENSG00000188992
13877.0	0.0003	TMEM59	ENSG00000116209
13877.0	0.0003	ZXDA	ENSG00000198205
13877.0	0.0003	INAVA	ENSG00000163362
13877.0	0.0003	MACC1	ENSG00000183742
13877.0	0.0003	DAPK2	ENSG00000035664
13877.0	0.0003	PTMS	ENSG00000159335
13877.0	0.0003	SLC25A34	ENSG00000162461
13877.0	0.0003	SLC25A35	ENSG00000125434
13877.0	0.0003	TRMU	ENSG00000100416
13877.0	0.0003	C1QTNF9	ENSG00000240654
13877.0	0.0003	IKBIP	ENSG00000166130
13877.0	0.0003	PPP1R26	ENSG00000196422
13877.0	0.0003	GPR61	ENSG00000156097
13877.0	0.0003	CCDC50	ENSG00000152492
13877.0	0.0003	PAQR8	ENSG00000170915
13877.0	0.0003	MAGEB4	ENSG00000120289
13877.0	0.0003	SULT4A1	ENSG00000130540
13877.0	0.0003	AURKAIP1	ENSG00000175756
13877.0	0.0003	NPY4R	ENSG00000204174
13877.0	0.0003	FAM162A	ENSG00000114023
13877.0	0.0003	DDX53	ENSG00000184735
13877.0	0.0003	PANX3	ENSG00000154143
13877.0	0.0003	RWDD3	ENSG00000122481
13877.0	0.0003	LCE2B	ENSG00000159455
13877.0	0.0003	LCE2C	ENSG00000187180
13877.0	0.0003	BMERB1	ENSG00000166780
13877.0	0.0003	PTPMT1	ENSG00000110536
13877.0	0.0003	TCFL5	ENSG00000101190
13877.0	0.0003	RAMP2	ENSG00000131477
13877.0	0.0003	USP38	ENSG00000170185
13877.0	0.0003	USP35	ENSG00000118369
13877.0	0.0003	CST5	ENSG00000170367
13877.0	0.0003	HSDL1	ENSG00000103160
13877.0	0.0003	TGM7	ENSG00000159495
13877.0	0.0003	AAMDC	ENSG00000087884
13877.0	0.0003	METTL18	ENSG00000171806
13877.0	0.0003	ANGEL1	ENSG00000013523
13877.0	0.0003	GPR62	ENSG00000180929
13877.0	0.0003	BTN1A1	ENSG00000124557
13877.0	0.0003	SLC15A3	ENSG00000110446
13877.0	0.0003	SLFN12	ENSG00000172123
13877.0	0.0003	OPN1MW	ENSG00000147380
13877.0	0.0003	EAPP	ENSG00000129518
13877.0	0.0003	GAREM1	ENSG00000141441
13877.0	0.0003	OR8S1	ENSG00000197376
13877.0	0.0003	COX14	ENSG00000178449
13877.0	0.0003	INSL4	ENSG00000120211
13877.0	0.0003	SLC24A2	ENSG00000155886
13877.0	0.0003	NUDT18	ENSG00000173566
13877.0	0.0003	TPSG1	ENSG00000116176
13877.0	0.0003	RNASE7	ENSG00000165799
13877.0	0.0003	MORN4	ENSG00000171160
13877.0	0.0003	DYDC2	ENSG00000133665
13877.0	0.0003	IRGM	ENSG00000237693
13877.0	0.0003	CD1A	ENSG00000158477
13877.0	0.0003	ANKH	ENSG00000154122
13877.0	0.0003	HMGN3	ENSG00000118418
13877.0	0.0003	CD300LB	ENSG00000178789
13877.0	0.0003	CPVL	ENSG00000106066
13877.0	0.0003	ZFP36L2	ENSG00000152518
13877.0	0.0003	NCKAP5	ENSG00000176771
13877.0	0.0003	CFHR3	ENSG00000116785
13877.0	0.0003	METTL22	ENSG00000067365
13877.0	0.0003	C7orf50	ENSG00000146540
13877.0	0.0003	KNCN	ENSG00000162456
13877.0	0.0003	FN3K	ENSG00000167363
13877.0	0.0003	SLC9A8	ENSG00000197818
13877.0	0.0003	WBP1L	ENSG00000166272
13877.0	0.0003	GOT1L1	ENSG00000169154
13877.0	0.0003	AIM2	ENSG00000163568
13877.0	0.0003	CCL3L3	ENSG00000256515
13877.0	0.0003	NAALAD2	ENSG00000077616
13877.0	0.0003	CCDC180	ENSG00000197816
13877.0	0.0003	SCIMP	ENSG00000161929
13877.0	0.0003	SYT14	ENSG00000143469
13877.0	0.0003	SPX	ENSG00000134548
13877.0	0.0003	GPR50	ENSG00000102195
13877.0	0.0003	DOCK10	ENSG00000135905
13877.0	0.0003	NAALADL1	ENSG00000168060
13877.0	0.0003	GRID2IP	ENSG00000215045
13877.0	0.0003	HAPLN3	ENSG00000140511
13877.0	0.0003	SHCBP1	ENSG00000171241
13877.0	0.0003	RAVER2	ENSG00000162437
13877.0	0.0003	CDCA2	ENSG00000184661
13877.0	0.0003	CCDC124	ENSG00000007080
13877.0	0.0003	MRPL48	ENSG00000175581
13877.0	0.0003	TMC6	ENSG00000141524
13877.0	0.0003	ARL14EP	ENSG00000152219
13877.0	0.0003	MS4A4A	ENSG00000110079
13877.0	0.0003	SLC29A4	ENSG00000164638
13877.0	0.0003	SPRYD7	ENSG00000123178
13877.0	0.0003	FAM151B	ENSG00000152380
13877.0	0.0003	ZNF653	ENSG00000161914
13877.0	0.0003	FNDC4	ENSG00000115226
13877.0	0.0003	TULP2	ENSG00000104804
13877.0	0.0003	RNASEK	ENSG00000219200
13877.0	0.0003	GPR158	ENSG00000151025
13877.0	0.0003	CRNN	ENSG00000143536
13877.0	0.0003	SHROOM2	ENSG00000146950
13877.0	0.0003	RCBTB1	ENSG00000136144
13877.0	0.0003	MS4A10	ENSG00000172689
13877.0	0.0003	PSMG4	ENSG00000180822
13877.0	0.0003	OSTN	ENSG00000188729
13877.0	0.0003	SCP2D1	ENSG00000132631
13877.0	0.0003	CNPY4	ENSG00000166997
13877.0	0.0003	PARP6	ENSG00000137817
13877.0	0.0003	PTTG1IP	ENSG00000183255
13877.0	0.0003	ZNFX1	ENSG00000124201
13877.0	0.0003	ATPSCKMT	ENSG00000150756
13877.0	0.0003	TMED7-TICAM2	ENSG00000251201
13877.0	0.0003	CASKIN1	ENSG00000167971
13877.0	0.0003	ACSF2	ENSG00000167107
13877.0	0.0003	CD1E	ENSG00000158488
13877.0	0.0003	PTOV1	ENSG00000104960
13877.0	0.0003	ZMYND19	ENSG00000165724
13877.0	0.0003	AKAP3	ENSG00000111254
13877.0	0.0003	LNP1	ENSG00000206535
13877.0	0.0003	SLC25A39	ENSG00000013306
13877.0	0.0003	L3MBTL3	ENSG00000198945
13877.0	0.0003	DDT	ENSG00000099977
13877.0	0.0003	GPR182	ENSG00000166856
13877.0	0.0003	DYDC1	ENSG00000170788
13877.0	0.0003	MLF2	ENSG00000089693
13877.0	0.0003	BLZF1	ENSG00000117475
13877.0	0.0003	PLEK2	ENSG00000100558
13877.0	0.0003	COMMD4	ENSG00000140365
13877.0	0.0003	DNAJC14	ENSG00000135392
13877.0	0.0003	GTPBP6	ENSG00000178605
13877.0	0.0003	SLC14A1	ENSG00000141469
13877.0	0.0003	CARD18	ENSG00000255501
13877.0	0.0003	STK31	ENSG00000196335
13877.0	0.0003	BPIFA1	ENSG00000198183
13877.0	0.0003	ZKSCAN3	ENSG00000189298
13877.0	0.0003	NME9	ENSG00000181322
13877.0	0.0003	LACTB2	ENSG00000147592
13877.0	0.0003	CDC42EP2	ENSG00000149798
13877.0	0.0003	CDC42EP1	ENSG00000128283
13877.0	0.0003	TRIM47	ENSG00000132481
13877.0	0.0003	PRIMPOL	ENSG00000164306
13877.0	0.0003	NEK11	ENSG00000114670
13877.0	0.0003	ZNF317	ENSG00000130803
13877.0	0.0003	PYDC2	ENSG00000253548
13877.0	0.0003	HARBI1	ENSG00000180423
13877.0	0.0003	GNLY	ENSG00000115523
13877.0	0.0003	TMEM50A	ENSG00000183726
13877.0	0.0003	GGACT	ENSG00000134864
13877.0	0.0003	C2orf80	ENSG00000188674
13877.0	0.0003	IL36A	ENSG00000136694
13877.0	0.0003	LIME1	ENSG00000203896
13877.0	0.0003	RP4-583P15.15	ENSG00000273154
13877.0	0.0003	CTNS	ENSG00000040531
13877.0	0.0003	ANKS4B	ENSG00000175311
13877.0	0.0003	FKBP11	ENSG00000134285
13877.0	0.0003	PLD6	ENSG00000179598
13877.0	0.0003	C1RL	ENSG00000139178
13877.0	0.0003	TCERG1L	ENSG00000176769
13877.0	0.0003	HLX	ENSG00000136630
13877.0	0.0003	UBAP2	ENSG00000137073
13877.0	0.0003	SIGLEC6	ENSG00000105492
13877.0	0.0003	GPRIN1	ENSG00000169258
13877.0	0.0003	VSIG4	ENSG00000155659
13877.0	0.0003	TMEM79	ENSG00000163472
13877.0	0.0003	CFHR1	ENSG00000244414
13877.0	0.0003	URB1	ENSG00000142207
13877.0	0.0003	EGFL6	ENSG00000198759
13877.0	0.0003	PCDHA4	ENSG00000204967
13877.0	0.0003	SPINK7	ENSG00000145879
13877.0	0.0003	TNFSF18	ENSG00000120337
13877.0	0.0003	NXNL1	ENSG00000171773
13877.0	0.0003	KIAA1549L	ENSG00000110427
13877.0	0.0003	KLHL32	ENSG00000186231
13877.0	0.0003	CFHR4	ENSG00000134365
13877.0	0.0003	CFHR5	ENSG00000134389
13877.0	0.0003	SLC22A7	ENSG00000137204
13877.0	0.0003	NUCB1	ENSG00000104805
13877.0	0.0003	GALNT9	ENSG00000182870
13877.0	0.0003	GLTP	ENSG00000139433
13877.0	0.0003	TMEM117	ENSG00000139173
13877.0	0.0003	LHFPL4	ENSG00000156959
13877.0	0.0003	PM20D1	ENSG00000162877
13877.0	0.0003	CBLN3	ENSG00000139899
13877.0	0.0003	GPR156	ENSG00000175697
13877.0	0.0003	KLHDC9	ENSG00000162755
13877.0	0.0003	SDF2	ENSG00000132581
13877.0	0.0003	LHFPL3	ENSG00000187416
13877.0	0.0003	SLCO4A1	ENSG00000101187
13877.0	0.0003	NRBF2	ENSG00000148572
13877.0	0.0003	CABYR	ENSG00000154040
13877.0	0.0003	SYPL1	ENSG00000008282
13877.0	0.0003	SMPX	ENSG00000091482
13877.0	0.0003	NUCKS1	ENSG00000069275
13877.0	0.0003	NPVF	ENSG00000105954
13877.0	0.0003	UBQLN3	ENSG00000175520
13877.0	0.0003	GPR84	ENSG00000139572
13877.0	0.0003	FGGY	ENSG00000172456
13877.0	0.0003	SPAG8	ENSG00000137098
13877.0	0.0003	EMID1	ENSG00000186998
13877.0	0.0003	PDZD7	ENSG00000186862
13877.0	0.0003	HAVCR2	ENSG00000135077
13877.0	0.0003	NPDC1	ENSG00000107281
13877.0	0.0003	LMLN	ENSG00000185621
13877.0	0.0003	GPR176	ENSG00000166073
13877.0	0.0003	ANXA2R	ENSG00000177721
13877.0	0.0003	CTD-2140B24.4	ENSG00000256825
13877.0	0.0003	ZNF268	ENSG00000090612
13877.0	0.0003	SLC66A3	ENSG00000162976
13877.0	0.0003	CGB1	ENSG00000267631
13877.0	0.0003	NABP1	ENSG00000173559
13877.0	0.0003	KRT15	ENSG00000171346
13877.0	0.0003	UMOD	ENSG00000169344
13877.0	0.0003	SIGLEC9	ENSG00000129450
13877.0	0.0003	SPINT1	ENSG00000166145
13877.0	0.0003	SIGLEC5	ENSG00000105501
13877.0	0.0003	CLEC16A	ENSG00000038532
13877.0	0.0003	BCL7A	ENSG00000110987
13877.0	0.0003	GARIN1A	ENSG00000205085
13877.0	0.0003	CPPED1	ENSG00000103381
13877.0	0.0003	SLC9A5	ENSG00000135740
13877.0	0.0003	GABRR2	ENSG00000111886
13877.0	0.0003	LMBR1	ENSG00000105983
13877.0	0.0003	ABCA5	ENSG00000154265
13877.0	0.0003	ROPN1	ENSG00000065371
13877.0	0.0003	LRRIQ3	ENSG00000162620
13877.0	0.0003	ZNF746	ENSG00000181220
13877.0	0.0003	GPM6B	ENSG00000046653
13877.0	0.0003	CLEC4A	ENSG00000111729
13877.0	0.0003	MAPKBP1	ENSG00000137802
13877.0	0.0003	MAS1	ENSG00000130368
13877.0	0.0003	FAM178B	ENSG00000168754
13877.0	0.0003	TMEM97	ENSG00000109084
13877.0	0.0003	ZPBP	ENSG00000042813
13877.0	0.0003	SNED1	ENSG00000162804
13877.0	0.0003	ABCC11	ENSG00000121270
13877.0	0.0003	BICDL1	ENSG00000135127
13877.0	0.0003	PLLP	ENSG00000102934
13877.0	0.0003	CTSW	ENSG00000172543
13877.0	0.0003	KHDC1	ENSG00000135314
13877.0	0.0003	CD300E	ENSG00000186407
13877.0	0.0003	SPINT2	ENSG00000167642
13877.0	0.0003	COPS9	ENSG00000172428
13877.0	0.0003	TMC5	ENSG00000103534
13877.0	0.0003	SLC13A3	ENSG00000158296
13877.0	0.0003	ANKRD13C	ENSG00000118454
13877.0	0.0003	UNC50	ENSG00000115446
13877.0	0.0003	NXPH4	ENSG00000182379
13877.0	0.0003	CLEC5A	ENSG00000258227
13877.0	0.0003	TCP10L3	ENSG00000203690
13877.0	0.0003	UNC93A	ENSG00000112494
13877.0	0.0003	ROPN1L	ENSG00000145491
13877.0	0.0003	CEACAM3	ENSG00000170956
13877.0	0.0003	SLC25A14	ENSG00000102078
13877.0	0.0003	TMEM230	ENSG00000089063
13877.0	0.0003	LIX1	ENSG00000145721
13877.0	0.0003	AMTN	ENSG00000187689
13877.0	0.0003	HHLA2	ENSG00000114455
13877.0	0.0003	IL17B	ENSG00000127743
13877.0	0.0003	KEL	ENSG00000197993
13877.0	0.0003	RNF217	ENSG00000146373
13877.0	0.0003	HEPN1	ENSG00000221932
13877.0	0.0003	FUCA2	ENSG00000001036
13877.0	0.0003	AGK	ENSG00000006530
13877.0	0.0003	DHRS11	ENSG00000108272
13877.0	0.0003	CTRC	ENSG00000162438
13877.0	0.0003	CRYBA1	ENSG00000108255
13877.0	0.0003	KRT86	ENSG00000170442
13877.0	0.0003	RIMBP3C	ENSG00000183246
13877.0	0.0003	TOR3A	ENSG00000186283
13877.0	0.0003	SLC9A4	ENSG00000180251
13877.0	0.0003	RIMBP3B	ENSG00000196934
13877.0	0.0003	TLCD2	ENSG00000185561
13877.0	0.0003	KCNRG	ENSG00000198553
13877.0	0.0003	CCDC13	ENSG00000244607
13877.0	0.0003	SPRR2B	ENSG00000196805
13877.0	0.0003	SERTAD4	ENSG00000082497
13877.0	0.0003	SLC9C2	ENSG00000162753
13877.0	0.0003	C18orf54	ENSG00000166845
13877.0	0.0003	GUCA2A	ENSG00000197273
13877.0	0.0003	SECTM1	ENSG00000141574
13877.0	0.0003	MYO19	ENSG00000141140
13877.0	0.0003	CDHR5	ENSG00000099834
13877.0	0.0003	RIMBP3	ENSG00000196622
13877.0	0.0003	TM4SF5	ENSG00000142484
13877.0	0.0003	ZNF599	ENSG00000153896
13877.0	0.0003	DHRS1	ENSG00000157379
13877.0	0.0003	HTR3B	ENSG00000149305
13877.0	0.0003	SCGB1D2	ENSG00000124935
13877.0	0.0003	LARP4	ENSG00000161813
13877.0	0.0003	EMC3	ENSG00000125037
13877.0	0.0003	TMPRSS9	ENSG00000178297
13877.0	0.0003	IQCF2	ENSG00000184345
13877.0	0.0003	CCS	ENSG00000173992
13877.0	0.0003	BEAN1	ENSG00000166546
13877.0	0.0003	CCDC191	ENSG00000163617
13877.0	0.0003	EMC9	ENSG00000100908
13877.0	0.0003	CD53	ENSG00000143119
13877.0	0.0003	ANKRD35	ENSG00000198483
13877.0	0.0003	CLIC3	ENSG00000169583
13877.0	0.0003	SEPTIN12	ENSG00000140623
13877.0	0.0003	SPINK2	ENSG00000128040
13877.0	0.0003	TMPRSS15	ENSG00000154646
13877.0	0.0003	EFHC2	ENSG00000183690
13877.0	0.0003	PAGE5	ENSG00000158639
13877.0	0.0003	DENND11	ENSG00000257093
13877.0	0.0003	ZNF526	ENSG00000167625
13877.0	0.0003	DENND10	ENSG00000119979
13877.0	0.0003	DENND6A	ENSG00000174839
13877.0	0.0003	ATG16L2	ENSG00000168010
13877.0	0.0003	DCAF8L2	ENSG00000189186
13877.0	0.0003	SIGLEC1	ENSG00000088827
13877.0	0.0003	EMC7	ENSG00000134153
13877.0	0.0003	DEFA4	ENSG00000164821
13877.0	0.0003	DEFA3	ENSG00000239839
13877.0	0.0003	ADGRE1	ENSG00000174837
13877.0	0.0003	DEFA6	ENSG00000164822
13877.0	0.0003	PNMA2	ENSG00000240694
13877.0	0.0003	LCTL	ENSG00000188501
13877.0	0.0003	CBR4	ENSG00000145439
13877.0	0.0003	KRTAP5-9	ENSG00000254997
13877.0	0.0003	CA5A	ENSG00000174990
13877.0	0.0003	PRMT9	ENSG00000164169
13877.0	0.0003	TMEM258	ENSG00000134825
13877.0	0.0003	IRF2BPL	ENSG00000119669
13877.0	0.0003	IL31	ENSG00000204671
13877.0	0.0003	GPRC5A	ENSG00000013588
13877.0	0.0003	CNMD	ENSG00000136110
13877.0	0.0003	PLXNC1	ENSG00000136040
13877.0	0.0003	SLC25A27	ENSG00000153291
13877.0	0.0003	MORC1	ENSG00000114487
13877.0	0.0003	TIMD4	ENSG00000145850
13877.0	0.0003	SYNGR2	ENSG00000108639
13877.0	0.0003	PDIA5	ENSG00000065485
13877.0	0.0003	RTF2	ENSG00000022277
13877.0	0.0003	TTC19	ENSG00000011295
13877.0	0.0003	FN3KRP	ENSG00000141560
13877.0	0.0003	CISD1	ENSG00000122873
13877.0	0.0003	DND1	ENSG00000256453
13877.0	0.0003	CABCOCO1	ENSG00000183346
13877.0	0.0003	ITIH1	ENSG00000055957
13877.0	0.0003	ABHD15	ENSG00000168792
13877.0	0.0003	KCTD18	ENSG00000155729
13877.0	0.0003	C1QTNF6	ENSG00000133466
13877.0	0.0003	IL17D	ENSG00000172458
13877.0	0.0003	DCANP1	ENSG00000251380
13877.0	0.0003	GLT8D1	ENSG00000016864
13877.0	0.0003	DHRS7	ENSG00000100612
13877.0	0.0003	SLC38A9	ENSG00000177058
13877.0	0.0003	ANKK1	ENSG00000170209
13877.0	0.0003	PRG2	ENSG00000186652
13877.0	0.0003	ATP13A1	ENSG00000105726
13877.0	0.0003	NUCB2	ENSG00000070081
13877.0	0.0003	ZBTB25	ENSG00000089775
13877.0	0.0003	OR13G1	ENSG00000197437
13877.0	0.0003	TMPRSS11B	ENSG00000185873
13877.0	0.0003	RLF	ENSG00000117000
13877.0	0.0003	FAM83H	ENSG00000180921
13877.0	0.0003	LY6D	ENSG00000167656
13877.0	0.0003	SLC16A12	ENSG00000152779
13877.0	0.0003	C2orf69	ENSG00000178074
13877.0	0.0003	ADGRB3	ENSG00000135298
13877.0	0.0003	OR4F17	ENSG00000176695
13877.0	0.0003	ANG	ENSG00000214274
13877.0	0.0003	RETREG3	ENSG00000141699
13877.0	0.0003	WDFY4	ENSG00000128815
13877.0	0.0003	DEFB103A	ENSG00000176797
13877.0	0.0003	WFDC8	ENSG00000158901
13877.0	0.0003	GPR78	ENSG00000155269
13877.0	0.0003	OR4B1	ENSG00000175619
13877.0	0.0003	ENOX2	ENSG00000165675
13877.0	0.0003	GPR160	ENSG00000173890
13877.0	0.0003	A2ML1	ENSG00000166535
13877.0	0.0003	NUDT3	ENSG00000272325
13877.0	0.0003	PLEKHH2	ENSG00000152527
13877.0	0.0003	ZNF446	ENSG00000083838
13877.0	0.0003	HS1BP3	ENSG00000118960
13877.0	0.0003	NQO2	ENSG00000124588
13877.0	0.0003	COX20	ENSG00000203667
13877.0	0.0003	CYB561	ENSG00000008283
13877.0	0.0003	NCR3LG1	ENSG00000188211
13877.0	0.0003	DEFB4A	ENSG00000171711
13877.0	0.0003	IGLL1	ENSG00000128322
13877.0	0.0003	UPK3A	ENSG00000100373
13877.0	0.0003	HSD17B11	ENSG00000198189
13877.0	0.0003	EDDM3A	ENSG00000181562
13877.0	0.0003	CCHCR1	ENSG00000204536
13877.0	0.0003	MBL2	ENSG00000165471
13877.0	0.0003	AGAP5	ENSG00000172650
13877.0	0.0003	ZNF331	ENSG00000130844
13877.0	0.0003	ZSCAN32	ENSG00000140987
13877.0	0.0003	UPK2	ENSG00000110375
13877.0	0.0003	HTR3D	ENSG00000186090
13877.0	0.0003	TGIF2LX	ENSG00000153779
13877.0	0.0003	TGIF2LY	ENSG00000176679
13877.0	0.0003	AGAP3	ENSG00000133612
13877.0	0.0003	AGAP4	ENSG00000188234
13877.0	0.0003	AGAP6	ENSG00000204149
13877.0	0.0003	AGAP7P	ENSG00000204169
13877.0	0.0003	AGAP8	ENSG00000174194
13877.0	0.0003	HTR3C	ENSG00000178084
13877.0	0.0003	HTR3E	ENSG00000186038
13877.0	0.0003	LEUTX	ENSG00000213921
13877.0	0.0003	ERVFRD-1	ENSG00000244476
13877.0	0.0003	GLT6D1	ENSG00000204007
13877.0	0.0003	RAB26	ENSG00000167964
13877.0	0.0003	TAS2R50	ENSG00000212126
13877.0	0.0003	VWA3A	ENSG00000175267
13877.0	0.0003	JMJD8	ENSG00000161999
13877.0	0.0003	CEACAM7	ENSG00000007306
13877.0	0.0003	LCN10	ENSG00000187922
13877.0	0.0003	LCN15	ENSG00000177984
13877.0	0.0003	RNASE10	ENSG00000182545
13877.0	0.0003	AQP12B	ENSG00000185176
13877.0	0.0003	APOC4	ENSG00000267467
13877.0	0.0003	DEFB103B	ENSG00000177243
13877.0	0.0003	SLC25A41	ENSG00000181240
13877.0	0.0003	C1orf127	ENSG00000175262
13877.0	0.0003	ZNF541	ENSG00000118156
13877.0	0.0003	WRAP73	ENSG00000116213
13877.0	0.0003	GPR108	ENSG00000125734
13877.0	0.0003	ZNF396	ENSG00000186496
13877.0	0.0003	P2RY8	ENSG00000182162
13877.0	0.0003	TDRD5	ENSG00000162782
13877.0	0.0003	FRMD4B	ENSG00000114541
13877.0	0.0003	CCDC87	ENSG00000182791
13877.0	0.0003	EPPIN-WFDC6	ENSG00000249139
13877.0	0.0003	MS4A1	ENSG00000156738
13877.0	0.0003	FAM110A	ENSG00000125898
13877.0	0.0003	FAM110C	ENSG00000184731
13877.0	0.0003	OR52L1	ENSG00000183313
13877.0	0.0003	OR2L13	ENSG00000196071
13877.0	0.0003	OR1F1	ENSG00000168124
13877.0	0.0003	OR2M3	ENSG00000228198
13877.0	0.0003	OR2M7	ENSG00000177186
13877.0	0.0003	OR4F5	ENSG00000186092
13877.0	0.0003	OR4F21	ENSG00000176269
13877.0	0.0003	OR2M2	ENSG00000198601
13877.0	0.0003	OR2M5	ENSG00000162727
13877.0	0.0003	OR4F4	ENSG00000177693
13877.0	0.0003	OR52W1	ENSG00000175485
13877.0	0.0003	OR51Q1	ENSG00000167360
13877.0	0.0003	OR56B1	ENSG00000181023
13877.0	0.0003	OR52I2	ENSG00000226288
13877.0	0.0003	OR52M1	ENSG00000197790
13877.0	0.0003	OR4K2	ENSG00000165762
13877.0	0.0003	OR51A2	ENSG00000205496
13877.0	0.0003	OR51A4	ENSG00000205497
13877.0	0.0003	OR52J3	ENSG00000205495
13877.0	0.0003	OR8U1	ENSG00000172199
13877.0	0.0003	OR10H1	ENSG00000186723
13877.0	0.0003	OR10S1	ENSG00000196248
13877.0	0.0003	OR10P1	ENSG00000175398
13877.0	0.0003	OR51L1	ENSG00000176798
13877.0	0.0003	OR2T5	ENSG00000203661
13877.0	0.0003	OR4C11	ENSG00000172188
13877.0	0.0003	OR4C3	ENSG00000176547
13877.0	0.0003	OR7D4	ENSG00000174667
13877.0	0.0003	OR1B1	ENSG00000171484
13877.0	0.0003	OR6X1	ENSG00000221931
13877.0	0.0003	OR2T8	ENSG00000177462
13877.0	0.0003	OR10AD1	ENSG00000172640
13877.0	0.0003	OR13H1	ENSG00000171054
13877.0	0.0003	OR10W1	ENSG00000172772
13877.0	0.0003	OR4D11	ENSG00000176200
13877.0	0.0003	OR5K4	ENSG00000196098
13877.0	0.0003	OR1K1	ENSG00000165204
13877.0	0.0003	OR2T2	ENSG00000196240
13877.0	0.0003	OR2C1	ENSG00000168158
13877.0	0.0003	OR2L8	ENSG00000196936
13877.0	0.0003	OR2T27	ENSG00000187701
13877.0	0.0003	OR5W2	ENSG00000187612
13877.0	0.0003	OR7G2	ENSG00000170923
13877.0	0.0003	OR8U3	ENSG00000174942
13877.0	0.0003	OR10A2	ENSG00000170790
13877.0	0.0003	OR6A2	ENSG00000184933
13877.0	0.0003	OR7E24	ENSG00000237521
13877.0	0.0003	OR11H4	ENSG00000176198
13877.0	0.0003	OR11H6	ENSG00000176219
13877.0	0.0003	OR13C4	ENSG00000148136
13877.0	0.0003	OR2A12	ENSG00000221858
13877.0	0.0003	OR5D16	ENSG00000205029
13877.0	0.0003	OR11G2	ENSG00000196832
13877.0	0.0003	OR2AT4	ENSG00000171561
13877.0	0.0003	OR51E1	ENSG00000180785
13877.0	0.0003	OR52I1	ENSG00000232268
13877.0	0.0003	OR1D2	ENSG00000184166
13877.0	0.0003	OR2AE1	ENSG00000244623
13877.0	0.0003	OR7C1	ENSG00000127530
13877.0	0.0003	OR1A2	ENSG00000172150
13877.0	0.0003	OR51F2	ENSG00000176925
13877.0	0.0003	OR5P3	ENSG00000182334
13877.0	0.0003	OR4D2	ENSG00000255713
13877.0	0.0003	OR5L2	ENSG00000205030
13877.0	0.0003	OR5M11	ENSG00000255223
13877.0	0.0003	OR10G7	ENSG00000182634
13877.0	0.0003	OR10J5	ENSG00000184155
13877.0	0.0003	OR2L3	ENSG00000198128
13877.0	0.0003	OR4X1	ENSG00000176567
13877.0	0.0003	OR52D1	ENSG00000181609
13877.0	0.0003	OR6C74	ENSG00000197706
13877.0	0.0003	OR8I2	ENSG00000172154
13877.0	0.0003	OR10G3	ENSG00000169208
13877.0	0.0003	OR13C5	ENSG00000255800
13877.0	0.0003	OR4A16	ENSG00000181961
13877.0	0.0003	OR4N4	ENSG00000183706
13877.0	0.0003	OR51E2	ENSG00000167332
13877.0	0.0003	OR5AR1	ENSG00000172459
13877.0	0.0003	OR8D4	ENSG00000181518
13877.0	0.0003	OR10G9	ENSG00000236981
13877.0	0.0003	OR2G3	ENSG00000177476
13877.0	0.0003	OR4F15	ENSG00000182854
13877.0	0.0003	OR52E2	ENSG00000176787
13877.0	0.0003	OR52N2	ENSG00000180988
13877.0	0.0003	OR6B2	ENSG00000182083
13877.0	0.0003	OR7A5	ENSG00000188269
13877.0	0.0003	OR10A4	ENSG00000170782
13877.0	0.0003	OR10K2	ENSG00000180708
13877.0	0.0003	OR10T2	ENSG00000186306
13877.0	0.0003	OR13C3	ENSG00000204246
13877.0	0.0003	OR1A1	ENSG00000172146
13877.0	0.0003	OR1E1	ENSG00000180016
13877.0	0.0003	OR2T10	ENSG00000184022
13877.0	0.0003	OR51V1	ENSG00000176742
13877.0	0.0003	OR5B3	ENSG00000172769
13877.0	0.0003	OR5D13	ENSG00000198877
13877.0	0.0003	OR5K3	ENSG00000206536
13877.0	0.0003	OR6B1	ENSG00000221813
13877.0	0.0003	OR10A3	ENSG00000170683
13877.0	0.0003	OR10J1	ENSG00000196184
13877.0	0.0003	OR10K1	ENSG00000173285
13877.0	0.0003	OR1E2	ENSG00000127780
13877.0	0.0003	OR2AG2	ENSG00000188124
13877.0	0.0003	OR2Y1	ENSG00000174339
13877.0	0.0003	OR3A1	ENSG00000180090
13877.0	0.0003	OR4C16	ENSG00000181935
13877.0	0.0003	OR4D6	ENSG00000166884
13877.0	0.0003	OR4X2	ENSG00000172208
13877.0	0.0003	OR51M1	ENSG00000184698
13877.0	0.0003	OR52A5	ENSG00000171944
13877.0	0.0003	OR52N1	ENSG00000181001
13877.0	0.0003	OR5P2	ENSG00000183303
13877.0	0.0003	OR6B3	ENSG00000178586
13877.0	0.0003	OR6Q1	ENSG00000172381
13877.0	0.0003	OR7D2	ENSG00000188000
13877.0	0.0003	OR8A1	ENSG00000196119
13877.0	0.0003	OR8B8	ENSG00000197125
13877.0	0.0003	OR8D1	ENSG00000196341
13877.0	0.0003	OR10G4	ENSG00000254737
13877.0	0.0003	OR10R2	ENSG00000198965
13877.0	0.0003	OR11L1	ENSG00000197591
13877.0	0.0003	OR13J1	ENSG00000168828
13877.0	0.0003	OR1G1	ENSG00000183024
13877.0	0.0003	OR1J4	ENSG00000239590
13877.0	0.0003	OR2D3	ENSG00000178358
13877.0	0.0003	OR4N2	ENSG00000176294
13877.0	0.0003	OR52A1	ENSG00000182070
13877.0	0.0003	OR52E8	ENSG00000183269
13877.0	0.0003	OR52H1	ENSG00000181616
13877.0	0.0003	OR6T1	ENSG00000181499
13877.0	0.0003	OR6Y1	ENSG00000197532
13877.0	0.0003	OR8D2	ENSG00000197263
13877.0	0.0003	OR10A5	ENSG00000166363
13877.0	0.0003	OR13C8	ENSG00000186943
13877.0	0.0003	OR13C9	ENSG00000136839
13877.0	0.0003	OR13F1	ENSG00000186881
13877.0	0.0003	OR2B2	ENSG00000168131
13877.0	0.0003	OR2M4	ENSG00000171180
13877.0	0.0003	OR2T4	ENSG00000196944
13877.0	0.0003	OR4D9	ENSG00000172742
13877.0	0.0003	OR4K5	ENSG00000176281
13877.0	0.0003	OR52B2	ENSG00000255307
13877.0	0.0003	OR52B6	ENSG00000187747
13877.0	0.0003	OR56A4	ENSG00000183389
13877.0	0.0003	OR5I1	ENSG00000167825
13877.0	0.0003	OR5J2	ENSG00000174957
13877.0	0.0003	OR5K1	ENSG00000232382
13877.0	0.0003	OR5K2	ENSG00000231861
13877.0	0.0003	OR5M8	ENSG00000181371
13877.0	0.0003	OR8H2	ENSG00000181767
13877.0	0.0003	OR10AG1	ENSG00000174970
13877.0	0.0003	OR10H2	ENSG00000171942
13877.0	0.0003	OR10H3	ENSG00000171936
13877.0	0.0003	OR10Q1	ENSG00000180475
13877.0	0.0003	OR13D1	ENSG00000179055
13877.0	0.0003	OR1I1	ENSG00000094661
13877.0	0.0003	OR1J1	ENSG00000136834
13877.0	0.0003	OR1N1	ENSG00000171505
13877.0	0.0003	OR2B6	ENSG00000124657
13877.0	0.0003	OR2F2	ENSG00000221910
13877.0	0.0003	OR2G6	ENSG00000188558
13877.0	0.0003	OR2L2	ENSG00000203663
13877.0	0.0003	OR2L5	ENSG00000197454
13877.0	0.0003	OR4C6	ENSG00000181903
13877.0	0.0003	OR4D1	ENSG00000141194
13877.0	0.0003	OR4E2	ENSG00000221977
13877.0	0.0003	OR4F6	ENSG00000184140
13877.0	0.0003	OR4Q3	ENSG00000182652
13877.0	0.0003	OR51B2	ENSG00000184881
13877.0	0.0003	OR51B4	ENSG00000183251
13877.0	0.0003	OR51B6	ENSG00000176239
13877.0	0.0003	OR51G1	ENSG00000176879
13877.0	0.0003	OR51S1	ENSG00000176922
13877.0	0.0003	OR56A1	ENSG00000180934
13877.0	0.0003	OR56A3	ENSG00000184478
13877.0	0.0003	OR5A2	ENSG00000172324
13877.0	0.0003	OR6C1	ENSG00000205330
13877.0	0.0003	OR6C2	ENSG00000179695
13877.0	0.0003	OR6F1	ENSG00000169214
13877.0	0.0003	OR6K2	ENSG00000196171
13877.0	0.0003	OR8K5	ENSG00000181752
13877.0	0.0003	OR10G2	ENSG00000255582
13877.0	0.0003	OR10V1	ENSG00000172289
13877.0	0.0003	OR14A16	ENSG00000196772
13877.0	0.0003	OR14C36	ENSG00000177174
13877.0	0.0003	OR1C1	ENSG00000221888
13877.0	0.0003	OR1L6	ENSG00000171459
13877.0	0.0003	OR2A2	ENSG00000221989
13877.0	0.0003	OR2A25	ENSG00000221933
13877.0	0.0003	OR2A7	ENSG00000243896
13877.0	0.0003	OR2B11	ENSG00000177535
13877.0	0.0003	OR2F1	ENSG00000213215
13877.0	0.0003	OR2G2	ENSG00000177489
13877.0	0.0003	OR2K2	ENSG00000171133
13877.0	0.0003	OR2S2	ENSG00000122718
13877.0	0.0003	OR2T12	ENSG00000177201
13877.0	0.0003	OR2T29	ENSG00000182783
13877.0	0.0003	OR2T33	ENSG00000177212
13877.0	0.0003	OR3A2	ENSG00000221882
13877.0	0.0003	OR4A47	ENSG00000237388
13877.0	0.0003	OR4C12	ENSG00000221954
13877.0	0.0003	OR4C46	ENSG00000185926
13877.0	0.0003	OR4K1	ENSG00000155249
13877.0	0.0003	OR4K13	ENSG00000176253
13877.0	0.0003	OR4M1	ENSG00000176299
13877.0	0.0003	OR4M2	ENSG00000182974
13877.0	0.0003	OR4N5	ENSG00000184394
13877.0	0.0003	OR4P4	ENSG00000181927
13877.0	0.0003	OR51B5	ENSG00000242180
13877.0	0.0003	OR51I2	ENSG00000187918
13877.0	0.0003	OR52B4	ENSG00000221996
13877.0	0.0003	OR52E4	ENSG00000180974
13877.0	0.0003	OR56B4	ENSG00000180919
13877.0	0.0003	OR5AK2	ENSG00000181273
13877.0	0.0003	OR5AU1	ENSG00000169327
13877.0	0.0003	OR5B12	ENSG00000172362
13877.0	0.0003	OR5B21	ENSG00000198283
13877.0	0.0003	OR5D14	ENSG00000186113
13877.0	0.0003	OR5F1	ENSG00000149133
13877.0	0.0003	OR5H2	ENSG00000197938
13877.0	0.0003	OR5H6	ENSG00000230301
13877.0	0.0003	OR6K3	ENSG00000203757
13877.0	0.0003	OR6N2	ENSG00000188340
13877.0	0.0003	OR7A17	ENSG00000185385
13877.0	0.0003	OR7G1	ENSG00000161807
13877.0	0.0003	OR7G3	ENSG00000170920
13877.0	0.0003	OR9K2	ENSG00000170605
13877.0	0.0003	OR10A6	ENSG00000175393
13877.0	0.0003	OR10A7	ENSG00000179919
13877.0	0.0003	OR10G8	ENSG00000234560
13877.0	0.0003	OR10H4	ENSG00000176231
13877.0	0.0003	OR10H5	ENSG00000172519
13877.0	0.0003	OR10J3	ENSG00000196266
13877.0	0.0003	OR13C2	ENSG00000257019
13877.0	0.0003	OR14I1	ENSG00000189181
13877.0	0.0003	OR1L1	ENSG00000173679
13877.0	0.0003	OR1L3	ENSG00000171481
13877.0	0.0003	OR1L4	ENSG00000136939
13877.0	0.0003	OR1L8	ENSG00000171496
13877.0	0.0003	OR1M1	ENSG00000170929
13877.0	0.0003	OR1N2	ENSG00000171501
13877.0	0.0003	OR1Q1	ENSG00000165202
13877.0	0.0003	OR1S1	ENSG00000172774
13877.0	0.0003	OR1S2	ENSG00000197887
13877.0	0.0003	OR2A14	ENSG00000221938
13877.0	0.0003	OR2A5	ENSG00000221836
13877.0	0.0003	OR2AP1	ENSG00000179615
13877.0	0.0003	OR2C3	ENSG00000196242
13877.0	0.0003	OR2D2	ENSG00000166368
13877.0	0.0003	OR2T1	ENSG00000175143
13877.0	0.0003	OR2T11	ENSG00000183130
13877.0	0.0003	OR2T3	ENSG00000196539
13877.0	0.0003	OR2T34	ENSG00000183310
13877.0	0.0003	OR2T35	ENSG00000177151
13877.0	0.0003	OR2T6	ENSG00000198104
13877.0	0.0003	OR2V1	ENSG00000185372
13877.0	0.0003	OR2V2	ENSG00000182613
13877.0	0.0003	OR3A3	ENSG00000159961
13877.0	0.0003	OR4A15	ENSG00000181958
13877.0	0.0003	OR4A5	ENSG00000221840
13877.0	0.0003	OR4C15	ENSG00000181939
13877.0	0.0003	OR4D10	ENSG00000254466
13877.0	0.0003	OR4D5	ENSG00000171014
13877.0	0.0003	OR4K14	ENSG00000169484
13877.0	0.0003	OR4K17	ENSG00000176230
13877.0	0.0003	OR4L1	ENSG00000176246
13877.0	0.0003	OR4S1	ENSG00000176555
13877.0	0.0003	OR51A7	ENSG00000176895
13877.0	0.0003	OR51D1	ENSG00000197428
13877.0	0.0003	OR51F1	ENSG00000188069
13877.0	0.0003	OR51G2	ENSG00000176893
13877.0	0.0003	OR51I1	ENSG00000167359
13877.0	0.0003	OR52E6	ENSG00000205409
13877.0	0.0003	OR52K1	ENSG00000196778
13877.0	0.0003	OR52K2	ENSG00000181963
13877.0	0.0003	OR52N5	ENSG00000181009
13877.0	0.0003	OR52R1	ENSG00000176937
13877.0	0.0003	OR5A1	ENSG00000172320
13877.0	0.0003	OR5AN1	ENSG00000176495
13877.0	0.0003	OR5AP2	ENSG00000172464
13877.0	0.0003	OR5B17	ENSG00000197786
13877.0	0.0003	OR5B2	ENSG00000172365
13877.0	0.0003	OR5C1	ENSG00000148215
13877.0	0.0003	OR5D18	ENSG00000186119
13877.0	0.0003	OR5H1	ENSG00000231192
13877.0	0.0003	OR5H14	ENSG00000236032
13877.0	0.0003	OR5H15	ENSG00000233412
13877.0	0.0003	OR5L1	ENSG00000186117
13877.0	0.0003	OR5M10	ENSG00000254834
13877.0	0.0003	OR5M3	ENSG00000174937
13877.0	0.0003	OR5M9	ENSG00000150269
13877.0	0.0003	OR6C3	ENSG00000205329
13877.0	0.0003	OR6C4	ENSG00000179626
13877.0	0.0003	OR6C6	ENSG00000188324
13877.0	0.0003	OR6C65	ENSG00000205328
13877.0	0.0003	OR6C68	ENSG00000205327
13877.0	0.0003	OR6C70	ENSG00000184954
13877.0	0.0003	OR6C75	ENSG00000187857
13877.0	0.0003	OR6C76	ENSG00000185821
13877.0	0.0003	OR6K6	ENSG00000180433
13877.0	0.0003	OR6M1	ENSG00000196099
13877.0	0.0003	OR6N1	ENSG00000197403
13877.0	0.0003	OR6P1	ENSG00000186440
13877.0	0.0003	OR6S1	ENSG00000181803
13877.0	0.0003	OR7A10	ENSG00000127515
13877.0	0.0003	OR7C2	ENSG00000127529
13877.0	0.0003	OR8B12	ENSG00000170953
13877.0	0.0003	OR8B2	ENSG00000204293
13877.0	0.0003	OR8B3	ENSG00000196661
13877.0	0.0003	OR8B4	ENSG00000198657
13877.0	0.0003	OR8H3	ENSG00000181761
13877.0	0.0003	OR8J3	ENSG00000167822
13877.0	0.0003	OR9I1	ENSG00000172377
13877.0	0.0003	OR9Q1	ENSG00000186509
13877.0	0.0003	OR9Q2	ENSG00000186513
13877.0	0.0003	ZNF773	ENSG00000152439
13877.0	0.0003	RPUSD2	ENSG00000166133
13877.0	0.0003	WFDC6	ENSG00000243543
13877.0	0.0003	LDLRAD1	ENSG00000203985
13877.0	0.0003	GPR3	ENSG00000181773
13877.0	0.0003	PJVK	ENSG00000204311
13877.0	0.0003	THAP5	ENSG00000177683
13877.0	0.0003	FBXO39	ENSG00000177294
13877.0	0.0003	TENT5D	ENSG00000174016
13877.0	0.0003	TMEM88B	ENSG00000205116
13877.0	0.0003	LMBR1L	ENSG00000139636
13877.0	0.0003	C10orf55	ENSG00000222047
13877.0	0.0003	RNF17	ENSG00000132972
13877.0	0.0003	GPR135	ENSG00000181619
13877.0	0.0003	HHLA1	ENSG00000132297
13877.0	0.0003	CHCHD5	ENSG00000125611
13877.0	0.0003	PTPRCAP	ENSG00000213402
13877.0	0.0003	MBD3L3	ENSG00000182315
13877.0	0.0003	MBD3L4	ENSG00000205718
13877.0	0.0003	MBD3L5	ENSG00000237247
13877.0	0.0003	MRGPRE	ENSG00000184350
13877.0	0.0003	MRGPRF	ENSG00000172935
13877.0	0.0003	MRGPRG	ENSG00000182170
13877.0	0.0003	MRGPRX3	ENSG00000179826
13877.0	0.0003	MRGPRX4	ENSG00000179817
13877.0	0.0003	CD200	ENSG00000091972
13877.0	0.0003	IMMP2L	ENSG00000184903
13877.0	0.0003	KRTAP12-2	ENSG00000221864
13877.0	0.0003	KANK4	ENSG00000132854
13877.0	0.0003	GPR88	ENSG00000181656
13877.0	0.0003	C4orf17	ENSG00000138813
13877.0	0.0003	SYNPR	ENSG00000163630
13877.0	0.0003	RGS21	ENSG00000253148
13877.0	0.0003	THAP4	ENSG00000176946
13877.0	0.0003	FDXACB1	ENSG00000255561
13877.0	0.0003	GARIN6	ENSG00000180219
13877.0	0.0003	C10orf90	ENSG00000154493
13877.0	0.0003	MDGA2	ENSG00000139915
13877.0	0.0003	TMEM263	ENSG00000151135
13877.0	0.0003	IFI27L1	ENSG00000165948
13877.0	0.0003	CRYBB3	ENSG00000100053
13877.0	0.0003	ZNF239	ENSG00000196793
13877.0	0.0003	SPNS3	ENSG00000182557
13877.0	0.0003	DSCAML1	ENSG00000177103
13877.0	0.0003	C5AR2	ENSG00000134830
13877.0	0.0003	C7orf76	ENSG00000197851
13877.0	0.0003	TMEM242	ENSG00000215712
13877.0	0.0003	PLD5	ENSG00000180287
13877.0	0.0003	SCCPDH	ENSG00000143653
13877.0	0.0003	GDPD1	ENSG00000153982
13877.0	0.0003	FNIP2	ENSG00000052795
13877.0	0.0003	RTP3	ENSG00000163825
13877.0	0.0003	ZC3H12D	ENSG00000178199
13877.0	0.0003	OTOL1	ENSG00000182447
13877.0	0.0003	G6PC2	ENSG00000152254
13877.0	0.0003	ZNF34	ENSG00000196378
13877.0	0.0003	CC2D1B	ENSG00000154222
13877.0	0.0003	SUGP2	ENSG00000064607
13877.0	0.0003	CLEC2D	ENSG00000069493
13877.0	0.0003	RP11-75L1.2	ENSG00000213443
13877.0	0.0003	ZIM3	ENSG00000141946
13877.0	0.0003	ABCB9	ENSG00000150967
13877.0	0.0003	TAS2R46	ENSG00000226761
13877.0	0.0003	FAM83F	ENSG00000133477
13877.0	0.0003	CHST8	ENSG00000124302
13877.0	0.0003	LMAN2L	ENSG00000114988
13877.0	0.0003	CLEC2A	ENSG00000188393
13877.0	0.0003	THAP2	ENSG00000173451
13877.0	0.0003	USP31	ENSG00000103404
13877.0	0.0003	FBXO48	ENSG00000204923
13877.0	0.0003	ZNF358	ENSG00000198816
13877.0	0.0003	ZBTB40	ENSG00000184677
13877.0	0.0003	ARMC7	ENSG00000125449
13877.0	0.0003	LRRC34	ENSG00000171757
13877.0	0.0003	ZC3H7A	ENSG00000122299
13877.0	0.0003	PCYOX1	ENSG00000116005
13877.0	0.0003	ZNF77	ENSG00000175691
13877.0	0.0003	SPRN	ENSG00000203772
13877.0	0.0003	GPR142	ENSG00000257008
13877.0	0.0003	ZNF676	ENSG00000196109
13877.0	0.0003	ICE1	ENSG00000164151
13877.0	0.0003	ATP8B2	ENSG00000143515
13877.0	0.0003	CCDC136	ENSG00000128596
13877.0	0.0003	SLITRK6	ENSG00000184564
13877.0	0.0003	ZBTB26	ENSG00000171448
13877.0	0.0003	CHST9	ENSG00000154080
13877.0	0.0003	ZNF91	ENSG00000167232
13877.0	0.0003	ATP8B4	ENSG00000104043
13877.0	0.0003	TCEAL7	ENSG00000182916
13877.0	0.0003	GBP5	ENSG00000154451
13877.0	0.0003	ZFP3	ENSG00000180787
13877.0	0.0003	GPR150	ENSG00000178015
13877.0	0.0003	ZFP37	ENSG00000136866
13877.0	0.0003	TAS2R13	ENSG00000212128
13877.0	0.0003	TAS2R7	ENSG00000121377
13877.0	0.0003	TAS2R8	ENSG00000121314
13877.0	0.0003	TAS2R9	ENSG00000121381
13877.0	0.0003	PHLDA1	ENSG00000139289
13877.0	0.0003	CREBL2	ENSG00000111269
13877.0	0.0003	SEPTIN3	ENSG00000100167
13877.0	0.0003	ZFP69	ENSG00000187815
13877.0	0.0003	CCL3L1	ENSG00000205021
13877.0	0.0003	ARHGAP4	ENSG00000089820
13877.0	0.0003	METTL21C	ENSG00000139780
13877.0	0.0003	UACA	ENSG00000137831
13877.0	0.0003	OLAH	ENSG00000152463
13877.0	0.0003	SACS	ENSG00000151835
13877.0	0.0003	ZSCAN18	ENSG00000121413
13877.0	0.0003	RWDD2B	ENSG00000156253
13877.0	0.0003	ZNF511	ENSG00000198546
13877.0	0.0003	RPUSD3	ENSG00000156990
13877.0	0.0003	GPR52	ENSG00000203737
13877.0	0.0003	CCDC116	ENSG00000161180
13877.0	0.0003	RBMXL2	ENSG00000170748
13877.0	0.0003	LPPR3	ENSG00000129951
13877.0	0.0003	FEM1C	ENSG00000145780
13877.0	0.0003	GABRR3	ENSG00000183185
13877.0	0.0003	TSPAN32	ENSG00000064201
13877.0	0.0003	SPIC	ENSG00000166211
13877.0	0.0003	ZNF570	ENSG00000171827
13877.0	0.0003	RPUSD1	ENSG00000007376
13877.0	0.0003	SERPINB13	ENSG00000197641
13877.0	0.0003	FHDC1	ENSG00000137460
13877.0	0.0003	ADGRD2	ENSG00000180264
13877.0	0.0003	ARL14	ENSG00000179674
13877.0	0.0003	COX7B2	ENSG00000170516
13877.0	0.0003	APIP	ENSG00000149089
13877.0	0.0003	MFSD5	ENSG00000182544
13877.0	0.0003	DHRSX	ENSG00000169084
13877.0	0.0003	SERPINB10	ENSG00000242550
13877.0	0.0003	TMEM50B	ENSG00000142188
13877.0	0.0003	LUZP2	ENSG00000187398
13877.0	0.0003	PRR15	ENSG00000176532
13877.0	0.0003	EYS	ENSG00000188107
13877.0	0.0003	EPB41L4B	ENSG00000095203
13877.0	0.0003	CRYGA	ENSG00000168582
13877.0	0.0003	CD37	ENSG00000104894
13877.0	0.0003	LYPD6	ENSG00000187123
13877.0	0.0003	ENOPH1	ENSG00000145293
13877.0	0.0003	LYNX1	ENSG00000180155
13877.0	0.0003	PITPNC1	ENSG00000154217
13877.0	0.0003	SPATA31A1	ENSG00000204849
13877.0	0.0003	EPB41L4A	ENSG00000129595
13877.0	0.0003	RAET1L	ENSG00000155918
13877.0	0.0003	LRRC40	ENSG00000066557
13877.0	0.0003	LMOD3	ENSG00000163380
13877.0	0.0003	URB2	ENSG00000135763
13877.0	0.0003	MAGEA2	ENSG00000184750
13877.0	0.0003	MAGEA2B	ENSG00000183305
13877.0	0.0003	CCDC144NL	ENSG00000205212
13877.0	0.0003	CDRT15L2	ENSG00000214819
13877.0	0.0003	LINC02693	ENSG00000212719
13877.0	0.0003	MTRNR2L1	ENSG00000256618
13877.0	0.0003	ANKFN1	ENSG00000153930
13877.0	0.0003	VASH1	ENSG00000071246
13877.0	0.0003	TRIM64B	ENSG00000189253
13877.0	0.0003	TMEM254	ENSG00000133678
13877.0	0.0003	ZNF300	ENSG00000145908
13877.0	0.0003	MYADM	ENSG00000179820
13877.0	0.0003	SLC18B1	ENSG00000146409
13877.0	0.0003	SLC18A1	ENSG00000036565
13877.0	0.0003	ADM5	ENSG00000224420
13877.0	0.0003	KLK13	ENSG00000167759
13877.0	0.0003	RNF38	ENSG00000137075
13877.0	0.0003	ZNF205	ENSG00000122386
13877.0	0.0003	ZNF683	ENSG00000176083
13877.0	0.0003	NLRP13	ENSG00000173572
13877.0	0.0003	NLRP14	ENSG00000158077
13877.0	0.0003	NLRP8	ENSG00000179709
13877.0	0.0003	NLRP9	ENSG00000185792
13877.0	0.0003	ATP8B3	ENSG00000130270
13877.0	0.0003	GFOD1	ENSG00000145990
13877.0	0.0003	GFOD2	ENSG00000141098
13877.0	0.0003	DNAI7	ENSG00000118307
13877.0	0.0003	LEPROT	ENSG00000213625
13877.0	0.0003	ATP11B	ENSG00000058063
13877.0	0.0003	UPK1A	ENSG00000105668
13877.0	0.0003	TIPARP	ENSG00000163659
13877.0	0.0003	CST2	ENSG00000170369
13877.0	0.0003	FPGT-TNNI3K	ENSG00000259030
13877.0	0.0003	TNNI3K	ENSG00000116783
13877.0	0.0003	TMBIM4	ENSG00000155957
13877.0	0.0003	CST1	ENSG00000170373
13877.0	0.0003	DPPA5	ENSG00000203909
13877.0	0.0003	SH3TC1	ENSG00000125089
13877.0	0.0003	ALPK2	ENSG00000198796
13877.0	0.0003	RCCD1	ENSG00000166965
13877.0	0.0003	ZSCAN22	ENSG00000182318
13877.0	0.0003	TMEM223	ENSG00000168569
13877.0	0.0003	CD101	ENSG00000134256
13877.0	0.0003	GPR34	ENSG00000171659
13877.0	0.0003	GPR82	ENSG00000171657
13877.0	0.0003	KRTAP5-1	ENSG00000205869
13877.0	0.0003	FSCB	ENSG00000189139
13877.0	0.0003	C22orf42	ENSG00000205856
13877.0	0.0003	RNASE8	ENSG00000173431
13877.0	0.0003	KRTAP9-1	ENSG00000240542
13877.0	0.0003	POTEH	ENSG00000198062
13877.0	0.0003	VPREB3	ENSG00000128218
13877.0	0.0003	CCDC54	ENSG00000138483
13877.0	0.0003	TECTA	ENSG00000109927
13877.0	0.0003	CNTD1	ENSG00000176563
13877.0	0.0003	MSANTD4	ENSG00000170903
13877.0	0.0003	XKR3	ENSG00000172967
13877.0	0.0003	XKRX	ENSG00000182489
13877.0	0.0003	MS4A3	ENSG00000149516
13877.0	0.0003	SLC22A25	ENSG00000196600
13877.0	0.0003	KLRF2	ENSG00000256797
13877.0	0.0003	RTL10	ENSG00000215012
13877.0	0.0003	DEFB104A	ENSG00000176782
13877.0	0.0003	MS4A7	ENSG00000166927
13877.0	0.0003	GPR26	ENSG00000154478
13877.0	0.0003	SPINK13	ENSG00000214510
13877.0	0.0003	SPAG11A	ENSG00000178287
13877.0	0.0003	OPN5	ENSG00000124818
13877.0	0.0003	SPINK6	ENSG00000178172
13877.0	0.0003	ETFBKMT	ENSG00000139160
13877.0	0.0003	RENBP	ENSG00000102032
13877.0	0.0003	MT1H	ENSG00000205358
13877.0	0.0003	CCDC183	ENSG00000213213
13877.0	0.0003	TPRX1	ENSG00000178928
13877.0	0.0003	GLOD5	ENSG00000171433
13877.0	0.0003	DPRX	ENSG00000204595
13877.0	0.0003	NIPSNAP3B	ENSG00000165028
13877.0	0.0003	LOXHD1	ENSG00000167210
13877.0	0.0003	DUXA	ENSG00000258873
13877.0	0.0003	SEBOX	ENSG00000109072
13877.0	0.0003	RNF207	ENSG00000158286
13877.0	0.0003	BEX4	ENSG00000102409
13877.0	0.0003	KBTBD12	ENSG00000187715
13877.0	0.0003	LMNTD1	ENSG00000152936
13877.0	0.0003	IGSF3	ENSG00000143061
13877.0	0.0003	KRTAP5-5	ENSG00000185940
13877.0	0.0003	KRTAP23-1	ENSG00000186980
13877.0	0.0003	MTRNR2L3	ENSG00000256222
13877.0	0.0003	FAM81B	ENSG00000153347
13877.0	0.0003	ARGFX	ENSG00000186103
13877.0	0.0003	PGBD1	ENSG00000137338
13877.0	0.0003	MS4A8	ENSG00000166959
13877.0	0.0003	DEFB105A	ENSG00000186562
13877.0	0.0003	DEFB126	ENSG00000125788
13877.0	0.0003	TMEM187	ENSG00000177854
13877.0	0.0003	METTL23	ENSG00000181038
13877.0	0.0003	SPINK4	ENSG00000122711
13877.0	0.0003	ETFRF1	ENSG00000205707
13877.0	0.0003	GAGE13	ENSG00000237597
13877.0	0.0003	GAGE2E	ENSG00000205775
13877.0	0.0003	PATE3	ENSG00000236027
13877.0	0.0003	DEFB132	ENSG00000186458
13877.0	0.0003	EEF1AKMT1	ENSG00000150456
13877.0	0.0003	CLPSL1	ENSG00000204140
13877.0	0.0003	SPINK14	ENSG00000196800
13877.0	0.0003	KRTAP24-1	ENSG00000188694
13877.0	0.0003	OR13A1	ENSG00000256574
13877.0	0.0003	PRR35	ENSG00000161992
13877.0	0.0003	ZNF543	ENSG00000178229
13877.0	0.0003	CIMIP2A	ENSG00000188163
13877.0	0.0003	FAM181A	ENSG00000140067
13877.0	0.0003	CNBD1	ENSG00000176571
13877.0	0.0003	KRTAP10-1	ENSG00000215455
13877.0	0.0003	TERB2	ENSG00000167014
13877.0	0.0003	ZNF200	ENSG00000010539
13877.0	0.0003	CALHM4	ENSG00000164451
13877.0	0.0003	POTEB2	ENSG00000230031
13877.0	0.0003	IGLON5	ENSG00000142549
13877.0	0.0003	LRCH2	ENSG00000130224
13877.0	0.0003	LRP5L	ENSG00000100068
13877.0	0.0003	ZNF229	ENSG00000167383
13877.0	0.0003	C1orf216	ENSG00000142686
13877.0	0.0003	PATE2	ENSG00000196844
13877.0	0.0003	KRTAP25-1	ENSG00000232263
13877.0	0.0003	KRTAP27-1	ENSG00000206107
13877.0	0.0003	THAP6	ENSG00000174796
13877.0	0.0003	KRTAP19-8	ENSG00000206102
13877.0	0.0003	KRTAP20-3	ENSG00000206104
13877.0	0.0003	PATE4	ENSG00000237353
13877.0	0.0003	DEFB125	ENSG00000178591
13877.0	0.0003	DEFB121	ENSG00000204548
13877.0	0.0003	DEFB128	ENSG00000185982
13877.0	0.0003	TOR4A	ENSG00000198113
13877.0	0.0003	DEFB129	ENSG00000125903
13877.0	0.0003	DEFB127	ENSG00000088782
13877.0	0.0003	SPATA32	ENSG00000184361
13877.0	0.0003	GOLGA6L6	ENSG00000215405
13877.0	0.0003	PRRG1	ENSG00000130962
13877.0	0.0003	KRTAP12-1	ENSG00000187175
13877.0	0.0003	KRTAP12-4	ENSG00000212933
13877.0	0.0003	KRTAP26-1	ENSG00000197683
13877.0	0.0003	LANCL3	ENSG00000147036
13877.0	0.0003	DEFB119	ENSG00000180483
13877.0	0.0003	TEX55	ENSG00000163424
13877.0	0.0003	DEFB123	ENSG00000180424
13877.0	0.0003	DEFB118	ENSG00000131068
13877.0	0.0003	KRTAP10-5	ENSG00000241123
13877.0	0.0003	KRTAP10-9	ENSG00000221837
13877.0	0.0003	KRTAP10-10	ENSG00000221859
13877.0	0.0003	KRTAP10-7	ENSG00000205441
13877.0	0.0003	KRTAP10-8	ENSG00000187766
13877.0	0.0003	KRTAP10-4	ENSG00000215454
13877.0	0.0003	KRTAP10-12	ENSG00000189169
13877.0	0.0003	KRTAP10-2	ENSG00000205445
13877.0	0.0003	KRTAP12-3	ENSG00000205439
13877.0	0.0003	KRTAP9-8	ENSG00000187272
13877.0	0.0003	KRTAP4-6	ENSG00000198090
13877.0	0.0003	KRTAP9-4	ENSG00000241595
13877.0	0.0003	KRTAP13-3	ENSG00000240432
13877.0	0.0003	KRTAP3-1	ENSG00000212901
13877.0	0.0003	ARMH4	ENSG00000139971
13877.0	0.0003	KRTAP9-3	ENSG00000204873
13877.0	0.0003	CCDC198	ENSG00000100557
13877.0	0.0003	HNRNPC	ENSG00000092199
13877.0	0.0003	TMEM165	ENSG00000134851
13877.0	0.0003	MOCS1	ENSG00000124615
13877.0	0.0003	C1R	ENSG00000159403
13877.0	0.0003	C1S	ENSG00000182326
13877.0	0.0003	HACE1	ENSG00000085382
13877.0	0.0003	HDAC7	ENSG00000061273
13877.0	0.0003	ITCH	ENSG00000078747
13877.0	0.0003	ATP6AP2	ENSG00000182220
13877.0	0.0003	DENND5A	ENSG00000184014
13877.0	0.0003	COLEC10	ENSG00000184374
13877.0	0.0003	COLEC11	ENSG00000118004
13877.0	0.0003	LMCD1	ENSG00000071282
13877.0	0.0003	SHC1	ENSG00000160691
13877.0	0.0003	PHF8	ENSG00000172943
13877.0	0.0003	FOS	ENSG00000170345
13877.0	0.0003	APAF1	ENSG00000120868
13877.0	0.0003	ACHE	ENSG00000087085
13877.0	0.0003	PET100	ENSG00000229833
13877.0	0.0003	COLQ	ENSG00000206561
13877.0	0.0003	SBF2	ENSG00000133812
13877.0	0.0003	PCLO	ENSG00000186472
13877.0	0.0003	AIFM1	ENSG00000156709
13877.0	0.0003	NPNT	ENSG00000168743
13877.0	0.0003	RTEL1	ENSG00000258366
13877.0	0.0003	GZF1	ENSG00000125812
13877.0	0.0003	ARMC9	ENSG00000135931
13877.0	0.0003	CEP41	ENSG00000106477
13877.0	0.0003	KATNIP	ENSG00000047578
13877.0	0.0003	TMEM218	ENSG00000150433
13877.0	0.0003	TEFM	ENSG00000172171
13877.0	0.0003	DHX16	ENSG00000204560
13877.0	0.0003	PIDD1	ENSG00000177595
13877.0	0.0003	TRPV4	ENSG00000111199
13877.0	0.0003	STAT3	ENSG00000168610
13877.0	0.0003	PPP2R3C	ENSG00000092020
13877.0	0.0003	FIGN	ENSG00000182263
13877.0	0.0003	EDNRB	ENSG00000136160
13877.0	0.0003	PTCHD1	ENSG00000165186
14032.0	0.0002	SEPTIN9	ENSG00000184640
14032.0	0.0002	VPS11	ENSG00000160695
14032.0	0.0002	FHOD3	ENSG00000134775
14032.0	0.0002	TP53	ENSG00000141510
14032.0	0.0002	PRKDC	ENSG00000253729
14032.0	0.0002	LDB3	ENSG00000122367
14032.0	0.0002	MAMLD1	ENSG00000013619
14032.0	0.0002	COX16	ENSG00000133983
14032.0	0.0002	KIF5C	ENSG00000168280
14032.0	0.0002	FAM20A	ENSG00000108950
14032.0	0.0002	OBSCN	ENSG00000154358
14032.0	0.0002	INTS6L	ENSG00000165359
14032.0	0.0002	ALDH4A1	ENSG00000159423
14032.0	0.0002	FERRY3	ENSG00000047621
14032.0	0.0002	PRODH	ENSG00000100033
14032.0	0.0002	KCNJ13	ENSG00000115474
14032.0	0.0002	LGI3	ENSG00000168481
14032.0	0.0002	ABHD3	ENSG00000158201
14032.0	0.0002	BRWD3	ENSG00000165288
14032.0	0.0002	CCDC160	ENSG00000203952
14032.0	0.0002	ROGDI	ENSG00000067836
14032.0	0.0002	CYB5R3	ENSG00000100243
14032.0	0.0002	ASPRV1	ENSG00000244617
14032.0	0.0002	AGT	ENSG00000135744
14032.0	0.0002	ENTPD1	ENSG00000138185
14032.0	0.0002	SLC4A10	ENSG00000144290
14032.0	0.0002	VAV2	ENSG00000160293
14032.0	0.0002	NTRK1	ENSG00000198400
14032.0	0.0002	TRABD2B	ENSG00000269113
14032.0	0.0002	SOD2	ENSG00000112096
14032.0	0.0002	EPRS1	ENSG00000136628
14032.0	0.0002	BCL9	ENSG00000116128
14032.0	0.0002	UBN2	ENSG00000157741
14032.0	0.0002	KCTD7	ENSG00000243335
14032.0	0.0002	SPIDR	ENSG00000164808
14032.0	0.0002	PLPBP	ENSG00000147471
14032.0	0.0002	SERAC1	ENSG00000122335
14032.0	0.0002	AGTPBP1	ENSG00000135049
14032.0	0.0002	RRP7A	ENSG00000189306
14032.0	0.0002	TSPEAR	ENSG00000175894
14032.0	0.0002	SPNS2	ENSG00000183018
14032.0	0.0002	MSGN1	ENSG00000151379
14032.0	0.0002	SOX5	ENSG00000134532
14032.0	0.0002	NPM1	ENSG00000181163
14032.0	0.0002	HMGXB3	ENSG00000113716
14032.0	0.0002	SOX7	ENSG00000171056
14032.0	0.0002	ARHGEF7	ENSG00000102606
14032.0	0.0002	BTBD8	ENSG00000189195
14032.0	0.0002	DEFB131A	ENSG00000186146
14032.0	0.0002	DDR1	ENSG00000204580
14032.0	0.0002	PCDH12	ENSG00000113555
14032.0	0.0002	ARHGEF38	ENSG00000236699
14032.0	0.0002	COBLL1	ENSG00000082438
14032.0	0.0002	RIC1	ENSG00000107036
14032.0	0.0002	ZBTB11	ENSG00000066422
14032.0	0.0002	APH1A	ENSG00000117362
14032.0	0.0002	TM4SF20	ENSG00000168955
14032.0	0.0002	CACHD1	ENSG00000158966
14032.0	0.0002	EDA	ENSG00000158813
14032.0	0.0002	ZC3H11B	ENSG00000215817
14032.0	0.0002	KIF20B	ENSG00000138182
14032.0	0.0002	CEMIP2	ENSG00000135048
14032.0	0.0002	COL6A2	ENSG00000142173
14032.0	0.0002	HILPDA	ENSG00000135245
14032.0	0.0002	POPDC2	ENSG00000121577
14032.0	0.0002	TGFA	ENSG00000163235
14032.0	0.0002	NDRG4	ENSG00000103034
14032.0	0.0002	SRC	ENSG00000197122
14032.0	0.0002	MCM10	ENSG00000065328
14032.0	0.0002	PHF21B	ENSG00000056487
14032.0	0.0002	CCND1	ENSG00000110092
14032.0	0.0002	FAM111A	ENSG00000166801
14032.0	0.0002	SNX27	ENSG00000143376
14032.0	0.0002	HIKESHI	ENSG00000149196
14032.0	0.0002	CLN3	ENSG00000188603
14032.0	0.0002	TRANK1	ENSG00000168016
14032.0	0.0002	FKBP14	ENSG00000106080
14032.0	0.0002	NPR2	ENSG00000159899
14032.0	0.0002	LHFPL2	ENSG00000145685
14032.0	0.0002	MAPK14	ENSG00000112062
14032.0	0.0002	PRSS56	ENSG00000237412
14032.0	0.0002	FBXW12	ENSG00000164049
14032.0	0.0002	TLCD3B	ENSG00000149926
14032.0	0.0002	WDR27	ENSG00000184465
14032.0	0.0002	FITM2	ENSG00000197296
14032.0	0.0002	GSDMD	ENSG00000104518
14032.0	0.0002	COA8	ENSG00000256053
14032.0	0.0002	CRIPTO3	ENSG00000225366
14032.0	0.0002	GREB1L	ENSG00000141449
14032.0	0.0002	NEXN	ENSG00000162614
14032.0	0.0002	ANKMY2	ENSG00000106524
14032.0	0.0002	SNX3	ENSG00000112335
14032.0	0.0002	SPZ1	ENSG00000164299
14032.0	0.0002	SUPT6H	ENSG00000109111
14032.0	0.0002	PLAT	ENSG00000104368
14032.0	0.0002	SERPINC1	ENSG00000117601
14032.0	0.0002	UQCC3	ENSG00000204922
14032.0	0.0002	MEF2A	ENSG00000068305
14032.0	0.0002	ADAMTS17	ENSG00000140470
14032.0	0.0002	TMEM145	ENSG00000167619
14032.0	0.0002	KIF6	ENSG00000164627
14032.0	0.0002	HEPHL1	ENSG00000181333
14032.0	0.0002	SIGMAR1	ENSG00000147955
14032.0	0.0002	SPG11	ENSG00000104133
14032.0	0.0002	ZNF234	ENSG00000263002
14032.0	0.0002	ZNF254	ENSG00000213096
14032.0	0.0002	ZNF28	ENSG00000198538
14032.0	0.0002	ZNF432	ENSG00000256087
14032.0	0.0002	ZNF493	ENSG00000196268
14032.0	0.0002	ZNF595	ENSG00000197701
14032.0	0.0002	ZNF615	ENSG00000197619
14032.0	0.0002	ZNF726	ENSG00000213967
14032.0	0.0002	ZNF728	ENSG00000269067
14032.0	0.0002	ZNF732	ENSG00000186777
14032.0	0.0002	ZNF93	ENSG00000184635
14032.0	0.0002	RHOA	ENSG00000067560
14032.0	0.0002	MTO1	ENSG00000135297
14032.0	0.0002	TG	ENSG00000042832
14032.0	0.0002	FLVCR1	ENSG00000162769
14032.0	0.0002	JPH3	ENSG00000154118
14032.0	0.0002	APP	ENSG00000142192
14032.0	0.0002	LAMA4	ENSG00000112769
14032.0	0.0002	HYAL1	ENSG00000114378
14032.0	0.0002	ACBD5	ENSG00000107897
14032.0	0.0002	VAV3	ENSG00000134215
14032.0	0.0002	CHCHD10	ENSG00000250479
14032.0	0.0002	MIB1	ENSG00000101752
14032.0	0.0002	ASCC2	ENSG00000100325
14032.0	0.0002	HDAC1	ENSG00000116478
14032.0	0.0002	RAB5IF	ENSG00000101084
14032.0	0.0002	COL4A3	ENSG00000169031
14032.0	0.0002	TMEM225	ENSG00000204300
14032.0	0.0002	PPA2	ENSG00000138777
14032.0	0.0002	GCOM1	ENSG00000137878
14032.0	0.0002	MYZAP	ENSG00000263155
14032.0	0.0002	POLR2M	ENSG00000255529
14032.0	0.0002	TMEM88	ENSG00000167874
14032.0	0.0002	CFAP54	ENSG00000188596
14032.0	0.0002	TMEM132A	ENSG00000006118
14032.0	0.0002	UBB	ENSG00000170315
14032.0	0.0002	FCGR2C	ENSG00000244682
14032.0	0.0002	VSX1	ENSG00000100987
14032.0	0.0002	ISYNA1	ENSG00000105655
14032.0	0.0002	MDM2	ENSG00000135679
14032.0	0.0002	EPM2A	ENSG00000112425
14032.0	0.0002	FAM53A	ENSG00000174137
14032.0	0.0002	TMEM240	ENSG00000205090
14032.0	0.0002	TARDBP	ENSG00000120948
14032.0	0.0002	MEX3A	ENSG00000254726
14032.0	0.0002	LTN1	ENSG00000198862
14032.0	0.0002	FGF2	ENSG00000138685
14032.0	0.0002	DYSF	ENSG00000135636
14032.0	0.0002	SLC24A3	ENSG00000185052
14032.0	0.0002	FAM83D	ENSG00000101447
14032.0	0.0002	ARID5B	ENSG00000150347
14752.0	0.0001	SHROOM4	ENSG00000158352
14752.0	0.0001	RPSA	ENSG00000168028
14752.0	0.0001	RPSA2	ENSG00000205246
14752.0	0.0001	PROSER2	ENSG00000148426
14752.0	0.0001	GAS2L3	ENSG00000139354
14752.0	0.0001	CSNK2B	ENSG00000204435
14752.0	0.0001	POC1B	ENSG00000139323
14752.0	0.0001	VPS50	ENSG00000004766
14752.0	0.0001	LINGO1	ENSG00000169783
14752.0	0.0001	SUN1	ENSG00000164828
14752.0	0.0001	BAIAP2L2	ENSG00000128298
14752.0	0.0001	NR4A3	ENSG00000119508
14752.0	0.0001	SSBP2	ENSG00000145687
14752.0	0.0001	TOP2A	ENSG00000131747
14752.0	0.0001	HLA-DQA1	ENSG00000196735
14752.0	0.0001	SCUBE1	ENSG00000159307
14752.0	0.0001	CACNA1I	ENSG00000100346
14752.0	0.0001	RNF10	ENSG00000022840
14752.0	0.0001	CMAHP	ENSG00000168405
14752.0	0.0001	C19orf12	ENSG00000131943
14752.0	0.0001	DNAJC13	ENSG00000138246
14752.0	0.0001	VPS35	ENSG00000069329
14752.0	0.0001	ALKAL2	ENSG00000189292
14752.0	0.0001	IGHM	ENSG00000211899
14752.0	0.0001	SLC39A7	ENSG00000112473
14752.0	0.0001	SPATA46	ENSG00000171722
14752.0	0.0001	ZNF385C	ENSG00000187595
14752.0	0.0001	QKI	ENSG00000112531
14752.0	0.0001	P3H1	ENSG00000117385
14752.0	0.0001	FAM53B	ENSG00000189319
14752.0	0.0001	FOLH1	ENSG00000086205
14752.0	0.0001	ZFP57	ENSG00000204644
14752.0	0.0001	EMILIN3	ENSG00000183798
14752.0	0.0001	ASPHD1	ENSG00000174939
14752.0	0.0001	ACSF3	ENSG00000176715
14752.0	0.0001	BBX	ENSG00000114439
14752.0	0.0001	KRTAP8-1	ENSG00000183640
14752.0	0.0001	TMEM100	ENSG00000166292
14752.0	0.0001	CPXM2	ENSG00000121898
14752.0	0.0001	LBX2	ENSG00000179528
14752.0	0.0001	CCN6	ENSG00000112761
14752.0	0.0001	CASP8	ENSG00000064012
14752.0	0.0001	USP41P	ENSG00000161133
14752.0	0.0001	SAMD1	ENSG00000141858
14752.0	0.0001	FBXO36	ENSG00000153832
14752.0	0.0001	ASB16	ENSG00000161664
14752.0	0.0001	FOXO3B	ENSG00000240445
14752.0	0.0001	GDNF	ENSG00000168621
14752.0	0.0001	MBP	ENSG00000197971
14752.0	0.0001	FAM120A	ENSG00000048828
14752.0	0.0001	USP48	ENSG00000090686
14752.0	0.0001	RBM11	ENSG00000185272
14752.0	0.0001	TLE4	ENSG00000106829
14752.0	0.0001	ILDR1	ENSG00000145103
14752.0	0.0001	C3orf70	ENSG00000187068
14752.0	0.0001	DDX11L8	ENSG00000256263
14752.0	0.0001	DDX12P	ENSG00000214826
14752.0	0.0001	HCN3	ENSG00000143630
14752.0	0.0001	NF2	ENSG00000186575
14752.0	0.0001	PCYOX1L	ENSG00000145882
14752.0	0.0001	SAMD9L	ENSG00000177409
14752.0	0.0001	PLA2G4B	ENSG00000243708
14752.0	0.0001	BMAL1	ENSG00000133794
14752.0	0.0001	AGPAT1	ENSG00000204310
14752.0	0.0001	ADTRP	ENSG00000111863
14752.0	0.0001	PRXL2A	ENSG00000122378
14752.0	0.0001	RP11-244H3.4	ENSG00000271741
14752.0	0.0001	ZMYM6	ENSG00000163867
14752.0	0.0001	LAPTM4A	ENSG00000068697
14752.0	0.0001	IPO9	ENSG00000198700
14752.0	0.0001	PGAP4	ENSG00000165152
14752.0	0.0001	GRK3	ENSG00000100077
14752.0	0.0001	ZBTB42	ENSG00000179627
14752.0	0.0001	NISCH	ENSG00000010322
14752.0	0.0001	ASNSD1	ENSG00000138381
14752.0	0.0001	ZNF236	ENSG00000130856
14752.0	0.0001	ZFYVE26	ENSG00000072121
14752.0	0.0001	ZDHHC5	ENSG00000156599
14752.0	0.0001	CD44	ENSG00000026508
14752.0	0.0001	RNF213	ENSG00000173821
14752.0	0.0001	CCM2L	ENSG00000101331
14752.0	0.0001	GNL1	ENSG00000204590
14752.0	0.0001	TNNI1	ENSG00000159173
14752.0	0.0001	MFSD12	ENSG00000161091
14752.0	0.0001	DPP8	ENSG00000074603
14752.0	0.0001	PRSS23	ENSG00000150687
14752.0	0.0001	FTL	ENSG00000087086
14752.0	0.0001	SLMAP	ENSG00000163681
14752.0	0.0001	SETD3	ENSG00000183576
14752.0	0.0001	PGC	ENSG00000096088
14752.0	0.0001	LHFPL6	ENSG00000183722
14752.0	0.0001	SFMBT2	ENSG00000198879
14752.0	0.0001	XIRP1	ENSG00000168334
14752.0	0.0001	ZFAT	ENSG00000066827
14752.0	0.0001	TMUB2	ENSG00000168591
14752.0	0.0001	ANO10	ENSG00000160746
14752.0	0.0001	C19orf67	ENSG00000188032
14752.0	0.0001	FGD5	ENSG00000154783
14752.0	0.0001	LPPR4	ENSG00000117600
14752.0	0.0001	ACTN3	ENSG00000248746
14752.0	0.0001	CRELD2	ENSG00000184164
14752.0	0.0001	RALGAPA1	ENSG00000174373
14752.0	0.0001	KLHDC7B	ENSG00000130487
14752.0	0.0001	SOX21	ENSG00000125285
14752.0	0.0001	NOTO	ENSG00000214513
14752.0	0.0001	MLST8	ENSG00000167965
14752.0	0.0001	GULOP	ENSG00000234770
14752.0	0.0001	ZNF414	ENSG00000133250
14752.0	0.0001	KLHL40	ENSG00000157119
14752.0	0.0001	HECTD3	ENSG00000126107
14752.0	0.0001	IQCJ-SCHIP1	ENSG00000250588
14752.0	0.0001	SCHIP1	ENSG00000151967
14752.0	0.0001	PHRF1	ENSG00000070047
14752.0	0.0001	NEMF	ENSG00000165525
14752.0	0.0001	LINC01590	ENSG00000203871
14752.0	0.0001	SMIM8	ENSG00000111850
14752.0	0.0001	LETMD1	ENSG00000050426
14752.0	0.0001	C5orf34	ENSG00000172244
14752.0	0.0001	PTP4A2	ENSG00000184007
14752.0	0.0001	CST6	ENSG00000175315
14752.0	0.0001	ADAMTSL4-AS1	ENSG00000203804
14752.0	0.0001	SOWAHA	ENSG00000198944
14752.0	0.0001	TTC28	ENSG00000100154
14752.0	0.0001	ELP2	ENSG00000134759
14752.0	0.0001	FMC1	ENSG00000164898
14752.0	0.0001	FMC1-LUC7L2	ENSG00000146963
14752.0	0.0001	KDF1	ENSG00000175707
14752.0	0.0001	FAM227B	ENSG00000166262
14752.0	0.0001	FSD2	ENSG00000186628
14752.0	0.0001	MUC5B	ENSG00000117983
14752.0	0.0001	SFTPA2	ENSG00000185303
14752.0	0.0001	PKIG	ENSG00000168734
14752.0	0.0001	PPIA	ENSG00000196262
14752.0	0.0001	DLG5	ENSG00000151208
14752.0	0.0001	TMPRSS6	ENSG00000187045
14752.0	0.0001	POU2AF3	ENSG00000214290
14752.0	0.0001	GRAMD1B	ENSG00000023171
14752.0	0.0001	SPINK5	ENSG00000133710
14752.0	0.0001	AFDN	ENSG00000130396
14752.0	0.0001	ADRB2	ENSG00000169252
14752.0	0.0001	TSPAN13	ENSG00000106537
14752.0	0.0001	SLK	ENSG00000065613
14752.0	0.0001	LYSET	ENSG00000153485
14752.0	0.0001	KRTAP17-1	ENSG00000186860
14752.0	0.0001	BCORP1	ENSG00000215580
14752.0	0.0001	CAND1	ENSG00000111530
14752.0	0.0001	ABHD17C	ENSG00000136379
14752.0	0.0001	ZFP14	ENSG00000142065
14752.0	0.0001	MLIP	ENSG00000146147
14752.0	0.0001	FNDC3A	ENSG00000102531
14752.0	0.0001	NUMB	ENSG00000133961
14752.0	0.0001	RTL5	ENSG00000242732
14752.0	0.0001	TMEM161B	ENSG00000164180
14752.0	0.0001	NEUROD1	ENSG00000162992
14752.0	0.0001	PTPA	ENSG00000119383
14752.0	0.0001	MPZL3	ENSG00000160588
14752.0	0.0001	RTN4	ENSG00000115310
14752.0	0.0001	RAD17	ENSG00000152942
14752.0	0.0001	PPP1R35	ENSG00000160813
14752.0	0.0001	SKOR2	ENSG00000215474
14752.0	0.0001	PPP1R9B	ENSG00000108819
14752.0	0.0001	PSD2	ENSG00000146005
14752.0	0.0001	FBXW5	ENSG00000159069
14752.0	0.0001	CARMIL2	ENSG00000159753
14752.0	0.0001	APOL2	ENSG00000128335
14752.0	0.0001	APOL3	ENSG00000128284
14752.0	0.0001	FAM221A	ENSG00000188732
14752.0	0.0001	ZC2HC1C	ENSG00000119703
14752.0	0.0001	PCDHB4	ENSG00000081818
14752.0	0.0001	COMMD3-BMI1	ENSG00000269897
14752.0	0.0001	FLRT2	ENSG00000185070
14752.0	0.0001	G2E3	ENSG00000092140
14752.0	0.0001	TECTB	ENSG00000119913
14752.0	0.0001	ERMP1	ENSG00000099219
14752.0	0.0001	BRINP3	ENSG00000162670
14752.0	0.0001	LRP12	ENSG00000147650
14752.0	0.0001	DYNLT2B	ENSG00000213123
14752.0	0.0001	JHY	ENSG00000109944
14752.0	0.0001	MIGA2	ENSG00000148343
14752.0	0.0001	RMND1	ENSG00000155906
14752.0	0.0001	XPO5	ENSG00000124571
14752.0	0.0001	MDH2	ENSG00000146701
14752.0	0.0001	RNF223	ENSG00000237330
14752.0	0.0001	ELFN1	ENSG00000225968
14752.0	0.0001	PLEC	ENSG00000178209
14752.0	0.0001	FAM161A	ENSG00000170264
14752.0	0.0001	CFAP276	ENSG00000179902
14752.0	0.0001	ADGRF1	ENSG00000153292
14752.0	0.0001	TMEM108	ENSG00000144868
14752.0	0.0001	HFE	ENSG00000010704
14752.0	0.0001	ZNF233	ENSG00000159915
14752.0	0.0001	ZNF235	ENSG00000159917
14752.0	0.0001	GIN1	ENSG00000145723
14752.0	0.0001	OTUD7A	ENSG00000169918
14752.0	0.0001	RUNDC1	ENSG00000198863
14752.0	0.0001	LPPR5	ENSG00000117598
14752.0	0.0001	SLC44A2	ENSG00000129353
14752.0	0.0001	EPPIN	ENSG00000101448
14752.0	0.0001	ODAPH	ENSG00000174792
14752.0	0.0001	TMEM63C	ENSG00000165548
14752.0	0.0001	ELOVL5	ENSG00000012660
14752.0	0.0001	NKAPD1	ENSG00000150776
14752.0	0.0001	MORF4L1	ENSG00000185787
14752.0	0.0001	TRPC2	ENSG00000182048
14752.0	0.0001	TMEM184B	ENSG00000198792
14752.0	0.0001	PRSS35	ENSG00000146250
14752.0	0.0001	HMBS	ENSG00000256269
14752.0	0.0001	PHLDB1	ENSG00000019144
14752.0	0.0001	PPM1K	ENSG00000163644
14752.0	0.0001	ELK3	ENSG00000111145
14752.0	0.0001	CTLA4	ENSG00000163599
14752.0	0.0001	HLA-DPA1	ENSG00000231389
14752.0	0.0001	PRTN3	ENSG00000196415
14752.0	0.0001	RETREG2	ENSG00000144567
14752.0	0.0001	HGF	ENSG00000019991
14752.0	0.0001	TMTC4	ENSG00000125247
14752.0	0.0001	RUNX1	ENSG00000159216
14752.0	0.0001	B4GALT1	ENSG00000086062
14752.0	0.0001	TMEM87B	ENSG00000153214
14752.0	0.0001	PRAMEF1	ENSG00000116721
14752.0	0.0001	PRAMEF10	ENSG00000187545
14752.0	0.0001	PRAMEF11	ENSG00000204513
14752.0	0.0001	PRAMEF12	ENSG00000116726
14752.0	0.0001	PRAMEF13	ENSG00000204495
14752.0	0.0001	PRAMEF14	ENSG00000204481
14752.0	0.0001	PRAMEF15	ENSG00000157358
14752.0	0.0001	PRAMEF17	ENSG00000204479
14752.0	0.0001	PRAMEF18	ENSG00000204491
14752.0	0.0001	PRAMEF19	ENSG00000204480
14752.0	0.0001	PRAMEF2	ENSG00000120952
14752.0	0.0001	PRAMEF20	ENSG00000204478
14752.0	0.0001	PRAMEF25	ENSG00000204505
14752.0	0.0001	PRAMEF26	ENSG00000229571
14752.0	0.0001	PRAMEF4	ENSG00000243073
14752.0	0.0001	PRAMEF5	ENSG00000204502
14752.0	0.0001	PRAMEF6	ENSG00000232423
14752.0	0.0001	PRAMEF7	ENSG00000204510
14752.0	0.0001	PRAMEF8	ENSG00000182330
14752.0	0.0001	PRAMEF9	ENSG00000204501
14752.0	0.0001	NSMF	ENSG00000165802
14752.0	0.0001	CIB3	ENSG00000141977
14752.0	0.0001	FNDC3B	ENSG00000075420
14752.0	0.0001	EIF2AK4	ENSG00000128829
14752.0	0.0001	DAB1	ENSG00000173406
14752.0	0.0001	MTAP	ENSG00000099810
14752.0	0.0001	NIBAN1	ENSG00000135842
14752.0	0.0001	PPP2R2B	ENSG00000156475
14752.0	0.0001	INSYN1	ENSG00000205363
14752.0	0.0001	TNFAIP8L1	ENSG00000185361
14752.0	0.0001	CENATAC	ENSG00000186166
14752.0	0.0001	FCRL6	ENSG00000181036
14752.0	0.0001	ARL5C	ENSG00000141748
14752.0	0.0001	KLHL31	ENSG00000124743
14752.0	0.0001	IAH1	ENSG00000134330
14752.0	0.0001	SLC27A3	ENSG00000143554
14752.0	0.0001	BRWD1	ENSG00000185658
14752.0	0.0001	NAV1	ENSG00000134369
14752.0	0.0001	ADGRG7	ENSG00000144820
14752.0	0.0001	AMACR	ENSG00000242110
14752.0	0.0001	KIF16B	ENSG00000089177
14752.0	0.0001	GDF2	ENSG00000128802
14752.0	0.0001	CYB5D1	ENSG00000182224
14752.0	0.0001	STMP1	ENSG00000243317
14752.0	0.0001	ELMOD3	ENSG00000115459
14752.0	0.0001	CTSC	ENSG00000109861
14752.0	0.0001	ZNHIT6	ENSG00000117174
14752.0	0.0001	SSUH2	ENSG00000125046
14752.0	0.0001	GPR42	ENSG00000126251
14752.0	0.0001	ZNF787	ENSG00000142409
14752.0	0.0001	MEIS3P1	ENSG00000179277
14752.0	0.0001	MEIS3P2	ENSG00000188013
14752.0	0.0001	CCDC28A	ENSG00000024862
14752.0	0.0001	MCTP1	ENSG00000175471
14752.0	0.0001	NCAPH2	ENSG00000025770
14752.0	0.0001	SLC35B4	ENSG00000205060
14752.0	0.0001	CYBC1	ENSG00000178927
14752.0	0.0001	SOD1	ENSG00000142168
14752.0	0.0001	SNX29	ENSG00000048471
14752.0	0.0001	SNX29P1	ENSG00000158482
14752.0	0.0001	TMEM62	ENSG00000137842
14752.0	0.0001	PYY3	ENSG00000181977
14752.0	0.0001	DPH3P1	ENSG00000233838
14752.0	0.0001	RNF208	ENSG00000212864
14752.0	0.0001	JAGN1	ENSG00000171135
14752.0	0.0001	IER5L	ENSG00000188483
14752.0	0.0001	ACAD11	ENSG00000240303
14752.0	0.0001	PAOX	ENSG00000148832
14752.0	0.0001	ZDHHC7	ENSG00000153786
14752.0	0.0001	PRSS55	ENSG00000184647
14752.0	0.0001	CCDC154	ENSG00000197599
14752.0	0.0001	OPLAH	ENSG00000178814
14752.0	0.0001	SIRT6	ENSG00000077463
14752.0	0.0001	FSCN2	ENSG00000186765
14752.0	0.0001	DCBLD2	ENSG00000057019
14752.0	0.0001	WIZ	ENSG00000011451
14752.0	0.0001	GGT2P	ENSG00000133475
14752.0	0.0001	GGT3P	ENSG00000197421
14752.0	0.0001	GGTLC3	ENSG00000183038
14752.0	0.0001	TMEM248	ENSG00000106609
14752.0	0.0001	CFAP70	ENSG00000156042
14752.0	0.0001	IQCA1	ENSG00000132321
14752.0	0.0001	TENM4	ENSG00000149256
14752.0	0.0001	GSG1L	ENSG00000169181
14752.0	0.0001	PIANP	ENSG00000139200
14752.0	0.0001	PHF20	ENSG00000025293
14752.0	0.0001	TRIOBP	ENSG00000100106
14752.0	0.0001	ITPRID2	ENSG00000138434
14752.0	0.0001	NDNF	ENSG00000173376
14752.0	0.0001	EFHB	ENSG00000163576
14752.0	0.0001	MAGEE2	ENSG00000186675
14752.0	0.0001	SPATA22	ENSG00000141255
14752.0	0.0001	VIM	ENSG00000026025
14752.0	0.0001	LRRC25	ENSG00000175489
14752.0	0.0001	CADM4	ENSG00000105767
14752.0	0.0001	BOD1	ENSG00000145919
14752.0	0.0001	BOD1L2	ENSG00000228075
14752.0	0.0001	ARHGAP5	ENSG00000100852
14752.0	0.0001	CSRNP1	ENSG00000144655
14752.0	0.0001	CATIP	ENSG00000158428
14752.0	0.0001	AGAP10	ENSG00000204172
14752.0	0.0001	AGAP9	ENSG00000198035
14752.0	0.0001	SHLD1	ENSG00000171984
14752.0	0.0001	TMEM131	ENSG00000075568
14752.0	0.0001	LSR	ENSG00000105699
14752.0	0.0001	VWA3B	ENSG00000168658
14752.0	0.0001	SYCN	ENSG00000179751
14752.0	0.0001	JAKMIP1	ENSG00000152969
14752.0	0.0001	FAM185A	ENSG00000222011
14752.0	0.0001	C1QTNF5	ENSG00000223953
14752.0	0.0001	HNRNPD	ENSG00000138668
14752.0	0.0001	DENND5B	ENSG00000170456
14752.0	0.0001	CATSPERZ	ENSG00000219435
14752.0	0.0001	KIF13A	ENSG00000137177
14752.0	0.0001	MTUS1	ENSG00000129422
14752.0	0.0001	PTPRQ	ENSG00000139304
14752.0	0.0001	CYS1	ENSG00000205795
14752.0	0.0001	PRSS21	ENSG00000007038
14752.0	0.0001	SS18L1	ENSG00000184402
14752.0	0.0001	SPIN4	ENSG00000186767
14752.0	0.0001	CNR1	ENSG00000118432
14752.0	0.0001	SLC45A1	ENSG00000162426
14752.0	0.0001	RNASE11	ENSG00000173464
14752.0	0.0001	PRLR	ENSG00000113494
14752.0	0.0001	CAMSAP1	ENSG00000130559
14752.0	0.0001	GRXCR2	ENSG00000204928
14752.0	0.0001	TTLL6	ENSG00000170703
14752.0	0.0001	SLC37A1	ENSG00000160190
14752.0	0.0001	C6ORF165	ENSG00000272514
14752.0	0.0001	CFAP206	ENSG00000213204
14752.0	0.0001	ZNF106	ENSG00000103994
14752.0	0.0001	LZIC	ENSG00000162441
14752.0	0.0001	MYC	ENSG00000136997
14752.0	0.0001	STRCP1	ENSG00000166763
14752.0	0.0001	CIMAP1B	ENSG00000177989
14752.0	0.0001	DENND10P1	ENSG00000221930
14752.0	0.0001	INPP5F	ENSG00000198825
14752.0	0.0001	PSD3	ENSG00000156011
14752.0	0.0001	MORC4	ENSG00000133131
14752.0	0.0001	ARHGAP17	ENSG00000140750
14752.0	0.0001	ICA1L	ENSG00000163596
14752.0	0.0001	KRT27	ENSG00000171446
14752.0	0.0001	ASTN1	ENSG00000152092
14752.0	0.0001	C16orf89	ENSG00000153446
14752.0	0.0001	MINAR2	ENSG00000186367
14752.0	0.0001	ADAMTSL3	ENSG00000156218
14752.0	0.0001	STOX2	ENSG00000173320
14752.0	0.0001	KLHL6	ENSG00000172578
14752.0	0.0001	RPAIN	ENSG00000129197
14752.0	0.0001	C11orf54	ENSG00000182919
14752.0	0.0001	LHFPL5	ENSG00000197753
14752.0	0.0001	HAPLN2	ENSG00000132702
14752.0	0.0001	IMMT	ENSG00000132305
14752.0	0.0001	PDCD7	ENSG00000090470
14752.0	0.0001	RCN3	ENSG00000142552
14752.0	0.0001	SLC38A10	ENSG00000157637
14752.0	0.0001	TMEM63B	ENSG00000137216
14752.0	0.0001	LMTK3	ENSG00000142235
14752.0	0.0001	OTOS	ENSG00000178602
14752.0	0.0001	VNN3P	ENSG00000093134
14752.0	0.0001	GPLD1	ENSG00000112293
14752.0	0.0001	ABHD11	ENSG00000106077
14752.0	0.0001	OXR1	ENSG00000164830
14752.0	0.0001	ZNF474	ENSG00000164185
14752.0	0.0001	RPL14	ENSG00000188846
14752.0	0.0001	OR9G4	ENSG00000172457
14752.0	0.0001	RASSF1	ENSG00000068028
14752.0	0.0001	ZNF395	ENSG00000186918
14752.0	0.0001	C18orf32	ENSG00000177576
14752.0	0.0001	ZC3HC1	ENSG00000091732
14752.0	0.0001	ECRG4	ENSG00000119147
14752.0	0.0001	DAPL1	ENSG00000163331
14752.0	0.0001	BTBD18	ENSG00000233436
14752.0	0.0001	PNPLA8	ENSG00000135241
14752.0	0.0001	OPTN	ENSG00000123240
14752.0	0.0001	NCAM1	ENSG00000149294
14752.0	0.0001	BCL2L15	ENSG00000188761
14752.0	0.0001	CCDC92	ENSG00000119242
14752.0	0.0001	HACD3	ENSG00000074696
14752.0	0.0001	TEKT1	ENSG00000167858
14752.0	0.0001	ANKUB1	ENSG00000206199
14752.0	0.0001	PMCHL1	ENSG00000168967
14752.0	0.0001	PMCHL2	ENSG00000169040
14752.0	0.0001	C4orf19	ENSG00000154274
14752.0	0.0001	GTPBP10	ENSG00000105793
14752.0	0.0001	ZRSR2P1	ENSG00000212643
14752.0	0.0001	PCDH9	ENSG00000184226
14752.0	0.0001	GSTZ1	ENSG00000100577
14752.0	0.0001	SEZ6	ENSG00000063015
14752.0	0.0001	TRIM66	ENSG00000166436
14752.0	0.0001	KCNAB1	ENSG00000169282
14752.0	0.0001	ALB	ENSG00000163631
14752.0	0.0001	PGLYRP4	ENSG00000163218
14752.0	0.0001	GATAD1	ENSG00000157259
14752.0	0.0001	GPRIN3	ENSG00000185477
14752.0	0.0001	ANKHD1	ENSG00000131503
14752.0	0.0001	SHTN1	ENSG00000187164
14752.0	0.0001	CLCN6	ENSG00000011021
14752.0	0.0001	MMRN2	ENSG00000173269
14752.0	0.0001	VAX2	ENSG00000116035
14752.0	0.0001	FGG	ENSG00000171557
14752.0	0.0001	TMEM51	ENSG00000171729
14752.0	0.0001	SEMA6C	ENSG00000143434
14752.0	0.0001	ZNF142	ENSG00000115568
14752.0	0.0001	MRPS18B	ENSG00000204568
14752.0	0.0001	FER1L6	ENSG00000214814
14752.0	0.0001	SUSD4	ENSG00000143502
14752.0	0.0001	ENTR1	ENSG00000165689
14752.0	0.0001	KMT2E	ENSG00000005483
14752.0	0.0001	GARIN1B	ENSG00000135248
14752.0	0.0001	LST1	ENSG00000204482
14752.0	0.0001	SPATA31F3	ENSG00000187791
14752.0	0.0001	ZBTB46	ENSG00000130584
14752.0	0.0001	PRPF3	ENSG00000117360
14752.0	0.0001	CLEC11A	ENSG00000105472
14752.0	0.0001	HOATZ	ENSG00000183644
14752.0	0.0001	PHC3	ENSG00000173889
14752.0	0.0001	PAX5	ENSG00000196092
14752.0	0.0001	RPEL1	ENSG00000235376
14752.0	0.0001	B4GALT2	ENSG00000117411
14752.0	0.0001	ELFN2	ENSG00000166897
14752.0	0.0001	MAGI2	ENSG00000187391
14752.0	0.0001	TBC1D8B	ENSG00000133138
14752.0	0.0001	RAD51D	ENSG00000185379
14752.0	0.0001	SMURF2	ENSG00000108854
14752.0	0.0001	TMEM60	ENSG00000135211
14752.0	0.0001	XK	ENSG00000047597
14752.0	0.0001	ZNF597	ENSG00000167981
14752.0	0.0001	SV2A	ENSG00000159164
14752.0	0.0001	FMO5	ENSG00000131781
14752.0	0.0001	ATP2B3	ENSG00000067842
14752.0	0.0001	TMEM87A	ENSG00000103978
14752.0	0.0001	TPRN	ENSG00000176058
14752.0	0.0001	CDSN	ENSG00000204539
14752.0	0.0001	CCDC186	ENSG00000165813
14752.0	0.0001	TEDC1	ENSG00000185347
14752.0	0.0001	SERPINI2	ENSG00000114204
14752.0	0.0001	AKAP17BP	ENSG00000214992
14752.0	0.0001	FBXL5	ENSG00000118564
14752.0	0.0001	DLK2	ENSG00000171462
14752.0	0.0001	CD164	ENSG00000135535
14752.0	0.0001	PHACTR4	ENSG00000204138
14752.0	0.0001	ZIC4	ENSG00000174963
14752.0	0.0001	TMEFF2	ENSG00000144339
14752.0	0.0001	KRT6B	ENSG00000185479
14752.0	0.0001	KRT6C	ENSG00000170465
14752.0	0.0001	HIGD1C	ENSG00000214511
14752.0	0.0001	KCTD12	ENSG00000178695
14752.0	0.0001	ARHGAP40	ENSG00000124143
14752.0	0.0001	MAPKAP1	ENSG00000119487
14752.0	0.0001	PCDHGC3	ENSG00000240184
14752.0	0.0001	LHX6	ENSG00000106852
14752.0	0.0001	MEST	ENSG00000106484
14752.0	0.0001	FOXO6	ENSG00000204060
14752.0	0.0001	IRGC	ENSG00000124449
14752.0	0.0001	DRAXIN	ENSG00000162490
14752.0	0.0001	KCNK2	ENSG00000082482
14752.0	0.0001	C2orf74	ENSG00000237651
14752.0	0.0001	CEP70	ENSG00000114107
14752.0	0.0001	HJV	ENSG00000168509
14752.0	0.0001	RFX4	ENSG00000111783
14752.0	0.0001	ANGPTL6	ENSG00000130812
14752.0	0.0001	ABHD12	ENSG00000100997
14752.0	0.0001	ERMN	ENSG00000136541
14752.0	0.0001	APTX	ENSG00000137074
14752.0	0.0001	HMCN2	ENSG00000148357
14752.0	0.0001	C1QTNF9B	ENSG00000205863
14752.0	0.0001	AKR1C1	ENSG00000187134
14752.0	0.0001	AKR1C2	ENSG00000151632
14752.0	0.0001	AKR1C3	ENSG00000196139
14752.0	0.0001	AKR1C4	ENSG00000198610
14752.0	0.0001	USP54	ENSG00000166348
14752.0	0.0001	RNF14	ENSG00000013561
14752.0	0.0001	TPGS2	ENSG00000134779
14752.0	0.0001	THNSL2	ENSG00000144115
14752.0	0.0001	TMEM132E	ENSG00000181291
14752.0	0.0001	PLAUR	ENSG00000011422
14752.0	0.0001	CEND1	ENSG00000184524
14752.0	0.0001	BAG6	ENSG00000204463
14752.0	0.0001	C1QL1	ENSG00000131094
14752.0	0.0001	ADNP2	ENSG00000101544
14752.0	0.0001	ZZEF1	ENSG00000074755
14752.0	0.0001	SRRM3	ENSG00000177679
14752.0	0.0001	SHISA7	ENSG00000187902
14752.0	0.0001	C20orf144	ENSG00000149609
14752.0	0.0001	CRISPLD2	ENSG00000103196
14752.0	0.0001	OR1E3	ENSG00000142163
14752.0	0.0001	DNER	ENSG00000187957
14752.0	0.0001	CBARP	ENSG00000099625
14752.0	0.0001	CAMSAP2	ENSG00000118200
14752.0	0.0001	GPR139	ENSG00000180269
14752.0	0.0001	SULT1A2	ENSG00000197165
14752.0	0.0001	SULT1A3	ENSG00000261052
14752.0	0.0001	BICRAL	ENSG00000112624
14752.0	0.0001	AC104809.3	ENSG00000226321
14752.0	0.0001	CCDC110	ENSG00000168491
14752.0	0.0001	FAM124A	ENSG00000150510
14752.0	0.0001	FHIP2B	ENSG00000158863
14752.0	0.0001	RNASE12	ENSG00000258436
14752.0	0.0001	ZNF354A	ENSG00000169131
14752.0	0.0001	CAPRIN2	ENSG00000110888
14752.0	0.0001	COBL	ENSG00000106078
14752.0	0.0001	ARMC5	ENSG00000140691
14752.0	0.0001	KIAA1217	ENSG00000120549
14752.0	0.0001	TRIM39	ENSG00000204599
14752.0	0.0001	TMEM256	ENSG00000205544
14752.0	0.0001	TMEM74	ENSG00000164841
14752.0	0.0001	LAMP5	ENSG00000125869
14752.0	0.0001	AGBL5	ENSG00000084693
14752.0	0.0001	CERKL	ENSG00000188452
14752.0	0.0001	IDH3B	ENSG00000101365
14752.0	0.0001	IMPG2	ENSG00000081148
14752.0	0.0001	KIAA1549	ENSG00000122778
14752.0	0.0001	PCARE	ENSG00000179270
14752.0	0.0001	PRCD	ENSG00000214140
14752.0	0.0001	PRPF31	ENSG00000105618
14752.0	0.0001	PRPF6	ENSG00000101161
14752.0	0.0001	RBP3	ENSG00000107618
14752.0	0.0001	RP1L1	ENSG00000183638
14752.0	0.0001	OAS1	ENSG00000089127
14752.0	0.0001	ASCL5	ENSG00000232237
14752.0	0.0001	NUGGC	ENSG00000189233
14752.0	0.0001	ABHD16A	ENSG00000204427
14752.0	0.0001	FITM1	ENSG00000139914
14752.0	0.0001	NETO1	ENSG00000166342
14752.0	0.0001	P2RX2	ENSG00000187848
14752.0	0.0001	PTPN20	ENSG00000183675
14752.0	0.0001	PTPN20A	ENSG00000204179
14752.0	0.0001	DZANK1	ENSG00000089091
14752.0	0.0001	RNF112	ENSG00000128482
14752.0	0.0001	PRDM12	ENSG00000130711
14752.0	0.0001	VWDE	ENSG00000146530
14752.0	0.0001	SRCIN1	ENSG00000017373
14752.0	0.0001	TM9SF4	ENSG00000101337
14752.0	0.0001	C19orf38	ENSG00000214212
14752.0	0.0001	PALD1	ENSG00000107719
14752.0	0.0001	GPR37L1	ENSG00000170075
14752.0	0.0001	MATCAP1	ENSG00000196123
14752.0	0.0001	KRT25	ENSG00000204897
14752.0	0.0001	DGKB	ENSG00000136267
14752.0	0.0001	NPY6R	ENSG00000226306
14752.0	0.0001	DCAF15	ENSG00000132017
14752.0	0.0001	TNIK	ENSG00000154310
14752.0	0.0001	ZNF416	ENSG00000083817
14752.0	0.0001	PEDS1-UBE2V1	ENSG00000124208
14752.0	0.0001	STARD7	ENSG00000084090
14752.0	0.0001	C8orf44-SGK3	ENSG00000270024
14752.0	0.0001	VSTM2A	ENSG00000170419
14752.0	0.0001	FAM219A	ENSG00000164970
14752.0	0.0001	PLEKHA5	ENSG00000052126
14752.0	0.0001	PREX1	ENSG00000124126
14752.0	0.0001	HIP1	ENSG00000127946
14752.0	0.0001	MAPK9	ENSG00000050748
14752.0	0.0001	AK9	ENSG00000155085
14752.0	0.0001	SETX	ENSG00000107290
14752.0	0.0001	ZPLD1	ENSG00000170044
14752.0	0.0001	CLCC1	ENSG00000121940
14752.0	0.0001	SCD	ENSG00000099194
14752.0	0.0001	TMEM176B	ENSG00000106565
14752.0	0.0001	GRIK1-AS2	ENSG00000183653
14752.0	0.0001	CCSAP	ENSG00000154429
14752.0	0.0001	SHISA2	ENSG00000180730
14752.0	0.0001	SLC38A8	ENSG00000166558
14752.0	0.0001	GUCA2B	ENSG00000044012
14752.0	0.0001	ID1	ENSG00000125968
14752.0	0.0001	TMCO6	ENSG00000113119
14752.0	0.0001	HSP90B2P	ENSG00000259706
14752.0	0.0001	MILR1	ENSG00000271605
14752.0	0.0001	CAMK2N1	ENSG00000162545
14752.0	0.0001	NDRG3	ENSG00000101079
14752.0	0.0001	TPPP3	ENSG00000159713
14752.0	0.0001	PARP8	ENSG00000151883
14752.0	0.0001	WDR49	ENSG00000174776
14752.0	0.0001	TPST2	ENSG00000128294
14752.0	0.0001	MINDY2	ENSG00000128923
14752.0	0.0001	PRSS33	ENSG00000103355
14752.0	0.0001	GGA1	ENSG00000100083
14752.0	0.0001	HMCES	ENSG00000183624
14752.0	0.0001	NSUN5	ENSG00000130305
14752.0	0.0001	NSUN5P1	ENSG00000223705
14752.0	0.0001	NSUN5P2	ENSG00000106133
14752.0	0.0001	PLEKHG5	ENSG00000171680
14752.0	0.0001	TGFBI	ENSG00000120708
14752.0	0.0001	FRG1	ENSG00000109536
14752.0	0.0001	HSP90AA1	ENSG00000080824
14752.0	0.0001	PCSK2	ENSG00000125851
14752.0	0.0001	TAFA4	ENSG00000163377
14752.0	0.0001	WFDC2	ENSG00000101443
14752.0	0.0001	CHCHD2P9	ENSG00000186940
14752.0	0.0001	TAFA2	ENSG00000198673
14752.0	0.0001	ARHGAP19	ENSG00000213390
14752.0	0.0001	ARMCX1	ENSG00000126947
14752.0	0.0001	CXCL17	ENSG00000189377
14752.0	0.0001	DPY19L1	ENSG00000173852
14752.0	0.0001	HIGD2A	ENSG00000146066
14752.0	0.0001	HIGD2B	ENSG00000175202
14752.0	0.0001	NHLRC3	ENSG00000188811
14752.0	0.0001	PLEKHA8P1	ENSG00000134297
14752.0	0.0001	PTCHD4	ENSG00000244694
14752.0	0.0001	SLC38A11	ENSG00000169507
14752.0	0.0001	SPRYD4	ENSG00000176422
14752.0	0.0001	UCN3	ENSG00000178473
14752.0	0.0001	PRSS1	ENSG00000204983
14752.0	0.0001	PRSS3P2	ENSG00000250606
14752.0	0.0001	SLC10A4	ENSG00000145248
14752.0	0.0001	DGCR8	ENSG00000128191
14752.0	0.0001	MPZL2	ENSG00000149573
14752.0	0.0001	JAKMIP2	ENSG00000176049
14752.0	0.0001	PCDH17	ENSG00000118946
14752.0	0.0001	FNDC9	ENSG00000172568
14752.0	0.0001	SLC44A3	ENSG00000143036
14752.0	0.0001	ANXA2P2	ENSG00000231991
14752.0	0.0001	DCDC2C	ENSG00000214866
14752.0	0.0001	PGBD5	ENSG00000177614
14752.0	0.0001	DUSP18	ENSG00000167065
14752.0	0.0001	BORCS7	ENSG00000166275
14752.0	0.0001	DNAJB6	ENSG00000105993
14752.0	0.0001	OTOGL	ENSG00000165899
14752.0	0.0001	PGLYRP2	ENSG00000161031
14752.0	0.0001	SOWAHB	ENSG00000186212
14752.0	0.0001	ARHGAP42	ENSG00000165895
14752.0	0.0001	RBM25	ENSG00000119707
14752.0	0.0001	CLSTN3	ENSG00000139182
14752.0	0.0001	HDGFRP3	ENSG00000166503
14752.0	0.0001	JCAD	ENSG00000165757
14752.0	0.0001	PNPLA7	ENSG00000130653
14752.0	0.0001	SMOC2	ENSG00000112562
14752.0	0.0001	GLCCI1	ENSG00000106415
14752.0	0.0001	PTPRT	ENSG00000196090
14752.0	0.0001	VRTN	ENSG00000133980
14752.0	0.0001	TMEM273	ENSG00000204161
14752.0	0.0001	CEACAM16	ENSG00000213892
14752.0	0.0001	NLRP6	ENSG00000174885
14752.0	0.0001	STEAP3	ENSG00000115107
14752.0	0.0001	ZFYVE27	ENSG00000155256
14752.0	0.0001	ANKRD26	ENSG00000107890
14752.0	0.0001	TMEM255B	ENSG00000184497
14752.0	0.0001	LCN2	ENSG00000148346
14752.0	0.0001	SLITRK3	ENSG00000121871
14752.0	0.0001	SASH1	ENSG00000111961
14752.0	0.0001	GPATCH3	ENSG00000198746
14752.0	0.0001	FADS1	ENSG00000149485
14752.0	0.0001	CREBRF	ENSG00000164463
14752.0	0.0001	TRAPPC2B	ENSG00000256060
14752.0	0.0001	RAB11FIP3	ENSG00000090565
14752.0	0.0001	UBR4	ENSG00000127481
14752.0	0.0001	FASTKD5	ENSG00000215251
14752.0	0.0001	CDK5RAP1	ENSG00000101391
14752.0	0.0001	C10ORF68	ENSG00000150076
14752.0	0.0001	CCDC7	ENSG00000216937
14752.0	0.0001	GIMAP5	ENSG00000196329
14752.0	0.0001	POLDIP2	ENSG00000004142
14752.0	0.0001	MAPKAPK2	ENSG00000162889
14752.0	0.0001	GPRC5B	ENSG00000167191
14752.0	0.0001	RNF166	ENSG00000158717
14752.0	0.0001	LYPLAL1	ENSG00000143353
14752.0	0.0001	ELAPOR1	ENSG00000116299
14752.0	0.0001	GJA8	ENSG00000121634
14752.0	0.0001	DYNLT5	ENSG00000152760
14752.0	0.0001	SLC12A8	ENSG00000221955
14752.0	0.0001	DBNDD2	ENSG00000244274
14752.0	0.0001	GPR161	ENSG00000143147
14752.0	0.0001	SLC11A2	ENSG00000110911
14752.0	0.0001	CCDC93	ENSG00000125633
14752.0	0.0001	CFAP20DC	ENSG00000163689
14752.0	0.0001	LY6G6D	ENSG00000244355
14752.0	0.0001	TRIM10	ENSG00000204613
14752.0	0.0001	CFAP65	ENSG00000181378
14752.0	0.0001	FAM135A	ENSG00000082269
14752.0	0.0001	C2CD2L	ENSG00000172375
14752.0	0.0001	DIS3	ENSG00000083520
14752.0	0.0001	SIRPA	ENSG00000198053
14752.0	0.0001	KCNK5	ENSG00000164626
14752.0	0.0001	EYA2	ENSG00000064655
14752.0	0.0001	PACC1	ENSG00000065600
14752.0	0.0001	KLF8	ENSG00000102349
14752.0	0.0001	LBH	ENSG00000213626
14752.0	0.0001	CLVS1	ENSG00000177182
14752.0	0.0001	STARD10	ENSG00000214530
14752.0	0.0001	RIMOC1	ENSG00000205765
14752.0	0.0001	VRK2	ENSG00000028116
14752.0	0.0001	BAX	ENSG00000087088
14752.0	0.0001	ESYT1	ENSG00000139641
14752.0	0.0001	ECSCR	ENSG00000249751
14752.0	0.0001	RNF123	ENSG00000164068
14752.0	0.0001	FZD9	ENSG00000188763
14752.0	0.0001	C9orf43	ENSG00000157653
14752.0	0.0001	PBXIP1	ENSG00000163346
14752.0	0.0001	CHMP3	ENSG00000115561
14752.0	0.0001	RNF103-CHMP3	ENSG00000249884
14752.0	0.0001	OSTF1	ENSG00000134996
14752.0	0.0001	C4B	ENSG00000224389
14752.0	0.0001	OLA1	ENSG00000138430
14752.0	0.0001	EPS8L3	ENSG00000198758
14752.0	0.0001	HDGFL1	ENSG00000112273
14752.0	0.0001	MFSD1	ENSG00000118855
14752.0	0.0001	DIPK1C	ENSG00000187773
14752.0	0.0001	SLA2	ENSG00000101082
14752.0	0.0001	APOBEC2	ENSG00000124701
14752.0	0.0001	DBX1	ENSG00000109851
14752.0	0.0001	KANSL1L	ENSG00000144445
16242.0	0.0	HTR4	ENSG00000164270
16242.0	0.0	MOG	ENSG00000204655
16242.0	0.0	P2RY11	ENSG00000244165
16242.0	0.0	SPPL3	ENSG00000157837
16242.0	0.0	ENSA	ENSG00000143420
16242.0	0.0	PRRC2C	ENSG00000117523
16242.0	0.0	SLC44A4	ENSG00000204385
16242.0	0.0	SAXO1	ENSG00000155875
16242.0	0.0	CREG1	ENSG00000143162
16242.0	0.0	TSPAN6	ENSG00000000003
16242.0	0.0	RRBP1	ENSG00000125844
16242.0	0.0	PHC2	ENSG00000134686
16242.0	0.0	CCDC78	ENSG00000162004
16242.0	0.0	RAN	ENSG00000132341
16242.0	0.0	LMAN1	ENSG00000074695
16242.0	0.0	IQCK	ENSG00000174628
16242.0	0.0	DEPDC1	ENSG00000024526
16242.0	0.0	TASOR	ENSG00000163946
16242.0	0.0	ZFHX2	ENSG00000136367
16242.0	0.0	EPHX2	ENSG00000120915
16242.0	0.0	ABCA13	ENSG00000179869
16242.0	0.0	SIDT2	ENSG00000149577
16242.0	0.0	CD109	ENSG00000156535
16242.0	0.0	ANKRD24	ENSG00000089847
16242.0	0.0	CCDC117	ENSG00000159873
16242.0	0.0	DENND6B	ENSG00000205593
16242.0	0.0	PCP4L1	ENSG00000248485
16242.0	0.0	PLSCR5	ENSG00000231213
16242.0	0.0	MDC1	ENSG00000137337
16242.0	0.0	NRSN1	ENSG00000152954
16242.0	0.0	PCNX4	ENSG00000126773
16242.0	0.0	PON3	ENSG00000105852
16242.0	0.0	TTC39C	ENSG00000168234
16242.0	0.0	CFB	ENSG00000243649
16242.0	0.0	CTAG1A	ENSG00000183678
16242.0	0.0	CTAG2	ENSG00000126890
16242.0	0.0	DAXX	ENSG00000204209
16242.0	0.0	DNAH6	ENSG00000115423
16242.0	0.0	EIF2AK1	ENSG00000086232
16242.0	0.0	IFI16	ENSG00000163565
16242.0	0.0	ODF4	ENSG00000184650
16242.0	0.0	PRELID2	ENSG00000186314
16242.0	0.0	PYHIN1	ENSG00000163564
16242.0	0.0	BTBD10	ENSG00000148925
16242.0	0.0	RBMS3	ENSG00000144642
16242.0	0.0	INTS7	ENSG00000143493
16242.0	0.0	HLA-DOA	ENSG00000204252
16242.0	0.0	ADIG	ENSG00000182035
16242.0	0.0	CDH26	ENSG00000124215
16242.0	0.0	TTC17	ENSG00000052841
16242.0	0.0	BIVM-ERCC5	ENSG00000270181
16242.0	0.0	PAM	ENSG00000145730
16242.0	0.0	KLF17	ENSG00000171872
16242.0	0.0	RADIL	ENSG00000157927
16242.0	0.0	NALF1	ENSG00000204442
16242.0	0.0	GRHL1	ENSG00000134317
16242.0	0.0	ZC3H14	ENSG00000100722
16242.0	0.0	SRRT	ENSG00000087087
16242.0	0.0	TTLL1	ENSG00000100271
16242.0	0.0	B3GNT6	ENSG00000198488
16242.0	0.0	TENM2	ENSG00000145934
16242.0	0.0	CDS2	ENSG00000101290
16242.0	0.0	DRD4	ENSG00000069696
16242.0	0.0	TMEM198B	ENSG00000182796
16242.0	0.0	FADS6	ENSG00000172782
16242.0	0.0	RRN3P1	ENSG00000248124
16242.0	0.0	RRN3P2	ENSG00000103472
16242.0	0.0	TRIM55	ENSG00000147573
16242.0	0.0	UOX	ENSG00000240520
16242.0	0.0	FICD	ENSG00000198855
16242.0	0.0	HSPA1A	ENSG00000204389
16242.0	0.0	HSPA1B	ENSG00000204388
16242.0	0.0	CRAMP1	ENSG00000007545
16242.0	0.0	TTLL3	ENSG00000214021
16242.0	0.0	TMEM175	ENSG00000127419
16242.0	0.0	BEX2	ENSG00000133134
16242.0	0.0	HSP90AB1	ENSG00000096384
16242.0	0.0	TEKT3	ENSG00000125409
16242.0	0.0	LDHA	ENSG00000134333
16242.0	0.0	VSIG8	ENSG00000243284
16242.0	0.0	DRC7	ENSG00000159625
16242.0	0.0	TEX2	ENSG00000136478
16242.0	0.0	IFI27L2	ENSG00000119632
16242.0	0.0	ARL5A	ENSG00000162980
16242.0	0.0	CPA5	ENSG00000158525
16242.0	0.0	FAM118A	ENSG00000100376
16242.0	0.0	PSORS1C2	ENSG00000204538
16242.0	0.0	SCOC	ENSG00000153130
16242.0	0.0	SLC22A15	ENSG00000163393
16242.0	0.0	SLFN12L	ENSG00000205045
16242.0	0.0	TEX21P	ENSG00000234911
16242.0	0.0	ECM1	ENSG00000143369
16242.0	0.0	IZUMO2	ENSG00000161652
16242.0	0.0	KLHL29	ENSG00000119771
16242.0	0.0	SPESP1	ENSG00000258484
16242.0	0.0	DACT2	ENSG00000164488
16242.0	0.0	TTLL4	ENSG00000135912
16242.0	0.0	HLA-E	ENSG00000204592
16242.0	0.0	HLA-H	ENSG00000206341
16242.0	0.0	CD46	ENSG00000117335
16242.0	0.0	CGB2	ENSG00000104818
16242.0	0.0	CGB3	ENSG00000104827
16242.0	0.0	CGB5	ENSG00000189052
16242.0	0.0	CGB7	ENSG00000196337
16242.0	0.0	CGB8	ENSG00000213030
16242.0	0.0	NDRG2	ENSG00000165795
16242.0	0.0	SHISAL1	ENSG00000138944
16242.0	0.0	CPA6	ENSG00000165078
16242.0	0.0	USP27X	ENSG00000242013
16242.0	0.0	BRDT	ENSG00000137948
16242.0	0.0	OLFM2	ENSG00000105088
16242.0	0.0	CETN4P	ENSG00000224786
16242.0	0.0	TMEM68	ENSG00000167904
16242.0	0.0	ZNF827	ENSG00000151612
16242.0	0.0	BCL2L11	ENSG00000153094
16242.0	0.0	MICAL1	ENSG00000135596
16242.0	0.0	LAIR2	ENSG00000167618
16242.0	0.0	LAPTM4B	ENSG00000104341
16242.0	0.0	GPBP1	ENSG00000062194
16242.0	0.0	CASKIN2	ENSG00000177303
16242.0	0.0	UBE2J1	ENSG00000198833
16242.0	0.0	BTNL2	ENSG00000204290
16242.0	0.0	PIERCE2	ENSG00000261652
16242.0	0.0	OGFOD3	ENSG00000181396
16242.0	0.0	FIP1L1	ENSG00000145216
16242.0	0.0	PML	ENSG00000140464
16242.0	0.0	CFAP91	ENSG00000183833
16242.0	0.0	EFHD2	ENSG00000142634
16242.0	0.0	GJE1	ENSG00000203733
16242.0	0.0	FAM107B	ENSG00000065809
16242.0	0.0	CCDC9B	ENSG00000188549
16242.0	0.0	DMBX1	ENSG00000197587
16242.0	0.0	KIAA0319	ENSG00000137261
16242.0	0.0	LDAH	ENSG00000118961
16242.0	0.0	CRTC1	ENSG00000105662
16242.0	0.0	MTARC2	ENSG00000117791
16242.0	0.0	PALM3	ENSG00000187867
16242.0	0.0	RCC1L	ENSG00000174374
16242.0	0.0	PCBP2	ENSG00000197111
16242.0	0.0	TM2D3	ENSG00000184277
16242.0	0.0	FAM163A	ENSG00000143340
16242.0	0.0	GPR35	ENSG00000178623
16242.0	0.0	NFATC4	ENSG00000100968
16242.0	0.0	TASOR2	ENSG00000108021
16242.0	0.0	GNAL	ENSG00000141404
16242.0	0.0	GRIPAP1	ENSG00000068400
16242.0	0.0	PRRT1	ENSG00000204314
16242.0	0.0	KLK8	ENSG00000129455
16242.0	0.0	STOX1	ENSG00000165730
16242.0	0.0	DHFRP1	ENSG00000188985
16242.0	0.0	CFAP43	ENSG00000197748
16242.0	0.0	SVEP1	ENSG00000165124
16242.0	0.0	TDRD7	ENSG00000196116
16242.0	0.0	CEMIP	ENSG00000103888
16242.0	0.0	PXYLP1	ENSG00000155893
16242.0	0.0	GP6	ENSG00000088053
16242.0	0.0	JMJD4	ENSG00000081692
16242.0	0.0	KIAA0319L	ENSG00000142687
16242.0	0.0	ADH1C	ENSG00000248144
16242.0	0.0	CHAC1	ENSG00000128965
16242.0	0.0	SYNPO2L	ENSG00000166317
16242.0	0.0	TPM4	ENSG00000167460
16242.0	0.0	ABHD14A-ACY1	ENSG00000114786
16242.0	0.0	FOXJ3	ENSG00000198815
16242.0	0.0	KLK10	ENSG00000129451
16242.0	0.0	LY6G6F	ENSG00000204424
16242.0	0.0	MEGT1	ENSG00000250641
16242.0	0.0	THYN1	ENSG00000151500
16242.0	0.0	WDR91	ENSG00000105875
16242.0	0.0	EFHD1	ENSG00000115468
16242.0	0.0	ATAT1	ENSG00000137343
16242.0	0.0	MOBP	ENSG00000168314
16242.0	0.0	CD74	ENSG00000019582
16242.0	0.0	HLA-DQB2	ENSG00000232629
16242.0	0.0	INPP5B	ENSG00000204084
16242.0	0.0	SGIP1	ENSG00000118473
16242.0	0.0	ABCC10	ENSG00000124574
16242.0	0.0	IFI44	ENSG00000137965
16242.0	0.0	SYPL2	ENSG00000143028
16242.0	0.0	APOLD1	ENSG00000178878
16242.0	0.0	PCP4	ENSG00000183036
16242.0	0.0	EHMT2	ENSG00000204371
16242.0	0.0	VIT	ENSG00000205221
16242.0	0.0	ZNF750	ENSG00000141579
16242.0	0.0	ASB10	ENSG00000146926
16242.0	0.0	CGREF1	ENSG00000138028
16242.0	0.0	CMTR1	ENSG00000137200
16242.0	0.0	DIPK1A	ENSG00000154511
16242.0	0.0	GIMAP8	ENSG00000171115
16242.0	0.0	HSPB1	ENSG00000106211
16242.0	0.0	IZUMO1R	ENSG00000183560
16242.0	0.0	NEURL2	ENSG00000124257
16242.0	0.0	RESP18	ENSG00000182698
16242.0	0.0	RILPL2	ENSG00000150977
16242.0	0.0	SEC1P	ENSG00000232871
16242.0	0.0	SHISA6	ENSG00000188803
16242.0	0.0	SPNS1	ENSG00000169682
16242.0	0.0	SPRR3	ENSG00000163209
16242.0	0.0	TTC39A	ENSG00000085831
16242.0	0.0	VCPKMT	ENSG00000100483
16242.0	0.0	ZNF101	ENSG00000181896
16242.0	0.0	CA14	ENSG00000118298
16242.0	0.0	CALHM6	ENSG00000188820
16242.0	0.0	FLYWCH2	ENSG00000162076
16242.0	0.0	TTC29	ENSG00000137473
16242.0	0.0	ZC3H7B	ENSG00000100403
16242.0	0.0	NTN4	ENSG00000074527
16242.0	0.0	THSD7A	ENSG00000005108
16242.0	0.0	AGBL2	ENSG00000165923
16242.0	0.0	MDM1	ENSG00000111554
16242.0	0.0	NCOA1	ENSG00000084676
16242.0	0.0	MYOF	ENSG00000138119
16242.0	0.0	PRSS57	ENSG00000185198
16242.0	0.0	ZNF185	ENSG00000147394
16242.0	0.0	CD300LF	ENSG00000186074
16242.0	0.0	SLC2A13	ENSG00000151229
16242.0	0.0	CYRIA	ENSG00000197872
16242.0	0.0	KRT13	ENSG00000171401
16242.0	0.0	DACT3	ENSG00000197380
16242.0	0.0	HP1BP3	ENSG00000127483
16242.0	0.0	ADAM15	ENSG00000143537
16242.0	0.0	REG1B	ENSG00000172023
16242.0	0.0	CAVIN4	ENSG00000170681
16242.0	0.0	CCDC51	ENSG00000164051
16242.0	0.0	PDE9A	ENSG00000160191
16242.0	0.0	SGK1	ENSG00000118515
16242.0	0.0	ABHD17A	ENSG00000129968
16242.0	0.0	ITPRIP	ENSG00000148841
16242.0	0.0	MRGPRX2	ENSG00000183695
16242.0	0.0	RPS18	ENSG00000231500
16242.0	0.0	POU2AF2	ENSG00000150750
16242.0	0.0	ADGRF2P	ENSG00000164393
16242.0	0.0	ZNF700	ENSG00000196757
16242.0	0.0	ZNF878	ENSG00000257446
16242.0	0.0	IGSF21	ENSG00000117154
16242.0	0.0	C9orf47	ENSG00000186354
16242.0	0.0	RUNDC3B	ENSG00000105784
16242.0	0.0	ZNF22	ENSG00000165512
16242.0	0.0	LSAMP	ENSG00000185565
16242.0	0.0	SETSIP	ENSG00000230667
16242.0	0.0	ASRGL1	ENSG00000162174
16242.0	0.0	HLA-DMA	ENSG00000204257
16242.0	0.0	MAP1S	ENSG00000130479
16242.0	0.0	PERP	ENSG00000112378
16242.0	0.0	CHD1L	ENSG00000131778
16242.0	0.0	PCBP4	ENSG00000090097
16242.0	0.0	RC3H2	ENSG00000056586
16242.0	0.0	ZDBF2	ENSG00000204186
16242.0	0.0	DDX27	ENSG00000124228
16242.0	0.0	IL7R	ENSG00000168685
16242.0	0.0	CIMIP2B	ENSG00000215187
16242.0	0.0	IGSF9	ENSG00000085552
16242.0	0.0	HSP90AB2P	ENSG00000205940
16242.0	0.0	HSP90AB3P	ENSG00000183199
16242.0	0.0	KBTBD8	ENSG00000163376
16242.0	0.0	APMAP	ENSG00000101474
16242.0	0.0	TMEM116	ENSG00000198270
16242.0	0.0	NEK5	ENSG00000197168
16242.0	0.0	IL1RL2	ENSG00000115598
16242.0	0.0	MFRP	ENSG00000235718
16242.0	0.0	IVNS1ABP	ENSG00000116679
16242.0	0.0	DHRS7B	ENSG00000109016
16242.0	0.0	VSTM4	ENSG00000165633
16242.0	0.0	NFKBIL1	ENSG00000204498
16242.0	0.0	COL19A1	ENSG00000082293
16242.0	0.0	ARID4B	ENSG00000054267
16242.0	0.0	MIGA1	ENSG00000180488
16242.0	0.0	CAMKK2	ENSG00000110931
16242.0	0.0	NUDT13	ENSG00000166321
16242.0	0.0	NFXL1	ENSG00000170448
16242.0	0.0	LCK	ENSG00000182866
16242.0	0.0	LDAF1	ENSG00000011638
16242.0	0.0	ABL2	ENSG00000143322
16242.0	0.0	RHCE	ENSG00000188672
16242.0	0.0	AGBL4	ENSG00000186094
16242.0	0.0	PTTG3P	ENSG00000213005
16242.0	0.0	C16orf46	ENSG00000166455
16242.0	0.0	EVA1A	ENSG00000115363
16242.0	0.0	MASP2	ENSG00000009724
16242.0	0.0	OBP2B	ENSG00000171102
16242.0	0.0	SLC41A2	ENSG00000136052
16242.0	0.0	SPTY2D1	ENSG00000179119
16242.0	0.0	TMCO5A	ENSG00000166069
16242.0	0.0	ZDHHC22	ENSG00000177108
16242.0	0.0	TAAR3P	ENSG00000179073
16242.0	0.0	FBXO24	ENSG00000106336
16242.0	0.0	NUPR1	ENSG00000176046
16242.0	0.0	MRRF	ENSG00000148187
16242.0	0.0	APOC2	ENSG00000234906
16242.0	0.0	ADAMTS16	ENSG00000145536
16242.0	0.0	GLYCAM1	ENSG00000257780
16242.0	0.0	LDOC1	ENSG00000182195
16242.0	0.0	PARVB	ENSG00000188677
16242.0	0.0	SF1	ENSG00000168066
16242.0	0.0	RPS9	ENSG00000170889
16242.0	0.0	GOLM1	ENSG00000135052
16242.0	0.0	NFYC	ENSG00000066136
16242.0	0.0	PCDHB6	ENSG00000113211
16242.0	0.0	PNLIPRP2	ENSG00000165862
16242.0	0.0	MEI4	ENSG00000269964
16242.0	0.0	CCDC30	ENSG00000186409
16242.0	0.0	CFAP97D1	ENSG00000231256
16242.0	0.0	CLMN	ENSG00000165959
16242.0	0.0	DAGLB	ENSG00000164535
16242.0	0.0	DENND2D	ENSG00000162777
16242.0	0.0	DNAAF9	ENSG00000088854
16242.0	0.0	EZH1	ENSG00000108799
16242.0	0.0	FAM117A	ENSG00000121104
16242.0	0.0	FAM135B	ENSG00000147724
16242.0	0.0	GRM8	ENSG00000179603
16242.0	0.0	OSER1	ENSG00000132823
16242.0	0.0	OTOP3	ENSG00000182938
16242.0	0.0	PTPRVP	ENSG00000243323
16242.0	0.0	RNASE1	ENSG00000129538
16242.0	0.0	SGK223	ENSG00000182319
16242.0	0.0	SLC17A9	ENSG00000101194
16242.0	0.0	SSC4D	ENSG00000146700
16242.0	0.0	ZDHHC24	ENSG00000174165
16242.0	0.0	ZGPAT	ENSG00000197114
16242.0	0.0	ZNF609	ENSG00000180357
16242.0	0.0	CGRRF1	ENSG00000100532
16242.0	0.0	ABHD8	ENSG00000127220
16242.0	0.0	CCDC166	ENSG00000255181
16242.0	0.0	CTF2P	ENSG00000230447
16242.0	0.0	DLEC1	ENSG00000008226
16242.0	0.0	FAM136A	ENSG00000035141
16242.0	0.0	FBXL15	ENSG00000107872
16242.0	0.0	GPR152	ENSG00000175514
16242.0	0.0	KLHDC8B	ENSG00000185909
16242.0	0.0	MKRN2	ENSG00000075975
16242.0	0.0	MSANTD3	ENSG00000066697
16242.0	0.0	PADI3	ENSG00000142619
16242.0	0.0	PHF3	ENSG00000118482
16242.0	0.0	PRSS36	ENSG00000178226
16242.0	0.0	SLX9	ENSG00000160256
16242.0	0.0	TMEM131L	ENSG00000121210
16242.0	0.0	TTLL8	ENSG00000138892
16242.0	0.0	TTYH2	ENSG00000141540
16242.0	0.0	ZDHHC11	ENSG00000188818
16242.0	0.0	ZDHHC11B	ENSG00000206077
16242.0	0.0	ZMAT4	ENSG00000165061
16242.0	0.0	ZNF438	ENSG00000183621
16242.0	0.0	ZNF652	ENSG00000198740
16242.0	0.0	CTNND1	ENSG00000198561
16242.0	0.0	KRT80	ENSG00000167767
16242.0	0.0	CFAP161	ENSG00000156206
16242.0	0.0	CCDC25	ENSG00000147419
16242.0	0.0	TMEM174	ENSG00000164325
16242.0	0.0	ADGRL3	ENSG00000150471
16242.0	0.0	NWD2	ENSG00000174145
16242.0	0.0	CCNY	ENSG00000108100
16242.0	0.0	PERM1	ENSG00000187642
16242.0	0.0	IER2	ENSG00000160888
16242.0	0.0	R3HDML	ENSG00000101074
16242.0	0.0	GJA10	ENSG00000135355
16242.0	0.0	MS4A4E	ENSG00000214787
16242.0	0.0	KIF21B	ENSG00000116852
16242.0	0.0	ZFP91	ENSG00000186660
16242.0	0.0	PROM2	ENSG00000155066
16242.0	0.0	AVPR1B	ENSG00000198049
16242.0	0.0	P2RX6	ENSG00000099957
16242.0	0.0	PDE8A	ENSG00000073417
16242.0	0.0	CCDC66	ENSG00000180376
16242.0	0.0	SASH3	ENSG00000122122
16242.0	0.0	ABHD2	ENSG00000140526
16242.0	0.0	PRKCB	ENSG00000166501
16242.0	0.0	PSG1	ENSG00000231924
16242.0	0.0	PSG3	ENSG00000221826
16242.0	0.0	PSG6	ENSG00000170848
16242.0	0.0	PSG7	ENSG00000221878
16242.0	0.0	PSG8	ENSG00000124467
16242.0	0.0	SCPEP1	ENSG00000121064
16242.0	0.0	TMEM135	ENSG00000166575
16242.0	0.0	TRIM36	ENSG00000152503
16242.0	0.0	TEX19	ENSG00000182459
16242.0	0.0	PCSK1N	ENSG00000102109
16242.0	0.0	GLB1L3	ENSG00000166105
16242.0	0.0	CCSER2	ENSG00000107771
16242.0	0.0	NSD3	ENSG00000147548
16242.0	0.0	PTPRU	ENSG00000060656
16242.0	0.0	TAFA1	ENSG00000183662
16242.0	0.0	ZNF334	ENSG00000198185
16242.0	0.0	RNF148	ENSG00000235631
16242.0	0.0	A4GNT	ENSG00000118017
16242.0	0.0	CXCR1	ENSG00000163464
16242.0	0.0	ZNF174	ENSG00000103343
16242.0	0.0	IGHG1	ENSG00000211896
16242.0	0.0	IRF5	ENSG00000128604
16242.0	0.0	PXK	ENSG00000168297
16242.0	0.0	ANKRD46	ENSG00000186106
16242.0	0.0	RBM47	ENSG00000163694
16242.0	0.0	TAOK2	ENSG00000149930
16242.0	0.0	TNRC18	ENSG00000182095
16242.0	0.0	RNF44	ENSG00000146083
16242.0	0.0	HMBOX1	ENSG00000147421
16242.0	0.0	TMC2	ENSG00000149488
16242.0	0.0	MYNN	ENSG00000085274
16242.0	0.0	TAAR8	ENSG00000146385
16242.0	0.0	ZBTB12	ENSG00000204366
16242.0	0.0	HHIPL1	ENSG00000182218
16242.0	0.0	PALMD	ENSG00000099260
16242.0	0.0	RBM12	ENSG00000244462
16242.0	0.0	GAREM2	ENSG00000157833
16242.0	0.0	RABL3	ENSG00000144840
16242.0	0.0	FARP1	ENSG00000152767
16242.0	0.0	EEF1AKMT2	ENSG00000203791
16242.0	0.0	H3C10	ENSG00000203813
16242.0	0.0	H3C13	ENSG00000183598
16242.0	0.0	H3C14	ENSG00000203811
16242.0	0.0	H3C15	ENSG00000203852
16242.0	0.0	ATXN3L	ENSG00000123594
16242.0	0.0	NT5DC1	ENSG00000178425
16242.0	0.0	MSANTD2	ENSG00000120458
16242.0	0.0	FUOM	ENSG00000148803
16242.0	0.0	DNASE1L3	ENSG00000163687
16242.0	0.0	UCMA	ENSG00000165623
16242.0	0.0	ZBTB48	ENSG00000204859
16242.0	0.0	MSS51	ENSG00000166343
16242.0	0.0	WDR47	ENSG00000085433
16242.0	0.0	WRNIP1	ENSG00000124535
16242.0	0.0	GPR137B	ENSG00000077585
16242.0	0.0	NOTCH4	ENSG00000204301
16242.0	0.0	XKR7	ENSG00000260903
16242.0	0.0	GRB10	ENSG00000106070
16242.0	0.0	PPP1R18	ENSG00000146112
16242.0	0.0	RASSF5	ENSG00000136653
16242.0	0.0	C21orf91	ENSG00000154642
16242.0	0.0	KIAA0825	ENSG00000185261
16242.0	0.0	ZMYND8	ENSG00000101040
16242.0	0.0	TNFAIP8L2	ENSG00000163154
16242.0	0.0	ABHD13	ENSG00000139826
16242.0	0.0	PILRB	ENSG00000121716
16242.0	0.0	C10orf120	ENSG00000183559
16242.0	0.0	CCDC57	ENSG00000176155
16242.0	0.0	MALRD1	ENSG00000204740
16242.0	0.0	TMEM64	ENSG00000180694
16242.0	0.0	ZNF296	ENSG00000170684
16242.0	0.0	IGKC	ENSG00000211592
16242.0	0.0	NKX1-1	ENSG00000235608
16242.0	0.0	RIF1	ENSG00000080345
16242.0	0.0	ZBTB43	ENSG00000169155
16242.0	0.0	ABHD17B	ENSG00000107362
16242.0	0.0	RTBDN	ENSG00000132026
16242.0	0.0	SNRNP70	ENSG00000104852
16242.0	0.0	UBE2K	ENSG00000078140
16242.0	0.0	DNAJC10	ENSG00000077232
16242.0	0.0	MIER1	ENSG00000198160
16242.0	0.0	SERINC1	ENSG00000111897
16242.0	0.0	KRT72	ENSG00000170486
16242.0	0.0	CYRIB	ENSG00000153310
16242.0	0.0	RDH13	ENSG00000160439
16242.0	0.0	EGFL8	ENSG00000241404
16242.0	0.0	KLRC4-KLRK1	ENSG00000255819
16242.0	0.0	VOPP1	ENSG00000154978
16242.0	0.0	HSBP1L1	ENSG00000226742
16242.0	0.0	RIC8A	ENSG00000177963
16242.0	0.0	THEM5	ENSG00000196407
16242.0	0.0	TMC7	ENSG00000170537
16242.0	0.0	KAZN	ENSG00000189337
16242.0	0.0	TYW1B	ENSG00000254184
16242.0	0.0	ADAM32	ENSG00000197140
16242.0	0.0	CCDC3	ENSG00000151468
16242.0	0.0	C1QTNF2	ENSG00000145861
16242.0	0.0	BOLA1	ENSG00000178096
16242.0	0.0	TPRG1	ENSG00000188001
16242.0	0.0	FERD3L	ENSG00000146618
16242.0	0.0	PRSS48	ENSG00000189099
16242.0	0.0	GNGT1	ENSG00000127928
16242.0	0.0	SPMIP2	ENSG00000164123
16242.0	0.0	ILRUN	ENSG00000196821
16242.0	0.0	CR1L	ENSG00000197721
16242.0	0.0	GPR25	ENSG00000170128
16242.0	0.0	TRIM31	ENSG00000204616
16242.0	0.0	TRIM68	ENSG00000167333
16242.0	0.0	ZNF845	ENSG00000213799
16242.0	0.0	CYB561A3	ENSG00000162144
16242.0	0.0	FRMD3	ENSG00000172159
16242.0	0.0	ATG9B	ENSG00000181652
16242.0	0.0	KBTBD11	ENSG00000176595
16242.0	0.0	ZC2HC1A	ENSG00000104427
16242.0	0.0	DMRTC2	ENSG00000142025
16242.0	0.0	BLTP2	ENSG00000007202
16242.0	0.0	TMBIM1	ENSG00000135926
16242.0	0.0	PDE4DIP	ENSG00000178104
16242.0	0.0	STK40	ENSG00000196182
16242.0	0.0	NAALADL2	ENSG00000177694
16242.0	0.0	SLC52A3	ENSG00000101276
16242.0	0.0	TUT7	ENSG00000083223
16242.0	0.0	SLFN14	ENSG00000236320
16242.0	0.0	KCNT2	ENSG00000162687
16242.0	0.0	ZNF212	ENSG00000170260
16242.0	0.0	BAG1	ENSG00000107262
16242.0	0.0	CUTA	ENSG00000112514
16242.0	0.0	ERICH3	ENSG00000178965
16242.0	0.0	CRYBA2	ENSG00000163499
16242.0	0.0	ARHGAP45	ENSG00000180448
16242.0	0.0	IGFLR1	ENSG00000126246
16242.0	0.0	PARG	ENSG00000227345
16242.0	0.0	MSH5	ENSG00000204410
16242.0	0.0	HOXA6	ENSG00000106006
16242.0	0.0	TMEM178A	ENSG00000152154
16242.0	0.0	VKORC1L1	ENSG00000196715
16242.0	0.0	KIAA1671	ENSG00000197077
16242.0	0.0	EGFLAM	ENSG00000164318
16242.0	0.0	PVRIG	ENSG00000213413
16242.0	0.0	HNRNPCL2	ENSG00000179412
16242.0	0.0	FAM83G	ENSG00000188522
16242.0	0.0	TMEM150B	ENSG00000180061
16242.0	0.0	ANKRD13A	ENSG00000076513
16242.0	0.0	RNF20	ENSG00000155827
16242.0	0.0	LACC1	ENSG00000179630
16242.0	0.0	S100A3	ENSG00000188015
16242.0	0.0	BRI3	ENSG00000164713
16242.0	0.0	TMEM132B	ENSG00000139364
16242.0	0.0	EML2	ENSG00000125746
16242.0	0.0	ZC3H12B	ENSG00000102053
16242.0	0.0	VN1R17P	ENSG00000235818
16242.0	0.0	KGD4	ENSG00000134056
16242.0	0.0	VASH2	ENSG00000143494
16242.0	0.0	CRIP3	ENSG00000146215
16242.0	0.0	AGBL1	ENSG00000166748
16242.0	0.0	ZNF490	ENSG00000188033
16242.0	0.0	ZNF708	ENSG00000182141
16242.0	0.0	ZNF716	ENSG00000182111
16242.0	0.0	CCNDBP1	ENSG00000166946
16242.0	0.0	TTC36	ENSG00000172425
16242.0	0.0	DRAM2	ENSG00000156171
16242.0	0.0	NT5C3A	ENSG00000122643
16242.0	0.0	BCL2L2-PABPN1	ENSG00000258643
16242.0	0.0	RPS6KA1	ENSG00000117676
16242.0	0.0	IL36RN	ENSG00000136695
16242.0	0.0	AIRIM	ENSG00000116922
16242.0	0.0	RING1	ENSG00000204227
16242.0	0.0	XKR4	ENSG00000206579
16242.0	0.0	EPM2AIP1	ENSG00000178567
16242.0	0.0	ACAP3	ENSG00000131584
16242.0	0.0	ADGRG5	ENSG00000159618
16242.0	0.0	AQP7P3	ENSG00000156750
16242.0	0.0	DEUP1	ENSG00000165325
16242.0	0.0	GREB1	ENSG00000196208
16242.0	0.0	IFT20	ENSG00000109083
16242.0	0.0	SLC7A13	ENSG00000164893
16242.0	0.0	TMEM178B	ENSG00000261115
16242.0	0.0	ZNF383	ENSG00000188283
16242.0	0.0	KNG1	ENSG00000113889
16242.0	0.0	ENHO	ENSG00000168913
16242.0	0.0	FHIP2A	ENSG00000151553
16242.0	0.0	ZNF329	ENSG00000181894
16242.0	0.0	SBSPON	ENSG00000164764
16242.0	0.0	NHSL2	ENSG00000204131
16242.0	0.0	CDKL1	ENSG00000100490
16242.0	0.0	VPS26C	ENSG00000157538
16242.0	0.0	RAB3IP	ENSG00000127328
16242.0	0.0	PTPN13	ENSG00000163629
16242.0	0.0	PRR5-ARHGAP8	ENSG00000248405
16242.0	0.0	RNPEPL1	ENSG00000142327
16242.0	0.0	CRTAC1	ENSG00000095713
16242.0	0.0	AKR1B15	ENSG00000227471
16242.0	0.0	NLRP2	ENSG00000022556
16242.0	0.0	NLRP7	ENSG00000167634
16242.0	0.0	LIAT1	ENSG00000187624
16242.0	0.0	SLC37A2	ENSG00000134955
16242.0	0.0	UBC	ENSG00000150991
16242.0	0.0	MX1	ENSG00000157601
16242.0	0.0	ING1	ENSG00000153487
16242.0	0.0	AADAC	ENSG00000114771
16242.0	0.0	ANO8	ENSG00000074855
16242.0	0.0	MUC19	ENSG00000205592
16242.0	0.0	MYRIP	ENSG00000170011
16242.0	0.0	NXNL2	ENSG00000130045
16242.0	0.0	CAPN10	ENSG00000142330
16242.0	0.0	ZNF629	ENSG00000102870
16242.0	0.0	MFSD14A	ENSG00000156875
16242.0	0.0	C3orf20	ENSG00000131379
16242.0	0.0	PLEKHM2	ENSG00000116786
16242.0	0.0	ZNF644	ENSG00000122482
16242.0	0.0	TBC1D8	ENSG00000204634
16242.0	0.0	PRAMEF22	ENSG00000204508
16242.0	0.0	MCRIP1	ENSG00000225663
16242.0	0.0	GDPD3	ENSG00000102886
16242.0	0.0	GPR75	ENSG00000119737
16242.0	0.0	ITLN2	ENSG00000158764
16242.0	0.0	CEP126	ENSG00000110318
16242.0	0.0	ENPP5	ENSG00000112796
16242.0	0.0	SAMD7	ENSG00000187033
16242.0	0.0	BBLN	ENSG00000171159
16242.0	0.0	LGALS8	ENSG00000116977
16242.0	0.0	AIF1L	ENSG00000126878
16242.0	0.0	LILRA3	ENSG00000170866
16242.0	0.0	LILRA4	ENSG00000239961
16242.0	0.0	LILRA5	ENSG00000187116
16242.0	0.0	LILRB1	ENSG00000104972
16242.0	0.0	LILRB3	ENSG00000204577
16242.0	0.0	LILRB5	ENSG00000105609
16242.0	0.0	PUDP	ENSG00000130021
16242.0	0.0	CCAR2	ENSG00000158941
16242.0	0.0	ZNF160	ENSG00000170949
16242.0	0.0	ZNF347	ENSG00000197937
16242.0	0.0	ZNF616	ENSG00000204611
16242.0	0.0	ZNF665	ENSG00000197497
16242.0	0.0	ARAP1	ENSG00000186635
16242.0	0.0	MBNL3	ENSG00000076770
16242.0	0.0	TIMM23B	ENSG00000204152
16242.0	0.0	EPDR1	ENSG00000086289
16242.0	0.0	PWWP3A	ENSG00000160953
16242.0	0.0	PHF14	ENSG00000106443
16242.0	0.0	GBP3	ENSG00000117226
16242.0	0.0	TVP23C-CDRT4	ENSG00000259024
16242.0	0.0	GINM1	ENSG00000055211
16242.0	0.0	SBK1	ENSG00000188322
16242.0	0.0	KRTAP1-3	ENSG00000221880
16242.0	0.0	KRTAP10-11	ENSG00000243489
16242.0	0.0	C1orf21	ENSG00000116667
16242.0	0.0	TCAF2	ENSG00000170379
16242.0	0.0	ZNF852	ENSG00000178917
16242.0	0.0	ADAMDEC1	ENSG00000134028
16242.0	0.0	BORCS6	ENSG00000196544
16242.0	0.0	DCP1A	ENSG00000162290
16242.0	0.0	LIMS3	ENSG00000256977
16242.0	0.0	LIMS4	ENSG00000256671
16242.0	0.0	METRN	ENSG00000103260
16242.0	0.0	NUP98	ENSG00000110713
16242.0	0.0	NUSAP1	ENSG00000137804
16242.0	0.0	RBBP6	ENSG00000122257
16242.0	0.0	SPRING1	ENSG00000111412
16242.0	0.0	TPT1P8	ENSG00000219491
16242.0	0.0	ARHGEF3	ENSG00000163947
16242.0	0.0	TMEM234	ENSG00000160055
16242.0	0.0	NOL4	ENSG00000101746
16242.0	0.0	KIRREL2	ENSG00000126259
16242.0	0.0	LRRC23	ENSG00000010626
16242.0	0.0	CYP21A2	ENSG00000231852
16242.0	0.0	TAFA3	ENSG00000184599
16242.0	0.0	IQCE	ENSG00000106012
16242.0	0.0	OTUD6A	ENSG00000189401
16242.0	0.0	ABCC1	ENSG00000103222
16242.0	0.0	PCDHB5	ENSG00000113209
16242.0	0.0	CLIC6	ENSG00000159212
16242.0	0.0	MUSTN1	ENSG00000272573
16242.0	0.0	PLCXD2	ENSG00000240891
16242.0	0.0	ADGRF5	ENSG00000069122
16242.0	0.0	C2CD4C	ENSG00000183186
16242.0	0.0	C6orf15	ENSG00000204542
16242.0	0.0	CFAP36	ENSG00000163001
16242.0	0.0	CPM	ENSG00000135678
16242.0	0.0	CRLF3	ENSG00000176390
16242.0	0.0	CTD-2132H18.3	ENSG00000254801
16242.0	0.0	DUSP26	ENSG00000133878
16242.0	0.0	ESCO1	ENSG00000141446
16242.0	0.0	FABP12	ENSG00000197416
16242.0	0.0	GPR27	ENSG00000170837
16242.0	0.0	NLRC3	ENSG00000167984
16242.0	0.0	RIMS4	ENSG00000101098
16242.0	0.0	SLC35E1	ENSG00000127526
16242.0	0.0	SMDT1	ENSG00000183172
16242.0	0.0	SPINDOC	ENSG00000168005
16242.0	0.0	TBC1D2	ENSG00000095383
16242.0	0.0	THEMIS2	ENSG00000130775
16242.0	0.0	TMEM98	ENSG00000006042
16242.0	0.0	TWF1	ENSG00000151239
16242.0	0.0	VCF1	ENSG00000133193
16242.0	0.0	VCF2	ENSG00000182518
16242.0	0.0	ZFP30	ENSG00000120784
16242.0	0.0	ZNF251	ENSG00000198169
16242.0	0.0	ZNF410	ENSG00000119725
16242.0	0.0	CFAP47	ENSG00000176034
16242.0	0.0	NCF2	ENSG00000116701
16242.0	0.0	AIDA	ENSG00000186063
16242.0	0.0	KLHL5	ENSG00000109790
16242.0	0.0	HDDC2	ENSG00000111906
16242.0	0.0	INKA1	ENSG00000185614
16242.0	0.0	IKBKE	ENSG00000143466
16242.0	0.0	AMIGO2	ENSG00000139211
16242.0	0.0	C11orf86	ENSG00000173237
16242.0	0.0	RTL4	ENSG00000187823
16242.0	0.0	ANKRD9	ENSG00000156381
16242.0	0.0	CD5L	ENSG00000073754
16242.0	0.0	C5orf47	ENSG00000185056
16242.0	0.0	CDK1	ENSG00000170312
16242.0	0.0	ABCG1	ENSG00000160179
16242.0	0.0	GFY	ENSG00000261949
16242.0	0.0	LRRCC1	ENSG00000133739
16242.0	0.0	OPN1MW2	ENSG00000166160
16242.0	0.0	MAP2K7	ENSG00000076984
16242.0	0.0	AASDH	ENSG00000157426
16242.0	0.0	PLAAT5	ENSG00000168004
16242.0	0.0	GJD4	ENSG00000177291
16242.0	0.0	TBC1D30	ENSG00000111490
16242.0	0.0	TUBE1	ENSG00000074935
16242.0	0.0	FAM111B	ENSG00000189057
16242.0	0.0	GLMP	ENSG00000198715
16242.0	0.0	ADAM7	ENSG00000069206
16242.0	0.0	FOXD4L3	ENSG00000187559
16242.0	0.0	PTCHD3	ENSG00000182077
16242.0	0.0	MUC5AC	ENSG00000215182
16242.0	0.0	SLC26A10P	ENSG00000135502
16242.0	0.0	MINAR1	ENSG00000169330
16242.0	0.0	ZC3HAV1L	ENSG00000146858
16242.0	0.0	AKR7L	ENSG00000211454
16242.0	0.0	DIPK2B	ENSG00000147113
16242.0	0.0	FAM117B	ENSG00000138439
16242.0	0.0	TMEM72	ENSG00000187783
16242.0	0.0	CRYGB	ENSG00000182187
16242.0	0.0	TAP1	ENSG00000168394
16242.0	0.0	FAM3D	ENSG00000198643
16242.0	0.0	IGHG2	ENSG00000211893
16242.0	0.0	CLEC4M	ENSG00000104938
16242.0	0.0	CHEK2	ENSG00000183765
16242.0	0.0	RTP4	ENSG00000136514
16242.0	0.0	TRIM61	ENSG00000183439
16242.0	0.0	C8orf58	ENSG00000241852
16242.0	0.0	CCDC181	ENSG00000117477
16242.0	0.0	CLPSL2	ENSG00000196748
16242.0	0.0	MTCL2	ENSG00000149639
16242.0	0.0	ZNF580	ENSG00000213015
16242.0	0.0	SEZ6L	ENSG00000100095
16242.0	0.0	CYP21A1P	ENSG00000204338
16242.0	0.0	EGFEM1P	ENSG00000206120
16242.0	0.0	ST7	ENSG00000004866
16242.0	0.0	ZNF641	ENSG00000167528
16242.0	0.0	CD300LD	ENSG00000204345
16242.0	0.0	RNF111	ENSG00000157450
16242.0	0.0	C21orf58	ENSG00000160298
16242.0	0.0	RGP1	ENSG00000107185
16242.0	0.0	ARL17A	ENSG00000185829
16242.0	0.0	ARL17B	ENSG00000228696
16242.0	0.0	KREMEN1	ENSG00000183762
16242.0	0.0	YDJC	ENSG00000161179
16242.0	0.0	FAM229B	ENSG00000203778
16242.0	0.0	GRAMD2A	ENSG00000175318
16242.0	0.0	CAMKV	ENSG00000164076
16242.0	0.0	ARRDC5	ENSG00000205784
16242.0	0.0	C22orf23	ENSG00000128346
16242.0	0.0	EPS8L1	ENSG00000131037
16242.0	0.0	LIMCH1	ENSG00000064042
16242.0	0.0	ZNF729	ENSG00000196350
16242.0	0.0	ADAD2	ENSG00000140955
16242.0	0.0	TOR1AIP1	ENSG00000143337
16242.0	0.0	BTBD2	ENSG00000133243
16242.0	0.0	SLC25A30	ENSG00000174032
16242.0	0.0	EIF2D	ENSG00000143486
16242.0	0.0	RUFY4	ENSG00000188282
16242.0	0.0	GPR153	ENSG00000158292
16242.0	0.0	KIFC1	ENSG00000237649
16242.0	0.0	NSG2	ENSG00000170091
16242.0	0.0	SLC25A44	ENSG00000160785
16242.0	0.0	SLC26A11	ENSG00000181045
16242.0	0.0	TAC1	ENSG00000006128
16242.0	0.0	DNAI4	ENSG00000152763
16242.0	0.0	MAMSTR	ENSG00000176909
16242.0	0.0	CHODL	ENSG00000154645
16242.0	0.0	SLC52A1	ENSG00000132517
16242.0	0.0	SLC52A2	ENSG00000185803
16242.0	0.0	RHBDD1	ENSG00000144468
16242.0	0.0	ANKRD50	ENSG00000151458
16242.0	0.0	ARHGEF33	ENSG00000214694
16242.0	0.0	KCTD9	ENSG00000104756
16242.0	0.0	RBM4B	ENSG00000173914
16242.0	0.0	RP11-986E7.7	ENSG00000273259
16242.0	0.0	SERPINA3	ENSG00000196136
16242.0	0.0	TUBAL3	ENSG00000178462
16242.0	0.0	EPHA7	ENSG00000135333
16242.0	0.0	BNIP1	ENSG00000113734
16242.0	0.0	FAM216A	ENSG00000204856
16242.0	0.0	RNF157	ENSG00000141576
16242.0	0.0	ZNF182	ENSG00000147118
16242.0	0.0	USP17L1	ENSG00000230549
16242.0	0.0	USP17L10	ENSG00000231396
16242.0	0.0	USP17L11	ENSG00000233136
16242.0	0.0	USP17L12	ENSG00000227551
16242.0	0.0	USP17L13	ENSG00000232399
16242.0	0.0	USP17L15	ENSG00000223569
16242.0	0.0	USP17L17	ENSG00000249104
16242.0	0.0	USP17L18	ENSG00000250844
16242.0	0.0	USP17L19	ENSG00000248920
16242.0	0.0	USP17L20	ENSG00000250745
16242.0	0.0	USP17L21	ENSG00000249811
16242.0	0.0	USP17L23	ENSG00000250913
16242.0	0.0	USP17L3	ENSG00000225327
16242.0	0.0	USP17L4	ENSG00000236125
16242.0	0.0	USP17L5	ENSG00000227140
16242.0	0.0	USP17L6P	ENSG00000205946
16242.0	0.0	USP17L7	ENSG00000226430
16242.0	0.0	USP17L8	ENSG00000237038
16242.0	0.0	CYCTP	ENSG00000249909
16242.0	0.0	TATDN1	ENSG00000147687
16242.0	0.0	FAM170A	ENSG00000164334
16242.0	0.0	CT55	ENSG00000169551
16242.0	0.0	KCNK13	ENSG00000152315
16242.0	0.0	SLC16A6	ENSG00000108932
16242.0	0.0	ANTKMT	ENSG00000103254
16242.0	0.0	C6orf118	ENSG00000112539
16242.0	0.0	CDIP1	ENSG00000089486
16242.0	0.0	SAMD11	ENSG00000187634
16242.0	0.0	SHISA4	ENSG00000198892
16242.0	0.0	TMEM151B	ENSG00000178233
16242.0	0.0	WSCD2	ENSG00000075035
16242.0	0.0	ZNF512	ENSG00000243943
16242.0	0.0	ZNF780A	ENSG00000197782
16242.0	0.0	ANKRD10	ENSG00000088448
16242.0	0.0	ARHGEF40	ENSG00000165801
16242.0	0.0	CCDC125	ENSG00000183323
16242.0	0.0	LCA5L	ENSG00000157578
16242.0	0.0	POM121B	ENSG00000205578
16242.0	0.0	POM121C	ENSG00000135213
16242.0	0.0	TATDN2	ENSG00000157014
16242.0	0.0	C5orf24	ENSG00000181904
16242.0	0.0	DMBT1L1	ENSG00000176584
16242.0	0.0	FAM91A1	ENSG00000176853
16242.0	0.0	FCGBP	ENSG00000090920
16242.0	0.0	GIMAP7	ENSG00000179144
16242.0	0.0	KCTD3	ENSG00000136636
16242.0	0.0	MEF2B	ENSG00000213999
16242.0	0.0	OR8H1	ENSG00000181693
16242.0	0.0	RESF1	ENSG00000174718
16242.0	0.0	TMPRSS12	ENSG00000186452
16242.0	0.0	WFDC1	ENSG00000103175
16242.0	0.0	GPR12	ENSG00000132975
16242.0	0.0	CPA1	ENSG00000091704
16242.0	0.0	INTS3	ENSG00000143624
16242.0	0.0	TM2D2	ENSG00000169490
16242.0	0.0	TXLNA	ENSG00000084652
16242.0	0.0	FAM81A	ENSG00000157470
16242.0	0.0	UBD	ENSG00000213886
16242.0	0.0	DPEP2	ENSG00000167261
16242.0	0.0	RNF187	ENSG00000168159
16242.0	0.0	CTNNBL1	ENSG00000132792
16242.0	0.0	SLC25A25	ENSG00000148339
16242.0	0.0	ABCC5	ENSG00000114770
16242.0	0.0	BRD9	ENSG00000028310
16242.0	0.0	UPK3B	ENSG00000243566
16242.0	0.0	PNLDC1	ENSG00000146453
16242.0	0.0	PLEKHN1	ENSG00000187583
16242.0	0.0	TMEM59L	ENSG00000105696
16242.0	0.0	TPPP2	ENSG00000179636
16242.0	0.0	TRARG1	ENSG00000184811
16242.0	0.0	RIPPLY1	ENSG00000147223
16242.0	0.0	POU6F2	ENSG00000106536
16242.0	0.0	PRKAB2	ENSG00000131791
16242.0	0.0	DCAF12	ENSG00000198876
16242.0	0.0	RP11-1055B8.7	ENSG00000171282
16242.0	0.0	EQTN	ENSG00000120160
16242.0	0.0	FBXL18	ENSG00000155034
16242.0	0.0	PNLIPRP1	ENSG00000187021
16242.0	0.0	SLC1A7	ENSG00000162383
16242.0	0.0	SUSD6	ENSG00000100647
16242.0	0.0	PPP1R3G	ENSG00000219607
16242.0	0.0	HAPLN4	ENSG00000187664
16242.0	0.0	KANK3	ENSG00000186994
16242.0	0.0	FABP5P3	ENSG00000241735
16242.0	0.0	SAA3P	ENSG00000166787
16242.0	0.0	RNF152	ENSG00000176641
16242.0	0.0	SDF4	ENSG00000078808
16242.0	0.0	ITGA10	ENSG00000143127
16242.0	0.0	ADAMTS20	ENSG00000173157
16242.0	0.0	CALHM2	ENSG00000138172
16242.0	0.0	CCDC146	ENSG00000135205
16242.0	0.0	CDKL4	ENSG00000205111
16242.0	0.0	CLDN4	ENSG00000189143
16242.0	0.0	HYAL6P	ENSG00000228211
16242.0	0.0	PCNX2	ENSG00000135749
16242.0	0.0	RBBP8NL	ENSG00000130701
16242.0	0.0	SCRN3	ENSG00000144306
16242.0	0.0	TRAV1-1	ENSG00000255569
16242.0	0.0	TRAV1-2	ENSG00000256553
16242.0	0.0	ZFP92	ENSG00000189420
16242.0	0.0	ZSCAN5A	ENSG00000131848
16242.0	0.0	ZSCAN5B	ENSG00000197213
16242.0	0.0	ZSCAN5C	ENSG00000204532
16242.0	0.0	ZSCAN5DP	ENSG00000267908
16242.0	0.0	CUEDC1	ENSG00000180891
16242.0	0.0	AACS	ENSG00000081760
16242.0	0.0	ADGRB2	ENSG00000121753
16242.0	0.0	AREL1	ENSG00000119682
16242.0	0.0	ATP6V1G2	ENSG00000213760
16242.0	0.0	BRINP2	ENSG00000198797
16242.0	0.0	C3orf33	ENSG00000174928
16242.0	0.0	CCDC120	ENSG00000147144
16242.0	0.0	CCL26	ENSG00000006606
16242.0	0.0	CFAP69	ENSG00000105792
16242.0	0.0	CNOT10	ENSG00000182973
16242.0	0.0	CRACD	ENSG00000109265
16242.0	0.0	DUSP15	ENSG00000149599
16242.0	0.0	DUSP29	ENSG00000188716
16242.0	0.0	GARRE1	ENSG00000166398
16242.0	0.0	GPR137	ENSG00000173264
16242.0	0.0	INSYN2B	ENSG00000204767
16242.0	0.0	IQCH	ENSG00000103599
16242.0	0.0	KCTD16	ENSG00000183775
16242.0	0.0	LOXL4	ENSG00000138131
16242.0	0.0	MRNIP	ENSG00000161010
16242.0	0.0	MXRA8	ENSG00000162576
16242.0	0.0	NYAP1	ENSG00000166924
16242.0	0.0	PIP4P1	ENSG00000165782
16242.0	0.0	PLBD2	ENSG00000151176
16242.0	0.0	RNF214	ENSG00000167257
16242.0	0.0	SDK1	ENSG00000146555
16242.0	0.0	TAS2R14	ENSG00000212127
16242.0	0.0	TMEM129	ENSG00000168936
16242.0	0.0	TSPAN5	ENSG00000168785
16242.0	0.0	TTLL10	ENSG00000162571
16242.0	0.0	ZNF512B	ENSG00000196700
16242.0	0.0	ZNF536	ENSG00000198597
16242.0	0.0	AGFG1	ENSG00000173744
16242.0	0.0	MPIG6B	ENSG00000204420
16242.0	0.0	P2RX5	ENSG00000083454
16242.0	0.0	CHD6	ENSG00000124177
16242.0	0.0	CCNJ	ENSG00000107443
16242.0	0.0	BTBD3	ENSG00000132640
16242.0	0.0	TMEM249	ENSG00000214597
16242.0	0.0	ING4	ENSG00000111653
16242.0	0.0	GJB5	ENSG00000189280
16242.0	0.0	BPIFB1	ENSG00000125999
16242.0	0.0	FAM217B	ENSG00000196227
16242.0	0.0	SERPINA2	ENSG00000258597
16242.0	0.0	CIBAR1	ENSG00000188343
16242.0	0.0	GGTA1	ENSG00000204136
16242.0	0.0	FER1L5	ENSG00000249715
16242.0	0.0	ZDHHC19	ENSG00000163958
16242.0	0.0	DNAJB3	ENSG00000227802
16242.0	0.0	FAM53C	ENSG00000120709
16242.0	0.0	MCM8	ENSG00000125885
16242.0	0.0	PIP5K1B	ENSG00000107242
16242.0	0.0	ABCG2	ENSG00000118777
16242.0	0.0	CPXM1	ENSG00000088882
16242.0	0.0	GARNL3	ENSG00000136895
16242.0	0.0	ERC1	ENSG00000082805
16242.0	0.0	PLEKHG3	ENSG00000126822
16242.0	0.0	VPS9D1	ENSG00000075399
16242.0	0.0	FREY1	ENSG00000234776
16242.0	0.0	TMEM95	ENSG00000182896
16242.0	0.0	NREP	ENSG00000134986
16242.0	0.0	ADAM3A	ENSG00000197475
16242.0	0.0	PRSS37	ENSG00000165076
16242.0	0.0	PCDH20	ENSG00000197991
16242.0	0.0	CEP170B	ENSG00000099814
16242.0	0.0	FBXO21	ENSG00000135108
16242.0	0.0	GRB7	ENSG00000141738
16242.0	0.0	SLC17A2	ENSG00000112337
16242.0	0.0	TTC9	ENSG00000133985
16242.0	0.0	ARRB2	ENSG00000141480
16242.0	0.0	PGRMC2	ENSG00000164040
16242.0	0.0	RRH	ENSG00000180245
16242.0	0.0	CFAP119	ENSG00000196118
16242.0	0.0	DNAH7	ENSG00000118997
16242.0	0.0	IFTAP	ENSG00000166352
16242.0	0.0	IL36G	ENSG00000136688
16242.0	0.0	PAQR9	ENSG00000188582
16242.0	0.0	ATL3	ENSG00000184743
16242.0	0.0	DIO1	ENSG00000211452
16242.0	0.0	ARMC12	ENSG00000157343
16242.0	0.0	NICOL1	ENSG00000243449
16242.0	0.0	TEX101	ENSG00000131126
16242.0	0.0	CCDC178	ENSG00000166960
16242.0	0.0	LPCAT2BP	ENSG00000233228
16242.0	0.0	VWA5A	ENSG00000110002
16242.0	0.0	PITHD1	ENSG00000057757
16242.0	0.0	BPIFA2	ENSG00000131050
16242.0	0.0	SPPL2A	ENSG00000138600
16242.0	0.0	C2CD6	ENSG00000155754
16242.0	0.0	BECN2	ENSG00000196289
16242.0	0.0	WDR13	ENSG00000101940
16242.0	0.0	SDK2	ENSG00000069188
16242.0	0.0	APBA1	ENSG00000107282
16242.0	0.0	BPIFC	ENSG00000184459
16242.0	0.0	FNBP1	ENSG00000187239
16242.0	0.0	RTL3	ENSG00000179300
16242.0	0.0	TMC4	ENSG00000167608
16242.0	0.0	CEP128	ENSG00000100629
16242.0	0.0	WDR48	ENSG00000114742
16242.0	0.0	C3orf62	ENSG00000188315
16242.0	0.0	ARL15	ENSG00000185305
16242.0	0.0	ADGRF4	ENSG00000153294
16242.0	0.0	CLDND2	ENSG00000160318
16242.0	0.0	POLDIP3	ENSG00000100227
16242.0	0.0	QRICH2	ENSG00000129646
16242.0	0.0	RNASE13	ENSG00000206150
16242.0	0.0	CYLC1	ENSG00000183035
16242.0	0.0	INKA2	ENSG00000197852
16242.0	0.0	SMAP2	ENSG00000084070
16242.0	0.0	PAN3	ENSG00000152520
16242.0	0.0	ADAM11	ENSG00000073670
16242.0	0.0	ADAM18	ENSG00000168619
16242.0	0.0	DNASE1L1	ENSG00000013563
16242.0	0.0	GALNT14	ENSG00000158089
16242.0	0.0	HLA-DRB5	ENSG00000198502
16242.0	0.0	MTMR11	ENSG00000014914
16242.0	0.0	ITFG2	ENSG00000111203
16242.0	0.0	MYOM2	ENSG00000036448
16242.0	0.0	RNASE6	ENSG00000169413
16242.0	0.0	PLET1	ENSG00000188771
16242.0	0.0	BCO2	ENSG00000197580
16242.0	0.0	PRRC1	ENSG00000164244
16242.0	0.0	ASB5	ENSG00000164122
16242.0	0.0	ANKRD65	ENSG00000235098
16242.0	0.0	CARMIL3	ENSG00000186648
16242.0	0.0	CNRIP1	ENSG00000119865
16242.0	0.0	CST9L	ENSG00000101435
16242.0	0.0	KRT32	ENSG00000108759
16242.0	0.0	OTUD3	ENSG00000169914
16242.0	0.0	PPIE	ENSG00000084072
16242.0	0.0	RASSF10	ENSG00000189431
16242.0	0.0	SLC46A3	ENSG00000139508
16242.0	0.0	SLCO6A1	ENSG00000205359
16242.0	0.0	TEX36	ENSG00000175018
16242.0	0.0	TMEM14A	ENSG00000096092
16242.0	0.0	TPGS1	ENSG00000141933
16242.0	0.0	ZGRF1	ENSG00000138658
16242.0	0.0	ZMIZ2	ENSG00000122515
16242.0	0.0	SLC6A15	ENSG00000072041
16242.0	0.0	TMEM45B	ENSG00000151715
16242.0	0.0	KIAA1143	ENSG00000163807
16242.0	0.0	ENPP7	ENSG00000182156
16242.0	0.0	BORCS5	ENSG00000165714
16242.0	0.0	CEP295	ENSG00000166004
16242.0	0.0	DDX31	ENSG00000125485
16242.0	0.0	FLYWCH1	ENSG00000059122
16242.0	0.0	RBM48	ENSG00000127993
16242.0	0.0	TM2D1	ENSG00000162604
16242.0	0.0	C16orf92	ENSG00000167194
16242.0	0.0	DCST1	ENSG00000163357
16242.0	0.0	DCST2	ENSG00000163354
16242.0	0.0	SPATA3	ENSG00000173699
16242.0	0.0	SPATA33	ENSG00000167523
16242.0	0.0	CPNE5	ENSG00000124772
16242.0	0.0	FGFBP3	ENSG00000174721
16242.0	0.0	NCBP2L	ENSG00000170935
16242.0	0.0	NPSR1	ENSG00000187258
16242.0	0.0	NRAP	ENSG00000197893
16242.0	0.0	PPP1R2B	ENSG00000231989
16242.0	0.0	PPP1R2P1	ENSG00000234515
16242.0	0.0	TMTC2	ENSG00000179104
16242.0	0.0	ZSCAN2	ENSG00000176371
16242.0	0.0	TNS2	ENSG00000111077
16242.0	0.0	FLOT1	ENSG00000137312
16242.0	0.0	STARD9	ENSG00000159433
16242.0	0.0	M1AP	ENSG00000159374
16242.0	0.0	SHOC1	ENSG00000165181
16242.0	0.0	C2	ENSG00000166278
16242.0	0.0	EPCIP	ENSG00000205929
16242.0	0.0	SH2D5	ENSG00000189410
16242.0	0.0	SKIDA1	ENSG00000180592
16242.0	0.0	ARMT1	ENSG00000146476
16242.0	0.0	C3orf84	ENSG00000236980
16242.0	0.0	CACFD1	ENSG00000160325
16242.0	0.0	CD84	ENSG00000066294
16242.0	0.0	CENPVL3	ENSG00000224109
16242.0	0.0	CYP2D7	ENSG00000205702
16242.0	0.0	DEFB104B	ENSG00000177023
16242.0	0.0	DEFB106A	ENSG00000186579
16242.0	0.0	DEFB106B	ENSG00000187082
16242.0	0.0	DEFB108B	ENSG00000184276
16242.0	0.0	DEFB134	ENSG00000205882
16242.0	0.0	FAM43A	ENSG00000185112
16242.0	0.0	FAM83C	ENSG00000125998
16242.0	0.0	FAXC	ENSG00000146267
16242.0	0.0	FREM3	ENSG00000183090
16242.0	0.0	GDF10	ENSG00000107623
16242.0	0.0	GRAMD1C	ENSG00000178075
16242.0	0.0	HERPUD2	ENSG00000122557
16242.0	0.0	LIPM	ENSG00000173239
16242.0	0.0	LSM2	ENSG00000204392
16242.0	0.0	MCF2L	ENSG00000126217
16242.0	0.0	PAQR6	ENSG00000160781
16242.0	0.0	RBM6	ENSG00000004534
16242.0	0.0	RNF170	ENSG00000120925
16242.0	0.0	SCRN1	ENSG00000136193
16242.0	0.0	SLC48A1	ENSG00000211584
16242.0	0.0	SMPDL3B	ENSG00000130768
16242.0	0.0	SNORC	ENSG00000182600
16242.0	0.0	UBE2O	ENSG00000175931
16242.0	0.0	VAT1L	ENSG00000171724
16242.0	0.0	ZNF175	ENSG00000105497
16242.0	0.0	ASB11	ENSG00000165192
16242.0	0.0	C1orf56	ENSG00000143443
16242.0	0.0	HTATIP2	ENSG00000109854
16242.0	0.0	MAP7	ENSG00000135525
16242.0	0.0	TMEM45A	ENSG00000181458
16242.0	0.0	PUM3	ENSG00000080608
16242.0	0.0	DIP2C	ENSG00000151240
16242.0	0.0	TRIM16	ENSG00000221926
16242.0	0.0	TRIM16L	ENSG00000108448
16242.0	0.0	CCDC115	ENSG00000136710
16242.0	0.0	MEIOB	ENSG00000162039
16242.0	0.0	LLCFC1	ENSG00000165131
16242.0	0.0	CCDC169-SOHLH2	ENSG00000250709
16242.0	0.0	SRGAP2B	ENSG00000196369
16242.0	0.0	SRGAP2C	ENSG00000171943
16242.0	0.0	CDK14	ENSG00000058091
16242.0	0.0	ATG4A	ENSG00000101844
16242.0	0.0	TESMIN	ENSG00000132749
16242.0	0.0	MFSD2B	ENSG00000205639
16242.0	0.0	PRSS53	ENSG00000151006
16242.0	0.0	EID2B	ENSG00000176401
16242.0	0.0	MRPS35	ENSG00000061794
16242.0	0.0	EPGN	ENSG00000182585
16242.0	0.0	MFSD4B	ENSG00000173214
16242.0	0.0	NT5DC2	ENSG00000168268
16242.0	0.0	PFDN6	ENSG00000204220
16242.0	0.0	SVOP	ENSG00000166111
16242.0	0.0	ZNF689	ENSG00000156853
16242.0	0.0	ATAD3C	ENSG00000215915
16242.0	0.0	DIDO1	ENSG00000101191
16242.0	0.0	ENO4	ENSG00000188316
16242.0	0.0	DEFB4B	ENSG00000177257
16242.0	0.0	EVA1C	ENSG00000166979
16242.0	0.0	CCDC157	ENSG00000187860
16242.0	0.0	PLAC9	ENSG00000189129
16242.0	0.0	OIT3	ENSG00000138315
16242.0	0.0	RNF169	ENSG00000166439
16242.0	0.0	MOV10L1	ENSG00000073146
16242.0	0.0	KIF12	ENSG00000136883
16242.0	0.0	FAM43B	ENSG00000183114
16242.0	0.0	NXF5	ENSG00000126952
16242.0	0.0	MYOM3	ENSG00000142661
16242.0	0.0	ODF2L	ENSG00000122417
16242.0	0.0	TMPRSS13	ENSG00000137747
16242.0	0.0	SEZ6L2	ENSG00000174938
16242.0	0.0	CXCL8	ENSG00000169429
16242.0	0.0	RBM5	ENSG00000003756
16242.0	0.0	CPAMD8	ENSG00000160111
16242.0	0.0	CCDC184	ENSG00000177875
16242.0	0.0	FAM222A	ENSG00000139438
16242.0	0.0	FER1L4	ENSG00000088340
16242.0	0.0	RIIAD1	ENSG00000178796
16242.0	0.0	C5orf46	ENSG00000178776
16242.0	0.0	CCDC148	ENSG00000153237
16242.0	0.0	CDH20	ENSG00000101542
16242.0	0.0	CXorf65	ENSG00000204165
16242.0	0.0	KLHDC7A	ENSG00000179023
16242.0	0.0	LRRC49	ENSG00000137821
16242.0	0.0	RNF138	ENSG00000134758
16242.0	0.0	DAZ2	ENSG00000205944
16242.0	0.0	DAZ3	ENSG00000187191
16242.0	0.0	RSAD1	ENSG00000136444
16242.0	0.0	C1orf146	ENSG00000203910
16242.0	0.0	MEIOC	ENSG00000180336
16242.0	0.0	ZNF141	ENSG00000131127
16242.0	0.0	PPP1R10	ENSG00000204569
16242.0	0.0	SPATA16	ENSG00000144962
16242.0	0.0	HORMAD1	ENSG00000143452
16242.0	0.0	TOPAZ1	ENSG00000173769
16242.0	0.0	ZCWPW1	ENSG00000078487
16242.0	0.0	ANKRD31	ENSG00000145700
16242.0	0.0	SPATA20	ENSG00000006282
16242.0	0.0	SSMEM1	ENSG00000165120
16242.0	0.0	PRDM7	ENSG00000126856
16242.0	0.0	TSPAN2	ENSG00000134198
16242.0	0.0	POMZP3	ENSG00000146707
16242.0	0.0	ISM1	ENSG00000101230
16242.0	0.0	KRT90P	ENSG00000257844
16242.0	0.0	ADGRD1	ENSG00000111452
16242.0	0.0	BABAM2	ENSG00000158019
16242.0	0.0	C14orf39	ENSG00000179008
16242.0	0.0	C19orf44	ENSG00000105072
16242.0	0.0	C1orf174	ENSG00000198912
16242.0	0.0	MTURN	ENSG00000180354
16242.0	0.0	OSBPL3	ENSG00000070882
16242.0	0.0	RABL6	ENSG00000196642
16242.0	0.0	RWDD2A	ENSG00000013392
16242.0	0.0	SNAP47	ENSG00000143740
16242.0	0.0	TBC1D16	ENSG00000167291
16242.0	0.0	TEX261	ENSG00000144043
16242.0	0.0	TEX38	ENSG00000186118
16242.0	0.0	TMEM42	ENSG00000169964
16242.0	0.0	ZBTB45	ENSG00000119574
16242.0	0.0	ZC3H12C	ENSG00000149289
16242.0	0.0	ZNF767P	ENSG00000133624
16242.0	0.0	LURAP1	ENSG00000171357
16242.0	0.0	CD300LG	ENSG00000161649
16242.0	0.0	HECTD2	ENSG00000165338
16242.0	0.0	BNIP5	ENSG00000189325
16242.0	0.0	NHSL1	ENSG00000135540
16242.0	0.0	BRME1	ENSG00000132016
16242.0	0.0	TDRD1	ENSG00000095627
16242.0	0.0	ZNF628	ENSG00000197483
16242.0	0.0	METTL25	ENSG00000127720
16242.0	0.0	BEND2	ENSG00000177324
16242.0	0.0	MAJIN	ENSG00000168070
16242.0	0.0	RBMXL3	ENSG00000175718
16242.0	0.0	TOP6BL	ENSG00000173715
16242.0	0.0	NANOGP1	ENSG00000176654
16242.0	0.0	NANOGP8	ENSG00000255192
16242.0	0.0	ADAM1A	ENSG00000229186
16242.0	0.0	LY6K	ENSG00000160886
16242.0	0.0	OVCH2	ENSG00000183378
16242.0	0.0	TTC6	ENSG00000139865
16242.0	0.0	ZAN	ENSG00000146839
16242.0	0.0	CDKL2	ENSG00000138769
16242.0	0.0	TRIP10	ENSG00000125733
16242.0	0.0	EEPD1	ENSG00000122547
16242.0	0.0	AK2	ENSG00000004455
16242.0	0.0	RP4-592A1.2	ENSG00000185839
16242.0	0.0	YTHDF3	ENSG00000185728
16242.0	0.0	RNF212	ENSG00000178222
16242.0	0.0	PHF13	ENSG00000116273
16242.0	0.0	PIWIL2	ENSG00000197181
16242.0	0.0	PMS2P1	ENSG00000078319
16242.0	0.0	PMS2P2	ENSG00000174368
16242.0	0.0	PARP12	ENSG00000059378
16242.0	0.0	KRT33A	ENSG00000006059
16242.0	0.0	KRT33B	ENSG00000131738
16242.0	0.0	PRRG4	ENSG00000135378
16242.0	0.0	URAHP	ENSG00000222019
16242.0	0.0	GULP1	ENSG00000144366
16242.0	0.0	RSBN1	ENSG00000081019
16242.0	0.0	WWC2	ENSG00000151718
16242.0	0.0	COL14A1	ENSG00000187955
16242.0	0.0	TCIM	ENSG00000176907
16242.0	0.0	TMEM63A	ENSG00000196187
16242.0	0.0	ALDH3B1	ENSG00000006534
16242.0	0.0	ENPP4	ENSG00000001561
16242.0	0.0	FRMPD1	ENSG00000070601
16242.0	0.0	GPSM3	ENSG00000213654
16242.0	0.0	KCNN1	ENSG00000105642
16242.0	0.0	MAB21L4	ENSG00000172478
16242.0	0.0	PTER	ENSG00000165983
16242.0	0.0	SAPCD1	ENSG00000228727
16242.0	0.0	TATDN3	ENSG00000203705
16242.0	0.0	TTC39B	ENSG00000155158
16242.0	0.0	KLK12	ENSG00000186474
16242.0	0.0	ANKIB1	ENSG00000001629
16242.0	0.0	CCDC33	ENSG00000140481
16242.0	0.0	ITM2C	ENSG00000135916
16242.0	0.0	MXRA7	ENSG00000182534
16242.0	0.0	SERPINB12	ENSG00000166634
16242.0	0.0	SPATA6	ENSG00000132122
16242.0	0.0	ZNF831	ENSG00000124203
16242.0	0.0	REC114	ENSG00000183324
16242.0	0.0	CDH19	ENSG00000071991
16242.0	0.0	CEACAM21	ENSG00000007129
16242.0	0.0	CFAP61	ENSG00000089101
16242.0	0.0	LYSMD1	ENSG00000163155
16242.0	0.0	METTL24	ENSG00000053328
16242.0	0.0	NINJ2	ENSG00000171840
16242.0	0.0	NKPD1	ENSG00000179846
16242.0	0.0	NRDE2	ENSG00000119720
16242.0	0.0	PRDM10	ENSG00000170325
16242.0	0.0	ZNF654	ENSG00000175105
16242.0	0.0	FCAMR	ENSG00000162897
16242.0	0.0	CBFA2T3	ENSG00000129993
16242.0	0.0	PAFAH1B2	ENSG00000168092
16242.0	0.0	SHCBP1L	ENSG00000157060
16242.0	0.0	USP16	ENSG00000156256
16242.0	0.0	TSPAN18	ENSG00000157570
16242.0	0.0	ABCA9	ENSG00000154258
16242.0	0.0	CEP95	ENSG00000258890
16242.0	0.0	KIAA0232	ENSG00000170871
16242.0	0.0	OFCC1	ENSG00000181355
16242.0	0.0	PRR15L	ENSG00000167183
16242.0	0.0	RIMS3	ENSG00000117016
16242.0	0.0	SPPL2C	ENSG00000185294
16242.0	0.0	ORC3	ENSG00000135336
16242.0	0.0	INCA1	ENSG00000196388
16242.0	0.0	GCNA	ENSG00000147174
16242.0	0.0	CCDC62	ENSG00000130783
16242.0	0.0	AXDND1	ENSG00000162779
16242.0	0.0	DPY19L2P1	ENSG00000189212
16242.0	0.0	DPY19L2P2	ENSG00000170629
16242.0	0.0	SPMIP7	ENSG00000164500
16242.0	0.0	XKR8	ENSG00000158156
16242.0	0.0	FIGNL1	ENSG00000132436
16242.0	0.0	LIX1L	ENSG00000152022
16242.0	0.0	EZHIP	ENSG00000187690
16242.0	0.0	ILDR2	ENSG00000143195
16242.0	0.0	LYPD8	ENSG00000266949
16242.0	0.0	LGALS12	ENSG00000133317
16242.0	0.0	ZNF516	ENSG00000101493
16242.0	0.0	IKZF3	ENSG00000161405
16242.0	0.0	TRAC	ENSG00000229164
16242.0	0.0	TM6SF2	ENSG00000213996
16242.0	0.0	FIBIN	ENSG00000176971
16242.0	0.0	TRIM50	ENSG00000146755
16242.0	0.0	TRIM73	ENSG00000178809
16242.0	0.0	TRIM74	ENSG00000155428
16242.0	0.0	ZNF800	ENSG00000048405
16242.0	0.0	ECE2	ENSG00000145194
16242.0	0.0	ZSWIM1	ENSG00000168612
16242.0	0.0	BDP1	ENSG00000145734
16242.0	0.0	ZMYND15	ENSG00000141497
16242.0	0.0	IQCF1	ENSG00000173389
16242.0	0.0	HERC4	ENSG00000148634
16242.0	0.0	C1QTNF7	ENSG00000163145
16242.0	0.0	C18orf63	ENSG00000206043
16242.0	0.0	C22orf39	ENSG00000242259
16242.0	0.0	MAEL	ENSG00000143194
16242.0	0.0	PGAP6	ENSG00000129925
16242.0	0.0	SLC7A2	ENSG00000003989
16242.0	0.0	TRIM5	ENSG00000132256
16242.0	0.0	ADGRG3	ENSG00000182885
16242.0	0.0	TERB1	ENSG00000249961
16242.0	0.0	GPR155	ENSG00000163328
16242.0	0.0	CENPN	ENSG00000166451
16242.0	0.0	CCPG1	ENSG00000260916
16242.0	0.0	GJA9	ENSG00000131233
16242.0	0.0	TM4SF18	ENSG00000163762
16242.0	0.0	BTBD16	ENSG00000138152
16242.0	0.0	PEMT	ENSG00000133027
16242.0	0.0	LGALS13	ENSG00000105198
16242.0	0.0	LGALS14	ENSG00000006659
16242.0	0.0	LGALS16	ENSG00000249861
16242.0	0.0	GPR146	ENSG00000164849
16242.0	0.0	C20orf96	ENSG00000196476
16242.0	0.0	CRISP1	ENSG00000124812
16242.0	0.0	CFAP58	ENSG00000120051
16242.0	0.0	ANKRD55	ENSG00000164512
16242.0	0.0	TNFSF12-TNFSF13	ENSG00000248871
16242.0	0.0	AOPEP	ENSG00000148120
16242.0	0.0	CYP3A43	ENSG00000021461
16242.0	0.0	KRT76	ENSG00000185069
16242.0	0.0	ATP11C	ENSG00000101974
16242.0	0.0	ERFE	ENSG00000178752
16242.0	0.0	HSD17B13	ENSG00000170509
16242.0	0.0	SLC5A10	ENSG00000154025
16242.0	0.0	ANGPTL7	ENSG00000171819
16242.0	0.0	C2CD4A	ENSG00000198535
16242.0	0.0	BICDL2	ENSG00000162069
16242.0	0.0	BTBD17	ENSG00000204347
16242.0	0.0	SLC22A10	ENSG00000184999
16242.0	0.0	BBOF1	ENSG00000119636
16242.0	0.0	CABS1	ENSG00000145309
16242.0	0.0	CCIN	ENSG00000185972
16242.0	0.0	CFAP44	ENSG00000206530
16242.0	0.0	CNIH4	ENSG00000143771
16242.0	0.0	DNAH17	ENSG00000187775
16242.0	0.0	FAM209A	ENSG00000124103
16242.0	0.0	FAM209B	ENSG00000213714
16242.0	0.0	GGNBP1	ENSG00000204188
16242.0	0.0	GMCL1	ENSG00000087338
16242.0	0.0	GMCL2	ENSG00000244234
16242.0	0.0	IQUB	ENSG00000164675
16242.0	0.0	ITPRIPL1	ENSG00000198885
16242.0	0.0	LCN8	ENSG00000204001
16242.0	0.0	NSUN7	ENSG00000179299
16242.0	0.0	NUP210L	ENSG00000143552
16242.0	0.0	ROPN1B	ENSG00000114547
16242.0	0.0	SPACA1	ENSG00000118434
16242.0	0.0	STK33	ENSG00000130413
16242.0	0.0	TEKT2	ENSG00000092850
16242.0	0.0	TMEM232	ENSG00000186952
16242.0	0.0	TTC21A	ENSG00000168026
16242.0	0.0	TTLL9	ENSG00000131044
16242.0	0.0	SYTL2	ENSG00000137501
16242.0	0.0	PROX2	ENSG00000119608
16242.0	0.0	ZNF226	ENSG00000167380
16242.0	0.0	PRDM11	ENSG00000019485
16242.0	0.0	TSPO2	ENSG00000112212
16242.0	0.0	OSCAR	ENSG00000170909
16242.0	0.0	CFAP157	ENSG00000160401
16242.0	0.0	ADAM5	ENSG00000196115
16242.0	0.0	ATL2	ENSG00000119787
16242.0	0.0	FAM24A	ENSG00000203795
16242.0	0.0	FAM24B	ENSG00000213185
16242.0	0.0	SUSD1	ENSG00000106868
16242.0	0.0	TMEM9B	ENSG00000175348
16242.0	0.0	ZCCHC2	ENSG00000141664
16242.0	0.0	ZNF532	ENSG00000074657
16242.0	0.0	TARM1	ENSG00000248385
16242.0	0.0	ARMC3	ENSG00000165309
16242.0	0.0	LRRC46	ENSG00000141294
16242.0	0.0	RFTN1	ENSG00000131378
16242.0	0.0	MST1L	ENSG00000186715
16242.0	0.0	CYBRD1	ENSG00000071967
16242.0	0.0	NME2P1	ENSG00000123009
16242.0	0.0	PZP	ENSG00000126838
16242.0	0.0	RHBDD3	ENSG00000100263
16242.0	0.0	ITGBL1	ENSG00000198542
16242.0	0.0	PAXX	ENSG00000148362
16242.0	0.0	TMIGD1	ENSG00000182271
16242.0	0.0	PRAP1	ENSG00000165828
16242.0	0.0	ZBBX	ENSG00000169064
16242.0	0.0	SIGLEC8	ENSG00000105366
16242.0	0.0	UPF2	ENSG00000151461
16242.0	0.0	CYP2F2P	ENSG00000237118
16242.0	0.0	ESYT2	ENSG00000117868
16242.0	0.0	KLRG2	ENSG00000188883
16242.0	0.0	LAT2	ENSG00000086730
16242.0	0.0	C6orf58	ENSG00000184530
16242.0	0.0	LSP1	ENSG00000130592
16242.0	0.0	AQP12A	ENSG00000184945
16242.0	0.0	CYTL1	ENSG00000170891
16242.0	0.0	FCGR1A	ENSG00000150337
16242.0	0.0	TPSB2	ENSG00000197253
16242.0	0.0	CTDSPL2	ENSG00000137770
16242.0	0.0	KNOP1	ENSG00000103550
16242.0	0.0	MTARC1	ENSG00000186205
16242.0	0.0	SAMD3	ENSG00000164483
16242.0	0.0	TRIM62	ENSG00000116525
16242.0	0.0	VSIR	ENSG00000107738
16242.0	0.0	DYRK3	ENSG00000143479
16242.0	0.0	C12orf43	ENSG00000157895
16242.0	0.0	GTDC1	ENSG00000121964
16242.0	0.0	PRR7	ENSG00000131188
16242.0	0.0	SNRNP25	ENSG00000161981
16242.0	0.0	SNRNP48	ENSG00000168566
16242.0	0.0	CD8B	ENSG00000172116
16242.0	0.0	CD8B2	ENSG00000254126
16242.0	0.0	STPG4	ENSG00000239605
16242.0	0.0	SHFL	ENSG00000130813
16242.0	0.0	FAM72A	ENSG00000196550
16242.0	0.0	FAM72B	ENSG00000188610
16242.0	0.0	FAM72C	ENSG00000203817
16242.0	0.0	FAM72D	ENSG00000215784
16242.0	0.0	C1QTNF4	ENSG00000172247
16242.0	0.0	EPSTI1	ENSG00000133106
16242.0	0.0	ABHD10	ENSG00000144827
16242.0	0.0	ALG1L2	ENSG00000251287
16242.0	0.0	CDC42EP5	ENSG00000167617
16242.0	0.0	ERICH2	ENSG00000204334
16242.0	0.0	ETAA1	ENSG00000143971
16242.0	0.0	HERC6	ENSG00000138642
16242.0	0.0	ITPRID1	ENSG00000180347
16242.0	0.0	NFKBID	ENSG00000167604
16242.0	0.0	LAIR1	ENSG00000167613
16242.0	0.0	C1QL2	ENSG00000144119
16242.0	0.0	CYP2AB1P	ENSG00000233441
16242.0	0.0	IFT70A	ENSG00000197557
16242.0	0.0	MB21D2	ENSG00000180611
16242.0	0.0	SPDYE1	ENSG00000136206
16242.0	0.0	SPDYE2	ENSG00000205238
16242.0	0.0	SPDYE2B	ENSG00000173678
16242.0	0.0	SPDYE3	ENSG00000214300
16242.0	0.0	SPDYE4	ENSG00000183318
16242.0	0.0	SPDYE6	ENSG00000166667
16242.0	0.0	SPDYE7P	ENSG00000179994
16242.0	0.0	SPDYE8	ENSG00000198305
16242.0	0.0	SPDYE9	ENSG00000186645
16242.0	0.0	ZNF488	ENSG00000165388
16242.0	0.0	CTSE	ENSG00000196188
16242.0	0.0	PPDPF	ENSG00000125534
16242.0	0.0	SLC4A9	ENSG00000113073
16242.0	0.0	APCDD1L	ENSG00000198768
16242.0	0.0	DRAM1	ENSG00000136048
16242.0	0.0	NRSN2	ENSG00000125841
16242.0	0.0	NYNRIN	ENSG00000205978
16242.0	0.0	SIDT1	ENSG00000072858
16242.0	0.0	PSMB9	ENSG00000240065
16242.0	0.0	TMEM14B	ENSG00000137210
16242.0	0.0	TMEM14C	ENSG00000111843
16242.0	0.0	TMEM14DP	ENSG00000214881
16242.0	0.0	HNRNPLL	ENSG00000143889
16242.0	0.0	TRBV10-1	ENSG00000211717
16242.0	0.0	TRBV10-2	ENSG00000229769
16242.0	0.0	SLC16A13	ENSG00000174327
16242.0	0.0	TMEM183A	ENSG00000163444
16242.0	0.0	TNFRSF25	ENSG00000215788
16242.0	0.0	IGHA1	ENSG00000211895
16242.0	0.0	IGHA2	ENSG00000211890
16242.0	0.0	IGHG3	ENSG00000211897
16242.0	0.0	IGHG4	ENSG00000211892
16242.0	0.0	SIGLEC16	ENSG00000161643
16242.0	0.0	GABPB2	ENSG00000143458
16242.0	0.0	KANK2	ENSG00000197256
16242.0	0.0	IGLC2	ENSG00000211677
16242.0	0.0	IGLC3	ENSG00000211679
16242.0	0.0	IGLC6	ENSG00000222037
16242.0	0.0	TOR1B	ENSG00000136816
16242.0	0.0	SNX7	ENSG00000162627
16242.0	0.0	C10orf71	ENSG00000177354
16242.0	0.0	NKG7	ENSG00000105374
16242.0	0.0	TMEM219	ENSG00000149932
16242.0	0.0	RIOX2	ENSG00000170854
16242.0	0.0	RP11-3N2.13	ENSG00000214652
16242.0	0.0	ZNF678	ENSG00000181450
16242.0	0.0	ZNF681	ENSG00000196172
16242.0	0.0	ZNF682	ENSG00000197124
16242.0	0.0	ZNF695	ENSG00000197472
16242.0	0.0	ZNF724	ENSG00000196081
16242.0	0.0	ZNF727	ENSG00000257482
16242.0	0.0	ZNF736	ENSG00000234444
16242.0	0.0	ZNF738	ENSG00000172687
16242.0	0.0	LTF	ENSG00000012223
16242.0	0.0	GPR174	ENSG00000147138
16242.0	0.0	DNAJC27	ENSG00000115137
16242.0	0.0	APOA4	ENSG00000110244
16242.0	0.0	BPI	ENSG00000101425
16242.0	0.0	DMBT1	ENSG00000187908
16242.0	0.0	TRIM58	ENSG00000162722
16242.0	0.0	CLEC4G	ENSG00000182566
16242.0	0.0	METRNL	ENSG00000176845
16242.0	0.0	SCARA5	ENSG00000168079
16242.0	0.0	SAA1	ENSG00000173432
16242.0	0.0	HLA-DQA2	ENSG00000237541
16242.0	0.0	IBTK	ENSG00000005700
16242.0	0.0	TRIM27	ENSG00000204713
16242.0	0.0	GJA4	ENSG00000187513
16242.0	0.0	GAPT	ENSG00000175857
16242.0	0.0	CEP112	ENSG00000154240
16242.0	0.0	ZNF318	ENSG00000171467
16242.0	0.0	NCLN	ENSG00000125912
