pair_id,gene_concept_id,gene_curie,gene_label,disease_concept_id,disease_curie,disease_label,seed_phenotype_count,seed_phenotype_rarity_score,shared_phenotype_count,shared_phenotype_rarity_score,phenotype_jaccard,shared_ratio_to_gene,shared_ratio_to_disease,gene_alias_count,gene_member_count,gene_xref_count,gene_phenotype_count,gene_out_degree,disease_alias_count,disease_member_count,disease_xref_count,disease_phenotype_count,disease_lacks_phenotype_count,disease_in_degree,disease_out_degree,disease_trial_count
5375cc2c9eba51a428453e92c3166667,51285,NCBIGene:2177,FANCD2,9215,MONDO:0009215,Fanconi anemia complementation group A,5,1.6166666666666667,128,4.5061440832325275,0.7529411764705882,0.8152866242038217,0.9078014184397163,1,2,0,157,163,17,1,7,141,0,10,143,8
96452e4cf196692b0cdf62181a488ac9,51286,NCBIGene:2178,FANCE,9215,MONDO:0009215,Fanconi anemia complementation group A,5,1.6166666666666667,128,4.4535366165911645,0.8421052631578947,0.920863309352518,0.9078014184397163,1,2,0,139,145,17,1,7,141,0,10,143,8
96c76a1a55ff25a606b5da32bb0d477d,51284,NCBIGene:2176,FANCC,9215,MONDO:0009215,Fanconi anemia complementation group A,4,1.4166666666666667,127,4.450896162273997,0.7839506172839507,0.8581081081081081,0.900709219858156,1,2,0,148,155,17,1,7,141,0,10,143,8
a1efb5f35aa370de5b0b302714bfdb3c,54434,NCBIGene:55215,FANCI,9215,MONDO:0009215,Fanconi anemia complementation group A,5,1.5666666666666667,115,3.710328326827619,0.6460674157303371,0.756578947368421,0.8156028368794326,1,2,0,152,158,17,1,7,141,0,10,143,8
8cb7c49f294535c9c84c920e4ad066ef,55081,NCBIGene:84464,SLX4,9215,MONDO:0009215,Fanconi anemia complementation group A,5,1.5666666666666667,113,3.607451258818578,0.7290322580645161,0.889763779527559,0.8014184397163121,1,2,0,127,133,17,1,7,141,0,10,143,8
9d1eed4312674e83f068df2ce8b293f3,53490,NCBIGene:10297,APC2,19349,MONDO:0019349,Sotos syndrome,4,1.2333333333333334,112,3.20619338068576,0.4765957446808511,0.7516778523489933,0.5656565656565656,1,2,0,149,154,12,1,17,198,0,3,202,0
28ade002e47c3bd13e313a12db72c219,54404,NCBIGene:55120,FANCL,9215,MONDO:0009215,Fanconi anemia complementation group A,5,1.5666666666666667,111,3.636121807705668,0.6342857142857142,0.7655172413793103,0.7872340425531915,1,2,0,145,151,17,1,7,141,0,10,143,8
6f2e2ac8442cd4053b17af8aa94a3f2a,51291,NCBIGene:2188,FANCF,9215,MONDO:0009215,Fanconi anemia complementation group A,4,1.3666666666666667,111,3.6044225490331936,0.6453488372093024,0.7816901408450704,0.7872340425531915,1,2,0,142,148,17,1,7,141,0,10,143,8
2b8a877437d68bf7707744e59eeaf0bc,54082,NCBIGene:29089,UBE2T,9215,MONDO:0009215,Fanconi anemia complementation group A,5,1.5666666666666667,110,3.56051375677385,0.7333333333333333,0.9243697478991597,0.7801418439716312,1,2,0,119,122,17,1,7,141,0,10,143,8
82ceea3123453b69382d6d250994a9e9,52412,NCBIGene:5889,RAD51C,9215,MONDO:0009215,Fanconi anemia complementation group A,4,1.3666666666666667,110,3.513940726237636,0.6626506024096386,0.8148148148148148,0.7801418439716312,1,2,0,135,148,17,1,7,141,0,10,143,8
811f3c12165b191640283da4fee30a72,55032,NCBIGene:83990,BRIP1,9215,MONDO:0009215,Fanconi anemia complementation group A,4,1.3666666666666667,109,3.5714526183141166,0.6942675159235668,0.872,0.7730496453900709,1,2,0,125,136,17,1,7,141,0,10,143,8
e36e277ea4f42f3e41f3765d310990a6,53524,NCBIGene:10459,MAD2L2,9215,MONDO:0009215,Fanconi anemia complementation group A,5,1.5666666666666667,109,3.5478682102030836,0.7364864864864865,0.9396551724137931,0.7730496453900709,1,2,0,116,119,17,1,7,141,0,10,143,8
e298467fb9770d544427dc3b9edd16f0,51292,NCBIGene:2189,FANCG,9215,MONDO:0009215,Fanconi anemia complementation group A,5,1.5666666666666667,108,3.6574004979652006,0.72,0.9230769230769231,0.7659574468085106,1,2,0,117,123,17,1,7,141,0,10,143,8
bed7aa2a02359b8d5daf61ea6b5267f6,54416,NCBIGene:55159,RFWD3,9215,MONDO:0009215,Fanconi anemia complementation group A,5,1.5666666666666667,108,3.5124408845651884,0.6878980891719745,0.8709677419354839,0.7659574468085106,1,2,0,124,127,17,1,7,141,0,10,143,8
89bb5e23dfd3a0ce4e2273639218bb23,54675,NCBIGene:57697,FANCM,9215,MONDO:0009215,Fanconi anemia complementation group A,4,1.3666666666666667,108,3.4891440437365238,0.6708074534161491,0.84375,0.7659574468085106,1,2,0,128,134,17,1,7,141,0,10,143,8
a144d6ac14146b743e63fdb442ee8db0,54498,NCBIGene:55699,IARS2,9723,MONDO:0009723,Leigh syndrome,4,1.4166666666666667,102,3.5786812489964923,0.4594594594594595,0.5340314136125655,0.7669172932330827,1,2,0,191,195,20,1,16,133,0,53,135,1
59190f3d5ca0ff0d61e80e091d13ecb6,53772,NCBIGene:23096,IQSEC2,8434,MONDO:0008434,Smith-Magenis syndrome,5,5.5,97,7.318314216212032,0.41810344827586204,0.6830985915492958,0.5187165775401069,1,2,0,142,147,9,1,15,187,0,5,192,3
2737e62a48aa2bc3ff985fe627045857,52919,NCBIGene:7469,NELFA,8684,MONDO:0008684,Wolf-Hirschhorn syndrome,5,1.4629329004329004,95,2.886028676573955,0.49222797927461137,1,0.49222797927461137,1,2,0,95,96,18,1,16,193,0,13,196,1
953ed7bbfb072f67f068cd184c3dee06,53351,NCBIGene:9723,SEMA3E,27818,MONDO:1010178,CHD7-related CHARGE syndrome,5,1.2194444444444446,94,2.707847948946876,0.4723618090452261,0.8867924528301887,0.5026737967914439,1,2,0,106,109,3,1,2,187,0,2,188,0
ce79b1bdad23af1b4e6af352618972e2,54497,NCBIGene:55697,VAC14,8995,MONDO:0008995,Yunis-Varon syndrome,5,4,92,8.869306712388028,0.423963133640553,0.8440366972477065,0.46,1,2,0,109,113,8,1,9,200,0,2,202,0
5e8f3f44d785084c07860dd1f379041b,50851,NCBIGene:843,CASP10,11158,MONDO:0011158,autoimmune lymphoproliferative syndrome type 1,5,4,81,10.931862495135789,0.627906976744186,0.7232142857142857,0.826530612244898,1,2,0,112,123,11,1,6,98,0,4,99,0
04c715cbfffea465c94de6fec3149cec,53750,NCBIGene:23007,PLCH1,56420,ORPHA:220386,Semilobar holoprosencephaly,4,0.7666666666666667,72,2.230328643538017,0.6666666666666666,0.6666666666666666,1,1,2,0,108,111,1,1,0,72,0,18,72,0
19a70f7b2d883c83e7b0d458218958ff,53750,NCBIGene:23007,PLCH1,57030,ORPHA:93926,Midline interhemispheric variant of holoprosencephaly,4,0.7666666666666667,72,2.230328643538017,0.6666666666666666,0.6666666666666666,1,1,2,0,108,111,1,1,0,72,0,15,72,0
d089341090b7ad6015470145ae657710,53750,NCBIGene:23007,PLCH1,57031,ORPHA:93924,Lobar holoprosencephaly,4,0.7666666666666667,72,2.230328643538017,0.6666666666666666,0.6666666666666666,1,1,2,0,108,111,1,1,0,72,0,16,72,0
aab65add554674cf7773fdb088f4b416,55670,NCBIGene:341640,FREM2,24779,MONDO:0054737,Fraser syndrome 1,4,3.2333333333333334,70,6.09271554646767,0.4268292682926829,0.7070707070707071,0.5185185185185185,1,2,0,99,106,6,1,5,135,0,2,136,0
7b23619d4368bbe882c5f6ea028d8240,54774,NCBIGene:64682,ANAPC1,59190,ORPHA:221016,Rothmund-Thomson syndrome type 2,4,0.8583333333333333,56,2.348481465011214,0.5957446808510638,0.6666666666666666,0.8484848484848485,1,2,0,84,87,1,1,0,66,1,1,67,0
266494720f43f410f531b3e0795faabb,52587,NCBIGene:6515,SLC2A3,7739,MONDO:0007739,Huntington disease,5,0.7619047619047619,52,1.852678873386039,0.7878787878787878,1,0.7878787878787878,1,2,0,52,53,6,1,16,66,0,29,68,25
80b5100595e862c4bfdd0253adf1fa20,52664,NCBIGene:6696,SPP1,7915,MONDO:0007915,systemic lupus erythematosus,5,4,48,8.360342059250403,0.41739130434782606,0.4948453608247423,0.7272727272727273,1,2,0,97,99,9,1,16,66,0,48,67,19
ad590fa4be704861118bde3afe83faa8,51695,NCBIGene:3654,IRAK1,7915,MONDO:0007915,systemic lupus erythematosus,5,4,48,8.360342059250403,0.41739130434782606,0.4948453608247423,0.7272727272727273,1,2,0,97,99,9,1,16,66,0,48,67,19
4cae316787756a200431c8b7093411ec,50806,NCBIGene:720,C4A,7915,MONDO:0007915,systemic lupus erythematosus,4,3.5,47,7.922082902715947,0.30128205128205127,0.34306569343065696,0.7121212121212122,1,2,0,137,145,9,1,16,66,0,48,67,19
70710852c38a9b00236ab3557d2e4b9d,51062,NCBIGene:1493,CTLA4,7915,MONDO:0007915,systemic lupus erythematosus,4,3.5,47,7.88891276308241,0.1828793774319066,0.19747899159663865,0.7121212121212122,1,2,0,238,246,9,1,16,66,0,48,67,19
a0784b0ee1e5b03295247ee0c916bb69,55299,NCBIGene:120227,CYP2R1,20723,MONDO:0020723,"vitamin D-dependent rickets, type 1A",4,0.9761904761904762,47,3.190775088094196,0.5340909090909091,0.5875,0.8545454545454545,1,2,0,80,83,11,1,3,55,0,2,57,0
b043e28ca3aac591f1bec696a307838e,54208,NCBIGene:51284,TLR7,7915,MONDO:0007915,systemic lupus erythematosus,4,3.5,45,8.015587924527662,0.4787234042553192,0.6164383561643836,0.6818181818181818,1,2,0,73,78,9,1,16,66,0,48,67,19
d5e17264e630e4106cf3c3bf45748f1a,52813,NCBIGene:7128,TNFAIP3,7915,MONDO:0007915,systemic lupus erythematosus,4,3.5,45,7.821541697313464,0.5357142857142857,0.7142857142857143,0.6818181818181818,1,2,0,63,68,9,1,16,66,0,48,67,19
6e71a238e3709af5b6f7010257aa07da,51901,NCBIGene:4204,MECP2,7915,MONDO:0007915,systemic lupus erythematosus,4,3.5,45,7.706079496657138,0.11166253101736973,0.11780104712041885,0.6818181818181818,1,2,0,382,402,9,1,16,66,0,48,67,19
92e574d8a507fab81ce36e4934c9ab36,52865,NCBIGene:7292,TNFSF4,7915,MONDO:0007915,systemic lupus erythematosus,4,3.5,45,7.68703846635496,0.47368421052631576,0.6081081081081081,0.6818181818181818,1,2,0,74,78,9,1,16,66,0,48,67,19
e1e9411cefc7039983e918af56147f47,50773,NCBIGene:640,BLK,7915,MONDO:0007915,systemic lupus erythematosus,5,4,45,7.686378934932545,0.4639175257731959,0.5921052631578947,0.6818181818181818,1,2,0,76,80,9,1,16,66,0,48,67,19
d3403138517457f0ebe10325145c512b,51303,NCBIGene:2215,FCGR3B,7915,MONDO:0007915,systemic lupus erythematosus,5,4,44,7.753027512816368,0.5641025641025641,0.7857142857142857,0.6666666666666666,1,2,0,56,58,9,1,16,66,0,48,67,19
3497aa0bd65a8f003e2673a738de9303,52178,NCBIGene:5133,PDCD1,7915,MONDO:0007915,systemic lupus erythematosus,4,3.5,44,7.689949324002112,0.4782608695652174,0.6285714285714286,0.6666666666666666,1,2,0,70,73,9,1,16,66,0,48,67,19
28ed8790025b99180d135c4e2a5aaa6d,54390,NCBIGene:55024,BANK1,7915,MONDO:0007915,systemic lupus erythematosus,5,4,44,7.673604435893292,0.6666666666666666,1,0.6666666666666666,1,2,0,44,45,9,1,16,66,0,48,67,19
43eb2505435c136656dd13e1fb03e6c2,51710,NCBIGene:3684,ITGAM,7915,MONDO:0007915,systemic lupus erythematosus,5,4,44,7.673604435893292,0.6666666666666666,1,0.6666666666666666,1,2,0,44,45,9,1,16,66,0,48,67,19
4f6f2eee146c99b15b762a5312148ee2,54907,NCBIGene:79932,KIAA0319L,7915,MONDO:0007915,systemic lupus erythematosus,5,4,44,7.673604435893292,0.5432098765432098,0.7457627118644068,0.6666666666666666,1,2,0,59,61,9,1,16,66,0,48,67,19
6f2643ff6bec4a1dd5e3efee36f5035a,50807,NCBIGene:721,C4B,7915,MONDO:0007915,systemic lupus erythematosus,5,4,44,7.673604435893292,0.6666666666666666,1,0.6666666666666666,1,2,0,44,46,9,1,16,66,0,48,67,19
7bdcdfeeec73cfdaae64255716e45502,53495,NCBIGene:10318,TNIP1,7915,MONDO:0007915,systemic lupus erythematosus,5,4,44,7.673604435893292,0.6666666666666666,1,0.6666666666666666,1,2,0,44,45,9,1,16,66,0,48,67,19
7fa52d0ddd1459cf97c94dec1e75f3f6,51263,NCBIGene:2113,ETS1,7915,MONDO:0007915,systemic lupus erythematosus,5,4,44,7.673604435893292,0.6666666666666666,1,0.6666666666666666,1,2,0,44,45,9,1,16,66,0,48,67,19
9a168e77a1db0c1019b92782b3f2a5ae,52875,NCBIGene:7332,UBE2L3,7915,MONDO:0007915,systemic lupus erythematosus,5,4,44,7.673604435893292,0.6666666666666666,1,0.6666666666666666,1,2,0,44,45,9,1,16,66,0,48,67,19
b06d7462a085e53ffebed4464f72fd76,51652,NCBIGene:3500,IGHG1,7915,MONDO:0007915,systemic lupus erythematosus,5,4,44,7.673604435893292,0.6666666666666666,1,0.6666666666666666,1,2,0,44,46,9,1,16,66,0,48,67,19
d166e52b1304c88ae89c2f1714ca7f78,54368,NCBIGene:54899,PXK,7915,MONDO:0007915,systemic lupus erythematosus,5,4,44,7.673604435893292,0.6666666666666666,1,0.6666666666666666,1,2,0,44,45,9,1,16,66,0,48,67,19
e6b71158ce8889a18669453691f36431,55561,NCBIGene:221895,JAZF1,7915,MONDO:0007915,systemic lupus erythematosus,5,4,44,7.673604435893292,0.6666666666666666,1,0.6666666666666666,1,2,0,44,46,9,1,16,66,0,48,67,19
40118d72db8bbb5183b4fe0e8853c7e3,53806,NCBIGene:23224,SYNE2,57682,ORPHA:98863,X-linked Emery-Dreifuss muscular dystrophy,5,0.6718004218004218,42,1.2282470252335533,0.711864406779661,0.7241379310344828,0.9767441860465116,1,2,0,58,64,1,1,0,43,1,2,44,0
136f9718745d6bae4df051716a02f243,51743,NCBIGene:3758,KCNJ1,25284,MONDO:0100344,Bartter disease type 1,5,1.6166666666666667,40,2.81220348585107,0.7692307692307693,0.8163265306122449,0.9302325581395349,1,2,0,49,55,21,1,8,43,0,1,44,0
225d9b152962955f7fb84a92ac0dd885,52606,NCBIGene:6557,SLC12A1,9424,MONDO:0009424,Bartter disease type 2,5,1.6166666666666667,40,2.81220348585107,0.7692307692307693,0.9302325581395349,0.8163265306122449,1,2,0,43,49,16,1,8,49,0,2,50,0
ff3ea00cae372de62f0aa165938afc29,52903,NCBIGene:7421,VDR,20723,MONDO:0020723,"vitamin D-dependent rickets, type 1A",4,0.8511904761904762,40,1.9091465242697592,0.4444444444444444,0.5333333333333333,0.7272727272727273,1,2,0,75,79,11,1,3,55,0,2,57,0
18c0e28e32ab3226b856925c5e11c2de,53315,NCBIGene:9567,GTPBP1,24913,MONDO:0060711,Jaberi-Elahi syndrome,5,0.13666858444410573,40,0.2989386288310727,0.28776978417266186,1,0.28776978417266186,1,2,0,40,42,3,1,3,139,0,2,141,0
f25e1fc06ff501ade438867c8be75f28,50591,NCBIGene:94,ACVRL1,8535,MONDO:0008535,"telangiectasia, hereditary hemorrhagic, type 1",4,1.4166666666666667,38,5.503760065422734,0.40860215053763443,0.5066666666666667,0.6785714285714286,1,2,0,75,80,11,1,8,56,0,3,57,1
ce43e1b89d9b3d8f5609fbe248138bfa,51394,NCBIGene:2588,GALNS,9660,MONDO:0009660,mucopolysaccharidosis type 4B,4,1.8333333333333333,38,3.0596919729345466,0.6229508196721312,0.76,0.7755102040816326,1,2,0,50,54,13,1,12,49,0,2,51,0
2b5d10a3a8f84bcbc6e684687b879bea,53806,NCBIGene:23224,SYNE2,57695,ORPHA:98855,Autosomal recessive Emery-Dreifuss muscular dystrophy,5,0.6718004218004218,38,1.1817680578935241,0.6440677966101694,0.6551724137931034,0.9743589743589743,1,2,0,58,64,1,1,0,39,1,1,40,0
fab8c7ef931d8552486c383f3e915965,51583,NCBIGene:3162,HMOX1,9061,MONDO:0009061,cystic fibrosis,4,1.0666666666666667,37,2.414163483419374,0.40217391304347827,0.6166666666666667,0.5362318840579711,1,2,0,60,66,7,1,19,69,0,109,71,102
c0deb16c8a2d5f42993c115c94a36915,51233,NCBIGene:2034,EPAS1,59289,ORPHA:29072,Hereditary pheochromocytoma-paraganglioma,4,0.7333333333333333,36,2.490582694046161,0.72,0.8,0.8780487804878049,1,2,0,45,51,1,1,0,41,0,15,41,0
36c0c50c3963bb649a9641223d529c19,51917,NCBIGene:4282,MIF,9061,MONDO:0009061,cystic fibrosis,5,1.2333333333333334,36,2.4170558170629293,0.4,0.631578947368421,0.5217391304347826,1,2,0,57,61,7,1,19,69,0,109,71,102
2cafa6f593758c79800d983be7145b67,54990,NCBIGene:81794,ADAMTS10,12013,MONDO:0012013,"Weill-Marchesani syndrome 2, dominant",4,0.7222222222222222,36,1.2434265437402319,0.48,0.631578947368421,0.6666666666666666,1,2,0,57,62,11,1,6,54,0,2,55,0
26e629c201d5dfc4fdfb631b9f89af45,52689,NCBIGene:6777,STAT5B,12883,MONDO:0012883,acute promyelocytic leukemia,4,0.3253968253968254,36,0.853283743671596,0.6,0.631578947368421,0.9230769230769231,1,2,0,57,63,28,1,16,39,0,3,40,0
45f244cfbed0633dec380ca328f528d1,54791,NCBIGene:64859,NABP1,12883,MONDO:0012883,acute promyelocytic leukemia,5,0.39206349206349206,36,0.853283743671596,0.9230769230769231,1,0.9230769230769231,1,2,0,36,37,28,1,16,39,0,3,40,0
5919943d74c8752eedb428c1babe1582,54979,NCBIGene:81608,FIP1L1,12883,MONDO:0012883,acute promyelocytic leukemia,5,0.39206349206349206,36,0.853283743671596,0.9230769230769231,1,0.9230769230769231,1,2,0,36,39,28,1,16,39,0,3,40,0
9ddef4dbacdc0b468af90cce14812283,52124,NCBIGene:4926,NUMA1,12883,MONDO:0012883,acute promyelocytic leukemia,5,0.39206349206349206,36,0.853283743671596,0.9230769230769231,1,0.9230769230769231,1,2,0,36,37,28,1,16,39,0,3,40,0
b184a202d697d0f4ca82cfd4d5aeb843,52278,NCBIGene:5371,PML,12883,MONDO:0012883,acute promyelocytic leukemia,5,0.39206349206349206,36,0.853283743671596,0.9230769230769231,1,0.9230769230769231,1,2,0,36,37,28,1,16,39,0,3,40,0
f86a8976db9fd93103bc037045537200,52954,NCBIGene:7704,ZBTB16,12883,MONDO:0012883,acute promyelocytic leukemia,5,0.39206349206349206,36,0.853283743671596,0.9230769230769231,1,0.9230769230769231,1,2,0,36,38,28,1,16,39,0,3,40,0
fdc4910109babb6c08486db556665dc2,51899,NCBIGene:4193,MDM2,18875,MONDO:0018875,Li-Fraumeni syndrome,5,2.4761904761904763,35,4.479755503671833,0.5645161290322581,0.7142857142857143,0.7291666666666666,1,2,0,49,56,18,1,15,48,0,8,51,4
2ef39a3cd2f25d50ad9b3d56ad5e2b0d,54006,NCBIGene:26580,BSCL2,12071,MONDO:0012071,congenital generalized lipodystrophy type 1,4,1.5,35,3.1106755498132572,0.2046783625730994,0.21084337349397592,0.875,1,2,0,166,182,15,1,6,40,0,2,42,0
eb980005647cfeb6bc0775d8479a76e5,53550,NCBIGene:10555,AGPAT2,10020,MONDO:0010020,congenital generalized lipodystrophy type 2,5,1.8333333333333333,35,2.7177894070290014,0.7291666666666666,0.875,0.813953488372093,1,2,0,40,46,21,1,6,43,0,2,45,0
036afabaf59f65819f16309beef197e3,50919,NCBIGene:1084,CEACAM3,9061,MONDO:0009061,cystic fibrosis,5,1.2333333333333334,35,2.4125849220427407,0.5072463768115942,1,0.5072463768115942,1,2,0,35,36,7,1,19,69,0,109,71,102
06d8427e5ec92cdd85fe3b5b7d034d0c,51204,NCBIGene:1909,EDNRA,9061,MONDO:0009061,cystic fibrosis,5,1.2333333333333334,35,2.4125849220427407,0.3431372549019608,0.5147058823529411,0.5072463768115942,1,2,0,68,78,7,1,19,69,0,109,71,102
101b910177f78b20312132b07a8cde1b,54191,NCBIGene:51164,DCTN4,9061,MONDO:0009061,cystic fibrosis,5,1.2333333333333334,35,2.4125849220427407,0.5072463768115942,1,0.5072463768115942,1,2,0,35,36,7,1,19,69,0,109,71,102
2f8ad57dea1d4c99c293bd5323a71a89,52605,NCBIGene:6556,SLC11A1,9061,MONDO:0009061,cystic fibrosis,5,1.2333333333333334,35,2.4125849220427407,0.5072463768115942,1,0.5072463768115942,1,2,0,35,41,7,1,19,69,0,109,71,102
436529a28e40f9dd5f3fabfabc3bd1d8,53703,NCBIGene:22802,CLCA4,9061,MONDO:0009061,cystic fibrosis,5,1.2333333333333334,35,2.4125849220427407,0.5072463768115942,1,0.5072463768115942,1,2,0,35,36,7,1,19,69,0,109,71,102
647e140c2aba480dc84eb974f979d927,55272,NCBIGene:115019,SLC26A9,9061,MONDO:0009061,cystic fibrosis,5,1.2333333333333334,35,2.4125849220427407,0.5072463768115942,1,0.5072463768115942,1,2,0,35,36,7,1,19,69,0,109,71,102
725096e55829344ea4f8383555c90fa2,53686,NCBIGene:11254,SLC6A14,9061,MONDO:0009061,cystic fibrosis,5,1.2333333333333334,35,2.4125849220427407,0.5072463768115942,1,0.5072463768115942,1,2,0,35,36,7,1,19,69,0,109,71,102
7d7a34072a563e5759e24dde467db56b,51509,NCBIGene:2947,GSTM3,9061,MONDO:0009061,cystic fibrosis,5,1.2333333333333334,35,2.4125849220427407,0.5072463768115942,1,0.5072463768115942,1,2,0,35,36,7,1,19,69,0,109,71,102
90cff5c36fc0eb5a3990634e4548aada,52036,NCBIGene:4680,CEACAM6,9061,MONDO:0009061,cystic fibrosis,5,1.2333333333333334,35,2.4125849220427407,0.5072463768115942,1,0.5072463768115942,1,2,0,35,36,7,1,19,69,0,109,71,102
fe4ebbe15a42e91e72335111dc7c715f,55215,NCBIGene:92211,CDHR1,19200,MONDO:0019200,retinitis pigmentosa,4,2.3968253968253967,34,3.0708965186187607,0.576271186440678,0.6181818181818182,0.8947368421052632,1,2,0,55,59,4,1,14,38,0,263,39,0
d4e5259955d17deab6ac6f6ed50bd84e,55225,NCBIGene:92840,REEP6,19200,MONDO:0019200,retinitis pigmentosa,5,2.353968253968254,34,2.9062019305095985,0.7083333333333334,0.7727272727272727,0.8947368421052632,1,2,0,44,47,4,1,14,38,0,263,39,0
9a5dad28bf281f3eb587096232ba5218,51631,NCBIGene:3419,IDH3A,19200,MONDO:0019200,retinitis pigmentosa,4,2.253968253968254,33,2.85013848090068,0.673469387755102,0.75,0.868421052631579,1,2,0,44,47,4,1,14,38,0,263,39,0
dff46579568e9ac724315bdc92f3e62b,54709,NCBIGene:60509,AGBL5,19200,MONDO:0019200,retinitis pigmentosa,4,2.253968253968254,33,2.8320407256236035,0.717391304347826,0.8048780487804879,0.868421052631579,1,2,0,41,44,4,1,14,38,0,263,39,0
ca7d91ab6e051515463a4526153dcbc5,53365,NCBIGene:9785,DHX38,19200,MONDO:0019200,retinitis pigmentosa,4,2.253968253968254,33,2.803469297052175,0.717391304347826,0.8048780487804879,0.868421052631579,1,2,0,41,44,4,1,14,38,0,263,39,0
5f6a99a29d2d85f2d6472bd4933ac77c,53894,NCBIGene:23568,ARL2BP,19200,MONDO:0019200,retinitis pigmentosa,5,2.353968253968254,33,2.7998120093152705,0.6470588235294118,0.717391304347826,0.868421052631579,1,2,0,46,49,4,1,14,38,0,263,39,0
199af27f6e00b7314c9e4e296c3b1082,51936,NCBIGene:4338,MOCS2,9643,MONDO:0009643,sulfite oxidase deficiency due to molybdenum cofactor deficiency type A,5,1.2333333333333334,33,1.9517124179057037,0.6111111111111112,0.7674418604651163,0.75,1,2,0,43,47,10,1,8,44,0,2,45,0
f6fe9c840136fa19a0c2d3c475c06670,53843,NCBIGene:23370,ARHGEF18,19200,MONDO:0019200,retinitis pigmentosa,5,2.353968253968254,32,2.9060072279490625,0.7111111111111111,0.8205128205128205,0.8421052631578947,1,2,0,39,42,4,1,14,38,0,263,39,0
29c95ca63a21ea07685ba4c11b219187,52854,NCBIGene:7275,TUB,19200,MONDO:0019200,retinitis pigmentosa,4,2.253968253968254,32,2.781637777079306,0.64,0.7272727272727273,0.8421052631578947,1,2,0,44,47,4,1,14,38,0,263,39,0
caa326887247addf88bcb4137a1d9b90,54908,NCBIGene:79934,COQ8B,19200,MONDO:0019200,retinitis pigmentosa,4,2.253968253968254,32,2.7672227220985817,0.47761194029850745,0.5245901639344263,0.8421052631578947,1,2,0,61,65,4,1,14,38,0,263,39,0
01fe4d2f56f7a46f8ecdf1361578805d,50819,NCBIGene:762,CA4,19200,MONDO:0019200,retinitis pigmentosa,5,2.353968253968254,31,2.7669900557421365,0.8157894736842105,1,0.8157894736842105,1,2,0,31,32,4,1,14,38,0,263,39,0
5f895334d811a3b19db9516fd999c88d,53004,NCBIGene:8100,IFT88,19200,MONDO:0019200,retinitis pigmentosa,5,2.353968253968254,31,2.7669900557421365,0.8157894736842105,1,0.8157894736842105,1,2,0,31,32,4,1,14,38,0,263,39,0
54a01f1a48311b356a74836e36e1e32d,52650,NCBIGene:6658,SOX3,56285,ORPHA:95494,"Combined pituitary hormone deficiencies, genetic forms",4,0.7277777777777777,31,1.692664518060017,0.3229166666666667,0.3522727272727273,0.7948717948717948,1,2,0,88,97,1,1,0,39,0,7,39,0
a4dbabfa9d14f75ecca0545c395674bc,53105,NCBIGene:8643,PTCH2,27094,MONDO:0958174,basal cell nevus syndrome 1,5,1.25,28,1.9252462424847023,0.37333333333333335,0.5490196078431373,0.5384615384615384,1,2,0,51,61,1,1,2,52,0,2,53,0
ec32aa514482eeea1eae3aeb92258207,52367,NCBIGene:5699,PSMB10,11338,MONDO:0011338,Omenn syndrome,5,0.3517676767676768,28,0.6002035019980078,0.2545454545454545,1,0.2545454545454545,1,2,0,28,29,6,1,11,110,0,6,112,0
365b356eb17b2d7f0c26ebbb797f70c9,55671,NCBIGene:342035,GLDN,25043,MONDO:0100101,fetal akinesia deformation sequence 1,4,0.4861111111111111,27,0.7316429779215101,0.3068181818181818,0.6923076923076923,0.35526315789473684,1,2,0,39,42,4,1,6,76,0,2,77,0
11b61241483cf80640987c5d4e889d44,54532,NCBIGene:55851,PSENEN,22288,MONDO:0024534,Dowling-Degos disease 1,5,5,26,6.637185731869475,0.7647058823529411,0.7878787878787878,0.9629629629629629,1,2,0,33,36,7,1,4,27,0,2,28,0
cdb0d82c1ca70653d84ad3ba6aff937b,53878,NCBIGene:23509,POFUT1,22288,MONDO:0024534,Dowling-Degos disease 1,5,5,26,6.598908219907752,0.8387096774193549,0.8666666666666667,0.9629629629629629,1,2,0,30,34,7,1,4,27,0,2,28,0
5fdd966334920295c8f489899f53c9a4,54585,NCBIGene:56983,POGLUT1,22288,MONDO:0024534,Dowling-Degos disease 1,5,5,26,6.551682046365789,0.5531914893617021,0.5652173913043478,0.9629629629629629,1,2,0,46,53,7,1,4,27,0,2,28,0
166820b35f76824da9358d6b10f3bbfb,51077,NCBIGene:1535,CYBA,10600,MONDO:0010600,"granulomatous disease, chronic, X-linked",5,1.4,26,2.6884332816852354,0.4642857142857143,0.5416666666666666,0.7647058823529411,1,2,0,48,52,11,1,8,34,0,3,35,1
eced64a096d6a4b2bb5214b77a962bdf,51077,NCBIGene:1535,CYBA,9310,MONDO:0009310,"granulomatous disease, chronic, autosomal recessive, cytochrome b-positive, type 2",4,0.9,26,2.213192975068707,0.41935483870967744,0.5416666666666666,0.65,1,2,0,48,52,12,1,7,40,0,2,41,0
689b84e792b66d68714e9f6bbbfd0f76,53558,NCBIGene:10577,NPC2,9757,MONDO:0009757,"Niemann-Pick disease, type C1",5,1.4583333333333333,26,1.8382623219608603,0.5777777777777777,0.6842105263157895,0.7878787878787878,1,2,0,38,47,14,1,8,33,0,6,34,4
d30204707c60b24cf4acb1f7a2efc788,51078,NCBIGene:1536,CYBB,9308,MONDO:0009308,"granulomatous disease, chronic, autosomal recessive, cytochrome b-negative",4,1.2,25,2.685933281685235,0.4032258064516129,0.4098360655737705,0.9615384615384616,1,2,0,61,68,6,1,7,26,0,2,27,0
f5dfb3817b524789cc6a7f311524bd04,51077,NCBIGene:1535,CYBA,9309,MONDO:0009309,"granulomatous disease, chronic, autosomal recessive, cytochrome b-positive, type 1",4,0.9,25,2.18616594804168,0.5208333333333334,0.5208333333333334,1,1,2,0,48,52,14,1,7,25,0,2,26,0
b702a569783e6b06dfc7c78fead33c88,52151,NCBIGene:5052,PRDX1,10183,MONDO:0010183,methylmalonic aciduria and homocystinuria type cblF,4,0.8928571428571429,25,1.2972468774298394,0.2976190476190476,0.38461538461538464,0.5681818181818182,1,2,0,65,70,20,1,9,44,0,2,45,0
8601ede272e56e0a548a4245d2799dbd,51374,NCBIGene:2538,G6PC1,9288,MONDO:0009288,glycogen storage disease Ib,4,0.5533834586466165,25,0.972521234074918,0.36764705882352944,0.8064516129032258,0.4032258064516129,1,2,0,31,36,26,1,15,62,0,4,64,1
20490ecbd2d18da7ab62324856b06fe5,52880,NCBIGene:7351,UCP2,58190,ORPHA:276575,Autosomal dominant hyperinsulinism due to SUR1 deficiency,4,0.8409090909090909,24,1.3007901248370155,0.8,0.9230769230769231,0.8571428571428571,1,2,0,26,29,1,1,0,28,0,1,28,0
f0a5512df04c345db90b0b86de464a8c,52564,NCBIGene:6448,SGSH,9657,MONDO:0009657,mucopolysaccharidosis type 3C,4,0.6761904761904762,24,0.869636513975826,0.5853658536585366,0.8571428571428571,0.6486486486486487,1,2,0,28,32,19,1,11,37,0,2,39,0
1429c14490e04bc30e3fa8b00e1b14cb,50959,NCBIGene:1187,CLCNKA,9424,MONDO:0009424,Bartter disease type 2,4,0.7416666666666667,23,1.6371354293571903,0.26436781609195403,0.3770491803278688,0.46938775510204084,1,2,0,61,66,16,1,8,49,0,2,50,0
1880c9c837f1d27972ccce05206fe014,52034,NCBIGene:4669,NAGLU,9657,MONDO:0009657,mucopolysaccharidosis type 3C,4,0.6761904761904762,23,0.8480963891115341,0.4107142857142857,0.5476190476190477,0.6216216216216216,1,2,0,42,51,19,1,11,37,0,2,39,0
f24f03636a4effb397d87d44cef2e631,51421,NCBIGene:2658,GDF2,8535,MONDO:0008535,"telangiectasia, hereditary hemorrhagic, type 1",5,1.0928571428571427,22,1.9635683437081082,0.29333333333333333,0.5365853658536586,0.39285714285714285,1,2,0,41,46,11,1,8,56,0,3,57,1
f3f5518dcb3859170fa384b96d9bce0b,50959,NCBIGene:1187,CLCNKA,25284,MONDO:0100344,Bartter disease type 1,4,0.7416666666666667,22,1.6326309248526858,0.2682926829268293,0.36065573770491804,0.5116279069767442,1,2,0,61,66,21,1,8,43,0,1,44,0
2740b85a6967552cdb2b8e635a13447a,50710,NCBIGene:445,ASS1,8815,MONDO:0008815,argininosuccinic aciduria,4,0.7694444444444445,22,1.319767489687292,0.2619047619047619,0.8461538461538461,0.275,1,2,0,26,33,16,1,14,80,0,4,81,2
75d8e038f95a087d91d88d992b87f513,52880,NCBIGene:7351,UCP2,57462,ORPHA:324575,Hyperinsulinism due to HNF1A deficiency,4,0.7159090909090909,22,1.1658564298400294,0.6470588235294118,0.8461538461538461,0.7333333333333333,1,2,0,26,29,1,1,0,30,0,1,30,0
37d1ebefb3652709f2fc0a216ee6dcb1,55429,NCBIGene:148789,B3GALNT2,58946,ORPHA:559,Marinesco-Sjögren syndrome,4,0.7242424242424242,22,0.8845168104124898,0.18333333333333332,0.2268041237113402,0.4888888888888889,1,2,0,97,102,1,1,0,45,0,1,45,0
fa0b9d0afcdb87e101882f4c9bf6b264,52034,NCBIGene:4669,NAGLU,9655,MONDO:0009655,mucopolysaccharidosis type 3A,4,0.6761904761904762,22,0.846904493998304,0.4583333333333333,0.5238095238095238,0.7857142857142857,1,2,0,42,51,20,1,11,28,0,2,30,0
20ba5fb0e28a9cf6443d38dd285a5b69,52564,NCBIGene:6448,SGSH,9656,MONDO:0009656,mucopolysaccharidosis type 3B,4,0.6761904761904762,22,0.8435932357201583,0.6666666666666666,0.7857142857142857,0.8148148148148148,1,2,0,28,32,18,1,11,27,0,2,29,0
71f5429399c52c2cff10cfa48de4f89a,54161,NCBIGene:51067,YARS2,22307,MONDO:0024553,"myopathy, lactic acidosis, and sideroblastic anemia 1",4,0.21547937356760885,22,0.2973797669675582,0.3384615384615385,0.4583333333333333,0.5641025641025641,1,2,0,48,52,9,1,5,39,0,2,40,0
a69b3e72263f16e71026c7a586470eec,55434,NCBIGene:149461,CLDN19,9550,MONDO:0009550,renal hypomagnesemia 3,4,0.7492424242424243,21,0.8904768969075701,0.2916666666666667,0.6363636363636364,0.35,1,2,0,33,36,18,1,8,60,0,2,63,0
d4d6d016874a1f5448a91f8bdedfa4ea,51976,NCBIGene:4548,MTR,10184,MONDO:0010184,methylmalonic aciduria and homocystinuria type cblC,4,0.4936868686868687,21,0.7044588631328896,0.2441860465116279,0.5,0.3230769230769231,1,2,0,42,48,22,1,10,65,0,5,67,1
f09ec830fdf584bc63300927d65c4137,51814,NCBIGene:3952,LEP,57214,ORPHA:179494,Obesity due to leptin receptor gene deficiency,4,0.4010683760683761,20,0.7284908609588986,0.5882352941176471,0.6060606060606061,0.9523809523809523,1,2,0,33,37,1,1,0,21,0,1,21,0
d00378d2990170106133400732704b87,52396,NCBIGene:5826,ABCD4,10183,MONDO:0010183,methylmalonic aciduria and homocystinuria type cblF,4,0.7678571428571429,19,1.009560900984537,0.30158730158730157,0.5,0.4318181818181818,1,2,0,38,43,20,1,9,44,0,2,45,0
ef3f305746af36d321f55f77dcaceaf5,54379,NCBIGene:54949,SDHAF2,8192,MONDO:0008192,pheochromocytoma/paraganglioma syndrome 1,4,1.45,18,2.8034185399471037,0.29508196721311475,0.33962264150943394,0.6923076923076923,1,2,0,53,59,20,1,4,26,0,2,29,0
a092be7effcb009fb5fbc304f58812a5,51421,NCBIGene:2658,GDF2,10880,MONDO:0010880,"telangiectasia, hereditary hemorrhagic, type 2",5,1.0928571428571427,18,1.5691662693125634,0.2903225806451613,0.43902439024390244,0.46153846153846156,1,2,0,41,46,10,1,4,39,0,2,40,0
dcc1abe3b26dbb52ec786ff927a28c83,51020,NCBIGene:1373,CPS1,8815,MONDO:0008815,argininosuccinic aciduria,4,0.9694444444444444,18,1.3139337016284964,0.20454545454545456,0.6923076923076923,0.225,1,2,0,26,30,16,1,14,80,0,4,81,2
fa81724b3bedfc4d64c99db7c5156876,51020,NCBIGene:1373,CPS1,8988,MONDO:0008988,citrullinemia type I,4,0.7472222222222222,18,0.934357502102853,0.5294117647058824,0.6923076923076923,0.6923076923076923,1,2,0,26,30,16,1,11,26,0,5,28,1
da09be2f6f20f50e7e9cbd72826b8f8d,55126,NCBIGene:84892,POMGNT2,58946,ORPHA:559,Marinesco-Sjögren syndrome,4,0.7242424242424242,18,0.8659232698219499,0.1782178217821782,0.24324324324324326,0.4,1,2,0,74,79,1,1,0,45,0,1,45,0
3e724e5f77c83f93c8bd8decb3c177d9,54762,NCBIGene:64374,SIL1,57492,ORPHA:899,Walker-Warburg syndrome,4,0.7242424242424242,18,0.8570450640254281,0.16216216216216217,0.22784810126582278,0.36,1,2,0,79,82,1,1,0,50,0,14,50,0
02d72feff99a585f9d1ded30eaf0dddc,53499,NCBIGene:10329,RXYLT1,58946,ORPHA:559,Marinesco-Sjögren syndrome,4,0.7242424242424242,18,0.852484022130099,0.21428571428571427,0.3157894736842105,0.4,1,2,0,57,60,1,1,0,45,0,1,45,0
fc4e1de9085c44143cbebcf405c8b138,50710,NCBIGene:445,ASS1,9376,MONDO:0009376,carbamoyl phosphate synthetase I deficiency disease,4,0.5472222222222223,18,0.6133076437085963,0.6666666666666666,0.6923076923076923,0.9473684210526315,1,2,0,26,33,17,1,15,19,0,3,20,1
22c73e430e78cf6a7d1e5aa790aa9d58,53443,NCBIGene:10102,TSFM,25166,MONDO:0100224,"mitochondrial complex I deficiency, nuclear type 1",4,0.25858974358974357,18,0.3146893153694121,0.19148936170212766,0.4090909090909091,0.2647058823529412,1,2,0,44,49,8,1,4,68,0,2,70,0
039571bbba7fd4832518bd13ae55d027,52396,NCBIGene:5826,ABCD4,10184,MONDO:0010184,methylmalonic aciduria and homocystinuria type cblC,4,0.5456349206349206,17,0.7874392585166544,0.19767441860465115,0.4473684210526316,0.26153846153846155,1,2,0,38,43,22,1,10,65,0,5,67,1
1de4065f1dc5a7b46e93642e85845fdd,53105,NCBIGene:8643,PTCH2,58517,ORPHA:77301,Monosomy 9q22.3 syndrome,4,0.9166666666666666,16,1.3439331490124142,0.19753086419753085,0.3137254901960784,0.34782608695652173,1,2,0,51,61,1,1,0,46,0,1,46,0
ecd70f2610edeee590222f99572a6714,52869,NCBIGene:7299,TYR,56003,ORPHA:79432,Oculocutaneous albinism type 2,4,0.4976190476190476,16,0.9942663204251639,0.19753086419753085,0.2191780821917808,0.6666666666666666,1,2,0,73,87,1,1,0,24,0,2,24,0
9926cd605e5e1a925c358925ab76f02b,54445,NCBIGene:55278,QRSL1,22676,MONDO:0030008,combined oxidative phosphorylation deficiency 42,5,0.08948758264796,16,0.13377024254835607,0.8888888888888888,0.9411764705882353,0.9411764705882353,1,2,0,17,20,3,1,5,17,0,2,18,0
bc0816acbd689e319252cc15fb723cea,55603,NCBIGene:283459,GATC,22674,MONDO:0030006,combined oxidative phosphorylation deficiency 40,5,0.08948758264796,16,0.13377024254835607,0.8888888888888888,0.9411764705882353,0.9411764705882353,1,2,0,17,19,3,1,6,17,0,2,18,0
119eff6f3fc0c71194a8d186f6e5c293,54954,NCBIGene:80331,DNAJC5,8768,MONDO:0008768,"ceroid lipofuscinosis, neuronal, 6B (Kufs type)",5,0.7694444444444445,14,0.8870988301958725,0.4827586206896552,0.7,0.6086956521739131,1,2,0,20,25,12,1,7,23,0,2,24,0
6f40b5d71fcb40c8985fba32948982bd,53682,NCBIGene:11234,HPS5,13558,MONDO:0013558,Hermansky-Pudlak syndrome 6,4,0.4037698412698413,14,0.48868732892406636,0.32558139534883723,0.7,0.3783783783783784,1,2,0,20,25,6,1,6,37,0,2,38,0
78005d0dc66c68eaf184110139850743,52404,NCBIGene:5859,QARS1,24913,MONDO:0060711,Jaberi-Elahi syndrome,5,0.0592225306674586,14,0.07084386437044563,0.09333333333333334,0.56,0.10071942446043165,1,2,0,25,29,3,1,3,139,0,2,141,0
89c2e1e45c7e66bb519256767c8de16a,52396,NCBIGene:5826,ABCD4,10185,MONDO:0010185,methylmalonic aciduria and homocystinuria type cblD,4,0.5456349206349206,13,0.7732871679453848,0.22807017543859648,0.34210526315789475,0.40625,1,2,0,38,43,25,1,10,32,0,3,34,1
7d96ad77d17b09360ed88245e9f537b5,54750,NCBIGene:64175,P3H1,12536,MONDO:0012536,osteogenesis imperfecta type 7,4,0.34846491228070176,13,0.4200559850575339,0.2549019607843137,0.4482758620689655,0.37142857142857144,1,2,0,29,35,13,1,6,35,0,2,36,0
81cda7a244dbc9152d38f0fe97052d2d,54288,NCBIGene:53616,ADAM22,30554,MONDO:1060177,developmental and epileptic encephalopathy 119,5,0.0813500114501019,13,0.10786916277033715,0.06878306878306878,0.6842105263157895,0.07103825136612021,1,2,0,19,21,5,1,2,183,0,2,184,0
4fd0e18dc03e2db942d98182a61a1af0,53394,NCBIGene:9922,IQSEC1,30554,MONDO:1060177,developmental and epileptic encephalopathy 119,5,0.016973722267695834,13,0.02721956321300695,0.07027027027027027,0.8666666666666667,0.07103825136612021,1,2,0,15,18,5,1,2,183,0,2,184,0
a9bd5ce16debb01ba791252d36de1567,51393,NCBIGene:2584,GALK1,9258,MONDO:0009258,classic galactosemia,4,1.2575757575757576,12,1.3813961780923045,0.23076923076923078,0.36363636363636365,0.3870967741935484,1,2,0,33,37,12,1,10,31,0,3,34,1
82b0ac9f2daca5811bb6d429ce339971,55744,NCBIGene:401474,SAMD12,11930,MONDO:0011930,"epilepsy, familial adult myoclonic, 2",5,0.9333333333333333,12,0.981684965046406,0.48,0.6,0.7058823529411765,1,2,0,20,23,10,1,6,17,0,2,18,0
a882df0fc97e63cbf1ae1f1fb645806b,54546,NCBIGene:55997,CFC1,27437,MONDO:0976135,"heterotaxy, visceral, 14, autosomal",4,0.7032679738562092,12,0.8234486847957532,0.1875,0.7058823529411765,0.2033898305084746,1,2,0,17,25,1,1,5,59,0,2,60,0
f128b8c3dcd7796a57d5560b19a2662d,52423,NCBIGene:5915,RARB,11010,MONDO:0011010,Matthew-Wood syndrome,4,0.5533338560861497,12,0.5725832517785697,0.22641509433962265,0.631578947368421,0.2608695652173913,1,2,0,19,22,18,1,9,46,0,2,49,0
fc147fbbb50c158b2c0b2a9050e3ef09,50824,NCBIGene:774,CACNA1B,59274,ORPHA:289266,Early-onset epileptic encephalopathy and intellectual disability due to GRIN2A mutation,4,0.48596491228070177,12,0.5247962861363554,0.125,0.1518987341772152,0.41379310344827586,1,2,0,79,82,1,1,0,29,0,1,29,0
57de5d4557253f8910ca21155218ecd5,55530,NCBIGene:201625,DNAH12,27125,MONDO:0958206,spermatogenic failure 89,5,0.39915128730918203,12,0.48864446924614974,1,1,1,1,2,0,12,14,1,1,4,12,0,2,13,0
2bd976264271ac5e35accd03e2a6039e,52561,NCBIGene:6443,SGCB,9683,MONDO:0009683,autosomal recessive limb-girdle muscular dystrophy type 2H,4,0.3090437788018433,12,0.37806234265036226,0.3157894736842105,0.48,0.48,1,2,0,25,31,13,1,9,25,0,2,27,0
8a7c13430f9f12ac1809b349d1484769,53896,NCBIGene:23586,RIGI,22289,MONDO:0024535,Singleton-Merten syndrome 1,4,0.22015740035542017,12,0.23279347993279495,0.21052631578947367,0.75,0.22641509433962265,1,2,0,16,19,5,1,4,53,0,2,56,0
dbf6ad303ff6f63f9fa5aeb32937b9ac,51545,NCBIGene:3054,HCFC1,10184,MONDO:0010184,methylmalonic aciduria and homocystinuria type cblC,4,0.22056159420289856,12,0.22629090317523773,0.16,0.5454545454545454,0.18461538461538463,1,2,0,22,27,22,1,10,65,0,5,67,1
a2453e06d480630d531315cb490f7927,54543,NCBIGene:55967,NDUFA12,9723,MONDO:0009723,Leigh syndrome,5,0.05958352737911875,12,0.07027420903720365,0.08823529411764706,0.8,0.09022556390977443,1,2,0,15,17,20,1,16,133,0,53,135,1
bc56502c254c3a7378263b7dbba9af0f,54575,NCBIGene:56910,STARD7,10985,MONDO:0010985,"epilepsy, familial adult myoclonic, 1",5,0.9333333333333333,11,0.9782983029729684,0.6111111111111112,0.6470588235294118,0.9166666666666666,1,2,0,17,19,5,1,6,12,0,2,13,0
ad3447ec38155d5d0691affdb9cbc135,50951,NCBIGene:1175,AP2S1,7792,MONDO:0007792,familial hypocalciuric hypercalcemia 2,4,0.5977564102564102,11,0.753080327789018,0.55,0.55,1,1,2,0,20,23,12,1,7,11,0,2,12,0
e9e1cc94fcbc68777fe52bac6e703b2c,51856,NCBIGene:4069,LYZ,27251,MONDO:0971008,"amyloidosis, hereditary systemic 3",4,0.5964285714285714,11,0.6171702809670476,0.3142857142857143,0.6875,0.36666666666666664,1,2,0,16,21,1,1,4,30,0,2,31,0
83283d976547b8437c541f4b0e9db2a9,55530,NCBIGene:201625,DNAH12,25888,MONDO:0700290,spermatogenic failure 98,5,0.39915128730918203,11,0.4869495539919124,0.8461538461538461,0.9166666666666666,0.9166666666666666,1,2,0,12,14,1,1,3,12,0,2,13,0
cd4691a00a8e9a8789df5a137580b5c7,50770,NCBIGene:629,CFB,9335,MONDO:0009335,"hemolytic uremic syndrome, atypical, susceptibility to, 1",4,0.3913021618903972,11,0.461705876005265,0.3235294117647059,0.55,0.44,1,2,0,20,32,8,1,3,25,0,8,26,0
1252cef2c736c1e76eedb66c6a9304d2,53968,NCBIGene:26074,CFAP61,27125,MONDO:0958206,spermatogenic failure 89,5,0.2568748645449544,11,0.32197780257948305,0.9166666666666666,1,0.9166666666666666,1,2,0,11,14,1,1,4,12,0,2,13,0
5fd645069c55483a5a8325c906026a30,53968,NCBIGene:26074,CFAP61,27244,MONDO:0971000,spermatogenic failure 93,5,0.2568748645449544,11,0.32197780257948305,1,1,1,1,2,0,11,14,1,1,4,11,0,2,12,0
774196cdab54df24893f8f7a2916ef68,53968,NCBIGene:26074,CFAP61,27473,MONDO:0978302,spermatogenic failure 100,5,0.2568748645449544,11,0.32197780257948305,0.9166666666666666,1,0.9166666666666666,1,2,0,11,14,1,1,3,12,0,2,13,0
82c67c71f88ab8d2de890a6f18b1d4de,54809,NCBIGene:65975,STK33,26889,MONDO:0957301,spermatogenic failure 84,5,0.2568748645449544,11,0.32197780257948305,1,1,1,1,2,0,11,13,1,1,4,11,0,2,12,0
a499f73068a94e60ea751640000c62b8,54809,NCBIGene:65975,STK33,27125,MONDO:0958206,spermatogenic failure 89,5,0.2568748645449544,11,0.32197780257948305,0.9166666666666666,1,0.9166666666666666,1,2,0,11,13,1,1,4,12,0,2,13,0
b7025c2f8d4736d085a911f49336b182,54809,NCBIGene:65975,STK33,27473,MONDO:0978302,spermatogenic failure 100,5,0.2568748645449544,11,0.32197780257948305,0.9166666666666666,1,0.9166666666666666,1,2,0,11,13,1,1,3,12,0,2,13,0
bfb352aa7667cd81b91dcafa9d6557f5,55530,NCBIGene:201625,DNAH12,27244,MONDO:0971000,spermatogenic failure 93,4,0.23248462064251538,11,0.32197780257948305,0.9166666666666666,0.9166666666666666,1,1,2,0,12,14,1,1,4,11,0,2,12,0
c1899ca41b55c7075d2de7c40b6ca334,55530,NCBIGene:201625,DNAH12,26889,MONDO:0957301,spermatogenic failure 84,4,0.23248462064251538,11,0.32197780257948305,0.9166666666666666,0.9166666666666666,1,1,2,0,12,14,1,1,4,11,0,2,12,0
63a7ab076d5bdc2602093639016d5f3e,51545,NCBIGene:3054,HCFC1,9354,MONDO:0009354,methylcobalamin deficiency type cblE,4,0.22056159420289856,11,0.22567890807119856,0.3055555555555556,0.5,0.44,1,2,0,22,27,12,1,10,25,0,3,26,1
9b1a4e9ccd47a0809910a58f8f8f38b8,51484,NCBIGene:2819,GPD1,19149,MONDO:0019149,cholesteryl ester storage disease,5,0.06076380032051428,11,0.07167687855344966,0.12087912087912088,0.9166666666666666,0.12222222222222222,1,2,0,12,15,8,1,11,90,0,4,91,1
7bbfde4ed0143d33c792abcc51b0b181,53555,NCBIGene:10565,ARFGEF1,14855,MONDO:0014855,"intellectual disability, autosomal dominant 42",5,0.0560929921932429,11,0.06856412381598047,0.13253012048192772,0.9166666666666666,0.13414634146341464,1,2,0,12,14,15,1,6,82,0,2,83,0
68baa772d5f17bc36c7438e8d98f105c,54974,NCBIGene:81562,LMAN2L,23348,MONDO:0032790,neurodevelopmental disorder with coarse facies and mild distal skeletal abnormalities,5,0.017646181757319312,11,0.021757074019500163,0.046218487394957986,0.7333333333333333,0.04700854700854701,1,2,0,15,20,3,1,4,234,0,2,235,0
4ca07c85e76c3f5169c32c2872b0c116,54398,NCBIGene:55074,OXR1,27581,MONDO:0980699,"neurodevelopmental disorder with growth impairment, quadriparesis, and poor or absent speech",5,0.008194443964332535,11,0.01098826709550228,0.08396946564885496,1,0.08396946564885496,1,2,0,11,13,1,1,1,131,0,2,132,0
29c6a5fe21554a60ad28b5d8231c4bb2,50883,NCBIGene:958,CD40,10626,MONDO:0010626,hyper-IgM syndrome type 1,5,0.9593669250645995,10,0.9980098887808133,0.23809523809523808,0.9090909090909091,0.24390243902439024,1,2,0,11,14,26,1,10,41,0,4,43,2
622cbbb94c5f4f08a811d5614954e89e,55744,NCBIGene:401474,SAMD12,13322,MONDO:0013322,"epilepsy, familial adult myoclonic, 3",4,0.7666666666666667,10,0.8158281695887563,0.4166666666666667,0.5,0.7142857142857143,1,2,0,20,23,4,1,6,14,0,2,15,0
a97bc4dcc536f6d38ce53ed12847f743,53491,NCBIGene:10299,MARCHF6,11930,MONDO:0011930,"epilepsy, familial adult myoclonic, 2",4,0.7666666666666667,10,0.813951673767457,0.3448275862068966,0.45454545454545453,0.5882352941176471,1,2,0,22,25,10,1,6,17,0,2,18,0
323e94032fd28ba704d702943c8b4d18,51086,NCBIGene:1576,CYP3A4,20723,MONDO:0020723,"vitamin D-dependent rickets, type 1A",5,0.46523150762281196,10,0.5033987575512023,0.16666666666666666,0.6666666666666666,0.18181818181818182,1,2,0,15,20,11,1,3,55,0,2,57,0
2092e76c122561e85e5687649914d070,51735,NCBIGene:3745,KCNB1,59274,ORPHA:289266,Early-onset epileptic encephalopathy and intellectual disability due to GRIN2A mutation,4,0.48596491228070177,10,0.5030648124818048,0.12048192771084337,0.15625,0.3448275862068966,1,2,0,64,67,1,1,0,29,0,1,29,0
17ef7af9ab36080bdcb547b2bf6866eb,55530,NCBIGene:201625,DNAH12,27337,MONDO:0975747,spermatogenic failure 95,5,0.39915128730918203,10,0.4656720792547778,0.7692307692307693,0.8333333333333334,0.9090909090909091,1,2,0,12,14,1,1,4,11,0,2,12,0
cc58bb8e258a6549d53fcb8a99b662dd,55435,NCBIGene:149465,CFAP57,27125,MONDO:0958206,spermatogenic failure 89,5,0.39915128730918203,10,0.4656720792547778,0.7692307692307693,0.9090909090909091,0.8333333333333334,1,2,0,11,13,1,1,4,12,0,2,13,0
de779b2f82824b3af777bc49a4a9224b,55435,NCBIGene:149465,CFAP57,27473,MONDO:0978302,spermatogenic failure 100,5,0.39915128730918203,10,0.4656720792547778,0.7692307692307693,0.9090909090909091,0.8333333333333334,1,2,0,11,13,1,1,3,12,0,2,13,0
39b9b4afb5222e8c1a09d900b9e0c1c6,55167,NCBIGene:89781,HPS4,13557,MONDO:0013557,Hermansky-Pudlak syndrome 5,5,0.3636699507389163,10,0.3886868403337148,0.43478260869565216,0.7692307692307693,0.5,1,2,0,13,18,6,1,5,20,0,2,21,0
6e25f6bc6d20123070a5a7e143d54bf9,52889,NCBIGene:7374,UNG,11528,MONDO:0011528,hyper-IgM syndrome type 2,4,0.3166901573878318,10,0.34606437102465387,0.7142857142857143,0.9090909090909091,0.7692307692307693,1,2,0,11,14,12,1,8,13,0,2,15,0
bac0f67f41521fce752a70be29483513,54809,NCBIGene:65975,STK33,25888,MONDO:0700290,spermatogenic failure 98,5,0.2568748645449544,10,0.3202828873252458,0.7692307692307693,0.9090909090909091,0.8333333333333334,1,2,0,11,13,1,1,3,12,0,2,13,0
f7b818c75f4411d43523f0deebc9bf3f,53968,NCBIGene:26074,CFAP61,25888,MONDO:0700290,spermatogenic failure 98,5,0.2568748645449544,10,0.3202828873252458,0.7692307692307693,0.9090909090909091,0.8333333333333334,1,2,0,11,14,1,1,3,12,0,2,13,0
3053d27b778738dde7aefb46f9a5b8ac,53473,NCBIGene:10233,LRRC23,27125,MONDO:0958206,spermatogenic failure 89,5,0.23522984289993276,10,0.2765232571249376,0.8333333333333334,1,0.8333333333333334,1,2,0,10,12,1,1,4,12,0,2,13,0
665c098986c41566e59d52365a01a00d,53473,NCBIGene:10233,LRRC23,27244,MONDO:0971000,spermatogenic failure 93,5,0.23522984289993276,10,0.2765232571249376,0.9090909090909091,1,0.9090909090909091,1,2,0,10,12,1,1,4,11,0,2,12,0
72445d19987bab4a5910b27358c16bc4,53473,NCBIGene:10233,LRRC23,26889,MONDO:0957301,spermatogenic failure 84,5,0.23522984289993276,10,0.2765232571249376,0.9090909090909091,1,0.9090909090909091,1,2,0,10,12,1,1,4,11,0,2,12,0
f7f6a4367b25d3fb362d708251848928,53473,NCBIGene:10233,LRRC23,27473,MONDO:0978302,spermatogenic failure 100,5,0.23522984289993276,10,0.2765232571249376,0.8333333333333334,1,0.8333333333333334,1,2,0,10,12,1,1,3,12,0,2,13,0
8c87c7bcdd2abc22f0468665a8cbfe1d,51545,NCBIGene:3054,HCFC1,10183,MONDO:0010183,methylmalonic aciduria and homocystinuria type cblF,4,0.22056159420289856,10,0.22539895118314468,0.17857142857142858,0.45454545454545453,0.22727272727272727,1,2,0,22,27,20,1,9,44,0,2,45,0
e84a8eabac4c4b2cb33b12577d62d283,51181,NCBIGene:1824,DSC2,12434,MONDO:0012434,arrhythmogenic right ventricular dysplasia 10,5,0.15306122448979592,10,0.16784534091406048,0.45454545454545453,0.7142857142857143,0.5555555555555556,1,2,0,14,22,11,1,6,18,0,2,19,0
82bae5b7d927563219c1d09d7d4b0838,52401,NCBIGene:5833,PCYT2,27632,MONDO:0980966,developmental and epileptic encephalopathy 121,5,0.040197173390813225,10,0.046582872451006244,0.136986301369863,0.6666666666666666,0.14705882352941177,1,2,0,15,18,1,1,1,68,0,2,69,0
4846263cd8c77aaeba6fab26e12d62fe,54422,NCBIGene:55180,LINS1,23010,MONDO:0030920,"intellectual disability, autosomal dominant 54",5,0.03439542816454446,10,0.03702431617213365,0.14925373134328357,0.7692307692307693,0.15625,1,2,0,13,16,6,1,5,64,0,2,65,0
4a77a6de26eeee7261f24245787e90e5,54927,NCBIGene:80155,NAA15,14606,MONDO:0014606,intellectual disability-microcephaly-strabismus-behavioral abnormalities syndrome,5,0.01932029585189763,10,0.023961512630548753,0.047619047619047616,1,0.047619047619047616,1,2,0,10,13,11,1,6,210,0,2,213,0
86f8b39694ab5d28c203d76f5862aa3e,54927,NCBIGene:80155,NAA15,14379,MONDO:0014379,ADNP-related multiple congenital anomalies - intellectual disability - autism spectrum disorder,5,0.016282764440133983,10,0.019557812723064318,0.050761421319796954,1,0.050761421319796954,1,2,0,10,13,10,1,8,197,0,2,200,0
3b4307896f92a97a831e249c9e477aaf,54927,NCBIGene:80155,NAA15,7387,MONDO:0007387,Cornelia de Lange syndrome 1,5,0.011572913183808542,10,0.014030771092760784,0.07751937984496124,1,0.07751937984496124,1,2,0,10,13,11,1,7,129,0,2,131,0
4187b78463a1eca49ae878b5b3836ef9,54927,NCBIGene:80155,NAA15,26765,MONDO:0859531,"neurodevelopmental disorder with language delay and behavioral abnormalities, with or without seizures",5,0.011572913183808542,10,0.014030771092760784,0.2702702702702703,1,0.2702702702702703,1,2,0,10,13,1,1,3,37,0,2,38,0
71e09534d8715df0ee830ea5d62da5ef,54927,NCBIGene:80155,NAA15,26555,MONDO:0859178,"developmental delay, impaired speech, and behavioral abnormalities",5,0.011572913183808542,10,0.014030771092760784,0.05319148936170213,1,0.05319148936170213,1,2,0,10,13,1,1,3,188,0,2,189,0
7c64a4e117f38fe5b3dfa29163830498,54927,NCBIGene:80155,NAA15,26978,MONDO:0957588,"neurodevelopmental disorder with impaired language, behavioral abnormalities, and dysmorphic facies",5,0.011572913183808542,10,0.014030771092760784,0.11764705882352941,1,0.11764705882352941,1,2,0,10,13,1,1,3,85,0,2,86,0
d8b42e2682b944b0cbdf83a72d430e40,54927,NCBIGene:80155,NAA15,26575,MONDO:0859199,developmental delay with or without intellectual impairment or behavioral abnormalities,5,0.011572913183808542,10,0.014030771092760784,0.19230769230769232,1,0.19230769230769232,1,2,0,10,13,1,1,3,52,0,2,53,0
73f90e165bc15255ee9dde03bd1569db,54398,NCBIGene:55074,OXR1,24913,MONDO:0060711,Jaberi-Elahi syndrome,5,0.008194443964332535,10,0.010560184903721457,0.07142857142857142,0.9090909090909091,0.07194244604316546,1,2,0,11,13,3,1,3,139,0,2,141,0
e8e463c3647a97929c607eb0700582cc,54575,NCBIGene:56910,STARD7,13322,MONDO:0013322,"epilepsy, familial adult myoclonic, 3",4,0.7666666666666667,9,0.8105650116940194,0.4090909090909091,0.5294117647058824,0.6428571428571429,1,2,0,17,19,4,1,6,14,0,2,15,0
e621bafbef3e437989f4baaa8d777810,53491,NCBIGene:10299,MARCHF6,10985,MONDO:0010985,"epilepsy, familial adult myoclonic, 1",4,0.7666666666666667,9,0.8080345140041434,0.36,0.4090909090909091,0.75,1,2,0,22,25,5,1,6,12,0,2,13,0
88244219254c332d9f4ef5a1404479d4,50964,NCBIGene:1203,CLN5,11144,MONDO:0011144,"ceroid lipofuscinosis, neuronal, 6A",4,0.6444444444444445,9,0.7206413854960695,0.36,0.36,1,1,2,0,25,31,17,1,7,9,0,4,11,0
fb80fa408407b93f4a9aa760bf2c028a,54199,NCBIGene:51206,GP6,23125,MONDO:0031332,Glanzmann thrombasthenia 1,5,0.5528894577807622,9,0.6064078602545621,0.25,0.9,0.2571428571428571,1,2,0,10,13,24,1,6,35,6,2,42,0
7dcf3a15667c3fc35ac206d249fac7a1,55435,NCBIGene:149465,CFAP57,25888,MONDO:0700290,spermatogenic failure 98,5,0.39915128730918203,9,0.46397716400054057,0.6428571428571429,0.8181818181818182,0.75,1,2,0,11,13,1,1,3,12,0,2,13,0
0ca4338568a525ca73c9aa9b6282ccde,55436,NCBIGene:149775,GNAS-AS1,12911,MONDO:0012911,pseudohypoparathyroidism type 1C,5,0.3158025372311087,9,0.3280419006742508,0.3,0.9,0.3103448275862069,1,2,0,10,14,6,1,10,29,0,2,34,0
42670fd86f6d2bacff74c3c2d8bd26d2,53968,NCBIGene:26074,CFAP61,27337,MONDO:0975747,spermatogenic failure 95,5,0.2568748645449544,9,0.2990054125881112,0.6923076923076923,0.8181818181818182,0.8181818181818182,1,2,0,11,14,1,1,4,11,0,2,12,0
4fe9189f62b8242d026580ed7137f8ed,55435,NCBIGene:149465,CFAP57,26889,MONDO:0957301,spermatogenic failure 84,4,0.23248462064251538,9,0.2990054125881112,0.6923076923076923,0.8181818181818182,0.8181818181818182,1,2,0,11,13,1,1,4,11,0,2,12,0
8d80b010f7ef2531dac712f3412b9a4d,55435,NCBIGene:149465,CFAP57,27244,MONDO:0971000,spermatogenic failure 93,4,0.23248462064251538,9,0.2990054125881112,0.6923076923076923,0.8181818181818182,0.8181818181818182,1,2,0,11,13,1,1,4,11,0,2,12,0
d9f69bfbf4f3fa972f444ac4a6659f8c,54809,NCBIGene:65975,STK33,27337,MONDO:0975747,spermatogenic failure 95,5,0.2568748645449544,9,0.2990054125881112,0.6923076923076923,0.8181818181818182,0.8181818181818182,1,2,0,11,13,1,1,4,11,0,2,12,0
b0383a09a82379238274df39e5c87588,53655,NCBIGene:11093,ADAMTS13,9335,MONDO:0009335,"hemolytic uremic syndrome, atypical, susceptibility to, 1",4,0.24374971433794962,9,0.27864667317397396,0.24324324324324326,0.42857142857142855,0.36,1,2,0,21,24,8,1,3,25,0,8,26,0
42fd340e505ead5680d05a810b6d4b3f,53473,NCBIGene:10233,LRRC23,25888,MONDO:0700290,spermatogenic failure 98,5,0.23522984289993276,9,0.2748283418707003,0.6923076923076923,0.9,0.75,1,2,0,10,12,1,1,3,12,0,2,13,0
9fadfe2d6b7ecf0030c634b950e415d4,51545,NCBIGene:3054,HCFC1,10185,MONDO:0010185,methylmalonic aciduria and homocystinuria type cblD,4,0.22056159420289856,9,0.22299342486578466,0.2,0.4090909090909091,0.28125,1,2,0,22,27,25,1,10,32,0,3,34,1
aa77f33666dd0bb98c283deed6305ab4,51007,NCBIGene:1337,COX6A1,7309,MONDO:0007309,Charcot-Marie-Tooth disease type 1A,5,0.05420038817885524,9,0.06800389617292393,0.24324324324324326,0.8181818181818182,0.2571428571428571,1,2,0,11,14,16,1,8,35,0,2,37,0
4ebb9bf53828e6727f343602199ed41f,51007,NCBIGene:1337,COX6A1,7308,MONDO:0007308,Charcot-Marie-Tooth disease type 2A1,5,0.05420038817885524,9,0.06554689371592147,0.391304347826087,0.8181818181818182,0.42857142857142855,1,2,0,11,14,27,1,11,21,0,2,22,0
ce5a22478b265c7bbaef8b2f54059c14,51007,NCBIGene:1337,COX6A1,7307,MONDO:0007307,Charcot-Marie-Tooth disease type 1B,5,0.05420038817885524,9,0.06554689371592147,0.32142857142857145,0.8181818181818182,0.34615384615384615,1,2,0,11,14,21,1,8,26,0,2,28,0
e6d7f2fb4f02aece3372d8f7602896cb,54710,NCBIGene:60528,ELAC2,13570,MONDO:0013570,combined oxidative phosphorylation defect type 8,5,0.02972149093579791,9,0.03492175962239161,0.2903225806451613,0.6,0.36,1,2,0,15,23,7,1,7,25,0,2,26,0
9e8da12e6333ac86947e2491d4ff67e3,51384,NCBIGene:2560,GABRB1,10466,MONDO:0010466,multiple congenital anomalies-hypotonia-seizures syndrome 2,5,0.022993947117291105,9,0.024997695588396405,0.04411764705882353,0.8181818181818182,0.04455445544554455,1,2,0,11,13,13,1,6,202,0,2,208,0
c5b45a984c5c2d4aa3562668b6ed72e0,54195,NCBIGene:51185,CRBN,27446,MONDO:0976231,"intellectual developmental disorder, autosomal recessive 83",5,0.01648276093256337,9,0.01961449197711719,0.14516129032258066,0.9,0.14754098360655737,1,2,0,10,13,1,1,5,61,0,2,62,0
991fa19cf1942d60346253049e9a75d1,54927,NCBIGene:80155,NAA15,58858,ORPHA:464311,Intellectual disability syndrome due to a DYRK1A point mutation,5,0.011572913183808542,9,0.01375627205350742,0.13043478260869565,0.9,0.1323529411764706,1,2,0,10,13,1,1,0,68,0,1,68,0
f7ca49f6a9df460766ee0465d18cd1fc,54927,NCBIGene:80155,NAA15,58890,ORPHA:261197,Proximal 16p11.2 microdeletion syndrome,5,0.011572913183808542,9,0.01375627205350742,0.16981132075471697,0.9,0.17307692307692307,1,2,0,10,13,1,1,0,52,0,1,52,0
3633d9e9b30860deead0e7f339a9254d,54927,NCBIGene:80155,NAA15,14892,MONDO:0014892,micrognathia-recurrent infections-behavioral abnormalities-mild intellectual disability syndrome,5,0.011572913183808542,9,0.013628518478118789,0.12857142857142856,0.9,0.13043478260869565,1,2,0,10,13,10,1,6,69,0,2,72,0
a336b19be33228e1759dbbb024386081,54927,NCBIGene:80155,NAA15,30554,MONDO:1060177,developmental and epileptic encephalopathy 119,5,0.011572913183808542,9,0.013615833333424684,0.04891304347826087,0.9,0.04918032786885246,1,2,0,10,13,5,1,2,183,0,2,184,0
07d692b7d2cffe9171fe7cd0d9aa16f8,54398,NCBIGene:55074,OXR1,10500,MONDO:0010500,"intellectual disability, X-linked, syndromic 33",5,0.008194443964332535,9,0.010194433511223526,0.10843373493975904,0.8181818181818182,0.1111111111111111,1,2,0,11,13,9,1,5,81,0,2,84,0
04dd3a81fdb2eaa8e967e2c4dc80ac09,54398,NCBIGene:55074,OXR1,7298,MONDO:0007298,spinocerebellar ataxia type 29,5,0.008194443964332535,9,0.010000883757925346,0.06293706293706294,0.8181818181818182,0.06382978723404255,1,2,0,11,13,11,1,9,141,0,3,142,1
bf2f4ce57d0e180a73d840ca255ee033,54398,NCBIGene:55074,OXR1,8943,MONDO:0008943,autosomal recessive spinocerebellar ataxia 2,5,0.008194443964332535,9,0.009818612355034104,0.2903225806451613,0.8181818181818182,0.3103448275862069,1,2,0,11,13,14,1,8,29,0,2,30,0
613d642ad6160f4fadc87343652a8cb2,54398,NCBIGene:55074,OXR1,8907,MONDO:0008907,PMM2-congenital disorder of glycosylation,5,0.008194443964332535,9,0.009805467922589382,0.1125,0.8181818181818182,0.11538461538461539,1,2,0,11,13,18,1,10,78,0,2,80,0
542c21411bce5e643a9bfa28c5f9f9f7,52168,NCBIGene:5092,PCBD1,12994,MONDO:0012994,dopa-responsive dystonia due to sepiapterin reductase deficiency,4,1.0416666666666667,8,1.2244822589548783,0.2,0.38095238095238093,0.2962962962962963,1,2,0,21,24,9,1,11,27,0,3,30,1
6fac312056d4935de42562e2211b1677,51242,NCBIGene:2057,EPOR,9892,MONDO:0009892,Chuvash polycythemia,5,0.9170995670995671,8,0.9441370645880139,0.2,0.27586206896551724,0.42105263157894735,1,2,0,29,33,16,1,7,19,0,2,21,0
fb6b7411ea5230416c9ad7548ee3e903,50676,NCBIGene:344,APOC2,14412,MONDO:0014412,"hyperlipoproteinemia, type 1D",4,0.4792207792207792,8,0.48998896983864715,0.42105263157894735,0.8,0.47058823529411764,1,2,0,10,16,5,1,6,17,0,2,21,0
77505d2c37443686a2f7fc909fdc680d,50877,NCBIGene:931,MS4A1,13283,MONDO:0013283,"immunodeficiency, common variable, 3",4,0.42094474153297684,8,0.434813550417429,0.4444444444444444,0.8888888888888888,0.47058823529411764,1,2,0,9,12,5,1,5,17,0,2,18,0
2992c7ae32754cbcc6e78c06bffd3fbe,53628,NCBIGene:10916,MAGED2,9424,MONDO:0009424,Bartter disease type 2,4,0.3486575481256332,8,0.38277091307983463,0.15384615384615385,0.7272727272727273,0.16326530612244897,1,2,0,11,17,16,1,8,49,0,2,50,0
fe20f65283b0da524644bf1389b333ba,53628,NCBIGene:10916,MAGED2,25284,MONDO:0100344,Bartter disease type 1,4,0.3486575481256332,8,0.38277091307983463,0.17391304347826086,0.7272727272727273,0.18604651162790697,1,2,0,11,17,21,1,8,43,0,1,44,0
219ee1e2aa08bde063caa60e28dbc874,55436,NCBIGene:149775,GNAS-AS1,55983,ORPHA:79443,Pseudohypoparathyroidism type 1A,5,0.3158025372311087,8,0.32776740163499746,0.11594202898550725,0.8,0.11940298507462686,1,2,0,10,14,1,1,0,67,1,1,68,0
4e9d80c5f36cd8b50d4c7af692032bc0,55436,NCBIGene:149775,GNAS-AS1,55985,ORPHA:79444,Pseudohypoparathyroidism type 1C,5,0.3158025372311087,8,0.32776740163499746,0.14285714285714285,0.8,0.14814814814814814,1,2,0,10,14,1,1,0,54,1,1,55,0
8d0de5ee9474892f04c22a0d23cf0b90,55436,NCBIGene:149775,GNAS-AS1,7078,MONDO:0007078,pseudohypoparathyroidism type 1A,4,0.3055984555984556,8,0.31783781904159775,0.23529411764705882,0.8,0.25,1,2,0,10,14,13,1,12,32,0,2,35,0
71be226ab7adac077e4ad95f9717e213,51181,NCBIGene:1824,DSC2,11017,MONDO:0011017,Naxos disease,5,0.257015306122449,8,0.2917382903451708,0.14285714285714285,0.5714285714285714,0.16,1,2,0,14,22,20,1,9,50,0,2,54,0
2feda4e951989a61c03dfb7b3f264c7c,54438,NCBIGene:55243,KIRREL1,23531,MONDO:0033203,nephrotic syndrome 14,4,0.26535762032085564,8,0.27160180219764424,0.21621621621621623,0.8888888888888888,0.2222222222222222,1,2,0,9,11,11,1,6,36,0,2,40,0
14857a34e9ee3cab5895a56c754a6fa6,55742,NCBIGene:401024,FSIP2,22936,MONDO:0030809,spermatogenic failure 72,5,0.2628272454973354,8,0.2713337744764385,0.8,0.8888888888888888,0.8888888888888888,1,2,0,9,12,3,1,4,9,0,2,10,0
460911a9fde30959068bdfc7c9a0035a,53474,NCBIGene:10235,RASGRP2,23080,MONDO:0031009,Glanzmann thrombasthenia 2,5,0.2532662240308417,8,0.266837387009635,0.5,0.8888888888888888,0.5333333333333333,1,2,0,9,12,4,1,4,15,0,2,16,0
9abd08816a4e002ce90dacb71485ca61,53473,NCBIGene:10233,LRRC23,27337,MONDO:0975747,spermatogenic failure 95,5,0.23522984289993276,8,0.2535508671335657,0.6153846153846154,0.8,0.7272727272727273,1,2,0,10,12,1,1,4,11,0,2,12,0
11aff5fb0babf96ba27eb350476bbe9b,55307,NCBIGene:122481,AK7,22666,MONDO:0029148,spermatogenic failure 34,5,0.23376614266574072,8,0.24227267164484392,0.8888888888888888,1,0.8888888888888888,1,2,0,8,11,3,1,5,9,0,2,10,0
9fa6b1cb644fc974dc095a7880ecb9b9,55742,NCBIGene:401024,FSIP2,24775,MONDO:0054731,spermatogenic failure 27,4,0.2173727000427899,8,0.24227267164484392,0.8888888888888888,0.8888888888888888,1,1,2,0,9,12,3,1,5,8,0,2,9,0
db1b04c15f368f13f56ad88600a2d2de,50886,NCBIGene:970,CD70,27560,MONDO:0979570,immunodeficiency 133 with ectodermal dysplasia with or without peripheral neuropathy,4,0.21537289168868115,8,0.23460478352988548,0.05194805194805195,0.7272727272727273,0.052980132450331126,1,2,0,11,14,1,1,4,151,0,2,152,0
4ae7bb32d521291f09be8b1a7dce7d74,51545,NCBIGene:3054,HCFC1,13925,MONDO:0013925,"methylmalonic acidemia with homocystinuria, type cblJ",4,0.22056159420289856,8,0.22421049725078832,0.15384615384615385,0.36363636363636365,0.21052631578947367,1,2,0,22,27,8,1,5,38,0,2,39,0
31c74abbb5b184a5623ce8401f0b7dfa,55398,NCBIGene:144406,CFAP251,22855,MONDO:0030531,spermatogenic failure 65,5,0.13636354526314332,8,0.14487007424224652,0.7272727272727273,1,0.7272727272727273,1,2,0,8,11,2,1,4,11,0,2,12,0
54ad3bbe907bdbb7ab00eef8fba0087f,55398,NCBIGene:144406,CFAP251,27125,MONDO:0958206,spermatogenic failure 89,5,0.13636354526314332,8,0.14487007424224652,0.6666666666666666,1,0.6666666666666666,1,2,0,8,11,1,1,4,12,0,2,13,0
69bd5429f8cac0987f48c24aa75a66a2,55398,NCBIGene:144406,CFAP251,26889,MONDO:0957301,spermatogenic failure 84,5,0.13636354526314332,8,0.14487007424224652,0.7272727272727273,1,0.7272727272727273,1,2,0,8,11,1,1,4,11,0,2,12,0
a3c2ff56ec9cb2b91809e0fe9a348851,55398,NCBIGene:144406,CFAP251,24747,MONDO:0054615,spermatogenic failure 18,5,0.13636354526314332,8,0.14487007424224652,1,1,1,1,2,0,8,11,3,1,5,8,0,2,9,0
adfc45da65d91cd51bf68452622945bc,55398,NCBIGene:144406,CFAP251,22666,MONDO:0029148,spermatogenic failure 34,5,0.13636354526314332,8,0.14487007424224652,0.8888888888888888,1,0.8888888888888888,1,2,0,8,11,3,1,5,9,0,2,10,0
d3646fafa3c79791d389ae052d19e355,55398,NCBIGene:144406,CFAP251,27473,MONDO:0978302,spermatogenic failure 100,5,0.13636354526314332,8,0.14487007424224652,0.6666666666666666,1,0.6666666666666666,1,2,0,8,11,1,1,3,12,0,2,13,0
da1bcc716d9b61aa12331e00d2aaddd9,55398,NCBIGene:144406,CFAP251,27244,MONDO:0971000,spermatogenic failure 93,5,0.13636354526314332,8,0.14487007424224652,0.7272727272727273,1,0.7272727272727273,1,2,0,8,11,1,1,4,11,0,2,12,0
15a02c44d80c25b373f3e30e78d6bc39,53263,NCBIGene:9368,NHERF1,12850,MONDO:0012850,hypophosphatemic nephrolithiasis/osteoporosis 1,5,0.1296164261227782,8,0.13687692902303544,0.8888888888888888,1,0.8888888888888888,1,2,0,8,15,5,1,6,9,0,2,12,0
38dda65cbddf2a58e3e11ad6b18fabe4,55029,NCBIGene:83938,LRMDA,13560,MONDO:0013560,Hermansky-Pudlak syndrome 8,5,0.13111492673992675,8,0.13496212366015786,0.25806451612903225,0.8888888888888888,0.26666666666666666,1,2,0,9,14,6,1,7,30,0,2,31,0
fe9e685fd488a5a78146942fe8a91cb0,51007,NCBIGene:1337,COX6A1,12231,MONDO:0012231,Charcot-Marie-Tooth disease type 2A2,5,0.05420038817885524,8,0.0621222361816749,0.23529411764705882,0.7272727272727273,0.25806451612903225,1,2,0,11,14,21,1,10,31,0,2,32,0
90628bae1f3710a7fcca1fdfca3e1820,51484,NCBIGene:2819,GPD1,56267,ORPHA:64,Alström syndrome,5,0.04411873585499822,8,0.04791805310649167,0.06611570247933884,0.6666666666666666,0.06837606837606838,1,2,0,12,15,1,1,0,117,0,1,117,0
97ceaf6af5d54adf8ce95179ba237b4b,54710,NCBIGene:60528,ELAC2,12624,MONDO:0012624,acyl-CoA dehydrogenase 9 deficiency,5,0.02972149093579791,8,0.033905155028551244,0.27586206896551724,0.5333333333333333,0.36363636363636365,1,2,0,15,23,5,1,8,22,0,2,23,0
7bd8501194524dda26dd025ad9313ec7,54195,NCBIGene:51185,CRBN,23348,MONDO:0032790,neurodevelopmental disorder with coarse facies and mild distal skeletal abnormalities,5,0.01648276093256337,8,0.01792534217583477,0.03389830508474576,0.8,0.03418803418803419,1,2,0,10,13,3,1,4,234,0,2,235,0
82370e3d0cb038e5fa2ac92a64a1ef22,54927,NCBIGene:80155,NAA15,27464,MONDO:0978293,Houge-Janssens syndrome 4,5,0.011572913183808542,8,0.013187751141643863,0.06779661016949153,0.8,0.06896551724137931,1,2,0,10,13,1,1,3,116,0,2,117,0
e3ffcff76507cc620d934fe895ca09d4,54398,NCBIGene:55074,OXR1,24924,MONDO:0060745,intellectual developmental disorder with or without epilepsy or cerebellar ataxia,5,0.008194443964332535,8,0.00943971653009145,0.25806451612903225,0.7272727272727273,0.2857142857142857,1,2,0,11,13,3,1,3,28,0,2,29,0
9da1de9e3537cf865191deaf0cd5acd7,52347,NCBIGene:5625,PRODH,9401,MONDO:0009401,hyperprolinemia type 2,4,0.5833333333333334,7,0.6959350685113423,0.22580645161290322,0.25,0.7,1,2,0,28,35,15,1,10,10,0,2,11,0
1b065adadd10d1adc03dcbc02ce4da6f,50964,NCBIGene:1203,CLN5,8083,MONDO:0008083,"ceroid lipofuscinosis, neuronal, 4 (Kufs type)",4,0.6444444444444445,7,0.6488090423629398,0.18421052631578946,0.28,0.35,1,2,0,25,31,18,1,7,20,0,2,21,0
c3394add6f9b7a21ea683a5bb2b830be,54954,NCBIGene:80331,DNAJC5,9745,MONDO:0009745,neuronal ceroid lipofuscinosis 5,4,0.6444444444444445,7,0.6488090423629398,0.18421052631578946,0.35,0.28,1,2,0,20,25,16,1,7,25,0,5,27,0
8d24e55092e2f30a756c9a85e7e0bd2a,50964,NCBIGene:1203,CLN5,8768,MONDO:0008768,"ceroid lipofuscinosis, neuronal, 6B (Kufs type)",4,0.6444444444444445,7,0.6486267709600486,0.17073170731707318,0.28,0.30434782608695654,1,2,0,25,31,12,1,7,23,0,2,24,0
29866b6e820cdde10fcf3f2516c57d67,55104,NCBIGene:84693,MCEE,59619,ORPHA:79282,"Methylmalonic acidemia with homocystinuria, type cblC",5,0.44296187910318346,7,0.4499383564411066,0.08641975308641975,0.5833333333333334,0.09210526315789473,1,2,0,12,18,1,1,0,76,0,1,76,0
725d42f45837e14ea71de40b1d2cbd83,50721,NCBIGene:486,FXYD2,9904,MONDO:0009904,Gitelman syndrome,5,0.3653207014190996,7,0.37583664927944577,0.06422018348623854,0.7777777777777778,0.06542056074766354,1,2,0,9,12,8,1,14,107,0,4,110,2
31279494a50eba31ca2649a7fe354b81,51682,NCBIGene:3604,TNFRSF9,11338,MONDO:0011338,Omenn syndrome,4,0.3385854341736695,7,0.35137074869115964,0.05785123966942149,0.3888888888888889,0.06363636363636363,1,2,0,18,21,6,1,11,110,0,6,112,0
facf27bb03db459b155891ecbc294179,54385,NCBIGene:54977,SLC25A38,14094,MONDO:0014094,severe congenital hypochromic anemia with ringed sideroblasts,5,0.3005026223776224,7,0.30320701532591776,0.3684210526315789,0.875,0.3888888888888889,1,2,0,8,11,6,1,6,18,0,2,22,0
cf41c22e3180709b5e6c1388ae34d439,55742,NCBIGene:401024,FSIP2,23016,MONDO:0030926,spermatogenic failure 51,5,0.2628272454973354,7,0.27945335447673103,0.5833333333333334,0.7777777777777778,0.7,1,2,0,9,12,3,1,4,10,0,2,11,0
702e82f281c002f8746409fe116390d2,53474,NCBIGene:10235,RASGRP2,23125,MONDO:0031332,Glanzmann thrombasthenia 1,4,0.24462768615692154,7,0.2636633300100318,0.1891891891891892,0.7777777777777778,0.2,1,2,0,9,12,24,1,6,35,6,2,42,0
d0e060e7255f04dcb69d55f54e8437b8,52327,NCBIGene:5568,PRKACG,9276,MONDO:0009276,Bernard-Soulier syndrome,5,0.2538413682062562,7,0.2585887072489313,0.1794871794871795,0.7777777777777778,0.1891891891891892,1,2,0,9,12,22,1,13,37,0,7,39,0
dceac5e329651b9b1b14af3efd3c6acc,54669,NCBIGene:57654,UVSSA,10909,MONDO:0010909,UV-sensitive syndrome 1,5,0.22732315241081313,7,0.22818120963655128,0.7,1,0.7,1,2,0,7,10,6,1,5,10,0,2,11,0
1212114b607a008d529272e2a280d03b,55742,NCBIGene:401024,FSIP2,23262,MONDO:0032686,spermatogenic failure 35,4,0.2173727000427899,7,0.2258792290218931,0.7777777777777778,0.7777777777777778,1,1,2,0,9,12,3,1,4,7,0,2,8,0
1249bc0e54682938bab4f23ec8401074,55041,NCBIGene:84074,QRICH2,22936,MONDO:0030809,spermatogenic failure 72,5,0.22395164741121096,7,0.2258792290218931,0.7777777777777778,1,0.7777777777777778,1,2,0,7,9,3,1,4,9,0,2,10,0
2a2e683f7d564e379fdfc103f2dc96d1,55041,NCBIGene:84074,QRICH2,24775,MONDO:0054731,spermatogenic failure 27,5,0.22395164741121096,7,0.2258792290218931,0.875,1,0.875,1,2,0,7,9,3,1,5,8,0,2,9,0
540693db88cde5d26d97913cadff5d4e,55307,NCBIGene:122481,AK7,23262,MONDO:0032686,spermatogenic failure 35,4,0.2173727000427899,7,0.2258792290218931,0.875,0.875,1,1,2,0,8,11,3,1,4,7,0,2,8,0
75a1c8fdbe6110ffa0450c6d292ae1ef,55041,NCBIGene:84074,QRICH2,22666,MONDO:0029148,spermatogenic failure 34,5,0.22395164741121096,7,0.2258792290218931,0.7777777777777778,1,0.7777777777777778,1,2,0,7,9,3,1,5,9,0,2,10,0
7e480e42eeaf2039cca716c04801d6e3,55307,NCBIGene:122481,AK7,22936,MONDO:0030809,spermatogenic failure 72,4,0.2173727000427899,7,0.2258792290218931,0.7,0.875,0.7777777777777778,1,2,0,8,11,3,1,4,9,0,2,10,0
20925c0dccd304b4999451515808f9c8,55644,NCBIGene:286464,CFAP47,27244,MONDO:0971000,spermatogenic failure 93,5,0.13636354526314332,7,0.1593359352545152,0.5833333333333334,0.875,0.6363636363636364,1,2,0,8,11,1,1,4,11,0,2,12,0
5f2407b407573ad86cadfe17ddad3991,55644,NCBIGene:286464,CFAP47,27125,MONDO:0958206,spermatogenic failure 89,5,0.13636354526314332,7,0.1593359352545152,0.5384615384615384,0.875,0.5833333333333334,1,2,0,8,11,1,1,4,12,0,2,13,0
642dc31cc6f233b23bc1124ef266dc4f,55644,NCBIGene:286464,CFAP47,25888,MONDO:0700290,spermatogenic failure 98,5,0.13636354526314332,7,0.1593359352545152,0.5384615384615384,0.875,0.5833333333333334,1,2,0,8,11,1,1,3,12,0,2,13,0
6b1b376380283bae73e9842ed05218fb,55644,NCBIGene:286464,CFAP47,27473,MONDO:0978302,spermatogenic failure 100,5,0.13636354526314332,7,0.1593359352545152,0.5384615384615384,0.875,0.5833333333333334,1,2,0,8,11,1,1,3,12,0,2,13,0
c066d8dbcb52dc0c1ca809c6f8e24034,55644,NCBIGene:286464,CFAP47,26889,MONDO:0957301,spermatogenic failure 84,5,0.13636354526314332,7,0.1593359352545152,0.5833333333333334,0.875,0.6363636363636364,1,2,0,8,11,1,1,4,11,0,2,12,0
c1268fff3f3c57186c8b6f6ce45e000a,55644,NCBIGene:286464,CFAP47,22797,MONDO:0030430,spermatogenic failure 56,5,0.13636354526314332,7,0.1593359352545152,0.7,0.875,0.7777777777777778,1,2,0,8,11,2,1,4,9,0,2,10,0
ef5768430c14d7882d531d92b2583a0a,55644,NCBIGene:286464,CFAP47,22855,MONDO:0030531,spermatogenic failure 65,5,0.13636354526314332,7,0.1593359352545152,0.5833333333333334,0.875,0.6363636363636364,1,2,0,8,11,2,1,4,11,0,2,12,0
56d6e09823d135ec8b3929eb62f10896,55398,NCBIGene:144406,CFAP251,26746,MONDO:0859477,"spermatogenic failure, X-linked, 5",5,0.13636354526314332,7,0.14463740788580165,0.7,0.875,0.7777777777777778,1,2,0,8,11,1,1,4,9,0,2,10,0
078d6bf5ce59e40772495299a4336da1,55398,NCBIGene:144406,CFAP251,25888,MONDO:0700290,spermatogenic failure 98,5,0.13636354526314332,7,0.14317515898800923,0.5384615384615384,0.875,0.5833333333333334,1,2,0,8,11,1,1,3,12,0,2,13,0
0b37494a806a50bc9a89e9742fca61d5,51156,NCBIGene:1769,DNAH8,27244,MONDO:0971000,spermatogenic failure 93,5,0.13636354526314332,7,0.14317515898800923,0.5833333333333334,0.875,0.6363636363636364,1,2,0,8,10,1,1,4,11,0,2,12,0
3533a41e48563be24ee96732e50a646e,51156,NCBIGene:1769,DNAH8,26889,MONDO:0957301,spermatogenic failure 84,5,0.13636354526314332,7,0.14317515898800923,0.5833333333333334,0.875,0.6363636363636364,1,2,0,8,10,1,1,4,11,0,2,12,0
4719104d95c47230ac145d1aa5a701d2,51156,NCBIGene:1769,DNAH8,24747,MONDO:0054615,spermatogenic failure 18,5,0.13636354526314332,7,0.14317515898800923,0.7777777777777778,0.875,0.875,1,2,0,8,10,3,1,5,8,0,2,9,0
4c907cb940294722767c07c804f8c5e6,51156,NCBIGene:1769,DNAH8,27125,MONDO:0958206,spermatogenic failure 89,5,0.13636354526314332,7,0.14317515898800923,0.5384615384615384,0.875,0.5833333333333334,1,2,0,8,10,1,1,4,12,0,2,13,0
86bb7dee105e9fecf876a28d61b969ec,51156,NCBIGene:1769,DNAH8,22797,MONDO:0030430,spermatogenic failure 56,5,0.13636354526314332,7,0.14317515898800923,0.7,0.875,0.7777777777777778,1,2,0,8,10,2,1,4,9,0,2,10,0
91fe35ca087cefdfa453698edf808140,55398,NCBIGene:144406,CFAP251,22797,MONDO:0030430,spermatogenic failure 56,5,0.13636354526314332,7,0.14317515898800923,0.7,0.875,0.7777777777777778,1,2,0,8,11,2,1,4,9,0,2,10,0
968c4681071fe5e26d6fe85d0d31bc04,51156,NCBIGene:1769,DNAH8,22666,MONDO:0029148,spermatogenic failure 34,5,0.13636354526314332,7,0.14317515898800923,0.7,0.875,0.7777777777777778,1,2,0,8,10,3,1,5,9,0,2,10,0
a60ec41cf41916908cf31e7befa773f4,51156,NCBIGene:1769,DNAH8,22855,MONDO:0030531,spermatogenic failure 65,5,0.13636354526314332,7,0.14317515898800923,0.5833333333333334,0.875,0.6363636363636364,1,2,0,8,10,2,1,4,11,0,2,12,0
ada9a065c51e6ed5fdad272deca16fcb,55398,NCBIGene:144406,CFAP251,23652,MONDO:0033673,spermatogenic failure 46,5,0.13636354526314332,7,0.14317515898800923,0.7777777777777778,0.875,0.875,1,2,0,8,11,2,1,4,8,0,2,9,0
b1d55929f2e8a24da9000e6f0abc5799,51156,NCBIGene:1769,DNAH8,22665,MONDO:0029147,spermatogenic failure 33,5,0.13636354526314332,7,0.14317515898800923,0.7777777777777778,0.875,0.875,1,2,0,8,10,3,1,5,8,0,2,9,0
b1d66450a9e553850b489bc6b5d15b63,51156,NCBIGene:1769,DNAH8,25888,MONDO:0700290,spermatogenic failure 98,5,0.13636354526314332,7,0.14317515898800923,0.5384615384615384,0.875,0.5833333333333334,1,2,0,8,10,1,1,3,12,0,2,13,0
fa0d88567211c017223979dd5d1f200e,51156,NCBIGene:1769,DNAH8,27473,MONDO:0978302,spermatogenic failure 100,5,0.13636354526314332,7,0.14317515898800923,0.5384615384615384,0.875,0.5833333333333334,1,2,0,8,10,1,1,3,12,0,2,13,0
6b4ed0d38a0c6bd9ace8e2e3f837639b,55398,NCBIGene:144406,CFAP251,27337,MONDO:0975747,spermatogenic failure 95,5,0.13636354526314332,7,0.13829112687382547,0.5833333333333334,0.875,0.6363636363636364,1,2,0,8,11,1,1,4,11,0,2,12,0
e3053646761ad22dfb5193835a84fbfd,52214,NCBIGene:5224,PGAM2,56166,ORPHA:228305,"Carnitine palmitoyl transferase II deficiency, severe infantile form",5,0.1247580921493965,7,0.13181762419052692,0.22580645161290322,0.7777777777777778,0.2413793103448276,1,2,0,9,13,1,1,0,29,0,1,29,0
802682ee96e47a00e2fa609181bb2b56,52214,NCBIGene:5224,PGAM2,56163,ORPHA:228302,"Carnitine palmitoyl transferase II deficiency, myopathic form",5,0.1247580921493965,7,0.13037053344587812,0.30434782608695654,0.7777777777777778,0.3333333333333333,1,2,0,9,13,1,1,0,21,0,1,21,0
36d101dd7b98fe7d97f7cb1b114c4670,52214,NCBIGene:5224,PGAM2,26688,MONDO:0859322,"myopathy with myalgia, increased serum creatine kinase, and with or without episodic rhabdomyolysis 1",5,0.1247580921493965,7,0.12737739335071008,0.2692307692307692,0.7777777777777778,0.2916666666666667,1,2,0,9,13,1,1,4,24,0,2,25,0
6f554634109c2c6056c8b9b517eaa06a,52214,NCBIGene:5224,PGAM2,9293,MONDO:0009293,glycogen storage disease V,5,0.1247580921493965,7,0.12737739335071008,0.3684210526315789,0.7777777777777778,0.4117647058823529,1,2,0,9,13,23,1,13,17,0,3,18,1
789dee84e4c269c5007728bb92686bd9,53556,NCBIGene:10566,AKAP3,27243,MONDO:0970999,spermatogenic failure 92,5,0.11680879026835381,7,0.11873637187903596,0.7,1,0.7,1,2,0,7,10,1,1,4,10,0,2,11,0
89b130a6b99ae28d69aaacd0a4f23531,53556,NCBIGene:10566,AKAP3,27246,MONDO:0971002,spermatogenic failure 94,5,0.11680879026835381,7,0.11873637187903596,0.7,1,0.7,1,2,0,7,10,1,1,4,10,0,2,11,0
91a197d7b05d47f22e9c1ef7f0488d74,53556,NCBIGene:10566,AKAP3,22855,MONDO:0030531,spermatogenic failure 65,5,0.11680879026835381,7,0.11873637187903596,0.6363636363636364,1,0.6363636363636364,1,2,0,7,10,2,1,4,11,0,2,12,0
a9f50afd6363cc037e31b596925d2b62,53556,NCBIGene:10566,AKAP3,27125,MONDO:0958206,spermatogenic failure 89,5,0.11680879026835381,7,0.11873637187903596,0.5833333333333334,1,0.5833333333333334,1,2,0,7,10,1,1,4,12,0,2,13,0
bcfb269512dba903c4bc473529bed3e4,53556,NCBIGene:10566,AKAP3,27473,MONDO:0978302,spermatogenic failure 100,5,0.11680879026835381,7,0.11873637187903596,0.5833333333333334,1,0.5833333333333334,1,2,0,7,10,1,1,3,12,0,2,13,0
cf0494f1a45b3ccbc35c5e39d4869f8e,53556,NCBIGene:10566,AKAP3,22936,MONDO:0030809,spermatogenic failure 72,5,0.11680879026835381,7,0.11873637187903596,0.7777777777777778,1,0.7777777777777778,1,2,0,7,10,3,1,4,9,0,2,10,0
dbffc8a66523f1b16d50045f8c9f9438,53556,NCBIGene:10566,AKAP3,26724,MONDO:0859364,spermatogenic failure 80,5,0.11680879026835381,7,0.11873637187903596,0.875,1,0.875,1,2,0,7,10,1,1,4,8,0,2,9,0
dca07a56626feedfe10ea3a668e58aef,53556,NCBIGene:10566,AKAP3,26889,MONDO:0957301,spermatogenic failure 84,5,0.11680879026835381,7,0.11873637187903596,0.6363636363636364,1,0.6363636363636364,1,2,0,7,10,1,1,4,11,0,2,12,0
fdb9c15a5af9ca3c7a06d5551cccd980,53556,NCBIGene:10566,AKAP3,27244,MONDO:0971000,spermatogenic failure 93,5,0.11680879026835381,7,0.11873637187903596,0.6363636363636364,1,0.6363636363636364,1,2,0,7,10,1,1,4,11,0,2,12,0
c5575affe9b5a097b55e25967bfe18b0,55467,NCBIGene:159686,CFAP58,23652,MONDO:0033673,spermatogenic failure 46,5,0.09748794717701892,7,0.10131773583562205,0.875,1,0.875,1,2,0,7,9,2,1,4,8,0,2,9,0
e70725bf1193c37f3fb9d26a39f97225,54195,NCBIGene:51185,CRBN,27608,MONDO:0980748,"intellectual developmental disorder, autosomal dominant 77",5,0.01648276093256337,7,0.017299951306541463,0.04294478527607362,0.7,0.04375,1,2,0,10,13,1,1,1,160,0,2,161,0
7893156b43c2be9be54d36bc6d023f9d,54398,NCBIGene:55074,OXR1,59061,ORPHA:86309,DPAGT1-CDG,5,0.008194443964332535,7,0.00936409870480071,0.0958904109589041,0.6363636363636364,0.10144927536231885,1,2,0,11,13,1,1,0,69,0,1,69,0
83b88c4c1aee28ff9f4cf0a1d926e9c0,54001,NCBIGene:26509,MYOF,22750,MONDO:0030293,"angioedema, hereditary, 5",5,1.0476190476190477,6,1.047893546658301,0.8571428571428571,1,0.8571428571428571,1,2,0,6,9,3,1,4,7,0,2,8,0
e1f8a5968e827693af545f3e1aba4b1c,50659,NCBIGene:284,ANGPT1,22548,MONDO:0025713,"angioedema, hereditary, 7",4,1.0238095238095237,6,1.047893546658301,0.8571428571428571,0.8571428571428571,1,1,2,0,7,10,2,1,4,6,0,2,7,0
6cb868fbf932cbf067539d63709ee26a,55719,NCBIGene:388531,RGS9BP,27100,MONDO:0958180,prolonged electroretinal response suppression 1,4,0.8430742679339644,6,0.8441895468235073,0.6666666666666666,0.6666666666666666,1,1,2,0,9,14,1,1,5,6,0,2,7,0
90f640e1f19cb074d5f16572e84922d8,53130,NCBIGene:8787,RGS9,27110,MONDO:0958190,prolonged electroretinal response suppression 2,4,0.8430742679339644,6,0.8441895468235073,0.6666666666666666,0.75,0.8571428571428571,1,2,0,8,13,1,1,5,7,0,2,8,0
091663dd124a826536ccea0476e096cf,54807,NCBIGene:65266,WNK4,13781,MONDO:0013781,pseudohypoaldosteronism type 2D,5,0.4840333592602195,6,0.48430785829947287,0.75,1,0.75,1,2,0,6,11,7,1,6,8,0,2,9,0
42e77d8d8cff0cd03c9ede338763a0ed,53989,NCBIGene:26249,KLHL3,13778,MONDO:0013778,pseudohypoaldosteronism type 2C,5,0.4840333592602195,6,0.48430785829947287,0.5454545454545454,0.75,0.6666666666666666,1,2,0,8,13,6,1,7,9,0,2,10,0
5b01b561cbb785f8d48cb533b01fc483,53989,NCBIGene:26249,KLHL3,13777,MONDO:0013777,pseudohypoaldosteronism type 2B,5,0.4840333592602195,6,0.48430785829947287,0.75,0.75,1,1,2,0,8,13,6,1,7,6,0,2,7,0
8fbf11e8ddc5b071ff18faaea5af0c70,54807,NCBIGene:65266,WNK4,13778,MONDO:0013778,pseudohypoaldosteronism type 2C,5,0.4840333592602195,6,0.48430785829947287,0.6666666666666666,1,0.6666666666666666,1,2,0,6,11,6,1,7,9,0,2,10,0
a5dfafa93693b1842357569b98281e78,54807,NCBIGene:65266,WNK4,13782,MONDO:0013782,pseudohypoaldosteronism type 2E,5,0.4840333592602195,6,0.48430785829947287,0.8571428571428571,1,0.8571428571428571,1,2,0,6,11,6,1,6,7,0,2,8,0
b66caf75becd226591209b56f280ad10,53989,NCBIGene:26249,KLHL3,13782,MONDO:0013782,pseudohypoaldosteronism type 2E,5,0.4840333592602195,6,0.48430785829947287,0.6666666666666666,0.75,0.8571428571428571,1,2,0,8,13,6,1,6,7,0,2,8,0
70ba736c661bbf21be2e0dbdc6b3293e,54894,NCBIGene:79846,CFAP69,23451,MONDO:0032896,spermatogenic failure 42,5,0.3757043214460248,6,0.37593698780246965,0.75,1,0.75,1,2,0,6,9,3,1,5,8,0,2,9,0
81c6bd147a0898bc043ecf4ad6b25738,55027,NCBIGene:83894,TTC29,24772,MONDO:0054728,spermatogenic failure 24,4,0.35931087882307394,6,0.37593698780246965,0.75,0.75,1,1,2,0,8,11,3,1,4,6,0,2,7,0
d7c6396664e38b07ec3d9173262c425e,55557,NCBIGene:221481,ARMC12,7161,MONDO:0007161,spermatogenic failure 2,4,0.31463905665803854,6,0.31656663826872067,0.6,0.8571428571428571,0.6666666666666666,1,2,0,7,10,4,1,5,9,0,2,10,0
edcd6a285d51f64228fe5118d59bedae,55157,NCBIGene:85446,ZFHX2,58519,ORPHA:642,Hereditary sensory and autonomic neuropathy type 4,4,0.26702020202020205,6,0.2999206349206349,0.1,0.6,0.10714285714285714,1,2,0,10,13,1,1,0,56,0,1,56,0
7ce1ef45ce5164a1918870e856824a1e,54317,NCBIGene:54507,ADAMTSL4,15017,MONDO:0015017,anterior segment dysgenesis 8,4,0.25381725417439704,6,0.2981338147836046,0.20689655172413793,0.2857142857142857,0.42857142857142855,1,2,0,21,28,7,1,6,14,0,2,15,0
cbb6913382f4aa59cc0912ed9964bc44,55027,NCBIGene:83894,TTC29,23016,MONDO:0030926,spermatogenic failure 51,4,0.274515557185647,6,0.2911416661650427,0.5,0.75,0.6,1,2,0,8,11,3,1,4,10,0,2,11,0
5b750304ca341cb4c712e85113724fc4,52110,NCBIGene:4891,SLC11A2,14804,MONDO:0014804,sideroblastic anemia 3,4,0.2597402597402597,6,0.26205192817570666,0.3333333333333333,0.75,0.375,1,2,0,8,16,7,1,7,16,0,2,18,0
f07b258479f09e5e91efba55d12beb65,55307,NCBIGene:122481,AK7,23016,MONDO:0030926,spermatogenic failure 51,5,0.23376614266574072,6,0.2339988090221856,0.5,0.75,0.6,1,2,0,8,11,3,1,4,10,0,2,11,0
52e5fbcc100a06cda279b71d4afa8d54,54662,NCBIGene:57591,MRTFA,9735,MONDO:0009735,Netherton syndrome,4,0.2158593322386426,6,0.2241565147241197,0.03278688524590164,0.8571428571428571,0.03296703296703297,1,2,0,7,11,10,1,16,182,0,2,187,0
ec666833d6a071e36f66c0440f33ee84,52860,NCBIGene:7286,TUFT1,11017,MONDO:0011017,Naxos disease,4,0.22031772575250835,6,0.22130057965583994,0.11538461538461539,0.75,0.12,1,2,0,8,10,20,1,9,50,0,2,54,0
cdf3a92668f0c3d3cd513ba3c8161ccb,55644,NCBIGene:286464,CFAP47,23016,MONDO:0030926,spermatogenic failure 51,5,0.13636354526314332,6,0.15275698788609413,0.5,0.75,0.6,1,2,0,8,11,3,1,4,10,0,2,11,0
3ef70213a319f761df53f5158e9ec6b3,51156,NCBIGene:1769,DNAH8,22495,MONDO:0025354,"spermatogenic failure, X-linked, 3",5,0.13636354526314332,6,0.14294249263156436,0.6,0.75,0.75,1,2,0,8,10,4,1,4,8,0,2,9,0
42abd8a01e0008dcca32f8f0ae061473,51156,NCBIGene:1769,DNAH8,26746,MONDO:0859477,"spermatogenic failure, X-linked, 5",5,0.13636354526314332,6,0.14294249263156436,0.5454545454545454,0.75,0.6666666666666666,1,2,0,8,10,1,1,4,9,0,2,10,0
b5857219b20a2ce2b3991af68f009b50,55398,NCBIGene:144406,CFAP251,22495,MONDO:0025354,"spermatogenic failure, X-linked, 3",5,0.13636354526314332,6,0.14294249263156436,0.6,0.75,0.75,1,2,0,8,11,4,1,4,8,0,2,9,0
1a56c5c9dc6765ae477d79a26784e0d9,51156,NCBIGene:1769,DNAH8,27337,MONDO:0975747,spermatogenic failure 95,5,0.13636354526314332,6,0.13659621161958818,0.46153846153846156,0.75,0.5454545454545454,1,2,0,8,10,1,1,4,11,0,2,12,0
d1557a30f10566c97a2b054cf9e44186,55398,NCBIGene:144406,CFAP251,23016,MONDO:0030926,spermatogenic failure 51,5,0.13636354526314332,6,0.13659621161958818,0.5,0.75,0.6,1,2,0,8,11,3,1,4,10,0,2,11,0
e78b6007eb39bacd742b22e1bc8a92b9,51156,NCBIGene:1769,DNAH8,23016,MONDO:0030926,spermatogenic failure 51,5,0.13636354526314332,6,0.13659621161958818,0.5,0.75,0.6,1,2,0,8,10,3,1,4,10,0,2,11,0
d044bbe5adda6ee9bfc1a90dc5dc1d89,53556,NCBIGene:10566,AKAP3,26746,MONDO:0859477,"spermatogenic failure, X-linked, 5",5,0.11680879026835381,6,0.1185037055225911,0.6,0.8571428571428571,0.6666666666666666,1,2,0,7,10,1,1,4,9,0,2,10,0
50efcd9a2682cad1520bcfc3140ce25d,53556,NCBIGene:10566,AKAP3,25888,MONDO:0700290,spermatogenic failure 98,5,0.11680879026835381,6,0.11704145662479867,0.46153846153846156,0.8571428571428571,0.5,1,2,0,7,10,1,1,3,12,0,2,13,0
d97cb9330cc07ae8235c01fde8ec8e51,53556,NCBIGene:10566,AKAP3,22797,MONDO:0030430,spermatogenic failure 56,5,0.11680879026835381,6,0.11704145662479867,0.6,0.8571428571428571,0.6666666666666666,1,2,0,7,10,2,1,4,9,0,2,10,0
57ff3047dcf0a5330ffa37c9e3de2bf0,53820,NCBIGene:23269,MGA,56818,ORPHA:572333,Blepharophimosis-ptosis-epicanthus inversus syndrome plus,5,0.09739962887989204,6,0.11022014170040485,0.16216216216216217,0.75,0.17142857142857143,1,2,0,8,10,1,1,0,35,0,1,35,0
13b2368f38bb33f36342eb03c45f319a,55467,NCBIGene:159686,CFAP58,27125,MONDO:0958206,spermatogenic failure 89,5,0.09748794717701892,6,0.09772061353346377,0.46153846153846156,0.8571428571428571,0.5,1,2,0,7,9,1,1,4,12,0,2,13,0
1b0a9163769a30de8932d8ad8fc25d1a,55415,NCBIGene:146754,DNAH2,23402,MONDO:0032845,spermatogenic failure 39,5,0.09748794717701892,6,0.09772061353346377,0.6666666666666666,1,0.6666666666666666,1,2,0,6,8,3,1,5,9,0,2,10,0
1e0c9ea7628526eabd50e26f1726f5dd,55415,NCBIGene:146754,DNAH2,27125,MONDO:0958206,spermatogenic failure 89,5,0.09748794717701892,6,0.09772061353346377,0.5,1,0.5,1,2,0,6,8,1,1,4,12,0,2,13,0
1efcde5a7c3c62fd83e6524569d76f30,55467,NCBIGene:159686,CFAP58,27246,MONDO:0971002,spermatogenic failure 94,5,0.09748794717701892,6,0.09772061353346377,0.5454545454545454,0.8571428571428571,0.6,1,2,0,7,9,1,1,4,10,0,2,11,0
3303223cb6a4fc604e63604921c8d40f,55467,NCBIGene:159686,CFAP58,24747,MONDO:0054615,spermatogenic failure 18,5,0.09748794717701892,6,0.09772061353346377,0.6666666666666666,0.8571428571428571,0.75,1,2,0,7,9,3,1,5,8,0,2,9,0
362bd0f7add759a747e3f2c077858dc3,55415,NCBIGene:146754,DNAH2,24775,MONDO:0054731,spermatogenic failure 27,5,0.09748794717701892,6,0.09772061353346377,0.75,1,0.75,1,2,0,6,8,3,1,5,8,0,2,9,0
39d3965a64c3de71a35762ac25df8a45,55415,NCBIGene:146754,DNAH2,26889,MONDO:0957301,spermatogenic failure 84,5,0.09748794717701892,6,0.09772061353346377,0.5454545454545454,1,0.5454545454545454,1,2,0,6,8,1,1,4,11,0,2,12,0
3a5263b1cc84e8618f0e497756fc54d3,55415,NCBIGene:146754,DNAH2,22665,MONDO:0029147,spermatogenic failure 33,5,0.09748794717701892,6,0.09772061353346377,0.75,1,0.75,1,2,0,6,8,3,1,5,8,0,2,9,0
4453ca099ec30dd5c57ea7ce2f1305c8,55415,NCBIGene:146754,DNAH2,22797,MONDO:0030430,spermatogenic failure 56,5,0.09748794717701892,6,0.09772061353346377,0.6666666666666666,1,0.6666666666666666,1,2,0,6,8,2,1,4,9,0,2,10,0
448adcd85eed4369161011dc8b2ed42a,55415,NCBIGene:146754,DNAH2,25888,MONDO:0700290,spermatogenic failure 98,5,0.09748794717701892,6,0.09772061353346377,0.5,1,0.5,1,2,0,6,8,1,1,3,12,0,2,13,0
4c727b2b16e203648e3071eba86d942e,55467,NCBIGene:159686,CFAP58,23650,MONDO:0033671,spermatogenic failure 45,5,0.09748794717701892,6,0.09772061353346377,0.8571428571428571,0.8571428571428571,1,1,2,0,7,9,2,1,4,6,0,2,7,0
56c227095a28a034cf832cfe3b2ff796,55415,NCBIGene:146754,DNAH2,27243,MONDO:0970999,spermatogenic failure 92,5,0.09748794717701892,6,0.09772061353346377,0.6,1,0.6,1,2,0,6,8,1,1,4,10,0,2,11,0
61a97ba6d47786bf89feb7c1c7a2fe89,55415,NCBIGene:146754,DNAH2,23652,MONDO:0033673,spermatogenic failure 46,5,0.09748794717701892,6,0.09772061353346377,0.75,1,0.75,1,2,0,6,8,2,1,4,8,0,2,9,0
6711ba2b1331c3f6a0720f3361eb9708,55415,NCBIGene:146754,DNAH2,24767,MONDO:0054723,spermatogenic failure 19,5,0.09748794717701892,6,0.09772061353346377,0.8571428571428571,1,0.8571428571428571,1,2,0,6,8,3,1,5,7,0,2,8,0
6ba71b1982560c827b5cac5cff7dcc35,55467,NCBIGene:159686,CFAP58,22666,MONDO:0029148,spermatogenic failure 34,5,0.09748794717701892,6,0.09772061353346377,0.6,0.8571428571428571,0.6666666666666666,1,2,0,7,9,3,1,5,9,0,2,10,0
84bde3a55633d402e2076bb49126fa09,55415,NCBIGene:146754,DNAH2,24747,MONDO:0054615,spermatogenic failure 18,5,0.09748794717701892,6,0.09772061353346377,0.75,1,0.75,1,2,0,6,8,3,1,5,8,0,2,9,0
8849ce145c774a2bd5a018bf797b9b43,55415,NCBIGene:146754,DNAH2,22855,MONDO:0030531,spermatogenic failure 65,5,0.09748794717701892,6,0.09772061353346377,0.5454545454545454,1,0.5454545454545454,1,2,0,6,8,2,1,4,11,0,2,12,0
8fa641e1ee4c07d2bb34b88dde79b8a9,55467,NCBIGene:159686,CFAP58,27244,MONDO:0971000,spermatogenic failure 93,5,0.09748794717701892,6,0.09772061353346377,0.5,0.8571428571428571,0.5454545454545454,1,2,0,7,9,1,1,4,11,0,2,12,0
9979ab9c3c34e09932bc91de97de7040,55467,NCBIGene:159686,CFAP58,22665,MONDO:0029147,spermatogenic failure 33,5,0.09748794717701892,6,0.09772061353346377,0.6666666666666666,0.8571428571428571,0.75,1,2,0,7,9,3,1,5,8,0,2,9,0
9f7fcb2e044493d179fdcbff8778109c,55467,NCBIGene:159686,CFAP58,27243,MONDO:0970999,spermatogenic failure 92,5,0.09748794717701892,6,0.09772061353346377,0.5454545454545454,0.8571428571428571,0.6,1,2,0,7,9,1,1,4,10,0,2,11,0
9f8eff56895ef1c19856ff74bc2e019f,55467,NCBIGene:159686,CFAP58,22855,MONDO:0030531,spermatogenic failure 65,5,0.09748794717701892,6,0.09772061353346377,0.5,0.8571428571428571,0.5454545454545454,1,2,0,7,9,2,1,4,11,0,2,12,0
a0bb7dfabd2768f8c02b27ecfe19d178,55467,NCBIGene:159686,CFAP58,26889,MONDO:0957301,spermatogenic failure 84,5,0.09748794717701892,6,0.09772061353346377,0.5,0.8571428571428571,0.5454545454545454,1,2,0,7,9,1,1,4,11,0,2,12,0
a724e84aa1f519c37711bc3306af7f1f,55467,NCBIGene:159686,CFAP58,24775,MONDO:0054731,spermatogenic failure 27,5,0.09748794717701892,6,0.09772061353346377,0.6666666666666666,0.8571428571428571,0.75,1,2,0,7,9,3,1,5,8,0,2,9,0
a8a5ec9a5cfdccd9594f6f21c7c10f77,55467,NCBIGene:159686,CFAP58,25888,MONDO:0700290,spermatogenic failure 98,5,0.09748794717701892,6,0.09772061353346377,0.46153846153846156,0.8571428571428571,0.5,1,2,0,7,9,1,1,3,12,0,2,13,0
a9c4da146a35f5258ff5e2417e8ad0c4,55467,NCBIGene:159686,CFAP58,23451,MONDO:0032896,spermatogenic failure 42,5,0.09748794717701892,6,0.09772061353346377,0.6666666666666666,0.8571428571428571,0.75,1,2,0,7,9,3,1,5,8,0,2,9,0
bd1ca32c948be90d4bc58158eda93b72,55467,NCBIGene:159686,CFAP58,22797,MONDO:0030430,spermatogenic failure 56,5,0.09748794717701892,6,0.09772061353346377,0.6,0.8571428571428571,0.6666666666666666,1,2,0,7,9,2,1,4,9,0,2,10,0
bfd5af9c48072eaef654e878c6382290,55415,NCBIGene:146754,DNAH2,27244,MONDO:0971000,spermatogenic failure 93,5,0.09748794717701892,6,0.09772061353346377,0.5454545454545454,1,0.5454545454545454,1,2,0,6,8,1,1,4,11,0,2,12,0
c364245d7b23db8b8e2a78786e34b973,55467,NCBIGene:159686,CFAP58,23402,MONDO:0032845,spermatogenic failure 39,5,0.09748794717701892,6,0.09772061353346377,0.6,0.8571428571428571,0.6666666666666666,1,2,0,7,9,3,1,5,9,0,2,10,0
cc1ec61df3ce4e776ccc11878b8dd31e,55415,NCBIGene:146754,DNAH2,22967,MONDO:0030868,spermatogenic failure 49,5,0.09748794717701892,6,0.09772061353346377,0.8571428571428571,1,0.8571428571428571,1,2,0,6,8,3,1,4,7,0,2,8,0
d19e309f8fb530d881cb98a23f787428,55467,NCBIGene:159686,CFAP58,24767,MONDO:0054723,spermatogenic failure 19,5,0.09748794717701892,6,0.09772061353346377,0.75,0.8571428571428571,0.8571428571428571,1,2,0,7,9,3,1,5,7,0,2,8,0
d480878f79587126aad1052c33a91de3,55415,NCBIGene:146754,DNAH2,27246,MONDO:0971002,spermatogenic failure 94,5,0.09748794717701892,6,0.09772061353346377,0.6,1,0.6,1,2,0,6,8,1,1,4,10,0,2,11,0
df8099e8a1fec680800b6c931e6236b0,55415,NCBIGene:146754,DNAH2,23451,MONDO:0032896,spermatogenic failure 42,5,0.09748794717701892,6,0.09772061353346377,0.75,1,0.75,1,2,0,6,8,3,1,5,8,0,2,9,0
e10488e7860ceaa475d53181274176ef,55415,NCBIGene:146754,DNAH2,27473,MONDO:0978302,spermatogenic failure 100,5,0.09748794717701892,6,0.09772061353346377,0.5,1,0.5,1,2,0,6,8,1,1,3,12,0,2,13,0
e4d6798c8202ca39e9ad868fcb39ecab,55467,NCBIGene:159686,CFAP58,27473,MONDO:0978302,spermatogenic failure 100,5,0.09748794717701892,6,0.09772061353346377,0.46153846153846156,0.8571428571428571,0.5,1,2,0,7,9,1,1,3,12,0,2,13,0
fcf5cfb1de8303537899c188665b6258,55415,NCBIGene:146754,DNAH2,22666,MONDO:0029148,spermatogenic failure 34,5,0.09748794717701892,6,0.09772061353346377,0.6666666666666666,1,0.6666666666666666,1,2,0,6,8,3,1,5,9,0,2,10,0
0e80973e774a88826bdf38bb6d855ad8,54518,NCBIGene:55779,CFAP44,26724,MONDO:0859364,spermatogenic failure 80,5,0.08278941980830538,6,0.08302208616475025,0.75,1,0.75,1,2,0,6,9,1,1,4,8,0,2,9,0
1e6d9818f9567b289fedafacbbf31d27,54518,NCBIGene:55779,CFAP44,23262,MONDO:0032686,spermatogenic failure 35,5,0.08278941980830538,6,0.08302208616475025,0.8571428571428571,1,0.8571428571428571,1,2,0,6,9,3,1,4,7,0,2,8,0
281c2e7928322691445836c25921c2a9,54518,NCBIGene:55779,CFAP44,26864,MONDO:0957249,spermatogenic failure 82,5,0.08278941980830538,6,0.08302208616475025,0.8571428571428571,1,0.8571428571428571,1,2,0,6,9,1,1,4,7,0,2,8,0
44c7dfaf80efce66c81e2023fde9fceb,54518,NCBIGene:55779,CFAP44,24747,MONDO:0054615,spermatogenic failure 18,5,0.08278941980830538,6,0.08302208616475025,0.75,1,0.75,1,2,0,6,9,3,1,5,8,0,2,9,0
4507ea0b2a04838b1ac763516b3db202,54518,NCBIGene:55779,CFAP44,27246,MONDO:0971002,spermatogenic failure 94,5,0.08278941980830538,6,0.08302208616475025,0.6,1,0.6,1,2,0,6,9,1,1,4,10,0,2,11,0
5689258275077411b0d403a092b5590e,54518,NCBIGene:55779,CFAP44,27473,MONDO:0978302,spermatogenic failure 100,5,0.08278941980830538,6,0.08302208616475025,0.5,1,0.5,1,2,0,6,9,1,1,3,12,0,2,13,0
820004ac56f1c86a4d50ebd6acc686cd,54518,NCBIGene:55779,CFAP44,26889,MONDO:0957301,spermatogenic failure 84,5,0.08278941980830538,6,0.08302208616475025,0.5454545454545454,1,0.5454545454545454,1,2,0,6,9,1,1,4,11,0,2,12,0
838a62434c5c1672cbb7c36683884575,54518,NCBIGene:55779,CFAP44,22665,MONDO:0029147,spermatogenic failure 33,5,0.08278941980830538,6,0.08302208616475025,0.75,1,0.75,1,2,0,6,9,3,1,5,8,0,2,9,0
8816ef431a9289e7252d543e2a62f6c1,54518,NCBIGene:55779,CFAP44,27125,MONDO:0958206,spermatogenic failure 89,5,0.08278941980830538,6,0.08302208616475025,0.5,1,0.5,1,2,0,6,9,1,1,4,12,0,2,13,0
8f07e16a57487c86a05ccb9c508909c5,54518,NCBIGene:55779,CFAP44,24767,MONDO:0054723,spermatogenic failure 19,5,0.08278941980830538,6,0.08302208616475025,0.8571428571428571,1,0.8571428571428571,1,2,0,6,9,3,1,5,7,0,2,8,0
9ab73a4251f076318a255ccfc10f69cc,54518,NCBIGene:55779,CFAP44,27590,MONDO:0980708,spermatogenic failure 102,5,0.08278941980830538,6,0.08302208616475025,0.6666666666666666,1,0.6666666666666666,1,2,0,6,9,1,1,1,9,0,2,10,0
a2ff8ddce76dec60457a3d2313587343,54518,NCBIGene:55779,CFAP44,27244,MONDO:0971000,spermatogenic failure 93,5,0.08278941980830538,6,0.08302208616475025,0.5454545454545454,1,0.5454545454545454,1,2,0,6,9,1,1,4,11,0,2,12,0
a549dbb17d85eaec4263a4edb41d7dc3,54518,NCBIGene:55779,CFAP44,27243,MONDO:0970999,spermatogenic failure 92,5,0.08278941980830538,6,0.08302208616475025,0.6,1,0.6,1,2,0,6,9,1,1,4,10,0,2,11,0
b1448c95e8ebfa5172b7dd15e1c06c37,54518,NCBIGene:55779,CFAP44,23402,MONDO:0032845,spermatogenic failure 39,5,0.08278941980830538,6,0.08302208616475025,0.6666666666666666,1,0.6666666666666666,1,2,0,6,9,3,1,5,9,0,2,10,0
b49572c16be404c1e92862381dc539a9,54518,NCBIGene:55779,CFAP44,22666,MONDO:0029148,spermatogenic failure 34,5,0.08278941980830538,6,0.08302208616475025,0.6666666666666666,1,0.6666666666666666,1,2,0,6,9,3,1,5,9,0,2,10,0
d5cfab393e7ec8aeee821605963ca68d,54518,NCBIGene:55779,CFAP44,24775,MONDO:0054731,spermatogenic failure 27,5,0.08278941980830538,6,0.08302208616475025,0.75,1,0.75,1,2,0,6,9,3,1,5,8,0,2,9,0
dc829e24f80318f9f68a077c6dc8ca4a,54518,NCBIGene:55779,CFAP44,22936,MONDO:0030809,spermatogenic failure 72,5,0.08278941980830538,6,0.08302208616475025,0.6666666666666666,1,0.6666666666666666,1,2,0,6,9,3,1,4,9,0,2,10,0
ed65e8bda53c3e88cc6ce6892761d544,54518,NCBIGene:55779,CFAP44,22855,MONDO:0030531,spermatogenic failure 65,5,0.08278941980830538,6,0.08302208616475025,0.5454545454545454,1,0.5454545454545454,1,2,0,6,9,2,1,4,11,0,2,12,0
db6e199409e3631b0aae312f3d0c5c0a,51423,NCBIGene:2661,GDF9,14321,MONDO:0014321,premature ovarian failure 8,5,0.0703199152542373,6,0.07055258161068215,0.6666666666666666,1,0.6666666666666666,1,2,0,6,8,6,1,5,9,0,2,10,0
e9d141aa844a2bdc1cfa2951a891c31f,53720,NCBIGene:22871,NLGN1,14379,MONDO:0014379,ADNP-related multiple congenital anomalies - intellectual disability - autism spectrum disorder,5,0.06638982430359104,6,0.0666643233428444,0.030456852791878174,1,0.030456852791878174,1,2,0,6,8,10,1,8,197,0,2,200,0
4c3e2ba56a9942c742fa36a6b27391a4,55463,NCBIGene:157855,KCNU1,23402,MONDO:0032845,spermatogenic failure 39,5,0.065450991770999,6,0.06568365812744387,0.6666666666666666,1,0.6666666666666666,1,2,0,6,8,3,1,5,9,0,2,10,0
538ebda5ebd03e74c57671085fac6bb3,55463,NCBIGene:157855,KCNU1,27244,MONDO:0971000,spermatogenic failure 93,5,0.065450991770999,6,0.06568365812744387,0.5454545454545454,1,0.5454545454545454,1,2,0,6,8,1,1,4,11,0,2,12,0
7f7defba695a4f00c0199f323651d825,55463,NCBIGene:157855,KCNU1,22041,MONDO:0023664,spermatogenic failure 54,5,0.065450991770999,6,0.06568365812744387,0.6,1,0.6,1,2,0,6,8,2,1,4,10,0,2,11,0
a599f8142eb5c184c542bfb6b113ada4,55463,NCBIGene:157855,KCNU1,27246,MONDO:0971002,spermatogenic failure 94,5,0.065450991770999,6,0.06568365812744387,0.6,1,0.6,1,2,0,6,8,1,1,4,10,0,2,11,0
bf274a3eb5fc07ede66c445af6a4a8e2,55463,NCBIGene:157855,KCNU1,26889,MONDO:0957301,spermatogenic failure 84,5,0.065450991770999,6,0.06568365812744387,0.5454545454545454,1,0.5454545454545454,1,2,0,6,8,1,1,4,11,0,2,12,0
bfc4638b046d331faaee66ea69d3c731,55463,NCBIGene:157855,KCNU1,27243,MONDO:0970999,spermatogenic failure 92,5,0.065450991770999,6,0.06568365812744387,0.6,1,0.6,1,2,0,6,8,1,1,4,10,0,2,11,0
cadf54b48c4978ce1f010788d238cdde,55463,NCBIGene:157855,KCNU1,22855,MONDO:0030531,spermatogenic failure 65,5,0.065450991770999,6,0.06568365812744387,0.5454545454545454,1,0.5454545454545454,1,2,0,6,8,2,1,4,11,0,2,12,0
e0326fd2eba7ad7b88bd3299849d6032,55463,NCBIGene:157855,KCNU1,27125,MONDO:0958206,spermatogenic failure 89,5,0.065450991770999,6,0.06568365812744387,0.5,1,0.5,1,2,0,6,8,1,1,4,12,0,2,13,0
f5db76b0bde58455bd7a120a2f598dce,55463,NCBIGene:157855,KCNU1,27473,MONDO:0978302,spermatogenic failure 100,5,0.065450991770999,6,0.06568365812744387,0.5,1,0.5,1,2,0,6,8,1,1,3,12,0,2,13,0
57cfa8565353ec9c9694ba32fb9f44a3,50765,NCBIGene:610,HCN2,11443,MONDO:0011443,"febrile seizures, familial, 4",5,0.03856883459447078,6,0.03884333363372414,0.8571428571428571,1,0.8571428571428571,1,2,0,6,8,7,1,5,7,0,2,8,0
a8ef475d62bacef85827f19b4a150c3f,50765,NCBIGene:610,HCN2,30554,MONDO:1060177,developmental and epileptic encephalopathy 119,5,0.03856883459447078,6,0.03884333363372414,0.03278688524590164,1,0.03278688524590164,1,2,0,6,8,5,1,2,183,0,2,184,0
ce55f20f9762fc09595b2655c2959332,50765,NCBIGene:610,HCN2,14855,MONDO:0014855,"intellectual disability, autosomal dominant 42",5,0.03856883459447078,6,0.03884333363372414,0.07317073170731707,1,0.07317073170731707,1,2,0,6,8,15,1,6,82,0,2,83,0
6907d3e44d350756a469054c91b108ee,53720,NCBIGene:22871,NLGN1,14606,MONDO:0014606,intellectual disability-microcephaly-strabismus-behavioral abnormalities syndrome,5,0.035689214975642536,6,0.0359637140148959,0.02857142857142857,1,0.02857142857142857,1,2,0,6,8,11,1,6,210,0,2,213,0
f28b4d133ee910b3c46899318cc8c708,53720,NCBIGene:22871,NLGN1,26555,MONDO:0859178,"developmental delay, impaired speech, and behavioral abnormalities",5,0.03319491215179552,6,0.03346941119104888,0.031914893617021274,1,0.031914893617021274,1,2,0,6,8,1,1,3,188,0,2,189,0
50288bbcdd03ed40ae6b1bac6bda3c80,54060,NCBIGene:27341,RRP7A,9623,MONDO:0009623,Nijmegen breakage syndrome,5,0.016498240987527946,6,0.016730907343972805,0.061855670103092786,1,0.061855670103092786,1,2,0,6,8,20,1,13,97,0,2,101,0
04eae8185826deb3e3348afd7c5ebf2f,54060,NCBIGene:27341,RRP7A,11435,MONDO:0011435,"microcephaly 2, primary, autosomal recessive, with or without cortical malformations",5,0.009307298515067727,6,0.009539964871512584,0.13636363636363635,1,0.13636363636363635,1,2,0,6,8,3,1,6,44,0,2,45,0
43338266099c0915fb513ed3e2e63618,54060,NCBIGene:27341,RRP7A,23501,MONDO:0033007,Galloway-Mowat syndrome 3,5,0.009307298515067727,6,0.009539964871512584,0.12,1,0.12,1,2,0,6,8,3,1,5,50,0,2,51,0
b22a186b5173daffde9c88aac9f4eb31,54060,NCBIGene:27341,RRP7A,12106,MONDO:0012106,"microcephaly 5, primary, autosomal recessive",5,0.009307298515067727,6,0.009539964871512584,0.18181818181818182,1,0.18181818181818182,1,2,0,6,8,5,1,6,33,0,2,34,0
c87f141b4f045ec972b25f99990f1379,54060,NCBIGene:27341,RRP7A,26585,MONDO:0859209,Zaki syndrome,5,0.009307298515067727,6,0.009539964871512584,0.11538461538461539,1,0.11538461538461539,1,2,0,6,8,1,1,4,52,0,2,53,0
0d4005d68e8f867e9a44aa3aca7f173b,52987,NCBIGene:7991,TUSC3,13970,MONDO:0013970,branched-chain keto acid dehydrogenase kinase deficiency,5,0.004522744641362152,6,0.0047554109978070105,0.11538461538461539,1,0.11538461538461539,1,2,0,6,11,7,1,6,52,0,2,54,0
4618383b608056df264c97657947410b,52987,NCBIGene:7991,TUSC3,9747,MONDO:0009747,mitochondrial DNA depletion syndrome 6 (hepatocerebral type),5,0.004522744641362152,6,0.0047554109978070105,0.031578947368421054,1,0.031578947368421054,1,2,0,6,11,9,1,7,190,0,2,191,0
9145636b32e9fec68c4e8a2a845ef33c,52987,NCBIGene:7991,TUSC3,14348,MONDO:0014348,"intellectual disability, autosomal recessive 42",5,0.004522744641362152,6,0.0047554109978070105,0.1016949152542373,1,0.1016949152542373,1,2,0,6,11,10,1,4,59,0,2,60,0
9bcb0193a9d1b3f4fed021a21c79c7d7,52987,NCBIGene:7991,TUSC3,27568,MONDO:0979867,"cerebral arteriopathy, autosomal recessive, with subcortical infarcts and leukoencephalopathy 1",5,0.004522744641362152,6,0.0047554109978070105,0.038461538461538464,1,0.038461538461538464,1,2,0,6,11,1,1,2,156,0,2,158,0
c77f6bf7a50e7c761486e20bff9fea67,52987,NCBIGene:7991,TUSC3,11435,MONDO:0011435,"microcephaly 2, primary, autosomal recessive, with or without cortical malformations",5,0.004522744641362152,6,0.0047554109978070105,0.13636363636363635,1,0.13636363636363635,1,2,0,6,11,3,1,6,44,0,2,45,0
27b49b35e32c37d68770a6762f9be99c,53661,NCBIGene:11136,SLC7A9,9388,MONDO:0009388,hyperlysinemia,4,0.6659090909090909,5,0.6661417572655358,0.1724137931034483,0.5555555555555556,0.2,1,2,0,9,13,12,1,10,25,0,3,27,0
345587f23f7cb8090c94f6782d22d1c6,54121,NCBIGene:30011,SH3KBP1,27486,MONDO:0979233,immunodysregulation with variable immunodeficiency and autoimmunity,4,0.6058507273877293,5,0.6100348278061394,0.07042253521126761,0.45454545454545453,0.07692307692307693,1,2,0,11,14,1,1,4,65,0,2,67,0
94a1ea2967fdc1ddefe54248b84f69b9,53407,NCBIGene:9984,THOC1,11832,MONDO:0011832,autosomal dominant nonsyndromic hearing loss 44,4,0.3619492752984454,5,0.36222377433769876,0.7142857142857143,0.8333333333333334,0.8333333333333334,1,2,0,6,8,9,1,6,6,0,2,7,0
fd7e57e9f1a83118eadd6a8a9b479916,55446,NCBIGene:152137,CCDC50,26758,MONDO:0859524,"hearing loss, autosomal dominant 86",4,0.3619492752984454,5,0.36222377433769876,0.7142857142857143,0.8333333333333334,0.8333333333333334,1,2,0,6,12,1,1,5,6,0,2,7,0
256fdafd303fb1fad3b5a441e4b759c9,53407,NCBIGene:9984,THOC1,22717,MONDO:0030058,"hearing loss, autosomal dominant 77",4,0.35238850286376155,5,0.3526630019030149,0.8333333333333334,0.8333333333333334,1,1,2,0,6,8,3,1,5,5,0,2,6,0
aef521faa93d633e51f0931c3f35ed0f,51945,NCBIGene:4363,ABCC1,26758,MONDO:0859524,"hearing loss, autosomal dominant 86",5,0.3526630019030149,5,0.3526630019030149,0.8333333333333334,1,0.8333333333333334,1,2,0,5,8,1,1,5,6,0,2,7,0
8d58fde69c25878433d132528cfbb9cc,54776,NCBIGene:64711,HS3ST6,22547,MONDO:0025712,"angioedema, hereditary, 4",4,0.3392857142857143,5,0.33956021332496766,0.5,0.5555555555555556,0.8333333333333334,1,2,0,9,12,2,1,4,6,0,2,7,0
9e960995ef90974141a9580186d86cb8,55436,NCBIGene:149775,GNAS-AS1,59363,ORPHA:94089,Pseudohypoparathyroidism type 1B,5,0.3158025372311087,5,0.3158025372311087,0.12195121951219512,0.5,0.1388888888888889,1,2,0,10,14,1,1,0,36,3,2,39,0
522699df47457eb6c3c99a81e2d7264c,54776,NCBIGene:64711,HS3ST6,22750,MONDO:0030293,"angioedema, hereditary, 5",4,0.2857142857142857,5,0.28598878475353906,0.45454545454545453,0.5555555555555556,0.7142857142857143,1,2,0,9,12,3,1,4,7,0,2,8,0
59132df53fabe4e763eaeca80e41fc7b,54776,NCBIGene:64711,HS3ST6,22038,MONDO:0023660,"angioedema, hereditary, 6",4,0.2857142857142857,5,0.28598878475353906,0.45454545454545453,0.5555555555555556,0.7142857142857143,1,2,0,9,12,2,1,4,7,0,2,8,0
8dee84d86e78c1ac414059870b57b70e,51770,NCBIGene:3827,KNG1,22753,MONDO:0030298,"angioedema, hereditary, 8",4,0.2857142857142857,5,0.28598878475353906,0.35714285714285715,0.5,0.5555555555555556,1,2,0,10,16,3,1,4,9,0,2,10,0
8f257599da4684f5a4841f6c71a94bcc,51770,NCBIGene:3827,KNG1,22750,MONDO:0030293,"angioedema, hereditary, 5",4,0.2857142857142857,5,0.28598878475353906,0.4166666666666667,0.5,0.7142857142857143,1,2,0,10,16,3,1,4,7,0,2,8,0
084d0778ca4da029193c5a44a99450ba,50771,NCBIGene:631,BFSP1,7284,MONDO:0007284,cataract 20 multiple types,4,0.2743520682734032,5,0.27462656731265656,0.625,0.7142857142857143,0.8333333333333334,1,2,0,7,10,5,1,5,6,0,2,7,0
b7c0fa53678cf3937e04acc9e6376317,51042,NCBIGene:1427,CRYGS,12665,MONDO:0012665,cataract 33,4,0.2743520682734032,5,0.27462656731265656,0.625,0.8333333333333334,0.7142857142857143,1,2,0,6,10,9,1,8,7,0,2,8,0
a11562482787629626bd4d14fe6fa9e1,54894,NCBIGene:79846,CFAP69,23016,MONDO:0030926,spermatogenic failure 51,4,0.2645932103349137,5,0.2648258766913585,0.45454545454545453,0.8333333333333334,0.5,1,2,0,6,9,3,1,4,10,0,2,11,0
b3d91118e44ba571cf888a43993c9c72,53448,NCBIGene:10117,ENAM,8772,MONDO:0008772,amelogenesis imperfecta type 2A1,4,0.22641044592264103,5,0.25103335618152495,0.5,0.625,0.7142857142857143,1,2,0,8,17,10,1,7,7,0,2,8,0
29688cb4c3d32982d724104d76468b8a,51080,NCBIGene:1538,CYLC1,22848,MONDO:0030522,spermatogenic failure 64,4,0.22535334237232427,5,0.22704825762656153,0.625,0.7142857142857143,0.8333333333333334,1,2,0,7,9,2,1,4,6,0,2,7,0
6affe89901db8b4fae6f9bc59e5ac26d,53324,NCBIGene:9622,KLK4,8770,MONDO:0008770,amelogenesis imperfecta type 1C,4,0.22641044592264103,5,0.2266431122790859,0.625,0.7142857142857143,0.8333333333333334,1,2,0,7,15,9,1,6,6,0,2,7,0
b3a5da7c8683b869e443bfc127062844,50880,NCBIGene:948,CD36,9276,MONDO:0009276,Bernard-Soulier syndrome,5,0.22137654672047613,5,0.22137654672047613,0.13513513513513514,1,0.13513513513513514,1,2,0,5,11,22,1,13,37,0,7,39,0
a5b5cac620c5321c4940a81a5ca77b31,53644,NCBIGene:11014,KDELR2,8701,MONDO:0008701,achondrogenesis type IA,4,0.21860475051264525,5,0.2188374168690901,0.08196721311475409,0.22727272727272727,0.11363636363636363,1,2,0,22,26,8,1,9,44,0,2,47,0
12223eead984f520ffd9b74e4495119a,55041,NCBIGene:84074,QRICH2,23016,MONDO:0030926,spermatogenic failure 51,4,0.2173727000427899,5,0.21760536639923475,0.4166666666666667,0.7142857142857143,0.5,1,2,0,7,9,3,1,4,10,0,2,11,0
8351235120e78279db8f383a0501c425,50791,NCBIGene:676,BRDT,14961,MONDO:0014961,spermatogenic failure 16,5,0.149899971602054,5,0.149899971602054,1,1,1,1,2,0,5,7,8,1,4,5,0,2,6,0
32c703d40d03ef60a60ccd11ac191a18,53011,NCBIGene:8192,CLPP,56818,ORPHA:572333,Blepharophimosis-ptosis-epicanthus inversus syndrome plus,5,0.10668139458580635,5,0.10668139458580635,0.12195121951219512,0.45454545454545453,0.14285714285714285,1,2,0,11,21,1,1,0,35,0,1,35,0
4039c8a52dbc0461ce199403096b684a,55467,NCBIGene:159686,CFAP58,22495,MONDO:0025354,"spermatogenic failure, X-linked, 3",5,0.09748794717701892,5,0.09748794717701892,0.5,0.7142857142857143,0.625,1,2,0,7,9,4,1,4,8,0,2,9,0
a17a5393cd1f51de7a0c38678d9f09ee,55415,NCBIGene:146754,DNAH2,22495,MONDO:0025354,"spermatogenic failure, X-linked, 3",5,0.09748794717701892,5,0.09748794717701892,0.5555555555555556,0.8333333333333334,0.625,1,2,0,6,8,4,1,4,8,0,2,9,0
b435684c871b0db2cfd4b17d8f2a5079,55467,NCBIGene:159686,CFAP58,26746,MONDO:0859477,"spermatogenic failure, X-linked, 5",5,0.09748794717701892,5,0.09748794717701892,0.45454545454545453,0.7142857142857143,0.5555555555555556,1,2,0,7,9,1,1,4,9,0,2,10,0
dc83711b393c1211a4a9510c752ac556,55415,NCBIGene:146754,DNAH2,26746,MONDO:0859477,"spermatogenic failure, X-linked, 5",5,0.09748794717701892,5,0.09748794717701892,0.5,0.8333333333333334,0.5555555555555556,1,2,0,6,8,1,1,4,9,0,2,10,0
f59c823724839a4066bdcbea67c6e814,53820,NCBIGene:23269,MGA,27241,MONDO:0970995,premature ovarian failure 24,5,0.09739962887989204,5,0.09739962887989204,0.38461538461538464,0.625,0.5,1,2,0,8,10,1,1,4,10,0,2,11,0
9af7421ef8a67bc0270180ae2fd35988,53817,NCBIGene:23262,PPIP5K2,12460,MONDO:0012460,autosomal recessive nonsyndromic hearing loss 67,5,0.0922361585058063,5,0.0922361585058063,0.8333333333333334,1,0.8333333333333334,1,2,0,5,8,10,1,6,6,0,2,7,0
6296e9daaf602037fd0d04c334332f52,54518,NCBIGene:55779,CFAP44,26746,MONDO:0859477,"spermatogenic failure, X-linked, 5",5,0.08278941980830538,5,0.08278941980830538,0.5,0.8333333333333334,0.5555555555555556,1,2,0,6,9,1,1,4,9,0,2,10,0
2655f1e2226cdb7a778e958e5edbf3e5,51342,NCBIGene:2314,FLII,27025,MONDO:0957960,Long-Olsen-Distelmaier syndrome,5,0.07742643950039403,5,0.07742643950039403,0.15151515151515152,0.8333333333333334,0.15625,1,2,0,6,8,1,1,3,32,0,2,34,0
d4003a48fe80c170dbb010e22bfc067b,55166,NCBIGene:89780,WNT3A,7057,MONDO:0007057,acroosteolysis dominant type,5,0.05795656257633812,5,0.05795656257633812,0.03424657534246575,0.8333333333333334,0.034482758620689655,1,2,0,6,7,12,1,13,145,0,2,150,0
298b7cd0097f33ea409fe0396baa478f,52232,NCBIGene:5271,SERPINB8,9735,MONDO:0009735,Netherton syndrome,5,0.0381643827410189,5,0.0381643827410189,0.027472527472527472,1,0.027472527472527472,1,2,0,5,9,10,1,16,182,0,2,187,0
379a85a592a081251ff4dfd5cd699ae0,52232,NCBIGene:5271,SERPINB8,14574,MONDO:0014574,peeling skin-leukonuchia-acral punctate keratoses-cheilitis-knuckle pads syndrome,5,0.0381643827410189,5,0.0381643827410189,0.2631578947368421,1,0.2631578947368421,1,2,0,5,9,5,1,6,19,0,2,22,0
161d0b70ea9988c68be572ea9d7135ed,55672,NCBIGene:342618,SLFN14,13304,MONDO:0013304,von Willebrand disease 2,5,0.03311171131506175,5,0.03311171131506175,0.7142857142857143,1,0.7142857142857143,1,2,0,5,8,15,1,8,7,0,6,8,0
488bd4a050d67bdb5addf9af42030e92,55672,NCBIGene:342618,SLFN14,15912,MONDO:0015912,macrothrombocytopenia and granulocyte inclusions with or without nephritis or sensorineural hearing loss,5,0.03311171131506175,5,0.03311171131506175,0.2631578947368421,1,0.2631578947368421,1,2,0,5,8,33,1,24,19,0,2,22,0
abb04b7e2b4200a475c8efbfc01fc4f7,55672,NCBIGene:342618,SLFN14,11136,MONDO:0011136,Quebec platelet disorder,5,0.03311171131506175,5,0.03311171131506175,0.7142857142857143,1,0.7142857142857143,1,2,0,5,8,8,1,8,7,0,2,9,0
edf886d630982e8c4137704043c25599,55672,NCBIGene:342618,SLFN14,7930,MONDO:0007930,"Bernard-Soulier syndrome, type A2, autosomal dominant",5,0.03311171131506175,5,0.03311171131506175,0.3125,1,0.3125,1,2,0,5,8,5,1,5,16,0,2,17,0
0986b999285374d6394fb36c2cbcb786,51354,NCBIGene:2348,FOLR1,18820,MONDO:0018820,recurrent metabolic encephalomyopathic crises-rhabdomyolysis-cardiac arrhythmia-intellectual disability syndrome,5,0.027034202963752856,5,0.027034202963752856,0.08196721311475409,1,0.08196721311475409,1,2,0,5,8,7,1,7,61,0,2,62,0
df94219fc99cf776745d3cb7cef597dc,51354,NCBIGene:2348,FOLR1,22218,MONDO:0024457,neurodegeneration with brain iron accumulation 2A,5,0.027034202963752856,5,0.027034202963752856,0.1388888888888889,1,0.1388888888888889,1,2,0,5,8,18,1,11,36,0,2,38,0
cd8f69e28056c301ef089423f510b102,53505,NCBIGene:10369,CACNG2,19349,MONDO:0019349,Sotos syndrome,5,0.021977023210091907,5,0.021977023210091907,0.025252525252525252,1,0.025252525252525252,1,2,0,5,8,12,1,17,198,0,3,202,0
6c286108ce34062d8d53d207f921bb89,54960,NCBIGene:80736,SLC44A4,13593,MONDO:0013593,autosomal dominant nonsyndromic hearing loss 64,5,0.020899683743982843,5,0.020899683743982843,0.8333333333333334,1,0.8333333333333334,1,2,0,5,8,9,1,5,6,0,2,7,0
1cd661644471b97fe81d505c569a16f0,51625,NCBIGene:3371,TNC,7765,MONDO:0007765,hyperostosis cranialis interna,5,0.01749153708611848,5,0.01749153708611848,0.23809523809523808,1,0.23809523809523808,1,2,0,5,8,5,1,7,21,0,1,22,0
57b192bf6777b4d9f9798f45c6b19deb,54060,NCBIGene:27341,RRP7A,23010,MONDO:0030920,"intellectual disability, autosomal dominant 54",5,0.009307298515067727,5,0.009307298515067727,0.07692307692307693,0.8333333333333334,0.078125,1,2,0,6,8,6,1,5,64,0,2,65,0
16b0a38bba5d5810f3d179a017d2d42f,51057,NCBIGene:1478,CSTF2,10679,MONDO:0010679,Duchenne muscular dystrophy,5,0.008744853858364878,5,0.008744853858364878,0.10638297872340426,1,0.10638297872340426,1,2,0,5,7,8,1,14,47,0,20,48,18
641931071473f7605d3cfbac9481bca7,52987,NCBIGene:7991,TUSC3,13256,MONDO:0013256,chromosome 15q24 deletion syndrome,5,0.0055628219371821426,5,0.0055628219371821426,0.0364963503649635,0.8333333333333334,0.03676470588235294,1,2,0,6,11,9,1,9,136,0,1,139,0
70c58f679242f3b45d7ecb8e37c1e8b9,52987,NCBIGene:7991,TUSC3,12589,MONDO:0012589,Pitt-Hopkins syndrome,5,0.0055628219371821426,5,0.0055628219371821426,0.03759398496240601,0.8333333333333334,0.03787878787878788,1,2,0,6,11,8,1,12,132,0,4,134,2
1f996f54a3ee816fa46b4a6444491180,52987,NCBIGene:7991,TUSC3,10355,MONDO:0010355,syndromic X-linked intellectual disability Claes-Jensen type,5,0.004522744641362152,5,0.004522744641362152,0.07936507936507936,0.8333333333333334,0.08064516129032258,1,2,0,6,11,12,1,8,62,0,2,65,0
7100dd9dcf5200b3cf36f5fb0f08b362,52987,NCBIGene:7991,TUSC3,30554,MONDO:1060177,developmental and epileptic encephalopathy 119,5,0.004522744641362152,5,0.004522744641362152,0.02717391304347826,0.8333333333333334,0.0273224043715847,1,2,0,6,11,5,1,2,183,0,2,184,0
f675aea159071fb0c1e7d58f1b0bbbd7,52987,NCBIGene:7991,TUSC3,14358,MONDO:0014358,AHDC1-related intellectual disability - obstructive sleep apnea - mild dysmorphism syndrome,5,0.004522744641362152,5,0.004522744641362152,0.024390243902439025,0.8333333333333334,0.024509803921568627,1,2,0,6,11,8,1,6,204,0,2,206,0
28b5980a0016bda08b9aad31c55108ae,55113,NCBIGene:84790,TUBA1C,27630,MONDO:0980964,oocyte/zygote/embryo maturation arrest 25,4,0.6637828273421493,4,0.6637828273421493,0.6666666666666666,0.8,0.8,1,2,0,5,7,1,1,1,5,0,2,6,0
21cda64a266ed7ec21ab64c7cf8bfb6d,55376,NCBIGene:136371,ASB10,58150,ORPHA:98977,Juvenile glaucoma,4,0.5380952380952381,4,0.5380952380952381,0.25,0.8,0.26666666666666666,1,2,0,5,8,1,1,0,15,0,3,15,0
11f4ebaabde074f997591e183357f75a,50893,NCBIGene:991,CDC20,27439,MONDO:0976137,oocyte/zygote/embryo maturation arrest 22,4,0.5211583508414513,4,0.5211583508414513,0.5714285714285714,1,0.5714285714285714,1,2,0,4,7,1,1,3,7,0,2,8,0
87d8944a22c65b53efd2b98e964311e3,50575,NCBIGene:49,ACR,26979,MONDO:0957593,spermatogenic failure 86,4,0.5085065289791032,4,0.5085065289791032,0.5714285714285714,1,0.5714285714285714,1,2,0,4,6,1,1,4,7,0,2,8,0
3f4fe359b090f7532a341c8ca0884522,54325,NCBIGene:54583,EGLN1,9891,MONDO:0009891,acquired polycythemia vera,4,0.4411835899483443,4,0.44145808898759764,0.07017543859649122,0.6666666666666666,0.07272727272727272,1,2,0,6,12,13,1,17,55,0,3,58,1
5a41c13a18073db0377ccb760f2a8ceb,54325,NCBIGene:54583,EGLN1,7572,MONDO:0007572,primary familial polycythemia due to EPO receptor mutation,4,0.4411835899483443,4,0.44145808898759764,0.25,0.6666666666666666,0.2857142857142857,1,2,0,6,12,21,1,9,14,0,6,15,0
09403e92a5b4c887e60bcc48302ffbaf,55690,NCBIGene:348932,SLC6A18,9400,MONDO:0009400,hyperprolinemia type 1,4,0.4166666666666667,4,0.4166666666666667,0.19047619047619047,0.6666666666666666,0.21052631578947367,1,2,0,6,7,9,1,9,19,0,2,20,0
2cefb171e2b1ab525f65f80a4b540000,54334,NCBIGene:54716,SLC6A20,9401,MONDO:0009401,hyperprolinemia type 2,4,0.4166666666666667,4,0.4166666666666667,0.3333333333333333,0.6666666666666666,0.4,1,2,0,6,7,15,1,10,10,0,2,11,0
3eafbcae46c6799abcb12b24099c743c,55690,NCBIGene:348932,SLC6A18,9401,MONDO:0009401,hyperprolinemia type 2,4,0.4166666666666667,4,0.4166666666666667,0.3333333333333333,0.6666666666666666,0.4,1,2,0,6,7,15,1,10,10,0,2,11,0
c437b0d756f5296f59d37bc2fdd60c50,54334,NCBIGene:54716,SLC6A20,9400,MONDO:0009400,hyperprolinemia type 1,4,0.4166666666666667,4,0.4166666666666667,0.19047619047619047,0.6666666666666666,0.21052631578947367,1,2,0,6,7,9,1,9,19,0,2,20,0
bd602dbe4a54f49a295a3b259bd7fee1,51465,NCBIGene:2771,GNAI2,11017,MONDO:0011017,Naxos disease,4,0.37768556325892105,4,0.37768556325892105,0.07547169811320754,0.5714285714285714,0.08,1,2,0,7,11,20,1,9,50,0,2,54,0
a81e357ed464ac544fba703818955d7c,51033,NCBIGene:1411,CRYBA1,10545,MONDO:0010545,Nance-Horan syndrome,4,0.37168582125624305,4,0.37168582125624305,0.08695652173913043,0.6666666666666666,0.09090909090909091,1,2,0,6,12,10,1,11,44,0,2,46,0
16a1d744e15864f288f8e7fb3db61708,51945,NCBIGene:4363,ABCC1,11832,MONDO:0011832,autosomal dominant nonsyndromic hearing loss 44,4,0.34906587960085667,4,0.34906587960085667,0.5714285714285714,0.8,0.6666666666666666,1,2,0,5,8,9,1,6,6,0,2,7,0
026ced64162bedbf78295c29df292fd5,52697,NCBIGene:6795,AURKC,27424,MONDO:0975958,spermatogenic failure 97,4,0.3418398623124365,4,0.3418398623124365,0.4,0.8,0.4444444444444444,1,2,0,5,8,1,1,3,9,0,2,10,0
2c1b563c8d0973645df62ed79fe170c4,54776,NCBIGene:64711,HS3ST6,58407,ORPHA:100057,Renin-angiotensin-aldosterone system-blocker-induced angioedema,4,0.3392857142857143,4,0.3392857142857143,0.25,0.4444444444444444,0.36363636363636365,1,2,0,9,12,1,1,0,11,2,1,13,0
512abf20b6aff84c16c92801b6df3934,54338,NCBIGene:54766,BTG4,23605,MONDO:0033565,oocyte maturation defect 9,4,0.3282869649989788,4,0.3282869649989788,0.5714285714285714,0.8,0.6666666666666666,1,2,0,5,8,3,1,4,6,0,2,7,0
6c864f8f55aa52807a4584ccd5ff1982,51918,NCBIGene:4284,MIP,7284,MONDO:0007284,cataract 20 multiple types,4,0.2734346721994265,4,0.2734346721994265,0.5714285714285714,0.8,0.6666666666666666,1,2,0,5,13,5,1,5,6,0,2,7,0
9a64aecbcd9e5406726f2fc43545581c,51918,NCBIGene:4284,MIP,12665,MONDO:0012665,cataract 33,4,0.2734346721994265,4,0.2734346721994265,0.5,0.8,0.5714285714285714,1,2,0,5,13,9,1,8,7,0,2,8,0
2fa22ccbe24f6438fc6b27ff8f3222e2,50927,NCBIGene:1111,CHEK1,27484,MONDO:0979231,oocyte/zygote/embryo maturation arrest 23,4,0.2712001835242599,4,0.2712001835242599,0.6666666666666666,1,0.6666666666666666,1,2,0,4,6,1,1,3,6,0,2,7,0
199c7d1ecfc170ff989b2fd2db655e41,54894,NCBIGene:79846,CFAP69,26747,MONDO:0859478,"spermatogenic failure, X-linked, 6",4,0.2645932103349137,4,0.2645932103349137,0.26666666666666666,0.6666666666666666,0.3076923076923077,1,2,0,6,9,1,1,4,13,0,2,14,0
905ef809d7c8ee6c48661ac2f4b91335,51239,NCBIGene:2053,EPHX2,59376,ORPHA:412,Dysbetalipoproteinemia,4,0.25957602339181285,4,0.25957602339181285,0.13793103448275862,0.5714285714285714,0.15384615384615385,1,2,0,7,12,1,1,0,26,0,1,26,0
a25df298409c094724a0972f91e40ea0,53614,NCBIGene:10842,PPP1R17,59376,ORPHA:412,Dysbetalipoproteinemia,4,0.25957602339181285,4,0.25957602339181285,0.13793103448275862,0.5714285714285714,0.15384615384615385,1,2,0,7,12,1,1,0,26,0,1,26,0
0b4dab9896c709077b582bf64c7b886f,52697,NCBIGene:6795,AURKC,23108,MONDO:0031083,spermatogenic failure 77,4,0.2585065289791032,4,0.2585065289791032,0.36363636363636365,0.8,0.4,1,2,0,5,8,3,1,4,10,0,2,11,0
ab56aee27393fcde9ee5e38fc1fcf249,52697,NCBIGene:6795,AURKC,27246,MONDO:0971002,spermatogenic failure 94,4,0.2585065289791032,4,0.2585065289791032,0.36363636363636365,0.8,0.4,1,2,0,5,8,1,1,4,10,0,2,11,0
005a06be98b7911dbadbe3670a7e62e6,55636,NCBIGene:285600,KIAA0825,9008,MONDO:0009008,heart defect - tongue hamartoma - polysyndactyly syndrome,4,0.25802510742445833,4,0.25802510742445833,0.25,0.8,0.26666666666666666,1,2,0,5,8,7,1,7,15,0,2,17,0
468c1f415da5446f1e36875475178509,51080,NCBIGene:1538,CYLC1,23308,MONDO:0032748,spermatogenic failure 38,4,0.21402930056047756,4,0.21402930056047756,0.3333333333333333,0.5714285714285714,0.4444444444444444,1,2,0,7,9,3,1,5,9,0,2,10,0
