pair_id,label,gene_concept_id,gene_curie,gene_label,disease_concept_id,disease_curie,disease_label,seed_phenotype_count,seed_phenotype_rarity_score,shared_phenotype_count,shared_phenotype_rarity_score,phenotype_jaccard,shared_ratio_to_gene,shared_ratio_to_disease,gene_alias_count,gene_member_count,gene_xref_count,gene_phenotype_count,gene_out_degree,disease_alias_count,disease_member_count,disease_xref_count,disease_phenotype_count,disease_lacks_phenotype_count,disease_in_degree,disease_out_degree,disease_trial_count
7ff294f19925dc11a7c29a26111041b0,1,50631,NCBIGene:207,AKT1,57972,ORPHA:744,Proteus syndrome,0,0,115,8.666416601738197,0.3770491803278688,0.3770491803278688,1,1,2,0,305,325,1,1,0,115,0,1,115,0
3fc69d6105bc978c80f36474cc5933f0,1,50560,NCBIGene:16,AARS1,56576,ORPHA:33364,Trichothiodystrophy,0,0,91,4.9680424753368335,0.41363636363636364,0.41363636363636364,1,1,2,0,220,234,1,1,0,91,0,9,91,0
d9bc4f5b15c84b56301418ffed7b7a3e,1,50617,NCBIGene:175,AGA,8830,MONDO:0008830,aspartylglucosaminuria,0,0,78,21.129513179068926,0.75,0.8571428571428571,0.8571428571428571,1,2,0,91,95,9,1,14,91,0,3,93,0
d9bc4f5b15c84b56301418ffed7b7a3e,1,50617,NCBIGene:175,AGA,8830,MONDO:0008830,aspartylglucosaminuria,0,0,78,21.129513179068926,0.75,0.8571428571428571,0.8571428571428571,1,2,0,91,95,9,1,14,91,0,3,93,0
d9bc4f5b15c84b56301418ffed7b7a3e,1,50617,NCBIGene:175,AGA,8830,MONDO:0008830,aspartylglucosaminuria,0,0,78,21.129513179068926,0.75,0.8571428571428571,0.8571428571428571,1,2,0,91,95,9,1,14,91,0,3,93,0
ae9178020f3b98d755b9eaeb99992737,1,50631,NCBIGene:207,AKT1,58633,ORPHA:2495,Meningioma,0,0,74,8.016699240904211,0.24262295081967214,0.24262295081967214,1,1,2,0,305,325,1,1,0,74,0,11,74,0
eb39c6715549e07baa19f9fa0533bc48,1,50595,NCBIGene:103,ADAR,56332,ORPHA:51,Aicardi-Goutières syndrome,0,0,72,3.566727038661219,0.5106382978723404,0.5106382978723404,1,1,2,0,141,150,1,1,0,72,0,9,72,0
99060de4dac6da1d0155ce5b8eab80ce,1,50615,NCBIGene:165,AEBP1,24809,MONDO:0054813,"Ehlers-Danlos syndrome, classic-like, 2",0,0,65,12.843191207647305,0.5078125,0.5078125,1,1,2,0,128,131,3,1,6,65,0,2,67,0
99060de4dac6da1d0155ce5b8eab80ce,1,50615,NCBIGene:165,AEBP1,24809,MONDO:0054813,"Ehlers-Danlos syndrome, classic-like, 2",0,0,65,12.843191207647305,0.5078125,0.5078125,1,1,2,0,128,131,3,1,6,65,0,2,67,0
3a7aabf31e12788b933f6e14b91c615d,1,50621,NCBIGene:182,JAG1,16862,MONDO:0016862,Alagille syndrome due to a JAG1 point mutation,0,0,64,3.7902020877893037,0.5333333333333333,0.5333333333333333,1,1,2,0,120,132,13,1,5,64,0,2,66,0
3a7aabf31e12788b933f6e14b91c615d,1,50621,NCBIGene:182,JAG1,16862,MONDO:0016862,Alagille syndrome due to a JAG1 point mutation,0,0,64,3.7902020877893037,0.5333333333333333,0.5333333333333333,1,1,2,0,120,132,13,1,5,64,0,2,66,0
1b17cf9947fa66ef012e1069dd7a7f0b,1,50615,NCBIGene:165,AEBP1,59058,ORPHA:536532,Classical-like Ehlers-Danlos syndrome type 2,0,0,63,5.0254685416923905,0.4921875,0.4921875,1,1,2,0,128,131,1,1,0,63,0,1,63,0
4aabcee56a8fc65c82845291a85cafe0,1,50581,NCBIGene:60,ACTB,59210,ORPHA:2995,Baraitser-Winter cerebrofrontofacial syndrome,0,0,61,1.291241388596244,0.28110599078341014,0.28110599078341014,1,1,2,0,217,233,1,1,0,61,0,2,61,0
53c4a82459a1c82676070206222069fb,1,50583,NCBIGene:71,ACTG1,59210,ORPHA:2995,Baraitser-Winter cerebrofrontofacial syndrome,0,0,61,1.2507366148196422,0.6559139784946236,0.6559139784946236,1,1,2,0,93,105,1,1,0,61,0,2,61,0
7d290500ecb606a21cc027b7a0e33037,1,50579,NCBIGene:58,ACTA1,56751,ORPHA:2020,Congenital fiber-type disproportion myopathy,0,0,59,2.0232223335424573,0.15608465608465608,0.15608465608465608,1,1,2,0,378,398,1,1,0,59,0,8,59,0
f94c28320de5e73ce1ed3839c341275c,1,50631,NCBIGene:207,AKT1,56638,ORPHA:201,Cowden syndrome,0,0,57,3.227242273996359,0.18688524590163935,0.18688524590163935,1,1,2,0,305,325,1,1,0,57,0,9,57,0
0c7dd9cfdc4334dd379a7120404e5f50,1,50578,NCBIGene:54,ACP5,11939,MONDO:0011939,Spondyloenchondrodysplasia with immune dysregulation,0,0,56,5.51644994868979,0.5185185185185185,0.5185185185185185,1,1,2,0,108,114,11,1,14,56,0,2,59,0
0c7dd9cfdc4334dd379a7120404e5f50,1,50578,NCBIGene:54,ACP5,11939,MONDO:0011939,Spondyloenchondrodysplasia with immune dysregulation,0,0,56,5.51644994868979,0.5185185185185185,0.5185185185185185,1,1,2,0,108,114,11,1,14,56,0,2,59,0
c9ad3d9e95ce5a582aa349dedf237901,1,50565,NCBIGene:22,ABCB7,10524,MONDO:0010524,X-linked sideroblastic anemia with ataxia,0,0,56,5.405173178199039,0.6363636363636364,0.6363636363636364,1,1,2,0,88,91,22,1,9,56,0,2,59,0
c9ad3d9e95ce5a582aa349dedf237901,1,50565,NCBIGene:22,ABCB7,10524,MONDO:0010524,X-linked sideroblastic anemia with ataxia,0,0,56,5.405173178199039,0.6363636363636364,0.6363636363636364,1,1,2,0,88,91,22,1,9,56,0,2,59,0
59167de33c5c1ceca4c26bf7666c0c5a,1,50577,NCBIGene:51,ACOX1,9919,MONDO:0009919,peroxisomal acyl-CoA oxidase deficiency,0,0,54,3.6468810705609425,0.574468085106383,0.6666666666666666,0.8059701492537313,1,2,0,81,87,9,1,12,67,0,2,68,0
59167de33c5c1ceca4c26bf7666c0c5a,1,50577,NCBIGene:51,ACOX1,9919,MONDO:0009919,peroxisomal acyl-CoA oxidase deficiency,0,0,54,3.6468810705609425,0.574468085106383,0.6666666666666666,0.8059701492537313,1,2,0,81,87,9,1,12,67,0,2,68,0
9928c233f90be55a343b4cc141eed754,1,50588,NCBIGene:90,ACVR1,7606,MONDO:0007606,fibrodysplasia ossificans progressiva,0,0,54,26.999977015999193,0.7397260273972602,0.8709677419354839,0.8307692307692308,1,2,0,62,65,7,1,16,65,0,2,68,0
9928c233f90be55a343b4cc141eed754,1,50588,NCBIGene:90,ACVR1,7606,MONDO:0007606,fibrodysplasia ossificans progressiva,0,0,54,26.999977015999193,0.7397260273972602,0.8709677419354839,0.8307692307692308,1,2,0,62,65,7,1,16,65,0,2,68,0
94d824bcdacb1dbc301ac8f6618f5801,1,50578,NCBIGene:54,ACP5,57874,ORPHA:1855,Spondyloenchondrodysplasia,0,0,52,1.3736322021971803,0.48148148148148145,0.48148148148148145,1,1,2,0,108,114,1,1,0,52,0,1,52,0
56e9d5977fa9eaefcfbd41769e628981,1,50636,NCBIGene:215,ABCD1,57434,ORPHA:139396,X-linked cerebral adrenoleukodystrophy,0,0,50,3.6230670565930008,0.2976190476190476,0.2976190476190476,1,1,2,0,168,174,1,1,0,50,0,1,50,0
e8fe78892386cb5637229dbf67876073,1,50636,NCBIGene:215,ABCD1,57433,ORPHA:139399,Adrenomyeloneuropathy,0,0,49,4.731325165654064,0.2916666666666667,0.2916666666666667,1,1,2,0,168,174,1,1,0,49,0,1,49,0
1633737935922e69f478a7e33f967395,1,50560,NCBIGene:16,AARS1,58305,ORPHA:442835,Non-specific early-onset epileptic encephalopathy,0,0,48,0.9007240593009287,0.21818181818181817,0.21818181818181817,1,1,2,0,220,234,1,1,0,48,0,53,48,0
feb6e40fba5d89f52c74557c3ae4d2d1,1,50567,NCBIGene:25,ABL1,24867,MONDO:0060532,congenital heart defects and skeletal malformations syndrome,0,0,47,1.685726234319584,0.7580645161290323,0.7580645161290323,1,1,2,0,62,70,4,1,5,47,0,2,48,0
feb6e40fba5d89f52c74557c3ae4d2d1,1,50567,NCBIGene:25,ABL1,24867,MONDO:0060532,congenital heart defects and skeletal malformations syndrome,0,0,47,1.685726234319584,0.7580645161290323,0.7580645161290323,1,1,2,0,62,70,4,1,5,47,0,2,48,0
7e65e9be4eab3acdb6342c180e6af08e,1,50612,NCBIGene:158,ADSL,7068,MONDO:0007068,adenylosuccinate lyase deficiency,0,0,45,4.601323664221847,0.7258064516129032,0.7258064516129032,1,1,2,0,62,65,10,1,10,45,0,2,47,0
7e65e9be4eab3acdb6342c180e6af08e,1,50612,NCBIGene:158,ADSL,7068,MONDO:0007068,adenylosuccinate lyase deficiency,0,0,45,4.601323664221847,0.7258064516129032,0.7258064516129032,1,1,2,0,62,65,10,1,10,45,0,2,47,0
d8638a0e5dbfe55264f53f1bb4651455,1,50581,NCBIGene:60,ACTB,9470,MONDO:0009470,Baraitser-Winter syndrome 1,0,0,45,0.8376980406381354,0.2073732718894009,0.2073732718894009,1,1,2,0,217,233,18,1,5,45,0,2,47,0
d8638a0e5dbfe55264f53f1bb4651455,1,50581,NCBIGene:60,ACTB,9470,MONDO:0009470,Baraitser-Winter syndrome 1,0,0,45,0.8376980406381354,0.2073732718894009,0.2073732718894009,1,1,2,0,217,233,18,1,5,45,0,2,47,0
e873446610934953fa7cdb6761c57eb2,1,50579,NCBIGene:58,ACTA1,57674,ORPHA:171439,Childhood-onset nemaline myopathy,0,0,45,1.7560436652607339,0.11904761904761904,0.11904761904761904,1,1,2,0,378,398,1,1,0,45,1,7,46,0
499432810fcc4e9638147841aab2997e,1,50626,NCBIGene:191,AHCY,57502,ORPHA:88618,S-adenosylhomocysteine hydrolase deficiency,0,0,44,3.2606718305616518,0.6875,0.6875,1,1,2,0,64,67,1,1,0,44,0,2,44,1
098da50091470ba38c5997561c8b6248,1,50579,NCBIGene:58,ACTA1,57592,ORPHA:171430,Severe congenital nemaline myopathy,0,0,43,1.4989228252721527,0.11375661375661375,0.11375661375661375,1,1,2,0,378,398,1,1,0,43,0,5,43,0
70693a4cb3cb67fc40362e1ee2adde36,1,50625,NCBIGene:190,NR0B1,56255,ORPHA:251510,"46,XY partial gonadal dysgenesis",0,0,43,3.020770970187836,0.42574257425742573,0.42574257425742573,1,1,2,0,101,110,1,1,0,43,0,11,43,0
221546a2182508753b79dd9c83ae4a01,1,50573,NCBIGene:38,ACAT1,57054,ORPHA:134,Beta-ketothiolase deficiency,0,0,42,1.3451366149125572,0.8571428571428571,0.8571428571428571,1,1,2,0,49,53,1,1,0,42,0,1,42,0
28a2c37ba60a2925e2d50d5eb3818d9d,1,50580,NCBIGene:59,ACTA2,57846,ORPHA:91387,Familial thoracic aortic aneurysm and aortic dissection,0,0,42,2.518397191298915,0.5121951219512195,0.5121951219512195,1,1,2,0,82,95,1,1,0,42,0,20,42,0
362aa1efd7463f6fe8ef992ae58c0a94,1,50633,NCBIGene:210,ALAD,58778,ORPHA:100924,Porphyria due to ALA dehydratase deficiency,0,0,42,2.2280973616043127,0.7777777777777778,0.7777777777777778,1,1,2,0,54,57,1,1,0,42,1,1,43,0
a81fb2c5169b2f616d348533c43e2323,1,50593,NCBIGene:100,ADA,7064,MONDO:0007064,"severe combined immunodeficiency, autosomal recessive, T cell-negative, B cell-negative, NK cell-negative, due to adenosine deaminase deficiency",0,0,42,9.406789683762524,0.4666666666666667,0.4666666666666667,1,1,2,0,90,95,18,1,14,42,0,3,45,1
a81fb2c5169b2f616d348533c43e2323,1,50593,NCBIGene:100,ADA,7064,MONDO:0007064,"severe combined immunodeficiency, autosomal recessive, T cell-negative, B cell-negative, NK cell-negative, due to adenosine deaminase deficiency",0,0,42,9.406789683762524,0.4666666666666667,0.4666666666666667,1,1,2,0,90,95,18,1,14,42,0,3,45,1
d4e21720c7192c99dc7c9479d6f96e1a,1,50646,NCBIGene:249,ALPL,27809,MONDO:1010169,infantile hypophosphatasia,0,0,42,6.220864345610328,0.5526315789473685,0.5526315789473685,1,1,2,0,76,92,2,1,9,42,0,2,43,1
0cc6705e57c5aa3d6d3728b1309fd19b,1,50579,NCBIGene:58,ACTA1,8070,MONDO:0008070,"congenital myopathy 2a, typical, autosomal dominant",0,0,40,3.3305049659597916,0.10582010582010581,0.10582010582010581,1,1,2,0,378,398,16,1,10,40,0,2,45,0
0cc6705e57c5aa3d6d3728b1309fd19b,1,50579,NCBIGene:58,ACTA1,8070,MONDO:0008070,"congenital myopathy 2a, typical, autosomal dominant",0,0,40,3.3305049659597916,0.10582010582010581,0.10582010582010581,1,1,2,0,378,398,16,1,10,40,0,2,45,0
cdd48009afc0d21c0b0e53b0792b7c0d,1,50572,NCBIGene:37,ACADVL,59627,ORPHA:26793,Very long chain acyl-CoA dehydrogenase deficiency,0,0,40,0.8772000147629375,0.5555555555555556,0.5555555555555556,1,1,2,0,72,76,1,1,0,40,0,1,40,0
177ff67fe51cf49a9847ec9adbbee6c0,1,50591,NCBIGene:94,ACVRL1,10880,MONDO:0010880,"telangiectasia, hereditary hemorrhagic, type 2",0,0,39,12.955209994864179,0.52,0.52,1,1,2,0,75,80,10,1,4,39,0,2,40,0
177ff67fe51cf49a9847ec9adbbee6c0,1,50591,NCBIGene:94,ACVRL1,10880,MONDO:0010880,"telangiectasia, hereditary hemorrhagic, type 2",0,0,39,12.955209994864179,0.52,0.52,1,1,2,0,75,80,10,1,4,39,0,2,40,0
3b7d29c579d6a09ae91351b7c7222b86,1,50579,NCBIGene:58,ACTA1,57590,ORPHA:171436,Typical nemaline myopathy,0,0,39,1.7325624435482345,0.10317460317460317,0.10317460317460317,1,1,2,0,378,398,1,1,0,39,0,6,39,0
df7aa064e4b033c02b1a0310614afefe,1,50562,NCBIGene:19,ABCA1,8783,MONDO:0008783,Tangier disease,0,0,39,8.145138746334615,0.5652173913043478,0.639344262295082,0.8297872340425532,1,2,0,61,68,18,1,12,47,0,2,49,0
df7aa064e4b033c02b1a0310614afefe,1,50562,NCBIGene:19,ABCA1,8783,MONDO:0008783,Tangier disease,0,0,39,8.145138746334615,0.5652173913043478,0.639344262295082,0.8297872340425532,1,2,0,61,68,18,1,12,47,0,2,49,0
4efdb48a316e29277c1e9f19b79fe48a,1,50579,NCBIGene:58,ACTA1,26757,MONDO:0859523,"congenital myopathy 2c, severe infantile, autosomal dominant",0,0,38,2.57432848310735,0.1,0.10052910052910052,0.95,1,2,0,378,398,1,1,5,40,0,2,41,0
4efdb48a316e29277c1e9f19b79fe48a,1,50579,NCBIGene:58,ACTA1,26757,MONDO:0859523,"congenital myopathy 2c, severe infantile, autosomal dominant",0,0,38,2.57432848310735,0.1,0.10052910052910052,0.95,1,2,0,378,398,1,1,5,40,0,2,41,0
f961fb4d480633ab52fe9030e92eafec,1,50581,NCBIGene:60,ACTB,25373,MONDO:0100433,ACTB-associated syndromic thrombocytopenia,0,0,38,1.6207542125688934,0.17511520737327188,0.17511520737327188,1,1,2,0,217,233,3,1,5,38,0,2,39,0
f961fb4d480633ab52fe9030e92eafec,1,50581,NCBIGene:60,ACTB,25373,MONDO:0100433,ACTB-associated syndromic thrombocytopenia,0,0,38,1.6207542125688934,0.17511520737327188,0.17511520737327188,1,1,2,0,217,233,3,1,5,38,0,2,39,0
146e28ddab67b4b396f428d25c539c36,1,50569,NCBIGene:34,ACADM,56304,ORPHA:42,Medium chain acyl-CoA dehydrogenase deficiency,0,0,37,1.0378775063606227,0.6607142857142857,0.6607142857142857,1,1,2,0,56,60,1,1,0,37,0,1,37,0
ada5df26f90969f36a27bfec177b21cd,1,50647,NCBIGene:257,ALX3,7636,MONDO:0007636,frontorhiny,0,0,36,6.872814641170039,0.5538461538461539,0.5538461538461539,1,1,2,0,65,68,11,1,7,36,0,2,37,0
ada5df26f90969f36a27bfec177b21cd,1,50647,NCBIGene:257,ALX3,7636,MONDO:0007636,frontorhiny,0,0,36,6.872814641170039,0.5538461538461539,0.5538461538461539,1,1,2,0,65,68,11,1,7,36,0,2,37,0
ae5e5a6212660798986e1af6c5d00759,1,50591,NCBIGene:94,ACVRL1,57984,ORPHA:774,Hereditary hemorrhagic telangiectasia,0,0,36,3.8511282183213793,0.48,0.48,1,1,2,0,75,80,1,1,0,36,0,4,36,0
db17a09585a4bf086e946f8ae5ad9791,1,50595,NCBIGene:103,ADAR,56676,ORPHA:225154,Familial infantile bilateral striatal necrosis,0,0,36,1.9076586773315207,0.2553191489361702,0.2553191489361702,1,1,2,0,141,150,1,1,0,36,0,4,36,0
8561083b8b98392580f2ff81fb9fafce,1,50566,NCBIGene:24,ABCA4,19200,MONDO:0019200,retinitis pigmentosa,0,0,35,6.522358118535658,0.3645833333333333,0.3763440860215054,0.9210526315789473,1,2,0,93,109,4,1,14,38,0,263,39,0
8561083b8b98392580f2ff81fb9fafce,1,50566,NCBIGene:24,ABCA4,19200,MONDO:0019200,retinitis pigmentosa,0,0,35,6.522358118535658,0.3645833333333333,0.3763440860215054,0.9210526315789473,1,2,0,93,109,4,1,14,38,0,263,39,0
a185d5917709ea5fc90a73a93be9b961,1,50582,NCBIGene:70,ACTC1,56651,ORPHA:99103,"Atrial septal defect, ostium secundum type",0,0,35,1.3224625695079224,0.3977272727272727,0.3977272727272727,1,1,2,0,88,105,1,1,0,35,0,8,35,0
bdbba07d23dc8a2d6cf71470dcf850eb,1,50631,NCBIGene:207,AKT1,8318,MONDO:0008318,Proteus syndrome,0,0,35,9.322969056406807,0.11475409836065574,0.11475409836065574,1,1,2,0,305,325,9,1,12,35,0,2,38,0
bdbba07d23dc8a2d6cf71470dcf850eb,1,50631,NCBIGene:207,AKT1,8318,MONDO:0008318,Proteus syndrome,0,0,35,9.322969056406807,0.11475409836065574,0.11475409836065574,1,1,2,0,305,325,9,1,12,35,0,2,38,0
792967fa121229bc73be482489c80d90,1,50642,NCBIGene:238,ALK,58532,ORPHA:635,Neuroblastoma,0,0,34,3.0364593024640403,0.4788732394366197,0.4788732394366197,1,1,2,0,71,83,1,1,0,34,0,6,34,0
fad8c4f2dd6f02bbd33d7c002e9ab660,1,50606,NCBIGene:132,ADK,25197,MONDO:0100255,adenosine kinase deficiency,0,0,34,6.854602584052611,1,1,1,1,2,0,34,37,13,1,8,34,0,2,36,0
fad8c4f2dd6f02bbd33d7c002e9ab660,1,50606,NCBIGene:132,ADK,25197,MONDO:0100255,adenosine kinase deficiency,0,0,34,6.854602584052611,1,1,1,1,2,0,34,37,13,1,8,34,0,2,36,0
56c6f8676d659a743eeaa0ad2a862037,1,50636,NCBIGene:215,ABCD1,18544,MONDO:0018544,adrenoleukodystrophy,0,0,33,1.367863410061789,0.19642857142857142,0.19642857142857142,1,1,2,0,168,174,18,1,15,33,0,7,38,2
56c6f8676d659a743eeaa0ad2a862037,1,50636,NCBIGene:215,ABCD1,18544,MONDO:0018544,adrenoleukodystrophy,0,0,33,1.367863410061789,0.19642857142857142,0.19642857142857142,1,1,2,0,168,174,18,1,15,33,0,7,38,2
777edb3daaee3d8905f5cd91474d4b7c,1,50596,NCBIGene:104,ADARB1,22689,MONDO:0030025,"neurodevelopmental disorder with hypotonia, microcephaly, and seizures",0,0,33,0.7027538416635759,0.9705882352941176,1,0.9705882352941176,1,2,0,33,35,3,1,3,34,0,2,35,0
777edb3daaee3d8905f5cd91474d4b7c,1,50596,NCBIGene:104,ADARB1,22689,MONDO:0030025,"neurodevelopmental disorder with hypotonia, microcephaly, and seizures",0,0,33,0.7027538416635759,0.9705882352941176,1,0.9705882352941176,1,2,0,33,35,3,1,3,34,0,2,35,0
4d9539b86c929d902b75527d8c141869,1,50565,NCBIGene:22,ABCB7,56565,ORPHA:2802,X-linked sideroblastic anemia and spinocerebellar ataxia,0,0,32,2.5452219829228784,0.36363636363636365,0.36363636363636365,1,1,2,0,88,91,1,1,0,32,0,1,32,0
c70c83893d7dcd0fb6e4a6334100bfb8,1,50572,NCBIGene:37,ACADVL,8723,MONDO:0008723,very long chain acyl-CoA dehydrogenase deficiency,0,0,32,4.373580363913942,0.4444444444444444,0.4444444444444444,1,1,2,0,72,76,11,1,13,32,0,2,34,0
c70c83893d7dcd0fb6e4a6334100bfb8,1,50572,NCBIGene:37,ACADVL,8723,MONDO:0008723,very long chain acyl-CoA dehydrogenase deficiency,0,0,32,4.373580363913942,0.4444444444444444,0.4444444444444444,1,1,2,0,72,76,11,1,13,32,0,2,34,0
a2aff50e9c52d8710bce0c32a6cadd02,1,50641,NCBIGene:229,ALDOB,9249,MONDO:0009249,hereditary fructose intolerance,0,0,31,6.439504759955266,0.5636363636363636,0.5636363636363636,1,1,2,0,55,58,13,1,14,31,0,3,33,1
a2aff50e9c52d8710bce0c32a6cadd02,1,50641,NCBIGene:229,ALDOB,9249,MONDO:0009249,hereditary fructose intolerance,0,0,31,6.439504759955266,0.5636363636363636,0.5636363636363636,1,1,2,0,55,58,13,1,14,31,0,3,33,1
163145b5c5ff8abb9362349a4a6b41fa,1,50604,NCBIGene:126,ADH1C,8199,MONDO:0008199,late-onset Parkinson disease,0,0,30,1.4451800853681067,0.9375,0.9375,1,1,2,0,32,38,14,1,7,30,0,27,31,0
163145b5c5ff8abb9362349a4a6b41fa,1,50604,NCBIGene:126,ADH1C,8199,MONDO:0008199,late-onset Parkinson disease,0,0,30,1.4451800853681067,0.9375,0.9375,1,1,2,0,32,38,14,1,7,30,0,27,31,0
16c605d140c2050a051d545c6c6aff80,1,50614,NCBIGene:164,AP1G1,26551,MONDO:0859174,"Usmani-Riazuddin syndrome, autosomal dominant",0,0,30,0.7130563918545894,0.6122448979591837,0.6122448979591837,1,1,2,0,49,54,1,1,3,30,0,2,31,0
16c605d140c2050a051d545c6c6aff80,1,50614,NCBIGene:164,AP1G1,26551,MONDO:0859174,"Usmani-Riazuddin syndrome, autosomal dominant",0,0,30,0.7130563918545894,0.6122448979591837,0.6122448979591837,1,1,2,0,49,54,1,1,3,30,0,2,31,0
2251b443cc9e11721199a552d610fc49,1,50621,NCBIGene:182,JAG1,22812,MONDO:0030458,"Charcot-Marie-Tooth disease, axonal, Type 2HH",0,0,30,3.454966360143586,0.25,0.25,1,1,2,0,120,132,2,1,4,30,0,2,31,0
2251b443cc9e11721199a552d610fc49,1,50621,NCBIGene:182,JAG1,22812,MONDO:0030458,"Charcot-Marie-Tooth disease, axonal, Type 2HH",0,0,30,3.454966360143586,0.25,0.25,1,1,2,0,120,132,2,1,4,30,0,2,31,0
ce686863d4b65ef7c9875bd995ae4dea,1,50624,NCBIGene:189,AGXT,9823,MONDO:0009823,primary hyperoxaluria type 1,0,0,30,10.17868424474357,0.6122448979591837,0.6122448979591837,1,1,2,0,49,54,18,1,12,30,0,6,32,4
ce686863d4b65ef7c9875bd995ae4dea,1,50624,NCBIGene:189,AGXT,9823,MONDO:0009823,primary hyperoxaluria type 1,0,0,30,10.17868424474357,0.6122448979591837,0.6122448979591837,1,1,2,0,49,54,18,1,12,30,0,6,32,4
d7406c822055bcd5c42809b89b8b709e,1,50564,NCBIGene:21,ABCA3,12582,MONDO:0012582,interstitial lung disease due to ABCA3 deficiency,0,0,30,9.108707438591106,0.38961038961038963,0.38961038961038963,1,1,2,0,77,84,7,1,6,30,0,2,32,0
d7406c822055bcd5c42809b89b8b709e,1,50564,NCBIGene:21,ABCA3,12582,MONDO:0012582,interstitial lung disease due to ABCA3 deficiency,0,0,30,9.108707438591106,0.38961038961038963,0.38961038961038963,1,1,2,0,77,84,7,1,6,30,0,2,32,0
d8477439a957cbd76f7111e68bafdec1,1,50640,NCBIGene:226,ALDOA,12747,MONDO:0012747,glycogen storage disease due to aldolase A deficiency,0,0,30,3.094004795046503,0.5882352941176471,0.5882352941176471,1,1,2,0,51,55,19,1,10,30,0,2,33,0
d8477439a957cbd76f7111e68bafdec1,1,50640,NCBIGene:226,ALDOA,12747,MONDO:0012747,glycogen storage disease due to aldolase A deficiency,0,0,30,3.094004795046503,0.5882352941176471,0.5882352941176471,1,1,2,0,51,55,19,1,10,30,0,2,33,0
24a111158a15a6d9b6af027740c59541,1,50647,NCBIGene:257,ALX3,57907,ORPHA:391474,Frontorhiny,0,0,29,3.0740477588075352,0.4461538461538462,0.4461538461538462,1,1,2,0,65,68,1,1,0,29,0,1,29,0
37b89d90950866d69497b9e8ca3eccf6,1,50592,NCBIGene:95,ACY1,12368,MONDO:0012368,aminoacylase 1 deficiency,0,0,28,0.5055080296219765,0.7368421052631579,0.8484848484848485,0.8484848484848485,1,2,0,33,36,7,1,9,33,0,2,35,0
37b89d90950866d69497b9e8ca3eccf6,1,50592,NCBIGene:95,ACY1,12368,MONDO:0012368,aminoacylase 1 deficiency,0,0,28,0.5055080296219765,0.7368421052631579,0.8484848484848485,0.8484848484848485,1,2,0,33,36,7,1,9,33,0,2,35,0
726d29dac0b1c71aa27de1d3e0975ee0,1,50639,NCBIGene:224,ALDH3A2,58037,ORPHA:816,Sjögren-Larsson syndrome,0,0,28,0.29811147401851396,0.5185185185185185,0.5185185185185185,1,1,2,0,54,57,1,1,0,28,0,1,28,0
bb7da0111343abeab20389cc0b6f38bb,1,50583,NCBIGene:71,ACTG1,13812,MONDO:0013812,Baraitser-winter syndrome 2,0,0,28,0.4182629038040772,0.3010752688172043,0.3010752688172043,1,1,2,0,93,105,7,1,5,28,0,2,29,0
bb7da0111343abeab20389cc0b6f38bb,1,50583,NCBIGene:71,ACTG1,13812,MONDO:0013812,Baraitser-winter syndrome 2,0,0,28,0.4182629038040772,0.3010752688172043,0.3010752688172043,1,1,2,0,93,105,7,1,5,28,0,2,29,0
e5345d668001d5bff70100251eadc958,1,50579,NCBIGene:58,ACTA1,57591,ORPHA:171433,Intermediate nemaline myopathy,0,0,28,1.0991473565304988,0.07407407407407407,0.07407407407407407,1,1,2,0,378,398,1,1,0,28,1,4,29,0
123caec50542f62c969d5d942e0f0a04,1,50613,NCBIGene:162,AP1B1,9440,MONDO:0009440,"ichthyosiform erythroderma, corneal involvement, and hearing loss",0,0,27,1.249440466090844,0.7714285714285715,0.7714285714285715,1,1,2,0,35,38,6,1,6,27,0,2,28,0
123caec50542f62c969d5d942e0f0a04,1,50613,NCBIGene:162,AP1B1,9440,MONDO:0009440,"ichthyosiform erythroderma, corneal involvement, and hearing loss",0,0,27,1.249440466090844,0.7714285714285715,0.7714285714285715,1,1,2,0,35,38,6,1,6,27,0,2,28,0
0b4140a841783b6b21c25c74478690d9,1,50599,NCBIGene:111,ADCY5,25983,MONDO:0800028,"dyskinesia with orofacial involvement, autosomal dominant",0,0,26,1.0891547368347603,0.33766233766233766,0.33766233766233766,1,1,2,0,77,85,4,1,8,26,0,2,29,0
0b4140a841783b6b21c25c74478690d9,1,50599,NCBIGene:111,ADCY5,25983,MONDO:0800028,"dyskinesia with orofacial involvement, autosomal dominant",0,0,26,1.0891547368347603,0.33766233766233766,0.33766233766233766,1,1,2,0,77,85,4,1,8,26,0,2,29,0
80b9a4bcc2931c44715f5775c417cef3,1,50639,NCBIGene:224,ALDH3A2,10031,MONDO:0010031,Sjogren-Larsson syndrome,0,0,26,7.139556170176149,0.4482758620689655,0.48148148148148145,0.8666666666666667,1,2,0,54,57,14,1,14,30,0,2,36,0
80b9a4bcc2931c44715f5775c417cef3,1,50639,NCBIGene:224,ALDH3A2,10031,MONDO:0010031,Sjogren-Larsson syndrome,0,0,26,7.139556170176149,0.4482758620689655,0.48148148148148145,0.8666666666666667,1,2,0,54,57,14,1,14,30,0,2,36,0
c4edb9822ca79bc934ed89782b31359a,1,50560,NCBIGene:16,AARS1,22845,MONDO:0030517,"trichothiodystrophy 8, nonphotosensitive",0,0,26,0.9254103111525704,0.11818181818181818,0.11818181818181818,1,1,2,0,220,234,2,1,5,26,0,2,28,0
c4edb9822ca79bc934ed89782b31359a,1,50560,NCBIGene:16,AARS1,22845,MONDO:0030517,"trichothiodystrophy 8, nonphotosensitive",0,0,26,0.9254103111525704,0.11818181818181818,0.11818181818181818,1,1,2,0,220,234,2,1,5,26,0,2,28,0
fb42cda2be5b69358c61c7a2a1d4cb29,1,50628,NCBIGene:197,AHSG,56464,ORPHA:2850,Alopecia-intellectual disability syndrome,0,0,26,0.3200773416198394,0.8666666666666667,0.8666666666666667,1,1,2,0,30,33,1,1,0,26,0,3,26,0
fd604fa6e8b1ee4ccd14af8ca3c302b5,1,50595,NCBIGene:103,ADAR,14007,MONDO:0014007,Aicardi-Goutieres syndrome 6,0,0,26,4.05187271583338,0.18439716312056736,0.18439716312056736,1,1,2,0,141,150,6,1,5,26,0,2,28,0
fd604fa6e8b1ee4ccd14af8ca3c302b5,1,50595,NCBIGene:103,ADAR,14007,MONDO:0014007,Aicardi-Goutieres syndrome 6,0,0,26,4.05187271583338,0.18439716312056736,0.18439716312056736,1,1,2,0,141,150,6,1,5,26,0,2,28,0
bdcdf8b7a67206ae80e676643822e323,1,50576,NCBIGene:50,ACO2,13802,MONDO:0013802,infantile cerebellar-retinal degeneration,0,0,25,0.2193428258448464,0.7352941176470589,0.7352941176470589,1,1,2,0,34,40,4,1,6,25,0,2,28,0
bdcdf8b7a67206ae80e676643822e323,1,50576,NCBIGene:50,ACO2,13802,MONDO:0013802,infantile cerebellar-retinal degeneration,0,0,25,0.2193428258448464,0.7352941176470589,0.7352941176470589,1,1,2,0,34,40,4,1,6,25,0,2,28,0
be992ce1b031cee45932f3e8d2d9c135,1,50618,NCBIGene:176,ACAN,13014,MONDO:0013014,"spondyloepimetaphyseal dysplasia, aggrecan type",0,0,25,3.5226499600994874,0.2808988764044944,0.3333333333333333,0.6410256410256411,1,2,0,75,85,4,1,8,39,0,2,41,0
be992ce1b031cee45932f3e8d2d9c135,1,50618,NCBIGene:176,ACAN,13014,MONDO:0013014,"spondyloepimetaphyseal dysplasia, aggrecan type",0,0,25,3.5226499600994874,0.2808988764044944,0.3333333333333333,0.6410256410256411,1,2,0,75,85,4,1,8,39,0,2,41,0
281a4acb34b6b337e9db3ba9220dda63,1,50570,NCBIGene:35,ACADS,59635,ORPHA:26792,Short chain acyl-CoA dehydrogenase deficiency,0,0,24,1.708741037877288,0.5,0.5,1,1,2,0,48,51,1,1,0,24,0,1,24,0
5ef8c011db2cdbab6f41d16ffc8f02eb,1,50625,NCBIGene:190,NR0B1,10264,MONDO:0010264,X-linked adrenal hypoplasia congenita,0,0,24,1.0149271244245608,0.2376237623762376,0.2376237623762376,1,1,2,0,101,110,18,1,10,24,0,3,29,0
5ef8c011db2cdbab6f41d16ffc8f02eb,1,50625,NCBIGene:190,NR0B1,10264,MONDO:0010264,X-linked adrenal hypoplasia congenita,0,0,24,1.0149271244245608,0.2376237623762376,0.2376237623762376,1,1,2,0,101,110,18,1,10,24,0,3,29,0
6c348ef4caf4d01faf04fa8eb8a4aba1,1,50645,NCBIGene:242,ALOX12B,9439,MONDO:0009439,autosomal recessive congenital ichthyosis 2,0,0,24,1.3216810007592026,0.39344262295081966,0.4,0.96,1,2,0,60,66,16,1,6,25,0,4,27,0
6c348ef4caf4d01faf04fa8eb8a4aba1,1,50645,NCBIGene:242,ALOX12B,9439,MONDO:0009439,autosomal recessive congenital ichthyosis 2,0,0,24,1.3216810007592026,0.39344262295081966,0.4,0.96,1,2,0,60,66,16,1,6,25,0,4,27,0
8f7b65c8e31d7e89fd0467f3d67a3511,1,50625,NCBIGene:190,NR0B1,57778,ORPHA:95702,X-linked adrenal hypoplasia congenita,0,0,24,1.3038016058990296,0.2376237623762376,0.2376237623762376,1,1,2,0,101,110,1,1,0,24,0,1,24,0
aecd9e679c171d746e2eac4cf790147e,1,50641,NCBIGene:229,ALDOB,59296,ORPHA:469,Hereditary fructose intolerance,0,0,24,1.2042901442821015,0.43636363636363634,0.43636363636363634,1,1,2,0,55,58,1,1,0,24,0,1,24,0
b1aa1d5dae87a45d12a696b92ad2acd3,1,50570,NCBIGene:35,ACADS,8722,MONDO:0008722,short chain acyl-CoA dehydrogenase deficiency,0,0,24,1.3541096613822994,0.5,0.5,1,1,2,0,48,51,18,1,12,24,0,2,25,0
b1aa1d5dae87a45d12a696b92ad2acd3,1,50570,NCBIGene:35,ACADS,8722,MONDO:0008722,short chain acyl-CoA dehydrogenase deficiency,0,0,24,1.3541096613822994,0.5,0.5,1,1,2,0,48,51,18,1,12,24,0,2,25,0
5d5189eace9951e5c60c8ef66151d7f2,1,50581,NCBIGene:60,ACTB,11500,MONDO:0011500,Becker nevus syndrome,0,0,23,2.304842696258775,0.1050228310502283,0.10599078341013825,0.92,1,2,0,217,233,4,1,6,25,0,3,28,0
5d5189eace9951e5c60c8ef66151d7f2,1,50581,NCBIGene:60,ACTB,11500,MONDO:0011500,Becker nevus syndrome,0,0,23,2.304842696258775,0.1050228310502283,0.10599078341013825,0.92,1,2,0,217,233,4,1,6,25,0,3,28,0
7745950985b9513aa0a37f3006f729d6,1,50582,NCBIGene:70,ACTC1,12799,MONDO:0012799,hypertrophic cardiomyopathy 11,0,0,23,2.9744483880121555,0.26136363636363635,0.26136363636363635,1,1,2,0,88,105,10,1,6,23,0,2,24,0
7745950985b9513aa0a37f3006f729d6,1,50582,NCBIGene:70,ACTC1,12799,MONDO:0012799,hypertrophic cardiomyopathy 11,0,0,23,2.9744483880121555,0.26136363636363635,0.26136363636363635,1,1,2,0,88,105,10,1,6,23,0,2,24,0
7c88d3cea19c685b33ee38b3fc96f376,1,50599,NCBIGene:111,ADCY5,26587,MONDO:0859211,neurodevelopmental disorder with hyperkinetic movements and dyskinesia,0,0,23,0.37282187668292677,0.2987012987012987,0.2987012987012987,1,1,2,0,77,85,1,1,3,23,0,2,24,0
7c88d3cea19c685b33ee38b3fc96f376,1,50599,NCBIGene:111,ADCY5,26587,MONDO:0859211,neurodevelopmental disorder with hyperkinetic movements and dyskinesia,0,0,23,0.37282187668292677,0.2987012987012987,0.2987012987012987,1,1,2,0,77,85,1,1,3,23,0,2,24,0
baecbc38f87f0581545dc443fba22dd2,1,50584,NCBIGene:72,ACTG2,57425,ORPHA:2604,Familial visceral myopathy,0,0,23,0.6170709430904009,0.323943661971831,0.323943661971831,1,1,2,0,71,80,1,1,0,23,0,1,23,0
bfe20c06888d2d84bb827e5f6ececcdb,1,50560,NCBIGene:16,AARS1,14593,MONDO:0014593,"developmental and epileptic encephalopathy, 29",0,0,23,0.31391220346794757,0.10454545454545454,0.10454545454545454,1,1,2,0,220,234,8,1,5,23,0,2,26,0
bfe20c06888d2d84bb827e5f6ececcdb,1,50560,NCBIGene:16,AARS1,14593,MONDO:0014593,"developmental and epileptic encephalopathy, 29",0,0,23,0.31391220346794757,0.10454545454545454,0.10454545454545454,1,1,2,0,220,234,8,1,5,23,0,2,26,0
3b77bf4288545c22b8c0b3d7d4100522,1,50579,NCBIGene:58,ACTA1,14800,MONDO:0014800,progressive scapulohumeroperoneal distal myopathy,0,0,22,1.8225324725168186,0.0582010582010582,0.0582010582010582,1,1,2,0,378,398,3,1,5,22,0,2,24,0
3b77bf4288545c22b8c0b3d7d4100522,1,50579,NCBIGene:58,ACTA1,14800,MONDO:0014800,progressive scapulohumeroperoneal distal myopathy,0,0,22,1.8225324725168186,0.0582010582010582,0.0582010582010582,1,1,2,0,378,398,3,1,5,22,0,2,24,0
8a82fb4662927a1792732b6e9fa04500,1,50581,NCBIGene:60,ACTB,11823,MONDO:0011823,developmental malformations-deafness-dystonia syndrome,0,0,22,1.663538007627827,0.10138248847926268,0.10138248847926268,1,1,2,0,217,233,4,1,6,22,0,2,25,0
8a82fb4662927a1792732b6e9fa04500,1,50581,NCBIGene:60,ACTB,11823,MONDO:0011823,developmental malformations-deafness-dystonia syndrome,0,0,22,1.663538007627827,0.10138248847926268,0.10138248847926268,1,1,2,0,217,233,4,1,6,22,0,2,25,0
9695fb03813e97c10415b37a9c385969,1,50579,NCBIGene:58,ACTA1,56010,ORPHA:97240,Zebra body myopathy,0,0,22,1.0241690821910983,0.0582010582010582,0.0582010582010582,1,1,2,0,378,398,1,1,0,22,0,1,22,0
ea19af52510fb192de23b2100edab3d3,1,50580,NCBIGene:59,ACTA2,13452,MONDO:0013452,multisystemic smooth muscle dysfunction syndrome,0,0,22,8.331833872835617,0.2682926829268293,0.2682926829268293,1,1,2,0,82,95,5,1,5,22,0,4,25,0
ea19af52510fb192de23b2100edab3d3,1,50580,NCBIGene:59,ACTA2,13452,MONDO:0013452,multisystemic smooth muscle dysfunction syndrome,0,0,22,8.331833872835617,0.2682926829268293,0.2682926829268293,1,1,2,0,82,95,5,1,5,22,0,4,25,0
f84fb0ee2f24f35307081e9c95fe7bca,1,50561,NCBIGene:18,ABAT,59017,ORPHA:2066,Gamma-aminobutyric acid transaminase deficiency,0,0,22,1.809277076670131,0.55,0.55,1,1,2,0,40,43,1,1,0,22,0,1,22,0
fdd76f309f63e8480feb612779e48f32,1,50627,NCBIGene:196,AHR,27357,MONDO:0975805,foveal hypoplasia 3,0,0,22,7.619581560052616,0.38596491228070173,0.38596491228070173,1,1,2,0,57,62,1,1,3,22,0,2,23,0
fdd76f309f63e8480feb612779e48f32,1,50627,NCBIGene:196,AHR,27357,MONDO:0975805,foveal hypoplasia 3,0,0,22,7.619581560052616,0.38596491228070173,0.38596491228070173,1,1,2,0,57,62,1,1,3,22,0,2,23,0
5118fc4310a80d17090036412bba27d0,1,50640,NCBIGene:226,ALDOA,56319,ORPHA:57,Glycogen storage disease due to aldolase A deficiency,0,0,21,1.1819073066553443,0.4117647058823529,0.4117647058823529,1,1,2,0,51,55,1,1,0,21,0,1,21,0
5bb920ec3050971d6aca197f9a8532c1,1,50587,NCBIGene:88,ACTN2,23408,MONDO:0032852,"myopathy, congenital, with structured cores and z-line abnormalities",0,0,21,2.4286169246477134,0.3333333333333333,0.3333333333333333,1,1,2,0,63,77,5,1,5,21,0,2,23,0
5bb920ec3050971d6aca197f9a8532c1,1,50587,NCBIGene:88,ACTN2,23408,MONDO:0032852,"myopathy, congenital, with structured cores and z-line abnormalities",0,0,21,2.4286169246477134,0.3333333333333333,0.3333333333333333,1,1,2,0,63,77,5,1,5,21,0,2,23,0
6cf295498a847bf2a905b670e803d3ec,1,50605,NCBIGene:128,ADH5,22986,MONDO:0030894,"AMED syndrome, digenic",0,0,21,0.8653866231213512,1,1,1,1,2,0,21,23,6,1,6,21,0,2,22,0
6cf295498a847bf2a905b670e803d3ec,1,50605,NCBIGene:128,ADH5,22986,MONDO:0030894,"AMED syndrome, digenic",0,0,21,0.8653866231213512,1,1,1,1,2,0,21,23,6,1,6,21,0,2,22,0
ad1fff5680eedd24bdeb24d58f57cddb,1,50619,NCBIGene:178,AGL,9291,MONDO:0009291,glycogen storage disease III,0,0,21,2.248247441007236,0.75,0.75,1,1,2,0,28,32,32,1,15,21,0,2,22,0
ad1fff5680eedd24bdeb24d58f57cddb,1,50619,NCBIGene:178,AGL,9291,MONDO:0009291,glycogen storage disease III,0,0,21,2.248247441007236,0.75,0.75,1,1,2,0,28,32,32,1,15,21,0,2,22,0
bdf87fd49bd658b8059158df99c1fdf5,1,50581,NCBIGene:60,ACTB,59167,ORPHA:79107,Developmental malformations-deafness-dystonia syndrome,0,0,21,0.7296324560063854,0.0967741935483871,0.0967741935483871,1,1,2,0,217,233,1,1,0,21,0,1,21,0
e85a7244eabe0c4497c4966dd524edd0,1,50645,NCBIGene:242,ALOX12B,56108,ORPHA:313,Lamellar ichthyosis,0,0,21,0.3541594487217412,0.35,0.35,1,1,2,0,60,66,1,1,0,21,0,10,21,0
ff217e276aca479971a71517b78aabee,1,50642,NCBIGene:238,ALK,58478,ORPHA:626,Large/giant congenital melanocytic nevus,0,0,21,0.9114738367670573,0.29577464788732394,0.29577464788732394,1,1,2,0,71,83,1,1,0,21,0,6,21,0
4a37138b89611a95563b86477b473363,1,50593,NCBIGene:100,ADA,56451,ORPHA:277,Severe combined immunodeficiency due to adenosine deaminase deficiency,0,0,20,1.2027445084968547,0.2222222222222222,0.2222222222222222,1,1,2,0,90,95,1,1,0,20,0,1,20,0
5d38127ffba53209f361dcc689ed3565,1,50579,NCBIGene:58,ACTA1,26751,MONDO:0859517,"congenital myopathy 2b, severe infantile, autosomal recessive",0,0,20,1.1422008199506297,0.05291005291005291,0.05291005291005291,1,1,2,0,378,398,1,1,5,20,0,2,21,0
5d38127ffba53209f361dcc689ed3565,1,50579,NCBIGene:58,ACTA1,26751,MONDO:0859517,"congenital myopathy 2b, severe infantile, autosomal recessive",0,0,20,1.1422008199506297,0.05291005291005291,0.05291005291005291,1,1,2,0,378,398,1,1,5,20,0,2,21,0
607b0e09c1b136aa23729033107f99ca,1,50602,NCBIGene:120,ADD3,14862,MONDO:0014862,"cerebral palsy, spastic quadriplegic, 3",0,0,20,2.22791277007177,1,1,1,1,2,0,20,23,7,1,5,20,0,2,23,0
607b0e09c1b136aa23729033107f99ca,1,50602,NCBIGene:120,ADD3,14862,MONDO:0014862,"cerebral palsy, spastic quadriplegic, 3",0,0,20,2.22791277007177,1,1,1,1,2,0,20,23,7,1,5,20,0,2,23,0
62fd1ba7ae8e265847137917a3a83683,1,50600,NCBIGene:112,ADCY6,14570,MONDO:0014570,lethal congenital contracture syndrome 8,0,0,20,0.5762397423391108,0.8,0.8,1,1,2,0,25,28,6,1,4,20,0,2,22,0
62fd1ba7ae8e265847137917a3a83683,1,50600,NCBIGene:112,ADCY6,14570,MONDO:0014570,lethal congenital contracture syndrome 8,0,0,20,0.5762397423391108,0.8,0.8,1,1,2,0,25,28,6,1,4,20,0,2,22,0
6a5b3c435599d589fb62e6577e3ef9eb,1,50584,NCBIGene:72,ACTG2,20754,MONDO:0020754,visceral myopathy 1,0,0,20,4.228176325096512,0.28169014084507044,0.28169014084507044,1,1,2,0,71,80,7,1,4,20,0,2,21,0
6a5b3c435599d589fb62e6577e3ef9eb,1,50584,NCBIGene:72,ACTG2,20754,MONDO:0020754,visceral myopathy 1,0,0,20,4.228176325096512,0.28169014084507044,0.28169014084507044,1,1,2,0,71,80,7,1,4,20,0,2,21,0
7df5beea4c9a132bd8b5f12a30060bb7,1,50626,NCBIGene:191,AHCY,13404,MONDO:0013404,hypermethioninemia with deficiency of S-adenosylhomocysteine hydrolase,0,0,20,5.57164402728615,0.3125,0.3125,1,1,2,0,64,67,5,1,7,20,0,2,21,0
7df5beea4c9a132bd8b5f12a30060bb7,1,50626,NCBIGene:191,AHCY,13404,MONDO:0013404,hypermethioninemia with deficiency of S-adenosylhomocysteine hydrolase,0,0,20,5.57164402728615,0.3125,0.3125,1,1,2,0,64,67,5,1,7,20,0,2,21,0
8d9f18e9fec58929d1ad051b18033735,1,50564,NCBIGene:21,ABCA3,56743,ORPHA:2032,Idiopathic pulmonary fibrosis,0,0,20,2.794668866942046,0.2597402597402597,0.2597402597402597,1,1,2,0,77,84,1,1,0,20,0,14,20,0
8ef5d815c8ff677dd978cb661a04562c,1,50579,NCBIGene:58,ACTA1,56016,ORPHA:97244,Rigid spine syndrome,0,0,20,0.6982837385132981,0.05291005291005291,0.05291005291005291,1,1,2,0,378,398,1,1,0,20,0,2,20,0
cc0d2192feb7c0e8c588123a9e822550,1,50630,NCBIGene:204,AK2,56590,ORPHA:33355,Reticular dysgenesis,0,0,20,0.547065293379661,0.6896551724137931,0.6896551724137931,1,1,2,0,29,32,1,1,0,20,0,1,20,0
3c45b40febbaf0bbc392a43715bb853d,1,50636,NCBIGene:215,ABCD1,55877,ORPHA:388,Hirschsprung disease,0,0,19,2.049898528778272,0.1130952380952381,0.1130952380952381,1,1,2,0,168,174,1,1,0,19,0,14,19,0
4d78ea5d4a651e614a73ca7a44e8af2c,1,50571,NCBIGene:36,ACADSB,12392,MONDO:0012392,2-methylbutyryl-CoA dehydrogenase deficiency,0,0,19,10.279856975280254,0.6551724137931034,0.7916666666666666,0.7916666666666666,1,2,0,24,27,11,1,7,24,0,2,25,0
4d78ea5d4a651e614a73ca7a44e8af2c,1,50571,NCBIGene:36,ACADSB,12392,MONDO:0012392,2-methylbutyryl-CoA dehydrogenase deficiency,0,0,19,10.279856975280254,0.6551724137931034,0.7916666666666666,0.7916666666666666,1,2,0,24,27,11,1,7,24,0,2,25,0
5872bce88a8ae38edf963104e2d69647,1,50569,NCBIGene:34,ACADM,8721,MONDO:0008721,medium chain acyl-CoA dehydrogenase deficiency,0,0,19,6.456635601922553,0.3392857142857143,0.3392857142857143,1,1,2,0,56,60,18,1,13,19,0,3,20,1
5872bce88a8ae38edf963104e2d69647,1,50569,NCBIGene:34,ACADM,8721,MONDO:0008721,medium chain acyl-CoA dehydrogenase deficiency,0,0,19,6.456635601922553,0.3392857142857143,0.3392857142857143,1,1,2,0,56,60,18,1,13,19,0,3,20,1
598df72e7f235b7a789b457c724d46db,1,50635,NCBIGene:213,ALB,57812,ORPHA:86816,Congenital analbuminemia,0,0,19,1.1066880444104057,0.48717948717948717,0.48717948717948717,1,1,2,0,39,44,1,1,0,19,0,1,19,0
6760e494802ebb69d894590b03592aec,1,50646,NCBIGene:249,ALPL,27808,MONDO:1010168,childhood hypophosphatasia,0,0,19,5.215261630635448,0.25,0.25,1,1,2,0,76,92,5,1,9,19,0,2,20,1
91cb979f0c011c1f1233fdc5a8c61d89,1,50624,NCBIGene:189,AGXT,59597,ORPHA:93598,Primary hyperoxaluria type 1,0,0,19,0.7520760321673395,0.3877551020408163,0.3877551020408163,1,1,2,0,49,54,1,1,0,19,0,1,19,0
ecb284b264db865b3842f018bee3c62d,1,50614,NCBIGene:164,AP1G1,26572,MONDO:0859196,"Usmani-Riazuddin syndrome, autosomal recessive",0,0,19,0.27006655601139334,0.3877551020408163,0.3877551020408163,1,1,2,0,49,54,1,1,3,19,0,2,20,0
ecb284b264db865b3842f018bee3c62d,1,50614,NCBIGene:164,AP1G1,26572,MONDO:0859196,"Usmani-Riazuddin syndrome, autosomal recessive",0,0,19,0.27006655601139334,0.3877551020408163,0.3877551020408163,1,1,2,0,49,54,1,1,3,19,0,2,20,0
6595ce81dac05bc64ca770e02304023a,1,50560,NCBIGene:16,AARS1,13212,MONDO:0013212,Charcot-Marie-Tooth disease axonal type 2N,0,0,18,0.2285574502213882,0.08181818181818182,0.08181818181818182,1,1,2,0,220,234,11,1,8,18,0,2,19,0
6595ce81dac05bc64ca770e02304023a,1,50560,NCBIGene:16,AARS1,13212,MONDO:0013212,Charcot-Marie-Tooth disease axonal type 2N,0,0,18,0.2285574502213882,0.08181818181818182,0.08181818181818182,1,1,2,0,220,234,11,1,8,18,0,2,19,0
d559ac5af69286b99b5426d3c78587c9,1,50561,NCBIGene:18,ABAT,13166,MONDO:0013166,GABA aminotransaminase deficiency,0,0,18,0.7474371214461811,0.45,0.45,1,1,2,0,40,43,11,1,10,18,0,2,20,0
d559ac5af69286b99b5426d3c78587c9,1,50561,NCBIGene:18,ABAT,13166,MONDO:0013166,GABA aminotransaminase deficiency,0,0,18,0.7474371214461811,0.45,0.45,1,1,2,0,40,43,11,1,10,18,0,2,20,0
784b69c2ff4d536a34981438edd62b3e,1,50636,NCBIGene:215,ABCD1,56130,ORPHA:369942,CADDS,0,0,17,0.21020371756365544,0.10119047619047619,0.10119047619047619,1,1,2,0,168,174,1,1,0,17,0,2,17,0
7a20693f2b401948c08dd6d00417d72b,1,50590,NCBIGene:93,ACVR2B,13403,MONDO:0013403,"heterotaxy, visceral, 4, autosomal",0,0,17,3.0172551944645543,1,1,1,1,2,0,17,20,5,1,5,17,0,2,18,0
7a20693f2b401948c08dd6d00417d72b,1,50590,NCBIGene:93,ACVR2B,13403,MONDO:0013403,"heterotaxy, visceral, 4, autosomal",0,0,17,3.0172551944645543,1,1,1,1,2,0,17,20,5,1,5,17,0,2,18,0
993dc9cbcd631bf5fa0c876e746119c8,1,50585,NCBIGene:81,ACTN4,58444,ORPHA:656,Hereditary steroid-resistant nephrotic syndrome,0,0,17,0.6455026777210171,0.53125,0.53125,1,1,2,0,32,40,1,1,0,17,0,34,17,0
9ba5f4429ae0b270e4d4fb6dea97dc21,1,50612,NCBIGene:158,ADSL,56299,ORPHA:46,Adenylosuccinate lyase deficiency,0,0,17,0.1861866255206545,0.27419354838709675,0.27419354838709675,1,1,2,0,62,65,1,1,0,17,0,1,17,0
c5fda2e956fb90f6c0848fdd77a5a95f,1,50584,NCBIGene:72,ACTG2,59518,ORPHA:2241,Megacystis-microcolon-intestinal hypoperistalsis syndrome,0,0,17,1.4000923220034078,0.23943661971830985,0.23943661971830985,1,1,2,0,71,80,1,1,0,17,0,4,17,0
07e0c2fcf5496eac8cac53c12fb66472,1,50564,NCBIGene:21,ABCA3,55980,ORPHA:685082,Pediatric acute respiratory distress syndrome,0,0,16,0.45884951515164024,0.2077922077922078,0.2077922077922078,1,1,2,0,77,84,1,1,0,16,0,3,16,0
1d8c2b7d833f1c935848c92e91bea44c,1,50642,NCBIGene:238,ALK,58082,ORPHA:251992,Ganglioneuroma,0,0,16,2.3480364324404572,0.22535211267605634,0.22535211267605634,1,1,2,0,71,83,1,1,0,16,0,1,16,0
8b7e0a580d3c51520233147b1eaae278,1,50566,NCBIGene:24,ABCA4,58020,ORPHA:827,Stargardt disease,0,0,16,1.7756053425604303,0.17204301075268819,0.17204301075268819,1,1,2,0,93,109,1,1,0,16,0,5,16,0
dc12a8402acc9898f946f1ffb2db7d35,1,50587,NCBIGene:88,ACTN2,12808,MONDO:0012808,dilated cardiomyopathy 1AA,0,0,16,1.1337227892146646,0.25396825396825395,0.25396825396825395,1,1,2,0,63,77,10,1,6,16,0,2,18,0
dc12a8402acc9898f946f1ffb2db7d35,1,50587,NCBIGene:88,ACTN2,12808,MONDO:0012808,dilated cardiomyopathy 1AA,0,0,16,1.1337227892146646,0.25396825396825395,0.25396825396825395,1,1,2,0,63,77,10,1,6,16,0,2,18,0
f785d45ed650f7be5e08ced02bd8559c,1,50618,NCBIGene:176,ACAN,25402,MONDO:0100462,"short stature and advanced bone age, with or without early-onset osteoarthritis and/or osteochondritis dissecans",0,0,16,0.6660428208910687,0.21333333333333335,0.21333333333333335,1,1,2,0,75,85,5,1,5,16,0,2,18,0
f785d45ed650f7be5e08ced02bd8559c,1,50618,NCBIGene:176,ACAN,25402,MONDO:0100462,"short stature and advanced bone age, with or without early-onset osteoarthritis and/or osteochondritis dissecans",0,0,16,0.6660428208910687,0.21333333333333335,0.21333333333333335,1,1,2,0,75,85,5,1,5,16,0,2,18,0
28bff6373f0eab706481f03b1c2bef85,1,50632,NCBIGene:208,AKT2,9416,MONDO:0009416,hypoinsulinemic hypoglycemia and body hemihypertrophy,0,0,15,0.7999859235703733,0.32608695652173914,0.32608695652173914,1,1,2,0,46,52,3,1,6,15,0,2,18,0
28bff6373f0eab706481f03b1c2bef85,1,50632,NCBIGene:208,AKT2,9416,MONDO:0009416,hypoinsulinemic hypoglycemia and body hemihypertrophy,0,0,15,0.7999859235703733,0.32608695652173914,0.32608695652173914,1,1,2,0,46,52,3,1,6,15,0,2,18,0
34d362817ca6fdadb20d1302f6441a69,1,50582,NCBIGene:70,ACTC1,13261,MONDO:0013261,dilated cardiomyopathy 1R,0,0,15,1.0633869471014288,0.17045454545454544,0.17045454545454544,1,1,2,0,88,105,8,1,5,15,0,2,17,0
34d362817ca6fdadb20d1302f6441a69,1,50582,NCBIGene:70,ACTC1,13261,MONDO:0013261,dilated cardiomyopathy 1R,0,0,15,1.0633869471014288,0.17045454545454544,0.17045454545454544,1,1,2,0,88,105,8,1,5,15,0,2,17,0
40f840b19c5c02a88d29346c7a697058,1,50646,NCBIGene:249,ALPL,27795,MONDO:1010154,adult hypophosphatasia,0,0,15,1.767946977633868,0.19736842105263158,0.19736842105263158,1,1,2,0,76,92,6,1,8,15,0,2,16,1
4e88f83ee9f838942b1fb6c168a74ac3,1,50585,NCBIGene:81,ACTN4,11303,MONDO:0011303,focal segmental glomerulosclerosis 1,0,0,15,0.4263054113766494,0.46875,0.46875,1,1,2,0,32,40,9,1,7,15,0,2,17,0
4e88f83ee9f838942b1fb6c168a74ac3,1,50585,NCBIGene:81,ACTN4,11303,MONDO:0011303,focal segmental glomerulosclerosis 1,0,0,15,0.4263054113766494,0.46875,0.46875,1,1,2,0,32,40,9,1,7,15,0,2,17,0
a0bb70099d265fdc019105e74751e4b5,1,50566,NCBIGene:24,ABCA4,57858,ORPHA:1872,Cone rod dystrophy,0,0,15,0.7650399334693685,0.16129032258064516,0.16129032258064516,1,1,2,0,93,109,1,1,0,15,0,32,15,0
ddd8a7e1c931cec00a5cf8bd6d12132d,1,50563,NCBIGene:20,ABCA2,23484,MONDO:0032930,intellectual developmental disorder with poor growth and with or without seizures or ataxia,0,0,15,0.2371075115061456,1,1,1,1,2,0,15,18,3,1,3,15,0,2,16,0
ddd8a7e1c931cec00a5cf8bd6d12132d,1,50563,NCBIGene:20,ABCA2,23484,MONDO:0032930,intellectual developmental disorder with poor growth and with or without seizures or ataxia,0,0,15,0.2371075115061456,1,1,1,1,2,0,15,18,3,1,3,15,0,2,16,0
0b7015bfeff311b12bbfd8f18b26cad6,1,50566,NCBIGene:24,ABCA4,11395,MONDO:0011395,cone-rod dystrophy 3,0,0,14,0.9821942374834348,0.15053763440860216,0.15053763440860216,1,1,2,0,93,109,6,1,6,14,0,2,16,0
0b7015bfeff311b12bbfd8f18b26cad6,1,50566,NCBIGene:24,ABCA4,11395,MONDO:0011395,cone-rod dystrophy 3,0,0,14,0.9821942374834348,0.15053763440860216,0.15053763440860216,1,1,2,0,93,109,6,1,6,14,0,2,16,0
0f8b906aef1a17f752a53b214291fef1,1,50635,NCBIGene:213,ALB,14449,MONDO:0014449,congenital analbuminemia,0,0,14,2.3313313698114326,0.358974358974359,0.358974358974359,1,1,2,0,39,44,3,1,7,14,0,2,16,0
0f8b906aef1a17f752a53b214291fef1,1,50635,NCBIGene:213,ALB,14449,MONDO:0014449,congenital analbuminemia,0,0,14,2.3313313698114326,0.358974358974359,0.358974358974359,1,1,2,0,39,44,3,1,7,14,0,2,16,0
15f2415003c52586ffa439936332841c,1,50608,NCBIGene:150,ADRA2A,27048,MONDO:0958022,"lipodystrophy, familial partial, type 8",0,0,14,0.49121794393913903,1,1,1,1,2,0,14,17,1,1,4,14,0,2,15,0
15f2415003c52586ffa439936332841c,1,50608,NCBIGene:150,ADRA2A,27048,MONDO:0958022,"lipodystrophy, familial partial, type 8",0,0,14,0.49121794393913903,1,1,1,1,2,0,14,17,1,1,4,14,0,2,15,0
eec622537a3077350ad8f832157d07d2,1,50599,NCBIGene:111,ADCY5,57455,ORPHA:324588,Familial dyskinesia and facial myokymia,0,0,14,0.35728460468549034,0.18181818181818182,0.18181818181818182,1,1,2,0,77,85,1,1,0,14,1,1,15,0
f29d8c685bd5ef91f8faefcc1e8c437d,1,50577,NCBIGene:51,ACOX1,22731,MONDO:0030073,Mitchell syndrome,0,0,14,0.3634996318764254,0.1728395061728395,0.1728395061728395,1,1,2,0,81,87,4,1,6,14,0,2,15,0
f29d8c685bd5ef91f8faefcc1e8c437d,1,50577,NCBIGene:51,ACOX1,22731,MONDO:0030073,Mitchell syndrome,0,0,14,0.3634996318764254,0.1728395061728395,0.1728395061728395,1,1,2,0,81,87,4,1,6,14,0,2,15,0
f540d32b9bdd990d1d6939e313c175cf,1,50560,NCBIGene:16,AARS1,22873,MONDO:0030634,"leukoencephalopathy, hereditary diffuse, with spheroids 2",0,0,14,1.9480067182836254,0.06363636363636363,0.06363636363636363,1,1,2,0,220,234,4,1,4,14,0,2,16,0
f540d32b9bdd990d1d6939e313c175cf,1,50560,NCBIGene:16,AARS1,22873,MONDO:0030634,"leukoencephalopathy, hereditary diffuse, with spheroids 2",0,0,14,1.9480067182836254,0.06363636363636363,0.06363636363636363,1,1,2,0,220,234,4,1,4,14,0,2,16,0
4a2492218364396ffa23aaf267b3add3,1,50598,NCBIGene:109,ADCY3,24787,MONDO:0054749,obsolete body mass index quantitative trait locus 19,0,0,13,1.2584821457294344,1,1,1,1,2,0,13,15,5,1,1,13,0,2,13,0
4a2492218364396ffa23aaf267b3add3,1,50598,NCBIGene:109,ADCY3,24787,MONDO:0054749,obsolete body mass index quantitative trait locus 19,0,0,13,1.2584821457294344,1,1,1,1,2,0,13,15,5,1,1,13,0,2,13,0
59f9c01d77163503c099e1689a356d33,1,50645,NCBIGene:242,ALOX12B,56441,ORPHA:79394,Congenital ichthyosiform erythroderma,0,0,13,0.23956311838117653,0.21666666666666667,0.21666666666666667,1,1,2,0,60,66,1,1,0,13,0,9,13,0
ade9fc20827fa57a4925f6775d232984,1,50582,NCBIGene:70,ACTC1,56974,ORPHA:154,Familial isolated dilated cardiomyopathy,0,0,13,0.3981412663610133,0.14772727272727273,0.14772727272727273,1,1,2,0,88,105,1,1,0,13,0,52,13,0
e88129612269a03941f348ef9a8c476d,1,50587,NCBIGene:88,ACTN2,56974,ORPHA:154,Familial isolated dilated cardiomyopathy,0,0,13,0.310635627959003,0.20634920634920634,0.20634920634920634,1,1,2,0,63,77,1,1,0,13,0,52,13,0
ec3e37309163b787f192be231074532b,1,50621,NCBIGene:182,JAG1,8542,MONDO:0008542,tetralogy of fallot,0,0,13,0.24110533530907474,0.104,0.10833333333333334,0.7222222222222222,1,2,0,120,132,6,1,17,18,0,7,21,1
ed162faf86c1cd2c6d9fc5b4fee4b67e,1,50587,NCBIGene:88,ACTN2,23409,MONDO:0032853,"myopathy, distal, 6, adult-onset, autosomal dominant",0,0,13,0.9742440531427903,0.20634920634920634,0.20634920634920634,1,1,2,0,63,77,4,1,4,13,0,2,14,0
ed162faf86c1cd2c6d9fc5b4fee4b67e,1,50587,NCBIGene:88,ACTN2,23409,MONDO:0032853,"myopathy, distal, 6, adult-onset, autosomal dominant",0,0,13,0.9742440531427903,0.20634920634920634,0.20634920634920634,1,1,2,0,63,77,4,1,4,13,0,2,14,0
2a36a6d3a422d54e8d87b00560803e61,1,50632,NCBIGene:208,AKT2,58237,ORPHA:293964,Hypoinsulinemic hypoglycemia and body hemihypertrophy,0,0,12,1.0022361676766198,0.2608695652173913,0.2608695652173913,1,1,2,0,46,52,1,1,0,12,2,1,14,0
927878e60b2d6756881493fe4968d18d,1,50618,NCBIGene:176,ACAN,12019,MONDO:0012019,"spondyloepiphyseal dysplasia, Kimberley type",0,0,12,0.8650522724587277,0.15384615384615385,0.16,0.8,1,2,0,75,85,3,1,9,15,0,2,17,0
927878e60b2d6756881493fe4968d18d,1,50618,NCBIGene:176,ACAN,12019,MONDO:0012019,"spondyloepiphyseal dysplasia, Kimberley type",0,0,12,0.8650522724587277,0.15384615384615385,0.16,0.8,1,2,0,75,85,3,1,9,15,0,2,17,0
b65f323cda6f4e6165e430f18677ea0b,1,50607,NCBIGene:135,ADORA2A,58749,ORPHA:363549,Acute encephalopathy with biphasic seizures and late reduced diffusion,0,0,12,3.3440329768270947,1,1,1,1,2,0,12,13,1,1,0,12,0,1,12,0
e73d3db64b818b6b3875d7c9ccb91126,1,50632,NCBIGene:208,AKT2,58592,ORPHA:79085,AKT2-related familial partial lipodystrophy,0,0,12,0.5351785834067043,0.2608695652173913,0.2608695652173913,1,1,2,0,46,52,1,1,0,12,0,1,12,0
5bbe3814fdf0fb16a32be0c4b7410dea,1,50567,NCBIGene:25,ABL1,59002,ORPHA:521,Chronic myeloid leukemia,0,0,11,1.486302334231845,0.1774193548387097,0.1774193548387097,1,1,2,0,62,70,1,1,0,11,0,3,11,0
7c515fdd0bad1f7f3a415767eaabaae7,1,50623,NCBIGene:185,AGTR1,9970,MONDO:0009970,renal tubular dysgenesis of genetic origin,0,0,11,4.579754133020152,0.39285714285714285,0.7333333333333333,0.4583333333333333,1,2,0,15,22,7,1,6,24,0,9,27,0
7c515fdd0bad1f7f3a415767eaabaae7,1,50623,NCBIGene:185,AGTR1,9970,MONDO:0009970,renal tubular dysgenesis of genetic origin,0,0,11,4.579754133020152,0.39285714285714285,0.7333333333333333,0.4583333333333333,1,2,0,15,22,7,1,6,24,0,9,27,0
8f9a6328423e31905b30545305aed857,1,50638,NCBIGene:220,ALDH1A3,14050,MONDO:0014050,isolated microphthalmia 8,0,0,11,1.5757101973908685,0.6470588235294118,0.6470588235294118,1,1,2,0,17,21,8,1,5,11,0,2,13,0
8f9a6328423e31905b30545305aed857,1,50638,NCBIGene:220,ALDH1A3,14050,MONDO:0014050,isolated microphthalmia 8,0,0,11,1.5757101973908685,0.6470588235294118,0.6470588235294118,1,1,2,0,17,21,8,1,5,11,0,2,13,0
9b912eec6ea30145810471d89a823f3c,1,50564,NCBIGene:21,ABCA3,56679,ORPHA:217563,Neonatal acute respiratory distress syndrome,0,0,11,0.9663860379513336,0.14285714285714285,0.14285714285714285,1,1,2,0,77,84,1,1,0,11,0,2,11,0
9ec24b08a88748ead1ee94ec21b21cda,1,50566,NCBIGene:24,ABCA4,11137,MONDO:0011137,retinitis pigmentosa 19,0,0,11,0.4519953978773162,0.11827956989247312,0.11827956989247312,1,1,2,0,93,109,7,1,7,11,0,2,13,0
9ec24b08a88748ead1ee94ec21b21cda,1,50566,NCBIGene:24,ABCA4,11137,MONDO:0011137,retinitis pigmentosa 19,0,0,11,0.4519953978773162,0.11827956989247312,0.11827956989247312,1,1,2,0,93,109,7,1,7,11,0,2,13,0
b47a27a995f1f10710aa368bbacf7672,1,50633,NCBIGene:210,ALAD,13000,MONDO:0013000,porphyria due to ALA dehydratase deficiency,0,0,11,0.7631283936980312,0.2037037037037037,0.2037037037037037,1,1,2,0,54,57,18,1,8,11,0,2,13,0
b47a27a995f1f10710aa368bbacf7672,1,50633,NCBIGene:210,ALAD,13000,MONDO:0013000,porphyria due to ALA dehydratase deficiency,0,0,11,0.7631283936980312,0.2037037037037037,0.2037037037037037,1,1,2,0,54,57,18,1,8,11,0,2,13,0
eadf01063923bf0dd58872858eef8dbd,1,50622,NCBIGene:183,AGT,9970,MONDO:0009970,renal tubular dysgenesis of genetic origin,0,0,11,4.579754133020152,0.4583333333333333,1,0.4583333333333333,1,2,0,11,15,7,1,6,24,0,9,27,0
eadf01063923bf0dd58872858eef8dbd,1,50622,NCBIGene:183,AGT,9970,MONDO:0009970,renal tubular dysgenesis of genetic origin,0,0,11,4.579754133020152,0.4583333333333333,1,0.4583333333333333,1,2,0,11,15,7,1,6,24,0,9,27,0
eca7fc7c8f78bcd334db8f7c26114817,1,50584,NCBIGene:72,ACTG2,22768,MONDO:0030329,megacystis-microcolon-intestinal hypoperistalsis syndrome 5,0,0,11,1.3385217964217042,0.15492957746478872,0.15492957746478872,1,1,2,0,71,80,3,1,4,11,0,2,12,0
eca7fc7c8f78bcd334db8f7c26114817,1,50584,NCBIGene:72,ACTG2,22768,MONDO:0030329,megacystis-microcolon-intestinal hypoperistalsis syndrome 5,0,0,11,1.3385217964217042,0.15492957746478872,0.15492957746478872,1,1,2,0,71,80,3,1,4,11,0,2,12,0
ee162d8742732a7c21462bc062dc16ec,1,50599,NCBIGene:111,ADCY5,22872,MONDO:0030625,"dyskinesia with orofacial involvement, autosomal recessive",0,0,11,0.12842803621981783,0.14285714285714285,0.14285714285714285,1,1,2,0,77,85,3,1,3,11,0,2,12,0
ee162d8742732a7c21462bc062dc16ec,1,50599,NCBIGene:111,ADCY5,22872,MONDO:0030625,"dyskinesia with orofacial involvement, autosomal recessive",0,0,11,0.12842803621981783,0.14285714285714285,0.14285714285714285,1,1,2,0,77,85,3,1,3,11,0,2,12,0
1217227283762edf0bebebf308c37907,1,50634,NCBIGene:212,ALAS2,58457,ORPHA:75563,X-linked sideroblastic anemia,0,0,10,0.16157518994217623,0.4,0.4,1,1,2,0,25,31,1,1,0,10,0,1,10,0
70da3e3beee16f036727b059165c22df,1,50580,NCBIGene:59,ACTA2,12730,MONDO:0012730,"aortic aneurysm, familial thoracic 6",0,0,10,3.5556370751163575,0.12195121951219512,0.12195121951219512,1,1,2,0,82,95,7,1,5,10,0,2,12,0
70da3e3beee16f036727b059165c22df,1,50580,NCBIGene:59,ACTA2,12730,MONDO:0012730,"aortic aneurysm, familial thoracic 6",0,0,10,3.5556370751163575,0.12195121951219512,0.12195121951219512,1,1,2,0,82,95,7,1,5,10,0,2,12,0
1a51ece96ab737f27dc22a1063ed36ba,1,50630,NCBIGene:204,AK2,9973,MONDO:0009973,reticular dysgenesis,0,0,9,1.8756053493293579,0.3103448275862069,0.3103448275862069,1,1,2,0,29,32,16,1,11,9,0,3,11,0
1a51ece96ab737f27dc22a1063ed36ba,1,50630,NCBIGene:204,AK2,9973,MONDO:0009973,reticular dysgenesis,0,0,9,1.8756053493293579,0.3103448275862069,0.3103448275862069,1,1,2,0,29,32,16,1,11,9,0,3,11,0
45dee05c92d995a064f6222ebc6848f6,1,50576,NCBIGene:50,ACO2,14571,MONDO:0014571,optic atrophy 9,0,0,9,0.39794201061947043,0.2647058823529412,0.2647058823529412,1,1,2,0,34,40,5,1,5,9,0,2,10,0
45dee05c92d995a064f6222ebc6848f6,1,50576,NCBIGene:50,ACO2,14571,MONDO:0014571,optic atrophy 9,0,0,9,0.39794201061947043,0.2647058823529412,0.2647058823529412,1,1,2,0,34,40,5,1,5,9,0,2,10,0
6cf0cc42f5b8ca7dc9c78f324ff2638f,1,50586,NCBIGene:87,ACTN1,58628,ORPHA:140957,Autosomal dominant macrothrombocytopenia,0,0,9,0.7923938517232768,0.5625,0.5625,1,1,2,0,16,19,1,1,0,9,0,10,9,0
965163cd296647917758598ce3cdea8f,1,50562,NCBIGene:19,ABCA1,59367,ORPHA:425,Apolipoprotein A-I deficiency,0,0,9,0.4583662503425649,0.14754098360655737,0.14754098360655737,1,1,2,0,61,68,1,1,0,9,0,2,9,0
24c43718a57c41e89019f05e17e2e59a,1,50621,NCBIGene:182,JAG1,24915,MONDO:0060713,"deafness, congenital heart defects, and posterior embryotoxon",0,0,8,0.39346248791067145,0.06666666666666667,0.06666666666666667,1,1,2,0,120,132,3,1,4,8,0,2,9,0
24c43718a57c41e89019f05e17e2e59a,1,50621,NCBIGene:182,JAG1,24915,MONDO:0060713,"deafness, congenital heart defects, and posterior embryotoxon",0,0,8,0.39346248791067145,0.06666666666666667,0.06666666666666667,1,1,2,0,120,132,3,1,4,8,0,2,9,0
28de4e37e158649d5575bd7e50ec2fa2,1,50631,NCBIGene:207,AKT1,5575,MONDO:0005575,colorectal cancer,0,0,8,2.3505476406656753,0.02622950819672131,0.02622950819672131,1,1,2,0,305,325,40,1,8,8,0,66,10,7
28de4e37e158649d5575bd7e50ec2fa2,1,50631,NCBIGene:207,AKT1,5575,MONDO:0005575,colorectal cancer,0,0,8,2.3505476406656753,0.02622950819672131,0.02622950819672131,1,1,2,0,305,325,40,1,8,8,0,66,10,7
4429b3c52aed6e2b9e0ea067fe446e0b,1,50634,NCBIGene:212,ALAS2,20721,MONDO:0020721,X-linked sideroblastic anemia 1,0,0,8,0.5685298781808934,0.32,0.32,1,1,2,0,25,31,23,1,8,8,0,2,11,0
4429b3c52aed6e2b9e0ea067fe446e0b,1,50634,NCBIGene:212,ALAS2,20721,MONDO:0020721,X-linked sideroblastic anemia 1,0,0,8,0.5685298781808934,0.32,0.32,1,1,2,0,25,31,23,1,8,8,0,2,11,0
5776684d5ad63bfa1311a72433a87c46,1,50609,NCBIGene:151,ADRA2B,57809,ORPHA:86814,Familial adult myoclonic epilepsy,0,0,8,0.11459655262791607,1,1,1,1,2,0,8,9,1,1,0,8,0,8,8,0
7f036417ad4e09d6c076ffcd9b0910b6,1,50631,NCBIGene:207,AKT1,14048,MONDO:0014048,Cowden syndrome 6,0,0,8,1.1693881652113864,0.02622950819672131,0.02622950819672131,1,1,2,0,305,325,6,1,5,8,0,2,9,0
7f036417ad4e09d6c076ffcd9b0910b6,1,50631,NCBIGene:207,AKT1,14048,MONDO:0014048,Cowden syndrome 6,0,0,8,1.1693881652113864,0.02622950819672131,0.02622950819672131,1,1,2,0,305,325,6,1,5,8,0,2,9,0
395ac149bb71d4ef5dd9c5bb4fb21bb8,1,50568,NCBIGene:31,ACACA,13493,MONDO:0013493,acetyl-coa carboxylase deficiency,0,0,7,2.022699718196154,1,1,1,1,2,0,7,9,5,1,4,7,0,2,8,0
395ac149bb71d4ef5dd9c5bb4fb21bb8,1,50568,NCBIGene:31,ACACA,13493,MONDO:0013493,acetyl-coa carboxylase deficiency,0,0,7,2.022699718196154,1,1,1,1,2,0,7,9,5,1,4,7,0,2,8,0
4915b8c170f95a466890286e95f25788,1,50619,NCBIGene:178,AGL,55991,ORPHA:366,Glycogen storage disease due to glycogen debranching enzyme deficiency,0,0,7,0.03979513411903783,0.25,0.25,1,1,2,0,28,32,1,1,0,7,0,1,7,0
8c2723bb65ac6513460d116811c29581,1,50586,NCBIGene:87,ACTN1,14078,MONDO:0014078,platelet-type bleeding disorder 15,0,0,7,1.8855188508875376,0.4375,0.4375,1,1,2,0,16,19,8,1,6,7,0,2,9,0
8c2723bb65ac6513460d116811c29581,1,50586,NCBIGene:87,ACTN1,14078,MONDO:0014078,platelet-type bleeding disorder 15,0,0,7,1.8855188508875376,0.4375,0.4375,1,1,2,0,16,19,8,1,6,7,0,2,9,0
b4ad32b47f0900fd6f58d466bafa266e,1,50634,NCBIGene:212,ALAS2,10420,MONDO:0010420,X-linked erythropoietic protoporphyria,0,0,7,0.4234432558188587,0.28,0.28,1,1,2,0,25,31,12,1,8,7,0,2,9,0
b4ad32b47f0900fd6f58d466bafa266e,1,50634,NCBIGene:212,ALAS2,10420,MONDO:0010420,X-linked erythropoietic protoporphyria,0,0,7,0.4234432558188587,0.28,0.28,1,1,2,0,25,31,12,1,8,7,0,2,9,0
d929e23a6099cfed643142f629b640e7,1,50574,NCBIGene:39,ACAT2,13548,MONDO:0013548,acetyl-CoA acetyltransferase-2 deficiency,0,0,7,0.0906343861080309,1,1,1,1,2,0,7,9,10,1,4,7,0,2,8,0
d929e23a6099cfed643142f629b640e7,1,50574,NCBIGene:39,ACAT2,13548,MONDO:0013548,acetyl-CoA acetyltransferase-2 deficiency,0,0,7,0.0906343861080309,1,1,1,1,2,0,7,9,10,1,4,7,0,2,8,0
e3f23beb2ecc24b827e3c03d1dab586f,1,50573,NCBIGene:38,ACAT1,8760,MONDO:0008760,beta-ketothiolase deficiency,0,0,7,4.448186543961498,0.14285714285714285,0.14285714285714285,1,1,2,0,49,53,19,1,10,7,0,3,10,1
e3f23beb2ecc24b827e3c03d1dab586f,1,50573,NCBIGene:38,ACAT1,8760,MONDO:0008760,beta-ketothiolase deficiency,0,0,7,4.448186543961498,0.14285714285714285,0.14285714285714285,1,1,2,0,49,53,19,1,10,7,0,3,10,1
06428ad7d08717489f91906163ac2a40,1,50620,NCBIGene:181,AGRP,19182,MONDO:0019182,inherited obesity,0,0,6,2.087111891767006,1,1,1,1,2,0,6,9,12,1,5,6,0,28,9,1
06428ad7d08717489f91906163ac2a40,1,50620,NCBIGene:181,AGRP,19182,MONDO:0019182,inherited obesity,0,0,6,2.087111891767006,1,1,1,1,2,0,6,9,12,1,5,6,0,28,9,1
3618064fd7cf29f687de190472ae90a1,1,50638,NCBIGene:220,ALDH1A3,58829,ORPHA:35612,Nanophthalmos,0,0,6,0.14113071661701418,0.35294117647058826,0.35294117647058826,1,1,2,0,17,21,1,1,0,6,0,10,6,0
5af10ef13addfa62ad950f6d297f3502,1,50648,NCBIGene:258,AMBN,14560,MONDO:0014560,amelogenesis imperfecta type 1F,0,0,6,0.3919786496207547,1,1,1,1,2,0,6,13,9,1,5,6,0,2,7,0
5af10ef13addfa62ad950f6d297f3502,1,50648,NCBIGene:258,AMBN,14560,MONDO:0014560,amelogenesis imperfecta type 1F,0,0,6,0.3919786496207547,1,1,1,1,2,0,6,13,9,1,5,6,0,2,7,0
67a6371da9b87989679add6107f812b7,1,50635,NCBIGene:213,ALB,14448,MONDO:0014448,"hyperthyroxinemia, familial dysalbuminemic",0,0,6,2.1514796635042863,0.15384615384615385,0.15384615384615385,1,1,2,0,39,44,10,1,7,6,0,2,9,0
67a6371da9b87989679add6107f812b7,1,50635,NCBIGene:213,ALB,14448,MONDO:0014448,"hyperthyroxinemia, familial dysalbuminemic",0,0,6,2.1514796635042863,0.15384615384615385,0.15384615384615385,1,1,2,0,39,44,10,1,7,6,0,2,9,0
6f0d6c698ecb7ecc4a1fea7c68970221,1,50611,NCBIGene:155,ADRB3,19182,MONDO:0019182,inherited obesity,0,0,6,2.087111891767006,1,1,1,1,2,0,6,9,12,1,5,6,0,28,9,1
6f0d6c698ecb7ecc4a1fea7c68970221,1,50611,NCBIGene:155,ADRB3,19182,MONDO:0019182,inherited obesity,0,0,6,2.087111891767006,1,1,1,1,2,0,6,9,12,1,5,6,0,28,9,1
15c05af328d10c00e54061c250bbe77d,1,50618,NCBIGene:176,ACAN,59573,ORPHA:435804,Short stature-advanced bone age-early-onset osteoarthritis syndrome,0,0,5,0.12013947748354187,0.06666666666666667,0.06666666666666667,1,1,2,0,75,85,1,1,0,5,0,1,5,0
1718338cc48984f87930de843bbd4aa9,1,50580,NCBIGene:59,ACTA2,57304,ORPHA:2573,Moyamoya disease,0,0,5,0.06256194746759045,0.06097560975609756,0.06097560975609756,1,1,2,0,82,95,1,1,0,5,0,3,5,0
17b3659363f47690b5caa301bd923baf,1,50600,NCBIGene:112,ADCY6,57724,ORPHA:2680,Hypomyelination neuropathy-arthrogryposis syndrome,0,0,5,0.03614164521027266,0.2,0.2,1,1,2,0,25,28,1,1,0,5,0,3,5,0
4d2ac39356d4598d78fc749800663225,1,50581,NCBIGene:60,ACTB,26969,MONDO:0957564,"congenital smooth muscle hamartoma, with or without hemihypertrophy",0,0,5,0.34203566393480894,0.02304147465437788,0.02304147465437788,1,1,2,0,217,233,1,1,3,5,0,2,6,0
4d2ac39356d4598d78fc749800663225,1,50581,NCBIGene:60,ACTB,26969,MONDO:0957564,"congenital smooth muscle hamartoma, with or without hemihypertrophy",0,0,5,0.34203566393480894,0.02304147465437788,0.02304147465437788,1,1,2,0,217,233,1,1,3,5,0,2,6,0
7b8593fc6ca67fbe49745b3dfb4e8f71,1,50562,NCBIGene:19,ABCA1,11393,MONDO:0011393,"hypoalphalipoproteinemia, primary, 1",0,0,5,0.44021753040640726,0.08196721311475409,0.08196721311475409,1,1,2,0,61,68,10,1,5,5,0,2,7,0
7b8593fc6ca67fbe49745b3dfb4e8f71,1,50562,NCBIGene:19,ABCA1,11393,MONDO:0011393,"hypoalphalipoproteinemia, primary, 1",0,0,5,0.44021753040640726,0.08196721311475409,0.08196721311475409,1,1,2,0,61,68,10,1,5,5,0,2,7,0
8c0efe58ede62fffef0415dc2ec5c3f9,1,50589,NCBIGene:91,ACVR1B,15278,MONDO:0015278,familial pancreatic carcinoma,0,0,5,0.7626061958216385,1,1,1,1,2,0,5,8,9,1,9,5,0,10,7,0
8c0efe58ede62fffef0415dc2ec5c3f9,1,50589,NCBIGene:91,ACVR1B,15278,MONDO:0015278,familial pancreatic carcinoma,0,0,5,0.7626061958216385,1,1,1,1,2,0,5,8,9,1,9,5,0,10,7,0
a2a5178e08250cf9f00bb1e7c8ab8a9d,1,50643,NCBIGene:240,ALOX5,10940,MONDO:0010940,inherited susceptibility to asthma,0,0,5,2.1849518501284177,1,1,1,1,2,0,5,7,7,1,5,5,0,25,6,0
a2a5178e08250cf9f00bb1e7c8ab8a9d,1,50643,NCBIGene:240,ALOX5,10940,MONDO:0010940,inherited susceptibility to asthma,0,0,5,2.1849518501284177,1,1,1,1,2,0,5,7,7,1,5,5,0,25,6,0
cfd01a29206af396518b5f11b232bebe,1,50632,NCBIGene:208,AKT2,5148,MONDO:0005148,type 2 diabetes mellitus,0,0,5,1.1045030140781604,0.10869565217391304,0.10869565217391304,1,1,2,0,46,52,36,1,11,5,0,67,6,5
cfd01a29206af396518b5f11b232bebe,1,50632,NCBIGene:208,AKT2,5148,MONDO:0005148,type 2 diabetes mellitus,0,0,5,1.1045030140781604,0.10869565217391304,0.10869565217391304,1,1,2,0,46,52,36,1,11,5,0,67,6,5
d26b5d89e830e825758e123bd7374e19,1,50594,NCBIGene:102,ADAM10,14234,MONDO:0014234,reticulate acropigmentation of Kitamura,0,0,5,0.05612658479973417,1,1,1,1,2,0,5,10,7,1,9,5,0,2,7,0
d26b5d89e830e825758e123bd7374e19,1,50594,NCBIGene:102,ADAM10,14234,MONDO:0014234,reticulate acropigmentation of Kitamura,0,0,5,0.05612658479973417,1,1,1,1,2,0,5,10,7,1,9,5,0,2,7,0
d5f56a02a2aaab7b7809f7427fbdeac7,1,50631,NCBIGene:207,AKT1,8170,MONDO:0008170,ovarian cancer,0,0,5,2.594270584388619,0.01639344262295082,0.01639344262295082,1,1,2,0,305,325,24,1,11,5,0,27,7,2
d5f56a02a2aaab7b7809f7427fbdeac7,1,50631,NCBIGene:207,AKT1,8170,MONDO:0008170,ovarian cancer,0,0,5,2.594270584388619,0.01639344262295082,0.01639344262295082,1,1,2,0,305,325,24,1,11,5,0,27,7,2
15b311c37c525789c65e29d430f1b383,1,50627,NCBIGene:196,AHR,23265,MONDO:0032689,retinitis pigmentosa 85,0,0,4,0.4702284633061116,0.07017543859649122,0.07017543859649122,1,1,2,0,57,62,3,1,5,4,0,2,5,0
15b311c37c525789c65e29d430f1b383,1,50627,NCBIGene:196,AHR,23265,MONDO:0032689,retinitis pigmentosa 85,0,0,4,0.4702284633061116,0.07017543859649122,0.07017543859649122,1,1,2,0,57,62,3,1,5,4,0,2,5,0
226920411d767e697617bdfbac604be0,1,50595,NCBIGene:103,ADAR,56303,ORPHA:41,Dyschromatosis symmetrica hereditaria,0,0,4,0.49142857142857144,0.028368794326241134,0.028368794326241134,1,1,2,0,141,150,1,1,0,4,0,1,4,0
47cb0daf3887ad7c4d6cdf38ba922d39,1,50625,NCBIGene:190,NR0B1,56584,ORPHA:242,"46,XY complete gonadal dysgenesis",0,0,4,0.24405999405999407,0.039603960396039604,0.039603960396039604,1,1,2,0,101,110,1,1,0,4,0,10,4,0
743721d0b578d08a145331f8229e4dff,1,50628,NCBIGene:197,AHSG,20893,MONDO:0021035,alopecia-intellectual disability syndrome 1,0,0,4,0.112367538391029,0.13333333333333333,0.13333333333333333,1,1,2,0,30,33,5,1,5,4,0,2,5,0
743721d0b578d08a145331f8229e4dff,1,50628,NCBIGene:197,AHSG,20893,MONDO:0021035,alopecia-intellectual disability syndrome 1,0,0,4,0.112367538391029,0.13333333333333333,0.13333333333333333,1,1,2,0,30,33,5,1,5,4,0,2,5,0
76b91875418b89e436ddc20383dcb490,1,50601,NCBIGene:118,ADD1,7781,MONDO:0007781,"essential hypertension, genetic",0,0,4,3.203030303030303,1,1,1,1,2,0,4,7,15,1,1,4,0,16,7,0
76b91875418b89e436ddc20383dcb490,1,50601,NCBIGene:118,ADD1,7781,MONDO:0007781,"essential hypertension, genetic",0,0,4,3.203030303030303,1,1,1,1,2,0,4,7,15,1,1,4,0,16,7,0
a429918ecf67ee44b985f564b3d969c4,1,50625,NCBIGene:190,NR0B1,55858,ORPHA:393,"46,XX testicular difference of sex development",0,0,4,0.10669917877504888,0.039603960396039604,0.039603960396039604,1,1,2,0,101,110,1,1,0,4,0,5,4,0
aaaf0139476c4cec2767d5f10d65ddc5,1,50583,NCBIGene:71,ACTG1,11480,MONDO:0011480,autosomal dominant nonsyndromic hearing loss 20,0,0,4,0.0773778522409356,0.043010752688172046,0.043010752688172046,1,1,2,0,93,105,11,1,6,4,0,2,5,0
aaaf0139476c4cec2767d5f10d65ddc5,1,50583,NCBIGene:71,ACTG1,11480,MONDO:0011480,autosomal dominant nonsyndromic hearing loss 20,0,0,4,0.0773778522409356,0.043010752688172046,0.043010752688172046,1,1,2,0,93,105,11,1,6,4,0,2,5,0
ad2710ce1eda9f87527a59b8b853ac5a,1,50567,NCBIGene:25,ABL1,11996,MONDO:0011996,"chronic myelogenous leukemia, BCR-ABL1 positive",0,0,4,3.519230769230769,0.06451612903225806,0.06451612903225806,1,1,2,0,62,70,26,1,16,4,0,7,6,0
ad2710ce1eda9f87527a59b8b853ac5a,1,50567,NCBIGene:25,ABL1,11996,MONDO:0011996,"chronic myelogenous leukemia, BCR-ABL1 positive",0,0,4,3.519230769230769,0.06451612903225806,0.06451612903225806,1,1,2,0,62,70,26,1,16,4,0,7,6,0
b369f434ba2498dd75020a7d1d624de6,1,50623,NCBIGene:185,AGTR1,7781,MONDO:0007781,"essential hypertension, genetic",0,0,4,3.203030303030303,0.26666666666666666,0.26666666666666666,1,1,2,0,15,22,15,1,1,4,0,16,7,0
b369f434ba2498dd75020a7d1d624de6,1,50623,NCBIGene:185,AGTR1,7781,MONDO:0007781,"essential hypertension, genetic",0,0,4,3.203030303030303,0.26666666666666666,0.26666666666666666,1,1,2,0,15,22,15,1,1,4,0,16,7,0
e8a9add8f0b0534aa2cb3ad60dc47308,1,50566,NCBIGene:24,ABCA4,9549,MONDO:0009549,severe early-childhood-onset retinal dystrophy,0,0,4,2.3319282110238233,0.043010752688172046,0.043010752688172046,1,1,2,0,93,109,12,1,7,4,0,4,6,2
e8a9add8f0b0534aa2cb3ad60dc47308,1,50566,NCBIGene:24,ABCA4,9549,MONDO:0009549,severe early-childhood-onset retinal dystrophy,0,0,4,2.3319282110238233,0.043010752688172046,0.043010752688172046,1,1,2,0,93,109,12,1,7,4,0,4,6,2
f0b62ab1c4f179771aa6719b3316cfb1,1,50575,NCBIGene:49,ACR,26980,MONDO:0957594,spermatogenic failure 87,0,0,4,1.0170130579582064,1,1,1,1,2,0,4,6,1,1,4,4,0,2,5,0
f0b62ab1c4f179771aa6719b3316cfb1,1,50575,NCBIGene:49,ACR,26980,MONDO:0957594,spermatogenic failure 87,0,0,4,1.0170130579582064,1,1,1,1,2,0,4,6,1,1,4,4,0,2,5,0
3265f67e93b119932cf05de4a05bb309,1,50629,NCBIGene:203,AK1,12967,MONDO:0012967,hemolytic anemia due to adenylate kinase deficiency,0,0,3,2.0206673529149097,1,1,1,1,2,0,3,6,3,1,8,3,0,2,4,0
3265f67e93b119932cf05de4a05bb309,1,50629,NCBIGene:203,AK1,12967,MONDO:0012967,hemolytic anemia due to adenylate kinase deficiency,0,0,3,2.0206673529149097,1,1,1,1,2,0,3,6,3,1,8,3,0,2,4,0
3c513b2c347111fb91bde5bb1c306592,1,50580,NCBIGene:59,ACTA2,13542,MONDO:0013542,Moyamoya disease 5,0,0,3,0.4763944689829949,0.036585365853658534,0.036585365853658534,1,1,2,0,82,95,6,1,4,3,0,2,5,0
3c513b2c347111fb91bde5bb1c306592,1,50580,NCBIGene:59,ACTA2,13542,MONDO:0013542,Moyamoya disease 5,0,0,3,0.4763944689829949,0.036585365853658534,0.036585365853658534,1,1,2,0,82,95,6,1,4,3,0,2,5,0
96ea4ca6c5f96bb9de6df5b61ebf21c8,1,50637,NCBIGene:217,ALDH2,12454,MONDO:0012454,"alcohol sensitivity, acute",0,0,3,8.001097996157014,0.5,1,0.5,1,2,0,3,5,5,1,3,6,0,2,9,0
96ea4ca6c5f96bb9de6df5b61ebf21c8,1,50637,NCBIGene:217,ALDH2,12454,MONDO:0012454,"alcohol sensitivity, acute",0,0,3,8.001097996157014,0.5,1,0.5,1,2,0,3,5,5,1,3,6,0,2,9,0
b84998da2730771c9f03b215e6727483,1,50595,NCBIGene:103,ADAR,7483,MONDO:0007483,dyschromatosis symmetrica hereditaria,0,0,3,0.40305056155568,0.02127659574468085,0.02127659574468085,1,1,2,0,141,150,10,1,9,3,0,2,6,0
b84998da2730771c9f03b215e6727483,1,50595,NCBIGene:103,ADAR,7483,MONDO:0007483,dyschromatosis symmetrica hereditaria,0,0,3,0.40305056155568,0.02127659574468085,0.02127659574468085,1,1,2,0,141,150,10,1,9,3,0,2,6,0
bfea38fbfa796fd552c8479c3a55fc86,1,50644,NCBIGene:241,ALOX5AP,20671,MONDO:0020671,obsolete susceptibility to ischemic stroke,0,0,3,0.029715448420484392,1,1,1,1,2,0,3,6,8,1,1,3,0,3,3,0
ed1d1e296cd2759d6d3af87f83260300,1,50631,NCBIGene:207,AKT1,16419,MONDO:0016419,hereditary breast carcinoma,0,0,3,0.26093725105528565,0.009836065573770493,0.009836065573770493,1,1,2,0,305,325,17,1,11,3,0,49,5,0
ed1d1e296cd2759d6d3af87f83260300,1,50631,NCBIGene:207,AKT1,16419,MONDO:0016419,hereditary breast carcinoma,0,0,3,0.26093725105528565,0.009836065573770493,0.009836065573770493,1,1,2,0,305,325,17,1,11,3,0,49,5,0
23bf9a0b260f463d902796ab4f158b32,1,50603,NCBIGene:125,ADH1B,7079,MONDO:0007079,alcohol dependence,0,0,2,0.16136363636363638,1,1,1,1,2,0,2,4,6,1,14,2,0,8,4,0
23bf9a0b260f463d902796ab4f158b32,1,50603,NCBIGene:125,ADH1B,7079,MONDO:0007079,alcohol dependence,0,0,2,0.16136363636363638,1,1,1,1,2,0,2,4,6,1,14,2,0,8,4,0
415c3e5fc90a4c173c99b28fe8a500c7,1,50597,NCBIGene:107,ADCY1,12421,MONDO:0012421,autosomal recessive nonsyndromic hearing loss 44,0,0,2,0.10572849060762655,1,1,1,1,2,0,2,8,9,1,6,2,0,2,3,0
415c3e5fc90a4c173c99b28fe8a500c7,1,50597,NCBIGene:107,ADCY1,12421,MONDO:0012421,autosomal recessive nonsyndromic hearing loss 44,0,0,2,0.10572849060762655,1,1,1,1,2,0,2,8,9,1,6,2,0,2,3,0
6b714f099e38b791c7430b9167e26bea,1,50610,NCBIGene:153,ADRB1,20786,MONDO:0020786,"obsolete short sleep, familial natural, 2",0,0,2,0.6672156647451734,1,1,1,1,2,0,2,6,4,1,1,2,0,2,2,0
6b714f099e38b791c7430b9167e26bea,1,50610,NCBIGene:153,ADRB1,20786,MONDO:0020786,"obsolete short sleep, familial natural, 2",0,0,2,0.6672156647451734,1,1,1,1,2,0,2,6,4,1,1,2,0,2,2,0
6fd272c86af0c0dfc56882c1b2f3d2ec,1,50645,NCBIGene:242,ALOX12B,58412,ORPHA:281122,Self-improving collodion baby,0,0,2,0.028935674989420228,0.03333333333333333,0.03333333333333333,1,1,2,0,60,66,1,1,0,2,0,3,2,0
7b90973c55843c8b2c468992802f236f,1,50599,NCBIGene:111,ADCY5,56424,ORPHA:1429,Benign hereditary chorea,0,0,2,0.012837847661418125,0.025974025974025976,0.025974025974025976,1,1,2,0,77,85,1,1,0,2,0,2,2,0
83ba5ef2f579344b943f83c77d7a77f8,1,50566,NCBIGene:24,ABCA4,7932,MONDO:0007932,age related macular degeneration 2,0,0,2,0.09578709331660196,0.021505376344086023,0.021505376344086023,1,1,2,0,93,109,7,1,6,2,0,2,3,0
83ba5ef2f579344b943f83c77d7a77f8,1,50566,NCBIGene:24,ABCA4,7932,MONDO:0007932,age related macular degeneration 2,0,0,2,0.09578709331660196,0.021505376344086023,0.021505376344086023,1,1,2,0,93,109,7,1,6,2,0,2,3,0
91b3aeb0b5fcbef1de9f459c2265d47b,1,50625,NCBIGene:190,NR0B1,10226,MONDO:0010226,"46,XY sex reversal 2",0,0,2,0.10773809523809524,0.019801980198019802,0.019801980198019802,1,1,2,0,101,110,8,1,7,2,0,2,4,0
91b3aeb0b5fcbef1de9f459c2265d47b,1,50625,NCBIGene:190,NR0B1,10226,MONDO:0010226,"46,XY sex reversal 2",0,0,2,0.10773809523809524,0.019801980198019802,0.019801980198019802,1,1,2,0,101,110,8,1,7,2,0,2,4,0
a1f174cf2cab88be6b1733ec5c42debf,1,50582,NCBIGene:70,ACTC1,13011,MONDO:0013011,atrial septal defect 5,0,0,2,0.03289699423552018,0.022727272727272728,0.022727272727272728,1,1,2,0,88,105,7,1,6,2,0,2,3,0
a1f174cf2cab88be6b1733ec5c42debf,1,50582,NCBIGene:70,ACTC1,13011,MONDO:0013011,atrial septal defect 5,0,0,2,0.03289699423552018,0.022727272727272728,0.022727272727272728,1,1,2,0,88,105,7,1,6,2,0,2,3,0
b191bab0ea0c8ed5fd97b371c1fd1112,1,50616,NCBIGene:174,AFP,14425,MONDO:0014425,obsolete hereditary persistence of alpha-fetoprotein,0,0,2,0.0746230721525808,0.5,0.5,1,1,2,0,4,10,4,1,3,2,0,2,2,0
b191bab0ea0c8ed5fd97b371c1fd1112,1,50616,NCBIGene:174,AFP,14425,MONDO:0014425,obsolete hereditary persistence of alpha-fetoprotein,0,0,2,0.0746230721525808,0.5,0.5,1,1,2,0,4,10,4,1,3,2,0,2,2,0
c655729a5cac63815794e6deec7db15b,1,50604,NCBIGene:126,ADH1C,7079,MONDO:0007079,alcohol dependence,0,0,2,0.16136363636363638,0.0625,0.0625,1,1,2,0,32,38,6,1,14,2,0,8,4,0
c655729a5cac63815794e6deec7db15b,1,50604,NCBIGene:126,ADH1C,7079,MONDO:0007079,alcohol dependence,0,0,2,0.16136363636363638,0.0625,0.0625,1,1,2,0,32,38,6,1,14,2,0,8,4,0
cfb0037a16b0ddbdedbdb0b454d0a39c,1,50616,NCBIGene:174,AFP,14424,MONDO:0014424,obsolete congenital deficiency in alpha-fetoprotein,0,0,2,2.00046533271289,0.5,0.5,1,1,2,0,4,10,3,1,3,2,0,2,2,0
cfb0037a16b0ddbdedbdb0b454d0a39c,1,50616,NCBIGene:174,AFP,14424,MONDO:0014424,obsolete congenital deficiency in alpha-fetoprotein,0,0,2,2.00046533271289,0.5,0.5,1,1,2,0,4,10,3,1,3,2,0,2,2,0
e1da7f511e067303d7c1fe6a6340ae87,1,50559,NCBIGene:10,NAT2,9472,MONDO:0009472,"acetylation, slow",0,0,2,0.01659436497095423,1,1,1,1,2,0,2,4,8,1,3,2,0,2,3,0
e1da7f511e067303d7c1fe6a6340ae87,1,50559,NCBIGene:10,NAT2,9472,MONDO:0009472,"acetylation, slow",0,0,2,0.01659436497095423,1,1,1,1,2,0,2,4,8,1,3,2,0,2,3,0
004953625d8efe27f9ef3e9d53bfcf47,1,50623,NCBIGene:185,AGTR1,1134,MONDO:0001134,essential hypertension,0,0,0,0,0,0,0,1,2,0,15,22,3,1,9,0,0,11,1,0
035142b13a790d5db620222d9bdf791a,1,50618,NCBIGene:176,ACAN,60096,ORPHA:171866,ORPHA:171866,0,0,0,0,0,0,0,1,2,0,75,85,1,1,0,0,0,1,0,0
042f707eb8b3c84062cd7b07b775384a,1,50563,NCBIGene:20,ABCA2,60773,ORPHA:88616,ORPHA:88616,0,0,0,0,0,0,0,1,2,0,15,18,1,1,0,0,0,54,0,0
051ee55f3256360f6286e0d0ae1a3943,1,50616,NCBIGene:174,AFP,60992,ORPHA:168612,ORPHA:168612,0,0,0,0,0,0,0,1,2,0,4,10,1,1,0,0,0,1,0,0
086e4d563620eaa890cb370e941f84ac,1,50624,NCBIGene:189,AGXT,2474,MONDO:0002474,primary hyperoxaluria,0,0,0,0,0,0,0,1,2,0,49,54,3,1,14,0,0,12,1,6
0df5090f3dbeb73b1584f80b4afcbce5,1,50604,NCBIGene:126,ADH1C,62205,MEDGEN:C0030567,Parkinson disease,0,0,0,0,0,0,0,1,2,0,32,38,1,1,0,0,0,44,0,0
0df5090f3dbeb73b1584f80b4afcbce5,1,50604,NCBIGene:126,ADH1C,62205,MEDGEN:C0030567,Parkinson disease,0,0,0,0,0,0,0,1,2,0,32,38,1,1,0,0,0,44,0,0
0e1d66939ec51e09e2602aed25919ddc,1,50582,NCBIGene:70,ACTC1,62190,MEDGEN:C0340427,Primary familial dilated cardiomyopathy,0,0,0,0,0,0,0,1,2,0,88,105,1,1,0,0,0,31,0,0
10274455653b1bb44aa30075fbb1accf,1,50618,NCBIGene:176,ACAN,61066,ORPHA:93283,ORPHA:93283,0,0,0,0,0,0,0,1,2,0,75,85,1,1,0,0,0,1,0,0
10d7cf89efa3d28b5678bcb2b7ef5bc9,1,50591,NCBIGene:94,ACVRL1,19180,MONDO:0019180,hereditary hemorrhagic telangiectasia,0,0,0,0,0,0,0,1,2,0,75,80,9,1,17,0,0,13,4,4
11a696c1edc0b150195f8f2c50c38945,1,50582,NCBIGene:70,ACTC1,62029,MEDGEN:C0007193,Primary dilated cardiomyopathy,0,0,0,0,0,0,0,1,2,0,88,105,1,1,0,0,0,34,0,0
14b8098e98f49b4e351d8104ce75b0c9,1,50631,NCBIGene:207,AKT1,62211,MEDGEN:C0006142,Malignant tumor of breast,0,0,0,0,0,0,0,1,2,0,305,325,1,1,0,0,0,27,0,0
16aaf9e951c1d8f52fbac8b4d96b91fd,1,50642,NCBIGene:238,ALK,61617,ORPHA:364043,ORPHA:364043,0,0,0,0,0,0,0,1,2,0,71,83,1,1,0,0,0,1,0,0
197db6a02bd43e2ccb67b56c6006b8cc,1,50581,NCBIGene:60,ACTB,61922,ORPHA:673556,ORPHA:673556,0,0,0,0,0,0,0,1,2,0,217,233,1,1,0,0,0,4,0,0
1984094581b1dfd124db24d1854ebc65,1,50597,NCBIGene:107,ADCY1,62035,MEDGEN:C0236038,Hereditary hearing loss and deafness,0,0,0,0,0,0,0,1,2,0,2,8,1,1,0,0,0,163,0,0
1a37eb4f587e53fa36d54a5050ab0a5d,1,50613,NCBIGene:162,AP1B1,60118,ORPHA:171851,ORPHA:171851,0,0,0,0,0,0,0,1,2,0,35,38,1,1,0,0,0,2,0,0
1a9ece2cb3cc009594bf0c4f71ee40c0,1,50564,NCBIGene:21,ABCA3,61768,ORPHA:440402,ORPHA:440402,0,0,0,0,0,0,0,1,2,0,77,84,1,1,0,0,0,1,0,0
23099a5484286c51b805db8342078d07,1,50583,NCBIGene:71,ACTG1,60093,ORPHA:90635,ORPHA:90635,0,0,0,0,0,0,0,1,2,0,93,105,1,1,0,0,0,50,0,0
238087e2eee6a23fd20436483122a9b6,1,50576,NCBIGene:50,ACO2,60322,ORPHA:98676,ORPHA:98676,0,0,0,0,0,0,0,1,2,0,34,40,1,1,0,0,0,5,0,0
23fc06ddb169368587959ce4c4161bd8,1,50583,NCBIGene:71,ACTG1,62035,MEDGEN:C0236038,Hereditary hearing loss and deafness,0,0,0,0,0,0,0,1,2,0,93,105,1,1,0,0,0,163,0,0
264ca6ffc02483c3b9d7864156c06469,1,50621,NCBIGene:182,JAG1,60460,ORPHA:3303,ORPHA:3303,0,0,0,0,0,0,0,1,2,0,120,132,1,1,0,0,0,13,0,0
276e0b929e37ab3a4879ed07674fbed3,1,50601,NCBIGene:118,ADD1,1134,MONDO:0001134,essential hypertension,0,0,0,0,0,0,0,1,2,0,4,7,3,1,9,0,0,11,1,0
282f70abaaca2f6092239b89540d3a11,1,50631,NCBIGene:207,AKT1,20926,MONDO:0021068,ovarian neoplasm,0,0,0,0,0,0,0,1,2,0,305,325,16,1,6,0,0,23,2,1
282f70abaaca2f6092239b89540d3a11,1,50631,NCBIGene:207,AKT1,20926,MONDO:0021068,ovarian neoplasm,0,0,0,0,0,0,0,1,2,0,305,325,16,1,6,0,0,23,2,1
2a6355ff68ecdc4bcf2e278d88e4b39d,1,50562,NCBIGene:19,ABCA1,61276,ORPHA:31150,ORPHA:31150,0,0,0,0,0,0,0,1,2,0,61,68,1,1,0,0,0,1,0,0
2ef20e68aa334b1416f0577351ad3d07,1,50590,NCBIGene:93,ACVR2B,61580,ORPHA:157769,ORPHA:157769,0,0,0,0,0,0,0,1,2,0,17,20,1,1,0,0,0,10,0,0
2f27dd471ba94fc1d7b437acbd218a9a,1,50564,NCBIGene:21,ABCA3,12580,MONDO:0012580,hereditary pulmonary alveolar proteinosis,0,0,0,0,0,0,0,1,2,0,77,84,8,1,10,0,0,12,2,0
35bc696a2970e828fae3884821477ec6,1,50646,NCBIGene:249,ALPL,61743,ORPHA:247623,ORPHA:247623,0,0,0,0,0,0,0,1,2,0,76,92,1,1,0,0,0,1,0,0
35e1bd8eae496195741da1011602c411,1,50578,NCBIGene:54,ACP5,16763,MONDO:0016763,spondylometaphyseal dysplasia,0,0,0,0,0,0,0,1,2,0,108,114,2,1,7,0,0,33,1,0
35e1bd8eae496195741da1011602c411,1,50578,NCBIGene:54,ACP5,16763,MONDO:0016763,spondylometaphyseal dysplasia,0,0,0,0,0,0,0,1,2,0,108,114,2,1,7,0,0,33,1,0
3682d27ad450df84cc1354f256097024,1,50638,NCBIGene:220,ALDH1A3,61119,ORPHA:98938,ORPHA:98938,0,0,0,0,0,0,0,1,2,0,17,21,1,1,0,0,0,14,0,0
394aaf6983ad2eeaf8ee2ecb4aa87a2c,1,50566,NCBIGene:24,ABCA4,5150,MONDO:0005150,age-related macular degeneration,0,0,0,0,0,0,0,1,2,0,93,109,10,1,12,0,0,33,2,1
3ad5020fc8e76abd53bfb55aaa526b4e,1,50583,NCBIGene:71,ACTG1,61104,ORPHA:98944,ORPHA:98944,0,0,0,0,0,0,0,1,2,0,93,105,1,1,0,0,0,5,0,0
3e06873d1c8787947ffcdb7d04560f91,1,50581,NCBIGene:60,ACTB,62194,MEDGEN:C1853623,Baraitser-Winter syndrome,0,0,0,0,0,0,0,1,2,0,217,233,1,1,0,0,0,2,0,0
3ee72fb6998e18159b8ed02b0c14597c,1,50560,NCBIGene:16,AARS1,18993,MONDO:0018993,Charcot-Marie-Tooth disease type 2,0,0,0,0,0,0,0,1,2,0,220,234,8,1,9,0,0,56,1,0
417d4dd0e001b6aa75637f36628c9b0a,1,50606,NCBIGene:132,ADK,61802,ORPHA:289290,ORPHA:289290,0,0,0,0,0,0,0,1,2,0,34,37,1,1,0,0,0,1,0,0
424aa096766266f61236b121b477790a,1,50640,NCBIGene:226,ALDOA,62207,MEDGEN:C0017919,Glycogen storage disease,0,0,0,0,0,0,0,1,2,0,51,55,1,1,0,0,0,17,0,0
431eb2568585355209377350d3d13226,1,50567,NCBIGene:25,ABL1,60167,ORPHA:99861,ORPHA:99861,0,0,0,0,0,0,0,1,2,0,62,70,1,1,0,0,0,23,0,0
4536755763d369133d476e9cdcd50b34,1,50584,NCBIGene:72,ACTG2,62196,MEDGEN:C0266833,Hereditary hollow viscus myopathy,0,0,0,0,0,0,0,1,2,0,71,80,1,1,0,0,0,1,0,0
46c0e749e6c4ca594bdfa6a25479f92c,1,50646,NCBIGene:249,ALPL,18570,MONDO:0018570,hypophosphatasia,0,0,0,0,0,0,0,1,2,0,76,92,10,1,14,0,0,9,2,0
46edec6cae01b5b17ad9bec1e60a4685,1,50582,NCBIGene:70,ACTC1,62034,MEDGEN:C0949658,Primary familial hypertrophic cardiomyopathy,0,0,0,0,0,0,0,1,2,0,88,105,1,1,0,0,0,22,0,0
49b11e6dc6aa0a1b7df79c59d2c66da0,1,50588,NCBIGene:90,ACVR1,60020,ORPHA:337,ORPHA:337,0,0,0,0,0,0,0,1,2,0,62,65,1,1,0,0,0,1,0,0
4bf6c1b8aa36094551b38b247c92e805,1,50629,NCBIGene:203,AK1,60933,ORPHA:86817,ORPHA:86817,0,0,0,0,0,0,0,1,2,0,3,6,1,1,0,0,0,1,0,0
4d518ce2a284d0589e73cfc03b9e5e64,1,50587,NCBIGene:88,ACTN2,60644,ORPHA:708133,ORPHA:708133,0,0,0,0,0,0,0,1,2,0,63,77,1,1,0,0,0,1,0,0
4dc699e5940299faea3e40772eb89b6f,1,50584,NCBIGene:72,ACTG2,60480,ORPHA:104077,ORPHA:104077,0,0,0,0,0,0,0,1,2,0,71,80,1,1,0,0,0,1,0,0
51380c7b06260a5ced64935a8ff51a6c,1,50625,NCBIGene:190,NR0B1,62251,MEDGEN:C2936694,"Pure gonadal dysgenesis 46,XY",0,0,0,0,0,0,0,1,2,0,101,110,1,1,0,0,0,6,0,0
52031485e4306bd8c217043c14f37ded,1,50562,NCBIGene:19,ABCA1,62186,MEDGEN:C1704429,Familial hypoalphalipoproteinemia,0,0,0,0,0,0,0,1,2,0,61,68,1,1,0,0,0,2,0,0
56ee3958987a5d37ba835d35bec06c1c,1,50587,NCBIGene:88,ACTN2,62029,MEDGEN:C0007193,Primary dilated cardiomyopathy,0,0,0,0,0,0,0,1,2,0,63,77,1,1,0,0,0,34,0,0
584aeb2021020a180f12f29396f0475d,1,50623,NCBIGene:185,AGTR1,17609,MONDO:0017609,renal tubular dysgenesis,0,0,0,0,0,0,0,1,2,0,15,22,3,1,6,0,0,7,1,0
59cd1a3c68f37333f948c5e5258b4afc,1,50616,NCBIGene:174,AFP,60990,ORPHA:168615,ORPHA:168615,0,0,0,0,0,0,0,1,2,0,4,10,1,1,0,0,0,1,0,0
5ce356c4a7413e9e861e906e4831f248,1,50584,NCBIGene:72,ACTG2,62195,MEDGEN:C1608393,"Megacystis, microcolon, hypoperistalsis syndrome",0,0,0,0,0,0,0,1,2,0,71,80,1,1,0,0,0,1,0,0
5dcfe0f9933bd7db1c482ab4ff29910a,1,50627,NCBIGene:196,AHR,61019,ORPHA:791,ORPHA:791,0,0,0,0,0,0,0,1,2,0,57,62,1,1,0,0,0,88,0,0
5e0ca0d43dbe36a34afd15ffc25e5bc2,1,50597,NCBIGene:107,ADCY1,62203,,"Nonsyndromic Hearing Loss and Deafness, Autosomal Recessive",0,0,0,0,0,0,0,1,2,0,2,8,1,1,0,0,0,50,0,0
5ebd4a6ca0e754872dec6cb187f02526,1,50642,NCBIGene:238,ALK,60315,ORPHA:178342,ORPHA:178342,0,0,0,0,0,0,0,1,2,0,71,83,1,1,0,0,0,6,0,0
5fa9c4272e9de159e8c2d4b22600c8ee,1,50589,NCBIGene:91,ACVR1B,62198,MEDGEN:C0235974,Carcinoma of pancreas,0,0,0,0,0,0,0,1,2,0,5,8,1,1,0,0,0,5,0,0
6048b508710179300e9181421ec15967,1,50642,NCBIGene:238,ALK,61393,ORPHA:251877,ORPHA:251877,0,0,0,0,0,0,0,1,2,0,71,83,1,1,0,0,0,1,0,0
605ac2a544b4c7949e16d060cc1c9b40,1,50610,NCBIGene:153,ADRB1,59919,OMIM:607276,OMIM:607276,0,0,0,0,0,0,0,1,2,0,2,6,1,1,0,0,0,2,0,0
605ac2a544b4c7949e16d060cc1c9b40,1,50610,NCBIGene:153,ADRB1,59919,OMIM:607276,OMIM:607276,0,0,0,0,0,0,0,1,2,0,2,6,1,1,0,0,0,2,0,0
659cfee1f950f5b647c3e540bcf0568e,1,50648,NCBIGene:258,AMBN,61308,ORPHA:100031,ORPHA:100031,0,0,0,0,0,0,0,1,2,0,6,13,1,1,0,0,0,6,0,0
6a08fc57d126673da84d65840a46d15b,1,50593,NCBIGene:100,ADA,61324,ORPHA:39041,ORPHA:39041,0,0,0,0,0,0,0,1,2,0,90,95,1,1,0,0,0,10,0,0
6a3f0ea03821cb081d95aa8a4c351a66,1,50567,NCBIGene:25,ABL1,61454,ORPHA:643503,ORPHA:643503,0,0,0,0,0,0,0,1,2,0,62,70,1,1,0,0,0,1,0,0
6fa939756d936f36cd5fd7247155ca19,1,50611,NCBIGene:155,ADRB3,62206,MEDGEN:C0028754,Obesity,0,0,0,0,0,0,0,1,2,0,6,9,1,1,0,0,0,10,0,0
71022332fb71cacb9c5dfb7c6b6c5910,1,50620,NCBIGene:181,AGRP,62206,MEDGEN:C0028754,Obesity,0,0,0,0,0,0,0,1,2,0,6,9,1,1,0,0,0,10,0,0
7341bc3635f3dcf0f861c94655268d35,1,50579,NCBIGene:58,ACTA1,62033,MEDGEN:C0546264,Congenital myopathy with fiber type disproportion,0,0,0,0,0,0,0,1,2,0,378,398,1,1,0,0,0,6,0,0
7df3ffa0dcde405e16ee41f4e4121269,1,50622,NCBIGene:183,AGT,17609,MONDO:0017609,renal tubular dysgenesis,0,0,0,0,0,0,0,1,2,0,11,15,3,1,6,0,0,7,1,0
81f1ec3f40a5eb3283331cfcdcbcc8d4,1,50566,NCBIGene:24,ABCA4,61019,ORPHA:791,ORPHA:791,0,0,0,0,0,0,0,1,2,0,93,109,1,1,0,0,0,88,0,0
83106587763307c83f69a97acfcfd5d6,1,50602,NCBIGene:120,ADD3,60201,ORPHA:210141,ORPHA:210141,0,0,0,0,0,0,0,1,2,0,20,23,1,1,0,0,0,3,0,0
88b9c21e56f6a51469b3917f4906ccef,1,50583,NCBIGene:71,ACTG1,61110,ORPHA:98942,ORPHA:98942,0,0,0,0,0,0,0,1,2,0,93,105,1,1,0,0,0,5,0,0
89aa7066dcf299c4966952cd48f162b0,1,50621,NCBIGene:182,JAG1,60457,ORPHA:261619,ORPHA:261619,0,0,0,0,0,0,0,1,2,0,120,132,1,1,0,0,0,1,0,0
8a2163b8a232aaa08d7a16e88489a6ad,1,50582,NCBIGene:70,ACTC1,4994,MONDO:0004994,cardiomyopathy,0,0,0,0,0,0,0,1,2,0,88,105,3,1,16,0,0,113,2,7
8a2163b8a232aaa08d7a16e88489a6ad,1,50582,NCBIGene:70,ACTC1,4994,MONDO:0004994,cardiomyopathy,0,0,0,0,0,0,0,1,2,0,88,105,3,1,16,0,0,113,2,7
8bf6572f0f32df687a82665845aa02bb,1,50646,NCBIGene:249,ALPL,7798,MONDO:0007798,obsolete adult hypophosphatasia,0,0,0,0,0,0,0,1,2,0,76,92,1,1,0,0,0,2,0,0
8bf6572f0f32df687a82665845aa02bb,1,50646,NCBIGene:249,ALPL,7798,MONDO:0007798,obsolete adult hypophosphatasia,0,0,0,0,0,0,0,1,2,0,76,92,1,1,0,0,0,2,0,0
8c3bb34da3cbd29f2aa25cd92e8ad416,1,50587,NCBIGene:88,ACTN2,60632,ORPHA:708129,ORPHA:708129,0,0,0,0,0,0,0,1,2,0,63,77,1,1,0,0,0,1,0,0
8cd99ce0aa037e7927bf9684c18a0744,1,50578,NCBIGene:54,ACP5,21729,MONDO:0022800,type 2 collagenopathy,0,0,0,0,0,0,0,1,2,0,108,114,7,1,7,0,0,21,4,0
8d9c7a307c76f291198e4de42a0a3793,1,50594,NCBIGene:102,ADAM10,60288,ORPHA:178307,ORPHA:178307,0,0,0,0,0,0,0,1,2,0,5,10,1,1,0,0,0,1,0,0
8f7af4c6c6f7b3977a1e11d8b46abe71,1,50585,NCBIGene:81,ACTN4,5363,MONDO:0005363,inherited focal segmental glomerulosclerosis,0,0,0,0,0,0,0,1,2,0,32,40,1,1,4,0,0,18,2,0
8fe5c5658dc2d711649ab4e009366b38,1,50642,NCBIGene:238,ALK,60516,ORPHA:146,ORPHA:146,0,0,0,0,0,0,0,1,2,0,71,83,1,1,0,0,0,29,0,0
8ff32f8fb156dc1f9bb0f5a1cf4e9589,1,50623,NCBIGene:185,AGTR1,60365,ORPHA:97369,ORPHA:97369,0,0,0,0,0,0,0,1,2,0,15,22,1,1,0,0,0,4,0,0
93b6ac0ad68fa0c140cf484ec0df0706,1,50560,NCBIGene:16,AARS1,60541,ORPHA:228174,ORPHA:228174,0,0,0,0,0,0,0,1,2,0,220,234,1,1,0,0,0,1,0,0
93ce9c17f5e8ab80cecef2138d00bcbf,1,50585,NCBIGene:81,ACTN4,62197,,"Hereditary Nephrotic Syndromes, Autosomal Dominant",0,0,0,0,0,0,0,1,2,0,32,40,1,1,0,0,0,11,0,0
93e51f26167212e6853a16933d538f72,1,50585,NCBIGene:81,ACTN4,19006,MONDO:0019006,familial idiopathic steroid-resistant nephrotic syndrome,0,0,0,0,0,0,0,1,2,0,32,40,2,1,6,0,0,27,3,0
94bdd4fa1f040156f8755ff197b73e8e,1,50580,NCBIGene:59,ACTA2,62193,MEDGEN:C0026654,Moyamoya disease,0,0,0,0,0,0,0,1,2,0,82,95,1,1,0,0,0,10,0,0
94bdd4fa1f040156f8755ff197b73e8e,1,50580,NCBIGene:59,ACTA2,62193,MEDGEN:C0026654,Moyamoya disease,0,0,0,0,0,0,0,1,2,0,82,95,1,1,0,0,0,10,0,0
94dae3b484329d6fb1dff3e5108c4eac,1,50566,NCBIGene:24,ABCA4,62187,MEDGEN:C0271093,Stargardt disease,0,0,0,0,0,0,0,1,2,0,93,109,1,1,0,0,0,6,0,0
94dae3b484329d6fb1dff3e5108c4eac,1,50566,NCBIGene:24,ABCA4,62187,MEDGEN:C0271093,Stargardt disease,0,0,0,0,0,0,0,1,2,0,93,109,1,1,0,0,0,6,0,0
97cbf1322070337f6f8185078f030d95,1,50571,NCBIGene:36,ACADSB,61746,ORPHA:79157,ORPHA:79157,0,0,0,0,0,0,0,1,2,0,24,27,1,1,0,0,0,1,0,0
98300bdbf77b7393b35ac9881d030642,1,50646,NCBIGene:249,ALPL,9428,MONDO:0009428,obsolete childhood hypophosphatasia,0,0,0,0,0,0,0,1,2,0,76,92,1,1,0,0,0,2,0,0
98300bdbf77b7393b35ac9881d030642,1,50646,NCBIGene:249,ALPL,9428,MONDO:0009428,obsolete childhood hypophosphatasia,0,0,0,0,0,0,0,1,2,0,76,92,1,1,0,0,0,2,0,0
98ea32239c8d0e80ef5efcf6d6ae3db1,1,50577,NCBIGene:51,ACOX1,61505,ORPHA:2971,ORPHA:2971,0,0,0,0,0,0,0,1,2,0,81,87,1,1,0,0,0,1,0,0
9c319cff4258c05f9c243ea3282f45aa,1,50587,NCBIGene:88,ACTN2,62034,MEDGEN:C0949658,Primary familial hypertrophic cardiomyopathy,0,0,0,0,0,0,0,1,2,0,63,77,1,1,0,0,0,22,0,0
9c5c09cc5c619ccac923eeca168d8d72,1,50573,NCBIGene:38,ACAT1,24686,MONDO:0045022,disorder of organic acid metabolism,0,0,0,0,0,0,0,1,2,0,49,53,5,1,5,0,0,38,1,0
9ce0cbb1e18452ca9892eb60edeb5983,1,50646,NCBIGene:249,ALPL,61725,ORPHA:247651,ORPHA:247651,0,0,0,0,0,0,0,1,2,0,76,92,1,1,0,0,0,1,0,0
9d48d9c397a04c10126514e2918a1e1e,1,50560,NCBIGene:16,AARS1,62028,MEDGEN:C0007959,Charcot-Marie-Tooth disease,0,0,0,0,0,0,0,1,2,0,220,234,1,1,0,0,0,134,0,0
9d48d9c397a04c10126514e2918a1e1e,1,50560,NCBIGene:16,AARS1,62028,MEDGEN:C0007959,Charcot-Marie-Tooth disease,0,0,0,0,0,0,0,1,2,0,220,234,1,1,0,0,0,134,0,0
a0ce787349dee343c7c4b95d872c6dac,1,50622,NCBIGene:183,AGT,60365,ORPHA:97369,ORPHA:97369,0,0,0,0,0,0,0,1,2,0,11,15,1,1,0,0,0,4,0,0
a0e48ba15e80d6330c21710945cb2c37,1,50618,NCBIGene:176,ACAN,60748,ORPHA:251262,ORPHA:251262,0,0,0,0,0,0,0,1,2,0,75,85,1,1,0,0,0,1,0,0
a2132855e5f2f71766c8df654bed139c,1,50569,NCBIGene:34,ACADM,62191,MEDGEN:C0268634,Disorder of fatty acid metabolism,0,0,0,0,0,0,0,1,2,0,56,60,1,1,0,0,0,11,0,0
a3001a652e158b65dd5ae7b08c2f000f,1,50595,NCBIGene:103,ADAR,62202,MEDGEN:C0393591,Aicardi Goutieres syndrome,0,0,0,0,0,0,0,1,2,0,141,150,1,1,0,0,0,6,0,0
a31579151b8d3f75c6ede5a260d78868,1,50580,NCBIGene:59,ACTA2,19625,MONDO:0019625,familial thoracic aortic aneurysm and aortic dissection,0,0,0,0,0,0,0,1,2,0,82,95,12,1,8,0,0,33,2,0
a31579151b8d3f75c6ede5a260d78868,1,50580,NCBIGene:59,ACTA2,19625,MONDO:0019625,familial thoracic aortic aneurysm and aortic dissection,0,0,0,0,0,0,0,1,2,0,82,95,12,1,8,0,0,33,2,0
a4e1b69a71da61406872d501a4f70389,1,50646,NCBIGene:249,ALPL,61700,ORPHA:247685,ORPHA:247685,0,0,0,0,0,0,0,1,2,0,76,92,1,1,0,0,0,1,0,0
a8fdc182a5b1005488ed27faa0a056cb,1,50646,NCBIGene:249,ALPL,61717,ORPHA:247667,ORPHA:247667,0,0,0,0,0,0,0,1,2,0,76,92,1,1,0,0,0,1,0,0
a9cf378f901c86570f4526bee76739ec,1,50617,NCBIGene:175,AGA,60161,ORPHA:93,ORPHA:93,0,0,0,0,0,0,0,1,2,0,91,95,1,1,0,0,0,1,0,0
ab0a2a8835e7d44042512bc562d59f70,1,50583,NCBIGene:71,ACTG1,19587,MONDO:0019587,autosomal dominant nonsyndromic hearing loss,0,0,0,0,0,0,0,1,2,0,93,105,19,1,6,0,0,105,2,0
ae8b48683082013cceec59a5b0b74fc9,1,50580,NCBIGene:59,ACTA2,60977,ORPHA:404463,ORPHA:404463,0,0,0,0,0,0,0,1,2,0,82,95,1,1,0,0,0,1,0,0
afdc55b716c16c172621a4d5b569c4e6,1,50577,NCBIGene:51,ACOX1,60006,ORPHA:631248,ORPHA:631248,0,0,0,0,0,0,0,1,2,0,81,87,1,1,0,0,0,1,0,0
b411a3323ce893706537991d7fb88fb2,1,50591,NCBIGene:94,ACVRL1,60405,ORPHA:275777,ORPHA:275777,0,0,0,0,0,0,0,1,2,0,75,80,1,1,0,0,0,11,0,0
b45963c11ca7194e1d01a6c70c318497,1,50579,NCBIGene:58,ACTA1,61227,ORPHA:98904,ORPHA:98904,0,0,0,0,0,0,0,1,2,0,378,398,1,1,0,0,0,1,0,0
b5a6a20b22db67d633e090f1297c2668,1,50642,NCBIGene:238,ALK,13083,MONDO:0013083,"neuroblastoma, susceptibility to, 3",0,0,0,0,0,0,0,1,2,0,71,83,7,1,4,0,0,2,1,0
b5a6a20b22db67d633e090f1297c2668,1,50642,NCBIGene:238,ALK,13083,MONDO:0013083,"neuroblastoma, susceptibility to, 3",0,0,0,0,0,0,0,1,2,0,71,83,7,1,4,0,0,2,1,0
b5e39cb2b69f4d4b28f2be0ca9ed6d6d,1,50579,NCBIGene:58,ACTA1,60132,ORPHA:447977,ORPHA:447977,0,0,0,0,0,0,0,1,2,0,378,398,1,1,0,0,0,1,0,0
b6c2ae2eedd16738a5278e284eb83836,1,50597,NCBIGene:107,ADCY1,19497,MONDO:0019497,nonsyndromic genetic hearing loss,0,0,0,0,0,0,0,1,2,0,2,8,9,1,6,0,0,82,3,0
b9a6f7e86f1c8c3592c19e9421b13da3,1,50631,NCBIGene:207,AKT1,20958,MONDO:0021100,breast neoplasm,0,0,0,0,0,0,0,1,2,0,305,325,12,1,8,0,0,39,2,1
bd736b26129fd0b5943c282586f13577,1,50621,NCBIGene:182,JAG1,60467,ORPHA:261600,ORPHA:261600,0,0,0,0,0,0,0,1,2,0,120,132,1,1,0,0,0,1,0,0
bd8bc86d86a82c0e14564e4dcf0021cb,1,50594,NCBIGene:102,ADAM10,14265,MONDO:0014265,Alzheimer disease 18,0,0,0,0,0,0,0,1,2,0,5,10,10,1,5,0,0,2,3,0
bd8bc86d86a82c0e14564e4dcf0021cb,1,50594,NCBIGene:102,ADAM10,14265,MONDO:0014265,Alzheimer disease 18,0,0,0,0,0,0,0,1,2,0,5,10,10,1,5,0,0,2,3,0
bf4d6769912674543e8ba907e0e8723c,1,50572,NCBIGene:37,ACADVL,62191,MEDGEN:C0268634,Disorder of fatty acid metabolism,0,0,0,0,0,0,0,1,2,0,72,76,1,1,0,0,0,11,0,0
c2841672750e88ac5be277cbc594a395,1,50624,NCBIGene:189,AGXT,25220,MONDO:0100278,alanine glyoxylate aminotransferase deficiency,0,0,0,0,0,0,0,1,2,0,49,54,4,1,1,0,0,2,1,0
c3942e43c5807538da023316a3297ced,1,50595,NCBIGene:103,ADAR,61149,ORPHA:694356,ORPHA:694356,0,0,0,0,0,0,0,1,2,0,141,150,1,1,0,0,0,1,0,0
c84cad5247453e7ed619cfd90bb6413f,1,50614,NCBIGene:164,AP1G1,61568,ORPHA:528084,ORPHA:528084,0,0,0,0,0,0,0,1,2,0,49,54,1,1,0,0,0,114,0,0
ce470c1e0bbd74f3a8b84f31adba67a5,1,50634,NCBIGene:212,ALAS2,61031,ORPHA:443197,ORPHA:443197,0,0,0,0,0,0,0,1,2,0,25,31,1,1,0,0,0,1,0,0
cfc3d29bc0433db8398b06d1c6c6e36d,1,50579,NCBIGene:58,ACTA1,62192,MEDGEN:C0206157,Nemaline myopathy,0,0,0,0,0,0,0,1,2,0,378,398,1,1,0,0,0,16,0,0
cfc3d29bc0433db8398b06d1c6c6e36d,1,50579,NCBIGene:58,ACTA1,62192,MEDGEN:C0206157,Nemaline myopathy,0,0,0,0,0,0,0,1,2,0,378,398,1,1,0,0,0,16,0,0
d023f8c25cd64734ef7e5c3563a9adb7,1,50644,NCBIGene:241,ALOX5AP,30571,MONDO:1060198,ischemic stroke,0,0,0,0,0,0,0,1,2,0,3,6,2,1,0,0,0,11,1,0
d023f8c25cd64734ef7e5c3563a9adb7,1,50644,NCBIGene:241,ALOX5AP,30571,MONDO:1060198,ischemic stroke,0,0,0,0,0,0,0,1,2,0,3,6,2,1,0,0,0,11,1,0
d0b3ec987fdb13f5cfdc484015ab11d5,1,50642,NCBIGene:238,ALK,5072,MONDO:0005072,neuroblastoma,0,0,0,0,0,0,0,1,2,0,71,83,6,1,14,0,0,25,2,12
d0b3ec987fdb13f5cfdc484015ab11d5,1,50642,NCBIGene:238,ALK,5072,MONDO:0005072,neuroblastoma,0,0,0,0,0,0,0,1,2,0,71,83,6,1,14,0,0,25,2,12
d344b5465dfdd3c43ac7cc5567389d0a,1,50567,NCBIGene:25,ABL1,60653,ORPHA:585909,ORPHA:585909,0,0,0,0,0,0,0,1,2,0,62,70,1,1,0,0,0,7,0,0
d5f511a7cd6d1de56220c56f860afc8d,1,50645,NCBIGene:242,ALOX12B,62055,MEDGEN:C0020758,Congenital ichthyosis of skin,0,0,0,0,0,0,0,1,2,0,60,66,1,1,0,0,0,11,0,0
d6d0b7986db9883e80f3cf811b7208b5,1,50581,NCBIGene:60,ACTB,61134,ORPHA:64755,ORPHA:64755,0,0,0,0,0,0,0,1,2,0,217,233,1,1,0,0,0,1,0,0
d705162b40d2c84e182edc023713a8f5,1,50619,NCBIGene:178,AGL,62207,MEDGEN:C0017919,Glycogen storage disease,0,0,0,0,0,0,0,1,2,0,28,32,1,1,0,0,0,17,0,0
d8554a4a9e38befcdeb443aac0a2e79d,1,50648,NCBIGene:258,AMBN,15047,MONDO:0015047,amelogenesis imperfecta type 1,0,0,0,0,0,0,0,1,2,0,6,13,2,1,6,0,0,10,1,0
d8c75ca2ed9e68f886db188811ecd988,1,50646,NCBIGene:249,ALPL,9427,MONDO:0009427,obsolete infantile hypophosphatasia,0,0,0,0,0,0,0,1,2,0,76,92,1,1,0,0,0,2,0,0
d8c75ca2ed9e68f886db188811ecd988,1,50646,NCBIGene:249,ALPL,9427,MONDO:0009427,obsolete infantile hypophosphatasia,0,0,0,0,0,0,0,1,2,0,76,92,1,1,0,0,0,2,0,0
da5b2a14a99f6fffff159b9c045d5806,1,50593,NCBIGene:100,ADA,62199,MEDGEN:C0085110,Severe combined immunodeficiency disease,0,0,0,0,0,0,0,1,2,0,90,95,1,1,0,0,0,2,0,0
e446c6e7fa21fe4f68726b19e2b018df,1,50583,NCBIGene:71,ACTG1,62194,MEDGEN:C1853623,Baraitser-Winter syndrome,0,0,0,0,0,0,0,1,2,0,93,105,1,1,0,0,0,2,0,0
e51b41c03bff52c483eb0b81cddc991e,1,50631,NCBIGene:207,AKT1,17623,MONDO:0017623,PTEN hamartoma tumor syndrome,0,0,0,0,0,0,0,1,2,0,305,325,4,1,8,0,0,6,3,0
e809fb9b742cf740cacf6cee5f199ce0,1,50646,NCBIGene:249,ALPL,61709,ORPHA:247676,ORPHA:247676,0,0,0,0,0,0,0,1,2,0,76,92,1,1,0,0,0,1,0,0
e9051c1efc865f9a54156ca34b4b44a4,1,50582,NCBIGene:70,ACTC1,60297,ORPHA:54260,ORPHA:54260,0,0,0,0,0,0,0,1,2,0,88,105,1,1,0,0,0,15,0,0
e9088de0c362c88d4d8a1b0987a5e28a,1,50587,NCBIGene:88,ACTN2,62190,MEDGEN:C0340427,Primary familial dilated cardiomyopathy,0,0,0,0,0,0,0,1,2,0,63,77,1,1,0,0,0,31,0,0
eb8de2fb3ca4592517baf94db2894e5f,1,50597,NCBIGene:107,ADCY1,60094,ORPHA:90636,ORPHA:90636,0,0,0,0,0,0,0,1,2,0,2,8,1,1,0,0,0,74,0,0
ebe981f13c4378d7638866b1e2fad7e9,1,50592,NCBIGene:95,ACY1,60383,ORPHA:137754,ORPHA:137754,0,0,0,0,0,0,0,1,2,0,33,36,1,1,0,0,0,1,0,0
ee6affa185b0d72e3d9ee6b4985a5cff,1,50587,NCBIGene:88,ACTN2,4994,MONDO:0004994,cardiomyopathy,0,0,0,0,0,0,0,1,2,0,63,77,3,1,16,0,0,113,2,7
ee6affa185b0d72e3d9ee6b4985a5cff,1,50587,NCBIGene:88,ACTN2,4994,MONDO:0004994,cardiomyopathy,0,0,0,0,0,0,0,1,2,0,63,77,3,1,16,0,0,113,2,7
ef3399095d601c1125dcc84cb6d20e62,1,50581,NCBIGene:60,ACTB,61404,ORPHA:674653,ORPHA:674653,0,0,0,0,0,0,0,1,2,0,217,233,1,1,0,0,0,1,0,0
f1a97a6da21ef1c666e03dd930522e32,1,50621,NCBIGene:182,JAG1,62324,MEDGEN:C0085280,Arteriohepatic dysplasia,0,0,0,0,0,0,0,1,2,0,120,132,1,1,0,0,0,2,0,0
f877c9cab16912d19a7ae16f1946bb43,1,50576,NCBIGene:50,ACO2,60801,ORPHA:313850,ORPHA:313850,0,0,0,0,0,0,0,1,2,0,34,40,1,1,0,0,0,1,0,0
fb6f10001ecd78e81c3c2d4cee60f0e0,1,50583,NCBIGene:71,ACTG1,19497,MONDO:0019497,nonsyndromic genetic hearing loss,0,0,0,0,0,0,0,1,2,0,93,105,9,1,6,0,0,82,3,0
fbded426fc949edf1768cbec738d9d55,1,50646,NCBIGene:249,ALPL,61741,ORPHA:247638,ORPHA:247638,0,0,0,0,0,0,0,1,2,0,76,92,1,1,0,0,0,1,0,0
fbfa7afc84b5f9df954b9137fbb48c3f,1,50608,NCBIGene:150,ADRA2A,20088,MONDO:0020088,familial partial lipodystrophy,0,0,0,0,0,0,0,1,2,0,14,17,6,1,12,0,0,19,3,1
ffcc2f74bec97291a8d920a04e6ff956,1,50642,NCBIGene:238,ALK,61618,ORPHA:300895,ORPHA:300895,0,0,0,0,0,0,0,1,2,0,71,83,1,1,0,0,0,1,0,0
95d7826a4fbb6b102c0a2f6456ae51fc,0,53783,NCBIGene:23135,KDM6B,23348,MONDO:0032790,neurodevelopmental disorder with coarse facies and mild distal skeletal abnormalities,5,3.25,233,7.703207782184568,0.9957264957264957,1,0.9957264957264957,1,2,0,233,235,3,1,4,234,0,2,235,0
9c3d44770189beca4f5436870837a90b,0,54012,NCBIGene:26834,RNU4-2,27326,MONDO:0971172,"neurodevelopmental disorder with hypotonia, brain anomalies, distinctive facies, and absent language",5,3.3333333333333335,211,8.615920315366267,1,1,1,1,2,0,211,214,7,1,6,211,0,2,212,0
55bdca2c508cd115a09dc048205e78af,0,52944,NCBIGene:7543,ZFX,27173,MONDO:0958322,"intellectual developmental disorder, X-linked, syndromic 37",5,2.033333333333333,201,5.207510204905297,1,1,1,1,2,0,201,203,1,1,3,201,0,2,202,0
050bebf2ddd8b18d5f5e50a6956f1394,0,53422,NCBIGene:10025,MED16,27480,MONDO:0979227,Guillouet-Gordon syndrome,5,3.3333333333333335,196,6.9733353541666085,1,1,1,1,2,0,196,198,1,1,3,196,0,2,198,0
432f94d519c57db90b5c71955ef872cc,0,51942,NCBIGene:4358,MPV17,9747,MONDO:0009747,mitochondrial DNA depletion syndrome 6 (hepatocerebral type),5,1.9166666666666667,190,6.015899310849487,0.9047619047619048,0.9047619047619048,1,1,2,0,210,222,9,1,7,190,0,2,191,0
b267c70d55bde11dd0537bad7096e9ee,0,52669,NCBIGene:6711,SPTBN1,26555,MONDO:0859178,"developmental delay, impaired speech, and behavioral abnormalities",5,2.5,188,6.521976095606064,1,1,1,1,2,0,188,191,1,1,3,188,0,2,189,0
01f71182f4ffa5acb6f6c42604da0e0c,0,51514,NCBIGene:2969,GTF2I,57633,ORPHA:904,Williams syndrome,5,2.3666666666666667,186,6.315643404822277,1,1,1,1,2,0,186,187,1,1,0,186,0,18,186,0
2093f518a958cbffff846dec8fd5d938,0,53317,NCBIGene:9569,GTF2IRD1,57633,ORPHA:904,Williams syndrome,5,2.3666666666666667,186,6.315643404822277,1,1,1,1,2,0,186,187,1,1,0,186,0,18,186,0
356aa854d45cf96a96f840995219b7cd,0,55053,NCBIGene:84163,GTF2IRD2,57633,ORPHA:904,Williams syndrome,5,2.3666666666666667,186,6.315643404822277,1,1,1,1,2,0,186,187,1,1,0,186,0,18,186,0
3bac9981abdf09782e7dd45810ec361c,0,53188,NCBIGene:9031,BAZ1B,57633,ORPHA:904,Williams syndrome,5,2.3666666666666667,186,6.315643404822277,1,1,1,1,2,0,186,187,1,1,0,186,0,18,186,0
5f0a9cab87f2276969986b62405787ca,0,52449,NCBIGene:5982,RFC2,57633,ORPHA:904,Williams syndrome,5,2.3666666666666667,186,6.315643404822277,1,1,1,1,2,0,186,187,1,1,0,186,0,18,186,0
7ee535c03ec0177c8e51c0a3a11d5713,0,55263,NCBIGene:114049,BUD23,57633,ORPHA:904,Williams syndrome,5,2.3666666666666667,186,6.315643404822277,1,1,1,1,2,0,186,187,1,1,0,186,0,18,186,0
82798fea4e04ffd5a033a473d45d7e16,0,52915,NCBIGene:7461,CLIP2,57633,ORPHA:904,Williams syndrome,5,2.3666666666666667,186,6.315643404822277,1,1,1,1,2,0,186,187,1,1,0,186,0,18,186,0
97f095685514f0caa67973715d2289a1,0,54008,NCBIGene:26608,TBL2,57633,ORPHA:904,Williams syndrome,5,2.3666666666666667,186,6.315643404822277,1,1,1,1,2,0,186,187,1,1,0,186,0,18,186,0
a5b82f9a6304d20dcb562cf4d6df0400,0,51826,NCBIGene:3984,LIMK1,57633,ORPHA:904,Williams syndrome,5,2.3666666666666667,186,6.315643404822277,1,1,1,1,2,0,186,187,1,1,0,186,0,18,186,0
abf1bc395b6c1df04a205ff0c2f3687e,0,55458,NCBIGene:155368,METTL27,57633,ORPHA:904,Williams syndrome,5,2.3666666666666667,186,6.315643404822277,1,1,1,1,2,0,186,187,1,1,0,186,0,18,186,0
be80b13a359d8781810ee381562812e1,0,52914,NCBIGene:7458,EIF4H,57633,ORPHA:904,Williams syndrome,5,2.3666666666666667,186,6.315643404822277,1,1,1,1,2,0,186,187,1,1,0,186,0,18,186,0
c0c8116ebc62cf7e6375c317e53e3696,0,55374,NCBIGene:135886,TMEM270,57633,ORPHA:904,Williams syndrome,5,2.3666666666666667,186,6.315643404822277,1,1,1,1,2,0,186,187,1,1,0,186,0,18,186,0
e681b44933f2fd9ecb5a219b23d5281a,0,55459,NCBIGene:155382,VPS37D,57633,ORPHA:904,Williams syndrome,5,2.3666666666666667,186,6.315643404822277,1,1,1,1,2,0,186,187,1,1,0,186,0,18,186,0
88c4a9b4c849e3415a20085ea90d00f6,0,54013,NCBIGene:26855,RNU2-2,30554,MONDO:1060177,developmental and epileptic encephalopathy 119,5,1.75,183,4.887076901662324,1,1,1,1,2,0,183,185,5,1,2,183,0,2,184,0
d603e5cdc143f1c966586d7af0b1eb4e,0,52999,NCBIGene:8085,KMT2D,7843,MONDO:0007843,Kabuki syndrome 1,5,2.5833333333333335,183,6.69761424874351,0.5184135977337111,0.5228571428571429,0.9838709677419355,1,2,0,350,356,8,1,2,186,0,6,187,2
2dd59f80341bcaddb27f59287143823e,0,54655,NCBIGene:57554,LRRC7,27608,MONDO:0980748,"intellectual developmental disorder, autosomal dominant 77",5,1.95,160,4.3436609923428415,1,1,1,1,2,0,160,162,1,1,1,160,0,2,161,0
6cdda7a61c81d09a1fe82449ab6bd7fc,0,53641,NCBIGene:11005,SPINK5,9735,MONDO:0009735,Netherton syndrome,5,5,159,22.30182371502538,0.775609756097561,0.8736263736263736,0.8736263736263736,1,2,0,182,185,10,1,16,182,0,2,187,0
7b60e752dbf2fb8e1a62687e59bf4bff,0,53386,NCBIGene:9896,FIG4,8995,MONDO:0008995,Yunis-Varon syndrome,5,4,156,14.936041839276143,0.43454038997214484,0.49523809523809526,0.78,1,2,0,315,333,8,1,9,200,0,2,202,0
5c726c8074f2e40a50e3e7303a041e4c,0,51721,NCBIGene:3710,ITPR3,27560,MONDO:0979570,immunodeficiency 133 with ectodermal dysplasia with or without peripheral neuropathy,5,3.5,151,10.230451455195299,0.9207317073170732,0.9207317073170732,1,1,2,0,164,168,1,1,4,151,0,2,152,0
a1bc64cf117845103b5378464ccc4a36,0,54330,NCBIGene:54676,GTPBP2,24913,MONDO:0060711,Jaberi-Elahi syndrome,5,2.4,139,4.36921249902397,1,1,1,1,2,0,139,141,3,1,3,139,0,2,141,0
671d56f0c0caf0afe5ea35825cd0b116,0,54785,NCBIGene:64840,PORCN,10592,MONDO:0010592,focal dermal hypoplasia,5,2.6666666666666665,136,6.797409477927276,0.7555555555555555,0.8607594936708861,0.8607594936708861,1,2,0,158,164,9,1,12,158,0,2,160,0
8c001af3d7e46a0d9c4ca9062ca3d78e,0,53447,NCBIGene:10116,FEM1B,27498,MONDO:0979245,"neurodevelopmental disorder with behavioral, ear, and skeletal abnormalities",5,3.3333333333333335,136,5.222220302830656,1,1,1,1,2,0,136,138,1,1,3,136,0,2,137,0
5715687cf5c6394a0e5286bdb3cfa002,0,54420,NCBIGene:55167,MSL2,27372,MONDO:0975836,Karayol-Borroto-Haghshenas neurodevelopmental syndrome,5,2.1166666666666667,125,3.746030974138742,1,1,1,1,2,0,125,128,1,1,3,125,0,2,127,0
637f2be90d46d759c8748415fe46b0ad,0,55702,NCBIGene:374879,ZNF699,26558,MONDO:0859181,DEGCAGS syndrome,5,1.75,125,4.3499108471494194,1,1,1,1,2,0,125,128,1,1,3,125,0,2,126,0
a36927188cca6f873dfc34b8e672ef0a,0,55717,NCBIGene:388015,RTL1,58116,ORPHA:96334,Kagami-Ogata syndrome due to paternal uniparental disomy of chromosome 14,5,2,120,6.225355888343816,0.4580152671755725,0.4580152671755725,1,1,2,0,262,268,1,1,0,120,0,3,120,0
e00a7b180c483c1238e722b0f0b9afbd,0,53131,NCBIGene:8788,DLK1,58116,ORPHA:96334,Kagami-Ogata syndrome due to paternal uniparental disomy of chromosome 14,5,2,120,6.225355888343816,0.4580152671755725,0.4580152671755725,1,1,2,0,262,270,1,1,0,120,0,3,120,0
f1ffb6320053829ff2ed4fbed85ea5bd,0,54459,NCBIGene:55384,MEG3,58116,ORPHA:96334,Kagami-Ogata syndrome due to paternal uniparental disomy of chromosome 14,5,2,120,6.225355888343816,0.4580152671755725,0.4580152671755725,1,1,2,0,262,268,1,1,0,120,0,3,120,0
f7ca70ef48a8890571dd8885cdf21b4c,0,52968,NCBIGene:7840,ALMS1,56267,ORPHA:64,Alström syndrome,5,4,117,8.044368942183967,0.6763005780346821,0.6763005780346821,1,1,2,0,173,176,1,1,0,117,0,1,117,0
1f980dd9b0548447545cea10dd48f0c8,0,52318,NCBIGene:5527,PPP2R5C,27464,MONDO:0978293,Houge-Janssens syndrome 4,5,1.9761904761904763,116,3.2400511020968037,1,1,1,1,2,0,116,119,1,1,3,116,0,2,117,0
43fdb9f286ec7ee263f62f098a6d3576,0,53544,NCBIGene:10526,IPO8,26554,MONDO:0859177,VISS syndrome,5,4.5,116,8.076681410895473,0.7483870967741936,0.7581699346405228,0.9830508474576272,1,2,0,153,156,1,1,3,118,0,2,119,0
30fd290d1999f13b22820f8b55e9b2e6,0,52097,NCBIGene:4853,NOTCH2,7057,MONDO:0007057,acroosteolysis dominant type,5,5,115,7.494090275444738,0.5927835051546392,0.7012195121951219,0.7931034482758621,1,2,0,164,171,12,1,13,145,0,2,150,0
58136bfc7bffe5a357867ce3fcbc2d0b,0,51096,NCBIGene:1593,CYP27A1,8948,MONDO:0008948,cerebrotendinous xanthomatosis,5,4,115,9.217974665342604,0.7931034482758621,0.8846153846153846,0.8846153846153846,1,2,0,130,133,6,1,12,130,0,4,140,2
6736754c01a1d4d7a50c27cf5dab74ea,0,53658,NCBIGene:11117,EMILIN1,27333,MONDO:0971179,arterial tortuosity-bone fragility syndrome,5,2.9166666666666665,115,6.008782221231772,0.8455882352941176,0.8455882352941176,1,1,2,0,136,141,2,1,4,115,0,2,120,0
369a1a4753c9d4d8b9c2dd388b4d22ed,0,52495,NCBIGene:6197,RPS6KA3,10561,MONDO:0010561,Coffin-Lowry syndrome,5,2.5833333333333335,113,5.773465125487921,0.5231481481481481,0.6174863387978142,0.773972602739726,1,2,0,183,190,12,1,15,146,0,3,147,1
2191e4e1616007713232448e119cb9c4,0,55456,NCBIGene:154810,AMOTL1,27466,MONDO:0978295,craniofaciocardiohepatic syndrome,5,5,110,7.6323817465286234,1,1,1,1,2,0,110,113,1,1,3,110,0,2,112,0
843b8cee7b6b52abb0e9bcf718bbc23e,0,53618,NCBIGene:10847,SRCAP,7621,MONDO:0007621,Floating-Harbor syndrome,5,2.65,110,7.441409996547541,0.5188679245283019,0.6214689265536724,0.7586206896551724,1,2,0,177,183,7,1,12,145,0,2,147,0
06a0940284cf8dcdc44b5b94d6c9e52e,0,52299,NCBIGene:5447,POR,57182,ORPHA:95699,Congenital adrenal hyperplasia due to cytochrome P450 oxidoreductase deficiency,5,5,108,12.97925587910657,0.4954128440366973,0.4954128440366973,1,1,2,0,218,228,1,1,0,108,0,1,108,0
3f0308b7ddd1d3c4d54cd257f9f80c1b,0,54347,NCBIGene:54808,DYM,9130,MONDO:0009130,Dyggve-Melchior-Clausen disease,5,4,108,11.523683557305311,0.6428571428571429,0.6967741935483871,0.8925619834710744,1,2,0,155,163,8,1,10,121,3,3,126,0
9749e8f8c6beafc5fb01c9ddcb513d90,0,54916,NCBIGene:79989,IFT56,26568,MONDO:0859191,"biliary, renal, neurologic, and skeletal syndrome",5,3.033333333333333,107,5.334987548413499,1,1,1,1,2,0,107,109,1,1,3,107,0,2,108,0
e338356acdaf579158ff4cffb34616e7,0,54167,NCBIGene:51085,MLXIPL,8678,MONDO:0008678,Williams syndrome,5,1.8916666666666666,107,3.374884285189121,0.9385964912280702,1,0.9385964912280702,1,2,0,107,109,10,1,16,114,0,10,117,6
11f1c4dd233d29afcdf59ec87372380f,0,54371,NCBIGene:54914,FOCAD,26644,MONDO:0859273,"liver disease, severe congenital",5,4,105,7.076827313534085,1,1,1,1,2,0,105,107,1,1,3,105,0,2,107,0
7deba42ea91a74c79dc0fe3be30fc552,0,54640,NCBIGene:57492,ARID1B,7617,MONDO:0007617,Coffin-Siris syndrome 1,5,2.4523809523809526,105,3.9086581638724804,0.5198019801980198,0.5198019801980198,1,1,2,0,202,206,14,1,8,105,0,2,108,0
93308c4707537defefd8b4e4c95757fc,0,53937,NCBIGene:25885,POLR1A,14651,MONDO:0014651,acrofacial dysostosis Cincinnati type,5,3.8333333333333335,104,6.222290273467227,0.6666666666666666,0.6666666666666666,1,1,2,0,156,161,5,1,5,104,0,2,105,0
e47d231d6fe565e1e8a0019c4fbaede3,0,51923,NCBIGene:4297,KMT2A,11518,MONDO:0011518,Wiedemann-Steiner syndrome,5,2.0833333333333335,104,3.8005698913531947,0.6341463414634146,0.7761194029850746,0.7761194029850746,1,2,0,134,143,7,1,7,134,0,3,136,1
344af9b0ba612d3aa529d97552b7c591,0,53193,NCBIGene:9056,SLC7A7,9109,MONDO:0009109,lysinuric protein intolerance,5,2.75,100,6.748528381911289,0.7246376811594203,0.8403361344537815,0.8403361344537815,1,2,0,119,122,10,1,14,119,0,2,120,0
d2987846432f38201980ad32af7d3ae4,0,51309,NCBIGene:2239,GPC4,20602,MONDO:0020602,Simpson-Golabi-Behmel syndrome type 1,5,2.3666666666666667,100,4.949645567760936,0.4366812227074236,0.4366812227074236,1,1,2,0,229,239,13,1,5,100,0,3,102,0
c87dabc415dee3b7cb71f3d7b14a6a54,0,53772,NCBIGene:23096,IQSEC2,8434,MONDO:0008434,Smith-Magenis syndrome,5,5.5,97,7.318314216212032,0.41810344827586204,0.6830985915492958,0.5187165775401069,1,2,0,142,147,9,1,15,187,0,5,192,3
d69d8cacad73d71579f3c7649b69ea3e,0,54767,NCBIGene:64421,DCLRE1C,11338,MONDO:0011338,Omenn syndrome,5,3.5,97,8.750288541985958,0.5511363636363636,0.5950920245398773,0.8818181818181818,1,2,0,163,169,6,1,11,110,0,6,112,0
81c5c387195c621b9d0e1715b444483c,0,51916,NCBIGene:4281,MID1,10222,MONDO:0010222,X-linked Opitz G/BBB syndrome,5,2.1944444444444446,96,3.864038147262602,0.6956521739130435,0.8205128205128205,0.8205128205128205,1,2,0,117,121,18,1,6,117,0,2,119,0
865f88b165b2830d7a84f4dee498f91d,0,51312,NCBIGene:2245,FGD1,10589,MONDO:0010589,"Aarskog-Scott syndrome, X-linked",5,2.2916666666666665,94,3.758183524313284,0.6143790849673203,0.7768595041322314,0.746031746031746,1,2,0,121,126,22,1,10,126,0,2,129,0
129ee856260365d0e4a49871e499f14f,0,54290,NCBIGene:53834,FGFRL1,8684,MONDO:0008684,Wolf-Hirschhorn syndrome,5,2.2333333333333334,93,3.8624410423322524,0.48186528497409326,1,0.48186528497409326,1,2,0,93,95,18,1,16,193,0,13,196,1
6a694b2972fc67cbdc0cb60b51d7fbbd,0,50865,NCBIGene:875,CBS,9352,MONDO:0009352,classic homocystinuria,5,3.3095238095238093,93,5.193126317318104,0.6992481203007519,0.8230088495575221,0.8230088495575221,1,2,0,113,116,10,1,9,113,0,2,116,0
910d77082d0b0b90a2cd1beb86a77110,0,52917,NCBIGene:7467,-,8684,MONDO:0008684,Wolf-Hirschhorn syndrome,5,2.2333333333333334,93,3.8624410423322524,0.48186528497409326,1,0.48186528497409326,1,2,0,93,95,18,1,16,193,0,13,196,1
c7ce3966a51407ed8877c1542a4fa661,0,55191,NCBIGene:90952,ESAM,26877,MONDO:0957267,"neurodevelopmental disorder with intracranial hemorrhage, seizures, and spasticity",5,2.875,93,4.045265733589889,1,1,1,1,2,0,93,95,1,1,3,93,0,2,94,0
0846151985e0521c762c7755cff68ac5,0,55506,NCBIGene:197131,UBR1,9479,MONDO:0009479,Johanson-Blizzard syndrome,5,1.8666666666666667,92,3.942921473998454,0.7301587301587301,0.8440366972477065,0.8440366972477065,1,2,0,109,112,7,1,13,109,0,2,115,0
e0f38c962bc07a953e5baf30e65384be,0,54497,NCBIGene:55697,VAC14,8995,MONDO:0008995,Yunis-Varon syndrome,5,4,92,8.869306712388028,0.423963133640553,0.8440366972477065,0.46,1,2,0,109,113,8,1,9,200,0,2,202,0
1a7dca8223c06db80e6532d095a171c6,0,53019,NCBIGene:8233,ZRSR2,27364,MONDO:0975827,orofaciodigital syndrome 21,5,2.3333333333333335,91,5.903248177203319,1,1,1,1,2,0,91,93,1,1,4,91,0,2,92,0
3d0165d457f1db7282a1a9e1cf894b50,0,52733,NCBIGene:6897,TARS1,56576,ORPHA:33364,Trichothiodystrophy,5,2.7333333333333334,91,5.074505995723506,0.9285714285714286,0.9285714285714286,1,1,2,0,98,101,1,1,0,91,0,9,91,0
70cfa82a063f1d3e64040f2c7b19b5df,0,55377,NCBIGene:136647,MPLKIP,56576,ORPHA:33364,Trichothiodystrophy,5,2.7333333333333334,91,5.038915424675678,0.7459016393442623,0.7459016393442623,1,1,2,0,122,125,1,1,0,91,0,9,91,0
ca3877158e568fad36ae32c11c069091,0,50848,NCBIGene:833,CARS1,56576,ORPHA:33364,Trichothiodystrophy,5,2.7333333333333334,91,4.94165354484926,0.6453900709219859,0.6453900709219859,1,1,2,0,141,145,1,1,0,91,0,9,91,0
e1e6502200f9e29014fb5b4c40ae847a,0,54939,NCBIGene:80213,TM2D3,27586,MONDO:0980704,neurocardiorenal malformation syndrome,5,2.6444444444444444,91,3.845761168917272,1,1,1,1,2,0,91,94,1,1,1,91,0,2,92,0
26aca132bb525b4d90605b2ab1726132,0,53020,NCBIGene:8239,USP9X,57632,ORPHA:480880,X-linked female restricted facial dysmorphism-short stature-choanal atresia-intellectual disability,5,4,90,6.100049944832093,0.5421686746987951,0.5421686746987951,1,1,2,0,166,172,1,1,0,90,0,1,90,0
78035ac1889102fe043d48dbbeae3312,0,55501,NCBIGene:171558,PTCRA,27349,MONDO:0975761,"immunodeficiency 126, susceptibility to",5,3.1666666666666665,90,5.574618033111797,1,1,1,1,2,0,90,92,1,1,3,90,0,2,91,0
175fdec5f6366f7ec5aacb784d1f123b,0,52912,NCBIGene:7454,WAS,10518,MONDO:0010518,Wiskott-Aldrich syndrome,5,4.333333333333333,88,8.51276598160156,0.6423357664233577,0.7096774193548387,0.8712871287128713,1,2,0,124,135,12,1,15,101,0,6,105,4
25df52ae85f587b3d3b08e34deeb1497,0,53891,NCBIGene:23556,PIGN,58224,ORPHA:280633,Multiple congenital anomalies-hypotonia-seizures syndrome,5,2.8333333333333335,86,5.898817511509889,0.44329896907216493,0.44329896907216493,1,1,2,0,194,201,1,1,0,86,0,1,86,0
146b33a10a849fc1ecc0bcaba9c910b0,0,55807,NCBIGene:101928376,IL12A-AS1,57079,ORPHA:117,Behçet disease,5,2.15,85,4.009701668415451,1,1,1,1,2,0,85,86,1,1,0,85,0,15,85,0
19607e955cb9ea82af391d5330fff6a0,0,51821,NCBIGene:3977,LIFR,25998,MONDO:0800043,Stüve-Wiedemann syndrome 1,5,2.8333333333333335,85,5.098472238132038,0.6538461538461539,0.6589147286821705,0.9883720930232558,1,2,0,129,134,17,1,7,86,0,2,89,0
5c6183780435ce1258ae4a7c7039aa6c,0,50966,NCBIGene:1230,CCR1,57079,ORPHA:117,Behçet disease,5,2.15,85,4.009701668415451,1,1,1,1,2,0,85,86,1,1,0,85,0,15,85,0
6302fe72ba5f80dceb82b346a33d9434,0,54277,NCBIGene:51752,ERAP1,57079,ORPHA:117,Behçet disease,5,2.15,85,4.009701668415451,1,1,1,1,2,0,85,86,1,1,0,85,0,15,85,0
6e3f4b0fb1ff1fb31e9ccd4a619f45b5,0,52806,NCBIGene:7099,TLR4,57079,ORPHA:117,Behçet disease,5,2.15,85,4.009701668415451,1,1,1,1,2,0,85,86,1,1,0,85,0,15,85,0
9e17caf9e80263a7cbd3ace65716b7e9,0,55651,NCBIGene:337867,UBAC2,57079,ORPHA:117,Behçet disease,5,2.15,85,4.009701668415451,1,1,1,1,2,0,85,86,1,1,0,85,0,15,85,0
ab73ecde1a45f1727a10717e870dc1cb,0,52608,NCBIGene:6559,SLC12A3,9904,MONDO:0009904,Gitelman syndrome,5,1.8333333333333333,85,6.395224065476289,0.6589147286821705,0.794392523364486,0.794392523364486,1,2,0,107,110,8,1,14,107,0,4,110,2
bfbacafe7456e195a3628a2c94802255,0,51678,NCBIGene:3592,IL12A,57079,ORPHA:117,Behçet disease,5,2.15,85,4.014123673153312,0.6746031746031746,0.6746031746031746,1,1,2,0,126,128,1,1,0,85,0,15,85,0
cd27e0d0214db578c3e6c43ffa0baa31,0,53035,NCBIGene:8302,KLRC4,57079,ORPHA:117,Behçet disease,5,2.15,85,4.009701668415451,1,1,1,1,2,0,85,86,1,1,0,85,0,15,85,0
e7719c2cdbab6a9c4656c2da3ad28393,0,55432,NCBIGene:149233,IL23R,57079,ORPHA:117,Behçet disease,5,2.15,85,4.009701668415451,1,1,1,1,2,0,85,90,1,1,0,85,0,15,85,0
5ee762c01fb29d97d54942eb8cacda8b,0,52928,NCBIGene:7486,WRN,10196,MONDO:0010196,Werner syndrome,5,3.1666666666666665,84,6.198624023466872,0.8235294117647058,0.9032258064516129,0.9032258064516129,1,2,0,93,96,8,1,15,93,0,3,96,1
44c128cdb07049c7cfd5d3ce26ea3a23,0,55555,NCBIGene:221322,TBC1D32,27569,MONDO:0979871,Alsahan-Harris syndrome,5,2.9166666666666665,83,5.390115401015672,0.6484375,0.6484375,1,1,2,0,128,135,1,1,2,83,0,2,85,0
686a2f1d211b25262a74407ee5a3a7c7,0,51366,NCBIGene:2517,FUCA1,9254,MONDO:0009254,fucosidosis,5,4.5,83,7.769129438689997,0.7757009345794392,0.8736842105263158,0.8736842105263158,1,2,0,95,98,6,1,14,95,0,3,97,1
d3f1b8ddcf0dec09417eed76904195b3,0,51806,NCBIGene:3930,LBR,8974,MONDO:0008974,Greenberg dysplasia,5,3.5,83,9.609732746257455,0.3516949152542373,0.3516949152542373,1,1,2,0,236,247,15,1,10,83,0,2,86,0
05ba798582896d22ef9ec98cb428a5c6,0,51473,NCBIGene:2782,GNB1,14855,MONDO:0014855,"intellectual disability, autosomal dominant 42",5,2.25,82,3.4619772668579083,0.7068965517241379,0.7068965517241379,1,1,2,0,116,123,15,1,6,82,0,2,83,0
421b76af53e4ad89a89839be1fa13fa6,0,53987,NCBIGene:26229,B3GAT3,9511,MONDO:0009511,"Larsen-like syndrome, B3GAT3 type",5,1.75,82,2.8750331386729466,1,1,1,1,2,0,82,85,8,1,7,82,0,4,86,0
abc8240b3ea1b103de1f606e06424d41,0,54673,NCBIGene:57680,CHD8,14017,MONDO:0014017,intellectual developmental disorder with autism and macrocephaly,5,4.5,82,5.534132241896966,0.7735849056603774,0.7735849056603774,1,1,2,0,106,110,6,1,5,82,0,2,83,0
080d92ccf4462eb316f71aadb4d9290c,0,53404,NCBIGene:9968,MED12,12997,MONDO:0012997,cholestasis-pigmentary retinopathy-cleft palate syndrome,5,5,81,8.30940798364983,0.20822622107969152,0.21372031662269128,0.8901098901098901,1,2,0,379,393,3,1,8,91,0,2,92,0
598c73b3c12cfff4b714bb6a6f1ef01c,0,50851,NCBIGene:843,CASP10,11158,MONDO:0011158,autoimmune lymphoproliferative syndrome type 1,5,4,81,10.931862495135789,0.627906976744186,0.7232142857142857,0.826530612244898,1,2,0,112,123,11,1,6,98,0,4,99,0
d8427c5ea6e372f28f8f5a9c27559233,0,51700,NCBIGene:3662,IRF4,27444,MONDO:0976229,immunodeficiency 131,5,4.5,81,9.53512209748287,0.6328125,0.6328125,1,1,2,0,128,133,1,1,4,81,0,2,82,0
36e120038dbfd36601f5a00d301f89b8,0,54748,NCBIGene:64145,RBSN,27352,MONDO:0975797,"myelofibrosis, congenital, with anemia, neutropenia, developmental delay, and ocular abnormalities",5,2.1666666666666665,80,3.579873123649854,0.6722689075630253,0.6722689075630253,1,1,2,0,119,125,1,1,3,80,0,2,82,0
77c0436959012738476d81152421c9cf,0,55197,NCBIGene:91179,SCARF2,10959,MONDO:0010959,van den Ende-Gupta syndrome,5,2.25,79,6.1343107576853235,0.6220472440944882,0.7669902912621359,0.7669902912621359,1,2,0,103,106,10,1,9,103,0,2,105,0
8a72713e709cf4877463672491dbb0a0,0,53471,NCBIGene:10225,CD96,8893,MONDO:0008893,C syndrome,5,2.267857142857143,79,3.381905623487349,0.6752136752136753,0.8061224489795918,0.8061224489795918,1,2,0,98,101,8,1,10,98,0,2,100,0
97352c0c0a82a52e0c29cb9e2665502a,0,54053,NCBIGene:27252,KLHL20,27591,MONDO:0980709,"neurodevelopmental disorder with early-onset seizures, facial dysmorphism, and behavioral abnormalities",5,1.95,79,3.0053367396302066,1,1,1,1,2,0,79,81,1,1,1,79,0,2,80,0
0a1d5484a8d0b6ab9f8d596f4642f68e,0,54868,NCBIGene:79718,TBL1XR1,11213,MONDO:0011213,Pierpont syndrome,5,2.8666666666666667,77,5.160469132917782,0.4095744680851064,0.49044585987261147,0.7129629629629629,1,2,0,157,163,7,1,7,108,0,2,112,0
a78397e85a19022a648efa3d406e7b18,0,52628,NCBIGene:6605,SMARCE1,58633,ORPHA:2495,Meningioma,5,2.8333333333333335,74,7.959069321999683,0.4228571428571429,0.4228571428571429,1,1,2,0,175,182,1,1,0,74,0,11,74,0
7c4afdfbe113de7330a1f4d6c88622c1,0,51073,NCBIGene:1513,CTSK,9940,MONDO:0009940,pycnodysostosis,5,1.7555555555555555,73,4.694326806614416,0.6822429906542056,0.8111111111111111,0.8111111111111111,1,2,0,90,93,5,1,12,90,0,2,93,0
939a4aee4bddd6cb875b731c1d2acd16,0,51478,NCBIGene:2799,GNS,9658,MONDO:0009658,mucopolysaccharidosis type 3D,5,2.45,73,3.539982658104883,1,1,1,1,2,0,73,77,18,1,11,73,0,2,75,0
a7c1c997695a12bd4c2483eeef6d2b85,0,55176,NCBIGene:89970,RSPRY1,56157,ORPHA:457395,Progressive spondyloepimetaphyseal dysplasia-short stature-short fourth metatarsals-intellectual disability syndrome,5,3,73,5.027040502357832,0.6460176991150443,0.6460176991150443,1,1,2,0,113,116,1,1,0,73,0,1,73,0
d7f2bf1e553679f013aab3ade2fcdcc4,0,52749,NCBIGene:6926,TBX3,8411,MONDO:0008411,ulnar-mammary syndrome,5,3.5,73,7.488469325405066,0.8021978021978022,0.8902439024390244,0.8902439024390244,1,2,0,82,85,6,1,11,82,0,2,85,0
e7b4433378226702f8b55ed27944ecf2,0,53366,NCBIGene:9786,KIAA0586,58272,ORPHA:397715,Joubert syndrome with Jeune asphyxiating thoracic dystrophy,5,3.5,73,5.976736839929548,0.47096774193548385,0.47096774193548385,1,1,2,0,155,161,1,1,0,73,0,2,73,0
bb0132b30efbbe924a0f4459b6c3b32f,0,53723,NCBIGene:22880,MORC2,58719,ORPHA:466768,Autosomal dominant Charcot-Marie-Tooth disease type 2Z,5,1.9761904761904763,72,3.441498785628014,0.5333333333333333,0.5333333333333333,1,1,2,0,135,142,1,1,0,72,0,1,72,0
7be69f339c3ff8a54cad8b542d5d0578,0,54893,NCBIGene:79840,NHEJ1,12650,MONDO:0012650,Cernunnos-XLF deficiency,5,3.3333333333333335,70,5.29054321354196,0.660377358490566,0.660377358490566,1,1,2,0,106,111,16,1,8,70,0,2,72,0
ba86f985b9b5ae396f3e8a9b35830ff6,0,52526,NCBIGene:6309,SC5D,11816,MONDO:0011816,lathosterolosis,5,3.5,70,5.8061707346197515,0.7142857142857143,0.8333333333333334,0.8333333333333334,1,2,0,84,87,4,1,8,84,0,2,85,0
a79c85bedde1d7e2f85f9970c80a0969,0,53180,NCBIGene:8974,P4HA2,55856,ORPHA:397,Giant cell arteritis,5,3.0833333333333335,69,4.754695305321221,0.9452054794520548,0.9452054794520548,1,1,2,0,73,76,1,1,0,69,0,4,69,0
db017a4f6d0ab8112f6aa860fa695b2b,0,53923,NCBIGene:25782,RAB3GAP2,30596,MONDO:8000008,Martsolf syndrome 1,5,2.033333333333333,69,2.9225425406005314,0.3556701030927835,0.3631578947368421,0.9452054794520548,1,2,0,190,199,5,1,8,73,0,2,76,0
972cf60dd1fdd7e962f44a1f732862ee,0,54698,NCBIGene:59341,TRPV4,7986,MONDO:0007986,metatropic dysplasia,5,5,68,13.442892358330687,0.20178041543026706,0.2073170731707317,0.8831168831168831,1,2,0,328,367,5,1,10,77,0,2,79,0
c6b854f82ddc73318c493579b744d268,0,54268,NCBIGene:51715,RAB23,8710,MONDO:0008710,RAB23-related Carpenter syndrome,5,3.25,68,4.366058340220551,0.6296296296296297,0.6296296296296297,1,1,2,0,108,111,11,1,6,68,0,2,69,0
d0de0bae3515ad291283801699b4014a,0,51331,NCBIGene:2294,FOXF1,9934,MONDO:0009934,alveolar capillary dysplasia with misalignment of pulmonary veins,5,2.1666666666666665,68,4.924452644305678,0.6601941747572816,0.7472527472527473,0.85,1,2,0,91,95,17,1,15,80,0,2,84,0
1ef87148c7e09a96aac7078dc1f26a5c,0,52201,NCBIGene:5184,PEPD,8221,MONDO:0008221,prolidase deficiency,5,3.0833333333333335,67,4.10780563442804,0.8072289156626506,0.8933333333333333,0.8933333333333333,1,2,0,75,78,5,1,11,75,0,2,76,0
938c122d3a81af6108d63c14a0deb4c7,0,53705,NCBIGene:22807,IKZF2,27486,MONDO:0979233,immunodysregulation with variable immunodeficiency and autoimmunity,5,5,65,11.1034355466612,0.5508474576271186,0.5508474576271186,1,1,2,0,118,124,1,1,4,65,0,2,67,0
5d1f77d79857ab7417707bb271a04bd6,0,53835,NCBIGene:23324,MAN2B2,27451,MONDO:0976261,congenital disorder of glycosylation type 1EE with or without immunodeficiency,5,3,64,4.890981880398146,1,1,1,1,2,0,64,67,3,1,5,64,0,2,65,0
869bd448bdf88186e4192ed0d5f902c2,0,54147,NCBIGene:50940,PDE11A,57739,ORPHA:1359,Carney complex,5,3.5,64,10.802885487550569,0.7191011235955056,0.7191011235955056,1,1,2,0,89,94,1,1,0,64,0,2,64,0
9879b9ba5527a8ad8459c96447798a4d,0,53714,NCBIGene:22856,CHSY1,11533,MONDO:0011533,temtamy preaxial brachydactyly syndrome,5,4.5,64,8.202518380568641,0.8205128205128205,0.9014084507042254,0.9014084507042254,1,2,0,71,74,8,1,7,71,0,2,77,0
e69f3b6fcb7728fe8c1b19a85d090b57,0,50699,NCBIGene:411,ARSB,9661,MONDO:0009661,mucopolysaccharidosis type 6,5,3.242857142857143,64,4.079366037533991,1,1,1,1,2,0,64,68,22,1,17,64,0,8,68,4
19773a8c8f9f62cce056768034c1cd93,0,52071,NCBIGene:4761,NEUROD2,58378,ORPHA:1934,Early infantile developmental and epileptic encephalopathy,5,1.7172619047619047,63,2.3120967415648934,0.7590361445783133,0.7590361445783133,1,1,2,0,83,86,1,1,0,63,0,20,63,0
1a2cb4a9f78d7320f0db1d9a9b11b5a0,0,54358,NCBIGene:54856,GON4L,27474,MONDO:0978303,Li-Takada-Miyake syndrome,5,1.7,63,2.159007569728133,1,1,1,1,2,0,63,65,1,1,3,63,0,2,65,0
41db0b059d5aa387c0d98bb78aed67f9,0,50669,NCBIGene:326,AIRE,9411,MONDO:0009411,autoimmune polyendocrine syndrome type 1,5,3.3333333333333335,63,7.929213242956215,0.5384615384615384,0.6237623762376238,0.7974683544303798,1,2,0,101,105,31,1,12,79,0,2,83,0
933a91d40f8399b2bf12b906b698bd17,0,55437,NCBIGene:150094,SIK1,58378,ORPHA:1934,Early infantile developmental and epileptic encephalopathy,5,1.7172619047619047,63,2.332069347355832,0.7682926829268293,0.7682926829268293,1,1,2,0,82,87,1,1,0,63,0,20,63,0
9a3df2fbb456034902a33af79dd426ae,0,55323,NCBIGene:124583,CANT1,9629,MONDO:0009629,Desbuquois dysplasia 1,5,3.25,63,5.516957175992977,0.6116504854368932,0.6116504854368932,1,1,2,0,103,109,9,1,4,63,0,2,64,0
b52f64cca2d83531d80950d475799c5d,0,51468,NCBIGene:2775,GNAO1,58378,ORPHA:1934,Early infantile developmental and epileptic encephalopathy,5,1.7172619047619047,63,2.4451850670660904,0.5727272727272728,0.5727272727272728,1,1,2,0,110,116,1,1,0,63,0,20,63,0
beb79adedea870e597565218f04e0040,0,50827,NCBIGene:777,CACNA1E,58378,ORPHA:1934,Early infantile developmental and epileptic encephalopathy,5,1.7172619047619047,63,2.3147319485435633,0.75,0.75,1,1,2,0,84,87,1,1,0,63,0,20,63,0
0a18e2e01315cfd22b456d50eb9d5eab,0,51511,NCBIGene:2956,MSH6,56989,ORPHA:144,Lynch syndrome,5,1.7,62,4.018522260265397,0.7560975609756098,0.7560975609756098,1,1,2,0,82,95,1,1,0,62,0,9,62,0
0dbd5529699fbc7b954bb53f0669208c,0,52284,NCBIGene:5395,PMS2,56989,ORPHA:144,Lynch syndrome,5,1.7,62,3.8459442635494687,0.8266666666666667,0.8266666666666667,1,1,2,0,75,84,1,1,0,62,0,9,62,0
325dc1e437758ebf51cf620d1f6e5c9d,0,51114,NCBIGene:1644,DDC,12084,MONDO:0012084,aromatic L-amino acid decarboxylase deficiency,5,2.7333333333333334,62,4.297112460730214,0.6739130434782609,0.8051948051948052,0.8051948051948052,1,2,0,77,80,8,1,15,77,0,2,78,0
7a243103515619adff48f17e677658aa,0,52282,NCBIGene:5378,PMS1,56989,ORPHA:144,Lynch syndrome,5,1.7,62,3.6400329335002075,0.96875,0.96875,1,1,2,0,64,67,1,1,0,62,0,9,62,0
b0f9c87d0da48fe9e3c10104caf158e3,0,55309,NCBIGene:122618,PLD4,30561,MONDO:1060185,systemic lupus erythematosus 18,5,4.333333333333333,62,6.284976262684371,1,1,1,1,2,0,62,64,3,1,2,62,0,2,64,0
ba50713d586d824979414eeed6171dd0,0,52638,NCBIGene:6628,SNRPB,7301,MONDO:0007301,cerebrocostomandibular syndrome,5,4.166666666666667,62,6.718955590174692,0.6888888888888889,0.8157894736842105,0.8157894736842105,1,2,0,76,79,7,1,11,76,0,2,79,0
2c7f3c945d814068d07533b8803a203d,0,54134,NCBIGene:50619,DEF6,22811,MONDO:0030457,immunodeficiency 87 and autoimmunity,5,1.6761904761904762,60,2.872802370034138,1,1,1,1,2,0,60,62,3,1,4,60,0,2,61,0
ef1daba455f9d69a90e871fcbd32aebf,0,53587,NCBIGene:10686,CLDN16,9550,MONDO:0009550,renal hypomagnesemia 3,5,2.5,60,4.118175957371856,1,1,1,1,2,0,60,63,18,1,8,60,0,2,63,0
015b5e40de18e337abf441ae83db54b5,0,52497,NCBIGene:6204,RPS10,57068,ORPHA:124,Diamond-Blackfan anemia,5,2.066666666666667,59,3.2781856799180566,0.8805970149253731,0.8805970149253731,1,1,2,0,67,72,1,1,0,59,0,26,59,0
058105b03179cfc619752f3d5ad10147,0,55177,NCBIGene:90121,TSR2,57068,ORPHA:124,Diamond-Blackfan anemia,5,2.066666666666667,59,3.513749202675371,0.7972972972972973,0.7972972972972973,1,1,2,0,74,79,1,1,0,59,0,26,59,0
2173ae53738e1f657fc863907e08b904,0,52482,NCBIGene:6133,RPL9,57068,ORPHA:124,Diamond-Blackfan anemia,5,2.066666666666667,59,3.2697931337103845,1,1,1,1,2,0,59,60,1,1,0,59,0,26,59,0
2b1b38ea568f930bbff703b12a8bb25d,0,52481,NCBIGene:6132,RPL8,57068,ORPHA:124,Diamond-Blackfan anemia,5,2.066666666666667,59,3.2697931337103845,1,1,1,1,2,0,59,60,1,1,0,59,0,26,59,0
3431c9734919b34c4c67cc6c7c758ea5,0,52499,NCBIGene:6210,RPS15A,57068,ORPHA:124,Diamond-Blackfan anemia,5,2.066666666666667,59,3.3364598003770514,0.921875,0.921875,1,1,2,0,64,69,1,1,0,59,0,26,59,0
3a9e6516e86507ef5d68c88f19efb71a,0,52496,NCBIGene:6201,RPS7,57068,ORPHA:124,Diamond-Blackfan anemia,5,2.066666666666667,59,3.307923429578167,0.855072463768116,0.855072463768116,1,1,2,0,69,74,1,1,0,59,0,26,59,0
6b77236afb3035c21899c8416e1197e6,0,52480,NCBIGene:6125,RPL5,57068,ORPHA:124,Diamond-Blackfan anemia,5,2.066666666666667,59,3.374986150826401,0.7283950617283951,0.7283950617283951,1,1,2,0,81,86,1,1,0,59,0,26,59,0
7251ed30278f15e7d7011db191e32a46,0,52500,NCBIGene:6218,RPS17,57068,ORPHA:124,Diamond-Blackfan anemia,5,2.066666666666667,59,3.408028397371612,0.8676470588235294,0.8676470588235294,1,1,2,0,68,73,1,1,0,59,0,26,59,0
7eb264efe28db4c35f91b228c8782bec,0,52508,NCBIGene:6235,RPS29,57068,ORPHA:124,Diamond-Blackfan anemia,5,2.066666666666667,59,3.4364598003770515,0.8939393939393939,0.8939393939393939,1,1,2,0,66,71,1,1,0,59,0,26,59,0
82cfafaee4d1847fdc905ec27a131635,0,52493,NCBIGene:6165,RPL35A,57068,ORPHA:124,Diamond-Blackfan anemia,5,2.066666666666667,59,3.4142392947792826,0.8309859154929577,0.8309859154929577,1,1,2,0,71,76,1,1,0,59,0,26,59,0
897c7391b47beb779b0dac0f53fa658f,0,52486,NCBIGene:6138,RPL15,57068,ORPHA:124,Diamond-Blackfan anemia,5,2.066666666666667,59,3.565191894049287,0.8805970149253731,0.8805970149253731,1,1,2,0,67,72,1,1,0,59,0,26,59,0
952bdb8894d6ca480b159b404e5f60a0,0,52491,NCBIGene:6155,RPL27,57068,ORPHA:124,Diamond-Blackfan anemia,5,2.066666666666667,59,3.2717088425226453,0.921875,0.921875,1,1,2,0,64,69,1,1,0,59,0,26,59,0
a21c21d1a082794ebadf5697cd3adbdb,0,52484,NCBIGene:6135,RPL11,57068,ORPHA:124,Diamond-Blackfan anemia,5,2.066666666666667,59,3.3666644396659984,0.6704545454545454,0.6704545454545454,1,1,2,0,88,93,1,1,0,59,0,26,59,0
b4b983f31655098349856d5bc6f4c4e1,0,52504,NCBIGene:6229,RPS24,57068,ORPHA:124,Diamond-Blackfan anemia,5,2.066666666666667,59,3.5778122109064805,0.8939393939393939,0.8939393939393939,1,1,2,0,66,71,1,1,0,59,0,26,59,0
c1efcf7a20da92f4c7b41f631ee0af55,0,53679,NCBIGene:11224,RPL35,57068,ORPHA:124,Diamond-Blackfan anemia,5,2.066666666666667,59,3.2697931337103845,1,1,1,1,2,0,59,60,1,1,0,59,0,26,59,0
c28709074a01d0a5c3dbd216e1fd6bcb,0,52492,NCBIGene:6160,RPL31,57068,ORPHA:124,Diamond-Blackfan anemia,5,2.066666666666667,59,3.2697931337103845,1,1,1,1,2,0,59,60,1,1,0,59,0,26,59,0
d97dadd054f271fcdf2c49c2a260fe1b,0,52506,NCBIGene:6232,RPS27,57068,ORPHA:124,Diamond-Blackfan anemia,5,2.066666666666667,59,3.2697931337103845,0.9516129032258065,0.9516129032258065,1,1,2,0,62,67,1,1,0,59,0,26,59,0
df36ca3b72543545b297467ed469a87b,0,55427,NCBIGene:148345,CIROZ,27437,MONDO:0976135,"heterotaxy, visceral, 14, autosomal",5,1.8333333333333333,59,4.254057959678181,1,1,1,1,2,0,59,61,1,1,5,59,0,2,60,0
566cfe9a52b91f2f1c16b63952c58e2b,0,51928,NCBIGene:4313,MMP2,9809,MONDO:0009809,"multicentric osteolysis, nodulosis, and arthropathy",5,4.5,58,9.02261594278772,0.5979381443298969,0.5979381443298969,1,1,2,0,97,101,13,1,3,58,0,2,60,0
95bc1e3627bcece08aaf8937acaa1819,0,54674,NCBIGene:57688,ZSWIM6,11359,MONDO:0011359,acromelic frontonasal dysostosis,5,4,58,6.848130465694419,0.4142857142857143,0.4142857142857143,1,1,2,0,140,145,6,1,8,58,0,2,60,0
b1a5cc6e9a0a59375b0ad3fcff14a11e,0,54744,NCBIGene:64127,NOD2,8523,MONDO:0008523,Blau syndrome,5,1.75,57,4.1845077550455585,0.5089285714285714,0.5643564356435643,0.8382352941176471,1,2,0,101,108,16,1,17,68,0,3,70,1
f8e16ea69f421e532c270e70f352fcc1,0,52001,NCBIGene:4598,MVK,12481,MONDO:0012481,mevalonic aciduria,5,4,57,6.183391663584587,0.36538461538461536,0.3986013986013986,0.8142857142857143,1,2,0,143,154,9,1,11,70,0,2,72,0
379ffc9a0b6dbb72e99f7f22bb6318e8,0,51854,NCBIGene:4067,LYN,26880,MONDO:0957271,"autoinflammatory disease, systemic, with vasculitis",5,1.7666666666666666,56,2.8629170270683435,1,1,1,1,2,0,56,58,1,1,4,56,0,2,58,0
c24d112c37db8ac9a0e1455639df2149,0,51489,NCBIGene:2879,GPX4,9593,MONDO:0009593,"spondylometaphyseal dysplasia, Sedaghatian type",5,3.5833333333333335,56,6.776955993187637,0.717948717948718,0.835820895522388,0.835820895522388,1,2,0,67,73,7,1,8,67,0,2,70,0
080ac7a2715d2387cd4448df0e5de4c1,0,53639,NCBIGene:10992,SF3B2,27095,MONDO:0958175,craniofacial microsomia 1,5,4.333333333333333,55,5.59071448494353,1,1,1,1,2,0,55,58,1,1,4,55,0,2,56,0
a31f0087ca2d3b593682c66dfffb272f,0,55489,NCBIGene:168667,BMPER,11946,MONDO:0011946,diaphanospondylodysostosis,5,3.5,55,6.40514198044158,0.8461538461538461,0.9166666666666666,0.9166666666666666,1,2,0,60,63,3,1,8,60,0,2,61,0
cb77f880384039c2840db085eb45cfa8,0,52841,NCBIGene:7204,TRIO,58766,ORPHA:476126,Micrognathia-recurrent infections-behavioral abnormalities-mild intellectual disability syndrome,5,2.017857142857143,55,2.538939855983304,0.3525641025641026,0.3525641025641026,1,1,2,0,156,161,1,1,0,55,0,1,55,0
04844959252e167ccba6f01c273745b2,0,54567,NCBIGene:56623,INPP5E,8944,MONDO:0008944,Joubert syndrome 1,5,1.9833333333333334,54,3.200238540029865,0.2571428571428571,0.2571428571428571,1,1,2,0,210,220,13,1,5,54,0,2,55,0
3855f95f88ba850f29f3e734570e731f,0,52696,NCBIGene:6794,STK11,8280,MONDO:0008280,Peutz-Jeghers syndrome,5,5,54,10.417441420990802,0.6352941176470588,0.6835443037974683,0.9,1,2,0,79,98,19,1,15,60,0,2,62,0
9a5fcd0c5d569e004c2fc51bd8cc1e97,0,52487,NCBIGene:6139,RPL17,27497,MONDO:0979244,Diamond-Blackfan anemia 22,5,3.8333333333333335,54,4.7328042462109705,1,1,1,1,2,0,54,56,1,1,4,54,0,2,55,0
1be4d1156cba8dd531ae3ab4b516ee81,0,52836,NCBIGene:7187,TRAF3,27443,MONDO:0976228,immunodeficiency 132b,5,3.3333333333333335,53,6.576587230790158,0.6091954022988506,0.6091954022988506,1,1,2,0,87,92,1,1,4,53,0,2,54,0
22ae99d319e990d7b04a35911c801b41,0,51158,NCBIGene:1773,DNASE1,7915,MONDO:0007915,systemic lupus erythematosus,5,4,53,9.332985022723292,0.6708860759493671,0.803030303030303,0.803030303030303,1,2,0,66,71,9,1,16,66,0,48,67,19
a2e791c34b92101dd731515c052570ff,0,51301,NCBIGene:2213,FCGR2B,7915,MONDO:0007915,systemic lupus erythematosus,5,4,53,9.332985022723292,0.6708860759493671,0.803030303030303,0.803030303030303,1,2,0,66,72,9,1,16,66,0,48,67,19
ace157a2e4a320fa8fb6288ef0a413a9,0,54365,NCBIGene:54892,NCAPG2,23323,MONDO:0032764,Khan-Khan-Katsanis syndrome,5,1.8,53,2.197584314995992,1,1,1,1,2,0,53,55,4,1,3,53,0,2,54,0
f1ae591312d0149953800a9523bf70e3,0,55070,NCBIGene:84295,PHF6,10537,MONDO:0010537,Borjeson-Forssman-Lehmann syndrome,5,2.5492424242424243,53,3.1149280765061587,0.654320987654321,0.7910447761194029,0.7910447761194029,1,2,0,67,70,20,1,10,67,0,2,68,0
7ddcc8f890a2f09a9b75bc1d7ef3ff7a,0,53489,NCBIGene:10295,BCKDK,13970,MONDO:0013970,branched-chain keto acid dehydrogenase kinase deficiency,5,5,52,6.762603927890059,1,1,1,1,2,0,52,55,7,1,6,52,0,2,54,0
838afa2db9d386ac71380336d5f00f5c,0,54913,NCBIGene:79971,WLS,26585,MONDO:0859209,Zaki syndrome,5,2.415,52,2.715753007036685,1,1,1,1,2,0,52,54,1,1,4,52,0,2,53,0
b49a8dc7a6125719ae934b8e9cdd985a,0,51914,NCBIGene:4256,MGP,9495,MONDO:0009495,Keutel syndrome,5,3.0833333333333335,52,4.308878841110275,0.7222222222222222,0.8387096774193549,0.8387096774193549,1,2,0,62,65,7,1,8,62,0,2,65,0
ed5a4051506a7286774ed5162325c0a3,0,52174,NCBIGene:5116,PCNT,8872,MONDO:0008872,microcephalic osteodysplastic primordial dwarfism type II,5,2.2333333333333334,52,3.5194574324632373,0.4,0.4,1,1,2,0,130,134,13,1,8,52,0,2,56,0
29544670f15d0df83bb063e3742e5a21,0,53707,NCBIGene:22818,COPZ1,27619,MONDO:0980936,"neutropenia, severe congenital, 12, autosomal recessive",5,1.7678571428571428,51,2.5825037772893698,1,1,1,1,2,0,51,53,1,1,1,51,0,2,52,0
4f28cbc705ec00c9524805f56e003a87,0,52711,NCBIGene:6850,SYK,22757,MONDO:0030308,immunodeficiency 82 with systemic inflammation,5,2.066666666666667,51,3.5826357200763854,1,1,1,1,2,0,51,54,4,1,5,51,0,2,52,0
0f4088b21f8c651bdcff0285120aab9b,0,55386,NCBIGene:139818,DOCK11,26943,MONDO:0957494,"autoinflammatory disease, multisystem, with immune dysregulation, X-linked",5,2.25,50,3.6255501768061973,1,1,1,1,2,0,50,54,1,1,4,50,0,4,52,0
5c1772a724ca5122d9aa55d1065a505b,0,55483,NCBIGene:166378,AFG2A,56064,ORPHA:457351,Microcephaly-intellectual disability-sensorineural hearing loss-epilepsy-abnormal muscle tone syndrome,5,2.0833333333333335,50,2.4737883174890145,0.6172839506172839,0.6172839506172839,1,1,2,0,81,84,1,1,0,50,0,1,50,0
73ba78902a824858de172ef2eb9ddf0f,0,50993,NCBIGene:1300,COL10A1,7983,MONDO:0007983,Schmid metaphyseal chondrodysplasia,5,5,50,13.442447277959099,0.6944444444444444,0.819672131147541,0.819672131147541,1,2,0,61,64,7,1,9,61,0,2,63,0
8280087fd463602756e55b04435952b8,0,51394,NCBIGene:2588,GALNS,9659,MONDO:0009659,mucopolysaccharidosis type 4A,5,2.3333333333333335,50,3.9833336455883446,1,1,1,1,2,0,50,54,17,1,12,50,0,4,52,2
d532c93ea52441ace05956528d6c06ad,0,52101,NCBIGene:4863,NPAT,59252,ORPHA:440437,Familial colorectal cancer Type X,5,1.6761904761904762,50,2.911364193050516,0.9433962264150944,0.9433962264150944,1,1,2,0,53,54,1,1,0,50,3,10,53,0
a9b356a254fac4208756b3dc8e7c9d75,0,53246,NCBIGene:9289,ADGRG1,57637,ORPHA:98889,Bilateral perisylvian polymicrogyria,5,2.1666666666666665,49,3.180915956537295,0.47115384615384615,0.47115384615384615,1,1,2,0,104,111,1,1,0,49,0,3,49,0
aea75ec8fa37be86f97a976c1afc76c8,0,52552,NCBIGene:6399,TRAPPC2,58013,ORPHA:93284,Spondyloepiphyseal dysplasia tarda,5,3.5,49,7.50156728902462,0.6363636363636364,0.6363636363636364,1,1,2,0,77,80,1,1,0,49,5,1,54,0
c18d308335afa74f5d26f0efe37027b4,0,53140,NCBIGene:8815,BANF1,13523,MONDO:0013523,Nestor-Guillermo progeria syndrome,5,2.3944444444444444,49,3.085940167651641,1,1,1,1,2,0,49,52,6,1,6,49,0,2,52,0
0fd9f65d891053a512d5a5a88fe59448,0,53557,NCBIGene:10568,SLC34A2,9928,MONDO:0009928,pulmonary alveolar microlithiasis,5,2.8333333333333335,48,5.253168455099291,0.9230769230769231,0.9411764705882353,0.9795918367346939,1,2,0,51,54,2,1,13,49,2,2,53,0
28e8eca1dc70eba5af32a692e4a2444e,0,51348,NCBIGene:2323,FLT3LG,27339,MONDO:0975749,immunodeficiency 125,5,2.8333333333333335,48,4.390597058980376,1,1,1,1,2,0,48,50,1,1,4,48,0,2,49,0
31aef612a8dea0eb1712cfcce0df6d2e,0,51695,NCBIGene:3654,IRAK1,7915,MONDO:0007915,systemic lupus erythematosus,5,4,48,8.360342059250403,0.41739130434782606,0.4948453608247423,0.7272727272727273,1,2,0,97,99,9,1,16,66,0,48,67,19
8033011a37669906ffc2b87281b62a53,0,52664,NCBIGene:6696,SPP1,7915,MONDO:0007915,systemic lupus erythematosus,5,4,48,8.360342059250403,0.41739130434782606,0.4948453608247423,0.7272727272727273,1,2,0,97,99,9,1,16,66,0,48,67,19
10ccef077f7b557ded3fe4f4103ee6b7,0,54421,NCBIGene:55172,DNAAF2,56579,ORPHA:244,Primary ciliary dyskinesia,5,4,47,6.170099898853266,0.8703703703703703,0.8703703703703703,1,1,2,0,54,59,1,1,0,47,0,53,47,0
1377c3c1e1591a67a7159aa59c50eba8,0,55147,NCBIGene:85016,CFAP300,56579,ORPHA:244,Primary ciliary dyskinesia,5,4,47,6.242318228207223,0.7580645161290323,0.7580645161290323,1,1,2,0,62,67,1,1,0,47,0,53,47,0
176ffb344c2d5ec7a733d457f42efe48,0,54906,NCBIGene:79925,SPEF2,56579,ORPHA:244,Primary ciliary dyskinesia,5,4,47,6.126818902244096,0.8867924528301887,0.8867924528301887,1,1,2,0,53,57,1,1,0,47,0,53,47,0
1b6df1bfbce45e0bc9869ddc0296fa2d,0,54770,NCBIGene:64446,DNAI2,56579,ORPHA:244,Primary ciliary dyskinesia,5,4,47,6.221930482343261,0.746031746031746,0.746031746031746,1,1,2,0,63,68,1,1,0,47,0,53,47,0
1c4064d5f948aa232ba3c436e072b490,0,55718,NCBIGene:388389,DNAAF19,56579,ORPHA:244,Primary ciliary dyskinesia,5,4,47,6.194486873320704,0.7966101694915254,0.7966101694915254,1,1,2,0,59,64,1,1,0,47,0,53,47,0
1d4ed4c13fed3d4b8aa1a8facb112eb7,0,51336,NCBIGene:2302,FOXJ1,56579,ORPHA:244,Primary ciliary dyskinesia,5,4,47,6.240672569943918,0.8245614035087719,0.8245614035087719,1,1,2,0,57,60,1,1,0,47,0,53,47,0
28d995624f3d1e53ef9b746fa3cf381e,0,54018,NCBIGene:27019,DNAI1,56579,ORPHA:244,Primary ciliary dyskinesia,5,4,47,6.301656000044995,0.6911764705882353,0.6911764705882353,1,1,2,0,68,73,1,1,0,47,0,53,47,0
322af761242de5dc4c49e1a08f6a3bd1,0,51157,NCBIGene:1770,DNAH9,56579,ORPHA:244,Primary ciliary dyskinesia,5,4,47,6.18438561313898,0.6911764705882353,0.6911764705882353,1,1,2,0,68,73,1,1,0,47,0,53,47,0
32622c9fb80e47401d55ce8dd6070c16,0,55383,NCBIGene:139212,DNAAF6,56579,ORPHA:244,Primary ciliary dyskinesia,5,4,47,6.210819974998444,0.7966101694915254,0.7966101694915254,1,1,2,0,59,64,1,1,0,47,0,53,47,0
3f30f5a4eb5223fd0273757e18817b2f,0,55699,NCBIGene:374407,DNAJB13,56579,ORPHA:244,Primary ciliary dyskinesia,5,4,47,6.167886437947259,0.8103448275862069,0.8103448275862069,1,1,2,0,58,63,1,1,0,47,0,53,47,0
43b2d63b2207a8d2d5b3fb3e8810f3e0,0,55658,NCBIGene:339829,CCDC39,56579,ORPHA:244,Primary ciliary dyskinesia,5,4,47,6.23261281630348,0.6438356164383562,0.6438356164383562,1,1,2,0,73,78,1,1,0,47,0,53,47,0
4460abd8d3a23535a9d5c2401897a05e,0,55224,NCBIGene:92749,DRC1,56579,ORPHA:244,Primary ciliary dyskinesia,5,4,47,6.188141966937098,0.7121212121212122,0.7121212121212122,1,1,2,0,66,74,1,1,0,47,0,53,47,0
47a257f3304940dfad1876662b8aa897,0,54382,NCBIGene:54970,TTC12,56579,ORPHA:244,Primary ciliary dyskinesia,5,4,47,6.161307490578839,0.8703703703703703,0.8703703703703703,1,1,2,0,54,57,1,1,0,47,0,53,47,0
4d2162b3351ea20353353ce02144978c,0,55683,NCBIGene:345895,RSPH4A,56579,ORPHA:244,Primary ciliary dyskinesia,5,4,47,6.161307490578839,0.7704918032786885,0.7704918032786885,1,1,2,0,61,66,1,1,0,47,0,53,47,0
55d1bf63e37c28023f02b7206518e5a3,0,54394,NCBIGene:55036,CCDC40,56579,ORPHA:244,Primary ciliary dyskinesia,5,4,47,6.235346174481674,0.734375,0.734375,1,1,2,0,64,69,1,1,0,47,0,53,47,0
664cbbce2db60f0a0b743915f452afe1,0,55682,NCBIGene:345643,MCIDAS,56579,ORPHA:244,Primary ciliary dyskinesia,5,4,47,6.193190081671956,0.8103448275862069,0.8103448275862069,1,1,2,0,58,61,1,1,0,47,0,53,47,0
68b6acdcc4995645f3f2b5db6892085f,0,55318,NCBIGene:123872,DNAAF1,56579,ORPHA:244,Primary ciliary dyskinesia,5,4,47,6.142105920939752,0.8103448275862069,0.8103448275862069,1,1,2,0,58,63,1,1,0,47,0,53,47,0
7173b3652ede33f33f69a4e64aea6dea,0,55517,NCBIGene:200373,CFAP221,56579,ORPHA:244,Primary ciliary dyskinesia,5,4,47,6.1696353755085545,0.8867924528301887,0.8867924528301887,1,1,2,0,53,56,1,1,0,47,0,53,47,0
78858100f3dbd375cbda96791498978a,0,55556,NCBIGene:221421,RSPH9,56579,ORPHA:244,Primary ciliary dyskinesia,5,4,47,6.21116743455643,0.734375,0.734375,1,1,2,0,64,69,1,1,0,47,0,53,47,0
861ca9f6a62019c91751e129c2a26729,0,54373,NCBIGene:54919,DNAAF5,56579,ORPHA:244,Primary ciliary dyskinesia,5,4,47,6.149346655913281,0.7230769230769231,0.7230769230769231,1,1,2,0,65,70,1,1,0,47,0,53,47,0
8d6097e22b1b38bb7353b766a39985bd,0,55007,NCBIGene:83544,DNAL1,56579,ORPHA:244,Primary ciliary dyskinesia,5,4,47,6.204588487188008,0.8103448275862069,0.8103448275862069,1,1,2,0,58,63,1,1,0,47,0,53,47,0
9318feeca33bab650c665adc074d9408,0,53082,NCBIGene:8546,AP3B1,11997,MONDO:0011997,Hermansky-Pudlak syndrome 2,5,2.4325396825396823,47,2.982245655063188,0.94,1,0.94,1,2,0,47,52,10,1,11,50,0,2,53,0
95ba267c478c71dbf9bc81a955299962,0,55006,NCBIGene:83538,ODAD4,56579,ORPHA:244,Primary ciliary dyskinesia,5,4,47,6.305184528573523,0.7833333333333333,0.7833333333333333,1,1,2,0,60,65,1,1,0,47,0,53,47,0
96415850cea1d695f8c2293209f9cc9e,0,54406,NCBIGene:55130,ODAD2,56579,ORPHA:244,Primary ciliary dyskinesia,5,4,47,6.232811852435157,0.7966101694915254,0.7966101694915254,1,1,2,0,59,64,1,1,0,47,0,53,47,0
9b4578c230e79913a1e0f451093266b3,0,53493,NCBIGene:10309,CCNO,56579,ORPHA:244,Primary ciliary dyskinesia,5,4,47,6.158755153854675,0.7966101694915254,0.7966101694915254,1,1,2,0,59,64,1,1,0,47,0,53,47,0
9f979ab2fa9ddb10d8e610a3bede4606,0,55470,NCBIGene:161582,DNAAF4,56579,ORPHA:244,Primary ciliary dyskinesia,5,4,47,6.26614518576849,0.6619718309859155,0.6619718309859155,1,1,2,0,71,78,1,1,0,47,0,53,47,0
a590145145def3b981ee6dfe7a89f84c,0,54037,NCBIGene:27148,STK36,56579,ORPHA:244,Primary ciliary dyskinesia,5,4,47,6.131469883228957,0.8245614035087719,0.8245614035087719,1,1,2,0,57,60,1,1,0,47,0,53,47,0
a630bc953a3ddcefd4618dfbb537e7c1,0,53116,NCBIGene:8701,DNAH11,56579,ORPHA:244,Primary ciliary dyskinesia,5,4,47,6.17067734951118,0.7580645161290323,0.7580645161290323,1,1,2,0,62,67,1,1,0,47,0,53,47,0
a80c0d12a85c80009a94ac32d45fd448,0,54569,NCBIGene:56683,CFAP298,56579,ORPHA:244,Primary ciliary dyskinesia,5,4,47,6.148684868308173,0.746031746031746,0.746031746031746,1,1,2,0,63,68,1,1,0,47,0,53,47,0
afc48551ff96d2795eed8a129b870d56,0,53048,NCBIGene:8382,NME5,56579,ORPHA:244,Primary ciliary dyskinesia,5,4,47,6.142105920939752,0.8703703703703703,0.8703703703703703,1,1,2,0,54,57,1,1,0,47,0,53,47,0
afdd4f89e344f40812e145d7ea8643f4,0,53904,NCBIGene:23639,DNAAF11,56579,ORPHA:244,Primary ciliary dyskinesia,5,4,47,6.1871464067697115,0.7704918032786885,0.7704918032786885,1,1,2,0,61,66,1,1,0,47,0,53,47,0
b278efcf931e4d08355172d9e9852152,0,55693,NCBIGene:352909,DNAAF3,56579,ORPHA:244,Primary ciliary dyskinesia,5,4,47,6.177512027154438,0.7580645161290323,0.7580645161290323,1,1,2,0,62,67,1,1,0,47,0,53,47,0
b34c16570e9b6ffd675611d8b861905c,0,54554,NCBIGene:56171,DNAH7,56579,ORPHA:244,Primary ciliary dyskinesia,5,4,47,6.15062842605362,0.8392857142857143,0.8392857142857143,1,1,2,0,56,59,1,1,0,47,0,53,47,0
b8b74e0876d73fe125cc6bb21185d3cb,0,55158,NCBIGene:85452,CFAP74,56579,ORPHA:244,Primary ciliary dyskinesia,5,4,47,6.1829623063513015,0.7833333333333333,0.7833333333333333,1,1,2,0,60,63,1,1,0,47,0,53,47,0
b8c5e50a023eb6fb01e53b3eefcdf0a9,0,51155,NCBIGene:1767,DNAH5,56579,ORPHA:244,Primary ciliary dyskinesia,5,4,47,6.148684868308173,0.8103448275862069,0.8103448275862069,1,1,2,0,58,63,1,1,0,47,0,53,47,0
ba725fcd65857a9ffa5b16f194efc152,0,55022,NCBIGene:83861,RSPH3,56579,ORPHA:244,Primary ciliary dyskinesia,5,4,47,6.201065820689125,0.7580645161290323,0.7580645161290323,1,1,2,0,62,67,1,1,0,47,0,53,47,0
bd62fb2c46bc4e30438a8ce6b47a6077,0,51403,NCBIGene:2622,DRC4,56579,ORPHA:244,Primary ciliary dyskinesia,5,4,47,6.183912643628827,0.8103448275862069,0.8103448275862069,1,1,2,0,58,63,1,1,0,47,0,53,47,0
be5ea54d4663fe72268ecd8a588661e8,0,55232,NCBIGene:93233,ODAD1,56579,ORPHA:244,Primary ciliary dyskinesia,5,4,47,6.268612734356942,0.6619718309859155,0.6619718309859155,1,1,2,0,71,76,1,1,0,47,0,53,47,0
bfc642001dc4390388e59b9b726dbc81,0,55277,NCBIGene:115948,ODAD3,56579,ORPHA:244,Primary ciliary dyskinesia,5,4,47,6.24983152866536,0.7121212121212122,0.7121212121212122,1,1,2,0,66,71,1,1,0,47,0,53,47,0
c7340720e3769bd70c1175f59c1533ae,0,55165,NCBIGene:89765,RSPH1,56579,ORPHA:244,Primary ciliary dyskinesia,5,4,47,6.177256296879602,0.7966101694915254,0.7966101694915254,1,1,2,0,59,64,1,1,0,47,0,53,47,0
cc9b1065e33c43d0feb79cf7006d1f28,0,53955,NCBIGene:25981,DNAH1,56579,ORPHA:244,Primary ciliary dyskinesia,5,4,47,6.2178218777659575,0.6911764705882353,0.6911764705882353,1,1,2,0,68,76,1,1,0,47,0,53,47,0
d0bb0e80f3ef117e6babfc33faecdfee,0,54226,NCBIGene:51364,ZMYND10,56579,ORPHA:244,Primary ciliary dyskinesia,5,4,47,6.1871464067697115,0.6911764705882353,0.6911764705882353,1,1,2,0,68,73,1,1,0,47,0,53,47,0
d16e6a9bae7af25f9a752c0791964f58,0,54293,NCBIGene:54014,BRWD1,56579,ORPHA:244,Primary ciliary dyskinesia,5,4,47,6.228627752016747,0.746031746031746,0.746031746031746,1,1,2,0,63,66,1,1,0,47,0,53,47,0
d93dcec7fe3349f7b556a8a759df63a1,0,55445,NCBIGene:152110,NEK10,56579,ORPHA:244,Primary ciliary dyskinesia,5,4,47,6.13273606200741,0.7966101694915254,0.7966101694915254,1,1,2,0,59,62,1,1,0,47,0,53,47,0
dddb470b6cc52c3482496d41537fa8f1,0,54339,NCBIGene:54768,HYDIN,56579,ORPHA:244,Primary ciliary dyskinesia,5,4,47,6.220819876157466,0.7014925373134329,0.7014925373134329,1,1,2,0,67,72,1,1,0,47,0,53,47,0
e09c8467fb2b5874c551c6fbc3b4898d,0,52656,NCBIGene:6674,SPAG1,56579,ORPHA:244,Primary ciliary dyskinesia,5,4,47,6.148684868308173,0.7833333333333333,0.7833333333333333,1,1,2,0,60,65,1,1,0,47,0,53,47,0
ecda59f3e069eb0521812a0a012c7229,0,55274,NCBIGene:115399,LRRC56,56579,ORPHA:244,Primary ciliary dyskinesia,5,4,47,6.149209139585701,0.8103448275862069,0.8103448275862069,1,1,2,0,58,61,1,1,0,47,0,53,47,0
f45c5559b63fdbaacb7e430feaadddf8,0,55162,NCBIGene:85478,DRC2,56579,ORPHA:244,Primary ciliary dyskinesia,5,4,47,6.172494392117697,0.7704918032786885,0.7704918032786885,1,1,2,0,61,66,1,1,0,47,0,53,47,0
f47397d9fa601f4f08a97d4ec9f07da9,0,55480,NCBIGene:164781,DAW1,56579,ORPHA:244,Primary ciliary dyskinesia,5,4,47,6.176333281449421,0.6911764705882353,0.6911764705882353,1,1,2,0,68,71,1,1,0,47,0,53,47,0
1b95cec76321f128f26ecd140c22481b,0,51261,NCBIGene:2109,ETFB,9282,MONDO:0009282,multiple acyl-CoA dehydrogenase deficiency,5,3.0833333333333335,46,4.174011715522767,1,1,1,1,2,0,46,51,26,1,12,46,0,11,50,0
320262f134787f0d6661f7231f836d50,0,51260,NCBIGene:2108,ETFA,9282,MONDO:0009282,multiple acyl-CoA dehydrogenase deficiency,5,3.0833333333333335,46,4.174011715522767,1,1,1,1,2,0,46,51,26,1,12,46,0,11,50,0
67c63d15ce462b6205965df13c8de2da,0,53433,NCBIGene:10073,SNUPN,27325,MONDO:0971171,"muscular dystrophy, limb-girdle, autosomal recessive 29",5,1.7666666666666666,46,2.2228628451128984,1,1,1,1,2,0,46,48,1,1,5,46,0,2,48,0
b4ef30ba81a303fa987d75a3bb8e4b04,0,51262,NCBIGene:2110,ETFDH,9282,MONDO:0009282,multiple acyl-CoA dehydrogenase deficiency,5,3.0833333333333335,46,4.174011715522767,1,1,1,1,2,0,46,51,26,1,12,46,0,11,50,0
fafcecd0fc3fec95f69781aec167d47a,0,54754,NCBIGene:64220,STRA6,11010,MONDO:0011010,Matthew-Wood syndrome,5,3.25,46,4.116932787656233,0.696969696969697,0.696969696969697,1,1,2,0,66,70,18,1,9,46,0,2,49,0
0242c323937c6b2dea54c318923f6da5,0,50772,NCBIGene:633,BGN,10248,MONDO:0010248,X-linked spondyloepimetaphyseal dysplasia,5,4.5,45,6.797603626256641,0.569620253164557,0.569620253164557,1,1,2,0,79,87,8,1,7,45,0,2,46,0
6ccffa30addf85a37d0ab99bb1d17706,0,53635,NCBIGene:10981,RAB32,27338,MONDO:0975748,"Parkinson disease 26, autosomal dominant, susceptibility to",5,2.8095238095238093,45,3.584495586651381,1,1,1,1,2,0,45,47,1,1,3,45,0,2,46,0
77903cbbdadbad00e77dfde23a4360a8,0,51174,NCBIGene:1807,DPYS,9111,MONDO:0009111,dihydropyrimidinuria,5,6,45,14.843236516146256,0.6716417910447762,0.8035714285714286,0.8035714285714286,1,2,0,56,59,6,1,8,56,0,2,57,0
8fd04a6cf01c9e128bd6e5bce3aeb89a,0,50833,NCBIGene:788,SLC25A20,8918,MONDO:0008918,carnitine-acylcarnitine translocase deficiency,5,2.3392857142857144,45,3.374406248876714,0.6338028169014085,0.7758620689655172,0.7758620689655172,1,2,0,58,62,6,1,12,58,0,3,60,1
a6c21d2b067ced111c9d03c06a565784,0,50773,NCBIGene:640,BLK,7915,MONDO:0007915,systemic lupus erythematosus,5,4,45,7.686378934932545,0.4639175257731959,0.5921052631578947,0.6818181818181818,1,2,0,76,80,9,1,16,66,0,48,67,19
0043bd30a5a3ef8f6a6156221d2655b8,0,54907,NCBIGene:79932,KIAA0319L,7915,MONDO:0007915,systemic lupus erythematosus,5,4,44,7.673604435893292,0.5432098765432098,0.7457627118644068,0.6666666666666666,1,2,0,59,61,9,1,16,66,0,48,67,19
043b0a4d8fa3e630e91c52dffb77e174,0,55561,NCBIGene:221895,JAZF1,7915,MONDO:0007915,systemic lupus erythematosus,5,4,44,7.673604435893292,0.6666666666666666,1,0.6666666666666666,1,2,0,44,46,9,1,16,66,0,48,67,19
0a3b6269077d19a56c7074ce08f67b2b,0,51263,NCBIGene:2113,ETS1,7915,MONDO:0007915,systemic lupus erythematosus,5,4,44,7.673604435893292,0.6666666666666666,1,0.6666666666666666,1,2,0,44,45,9,1,16,66,0,48,67,19
1324ea7f01c6a63fe539e53d2577641f,0,53251,NCBIGene:9321,TRIP11,8701,MONDO:0008701,achondrogenesis type IA,5,3,44,5.160967811542358,0.32592592592592595,0.32592592592592595,1,1,2,0,135,143,8,1,9,44,0,2,47,0
13886fe30b04bae373cd58755e0997eb,0,51303,NCBIGene:2215,FCGR3B,7915,MONDO:0007915,systemic lupus erythematosus,5,4,44,7.753027512816368,0.5641025641025641,0.7857142857142857,0.6666666666666666,1,2,0,56,58,9,1,16,66,0,48,67,19
138ed00040a575f1e9651abb01d85def,0,54368,NCBIGene:54899,PXK,7915,MONDO:0007915,systemic lupus erythematosus,5,4,44,7.673604435893292,0.6666666666666666,1,0.6666666666666666,1,2,0,44,45,9,1,16,66,0,48,67,19
1f86eac9cbd9c5d0e3a22c4b5011b946,0,51935,NCBIGene:4337,MOCS1,9643,MONDO:0009643,sulfite oxidase deficiency due to molybdenum cofactor deficiency type A,5,3.5,44,6.110718664008059,1,1,1,1,2,0,44,48,10,1,8,44,0,2,45,0
47ded2f76ec4334df4a461acb67a9db6,0,50807,NCBIGene:721,C4B,7915,MONDO:0007915,systemic lupus erythematosus,5,4,44,7.673604435893292,0.6666666666666666,1,0.6666666666666666,1,2,0,44,46,9,1,16,66,0,48,67,19
7def9da3f7bf4fc5ea09debc1140b4c0,0,52875,NCBIGene:7332,UBE2L3,7915,MONDO:0007915,systemic lupus erythematosus,5,4,44,7.673604435893292,0.6666666666666666,1,0.6666666666666666,1,2,0,44,45,9,1,16,66,0,48,67,19
8fcf72914bfdb8443452f0eb126c594a,0,51701,NCBIGene:3663,IRF5,7915,MONDO:0007915,systemic lupus erythematosus,5,4,44,7.714079777913341,0.2972972972972973,0.3492063492063492,0.6666666666666666,1,2,0,126,136,9,1,16,66,0,48,67,19
916891207a863e4309a87492e1cfd705,0,52425,NCBIGene:5921,RASA1,58293,ORPHA:90307,Parkes Weber syndrome,5,3.3333333333333335,44,6.1701271528769475,0.88,0.88,1,1,2,0,50,57,1,1,0,44,0,1,44,0
95676070acb19b57929debb9c81dabed,0,54390,NCBIGene:55024,BANK1,7915,MONDO:0007915,systemic lupus erythematosus,5,4,44,7.673604435893292,0.6666666666666666,1,0.6666666666666666,1,2,0,44,45,9,1,16,66,0,48,67,19
d23b702adfff5b72b0df015086977933,0,53739,NCBIGene:22943,DKK1,57823,ORPHA:268882,Arnold-Chiari malformation type I,5,3.5,44,6.155531835155755,0.88,0.88,1,1,2,0,50,52,1,1,0,44,0,1,44,0
de58fc7dfacd4d7b5ffdb82ae9bc387a,0,51652,NCBIGene:3500,IGHG1,7915,MONDO:0007915,systemic lupus erythematosus,5,4,44,7.673604435893292,0.6666666666666666,1,0.6666666666666666,1,2,0,44,46,9,1,16,66,0,48,67,19
ebdff1c187cc04924879d49283629139,0,51710,NCBIGene:3684,ITGAM,7915,MONDO:0007915,systemic lupus erythematosus,5,4,44,7.673604435893292,0.6666666666666666,1,0.6666666666666666,1,2,0,44,45,9,1,16,66,0,48,67,19
f53759b86cd49fa5feca6379f7737fa3,0,53495,NCBIGene:10318,TNIP1,7915,MONDO:0007915,systemic lupus erythematosus,5,4,44,7.673604435893292,0.6666666666666666,1,0.6666666666666666,1,2,0,44,45,9,1,16,66,0,48,67,19
18a640937b6f1cb6f07b4a470e1d7ec6,0,54303,NCBIGene:54345,SOX18,19073,MONDO:0019073,hypotrichosis-lymphedema-telangiectasia-renal defect syndrome,5,3.1666666666666665,43,4.581601292426967,0.5972222222222222,0.6515151515151515,0.8775510204081632,1,2,0,66,71,6,1,6,49,0,2,51,0
75d85add1f8adac5783d385389a5553e,0,53523,NCBIGene:10458,BAIAP2,27627,MONDO:0980948,developmental and epileptic encephalopathy 120,5,1.718073593073593,43,1.9826534906932238,1,1,1,1,2,0,43,45,1,1,1,43,0,2,44,0
cb1849644cf64c39683f23c988a524ea,0,54817,NCBIGene:79005,SCNM1,26677,MONDO:0859310,orofaciodigital syndrome 19,5,2.4206349206349205,42,2.8448957436736304,1,1,1,1,2,0,42,44,1,1,5,42,0,2,43,0
d930f613ed2f21df3315901819c19441,0,52366,NCBIGene:5698,PSMB9,27218,MONDO:0968983,proteasome-associated autoinflammatory syndrome 6,5,2.8333333333333335,42,4.493684619144028,1,1,1,1,2,0,42,44,1,1,4,42,0,2,43,0
ed53d54e66709e3330f41d330b5cf67a,0,51722,NCBIGene:3712,IVD,9475,MONDO:0009475,isovaleric acidemia,5,5,42,6.067475958030324,0.7777777777777778,0.875,0.875,1,2,0,48,52,10,1,13,48,0,3,49,1
2263ac41fa3675874882cd11804b66dc,0,50905,NCBIGene:1028,CDKN1C,7534,MONDO:0007534,Beckwith-Wiedemann syndrome,5,3.2333333333333334,41,4.502285971053405,0.22162162162162163,0.38317757009345793,0.3445378151260504,1,2,0,107,115,9,1,14,119,0,19,122,1
311e072a565946aa6c3fa968acf7c22f,0,54742,NCBIGene:64116,SLC39A8,59105,ORPHA:468699,SLC39A8-CDG,5,2.5297619047619047,41,3.001918969047282,0.6307692307692307,0.6307692307692307,1,1,2,0,65,68,1,1,0,41,0,1,41,0
46b7d3f5b8706ed1167f4f1afc875be0,0,55545,NCBIGene:219844,HYLS1,9365,MONDO:0009365,hydrolethalus syndrome 1,5,4.5,41,5.6125588218273545,0.3867924528301887,0.3867924528301887,1,1,2,0,106,110,7,1,6,41,0,2,42,0
81748b5cb26cbaba89cb83bbfb2310c6,0,55662,NCBIGene:340061,STING1,14405,MONDO:0014405,STING-associated vasculopathy with onset in infancy,5,2.8333333333333335,41,3.4439683873885762,1,1,1,1,2,0,41,45,3,1,8,41,0,3,45,1
e6e0c3e3a49bf74e7154d9be5e50b80e,0,50884,NCBIGene:959,CD40LG,10626,MONDO:0010626,hyper-IgM syndrome type 1,5,1.9916666666666667,41,2.9794264001972754,1,1,1,1,2,0,41,44,26,1,10,41,0,4,43,2
f5214ce35f063977a3563e10aab7182e,0,54786,NCBIGene:64841,GNPNAT1,26579,MONDO:0859203,"rhizomelic dysplasia, Ain-Naz type",5,3.5,41,4.408328093144734,1,1,1,1,2,0,41,43,1,1,4,41,0,2,42,0
2b9eed60d7a4f48e9380d73b17e4d960,0,52980,NCBIGene:7915,ALDH5A1,10083,MONDO:0010083,succinic semialdehyde dehydrogenase deficiency,5,4.5,40,6.022997720608918,0.7142857142857143,0.8333333333333334,0.8333333333333334,1,2,0,48,51,10,1,10,48,0,2,49,0
82d8970d0033e66e5ed7b090545855d2,0,52100,NCBIGene:4860,PNP,13171,MONDO:0013171,purine nucleoside phosphorylase deficiency,5,4.5,40,6.095654856048937,0.5714285714285714,0.5797101449275363,0.975609756097561,1,2,0,69,72,8,1,14,41,0,3,42,1
895eceda0246d618c1bd64f0b27bd3d7,0,53550,NCBIGene:10555,AGPAT2,12071,MONDO:0012071,congenital generalized lipodystrophy type 1,5,1.8333333333333333,40,2.7100972312685285,1,1,1,1,2,0,40,46,15,1,6,40,0,2,42,0
b42e5a3b9273da817813925d6d328c28,0,52737,NCBIGene:6901,TAFAZZIN,10543,MONDO:0010543,Barth syndrome,5,2.283333333333333,40,3.6825359257617514,0.6779661016949152,0.7142857142857143,0.9302325581395349,1,2,0,56,66,18,1,14,43,0,4,49,2
d0381ee366999282105cd53017cd9150,0,51933,NCBIGene:4329,ALDH6A1,13579,MONDO:0013579,methylmalonate semialdehyde dehydrogenase deficiency,5,4.142857142857143,40,4.383109585226385,1,1,1,1,2,0,40,43,7,1,7,40,0,2,42,0
0af582fafe9c5b4cadf9a8392ddd8734,0,52383,NCBIGene:5777,PTPN6,56239,ORPHA:3243,Sweet syndrome,5,2.25,39,3.490085866849599,1,1,1,1,2,0,39,44,1,1,0,39,0,2,39,0
427c20549f965f80ab890e176374bd39,0,51711,NCBIGene:3685,ITGAV,27584,MONDO:0980702,"immune dysregulation, neurodevelopmental defects, and colitis",5,1.8611111111111112,39,2.3339119765264424,1,1,1,1,2,0,39,41,1,1,1,39,0,2,41,0
6a2b5abb45a76dee6fab5a84da80281c,0,51382,NCBIGene:2556,GABRA3,58320,ORPHA:79102,Thyrotoxic periodic paralysis,5,3.033333333333333,39,4.6712600723512265,0.5571428571428572,0.5571428571428572,1,1,2,0,70,73,1,1,0,39,3,3,42,0
a95119da1c852e23d5a17b7495021bf9,0,50816,NCBIGene:745,MYRF,23234,MONDO:0032653,cardiac-urogenital syndrome,5,2.2333333333333334,39,3.178393678666999,0.8478260869565217,0.8478260869565217,1,1,2,0,46,53,3,1,5,39,0,2,40,0
b8691e9b97fda83ad98389460e407c77,0,51288,NCBIGene:2184,FAH,10161,MONDO:0010161,tyrosinemia type I,5,5,39,6.0641198605247855,0.8666666666666667,0.8666666666666667,1,1,2,0,45,49,13,1,13,39,0,5,40,3
e695643e55a68af29f95f00c776677b8,0,53056,NCBIGene:8443,GNPAT,9112,MONDO:0009112,rhizomelic chondrodysplasia punctata type 2,5,3.375,39,3.6852084075263907,1,1,1,1,2,0,39,42,14,1,9,39,0,2,41,0
f683369e16b22d71c9364d6f23269112,0,55794,NCBIGene:100134444,KCNJ18,58320,ORPHA:79102,Thyrotoxic periodic paralysis,5,3.033333333333333,39,4.709475236959579,0.6724137931034483,0.6724137931034483,1,1,2,0,58,61,1,1,0,39,3,3,42,0
05e68461a33a05119f72293d093e6b75,0,52451,NCBIGene:5993,RFX5,58930,ORPHA:572,Immunodeficiency by defective expression of MHC class II,5,2.1666666666666665,38,4.350457034710493,0.5588235294117647,0.5588235294117647,1,1,2,0,68,74,1,1,0,38,0,4,38,0
1a98b851f7b31a1614a4eb9fa28419e1,0,52803,NCBIGene:7092,TLL1,56544,ORPHA:99106,"Atrial septal defect, ostium primum type",5,2.0595238095238093,38,3.3397738322977863,0.48717948717948717,0.48717948717948717,1,1,2,0,78,85,1,1,0,38,0,1,38,0
2a7c8dcde8d1eccbf56d5dddb371c637,0,53287,NCBIGene:9451,EIF2AK3,9192,MONDO:0009192,Wolcott-Rallison syndrome,5,2.5833333333333335,38,3.343200165667488,0.48717948717948717,0.48717948717948717,1,1,2,0,78,81,9,1,10,38,0,2,41,0
35ab736e64909bc48fed45810d9d6489,0,53005,NCBIGene:8106,PABPN1,27096,MONDO:0958176,oculopharyngeal muscular dystrophy 1,5,2.6769230769230767,38,3.2639445116310504,0.7916666666666666,0.8837209302325582,0.8837209302325582,1,2,0,43,47,1,1,3,43,0,2,44,0
4a2f9614975af350225dc67d1ff23ee4,0,55425,NCBIGene:147912,SIX5,57046,ORPHA:107,BOR syndrome,5,3.1666666666666665,38,4.858620707959571,0.8636363636363636,0.8636363636363636,1,1,2,0,44,49,1,1,0,38,0,3,38,0
731c06ec1ea346f061b97dfddcf3dab2,0,52452,NCBIGene:5994,RFXAP,58930,ORPHA:572,Immunodeficiency by defective expression of MHC class II,5,2.1666666666666665,38,3.750686503309527,0.6229508196721312,0.6229508196721312,1,1,2,0,61,65,1,1,0,38,0,4,38,0
7f14bc7dd2ac77705dbabca021738082,0,51446,NCBIGene:2710,GK,10613,MONDO:0010613,inborn glycerol kinase deficiency,5,3,38,3.2201922013961397,1,1,1,1,2,0,38,42,10,1,8,38,0,5,39,0
816decc63512c799bc628adfc2a7e015,0,52771,NCBIGene:7021,TFAP2B,8209,MONDO:0008209,Char syndrome,5,2.8,38,3.2656307678385255,0.6551724137931034,0.76,0.8260869565217391,1,2,0,50,56,6,1,9,46,0,2,50,0
88c55a7028a7e38f365bb46ca5d38c0e,0,51271,NCBIGene:2138,EYA1,57046,ORPHA:107,BOR syndrome,5,3.1666666666666665,38,6.557628856994778,0.2602739726027397,0.2602739726027397,1,1,2,0,146,158,1,1,0,38,0,3,38,0
9054964caacc3c635776a007453a927d,0,55203,NCBIGene:91624,NEXN,27496,MONDO:0979243,"cardiomyopathy, dilated, 2M",5,2.8333333333333335,38,3.8376956709394014,0.5846153846153846,0.5846153846153846,1,1,2,0,65,77,1,1,4,38,0,2,39,0
df80bb34c44ebb0127f10b1a5236f020,0,52576,NCBIGene:6495,SIX1,57046,ORPHA:107,BOR syndrome,5,3.1666666666666665,38,6.32521004409824,0.35514018691588783,0.35514018691588783,1,1,2,0,107,121,1,1,0,38,0,3,38,0
f581f926b2f50c4d5a5d210e93406fca,0,53099,NCBIGene:8625,RFXANK,58930,ORPHA:572,Immunodeficiency by defective expression of MHC class II,5,2.1666666666666665,38,3.746607127323371,0.6229508196721312,0.6229508196721312,1,1,2,0,61,65,1,1,0,38,0,4,38,0
17ea873e87499bab63adb2e61d666c42,0,52186,NCBIGene:5148,PDE6G,19200,MONDO:0019200,retinitis pigmentosa,5,2.5873015873015874,37,3.21283945888758,0.7551020408163265,0.7708333333333334,0.9736842105263158,1,2,0,48,54,4,1,14,38,0,263,39,0
211b7247177420015eb3009023521f7d,0,54051,NCBIGene:27247,NFU1,11582,MONDO:0011582,multiple mitochondrial dysfunctions syndrome 1,5,1.703968253968254,37,2.2536298079985104,0.4457831325301205,0.4457831325301205,1,1,2,0,83,88,8,1,6,37,0,2,38,0
33c3c58eb28e585f7bfd1ea17ec4be86,0,52619,NCBIGene:6584,SLC22A5,8919,MONDO:0008919,systemic primary carnitine deficiency disease,5,1.9444444444444444,37,2.262212620189529,0.8043478260869565,0.8043478260869565,1,1,2,0,46,50,21,1,14,37,0,2,40,0
34aaa0afd6746d4b1203ede5260394bf,0,51341,NCBIGene:2313,FLI1,57034,ORPHA:370348,Peripheral primitive neuroectodermal tumor,5,4.25,37,5.391886841164716,0.29133858267716534,0.29133858267716534,1,1,2,0,127,135,1,1,0,37,0,1,37,0
46d03eeda818d0279e47a3a8031222a2,0,55554,NCBIGene:221264,AK9,58231,ORPHA:98913,Postsynaptic congenital myasthenic syndrome,5,1.8166666666666667,37,2.9304953115401773,0.7551020408163265,0.7551020408163265,1,1,2,0,49,52,1,1,0,37,0,12,37,0
63dda272bac0a1385fffe8b7aac72e19,0,50941,NCBIGene:1140,CHRNB1,58231,ORPHA:98913,Postsynaptic congenital myasthenic syndrome,5,1.8166666666666667,37,3.0290858783823564,0.5,0.5,1,1,2,0,74,80,1,1,0,37,0,12,37,0
7b34ecd03dfab35c83c360fedaec0254,0,50970,NCBIGene:1259,CNGA1,19200,MONDO:0019200,retinitis pigmentosa,5,2.5873015873015874,37,3.203648511930676,0.7872340425531915,0.8043478260869565,0.9736842105263158,1,2,0,46,52,4,1,14,38,0,263,39,0
9525f04f326ce98a6d3bd8d9d53c61d5,0,51305,NCBIGene:2222,FDFT1,23156,MONDO:0032566,squalene synthase deficiency,5,5,37,6.109315838393266,1,1,1,1,2,0,37,39,4,1,4,37,0,2,38,0
e0da4d3d263f816bb6386be9329b3db7,0,52433,NCBIGene:5949,RBP3,19200,MONDO:0019200,retinitis pigmentosa,5,2.5873015873015874,37,3.199172665449315,0.74,0.7551020408163265,0.9736842105263158,1,2,0,49,55,4,1,14,38,0,263,39,0
eb05dc5ef9693d4923219ac47c53442c,0,50709,NCBIGene:444,ASPH,11106,MONDO:0011106,facial dysmorphism-lens dislocation-anterior segment abnormalities-spontaneous filtering blebs syndrome,5,2.0277777777777777,37,2.4545905920466287,1,1,1,1,2,0,37,40,8,1,6,37,0,2,39,0
01fd98ad07afbb0b928161c226be12bd,0,54176,NCBIGene:51111,KMT5B,23007,MONDO:0030917,"intellectual disability, autosomal dominant 51",5,2.654589371980676,36,2.93426661821479,1,1,1,1,2,0,36,39,6,1,6,36,0,2,37,0
65e9f2fbde8ce287aa67cd51c5bea28c,0,55089,NCBIGene:84570,COL25A1,57298,ORPHA:45358,Congenital fibrosis of extraocular muscles,5,3,36,4.8957992119147535,0.4931506849315068,0.4931506849315068,1,1,2,0,73,78,1,1,0,36,0,6,36,0
711ae9d756602773f55327fd6d8aa0a1,0,55805,NCBIGene:101060691,NUTM2B-AS1,57512,ORPHA:98897,Oculopharyngodistal myopathy,5,2.1666666666666665,36,3.63283623712557,0.72,0.72,1,1,2,0,50,53,1,1,0,36,0,6,36,0
90ba31c4e30cdc39f571d01619ae5a85,0,55694,NCBIGene:353116,RILPL1,57512,ORPHA:98897,Oculopharyngodistal myopathy,5,2.1666666666666665,36,3.636891308235297,0.631578947368421,0.631578947368421,1,1,2,0,57,61,1,1,0,36,0,6,36,0
9411c375309e8883a3a7400540b63509,0,52395,NCBIGene:5825,ABCD3,57512,ORPHA:98897,Oculopharyngodistal myopathy,5,2.1666666666666665,36,3.6798002103712486,0.5142857142857142,0.5142857142857142,1,1,2,0,70,76,1,1,0,36,0,6,36,0
bd3eb9881e2df1935acbee3968d29c9d,0,55381,NCBIGene:137814,NKX2-6,56692,ORPHA:3384,Common arterial trunk,5,3.5833333333333335,36,4.83029597484203,0.5217391304347826,0.5217391304347826,1,1,2,0,69,74,1,1,0,36,0,2,36,0
d63d95143fbf66bedbcf5a4f2048a411,0,53637,NCBIGene:10984,KCNQ1OT1,7534,MONDO:0007534,Beckwith-Wiedemann syndrome,5,3.2333333333333334,36,4.563830271049863,0.27906976744186046,0.782608695652174,0.3025210084033613,1,2,0,46,50,9,1,14,119,0,19,122,1
fd9c04c1f80a0b7c545841820ddbcb27,0,53603,NCBIGene:10755,GIPC1,57512,ORPHA:98897,Oculopharyngodistal myopathy,5,2.1666666666666665,36,3.63283623712557,0.7346938775510204,0.7346938775510204,1,1,2,0,49,53,1,1,0,36,0,6,36,0
00a4ac4d055daa35d703416fd6ac4314,0,53550,NCBIGene:10555,AGPAT2,10020,MONDO:0010020,congenital generalized lipodystrophy type 2,5,1.8333333333333333,35,2.7177894070290014,0.7291666666666666,0.875,0.813953488372093,1,2,0,40,46,21,1,6,43,0,2,45,0
0a3733079ce42b73afecf7769c1f75dd,0,53886,NCBIGene:23530,NNT,55994,ORPHA:361,Familial glucocorticoid deficiency,5,2.1666666666666665,35,3.0472876055377753,0.6862745098039216,0.6862745098039216,1,1,2,0,51,54,1,1,0,35,1,5,36,0
147fd1ae12bbcb3815b6d4b8dc84f9e3,0,53077,NCBIGene:8518,ELP1,9131,MONDO:0009131,Riley-Day syndrome,5,2.7333333333333334,35,3.4534152293094906,0.45454545454545453,0.45454545454545453,1,1,2,0,77,87,17,1,13,35,0,3,37,1
467fd773509771e40e08c540aa2366b4,0,52453,NCBIGene:5995,RGR,19200,MONDO:0019200,retinitis pigmentosa,5,2.353968253968254,35,2.7950074020343645,0.8536585365853658,0.9210526315789473,0.9210526315789473,1,2,0,38,43,4,1,14,38,0,263,39,0
48286d7ada92a0b0c46649ce83c9559c,0,54558,NCBIGene:56246,MRAP,55994,ORPHA:361,Familial glucocorticoid deficiency,5,2.1666666666666665,35,2.8856057422659145,0.6140350877192983,0.6140350877192983,1,1,2,0,57,60,1,1,0,35,1,5,36,0
4934f2aa9b500263b02deb08a324aa88,0,52474,NCBIGene:6101,RP1,19200,MONDO:0019200,retinitis pigmentosa,5,2.353968253968254,35,2.8228832700628352,0.7142857142857143,0.7608695652173914,0.9210526315789473,1,2,0,46,51,4,1,14,38,0,263,39,0
7e2a160e5a4e73a8599251c204530370,0,50786,NCBIGene:668,FOXL2,56818,ORPHA:572333,Blepharophimosis-ptosis-epicanthus inversus syndrome plus,5,3.0833333333333335,35,4.2890623954073295,0.546875,0.546875,1,1,2,0,64,73,1,1,0,35,0,1,35,0
924032638662b8d19949c2133a10bc0f,0,53382,NCBIGene:9881,TRANK1,57419,ORPHA:33543,Kleine-Levin syndrome,5,4,35,6.092157675810753,1,1,1,1,2,0,35,36,1,1,0,35,0,1,35,0
98d98365411baf866cea18f92ce85c5c,0,53562,NCBIGene:10587,TXNRD2,55994,ORPHA:361,Familial glucocorticoid deficiency,5,2.1666666666666665,35,2.8856057422659145,0.660377358490566,0.660377358490566,1,1,2,0,53,57,1,1,0,35,1,5,36,0
a7df439b18b4702c52388823f0ff8cb4,0,54202,NCBIGene:51241,COX16,26537,MONDO:0859160,"mitochondrial complex IV deficiency, nuclear type 22",5,2.9242424242424243,35,3.563499646845079,1,1,1,1,2,0,35,38,1,1,5,35,0,2,36,0
e07df2f18edcd153987d427849fb5612,0,51886,NCBIGene:4158,MC2R,55994,ORPHA:361,Familial glucocorticoid deficiency,5,2.1666666666666665,35,2.9298213891619738,0.6730769230769231,0.6730769230769231,1,1,2,0,52,55,1,1,0,35,1,5,36,0
e5b5386a06fb4ab8f3f67c028c74277e,0,51899,NCBIGene:4193,MDM2,18875,MONDO:0018875,Li-Fraumeni syndrome,5,2.4761904761904763,35,4.479755503671833,0.5645161290322581,0.7142857142857143,0.7291666666666666,1,2,0,49,56,18,1,15,48,0,8,51,4
ea37cd8edb31351ebe5d6e1434671881,0,52684,NCBIGene:6770,STAR,55994,ORPHA:361,Familial glucocorticoid deficiency,5,2.1666666666666665,35,2.893939075599248,0.8536585365853658,0.8536585365853658,1,1,2,0,41,49,1,1,0,35,1,5,36,0
252d16b5f012d80de0ffb4d3a94c0b23,0,52555,NCBIGene:6424,SFRP4,9943,MONDO:0009943,Pyle disease,5,1.7023809523809523,34,2.2874289897097295,0.7083333333333334,0.8292682926829268,0.8292682926829268,1,2,0,41,44,11,1,12,41,0,4,42,0
3c430d81851907c87df91b4f15645fe8,0,53920,NCBIGene:24148,PRPF6,19200,MONDO:0019200,retinitis pigmentosa,5,2.353968253968254,34,2.8736627158683286,0.7083333333333334,0.7727272727272727,0.8947368421052632,1,2,0,44,49,4,1,14,38,0,263,39,0
494cd71bc29d645c3dccefc39f9a3843,0,55684,NCBIGene:346007,EYS,19200,MONDO:0019200,retinitis pigmentosa,5,2.353968253968254,34,2.843876706402038,0.7391304347826086,0.8095238095238095,0.8947368421052632,1,2,0,42,47,4,1,14,38,0,263,39,0
512a21c7311f6a02c45e80d818607ea0,0,51574,NCBIGene:3141,HLCS,9666,MONDO:0009666,holocarboxylase synthetase deficiency,5,2.25,34,2.784780333705998,0.6296296296296297,0.7727272727272727,0.7727272727272727,1,2,0,44,48,11,1,12,44,0,3,46,1
541ccdd9ab7f31c5faa56547f646cf1b,0,55705,NCBIGene:375298,CERKL,19200,MONDO:0019200,retinitis pigmentosa,5,2.353968253968254,34,2.7998349438114376,0.8095238095238095,0.8947368421052632,0.8947368421052632,1,2,0,38,43,4,1,14,38,0,263,39,0
544aefa62ec189bc6099a2be41994f71,0,51833,NCBIGene:4004,LMO1,58532,ORPHA:635,Neuroblastoma,5,2.033333333333333,34,2.996399693983379,1,1,1,1,2,0,34,35,1,1,0,34,0,6,34,0
68bcacb8442849832fa301123e8c5c5a,0,55729,NCBIGene:389421,LIN28B,58532,ORPHA:635,Neuroblastoma,5,2.033333333333333,34,2.996399693983379,1,1,1,1,2,0,34,35,1,1,0,34,0,6,34,0
7043b8511d2ae5c7871e1b90ce2dfc9e,0,53974,NCBIGene:26121,PRPF31,19200,MONDO:0019200,retinitis pigmentosa,5,2.353968253968254,34,2.818347271247718,0.7083333333333334,0.7727272727272727,0.8947368421052632,1,2,0,44,49,4,1,14,38,0,263,39,0
a1a9df6613c7c76095168c1692197ccf,0,51523,NCBIGene:2997,GYS1,12693,MONDO:0012693,glycogen storage disease due to muscle and heart glycogen synthase deficiency,5,2.8333333333333335,34,4.1081834459274775,0.7555555555555555,0.7555555555555555,1,1,2,0,45,48,14,1,8,34,0,3,35,1
a895ea4e5111e3c1fa49edeb68302286,0,55225,NCBIGene:92840,REEP6,19200,MONDO:0019200,retinitis pigmentosa,5,2.353968253968254,34,2.9062019305095985,0.7083333333333334,0.7727272727272727,0.8947368421052632,1,2,0,44,47,4,1,14,38,0,263,39,0
c393f8a17cf2279f7f5cca740639446f,0,55650,NCBIGene:326625,MMAB,9614,MONDO:0009614,"methylmalonic aciduria, cblB type",5,1.817099567099567,34,2.1288041425690127,1,1,1,1,2,0,34,40,10,1,9,34,0,2,35,0
e421e234a0feebc9829a975bf54697f3,0,55048,NCBIGene:84140,FAM161A,19200,MONDO:0019200,retinitis pigmentosa,5,2.353968253968254,34,2.8102262363680603,0.8292682926829268,0.918918918918919,0.8947368421052632,1,2,0,37,42,4,1,14,38,0,263,39,0
e5790d41c7ae38029810f4e967bef1e1,0,52473,NCBIGene:6100,RP9,19200,MONDO:0019200,retinitis pigmentosa,5,2.353968253968254,34,2.8051660282345425,0.7727272727272727,0.85,0.8947368421052632,1,2,0,40,45,4,1,14,38,0,263,39,0
e5f5fce24585009d68a2812bef8d6e28,0,51078,NCBIGene:1536,CYBB,10600,MONDO:0010600,"granulomatous disease, chronic, X-linked",5,2.2,34,3.801556107056462,0.5573770491803278,0.5573770491803278,1,1,2,0,61,68,11,1,8,34,0,3,35,1
ecb26db28c3d3d6cd8e88dfa256a0de3,0,51150,NCBIGene:1758,DMP1,58884,ORPHA:289176,Autosomal recessive hypophosphatemic rickets,5,2.3333333333333335,34,3.900694097448637,0.7727272727272727,0.7727272727272727,1,1,2,0,44,53,1,1,0,34,3,2,37,0
f6e9d2b986cc54056316d07764f6de4f,0,53211,NCBIGene:9128,PRPF4,19200,MONDO:0019200,retinitis pigmentosa,5,2.353968253968254,34,2.8220259160502184,0.7391304347826086,0.8095238095238095,0.8947368421052632,1,2,0,42,47,4,1,14,38,0,263,39,0
fcd4f231edefd2c23eba0b815a4140a1,0,51632,NCBIGene:3420,IDH3B,19200,MONDO:0019200,retinitis pigmentosa,5,2.353968253968254,34,2.820243107076744,0.7727272727272727,0.85,0.8947368421052632,1,2,0,40,45,4,1,14,38,0,263,39,0
00bb6176f795f4cd7caeda289df42a29,0,51517,NCBIGene:2979,GUCA1B,19200,MONDO:0019200,retinitis pigmentosa,5,2.353968253968254,33,2.7737023614502054,0.825,0.9428571428571428,0.868421052631579,1,2,0,35,40,4,1,14,38,0,263,39,0
085c9b1696430c117f48c93a961df85a,0,51202,NCBIGene:1906,EDN1,56256,ORPHA:137888,Auriculocondylar syndrome,5,3.0833333333333335,33,4.553976007051187,0.673469387755102,0.6875,0.9705882352941176,1,2,0,48,55,1,1,0,34,0,3,34,0
115ff679bf19194c826792176c84c284,0,55485,NCBIGene:166785,MMAA,9613,MONDO:0009613,"methylmalonic aciduria, cblA type",5,2.5357142857142856,33,2.907804390491897,1,1,1,1,2,0,33,39,21,1,11,33,0,3,34,1
252b006c7fa783d11abaf35ff348ba73,0,52102,NCBIGene:4864,NPC1,9757,MONDO:0009757,"Niemann-Pick disease, type C1",5,2.4166666666666665,33,3.1200656924757415,1,1,1,1,2,0,33,42,14,1,8,33,0,6,34,4
4f027b3a2029ebd52b019d513ce28d26,0,52565,NCBIGene:6452,SH3BP2,7315,MONDO:0007315,cherubism,5,3.6666666666666665,33,4.51514001611996,0.8461538461538461,0.9166666666666666,0.9166666666666666,1,2,0,36,39,6,1,13,36,0,3,42,0
55a7bd0861d82a24d1b24b2d9bba429b,0,53894,NCBIGene:23568,ARL2BP,19200,MONDO:0019200,retinitis pigmentosa,5,2.353968253968254,33,2.7998120093152705,0.6470588235294118,0.717391304347826,0.868421052631579,1,2,0,46,49,4,1,14,38,0,263,39,0
740314fabbc545acd3f79883bee060ab,0,51813,NCBIGene:3949,LDLR,58926,ORPHA:391665,Homozygous familial hypercholesterolemia,5,2.4166666666666665,33,4.654225912856123,0.825,0.825,1,1,2,0,40,46,1,1,0,33,0,6,33,0
7e39154a20cb7693bbbdf55e59ddeb01,0,50675,NCBIGene:338,APOB,58926,ORPHA:391665,Homozygous familial hypercholesterolemia,5,2.4166666666666665,33,4.5544784381086485,0.6,0.6,1,1,2,0,55,61,1,1,0,33,0,6,33,0
89397ef3caae06c3daa88123750fe017,0,51869,NCBIGene:4117,MAK,19200,MONDO:0019200,retinitis pigmentosa,5,2.353968253968254,33,2.8112451346599454,0.7021276595744681,0.7857142857142857,0.868421052631579,1,2,0,42,47,4,1,14,38,0,263,39,0
89998af2c2e4b63b1596a36236e525f8,0,54677,NCBIGene:57709,SLC7A14,19200,MONDO:0019200,retinitis pigmentosa,5,2.353968253968254,33,2.8276843559795415,0.75,0.8461538461538461,0.868421052631579,1,2,0,39,44,4,1,14,38,0,263,39,0
987bceb80d37689d6038999d35494347,0,55786,NCBIGene:768206,PRCD,19200,MONDO:0019200,retinitis pigmentosa,5,2.353968253968254,33,2.7979330399961615,0.7674418604651163,0.868421052631579,0.868421052631579,1,2,0,38,43,4,1,14,38,0,263,39,0
98a41fb9dc7e1fe371d3456acfb217b0,0,53928,NCBIGene:25794,FSCN2,19200,MONDO:0019200,retinitis pigmentosa,5,2.353968253968254,33,2.807188386902292,0.75,0.8461538461538461,0.868421052631579,1,2,0,39,44,4,1,14,38,0,263,39,0
a3b7cbc73bb5120bc979bc71525b140d,0,53753,NCBIGene:23020,SNRNP200,19200,MONDO:0019200,retinitis pigmentosa,5,2.353968253968254,33,2.8106456908765134,0.75,0.8461538461538461,0.868421052631579,1,2,0,39,44,4,1,14,38,0,263,39,0
a720f835ad62c3a79b4547ea3eb21f00,0,50969,NCBIGene:1258,CNGB1,19200,MONDO:0019200,retinitis pigmentosa,5,2.353968253968254,33,2.836220876648415,0.7674418604651163,0.868421052631579,0.868421052631579,1,2,0,38,43,4,1,14,38,0,263,39,0
a7bef6d113c4b650c5da5c34b61a882c,0,52183,NCBIGene:5145,PDE6A,19200,MONDO:0019200,retinitis pigmentosa,5,2.353968253968254,33,2.8734723389193286,0.7021276595744681,0.7857142857142857,0.868421052631579,1,2,0,42,47,4,1,14,38,0,263,39,0
b2193315bd419b2aa59c096ce42d14fa,0,53973,NCBIGene:26119,LDLRAP1,58926,ORPHA:391665,Homozygous familial hypercholesterolemia,5,2.4166666666666665,33,4.6036847873149975,0.8461538461538461,0.8461538461538461,1,1,2,0,39,43,1,1,0,33,0,6,33,0
c4443441a849371bec8e88fb695e36c4,0,52068,NCBIGene:4751,NEK2,19200,MONDO:0019200,retinitis pigmentosa,5,2.353968253968254,33,2.771628008442194,0.868421052631579,1,0.868421052631579,1,2,0,33,38,4,1,14,38,0,263,39,0
c8c23e7de25c983223543089e4ae7403,0,55703,NCBIGene:374969,SVBP,23374,MONDO:0032816,"neurodevelopmental disorder with ataxia, hypotonia, and microcephaly",5,1.6857142857142857,33,2.060292326901075,1,1,1,1,2,0,33,36,3,1,4,33,0,2,34,0
e3c854eea1d0a0523e87c8e517ef7219,0,54397,NCBIGene:55072,RNF31,27028,MONDO:0957981,immunodeficiency 115 with autoinflammation,5,2.2,33,2.897055216005165,1,1,1,1,2,0,33,36,1,1,4,33,0,2,34,0
04cecdca93b4a930ad08a0471b433a80,0,52539,NCBIGene:6334,SCN8A,56023,ORPHA:306,Self-limited infantile epilepsy,5,4.5,32,5.959082000011787,0.18497109826589594,0.18497109826589594,1,1,2,0,173,186,1,1,0,32,2,5,34,0
43f94da3b9c072f9147a3019465b4c44,0,51004,NCBIGene:1317,SLC31A1,26848,MONDO:0957211,neurodegeneration and seizures due to copper transport defect,5,1.9583333333333333,32,2.229132301266893,1,1,1,1,2,0,32,34,1,1,4,32,0,2,33,0
bf57a82cadc69b755520666819b1568a,0,54538,NCBIGene:55898,UNC45A,26541,MONDO:0859164,osteootohepatoenteric syndrome,5,3.1254901960784314,32,3.4899369185243656,1,1,1,1,2,0,32,34,1,1,4,32,0,2,33,0
f9f422ab51cd110285e7f8c222367f7a,0,51398,NCBIGene:2593,GAMT,12999,MONDO:0012999,guanidinoacetate methyltransferase deficiency,5,3.5833333333333335,32,4.066998699109148,0.5925925925925926,0.5925925925925926,1,1,2,0,54,59,9,1,13,32,0,3,34,1
fe0dea2bd04ff9cb2535a623f40037a1,0,53843,NCBIGene:23370,ARHGEF18,19200,MONDO:0019200,retinitis pigmentosa,5,2.353968253968254,32,2.9060072279490625,0.7111111111111111,0.8205128205128205,0.8421052631578947,1,2,0,39,42,4,1,14,38,0,263,39,0
0033e5e5b0eba61ddc3338b04701b4eb,0,53004,NCBIGene:8100,IFT88,19200,MONDO:0019200,retinitis pigmentosa,5,2.353968253968254,31,2.7669900557421365,0.8157894736842105,1,0.8157894736842105,1,2,0,31,32,4,1,14,38,0,263,39,0
1aee1d00f473f8880b2485b0b835fef3,0,52129,NCBIGene:4939,OAS2,25965,MONDO:0700392,autoinflammation and autoimmunity with immune dysregulation 2,5,2.9583333333333335,31,3.719625591685141,1,1,1,1,2,0,31,33,1,1,1,31,0,2,32,0
5b93e10ff0cf9bf8b051833b9ab24713,0,50819,NCBIGene:762,CA4,19200,MONDO:0019200,retinitis pigmentosa,5,2.353968253968254,31,2.7669900557421365,0.8157894736842105,1,0.8157894736842105,1,2,0,31,32,4,1,14,38,0,263,39,0
92e4a14df382cbcbb4fdc5e47942c872,0,54374,NCBIGene:54928,BPNT2,13561,MONDO:0013561,"chondrodysplasia with joint dislocations, gPAPP type",5,2.2666666666666666,31,2.622852417087155,1,1,1,1,2,0,31,34,3,1,6,31,0,2,34,0
bf1ddbd80942e327f1809b6dac326aba,0,52152,NCBIGene:5053,PAH,9861,MONDO:0009861,phenylketonuria,5,5,31,5.9112152966579155,0.36046511627906974,0.5,0.5636363636363636,1,2,0,62,68,12,1,17,55,0,17,57,9
e5549c0dfe01bc19527dcced876d66f4,0,55542,NCBIGene:207063,DHRSX,27380,MONDO:0975846,"congenital disorder of glycosylation, type 1DD",5,3.05,31,3.264001134801421,1,1,1,1,2,0,31,33,1,1,4,31,0,2,32,0
fb570e93a288e4f0904940dd59aad66a,0,51397,NCBIGene:2592,GALT,9258,MONDO:0009258,classic galactosemia,5,3.5,31,4.07358696797917,0.36470588235294116,0.36470588235294116,1,1,2,0,85,90,12,1,10,31,0,3,34,1
4dc5f352b2213bdfa7e715c89c2d48c6,0,53291,NCBIGene:9466,IL27RA,27604,MONDO:0980729,immunodeficiency 134 (Epstein-Barr virus-specific),5,3.2,30,3.9010508158564887,1,1,1,1,2,0,30,32,1,1,1,30,0,2,31,0
a34d4aafd77f62c2e8606cce728dd16e,0,54986,NCBIGene:81693,AMN,55902,ORPHA:35858,Imerslund-Gräsbeck syndrome,5,2.8666666666666667,30,3.4421938367624287,0.7142857142857143,0.7142857142857143,1,1,2,0,42,45,1,1,0,30,0,2,30,0
b9912acaa8d07fa26d3784f28de23a37,0,54630,NCBIGene:57393,CLTRN,59096,ORPHA:2116,Hartnup disease,5,1.69625042999656,30,1.8535905648966091,1,1,1,1,2,0,30,31,1,1,0,30,0,2,30,0
bfc0d298cf4e7bfe32da0527daadde21,0,50820,NCBIGene:763,CA5A,14332,MONDO:0014332,hyperammonemic encephalopathy due to carbonic anhydrase VA deficiency,5,2.3333333333333335,30,3.1910824839672105,1,1,1,1,2,0,30,33,9,1,6,30,0,3,32,1
ca1337e906545f798e8ca1eed569967f,0,54909,NCBIGene:79944,L2HGDH,9370,MONDO:0009370,L-2-hydroxyglutaric aciduria,5,1.8595238095238096,30,2.1192137956979837,0.75,0.8571428571428571,0.8571428571428571,1,2,0,35,39,5,1,8,35,0,3,36,0
035c62f149f385f53e95c1b18fc463f9,0,55431,NCBIGene:149041,RC3H1,23597,MONDO:0033557,"hemophagocytic lymphohistiocytosis, familial, 6",5,2.8333333333333335,29,3.5574674575154197,1,1,1,1,2,0,29,31,4,1,4,29,0,2,30,0
044a3c88fddc0ddbf18d7a244339be81,0,54184,NCBIGene:51128,SAR1B,9528,MONDO:0009528,chylomicron retention disease,5,1.7,29,2.2549064889789103,0.6904761904761905,0.8055555555555556,0.8285714285714286,1,2,0,36,39,7,1,9,35,1,3,37,1
189d3d12ad668ef982def824a2408747,0,53304,NCBIGene:9517,SPTLC2,56767,ORPHA:36386,Hereditary sensory and autonomic neuropathy type 1,5,2.3333333333333335,29,2.9794629953079914,0.5686274509803921,0.5686274509803921,1,1,2,0,51,54,1,1,0,29,0,4,29,0
5293d45b1554d6ba992909ff4643d74a,0,52032,NCBIGene:4665,NAB2,59082,ORPHA:2126,Solitary fibrous tumor,5,2.533333333333333,29,3.8951653755323306,1,1,1,1,2,0,29,30,1,1,0,29,0,2,29,0
54fa6f1956baf048768ba902a7f47fcb,0,50784,NCBIGene:662,BNIP1,27580,MONDO:0979899,"spondyloepiphyseal dysplasia, Holling type",5,2.533333333333333,29,3.139579101540219,1,1,1,1,2,0,29,31,1,1,1,29,0,2,30,0
66c58b143cfab34cc631758aaff05ea2,0,51214,NCBIGene:1962,EHHADH,56823,ORPHA:3337,Primary Fanconi renotubular syndrome,5,1.753968253968254,29,2.5846821391711563,0.6904761904761905,0.6904761904761905,1,1,2,0,42,46,1,1,0,29,0,4,29,0
6d71487259830969cc040713d197cdda,0,52266,NCBIGene:5337,PLD1,8913,MONDO:0008913,"cardiac valvular defect, developmental",5,2.8666666666666667,29,3.644105056656359,1,1,1,1,2,0,29,32,4,1,5,29,0,2,31,0
78e0f5c115fad9a6e956ff08187f914a,0,51416,NCBIGene:2649,NR6A1,27567,MONDO:0979866,oculovertebral syndrome,5,2.440909090909091,29,2.6248709861001616,1,1,1,1,2,0,29,31,1,1,1,29,0,2,31,0
8a30f2b250aa42c8d946516c83851ca7,0,54160,NCBIGene:51062,ATL1,56767,ORPHA:36386,Hereditary sensory and autonomic neuropathy type 1,5,2.3333333333333335,29,2.965553220871901,0.3372093023255814,0.3372093023255814,1,1,2,0,86,92,1,1,0,29,0,4,29,0
e895d276360d52e7e595d8ef396de1a8,0,55046,NCBIGene:84133,ZNRF3,56520,ORPHA:1501,Adrenocortical carcinoma,5,1.9166666666666667,29,2.9594442839715445,1,1,1,1,2,0,29,30,1,1,0,29,0,6,29,0
f75e66c9d4b693e4b7096591ef312e64,0,54417,NCBIGene:55163,PNPO,58565,ORPHA:79096,Pyridoxamine-5-phosphate deficiency-developmental and epileptic encephalopathy,5,3,29,4.239616562742453,0.6170212765957447,0.6170212765957447,1,1,2,0,47,50,1,1,0,29,0,1,29,0
1e4d70cd19f52234fd85f0777790d317,0,53500,NCBIGene:10342,TFG,57450,ORPHA:90117,"Hereditary motor and sensory neuropathy, Okinawa type",5,2.625,28,3.3735671325834504,0.358974358974359,0.358974358974359,1,1,2,0,78,87,1,1,0,28,0,1,28,0
3c45e5c5d4a08d73c1a14eda4bf4b454,0,52564,NCBIGene:6448,SGSH,9655,MONDO:0009655,mucopolysaccharidosis type 3A,5,1.6761904761904762,28,1.8762967928762657,1,1,1,1,2,0,28,32,20,1,11,28,0,2,30,0
3c8d551aad35283b9f3db12b0a377dd6,0,55181,NCBIGene:90332,EXOC3L2,27354,MONDO:0975799,brain malformation renal syndrome,5,1.7301587301587302,28,2.2230494766804423,1,1,1,1,2,0,28,30,1,1,3,28,0,2,30,0
8bfd873e16b21b4e94531a22406840d1,0,50680,NCBIGene:353,APRT,13869,MONDO:0013869,adenine phosphoribosyltransferase deficiency,5,2.575,28,3.2593862991772355,0.8235294117647058,0.9032258064516129,0.9032258064516129,1,2,0,31,34,10,1,11,31,0,7,33,5
e5e23a44118ed9fc65705a22c103749c,0,54603,NCBIGene:57104,PNPLA2,57943,ORPHA:565612,Primary triglyceride deposit cardiomyovasculopathy,5,2.25,28,3.175624027249059,0.27722772277227725,0.27722772277227725,1,1,2,0,101,105,1,1,0,28,1,1,29,0
fe278bf22327fb54b60206a3cc80eda9,0,55791,NCBIGene:100128908,CIROP,26598,MONDO:0859222,"heterotaxy, visceral, 12, autosomal",5,2.1166666666666667,28,3.058657773615839,1,1,1,1,2,0,28,32,1,1,5,28,0,2,29,0
4a02a470cb2c01729bcc5c8db7d487b0,0,51788,NCBIGene:3872,KRT17,58215,ORPHA:2309,Pachyonychia congenita,5,2.283333333333333,27,4.263748139714458,0.5510204081632653,0.5510204081632653,1,1,2,0,49,56,1,1,0,27,0,4,27,0
5a8e76a7875b132457b566f4389ef24b,0,52212,NCBIGene:5213,PFKM,9295,MONDO:0009295,glycogen storage disease VII,5,1.8222222222222222,27,2.3739852938500015,0.8181818181818182,0.8181818181818182,1,1,2,0,33,37,23,1,14,27,0,4,31,2
5d7c31f50bceb1e5d9f78fce1179e375,0,51781,NCBIGene:3854,KRT6B,58215,ORPHA:2309,Pachyonychia congenita,5,2.283333333333333,27,4.090803744565094,0.574468085106383,0.574468085106383,1,1,2,0,47,53,1,1,0,27,0,4,27,0
6adfe4659241a827a5d7c9617a9ecd3a,0,52665,NCBIGene:6697,SPR,12994,MONDO:0012994,dopa-responsive dystonia due to sepiapterin reductase deficiency,5,2.0416666666666665,27,2.206132293618941,0.5094339622641509,0.5094339622641509,1,1,2,0,53,57,9,1,11,27,0,3,30,1
b9cfe86f4eed1e2243918571c2fc0fa2,0,55227,NCBIGene:92949,ADAMTSL1,58944,ORPHA:521445,Microcephaly-facial dysmorphism-ocular anomalies-multiple congenital anomalies syndrome,5,1.6797979797979798,27,2.0003645724656693,1,1,1,1,2,0,27,28,1,1,0,27,0,1,27,0
c64b482ae374f3af4324803167bb4ac7,0,52034,NCBIGene:4669,NAGLU,9656,MONDO:0009656,mucopolysaccharidosis type 3B,5,1.6761904761904762,27,1.8755523005750423,0.6428571428571429,0.6428571428571429,1,1,2,0,42,51,18,1,11,27,0,2,29,0
e734cf089c2b47c1efc17cc4ba116b6b,0,53890,NCBIGene:23554,TSPAN12,57555,ORPHA:891,Familial exudative vitreoretinopathy,5,2.092857142857143,27,3.153803828913381,0.7714285714285715,0.7714285714285715,1,1,2,0,35,38,1,1,0,27,0,6,27,0
606099aeebd76c64e2ca61da6099f3ec,0,53520,NCBIGene:10452,TOMM40,58130,ORPHA:1020,Early-onset autosomal dominant Alzheimer disease,5,1.8802521008403361,26,2.1978964782611268,1,1,1,1,2,0,26,27,1,1,0,26,0,6,26,0
6a8c2ffd53d972e60d92eaca334166f7,0,52646,NCBIGene:6653,SORL1,58130,ORPHA:1020,Early-onset autosomal dominant Alzheimer disease,5,1.8802521008403361,26,2.1978964782611268,1,1,1,1,2,0,26,27,1,1,0,26,0,6,26,0
983455d9435143a54a9012278bfde09f,0,53878,NCBIGene:23509,POFUT1,22288,MONDO:0024534,Dowling-Degos disease 1,5,5,26,6.598908219907752,0.8387096774193549,0.8666666666666667,0.9629629629629629,1,2,0,30,34,7,1,4,27,0,2,28,0
a852298dc2a7d5448d9118c07a22087b,0,54585,NCBIGene:56983,POGLUT1,22288,MONDO:0024534,Dowling-Degos disease 1,5,5,26,6.551682046365789,0.5531914893617021,0.5652173913043478,0.9629629629629629,1,2,0,46,53,7,1,4,27,0,2,28,0
c3e2dec3efbe7bc2376ba9e7a7d91ea3,0,54248,NCBIGene:51601,LIPT1,14576,MONDO:0014576,lipoyl transferase 1 deficiency,5,1.699096225412015,26,1.823273942888445,1,1,1,1,2,0,26,29,3,1,5,26,0,2,27,0
d221a7750fd24731691eaf7ea8007aff,0,54532,NCBIGene:55851,PSENEN,22288,MONDO:0024534,Dowling-Degos disease 1,5,5,26,6.637185731869475,0.7647058823529411,0.7878787878787878,0.9629629629629629,1,2,0,33,36,7,1,4,27,0,2,28,0
faf6ae48659bf447e412517a83d4a6d3,0,50800,NCBIGene:713,C1QB,27107,MONDO:0958187,C1Q deficiency 2,5,2.15,26,2.673911800151445,1,1,1,1,2,0,26,30,1,1,4,26,0,2,27,0
1d1c375e2e10ed379e6d550e873f7a17,0,51167,NCBIGene:1794,DOCK2,14637,MONDO:0014637,DOCK2 deficiency,5,2.4125,25,2.742093788941719,1,1,1,1,2,0,25,28,4,1,6,25,0,2,26,0
52486cf2cb0f30e3251b3a263dc7a2db,0,53738,NCBIGene:22934,RPIA,12073,MONDO:0012073,ribose-5-P isomerase deficiency,5,5,25,12.050469626429692,1,1,1,1,2,0,25,28,2,1,8,25,0,2,27,0
aafe8e0449d83d529c94eb828162a78e,0,53406,NCBIGene:9971,NR1H4,57891,ORPHA:69665,Intrahepatic cholestasis of pregnancy,5,1.9166666666666667,25,2.444520794003161,0.5319148936170213,0.5319148936170213,1,1,2,0,47,51,1,1,0,25,2,4,27,0
b9345445b78e23a30dd884bb835c8ca2,0,53106,NCBIGene:8647,ABCB11,57891,ORPHA:69665,Intrahepatic cholestasis of pregnancy,5,1.9166666666666667,25,2.5287630880500758,0.36764705882352944,0.36764705882352944,1,1,2,0,68,77,1,1,0,25,2,4,27,0
054136941a05c98273e3939ac106a039,0,52153,NCBIGene:5054,SERPINE1,59300,ORPHA:465,Congenital plasminogen activator inhibitor type 1 deficiency,5,4,24,5.740467450906581,0.8,0.8,1,1,2,0,30,35,1,1,0,24,1,1,25,0
098d7004d399553ce38e35c0862d84b6,0,50878,NCBIGene:939,CD27,14054,MONDO:0014054,lymphoproliferative syndrome 2,5,2.1614551083591333,24,2.4232559172177357,1,1,1,1,2,0,24,27,6,1,6,24,0,2,25,0
162097da7b4ad915490fd2f32f36b378,0,54092,NCBIGene:29775,CARD10,22825,MONDO:0030484,immunodeficiency 89 and autoimmunity,5,5,24,6.965574582410623,1,1,1,1,2,0,24,26,2,1,4,24,0,2,25,0
3841be5e4e292a2dceffbcc085448956,0,51956,NCBIGene:4507,MTAP,7205,MONDO:0007205,diaphyseal medullary stenosis-bone malignancy syndrome,5,2.0833333333333335,24,2.928338831042022,1,1,1,1,2,0,24,27,13,1,7,24,0,2,28,0
57c8ca28e531e64eca2206d6c1e73d0e,0,50992,NCBIGene:1299,COL9A3,57947,ORPHA:166002,Multiple epiphyseal dysplasia due to collagen 9 anomaly,5,3.5,24,4.890411835777951,0.32,0.32,1,1,2,0,75,87,1,1,0,24,0,3,24,0
62c0105ce15e017dd4e70a86a0263417,0,52851,NCBIGene:7259,TSPYL1,12124,MONDO:0012124,sudden infant death-dysgenesis of the testes syndrome,5,3.369047619047619,24,3.817635766218078,0.5714285714285714,0.5853658536585366,0.96,1,2,0,41,44,4,1,6,25,0,2,28,0
659f3331e37436aecaedfa5398b06893,0,54739,NCBIGene:64091,POPDC2,25962,MONDO:0700389,cardiac conduction disease with or without cardiomyopathy 2,5,1.8333333333333333,24,2.3297820995635847,1,1,1,1,2,0,24,26,1,1,1,24,0,2,25,0
9770f3675d4897aab008b7084c91ee87,0,51200,NCBIGene:1893,ECM1,9530,MONDO:0009530,lipoid proteinosis,5,5,24,5.329559883897048,0.5106382978723404,0.5106382978723404,1,1,2,0,47,50,9,1,12,24,0,2,27,0
dd359ef76f9d1366c017f2104f228bbf,0,50760,NCBIGene:593,BCKDHA,22046,MONDO:0023691,maple syrup urine disease type 1A,5,5,24,5.397300704121122,0.6857142857142857,1,0.6857142857142857,1,2,0,24,34,4,1,4,35,0,2,36,0
0dd8280a72d75fc7d26add9e5259ff2f,0,52925,NCBIGene:7480,WNT10B,59443,ORPHA:99798,Oligodontia,5,1.95,23,3.012119928067309,0.5111111111111111,0.5111111111111111,1,1,2,0,45,51,1,1,0,23,0,12,23,0
13f66eb43d82e77f1c7fcfc53df95293,0,52877,NCBIGene:7341,SUMO1,59443,ORPHA:99798,Oligodontia,5,1.95,23,3.0057096716570526,0.8518518518518519,0.8518518518518519,1,1,2,0,27,32,1,1,0,23,0,12,23,0
2f3d0daf1f991e28559679151c7b632b,0,54764,NCBIGene:64388,GREM2,59443,ORPHA:99798,Oligodontia,5,1.95,23,3.039146955094336,0.8518518518518519,0.8518518518518519,1,1,2,0,27,30,1,1,0,23,0,12,23,0
56a1b20eb0ce398fd21d1f31990a1d67,0,52778,NCBIGene:7039,TGFA,59443,ORPHA:99798,Oligodontia,5,1.95,23,3.0057096716570526,1,1,1,1,2,0,23,24,1,1,0,23,0,12,23,0
6dc4ebb9a81253fdb7041daa02ef98df,0,53752,NCBIGene:23019,CNOT1,58984,ORPHA:556955,Pancreatic agenesis-holoprosencephaly syndrome,5,2.9583333333333335,23,3.483786920229899,1,1,1,1,2,0,23,25,1,1,0,23,0,1,23,0
af413bae6a89c08c63b67f3cb85eaffb,0,54892,NCBIGene:79827,CLMP,20718,MONDO:0020718,"congenital short bowel syndrome, autosomal recessive",5,3.0833333333333335,23,3.47999604061443,0.92,0.9583333333333334,0.9583333333333334,1,2,0,24,28,5,1,2,24,0,2,26,0
051229dafabc030f3922a8d8d393973f,0,51375,NCBIGene:2539,G6PD,10480,MONDO:0010480,"anemia, nonspherocytic hemolytic, due to G6PD deficiency",5,1.975,22,2.1289458827555436,1,1,1,1,2,0,22,35,10,1,7,22,0,4,26,0
40d8f0ef2e0dde16d125ceb5ec1de439,0,51229,NCBIGene:2019,EN1,23052,MONDO:0030979,"ENDOVE syndrome, limb-brain type",5,2.25,22,2.400805548133336,1,1,1,1,2,0,22,24,3,1,4,22,0,2,23,0
7b3a528e8adfcd145adadb35b52619b3,0,55410,NCBIGene:146059,CDAN1,9135,MONDO:0009135,"anemia, congenital dyserythropoietic, type 1a",5,1.7575757575757576,22,2.085318387769857,1,1,1,1,2,0,22,28,7,1,5,22,0,2,23,0
843fd135a4bc91978ea781e35b93e3b2,0,51818,NCBIGene:3972,LHB,9223,MONDO:0009223,hypogonadotropic hypogonadism 23 with or without anosmia,5,1.9333333333333333,22,2.3063649019393715,1,1,1,1,2,0,22,25,14,1,9,22,0,2,24,0
b03f065a9b81185bb9e7d0ac13183998,0,55160,NCBIGene:85465,SELENOI,58262,ORPHA:506353,Autosomal recessive complex spastic paraplegia due to Kennedy pathway dysfunction,5,2.142857142857143,22,2.5161522141127306,0.5,0.5,1,1,2,0,44,47,1,1,0,22,0,1,22,0
c1c40d9641e7cfae36633babb2485b79,0,53107,NCBIGene:8651,SOCS1,26050,MONDO:0800130,autoinflammatory syndrome with immunodeficiency,5,2.41025641025641,22,2.6401330096112403,1,1,1,1,2,0,22,25,1,1,4,22,0,2,24,0
01490bfe6ed0459dc85069e661cf2b90,0,52108,NCBIGene:4883,NPR3,26571,MONDO:0859194,Boudin-Mortier syndrome,5,3.625,21,3.836711832357571,1,1,1,1,2,0,21,23,1,1,3,21,0,2,22,0
22ed41b516ef763cf4e54f144e3e86ad,0,50942,NCBIGene:1141,CHRNB2,57106,ORPHA:98784,Sleep-related hypermotor epilepsy,5,2.3,21,2.7000559539603257,0.9130434782608695,0.9130434782608695,1,1,2,0,23,29,1,1,0,21,0,7,21,0
26b07747c51b48620e8eaffac1db3f24,0,51626,NCBIGene:3373,HYAL1,11093,MONDO:0011093,mucopolysaccharidosis type 9,5,4.2,21,4.794293455046021,0.9130434782608695,0.9130434782608695,1,1,2,0,23,26,10,1,12,21,0,2,23,0
271c450f1f64ac2dd0a3e9498b201287,0,50939,NCBIGene:1137,CHRNA4,57106,ORPHA:98784,Sleep-related hypermotor epilepsy,5,2.3,21,2.7000559539603257,0.7777777777777778,0.7777777777777778,1,1,2,0,27,36,1,1,0,21,0,7,21,0
2cd5d4e82ef3e15fb38bedaa3f9cba5f,0,54591,NCBIGene:57010,CABP4,57106,ORPHA:98784,Sleep-related hypermotor epilepsy,5,2.3,21,2.7000559539603257,0.7241379310344828,0.7241379310344828,1,1,2,0,29,33,1,1,0,21,0,7,21,0
4ec679fc9d995ce61e3ba4514d089106,0,52799,NCBIGene:7078,TIMP3,7640,MONDO:0007640,Sorsby fundus dystrophy,5,1.7,21,2.329479756255234,0.7777777777777778,0.875,0.875,1,2,0,24,27,10,1,9,24,0,3,25,0
58b35ea7289ee02aba7ed33f031810d4,0,51027,NCBIGene:1392,CRH,57106,ORPHA:98784,Sleep-related hypermotor epilepsy,5,2.3,21,2.7000559539603257,1,1,1,1,2,0,21,22,1,1,0,21,0,7,21,0
ade27da312c6171b2ff304f97d0d0c81,0,51994,NCBIGene:4582,MUC1,20726,MONDO:0020726,"tubulointerstitial kidney disease, autosomal dominant, 2",5,1.7242424242424241,21,2.006931081493369,1,1,1,1,2,0,21,24,14,1,7,21,0,2,23,0
2e098e35e264301a5de459ebc60e5c6b,0,51472,NCBIGene:2780,GNAT2,59093,ORPHA:49382,Achromatopsia,5,2.3333333333333335,20,2.8156143765025403,0.6666666666666666,0.6666666666666666,1,1,2,0,30,36,1,1,0,20,0,7,20,0
42e29dcd483ff5cb074a3574062c0ae0,0,52525,NCBIGene:6307,MSMO1,14793,MONDO:0014793,microcephaly-congenital cataract-psoriasiform dermatitis syndrome,5,3.1142857142857143,20,3.2200257535232084,1,1,1,1,2,0,20,23,6,1,5,20,0,2,21,0
627d7c274138ec99a2d95659a328fee0,0,52834,NCBIGene:7174,TPP2,23044,MONDO:0030971,immunodeficiency 78 with autoimmunity and developmental delay,5,1.827020202020202,20,2.0470556343502295,0.5882352941176471,0.5882352941176471,1,1,2,0,34,37,4,1,3,20,0,2,21,0
6827dd3f363514d05dc135a21fe65693,0,51601,NCBIGene:3229,HOXC13,13976,MONDO:0013976,"ectodermal dysplasia 9, hair/nail type",5,2.526923076923077,20,2.742533782768898,0.9090909090909091,1,0.9090909090909091,1,2,0,20,23,5,1,5,22,0,2,23,0
6cad3f9240f58ef859df62014b01999e,0,54917,NCBIGene:79991,STN1,56743,ORPHA:2032,Idiopathic pulmonary fibrosis,5,1.825,20,2.1335237567240455,0.5128205128205128,0.5128205128205128,1,1,2,0,39,45,1,1,0,20,0,14,20,0
9943a1b854d61af0155178745776efa1,0,54914,NCBIGene:79977,GRHL2,58151,ORPHA:98973,Posterior polymorphous corneal dystrophy,5,2.125,20,2.5094518820805525,0.4878048780487805,0.4878048780487805,1,1,2,0,41,57,1,1,0,20,0,5,20,0
b8a4f88c8f47145cbc239ce579024dd9,0,53456,NCBIGene:10144,FAM13A,56743,ORPHA:2032,Idiopathic pulmonary fibrosis,5,1.825,20,2.1335237567240455,1,1,1,1,2,0,20,21,1,1,0,20,0,14,20,0
e677dea3d280e8ecbf7833af1a4c6e2a,0,53209,NCBIGene:9103,FCGR2C,57204,ORPHA:3002,Immune thrombocytopenia,5,2.5833333333333335,20,3.389336890211192,1,1,1,1,2,0,20,21,1,1,0,20,0,1,20,0
f8001531d5e87d8c5a55bf96dd1c55d8,0,53734,NCBIGene:22926,ATF6,59093,ORPHA:49382,Achromatopsia,5,2.3333333333333335,20,2.9518204405698265,0.45454545454545453,0.45454545454545453,1,1,2,0,44,50,1,1,0,20,0,7,20,0
fb9cea13e3166e578f5adaf2b0b259f8,0,54749,NCBIGene:64170,CARD9,8905,MONDO:0008905,predisposition to invasive fungal disease due to CARD9 deficiency,5,2.783333333333333,20,3.2701919901468615,1,1,1,1,2,0,20,23,10,1,6,20,0,2,21,0
0921b84d861b6bb3892ed02f569a0e2f,0,52892,NCBIGene:7385,UQCRC2,14066,MONDO:0014066,mitochondrial complex III deficiency nuclear type 5,5,3.0984555984555984,19,3.186617190611459,1,1,1,1,2,0,19,22,6,1,5,19,0,2,20,0
0fb98498facd40634a11f489210c6ecb,0,55759,NCBIGene:442721,LMOD2,22982,MONDO:0030887,"cardiomyopathy, dilated, 2G",5,2.5,19,2.826583462963361,0.5757575757575758,0.59375,0.95,1,2,0,32,35,3,1,5,20,0,2,21,0
347158b8db967c5b6178cc1730bae8ef,0,55566,NCBIGene:223117,SEMA3D,55877,ORPHA:388,Hirschsprung disease,5,1.9621212121212122,19,2.049898528778272,1,1,1,1,2,0,19,20,1,1,0,19,0,14,19,0
3a8d0eac40f301fc8145a25f791175eb,0,53232,NCBIGene:9211,LGI1,25690,MONDO:0700090,"epilepsy, familial temporal lobe, 1",5,3.5,19,5.518651111498156,0.1792452830188679,0.1792452830188679,1,1,2,0,106,111,7,1,4,19,0,6,20,0
72c02e3d7038c711d3537c47187c77d0,0,52114,NCBIGene:4902,NRTN,55877,ORPHA:388,Hirschsprung disease,5,1.9621212121212122,19,2.049898528778272,1,1,1,1,2,0,19,21,1,1,0,19,0,14,19,0
7b88916804be52f879027ff49729398e,0,54777,NCBIGene:64780,MICAL1,25690,MONDO:0700090,"epilepsy, familial temporal lobe, 1",5,3.5,19,5.5014097321878115,0.5,0.5,1,1,2,0,38,41,7,1,4,19,0,6,20,0
9fa2554822e280120bdd12f24b08e44c,0,51396,NCBIGene:2591,GALNT3,25194,MONDO:0100252,"tumoral calcinosis, hyperphosphatemic, familial, 1",5,3.45,19,4.027793053323319,1,1,1,1,2,0,19,22,10,1,4,19,0,2,21,0
b3f9e958170126b32e034ad509f9e667,0,53537,NCBIGene:10512,SEMA3C,55877,ORPHA:388,Hirschsprung disease,5,1.9621212121212122,19,2.049898528778272,1,1,1,1,2,0,19,20,1,1,0,19,0,14,19,0
cd4ef9179a2c42b2662551ee32683ffa,0,52791,NCBIGene:7058,THBS2,27267,MONDO:0971044,"Ehlers-Danlos syndrome, classic-like, 3",5,3.75,19,4.501555379666739,1,1,1,1,2,0,19,23,1,1,4,19,0,2,20,0
cda5410e58412757b54e7e5ef1db75a5,0,53112,NCBIGene:8671,SLC4A4,11422,MONDO:0011422,autosomal recessive proximal renal tubular acidosis,5,2.3333333333333335,19,2.6966713319529756,1,1,1,1,2,0,19,22,8,1,6,19,0,3,23,1
34b72763c74de65f202a0031d0a0df67,0,51069,NCBIGene:1503,CTPS1,14391,MONDO:0014391,combined immunodeficiency due to CTPS1 deficiency,5,2.35,18,2.892065381799837,1,1,1,1,2,0,18,21,6,1,7,18,0,2,19,0
3a971352f2255e8a490b375e15594430,0,53802,NCBIGene:23218,NBEAL2,7686,MONDO:0007686,gray platelet syndrome,5,2.7261904761904763,18,3.06124052498036,0.6428571428571429,0.782608695652174,0.782608695652174,1,2,0,23,26,9,1,10,23,0,2,26,0
49c618d78a99c269e6cbbad8852a7d90,0,50783,NCBIGene:659,BMPR2,22287,MONDO:0024533,"pulmonary hypertension, primary, 1",5,4,18,4.241714174171716,0.72,0.72,1,1,2,0,25,39,13,1,4,18,0,2,19,0
8e8ba94c0fb8ed1e31ba4743a8bc3b86,0,54787,NCBIGene:64849,SLC13A3,23284,MONDO:0032716,"leukoencephalopathy, acute reversible, with increased urinary alpha-ketoglutarate",5,1.6905594405594406,18,1.763724949366935,1,1,1,1,2,0,18,20,6,1,5,18,0,2,20,0
339458a973041c90b3bd5078ebe66f1e,0,50674,NCBIGene:337,APOA4,27449,MONDO:0976234,"tubulointerstitial kidney disease, autosomal dominant 6",5,3.6,17,3.805801685639595,1,1,1,1,2,0,17,19,1,1,4,17,0,2,18,0
80d55958b35948007075b00338974b0c,0,54604,NCBIGene:57105,CYSLTR2,58482,ORPHA:39044,Uveal melanoma,5,3.3333333333333335,17,3.967708660792252,1,1,1,1,2,0,17,18,1,1,0,17,0,5,17,0
3c4f4a632e08c038f3a4a7c1e1e18846,0,54275,NCBIGene:51744,CD244,8383,MONDO:0008383,rheumatoid arthritis,5,2.0833333333333335,16,2.235491843561478,1,1,1,1,2,0,16,19,4,1,12,16,0,25,19,3
6effebf9e04b49f666a8255cb730bda7,0,55208,NCBIGene:91851,CHRDL1,10649,MONDO:0010649,isolated congenital megalocornea,5,1.9861111111111112,16,2.2549443476357265,1,1,1,1,2,0,16,21,7,1,6,16,0,2,17,0
9b0e61fbcaba0646cfe42d32436dd67d,0,52618,NCBIGene:6583,SLC22A4,8383,MONDO:0008383,rheumatoid arthritis,5,2.0833333333333335,16,2.235491843561478,1,1,1,1,2,0,16,19,4,1,12,16,0,25,19,3
e196a3139b42a0a8f32dbbe020b14d54,0,52083,NCBIGene:4795,NFKBIL1,8383,MONDO:0008383,rheumatoid arthritis,5,2.0833333333333335,16,2.235491843561478,1,1,1,1,2,0,16,19,4,1,12,16,0,25,19,3
ff7428c56122ec52b8eb72cd79c3bff6,0,53664,NCBIGene:11146,GLMN,56230,ORPHA:83454,Glomuvenous malformation,5,1.9722222222222223,16,2.4072642744904407,0.8421052631578947,0.8421052631578947,1,1,2,0,19,22,1,1,0,16,0,1,16,0
0fb4043142f0351242df9591b6d868ef,0,50910,NCBIGene:1053,CEBPE,24357,MONDO:0044207,specific granule deficiency 1,5,5,15,6.6321687633945325,0.5769230769230769,0.5769230769230769,1,1,2,0,26,32,8,1,4,15,0,2,16,0
71247abc936200fa69dc8d6382d481a4,0,51088,NCBIGene:1581,CYP7A1,56748,ORPHA:209902,Hypercholesterolemia due to cholesterol 7alpha-hydroxylase deficiency,5,3.0833333333333335,15,3.42626675845098,1,1,1,1,2,0,15,16,1,1,0,15,0,1,15,0
7d15c48f1042cd53812cfe6411dc6daa,0,51680,NCBIGene:3594,IL12RB1,59106,ORPHA:319552,Mendelian susceptibility to mycobacterial diseases due to complete IL12RB1 deficiency,5,2.1666666666666665,15,3.002438907980145,0.25,0.25,1,1,2,0,60,64,1,1,0,15,0,1,15,0
a00d349a60d9eba5fef0af0c230c5acc,0,51669,NCBIGene:3570,IL6R,22727,MONDO:0030069,"hyper-IgE recurrent infection syndrome 5, autosomal recessive",5,2.133073593073593,15,2.229162310824523,1,1,1,1,2,0,15,22,3,1,4,15,0,2,16,0
fca80ce4435dbce8ca219a172525373e,0,52602,NCBIGene:6550,SLC9A3,14808,MONDO:0014808,congenital secretory sodium diarrhea 8,5,4.5,15,5.333005482797596,0.3,0.3,1,1,2,0,50,54,11,1,5,15,0,2,17,0
9684326ec61443820f74d8ab16f8f4a8,0,51839,NCBIGene:4016,LOXL1,24988,MONDO:0100046,"exfoliation syndrome, susceptibility to",5,4,14,4.684181082729135,1,1,1,1,2,0,14,16,4,1,3,14,0,2,15,0
1866cb6e8090ee3776bac816cc26f7dd,0,52845,NCBIGene:7234,TRU-TCA1-1,26715,MONDO:0859354,"thyroid hormone metabolism, abnormal, 3",5,2.5833333333333335,13,3.051899510379,1,1,1,1,2,0,13,15,1,1,3,13,0,2,14,0
209e72521a075fbcf1c33b3c53a0182e,0,52485,NCBIGene:6137,RPL13,23440,MONDO:0032885,"spondyloepimetaphyseal dysplasia, Isidor-Toutain type",5,2.3223443223443225,13,2.361850615520736,1,1,1,1,2,0,13,16,3,1,4,13,0,2,14,0
2fa4b7f0fe8f1da92f55f1c606ba24a3,0,54935,NCBIGene:80206,FHOD3,22764,MONDO:0030317,"cardiomyopathy, familial hypertrophic, 28",5,1.85,13,2.0056212502425037,1,1,1,1,2,0,13,15,3,1,4,13,0,2,14,0
6ff0bf26b610b1a81521f115455769ca,0,53369,NCBIGene:9817,KEAP1,57409,ORPHA:276399,Familial multinodular goiter,5,2.6666666666666665,13,3.348425335651502,0.9285714285714286,0.9285714285714286,1,1,2,0,14,15,1,1,0,13,1,2,14,0
e2545090f1cf2b00e5fc9dadc7b3ba95,0,54280,NCBIGene:51776,MAP3K20,59179,ORPHA:488232,Split-foot malformation-mesoaxial polydactyly syndrome,5,5,13,6.781352101630739,0.1262135922330097,0.1262135922330097,1,1,2,0,103,109,1,1,0,13,0,1,13,0
5da977e0b92ba4eea9b14cab93612c5b,0,53708,NCBIGene:22820,COPG1,27370,MONDO:0975834,immunodeficiency 128,5,3.5833333333333335,12,3.7190666640913714,1,1,1,1,2,0,12,15,1,1,4,12,0,2,13,0
cb515ffc5f49dde818c211feb537f6e5,0,54393,NCBIGene:55034,MOCOS,11346,MONDO:0011346,xanthinuria type II,5,1.7526315789473683,12,1.7741629707845419,1,1,1,1,2,0,12,17,11,1,7,12,0,2,13,0
5089d973f5e74bd4b6e774f2ae74fd3a,0,51108,NCBIGene:1636,ACE,9970,MONDO:0009970,renal tubular dysgenesis of genetic origin,5,2.2553613053613053,11,2.289877066510076,0.4583333333333333,1,0.4583333333333333,1,2,0,11,21,7,1,6,24,0,9,27,0
a115887b7d9245cc6c227d91e9372f43,0,54971,NCBIGene:81494,CFHR5,13892,MONDO:0013892,C3 glomerulonephritis,5,2.257575757575758,11,2.315746657047277,1,1,1,1,2,0,11,16,4,1,6,11,0,2,13,0
d122fe3188ea9e85cb7f8a5631d13f91,0,52930,NCBIGene:7498,XDH,10209,MONDO:0010209,xanthinuria type I,5,2.25,11,2.540037142500075,1,1,1,1,2,0,11,16,15,1,8,11,0,2,12,0
0f338ea979ee0cd0a3080ea2838bd2fb,0,50808,NCBIGene:726,CAPN5,25390,MONDO:0100450,CAPN5-related vitreoretinopathy,5,2.447712418300654,10,2.4945119808649703,1,1,1,1,2,0,10,13,9,1,11,10,0,1,12,0
560537f4589bb398a9c8f98ab2d80c65,0,55198,NCBIGene:91181,NUP210L,27424,MONDO:0975958,spermatogenic failure 97,5,1.8125,9,1.8473223184527874,1,1,1,1,2,0,9,11,1,1,3,9,0,2,10,0
b0d1433c5332830be6048be1ef47eb5b,0,52256,NCBIGene:5321,PLA2G4A,18794,MONDO:0018794,cytosolic phospholipase-A2 alpha deficiency associated bleeding disorder,5,3.3095238095238093,9,3.4492835029072815,1,1,1,1,2,0,9,13,7,1,5,9,0,2,12,0
c13b48e2f98a8a0b4be1000d56fedf13,0,55024,NCBIGene:83872,HMCN1,11285,MONDO:0011285,age related macular degeneration 1,5,2.4434782608695653,9,2.480007301886252,0.8181818181818182,1,0.8181818181818182,1,2,0,9,12,9,1,6,11,0,8,12,0
d2a642017c9609fe59a8803bf87e80ad,0,52677,NCBIGene:6730,SRP68,26993,MONDO:0957809,"neutropenia, severe congenital, 10, autosomal recessive",5,1.7341666666666666,9,1.7393610623145221,1,1,1,1,2,0,9,11,1,1,4,9,0,2,10,0
14c184655ec459204c567525bc278df1,0,50775,NCBIGene:644,BLVRA,13595,MONDO:0013595,hyperbiliverdinemia,5,2.0396838272406086,8,2.04852432596964,1,1,1,1,2,0,8,11,4,1,5,8,0,2,10,0
39dc8371341c6f026cae16e9a8f6384e,0,54166,NCBIGene:51083,GAL,14650,MONDO:0014650,familial temporal lobe epilepsy 8,5,2.7672413793103448,8,2.7829934877485427,0.8888888888888888,1,0.8888888888888888,1,2,0,8,10,5,1,5,9,0,2,10,0
95d50d9d14457d7d863b276860f4cbac,0,53712,NCBIGene:22852,ANKRD26,8555,MONDO:0008555,thrombocytopenia 2,5,2.01359456217513,7,2.0161263975574983,1,1,1,1,2,0,7,10,6,1,7,7,0,2,8,0
a3e7cab916893e5af07713f49d44b77b,0,50809,NCBIGene:727,C5,12295,MONDO:0012295,complement component 5 deficiency,5,2.7,7,2.7911417572655357,1,1,1,1,2,0,7,12,7,1,7,7,0,2,9,0
886c5ac8fcc8af7985975eb22b3b0393,0,53307,NCBIGene:9525,VPS4B,25960,MONDO:0700387,"dentin dysplasia, type IB",5,1.8615522554735904,6,1.8618267545128437,1,1,1,1,2,0,6,10,1,1,1,6,0,2,7,0
173ae51a51434d26394c74ee5c45f9c1,0,54194,NCBIGene:51181,DCXR,9846,MONDO:0009846,pentosuria,5,2.7502326663564447,5,2.7502326663564447,1,1,1,1,2,0,5,8,7,1,10,5,0,2,6,0
