sym,date,R0,s,D1,D5,D10,opex_days,gex_pct,pre_align,rv_pre,surprise_size,clv0,gap_share
MU,2017-03-24,0.07143294609870354,1.0,0.01256740990917482,0.008389767743406829,-0.0025528795277178773,19,0.07569721115537849,0.11646165418308652,0.2885134601535845,4.023872804013463,-0.6842101740817126,1.6165043536214847
MU,2017-09-27,0.08170670899955468,1.0,0.02198650092164378,0.05211034154995842,0.09531206190841957,17,0.2948207171314741,0.19515958982875548,0.25258274800202185,3.8415181611516447,0.9024370576669003,0.7230063864318472
MU,2017-12-20,0.039456817003365785,1.0,-0.03155954427245167,-0.0931969764084637,-0.022555833806046532,19,0.9123505976095617,0.05659677544356212,0.497618853503971,1.5048327088510693,-0.08247420653257538,1.4937339035545483
MU,2018-12-19,-0.08246430563156437,-1.0,-0.012264515062349268,-0.029196951378536617,-0.035761522443331195,2,0.01195219123505976,0.17047604804161764,0.5416980521164746,2.7645542661633784,0.87878847929083,0.9038645765588447
MU,2019-06-26,0.12523515516513273,1.0,0.023888427030431814,0.038304023009846144,0.13032310473086905,16,0.42231075697211157,-0.2535219773379489,0.4246483061244853,5.511928155257669,0.4031416331299494,0.7437047713469693
MU,2019-09-27,-0.11755157075377909,-1.0,0.012993360884253846,-0.034101001260939956,-0.03983568432983642,15,0.3466135458167331,-0.07940846031252624,0.3015171014669634,4.969229078298123,0.8006648476084623,0.4862406247164214
MU,2021-01-08,-0.021594175249956216,-1.0,-0.022780391387496657,-0.056431867298019966,-0.04047872971515343,5,0.9203187250996016,-0.34620216331163967,0.3038723661611915,1.0229267621689186,0.9012698791887667,-1.965517931411325
MU,2021-12-21,0.10025180987126348,1.0,-0.013705597760643506,0.02811494349477961,0.02878094767280448,21,0.08764940239043825,0.1948092524365297,0.34327044606504464,4.956776986994098,0.7572564784414298,0.812344044806602
MU,2023-12-21,0.08276635614999961,1.0,0.00973863008457787,-0.007145488857169369,-0.010231050767492533,18,0.7171314741035857,0.1449795305959185,0.2867677081833183,4.625465335764164,0.6288700877512656,0.9319625329162521
MU,2024-03-21,0.13216681177215683,1.0,0.005169449381121183,0.06897156350455358,0.12501862954440934,20,0.9880478087649402,0.09496739536965837,0.4226472002412278,6.218241022439114,-0.5466104160605179,1.2386457302952854
MU,2024-09-26,0.13743938774938602,1.0,-0.020446617730780048,-0.0683234626562923,-0.04554856217501957,16,0.8565737051792829,-0.06849852088620612,0.5043642073462423,4.000762284787014,-0.35350836504375094,1.2101547007212536
MU,2024-12-19,-0.17648688813627977,-1.0,-0.025620669604928814,-0.0024404983937094116,-0.11512480885921583,1,0.06374501992031872,0.037034254401888234,0.4904829256078819,5.391950500444846,0.22378843054146022,0.8087327595840302
MU,2025-01-27,-0.12450439836212279,-1.0,0.040449570188641815,0.010474210465277523,-0.04244982997762747,18,0.450199203187251,-0.005344258426098314,0.5664767868519892,3.17738742219663,0.2894054886313119,0.6760391360510211
MU,2025-09-11,0.07278571836892755,1.0,0.04361617219182623,0.10780369858007433,0.0400958596776988,6,0.8884462151394422,0.1532344279613005,0.4261265561175189,2.8174234467967603,-0.31560490116178563,0.7374547760402479
MU,2025-12-18,0.09723517906813761,1.0,0.06147946626466538,0.11585534064526293,0.21134609880510347,1,0.33067729083665337,0.1087065875255071,0.6933756319603118,2.3921159225027355,-0.6193024972059634,1.325001378733337
NVDA,2017-05-10,0.16403808606282166,1.0,0.04410275131575969,0.06868430027788519,0.13011101161087146,7,0.9561752988047809,0.010645078482879322,0.24546410440737626,7.061379945505964,0.8641013633879414,0.6376129433512585
NVDA,2018-02-09,0.06479131019977258,1.0,-0.03218269572125054,0.005989849417087578,-0.00022265617633365764,5,0.0,0.11103641088537253,0.49539570995817495,2.517689950949916,0.3626579007732039,1.404968301661854
NVDA,2018-11-16,-0.20771154892950627,-1.0,0.11076316506716388,0.04869761774951176,-0.0134045204508495,0,0.10756972111553785,0.2743518515634622,0.7650008380064981,6.09544928982735,0.37679274828707576,1.0326100533112192
NVDA,2019-01-28,-0.14878471762626178,-1.0,0.046231244796488324,-0.04721219559024892,-0.033682015209113514,14,0.3705179282868526,-0.045346152612888435,0.5082541325359015,3.0687369275497876,-0.31766880227734734,1.0714810776470307
NVDA,2019-08-16,0.07001856817239172,1.0,0.05598036722072686,0.031833419286623865,0.03623676031286105,0,0.10358565737051793,-0.028820466216738616,0.41398032083577446,2.912233600192527,0.15021815830188526,0.9811909835383124
NVDA,2020-02-14,0.06784987551100552,1.0,0.025707064364655974,-0.012652951972402349,0.04103038178762897,4,0.9282868525896414,0.184539830744328,0.337812371137677,3.7141059549061235,-0.15496102371748255,0.8707616975336371
NVDA,2020-09-14,0.05655190736949134,1.0,0.004143382446842203,0.0065713616079401405,0.02526042591385913,4,0.3107569721115538,0.18255174457442758,0.6296407604767366,1.9730419970340327,-0.29506543573378263,1.284464677701073
NVDA,2021-11-18,0.07927214171367991,1.0,0.04231508339567336,0.017728319335901244,0.003846146358161384,1,0.9561752988047809,0.28789852844266983,0.5277095162794857,3.10463006837093,-0.5079912519053615,1.272626682763433
NVDA,2023-05-25,0.21808788007240443,1.0,0.012248829150495855,0.0033500865919076084,-0.015530762968563483,15,0.4541832669322709,0.1452290927275941,0.34943306131224183,10.285996613931093,-0.05448109412711183,1.0650918395176119
NVDA,2025-01-27,-0.18594610472238404,-1.0,-0.07694162134454174,0.012300860747134656,-0.11128677057343594,18,0.450199203187251,-0.004708854943478613,0.465180452345868,7.321565386024975,0.7059826206259757,0.7177952782307203
AMD,2017-05-02,-0.27745556183682973,-1.0,-0.007975439597653455,0.016460799743036603,-0.20597609574284403,13,0.7290836653386454,-0.04428492167558096,0.4151601540601289,8.50373809541591,0.972603419771497,0.5384273708178802
AMD,2017-10-25,-0.14472159572607435,-1.0,0.027587475863896316,0.14106987809286364,0.06644462797103756,17,0.5976095617529881,-0.15286499444515167,0.2534639768215432,6.368315304914734,0.9047620128882249,0.6610010953633964
AMD,2018-04-26,0.12836875116174662,1.0,0.005382220117054359,0.003939225458405637,0.07294217696102567,16,0.0796812749003984,-0.2549694613649578,0.4385469880399189,4.598851638348034,0.4827598680640738,0.8791111804999991
AMD,2018-07-26,0.13392079324826467,1.0,0.03844583461824458,0.027053697786537878,0.03397154692386639,16,0.8007968127490039,0.18344365963016696,0.35243204671956085,5.54894071778119,0.8765428028826852,0.4993420476753267
AMD,2019-08-08,0.1501785537802025,1.0,0.014763236079845754,-0.10284225634128807,-0.05709823093610167,6,0.1394422310756972,-0.10464080928347297,0.49552480176176084,4.757836711379644,0.7491023842533724,0.5134773922874937
AMD,2020-07-24,0.15273480298186737,1.0,-0.013481217375693078,0.09206348458276636,0.15921917374638994,20,0.3386454183266932,0.12177787376716953,0.5242828997547342,5.058688941621444,0.8166380402427935,0.4880325404809006
AMD,2022-02-02,0.04993943475084084,1.0,0.0017125777956952248,0.07857411517985202,-0.018391555144182448,12,0.2549800796812749,-0.20959089106259032,0.6125869831866209,1.2992912778904264,-0.5498931722575076,2.1305031153969356
AMD,2024-10-30,-0.112234506178849,-1.0,0.011161039064440992,0.042673269629248445,0.09381823385929433,12,0.4940239043824701,-0.1939497880147547,0.3876539371903783,4.059601560776977,0.800796376789568,0.7394288933804595
AMD,2025-02-05,-0.06472819927613394,-1.0,0.020123874475443948,0.001168107784342176,-0.008956977061101767,11,0.3904382470119522,0.18642751949823477,0.4613554665926699,2.6492429464521052,-0.971379515539954,1.6191209806453146
AMD,2025-08-06,-0.0663492128883254,-1.0,-0.05616919763403505,-0.10377273320932101,-0.004282943651140236,7,0.44621513944223107,-0.4056085060136976,0.3777677982985527,2.5153359966498403,-0.2696894158862764,0.8227201206355408
AMD,2025-10-06,0.2127539866770647,1.0,0.041289190087939964,0.07336601494064166,0.16673376208042878,9,0.7649402390438247,-0.04587386271600202,0.2629940828742924,8.232005809161738,-0.9409272703392472,1.4974135215567257
AMD,2026-02-04,-0.1901252430786382,-1.0,0.02660286482097529,-0.05637092916977249,-0.018255191828098205,11,0.2749003984063745,-0.1142063798348385,0.5155293570902236,5.6227436482282345,0.8929482120209052,0.6246100770581413
AVGO,2017-03-02,0.009943894921871532,1.0,0.004099724627268486,0.02742481494385718,0.022183892664715543,11,0.9920318725099602,0.19643952102947004,0.15522793055119724,0.7367130225856382,-0.7165160230073953,4.107846631721352
AVGO,2017-06-02,0.08157937851142982,1.0,-0.008419138882930888,-0.04184162803660563,-0.06824227044872133,10,0.952191235059761,0.0689502334030716,0.2539646296549651,6.307590012413853,0.778917501846876,0.7080773249472039
AVGO,2017-12-07,0.0,0.0,-0.0,-0.0,-0.0,6,0.5856573705179283,0.0,0.2681551688401755,0.0,-0.0,
AVGO,2018-01-31,0.02883576152372669,1.0,-0.036829368714259125,0.007910030780859056,0.04315728537803887,12,0.47410358565737054,-0.14269136080165756,0.2786446060491368,1.7038183971163745,-0.23430006219621755,1.2743548689152915
AVGO,2018-07-12,-0.1478582503746777,-1.0,0.03725707968731706,0.00039688576891228067,-0.0468558803486383,6,0.6772908366533864,0.005407631789210221,0.23107885422129618,10.374522476677098,-0.9531970416745396,1.094056629654754
AVGO,2019-03-15,0.07914744071655111,1.0,0.00853573125224516,0.01544675216736957,0.031115381485249394,0,0.8565737051792829,0.04464327542886792,0.1814796269822352,3.776911818829409,-0.1538951516491143,0.8321930196414763
AVGO,2019-06-14,-0.057289978345147485,-1.0,0.0002297644843598512,-0.013604687818163708,-0.06639445709305969,5,0.7450199203187251,0.12309937689697303,0.38338421384668725,3.284640007468333,-0.5932211913203088,1.5209855203181009
AVGO,2019-12-13,-0.038498550816183474,-1.0,-0.01730310997428397,-0.0005970821399081672,0.01801281653733744,5,0.9800796812749004,-0.12777788442570648,0.2132882639367028,2.671081470932563,-0.04918046455975636,0.7834994273587944
AVGO,2020-03-16,-0.2220554922298943,-1.0,-0.009074059975617388,-0.10398331384030435,-0.1598977920619591,4,0.02390438247011952,0.25793383542279225,0.7439268587511105,7.235595578073407,0.6188752918882512,0.5307581137244137
AVGO,2021-12-10,0.07947560278336141,1.0,-0.00709177427817842,0.028541127739645233,0.051507018162862295,5,0.7171314741035857,0.1847378244711293,0.26698795775538053,5.5756464961005445,0.0007641068116330887,0.845680595288548
AVGO,2023-09-21,-0.02710471679375903,-1.0,-0.02756021189283686,-0.03550011995572966,-0.03509372764307006,21,0.22709163346613545,0.1000743340201593,0.3436412759185764,1.4104083109769336,0.031742320496119886,1.6097461203345973
AVGO,2024-06-13,0.11572518300125356,1.0,0.03222982321102208,-0.015990822193796994,-0.04799613841016637,5,0.9800796812749004,0.11799528198455356,0.3358274923207566,5.0169962985287455,-0.364694421657096,1.1581413442488693
AVGO,2024-12-13,0.21859429960254761,1.0,0.10198891102704888,0.0038528839030291806,0.07366031292475306,5,0.8764940239043825,0.021484524592874976,0.40674492740573864,9.603995379109971,0.5565668324690444,0.7726265317466356
AVGO,2025-01-27,-0.1911218790615017,-1.0,-0.016989645614431836,-0.0770176627031045,-0.14174324733644905,18,0.450199203187251,-0.398765099642838,0.29048244369224185,4.804202095002759,0.46846757060112076,0.7161118778389437
AVGO,2025-09-05,0.08989029754481148,1.0,0.02917090745837214,0.05634999985915368,0.004455227404465134,10,0.9601593625498008,0.09665055110551446,0.27700722319350235,4.869014194268495,-0.7215085392944703,1.6731582504786497
AVGO,2025-12-12,-0.12135451487627336,-1.0,0.0560109360477421,0.054188114230853124,0.03861378036404162,5,0.8645418326693227,-0.14553814812376942,0.5173431508272917,4.387192459468589,0.6439480303379892,0.5537338364521321
AVGO,2026-06-04,-0.1345245636513095,-1.0,0.05637013090209653,0.057069740076261866,0.004446540370300234,10,0.4063745019920319,-0.36112949986873843,0.41724795280064986,5.142014766455958,-0.35492058538615073,1.178149074166673
TSM,2018-04-19,-0.05870314990487557,-1.0,0.0062654874841134856,0.025368633708064525,0.013251277668185235,1,0.7569721115537849,0.042500057289301285,0.31498191128261077,3.288416751278023,0.13402548371873524,0.828491617467829
TSM,2019-12-12,0.04734093344448187,1.0,-0.006760200126038285,-0.0229699684957394,-0.02046954439272053,6,0.8207171314741036,0.10377167687768107,0.17832314731484392,3.9818108820718483,0.9875020861645567,0.5040719149464912
TSM,2020-07-24,0.09251299286085413,1.0,0.11186930724005784,0.04791768851052147,0.037909790072735206,20,0.3386454183266932,0.2639686465428972,0.31351895483575654,4.449497969305078,-0.07942143308650272,0.6279986537954269
TSM,2021-07-15,-0.05672817655666407,-1.0,0.0074728125692757885,0.00991923958402463,0.02529087986500489,1,0.8884462151394422,-0.12476122944589907,0.22192814279660228,3.517350331967103,0.6553540303383433,0.615752566976609
TSM,2022-01-13,0.051297125521505116,1.0,0.010096795941023196,-0.05244041604996408,-0.11863649473823923,5,0.6334661354581673,0.11284171812970811,0.44908525942143834,2.4097253679481097,-0.9111828318597397,1.217270327081396
TSM,2022-11-15,0.10004415802058819,1.0,-0.004974309099491592,0.021990758989159254,0.008039344544284788,3,0.6812749003984063,-0.07193725148567598,0.4278568730610034,3.905348757606435,-0.6917827188879889,1.1797504637180027
TSM,2023-05-25,0.11337227243369963,1.0,0.009272897321784157,-0.05161320147781012,-0.01795776494821233,15,0.4541832669322709,-0.007516342722206026,0.2691591955457472,6.610370972991164,0.47309611905820137,0.653389714597587
TSM,2023-10-19,0.03627601911789835,1.0,-0.005006872588348976,-0.0274733267887175,-0.03660535661713382,1,0.23904382470119523,-0.029038549850336715,0.2412803694304858,2.59166086821772,-0.5416644149370734,1.0533522080736966
TSM,2024-01-18,0.09340985557213344,1.0,-0.002091090235698978,0.006822720686725958,-0.023144773547652875,1,0.749003984063745,0.04378083742395322,0.23747313864266933,5.875290374526232,0.8158562784517192,0.825255001945661
TSM,2024-07-17,-0.08312922238564369,-1.0,-0.011620485742135145,0.04029616591796081,0.020982583861614224,2,0.9760956175298805,-0.20056916126226199,0.33872123968579587,3.842106873696312,0.7726518587042865,0.7207974806346595
TSM,2024-10-17,0.09342699991682402,1.0,-0.028728568130065746,-0.033831037329598246,-0.05341301024125844,1,0.9362549800796812,0.08594518137511731,0.37235423664033496,3.288439009911359,-0.2718733133519367,0.8697326487502304
TSM,2025-01-27,-0.14302807656598393,-1.0,-0.042581575052786924,-0.04088123903824492,-0.06908765327725064,18,0.450199203187251,-0.15469167138622542,0.4003105166703227,6.026669440541797,0.519917335735165,0.8301167176791984
TSM,2025-04-07,-0.0043008215946391815,-1.0,0.01760304394824619,0.0025487086453290786,0.009189872128813725,8,0.0,0.3604145161534795,0.4916213507315574,0.12908391500671695,-0.2225639147636218,20.32928596614665
TSM,2026-01-15,0.04346113296850085,1.0,0.0030602681098699236,-0.01565751363346557,-0.03257927295636076,1,0.3545816733067729,0.13843903347973097,0.30350958636677955,2.3979878237833954,-0.44518886345120134,1.0786623936540098
AAPL,2017-02-01,0.05919361994543282,1.0,-0.002369025146634396,0.018140353350030836,0.019605385796014563,12,0.350597609561753,0.10284571822381494,0.08279896664674329,6.423805455825076,-2.192352635536721e-06,0.7727918966530557
AAPL,2017-06-12,-0.02418594543962671,-1.0,-0.003135486244094654,-0.0009788862328745651,-0.003034651166792024,4,0.5856573705179283,-0.04939440445045484,0.21816676811344268,2.2864137892221237,-0.6256995384005558,0.9091143528485781
AAPL,2017-08-02,0.04616853163890067,1.0,-0.008099554821109134,0.02540799508613656,0.025979351137600748,12,0.545816733067729,-0.025529313815843224,0.12674000609237368,3.883178824671044,-0.45404082049015193,1.2929815557987645
AAPL,2018-08-01,0.05724019235511424,1.0,0.023378820579596837,0.01189080074528892,0.039190032128930685,12,0.26693227091633465,-0.008060383661817383,0.15304870413114627,6.8245544559459645,0.8831484561180928,0.7933011995832392
AAPL,2018-11-02,-0.06863295875804054,-1.0,0.03430078941057868,0.03597349748534251,0.07634702861186238,10,0.20717131474103587,0.00395224114716175,0.34717010024556305,4.33687177465283,0.5012158765634688,0.8553543337913632
AAPL,2019-05-01,0.047918922106655604,1.0,-0.004367722383216144,-0.022091765221126103,-0.07432297691268674,12,0.6055776892430279,0.13203036504508248,0.1471927460207844,4.265886181107147,-0.5756552117030861,0.9364610353649762
AAPL,2019-07-31,0.020198849857778534,1.0,-0.01313063702086259,-0.03565156789705615,-0.002949380418655778,12,0.4820717131474104,0.1862568458020708,0.16112832255003606,1.281797692617877,-0.654420733786198,1.7793040595177942
AAPL,2020-02-28,-0.0005851509441745506,-1.0,-0.04662335284981811,-0.05169867718821042,-0.11206083361416752,15,0.0,0.06373387122063878,0.4045872920278037,0.031061122669859092,-0.5417408028446138,104.73779657032236
AAPL,2020-07-31,0.09956351358099713,1.0,0.017957276006855594,0.020299309713251112,0.04712166601922796,15,0.41832669322709165,0.16842545873392734,0.2759537670596574,5.973647848793647,0.9445443043675864,0.6758143662972825
AAPL,2024-05-03,0.05809554643480652,1.0,-0.019422343166313638,-0.020307156815173144,-0.00012272182457717662,10,0.35856573705179284,0.022856489563647386,0.2552090284162481,4.309403099119536,-0.66820192246841,1.304234050567063
AAPL,2025-04-07,-0.037425944574046355,-1.0,0.03531519149222451,-0.043195177791481854,-0.051636410131918,8,0.0,0.2135209940116276,0.5109675262841351,1.575502777081979,0.2995379391492268,1.6347537800887761
AAPL,2026-07-31,-0.07638294211415975,-1.0,0.03207448352141018,0.02030305115716402,0.04817890948078585,15,0.24302788844621515,-0.0562255295942542,0.2851834325336796,4.273353685985158,-0.6669787890033971,1.1749259737610327
MSFT,2017-10-27,0.06214702208634737,1.0,0.00468614635346043,0.0010623576141766122,-0.0007577477881453021,15,0.5418326693227091,0.062205032820763506,0.0812715605856058,8.285736817406788,-0.8455619837632116,1.1071590806351226
MSFT,2018-10-25,0.05680002789766192,1.0,0.005293620062829518,-0.034841165563903154,-0.006496511964787288,16,0.01593625498007968,-0.07473607824799533,0.35713052346788265,3.701134028230381,0.37820826323408585,0.7131903697502319
MSFT,2020-02-27,-0.07306434783498972,-1.0,-0.02813483960153551,-0.0333782815794903,-0.05274757034326516,16,0.00398406374501992,-0.06814528614343018,0.33161632060090457,5.227764348510864,0.9558017942981044,0.5623319244400221
MSFT,2022-01-26,0.02809481255657431,1.0,0.015443980360576148,0.0010825080676752918,-0.006536682706941299,17,0.0199203187250996,-0.13346207536289256,0.24736405216861387,1.7813079841358743,-0.5242414498511603,2.3280772428428684
MSFT,2022-10-26,-0.08029538884051313,-1.0,0.014599690128315856,0.03082640036680928,0.009012248953357727,17,0.5856573705179283,0.05649996171446947,0.3884518296251863,4.132272456511131,0.6941725908628802,1.0080789481118015
MSFT,2023-10-25,0.030216883161817698,1.0,-0.02618918783830715,0.0035629680648483486,0.017938528603288262,17,0.22310756972111553,0.02088022439419035,0.1915116587414271,2.536594779023391,-0.2890414369553619,1.4198993078114968
MSFT,2024-10-31,-0.062436813086407916,-1.0,-0.005632657114573725,0.0004529624341698124,-0.006774698656446532,11,0.3187250996015936,-0.056181072862036885,0.1269139970143564,6.286103039121645,0.9898543143924504,0.6487535877444902
MSFT,2025-01-30,-0.06380177946121268,-1.0,-0.005504807974281434,0.00011528444531094806,0.01850268188547588,15,0.4900398406374502,-0.044707664466087316,0.25080609068427884,4.093752092617598,0.6226824687194233,0.8578814413648912
MSFT,2025-05-01,0.07348608749930108,1.0,0.008224509326687723,0.017846038575464185,0.0074481003349067265,11,0.30278884462151395,0.016967568599373095,0.4674989238269499,3.650197033436299,-0.9172869890071056,1.181440542217836
MSFT,2025-07-31,0.038715517742395456,1.0,-0.0012313007771513895,-0.024285016417569416,-0.041029220415515155,11,0.6573705179282868,0.10524359644859516,0.10298311025339511,5.064319026880961,-0.8641208989148436,2.0311972750017215
MSFT,2026-01-29,-0.10528439833082892,-1.0,0.0044453720518413675,0.07243585477820247,0.05726697383132251,15,0.38247011952191234,0.02132286678600792,0.23988747656987572,7.932944318046746,-0.16201160178843146,0.8588567612941727
MSFT,2026-07-30,0.1441586392525318,1.0,0.02257200358280187,0.06705171044345448,0.04901859262278219,16,0.4940239043824701,-0.16482584325699712,0.2603635630214754,6.970877100938757,0.42171456473214286,0.7939873861918486
AMZN,2017-02-03,-0.036061309620379234,-1.0,0.0013753207430058367,-0.011662262165494486,-0.01737561827675327,10,0.5219123505976095,-0.10086646509295649,0.16367246779586347,2.5557141061737014,0.1328741470285382,1.1193656496947377
AMZN,2017-06-16,0.024121544377695425,1.0,-0.000766256148112987,0.014081699022446603,-0.01668914122311005,0,0.36254980079681276,0.06976216693531301,0.18244864189924964,2.329199755333184,-0.3566126377050801,1.3464982193667154
AMZN,2017-10-27,0.12413067896568464,1.0,0.012684065014372692,0.006759586980683352,0.02044721783605663,15,0.5418326693227091,0.004989582964470607,0.1278355387992879,12.745835862900083,0.8317290295568073,0.6804917464464864
AMZN,2018-02-02,0.028335697336223653,1.0,0.014386582177511542,-0.01329644769203231,0.02155185551116734,10,0.601593625498008,0.20359666412376054,0.2422758654100901,2.2855819186039676,-0.6202382185019882,2.151817858390475
AMZN,2018-07-27,0.005114123653926939,1.0,-0.015923149276001247,-0.004409422910042871,0.031118002987432725,15,0.7808764940239044,0.10678116743268173,0.21253763738194983,0.4617419767362617,-0.7078334070121477,7.224541985729381
AMZN,2018-10-26,-0.08142347029725894,-1.0,0.05979766390071539,0.010688215133105139,0.004278016563555198,15,0.055776892430278883,0.11436502059127918,0.4850463284662429,3.896174289869638,0.1659319124177198,0.9494182201432981
AMZN,2019-10-25,-0.010982306485900928,-1.0,-0.0032816273427940246,-0.002009664366148911,0.010203338758985048,15,0.649402390438247,-0.009325798823763165,0.16014387171739555,0.8277446010048853,-0.9167723088794576,4.3584126176021964
AMZN,2020-01-31,0.07119570893188065,1.0,-0.009653787911774181,0.002499461185628604,0.012759016918789001,14,0.3187250996015936,0.048790107071733146,0.18130559264096155,6.808987192430121,-0.7586571126780668,1.295789614487288
AMZN,2021-07-30,-0.078663308875492,-1.0,-0.003268602435754886,0.0038348103028242875,0.02691174745035596,15,0.6334661354581673,-0.10719500696176532,0.2349923713607846,6.032189458126878,0.326028272183385,0.9224551815022837
AMZN,2022-02-04,0.12694891576845713,1.0,0.005090411932171968,-0.00942142720078376,0.000299371056601494,10,0.2788844621513944,-0.2380564075763738,0.45575768872097355,5.969799464547176,0.327699641435583,0.8977515586698159
AMZN,2022-04-29,-0.15139791287665272,-1.0,0.00424485197300406,0.07799403290910156,0.06940672176587093,15,0.13147410358565736,0.050278810983726,0.4172615534114082,4.820239350613284,0.4184541793809302,0.7105438224508481
AMZN,2022-10-28,-0.07046806314523213,-1.0,0.002174932362640547,0.09495081533172023,0.04976443974621603,15,0.5298804780876494,0.13320462671452127,0.4797303957238901,2.7715520069566137,-0.8253981517475565,1.7755708813643278
AMZN,2023-08-04,0.07945180513430206,1.0,0.010118187700526526,-0.005746432652321332,-0.023219346269942598,10,0.7410358565737052,0.01800301451039399,0.28075130566417406,4.508007820538653,-0.8839906535438646,1.1336532814695712
AMZN,2023-10-27,0.06609496003096194,1.0,0.026284531699827696,0.02477636500319047,0.04641032527138744,15,0.0,-0.12189124541881569,0.3423381440889544,3.0858799525517258,-0.013334463612088331,0.8164912199160841
AMZN,2024-02-02,0.07572554877189663,1.0,-0.0051210821769487325,0.0014874825873985031,-0.02386116790864712,10,0.8326693227091634,0.09503399247844513,0.231719612277351,5.824220280112322,0.7330743962151106,0.7970718877248224
AMZN,2024-05-01,0.022599831917240465,1.0,0.022145400514439473,0.015953706172973092,-0.018846883075151588,12,0.24302788844621515,-0.014635247991820144,0.2792214369835017,1.5466937454562386,-0.43189674467185596,1.6478321202734354
AMZN,2024-08-02,-0.091947632103623,-1.0,0.012283708839380125,0.005902855509456906,-0.013729859148475576,10,0.2868525896414343,-0.02603273473105272,0.24634926270700588,6.6104135146092995,-0.7883186747502349,1.0747473619323584
AMZN,2024-11-01,0.060018526321249155,1.0,-0.008765568609573116,0.004040447019832527,-0.0020643000024209712,10,0.05179282868525897,0.046729491201190854,0.24216204819452739,3.729540237071695,-0.4770175169359612,1.0898294114566862
AMZN,2025-04-04,-0.04242073641032018,-1.0,-0.026389764518603087,-0.022818543431673888,0.03863242216882412,9,0.00398406374501992,0.2804675840229587,0.44873978495316513,1.9667308801485137,0.1762767295913686,1.5368124667023135
AMZN,2025-08-01,-0.08631653211497614,-1.0,0.02962605205139912,-0.011743724659811328,-0.038734003173442666,10,0.5577689243027888,-0.12932365037742422,0.16483433658764823,5.483405948937315,0.48952955392005115,0.8680426879797211
AMZN,2025-10-31,0.0915256890456213,1.0,0.03738985173455234,0.017170938585009843,-0.02484048923207194,15,0.6135458167330677,-0.05593114727972637,0.3016340963612211,5.611084722637954,-0.9263787313214524,1.259942308358519
AMZN,2026-02-06,-0.057150465515023896,-1.0,0.012446760170578663,0.043454541808007896,0.012315634286812482,9,0.19123505976095617,0.0186846350851555,0.3005289194663316,3.3308948431797307,-0.798743104072299,1.6457196194434438
AMZN,2026-07-31,0.14254579237115905,1.0,0.03064538580344678,-0.02388823960347608,-0.07191960062742009,15,0.24302788844621515,-0.08549567799583979,0.2883675768750199,7.418419978218854,0.7058780330579861,0.8279368374652091
META,2017-07-27,0.028747712668975467,1.0,0.01289777937843617,-0.009942326991843053,-0.003983620265225696,16,0.7729083665338645,0.08325819719835437,0.1768102660634134,2.5525638561406776,-0.2640799949583009,1.8587415979790403
META,2018-01-12,-0.04576714801950388,-1.0,0.0020543736696465587,-0.01588556834597732,-0.012156067843182683,4,1.0,-0.04911774503221089,0.14900480835316712,3.691859913917557,0.03431356049471365,1.1601612995724266
META,2018-04-26,0.08673998681237638,1.0,-0.004216577408158173,0.013148754478502056,0.04202763146981692,16,0.0796812749003984,-0.1278008295994537,0.32924203493615595,3.7685661834793462,0.22851914461535028,0.9376069999267553
META,2018-07-26,-0.2102387040223448,-1.0,0.001003631183118081,-0.003982317816932479,-0.03193045590459498,16,0.8007968127490039,-0.1578509746063963,0.21750406433354952,17.393224189877227,0.2131684683822826,1.0371146938500042
META,2018-10-31,0.037385597193908104,1.0,-0.010849140058561524,-0.03935202357723533,-0.04956790077950224,12,0.05179282868525897,-0.1574864677308705,0.39122291190543573,2.0963855299488605,-0.2392496108386811,1.5597656873909238
META,2019-01-31,0.10270444537607393,1.0,-0.006378009944725704,-0.0026392147644092034,-0.03292571562665003,11,0.4820717131474104,0.08126230122229572,0.34767195516970684,3.9676061604450608,-0.4940106903010645,0.9361221827426843
META,2019-04-25,0.056847960981747825,1.0,-0.013846769608568898,-0.0008010535495746041,-0.005514868672385376,16,0.6892430278884463,0.10652961667220673,0.16612801096761293,2.937792865631732,-0.6415096603000415,1.3353818602287928
META,2019-10-31,0.01789989329936237,1.0,0.00100540608532107,-0.022301337321684933,-0.012502015493751628,11,0.8565737051792829,0.005913870093706031,0.2685999604574657,1.101004151108198,-0.30894407279561586,2.4530226223075537
META,2020-01-30,-0.06333568956289604,-1.0,0.01872006824586503,0.012763556015451982,0.011141146191201656,15,0.2908366533864542,-0.10171868475050871,0.18162342636362735,5.760116484223757,-0.43113892822879074,1.2276954286850017
META,2021-04-29,0.0704332848110445,1.0,-0.006943273493416058,-0.026863708101672934,-0.05288512571315618,16,0.8446215139442231,0.17034538562192392,0.22796962771276327,3.866741236876488,0.5490225410939641,1.0262585765510805
META,2021-10-22,-0.051835395953107266,-1.0,-0.007142175055821376,0.01664666395617509,-0.016196083106214232,20,0.9083665338645418,0.07468238678782058,0.2997334849204206,3.24505441744928,0.17840563929164996,0.8968653164823293
META,2022-02-03,-0.30639058479708137,-1.0,0.00751312510123725,0.047681098934967636,0.11352595679763233,11,0.6573705179282868,-0.016009844418519492,0.37921264988173753,14.684952175615583,0.6718376315369898,0.9067632760956802
META,2022-04-28,0.16206440734872096,1.0,0.011755823714667102,0.04559095440891081,0.013514968373214309,16,0.03187250996015936,-0.15111668925076227,0.4595418179737919,3.306760351499286,0.6417143727399818,0.9151398800708529
META,2022-10-27,-0.2817938608218409,-1.0,0.010729166942806678,0.07284080195424725,-0.09500043204247444,16,0.5617529880478087,0.19111548596846628,0.46879972104669937,9.627837081972068,0.4901946118048621,0.9985509291475978
META,2023-02-02,0.20930746959795066,1.0,-0.0012513042686945752,-0.035671145151196626,-0.06987471020823843,11,0.8406374501992032,0.21506173198492995,0.31100105793297367,7.324160869872201,0.012941248276654412,0.8615967398538452
META,2023-04-27,0.1303745714937019,1.0,-0.0011483919609505122,-0.0035431022173160187,-0.01100012724973265,16,0.46215139442231074,0.17980319734141048,0.22470603639949419,3.828955090448472,-0.2723601819890397,1.0426436041272262
META,2023-07-27,0.04306880524177892,1.0,0.033485100219877495,0.012835975174823488,-0.004689709625293581,16,0.900398406374502,0.1305072392611928,0.2989993674341107,2.630101434084836,-0.7588660296872295,1.9779952965780383
META,2024-02-02,0.18496508599907724,1.0,-0.029702837938196502,-0.02835191756789346,-0.01390587940026311,10,0.8326693227091634,0.209945185112133,0.22265512885508015,13.278004139570898,0.33414219624804925,0.8219276292645172
META,2024-04-25,-0.11161666539091808,-1.0,0.00511130608999899,0.00237457153153553,-0.041700641860416,16,0.33067729083665337,-0.013156096719771249,0.29086848542888966,3.684828507157021,-0.7192206157194373,1.4150250003813427
META,2024-08-01,0.04712101575657002,1.0,-0.0006816339131621163,0.04663218683148429,0.058177794916733916,11,0.5856573705179283,-0.005586379881956205,0.4601353076866498,2.3236824185433784,-0.678358262855114,1.9692534913420605
META,2025-07-31,0.10663411086833552,1.0,-0.014235335916664482,-0.0153935346532581,-0.008983945176887609,11,0.6573705179282868,0.03559385884447952,0.1678336731566573,6.232639670383137,-0.17567601862778687,1.021315652499166
META,2025-10-30,-0.12030229171817108,-1.0,0.03083928193595664,0.059884238246922905,0.0771914841513821,16,0.9203187250996016,-0.019641659181528937,0.2316356070485361,8.93914829295513,-0.05878318373560849,0.9666406742912376
META,2026-01-29,0.09898342528172765,1.0,-0.02699853569196442,-0.07282974596107117,-0.10911294652531289,15,0.38247011952191234,0.03156681029358133,0.304829483213414,5.785194085281459,0.6381557880518633,0.9879512274919819
META,2026-04-30,-0.0893782399562566,-1.0,0.007942781485701822,0.0098424107656232,0.02964304496951442,11,0.4541832669322709,-0.021206017273059707,0.32829993804480007,3.7689551506585257,-0.14244480483363875,0.8653257795845368
META,2026-07-01,0.08442350821195799,1.0,-0.04888744185519833,0.02190138253127305,0.07424811521465013,11,0.2908366533864542,-0.0776131201911614,0.41847663711461974,3.4052005062207304,0.07353639109528312,0.9029741588048118
GOOGL,2017-04-28,0.03643662029537165,1.0,0.0064205571552551355,0.020700585813764327,0.028810115209157328,15,0.7928286852589641,0.039691904868611516,0.12014121468993565,5.524351485053454,-0.7949446145885354,1.1326696510473553
GOOGL,2017-07-25,-0.029768292256111106,-1.0,0.003886689052947201,0.023057012791860565,0.025321268728061952,18,0.5776892430278885,-0.006481924019933416,0.19292209146647937,2.607828068556677,0.19102409780735916,0.9421569885378465
GOOGL,2017-10-27,0.0417325822611323,1.0,0.0032095583672098194,0.01279769031628275,0.008614162600545594,15,0.5418326693227091,0.04940411247227727,0.13899277290025022,4.705865229721372,-0.6290460460792776,0.9377932401743413
GOOGL,2018-02-02,-0.05424683216273518,-1.0,0.009370776387088497,0.015410795249859,0.012871642660301497,10,0.601593625498008,-0.15506089104084841,0.10953957351873245,6.198852570429398,0.20218459112822534,0.8651040171846863
GOOGL,2018-07-24,0.03819595548797139,1.0,0.005554368093522832,-0.023896184490650896,-0.015836808961188886,18,0.3705179282868526,0.1094518212872555,0.21416310020492402,2.9874328906298135,-0.09202745198868693,1.266037925046934
GOOGL,2018-10-26,-0.018141263461389556,-1.0,0.040731050386011436,0.035800369503966145,0.052012431661392355,15,0.055776892430278883,0.1362268625231593,0.36764160363355675,1.149716455132164,-0.11060636208259994,2.831670964246576
GOOGL,2019-04-30,-0.07798232393354798,-1.0,0.014072344237588297,-0.004023723129130907,0.02700751224696063,13,0.7091633466135459,-0.12096273517884004,0.10994711221829351,7.417983137969813,-0.7753100773549118,1.0894040665163942
GOOGL,2019-07-26,0.09185172903658945,1.0,-0.0008952584137675856,-0.008476697238565478,-0.011275148272159363,15,0.6533864541832669,0.01418537571199785,0.13356119942045883,6.300346940706783,-0.1473123296417258,0.8483927064746474
GOOGL,2020-02-28,0.018311173605910724,1.0,-0.00785200157968724,-0.03707003179968016,-0.0026295000558631543,15,0.0,-0.018654515733875776,0.33664503397033185,1.2276233730564758,0.9137951942187574,-1.7144587179741049
GOOGL,2020-10-30,0.03733813892969717,1.0,-0.006078761098346597,0.015300724384905706,-2.6238868424677264e-05,15,0.12350597609561753,-0.09812184591489448,0.3638404182420863,1.8477565372488183,-0.6353620970056443,1.837416018989755
GOOGL,2021-02-03,0.07029538700296367,1.0,-0.013854762284261746,-0.008007670965300306,-0.00042530365340986975,11,0.7768924302788844,0.05201975011079352,0.3556842639980925,4.446752436268285,-0.025894180449352728,1.0464249064218492
GOOGL,2021-04-28,0.02927508105637333,1.0,0.007840156959063371,-0.014983571994799938,-0.04053775330454634,17,0.6533864541832669,0.10159534596443986,0.22063657722105462,1.6238470708787556,-0.8510744217918158,1.4810937398792425
GOOGL,2021-07-28,0.03130176695085041,1.0,-0.006467122757252142,-0.007483593207611605,-0.009858352056586028,17,0.3147410358565737,0.11269503667182956,0.19906978593457894,2.590776902593458,-0.45918357033847773,1.0511335205141223
GOOGL,2022-02-02,0.07254165233539567,1.0,-0.009952874063437811,-0.04467798071428586,-0.04807327363074787,12,0.2549800796812749,-0.031166966830672216,0.3074008101413027,4.7596425492901515,-0.17745726820470734,1.2994393213764335
GOOGL,2022-10-26,-0.09585591654958403,-1.0,0.023608455263866013,0.06868288714801096,0.06269066207502583,17,0.5856573705179283,0.04619797424345684,0.3085847656015475,4.993483415944612,0.8674043163041646,0.8364464172592803
GOOGL,2023-02-08,-0.0799420353051774,-1.0,0.03616114007937288,0.032834463976088024,0.06457224863837929,7,0.8007968127490039,-0.13858742282246173,0.4342174872703493,3.2805281334405616,0.47843049843896557,0.6671008665769894
GOOGL,2023-10-25,-0.09992420044064065,-1.0,0.014821499115273973,0.005498738210492959,-0.002306319291607295,17,0.22310756972111553,-0.057832459762673594,0.21101733304323544,7.419721265519214,0.6666658817490163,0.7988711618639682
GOOGL,2024-01-31,-0.07796511110495175,-1.0,0.0054657152330710446,-0.0070617332383280385,-0.008863268351272602,12,0.8286852589641435,-0.13351258233151508,0.18468314413934855,6.067523832338871,0.8886146661543464,0.681724409495841
GOOGL,2024-08-05,-0.04548053647532324,-1.0,0.015223869222099395,0.011340752998053816,0.032921958617016855,9,0.21115537848605578,0.05117028080551922,0.28514249713440576,3.203619032602827,0.09052477384868421,1.5239507859788102
GOOGL,2024-10-30,0.02778126039724249,1.0,0.0004088915034907714,-0.007156324844046047,-0.0041702734212103465,12,0.4940239043824701,0.07537808913203481,0.17353247493946025,2.11788990930217,-0.8994952718880052,2.260991843413196
GOOGL,2025-02-05,-0.07571945787984724,-1.0,0.002059388118741623,0.03976143690111833,0.04616849532354017,11,0.3904382470119522,-0.16853970302009103,0.28927011670635644,3.769860028348713,-0.39830601622862316,1.0179584497973906
GOOGL,2025-09-03,0.08742922478293824,1.0,-0.0012378169903053404,0.02315808087978599,0.05493263836627271,12,0.5258964143426295,0.17855300635008842,0.17990343423567082,6.237063237311935,0.800615499830328,0.7771800027591288
GOOGL,2026-02-05,-0.005389251243632209,-1.0,0.04465771609759628,0.07490418078121852,0.06764270465285183,10,0.2549800796812749,-0.03598077165972935,0.20793113926353854,0.31157044080488466,-0.89020191854614,11.978390723955563
GOOGL,2026-04-30,0.09496196887538044,1.0,-0.00045502964248722577,0.0158848950854642,0.0011704343304108633,11,0.4541832669322709,0.14211659522569242,0.24416507974583063,5.234465573730353,0.8961029854500279,0.7021889694684257
TSLA,2017-11-02,-0.07037752861026636,-1.0,-0.019233294822519564,-0.010137870552505479,-0.03930103476494873,11,0.896414342629482,0.07049086632010759,0.3281733458273679,3.575515501144867,0.1743462483321071,0.9587512991564577
TSLA,2018-03-28,-0.07975020560866941,-1.0,-0.01918177136725685,-0.14844855673106316,-0.10853976628589868,16,0.01195219123505976,0.22473268801458435,0.4448469598066823,3.026075604770742,0.3148384937007453,0.6735164446273681
TSLA,2018-04-03,0.05789960245802517,1.0,0.059399173397821414,0.11343908119287871,0.03716512297846242,13,0.00796812749003984,-0.32445589512082407,0.5365208242746201,2.0011292966746224,0.3828202152592896,1.1472105916338793
TSLA,2018-09-28,-0.14967862356105277,-1.0,-0.15649816328269184,0.0006825646454982071,-0.029257703982223493,15,0.8286852589641435,-0.02196157128288112,0.5189203008095424,4.063086304922199,0.5172022336983982,0.8628869581580825
TSLA,2018-10-01,0.15996630906971676,1.0,-0.031068112820796134,-0.2016359210119112,-0.1184824763721406,14,0.38247011952191234,-0.2777565476475399,0.744189855722015,3.846470313597326,0.8575547215116327,0.900012494496879
TSLA,2019-04-04,-0.08593722216784849,-1.0,-0.021631425221712686,0.0011929695218446668,-0.010417311255328077,10,0.8844621513944223,0.09642788972118055,0.37644788982024585,2.855945570997239,-0.35532269459560034,1.2588067651099297
TSLA,2019-10-24,0.16270738674075824,1.0,0.0866080468301047,0.039797190407186545,0.08735697848118296,16,0.5378486055776892,0.17365803502223898,0.3344737296065906,6.568407840524887,0.3324845444641081,0.9730747990721956
TSLA,2020-02-04,0.12861869702853346,1.0,-0.19993221304347575,-0.1545162174995358,0.005841532009831951,12,0.30677290836653387,0.8510613587909326,0.8126704955395714,3.6443935853968425,-0.21278966499930757,0.9639807872917096
TSLA,2021-10-25,0.11921843486746742,1.0,-0.007193429223748993,0.15509040205767022,0.09744724539570271,19,0.350597609561753,0.26035673614017085,0.2210168877821095,6.8512547873209675,0.6000791846882966,0.368456797032385
TSLA,2024-10-24,0.19818699146920782,1.0,0.033236694788405075,-0.023196050898221188,0.10303376665368535,16,0.2788844621513944,0.021000569235131827,0.4325103309261037,5.757076451430004,0.8315373366165459,0.6842632299575351
TSLA,2026-07-23,-0.15693077724657734,-1.0,0.022068251769690406,0.03923972401008946,0.040831565132886105,21,0.9322709163346613,0.13018028196013276,0.5702396562526212,5.0820468511038746,0.7004161593904352,0.5887951711785078
NFLX,2017-01-19,0.037918143080389655,1.0,-0.002295508996836393,-0.011059467081536933,-0.002508173414067283,1,0.9880478087649402,0.14710913670642967,0.22812662578350534,2.432503659446107,-0.9385804344801834,1.6771752087114313
NFLX,2017-04-25,0.05630050011634857,1.0,-0.012535538656597733,0.026882108025919838,0.03051497445876361,18,0.6374501992031872,0.0040407303275924455,0.21260946709185352,4.895538036946922,0.6273957784916541,0.4427118686885559
NFLX,2017-07-18,0.12701674012863728,1.0,-0.003984321623213383,0.011049882662921284,-0.01532264467756228,3,0.9123505976095617,0.03781171206159195,0.28549608086561234,7.109539168010169,0.7397781378183198,0.6725316818506659
NFLX,2018-01-23,0.09511841930712661,1.0,0.04343734776481156,0.11328988872597945,0.1110995087133193,18,0.8406374501992032,0.14821440002203268,0.2699969643537601,6.0014074979303755,-0.5314771620065547,1.1980620876983148
NFLX,2018-04-17,0.08790444741297465,1.0,-0.005333018161312264,-0.06332940555184452,-0.05065745860588855,3,0.250996015936255,0.0936317985667321,0.4994100890884946,2.852283859357449,0.6552182982090197,0.7812638861892999
NFLX,2018-07-17,-0.053861892485191465,-1.0,0.013630687264647001,0.06422655958098211,0.12044616210694148,3,0.8087649402390438,-0.20816197937387448,0.4255193641899161,2.6546652838194666,-0.7307325151890137,2.6639087654706644
NFLX,2018-10-17,0.051480972217635035,1.0,-0.0360399645913847,-0.1337523403905756,-0.1537339657843444,2,0.07171314741035857,0.055404096723105756,0.4840884755564855,1.9277638032990685,-0.30212746616280167,1.7127236065890072
NFLX,2019-07-18,-0.10838780434660933,-1.0,0.026010674582804594,7.136753708580912e-05,0.004271846006028035,1,0.9322709163346613,-0.04034038358788905,0.2154351725147603,6.362725018520667,-0.028272644478885393,1.0412282647415516
NFLX,2019-10-17,0.024396042231046522,1.0,-0.059118195504627824,-0.0810397246806045,-0.03389835503049943,1,0.900398406374502,-0.043439771697696195,0.3784808639382864,1.1791025638142665,-0.5061133086295164,2.5277815077051606
NFLX,2020-07-17,-0.0674513971809132,-1.0,-0.010878556904253323,0.023151389764632047,0.02318137805994347,0,0.896414342629482,-0.15638425331339212,0.480614620229507,2.8874348437022745,0.0899758762037382,0.9435711256123471
NFLX,2021-01-20,0.15575799657363198,1.0,-0.01205882399536673,-0.08877850215783267,-0.07802149644685619,21,0.46215139442231074,0.040633458069272876,0.3010732164205974,6.970114930020701,0.6184462664530519,0.7667471779269095
NFLX,2021-04-21,-0.07688464599141742,-1.0,-0.008939234159848208,0.007879150664614976,0.02474486824319566,22,0.5577689243027888,-0.029152429413525915,0.26965223537386374,3.71719499631919,0.10624213983139436,1.0230226597056813
NFLX,2022-01-21,-0.2457785334251752,-1.0,0.03062045909374378,0.042638808058013566,-0.007195464278317409,0,0.0,0.2600534832987784,0.24430464384865516,14.149053446040439,-0.20095969189390014,0.9701193703875187
NFLX,2022-04-20,-0.43257848949508704,-1.0,0.020805096405303924,0.11837624311851336,0.06738076295644024,22,0.398406374501992,0.11549519378762119,0.37486023133695673,12.742299251162505,0.24399032570376605,0.8134468227447733
NFLX,2022-10-19,0.1229823118681348,1.0,-0.007193674578343412,0.05594144080583874,-0.014864989380105165,2,0.3426294820717131,0.0612943700682016,0.6326472547934042,3.7004148968378545,0.16826968816446303,0.7766479124610253
NFLX,2023-01-20,0.08122591713468763,1.0,0.03071274646758715,0.02751546309546038,0.025327047774503342,0,0.46613545816733065,0.09215469563063916,0.3867911626067534,2.707407172386365,0.7361453139992887,0.7930212153004855
NFLX,2023-07-20,-0.08785875500288753,-1.0,0.02293955681336346,0.05772000956273393,0.007371944676669351,1,0.9920318725099602,-0.2678694505276291,0.29516114089746204,4.187179607944362,0.3430296136515489,0.7534136866533635
NFLX,2023-10-19,0.1488919969456921,1.0,0.010346114794914651,0.03748670712088886,0.045423956178022085,1,0.23904382470119523,-0.17687142074172835,0.23056315219487497,7.942099627920265,0.1396011135541852,1.0494662065076759
NFLX,2024-01-24,0.10168236837006717,1.0,0.02553048315181128,0.03988656636293042,0.0002906315059427733,17,0.8446215139442231,0.029254140237970905,0.23361730596887098,6.825161366044565,-0.3865521007092369,0.8706419920564766
NFLX,2024-04-19,-0.09533635245898164,-1.0,0.009960089635442593,0.015021585935079962,-0.010793268990912708,0,0.05179282868525897,-0.06288023030495538,0.2513375679446753,4.724348313359371,0.7853935857986484,0.7601137012592756
NFLX,2024-10-18,0.1051438202591326,1.0,0.012294994022660433,-0.0025906789800469454,0.01320142318562123,0,0.9362549800796812,-0.013677554791730273,0.21830541725380945,7.137912803322028,0.8409326911603038,0.6674279194128134
NFLX,2025-01-22,0.09252785640126593,1.0,0.026403050887719104,0.03267386892274171,0.06181828360438768,21,0.4701195219123506,-0.0018839920459905457,0.24833406360799906,6.064170045443852,-0.866084024469707,1.4877465104577152
NFLX,2025-10-22,-0.10611715476420702,-1.0,0.008405757620677967,0.04331264738455953,0.030712097479166367,22,0.8167330677290837,-0.018931881902095604,0.22259535741616956,7.3376755709631905,0.8287862687900589,0.7786734815905526
NFLX,2026-02-27,0.12902903644605423,1.0,0.008224914984207743,0.04851613853234227,0.025449204686569082,15,0.14342629482071714,-0.10707325828659364,0.4019995834307085,6.579468511324798,0.8346832131012941,0.842176396656329
NFLX,2026-04-17,-0.10228316454221531,-1.0,0.02381422998308569,0.0566786962193353,0.07015268395906737,0,0.9920318725099602,-0.3236043123358323,0.27330364919742695,4.042533777750494,-0.21428541485887714,1.0949008121210007
NFLX,2026-07-17,-0.07540209240438323,-1.0,0.018157916742200797,-0.022281582894297713,-0.03422949952306986,0,0.36254980079681276,0.18712956468829578,0.3992973301356451,4.042442098320181,-0.7551014052976764,1.684818611298646
LRCX,2017-04-19,0.06633688106350277,1.0,0.015050259872852578,0.04531589609022424,0.07590409626320938,2,0.47808764940239046,0.10350503168441882,0.14609541108908644,5.843015254717007,0.8820477081270097,0.7420797650751167
LRCX,2018-07-27,0.06951180049681538,1.0,-0.0063016109027307365,-0.022187702813275756,-0.07094807079355636,15,0.7808764940239044,-0.12980821504353823,0.3072050165382542,3.671849614135443,0.2283497678569896,0.6148345019344611
LRCX,2018-10-17,0.013062246195248761,1.0,0.0002443016123789832,0.000504119920969881,-0.0020895855244145167,2,0.07171314741035857,-0.16470555013091026,0.2719719620221415,0.6427237605539182,-0.7474213310884299,3.71838702365432
LRCX,2019-01-24,0.14580068993509387,1.0,0.0178390376612394,0.026759338530948362,0.06154862525478233,16,0.30278884462151395,-0.036572690852222145,0.4923997378552431,5.093317706416196,0.8388165660054475,0.517523997045895
LRCX,2019-10-24,0.13018067596188043,1.0,0.012529073899080867,0.010468771645912867,0.005869090292374146,16,0.5378486055776892,0.15464405264160552,0.3007302406684975,6.529274910748856,0.9640293100609254,0.6099409181045955
LRCX,2020-01-30,0.041800619420101714,1.0,-0.02350941638318904,0.0205852233729078,0.06572638567418831,15,0.2908366533864542,0.11121971339075065,0.2774088844843482,2.607852619545395,-0.21601309213909822,1.566411541821819
LRCX,2022-10-13,0.05005640318616056,1.0,-0.05527180911425322,0.04535873958022352,0.09555662750886906,6,0.06374501992031872,-0.4544345965448193,0.49033860174378413,1.6050253053452153,0.8178598477164225,-1.3724449612767666
LRCX,2023-07-27,0.08869771800505166,1.0,0.017394794470795283,-0.004213675142379358,-0.007767697937939744,16,0.900398406374502,0.02222626549778095,0.3099727231844868,4.191530114753752,0.3434998899090452,0.5586190707222297
LRCX,2024-08-01,-0.1038974170049567,-1.0,0.06577118746582311,0.015274478731302388,-0.05115382730120199,11,0.5856573705179283,0.015499542426274715,0.649664986996588,3.6138927194253037,0.4716199135033414,0.7210148825872488
LRCX,2025-07-31,-0.04383726852975034,-1.0,-0.03252996773947725,-0.044173757673626746,-0.10402587894632465,11,0.6573705179282868,-0.18347261070472687,0.2266336672340902,2.194756743031594,-0.6631122433210189,1.9378320834138922
AMAT,2017-11-17,-0.023616919438806505,-1.0,-0.018101142401648396,0.0012147557194648329,0.15071383487953982,0,0.952191235059761,-0.20434653904692146,0.23254721789104071,1.4647163495895246,0.8333326710593972,-1.8758328678214435
AMAT,2018-05-18,-0.08606837890101726,-1.0,-0.002357941641212058,-0.02368783732028712,-0.04155890002651619,0,0.6175298804780877,0.11901775303190965,0.30394213672087883,3.2298871961575744,-0.015543406504354288,0.8183812322636081
AMAT,2018-08-17,-0.08030628466253287,-1.0,0.007636003754820209,0.032605423063252204,0.035533160469849445,0,0.47410358565737054,0.023957014941833332,0.21943919896115008,5.001811818287435,-0.045455570062959826,0.7187066876347895
AMAT,2019-11-15,0.08575243011811651,1.0,0.003924625070260035,-0.10115636531456218,-0.0898462677518026,0,0.6215139442231076,0.09727838565110725,0.37792418382835136,4.207407358324704,0.3629646165235918,0.6703048729183285
AMAT,2020-09-08,-0.09149525307235074,-1.0,0.027314584856763524,-0.007158632513733387,-0.04859360502361376,8,0.2948207171314741,0.02638762701460795,0.4241105595074768,4.321091638330931,0.7489868663281317,0.7206856634030273
AMAT,2021-02-19,0.05179567037889399,1.0,-0.02832996962060008,0.014417461993705416,-0.035074298345898036,0,0.9442231075697212,0.27579269112967175,0.5556288206144063,1.902186741376204,-0.8000008174353511,1.3443845449063758
AMAT,2021-11-19,-0.05643241230498841,-1.0,0.013848999095447567,-0.01709186936645768,-0.0039546754539872,0,0.9920318725099602,-0.11772794587248736,0.3165018061601799,2.7862884747944263,0.9135637390675526,0.8893209868631293
AMAT,2023-11-17,-0.041007732159511256,-1.0,-0.018764619755928358,-0.006677625228031836,0.015159056773462964,0,0.9760956175298805,-0.13551732834664598,0.2732520973631655,2.249337996798539,-0.8706029045349288,2.0993573026598367
AMAT,2024-02-16,0.061533254303391516,1.0,-0.04815700459933936,0.006857351774111287,0.023228213409145937,0,0.9243027888446215,0.15721054279606061,0.39757861113813625,2.8645786922266074,-0.5205905005591129,1.1982933457360736
AMAT,2024-11-15,-0.09655824126022505,-1.0,-0.006805922277031584,-0.01838649961971761,-0.05170370804015256,0,0.8127490039840638,0.05598392336122249,0.2767245573318882,3.4956570800359166,0.5400588164713287,1.033168690543552
AMAT,2025-08-15,-0.1516040522873796,-1.0,-0.011100357914968662,-0.0016007425909059236,0.008700213759265552,0,1.0,-0.07814538776590929,0.29835019515741545,8.529267596432863,0.9827330394014542,0.9617802158506014
KLAC,2017-01-27,0.03435794726497887,1.0,0.007264990759894729,0.014846156221521856,-0.005476551068864133,15,0.8725099601593626,0.00892855882606769,0.17973474502308792,2.5346952335631987,-0.31867771020152935,0.9357458461681942
KLAC,2017-04-28,-0.05323100517357693,-1.0,-0.007108763320448741,-0.02053508315206587,-0.01458717303934387,15,0.7928286852589641,-0.12475779462840686,0.1880579590992862,5.935974231131565,0.8762241292276628,0.6100684879507292
KLAC,2018-07-31,0.0994919226844182,1.0,-0.0043929965010645056,-0.008711425062441602,-0.027140113946696243,13,0.2151394422310757,-0.08594460091014655,0.28079861988049265,6.013627808984766,0.07777744418797275,0.5151268556761556
KLAC,2019-05-07,-0.0633568909844886,-1.0,0.019430431016338012,0.04941034637668862,0.08564935899023052,8,0.6533864541832669,-0.0894290996019409,0.19973574075115527,4.918319244778371,0.04672827226250829,0.6542967512963471
KLAC,2019-11-21,-0.07209469261042756,-1.0,0.02159219746042851,-0.0010131960969870235,0.006704177314294846,20,0.5816733067729084,-0.07830244612256454,0.3013361293726795,4.25699248285331,0.433907455365095,0.6382285959979408
KLAC,2020-09-08,-0.10285261058587958,-1.0,0.019612304600757025,-0.014744724485619365,-0.05814291549402695,8,0.2948207171314741,0.04494854363665013,0.4244939297450301,4.432298998205768,0.8552012963054862,0.6325485600517402
KLAC,2021-01-14,0.046407203686131826,1.0,0.008141721712043193,-0.007899630273001446,-0.059175164195547136,1,0.9800796812749004,0.20597022907424778,0.25555703509255845,2.281481913624761,-0.7177643030662407,0.9247024933526006
KLAC,2021-07-30,0.0861240162515653,1.0,-0.004383336146162264,0.0057616382404668265,-0.07677152070935866,15,0.6334661354581673,0.012094279046223289,0.3478556320672489,4.035728684709944,0.19149043620983525,0.7071935386571757
KLAC,2021-10-28,0.04245442758017459,1.0,0.04583264032875878,0.12226678891903697,0.13804281412432307,16,0.7848605577689243,0.0017927451390353788,0.19095698906995173,2.427245757047754,-0.8443406236703699,1.7245354044453833
KLAC,2022-10-13,0.013481696364170404,1.0,-0.03169713361426352,-0.00397671927714871,0.06592103512375758,6,0.06374501992031872,-0.32601052883734116,0.42572145545206314,0.49402017611134685,0.6685311559871219,-4.306263338467043
KLAC,2024-08-02,-0.0826326863164839,-1.0,-0.040001815364769655,-0.07000800343350111,-0.1237957269794343,10,0.2868525896414343,-0.007406931905650005,0.7057743262757081,2.7544421260643297,0.5433938048139508,0.7394661105912832
KLAC,2026-01-30,-0.16536051018521558,-1.0,0.017283102580793575,-0.012409547733597925,-0.03990781839053703,14,0.4103585657370518,-0.3756073699500382,0.5245459604142717,6.118880141925988,0.8679827558202736,0.5431223231003804
ASML,2017-01-18,0.0591263736161185,1.0,-0.005356200366579245,-0.013906243850350108,-0.017420661860615638,2,0.9442231075697212,0.14066829007599857,0.1654295825576457,4.8822726605939275,-0.477157291600103,0.8757612807918176
ASML,2017-04-20,0.02459845076195588,1.0,0.003038135835288003,0.008296805604659063,0.023372511891001757,1,0.4063745019920319,-0.00550140463274662,0.18236877682144947,2.251523528548941,-0.006532297473845878,1.0156276944233573
ASML,2017-07-19,0.05023517553581058,1.0,0.02051133863748511,0.023781901313081555,0.0007655095107166332,2,0.9601593625498008,0.06042826074759411,0.27028415895453184,3.385719004984736,0.8671311882112541,0.7325807840344114
ASML,2018-01-17,0.0664212751759683,1.0,0.022451130863702318,0.0026086649247059057,0.010643392880813174,2,0.9920318725099602,0.046509801524926786,0.1830796978430245,4.484824050594788,0.37266971842332225,0.6799128245235074
ASML,2018-07-18,0.06425095869831665,1.0,-0.00841108180561001,-0.005542796441072362,-0.017768942404574162,2,0.9163346613545816,0.034857144369969006,0.31366956862176537,3.7748807350833826,0.7975559289626944,0.6525869823566726
ASML,2019-07-17,0.05997016687626999,1.0,0.03677258920184023,0.060246926463853434,0.024380944470013155,2,0.9960159362549801,0.0187105560806069,0.23544573089013962,3.644121383788281,0.12585547082320736,0.9984674703446706
ASML,2020-03-12,-0.09272027039451824,-1.0,0.01690558193131242,0.08653231147892892,-0.08486516295968016,6,0.01195219123505976,0.13212488435704195,0.588614703429049,3.6314255467302035,0.6302718198069864,0.7927964367713932
ASML,2021-09-28,-0.068291087765191,-1.0,0.04056051969817087,0.06111299149099114,0.07304061743503976,13,0.5099601593625498,-0.0856551624020101,0.2662634747468205,4.280892800899852,0.4594617200423784,0.7272111459111603
ASML,2022-01-10,-0.03901334588973526,-1.0,0.006334153102738327,-0.0030107047402756493,0.045383614268038386,8,0.10358565737051793,0.07850530557825586,0.3774860853684906,1.6357733275895665,-0.961357214715835,1.3781802468657673
ASML,2022-07-05,-0.03951863211028517,-1.0,0.0115455497864696,-0.007784657998366029,-0.1153371249018944,8,0.199203187250996,0.27571745297512074,0.5453890376532273,1.195669073614628,-0.9362124912587544,1.7851179660889231
ASML,2022-10-13,0.01759344521078532,1.0,-0.04394263178612867,0.07720795449276174,0.11963043297127207,6,0.06374501992031872,-0.35251398383478705,0.4912746328375987,0.5943628681143779,0.7759556462630411,-4.980833192743637
ASML,2024-01-24,0.08483891970581947,1.0,0.019944422903815706,0.03140421566454865,0.05887985588137035,17,0.8446215139442231,0.12810089574095684,0.30636832979020484,5.151638073148148,0.09267434426111298,0.7120278507320852
ASML,2024-06-05,0.09094934117483433,1.0,0.01078318931233202,0.013649571053854004,-0.013812744195049298,11,0.6095617529880478,-0.03299983339944035,0.27448507986954385,4.21817348101644,0.9865221957682835,0.7653290619964257
ASML,2024-07-17,-0.13632366378928928,-1.0,0.0008081821845182802,0.037134814156869034,-0.016033486483448378,2,0.9760956175298805,-0.14984733035962972,0.3051398383022775,5.994765146459704,0.8689808231241112,0.6427225492603161
ASML,2025-01-29,0.04198331287539414,1.0,0.02823110135198359,0.03715711633561902,0.056703513051124865,16,0.5537848605577689,0.01679348461278618,0.4223515155297744,2.0156925371372982,-0.32522773026913226,1.4800966617024989
ASML,2025-07-16,-0.08699150230986685,-1.0,0.01882665379773396,0.0668881676518609,0.06099738510811825,2,0.8685258964143426,-0.08182233783167181,0.2529082327854538,5.024391162916644,-0.574257306077722,1.0013717996670068
SMCI,2017-01-27,-0.06699334880203522,-1.0,0.03976417245296837,0.035903738329676416,0.014784395399075945,15,0.8725099601593626,-0.08018867141463615,0.27171284522259764,3.241355319041178,0.9423072867139408,-1.467767100503935
SMCI,2017-04-28,0.004106777931561667,1.0,-0.00046991976472043895,-0.015011860434216984,-0.014071880655486813,15,0.7928286852589641,-0.09043487023622698,0.2095988021123201,0.2682194603178905,0.2173914245336153,11.737195545889238
SMCI,2017-10-27,-0.05786344803615617,-1.0,0.027512793577512018,0.011695386028358734,0.02519003266675357,15,0.5418326693227091,0.174998320006574,0.2673226038722618,2.5621012075606604,-0.8229511836111886,0.9831324394176096
SMCI,2018-01-31,-0.07670140846907092,-1.0,0.009875118971104935,0.09059606206408621,0.12332028477566759,12,0.47410358565737054,-0.11146429837652094,0.33403837280708626,4.4628746588293335,0.19999943901535977,0.960086303975944
SMCI,2018-05-04,0.1632112396508646,1.0,0.07793131731879244,0.071028326937985,0.08724193346812403,10,0.1553784860557769,-0.08238392997965127,0.3039891471633036,7.37404842382483,0.5897438405455997,0.7947695145592942
SMCI,2018-08-22,-0.15915864174036487,-1.0,-0.09809007987826401,-0.23434804315940083,-0.23833151261644758,21,0.47410358565737054,0.2725822808218822,0.33373600187291264,8.59824369622857,0.14705831823056967,1.5888092488828127
SMCI,2018-10-04,-0.5296941646598585,-1.0,0.010387606194006221,-0.09661239686818449,-0.10616325277326408,11,0.35856573705179284,-0.05523613040087205,0.37590828754675276,14.183455995267115,-0.23123111512771236,0.6508105855142188
SMCI,2019-12-11,-0.013730179327818504,-1.0,-0.0051480939519871205,-0.018559582792345597,-0.06563649251325054,7,0.6812749003984063,-0.1598487226163121,0.18484111678623721,1.0558429692187814,-0.5683455458587189,4.753472319737786
SMCI,2020-01-10,0.11739983682292388,1.0,0.08184903467257265,0.07532222583793757,0.10250170008604909,5,1.0,0.08216414129498473,0.34657597669385903,7.005509782270993,0.4015748770595286,0.4155903355109222
SMCI,2020-08-12,-0.15858965613958065,-1.0,-0.0010401450487129704,0.003229579855517639,0.030347647421082202,7,0.47808764940239046,0.0262277784896221,0.2978175996276545,6.033478454155287,0.7366536568810453,0.5712664889155371
SMCI,2020-11-04,0.20110142954737575,1.0,-0.008451105008689952,-0.03328808285790652,0.004324076784973041,12,0.18725099601593626,-0.08661627159766028,0.40598295709904686,6.738007676122753,0.6240605547264685,0.7281259681999506
SMCI,2021-11-03,0.12203128669727348,1.0,0.1102381228379623,0.047890631128680416,0.007602192725176371,12,0.5976095617529881,0.009216697993677192,0.22490920994172667,6.9316796175804045,-0.1390388035724531,0.9094725276594082
SMCI,2022-05-04,0.27159218202747937,1.0,-0.030890704725164975,-0.05076562937082496,0.01089920382559173,12,0.13147410358565736,0.06671525714961923,0.8000402769790861,7.986901416095214,0.9448905628975923,0.40984544884942564
SMCI,2022-07-21,0.12485327914514666,1.0,-0.008461197990864644,0.010548266341662282,0.09779394231103322,21,0.4342629482071713,-0.08796177426538687,0.3842922916697794,2.6210857377310495,-0.24210521032276847,1.3312400923962118
SMCI,2022-10-20,0.09842879836872664,1.0,0.02668721252394013,0.046471703017859856,0.24662840750871218,1,0.3346613545816733,-0.19663964784734622,0.5250322262565164,2.767778333332079,-0.4969337118127911,1.4945860634620407
SMCI,2023-05-03,0.24894965501545396,1.0,0.02523329099163929,-0.009307604293605998,0.12398047594632944,12,0.6215139442231076,0.060492955757599276,0.6570830752505185,6.337850338200133,0.7589613150796374,0.42206625607004894
SMCI,2023-08-09,-0.266491958240072,-1.0,-0.04010678823327796,0.03391225301601164,-0.0483530672700101,7,0.6653386454183267,-0.2834309370437005,0.49593473426407875,6.313998466956215,0.6887235202649488,0.5864097037784393
SMCI,2024-01-19,0.3070161719306066,1.0,0.02785761205643711,0.10303105214132513,0.28975918086420505,0,0.9402390438247012,0.07619970459881964,0.5561541954655425,8.105703506913256,0.8813047531872328,0.3574100081188481
SMCI,2024-08-28,-0.21094290408987915,-1.0,-0.011857152539558768,0.05167353233113481,0.0044853263478761285,16,0.7768924302788844,0.3942762433486706,1.0551924962926893,4.160277465305196,-0.046916766522260116,0.5666601597866843
SMCI,2024-11-19,0.2718894736662265,1.0,-0.0917654996119257,0.1797455170698541,0.3623497810552494,22,0.3745019920318725,-0.7715601012334199,1.872946256403997,3.295254648261441,0.36760939062898385,0.8458987716272175
SMCI,2025-02-26,0.11538910398270907,1.0,-0.15785285098698454,-0.2534880273503255,-0.12331113054554654,17,0.06772908366533864,0.28257141993293233,1.3123136131168176,1.5879920522030069,-0.654722645387198,1.6388521667116542
SMCI,2025-05-14,0.14592535729696987,1.0,-0.028254840933506387,-0.06927860820189347,-0.09361631247048052,2,0.9322709163346613,-0.07550286025624109,0.9307613960171649,2.0155533575071254,0.10028615712190206,1.1401813611469864
SMCI,2025-08-06,-0.20193274591203547,-1.0,0.0017300325772184877,0.03446447776182815,0.1019683452391913,7,0.44621513944223107,-0.3207047674173942,0.5582491818234749,4.433231015722073,-0.18787850764384592,0.943174852060513
SMCI,2026-03-20,-0.40530272719417715,-1.0,-0.03943441491128441,-0.09036959874211492,-0.05557795724550463,0,0.027888446215139442,0.046017978029075035,0.5326812647455139,10.002696135166829,0.8690906871448864,0.771734674074004
PLTR,2021-08-12,0.10763975372996715,1.0,-0.001416487831907176,-0.017902776546592225,-0.003384154265931194,6,0.44223107569721115,-0.08816654002625413,0.3491742666739332,4.341546949963322,0.1999996492234245,0.8343005802731805
PLTR,2021-10-06,0.01581571103272683,1.0,-0.0022673690289045645,0.02241333677982338,-0.012692932954584624,7,0.20717131474103587,0.012137070662130878,0.6022732536120627,0.4904659250846256,-0.7228920923156823,4.469362279147076
PLTR,2022-02-17,-0.17135823221872082,-1.0,0.059346007986625704,0.027396497052617708,0.06005025573314571,1,0.47808764940239046,0.25123481951482596,0.6933893329139128,4.991964221141958,0.8599987030029297,0.7004184594960337
PLTR,2022-05-09,-0.23962884865041723,-1.0,0.02535974123921858,-0.07006322996093228,-0.07427967093968313,9,0.09163346613545817,0.2248299310007651,0.660423685306325,4.829641325483678,0.47169835086235595,0.8247250025808777
PLTR,2022-08-08,-0.153568622052771,-1.0,0.05581863227110695,0.028583893582598385,0.19713899734161888,9,0.4940239043824701,-0.22096247546623404,0.5997334460992461,3.21237801380902,0.6811602215290035,1.033239722493291
PLTR,2023-02-14,0.1919118771122177,1.0,0.08890782015763765,-0.0631489939137686,-0.1371059935261938,3,0.7529880478087649,0.03476288916860981,0.675875009939568,5.326781017203693,0.8591553583933148,0.6312041034884496
PLTR,2023-05-09,0.2101395164345372,1.0,0.0353643242068955,-0.00675610317420583,0.2726647746211448,8,0.7051792828685259,0.05170135778075413,0.38240780263436414,5.181694054492197,0.7294697385734136,0.8326535221402829
PLTR,2023-11-02,0.18600106269565986,1.0,0.04084696077340322,0.009432051900301719,0.05125452317926982,11,0.49800796812749004,-0.025150240975570615,0.4989294358933281,4.9012564993883645,0.39449563759681106,0.8513647280042184
PLTR,2024-02-06,0.2685103064731629,1.0,0.067825035579121,0.09315217926324193,0.032492203094351524,8,0.7848605577689243,-0.02422569675476227,0.4252674533094168,9.053051287667197,0.7438021023394971,0.7225617683866016
PLTR,2024-05-07,-0.1638498006816711,-1.0,-0.007352159729964836,0.009973773928024787,0.0346307894517488,8,0.8007968127490039,0.032393147615079165,0.4535058296607898,5.549422519008184,0.9259270771373954,0.8340132862966396
PLTR,2024-09-09,0.13171631877810297,1.0,0.0002673600645199947,0.018613702200848792,0.050728230727144386,9,0.18725099601593626,0.09287334236774303,0.3041281348439346,4.14146541253704,0.9103118301826436,0.57121078654203
PLTR,2024-11-05,0.21084903610942574,1.0,0.057990525242442637,0.12304256223920884,0.18513713864351722,8,0.14741035856573706,0.17966875590953713,0.3944503613781723,8.011858093541202,0.8112408566604289,0.6865466593135693
PLTR,2025-02-04,0.2150382288697621,1.0,-0.028122764760627916,0.07541563949761088,0.05792071012469968,12,0.21115537848605578,0.16560040998141812,0.6045243663114648,4.718590610157112,0.03749965727337425,0.9536380982327689
PLTR,2025-11-04,-0.0826766723280068,-1.0,0.018460882428136927,0.010273946560968916,0.10823624841664614,13,0.6294820717131474,-0.28309107865657523,0.3805909954969401,3.0410518749038578,-0.02169787896800018,0.9159538730311736
PLTR,2026-02-03,0.06624598300728657,1.0,-0.118628343625784,-0.12744813318556147,-0.14903960491386492,12,0.33067729083665337,-0.1753491489024741,0.37114833617159404,2.2173137687863647,-0.20387913434054716,1.6704285007319541
PLTR,2026-08-04,0.25816187911903477,1.0,-0.024350748218689766,0.07377971633420533,0.05819725421692201,13,0.601593625498008,-0.12021184902639792,0.4695009480793881,7.446278062101609,0.8248587448859004,0.5586920754844739
COST,2017-03-03,-0.04434451223090452,-1.0,0.01796859119639027,0.026074787363758567,0.008647169370944674,10,0.9681274900398407,-0.10818629736958219,0.15049101755539462,4.983636887431604,0.6381913400860317,0.9417974491064576
COST,2017-06-16,-0.07463783325379669,-1.0,0.02500549737044455,0.06359620152287171,0.04044819809813838,0,0.36254980079681276,-0.05713881351998218,0.09976263065322011,8.432164264076128,0.24642917477288953,0.7387880132789928
COST,2017-10-06,-0.06159406390923294,-1.0,0.01426054957926759,-0.015139492746116368,-0.012441861425033451,10,1.0,-0.06305923843332728,0.13230564323910254,5.37439208892203,0.6232873133158451,0.8037905724427233
COST,2018-10-05,-0.05710757006376266,-1.0,-0.02308396278903846,-0.07859578400292033,-0.08942303789298656,10,0.09561752988047809,-0.031125078286204477,0.1547436948915739,6.537860952830763,0.7777748514861264,0.5123081816780427
COST,2019-03-08,0.04962676354993878,1.0,-0.006222396650830575,0.00040264574819115495,0.024562399008336122,5,0.24701195219123506,0.0387502767948007,0.11609876606788054,2.9925714979839415,0.6430057073527045,0.7919583987087689
COST,2020-03-02,0.09494147810131892,1.0,0.008097421803092253,0.09623180466940795,0.16590714726575229,14,0.01195219123505976,-0.044454849144480946,0.2778579261641262,7.75314509988275,0.9591842231064968,0.4868518839104372
COST,2022-05-18,-0.13297524631364954,-1.0,0.009038754402004301,-0.010672562623266657,-0.06401052888209868,2,0.22310756972111553,0.12455854821451062,0.3574646910361172,7.270539437735555,0.7532431236462724,0.48232757478675337
COST,2022-12-01,-0.06788086263550408,-1.0,0.01753622553533507,0.017831965625897617,0.038059007461781036,11,0.8167330677290837,-0.10370319738158074,0.25990727497239735,3.620588157959854,0.30209020043819446,0.5598877101528813
COST,2024-03-08,-0.07949129489518736,-1.0,0.015088522431436324,-0.0037967749989737953,0.005720901278694512,5,0.8764940239043825,-0.16337519842191117,0.12237482994858029,6.9732430664583225,0.9704356012316865,0.4821605517655192
COST,2025-03-07,-0.06261430981722338,-1.0,0.004500791848476737,0.04164533171170248,0.037831747283626704,10,0.00796812749003984,-0.10671211086705412,0.2250642098164015,5.058483260866351,0.27800184415555174,0.4972285561777988
LLY,2017-04-17,-0.04160828536141814,-1.0,0.011438748600234305,-0.0015223173236167398,0.024190576835100508,4,0.07569721115537849,-0.06780417901882885,0.10543622367600491,4.663652946552142,-0.35106223241279955,1.317162830963753
LLY,2018-07-24,0.0490687392127116,1.0,0.02397510585164042,0.05783770907014851,0.07402950523666973,18,0.3705179282868526,0.0719466117945462,0.11437658232845856,5.680098142533386,0.7819130695918073,0.49382741548329506
LLY,2018-10-04,0.03944372242193417,1.0,0.023419416677839422,0.015519389678797069,0.048927063802016946,11,0.35856573705179284,0.06347114903151407,0.10576559769997135,3.9102888862327023,-0.15948396347098034,1.1409671969627417
LLY,2019-03-11,-0.025580907172574996,-1.0,0.00376387377028653,-0.00011677642332141858,-0.048140190181713116,4,0.2749003984063745,-0.07785487331651808,0.15071080301298967,1.6977655385816846,0.17500230471146602,1.222201482738496
LLY,2019-10-23,-0.022464531837113277,-1.0,-0.0024557960377258325,-0.03424092317937255,-0.03426701780751529,17,0.5179282868525896,0.017507914801649704,0.1969580174087414,1.5593046780371378,-0.8904543012357471,1.5840808197239613
LLY,2020-06-16,0.14565553083565064,1.0,-0.018947807817563778,-0.024144382626078986,0.01767420688839927,3,0.8167330677290837,-0.10565011252657719,0.25947976188086797,5.778790227255288,0.4014500154674864,0.682872490570771
LLY,2020-10-27,-0.07166811171042475,-1.0,-0.030293596923741006,0.0005032694070354893,-0.05967752051288677,18,0.1752988047808765,0.03903069123996428,0.28111490602203176,5.1367733175760915,0.9857488211607535,0.8820184971536825
LLY,2021-03-15,-0.0953293928046337,-1.0,-0.010418578096368591,0.008023930932234968,0.0134297545833304,4,0.8007968127490039,-0.11486774789266985,0.20028017234166215,4.240738813839577,0.6144548042246659,0.7886408919086694
LLY,2021-06-24,0.0705515901528635,1.0,-0.015420079227480343,-0.0203895935185896,-0.01558295624228645,15,0.8366533864541833,0.1751982000894392,0.436884435082881,3.94532378059554,-0.4301667215073984,1.1181451430212896
LLY,2021-12-15,0.09881089990657177,1.0,0.022424043974228702,-0.02621171268212663,-0.004614581457028422,2,0.398406374501992,0.04259800860454188,0.1611810674187274,6.914235332330579,0.9716301665895265,0.502311126554124
LLY,2022-09-28,0.0721636618893502,1.0,0.00795513301642714,-0.025355456639912788,0.008655054553786456,17,0.08366533864541832,-0.041091929268975314,0.29697125230135224,4.526518472040587,-0.07647118221903085,0.9647291632251007
LLY,2022-11-01,-0.026615280822587017,-1.0,-0.03214406267482328,-0.0457326553687567,0.04317379143548283,13,0.5338645418326693,-0.18368682444154238,0.22394756934555554,1.4391081547745124,-0.2971483449558967,1.7262828783852115
LLY,2023-08-08,0.13862759940596003,1.0,0.015545061661270232,0.05999736442724668,0.08355440385263879,8,0.7609561752988048,0.018717026724286434,0.21348749656090996,11.470180922453705,0.0705570732188211,0.7809650123857678
LLY,2024-02-06,-0.0016581041273235897,-1.0,-0.020149445998296933,-0.05221286352710841,-0.04984711473753922,8,0.7848605577689243,-0.1810479589635614,0.2382429148444827,0.0988790663380972,0.4526504114175258,-29.823665216610436
LLY,2024-04-30,0.05784390900593994,1.0,-0.0023321686754442794,-0.034025634663780835,-0.06375615601651585,13,0.47410358565737054,-0.05914893286071621,0.21581710080416083,3.388069539183559,-0.034483514604357085,0.8644607160609016
LLY,2024-08-08,0.09053752139136506,1.0,0.04900396678531305,0.05579679377001856,0.07407728307645112,6,0.10756972111553785,-0.1135636072270314,0.4197751604522314,4.887566478504655,-0.2360109477519005,1.3812835245641468
LLY,2024-10-30,-0.06486468326903694,-1.0,0.0005898084893685152,0.10569618719764406,0.07142362987504747,12,0.4940239043824701,0.05694751379102936,0.16356712579067273,3.3853854034917488,-0.701202559340847,1.9059632405366416
LLY,2025-05-01,-0.1240180619946667,-1.0,-0.02176478377815272,0.06693574411144709,0.13536922115128913,11,0.30278884462151395,0.013381324950366036,0.6552732856823377,4.359964405339442,0.9310238271520446,0.5085947445160823
LLY,2025-08-07,-0.1524104477850612,-1.0,0.031787146318172255,-0.04588743511100013,-0.09699456462934641,6,0.7808764940239044,0.03597570552001095,0.37129961718331483,7.818364565673451,0.6602360190266313,0.6530490495483913
LLY,2026-04-30,0.09345971169174394,1.0,0.027512158925445007,0.024459590259056085,0.03407246919138274,11,0.4541832669322709,-0.1687966437747841,0.30198974251393135,3.587173591139492,0.5523605058772956,0.5818488772542361
JPM,2018-10-12,-0.010972774562725718,-1.0,8.707284222886358e-05,-0.007849654608297563,-0.005682392715343987,5,0.0,0.050229192359346975,0.2071652613469171,1.0820279163539237,0.4837485248144804,-1.8686432493530134
JPM,2020-03-12,-0.08602655882918775,-1.0,-0.08359221330732236,0.0006198265369379286,-0.05687213231764865,6,0.01195219123505976,0.3575082646178762,0.7202869692131704,3.0197688419794244,0.6748113804185555,0.798448335402935
JPM,2020-11-09,0.12697832713507573,1.0,-0.0017883262525977273,-0.018924101923404102,0.00011759738484062865,9,0.6693227091633466,0.018527211328681403,0.3357246264846397,6.991188501094844,0.5321639096751396,0.7439239949924834
JPM,2022-01-14,-0.06343348116640168,-1.0,0.024963932636238972,0.030485689634228486,0.02825290540132741,4,0.2868525896414343,-0.017207146269963225,0.2253260055260091,4.9705118370202666,0.5205790204829605,0.7160182460165526
JPM,2023-03-14,0.025352056839755832,1.0,-0.042122568307443764,-0.048862621496110314,-0.05340494172223309,3,0.1752988047808765,-0.06088905201275363,0.28846129777416,1.8052850748747407,0.5707535456845393,1.1929128388366694
JPM,2023-04-14,0.07279464273267067,1.0,0.004316013826825227,0.013593043284666706,-0.011915971106959411,5,0.9561752988047809,-0.10450730865237468,0.25304802778336233,4.339353306710756,0.8151662195095494,0.6408480246233643
JPM,2023-10-13,0.014907886179670982,1.0,-0.011480477517141097,-0.010533909904761884,-0.03738617768663666,5,0.701195219123506,-0.02959678788849729,0.12825006809272002,1.6393590595900567,-0.9392775968150561,1.2262349227779246
JPM,2024-04-12,-0.06686430536596699,-1.0,-0.013154225612773907,-0.047527993531912394,-0.06197081383902958,5,0.8685258964143426,-0.11465381628419635,0.16712344205293037,7.68156239388645,0.921752731180228,0.5542499687586324
JPM,2024-11-06,0.10925374568669088,1.0,-0.05189291801820417,-0.03452224838950624,-0.024833539592539644,7,0.3705179282868526,0.07463951629296695,0.20446572131399632,8.213149566455469,0.8578983000803884,0.5419315121131876
JPM,2025-04-04,-0.0839274151977909,-1.0,-0.021372786934755084,-0.06106817167904044,-0.06836133230715635,9,0.00398406374501992,0.16764587233272632,0.37386530713626576,4.616199852491572,0.6921310271752463,0.7183415148764379
XOM,2018-02-02,-0.05231608751775951,-1.0,0.015863696329060595,0.05730021228739801,0.09076141710294561,10,0.601593625498008,-0.06373797365592537,0.13729797564922566,6.97382505545432,-0.016609763083388462,0.8648029417259795
XOM,2020-03-13,0.024968060264828118,1.0,0.01581696232489227,0.010910590471910009,0.02967872400283067,5,0.00398406374501992,-0.6212298280217152,0.7365438275059616,0.818072803152528,0.21400751064998294,2.9380892884153202
XOM,2020-11-09,0.11920570105168204,1.0,-0.00042961633079752204,0.010423603384706048,0.055579983938303545,9,0.6693227091633466,-0.11839305632179498,0.36985464466388634,5.792266279151689,-0.10769200672952776,0.8833427178228191
XOM,2023-10-11,-0.036511838268999064,-1.0,-0.005927313327736883,-0.07299664610848655,-0.06349989205700002,7,0.6653386454183267,0.013221411760931723,0.28122638520198473,2.4240936716024657,-0.41880224839260793,0.8793854137168968
CAT,2017-04-25,0.07567094093348103,1.0,0.0029248606535334787,-0.029185692230484506,-0.05410026916637989,18,0.6374501992031872,0.013833432884317709,0.20542985990608692,5.073768041877122,0.674739570958664,0.8036501664803223
CAT,2017-07-25,0.05712760569451003,1.0,-0.00898550576548729,-0.012247529598745643,-0.0004886975658342507,18,0.5776892430278885,0.029645733019275866,0.1534738873012447,5.570253225481158,0.7734635023159807,0.8001898829655113
CAT,2017-10-24,0.04861666348476135,1.0,-0.005216593152698401,-0.020105109811852984,-0.004075894864989493,18,0.5099601593625498,0.132403709915903,0.07613025785519238,7.140245403610559,-0.15485478109030326,1.2690340937969022
CAT,2018-01-25,0.006099920044579044,1.0,-0.02524394604554825,-0.03691907541220374,-0.05356558051656979,16,0.8406374501992032,0.20316212953580326,0.14624501469798848,0.581669459766679,0.29887007513233127,4.571170639820531
CAT,2018-10-23,-0.07860642385000549,-1.0,0.02665847648034969,-0.008717721521868782,-0.07790818448547476,18,0.05179282868525897,0.07121245236919105,0.2818395945596979,4.5530637382837105,0.02325524659698927,0.9253740786724345
CAT,2019-01-28,-0.09569749423442087,-1.0,-0.01854627702880496,-0.0204045649620328,-0.010332579861117352,14,0.3705179282868526,-0.09224602959551564,0.3238572983048033,3.8465635806149807,0.47526846435925413,0.7821540595595087
CAT,2019-07-24,-0.045858204988584284,-1.0,-0.025792994757820153,-0.011570999768976797,0.042434513645492444,17,0.6095617529880478,-0.11660707562399075,0.1941692315790255,3.2807478362502835,-0.18088954043969263,1.154286293021038
CAT,2020-03-12,-0.08743581289014912,-1.0,0.005075109214454976,-0.14132594313981084,-0.12899057421055105,6,0.01195219123505976,0.3771608823940529,0.6437518526401032,3.2998754365800416,-0.4041306764731036,0.8473081616193052
CAT,2020-11-04,-0.07720919080313404,-1.0,-0.03007928488950995,-0.05020164577053876,-0.07046638808200179,12,0.18725099601593626,-0.12139739324227783,0.3444138877619746,4.213010235054122,1.0,0.6745500038374495
CAT,2021-09-20,-0.04573597093981707,-1.0,0.004203952614856732,-0.027366636597224492,-0.024552224328893146,19,0.20318725099601595,0.04603294218219656,0.2012344584003038,3.1384286371002648,0.15063250476317072,0.7448311508808484
CAT,2022-10-27,0.074245734676599,1.0,0.009864510167612472,0.056901389918488476,0.053446699641549245,16,0.5617529880478087,0.052212973709331756,0.33639181052244393,3.6863480028841633,-0.0225410861245216,0.8730580438896626
CAT,2023-10-31,-0.06884245259516764,-1.0,-0.014639859289637513,0.005324370632686204,-0.021646266994895136,13,0.099601593625498,0.16726687503230142,0.2710460768934358,4.941820674404594,0.32448113356169006,0.8975471171789288
CAT,2024-04-25,-0.07278839038763874,-1.0,-0.006362509092877389,0.01065678478436105,-0.007368264473067931,16,0.33067729083665337,-0.10394934808947554,0.21518477566727265,5.544639741944633,-0.32185815885955604,1.3107746754653697
CAT,2025-04-04,-0.059562339701331624,-1.0,0.026451548782795875,0.03670161314468956,0.028538779854407892,9,0.00398406374501992,0.16010397845380364,0.3843764124280453,2.883055632797037,-0.0289260635213778,1.1804662562743016
CAT,2025-10-29,0.11006091378344607,1.0,0.007054444205920163,-0.013930838262259826,-0.015677675499815358,17,0.9800796812749004,0.2315827570036264,0.29276128744845265,6.81283334665897,0.43888900425376937,0.5659893484049763
GE,2017-06-12,0.03516534918251146,1.0,-0.021954438625503947,-0.010176920927073674,-0.04675891230519813,4,0.5856573705179283,-0.06344190541224215,0.1736825535402755,4.3253532852358685,-0.4324339441607111,1.2932718344516443
GE,2017-10-20,0.010546356450996441,1.0,-0.061565180018166465,-0.13880411030273265,-0.17343570915171824,0,0.9641434262948207,-0.033774314627335045,0.22042223938031746,0.8716024103967174,0.9885049163349311,-5.974861476399226
GE,2018-06-26,0.07478003727200022,1.0,0.024203561392128314,-0.024717190305065806,-0.0011500576419525288,17,0.06772908366533864,-0.12030712549220368,0.2264820952836826,3.761615613114521,0.27272674645787803,0.7246733621931888
GE,2018-10-01,0.06846129013900182,1.0,0.019428240132360663,0.13191964321126814,0.06619241755974414,14,0.38247011952191234,-0.15402417876071706,0.2906517915041736,4.169474110695579,-0.7345137356309289,2.082479855412211
GE,2019-01-31,0.110184012786394,1.0,0.0024669544002278165,-0.01066896731267164,-0.028232710467416933,11,0.4820717131474104,0.1363611312132309,0.45819523459552175,3.1252793716768106,-0.20792168161958022,0.8013200970267341
GE,2019-08-15,-0.11986158349243903,-1.0,-0.07827677447774173,0.004502397718438633,0.015070656550570938,1,0.035856573705179286,0.14317468239909825,0.3484560642277368,6.3332359340797915,0.2653061862030724,0.465464972466042
GE,2019-10-30,0.10855272925877957,1.0,-0.010275055419236345,0.07650152546558475,0.09421564518205683,12,0.6972111553784861,0.08510878961263302,0.29231181049430655,3.867652874505676,0.2121206498672202,0.6942910758866827
GE,2020-01-29,0.09817363477776819,1.0,-0.01960198664313495,-0.025126054098588924,-0.01567241437022382,16,0.2589641434262948,0.03823229415531415,0.3661548597303361,5.236911011153857,0.7647048230198725,0.7045001790018494
GE,2021-11-09,0.026126901374952105,1.0,-0.013081168085815165,-0.07807508859657553,-0.08811417981940028,8,0.7729083665338645,0.037208368599984,0.24858664234190977,1.5369930532243687,-0.7152886283321066,2.1651617855437615
GE,2022-01-25,-0.06171516074158223,-1.0,0.0173301908772876,-0.03073472548791667,-0.04897130124590099,18,0.03187250996015936,0.05344245787301194,0.23665485565435418,3.454804496197351,-0.38423626747340817,0.9982218650083031
GE,2022-04-26,-0.10910087662906331,-1.0,0.03278482246787773,0.037706936249118694,0.05293881908304243,18,0.11553784860557768,0.06971952648862612,0.23769075958839064,5.351496068167867,0.36070523404106325,0.5170680997550765
GE,2022-09-16,-0.03725488829455337,-1.0,-0.0021672189530024255,-0.018643401182919295,-0.006592270661138766,0,0.15139442231075698,-0.014912509232126503,0.3390699717009291,1.790584779652739,-0.704219218248065,1.4032785658287301
GE,2023-07-25,0.060789987080342556,1.0,-0.021199849090232092,-0.03648863230621657,-0.016499234084431436,18,0.8844621513944223,0.08782806463986947,0.16556270315808494,4.843163584841305,0.6304857532686016,0.6222116668131168
GE,2023-10-24,0.06293216960152304,1.0,-0.0070730025970107135,-0.03201133517196286,-0.04706053161224322,18,0.0796812749003984,-0.04830358404802215,0.21668845455619284,5.165977580167428,0.6133951241515282,0.6364496619574549
GE,2024-01-23,-0.009801793535378245,-1.0,0.001246469999310662,-0.017807571261906574,-0.038420917909665064,18,0.7808764940239044,-0.09037683493602344,0.17489756592239158,0.7629622328415121,-0.2825263023225648,2.837857012100659
GE,2024-10-22,-0.09481599980043676,-1.0,-0.03725433231750941,0.012223651046350703,-0.0034572638511223275,18,0.5737051792828686,-0.1260937154033437,0.17786372415153973,5.6181804642689075,0.8032424514358109,0.5420344506698634
GE,2025-01-23,0.06395437439987184,1.0,-0.017451969077542984,0.03123174301513565,0.031499099165779754,20,0.7729083665338645,0.05668386819227056,0.19859437627430976,3.795780129356588,-0.43455489016853394,1.046651178929455
GE,2025-04-04,-0.11761653899279256,-1.0,-0.007103991837829504,-0.030165669823646546,-0.05001546448302996,9,0.00398406374501992,0.08648714145626624,0.3543880528356084,5.837204905349616,0.8432921128255502,0.36809886318792584
GE,2026-01-22,-0.0766471186723976,-1.0,0.0042006697059777665,-0.005682481552725882,-0.054443712601261574,20,0.199203187250996,-0.09160591992103218,0.31032382576646567,4.372751923026436,0.9788913425516795,0.5279039394345505
WMT,2017-02-21,0.02954345974885264,1.0,0.00452068967191499,-0.007219870418149199,-0.02451572404176172,18,0.8167330677290837,-0.03470852910626343,0.15468859494831824,3.2261787962182495,-0.05062942735872289,0.8861120846946626
WMT,2017-06-16,-0.04762495920844234,-1.0,0.004840940332099919,0.007347936878274286,-0.009298862651247575,0,0.36254980079681276,-0.06329734694352762,0.16423172354302953,6.113956716684247,-0.7647025316783438,1.3631253022968906
WMT,2017-11-16,0.10344404034927646,1.0,-0.018875284685590188,-0.03728263492835904,-0.04538045300916904,1,0.5139442231075697,0.10966183612195834,0.13677341861291406,10.352804731829616,0.9758104893507549,0.5531520989830185
WMT,2018-02-20,-0.10739856470648546,-1.0,0.022920182755221674,0.0390092935521027,0.06059247481873431,18,0.20717131474103587,-0.058765266687861306,0.2556008322470972,9.899246313731059,0.9947905568411939,0.7193295878693295
WMT,2018-08-16,0.089225745830801,1.0,-0.011555336127069715,-0.041778862824171537,-0.0478169453657058,1,0.2350597609561753,0.0760879852361489,0.113536024649406,9.627048768822455,-0.36521094453594194,1.1657891222321681
WMT,2019-05-16,0.014215736900974107,1.0,0.002034360341239161,0.02492908769982538,0.045448221642732545,1,0.28286852589641437,0.00030035513983461826,0.17109281210307578,1.6155830828905922,-0.6987187716640563,2.047575488183062
WMT,2019-08-15,0.0593164880147965,1.0,-0.011988515253158472,-0.033671200013275726,-0.015218387471955364,1,0.035856573705179286,-0.03196930207827897,0.19083109149844663,6.756269606019093,0.45401809350613476,0.9760465941361737
WMT,2019-11-14,-0.0027314657084143157,-1.0,0.022073675855214248,0.008892632979085047,0.028274455392002906,1,0.8366533864541833,-0.03208474976946363,0.11451166274535311,0.38056384201824456,0.6115829122215983,-10.79395710138436
WMT,2020-03-09,-0.0005973250620412429,-1.0,0.02825089056494523,-0.04099624515831346,-0.18213077241490394,9,0.027888446215139442,-0.009169263116275861,0.3722022272877615,0.04107162557961995,-0.12151896533741265,49.419705645230025
WMT,2020-08-28,0.026506487342349505,1.0,-0.006759664513893426,0.0409849927548942,0.013714008235691022,14,0.9482071713147411,0.13237140704512562,0.2344890511584696,1.8291607836287451,0.5232176642739209,1.1877619106367416
WMT,2021-02-18,-0.0670053374119548,-1.0,-0.006695141633616064,0.020656660279465555,0.03989320965260301,1,0.9442231075697212,-0.007500851139963682,0.1774809057483671,7.2772497223736305,0.9000003576269308,0.8554285686750775
WMT,2022-05-17,-0.12076465053847585,-1.0,0.02917942988497435,0.020556613417828107,0.04906370779874836,3,0.099601593625498,-0.018866534066282803,0.1847257749108304,9.864262568419814,0.7911755944617321,0.685784439677032
WMT,2022-07-26,-0.07909636550731536,-1.0,-0.011461459432401622,-0.04109510603563482,-0.003928881601978684,18,0.38645418326693226,-0.06776549719729585,0.1227883859241333,3.559189419212378,-0.46007406021417413,1.0884077950237991
WMT,2022-11-15,0.06334552052791143,1.0,0.014821619794354923,0.024885479197894078,0.010418395659890667,3,0.6812749003984063,0.029776308288404607,0.2113703214612729,4.640135064037834,0.010489755332409003,0.8028351349610207
WMT,2023-02-21,0.006059228322881083,1.0,-0.019817309026182173,-0.028816481804365246,-0.05434726841305659,18,0.5378486055776892,0.016455296590450086,0.15756421713813848,0.5801868294557476,0.6736680773020812,-4.061676984163317
WMT,2023-11-16,-0.08439113052958591,-1.0,0.005674770426528752,0.011069736395919794,0.030463880886119732,1,0.9880478087649402,-0.03518602409116056,0.13070852395337842,10.951038142172491,0.7265823958372567,0.7959703154165432
WMT,2024-02-20,0.031774357092123395,1.0,-0.013263929269920816,-0.0038540205534758343,0.0031761809627841586,18,0.5537848605577689,0.0910751929028435,0.11746766077964285,3.857118183734018,-0.794118637031718,1.4654168269561192
WMT,2024-05-16,0.06753211652106828,1.0,0.008512272722422054,0.018060333228229197,0.029472301847000004,1,0.9960159362549801,-0.017233186952121393,0.13942423881058427,8.420793283696035,0.4459511357749122,1.0485006736193911
WMT,2024-08-15,0.06375532239485526,1.0,0.001443193711869739,0.026590300649195875,0.03382088116344395,1,0.6972111553784861,0.01822515871942354,0.14297621297611288,6.717795879180177,-0.5180715139259123,1.200191517074079
WMT,2024-11-19,0.029531049602315562,1.0,0.006336378292089329,0.03557890469597336,0.05778615442698953,22,0.3745019920318725,0.04562557536634593,0.13578309791297932,3.1047962243257783,-0.42017175774400467,0.8550131433873562
WMT,2025-02-20,-0.06751732172643177,-1.0,0.008063106006722442,-0.03805454443827028,-0.036908839076915,1,0.7888446215139442,-0.10589481379959853,0.16698213626766634,6.033128710791431,0.6918613935167935,0.7627043708182322
WMT,2025-08-21,-0.0459862666059907,-1.0,0.026842411377590913,0.03988451722502173,-0.007471616642661161,20,0.44621513944223107,-0.045578010673454905,0.19418494736762887,4.3336297079077,0.191998291015625,0.6804801213729468
WMT,2025-11-20,0.06260468710443146,1.0,-0.026764959136971633,-0.014958883785097576,0.022463374695868232,1,0.21115537848605578,-0.0208525575349503,0.1221698649197507,5.614630338998861,0.6940716870870757,0.520123527558254
WMT,2026-05-21,-0.07545518328769685,-1.0,0.012781150928521612,0.06552078524558702,0.013496716802544384,19,0.49800796812749004,-0.06962085377815708,0.22777004770491732,5.145817516458921,0.6487998871809336,0.6688617144649414
WMT,2026-08-20,-0.09597537981137627,-1.0,0.005432045880644054,0.0228053765616405,-0.029396029979174898,1,0.5976095617529881,0.0438200782856395,0.1821872131547848,6.778749746797392,0.5228927711972997,0.7482026551586418
ORCL,2017-03-16,0.06039231450825566,1.0,0.004566831301670682,0.0016323746329849342,-0.014002950971940376,1,0.9760956175298805,0.09623978518528542,0.09043989276189972,7.116223240675366,-0.8805999891822031,1.2372715479368641
ORCL,2017-09-15,-0.07982171354413081,-1.0,0.010572186477962209,0.012974032404429625,0.01618706200800535,0,0.9123505976095617,-0.03449616345401685,0.10722695484715475,6.0685757878493165,0.7657639700323047,0.5184370708207177
ORCL,2017-12-15,-0.03838423144231751,-1.0,0.018611757889630542,0.02339872372328955,0.043631562540856095,0,0.9721115537848606,-0.012228212766635771,0.16949433519106322,4.59299333166329,-0.7567562691218204,0.903090740226235
ORCL,2018-03-20,-0.09907088241538542,-1.0,-0.0012832924197461182,-0.0028083120260204986,0.005625494386208629,22,0.0796812749003984,-0.02672545478829136,0.17276889862770467,7.0143381447785895,0.06060746178077046,1.0537762767880765
ORCL,2018-06-20,-0.07748853677763101,-1.0,-0.012806254452742305,-0.038886090029615517,-0.06914464349797056,21,0.44621513944223107,-0.010209738350150488,0.24214412614801817,5.87270455286091,0.7747748986184617,0.7937052009732196
ORCL,2019-03-15,-0.002075679820038534,-1.0,-0.006155226169428651,-0.004133502705464309,-0.010289480921577443,0,0.8565737051792829,-0.09214832341897505,0.07340165910812656,0.15787389527911214,-0.6234302277326966,15.222313299943302
ORCL,2019-06-20,0.07863996063076995,1.0,-0.009077054483277003,0.010978496109412816,0.030646545176238327,1,0.9243027888446215,-0.042005773002840474,0.20633549563470668,7.9125722765844,0.5051557338367154,0.772617289665474
ORCL,2019-09-12,-0.043571995120883944,-1.0,0.0019371803929884024,0.008998831420369058,-0.01563923938502665,6,0.900398406374502,0.040388425161705044,0.25177455612991306,2.6255665729367146,1.9266152260401314e-06,0.8091506674499147
ORCL,2020-03-13,0.18587472641759506,1.0,0.0008121411648116528,0.11431403895649161,0.09972773622761011,5,0.00398406374501992,-0.32128210975931193,0.6267892061610962,7.365917997987537,0.973741213473467,0.5944761191179729
ORCL,2020-09-14,0.04225253433803555,1.0,0.019546308457851325,0.05715233948969978,0.014712366761936657,4,0.3107569721115538,0.02091904519351484,0.2675041074270903,3.2904611567134854,-0.8976739234577101,1.5507918682186546
ORCL,2021-03-11,-0.06753800722736258,-1.0,0.00506141749476452,0.004766143766145703,-0.027716344771633317,6,0.5219123505976095,-0.13472065226061503,0.34865019956629434,4.3367035359879065,-0.4831495990993308,0.9473785483621188
ORCL,2021-06-16,-0.0574754631640948,-1.0,-0.006539616114319635,-0.011985959255393475,0.004185934565890115,2,0.9601593625498008,-0.0360410527597681,0.1636282809451758,4.426593601932694,0.10943424473356154,0.7957960144418452
ORCL,2021-09-14,-0.02852772208149368,-1.0,-0.007074085070124525,-0.030131968097515838,-0.0701756372967095,3,0.8366533864541833,-0.015875166685894726,0.11995849129820071,2.31517793365429,-0.495496238560171,1.0812448787157927
ORCL,2021-12-10,0.1450815436314974,1.0,-0.008201626975539611,-0.03698239970250938,-0.15020033021641588,5,0.7171314741035857,-0.08245750018097375,0.17820494428209113,11.395375152314106,-0.18910267774722486,1.1105945498960341
ORCL,2022-06-14,0.09906435960122728,1.0,-0.028683833833770933,-0.062465423809190845,-0.03874053751375239,3,0.0199203187250996,-0.2154637785824418,0.39315917750161505,5.042073874258271,-0.0029309372734676346,1.1810710077549595
ORCL,2022-12-13,-0.008897750706812424,-1.0,-0.02193354697196792,-0.05949209444445991,-0.06217548339125312,3,0.6454183266932271,-0.23418486662799687,0.26570996152794574,0.4555452184144554,0.7074830285038095,-4.950148219194229
ORCL,2023-03-10,-0.03276299837179586,-1.0,-0.011603876704824323,-0.0035387732932017357,-0.02062217952644918,5,0.1553784860557769,-0.004268365951147324,0.20836475789003894,2.631066453950174,-0.004220305754874598,0.8768079826693131
ORCL,2023-06-12,0.05817445172998337,1.0,-0.0044263874236225575,0.03929720808477288,0.006588968263386619,4,0.9681274900398407,0.13946608231491187,0.2926386713355619,4.315535478324717,0.3186120784887569,0.6886295904166243
ORCL,2023-09-12,-0.1449723867894166,-1.0,-0.01897531893947324,-0.03580329918565717,-0.0020270769074519635,3,0.7729083665338645,-0.06051120114052999,0.26159256823538246,9.772879010787863,0.23000081380208334,0.8462858888973821
ORCL,2023-12-12,-0.13282436798126618,-1.0,-0.007698442920632154,-0.029679436881966836,-0.023246715985057342,3,0.9561752988047809,-0.061618533946619536,0.16562612278586605,8.960437523263044,0.9436641915875966,0.8601570280092485
ORCL,2024-03-12,0.11109192256535394,1.0,-0.01439622514090555,0.014926833930466898,-0.01234532660247023,3,0.7290836653386454,0.08557068617623464,0.2448017313345035,7.750024712144781,0.2327062936951087,0.9092034958637984
ORCL,2024-06-12,0.12503973315140549,1.0,-0.005794075700419121,0.007497683477291517,-0.010637735377014401,6,0.9203187250996016,0.032822113396322905,0.287472273119073,9.033102179686406,0.8342851911272321,0.6690875347745889
ORCL,2024-09-10,0.10829423128406201,1.0,-0.0019657043723499967,0.04596545891517945,0.021433004967777336,8,0.2749003984063745,-0.03428991055275432,0.14682807427348823,7.24682376886304,-0.2513511228599059,0.9011428471421093
ORCL,2024-12-10,-0.06906783768473712,-1.0,0.0029860679685489444,0.04869943392748777,0.03377198157502548,8,0.8685258964143426,-0.0802133303687631,0.2772951203024979,3.9490158897548664,-0.9821965846601752,1.3529106465636058
ORCL,2025-01-22,0.06532770848491953,1.0,0.006696434739109414,-0.12074686899226883,-0.06694742686326727,21,0.4701195219123506,-0.09041474849513165,0.3610664596412308,2.999449148872898,-0.36077154435805514,1.5940709785890044
ORCL,2025-06-12,0.12497633834402322,1.0,0.08528673353077298,0.04203133726553343,0.03231696994322686,5,0.9282868525896414,0.27003624079417676,0.22480810076932592,4.398132159171818,0.613518770776225,0.593494527554587
ORCL,2025-09-10,0.3071083019133507,1.0,-0.07264991358764217,-0.09617768054968145,-0.07596545944036048,7,0.9163346613545816,0.05196689860197079,0.40371541880262807,12.7540784139575,-0.03419637963389801,0.9080695159253227
ORCL,2025-12-11,-0.11466578652434034,-1.0,0.034874384861090846,0.08082741270016669,0.005987068577800514,6,0.8127490039840638,0.2932269845185784,0.47673627242569616,3.8208097717505907,-0.6015231670100537,1.3686270485289163
ORCL,2026-03-11,0.0878588644871332,1.0,-0.009274692793955097,-0.04242502221436961,-0.0814713400626852,7,0.16334661354581673,-0.2842626403956059,0.4104588645664395,2.5211950587464442,-0.5456180768999798,1.2252278354184807
ORCL,2026-06-11,-0.08911845581902433,-1.0,0.005230742470552663,0.011067024850389018,0.20273359097150578,5,0.08366533864541832,-0.21084737640455575,0.7672253288643525,2.2213286514393777,-0.8587992031347227,1.2733137195339863
ORCL,2026-09-11,-0.017545490996332624,-1.0,0.03274423720417907,0.01451893032208762,0.1009845067562507,5,0.44223107569721115,-0.1435384912382407,0.4902877807459309,0.4968311117687284,0.9455442646417301,-4.128650467459232
CRM,2017-05-19,-0.003996562225917266,-1.0,-0.012402110794221599,-0.02432799621005799,-0.020976379488281793,0,0.14741035856573706,-0.06923713509687879,0.11741352399341971,0.48962097211943467,0.5789475445382876,-8.962204774804492
CRM,2018-03-01,0.02698738376813825,1.0,0.015492961555197304,0.03277852307829576,0.03628335106967029,11,0.16733067729083664,0.1285178348614746,0.33227684445658706,1.8101574408451697,-0.3755665949756446,1.4563639567384263
CRM,2018-05-30,0.01889357314050688,1.0,0.006376727683052863,0.029786951841773934,0.03450243673947906,12,0.3187250996015936,0.09570428249646312,0.18625939592782437,1.1245301770980678,-0.38004049566696363,2.2139993127465347
CRM,2018-11-28,0.09777338153157178,1.0,-0.0043755434772521085,0.027459488171531987,0.03766642003429599,16,0.14342629482071714,-0.22586838795043107,0.5245065318559148,3.4321059918219943,0.943946176834348,0.8416997618452076
CRM,2019-06-10,-0.05401561986219505,-1.0,0.01718733746824519,0.017880917828995813,0.017538136741723775,9,0.5139442231075697,-0.0064072798466039416,0.414711831301577,2.832535052168828,0.407857129685973,0.9165824268947925
CRM,2019-08-23,0.02221499373292879,1.0,0.012282585580191352,0.0029260524415244404,-0.059285438003774615,19,0.38247011952191234,-0.005382062212927252,0.27205024806884065,1.1863699640662744,-0.7631884371041702,2.7846893106543176
CRM,2020-02-28,-0.01021757575343507,-1.0,0.005750734051008344,0.0418367069740464,0.04708671623161198,15,0.0,-0.05805743648221107,0.25899917392586375,0.7163400023878743,-0.6832349304182315,4.157664798163134
CRM,2020-08-26,0.2314679957774617,1.0,0.012397605506214049,-0.012808693292380546,-0.05420142741648082,16,0.8924302788844621,0.1642220589404939,0.333046850933521,10.83171632854797,0.6035092002467105,0.6642840379753218
CRM,2020-12-02,-0.08908146233440739,-1.0,-0.0011329155385571,0.001115148334781324,-0.0036085404633396934,12,0.8167330677290837,0.041314074471546114,0.42578421948795175,3.7916201423774627,0.006750950547962944,0.763534200585442
CRM,2021-05-28,0.05290826718974628,1.0,-0.007130643255512936,-0.00493753594543378,0.02134628256975457,14,0.4063745019920319,0.06380965594739063,0.27866117297347964,3.4298195152932225,-0.9047603669645764,1.0886979832521435
CRM,2021-08-26,0.026257570302465005,1.0,-0.01361754048905528,-0.02909572795997395,-0.03850988284199364,15,0.7768924302788844,0.05938668301216232,0.20209939489137682,2.244228895183892,-0.8905795610292091,1.2847855027462198
CRM,2021-12-01,-0.12490580001516616,-1.0,-0.022643263400549785,-0.01586524923838528,0.010257903558013481,12,0.0796812749003984,-0.0507467614089494,0.2892056269780727,7.4677482368291495,0.9968608090393369,0.39446513303171515
CRM,2022-01-05,-0.08645851447914765,-1.0,-0.007419435179111922,-0.03803834644450177,-0.026286272520146703,11,0.43824701195219123,0.21330602992564796,0.2811448747039067,3.7628288962230165,0.9338841817211186,0.5760432258707128
CRM,2022-06-01,0.09420895919827021,1.0,0.048821223715631135,0.0678984255310695,0.03344362280078261,12,0.43824701195219123,-0.2810920995530406,0.4644187931523352,3.2275161959004106,-0.6616892157592118,1.1163160371069787
CRM,2022-08-25,-0.034474429309481636,-1.0,0.0167643418559571,0.06802886769564065,0.036048802394666346,15,0.29880478087649404,-0.04866233197907466,0.3095030835706523,1.072074607581565,-0.9463879537399141,1.9029161691652592
CRM,2022-12-01,-0.08630250902204306,-1.0,0.015583574379784082,0.09417223932986118,0.07497037775821624,11,0.8167330677290837,-0.028611384728585598,0.6030351190954365,2.9672021643379813,-0.7858450359038833,0.9567273844595834
CRM,2023-03-02,0.10882621265375825,1.0,-0.016768454810862643,-0.02725759056243504,0.0080805337096157,11,0.3147410358565737,0.23282583162206905,0.28823398659502214,4.932167677570687,-0.6808270222259596,1.316082444145901
CRM,2023-06-01,-0.04805183574048133,-1.0,0.013747141580279454,0.03313683644005927,0.05270144819371225,11,0.6653386454183267,-0.12826281158589214,0.21346875765542453,3.228034911310641,-0.47096647169331485,1.4625697224523404
CRM,2023-08-31,0.029417990473046274,1.0,-0.0015474720482302473,0.025574082378242657,-0.01579913940801614,10,0.9482071713147411,0.005689452273816897,0.2405194989087897,1.814006697041857,-0.9314861947094798,1.9893134065277702
CRM,2023-11-30,0.08943224125001947,1.0,0.02575101195192797,-0.01618349012643705,-0.012769908370246164,11,0.9123505976095617,0.14213290362236997,0.1764416202840062,6.810020329516944,0.8644054938499364,0.8727699630835462
CRM,2024-05-30,-0.2198631045994821,-1.0,-0.06359187366890051,-0.08473684958407368,-0.012051608106877332,15,0.35856573705179284,0.11262368870693074,0.208006177539826,12.721260307902288,0.08174237002049271,0.8889174640794664
CRM,2024-08-29,-0.007326830541567908,-1.0,0.02562164253223731,0.019319355549558992,0.016072855122279073,15,0.5896414342629482,-0.010522496958401462,0.2858083102278826,0.42168457510554513,0.906827012025902,-6.239245354460517
CRM,2024-12-04,0.10431299777310521,1.0,-0.01615253905477143,-0.035705314212029826,-0.05114644919633893,12,0.9800796812749004,0.15243730910758568,0.3609158105858135,5.975847176689861,0.8170033482832326,0.9723370480379467
CRM,2025-09-04,-0.04972457588741097,-1.0,-0.03018753744422753,0.0037649690897412214,0.018934733076021004,11,0.7051792828685259,0.06491613385051132,0.2905565529450248,3.2070989972888237,-0.7716969778978007,1.3282140335927128
CRM,2025-10-16,0.03904511107508668,1.0,-0.01760118532143018,0.01943601630010594,0.013748021550004985,1,0.6374501992031872,-0.03904511107508668,0.30047057206625644,2.073769324012638,-0.5266519248100242,1.737830369444759
CRM,2026-08-27,0.2035977112685936,1.0,0.01782201625072144,0.045268156147005634,-0.008457646007746789,15,0.44621513944223107,0.27195190605254016,0.4079472037859156,7.1708493255278265,0.8010648052145974,0.551415375938117
ADBE,2017-03-17,0.037380062918360935,1.0,-0.0044291704653423025,0.01888196073569226,0.02972533212816586,0,0.9880478087649402,0.11746635056871746,0.08682891825912933,4.941940161100972,-0.9583335225543935,1.3016008690666485
ADBE,2017-06-21,0.023357202282552336,1.0,-0.003367525637900215,-0.0052058982438856205,-0.01456568250015522,21,0.3705179282868526,0.05859970094550082,0.17697994189139582,2.785142920100659,-0.3659546975998234,1.2486046910454753
ADBE,2017-09-20,-0.043326185893134195,-1.0,0.0017279661133358104,0.023781218856097297,0.02581511348862442,22,0.5258964143426295,-0.04619778909974581,0.11540004937335002,4.223985724990576,0.43528915457181067,0.6896535332146198
ADBE,2017-10-19,0.11548552972439197,1.0,0.01736580827978962,0.012358854817922094,0.045229656681152974,1,0.9960159362549801,0.004914014802428923,0.17891448136738589,9.898944125534745,0.891332884583877,0.6800269575946265
ADBE,2018-03-16,0.03006395343789503,1.0,-0.0014313274724546687,0.012893683899545039,0.0023188732681331814,0,0.5617529880478087,0.10786635656124322,0.2205025370416637,2.123886888698818,-0.3647534832528704,1.2395142473106688
ADBE,2018-10-16,0.09094262451564727,1.0,-0.006953132011663143,-0.010265607951668976,-0.04317462371212155,3,0.01195219123505976,-0.03179860059050199,0.3852927550426168,4.7104702617742396,0.7871492280988266,0.649844696193939
ADBE,2019-06-19,0.0508216646620161,1.0,0.027237551856665654,0.00028979045424204486,0.02916258725276588,2,0.8764940239043825,0.01664916654290316,0.2791588801435734,3.374882816864374,0.7937315490253104,0.713460560832639
ADBE,2019-09-18,-0.01761177035042838,-1.0,-0.005556926154048902,-0.003404482676068632,0.003540982316267538,2,0.9243027888446215,0.08048298765439199,0.2194341141273347,1.1661917672025133,-0.888995863642847,1.8940651059772615
ADBE,2020-03-13,0.16313277614308586,1.0,-0.043638722778825745,0.0355572842628149,-0.03174050157203556,5,0.00398406374501992,-0.1899822116620946,0.717935998544656,5.809282158561975,0.9736842105263158,0.5721141268555968
ADBE,2021-06-18,0.025481554797083028,1.0,-0.01110756644223354,-0.003212252803542981,0.003129562164179589,0,0.9800796812749004,0.07339940720688976,0.25269188403003606,1.6901749111189381,0.35195034665853464,1.3020514239136476
ADBE,2021-09-22,-0.031151047566555512,-1.0,0.004502678978334451,0.07260516209937151,0.08651503184458598,17,0.0398406374501992,-0.03962028411961782,0.1703583279651984,3.336231701176837,-0.5878985093003826,1.0662137492034547
ADBE,2021-12-16,-0.10749039527827797,-1.0,0.0026273565351431216,0.002641290020347853,0.016367722068230783,1,0.8286852589641435,0.00906511280992639,0.5281113239775217,4.529307301083321,0.4388933391905045,0.7998650075182148
ADBE,2022-03-23,-0.09801512953112823,-1.0,-0.006652039095861539,-0.051198735184675215,-0.04332158479148429,16,0.6693227091633466,0.10802384031504086,0.48986032948254726,3.6182630257086617,0.4021394926508144,0.6534835477259514
ADBE,2022-09-15,-0.18384075274550593,-1.0,0.019889943633249807,0.03246016299479937,0.032611732468085464,1,0.2151394422310757,0.04296439571914057,0.4006568213856977,8.07490701196382,0.6558329264322916,0.7587331646209056
ADBE,2023-02-24,-0.07937528329113785,-1.0,-0.0021377120626517865,-0.051239143235561,-0.053731220357624565,15,0.44621513944223107,-0.02500597649238845,0.31985673122360697,3.9852631395848483,0.6523294256626496,0.7055471292704621
ADBE,2023-06-16,0.008660498977653752,1.0,-0.01379914345674127,-0.0137383241751321,-0.030144364538876367,0,1.0,0.2558001730861168,0.4067102078549066,0.37894866404227134,-0.9535656988425586,6.253485225874331
ADBE,2023-09-15,-0.04305731228863596,-1.0,-0.006065853224551887,0.001056438913294322,6.878680812949511e-05,0,0.9282868525896414,-0.046314765962093496,0.28419795444449814,2.6679438482009004,0.250886028725984,0.8590318668288289
ADBE,2023-12-14,-0.06557066565304126,-1.0,-0.0057624535988356484,-0.02470591636273678,-0.013283507799013883,1,1.0,-0.1084694308479266,0.19335443297431826,3.863164811965147,0.14669810158297258,0.7834687110280623
ADBE,2024-03-15,-0.14701232275318343,-1.0,-0.03661204021866826,0.00784136959173587,0.004530534906876937,0,0.8087649402390438,0.04398285282823089,0.4002632792250545,7.629207059890903,0.1770557698911265,0.9015412690822646
ADBE,2024-06-14,0.13550498039393677,1.0,-0.02051320561866099,-0.0020987639216585308,0.05926073094843609,4,0.9721115537848606,-0.033672684670432496,0.29028981307725565,9.46377961808181,-0.4542576488125586,1.0690751996384518
ADBE,2024-09-13,-0.08850192469479179,-1.0,0.030522478932859087,0.03855566040150382,0.05734977936157115,5,0.9362549800796812,-0.04081837417925804,0.1768993958870909,6.1624595809830165,-0.5025583783542439,1.0908637001665284
ADBE,2024-12-12,-0.1472554206642256,-1.0,0.018816802829485724,0.051080231509907925,0.04559872623888861,6,0.9681274900398407,-0.07925048553083602,0.28796370711981245,8.525642644843973,0.6770554111879261,0.8183107494412211
ADBE,2025-03-13,-0.1491170340040524,-1.0,-0.0233111288939698,-0.00547952888110359,-0.01931841697140868,6,0.01593625498007968,-0.0710959355996339,0.19405353481433266,6.4025610468322425,0.7863768780711556,0.5300156745104557
ADBE,2025-06-13,-0.05464754919852144,-1.0,-0.015865836950980317,0.03522073294543038,0.046659137780031834,4,0.9721115537848606,-0.16607441663949274,0.20299381279668252,2.88949667477625,0.014908115587652706,0.9617297377700165
ADBE,2026-03-13,-0.07886956619929553,-1.0,-1.0686023808936795e-05,-0.016229678794964286,0.016320274964313874,5,0.027888446215139442,0.1387396343808911,0.32625374228642,3.7175847371071753,0.5471694491806005,1.0162844163422364
ADBE,2026-06-12,-0.06994003529977544,-1.0,0.006076151663864771,0.049284325545928986,-0.012754921081187476,4,0.2151394422310757,0.11171142209139617,0.5425648587170314,2.4967866960636558,-0.6274309430803572,1.1139853862524522
INTC,2017-04-28,-0.03479553925515333,-1.0,-0.0018992798012305023,-0.011582807329074463,0.021072704346515536,15,0.7928286852589641,-0.040899920450530036,0.0976115063848871,4.6300677072469485,0.1147534832528704,1.0397800342611132
INTC,2017-10-27,0.0711671192366663,1.0,0.003056077264521395,0.03989860817856572,0.02475610163305708,15,0.5418326693227091,0.16987214686306729,0.12667699997785067,8.873410947283933,0.368423166035569,0.6474932990782062
INTC,2018-01-03,-0.03452737299457942,-1.0,0.022714648310830476,0.07632428517578882,0.04893627310786686,11,0.9840637450199203,0.005321992510814777,0.23248320090785896,2.3114024107431868,-0.2578111961471521,0.8659269106980999
INTC,2018-07-27,-0.08980388553542307,-1.0,-0.005446878031429847,-0.03236692885810788,-0.018078459330523433,15,0.7808764940239044,0.0653051068140349,0.17164528384336614,6.46626784013329,0.7674411383758273,0.7505871722709018
INTC,2019-01-25,-0.05621309164656507,-1.0,-0.0005891903829771117,-0.01932127122621763,-0.02005903270490661,15,0.3545816733067729,-0.06689923715369384,0.3979442933777379,2.3446400783851002,-0.5357150966616864,1.0720000771987928
INTC,2019-04-26,-0.09421722193375937,-1.0,0.02706528297414268,0.015165358284983554,0.10823584030724653,15,0.7091633466135459,-0.07888614928549931,0.17325413296451933,7.857528766245462,-0.1592356997419612,0.9374290578263965
INTC,2019-10-25,0.07787537292601376,1.0,-0.0003213019655241567,-0.014055727811665975,0.007509547583341103,15,0.649402390438247,0.13159128702077627,0.22365648843126096,4.765034810748393,0.8884748031674722,0.4730549487968222
INTC,2020-01-24,0.07819448076803148,1.0,-0.02528969610531373,-0.04696130531180387,-0.04681688458170896,19,0.701195219123506,0.09450505585439828,0.18706319013833528,7.92790379744955,0.4204952902672713,0.6401064415733007
INTC,2020-07-24,-0.17723519888365313,-1.0,0.02763409846244258,0.07561774215058881,0.09370705150981706,20,0.3386454183266932,0.050995233071065016,0.2164242301376461,9.08924255071126,0.18656714293441284,0.8286441994734407
INTC,2020-10-23,-0.11177146933921867,-1.0,0.012533872858357942,0.027575704332306827,0.07265470605831537,20,0.27091633466135456,-0.08414826084576132,0.22047956042394493,8.108129867704987,-0.06931052065038808,0.9722008355667865
INTC,2021-01-13,0.0673636782365108,1.0,0.043100203211071,0.08070379284957241,-0.009869200911707843,2,0.8087649402390438,0.16925924716263596,0.36731840290752416,2.8532613944666476,-0.970149695621181,1.650240758943569
INTC,2021-04-23,-0.05468890739998944,-1.0,0.010221139848400007,0.030633343712697325,0.03968706138302469,20,0.5338645418326693,0.009860113919714308,0.311890671070129,2.4233310133959693,-0.27619154880454566,1.0247103578005445
INTC,2021-07-23,-0.054345219884770035,-1.0,-0.021964642326527617,-0.016749201514010714,-0.011430035367323121,20,0.8565737051792829,0.016130809100117105,0.19643417627606943,4.409558622496556,0.4309619423996527,0.45946238991313093
INTC,2021-10-22,-0.12418744715233965,-1.0,0.006359886887648436,0.02278168927809965,0.004351656738262211,20,0.9083665338645418,-0.039892341712710166,0.1852214835439165,12.195440571038377,0.5460996745332406,0.8499970212424746
INTC,2022-01-27,-0.07302219310185087,-1.0,0.031214022213489567,0.030223344639984884,0.024353629265407406,16,0.027888446215139442,-0.033241307211973936,0.2619291344223742,4.909066967009832,0.7631577626491369,0.4607009864155647
INTC,2022-07-29,-0.08950979884029175,-1.0,-0.020708631857506266,0.029249856023387366,0.04154250968687334,15,0.5936254980079682,0.11208675515705346,0.30167095457456816,4.101154246227184,-0.5507272817740037,1.2206197366899598
INTC,2023-01-27,-0.0662903698417665,-1.0,-0.00514090323684524,-0.05759716018920713,0.018667108941627042,15,0.8565737051792829,-0.046251038655104715,0.3137397743083591,2.9768785542964853,-0.8904109946959998,1.595507818297524
INTC,2023-10-27,0.08880354973099847,1.0,-0.007673233392897494,0.013785901303018377,0.01896081857706111,15,0.0,-0.05997317729395846,0.2844721451205712,4.429256973240424,0.05618097926136425,0.7176625407667656
INTC,2024-01-26,-0.12677892813588665,-1.0,0.0035448580590649037,0.03848721495268892,0.035719312162152406,15,0.8725099601593626,-0.11697603899462017,0.28469186372610894,6.158818143860238,0.708735095376627,0.9048036780698657
INTC,2024-08-02,-0.301896208705438,-1.0,0.03634880270783247,0.08616498243986292,0.06819974454240718,10,0.2868525896414343,0.03317844782561297,0.46997439041583494,14.432744016668028,-0.35897413952260027,0.9298128620091906
INTC,2024-11-01,0.07516955499245581,1.0,-0.027592234338336574,0.07515791627250401,0.022945697512751995,10,0.05179282868525897,0.1037097101592348,0.3106317432449387,2.367855456451544,0.5449112055013872,0.8848191182014505
INTC,2025-03-13,0.13630801593534558,1.0,-0.005785466300874731,-0.014285201711703,-0.03138491316990155,6,0.01593625498007968,0.0742567456271126,0.8457567387182043,3.62746218095894,-0.18571288439845016,0.9378271400668786
INTC,2025-09-18,0.20515133776929906,1.0,-0.03509268693891787,0.11242463226113619,0.18851961177757692,1,0.952191235059761,0.0689928660154977,0.4017397565556262,6.673155350646888,-0.6306309712007698,1.18921668860159
INTC,2026-01-23,-0.18667564770092415,-1.0,0.06401331689228895,-0.026622583793311616,-0.11352236769549195,19,0.38247011952191234,-0.4539331535950155,0.6726903893584245,4.805211408867701,0.6630440867014274,0.7913620943442833
INTC,2026-04-24,0.21187941918032216,1.0,0.027529217799225236,0.17872525200716094,0.38176063073288535,15,0.4900398406374502,0.3538124481832514,0.720118579586174,5.191029723716565,0.042856773064960225,0.98051830377768
QCOM,2017-01-23,-0.1360791622271451,-1.0,0.0042070777818690175,0.029584912594857293,0.04934156617941454,19,0.33067729083665337,0.06495585612974875,0.21212448184306662,8.671237739133211,0.546938314759382,0.5092599942925766
QCOM,2017-04-28,0.009911303018093509,1.0,-0.005125547443457279,0.015120649116688867,0.025203777651501724,15,0.7928286852589641,-0.06898033019951777,0.16110494476715376,1.0330053282215894,0.8551731213941264,-2.7096534952516205
QCOM,2017-07-20,-0.05075577029727274,-1.0,0.0015209417759365351,0.028210227550719225,0.01851354247743897,1,0.9960159362549801,0.043087830849670716,0.1634930455374671,4.608840184562668,0.4822316546093907,0.5881682102519892
QCOM,2017-10-31,-0.06911051867816687,-1.0,-0.045590736568817736,-0.22252905963678815,-0.25538006353659126,13,0.7768924302788844,-0.048927397305180254,0.16738692761340218,6.649697901662673,0.1983826927116152,0.6496977680429162
QCOM,2018-03-13,-0.05078228515238781,-1.0,-0.012155315172789116,0.003344488481346275,0.02489269477309275,3,0.9083665338645418,0.040866555215305134,0.31453987609620504,2.68852121089453,0.4977977269786427,0.9769242893798837
QCOM,2018-07-26,0.0676681450628811,1.0,-0.007297746949973316,0.021901928010523264,0.017231113392564446,16,0.8007968127490039,0.020230161231274302,0.2123771002266794,4.874005710581402,0.8560028076171875,0.8762943189336642
QCOM,2019-04-17,0.11555682643025467,1.0,0.008223423856913215,0.06407205595320242,0.09109699743476263,1,0.9442231075697212,0.30346721951364186,0.7627502848831573,3.8742722104345453,-0.14096036762808023,0.971501003761015
QCOM,2019-11-07,0.06129867949256429,1.0,0.041563319485382166,0.0011058217458632669,-0.06240176271260278,6,0.8764940239043825,0.05751290935842679,0.2684889155890824,3.2276621676427517,-0.20573993257659967,0.9727817122698184
QCOM,2020-07-30,0.14168097482100528,1.0,-0.022721057874299788,0.003959126363866972,0.017448332472040917,16,0.4342629482071713,0.09463322743084568,0.26874469468298523,5.965355116348733,0.8569385959742151,0.6787077772377536
QCOM,2020-11-05,0.11997753506879327,1.0,-0.0025262934807255277,-0.018813384896528618,-0.0068254901142053015,11,0.8366533864541833,0.1232059864795012,0.2783963910151655,5.335088638227852,0.027260029860810095,1.023468317584336
QCOM,2021-02-04,-0.0924369345596272,-1.0,0.018427586286537512,0.02805729508020871,0.030583851689711672,10,0.8685258964143426,-0.029259451376614898,0.3563407998660141,4.22398210255899,0.15805364691914003,0.8396207402522249
QCOM,2021-11-04,0.11983501086292403,1.0,0.03990973086441674,0.058611039175350044,0.17088321652337513,11,0.8844621513944223,-0.02875649070020536,0.20348447085378737,9.717084764906048,-0.10509614496824325,1.0112182930553564
QCOM,2022-11-03,-0.07971686128987798,-1.0,-0.012400560777557246,-0.08803444637339197,-0.10707834695851393,11,0.350597609561753,0.13375363762028414,0.4325828125338534,3.2314619497952735,0.14660959367210963,0.9397655719294874
QCOM,2023-05-04,-0.05698638333006034,-1.0,-0.002088284558652731,0.04105909174777711,0.0306526760444239,11,0.4820717131474104,0.05483660159913839,0.20685318704754524,3.4215374650792136,-0.7016571791072772,1.4249539150399053
QCOM,2023-08-03,-0.08530399744074835,-1.0,-0.027848012653233667,0.01982749044920329,0.04703259589243025,11,0.5856573705179283,-0.136907664511563,0.2773651038729565,4.167369449725568,-0.805685524403208,1.172111205190943
QCOM,2023-11-02,0.05670742557439645,1.0,0.009155528417933212,0.015953896385177302,0.04803047728158916,11,0.49800796812749004,-0.03360693021526906,0.2516760366431944,3.3226768321078115,0.25701969469271535,1.0914205875757579
QCOM,2024-02-01,-0.05111252665931065,-1.0,0.006370494511901192,-0.03041694228798253,-0.07433940361720914,11,0.5099601593625498,-0.13565951161442857,0.29042720373528863,3.4589664107764846,0.46596737341620464,1.0333047081783853
QCOM,2024-05-02,0.09297534766080506,1.0,-0.014876570832933034,-0.02709778072514002,0.02479148870422332,11,0.16733067729083664,0.016341460108598937,0.2815293528715084,5.151796717023486,0.5031268551919148,0.7198806818479313
QCOM,2025-05-01,-0.09348643188703498,-1.0,-0.01872006388349856,-0.05886296034923166,-0.06535539442320282,11,0.30278884462151395,0.03961959969501283,0.806470076406445,2.8223236850097955,0.8337356319694974,0.7204645054881798
QCOM,2025-07-31,-0.08048291212251701,-1.0,-0.026222900578964925,0.006146038460451919,-0.05420908799958113,11,0.6573705179282868,-0.08136903389080974,0.2151435688894482,5.306489632735022,0.789662647522011,0.4737012102472725
QCOM,2026-02-05,-0.08834941307562083,-1.0,0.011401870720194829,-0.010423263011247741,-0.029868283231614612,10,0.2549800796812749,0.16049188168892314,0.27079573191106043,5.037918877212665,-0.08181940083877023,1.2842229564130847
QCOM,2026-04-30,0.14076479403944298,1.0,-0.01717989106484108,0.10254771077708913,0.06785462190606673,11,0.4541832669322709,0.12166070118827044,0.42565344440567,6.0279881893298315,0.37333930691223743,0.6956934324369037
NVO,2017-02-02,-0.09155596898909302,-1.0,-0.010893287728155787,-0.017082932897381387,-0.026835902072817053,11,0.49800796812749004,-0.07820461314720273,0.19861399683029382,7.334442087938834,-0.21494933937980848,0.9837007664296229
NVO,2018-02-01,-0.06764245298123805,-1.0,0.005351060120406093,-0.022127611057069174,-0.024840513495501426,11,0.5338645418326693,-0.06533159607234884,0.16252489857346267,6.718807190331151,-0.08843343229047727,0.9175762161757821
NVO,2018-06-08,-0.023752997812580112,-1.0,0.0035572558617795735,-0.0018124861962998118,-0.05411099401703279,5,0.9402390438247012,0.08116230564930937,0.21217287590026981,1.9023274926788059,0.3023189794361349,1.0562595804383927
NVO,2018-10-04,-0.07630159784448498,-1.0,-0.02166444687631497,-0.020949568443462407,-0.0484079497529466,11,0.35856573705179284,0.07308246907871441,0.15268454656981134,5.905495184328326,0.10000715256419426,0.9909136781302702
NVO,2019-11-20,-0.04628632172205194,-1.0,0.006131737754673683,-0.019250957457592754,-0.04279790904400649,21,0.7689243027888446,-0.07478250052111557,0.17056041079491002,3.610597907044135,0.4647919106822407,0.6224794861524358
NVO,2020-03-02,0.050157227294703066,1.0,0.03524840990626288,0.09196178296828439,0.10330559450191545,14,0.01195219123505976,0.0043099798706109915,0.28691195919969315,3.4804871202225764,0.9619038622929617,0.667786656553561
NVO,2020-11-04,0.06968727230457672,1.0,0.0031546005098497254,-0.0704879054673686,-0.08697734939959334,12,0.18725099601593626,0.006610836468476933,0.27413643020440953,5.0188013096481,0.532846796626357,0.5944041854089194
NVO,2021-02-11,0.037906819327482744,1.0,0.0203157784851542,0.003768830194832873,-0.01007644375838046,5,0.6175298804780877,0.02330974462423452,0.24083755108956945,2.613336703763684,0.7171723399172325,0.9034806130265732
NVO,2021-08-05,0.048591342375381874,1.0,-0.037393796507752874,-0.02053868343766574,0.028364002441726655,11,0.43824701195219123,0.1769799838987507,0.24164373649194934,4.224548618082404,0.8967129087372798,0.6395597157944244
NVO,2022-01-04,-0.024660455199227993,-1.0,0.015117098134905582,0.030994391178093217,0.03152284180505971,12,0.6294820717131474,0.06287681085868657,0.4572599051143044,1.2430380851857041,-0.8776991053296009,1.876659728802227
NVO,2022-08-04,0.04463014313513192,1.0,-0.01053955047065891,0.02656513807713967,-0.049093404960623754,11,0.6254980079681275,-0.11556745717290573,0.5398296983194053,1.734973896659338,-0.25773163441875097,1.2898061481492256
NVO,2023-02-02,-0.049674979393202534,-1.0,-0.043758496740755604,-0.07642950173533425,-0.06747219452826236,11,0.8406374501992032,-0.09164993356053497,0.177715996663557,3.98236718943193,0.39690891930155736,0.6098291235166103
NVO,2023-08-08,0.15900817456965655,1.0,-0.001679678213483804,-0.008551351215607461,0.0016684122130037338,8,0.7609561752988048,0.011907523111712948,0.27521576560234273,11.035335939867949,0.30000053228390605,0.8977758766147909
NVO,2024-03-07,0.08575472926048633,1.0,-0.015170810320054073,-0.01017956899294159,-0.06009333124727334,6,0.6294820717131474,0.15910614338311735,0.2906902953582456,5.2149867930271405,0.12754195459032577,0.7852654058316442
NVO,2024-08-07,-0.08740263510654422,-1.0,-0.04944885900538942,-0.07267371228250585,-0.04612926430426256,7,0.1394422310756972,0.09354808722271546,0.3418995468116868,5.058966669500672,0.8215766255597395,0.6727050655388749
NVO,2024-12-20,-0.1963405015754338,-1.0,-0.03675092385454359,-0.013520461189806099,0.01545065202475282,0,0.07569721115537849,0.11235451962279264,0.25736186126807076,12.33125924104981,-0.39165043713559394,1.1384830473334713
NVO,2025-01-24,0.08131291883435665,1.0,0.0090036308401924,-0.030669173014749695,-0.005863459660965908,19,0.8804780876494024,-0.23544731858905887,0.38486300817963054,2.5498305596036928,-0.17647006024975037,1.276468169858378
NVO,2025-04-17,-0.07940676306455252,-1.0,-0.02838571122351574,-0.02160156440929928,-0.10175731598479931,0,0.0199203187250996,0.28242016255309466,0.4999723914518664,2.5270858426324176,0.10112147649999893,1.03691528689813
NVO,2025-07-29,-0.24623421234527987,-1.0,0.0739893899024664,0.12151270343347553,0.09188713724752384,13,0.7888446215139442,0.0066445295380272995,0.32598318954697586,9.57902346760471,0.537634232179627,0.9992470031195074
NVO,2025-11-24,-0.05746720931058258,-1.0,-0.03606579757040329,-0.034299366713196555,-0.009268374883314667,18,0.20318725099601595,0.15490021493701356,0.38418116756867154,2.5955381714100634,-0.7663550735488103,1.6063488165147137
NVO,2026-02-23,-0.17945760786917386,-1.0,0.033835479674555025,0.05416619128743916,-0.009833704407606447,19,0.41832669322709165,0.014238103364955013,0.78993188033932,4.666149533860575,0.6685703822544643,0.9218102798581899
UNH,2017-02-17,-0.03754292170391338,-1.0,-0.012605445232972023,-0.039503076791143066,-0.05685186192629654,0,1.0,-0.012977215198524128,0.0917778858857503,4.322225318439245,0.38420153253200395,0.7678081545741391
UNH,2017-10-17,0.053854723752779776,1.0,0.005572540914013047,0.016420759412365094,0.024019419679339293,3,0.9840637450199203,0.012395292276003111,0.13414451080466633,7.605542186012313,0.46731790682164637,0.34281290211854126
UNH,2018-01-30,-0.0444646637542192,-1.0,-5.2507205672291946e-05,0.0038210536870009193,-0.014339992893848574,13,0.6573705179282868,-0.10441336237585297,0.17070592454176906,4.321683171391594,0.14473908759893475,1.3611611738539628
UNH,2018-07-17,-0.02637808484927895,-1.0,-0.018187633879084508,-0.009712386765084347,-0.00857692409182853,3,0.8087649402390438,-0.05610145523589427,0.13084351208988243,2.777083692208249,-0.286396484375,0.8096309743450305
UNH,2018-10-16,0.046252781224922934,1.0,-0.019702277330706508,-0.004180707384684013,-0.007762454349273362,3,0.01195219123505976,-0.007960494506757954,0.16155863870302054,5.3394182980435065,0.938542814495268,0.7703418440393186
UNH,2019-07-11,0.05380350694198199,1.0,0.013520055206122983,-0.0005415596832305525,-0.05118857902184448,6,0.9960159362549801,0.03256757733024962,0.15140852986916586,3.7984199379008032,0.9161394296061567,0.6145723495630773
UNH,2019-10-15,0.07844082401337804,1.0,-0.00512128945514867,0.04419727331444445,0.04144917541124027,3,0.5936254980079682,-0.10776483032029116,0.18536302436156682,5.753320790823939,0.7142857142857143,0.6807851458449171
UNH,2020-03-04,0.10182718886438025,1.0,0.011233298235096001,0.09026516246115168,-0.022588328964340043,12,0.0199203187250996,-0.10224170839716873,0.556675660807297,4.502387194800645,0.05796322666738315,1.0196603313680528
UNH,2020-11-04,0.09834668642247557,1.0,-0.01976640353417025,-0.04560644714858064,-0.06516778833348447,12,0.18725099601593626,0.044869142364508896,0.29683784241887656,6.274846714793779,0.39067268374597974,0.7288502052744216
UNH,2021-10-14,0.04081108662876787,1.0,0.010588344258673388,0.02607847697059107,0.04502535622042192,1,0.4940239043824701,-0.04418348266818395,0.1884130216102661,3.520937144953809,-0.6738859148851801,1.3070112320695095
UNH,2023-06-14,-0.06615322468097773,-1.0,-0.0007060741625073419,-0.042416573087197484,-0.03329474454309622,2,0.9920318725099602,0.028175982437761427,0.16641341439203242,4.973238223722342,-0.8969874377911415,1.172571092732952
UNH,2023-07-14,0.06990519489011415,1.0,0.004643716173813317,0.04700929793348774,0.029408947527174156,5,0.9960159362549801,-0.08374153639287574,0.3018960766543011,4.938313248797599,0.61189363361272,0.4651956401365659
UNH,2024-01-25,-0.039403857994475544,-1.0,-0.020938749269085122,-0.025072384861024588,-0.031816154662172025,16,0.8685258964143426,0.06390750672586876,0.2169247066902799,3.5714547211422607,-0.7443955637707949,1.3006129616555877
UNH,2024-04-02,-0.06661813740169897,-1.0,-0.002388346729843782,-0.0025180895592713526,-0.05314569571997474,13,0.8127490039840638,0.034994144844024966,0.1670953774188756,5.214906932072892,-0.21307055245972348,0.952239537990495
UNH,2024-07-16,0.06297653056994434,1.0,0.05763306257660972,0.03037617669668169,0.0901307180182025,3,0.9123505976095617,-0.004221035411489993,0.2545527854987293,4.422808251403635,0.9078553044931452,0.5608997682495049
UNH,2024-10-15,-0.08459973540594135,-1.0,-0.022357838419183373,-0.01801382778011451,-0.007017004625441636,3,0.9561752988047809,-0.04686936745052961,0.14428601054594692,8.129301759917908,0.004496483050750595,1.0910805286287404
UNH,2025-02-21,-0.07434990545246656,-1.0,0.0060003712494074435,-0.02779139026968025,-0.09725673071192187,0,0.5776892430278885,-0.026562843728760832,0.25482477472326664,3.4361293862179685,-0.7897437502567584,1.7980520710262708
UNH,2025-05-15,-0.11572759593235649,-1.0,-0.055726810153649886,-0.09077610638989864,-0.09753808883771953,1,0.9322709163346613,0.4920470580040668,1.089577997293403,2.5149696994308455,-0.8343544326332714,0.9826948170812865
UNH,2025-08-15,0.11313535741209435,1.0,0.014846395477047913,0.00825227543430973,0.016593183347415774,0,1.0,-0.12899519027823114,0.5395693216442813,4.448765439031681,0.19307511162702382,0.932873638307148
UNH,2026-01-27,-0.21822165876075683,-1.0,-0.03936211105275689,-0.013827877065893723,0.029251696812555572,17,0.32270916334661354,-0.07485206194935579,0.2544685847563739,12.233771934863249,0.7591604632918391,0.82086371348013
UNH,2026-04-21,0.0673303824071656,1.0,0.011396559747947954,0.04751679761022487,0.022747263967913156,18,0.7370517928286853,0.10925639921002972,0.39896569832629875,1.9016465637009732,-0.8746988069938058,1.2974690992988738
BA,2017-01-25,0.041541744979827655,1.0,0.011507312257857727,-0.011933217427636755,-0.020001467665330175,17,0.649402390438247,0.06970494605644983,0.10761349019000328,4.795754973604,0.5231068202138491,0.4515418330553931
BA,2017-07-26,0.09421414139203499,1.0,0.032758996029177645,0.01905219227519872,0.004404819781723468,17,0.6454183266932271,0.12984009016983133,0.10648807074608062,10.962950947928842,0.9032848188852722,0.5367361817816401
BA,2018-01-31,0.04815403752390335,1.0,0.008361981132948948,0.03400313044112302,0.01741811001077931,12,0.47410358565737054,0.19889233408931162,0.2977287794420635,3.590720500232904,-0.41176508987176097,1.356157164605527
BA,2018-10-24,0.013055403887171302,1.0,0.007608909725250967,-0.01922398633864475,-0.009637402079317958,17,0.05179282868525897,-0.010486185848904483,0.27472596335936805,0.9004176564964743,-0.5414421974541114,2.4844115792911703
BA,2019-03-11,-0.054794565885901925,-1.0,0.06723467317411913,0.08571726208017871,0.07889668385462922,4,0.2749003984063745,-0.20613682697153557,0.17105073831274525,2.6836131775013934,-0.8566809361457937,2.360719605584053
BA,2019-04-08,-0.04543805699228187,-1.0,0.00960206806731545,0.0015709221927631134,0.015399109703928104,8,0.8446215139442231,0.03322353153371793,0.3852885052011394,2.4019753280545264,0.32997409465827243,0.9014972717765176
BA,2019-12-16,-0.04388522735741773,-1.0,0.0002190912535295908,-0.026384463809630887,0.011158576058105218,4,0.9721115537848606,0.07711382757845886,0.19588023865348667,2.6036816454286793,0.8836721919988042,0.8936320118646233
BA,2020-03-25,0.21767748257595887,1.0,0.07205444718869192,-0.19170335742808753,-0.18235664977172572,16,0.1952191235059761,-0.9081120306335704,1.8331589231322714,3.108813456546584,0.05004403224181269,0.8877931223813432
BA,2020-11-09,0.12844681993277973,1.0,0.05217815900852951,0.09851094246216441,0.15682599727689173,9,0.6693227091633466,-0.01566211356122693,0.3970872605218853,4.54205817381474,0.17073092062578388,0.9843580643951545
BA,2023-04-14,-0.05722721676721232,-1.0,-0.01274341731807116,-0.0175408461269555,-0.016446616053714003,5,0.9561752988047809,0.02249886906218901,0.2462132396165474,3.259006468030517,-0.1615040723261047,0.9239320234964508
BA,2023-07-26,0.08364314624512126,1.0,0.010724489131015424,0.0057629237518099785,0.04316197395038124,17,0.9083665338645418,0.06387867438295114,0.1930830771361116,5.892717227503552,0.9487644011662468,0.4406969179942229
BA,2023-11-13,0.03933805471327734,1.0,-0.004991703378421697,0.03093712483569,0.05064202925147754,4,0.8645418326693227,-0.056641321157788305,0.2020223107249321,2.607429475207115,-0.0645191912160238,0.8691691297321952
BA,2024-01-08,-0.08373089291046742,-1.0,0.01273131831007035,0.13350304232214683,0.10088480746763295,8,0.7131474103585658,-0.2630351530744113,0.27522177497703276,5.15295285381087,0.20347354611043483,1.0522671435557136
BA,2024-04-24,-0.02908658124766017,-1.0,-0.018784969914078964,-0.0525355526489939,-0.06998250061727962,17,0.3426294820717131,0.17005050103343056,0.19352789671054818,1.8520247794076943,0.7865775853417253,-1.4562619934356653
BA,2025-09-26,0.03556112347697926,1.0,-0.021878966007112588,-0.03377642705450601,-0.03537494272524455,15,0.5059760956175299,-0.05604943542668295,0.18716838296734326,2.365730246697192,-0.13827994801620672,1.2656374603206242
BA,2025-12-02,0.09664517066911937,1.0,-0.017381374487013268,-0.02690938965118761,0.010365601434461524,13,0.601593625498008,-0.14844957219236843,0.2424903780635766,5.408321226948023,0.9221044342587159,0.6370134753092702
DIS,2017-05-10,-0.021738969969828048,-1.0,-0.0013150111708846168,0.013997115677666372,0.02102255991673907,7,0.9561752988047809,-0.004919756430269651,0.12640667489144033,3.848328588108277,-1.0,1.2776958223072037
DIS,2017-08-09,-0.03956477543446102,-1.0,0.00028144084474757136,0.00489094066217266,0.0020790556627829915,7,0.5976095617529881,0.0005606724508711025,0.1566496669349858,4.260600163750308,-0.86400146484375,1.5265306386713433
DIS,2019-04-12,0.10924660283966947,1.0,0.015764026500522554,0.011999838762589476,0.05592907055623453,4,0.9043824701195219,0.056452391804040936,0.18663689406001824,12.185025040103033,0.6299570131716482,0.8474191142362281
DIS,2019-08-07,-0.050673903074129,-1.0,-0.002788968195967634,0.0007822193810742561,0.008786068715657791,7,0.13545816733067728,-0.03441931322894387,0.18985190363853144,4.510526991670452,-0.44044635120569775,0.9897607388152982
DIS,2019-11-08,0.03691545513142902,1.0,-0.006970914118968885,0.03830861676494912,0.0656887661015979,5,0.9482071713147411,-0.03357553550409875,0.14614720656890945,3.4212887809620858,-0.3048415213601645,1.440162248918305
DIS,2020-03-12,-0.13908455783704632,-1.0,-0.028308578989288513,-0.06452913633504131,-0.08624762020124699,6,0.01195219123505976,0.31017389736341183,0.5672637280472681,5.911026715505738,0.959330584561246,0.5588207491541113
DIS,2020-08-05,0.08432923418974259,1.0,0.01818135223435391,0.016309424452144228,-0.014046023684411324,12,0.5936254980079682,-0.08173986609975348,0.21019955652087863,3.674339239092023,0.23186417721903638,0.5992996911787349
DIS,2020-12-11,0.12746869602329713,1.0,-0.032732305083664315,-0.024067949149808143,0.001813415523340467,5,0.5059760956175299,0.20046964131130984,0.2876927916626709,5.579929825394991,0.47167181056617474,0.7255988328576275
DIS,2021-08-13,0.009934363519247036,1.0,-0.01340236750174828,-0.027709961576671382,-0.014867999922221209,5,0.47808764940239046,0.026163321207703483,0.22722905111581063,0.8164554003207327,-0.9402993912423621,3.8553042705935696
DIS,2021-11-11,-0.07336302922065929,-1.0,0.022934962612846554,0.05388440932109351,0.07991601097858947,6,0.6055776892430279,0.05552340930635857,0.19714517176194765,5.25062640806687,-0.34280479607987685,0.9345719260101448
DIS,2022-02-10,0.03293666200621015,1.0,0.002078818223322898,0.03284329299770228,0.008651784475662616,6,0.5537848605577689,-0.021501850162819913,0.3688440280369251,1.9136491463180023,-0.671360515790102,1.7605995007913045
DIS,2022-04-20,-0.05717620900128928,-1.0,0.00857102205809479,0.014422365183725638,0.033815399720278805,22,0.398406374501992,0.13761709588656057,0.256310046057404,2.9934612374827796,0.7160497606393625,0.7934302815321849
DIS,2022-08-11,0.04572326115792169,1.0,0.01564884250355103,0.022808429264588703,-0.0008127359198963902,6,0.649402390438247,0.16100803183385448,0.3563634992375972,2.060632061862597,-0.8787875674155211,1.8242369063388615
DIS,2022-11-21,0.061060242282349186,1.0,-0.02750653901726352,-0.03168480922688666,-0.05380883809733916,18,0.5936254980079682,-0.08054531329455372,0.6103391384824156,2.1623545183120108,-0.4485767088091967,1.4208453796384568
DIS,2023-02-09,-0.012784888041330156,-1.0,0.023392096590260536,0.04483263279536498,0.06892110667794427,6,0.701195219123506,-0.17985548279113406,0.2728241197234704,0.5776029046823309,0.8685775695874386,-4.262134696345814
DIS,2023-05-11,-0.0913532380629638,-1.0,0.002161453214855946,0.0014949790715954592,0.05232192983516004,6,0.7370517928286853,-0.08004269510120388,0.3075892958672543,5.497701302895504,0.7337462177847379,0.7086366015836788
DIS,2023-08-10,0.04765201940042374,1.0,-0.029732200957219845,-0.043949919947830374,-0.08630622499852247,6,0.47410358565737054,-0.06257925429985622,0.2516803236143365,3.637596978691316,0.6778255900811462,0.586582030463743
DIS,2023-11-09,0.06682875532636512,1.0,-0.03866433178405604,0.008042588308073917,0.013111959693634212,6,0.8924302788844621,0.012144411941699573,0.21851431241130478,4.820748359091085,0.5180041000063402,0.5800706824195088
DIS,2024-02-08,0.10884446825146732,1.0,-0.025404418224654002,0.0097535929577095,-0.04460024202283286,6,0.9442231075697212,0.06587085591076036,0.23681345251116181,8.000044494927657,0.25293195262869345,0.7078287996966912
DIS,2024-05-07,-0.09996599044091337,-1.0,-0.0003776874162202404,0.012220854226098865,0.04996772836818231,8,0.8007968127490039,-0.05424850887662913,0.18618413427768787,8.035294198202006,0.35694774173966914,0.8249923941484625
DIS,2024-07-23,-0.03447680113731888,-1.0,-0.010308291870413377,-0.05235982246701809,-0.048088918938919534,18,0.5179282868525896,0.09024633517165359,0.1490209336524286,2.0845604739942005,-0.1935486517305594,1.0766501439130811
DIS,2024-11-14,0.060441367439998395,1.0,0.06607066090615277,0.049506990549444296,0.05834854671252643,1,0.9163346613545816,0.09319014682064175,0.15085759508669028,5.682039085343717,-0.7753504941256006,1.1824523926247001
DIS,2025-05-07,0.1022200631700283,1.0,0.022304216646444885,0.05496080604195974,0.0408400126849795,7,0.2549800796812749,-0.1118707254080844,0.5290513294401069,3.7268455555327193,0.23028269690828837,1.0315715598961503
DIS,2025-11-13,-0.08066442566408316,-1.0,0.01679936528014192,0.017240828847990386,0.04636152377463709,6,0.8764940239043825,-0.0047261359872221576,0.18623553752509647,8.10498876338972,-0.2134826066830113,0.8534098920159312
DIS,2026-02-02,-0.0769079073333776,-1.0,-0.006286914908947949,-0.027436197523967643,-0.02766001581725064,13,0.2908366533864542,-0.07327635818717138,0.23253214295438837,4.562647010684418,0.7119354484231016,1.0548888928043265
DIS,2026-05-06,0.07272786969399725,1.0,0.008607984291025161,-0.0411686008121368,-0.04758728688932301,7,0.5896414342629482,-0.011675211913004802,0.23210845733829838,4.839376991556389,0.4360306450520512,0.8026358196368714
SHOP,2017-05-18,0.024953229681925926,1.0,-0.04229203889821864,-0.04158864835262133,0.026401013871467427,1,0.035856573705179286,0.2905059268659951,0.4793769669324906,1.1005324589767682,0.8547581026497499,-3.0915268956476902
SHOP,2017-08-01,0.1193575324831273,1.0,-0.05711234869621995,-0.07527051923851413,-0.10766824549379983,13,0.38645418326693226,-0.05435774859271714,0.38209511788656136,4.440541930861989,0.524338563282652,0.9871106415431137
SHOP,2017-10-31,-0.09458800791257271,-1.0,0.034949124854037894,0.003684849568395876,0.007493386588237616,13,0.7768924302788844,0.01362300335149813,0.5949805822223297,3.2322053699291136,0.03300917657145661,0.8010465077924693
SHOP,2018-05-01,-0.04554767429804807,-1.0,0.015994382492759307,-0.10818838730657498,-0.08698150737649746,13,0.14741035856573706,0.023079674737102707,0.45188386312072476,1.4594530888624737,-0.909578618005026,1.45169251896991
SHOP,2018-07-31,-0.06897836719683781,-1.0,0.011803813619019277,-0.009802891102766331,-0.03458068670244252,13,0.2151394422310757,0.018201808525611707,0.4652144267352249,2.6715049448381984,0.0581406745145869,0.9675193555994297
SHOP,2018-10-25,0.11367622313958758,1.0,-0.012190955197111997,0.039712920259526996,0.04980042729178136,16,0.01593625498007968,-0.17050200892111844,0.6935891053781319,3.4353920119411825,0.7256110207618158,0.630825742011046
SHOP,2020-02-12,0.07523074323920387,1.0,0.004299969938662773,0.00951142386321635,-0.0662887622473134,6,0.8884462151394422,0.28097367394086836,0.2817570245477299,3.7073484586146317,-0.9306523257372497,1.9101590366007009
SHOP,2021-02-23,-0.060476241300297495,-1.0,0.010259403808825063,-0.00924095951092152,0.13882467420524325,18,0.12350597609561753,-0.07844889672271727,0.5795511002568544,1.8116130180386436,-0.6246784313135824,1.3919761899882508
SHOP,2022-02-16,-0.17479514373027882,-1.0,0.10203162082979844,0.07577276404659461,0.12853852319866732,2,0.3346613545816733,0.3972999611087813,1.039464328083409,3.736771237908579,0.3287506103515625,0.6077700604926392
SHOP,2022-05-05,-0.16149324470411353,-1.0,0.08413453710375896,0.10247549449010407,-0.006531520936963631,11,0.4940239043824701,0.05891110203294492,0.8637214004210526,2.47724927777638,-0.18745645698541688,1.0822387998566638
SHOP,2023-02-16,-0.17296296737814032,-1.0,0.026872603407440465,0.06762479288442336,0.02413286736783027,1,0.8007968127490039,-0.39160762819746964,0.7073445396843298,4.505517145830161,0.5372848669450012,0.919459077000368
SHOP,2023-05-04,0.21380679759364618,1.0,0.06097420473425075,0.07611474745965463,0.025899477721747388,11,0.4820717131474104,0.08593137809922702,0.3564899502275148,6.265262925392294,0.15151480122147407,0.7973222587448682
SHOP,2023-08-31,0.10254034125412925,1.0,0.0014398542655333912,-0.04297515380917627,-0.048186353082449784,10,0.9482071713147411,-0.07122340916363967,0.41299757513223573,3.596262782618901,0.7983189685570613,0.7353647059014768
SHOP,2023-11-02,0.20180664058571463,1.0,0.02013521175494848,0.004035560977121655,0.07532348977004943,11,0.49800796812749004,-0.29939834628627615,0.4443111327188212,6.931757118355174,0.8061595468045861,0.825995455184719
SHOP,2024-02-13,-0.1438434469343406,-1.0,-0.035179780908359604,0.027131443866658778,0.045566320123784365,3,0.8326693227091634,-0.18781238930984667,0.46533344310585933,5.798473207611452,0.9475313947437205,0.9443762610185175
SHOP,2024-05-08,-0.20561480656233577,-1.0,0.010218877842064877,0.08925983117759628,0.09054597106051698,7,0.8207171314741036,-0.027366551576098352,0.377661127881705,7.216024315995831,-0.17415819431824026,0.9276624543348667
SHOP,2024-08-07,0.16411297847667994,1.0,0.047546399988893207,0.06655143152880694,0.09761610316969715,7,0.1394422310756972,-0.1274496555920206,0.5821029094070971,6.139609445177698,-0.8392434092755772,1.0579014458749085
SHOP,2024-11-12,0.1909151216872278,1.0,0.05461505943846312,-0.029446966733574165,0.022336460633809452,3,0.9402390438247012,0.20132525474547514,0.29019353080789145,9.494503403777115,-0.31374913373670793,0.9322379216121559
SHOP,2025-04-03,-0.20139956250280555,-1.0,0.007547210361129153,-0.05088050341316208,-0.03575081708331762,10,0.14741035856573706,0.16915356178320629,0.6603227237979985,5.632451471511432,0.6775189433815858,0.7051277060162477
SHOP,2025-08-06,0.1985926215612892,1.0,-0.024198382841965405,-0.05050154389170203,-0.1290720826434768,7,0.44621513944223107,0.13096996351680446,0.42903540395963824,6.529939218088129,0.7358146002819088,0.6729833166189418
SHOP,2026-02-11,-0.06939151373881725,-1.0,0.05465161557039888,-0.0528526334214634,-0.06297369614364179,6,0.3784860557768924,0.2583541232906583,0.7167454101733921,1.9829012915049409,0.3823729997090486,-1.2635429176045587
SHOP,2026-05-05,-0.16980907475632723,-1.0,0.034361027954965095,0.09484452385196462,0.07714724833686049,8,0.4262948207171315,0.02056323782167535,0.55853564902405,4.600936756098504,0.6965623260863615,0.5564326266544494
SHOP,2026-08-05,0.15685818205759094,1.0,0.023541803851217402,0.038384976807982696,0.017041485150976143,12,0.8844621513944223,0.11833064720746744,0.6071551799773437,4.422070712799138,-0.697182899948824,1.2496310782393134
UBER,2019-08-09,-0.0703735717304741,-1.0,0.06696270525950032,0.11868665031840653,0.15718612411302324,5,0.7250996015936255,-0.01879320185748945,0.3856587843401829,2.867274311093747,-0.3604054033120072,1.1749252268052988
UBER,2019-11-06,-0.039306366439711304,-1.0,-0.012690041636585825,0.015065619523586093,-0.02778359280262066,7,0.9362549800796812,0.178925294414789,0.573623503580868,1.2837146534088313,-0.38071176079322494,1.8449175696208928
UBER,2020-02-07,0.0911593406729776,1.0,-0.02281495098843589,-0.04028816391992951,-0.028913592898450968,9,0.8764940239043825,0.2926372538408839,0.3686952663989235,4.369205875551915,0.6542065070910608,0.8230853958906441
UBER,2020-11-04,0.13621860939610198,1.0,0.004073558434741553,0.08279330852977695,0.14432115995956663,12,0.18725099601593626,0.041381300340651794,0.44393560636323576,5.3243888921621485,0.2634925171419091,0.94065883470064
UBER,2021-09-21,0.10872252879340083,1.0,0.001723676001680996,0.035660812903872685,0.029011812735399545,18,0.027888446215139442,-0.176271584269295,0.3383394391710088,5.6985064673682135,0.5460996745332406,0.5713316508743911
UBER,2022-08-02,0.17313311523264918,1.0,0.01609303467230694,0.052010994828226575,0.04998830480193517,13,0.5617529880478087,-0.005674899267636757,0.5857288973053398,3.9102170458095036,0.8454932952191037,0.8479410876051483
UBER,2022-11-01,0.11304638370564435,1.0,-0.006690112981972085,-0.07425214365171229,0.023691556231753008,13,0.5338645418326693,-0.08923570874894926,0.701382408328742,3.260996270340573,-0.32978782766082865,1.0946412835974626
UBER,2023-02-08,0.053825907243524984,1.0,-0.017147118919099036,-0.02450172259612149,-0.04159530540165468,7,0.8007968127490039,0.27723068578093946,0.32443019877125046,1.9461892480281544,0.5129873025152216,1.3002225271020889
UBER,2023-05-02,0.1092624450518338,1.0,0.042394349454021096,0.04449456653496231,0.02631665208193068,13,0.749003984063745,-0.054388621896233946,0.3510616083485924,4.3219718338523325,0.9123177267912748,0.6161468992179809
UBER,2023-12-04,0.022073712225072484,1.0,-0.011123791162746421,0.051741412400575726,0.018612902051407865,9,0.9123505976095617,0.25121475414682903,0.19564386565071,1.0090842496049175,-0.9489349682974102,2.0539531185511923
UBER,2024-02-14,0.1373832700116724,1.0,0.021031558467410782,-0.03200414853864153,-0.014482657513393171,2,0.4860557768924303,0.09879497885131094,0.26852406200263873,8.493796972623088,0.979551971941299,0.5690572888188241
UBER,2024-05-08,-0.05892223362786364,-1.0,-0.017035356414053737,0.020743770249307403,0.038098191773555,7,0.8207171314741036,0.09527146731056302,0.31029859267650045,2.343785418368514,-0.5245195065490401,1.4927147847809445
UBER,2024-08-06,0.10370050195092428,1.0,0.01698178661863814,0.05375443743596797,0.054653953736505834,8,0.09163346613545817,-0.16397139255206916,0.4762730681902496,4.471680429703617,0.6428582696474847,0.6488051247202288
UBER,2024-10-31,-0.09751576968547138,-1.0,-0.012306232558762176,0.03146021821625222,0.05103922629742197,11,0.3187250996015936,-0.10433990996350673,0.43410810713327824,4.359388528713452,0.1484365686765372,0.6570938147570767
UBER,2025-02-05,-0.0785622704414779,-1.0,-0.07852760387555247,-0.20893758979035582,-0.22115536609468034,11,0.3904382470119522,0.03396850580274524,0.2605737159597889,3.4190226614793455,0.39692101111778844,0.6073586312046627
UBER,2025-11-04,-0.05196913009731041,-1.0,0.023948922726589217,0.02279346441798591,0.018370170666516472,13,0.6294820717131474,-0.05524900988886028,0.2841275636071644,2.885542097238904,-0.8545451182633946,1.5567668836812911
ANET,2017-02-17,0.17275882287536315,1.0,0.02352507451874697,0.002553153577022904,-0.007980186572613235,0,1.0,0.022513653142459455,0.1244758459320443,7.509374582093091,0.9146609593672109,0.5942473748052706
ANET,2017-08-04,0.17762466726516735,1.0,0.007974833298908024,-0.024279556024568993,0.018946984379939025,10,0.47808764940239046,-0.0800160055571264,0.25839415886110534,10.428793156404186,0.24719255233425344,0.8524702344587564
ANET,2017-11-03,0.1063039727452999,1.0,0.023885420301591243,0.09404310621324674,0.15109739397522715,10,0.900398406374502,0.04239406283938196,0.3488422333010977,5.811646992250968,0.8595768442855798,1.016093336145647
ANET,2018-02-16,-0.2105510204173986,-1.0,-0.006921922138534153,-0.02329898470956726,-0.12536581552557902,0,0.6772908366533864,-0.2687261662156941,0.40799340701948306,8.443356030973154,0.8165734066532028,0.8407002321359812
ANET,2018-05-04,-0.08896486130486592,-1.0,-0.026016772396665555,-0.033522384149583306,0.007435005144884155,10,0.1553784860557769,0.08488721951100953,0.48529514078991587,2.160907793701151,-0.4269087357954545,1.0528748490467432
ANET,2018-11-02,0.06743669935996044,1.0,-0.0402771780225466,-0.07449857246315572,-0.08080185287029851,10,0.20717131474103587,-0.10549738957999821,0.541365835405776,2.5257224033143344,0.02549075347855,1.1795441144973828
ANET,2019-02-15,0.09187608908004385,1.0,0.019376320638695432,0.04880522199512338,0.06732985132155944,0,0.6613545816733067,0.13596693011002836,0.4334686568902405,3.108937965942795,0.3248399059264357,0.8254158650154684
ANET,2019-05-03,-0.11021563984120952,-1.0,0.014364499329602598,0.031938630917144106,0.07890447943767986,10,0.32669322709163345,-0.12217581023320534,0.2096744500622104,5.500871067016231,-0.9978135002457866,1.5546593241052182
ANET,2019-08-02,-0.1089506797135753,-1.0,0.024924101960686063,0.061694383595297,0.08571579223586756,10,0.19123505976095617,-0.03206394391288381,0.27233549663651296,5.044657974328354,0.4732568362351196,0.6087882651096578
ANET,2019-11-01,-0.2775254466945545,-1.0,-0.02770025874839721,-0.02958674282813112,-0.020455810860589008,10,0.8565737051792829,-0.03830034626125256,0.2669917803340437,14.691168390226375,-0.495945902210478,1.2337687041422492
ANET,2020-02-14,-0.061395556162526344,-1.0,-0.012908477588907008,-0.001536621204451194,0.03992756320354296,4,0.9282868525896414,-0.17917860035405386,0.27544914185656366,4.854380158503608,-0.294000244140625,1.4410470966068984
ANET,2020-08-05,-0.11577261320265997,-1.0,0.0013601669621121637,0.09967117480581766,0.07885989287748219,12,0.5936254980079682,-0.13007942627732838,0.2847746009134014,5.423491858201619,0.8532367308853395,0.5396996643260926
ANET,2020-11-03,0.14358506986279052,1.0,-0.002456934862768101,-0.02099707197285916,0.036786252098846894,13,0.099601593625498,0.023501802615617073,0.34009685078576785,7.552280627799396,0.036680539697171125,0.8198717474892621
ANET,2021-02-19,0.006776424903134348,1.0,-0.05460910700461552,-0.08030864667005044,-0.11339552752330961,0,0.9442231075697212,0.0708679526621463,0.1773910791796669,0.47020071272848835,-0.49832292220579555,7.521582715715375
ANET,2021-11-02,0.18555116783327152,1.0,0.037532944820331426,0.06543104853966142,0.053647145937178564,13,0.5258964143426295,0.1179299314740665,0.2698539092604016,12.47539359458779,-0.5791235285775067,0.9748501138542108
ANET,2022-02-15,0.056352957824591154,1.0,0.017936709615475444,-0.039292270803123586,-0.0359879259616509,3,0.19123505976095617,-0.05789092296036369,0.39746013918909406,2.3913456514883835,0.29710110874919493,1.3930209657595423
ANET,2022-10-27,0.08914268456494545,1.0,-0.00406006126253855,0.049742423524546275,0.025832305256906274,16,0.5617529880478087,-0.10554401176790096,0.4739868394840292,3.610546652437031,-0.7788465858916718,1.1941747688857471
ANET,2023-05-02,-0.1710467507695168,-1.0,0.009921960714450062,-0.025669132233496317,-0.009994281287520668,13,0.749003984063745,-0.12968558288941923,0.24664485025768842,8.907769366959922,0.9556344445031147,0.5688735007431054
ANET,2023-08-01,0.17964213154080255,1.0,-0.03190883407395306,-0.011115015592302768,-0.002413775670405016,13,0.9243027888446215,-0.07207019265389514,0.41013431185688515,6.193799930477767,0.5046687416629613,0.7512994741228379
ANET,2023-10-31,0.13127380698223057,1.0,0.04032563576674386,0.015433695328440411,0.0009406022065867603,13,0.099601593625498,-0.11613764925923764,0.44671096101342816,6.154154597967732,0.8431370376239291,0.7656633744839735
ANET,2024-02-12,-0.005574037745492255,-1.0,0.04240622586848897,0.07028793046012183,0.044263117078343406,4,0.8446215139442231,-0.20603115639371783,0.34643525679808346,0.32417502927295977,0.8878186553203976,-6.370597546910232
ANET,2024-07-31,0.10688454660850599,1.0,-0.008827269957468076,-0.02794346665888625,0.018941798286049583,12,0.3346613545816733,0.04522424743732323,0.39820184397535724,4.225406461742509,0.6630992130713066,0.7662788639780602
ANET,2024-11-08,-0.07356552199731325,-1.0,0.008824552033673605,0.04627551534938679,-0.01943604471642235,5,1.0,-0.1930231483255742,0.3593876044418625,3.3187933584499953,0.7112077078198521,0.7975062708459604
ANET,2025-01-27,-0.2529636266741937,-1.0,-0.05179909311071995,-0.10853186368330903,-0.1721395199049267,18,0.450199203187251,-0.23988895887482986,0.34260214882511125,10.349319986659962,0.6408494305405943,0.6487473695429568
ANET,2025-08-06,0.16118885654725013,1.0,0.00443432116010456,-0.024520755818771,-0.0624990413121953,7,0.44621513944223107,0.19441609762963807,0.3198692329782294,5.723602232244369,0.7485329554233325,0.7728218863484937
ANET,2026-02-13,0.04677229507001357,1.0,0.005355568453531134,-0.10630667646264769,-0.09756861766101022,4,0.18326693227091634,0.07075473143280941,0.6078187595092581,1.5186734266945108,-0.3333342778571965,1.6293790614577859
ANET,2026-05-06,-0.14625107505349444,-1.0,0.03370489227073836,0.0557712693619985,0.0557648320665276,7,0.5896414342629482,-0.2158707060786238,0.44186473649326763,4.364504307585721,0.09052691543311403,0.7292514177327902
VRT,2019-05-30,0.0,0.0,0.0,-0.0,-0.0,16,0.0796812749003984,0.0,0.02825512007008365,0.0,-0.0,
VRT,2019-07-25,-0.002942594812459731,-1.0,0.0017781929726750079,-0.019312311246157066,-0.021496076974586664,16,0.7689243027888446,-0.013806959487780102,0.03272306364941488,1.4595668535811155,0.2857133125796146,-1.9912468328102368
VRT,2019-12-10,0.016137044879132034,1.0,0.0359513632671713,0.006024643743466562,0.00176138291829675,8,0.8207171314741036,0.02127742494232754,0.051336303557948305,6.17433747125077,-0.8695663892027491,1.5229509521019768
VRT,2020-01-21,0.008733713431011925,1.0,0.007674880149959762,0.09758181218634965,0.10525138821119562,22,0.6812749003984063,0.10731172467857286,0.1562605107178718,1.0652127573102532,-0.7272743035988313,1.892591130853109
VRT,2020-11-13,0.03853169690414715,1.0,0.0030390749524600302,0.042185678368204194,0.028244412957620035,5,0.6653386454183267,-0.005185845961367175,0.2592306673242339,2.197118957079778,0.23636161867671895,0.9711309715304457
VRT,2021-02-24,-0.04235934567742339,-1.0,-0.001535503810969896,-0.03156993016779852,0.0026009600481913253,17,0.1394422310756972,-0.13287331653847323,0.3000386564404223,2.260325073368246,-0.39999879535972566,1.9259037373280956
VRT,2021-09-08,-0.07592025497028576,-1.0,0.031750536470258606,0.09184363090586967,0.05028942945429371,7,0.8047808764940239,-0.02199477874201694,0.17487546469560236,6.593445147709855,0.5692300920661703,0.6449991620233735
VRT,2021-11-02,-0.03515985753390671,-1.0,-0.019817439572269002,-0.05807299280183509,-0.0491842380053189,13,0.5258964143426295,0.07894958515908002,0.3072241969271537,1.8321881173182102,-0.3220347202017263,1.272713227583405
VRT,2022-02-23,-0.45791548931345716,-1.0,0.014129556735933413,0.06825654491338407,0.13834319512845594,17,0.043824701195219126,0.23926234482019293,0.5140504345104115,17.259894634764883,-0.7157899386335551,1.0463520142842089
VRT,2023-02-22,0.0168945033950334,1.0,0.05349828992872441,0.04813189131603757,0.013122646048805198,17,0.3705179282868526,0.14957400167059332,0.6158953163280576,0.4860571375213581,-0.7844984086796277,6.426136150310766
VRT,2023-05-25,0.13083381831089058,1.0,0.05146835660272586,0.03586924279294079,0.09910042540560005,15,0.4541832669322709,0.20650319921785432,0.43079618098495426,4.1842683182064055,-0.09236923180628091,0.9127892089268052
VRT,2023-08-02,0.25657759914287315,1.0,0.008975503005785423,0.02511631643849377,0.007410530951130312,12,0.9043824701195219,0.29259429486330557,0.2741091734053537,9.60246411023905,0.42782164844924103,0.8505472346923822
VRT,2024-02-21,-0.05757584404004312,-1.0,-0.05118085491538693,-0.1032497110375461,-0.1817381592187859,17,0.46613545816733065,-0.2720042671134548,0.41462319565467687,2.3924676046238837,-0.0773897283345171,2.0768857870477335
VRT,2024-04-24,0.06598217413036878,1.0,0.06991756668384319,0.05571100965147657,0.12107691450197944,17,0.3426294820717131,0.17725673749249893,0.5565651722107419,2.0122227680837192,-0.5649398098670236,1.90773047922189
VRT,2025-01-27,-0.3549581362742238,-1.0,-0.0292207777444089,-0.09567678246703704,-0.19443607019427311,18,0.450199203187251,-0.04308282007786168,0.5309568674913077,10.010480727802516,0.6879751957739231,0.6287919935357432
VRT,2026-02-11,0.219067529273409,1.0,-0.03392314674163277,-0.011305962799717406,0.04608428688143995,6,0.3784860557768924,0.11093095602656433,0.5023016934864558,6.1942840170331115,0.8300881769119626,0.7107183134166538
VRT,2026-07-29,-0.18943989355048085,-1.0,-0.00317233602183542,-0.16624101704193706,-0.19954406470872232,17,0.21912350597609562,0.15803305261697265,0.6537033285813955,4.497611459605,0.8479200325754291,0.4830032485537557
