i,date,side,label,L,fwd,r2,slope,width_vol,compress,vol_ratio,clv5,n_touch,approach,zclose,tr_atr,gap,ext,sym
187,2017-06-30,-1,break,126,0.06003871576430581,0.9064627153308188,-0.7685790966560384,0.4055026819342625,1.30291118224711,1.53811782155345,2.350394937312798,0,1.1542408931788424,1.5039305899678115,2.1025438488794963,0.7643886009283182,1.8766527688206716,MU
301,2017-12-12,-1,reject,126,-0.022674544435955627,0.7865441419863107,-1.1315840599838352,0.6794259384244822,1.402300998926705,1.0119532094065746,-0.6109097272250624,0,-0.21060344970347322,1.1515048763110534,0.6606775236464738,0.24207553044737723,2.251960076568955,MU
538,2018-11-20,-1,reject,126,0.1438677613487948,0.8994134701326114,0.98078048317615,0.3476664184669277,1.078368622370074,0.8301407393933882,-0.5255073666302764,0,0.3247189910222317,0.7573666697219341,1.6502960164304992,1.9900656447273122,1.3878240234461905,MU
546,2018-12-03,1,reject,126,-0.2556419380246284,0.9098797848188237,-0.9960126762926482,0.46183679909185443,1.0863316673129868,0.962203536342778,2.38406896565735,0,1.9310712730728747,1.5778006738127626,0.6566263565150409,1.467565305693505,1.4932088882115886,MU
557,2018-12-19,-1,break,126,-0.129703594675706,0.9064440011104379,0.9963523904253621,0.38191762133272206,1.0761318398036324,1.4243638394531257,5.602335102951649,1,1.9823252644058955,1.8081504943895303,1.2926697099560691,2.15062260986421,4.023399852324487,MU
568,2019-01-07,1,break,126,0.1466435532093031,0.9179128803102046,-1.158941309741373,0.4184420964149956,1.1282423312354977,0.894720090089789,0.34849747332086883,2,2.1915978126308007,0.8837639574354821,0.6913275571565406,0.7871346657148673,0.8927692477127278,MU
1086,2021-01-27,-1,reject,126,-0.16001220776060873,0.8020099614811975,-1.5840384870531568,0.6166778003746891,1.2938038009910298,0.9121074289647096,1.1184037378765448,0,1.8769663434442143,1.4761812309015843,1.0494109291064213,1.00007938105039,1.7003389965108648,MU
1104,2021-02-23,-1,reject,126,0.032600960619584396,0.948326957614798,-1.5079907422901733,0.49268795668341925,1.1533171158091042,1.0637555526859657,-1.8984020599866505,4,0.2962658760170171,0.3615677945429894,2.4277238243104193,0.41247184100511985,-1.9405709734717163,MU
1111,2021-03-04,-1,break,126,-0.09149754222935863,0.9513969017710155,-1.5120230567165522,0.43808551411076657,1.4885222561265348,1.3201052369374155,1.701108400504194,5,1.0797829154846044,1.7011035301322626,2.3058974173398434,0.10114005724799362,1.0342946728920073,MU
1252,2021-09-23,1,reject,126,-0.07573005378296527,0.7683491506484106,-0.4676213593443397,0.9323502938102655,0.6675231555078387,0.9834290047705125,1.3810501615661201,0,-0.42183330890842463,0.8936103863240802,0.8408414037670424,0.3955765518010822,0.5637478223206119,MU
1265,2021-10-12,-1,reject,126,-0.12481917451067427,0.7658310084069253,0.4071347784069537,0.7479522340522574,0.6424166468120629,0.9582401937998017,1.654372066546069,0,1.0490331661759844,1.092577636227736,2.2494788023465593,0.16817277705338923,5.167860276267168,MU
1281,2021-11-03,1,break,126,0.15119892622315045,0.7668033666134465,-0.411014382734559,0.7168473570107696,0.806842019479867,0.711463413973617,1.4353006650124838,4,1.144598183999317,1.035825134568036,0.6896553419804767,0.03995651694301801,2.5218366596852193,MU
1436,2022-06-16,-1,break,126,-0.09430163330646597,0.7529687256169895,0.7030798392154777,0.5483190991623288,1.0251604299000734,1.2001993846001275,2.554617606214668,0,2.261273251090624,2.241495824604189,0.9877872155591394,1.0689982144155004,5.970577446327893,MU
1456,2022-07-18,1,break,126,0.06794456465723428,0.8050695061308762,-1.0019518038654673,0.8601177240875185,0.7267166648541221,0.8837354377538563,1.4251189903114276,0,1.2008077137521465,0.6996615995632174,1.005049265438844,0.3908659513524871,1.9933150318419275,MU
1468,2022-08-03,1,reject,126,-0.12801027468202927,0.784877244443206,-0.7567610421675535,0.9624910706715185,0.6718803793363345,0.6893087206440637,1.3273049457269628,5,0.6381745226283491,1.041195730945071,1.1049430825673605,0.023762543711014918,2.5412164124326417,MU
1848,2024-02-07,-1,reject,126,-0.15026860578484413,0.8211871396665636,-0.6350906391068015,0.6897771284849509,0.7831343853295971,0.7976472129771368,-1.7770538497520543,0,0.40258484573169023,0.46956441163335216,1.4491996904959719,0.3146057974356578,0.5696685849408823,MU
1855,2024-02-16,-1,reject,126,-0.1651945789844859,0.8149906362107068,-0.5207324293156853,0.6681814385211592,0.8994130689463586,0.9783172759569935,3.0430866683516884,1,0.8626122249946477,1.3410016632556274,1.0369615821897287,0.46959083798540757,4.230587852649053,MU
1860,2024-02-26,1,break,126,0.26949281786200496,0.8009775916873516,0.5206100981925862,0.521492882358593,1.2691991761595192,1.0560999997733242,0.9629801176281273,0,2.054540569696175,0.7135389064405473,1.7306232108139552,1.8598233358588447,2.4263613824536643,MU
1878,2024-03-21,1,break,126,-0.028438828190634625,0.8655130454338602,0.7401887282265396,0.310345832632581,1.7287803994731163,2.3091731589994904,-1.457335084372377,4,3.506400095845839,2.8503350710237187,1.7002887269780054,4.496499217399678,4.13663294028257,MU
1916,2024-05-15,1,reject,126,0.11327840100465113,0.817595960586806,0.9417779204138748,0.6831517444904133,0.5486974239107166,0.5766367355704134,1.0762084507444596,25,0.6764922206054547,1.1214139543759518,0.6713907619129055,0.4673754535099956,4.0792480855718125,MU
1935,2024-06-12,1,break,126,-0.05250930461277948,0.8446386809564145,1.0072951726321144,0.7279586267730229,0.9624623385750988,0.7892976286507537,0.9886171234305048,26,0.9148008540257917,1.092381401332556,1.1279334545501356,1.048493564287337,3.388765229067384,MU
1947,2024-07-01,-1,break,126,0.2487109944254292,0.8726691606098455,-1.1316146527136755,0.5710493129206777,1.36269433968774,2.055225672658556,0.2437632223624041,0,0.9988108566663035,0.9456413527425428,0.9066069334204578,0.23960578368460764,1.3269067742624012,MU
2261,2025-10-01,1,break,126,0.21848826330975527,0.8065608454334519,1.3843497585227853,0.937278314442584,1.2472032344966828,1.2834363642789666,2.6624733919620076,0,0.7291686471353492,1.3163308469568005,3.3323471390745394,0.31905924647005535,4.998912858825366,MU
2272,2025-10-16,1,break,126,0.15696111783964667,0.824413975550444,1.5788755203023912,0.8588111839136063,1.2439267128920948,1.0171877842874755,0.41211021620941635,6,0.31118229719861124,1.124836883035699,1.5181249611408203,1.0997119574364245,3.348387613290248,MU
2315,2025-12-17,-1,reject,126,-0.4753050260135089,0.8449150118395303,-2.051258065575059,0.7551753123754652,0.9227630982133731,1.1173127832951237,2.936093548098941,0,1.4320517939529958,1.2033846850047683,1.2182580116015866,0.4056284246372271,0.8972377738241172,MU
2339,2026-01-23,1,reject,126,0.05197242633584478,0.9442285467097492,2.5706588829149792,0.6013703349252896,0.7264656038920648,1.5285494875621934,2.1012618195587542,16,0.473538753756812,0.7843419558882354,1.422482121604611,0.026832157506434286,4.5002655701279375,MU
2351,2026-02-10,-1,reject,126,-0.11488235870287318,0.9479250196670561,-2.586209401693922,0.5610396652737906,1.0584356297405835,1.2357920638901203,-0.7732905511150513,2,1.5789457595241778,1.0384413684049565,0.718689473823588,0.45653210674591904,0.949478040075419,MU
2362,2026-02-26,-1,break,126,0.1562143010345598,0.9460259647902659,-2.5853314959365306,0.5843913920567821,0.6029604524219779,0.8566984273096273,0.33172482762936106,3,0.5081607479396976,1.0753027931400483,1.2359921267068312,0.2328404065496673,-0.3003081322338837,MU
2379,2026-03-23,-1,break,126,-0.10558801120728345,0.928917966329319,-2.0042353331876654,0.5502438649114646,0.9098699899304136,1.552427839833666,1.3653389564773546,13,0.4820314522184128,1.3391911263830192,1.9863394074255891,0.18456944513636514,0.6695814348823286,MU
2409,2026-05-05,1,break,126,0.5225373963326488,0.8006292414649028,1.819321745700071,0.7803704215906471,0.9363546391377032,1.0291622008888945,1.3423615767032246,0,1.50983085902839,1.2124501240152783,1.8958847445885714,1.4180937138047698,7.013040275950971,MU
2458,2026-07-16,-1,break,126,-0.10728903830115778,0.8040926166596194,-2.7203995181234717,0.7614391394543789,0.6512350613888541,0.7334191231874266,0.01226282545837654,2,1.0619876668677375,1.0929932244750689,0.6627445478746539,0.6264655267145028,2.829601268589159,MU
2466,2026-07-28,-1,break,126,-0.1284225059499632,0.805159717017907,-2.594575976111567,0.9617899130576324,0.8715322974516336,0.8445862881200318,0.0970962879566437,3,1.2847743335237298,1.447513519543927,0.9327166890309962,1.2879826426483731,2.668439374048044,MU
313,2017-12-29,-1,reject,252,-0.013286806321219702,0.8951890557776567,-0.6889701486942971,0.6922627673815074,0.9750887856515534,0.891698255887229,1.8328121245609672,0,1.1913484363285278,1.027685746768951,0.6966142704672073,0.009795273058981932,1.462478490056032,MU
320,2018-01-10,-1,reject,252,0.07950413282100341,0.8935242452139335,-0.6818337218437132,0.5993038622748912,1.204127799432927,1.234541854144223,-0.7353836813498741,2,0.6055479508404513,0.5183413503683253,1.4672098547248966,0.8264553326391166,0.20392800338293182,MU
327,2018-01-22,-1,break,252,-0.04603228706019811,0.8901298182860466,-0.698635680281447,0.6458778198973357,0.8261787101684495,0.8974642815595167,-0.04796777580628054,3,0.15345400418737398,0.9131240034820272,0.8230455797337588,0.2373717722478356,0.5928043190307574,MU
357,2018-03-06,1,break,252,-0.006534183340295302,0.8525998269699666,0.5934789390227811,0.5877983709801154,0.8281949351088278,1.4147705419851941,1.6189325538452906,0,1.1716473880736462,1.4194351334669997,0.7033942177590031,0.7548921544201356,4.822617436408783,MU
391,2018-04-24,-1,break,252,-0.22556046290539847,0.8586666743446254,-0.6629591154961894,0.6407949975193252,0.776882731229813,0.8666707454223987,1.462510167680896,16,1.2024485435973622,1.2982616166852474,1.5814529440010197,0.38354172792454605,2.3215968077860087,MU
413,2018-05-24,1,reject,252,-0.07407049732291829,0.8244185043319852,0.6291078582516632,0.7930210344527591,0.8566108694150482,1.3745041832144915,0.9108709739473754,16,0.9855825960830404,1.0188541985025044,1.4370198706048214,0.11656077104772053,5.573914058181908,MU
436,2018-06-27,-1,reject,252,-0.028298437018566703,0.8313668348687488,-0.6220727352476217,0.8523870812023182,0.9062968283541651,1.17531492495373,3.356068417353787,11,0.733547964670485,1.0124778295759707,1.4250607970033198,0.25717011778654564,3.8144147571005296,MU
462,2018-08-03,-1,break,252,0.005506534572632808,0.7684081156597506,-0.5644674362639522,1.559705328703653,0.4624977783066079,0.6033339607422673,0.8296504480890433,21,0.5868753800260382,1.1140447885799483,0.7176597441020518,0.11219863424795537,1.9239168470836145,MU
1119,2021-03-16,1,reject,252,-0.008347134050892312,0.7898734370278049,0.7209197041460875,0.860713096399444,1.331339590970446,1.1038649394691276,-0.17137228011939015,0,0.15272016748221673,1.0179929932136595,1.0853818212918567,0.5470802957946181,0.7318053843170457,MU
1157,2021-05-10,-1,break,252,0.003965796501066076,0.8431874460441758,-0.8690230498280003,1.2119609722626496,0.8137129749759064,0.7794610404361654,-0.007882571176274902,0,0.47930317480558093,1.1705847891065035,1.5432652346077023,0.4842800114508305,3.0275680334851915,MU
1532,2022-11-02,1,break,252,0.0374562028409598,0.7806905780666161,-0.6519826943629731,0.7862874698283243,1.016544028507624,0.9554614562400057,-1.391744814580884,0,-0.10338473846679963,0.5813824674779717,1.1145882323981458,0.0782267611226446,-0.29950262141218836,MU
1574,2023-01-04,1,break,252,0.15314855340249092,0.8290370461781613,-0.6455601769150717,0.8857090638794175,1.0191194336775349,0.9105289944060495,1.7128423480552804,34,0.953363225863089,1.401299248158398,1.097823166287205,2.103224015656281,1.509129965653686,MU
1811,2023-12-13,1,break,252,0.032065868125019326,0.7641302525975256,0.32435081345213285,0.9510997933467754,0.9655227885621974,1.0480782297498852,2.022160766283482,0,1.215403214840903,0.9240757626159117,1.3848515864892528,0.12296542748184516,2.960667566578347,MU
1842,2024-01-30,1,reject,252,0.04037616001405903,0.7871787415004697,0.3526566869344169,0.8109466426426254,0.9891806017247274,1.0446187189028027,0.8302092927242528,26,-1.0508737870614748,0.9517426178997098,1.6557374520400714,0.5920057528892859,0.5701594010843439,MU
1860,2024-02-26,1,break,252,0.26949281786200496,0.834802482087443,0.383857323574339,0.6290500777065983,1.2691991761595192,1.0560999997733242,0.9629801176281273,29,1.569354440912153,1.0245990669808387,1.7306232108139552,1.8598233358588447,2.4263613824536643,MU
1897,2024-04-18,1,break,252,0.13329683604509168,0.7592749646570822,0.47300890051140904,0.4324356623719077,0.81872636246394,0.9842128336229997,-2.8880035441899423,35,-2.4271285327665737,2.114155746287933,1.1678554810368347,0.06970018652949192,-1.7598810516846322,MU
1912,2024-05-09,1,break,252,0.1056660851233976,0.7982736329843249,0.5689531071900629,0.8711527125938402,0.7205062620264643,0.591744940804107,-0.42907605083055017,42,-0.9552769634618266,1.1025480807092742,0.5336244549602682,0.0,0.9019525111637247,MU
1958,2024-07-17,-1,break,252,0.17405453100866072,0.9089793476898144,-0.8825375290459245,0.6647256210531579,1.1928098184668785,1.083439515845895,3.297608412754682,0,1.9048677218904362,1.6105019994135354,0.7102127745129732,1.1816659699761392,3.6228346266504277,MU
2322,2025-12-29,1,break,252,0.3911520364721628,0.7656618485485108,1.1702278641696873,1.3227609999513954,0.9602979879341115,0.8857943251963165,1.3425038654570123,0,0.11513226558717893,1.245911879909477,1.3506103614382257,0.4045139014821833,3.8339509114186217,MU
2369,2026-03-09,-1,reject,252,0.03061921516686696,0.9203510507953245,-1.9232684233812753,0.8175402408016388,0.9677963987246755,0.9937679131168559,-0.458058662385432,0,0.965402642414201,0.504414682097426,1.4929567897685316,0.41704854437109934,0.9674691470003863,MU
2380,2026-03-24,-1,break,252,-0.20902265189735195,0.945502716851154,-1.9288446644129158,0.7319633259201188,0.8919895635497999,1.553254170705443,2.553743423682935,1,1.4171916450117,0.9672971502144414,0.7036059030892041,0.18277742919196127,1.130038105343599,MU
2409,2026-05-05,1,break,252,0.5225373963326488,0.952650185435495,1.8135493244942846,0.8294386067065699,0.9363546391377032,1.0291622008888945,1.3423615767032246,3,1.3792946118401967,1.4462627615074009,1.8958847445885714,1.4180937138047698,7.013040275950971,MU
2457,2026-07-15,-1,break,252,-0.007722074649849688,0.9563968454708721,-2.3524247707732084,0.5203750216244352,0.7652805348449107,0.7129958231022605,0.22993939703439234,2,0.4324386588479524,0.8351186894886864,1.5344396398873568,0.11000996653205243,2.082581006758135,MU
216,2017-08-11,-1,break,126,-0.08029914633650351,0.7656628279899635,-1.5799585212442255,1.1179288000879744,1.0134619205151318,1.0682428092285892,0.355488196535471,0,1.4226012551209963,1.5662119684961957,1.282373771684847,2.298805250125341,2.982819486768284,NVDA
246,2017-09-25,-1,reject,126,-0.13960938649830237,0.8238829131466696,-1.2519194456460863,1.0306487579118684,1.2081115585572444,1.2000757952861985,1.5514777742590231,24,1.0637131937101858,1.1454046569064746,1.8808461544421324,0.29749340486019576,0.33666390708216426,NVDA
271,2017-10-30,1,break,126,0.0331473294150057,0.7628981911147336,0.7191637260030637,1.0917033981188087,0.6242604341409357,0.8885183051103102,1.4722499102631705,0,0.29271186290526074,0.9375547131965097,1.2296412663386378,0.0,4.810510659080092,NVDA
292,2017-11-29,-1,break,126,-0.0049768815759438,0.8871492063258124,-0.7354928014670908,0.571028613136878,1.1641326045517657,1.0073177066880077,1.8356884369140345,13,1.9377395472650474,0.9741858814821119,4.604508269127413,0.1495571930602378,3.187879245500607,NVDA
331,2018-01-26,1,break,126,0.013267968531710275,0.7589313320441139,0.5786789006766898,0.8386969956998583,0.7209002430112478,0.9541241375942808,1.6039224182452998,13,0.5528234936025544,1.3710674802612026,1.0292263539758755,0.39303467104730677,4.905813964769025,NVDA
337,2018-02-05,-1,reject,126,-0.1250254467338858,0.7751854680473584,-0.6571853018031407,0.6454991561089404,1.3172679244027723,1.2478980600702985,1.931165159015974,24,2.3746158197129428,0.8340851192733866,4.624458153694303,1.076961312166741,3.0035687951875243,NVDA
345,2018-02-15,1,reject,126,0.01601711241285338,0.7557851267811263,0.5824082255062993,0.48318496760971313,1.6833316752617522,1.6222456265461376,2.4010950290857234,7,1.6941244524602483,0.9903873003145549,0.6846229342973621,0.398580262412685,1.4113930863981783,NVDA
581,2019-01-25,1,reject,126,-0.009158196965083468,0.7930757249041506,-1.6957541353858616,1.0460048620511675,0.5697811460087531,1.021101386590685,1.5150931045366405,0,0.29587718704149535,1.2701519288902847,1.4178927883149945,0.4909937042965843,3.268165641640655,NVDA
804,2019-12-12,1,break,126,0.11739123281527684,0.8271215630251532,0.6612209191260003,0.6747233260996037,0.8491917870368505,0.7877729035611284,1.447038023495386,0,0.9207418839121229,1.0020269172698808,1.7824509542989737,0.2623738218834446,2.547519720042031,NVDA
833,2020-01-27,-1,reject,126,-0.08706339363326022,0.9192268071478943,-0.9639235169191543,0.6555130920877175,1.1481490577193243,0.934908651467516,-0.4220467682484832,0,1.362493964825011,0.7714551548162204,2.152294092547044,3.108386677796417,0.8441564335332871,NVDA
844,2020-02-11,1,break,126,-0.08333617575440647,0.9546094499698353,0.9825981075964442,0.48259902458212844,1.197510518281772,1.1800136859950265,2.077295635871625,14,1.3658977311496674,0.6374290713161389,1.308873283285533,0.77518950002486,3.423526967494195,NVDA
853,2020-02-25,-1,reject,126,0.05035982485931643,0.9412905163755341,-0.9922385258518577,0.285569162965564,1.8381014959203628,2.1461063203065387,1.1230495910240605,5,3.35948954231487,0.7628278354308065,2.397007329461644,0.3110425116006558,0.4932875467856583,NVDA
979,2020-08-24,1,reject,126,-0.006506881417663078,0.873770928763823,1.4803146500616529,0.642489282654516,1.251176441443912,1.6988752123178648,0.4898870211104238,0,0.42398956799423193,0.7971356581559502,1.1336221083458862,0.6649892642821764,4.519361242363862,NVDA
988,2020-09-04,-1,reject,126,-0.07770894549139497,0.9462195566896365,-1.5780545643297226,0.37697603256049017,1.4939283831432866,1.8785427863621096,-0.14621149899542069,0,1.3863966862702028,0.3885447168523247,3.1525899987249923,0.5162536489182009,-0.36976392611042963,NVDA
1016,2020-10-15,-1,break,126,0.03743135972491048,0.955265726799223,-1.4507222168571043,0.5812961824345277,0.7727489739730576,0.5685673034603392,-0.8847064056805993,21,0.6814141046475553,0.9731371307871572,0.5291533580197072,0.8819898823140021,-2.0216605223002553,NVDA
1226,2021-08-17,-1,reject,126,-0.1381652316752224,0.8296792107063619,-1.0762693280617206,1.1657744527022267,0.7880595382490065,0.5301048072883359,-0.5194227876471246,0,0.2102309711587761,0.9983714368901289,0.8747826245601698,0.8405268093689843,1.0953370956960256,NVDA
1249,2021-09-20,-1,break,126,-0.05119378895404631,0.89572197783272,-1.1351051918389519,0.8803614163864861,0.6278420298969016,0.7889162939119044,-0.3761453591522695,3,0.9650372591116521,1.4409151116492505,1.3777702110951084,1.887320062731603,2.8336610377771594,NVDA
1280,2021-11-02,1,break,126,0.17452005187870648,0.7687316314091599,0.8500272349680542,1.1236243613844221,0.9179166717315491,1.0886831119718223,2.3589262098912775,0,0.7039366991636814,1.0593179117716125,1.5082030914682212,0.01087988829602944,8.288286218573381,NVDA
1324,2022-01-05,-1,break,126,0.1420758819233873,0.7746392270823832,-1.038992972335679,0.723558510702067,0.7515722659914515,0.8116342062661552,2.261686166709872,4,0.5629536767034625,1.0797897300992199,1.278993775419563,0.3218784857931107,1.7686744807230457,NVDA
1627,2023-03-22,1,reject,126,0.023744850132175224,0.8693000594224528,1.542121799323063,0.6253658426500156,0.6844995366541659,1.2318611161565671,-0.07497051786351407,0,0.7053305538950945,0.837362360725862,1.5912441366986823,0.24267639414484254,2.643174059988918,NVDA
1649,2023-04-24,-1,reject,126,-0.14225738095916243,0.9018818766682815,-1.6593347743217108,1.1891730021691755,0.5310251402899897,0.8726225883026018,-0.2486226360228393,0,0.3312066844534205,0.9220418442197716,1.009293684158773,0.2502488860130293,0.22526493505530187,NVDA
1672,2023-05-25,1,break,126,0.06749623941648764,0.8945888287028585,1.4694329791794343,0.3458398484683045,1.9350908077545783,1.5321035852289013,0.6820588663986114,2,2.000492429489384,2.28252674210907,3.4065757005593467,4.55954296380529,4.823567537521223,NVDA
1705,2023-07-14,1,reject,126,-0.10700161236851045,0.9277864075924809,1.7164530582807842,1.0458425492378003,0.5370140479226552,0.960521594880373,0.46187936434360405,24,0.9886745689485685,0.7148684362349274,2.389143071616924,0.619409758528623,3.002643368356122,NVDA
1718,2023-08-02,-1,break,126,-0.10690890936567105,0.9381759989734635,-1.816242959577593,0.9309894756854855,0.617008896677749,0.70456980254531,1.0190229496974348,0,0.9460088950181558,0.8947724165797002,1.8538384597410635,0.6560267080198003,0.7983650831960236,NVDA
1871,2024-03-12,1,break,126,-0.05448618847700671,0.7962604261042223,1.4091739099673581,0.6308645038903282,1.15840407494441,1.3909721153972292,0.43889163898387656,0,-0.3530441392427297,1.7103671985069637,1.7134088720491751,0.5955992187604847,3.1553911291482852,NVDA
1890,2024-04-09,-1,reject,126,-0.059139096910505076,0.8735447438060333,-1.8692164748684064,0.9877003343985081,0.5281864444997182,0.728829642376277,0.9280650517530117,0,0.6072069632937129,0.8861877393587714,1.3123380088366068,0.14964977765308823,2.1437213715827084,NVDA
1937,2024-06-14,1,reject,126,-0.042757474464048525,0.8703962615799877,1.6147844127475004,0.8973660981301957,0.6751914856523625,0.6424221103321889,1.5015005790264273,4,0.4549337595891516,0.9783470396869369,1.131468433439399,0.08955629132469718,5.103274046250304,NVDA
1963,2024-07-24,-1,break,126,-0.11753987456096031,0.8611732971426218,-1.374285736391904,0.7695087408028977,1.1521711017829075,0.7083211565290751,0.3927978570185399,18,0.6201223149758185,1.2702787090493382,1.3607846920931954,0.8694191769511581,2.7426387383587745,NVDA
2240,2025-09-02,-1,break,126,-0.08848394001494349,0.8162482947221402,-1.255416865875886,1.5263749248264864,1.0594853880562276,1.3332246074075904,-0.8502323651193665,0,1.1063388730050425,0.930883231093776,1.0894131863497816,1.755661754506916,3.493747077757391,NVDA
2268,2025-10-10,-1,break,126,-0.026879376816879658,0.851919263700068,-1.1447034152301547,0.957226222673023,1.1764695585253528,0.996570348757469,1.4186433757704862,21,0.46821065741714807,1.095920518377148,2.9544932434284323,0.2275200114235096,-0.318430047208832,NVDA
2281,2025-10-29,1,reject,126,-0.13851175622995798,0.7750805268661554,0.7236148190581493,0.7094562730084523,0.871396405124463,1.0921481536590858,1.5112533389727714,0,1.6376888922741126,0.6916914422898465,1.4545102751583534,1.4665632433528066,4.425106574085337,NVDA
2287,2025-11-06,-1,reject,126,0.030610493192247557,0.8158122734835108,-0.7506138237999089,0.5884091780087284,1.379318726040237,1.0242737093766512,3.785067759560244,28,1.3977753817582343,1.0205083669167292,1.9411085381881426,0.23056708567673756,0.405183212644432,NVDA
313,2017-12-29,-1,reject,252,-0.22663095701254807,0.8812640071961036,-0.8423400311886818,1.2399211800795922,0.7964443634073158,0.632006106994027,-0.11856434724660163,0,0.10033872279027278,1.1127858761308798,0.898306893915658,0.2769935548809606,-0.10689545757356393,NVDA
338,2018-02-06,-1,reject,252,-0.06960146286266285,0.8868448741348192,-0.7825250833501374,0.8486219950253079,1.4364013160224798,1.4059940020574828,0.016729502815837162,3,0.6430033697911774,0.12835926884216156,3.003668699728966,1.5813373012123086,0.9115329155882513,NVDA
372,2018-03-27,-1,break,252,0.04007952741568656,0.8831546294483164,-0.7490935614712021,0.721034941694034,1.2347958471712426,1.119286301130495,2.2141377425790756,4,1.0716040835165883,1.2079238550252749,4.085088347806536,0.4537029074946411,2.457015042630802,NVDA
388,2018-04-19,-1,break,252,-0.0783620719247005,0.8289600897279451,-0.5847191649343109,0.5387411139428271,0.8942417739332993,0.6415168784632798,-0.23104777253445852,11,0.4339865954506126,0.9428520741772761,0.6366200760992866,0.5747513455176834,-0.029698650118672554,NVDA
410,2018-05-21,-1,reject,252,-0.0631839314493348,0.8894187399245161,-0.6070238535920688,0.8763435923642079,0.6682145839296108,1.0679715944445534,1.5316520254766894,22,0.7784795868991153,0.981917384218019,1.4120785451416331,0.80030452814863,-0.9432459605972128,NVDA
434,2018-06-25,-1,break,252,-0.03932202533012146,0.8787431183029559,-0.5220316956947182,1.034965004892428,0.8920977584099016,1.0235886938435308,1.7615320941424308,22,1.4526036202865533,1.487601169745442,2.2660488989943715,1.0235204265027211,4.7770073421607995,NVDA
472,2018-08-17,-1,reject,252,-0.11234932550213692,0.7906334392700967,-0.3944807081252263,1.0884140256525698,1.1069893134042925,1.8510415127334978,3.0308080257118877,32,0.34542636158181816,1.1644072363061333,1.666368267376771,1.0905910269965915,1.9662009535832423,NVDA
509,2018-10-10,-1,break,252,0.1390763773436158,0.7731626348129075,-0.319508814381349,0.6189232026142144,1.6898332725779461,1.0519780909717702,2.6860951830923017,20,2.0178595117935068,1.6833107735379371,2.4847485780473986,0.6462743925472961,3.9919308734737937,NVDA
905,2020-05-08,1,break,252,0.11959476154502215,0.8815680725740925,0.7137209700478252,0.5581639521248909,0.37133332687750154,0.5695330068943065,0.665749753142924,0,1.2413311137144691,1.021436160810599,0.6214880228982514,0.31295623488052365,2.4864867429640416,NVDA
944,2020-07-06,1,break,252,0.11244721632085676,0.9045504292430706,0.9297832705621366,0.6391879881580151,0.8139099824881806,0.6784275700986285,1.2761377394933944,32,0.7750595342806799,0.9385975501713049,0.6405808163504173,0.5438341936038855,2.412992344098475,NVDA
1004,2020-09-29,1,break,252,0.012846489222782396,0.9265127822302701,1.0126992679205293,0.45081890380230866,0.877230156016206,1.132662482819481,1.3653500329902841,49,0.31910699046397095,1.0872606890650451,0.745904828229699,0.18825383449911257,0.9479354125392296,NVDA
1027,2020-10-30,-1,reject,252,-0.06692163874915034,0.9308638392051581,-1.0461409323143254,0.7705867263041509,0.8862509868878847,0.6222131236778983,0.8432651255104641,0,0.9863025034429382,0.9420725815108388,1.655233200790939,0.5434466221735264,3.244203873119454,NVDA
1034,2020-11-10,-1,break,252,-0.012509481590410229,0.9315887465893198,-1.0544221802901608,0.575438891380531,1.3681446541318316,0.8732927357838279,0.5964415993512725,2,0.4431777734807033,1.0370230213360319,2.095426070417064,0.0525758560170495,1.5028657831437187,NVDA
1042,2020-11-20,-1,break,252,-0.018509173810428575,0.9293090553387711,-1.0366515703952655,0.5513923112652229,1.0004551266762105,0.9165231298370999,-0.7128464207574768,3,0.4121748496031167,1.0221610837379738,0.8094050900265558,0.02857978388068039,0.48180322203847437,NVDA
1103,2021-02-22,-1,break,252,0.08497596489483387,0.848998253309221,-0.9382034691949975,1.2157560241406173,1.3935979094562392,0.997843327239948,0.4826955626485798,51,0.4411914964147088,1.1421611286808309,2.0382049188222733,0.4122254464487584,-0.7749353735923846,NVDA
1277,2021-10-28,1,break,252,0.2335697525588669,0.83484785147553,0.6094431523246011,1.0347930224355606,0.931856990133878,1.078425565853951,0.5569073452655826,0,1.3241953656351602,1.2751641102926126,0.7200069340600159,0.7576101472207035,5.614914327383844,NVDA
1323,2022-01-04,-1,break,252,0.14873689528953796,0.8874399938588083,-1.0785617393762608,0.7086438751602897,0.7023655108696866,0.7567732464765509,1.2855930800686899,0,1.5340080529091373,0.8510950759193365,1.4351983279363187,0.13319150593225063,0.3408713106633846,NVDA
1518,2022-10-13,-1,reject,252,-0.27527261355961014,0.7582440140125846,0.9908606019773376,0.9064466826886676,1.0241034966326477,1.146983702790303,0.18031436955822902,0,0.5359290070832898,0.45549316329637535,2.3208884139035395,1.4849538835032825,1.4731599833849367,NVDA
1529,2022-10-28,1,break,252,0.13458801743438745,0.8718078791406345,-0.9910284037008346,0.7477188365763242,0.6608285579438417,0.884406295629481,0.9136610316516086,0,0.9648650078106205,1.014170573617337,1.2149682790256222,0.14948877712796482,2.944962679753177,NVDA
1723,2023-08-09,-1,break,252,-0.08309299711495802,0.8088174437655372,-1.675329599237259,1.1140917136547128,0.6312687280211777,0.8163817109938182,0.583673976908013,0,0.8630055906111262,1.2333043223199025,1.510665145109316,0.3650417768909332,2.78775176748715,NVDA
1742,2023-09-06,-1,break,252,0.06632362350861233,0.9590646740955012,-1.6024908509931912,0.7393516601454075,0.847433301731101,1.0081571107759442,0.5042752161494576,11,0.5820441067451168,1.068461098866614,1.0078557966094084,0.06853523181860288,-0.8807462870802802,NVDA
1823,2024-01-02,-1,reject,252,-0.2447812248471706,0.8116660059688632,-0.9314667727603166,2.0904554297732663,0.7909169087659856,0.7407435472339362,0.3566792237988171,49,0.19487053950449928,1.0134104123723657,1.4799953837736322,0.31092997505983844,-0.03136930799197773,NVDA
1850,2024-02-09,1,reject,252,0.17320427239441671,0.8292670490907227,0.8625638318690375,1.7262185077970351,1.1556802661684487,1.2555984932389945,2.8352937709894244,0,0.5730359525475431,1.0018719252628059,1.067178649411665,0.6247543506273193,6.9321622683958095,NVDA
1922,2024-05-23,1,break,252,0.129160027324632,0.8118727387364794,0.8721111416500171,1.225659672923822,0.8877754223297827,1.0307060762980975,0.8181024074716685,26,0.6462033464827257,1.3365843599094895,1.6584333181806858,2.421431703024308,4.369037937643929,NVDA
1952,2024-07-09,1,reject,252,-0.23130206395098465,0.8634501433221455,1.1616140440106617,1.2382170359695728,0.7825944357155121,0.5907144099318065,0.07710874612283332,25,0.25253128779402,0.9218685043723497,1.0087833331112745,0.5386505711183984,1.199158571153489,NVDA
1964,2024-07-25,-1,break,252,-0.0971868322172526,0.8857761495654132,-1.3521238298563834,1.0882765829546928,1.072874739515206,0.7769990130114421,0.6713733315753964,0,0.8898194998495268,0.918749681993305,2.174506677065106,0.3265412762464518,3.097013588556171,NVDA
2032,2024-10-30,-1,break,252,0.02912685957465781,0.873317809187552,-1.253983158608691,1.801769662788846,0.5316418915505856,0.6143164064495505,0.11468472905528204,51,0.1527879445141873,0.9644131206262965,0.8769319868038437,0.5670311246160766,-1.1144334001950051,NVDA
2044,2024-11-15,-1,break,252,0.0728842499328771,0.8608608854149491,-1.2242885937531636,1.7104322745770129,0.7354919560228338,0.8122359969052865,1.157099831062692,44,0.3712577803417837,1.086148792792888,1.425415796855719,0.5668815206608381,0.07878696348856114,NVDA
2064,2024-12-16,-1,reject,252,-0.011823817236951356,0.8102088649208379,-0.8324396932126525,1.413358392110764,0.9305463156833428,0.9121436261646845,0.7313100977278205,31,0.25187473620543266,0.9285184854092701,0.7914876081709543,0.02243034857677888,2.4766545861343716,NVDA
2081,2025-01-13,-1,reject,252,0.0032326658813728857,0.7820335796560655,-0.6934362158627481,1.0865569853202985,1.3034631153839724,1.172805189063009,1.705862728549809,18,0.7518615883299642,0.9512097085783925,0.7360848915834387,1.684075669057961,1.0341879498195239,NVDA
2090,2025-01-27,-1,break,252,-0.06703181513144293,0.7773328992215042,-0.6198554450737245,0.5572777447556353,1.802311094496562,1.4502855727038786,1.4981886811535354,19,1.1269518771801634,1.8974629488491412,2.2637120583981862,2.6836845950855914,3.1185878205690263,NVDA
477,2018-08-24,1,break,126,0.307398878007953,0.777076470104043,1.6708291643473387,0.8943678510309752,0.8611719164899984,1.2714572022045643,5.865873075965515,0,1.1443273003026067,1.1089143125655352,1.5975975425559275,0.9130741309054528,6.346019323086359,AMD
504,2018-10-03,-1,break,126,0.4454740929337561,0.943964828603798,-2.506809105799084,0.6160745213450186,0.9003785760854196,1.0662509447834647,-0.3546329565584903,0,2.7114938123377144,0.8711400872699874,1.373653833106296,0.016515097572227213,2.001329775592703,AMD
673,2019-06-07,1,reject,126,-0.011481861670736903,0.7934678945065434,0.8768231143915074,0.4921384837222124,1.1793452803162683,1.525968549545167,2.194599297860617,0,1.8344837940575174,1.026471564327367,0.8326586813467238,0.09707847781836601,3.6659883605482007,AMD
683,2019-06-21,-1,reject,126,-0.12121351119435574,0.8503916592202332,-0.9625530775078299,0.4775009845983532,0.8090098894096872,1.0442543161930022,2.1804697973943994,0,0.7963490625678431,0.9461210022740641,1.0340960203229472,0.31969612747724896,0.7507344768382459,AMD
698,2019-07-15,1,reject,126,-0.05868187696671853,0.8381857171034421,0.7897104983896871,0.7113055887855967,0.5677953921055928,0.8568572237856482,1.735121753203611,3,0.9653483601967603,0.9603269974461073,1.225465485711458,0.17075809322124466,4.3122579235886285,AMD
710,2019-07-31,-1,break,126,-0.010779131507515556,0.8376717421261627,-0.7352572708008505,0.5199261125551536,1.109297581568977,0.9597030233673935,1.6133375418766709,3,1.7770606922429037,1.182454142286147,2.053388138601976,1.8479915378162515,2.800517072314291,AMD
852,2020-02-24,-1,break,126,0.16520503300492032,0.9122673412717925,-1.4914233366673666,0.47061140118996353,1.5342481168959736,1.3249068779322442,0.37050069140244046,0,1.731637732960269,1.544634742495392,1.3560133728566313,2.7489265338421984,1.4168130700773738,AMD
1021,2020-10-22,-1,break,126,-0.07423391085390701,0.7579428816473391,-1.21258687055716,1.3095184700315363,0.5190302734959131,0.7247068914208189,1.4437340455900993,0,0.47403081299339495,0.9284980147714805,0.8877389371983676,0.23594983341483705,1.764567857572982,AMD
1259,2021-10-04,-1,reject,126,-0.22158769082298382,0.7585795374745923,-0.7271361907848328,0.9542902880781482,1.0374675706808925,0.7703376629817349,1.6921667008530845,0,1.048910128282069,1.02552734372138,0.7345749164901269,0.3474595189599006,2.013375766968862,AMD
1275,2021-10-26,1,reject,126,0.19848671611480048,0.7864011226470863,0.7860611947379931,1.0840963112416655,0.6622117765288084,0.9523200033400243,-0.2502794736499923,0,0.9712476464906201,0.6819544263376152,1.470867423922242,0.3099960472710347,6.719978228341383,AMD
1282,2021-11-04,1,break,126,0.04625878635834074,0.8403834417616713,0.9226852560522234,0.8896034133735911,0.9421170827989085,1.304119553891018,3.5288468581470687,1,1.6971372789237296,1.5580260512665882,2.2105817428771055,0.6032071548997335,8.042128173923697,AMD
1309,2021-12-14,-1,reject,126,-0.013696299845635673,0.8225201153676726,-1.1239575522221543,0.6910444768671536,1.075793357236659,0.8315251057657546,0.9846560486852416,8,0.8866604987014185,0.867041130129486,0.9286063414723147,0.4988312613452711,2.8096755818778822,AMD
1324,2022-01-05,-1,break,126,0.1255989717165906,0.7958557245332369,-1.0935268531582591,0.6156071020482233,0.9897915070083654,0.99168094417686,2.1172193038341764,7,1.030103243976735,1.3340971553056393,1.2381238839871966,0.29537793078754465,1.3003795781841316,AMD
1412,2022-05-12,-1,reject,126,-0.08538284617414728,0.854925613883859,1.0868762828143157,0.43348806562431563,1.267718343408144,1.3222378865793365,1.0233362241342139,0,0.7989972659085325,0.5532001916234144,1.0149951582985224,0.33585638933367123,0.8785151531276427,AMD
1415,2022-05-17,1,reject,126,-0.13756856266773954,0.854925613883859,-1.0868762828143157,0.3810011616767067,1.3734765583090833,1.3071705933401179,1.0796100588537954,0,1.6839250488307667,1.4614005452571983,1.027688566175615,0.7395142900903385,2.3225749325281617,AMD
1644,2023-04-17,-1,break,126,-0.0804620140825927,0.7584698190223932,-1.1065446668438481,1.2891407015498983,0.5342036384467533,0.7651153566228425,0.8946715685297064,0,0.9142535317851475,0.956691508849201,0.7360637570098135,0.9469802925764752,3.287185180057473,AMD
1676,2023-06-01,1,reject,126,-0.04765660898581886,0.7698552924918258,1.012279207440343,0.6725681595723052,1.3299522331933131,1.3872167970728673,0.9374441981037253,0,0.9381324410800055,1.005534067151852,0.9490975815934015,0.2238372148614381,3.6029371248228896,AMD
1691,2023-06-23,-1,break,126,-0.005439216262357563,0.8472628508524689,-1.218799064739998,0.5127999023005763,0.8940125247087396,1.039047080294227,2.618754878549049,2,1.5673727940861644,1.0187828056350672,0.6807554827447188,0.3078725212385348,2.2319452667680704,AMD
1701,2023-07-10,-1,break,126,-0.02804121169637941,0.8144380091276167,-1.0722145291577543,0.9085152164081185,0.47478225941066055,0.5807065749310268,-0.1233547935055121,7,0.32039356018701587,0.7503347587357037,0.8637264280069122,0.06196693475680009,0.9624086520615515,AMD
1709,2023-07-20,-1,break,126,0.05413774711986655,0.7970471012421773,-0.9703034937852364,1.1389160987030225,0.6615407739524201,1.0396157473031071,1.0872165159677127,7,0.5116142698393326,1.1845553655146228,1.4310354109992354,0.6523963392848049,1.3698711256576104,AMD
1861,2024-02-27,-1,reject,126,0.0007306313562793257,0.8420014139461605,-1.5680758504235048,0.5800854647996563,1.2458524739985666,0.8304593828386302,-0.9439493460614093,0,0.29329861914833893,0.6398616939795335,0.8634656166336251,0.015402918177362224,-0.8761881901550339,AMD
1865,2024-03-04,1,reject,126,-0.13905613444715603,0.8420014139461605,1.5680758504235048,0.5179402603984902,1.3816003454242756,0.9946632046410709,2.9375348706357496,0,0.6695115579555567,0.7310638986668753,1.0689623230282839,0.33233930677548745,3.942386519793369,AMD
1873,2024-03-14,-1,break,126,0.13596289692948857,0.9275759425671142,-1.5623668856315465,0.4175739047380568,0.9283046899022847,1.0479744413176129,1.7259175655526222,2,2.199580143917211,0.8951380228513094,1.643939555984218,0.24432121412276384,0.31219236827418195,AMD
2112,2025-02-27,-1,reject,126,-0.06929429613014372,0.7528585021077325,0.8680059358550256,0.6039614080448583,0.8403227115862089,0.9182141049812438,3.6511348690508885,0,1.7835738067299023,1.3582590545548843,1.7333524869208108,0.12504515517737824,4.334424894812315,AMD
2126,2025-03-19,1,break,126,-0.18497972510950048,0.9315082671489499,-1.100528722405393,0.48686032480656805,1.0420836414588814,0.8008209294727033,0.42447100761860485,0,1.4211893582367578,1.1574615526875325,1.560079089201779,0.3297984853541951,1.3726965550565442,AMD
2138,2025-04-04,-1,break,126,-0.1595000905080542,0.9183058622692649,1.1327874792809725,0.33714150677041427,1.4570846363458243,0.995294152866438,0.4831591162574311,4,3.2517461604593683,1.6160970643018342,1.9908660448908475,1.0274752327479921,4.650945549718493,AMD
2151,2025-04-24,1,break,126,0.15863182489913766,0.9072792062536635,-1.122699820214073,0.20455688340293063,1.024179067305387,0.9089043149784458,0.18753497685803125,11,1.8393162157277942,1.0103690677681554,0.7778365198578339,0.19697394850208805,0.22652250106012778,AMD
2242,2025-09-04,-1,break,126,-0.047909757481510364,0.8310210454378503,-1.5099642296922464,1.0525224596116156,0.6281075681638538,0.6192039824154862,-0.4360962081769606,0,0.7431767577244586,0.9816576424488294,0.7129723457112971,0.5286486824850051,1.8003458471918306,AMD
2264,2025-10-06,1,reject,126,0.24263709999619254,0.8401053445141122,1.5508532273273905,0.6210789112170454,1.742846525898705,1.4260878685737568,-3.0447910099169735,0,1.940408105176321,0.23592741388275193,4.5979259949553795,6.611195993285494,4.669556667471436,AMD
2297,2025-11-20,-1,break,126,-0.035335603545115175,0.8320314159172643,-1.5603697657855773,0.7195242841612177,0.9863621970736993,0.8015926409676727,1.5427494880409194,22,1.5240326094339902,1.232020702843343,2.4978988386430556,0.9264830920522547,4.090111905868905,AMD
2461,2026-07-21,-1,break,126,0.11684896473425228,0.7696405806117942,-3.043194176794976,0.9353022923682579,0.7541738569589547,0.8908111824380428,-0.10921203521276875,0,0.32886225744560615,1.0423498387291656,0.822704471276157,0.9354065695812456,-0.5373888877018178,AMD
788,2019-11-19,1,reject,252,0.024166705944738704,0.7939365999164011,0.5811884256877582,1.5584946354781863,0.7518740852934668,1.3623986075223764,2.710707539427249,0,0.9430943559231515,1.2202858328401438,2.014389910760818,0.4028814037061002,9.017009413373595,AMD
807,2019-12-17,1,break,252,0.1515754691263129,0.807685823872099,0.6051515917162441,1.0263886807293376,1.345628365758699,1.1530042839358852,0.7965847747050134,3,0.7355435570435814,0.9898196607937735,0.7637225564424315,0.15278654643889927,2.6344947268803476,AMD
856,2020-02-28,-1,reject,252,-0.023898644948913472,0.8091769176799346,-0.7155749693187218,0.7050706487573692,1.468566293038969,1.5739667424401869,0.768728542482893,0,1.7853447957271729,0.36742065626361586,2.234368539137678,1.6348155023643811,3.0969697183770473,AMD
862,2020-03-09,-1,reject,252,-0.09369111987143097,0.8086807732042451,-0.7124660056208952,0.5599074594890151,1.5015389872019058,1.6239209020563343,0.5501586134469171,1,0.8743862472053963,0.8833027320203983,1.3681018733165071,2.499908185700637,3.261787534552061,AMD
879,2020-04-01,-1,reject,252,-0.18228337414308932,0.7613104918804552,-0.7250619958886382,0.3975655750649821,0.9532518440407651,0.9841819832390988,0.8036244985105735,10,0.42793525043723935,1.099307916422512,1.141884062487605,0.3974724606753929,0.05435726650096757,AMD
889,2020-04-16,1,reject,252,-0.04378956300556213,0.7719279587359525,0.6938142678426399,0.637741259277314,0.7762919797569435,0.9918076326645554,1.6692676101279087,23,0.9432186606563197,0.891674149438136,0.836891926255604,0.38280898681895364,4.200694454712668,AMD
937,2020-06-24,-1,break,252,-0.12843636474764406,0.8003875284554971,-0.7844443627341419,1.0575131716014583,0.834033981607304,0.7618457889406696,1.6280916787543767,3,0.42932814921996476,1.1380850442537627,1.3399876504931874,0.0333581744227459,1.0029241861909228,AMD
958,2020-07-24,1,break,252,0.18866541348107813,0.805174821012645,0.6786172233064042,0.6272706852271288,1.5696642895594863,1.8416336152485058,4.541056099527469,0,1.739922577063174,1.1127825389768589,2.4962914011676904,1.6545004881091934,4.968153382667981,AMD
1080,2021-01-19,-1,none,252,-0.0054630326495783725,0.8263363200411583,-0.8447688849331368,1.514239653181218,1.0682191886353123,1.2862807838594226,2.088387934189462,0,0.6924542266252256,0.856179045164503,0.7599881805111,0.7287375148130727,1.6053352957237816,AMD
1352,2022-02-15,-1,break,252,0.051522950015675556,0.765257001207884,-0.7847595356351674,0.5669954556410188,1.247320187321541,1.641982549070853,1.043986328051288,0,0.5561526786071458,1.9620730380956672,1.0501322412463454,0.5358927294431693,-0.5070167781104731,AMD
1528,2022-10-27,-1,reject,252,-0.24861836147888722,0.8273050890094871,0.8031888498800616,0.7533378526997286,0.7979717515648557,1.020411469038607,-0.9821176321784487,0,0.28810541419199054,1.0051945911945146,1.312140492139328,0.7599935698559268,0.7452547061220292,AMD
1539,2022-11-11,1,break,252,-0.023770758037143895,0.8511083122856127,-0.9423641366308445,0.6680483469523442,1.2552077394481314,0.9636454715788165,1.7443388018470178,0,1.4329282986903622,1.4372864094561646,1.5699119964710484,0.39345686690184223,4.2108537169666205,AMD
1580,2023-01-12,1,break,252,0.14049858875448673,0.7853694740832005,-0.6962859025797745,1.1028560968898204,0.701610867995382,0.9046778315681432,2.598356240032984,20,1.0251089925354122,1.1030577927695175,1.7302118711608,0.5168920263943299,2.712498056406619,AMD
1743,2023-09-07,-1,break,252,0.03513480891052152,0.7722895273889395,-0.7268922746260579,0.9838962470916037,1.1157614536038027,0.8893870113933601,-0.6706397139634078,0,-0.327196327701625,1.1080503883232729,0.5970163896229712,1.0505963910773781,0.18058805702140315,AMD
2163,2025-05-12,1,break,252,0.13089190958322586,0.7909510564922484,-0.6055872400469715,0.9186382547618246,0.4073083453311595,1.3617992673675978,-1.4939445437778505,0,0.8490836244761789,0.8512656090695707,1.0697187784519528,2.6122779657957866,4.436346437237084,AMD
2327,2026-01-06,-1,reject,252,0.06834329373944588,0.7673251433681371,-1.0686271105241225,1.550096979945122,0.4848555797834716,0.6872262039186481,1.4797606002464576,0,0.51177232333205,0.9581294572586513,1.5989584258892424,0.2923639598858813,0.024129272564929697,AMD
2347,2026-02-04,-1,break,252,0.0037033647285212713,0.8452476585463033,-0.952115564074556,0.6239840632912008,1.5487916759689329,1.4888156015350096,3.1889831180704595,5,2.0044693755101513,1.5240368231437824,1.8732235313293624,2.256169822431894,2.8776249356575967,AMD
186,2017-06-29,-1,reject,126,-0.06744783771477858,0.8121387623951407,-0.4802642349511198,0.39497096937470844,1.00176430088109,1.1262079785639996,1.0063741427515394,0,0.7151101539465792,0.9367774141390776,1.3767112100326906,0.3889012104311711,1.673035403375636,AVGO
215,2017-08-10,-1,reject,126,-0.014026060703542393,0.8266670189184695,-0.39226933347245513,0.525075882107814,0.7736184158959017,0.7148796412264488,0.795929242495757,5,1.5024951729977658,1.8155833475691938,1.5862265655304688,0.7763093427312813,3.1843170190620227,AVGO
650,2019-05-06,-1,break,126,0.15925617758009078,0.923232930009516,-0.7663036536312444,0.9348838573780802,0.5709702381117422,0.6935816071936904,-0.610503820296754,0,0.4286298528906212,0.8293816644629383,1.4121706809883254,3.0202672653942813,0.7557532154907673,AVGO
986,2020-09-02,1,reject,126,-0.017240615839116007,0.7710348548150067,0.7880071381535092,0.7995534434004277,0.765626484025648,1.3430701700384355,3.1601444104707856,0,1.8073041047578267,1.4451799699983565,2.397197802687519,1.2097176244535837,7.627079807716989,AVGO
1002,2020-09-25,-1,reject,126,-0.04365204105516838,0.9145967739605666,-0.7628149419629346,0.38417429773498696,0.9307506464192509,0.9489291529331807,-2.2196895849729104,0,0.6519593563377584,0.5613480900892185,0.8719749299807978,0.05263126367044266,0.16000287989179127,AVGO
1021,2020-10-22,-1,break,126,-0.028931590290445276,0.9211274015121923,-0.7326426028016554,0.6389729060603454,0.4344935497670936,0.6869035539549302,1.2357285611103606,2,0.8578895101719923,0.8561350311919825,1.0114507907519108,0.1909475649286999,-0.4072383822513009,AVGO
1052,2020-12-07,1,reject,126,0.010799436697866274,0.8757740771055313,0.5661784706787529,0.5723161657460667,0.6740624625987174,1.0773628546619298,1.7793331026435943,0,0.7772075265666111,1.289385479278265,1.173564693862933,0.724994165428323,5.039182038556725,AVGO
1074,2021-01-08,1,break,126,0.05894951478178753,0.9016572596718654,0.6534507766498616,0.5640770760891612,1.0323503524893407,1.0913925687577084,0.6171831768964402,6,0.1640173847330122,0.8639771128710686,1.2185677337450551,0.5169467310847544,2.637450768829157,AVGO
1099,2021-02-16,1,reject,126,-0.022641018765059966,0.9043435459831559,0.7470477234033915,0.5035132923460385,0.9449453825251403,0.8467659354378868,1.506457863342202,18,0.09316222523705797,0.8768864115868071,0.7232404602807755,0.5325982316019855,2.610009690439033,AVGO
1104,2021-02-23,-1,reject,126,0.016753253561847585,0.9074353659404513,-0.743316915336343,0.4822842891621511,0.8930217013255233,1.0166223908918406,-0.6700939174030003,0,1.2656716754680564,0.3887852638812491,1.7045529192141624,0.5984722446460309,-0.0377632331193573,AVGO
1142,2021-04-19,-1,break,126,0.048926565410493034,0.8197066921877537,-0.5991965130327013,0.6465413216543623,0.48054153887546075,0.7838130526245908,1.2599775740090287,24,0.9938261395371182,1.490619514580428,1.446833861614803,0.24116038558668457,1.418911064246845,AVGO
1276,2021-10-27,1,break,126,0.06587458801777057,0.7715151400111615,0.25560210949743273,0.48365990103542533,1.1124611441682746,1.0542475236141617,0.5135883853621402,0,0.5711360501460931,1.0034009011467737,1.6117490938654573,0.29668141244388613,3.4501384647775004,AVGO
1302,2021-12-03,1,break,126,0.17268354144251802,0.7718257897161851,0.3310736733314574,0.5705502082734019,1.288213741496779,1.2912087243931327,-1.5376836048118387,10,0.27504771896546254,0.8234741853085998,1.7470536555023513,1.5826361958284378,-0.16115312526625486,AVGO
1332,2022-01-18,-1,break,126,-0.042325235615627524,0.8142309562113522,-0.5849848299723381,0.6393308110411631,0.9475179679942641,1.0987011112101872,2.5419851057704195,0,2.297950035546857,1.345448625152972,0.939217391449255,0.7754867376748859,5.958062706602234,AVGO
1638,2023-04-06,-1,break,126,-0.011941792233566884,0.88100646759469,-0.6916782764866308,0.9255574874954644,0.6354734141969473,0.7350398755729083,-0.9039636579682723,0,0.6231197693414398,0.9337451312829212,0.710492162734154,0.6363112948402075,1.1283929795994851,AVGO
1651,2023-04-26,-1,break,126,-0.09784607672624318,0.8316297713682307,-0.5028858532449794,0.9521539956958021,0.6915420491414889,0.8247755150114696,1.1916208057864064,8,1.0092066019725716,1.3507225555206959,0.9203961124540088,0.3487632821346258,2.1033560789387864,AVGO
1670,2023-05-23,1,reject,126,0.2046842803664965,0.823608127513159,0.46198788992206535,0.5528859220905101,0.6915094530061154,1.2339153810757792,0.9966853528153239,0,1.6919391523894238,0.6443622706347982,1.3515446022205524,1.1025921605325197,4.500513071326281,AVGO
1706,2023-07-17,1,reject,126,-0.06378085534853842,0.7686976415668474,0.8630682832987306,1.1150358189161063,0.653086486699902,0.7821082165934446,1.0891035495637624,5,0.15611406723933952,1.1727927325334262,1.3156652902466826,0.16546578416977714,3.2068142684071153,AVGO
1725,2023-08-11,-1,reject,126,-0.034795428623372274,0.8335635088251223,-0.9835800665076527,1.0342507460449042,0.7306325633747676,0.6444834424151877,0.7294298942627052,1,1.1229459800492858,1.1228772180919122,0.6803758308584358,0.6269429460739879,4.1022652485010145,AVGO
1846,2024-02-05,1,reject,126,0.07711146417222015,0.7585732207916145,0.7796281609567323,0.9821270192908329,0.8048134205623738,0.6270074780411438,0.23539627927335569,0,0.20015884853780896,0.9615159389376189,0.9226739326774841,0.11206248938529678,3.113831109056392,AVGO
1864,2024-03-01,1,reject,126,-0.0355820831566374,0.8623671016089687,1.0110233666650454,0.6337498543974397,1.3012207067863402,0.8572503716837041,1.2218628399668718,5,0.7597627188741836,1.2196248780258216,2.9779936066835333,0.8242085682772079,4.046486434510588,AVGO
1870,2024-03-11,-1,break,126,-0.031184075863857064,0.8984019582144663,-1.1113608343944508,0.45998162863056824,1.6387793463733058,1.7275000384357893,2.1880791622073614,0,1.94248842239093,0.749973951747263,1.1757397486474002,0.7660485854218991,0.22389733860992214,AVGO
2240,2025-09-02,-1,reject,126,-0.10092140233823788,0.8357278106780168,-1.293372713233484,1.148132090275639,1.0245814036677383,1.086599508203848,-1.8996445107592619,0,0.19702228936909888,0.6828897286733616,1.2695943104587206,1.5125038700555848,0.4979223770842502,AVGO
2243,2025-09-05,1,reject,126,0.010337793453749333,0.8709279692331025,1.3405665880510191,0.7553708767761802,1.3967350038426807,1.7387808919877072,-1.712203122357598,0,0.5196556040995282,0.3152398181992175,2.766274659922999,5.820765893605819,3.8476379081819587,AVGO
2257,2025-09-25,-1,break,126,-0.024075597412775793,0.9193753017831684,-1.4366321130486388,0.5320324784199311,0.5528975841145805,1.166260940616083,-1.0493812375356597,1,0.655899117577963,0.733289476866443,0.9361004152640674,0.5510293277801261,0.046788041961655175,AVGO
2276,2025-10-22,-1,reject,126,-0.04065514279822358,0.8903809069566241,-0.9818292265140335,0.4318610695846614,1.3805496658368492,0.7566290861872034,0.7848095722028333,11,1.069284720361946,0.9299589919980545,1.0884705168919544,0.4665762623522115,0.03703533196481,AVGO
2281,2025-10-29,1,reject,126,0.029585454527456555,0.9061972777527231,0.9585269274721936,0.3953369140662167,0.6457227418176216,0.7771872819010789,2.3670283441534363,5,1.9991731759510771,1.0692141839530227,1.1581702172757613,0.01945968354267407,3.366781301787256,AVGO
2286,2025-11-05,-1,break,126,-0.05961140174635965,0.9261986610308293,-1.0217392775871335,0.37011941300199425,0.8460445251402682,0.8458613879899154,1.878968796930557,12,2.0697428600116345,1.0005286760586118,1.1914544910639253,0.09225900967867828,-0.3595648501456184,AVGO
2310,2025-12-10,1,reject,126,-0.17991749378614652,0.8798773540816013,0.825690494287235,0.3848738670554309,0.7574683850391856,1.1491031521883182,2.153824580266769,2,1.3583917024778516,1.002750554686614,1.0130919180858164,0.322933859504591,3.2249043222723914,AVGO
2312,2025-12-12,-1,break,126,0.014890995026421812,0.8786295480363808,-0.8550941019218661,0.2819344818111024,1.317826929143055,1.8878706566766112,-0.21587974462385162,26,2.0554750454100255,1.920265370695812,1.744299836359318,1.636404097527982,1.1178961535447596,AVGO
324,2018-01-17,-1,reject,252,0.07072487633107728,0.8158596520600729,-0.2803991528497662,0.8561472137530681,0.5842350675315044,0.8609941804371739,-0.8513949624999346,0,0.3027934617037355,0.6910166801059278,1.2514188137704318,0.6612013641827841,-0.3697755947949226,AVGO
1099,2021-02-16,1,reject,252,-0.022641018765059966,0.8456115581748065,0.6856895738351905,0.6631896083378817,0.9449453825251403,0.8467659354378868,1.506457863342202,0,0.3796364117090395,0.9079163432419987,0.7232404602807755,0.5325982316019855,2.610009690439033,AVGO
1106,2021-02-25,-1,reject,252,-0.00988185950268518,0.8944872877195829,-0.7076250911423114,0.5648977571845409,1.2554993011622912,1.1230902654026185,0.4872507521910097,0,1.5447319099029717,0.9738327900295152,2.048217327585886,0.6462636146406774,1.720661520875299,AVGO
1223,2021-08-12,-1,none,252,-0.028279283456875443,0.7701073940371277,-0.3518471872297356,1.800580105531721,0.26151817619427953,0.5740161054595356,-0.5216179290787551,49,0.16305369437415118,0.8195381963739014,1.055451965161171,0.2884685313231839,-0.8240767940689465,AVGO
1381,2022-03-29,1,reject,252,-0.13664747507953934,0.7504428309915658,0.29805281228129193,0.5487840595867581,0.7426056047282837,0.6888720836540583,1.7424820350310946,0,0.2613968607947399,1.0135691972485639,0.8258924873770307,0.4796037151738696,2.893575054212149,AVGO
1389,2022-04-08,-1,break,252,0.04188731394977398,0.7906608239429869,-0.33004995193557624,0.5558891491183747,0.6437556951129754,0.8165640047487273,0.7980973647456746,0,1.5611562508304186,0.9997065220575851,0.7802650900324016,0.45322140537260247,2.044825049641092,AVGO
1727,2023-08-15,-1,reject,252,-0.012280084453880194,0.7839545687877696,-0.8352736793565406,1.113122298441559,0.7721108531696794,0.7506518011088752,0.7755996558380259,0,1.152568918600398,0.9199826532695714,0.9585865373172617,0.3290612161013817,2.7226849224486886,AVGO
1743,2023-09-07,-1,break,252,0.03947232617992969,0.8947017569893058,-0.8062572894860565,0.7813130484203081,1.2925710190503645,1.612739841550164,-0.9347298701935114,6,0.7656893370657336,1.1087284007187501,0.8272428250259446,0.6328828768635341,0.14638228644792503,AVGO
1803,2023-12-01,-1,reject,252,-0.15450086748283798,0.8654649865083124,-0.6129008656705051,1.1626447514757259,0.8150286460729823,2.0716505224430946,4.215670887641057,43,0.6896089146785316,0.7972905042111245,1.2295259941800736,0.1983073411308389,0.8814461665213926,AVGO
1812,2023-12-14,1,reject,252,0.007625687819002982,0.8561275149457407,0.5853580556064816,0.8443611251040714,1.3037020084646656,2.5329858107624266,7.159871431078372,0,1.8913578066616057,0.9612463850376651,1.153513260097577,0.09100122709938031,5.119286141882657,AVGO
1835,2024-01-19,1,none,252,0.027909343472440458,0.8585801544596341,0.6039930519617088,1.1158955363806673,0.8839683722187368,0.855487465546158,2.0678631530185965,5,0.8418015531325547,1.1265276222343115,2.9795338924546937,0.5797001477789493,4.527397394192829,AVGO
1847,2024-02-06,1,reject,252,0.09908396321593736,0.8644760159784821,0.6677801234100353,1.186200963182676,0.8372577370082414,0.6551708254191042,0.17151607539978808,10,-0.11641835023817715,0.6301072254343114,2.1240457704311746,0.8389850940003084,1.876039511995804,AVGO
1936,2024-06-13,1,break,252,0.020754054289654558,0.8559678212590429,0.6081757907425572,0.6768298186957208,1.4251009169882531,1.74519962313306,0.9811987278720629,0,1.7870598846051964,1.771476124565433,2.2734537128584065,4.30239015028914,5.53729701973192,AVGO
1963,2024-07-24,-1,break,252,-0.09113266373150754,0.8999269670010457,-0.8028519831239426,0.6399220975940088,1.2034989780105367,0.7674052360365081,0.397717165259991,0,0.5280673480561608,1.2080191113495338,1.844232304553426,0.6812516721111557,2.842043535848504,AVGO
1986,2024-08-26,-1,break,252,-0.0910752891919917,0.9024621977640013,-0.7830739307072364,0.45031081864815514,0.7299077495735582,0.5518368998669368,0.74931448959042,16,0.7637984785529068,1.1598432467229753,0.9053487283020746,0.19037122144696167,-0.7097000869395294,AVGO
2011,2024-10-01,-1,reject,252,-0.067921482529446,0.8758340389995539,-0.7323929160714401,0.6057324279433158,0.5158690230032704,0.7044364975314041,0.3015639330842004,31,0.7619998478855718,0.9510741788141734,1.0051417845881525,0.05491959777578132,-0.7170777188108842,AVGO
2044,2024-11-15,-1,break,252,-0.4164856336077752,0.8612281478400721,-0.5668296834307991,0.8056495641076256,0.7785612431857679,0.7909593280682686,1.7605875858659474,16,1.6290478348859847,1.3868197417009802,1.2283548620102707,0.5131667756782813,2.6861213278438467,AVGO
2063,2024-12-13,1,break,252,0.014134497359469719,0.8241873049729066,0.5204387859975639,0.330143282400366,1.9229954082053096,2.290471181026212,4.816030412999793,0,2.861908768757858,2.3667836425969413,3.2728617432267746,3.1875030234854216,5.089864735061962,AVGO
2087,2025-01-22,1,break,252,-0.06061942414467271,0.7537124852626794,0.43399165399212486,1.1268864079606244,0.45221350899877133,0.8653380746844321,-0.7364736892107643,14,-0.00835225719095778,2.041473112255837,0.7879930574879542,1.2901869954477498,1.6642175457845834,AVGO
2110,2025-02-25,-1,break,252,0.07311340781531715,0.8037476875654428,-0.6507144675308265,0.929914980484021,0.3611844342489873,0.6901047144786259,1.2299569014178209,10,1.6138536583667749,1.171407955168155,0.8433011886753441,0.17114992295866271,3.7378274730582985,AVGO
2327,2026-01-06,-1,break,252,0.10971072931430462,0.7621209944711642,-0.758027142535644,0.8856322428643889,0.28697129409017463,0.7599337276190423,1.5452571246420117,0,0.10610876949074555,0.9197576894131486,0.880442431525386,0.015511302603559407,1.1066937881250873,AVGO
2352,2026-02-11,-1,break,252,0.020008648395981838,0.7691769816730408,-0.8756329028816021,1.1046621518824884,0.9345347322993551,0.869398695245105,0.14587094226273895,19,-0.9608257604758874,1.4436296835822615,0.9638052407939749,0.6604071257487698,-1.221249507110397,AVGO
186,2017-06-29,-1,break,126,-0.029717743922991365,0.9039275257669626,-0.4408537213022589,0.46244579022470894,1.3220913502203324,1.2157037931952575,-0.044739015091816006,0,2.346130151393199,1.818533747438215,1.4070360620994091,0.2668364043294584,2.6061856901108027,TSM
201,2017-07-21,-1,break,126,-0.00027896071462917395,0.8379085112330266,-0.40635633489666856,0.6372067020690614,0.8658726073339899,0.8739427687222698,-0.08756414922379965,10,0.6056028364361876,0.9539062683589069,0.8200481312952914,0.10065190845753424,-0.8255751078811064,TSM
292,2017-11-29,-1,break,126,-0.008338692024769345,0.8000439299469297,-0.4074086089360161,0.5428403233104889,1.6022481724429478,1.224447229207492,3.9569583130909822,0,2.5620436408260003,1.8330595636901035,3.6906024437659015,0.08384488397624247,4.2328090526851145,TSM
451,2018-07-19,1,break,126,0.014959103806031817,0.7839362489117281,-0.42264769818191406,0.6107816278709142,0.9793095289157187,1.159143333628631,3.1475703808087774,0,1.264831693223386,1.623026907682843,3.6683956011984082,1.4794961630329018,3.688288848147241,TSM
781,2019-11-08,1,reject,126,0.030387224599011,0.8055493224634416,0.6326769265150062,1.0910093529512919,0.7926082159257908,0.8638188011313691,-1.0870876720095337,0,0.007710550001718386,0.9289709103293855,1.4275507536812755,0.2609954267108784,2.7468913053256223,TSM
804,2019-12-12,1,reject,126,0.024438744518385822,0.8960385407509763,0.747424319467393,0.6866502911267681,1.3623888582536317,1.2326087974891085,2.573627477098176,1,1.1779442512173277,1.387243407594339,2.4078250438948867,1.6551425849192702,5.787425838061238,TSM
817,2020-01-02,1,reject,126,-0.10713872976190437,0.9134732351248883,0.7575190882849026,0.629096937498814,1.0948727090611938,0.6672699520997959,1.1973739297247308,7,0.6869752672881325,1.021784591174188,0.6528571209630761,1.654562656413426,3.048989608483176,TSM
821,2020-01-08,-1,break,126,0.012503366441253928,0.8667986036168451,-0.9942592707253644,0.5013394362895068,1.307886649844003,1.336761229392063,-0.46702326465145555,0,1.515212267831285,1.1818766907666796,1.0223260792776188,0.12761936573057828,-0.6736568733388907,TSM
1001,2020-09-24,-1,reject,126,-0.11815156716211221,0.8873921880612865,-1.3122364944135294,0.7800669992115736,0.8771530896934271,0.7397930336748081,0.18382581968200906,0,1.0868305027482648,1.1367310144903817,1.2846130176617234,0.6147844635412868,1.0876456845734421,TSM
1023,2020-10-26,-1,break,126,-0.12349321882725527,0.8934540650780305,-1.2788210252690975,0.9348732970850071,0.5163559293247454,0.6764362046951965,0.8251827371709666,5,0.46599565235551166,1.100516607470873,1.1809645309447627,0.6713037193895668,-0.2392052515122375,TSM
1072,2021-01-06,1,break,126,0.10297894221554574,0.8745374099787284,0.9648144210152475,1.0545923378756707,0.709163959911428,1.2020927384955342,0.055389705230137705,0,1.1676320882527578,0.9081149409737402,1.8023927049999857,0.7661839812148844,6.65138320562622,TSM
1106,2021-02-25,-1,break,126,0.13171900471557232,0.9284787630144367,-1.3490235233293888,0.517572946562702,1.1080685468030789,1.1018315990221537,0.4176634885435084,0,2.2361339505095112,1.7607648027165532,1.7147877679320764,0.22925755946162968,1.6653302990657828,TSM
1426,2022-06-02,1,reject,126,-0.22407814133604462,0.7778679568697611,-0.8894615848151995,0.6966073266836881,0.709758987992699,0.7027114145385456,1.4636029838014488,0,1.7940572133182915,1.3971650638359525,1.1215334211501935,0.34808078208116233,2.383506459482632,TSM
1446,2022-07-01,-1,reject,126,-0.11414001609140005,0.912060520879299,0.9372203301466003,0.49864278947086327,0.9794051377397485,1.1382745917937263,1.7746593779425792,0,1.818647772497786,1.2322803761388135,1.5307154189828243,1.4480259114228442,5.235067788807471,TSM
1454,2022-07-14,1,break,126,0.06758155808114777,0.9180732870532009,-0.9375903265905238,0.41628596710275084,1.3331358256033135,1.3018368903008355,1.7802128283651608,6,1.0707667082891696,0.9454610516140709,1.6829551342545956,0.706241850299651,0.4888074331624892,TSM
1866,2024-03-05,1,break,126,0.05077451703581497,0.8413044150928466,0.8776691434587163,0.5644366306311001,0.9384397641448392,1.1934199927228049,-1.2598060341654738,0,0.8318368781553757,1.0527380638971715,1.0416662415582874,0.3374525951537824,1.7510934912047316,TSM
1894,2024-04-15,-1,break,126,-0.04376901163100125,0.9257126134423753,-1.0913316908190756,0.7182116597398055,0.7004536001062566,0.9466573193207737,1.359110330918516,0,0.6524254932028875,1.1114519666169802,1.565992871978298,1.0797251402681418,0.13852490120478356,TSM
1927,2024-05-31,-1,reject,126,-0.13186659597249864,0.8704854764857565,-0.9484412602224834,0.7512474497473859,0.6646682990659134,0.9528368928706298,-0.8191588197737043,17,0.8451097633804943,0.7660859311605444,1.472065671205748,0.4760565513102119,-0.058220941059113906,TSM
1935,2024-06-12,1,reject,126,0.07980260163863748,0.8620894544339612,0.9187093372313595,0.6824294795351347,1.2421193838872413,1.0346629077947511,-0.23348438586991357,0,0.6897048401335408,0.8624969879651848,1.141992371373916,1.9797694461654318,3.9547883853070926,TSM
1949,2024-07-03,1,break,126,-0.1429618283136961,0.8473691695570111,0.8317790090532033,0.6639067364707457,0.9844202653703578,0.8104790784498002,0.16047300003348872,4,0.7372590218545902,1.1387993486954386,0.9527745540782602,0.5444980700802089,2.533799962138582,TSM
1959,2024-07-18,-1,break,126,-0.012087077645074381,0.8668495911881706,-0.8994516624279505,0.5695473935022446,1.3198118577303752,1.855475737506898,2.9639047487427552,13,1.6468735819158895,0.5962928737112196,2.542814347663339,0.9106149863017785,1.390971829590736,TSM
2086,2025-01-21,1,reject,126,-0.0846448080200822,0.7890277625099196,0.4914851245138196,0.44212794097942837,1.2871263822547658,1.625996989013101,-1.684500114303508,0,1.6515616079322968,1.016028125454476,1.2981797052567328,0.5292266596081897,2.279705659057696,TSM
2090,2025-01-27,-1,reject,126,0.015405893137291491,0.7890277625099196,-0.4914851245138196,0.2880499134294126,1.7029882717856348,1.7411219057328915,1.2855843845692623,0,1.6930110775712144,1.6106809004194615,3.205640643668225,2.9455140731589924,2.0426742892779983,TSM
2101,2025-02-11,-1,break,126,0.16397977143039388,0.762421764066635,-0.5213283885698433,0.3013594461540385,0.7013898507322651,0.6550795980109374,-0.3513606347737532,4,0.3749335061815684,0.7056231810967146,1.2703890593630556,0.3432730272760784,0.05041455929119516,TSM
2240,2025-09-02,-1,reject,126,-0.2011960077962943,0.7504743919662801,-0.9405814634278098,0.9678327260253431,1.0158640996269512,1.024247751054396,-0.9689302296226361,0,0.6528718250401073,1.12484353839988,0.7617269922188168,1.0963061425015435,1.8536115880553508,TSM
2264,2025-10-06,1,reject,126,0.008101982662180587,0.8896359103478576,1.1364923964172962,0.9906476227833836,1.0067114163508264,1.0561042286466968,0.06089849344636537,0,1.0574858221068966,0.8027453496209216,1.1130413914171176,1.5454572042872965,5.994433728535417,TSM
2272,2025-10-16,1,reject,126,-0.06063290416113305,0.8944002159259911,1.0348243537313513,0.49301051235081006,1.702027230179438,1.7206746491088394,-1.305534703791158,1,0.0668573637475735,0.5488256338222608,1.6442649971321397,0.6528405758104397,1.3178770152189663,TSM
2285,2025-11-04,-1,break,126,-0.0047498797159144495,0.9126441701212916,-1.0686050092107957,0.4375316594824686,0.721832287378595,1.085963028852111,1.9865222162042409,1,0.8767889944015743,1.0584676911015123,0.9481728175581493,0.9260698541825573,0.4525773096560961,TSM
2312,2025-12-12,-1,break,126,-0.12586178104559925,0.8296441596797586,-0.7625683801356241,0.808012633518222,0.8586961026062642,1.112107341798666,-1.280193225978938,22,0.33825647923676017,1.175974696695743,1.5484014458862094,0.10478469548316548,-0.3380538004204038,TSM
2334,2026-01-15,1,reject,126,0.06985882259629324,0.7625592764440956,0.6224745068888851,0.7982052476542116,1.2178142749467937,1.464323713113538,-1.0116361840210588,0,0.9409632535681399,0.797176250622753,1.9646880347173072,2.326484745867464,4.757454387199689,TSM
2352,2026-02-11,1,reject,126,-0.10527440000880717,0.7810522501185072,0.7072127997339713,0.64601261025544,1.2790487448573746,1.2187850499443789,2.3847124999035962,2,1.739789315435435,1.0768476549698671,1.0439381716469487,0.9025836853315896,3.958718375592502,TSM
2353,2026-02-12,-1,reject,126,0.0843920292702806,0.7810522501185072,-0.7072127997339713,0.6420990257168802,1.2987249916411578,1.2325322323227617,-2.5575717772313045,20,-1.3011369199094538,-0.8116717177775212,5.265312771623597,0.5240292690816669,-3.0439635158156326,TSM
2360,2026-02-24,1,reject,126,-0.11673044659518986,0.7833132812496738,0.6553810907714519,0.7324574818737011,0.9084471229868502,0.6983621784906863,0.7110773088645742,4,0.7631695193928846,1.347225830604192,0.9789015058911807,1.11407085826998,3.8796669728338116,TSM
2369,2026-03-09,-1,reject,126,0.009740444111595681,0.7815454560688978,-0.6260883225200933,0.6846706049796081,1.17537773987437,1.1986690733936274,-1.6291904384651505,7,0.9106924490075736,0.34964698622391716,1.373078613103918,0.42314744912359176,1.9774312616023608,TSM
2427,2026-06-01,1,reject,126,0.09191749095220504,0.7950326210454496,0.688799811793259,0.5482245729669993,0.7119083031558636,0.9290485046126479,-0.5881153432323403,0,1.057479420554828,0.8740853183522476,2.0705330330374436,0.6281853028777409,2.5940233692861514,TSM
2440,2026-06-18,1,reject,126,-0.13862653843606726,0.7921768693813737,0.7224651501402702,0.4428878495328648,1.3774210426846938,1.0088806194140976,0.9156966087825211,4,1.0597085650408051,1.0124746903541035,1.8228132963268704,0.4909217016931307,2.5143151446855434,TSM
2447,2026-06-30,1,reject,126,-0.24266508698965128,0.7938237202045766,0.6505659593480195,0.3763572656791796,1.356959677905917,1.055908741292517,2.222181208257048,6,1.358941487422962,1.425189055325297,1.5103109629028344,0.030206699197288397,2.337903394195265,TSM
2457,2026-07-15,-1,break,126,-0.022790618785338227,0.7793966087609696,-0.6030958357866743,0.39431680485691833,0.9523226980742489,0.9590311845736368,2.4089812856117097,0,0.559145420182821,0.8001865895240244,1.0812111612426365,0.349171202631502,1.307626320810633,TSM
312,2017-12-28,-1,break,252,-0.13315385929709403,0.9006568806031445,-0.3731137043068894,1.0479172545233852,0.7476783061159527,0.6588913349689278,-0.4262614791290307,0,-0.140563585058044,2.0652908947723523,0.9395925043267338,1.4093239321229243,-1.3929486817553256,TSM
326,2018-01-19,1,reject,252,-0.02700104264845846,0.8845419706438163,0.3768027279470426,0.5702318210981325,1.2165642935824597,1.4765130671697,2.641351258648895,0,2.021340272923963,0.551691373945893,1.7977510431482253,0.7346473310510263,5.234090246701512,TSM
338,2018-02-06,-1,break,252,-0.013897036593899638,0.8982939214370066,-0.3532198990158357,0.4962640870263008,1.0128501335112017,1.4994399552680309,2.2721644976673154,9,0.9432588834806908,0.20678970229088345,2.2630880073294026,0.8577113917199479,0.5763872728273594,TSM
370,2018-03-23,-1,reject,252,0.09425394666866989,0.8882113166830431,-0.31306832909572946,0.7805980277891464,0.6649792575839425,0.824393002840224,0.52107795445059,19,1.3594792484845124,1.2577561983152175,1.4488998071430121,0.11122365137733072,2.9095018121421146,TSM
802,2019-12-10,1,break,252,0.08286054733571184,0.7505698517239855,0.3579056730074744,1.654038395156696,0.8685771931783017,0.8180410381215056,-0.010194278864353333,0,0.3392144744338317,1.1066758268100128,1.1550636683841875,0.40082012736837214,1.9817812415593254,TSM
856,2020-02-28,-1,reject,252,0.13778581908298435,0.7943972067915748,-0.4312988046178199,0.7823112749603452,1.0389286655364773,1.4947029688820448,0.8447817365665089,0,0.599829785405376,0.7568879505453499,2.758933271405578,1.5552750577443344,1.9195531190544126,TSM
862,2020-03-09,-1,break,252,0.03654631774486725,0.7924749968547574,-0.4292024213874402,0.7112217093544079,1.3375224445813447,1.425424087879971,-1.1542433985953384,1,1.1101066176742242,1.2899117036376475,2.2747414900008525,2.487065285338968,2.8944880473239043,TSM
1070,2021-01-04,1,break,252,0.13964520947532302,0.7721688313047572,0.7918840719000289,2.1339428253031913,0.6685459655704656,0.9365427573231868,-1.050366062940313,0,0.23328931291264265,0.8639867743244262,1.7879020544805742,1.4798346377368947,3.823951789456648,TSM
1107,2021-02-26,-1,break,252,0.07739948150460803,0.946199822487622,-1.1721487027298336,0.7108037135450194,0.9273773062526902,1.1879549809567735,-0.2444738074808701,0,1.3321002755160816,1.0194088870244387,1.3009974804503628,0.1830360909336109,1.7548894131647919,TSM
1504,2022-09-23,-1,break,252,0.1473376446834021,0.7614245519840313,0.4655310721870097,1.1986392833935975,0.7298965720833374,0.9920309753727952,0.13876785494263288,0,0.5953306975625068,1.0851962565401603,0.7620179697677507,1.1736915874477423,5.171523752670741,TSM
1539,2022-11-11,1,break,252,0.0856220668382491,0.894908290502344,-0.6643997386025208,0.726528887871157,1.1762977522706692,1.0800118326042691,1.2835257237023778,0,2.2798160987375278,0.9793208881014523,1.144330661144138,1.0204609577078625,5.820933240425346,TSM
1951,2024-07-08,1,reject,252,-0.23225371513883641,0.7651677854252711,0.8067012525769578,1.1109561969936717,0.8931486052101323,0.9762953201547437,0.36144898065605846,0,0.6385561862861014,0.8283435970798538,1.6049373452749254,1.6297304138521755,3.52391873145537,TSM
1962,2024-07-23,-1,break,252,-0.012987873189976368,0.8717565060460448,-0.8862435121455746,0.7177208363589489,1.3724034749917364,1.8371854405450565,2.572730936618251,0,1.4363318353212442,0.9026504843666143,0.6214081609372317,0.015214158602543345,1.7108269573918455,TSM
2033,2024-10-31,-1,reject,252,0.031345794866519255,0.8997900404341179,-0.7537164791045761,0.7382836501404972,0.7605732967769887,1.022529398166702,0.4375356202731752,42,0.8155066690400649,0.8951041863257404,1.0677612472478564,0.30213521645726493,0.5399064017085997,TSM
2060,2024-12-10,-1,reject,252,-0.08213248623961883,0.8722213482918678,-0.6553931145322504,0.9960853710639753,0.9781351616335286,0.8681406367752529,0.23431297695273506,30,0.4579961962954803,1.0384082998218922,2.02633988400339,0.01724248821984947,-0.15166805101634423,TSM
2090,2025-01-27,-1,reject,252,0.015405893137291491,0.8766839643384186,-0.5224108061625566,0.3997815698165339,1.7029882717856348,1.7411219057328915,1.2855843845692623,16,1.4241592158877485,1.4084433262493665,3.205640643668225,2.9455140731589924,2.0426742892779983,TSM
2101,2025-02-11,-1,break,252,0.16397977143039388,0.8736494580058679,-0.5014716982317932,0.37303574742690293,0.7013898507322651,0.6550795980109374,-0.3513606347737532,18,-0.2380220511676877,0.595567361545974,1.2703890593630556,0.3432730272760784,0.05041455929119516,TSM
2352,2026-02-11,1,reject,252,-0.10527440000880717,0.8767983994747627,0.7307378376836426,0.707575539515088,1.2790487448573746,1.2187850499443789,2.3847124999035962,0,1.6991248546130584,1.119031518994843,1.0439381716469487,0.9025836853315896,3.958718375592502,TSM
2360,2026-02-24,1,reject,252,-0.11673044659518986,0.8997764446856878,0.7390863922243864,0.7476601784750533,0.9084471229868502,0.6983621784906863,0.7110773088645742,2,0.5961540192146789,1.2616913459599446,0.9789015058911807,1.11407085826998,3.8796669728338116,TSM
2368,2026-03-06,-1,break,252,-0.008433150733143751,0.9267965751459735,-0.7827436481058967,0.6517474113729174,1.0820457470333886,1.12034157908679,-0.365497331963082,0,1.8592250832795472,1.0527281407055575,0.9343686157537983,1.1823571305625256,2.9503577379863297,TSM
2419,2026-05-19,-1,reject,252,-0.09595602064994795,0.9299622013868676,-0.7319152762303963,0.5591835733504474,1.0522835425697974,0.9996388195746896,-0.7698807911159551,20,0.47125952037319685,0.8690786233670654,1.0234008359112101,0.6023772974834279,0.7356651199495651,TSM
2427,2026-06-01,1,reject,252,0.09191749095220504,0.935815208826714,0.6610878875343565,0.5926551744703399,0.7119083031558636,0.9290485046126479,-0.5881153432323403,0,1.0397397744581036,0.8219268638023534,2.0705330330374436,0.6281853028777409,2.5940233692861514,TSM
2441,2026-06-22,1,reject,252,-0.0965918816334771,0.9282795251539943,0.7206756382176911,0.46469080568460974,1.0949617318614424,1.050511736098263,0.05943004695129744,4,1.2838775666744182,0.8635523192779594,0.7418281597551736,0.9466111434401909,2.6705809355778296,TSM
2455,2026-07-13,-1,break,252,0.007404320231456359,0.9334741409065526,-0.6974262166417715,0.393851272680498,1.249801268769096,0.8984570419824454,1.5366227037515217,1,1.0896770084120995,1.1541865488869936,1.0767397005123764,0.01781895700943008,1.2091436148180246,TSM
491,2018-09-14,1,reject,126,-0.007758737158395057,0.8329000613645947,0.5428678664592044,0.8468387720471077,1.172152219499586,1.4401387241112686,-0.1859803140798033,0,-0.7144395576265602,0.7461388608892184,1.0820273542354961,0.23766757701411004,1.0176096983218685,AAPL
504,2018-10-03,1,reject,126,-0.058606823075979454,0.8532096309153714,0.5442290012530759,0.7256960790265974,0.695399620858619,0.8255662009717312,0.9855500499860522,1,0.8420159152413313,0.9636099833124265,0.8339931853609414,0.24032580478999785,2.9738456167576417,AAPL
509,2018-10-10,-1,break,126,0.030074297229664943,0.8599390101456221,-0.5721818445224259,0.6089221207928768,1.3049819495892205,1.013068352184788,0.6143357062307353,0,1.9707081412610519,1.0070981579486253,2.3719057036935394,0.37213140250797905,1.8633196064549893,AAPL
596,2019-02-15,1,break,126,0.09828239521839842,0.7575326575862507,-1.0717494217722048,0.9955618346194955,0.4619327152262356,0.5661003877168439,-0.330407473847072,0,-0.4581408638877258,1.8097608100397322,0.6106141116626603,0.13584811268860703,1.7245967494686796,AAPL
776,2019-11-01,1,break,126,0.032080893233435416,0.8102232613810171,0.499727604795328,0.75128729862192,0.8828721272915734,1.215610705850726,2.2595572672719593,0,0.859339167217898,2.2016240311870194,1.7572978809192428,0.25342132383500254,5.572623641413317,AAPL
813,2019-12-26,1,break,126,0.0636089484004414,0.9163447982228206,0.7264958295423257,0.8989342309822481,0.7143984055141366,1.2487498666957986,0.33827960269661406,20,0.5652043720304136,1.2803564366287028,1.4873235998019367,0.17967949753245752,5.4646558453776795,AAPL
837,2020-01-31,-1,reject,126,0.035182521601922624,0.969362579771347,-1.0350776187843551,0.3773487521021584,1.6282118571349464,1.4461563884509419,-0.723217368641915,0,2.366045138361632,1.2558545426251564,2.849503530070106,0.5260216563207409,0.5535514745155706,AAPL
978,2020-08-21,1,break,126,-0.12205362493072106,0.7596325797934456,1.4244542065703312,0.39839984292238867,0.9319766000980383,1.0531810459492537,1.7572729428478788,0,0.7555985865460397,1.5727735913219807,2.066871408382246,0.3041675422060354,4.611837367227405,AAPL
988,2020-09-04,-1,break,126,0.03756863185662378,0.933520878958241,-1.4710805233602162,0.3714714044986526,1.3169866759426223,1.3726780034120665,-0.42918391946482654,0,1.4968336091614174,0.3205541697326244,3.4380016642969,0.23921077558400505,-0.03185466479841721,AAPL
1246,2021-09-15,-1,break,126,0.05602620507370345,0.7701123444067676,-0.48949908486803456,0.7839539381485522,1.072614581446407,1.2328980915309478,2.578969685093705,0,1.1156281214655703,0.626101619080662,1.0766280644309425,0.21648267064578355,0.765574066381802,AAPL
1696,2023-06-30,1,reject,126,0.012704416246483994,0.9346613475770609,0.6685461968144312,0.7492647527358695,0.8726263702352332,0.957850558920316,1.3462703057152423,0,0.8921678485690019,1.0692254833606845,1.1489745032590648,1.1684537063458356,5.468766250845916,AAPL
1702,2023-07-11,-1,reject,126,0.04502227495673502,0.9451574839436243,-0.6818389631779889,0.6695173197429303,0.9575085296042313,0.8447528841201953,0.03135853323840926,0,1.457877879246365,0.7297185659370903,1.093779844562564,0.3106119785900876,-0.22312988504040032,AAPL
1710,2023-07-21,-1,break,126,0.09531537101772154,0.9503159923732989,-0.6909896109696786,0.6520727091326921,0.7874493829902433,1.0937129955398053,0.7024438078866391,1,0.41922781084905125,0.9471384630517264,1.3939631423417191,0.5494897105804147,-0.6913148827226208,AAPL
1718,2023-08-02,-1,break,126,0.025933168265192083,0.9588525910680007,-0.6349116350978938,0.6517231742066026,0.9501793697910802,0.7904473756326018,0.49704236060892215,2,1.009887028225586,1.3043256338237343,1.24531972254582,0.36134385302068955,0.03310719231020312,AAPL
1986,2024-08-26,-1,break,126,-0.0008360024533049131,0.810228542820642,-0.7889257248415857,0.8642532425041215,0.4193144434278055,0.5927806399026243,-0.21731037112144047,0,-0.04012354749136471,0.8062806899478105,0.6649012144330135,0.023905308407878193,-2.120859176968828,AAPL
2283,2025-10-31,1,reject,126,0.046008840468969484,0.8065385017034862,0.7066501707003783,0.587248798121153,0.9397204264746999,1.1293210393268283,-0.1967384546295243,0,0.13581555398112555,0.3996933288748153,1.683514699831546,1.3560421231344326,2.9836993645602985,AAPL
2298,2025-11-21,-1,reject,126,0.0019171521628504092,0.9384681502448826,-0.7040216645076132,0.7607047182448013,0.7932232511141519,0.9230447213425838,0.7347488316227264,0,0.36937249406103645,0.4511166560360674,1.4277669447851087,0.11546637975246753,-0.535976567156212,AAPL
2311,2025-12-11,-1,break,126,0.06608630965181782,0.9487379800475185,-0.7081668094941829,0.755129077418556,0.6374951672083864,0.8005975588192042,0.5048943078979605,1,0.7178744874644544,0.8279984312053434,1.1254991680532447,0.12243283114973122,-0.7694990778676637,AAPL
332,2018-01-29,-1,break,252,-0.06024626555272691,0.8642277014299797,-0.29149650940927563,0.8759505090679344,1.0127261228211395,1.538256025884815,3.0609032970105363,0,1.4630301764792675,1.327516913058185,1.369375583235282,0.7665981175350953,3.676158612644364,AAPL
362,2018-03-13,1,reject,252,-0.042740813078987944,0.7870512858602265,0.20942917774411102,0.7762721890308899,0.6752491093310591,0.795782635662643,1.09382308124373,0,0.33990985787350836,0.5875972262573561,1.3233918056581289,0.3983862766468663,2.291328655634601,AAPL
369,2018-03-22,-1,break,252,0.018711158403877784,0.7879353928371857,-0.2132782705864636,0.7939708090334476,0.737837314745237,0.8733900810734522,2.7986628758902987,14,1.4992778262373267,1.1284941822470371,1.424328961575729,0.6317778876248163,3.883522638884473,AAPL
502,2018-10-01,1,break,252,-0.06837697660725238,0.7539450766714335,0.31249752767039457,0.9726945292498712,0.6821169166988428,0.8040261359768709,0.27461934131886767,0,-0.1168682613466745,1.2099344518198132,0.7019532544034967,0.7118117398179146,1.6014381525387198,AAPL
526,2018-11-02,-1,break,252,0.11565251080221817,0.7577836098704609,-0.3217186516637705,0.5355322006328447,1.5441395403818385,1.5037531270501774,-0.6963241253588617,0,0.7797814310126944,0.8928445694157109,1.271166503495728,2.2799735352952926,1.994414646997522,AAPL
787,2019-11-18,1,break,252,0.04862968795547474,0.7888402251713539,0.38952171765529636,1.6194539037469893,0.4588407033269498,0.8817456390796563,1.9709403779969088,0,0.06717084715800059,1.5887759016993737,0.8510593398744599,0.014318949747048445,4.617788594619303,AAPL
855,2020-02-27,-1,reject,252,0.05671113702792347,0.868650930122108,-0.5477292965088553,0.7716756618353623,1.353412630500924,1.5978064602110373,3.425970829392706,0,2.6635155785154128,1.0714063175278454,1.7032407993327268,1.6209653374325934,5.518554834036642,AAPL
862,2020-03-09,-1,break,252,0.013998458400917122,0.8640557361488705,-0.5478175024972545,0.520566652195724,1.9212032838566524,1.545361388181414,0.9191117112878222,2,1.7968808765623083,1.5451419315037815,1.480354804464156,2.4642023430770363,3.4843615179912013,AAPL
963,2020-07-31,1,break,252,0.16088363116341464,0.7514372104119023,0.547319694474087,0.8283599944579076,1.7619566878227413,1.2154727600420276,4.073885800719454,0,1.263361532802623,1.4849696194648108,2.5060261320791337,2.4895715683806223,3.7492110213354355,AAPL
1100,2021-02-17,-1,break,252,0.04758326581864235,0.8663947815784709,-0.755793381621791,1.0827995063627958,0.6079265354919058,0.7188524868346019,0.2483594861738146,0,0.3891393152874949,1.1781234549024266,0.776506607828919,0.7434928937168036,2.0571110894306828,AAPL
1337,2022-01-25,-1,reject,252,-0.001813403900957539,0.7556092839971024,-0.37685650141437527,1.1000312327455453,0.7138870010220637,1.1343226700000655,1.467170433771906,0,1.0308360823478364,1.1426394154990196,1.465217844313593,1.330535258919318,6.133253409010114,AAPL
1356,2022-02-22,-1,break,252,-0.027017311187208,0.8598209630672052,-0.35650147538406973,0.6126895262251243,0.8442336847512959,0.7491574137441394,0.10845243240049324,3,0.32521584390237745,0.9383857122267507,1.061121268378259,0.6775963969287079,1.6173944640365814,AAPL
1390,2022-04-11,-1,break,252,0.07022184545580461,0.7920069104311466,-0.3269924894802737,0.7796076615451254,0.827074764371195,0.8703701863438559,1.2739082574113887,22,1.3793879266494808,1.1763197717851657,0.9346039430863681,0.48706704480827706,1.6374072145993042,AAPL
2081,2025-01-13,-1,break,252,0.0076228317435857625,0.7794392114852958,-0.3699909229111002,1.2123143646150858,0.9214227165849418,1.0159696614195772,-0.7748572175503747,0,0.5678040283282473,0.8932549772828271,1.1283325545104972,1.1240057243617823,4.683306325389651,AAPL
186,2017-06-29,-1,break,126,-0.06431953080190135,0.882321349822583,-0.2661254115704148,0.3482518389661705,1.23630545781954,0.9501788660944666,0.11685145628036595,0,1.4631666179844485,1.7480845566571772,1.1715489452605516,0.5058845614207366,2.565227758845184,MSFT
196,2017-07-14,1,break,126,-0.003854613550876578,0.8495124424274448,0.25954584273760833,0.41120162882536493,0.8688467855643403,0.7809982722342254,0.8941595754757096,0,2.2445420143113526,1.0795630484652337,1.3034807515222737,0.5834360657671914,3.4536588283035368,MSFT
209,2017-08-02,-1,reject,126,-0.023929492790847696,0.8469958686354915,-0.3133613910725038,0.6505022420224383,0.5234252166213522,1.0050611861793148,0.7005009095038012,8,1.6721168021423902,0.6145386060934548,1.1921186986416505,0.054284900483281676,0.23602191925860513,MSFT
244,2017-09-21,-1,break,126,-0.048655461702060414,0.8450805503810845,-0.30115703265698945,0.7271572859499943,0.7664755704321853,1.119744076169908,-0.2284898983861215,22,0.5875883464690543,0.944011262955715,1.2479267712651025,0.3188175715993544,-0.026543682636307596,MSFT
259,2017-10-12,1,break,126,0.08652492437824306,0.8051741358359572,0.22459315890384537,0.6824327763635807,0.749038016570096,0.7906873389272977,1.8377826099615395,6,0.6665340940641773,1.0984692607955688,1.0716336045017392,0.12991421490521315,3.9694441031222083,MSFT
287,2017-11-21,1,reject,126,0.02127231530500833,0.7752860543394557,0.3110568135314491,0.5235344476836645,0.7030556537097259,1.0048525246596298,0.33753616049300617,22,-2.157300812758108,1.1029576477440506,1.1094302222954084,0.1708985822546831,0.4307193820591794,MSFT
304,2017-12-15,1,reject,126,0.03718153537336691,0.8559223953126929,0.3820094546113939,0.4833407774998413,1.4049851659032686,1.2679919562379938,1.495257604228347,25,0.8838540351805135,1.134284808037096,1.8325031781232513,0.4792724382290497,2.582412658136089,MSFT
327,2018-01-22,1,break,126,0.012043769507357749,0.9024330432335216,0.4548282157158319,0.7556752449823332,0.8291636536536917,1.3002583655371662,0.13481062280612383,19,0.807841275949752,1.1614094760604698,1.9057319441882623,0.0,5.479045698802082,MSFT
337,2018-02-05,-1,reject,126,-0.05869762940481511,0.9340391958417638,-0.5074172185992499,0.3573826762784951,1.4903147433723771,1.7755442255879264,3.3371263917549054,0,3.0108596701112793,1.6430271829192122,3.5501344577559704,0.8536830249376116,2.0691160399498103,MSFT
391,2018-04-24,-1,reject,126,-0.045963364525592305,0.7599129218707851,-0.3437224804339576,0.39810179813952695,0.6204539047931144,0.8266571928049103,0.5982215364604128,42,1.0294377899039853,0.9299139918652897,1.6012611445054894,0.4807056143918708,-0.29728302279650953,MSFT
461,2018-08-02,1,reject,126,0.03991052017783918,0.7810070330090533,0.30152904872948083,0.5898515046930034,1.4761905131509583,1.085739854016151,0.24130797264553794,0,-0.6993334071886066,1.0152756165732149,1.863531849217987,0.6456206789342588,1.419068057294386,MSFT
506,2018-10-05,-1,break,126,0.05471146345808292,0.9352146503355214,-0.42791298279842904,0.5348982340393897,0.72664607832031,1.0394905386125282,-0.09949359695139827,0,1.305091358158759,0.9799748417986073,1.5268557578704356,0.14810819276180381,1.093109163002365,MSFT
700,2019-07-17,-1,reject,126,0.016947739923313505,0.9418017328331316,-0.609430367580237,0.6144980584067844,0.4722633033224518,0.8520659917668703,1.200372576516649,0,0.9337601588803437,1.0882378051212527,0.9878630517480828,0.4768885744835864,0.19601638645448521,MSFT
708,2019-07-29,-1,break,126,0.040370079047929316,0.9366948709740708,-0.6230784354929173,0.8651868162510559,0.6184196940401465,0.8107986462757376,-2.2141171173744074,3,-0.02593350880204459,0.595915223877279,1.2485411119331036,0.17021966632251273,-3.178232392834906,MSFT
826,2020-01-15,1,break,126,0.11850462275049214,0.7628478311960856,0.41038210628093735,0.7591200332870197,1.3079624114604724,1.0525282139922798,0.2252038207752833,0,0.059508198551569635,0.8492757538063759,0.7871260046850234,0.3483991333506565,3.074071267644104,MSFT
852,2020-02-24,-1,reject,126,0.22851228640867402,0.8434235687297732,-0.4679491595371468,0.32415710488766847,1.4852835038240204,1.463517129661724,-0.47284528170112067,0,3.079573456301271,-0.27219995284577775,2.886284286560205,3.0316244039304157,2.1952437677505405,MSFT
988,2020-09-04,-1,break,126,0.018228114957271446,0.8682558336322264,-0.7077252475407204,0.4913014144653978,1.2827901529379437,1.1766772876773934,-0.343390163522311,0,1.6264491238420526,0.9365456910582526,2.6935267559350358,0.4864119179442229,0.39206020530306984,MSFT
1155,2021-05-06,-1,reject,126,-0.004235591650992251,0.793397233891111,-0.42813676834902337,0.8335005360422013,0.8679000271379627,0.8949940271537732,-0.23595160778908333,0,0.6367586080313408,0.6591564637223255,1.4150798992381888,0.007272329718504663,2.2322656889091803,MSFT
1229,2021-08-20,1,reject,126,-0.03361154941842915,0.8237426786662564,0.47633373803278267,0.9297070015199075,1.236462651445518,1.1771388042258955,2.9433253396299417,0,0.7909966280779733,1.339772598415223,2.001542758554361,1.0967902619550431,5.462916230632293,MSFT
1249,2021-09-20,-1,reject,126,-0.04319234116267024,0.8603267149510576,-0.48102090515188983,0.9818077223033138,1.1578410062455275,1.3432596705100004,-0.24343727757182587,0,0.49593499825890835,0.601642513950964,2.3430576659270113,1.3811635501363886,2.463822308675969,MSFT
1266,2021-10-13,-1,reject,126,-0.11010773089920955,0.7509957071467247,-0.5525643611864852,0.5374738607453973,1.1857774274964485,0.8795827365156291,0.8675982198213248,8,-0.7417553043316445,1.727839723451744,0.7306747670364138,0.4654344282222113,-0.7283317167938747,MSFT
1278,2021-10-29,1,reject,126,0.014994698500760633,0.8465658897350836,0.5112655921522705,0.6257980414422902,1.060882139673327,1.323023156044324,2.8528336323591015,6,1.7454707708187474,1.1811641554967274,1.6663239902476907,0.052717539362356174,6.688997882095273,MSFT
1291,2021-11-17,1,reject,126,-0.04283658875667555,0.8564510729391128,0.5282149922000983,0.7211181013040101,0.6294804990231605,0.79538379327081,0.955580721844332,12,0.42730880861438064,0.810751511537934,0.9105728800519955,0.14434749125409643,2.682394553218143,MSFT
1302,2021-12-03,-1,reject,126,-0.035700671842349985,0.8515832820308784,-0.5354479041813108,0.7228558588106717,0.9648970153493776,1.3933110040471013,3.349415634379112,12,0.9877044557887336,1.273662598942533,2.6583328840169163,0.6837190925881089,3.3363021727634044,MSFT
1309,2021-12-14,-1,reject,126,0.031149601092569847,0.8443711825606594,-0.4962646521960336,0.5197248689422029,1.2546038900428287,1.227681339311843,-0.2729756508645548,14,0.5252737565401613,0.9047117421010933,1.610834130274077,1.1813768804192744,1.265713877854644,MSFT
1323,2022-01-04,-1,break,126,0.048416442156160935,0.803298062015723,-0.38900944241091046,0.46613480162304965,0.9532546041734699,0.8152136169655602,1.163320722822619,13,1.0546432570808406,0.9287265712838491,1.3509915371754926,0.013858026294942094,0.8449814600549074,MSFT
1416,2022-05-18,-1,reject,126,0.03651342621465915,0.7533826910147406,0.44917956934292724,0.3762419776412264,1.0792578089134517,1.0908638944700442,-0.5003218801463746,0,-0.03448932331003496,1.2725493587507124,1.134744414111085,0.49409341941993923,2.448112351472639,MSFT
1672,2023-05-25,1,break,126,0.008189230499495081,0.7758776419417766,0.5729761870761257,1.1032811445314608,0.8312537430706272,1.0119184161970778,0.6490907020812967,0,-0.0016590428631666487,1.1649945833844801,1.430494791419524,2.4950607286790407,3.7756847686176176,MSFT
1686,2023-06-15,1,reject,126,-0.006831656966155684,0.8881144413555458,0.8166021285568278,0.6172992687765103,0.9443173894111697,0.965422648955092,2.273593561005498,4,1.1272132642423198,0.9152834762738428,2.1232965546868554,0.026882127233499708,3.7525789665235556,MSFT
1692,2023-06-26,-1,break,126,-0.0658880489098543,0.9281269445563485,-0.8527654153955936,0.5602814900413186,1.0230973117910194,0.8508178561486555,0.9565370917988378,0,1.6629177930958214,1.2159000610529644,1.1119215885357523,0.25259766714113374,1.0042243180015158,MSFT
1701,2023-07-10,-1,reject,126,0.0051968612403360415,0.9422183569138235,-0.8130208436323848,0.5748421217449733,0.7564064103120572,0.8394343453939249,0.18403523452555878,3,1.0038908458481917,1.3677323997122544,1.2209378740782846,0.549478255345586,0.9647563233977393,MSFT
1707,2023-07-18,1,reject,126,-0.11056971031879631,0.9367941214205597,0.78171044253511,0.5750934840896922,0.8790900573391887,1.2064167383144484,0.4265409523468942,6,1.9293687676370226,0.5260284899915624,4.102009522794607,0.019687752952534283,4.094612509888038,MSFT
1710,2023-07-21,-1,break,126,0.08271271399962066,0.9367941214205597,-0.78171044253511,0.5608491360023722,1.0430142070121202,1.5927527470051959,0.8963907225010891,7,0.26845305295085586,0.9041823983303309,1.4360183047013684,0.43506497107041464,-0.6873686140601477,MSFT
1861,2024-02-27,-1,break,126,-0.034183692861834813,0.77909471675545,-0.7506619339511061,0.7717644662657217,1.023136609604467,0.7652338222240207,-0.586267525429707,0,1.1780964160172975,1.6025294783719235,0.694800934857402,0.08247428723149954,0.1382537108560784,MSFT
1881,2024-03-26,-1,break,126,0.030313732963650367,0.8911161767170717,-0.6409818609366416,0.6026959092258342,1.00143114938367,0.7956033509347661,0.011235961666724222,13,0.6149357977810853,1.1986188678296146,0.7032943955656877,0.4812359588206371,-1.0461308634628717,MSFT
2231,2025-08-19,-1,break,126,-0.0004902970423219361,0.8303341346168147,-0.852132188658955,0.7873307017582253,0.8535394681726071,1.1124929210944379,2.9270111109819132,0,1.5341946984388461,1.226872462711865,0.7468487641252191,0.3084089429403273,1.4963837745531305,MSFT
2382,2026-03-26,-1,reject,126,-0.14864327365221222,0.8500094841957562,0.7312495566103164,0.9429332977087757,0.5382614444030999,0.9996376350350377,3.298035149245314,0,0.9215345084233426,1.0467912644804525,1.233736975110458,0.0490964334561004,6.2382187141721905,MSFT
2393,2026-04-13,1,break,126,0.07101840058880536,0.894285134603109,-0.8211436989026307,0.6816707567212096,0.646072482237994,0.8164286399736373,1.178374340254805,0,1.4615391068526953,1.0639951660034663,1.7864720982691917,0.469233748694812,1.3075168685949474,MSFT
316,2018-01-04,1,break,252,0.05222270082889328,0.9375399565682708,0.3233236614544851,0.7984404159197284,0.3048398034172371,0.8611567334619314,-0.18107747065744606,0,0.4255695807544738,1.0264693751072451,1.0405763523781673,0.3192732445943338,2.304160911540364,MSFT
340,2018-02-08,-1,reject,252,-0.12718851795731187,0.9375108573065986,-0.3431455913643016,0.34277243864921986,1.7899421662837853,1.8388565693103542,3.5401843294295112,0,3.4592381898770563,1.0466458057849592,2.5141156952219896,0.051561530412717285,3.138988727514309,MSFT
345,2018-02-15,1,break,252,0.020720540417523487,0.9392963150333999,0.3493320403906146,0.33738801057771894,1.8653075049980514,1.2807476429172093,4.557295728528172,24,2.258511962881001,1.2118661570960418,0.8354881919615552,0.1917213008137296,0.6930311275444573,MSFT
360,2018-03-09,1,reject,252,-0.061628642160064,0.9477769486482068,0.3806493089033219,0.6079591567264618,0.6586077808563288,0.8752433049197933,1.8794478042375324,34,0.7659286988023111,1.338230518513321,0.7001599416148935,0.7098167371047119,3.1909588405167937,MSFT
369,2018-03-22,-1,break,252,-0.05640327087150628,0.9499378935570156,-0.3824042432528075,0.5804395584852827,0.9121619770246518,1.015551403544836,2.2295167519562233,2,1.5698465510950894,1.1590822172236095,1.1970197293705924,0.9744678938951974,3.2815873194742617,MSFT
391,2018-04-24,-1,reject,252,-0.045963364525592305,0.9384241775802455,-0.38444982970226127,0.4258569493832268,0.6204539047931144,0.8266571928049103,0.5982215364604128,16,1.0457030656047885,1.0116957346580147,1.6012611445054894,0.4807056143918708,-0.29728302279650953,MSFT
412,2018-05-23,-1,reject,252,-0.024826056693044288,0.9382102191482972,-0.39223274600079033,0.7088102130826898,0.4140338550262338,0.5957615545803471,-0.1935609091940944,22,-0.20824115519325537,0.3502063280987776,1.3183822851197224,0.7137686469501873,-2.182487252857711,MSFT
434,2018-06-25,-1,break,252,-0.0900389804740328,0.9467701322947677,-0.3918090637689718,0.8105387332851067,0.7213173026507809,1.1331481096190863,-0.5951631114173676,18,0.932053322497103,1.381718769872124,2.138507233556806,0.4280470917735767,2.414247620235491,MSFT
455,2018-07-25,1,reject,252,-0.034608110147711146,0.9406254911918123,0.38212627846567176,0.7236139872382666,1.232797740464863,1.4021589414442195,-0.7763313450697055,0,1.2270739548682132,1.2706295980850904,2.2341120455401517,0.24495157825733146,6.302856474332872,MSFT
507,2018-10-08,-1,break,252,0.03059403592986238,0.9464040980642017,-0.3696365834861068,0.7572974333690229,0.7475486162407424,1.1397732713949862,0.4422313033003165,0,1.679521467515237,0.8538934591298126,1.5740220118619501,0.4300415493855085,2.314553186977565,MSFT
749,2019-09-25,-1,none,252,0.01532925946765027,0.764289963197605,-0.3869180940500664,1.1916862743215908,0.7776931628146369,1.1254419083731526,0.8052629711733853,0,0.07808804033999439,0.5996948884779464,1.9709179843386873,0.08055385496185245,-0.9867620259638341,MSFT
766,2019-10-18,-1,reject,252,-0.08746609823858777,0.8621148750819974,-0.3795533923949832,1.0662117877707162,0.7532814416768169,0.9269766871861929,0.7971829989776796,7,0.3625179306105233,1.1480241168849636,1.521789610109083,0.04384399319578853,0.5884836118675706,MSFT
779,2019-11-06,-1,reject,252,-0.039938607141820515,0.8659709373619018,-0.42352769747558044,1.1296128610787066,0.8410816114081671,0.9369056963034454,0.43533270414874975,13,0.2543644642863414,0.9555663926305717,0.7123626306889557,0.059043033832173256,-1.9696875649583063,MSFT
832,2020-01-24,1,reject,252,0.03483224300445924,0.9163107505159012,0.3620718425952872,1.0417527791659633,1.1657759212301662,1.2190124119472345,-1.2233398936066293,0,0.06725533041933884,0.6790980585693597,1.6730009974965199,0.4964079574240426,2.0135640707243336,MSFT
856,2020-02-28,-1,reject,252,0.0790247567762404,0.8688762544452312,-0.32230800659019937,0.3741405597168435,1.679348613839128,2.294279658362933,2.060975087116579,0,2.062903792695375,0.19732427437446529,2.364702282624672,1.4563202114983291,3.7537972104726274,MSFT
927,2020-06-10,1,reject,252,0.08507906201729307,0.7511417712486002,0.3424044723838519,0.8558126824801594,0.4669627155067163,0.874237770407591,2.0520100523463602,0,1.0972011666972872,1.6898397938114909,1.8170846405111123,0.5631371033860781,5.2029341060507726,MSFT
964,2020-08-03,1,reject,252,0.040677925497873364,0.8181751590367349,0.44674080531013916,0.4951051348704707,1.3023213072996458,1.1082613386395077,3.2388663813106446,26,1.1672891129754241,1.306659966241913,1.3769353071607295,1.4253831524222829,1.9372695225593433,MSFT
981,2020-08-26,1,break,252,-0.08469966280504221,0.8352478192491797,0.46523794942205215,0.5906714292969983,0.5362976879690503,0.8970126567152572,0.9188950682618168,31,0.9016944316476633,0.9901900584602394,1.1327973115591847,0.3563321533194378,2.4576528672983233,MSFT
989,2020-09-08,-1,reject,252,-0.01590948181467077,0.8434090042270581,-0.4734178391555949,0.45439711529784127,1.4440608866207623,1.3155047794669195,0.6230968291685894,0,2.4283621818639696,1.2234828492304548,1.4747156561172319,1.5426438310773751,2.6177942363852953,MSFT
1023,2020-10-26,-1,break,252,-0.0001427867353983726,0.8135946933376728,-0.4236348470144768,0.7768729527433109,0.5530079018382958,0.7853353032292076,-0.017615170397724485,19,0.4351887105834993,1.061227033574492,1.843603865649642,0.6690483984196298,1.0901713752945295,MSFT
1040,2020-11-18,-1,none,252,-0.0387504758322061,0.7815752245469603,-0.3799992230196026,0.6020735053022005,0.8732257339223934,0.773865350090711,1.0730035986429942,27,0.4761774871573271,1.0287131225300918,0.8296658083563437,0.16583849740451312,0.36750049523856687,MSFT
1138,2021-04-13,1,reject,252,-0.048590929572967026,0.8080368502523819,0.2946147983521871,0.7975904952209214,0.8229282862176697,0.8520980440155168,1.4743859479706798,0,0.6247960793621055,1.0368610313109106,0.5541244592784839,0.3661901198665837,4.743225877064667,MSFT
1159,2021-05-12,-1,reject,252,-0.0735459113720621,0.8081674730418125,-0.3013660510840097,0.8676078518846396,0.8468908246919489,1.0397813898087642,0.22185637523377572,0,0.8238411953007965,1.1306876310351361,1.5992893284993541,1.2729901951323752,4.655038502169155,MSFT
1189,2021-06-24,1,break,252,0.08265544603982572,0.7989465003713472,0.24604089840293278,1.2060294600842525,0.5769803472022471,1.0359552216715326,0.422207382874093,8,0.3418275407746033,0.9354017280130837,0.6775817556498813,0.3908821963258193,4.7433018209297275,MSFT
1228,2021-08-19,1,break,252,0.010391640126054313,0.8464188551700973,0.3714563257212869,1.3210450343030333,1.0347785977583401,0.994532675624192,2.6520752418287534,31,0.3559172267250822,0.982318564417034,2.4558426853758446,0.9109436179812035,3.434865032587666,MSFT
1246,2021-09-15,1,reject,252,-0.028315267136935156,0.9134259905245969,0.36716795932049684,1.034530291191217,0.8434053000764224,1.0454694358061691,-0.30893120030196886,43,0.18621863406350003,1.048843437251483,0.8616446136693523,1.175387567071364,1.5515103963306078,MSFT
1256,2021-09-29,-1,reject,252,-0.1292043039454116,0.9185624527501136,-0.37511730719132697,0.8474227587942953,1.3901250894446266,1.1396679458137158,1.8176702723353169,0,1.0537451650899616,0.9271919987077945,0.8859517039938908,0.46575692144281244,3.9264306260196626,MSFT
1276,2021-10-27,1,break,252,0.04460105656784722,0.9296558162411054,0.40446544289370157,0.7422422680217103,1.0705934099231484,1.109987788434417,1.2849016514311524,19,0.9011654359953716,1.0224235065814735,2.158581803595712,1.4020628405182105,5.539594003866397,MSFT
1302,2021-12-03,-1,reject,252,-0.035700671842349985,0.9344039626514198,-0.4624184020873184,0.8996227153602656,0.9648970153493776,1.3933110040471013,3.349415634379112,6,0.5768359818462389,0.7142595227105868,2.6583328840169163,0.6837190925881089,3.3363021727634044,MSFT
1311,2021-12-16,-1,reject,252,0.04630013379465679,0.9339598162729317,-0.46523740820788906,0.5863918960857621,1.4094777394092868,1.3905745273090246,-0.24766946322849392,8,0.7689654185690675,0.9566937465995322,1.9223519802467406,0.18403131836728842,1.5925767307050347,MSFT
1323,2022-01-04,-1,break,252,0.048416442156160935,0.9356713726328756,-0.45439183181615533,0.5925898789292464,0.9532546041734699,0.8152136169655602,1.163320722822619,3,1.0016758147375946,0.9935829924452021,1.3509915371754926,0.013858026294942094,0.8449814600549074,MSFT
1532,2022-11-02,-1,break,252,-0.1459651126606579,0.8152169096000049,0.3492784127330193,0.4420941152501717,1.4670451350880302,1.2339668214892052,2.4751675556129924,0,0.7421941612960818,1.2579991744556545,1.556216993423253,0.18878748580654292,2.1026332568652726,MSFT
1547,2022-11-23,1,break,252,-0.03866508473782455,0.802998691555635,-0.34516187467817305,0.5051209443234981,1.0031793890234189,0.7491108865538454,0.8015452124894916,0,0.417107072071045,1.0567063404128254,0.6177773635216359,0.012373433040416689,2.03463546170839,MSFT
1747,2023-09-13,-1,break,252,0.010890438148157516,0.834674013912184,-0.5116537689723368,1.468864966157754,0.7367444143913514,0.6958360162164331,-0.2227366247649138,0,0.3097418162183252,0.8314017967946232,1.0260096607705187,0.12594675699364952,-2.4565902162000257,MSFT
1825,2024-01-04,-1,reject,252,-0.11120846602597181,0.8150720707068644,-0.477643005316584,2.0793358456907294,0.49516300000866237,0.756552389870442,0.5125226425686908,16,0.4348941154963526,0.9956286083456675,1.1550431118649689,0.022303961067291867,1.3719895173138426,MSFT
1842,2024-01-30,1,reject,252,-0.0021315320140294063,0.804579294595966,0.33492854761255303,1.847163866570266,0.69487680029211,0.945742088088983,0.12798788552452875,0,1.0073962139308048,0.9922603483003866,1.1528338562188012,0.7348445891995058,5.828713367766392,MSFT
1897,2024-04-18,-1,break,252,-0.040526112841473554,0.8289455283862862,-0.36667988785391026,1.2686770018377496,0.9499676910383987,0.9237704003018617,3.1716338593029683,0,1.170630583743075,0.9899648766743264,1.3399712669799195,0.30538832494349977,4.2447025958161815,MSFT
1927,2024-05-31,-1,reject,252,-0.09550069477233775,0.8115839487884606,-0.32823604791710054,1.067225037363269,0.9649578573095589,1.235357808569076,-1.8103117002571338,8,0.77575425415426,0.773789023491309,2.0241415263928713,0.43020993901778914,0.9316409742975233,MSFT
1950,2024-07-05,1,reject,252,-0.13506026722836387,0.8530461663160177,0.33480255414355625,1.3468594761751633,0.7500480377711235,0.9076844235024126,1.3246580745955887,0,0.6119527666258797,0.9981073687320638,1.5121719748528915,0.30450075926799114,5.713093687699408,MSFT
1959,2024-07-18,-1,break,252,0.04491118439765058,0.8745666624459326,-0.3820752282100981,0.9658948150555445,0.9692363237418761,1.0063217709587267,-0.5017418964893833,9,0.9978614066684405,0.9144036214072279,1.5375378894606242,0.16692626430230362,2.7352234023725384,MSFT
2458,2026-07-16,1,reject,252,0.21413777008504317,0.7734096307134168,-0.3623536010427827,0.6700060751705543,0.628022190028395,0.7649166395132123,1.0389190409850835,0,0.9136288950405046,1.007938676025887,1.2614249374618651,0.2897340390747286,2.272670535761784,MSFT
186,2017-06-29,-1,break,126,-0.04420621335978806,0.943732631338449,-0.5561870765647349,0.43028213059445825,1.145350333270007,0.9230391611546167,0.15629679357868248,0,1.7236964409975033,1.7691655164952476,1.1705726987929235,0.8755521185181682,1.188344081744807,AMZN
205,2017-07-27,1,reject,126,-0.09369098901538837,0.9225479532136858,0.4683083932003976,0.5865692029074208,0.6179502332993103,1.1424983857754276,-0.07602974621579911,0,0.5674721465279569,0.4599676412431913,2.949363812990027,1.5425614961998764,3.87945938662595,AMZN
206,2017-07-28,-1,break,126,0.07613706739661731,0.9227710155166546,-0.4547460691797985,0.5404677105347195,0.9829546032140953,1.3783874609969957,0.34482101412584054,10,0.40926755251800334,0.4035658590590451,2.027825556435838,2.9067882833923573,-1.0931231442869511,AMZN
331,2018-01-26,1,break,126,0.08205699113820869,0.7631854146588771,0.8322749987106836,1.0229626232678266,1.1322549041220789,1.3934961657081388,4.357588068625233,0,0.2195447200677727,1.2545503095743535,0.9401846508082516,0.9257511360800539,8.524813340380044,AMZN
341,2018-02-09,-1,reject,126,-0.17662578883716015,0.8923409922168747,-0.8801486145294217,0.49708100960751483,1.762213923915323,2.179903583889415,0.14981237342267925,0,1.869849269883175,0.551580778497702,2.4896501128248776,0.7469807601836352,0.971003990461322,AMZN
360,2018-03-09,1,reject,126,-0.11591641350869261,0.9379545941121272,0.963883370618943,0.8959233939038447,0.5878141154122326,0.8093814220717163,2.9462509333067386,17,0.6461653982555551,1.0355336449326746,0.5384212682895753,0.6449029833784534,5.245785110513637,AMZN
370,2018-03-23,-1,reject,126,-0.014800701338246017,0.9558782637342317,-1.0024400013915458,0.6626441107634325,0.9413806609671538,0.9991749482979715,1.0566302403280174,1,1.6096111131720634,1.2076371613858725,2.035815759675257,0.2713790854234635,2.4456942366635483,AMZN
412,2018-05-23,-1,reject,126,-0.07708310337426272,0.8097183266768857,-0.7248277550092548,1.2077998861358914,0.38710640851555567,0.49155504783876963,-0.3222809379671451,24,0.07367723509678992,0.696216420424826,1.3966119632716205,0.5043502322078964,-0.9000125069351775,AMZN
449,2018-07-17,1,reject,126,0.04024366609098243,0.7694790233043143,0.5237869723585175,0.9051140110279334,0.6951674659014369,1.2843749137764533,3.318100226242555,0,0.5287583988377959,0.9232377900877461,1.6721834353177962,0.44606464792840567,4.562458571235551,AMZN
457,2018-07-27,1,reject,126,0.04735131721972192,0.772904471403576,0.46219194340596237,0.983275607725497,1.2931387912686927,1.5723724556880165,-2.217777936442677,2,0.5626348575478483,0.6639383290708512,2.297394206699249,3.0247989399895463,1.648724836818828,AMZN
465,2018-08-08,1,break,126,0.03734800015117693,0.7796901681741382,0.4650199181827018,0.8741768861207683,1.31679687670733,0.8739063507866452,2.054014963097399,3,0.7104670301496447,1.0648961886150332,0.989467461969801,0.05772992710230771,2.4595147675316937,AMZN
480,2018-08-29,1,break,126,0.007419515001356772,0.7981334324378485,0.47740373731597857,0.8618519895029815,0.8396584674677833,0.8820903920161294,0.9888032339858484,4,0.9230984738049839,1.6191824983964527,1.861172159081179,0.9801762181190646,5.041370732464765,AMZN
487,2018-09-10,-1,reject,126,0.0392275186084448,0.8279240420026437,-0.7398236955915557,0.6535097500751726,1.1725894424333139,1.3449541236435125,2.383873919720799,0,1.5296416224420364,0.8941339992397545,1.3395298555717379,0.7852061765972147,-0.17276928857305918,AMZN
946,2020-07-08,1,break,126,0.03943152464964823,0.7518555637321931,0.785590800850825,1.0072140549430706,1.1754699098165688,1.3700900465055372,1.953144236824039,0,0.8906454079066195,1.7256614027024888,0.9073601230394911,0.3564639919290769,5.500252330793559,AMZN
987,2020-09-03,-1,break,126,0.07488477694756028,0.9418624990267332,-1.4074240340148798,0.6935320523395841,0.8760033860555124,0.9265222986320009,0.13248224271072956,0,0.8458471521430522,1.3644648559293415,2.461877094569118,0.688119142291007,-1.0977061616378205,AMZN
1581,2023-01-13,1,break,126,0.014368335245630966,0.7748281948366307,-1.3130778748732366,0.5965003106595407,0.7437040853797791,0.9842302102608803,2.0534955357552316,0,1.8961472221765938,3.1507611383052514,1.4875743946087392,0.44845062375862593,4.6621138183996615,AMZN
1686,2023-06-15,1,reject,126,0.0494979386876455,0.755408728683919,0.6220203029589788,0.8659502717158247,0.9340969051916229,0.8316136910622487,1.1086098965720392,0,-0.495140281539152,0.9774183761736978,1.0909685920448329,0.5188065556748039,2.3662170161270306,AMZN
1717,2023-08-01,-1,break,126,-0.024157222334388925,0.7875332568728576,-0.9221412979003004,0.6673415377180482,1.0826648467305764,0.8163563990122854,0.07443055141559138,0,0.6077493810500063,0.9963726255454319,0.7578289368482869,0.0590107855177477,-0.36891055290171254,AMZN
1728,2023-08-16,-1,break,126,-0.06900763272394331,0.9282134289882186,-0.9080058246314262,0.3982161988425673,1.427419218924025,0.8107139827040729,0.576179918465359,3,0.7629788009375845,1.1941933743428894,0.7084673161620063,0.14231035987143648,-0.3415534574322741,AMZN
1897,2024-04-18,-1,break,126,-0.024308781854309545,0.9281934648310348,-0.6687406783999144,0.7271960426644604,0.8106531180979167,0.9239707995601021,2.309967355385599,0,1.9004285454104322,1.1243225619829975,1.087684871592789,0.09988140262021823,1.5673696275878481,AMZN
2103,2025-02-13,-1,break,126,0.15167223267971117,0.9092127105858574,-0.6428386211468546,0.5726233256080152,1.0941927008991676,1.12505600577669,0.010393054661698627,0,0.9352186605132633,0.7564780551104896,0.6172825070918599,0.021444447939340843,0.8856792661930499,AMZN
2256,2025-09-24,-1,break,126,0.010316002324274813,0.7672015884870901,-0.5789805026494088,0.6853458880623006,0.6821921306968506,1.4120683498888138,3.61175861981287,0,0.9187644071740217,1.898761198668704,1.2002351090156782,0.9221823091324951,2.5927366269930747,AMZN
312,2017-12-28,1,break,252,0.17835115137249236,0.8352403509910442,0.3246375451515863,1.4203200987123943,0.3210894749981702,0.5184645529995098,0.09336767637428463,0,-0.03172612931629171,0.9542193317492823,0.3009648796028081,0.6517347922872314,1.6447218182629864,AMZN
357,2018-03-06,1,break,252,-0.0862548962020017,0.7606831462289085,0.3601347127011301,0.85814376004304,0.5565059965232739,1.0291285985862628,1.670190281474376,33,-0.3364035773299143,2.991568663622772,0.2922853792604961,0.33359597423246184,2.663869933906754,AMZN
488,2018-09-11,-1,reject,252,0.060591906160395524,0.9524317246664802,-0.7153705719272935,1.0520089743645873,1.2435597214854586,1.3121966553665831,1.851937553089689,0,0.6441522024298376,0.4372099047673419,2.2457237153388,0.4184676621034854,-1.8307691653257474,AMZN
504,2018-10-03,-1,break,252,0.2004846884159013,0.9450665136312402,-0.661098167796498,0.9546728007780724,0.940499375111183,0.9356583307099172,2.2592044367452475,7,0.4331668996637352,0.9812018360596345,0.9191978717554009,0.3693235073500609,0.34880386723242424,AMZN
972,2020-08-13,1,break,252,-0.014273969261577436,0.7792044463403709,0.5215568229038451,0.8956102006365807,0.8911354446696919,0.7219123334978614,-0.8430457499807056,0,-0.881577583585329,1.506222895468687,0.6507226395835574,0.2651747009853213,0.7260141391757683,AMZN
996,2020-09-17,-1,reject,252,-0.10404848866345773,0.8619301805594958,-0.7379412186616814,0.8336754684133013,1.0319886417172595,0.9985848943662401,1.4586609714051901,0,0.7669944253827089,0.8673538086022188,0.5426822450805009,1.0021006890707707,3.87774957474665,AMZN
1007,2020-10-02,-1,reject,252,0.02884404992534977,0.8790710748727507,-0.8488699271971791,0.7689109503517171,1.1316356711578721,0.9662358236603276,0.372927620146524,5,0.591769208889457,1.0883753684247788,0.6391682996359127,0.7957114676076495,-0.10611296069779041,AMZN
1020,2020-10-21,-1,break,252,0.025271592653385275,0.9007079571291335,-0.7401116312006009,0.808179214342966,0.9356128921643428,1.0461732414132452,0.9249725284982574,10,0.5129491779098896,0.9058581023942988,0.7756388712049875,0.06381573654525936,0.47800669867654744,AMZN
1809,2023-12-11,-1,reject,252,-0.05234488023236666,0.8588786015167754,-0.5993797379301511,1.470968342022791,0.5304351753458147,0.9012119870151251,-1.165889890392036,0,0.4690774977044387,0.9331775569084418,0.8875751587089565,0.983742294504872,-0.11489241072361724,AMZN
1825,2024-01-04,-1,reject,252,-0.17262533088151355,0.865748466476803,-0.5300102400239723,1.3987270563255036,0.5350967703901797,0.8511537083135576,2.2203967320496507,2,0.8548484827956194,1.0225987489459198,1.1633191069039805,1.5302849155541016,2.898680885900276,AMZN
1892,2024-04-11,1,reject,252,0.002377478042943056,0.8803935708131034,0.48287129843805376,1.4921959770264603,0.6567881852878327,0.9126628857178393,1.0628583356069008,0,0.9776638998965981,1.0078716569104385,1.3667022966271312,0.398491196614558,4.299654753131884,AMZN
1902,2024-04-25,-1,reject,252,-0.04161631685181005,0.8811089233889252,-0.47360748854522106,1.099344756316418,0.7426628750327633,1.113017533327983,-0.6582468758187422,0,0.49810902286627035,0.49668374282895095,2.0388966928252614,2.983695779444592,3.308880759347416,AMZN
1927,2024-05-31,-1,reject,252,-0.11123753761931694,0.874669880945345,-0.4127653578220771,1.5330712510199243,0.5640458990500071,0.8870250611759516,0.516080495748272,1,0.44332164409485636,0.7793776539364031,1.6501897447310945,0.7036573402442566,5.448480520744922,AMZN
1938,2024-06-17,-1,reject,252,-0.020807735948863315,0.8785032826687955,-0.46596418587658156,1.3028185472828369,0.7576042296169999,0.8189281357381304,-0.9643222026491968,2,0.913317139617994,0.7756091970601471,1.2009525166937665,0.6364221296801703,-0.7988884335352512,AMZN
1959,2024-07-18,-1,break,252,0.03409863604758882,0.8890638964798955,-0.4336442475511458,0.7013440352530235,0.8270838817867769,1.0283844556824255,2.1735136537364785,4,0.9993789925465817,1.1880065782005167,1.8730078969625317,0.4980461471906564,2.9568125556548157,AMZN
186,2017-06-29,-1,break,126,-0.1325626637401027,0.9033681582349643,-0.44377532910773043,0.39008545989504084,1.1747357617166814,1.0499994975561568,-0.2497374175247896,0,1.3214661920926203,1.5217405103204167,1.2886983278488446,0.491929953508971,0.5793389276973068,META
198,2017-07-18,1,break,126,0.04877261671596751,0.9001094247837802,0.44210900366770095,0.38614280981759497,0.8536268309000548,1.040258079972477,2.3280917172056474,0,1.405410004758512,0.933450352033626,1.7477689586307927,0.03478639460161285,4.37332384394899,META
228,2017-08-29,-1,reject,126,0.0022042148779981936,0.8915736912902816,-0.480665879247391,0.6084342401589831,0.6934652541122681,0.6595367260545307,0.1058625694599111,8,0.790398219985442,0.6569952580993738,1.5694324153269401,1.286556080503333,0.5718373169488623,META
241,2017-09-18,-1,break,126,-0.026182146197811517,0.8975646300092819,-0.4793689119985476,0.7076672468425831,0.8100684680049708,0.7952495840194461,0.06330626542901299,9,1.1020718361466886,1.0792872841387864,1.2122620639094663,0.2441643154306115,0.29187462044400975,META
268,2017-10-25,-1,reject,126,-0.05845684333882895,0.8294188464489554,-0.37815878960046545,0.8579350592374988,0.7796282327370001,0.9915434930834036,1.8140788854391559,16,1.1836056166948647,1.1263681560384626,1.5363512521170957,0.06784970982608904,1.0855021625853898,META
292,2017-11-29,-1,break,126,-0.015805417605121216,0.8168516041074372,-0.384298283569746,0.5834525404752121,1.1487079388209882,1.1187072613795135,2.1554510488215604,17,1.439686878276597,1.530419915173054,3.8859123939612057,0.24103392160914902,2.1904483789497307,META
536,2018-11-16,-1,break,126,-0.029169798982721862,0.7847193297950823,0.6894322782087827,0.47477898973930466,0.8220338188461089,0.9743277568192142,0.0780322598624004,0,0.5902443679701639,0.916384700345703,0.8384871701169959,0.8322516121560066,2.3403492099835277,META
550,2018-12-10,1,break,126,0.016639013690048717,0.878724515822166,-0.8338340185793978,0.5044093866572149,0.8470133057136059,1.0029085038894923,-0.6616193344349606,0,1.171046479285659,0.9054306423303484,0.925758724442758,0.6968294166670435,1.0237728120896645,META
559,2018-12-21,-1,reject,126,-0.14398085407139868,0.9048038694019847,0.8693251754190108,0.3637006910116175,1.3954383059764124,1.5100571908558698,3.268435897865846,9,2.469532335246014,1.1892335764742437,2.444372750494006,0.0026757919602651936,3.653325740295505,META
565,2019-01-02,1,reject,126,0.2058366965393571,0.9037897388360249,-0.8579541487561132,0.32457704746953403,1.5989266790326635,1.0584200871314997,2.110750132527325,8,2.2281274157178945,0.957683323372199,1.6050923185930939,0.49541263859236173,-0.3164865163366898,META
656,2019-05-14,-1,reject,126,0.031989700330098875,0.8490485005563339,-0.7239386903208863,0.7036488960615452,0.8497286896675946,0.817991882192636,0.20690127887848417,0,0.9141538376466969,0.8439882882725663,1.4678644037511182,0.3018472678369382,2.063894530674106,META
663,2019-05-23,-1,break,126,-0.05522762647164689,0.8725070650400052,-0.724623807819129,0.7843363657613633,1.1055113605804956,0.5974662287707674,0.5369804981515177,1,0.863897961219678,1.2035767346376856,1.0361288533350874,1.0751038231099572,2.7339907988147103,META
852,2020-02-24,-1,break,126,0.3040231456539119,0.7677818296085157,-0.31000269765856353,0.3356138704464491,1.195504698700912,1.0081998881011174,-0.19230320437396436,0,2.0223826995172027,1.5212340953331365,1.2444629098338997,1.7180312660091503,2.2463010277086273,META
981,2020-08-26,1,reject,126,-0.19715247344017225,0.8226649233005199,1.0448290973752064,0.6472258557431717,0.9327795877502697,1.2700869835327164,3.285457930146285,0,1.4657274716311597,1.3639442784481586,2.659035342735803,0.3906363474008273,5.064506586112461,META
991,2020-09-10,-1,break,126,0.016283095583025594,0.889441527989935,-1.3100429480383604,0.6953023415033319,0.831326905251839,1.0658560004741857,1.2964513680645344,0,2.5876132673540218,1.5446697135516825,1.3809202278464872,0.23952761637825845,1.3709199119664157,META
1203,2021-07-15,-1,reject,126,-0.051460216378218314,0.903669411373998,-0.691378472808711,0.6560213151046175,0.6292031112403262,0.8001930016506987,-0.10296458516461696,0,0.7777753770050881,0.730602741308911,1.2781057506533604,0.31514429582890924,0.34222866628135895,META
1216,2021-08-03,-1,reject,126,-0.07706863148057083,0.9181412327759045,-0.6916922984405975,0.5050492783100705,1.3832958417729087,1.3401534841265532,1.613664687701146,6,1.428080663287741,1.0058169312664653,0.7611733874609465,0.12272020341179832,0.2946683916026736,META
1226,2021-08-17,-1,reject,126,-0.042252692347334905,0.9154682384236307,-0.6913488475772556,0.5185066396054968,0.7366713424838129,0.6333590957025524,-0.8898447619610561,8,0.6781788422625232,1.1039347623486084,1.2935399282118298,0.5446470493167442,0.37424391528193185,META
1246,2021-09-15,-1,break,126,0.14163308526053806,0.9216661056861568,-0.5842900485128362,0.6916351828574937,0.6254155684435927,0.9492745276499001,1.035337187461264,13,0.8274454675524678,1.0272660987424864,1.53989654195045,0.11679136388057401,-0.46649815198034306,META
1406,2022-05-04,1,break,126,-0.11640760216136128,0.7569658826222372,-1.637221719527052,0.6484707870603675,1.6646662512398283,1.6597308707836003,3.1297732803791836,0,1.9994457288874696,1.7369796908569393,1.9487520435724326,0.13122322631691274,1.627075560466214,META
1528,2022-10-27,-1,break,126,-0.12886205174004572,0.7586212264484661,0.913093719152268,0.2781479382983427,2.002981939634854,2.6496319613374313,2.3453314270431767,0,2.7605725101226026,3.547248700068824,1.1157707367734506,4.207103978274173,4.402894315005083,META
1650,2023-04-25,-1,reject,126,-0.1729628837035125,0.8437928697212403,-1.748277753955572,1.3293150739746113,0.396788815202753,0.6659518474333933,0.29752000328188954,0,0.8039446114736453,1.1662479560300105,0.9239351020103028,0.6654638417957114,1.9278599064903885,META
1661,2023-05-10,-1,reject,126,-0.12676186215232124,0.9498947351240707,-1.8089980181565013,0.4744726284757609,1.6382138294891084,0.7358315270695985,0.41830773733205423,2,0.8565783049477971,0.9324738802725692,1.2125485467241364,0.38278058816988497,-1.0302210837842998,META
1681,2023-06-08,-1,break,126,-0.10577625403004622,0.9491803056460965,-1.7837748982116544,1.0069229951765046,0.759921867157134,0.9412597291946848,1.828618967987026,7,1.1590350669369116,0.9993477480275346,1.3695618891256547,0.8075756595551697,-2.8370686541378594,META
1691,2023-06-23,-1,break,126,-0.00992520944793245,0.9446039150857415,-1.7188117526577547,0.9713155914708401,0.5437131368346181,1.3007304341085812,-1.967050673196252,12,0.1297666735000887,0.4706600241796299,1.4486492616754258,0.8163709895892894,-4.082764697954957,META
1710,2023-07-21,-1,break,126,0.03813386354874712,0.9525003234208665,-1.4759250715025443,0.5274320859222186,0.9707348316896343,1.1091352792076792,0.6082953507976343,23,1.2205590970500713,1.5416449449437168,1.7499049719784365,0.32183117028398645,0.36483094138694167,META
1846,2024-02-05,1,break,126,0.06491120691316754,0.7642663145379052,0.4921254622233941,0.2517943388329468,2.100078015280949,2.107564040048176,-2.82785365936853,0,2.6339030672404657,4.619290948644823,1.3485050346053047,0.25426807950100366,3.876014528460931,META
1868,2024-03-07,1,reject,126,0.029149898013041093,0.7912005995624449,1.1697616297039624,1.195500666030421,0.524213441157875,0.7920990288834955,-0.2914581368121747,10,-2.9283515269417233,0.8505554241702162,1.8810447962751073,0.847716441132176,3.5202272416098785,META
1891,2024-04-10,-1,break,126,0.09525249025581493,0.8826309306615323,-1.4337984564595407,1.1921944079422828,0.4952260862978371,0.9048401895207856,1.0219626988842645,0,0.3351478935928075,0.8427464561153578,1.337110018099455,1.0437149268668406,-2.3465633735619402,META
2082,2025-01-14,-1,reject,126,-0.19939555596448452,0.7940947402161845,-0.4674096097461189,0.6307386821145133,1.1241865436545804,1.040547360024367,-0.5535533028787826,0,1.0630834381137746,0.8706560631280843,1.0479114263858693,0.2947602873881545,1.0318263833454167,META
2091,2025-01-28,1,break,126,-0.0009347045911273086,0.7841841457365819,0.4534641163861857,0.6109134241592936,0.9140174526623853,1.4091998951640938,3.2971527733319226,0,1.6226926460176008,1.3052825049828891,1.3732690647690757,0.5089593272477945,4.822694557116061,META
2115,2025-03-04,-1,break,126,0.0881483867767049,0.7814949151291718,-0.5012274345311307,0.8311914708788333,0.9498938057948122,0.9958294357106025,-0.3248019335119751,1,0.9839162650581174,1.0190344821592503,1.3147274333004617,0.960806892524213,5.317895488559334,META
2255,2025-09-23,-1,break,126,0.029733432649536665,0.7789511427452497,-0.7357197765384146,1.4111344889850548,0.604999074927735,1.1337266677465327,1.7598953218623232,0,0.7050201107103817,0.9464120342577657,1.4048819338766485,0.4901979869192937,0.19230346149049193,META
312,2017-12-28,-1,break,252,-0.04430511730659273,0.9381343587143128,-0.3779570937450837,0.7435507109691535,0.5324451886430175,0.614193070924186,0.34793874659221796,0,-0.27125903540013363,1.4455980307141023,0.3855597201778479,0.1747836059237288,-0.24774576531791526,META
322,2018-01-12,-1,break,252,0.01663983227151455,0.9420236135018207,-0.39603911260177743,0.52855636009463,1.3696913696132709,1.4913899325216677,-0.7740521227802656,4,1.9904792671509386,2.0613649519441273,1.907434290544758,3.8093573821948925,0.8040230668576753,META
333,2018-01-30,-1,reject,252,0.04817036603030258,0.9402449720315041,-0.35750300426700243,0.4552544047078244,1.0289769770906376,1.076253411507131,0.5643136897433626,10,0.5610768921596458,0.6814003268636055,2.0976018061170505,0.5346638520229523,-0.7378636147354799,META
1253,2021-09-24,-1,break,252,0.08373029522886583,0.8193573455721331,-0.3981144408819558,0.9269167335110253,1.1172514031752836,1.6605454404495616,0.5221519287245858,0,0.7150569700764651,0.5571877222332536,1.7339714829203847,0.4961265230953095,2.9868362846910594,META
1433,2022-06-13,-1,break,252,0.004698644883451222,0.7586196681742412,0.6861865009236798,0.9518540375529271,0.9312116672754333,0.776055551609729,2.2969709805551854,0,1.29767514770912,1.3397540979670843,1.0000588077762977,0.7867398897570892,4.0528751152656035,META
1471,2022-08-08,1,none,252,-0.07126105996870913,0.881060040227803,-0.9863298168552947,0.7853417342575905,1.0009854602482593,0.8952594374884366,0.37476419498176317,0,0.7073090903409813,0.7284290313365595,1.6615958734099423,0.14624926617258155,0.5298586392866363,META
1485,2022-08-26,1,reject,252,-0.17086563598023397,0.8862284560628995,-1.002528733325041,1.0833134694114432,0.6578136829273378,0.6791371324220846,-0.9855005733942085,7,-0.01231941886334742,0.6337287293039857,1.7474256654874147,0.06817587878062648,-1.871280238885503,META
1528,2022-10-27,-1,break,252,-0.12886205174004572,0.8926095419276588,1.003295061224432,0.42662815242274027,2.002981939634854,2.6496319613374313,2.3453314270431767,0,2.157072461179229,1.9894724188941326,1.1157707367734506,4.207103978274173,4.402894315005083,META
1560,2022-12-13,1,break,252,0.12912096817192484,0.8816128940985519,-1.0766346353289928,1.0950719484493177,0.7502822572372111,0.6336649126111464,-0.6226687439241351,0,0.7873850258345001,0.9177068790246885,1.2298769430390886,2.1239526878957085,1.5494068136688905,META
1576,2023-01-06,1,break,252,0.35838087158245424,0.8334017308695851,-0.7858702931717766,1.0336587514098092,0.40734175637481074,0.5929584678879032,1.1148055901736917,2,1.2472806979085513,1.1025472168707722,1.1461395787690056,0.647481805445292,3.41055233682277,META
1747,2023-09-13,-1,break,252,-0.07195622903465912,0.8214727826739174,-1.4565727220525013,1.746612400724603,0.6824467235952929,0.8248832920287902,0.44597454611443993,0,1.224371444227372,1.7010276620255316,0.6762043812071385,0.130765697928422,-1.9646395041145661,META
1845,2024-02-02,1,break,252,0.04768780464523661,0.8746134649569985,0.6987508862094486,0.5441602951330495,2.0640610160906885,1.9279731251538,-0.05659183664172119,0,1.504818257645274,1.8444683561180497,4.122354362384845,3.6925233932585875,5.152100562958813,META
1887,2024-04-04,1,reject,252,-0.14562742706290407,0.8821596487569495,0.7817592233784881,1.1976825231779236,0.4070020681152064,0.8178825957658448,-0.856864757362955,34,0.16970123316530455,0.6409926711281019,1.5175442089933016,1.006081925581574,1.2882538283402247,META
1902,2024-04-25,-1,break,252,-0.05380722354225367,0.8801582544267262,-0.786722310313204,0.7476291377450058,1.1028001096474382,2.1397501751319266,-2.2907595564412,0,1.462114795483059,1.296839066219443,2.1043051740004315,5.237046663443115,4.1351785112987605,META
1947,2024-07-01,-1,reject,252,0.08578720819680676,0.8523689281354211,-0.7074920101590417,1.6900623361211522,0.6808351416484321,0.7437298056247538,-0.9275623703883685,19,0.08036194297124322,0.8190238601179126,1.2407450885773537,0.09885048968660269,-0.5196790906505809,META
1955,2024-07-12,-1,break,252,-0.03718563495309829,0.8546010699757964,-0.681082282329614,1.1858884724100744,1.1607757597659198,1.134025798947699,2.466058252639148,20,0.7245213601883407,1.0096880138726467,1.089022409814927,1.4326927241765115,1.1965720479680104,META
2112,2025-02-27,1,reject,252,-0.08834912663420579,0.7604157572390609,0.32700943194165843,1.07000212161223,0.9444638446917001,1.046216428898643,-1.7662342265464184,0,-1.0068951988888442,0.43731873643518615,1.6430975800841274,0.8878764287702405,-4.198389073529322,META
2119,2025-03-10,-1,break,252,0.14698287079679165,0.7712670842173037,-0.32642666546135024,0.7817804211665599,1.3183582983587887,1.2258671543832524,-0.9871993614874093,0,1.3979648338018662,1.0678148893562964,1.0904904850148631,1.4329064166577499,6.291976544066177,META
186,2017-06-29,-1,break,126,-0.02163418000130717,0.8124326642339524,-0.43162023526602994,0.6964484093774401,1.2826744740896217,1.2645679042269784,0.3243382400293218,0,1.1715913279967411,1.033567337269986,1.3013593510688524,0.7494640674308249,2.8695567908114126,GOOGL
205,2017-07-27,-1,break,126,0.016534688542081604,0.7674305599786928,-0.3751567238282002,0.8237018859862528,1.0177366704450934,1.760198611629105,0.3683827886804443,6,0.0974760510639312,0.9700147525353535,2.2034432879811194,0.3336348515134228,0.7943421664375191,GOOGL
326,2018-01-19,1,break,126,-0.04288281322616628,0.8245906874574344,0.3867429597464369,0.8144869478359835,0.6483330749046323,1.1242432413928969,2.8316730903303413,0,0.7485170264285386,1.2406319470331437,0.8808358375414357,0.23762015956391688,5.393540586529451,GOOGL
336,2018-02-02,-1,break,126,0.022078985801209615,0.9132206397223673,-0.4718651178726202,0.42240046762283157,1.6720679557185985,1.7695144812128352,0.7369486603462578,0,2.9552534154268892,0.8799729075986301,1.3635900857437733,3.2679993840389114,1.7922615540104851,GOOGL
571,2019-01-10,1,break,126,0.021594318907208504,0.7919015684517965,-0.49652888467491496,0.42922295365349084,0.8079619012605057,0.8640253187572445,2.1070543605468792,0,1.4191069911189924,1.6502150718222475,0.4406005624371313,0.2764756534767637,1.2555817373187734,GOOGL
651,2019-05-07,-1,break,126,0.12087558460862775,0.771253399731661,-0.3442822254552501,0.43802465845227484,1.8272031359170535,1.4116057319792656,0.5685943823349685,0,0.7503923937459289,0.9455186711542564,1.9269841787201638,0.32194788272908226,1.9375396774487317,GOOGL
786,2019-11-15,1,reject,126,0.02016223730866261,0.7896595240817472,0.3745300647913186,0.6325340280657635,0.6917022096931543,1.0006321750382867,0.7660773125476396,0,0.44385954961075225,1.1371602644007828,1.3398573227500286,0.47556533553279284,4.208696378534956,GOOGL
796,2019-12-02,-1,reject,126,-0.03845613275931238,0.8764645343442496,-0.38394314648110217,0.6301040013218691,0.6470160164865102,0.7827748449902199,-0.04495035934263075,0,0.3703731351442439,0.786573389883019,1.6439337938131018,0.1422175234073534,1.38776401140864,GOOGL
816,2019-12-31,-1,reject,126,-0.08227607299017543,0.8717825963913355,-0.39745089979826903,0.6806274052314734,0.727399943550043,0.7253156594089095,0.4012470897201011,2,1.1329458558027004,0.8444963735373431,0.584664862532847,0.4270409863733674,0.4570867752299451,GOOGL
820,2020-01-07,1,break,126,0.03586239515362202,0.8717825963913355,0.39745089979826903,0.5163190081008568,1.3229957087065378,1.0610225784101142,2.6147117803093547,2,1.1218476220598539,0.8049125722744995,0.7553624702138617,0.20938909621444912,3.163682573733887,GOOGL
852,2020-02-24,-1,break,126,0.29784242062061883,0.9268670330222588,-0.4571267511578713,0.3207918266668518,1.3239818625822943,1.0233193595077148,1.2421752074520203,3,3.0367719527426136,1.5483948495728825,1.1701658722086736,2.3861975089890692,2.3600164605239575,GOOGL
988,2020-09-04,-1,break,126,0.06423793443806078,0.8376006421914111,-0.6954576904799081,0.6267500825283949,1.3894094999676707,1.2038324526902653,0.04866080176345765,0,0.8933358670821385,0.7049371500158841,2.775566043830746,0.6419322052600389,-0.05462896401366455,GOOGL
1121,2021-03-18,-1,break,126,-0.12162015867122676,0.876550168881049,-0.7928588039597317,0.5841871652741294,1.1754501590946298,0.7995342518921017,0.11004738090682065,0,1.1319471955199187,1.2054652687922185,0.9044882090249748,0.79421455570153,0.7698338217073841,GOOGL
1135,2021-04-08,1,none,126,0.03789650579650155,0.8435599898564914,0.6107356111077559,0.7605869515499085,0.7125260934921902,0.9835619584717293,1.4695295621563431,0,2.214503475841345,0.96722611104149,0.6758899335713358,0.6796365523344071,4.556598390564715,GOOGL
1149,2021-04-28,1,reject,126,0.008975969803877841,0.8522221337013071,0.6241150910126939,0.813399800491836,0.7245762189240896,1.2992276468876538,-2.881277151283056,6,0.23931961217847297,1.079158948375653,2.1415733108680155,3.0072207953533177,3.206567775090496,GOOGL
1159,2021-05-12,-1,reject,126,-0.10142918267328047,0.8562417921389884,-0.6741889405136806,0.8168341415744346,0.8761487687309902,0.9898115720740702,0.8275880472246772,10,1.5816472374489627,1.0651211380264398,1.34136246633218,1.2995307373632228,3.082468886740779,GOOGL
1185,2021-06-18,-1,break,126,-0.03651573353144674,0.8957430663941985,-0.7301368787888639,0.955937269677567,0.5643554297001974,0.9644178741403792,0.777021998487179,8,0.6655264202202993,1.0091922881534123,1.0093421687506516,0.3055813213890473,-0.47291685699099284,GOOGL
1205,2021-07-19,-1,reject,126,-0.10456183504288107,0.8760090679439698,-0.6619610489526212,1.07239433588149,0.7668907645851752,0.8934523036587704,1.2846393771427354,9,0.9410647190969933,1.08783402545622,1.8661593144628337,0.7925637883514769,-0.06163799283428973,GOOGL
1209,2021-07-23,1,none,126,0.032649191092302694,0.8861863208991044,0.5301906321357438,0.7956833213799144,1.1329493245439555,1.0414563864168245,2.7442813943130795,4,1.6641907021742575,1.0903956590783883,2.3520347712303575,1.3604358666299918,4.8654593843806175,GOOGL
1231,2021-08-24,1,reject,126,-0.006947493474803307,0.9365191780370112,0.5993568520156298,0.6910897777028964,0.8805635070770328,0.9362185685898967,1.3372215811115504,4,0.7707394490483606,1.032592854128458,0.8833152551843912,0.41364508366757863,3.344473054048843,GOOGL
1249,2021-09-20,-1,break,126,-0.028837083633961095,0.9408787228680255,-0.6341598016597587,0.6605676521481633,1.0016463597181764,1.3368029556117873,-1.1235347462227083,6,1.4219146007669279,1.3744175554352216,1.3693457093691397,1.7532666858841752,2.6603536594088832,GOOGL
1286,2021-11-10,-1,break,126,-0.011889885581827951,0.8396214163250373,-0.5208736013319989,0.4834116109559503,0.9781290188440832,0.9517878451010189,0.6649469867274029,28,0.7338380373121697,0.9434588553507951,1.2770454952904997,0.5437568669629261,-0.6807920061847296,GOOGL
1294,2021-11-22,-1,break,126,0.01952958709358419,0.8344953106228494,-0.4742605782921181,0.5005961109154522,0.7872135914770151,0.8743192185703275,1.4102981926527742,31,0.4127140565296803,1.0622671341662673,1.2776034088767183,0.16800822472757598,0.28946803167969515,GOOGL
1580,2023-01-12,1,break,126,0.03705326943156704,0.7682281283728286,-0.59446842009716,0.6933358680771108,0.6174130659870805,1.007608603166135,2.0991234299274995,0,1.428382927987707,0.898425695333635,0.8491896998774683,0.02363985568605422,1.274898237053412,GOOGL
1692,2023-06-26,-1,break,126,-0.03217906265559391,0.8101788352485375,-0.8030348993636625,0.90507985305334,0.9064487343165379,0.8788447563899451,0.43934782457459637,0,1.1133490722454151,1.0446432412214632,1.3122261940101811,0.8775902992285078,2.798525895950349,GOOGL
1723,2023-08-09,-1,break,126,-0.04228314354411431,0.8043637351456285,-0.8279514519076518,0.6606733506353697,0.8681125703231046,0.7319007708164859,-0.18162944884057125,12,1.0390664049666276,0.9255661751001499,1.075913495537526,0.09779084910242397,-1.095390772048797,GOOGL
1753,2023-09-21,-1,break,126,-0.054527078395206506,0.8522126869934125,-0.5926616886393191,0.7911762916883979,0.883326313384775,0.9807555462363852,1.2153012797212122,19,1.4448649154273028,1.4577931083449494,0.7992556082751472,1.306452826846148,2.5800229015377685,GOOGL
1777,2023-10-25,-1,break,126,-0.09761628696106207,0.7567614161165601,-0.4135784268667606,0.3874994013342529,1.6978330778273185,1.547993432162627,2.274876021144644,21,2.2186868626577123,2.3767765905548957,1.128132313601938,3.0920052243380827,3.1077776612089485,GOOGL
1932,2024-06-07,1,reject,126,0.079945639257697,0.7570077500055321,0.48587047333615546,1.0428537773562758,0.5279128574997206,0.8864492055547536,0.88699400850152,0,0.12065225494360304,0.5992667439699928,1.253508302189352,0.1911337963598278,0.24737833336687692,GOOGL
1943,2024-06-25,1,break,126,-0.0639481770506281,0.767886950025453,0.49516390107055436,0.9078130313624422,0.6755532109608785,1.063259870924529,1.1311285884828446,2,1.1298471798624634,1.216004629602537,1.6438802083333335,0.20071800771481796,3.9311769712911913,GOOGL
1958,2024-07-17,-1,break,126,0.12112393092762508,0.8297061714429941,-0.6799830551152075,0.6218584784051581,0.8443037942494651,0.9199338395447122,2.522556183903535,0,2.222649302079316,1.0766877201495644,1.102388984912414,0.3639205782642191,1.1791273718616502,GOOGL
2096,2025-02-04,1,reject,126,-0.17631193390121866,0.785271270495863,0.494959390149413,0.6505093696249802,0.998423613489348,1.0285254851326677,1.64158118729816,0,0.6607393621304107,0.9586852999369317,1.021688446298051,0.6011407448632797,2.7175239621780047,GOOGL
2099,2025-02-07,-1,break,126,0.11098763681930872,0.785271270495863,-0.494959390149413,0.46181182111988084,1.4557023970278815,1.5179895877722187,-1.5416952809312543,0,2.267970441548833,1.2364148614620185,1.9522962944620565,0.11490529763738906,2.1849920467460904,GOOGL
2246,2025-09-10,1,break,126,0.02253137760350799,0.804808781366469,0.7366366925432358,0.551982554267033,1.5237773839231783,1.1129633527373046,1.913313433569291,0,0.12661167749491353,2.4745731027390963,0.8040511047684463,0.14347121925146913,5.131914153726137,GOOGL
2268,2025-10-10,-1,reject,126,-0.1643580507728996,0.9185379708904342,-1.0999243209504268,0.9194818169010399,0.6964804888921021,0.8056616311628796,1.1064560539188342,0,1.0092177120520889,0.9658366794518027,1.6130612517669412,0.028586131892651315,3.043830753390238,GOOGL
2279,2025-10-27,1,break,126,0.1681590258318165,0.92773463516351,0.9997274279819152,0.7620991227262736,0.8767313003324737,1.0011726625888935,0.9069898340776102,15,0.8549142560932462,1.0177309385772129,0.991459280070169,1.144595025471624,4.743289092707276,GOOGL
2299,2025-11-24,1,break,126,-0.013366544472411193,0.9513617632566043,1.2037345257582157,0.5182887741900134,1.2660865820937266,1.9051556649233778,0.3540187123661677,26,1.257133897318004,1.4948116863839431,1.1344592144062318,1.5899888894332226,4.664656610459257,GOOGL
2311,2025-12-11,-1,break,126,-0.060332728452269974,0.9654695622176006,-1.3932530151319502,0.5103223970553084,0.7481338581785535,0.9013522390901186,-0.34891573326118863,1,0.8819651809296132,0.8549956793713485,1.4060301765870127,0.018386982583776936,-0.7864157192634276,GOOGL
2336,2026-01-20,-1,break,126,0.05973026804073454,0.9474892104641032,-1.219714860586187,1.183227815328332,0.7385554213235916,0.9084518367718655,0.929868712847555,20,1.133551215627219,1.5624211251408215,1.1602069395514467,2.647836759121899,-0.444047341080662,GOOGL
317,2018-01-05,1,break,252,-0.04410016430785234,0.8174895358957912,0.24200924002729418,1.2902091233190172,0.8650244732070357,0.9221137835993856,0.6640782787322607,0,1.0067510091701166,0.9522976400455068,0.8997185811876812,0.8936992705320121,4.96331526391101,GOOGL
338,2018-02-06,-1,reject,252,-0.027835748357605494,0.7934911778846462,-0.23001964741703948,0.5886569398267241,1.7790168939465605,2.156216931364116,-0.5206704812562756,0,1.7886093179821136,-0.040692812471294054,3.2593800476753034,1.4427503369357821,2.869412835827305,GOOGL
351,2018-02-26,1,reject,252,-0.08159084177764794,0.7625375856533525,0.21248852162662263,0.45993499132390714,0.4396362713980559,0.8271739942397557,0.3807544927117922,17,0.7083839544144861,1.0783171694758678,0.5303922437626362,0.1382278933203341,1.4817909326772638,GOOGL
360,2018-03-09,1,reject,252,-0.1292529928088741,0.775455037281955,0.22932656406528631,0.7301732655373813,1.041825271201748,0.7905108134368279,2.8206711997997482,18,1.3267560894660078,1.0214422423069345,0.986008176905965,0.5870483152746349,3.5682066856149084,GOOGL
369,2018-03-22,-1,break,252,-0.022690800307566195,0.7773358130264756,-0.2345088559430439,0.6199973774275812,1.0286385257648354,1.3041000849331466,2.7922072925971047,3,1.869984095483557,1.1781991101553297,1.3629138142765083,0.7168662491665474,3.259696227026053,GOOGL
1097,2021-02-11,1,break,252,-0.018726007777149632,0.7594278783203916,0.46689278305438064,0.64528979332824,1.311914401403052,0.7089993829803733,0.7162463330460734,0,0.11023548980338638,1.4777188404751156,0.4831628210055313,0.08871783052828353,3.293532122840131,GOOGL
1132,2021-04-05,1,break,252,0.05442769742533172,0.8960815207594196,0.5069098420939869,0.7054724924320412,0.7013479241620422,1.0148968426603389,2.0162736468826337,17,0.8884364174860178,1.0986354697631682,1.8104438474417133,0.4162611882166545,3.8482491942462502,GOOGL
1212,2021-07-28,1,reject,252,0.04303742358609406,0.9436350771561238,0.6022866991479291,0.8866639650938305,1.373343615435972,1.7499411056143017,0.6191392465694605,5,0.8922606216935584,0.9576340728998889,1.6222973035289923,2.431966752802293,4.782321571198594,GOOGL
1249,2021-09-20,-1,break,252,-0.028837083633961095,0.9703245508077648,-0.6602185728446572,0.9561538630766352,1.0016463597181764,1.3368029556117873,-1.1235347462227083,0,0.852864543288645,1.0402462237122703,1.3693457093691397,1.7532666858841752,2.6603536594088832,GOOGL
1501,2022-09-20,-1,break,252,0.0036650306376337493,0.7507374939660996,0.32781759887034545,0.7140114148341401,0.9848843493012819,1.0583486357890963,-1.164650011990118,0,0.54031192793336,0.9323529118713787,0.7240731848900291,0.4455830794500819,3.1172896201618205,GOOGL
1528,2022-10-27,-1,reject,252,-0.055264988006063935,0.8619364703772194,0.4266041432306366,0.46664091476660274,1.5590340847470818,1.7227390992467289,1.5135162639164421,5,1.3283327792775554,1.2451668468361365,1.26436706774364,0.15341843180065326,2.537824724555456,GOOGL
1551,2022-11-30,1,reject,252,-0.13258409478241265,0.8649472480160509,-0.44406334661439817,0.48378718513057223,0.79628920169178,0.7187056479752736,1.009526826294017,0,0.7540967080379729,1.079557007878063,2.4235772397463013,0.135351077116342,2.462842824855224,GOOGL
1565,2022-12-20,-1,reject,252,-0.09631047935613894,0.8579110036391999,0.42043761732877516,0.6900326090477927,0.6652326353004717,1.0628126237638393,1.163892638719179,12,1.1042363453195367,0.7428426232738166,0.6610933251357936,0.17847826407486622,3.2836039229191907,GOOGL
1576,2023-01-06,-1,reject,252,-0.16394915154069442,0.860930608588228,0.4322009910383766,0.8216522645237047,0.6528783085787679,0.9284188816621988,-0.08443761568724849,12,0.0870973504781466,0.6479846260284079,1.1983911563026963,0.387184603931065,1.5933767319139596,GOOGL
1585,2023-01-20,1,break,252,-0.03816024959194405,0.8642186627377115,-0.46378015799763894,0.8032552659184463,0.6557240949663005,1.250469906550127,2.923228705271928,5,1.3946572956423886,1.5038296793853991,1.4295074379494779,1.1444934146007286,4.71442961966068,GOOGL
1617,2023-03-08,1,break,252,0.10294913420602046,0.7733544577600793,-0.40660966290628253,0.750931993888755,0.5182376575076513,0.8397443140437748,0.425613333041551,21,0.9272696925675934,1.0063314936571706,0.7869899940233106,0.11877658995427808,0.3963460655266307,GOOGL
1777,2023-10-25,-1,break,252,-0.09761628696106207,0.865903044882726,-0.5044860833894536,0.5997364858737851,1.6978330778273185,1.547993432162627,2.274876021144644,0,1.3803784951712386,1.8285130883860448,1.128132313601938,3.0920052243380827,3.1077776612089485,GOOGL
1823,2024-01-02,-1,reject,252,-0.013871699091991362,0.8447930634353975,-0.46959651036242683,1.0415723288024787,0.5561001871875181,0.625307468690413,0.6331134772078922,39,0.4576388477095149,0.9617160942453693,1.2681481230522351,0.5244712566754464,-1.064959048096905,GOOGL
1845,2024-02-02,-1,reject,252,0.06552227757128877,0.8189328483081962,-0.38429081823998,0.7528622789419007,1.6197570980222868,1.6336675557115907,1.3819987814586638,36,1.069018179048059,0.5897904629749421,2.3864270917903947,0.6562171928330993,0.7282746764666375,GOOGL
1855,2024-02-16,-1,break,252,-0.04969786335707096,0.8173101452835995,-0.38424589167595996,0.7419808761058175,0.792155377902747,0.9456829337195412,0.3820527225364473,27,0.938712452410333,0.9979674419388974,1.1760179069369965,0.07348601924515827,1.8998081986618138,GOOGL
1900,2024-04-23,1,break,252,0.11670131724149434,0.7548672838646485,0.24444274951149195,0.9072273167807103,0.6558156451281021,0.8063442467505569,0.3360543331376576,0,0.19982189150792729,1.0008524007083803,0.8877892716650179,0.3224155094174898,1.675819433563467,GOOGL
1932,2024-06-07,1,break,252,0.079945639257697,0.7739494436002418,0.2673595030763771,1.3409105935200194,0.5279128574997206,0.8864492055547536,0.88699400850152,16,-0.3464384034591452,1.6376535632500948,1.253508302189352,0.1911337963598278,0.24737833336687692,GOOGL
1965,2024-07-26,-1,break,252,0.008297834293223645,0.8079783690807779,-0.3738832518838098,0.790047873766834,1.4271047609387837,1.6350767688345746,3.3061584234043724,0,1.2442106833289333,0.9296615405120843,1.1241280197559829,0.042435863366005716,4.7519966719179765,GOOGL
1971,2024-08-05,-1,break,252,0.011939116492773358,0.8022325617393604,-0.3423742244053643,0.7313004563804466,1.462016242966091,1.2299533012512778,0.4637101269029744,1,0.8164491031800781,1.5367490605293725,2.5242469277156427,3.564539219111057,5.376861784221921,GOOGL
2348,2026-02-05,-1,break,252,0.10403648183989951,0.8403237595563091,-0.9437521527879351,1.8457579561429018,0.6579170923215576,1.4528364474968611,-1.904805591079516,0,0.5508623772065098,0.38073379929236867,3.039751728528231,5.418390949239699,0.4053288952898882,GOOGL
2428,2026-06-02,-1,break,252,0.0017702951836529193,0.8743545090680449,-0.8216620044848861,1.2926718676772313,0.7033492595554949,1.1868969959900524,1.322011926414491,38,0.8468596941577717,1.1310364172338512,1.7858197902731783,1.457547231522214,4.092423696471778,GOOGL
2475,2026-08-10,-1,break,252,0.055080899752576296,0.7522630800347191,-0.5163202071698114,0.8209896207014222,1.240068833070279,0.8475759841686362,0.7077547558656831,38,0.6182230774638442,0.8832020616651158,0.4473042109076838,0.07885051786088892,-0.7655081151600748,GOOGL
189,2017-07-05,-1,break,126,0.0036754578022146437,0.8935200988484581,-0.9264731147399468,0.5726625896018467,1.2050870923717492,1.160540646566494,2.6710501558145663,0,1.2845724090340365,1.518375950932527,1.7859572105025545,0.5698238793357296,4.270188589960198,TSLA
646,2019-04-30,-1,reject,126,0.2288787154050605,0.7776280319752039,0.708444721696497,0.5522678861831439,0.9758276305209188,1.598627316078939,3.115416472781139,0,1.0023739779777536,1.1369484778190537,0.8421420749980388,0.086230507137692,3.765280218887174,TSLA
680,2019-06-18,1,break,126,0.12577021591991253,0.8414934133951447,-1.0004717075973064,0.6101019151849667,0.8044119960313062,0.9156099827297548,-0.4107358174191627,0,1.4329758202237919,0.8359564937456702,1.2792776076010466,0.5077383678051086,3.3817714002292547,TSLA
689,2019-07-01,1,break,126,0.06431292581504737,0.7918299009882128,-0.8236478822343487,0.6702531276185624,0.497198899405767,0.591710854513308,-0.8455794164612398,1,0.4188586185682805,0.7253757365253249,0.7931620956915972,1.13472729092623,1.900195184224763,TSLA
826,2020-01-15,1,break,126,0.43865924247020993,0.8107785280683062,1.5149783374828767,0.8923633844477484,1.0693801689551343,2.043607571554206,0.24544015932615462,0,0.1894704265975824,1.8161454781170523,1.283339239106726,0.5195072799552113,5.014943354038147,TSLA
856,2020-02-28,-1,reject,126,0.2613497091095345,0.9202601204765217,-2.842591393695281,0.4217125869444004,1.115976191620127,0.9505794818944217,1.8297849709830607,0,4.395254801187311,0.9937195814305572,1.3205953571478106,0.9495544479552132,2.1149623886917137,TSLA
862,2020-03-09,-1,break,126,0.16360308514951874,0.9188643457546887,-2.546979819922833,0.4771710549297953,1.1806223296984004,0.7944613305260948,0.9100929714949338,1,1.2416611621550273,1.5943001583115475,1.2036572215971795,2.481801113463997,4.040040640458761,TSLA
984,2020-08-31,1,reject,126,-0.1732044983792892,0.8410678018319344,3.1869297414544238,0.7231221200656621,0.8408329709346714,1.2185430488044098,2.404381456578293,0,0.8191809622601292,1.1030792462419543,3.149940595200957,0.09423484881102515,6.850460619255638,TSLA
989,2020-09-08,-1,reject,126,-0.22608884022834277,0.9199848976708542,-3.0414691881150118,0.4145127979975997,1.6070478288426733,1.2241204334280558,1.8396669492743691,0,2.940455687689579,1.8373764414476248,1.3506466293557826,2.0389897694116756,2.2254399348628566,TSLA
1000,2020-09-23,-1,break,126,-0.1054026132395215,0.9469361040284996,-2.9000855766564513,0.3881097090406193,0.9779059270665674,1.1344767903857413,-0.032877098900386585,5,0.7204932472470345,1.408747297308189,1.0495579436079683,0.54940280916045,1.2386468249819862,TSLA
1052,2020-12-07,1,break,126,0.16380052168937206,0.7716898180161932,1.5098993617567225,0.9843238332184242,0.8238119758255144,1.0913561423805873,3.049937859709101,0,1.214016168379257,1.2597015866205177,1.9417980996844597,0.256569515936351,6.070756173577207,TSLA
1070,2021-01-04,1,break,126,0.17896553004016896,0.8160369144466739,1.7004417510680643,0.8602729327873272,0.9430206826886823,0.8753356073283796,0.5322227511864378,7,0.16934485577677183,0.9881052049536736,0.8324431403635059,0.5221010988787481,3.0465239976080642,TSLA
1100,2021-02-17,-1,break,126,0.12863381692738854,0.8319348436137235,-2.040563617872222,1.1744100413226723,0.5370022985351989,0.625521836901242,0.09178986071597159,1,0.7144301111251599,0.8490435477747427,1.1930949742059858,0.7940031894963152,1.8840879789495926,TSLA
1276,2021-10-27,1,break,126,0.07258994778074111,0.7611621394114144,0.6813085842027896,0.4899717286176707,1.533987610253324,2.1304694894550718,0.8870203335287785,0,2.8180973117918207,3.999640342869555,1.4942898720861066,0.759577396550179,7.287047173481943,TSLA
1296,2021-11-24,1,reject,126,-0.04489992024079485,0.8004828409724668,1.0511539050239989,0.48595627876492853,0.8415778493132207,0.9997272705286598,0.6568799234977523,10,-1.7583642627269553,1.1631240395679077,1.1507968852735166,0.5909659267874089,-0.04173559107048395,TSLA
1303,2021-12-06,-1,reject,126,-0.13043566553141792,0.8254798082380195,-1.1425202976640287,0.5524385230870565,0.9533612422649355,0.9615969403462756,0.7964924647737471,0,1.704313309825021,0.43423137373372983,1.0962148086581498,0.31439342059014913,1.7002284430856471,TSLA
1586,2023-01-23,1,break,126,0.3170044353491706,0.872091332900928,-2.192515615142502,0.5482411892294309,0.7644772576038406,1.2957349072144249,2.3919459617819014,0,1.315782741898921,1.1285862421036919,1.4106147693413191,0.3072411025993271,2.819485633564962,TSLA
1916,2024-05-15,1,break,126,0.047587924767980676,0.779822707638965,-1.0238426284122881,0.4584359496458833,0.5842158884792829,0.7564453239921664,-1.440115822934791,0,-0.30210573520182504,1.1709977935928098,1.01301164134547,0.2722979837058106,0.45614657340281706,TSLA
2090,2025-01-27,-1,break,126,0.27124154646140153,0.8041966433006723,-1.833501953640993,0.798569056258063,0.7490241843303315,0.7268688692462113,1.1995755183017285,0,0.7110124297440807,1.1645855583015965,0.8497456843595258,0.8161294658468258,0.9358206557964872,TSLA
2322,2025-12-29,-1,break,126,0.06326881972101318,0.793676391577323,-1.0704969100909194,0.8780835606942695,0.9255674179533554,0.7636648216654214,2.009648901135196,0,1.0654522556712118,1.0782009547156868,0.7119627040990602,0.5486455644886057,0.2561130812487872,TSLA
927,2020-06-10,1,break,252,0.3076367509052775,0.8596007290909276,1.4785394579271542,1.295618533770332,0.6892124385563475,0.7907343040750586,2.1370887599512924,0,0.6644315636947368,1.2746039106437694,1.4556858416912342,1.6967610164318228,5.837364031067109,TSLA
942,2020-07-01,1,break,252,0.28409188873042646,0.8709268849719949,1.4934454997683007,1.0509293748354387,0.7518120765979996,0.8654667729096164,2.3243979975633646,5,0.9789600238808072,1.186789372377539,1.2966011889543223,0.07591419404550322,3.3559389821845427,TSLA
974,2020-08-17,1,break,252,0.20300353834436183,0.914699661620008,1.9904743425046838,0.7100307654198901,1.1202952066488814,1.1796506305886034,2.3054981071322436,22,1.2978633389015384,1.2233172970324697,1.9759616182571258,0.31207307685939817,3.740436534197299,TSLA
994,2020-09-15,1,reject,252,-0.00693881846192568,0.9143472646784043,2.1090083149297247,0.5356053017789729,1.6425480801314758,0.988945872142588,1.6622056721537115,30,1.5143331798508521,0.8987213823135262,0.9348252500402896,0.5015448197207112,1.098921117200623,TSLA
1022,2020-10-23,-1,break,252,-0.15185555295241507,0.9110108806826875,-2.1786314622842764,1.5020241941985277,0.33300995237354497,0.496013658839518,1.161911995216563,0,0.5234027752415834,0.8459978963963222,1.0030717909761107,0.3332296607523401,0.8626291830204199,TSLA
1074,2021-01-08,1,reject,252,-0.01904335936322736,0.9027161549682007,2.005736645411447,1.2797244997517705,0.6961544691690478,1.086004801825007,2.1754724292965584,0,0.8994658021330677,1.1710625214634514,1.3907956717911691,1.3601302883193551,7.067799079942575,TSLA
1098,2021-02-12,-1,break,252,0.14220210815138157,0.9253396503253475,-2.292842572489764,1.491491378850637,0.7589544197341226,0.5617894337754092,0.48132178519877217,3,0.4609426436344302,0.9499377872186168,1.0021288338721124,0.4634939354734793,1.2174835742662646,TSLA
1936,2024-06-13,1,break,252,0.3253797654531098,0.7548174199049895,-0.5084785055907093,0.9954036655634114,0.5295431461234691,0.8458774882437523,-1.1045089710934357,0,-0.03773077238256817,0.800545675061674,1.5331943111752915,2.4828459594588326,1.2162078660555822,TSLA
2101,2025-02-11,-1,break,252,0.2807452691285386,0.7612907847238835,-1.0559450752204191,1.2548035743086332,0.801035924473558,0.9886426947626707,2.3518667102492077,0,1.0620764046173978,1.210391294760813,1.3730475035531327,0.4461646834565705,5.736244875324121,TSLA
2108,2025-02-21,-1,break,252,0.30616638215382885,0.7999106184934007,-1.0505805783999922,1.2330876024433806,0.9398432394342559,0.7455798950152063,0.5930498515258547,2,0.43330821653488916,1.1985125987948797,1.320742455221232,0.09032604821210977,3.122709011569161,TSLA
2362,2026-02-26,-1,break,252,0.09349823057342548,0.7563725516017363,-0.7775695103970905,1.2700647458119527,0.7602612384230223,0.8957966988665302,-0.8938614908790182,0,0.44723933527322823,2.122659521301857,0.9182955848825478,0.32739321598955434,0.6630993807645819,TSLA
186,2017-06-29,-1,break,126,-0.203917986329956,0.7743226440337778,-0.37194966200270496,0.5100017351923692,1.04053397050693,1.04527870015152,0.18382448126153653,0,0.46927946159728506,1.5161613529826323,1.1969195861947615,0.19878517516490837,2.171466596300183,NFLX
377,2018-04-04,-1,reject,126,-0.0811336805352652,0.7790409030799234,-1.3015264526758452,0.8530707020571242,1.2826591643964336,1.285180035439752,-1.0874531293665888,0,0.5262879390380512,0.6589446525134681,1.6250266172295855,1.1442237326046654,2.1212322790693148,NFLX
391,2018-04-24,-1,break,126,-0.07707681623153917,0.8239092409683209,-1.534541320421232,0.725450486450799,1.0984774129314103,0.8697198979488802,1.480629000696842,1,1.9138679432265076,1.3150673941956499,1.3591939225553695,0.04870295045471779,-0.21923481440171885,NFLX
406,2018-05-15,-1,reject,126,-0.15269098295995845,0.8604382141217166,-1.3266160205345803,1.4460026748344295,0.4257553312542674,0.44824178446645424,-0.12787735797846372,6,0.1606825022247983,0.8996687379655448,0.4811437373522586,0.5221959467577709,-1.0741233115984683,NFLX
449,2018-07-17,-1,break,126,0.11726604706003527,0.8558521382778483,-0.9940465708447521,0.561386045014596,1.2462751797683065,2.2532074014361,-4.788015471979946,11,1.754891363202209,0.9887700406744151,3.2082613199127183,4.992506231138513,2.037216424241008,NFLX
761,2019-10-11,1,break,126,0.030080608716658668,0.7584482884063823,-0.8281151044674359,0.5556762736487453,0.8040208134019052,1.0306331968678866,-0.21323896608696227,0,1.7465392262113366,0.9754273324479495,0.602365295372095,0.6411110726195551,1.3778389304989105,NFLX
772,2019-10-28,1,break,126,0.1129066347046469,0.8130684511043005,-0.7708306112324922,0.6100868622973509,1.2428645271074132,0.7877539217157147,-0.39457198971168045,6,0.42580349101768833,0.9811610831442834,0.9465322399259197,0.19315471756793576,0.871386746979418,NFLX
861,2020-03-06,-1,break,126,0.01973435029784118,0.8363496940922435,-0.8508277948693683,0.4274584325989344,1.3780310886277083,1.108995278601862,-0.6621690011883492,0,0.25227740285406053,1.0251380010587094,1.0912379545607318,0.6023210612947341,0.8139784006354769,NFLX
903,2020-05-06,1,reject,126,-0.04698067749778019,0.7525890165285538,0.6772744847397988,0.550178914713954,0.5430128684449176,0.7594306404812246,0.5366307690193851,0,0.5993016641497964,0.817431113737216,0.7989736661401284,0.39705526409618486,1.4674874085440075,NFLX
917,2020-05-27,-1,reject,126,-0.08654888180213606,0.7613780094272551,-0.7389201493191112,0.897915158376726,0.48039713212745677,0.835749393568338,0.5159595980346655,20,1.263962177168866,0.4339646843130123,1.558806951626781,0.6025614211384952,1.7701237580840687,NFLX
924,2020-06-05,-1,reject,126,-0.1628489836227889,0.7572383104486788,-0.738680232252902,0.9963610520073893,0.4718034543504971,0.531166548587394,-0.918969138283338,18,0.19161894184492112,0.7136586034605246,1.2165243434453514,1.0650929269608236,1.7821433315808626,NFLX
976,2020-08-19,-1,reject,126,0.03002118481172799,0.7877545896383644,-0.8053424573704397,0.9027850117213135,0.7888903066891062,0.40348187449389017,0.22692123552779614,3,0.21760985630983654,0.9824010090098123,0.8640007574564744,0.22508146890503056,0.406768774330319,NFLX
988,2020-09-04,-1,break,126,-0.008874353458019766,0.7985617436207337,-0.7313971050296288,0.4753906337644731,1.4723745819475793,0.9504069589706993,-1.6335944264300755,4,0.42516655963300465,0.3327769107724422,2.3839838775077387,0.3152455234996216,-0.6506800097695513,NFLX
1276,2021-10-27,1,break,126,-0.00700871661743521,0.8245375335933642,0.571015389505722,0.6559908765895665,1.1522951484493258,1.1555866906339416,3.25517827167117,0,1.1807315575691886,1.1634021298411503,0.5637797652758592,0.040466905938697055,2.282872622435723,NFLX
1288,2021-11-12,1,reject,126,-0.12142276756755056,0.8707664687644343,0.6122814523751866,0.5485699979851605,1.2640195088803892,0.7266228727165789,0.9231828057633995,7,0.9773674455557949,1.0657133168536679,1.919185668952079,0.18295242434173026,1.5081199196395974,NFLX
1299,2021-11-30,-1,break,126,0.05008874088617819,0.896958771731984,-0.6955598167711372,0.5875460502758132,0.8571741033745073,0.7842219596390112,1.4111521705394199,0,0.9594647854509635,1.315792920672304,2.2316893709753587,0.35586984991541887,2.0723010487914624,NFLX
1386,2022-04-05,1,reject,126,-0.622396928992798,0.8344284559886477,-1.7140484856766116,0.9138454155619395,0.5379537074085825,0.648721892248774,-0.6434642420763355,0,0.5516074710099975,1.2321157373483738,0.8622392518815258,0.19556198201380215,0.9708817691210334,NFLX
1396,2022-04-20,-1,break,126,0.2441527356838809,0.8821279120237395,1.6960694331526331,0.24058759021384096,1.9874471871226034,4.0582317423660035,2.297391858890949,0,3.966316683762682,3.2208585611060507,2.7087303851070286,3.672232579684375,4.81837250579772,NFLX
1440,2022-06-23,1,break,126,0.1932135937658672,0.8666181079250139,-2.9858925313871434,1.070054976647138,0.6705515986305366,0.6992472885243038,-0.24026288918858846,8,0.4169087649192649,1.005838402415788,0.7955191733017006,0.23394546892338777,-0.7551621394010303,NFLX
1541,2022-11-15,1,reject,126,0.02429941290665307,0.7511714107255981,0.8155775623811002,0.5181867798571783,1.0296912660503865,0.9004872900591487,1.4315465962095617,0,1.4904311917076516,1.426770987647407,0.750952388169064,0.7592277302596686,2.267901247350667,NFLX
1565,2022-12-20,-1,break,126,-0.17265166439363727,0.8324947128620672,-1.0314745190770223,0.6648388906852998,0.8000689679819302,0.8676803839726948,1.1150835178076952,0,1.335229579034409,0.8803092505460269,0.7669668434750987,0.7756042753993012,1.4463887193299514,NFLX
1586,2023-01-23,1,reject,126,-0.05734606677882912,0.7869185683814799,0.782401335319136,0.672439931258815,1.0033442834313095,1.6192252580031932,1.6812666710826252,3,0.9579901019982747,1.1996710130951693,1.9765039606453372,0.07742378870141316,4.449468109375285,NFLX
1605,2023-02-17,-1,break,126,0.13134964055233148,0.831656093476939,-1.1192580027225285,0.9270449827534991,0.7220683497238549,0.5965973240942264,-0.9922851384276409,6,0.4438768127609465,0.8599324617922345,0.5753139282629863,0.40428369041260015,1.6900017438512849,NFLX
1731,2023-08-21,-1,break,126,0.030058563794809753,0.7851291794721231,-1.0040624667083842,1.0070235800125005,0.6411919104967124,0.6293795175759234,0.6733041429291143,0,0.9076966935315807,1.9739471252208447,0.9372368157917864,0.3332559450832487,2.3551323252726797,NFLX
1882,2024-03-27,-1,break,126,0.08275749508236573,0.9347381389371503,-1.1580368427608596,0.8377276559726277,0.6165937431140732,0.5164357823331533,0.31593199907412306,0,0.8261146435403381,1.1523202447456595,1.5582813932628126,0.0263658769191604,0.030145472245398,NFLX
2075,2025-01-02,-1,break,126,-0.0989298250505476,0.7876289042982024,-0.9616488354619129,0.887025625638323,0.7785706299280017,0.8124425456628218,0.17306286131411683,0,1.4050779653995666,1.1140634757539083,1.1692068706311665,0.32103021878624793,2.026841710071225,NFLX
2109,2025-02-24,-1,break,126,0.01681280377529013,0.8952955720974426,-0.9223700175584719,0.8751571500603177,0.8688986734126674,0.9748418022243794,1.8189922719137237,12,1.869860093216551,1.0027500931582765,1.316489666344848,0.36295650499936055,1.4238767264147247,NFLX
2341,2026-01-27,-1,break,126,0.034232067256395916,0.7920871518379361,0.7801725473445659,1.1273500149820617,0.838362893448444,1.4467513097013727,-2.676778382583662,0,-0.018807933694948153,0.8962850877221373,0.8495924994191753,0.38905746851459755,3.254235911591312,NFLX
2361,2026-02-25,1,break,126,0.10960785494920107,0.9232836898758486,-1.15535479653852,0.46934056112427697,1.6035713737230508,0.8986718204593275,1.85365386554532,0,1.6824520151028712,1.4196358740830024,1.6192481661918512,0.7287700795971072,1.3528991800918118,NFLX
312,2017-12-28,-1,reject,252,-0.3898630716769534,0.8863566186600413,-0.43051713123501767,1.0461534357202258,0.8613610896985874,0.8921672920588354,-0.6415412043668188,0,-0.3227550646620213,0.7945453539132364,1.581944109296463,0.4261443455222132,-2.258744455830369,NFLX
321,2018-01-11,1,break,252,0.13833591165291093,0.8838683544466935,0.4115814107473691,0.7872385365471749,1.076330693882187,1.1172338720065922,2.9388363751825586,0,0.9425767222074324,1.1984212482707062,1.0447591529138964,0.5352617744068648,6.247772580345495,NFLX
367,2018-03-20,1,break,252,0.052218840145502654,0.8152784246784276,0.6628845648063383,0.9771736760916683,0.7921015528547157,0.6921873629143295,0.1090284397381835,41,-2.0039243761580803,1.9797183996575078,0.6823156812099651,0.031715969100817115,1.4328132324511578,NFLX
382,2018-04-11,1,break,252,0.08405969086511303,0.8294396226454757,0.6804937401535729,0.7523022880379641,0.9595800830093447,1.0108939487557485,-1.3859693848659336,48,0.35453654312613614,0.9080493144285265,0.8145322974441201,0.5245908473189272,0.1495847148085641,NFLX
413,2018-05-24,1,break,252,0.16290964965508442,0.8632370011399402,0.7395540416450318,1.8800479468478624,0.5647038317689345,0.8405843386484596,1.4782201900670826,26,0.6680058138172529,1.047816705542731,1.7738634350222735,0.08657761887994585,5.514297248296528,NFLX
428,2018-06-15,1,reject,252,0.021452970493514942,0.8948531403886257,0.9525372353560047,1.4023778465906236,0.6736719846116903,1.2146746398559292,1.4313142623189063,24,0.6186082056592463,0.8590027547100231,1.3781823689706778,0.3584060643278763,5.942033545260324,NFLX
449,2018-07-17,-1,break,252,0.11726604706003527,0.8998762292181789,-1.0218244339146003,0.7412954507798333,1.2462751797683065,2.2532074014361,-4.788015471979946,0,1.34821427343337,0.6594275470128101,3.2082613199127183,4.992506231138513,2.037216424241008,NFLX
505,2018-10-04,-1,break,252,0.13609209121786983,0.8332098155821388,-0.7973235252033061,1.4569906459538524,0.773667266827807,0.8403471426232193,1.7805695458521726,47,0.6082659678079582,1.1361941555954234,1.3396614156556979,0.1444042157780108,0.4148018988305737,NFLX
952,2020-07-16,1,reject,252,-0.09138718920257838,0.7620104376191015,0.6140113658895575,0.6774125317216572,1.3167101109107895,2.4855275469396525,4.091523430978982,0,0.29024855211653033,1.3121537088300539,1.5599362066792137,0.20789549757765666,2.779701439335899,NFLX
972,2020-08-13,-1,reject,252,-0.0014532409111447074,0.8864835385611264,-0.7371858100687761,0.6751537949612637,0.8316457908549292,0.6872598682162242,1.4167094782695953,0,1.6128235883581221,1.0247349843106053,0.5204770872442845,0.25741736590612424,0.7393141165368428,NFLX
988,2020-09-04,-1,break,252,-0.008874353458019766,0.9309865616115084,-0.7309874624879145,0.432250565513182,1.4723745819475793,0.9504069589706993,-1.6335944264300755,8,0.46164165530071577,0.5397362282686046,2.3839838775077387,0.3152455234996216,-0.6506800097695513,NFLX
1018,2020-10-19,-1,break,252,0.10232520804353044,0.9192039732803133,-0.6952565480395603,0.5793529852832288,0.8499465153082852,1.1776004891271343,2.578355077993751,31,0.4417613885307349,0.8943778863557468,0.9260627407985584,0.4367534064344255,-1.1032235465170068,NFLX
1064,2020-12-23,-1,break,252,-0.07901349603766655,0.7998686894708501,-0.5116323713978567,1.1187194942665726,0.6148915919016974,0.6190876561949675,-0.7819794516080132,46,0.5645066162850088,1.0390451953300641,0.9458789814710202,0.2751318175422372,-0.47983941371572836,NFLX
1072,2021-01-06,-1,reject,252,-0.09825023789725106,0.7768443351862309,-0.4278244257051609,0.9356926863247682,0.9057510171912154,0.9305057183447375,1.1673527865109574,42,0.7601999623020022,1.1364985559652023,0.942971435463445,0.8270980449149862,1.7989289844076553,NFLX
1467,2022-08-02,1,break,252,-0.003483599470662484,0.7685286414047938,-1.7510125202103333,1.7226055981161938,0.8356434459911307,0.7503902066935527,0.6142248128275953,0,0.21992380486236152,1.2381937821127085,0.7513473797430908,0.4536703736662637,2.537848520375904,NFLX
1647,2023-04-20,-1,break,252,-0.13208195073213,0.8215927054068399,-0.7532633793645599,0.9965049935388112,0.9172659751442739,1.806161618415906,-1.0590719708504064,0,0.4254690068508473,1.1769154441146867,1.352189596898393,0.3224094993983168,1.1136722692201577,NFLX
1682,2023-06-09,1,none,252,0.046949580666823046,0.8154196080254528,0.5918024294539785,0.959910851710691,0.7960457305708928,1.2441399438745298,-1.7419822064100645,0,0.30414836448766547,0.9502951511617574,0.8710255625964989,1.362239307151965,4.097401390221536,NFLX
1707,2023-07-18,1,reject,252,-0.11386802067104405,0.8480836207944311,0.687061008191832,1.3854175791742631,0.9296579354438248,1.1419619035800708,1.7705193274593292,8,0.5316905200433308,0.9812713105512707,2.657919442895263,0.1163402818848641,4.548066664949164,NFLX
1728,2023-08-16,-1,break,252,0.03667343396334802,0.8395403686087004,-0.7244407956436321,0.980249582425305,0.6254682382224552,0.5897172952871911,1.3454316296564481,0,0.4986179629219052,1.01753628655641,0.8017301213486056,0.0028661580303386445,1.2937185116481769,NFLX
1748,2023-09-14,-1,break,252,0.10325700010209955,0.8292177596466113,-0.5792522760645659,1.04562022769784,0.9061705874250483,0.9953520777262402,3.8047042649133602,8,1.025826264653778,1.0326247548812932,0.9488900082468789,0.19004214821765822,2.5681676592201104,NFLX
1899,2024-04-22,-1,reject,252,-0.1445015010090199,0.7646362089883265,-0.5672703424684664,0.8477326523025542,1.5595388529856098,2.244901592798439,2.9506015753703876,0,1.1201189407317693,0.9017973802098598,1.095347919630839,0.3109555407260072,3.9450243490185337,NFLX
1962,2024-07-23,-1,break,252,-0.0832209699607158,0.8552781198808518,-0.6184708254526641,1.5184481955472908,1.1206040061178701,1.8157736889640101,3.358945335486899,5,0.8450797903951062,1.0238693762109274,0.5430107676870815,0.0,2.685283360617653,NFLX
1997,2024-09-11,-1,none,252,-0.0652654462657229,0.853552867081563,-0.5979018497393976,1.4122252903050474,1.2231213042848241,0.7338528255445308,0.0021569938494121893,20,0.4892158789900741,0.9053001717103527,1.3698259150692942,0.3717548211723536,0.12549823616793482,NFLX
2023,2024-10-17,-1,reject,252,-0.19685465199645957,0.8314911305854419,-0.4823434963304331,1.35927046124431,1.0996193814128024,1.375271778518626,2.268204110374613,20,0.5670869353572062,0.9692384266378453,1.9139342198288305,0.2493331044312745,2.568939164634921,NFLX
2042,2024-11-13,1,break,252,0.10839638839707003,0.856495123775914,0.4687789100003804,0.6664782138284392,0.4451165188139173,0.8374171825853702,2.5491276796046476,0,0.669340119411146,1.0180372819499373,1.1081527318609394,0.15091486373795585,3.086552984778835,NFLX
2077,2025-01-06,1,break,252,0.13685007476071218,0.777939945329542,0.36212833976536685,1.0739926663777453,0.5578215318889364,0.8726172935668628,-1.357600785084887,24,-0.9009996596696477,1.6180205167778838,1.1212464066506098,0.6105483399960859,-2.2074328379287387,NFLX
2086,2025-01-21,1,break,252,0.18204744716322913,0.8198551235462744,0.41072958260450054,1.0545089424438623,1.1930868817456535,1.486484030227837,-2.6755845373649105,28,-0.1903622699971811,0.640473345691265,2.9720152598898264,0.4137071668901659,-0.798448082772236,NFLX
2117,2025-03-06,-1,break,252,-0.011725420741826184,0.8499167085721139,-0.6403234461151409,0.7257675060119309,1.3270415060019578,1.2304443751947647,0.046800765099027475,0,0.9575289941302471,1.2317247343706867,2.749292861892951,0.7441763329619515,4.0979516513502885,NFLX
2156,2025-05-01,1,reject,252,0.06304475052221019,0.882041549128898,0.581737683577343,0.5654121090328942,0.5965710117330365,0.7205576653821272,2.397056648222667,13,0.26391727094843365,0.9654953239928918,0.6782474529287567,0.26431477851023827,4.193637321223498,NFLX
2195,2025-06-27,1,reject,252,-0.11906490090025577,0.9064198408338097,0.6947549724982337,1.4955689001185668,0.46558170886183736,0.7460997379091348,1.8287200414132605,12,0.7778110576738194,0.9519167665146003,1.1996948001423462,0.013997214076503377,5.693200275468407,NFLX
2209,2025-07-18,-1,break,252,-0.024272126734803386,0.9262004054650511,-0.7327970881986035,0.8190581520759388,1.2506308781900504,1.5630111414544672,0.8778938879419321,0,0.5491727883484142,0.9959038056159776,1.5626946416405376,1.3212310138098582,2.709710179444965,NFLX
2247,2025-09-11,-1,break,252,-0.02264976270543729,0.8813166556755243,-0.6157033310207873,1.2224008165408868,1.0291765421678918,0.9185326216634307,1.6343337491058025,27,0.7043208990177967,1.3417580254265415,2.3499518303026203,0.17900215472519174,1.374447660305499,NFLX
2459,2026-07-17,-1,reject,252,-0.12537649460967273,0.7538243191472005,0.5004408656081762,0.704941267730833,1.1684968298472531,1.4738182535873035,-2.889510251884888,0,0.570320311336143,1.0486429233352004,1.8979975747482232,4.389205231402266,2.3865179987649436,NFLX
2481,2026-08-18,1,break,252,-0.017642083955389895,0.7782200902724418,-0.528288852528715,1.1126011896038452,1.0208763278285302,0.6898587319353381,0.38267874234426746,0,0.6127977696982652,0.895440146529944,1.3298017422450685,0.9746105595803922,2.878678976276898,NFLX
186,2017-06-29,-1,break,126,-0.12683534703884122,0.9193710973883179,-0.8445860724333787,0.5621101886618893,1.079760231553404,1.2618999899789558,0.9529549279084618,0,0.9371103595219319,2.59639582274415,1.6263608471774056,0.6184995641037271,3.7777794661158315,LRCX
207,2017-07-31,-1,break,126,-0.007559423622212627,0.8491980472132556,-0.7725767071892026,0.8345299092149857,1.0157026232036288,1.2764413571244948,-0.03227106407038832,13,0.7333454517385796,1.0147304689571266,1.2516705598549882,0.40188631458370355,-1.078219998005511,LRCX
284,2017-11-16,1,reject,126,-0.13485889620014066,0.7644084971855318,0.6508369572268298,1.1593004393949857,0.7876727245944705,0.8114988951702078,1.8381231149140338,0,-0.6147045067786061,1.0086518884395523,1.3523201475618742,0.22808596824561408,2.052902499474264,LRCX
292,2017-11-29,-1,break,126,0.047881196257471614,0.8226664447796238,-0.8720642318647388,0.5103938738825656,1.6189568717299532,1.4223179873579288,1.9990467987497427,0,2.2556052916788807,1.545443020866046,4.7519936854684195,0.27639549627495513,2.9149752959654993,LRCX
518,2018-10-23,-1,reject,126,0.02028772797182867,0.7514763082174549,0.583977698265518,0.8649203532561192,1.1546643408001613,1.5465081349578378,2.60419203393174,0,-0.30521293941198213,0.4511486329587603,1.8671279857417147,1.9725397678246288,0.023541638905167254,LRCX
526,2018-11-02,1,reject,126,0.06087690545065977,0.8282262573134557,-0.7150767295509802,0.5232165034938789,1.493806460858243,1.1808722443611117,1.4617471246123506,0,1.5546814796867758,0.926365657595041,0.7463653247164984,0.2621307078397334,2.046188439803648,LRCX
543,2018-11-28,1,break,126,-0.12753204333792564,0.7820773476762128,-0.5846261276763667,0.562989005669279,0.8623413795833301,0.6311011370246636,0.8653922143001627,4,1.3078645215148026,1.2718150014476752,1.74346848490198,0.20786215884717188,1.78843826687381,LRCX
561,2018-12-26,-1,reject,126,-0.23493558244137072,0.7546671965552294,0.5977410866203613,0.44582905760228997,1.090440023189252,1.0129212680649007,1.928401826742046,5,0.5610229753414234,0.5494424065965057,1.4754242180714285,0.42560687969101124,2.202837222366866,LRCX
568,2019-01-07,1,break,126,0.22071398761729003,0.7813772568692737,-0.6594810823571331,0.46691471473721363,1.1119404013407859,0.6193094850573121,0.40578732644618337,7,0.9556526990253215,1.0200034555329602,0.6578477085861967,0.10161418192942714,1.1585296710358208,LRCX
656,2019-05-14,-1,break,126,0.06749437961802263,0.778092516974185,-0.9616612143645842,1.0828783463266451,1.0765092688600757,0.947753565434002,-0.6382805180000016,0,0.9769928961101152,0.9569048053281382,0.978259809102587,0.6141112054233655,2.0232594893832205,LRCX
776,2019-11-01,1,break,126,-0.05663004302948113,0.7650698602685486,0.7319275844456798,0.4306610841722168,1.6827549011841745,1.1462009967859996,1.170659454907453,0,0.23630414745689388,1.8407093753013035,1.0436976651334686,0.3053560136821607,3.358444977508124,LRCX
796,2019-12-02,-1,reject,126,-0.10619682698657548,0.9102557500090729,-0.9534579459853173,0.868525916500157,0.6979672312711075,0.8358074349756399,-0.4661864201776844,0,0.5476657697103813,1.0494367004741243,0.8870917665843671,0.08875567699090382,2.4099559535990984,LRCX
823,2020-01-10,-1,break,126,-0.08305403617394178,0.8980109571686136,-1.0068048866864436,0.8991747228642645,0.5768583431078989,1.0282108758349051,0.1407325293560195,8,0.9218622350655323,1.0194375436796734,1.4286948044725634,0.2791639201818472,-0.40751039619794,LRCX
833,2020-01-27,-1,reject,126,0.005358269111360631,0.9051610831281204,-0.8733377070419722,0.7450939899672014,1.1377620409688294,1.132440650870044,1.7177668256802925,11,1.4293489750185713,1.0674350454470378,1.0073169839861589,1.990230590371642,1.236700220616509,LRCX
846,2020-02-13,1,reject,126,-0.26607750275885433,0.9067472959700205,0.832638748532014,0.4303612467935971,1.3859270271683544,1.0154760214224854,1.8272918679533168,3,0.7704555317968471,1.2624991645982448,1.4240077613890694,0.050907899028597665,3.363492119142754,LRCX
852,2020-02-24,-1,break,126,0.4434019411490227,0.9086799631798353,-0.8392367013957002,0.34973483984979425,1.3560425925210136,1.3627494192626124,1.4079302551771062,16,2.9056888085047454,1.849189418533142,1.174302029382938,1.8376977037052944,1.8604170029041398,LRCX
986,2020-09-02,-1,break,126,0.06719259730625754,0.7790147460449909,-1.109436050038763,0.817337847032258,1.239706900649842,1.3064226263150123,0.6421629712729627,0,-0.3185530532508736,0.6244513291523237,2.081506234514441,0.6559685008042146,-0.010711469635867533,LRCX
1096,2021-02-10,-1,reject,126,-0.0054125830643485615,0.783831779263901,-1.3584095554037035,0.6824914188465488,1.1528517793199273,0.7950181015784792,-0.7480202187755445,0,-0.15141544802023066,0.8037168536550617,0.7545051215794187,0.27711489316779664,0.06765565117013618,LRCX
1103,2021-02-22,-1,break,126,0.01377889824326847,0.825201357984253,-1.5606008072087754,0.5256198115048262,1.2204939289711352,0.969671564983101,-0.10431368827314078,1,1.144407260495038,1.113705719354297,1.3033276436728503,0.435859595122751,-1.3046023489539431,LRCX
1132,2021-04-05,1,reject,126,-0.06819333853486838,0.8058507109370516,0.9276371974488635,0.5412516026643677,0.8399015887943503,1.1222270106096985,2.5263129544698697,0,2.3280592385131404,1.0052769614104595,1.079446820648422,0.4066534521559776,4.236809066132456,LRCX
1153,2021-05-04,-1,reject,126,-0.06805889410653732,0.7966227412527555,-0.8134821225722866,0.8909672470755182,0.7134646905975681,0.6925030770547553,0.21501978564730756,27,1.2853319174875084,0.7461671711696694,1.0577817964413,0.6954480042602302,2.402261493294273,LRCX
1415,2022-05-17,1,reject,126,-0.12154795606087947,0.7774015841060046,-0.8518094638498848,0.4835357765177506,1.2924213997739693,1.0354565556488797,1.651165297884081,0,1.120452328248801,1.2781061085132062,1.2159291381939683,0.6807647893929313,2.042994853753401,LRCX
1442,2022-06-27,1,reject,126,-0.00570781509397405,0.7557911431315679,-0.9842958933616982,0.5525627008390169,1.1243839926938919,0.7937957675758487,0.4620648718357534,14,1.0803667620145916,0.8925503325209015,0.5940270597101065,0.3909570825164603,-1.5813632505881907,LRCX
1458,2022-07-20,1,break,126,0.06746376262687212,0.7582506292844015,-0.7255029372659505,0.5271099390056194,0.7323715534954619,1.0071169881243156,3.1336883112397635,16,1.1835580192979316,1.3966904788497099,1.4766031423815136,0.06707200794994743,2.9714497561470283,LRCX
1714,2023-07-27,1,break,126,-0.06780806077752885,0.757656030061884,0.6307690053303946,0.558807594488938,1.4309453129889986,1.358812700867996,2.3052257675677073,0,1.7630192174853576,1.4692649726358111,2.9354624578124713,1.8335917108980422,3.485589396056585,LRCX
1728,2023-08-16,-1,reject,126,-0.01556774214759547,0.8759308551725397,-0.8014637691220923,0.4133624120177598,0.863815278685949,0.8583771963774286,1.5449432641057594,0,1.2774081595280316,1.0952167395217942,0.8232931815856257,0.18460127065630705,1.4367286082214006,LRCX
1743,2023-09-07,-1,break,126,0.07814924452948427,0.8891892712298499,-0.8143415019774916,0.6387510124207271,0.8117001981562199,0.8812585085463621,-1.2425334470837486,7,0.483887570149093,1.062636986340049,0.8937091921987276,1.1070787105468198,-0.29246408956166015,LRCX
1867,2024-03-06,1,reject,126,-0.03127237659128554,0.7969359089883878,1.0127882315014356,0.6287601450786185,1.0370203408235947,1.159496518048577,1.0794853815269598,0,0.6036747801403635,0.9205235816010497,0.7338998604493648,0.6374366807292176,2.7398550183204424,LRCX
1873,2024-03-14,-1,reject,126,-0.033316601595175445,0.8723565534823399,-1.1186646083283422,0.5839455990068076,1.1487691585416322,1.0898151504168176,0.5339458194044131,0,1.9896238182410078,0.9259337668191491,0.9522786876900394,0.3470211773054372,0.7677123641586064,LRCX
1891,2024-04-10,-1,break,126,0.05159762855917457,0.9332612917025835,-1.0068701440907888,0.7636649963476828,0.6490857222450452,0.7134339202843966,0.9785860989187772,3,0.691268229207971,0.9444534094485488,0.9040332011678394,0.971927764137671,-0.26768579345719035,LRCX
2241,2025-09-03,-1,reject,126,-0.37906410243728095,0.7502678578626669,-0.9425457873935426,0.7756553374055499,0.9201367005214406,0.9674023851086179,-2.318835603269099,0,0.9289617043744467,1.0156853019479517,0.48538640640582165,0.0,1.34011180235482,LRCX
2251,2025-09-17,1,break,126,0.17201429142887043,0.8213995038269913,1.0183227564621342,0.8012145794026346,0.8444058812206023,1.1148531107398665,3.556549752147668,0,1.3157527201154515,0.9904835221654565,1.349318651983861,0.12922558772807505,6.210462191986502,LRCX
2297,2025-11-20,-1,reject,126,-0.21035350996932284,0.8928015809463202,-1.3646477619216806,0.595759002022387,1.1097680775623888,1.0604521069535164,2.318817547864462,2,1.258101506710171,1.1656936827944127,2.751710898210946,0.9045943044816029,3.2095552459755066,LRCX
2315,2025-12-17,-1,reject,126,-0.36369636451813886,0.882818838812345,-1.3391898458628433,0.7018561346563654,0.8614437747421553,0.9606596665109572,0.8735675850647286,2,1.1854130876964781,0.9712323530528525,1.7856264225193832,0.12569263426823993,0.4610483614974711,LRCX
2326,2026-01-05,1,break,126,0.16674602045709733,0.8973026374601966,1.368683229659569,0.6283433922147066,0.9290548927821388,0.8397650935480095,-0.0402862668036017,23,0.6742147004221242,0.8148769214141773,1.5304617484464886,0.849584356140037,4.1831959881847425,LRCX
2347,2026-02-04,-1,reject,126,-0.023089156477225335,0.9186274682242205,-1.7417619479036823,0.5279527412870249,1.2608751339216384,1.3354559895943343,2.2809985158546024,3,2.011816648911882,0.8292666740059002,2.3529408515563066,0.024568700936895484,1.477917766821532,LRCX
2364,2026-03-02,-1,break,126,0.14445044187196854,0.9199064153435995,-1.6673963643953034,0.634232532882248,0.6189113953511417,0.8736887823180479,1.1024086750609852,3,0.6918883227202342,0.8377256141394185,0.5557198300353349,0.5848515565779313,0.3632056392610828,LRCX
2404,2026-04-28,-1,reject,126,-0.2386027827949948,0.7975864241977415,-1.1917049423769417,0.7392868684001026,0.6677372806754609,1.0796540498852354,0.4837041928469197,28,0.3095513423120186,0.757957412789691,1.0742180457480708,0.8640237671392436,0.005811914012503059,LRCX
2429,2026-06-03,1,reject,126,0.02215538965465645,0.8004016580363855,1.1994649088208469,0.7376113492186305,0.7676346904490914,0.9672236615377674,1.3582029702385734,0,0.387520030817345,0.9628943062268417,1.0901332480253199,0.05755442013993079,3.7631727502220227,LRCX
2435,2026-06-11,1,break,126,-0.09422937335257527,0.7972276494268477,1.2395190104081952,0.5196388627474566,1.3969190513358012,1.4343009081144091,-0.973729046230625,1,0.33878701481965834,1.0623408548310203,1.743926039791058,0.9602181270777507,3.0482993502365012,LRCX
2459,2026-07-17,-1,break,126,-0.05905751572738117,0.7633951291495504,-1.0548030786246372,0.4484114232683333,0.8477709772739198,0.9253570575729821,0.7460472188228963,5,1.1164260040455058,0.9147002588572475,1.0356421646183966,0.9258390242767718,2.511510991602855,LRCX
312,2017-12-28,-1,break,252,-0.05469105424053094,0.8924206181684622,-0.760659561563666,0.9322625312974766,0.6802391981950887,0.6529143418502255,0.6914349051020479,0,0.3155368336154645,2.5417676816677943,0.32497847147867553,0.18316366031547485,-0.018012122536119283,LRCX
332,2018-01-29,-1,break,252,0.012839124520076146,0.8888288629272797,-0.5707973099037547,0.6552405628818575,1.4267145912593402,1.6414176919286827,2.3198615415537227,15,1.0044810290961501,1.060010573202444,1.5716426190068966,0.25263464214411296,0.4010449950028581,LRCX
362,2018-03-13,1,reject,252,-0.10890391570461155,0.7688906428390286,0.4971772670530671,0.7260948321977552,0.8392232061381407,1.3192036704844086,2.316994203720712,0,0.8234687693126086,0.4629569136049282,1.6701332163175597,0.2562239263662971,5.0997344974433725,LRCX
370,2018-03-23,-1,reject,252,0.054615697637962,0.7667387619833971,-0.49785491949714505,0.6252496713168738,0.8449768005927397,0.8999275153141665,1.6276452361732998,40,1.356777752080001,1.0905923049672446,1.7929311959978136,0.13132547706645006,1.5074437397379057,LRCX
770,2019-10-24,1,break,252,-0.006421177113547474,0.8214845238533506,0.5066665166900559,0.566047276808897,1.6491687196258022,1.3881214880494668,3.2140121333089406,0,1.2468982261212418,1.553678397078238,2.705595019471663,2.321291890661519,3.5683982135754535,LRCX
804,2019-12-12,1,break,252,0.04327212629429064,0.8264179773270547,0.5162001394477984,1.144722710394973,0.7267994926431846,0.8972253435906301,1.3257488488954403,20,0.8087220195942917,1.2531901721845997,2.128567937989624,0.18391579785721826,2.722924723275865,LRCX
855,2020-02-27,-1,reject,252,0.0929538142778654,0.885596048776399,-0.6627952842572259,0.661816849141361,1.211486682010309,1.5176603839340168,3.294615176963077,0,1.9263936822415557,1.0356721306131316,1.288658413625467,1.2206296595155972,3.411098421660832,LRCX
1099,2021-02-16,1,reject,252,-0.07837406805764141,0.7622605911093016,0.8858126623723813,0.8227001318564302,1.0667129945102263,1.082517856931954,1.2250155657377437,0,1.0541048450264345,0.8785901114181494,0.7626748362819954,0.18882848625014936,2.6685572904597175,LRCX
1113,2021-03-08,-1,reject,252,-0.26096595120086286,0.8836380296356778,-0.9585216688051225,0.5568844920319458,1.5260412387051605,1.2232777461190187,2.211344009689024,0,1.7130999625456949,1.2151029860952847,1.9430859930252993,0.19770998175735036,2.4824029336449405,LRCX
1126,2021-03-25,-1,reject,252,-0.13539768778748257,0.8997192750321328,-0.9434775497902955,0.6303282027872067,0.5512526567515448,1.0078393576911853,1.021357883041003,4,-0.023941631774897276,0.7719855277920269,0.9688470071372859,0.3485305433183685,-0.10408726732371242,LRCX
1158,2021-05-11,-1,reject,252,-0.06795818337006347,0.905008397488031,-0.8651237234380074,0.8788702420197583,0.7407866391651937,0.8606403973353463,-0.7540411482928941,5,0.13533763315880998,0.856830666540133,1.6366120811528064,1.1807906909988424,2.0416131735045973,LRCX
1185,2021-06-18,-1,break,252,0.03511461145591842,0.8854646965074868,-0.7926347774764992,1.3759448159208314,0.5688484387960678,0.8326685776566121,0.851828178054708,8,0.5944945859211943,0.973184167527011,1.461562135833465,0.890731473817029,2.554441600944675,LRCX
1194,2021-07-01,-1,break,252,-0.006832120295474568,0.877661570883565,-0.8278264018718178,1.5132971092046694,0.8420854829774733,0.7806556554582473,-0.3890495595617863,9,0.5369591663799143,0.9818706412773602,1.3559846329679095,0.2777142879834534,0.44719975904325526,LRCX
1531,2022-11-01,1,break,252,0.13503855953643026,0.7760454739256882,-0.608476576165134,0.6220511407867396,0.6197285793788169,1.0129566826664607,1.0495747638769317,0,0.8863703974853226,0.9333043985369038,0.5475590889206869,0.4995986281021225,3.1415800401566703,LRCX
1749,2023-09-15,-1,break,252,-0.03471328065339317,0.8830869417725161,-0.6123041702289442,0.8783469968881282,0.6985400549090064,1.2072544825877765,2.8780431696996858,0,0.8922435016169655,1.3958300862542248,1.634998318732709,0.7487188882903224,3.8321731398432792,LRCX
1835,2024-01-19,1,break,252,0.11392444376216138,0.8018076927460499,0.42203585317502185,0.77373959466518,1.0538921229571556,1.163986974769442,3.8111311376276804,0,1.449696407249838,1.256991512886239,2.1126911844103597,0.7182003655016319,3.2814998802835205,LRCX
1850,2024-02-09,1,break,252,0.021294780257538885,0.8084055180927532,0.5231390102927014,0.8218193115611732,0.9939362251531626,1.0328118693108301,2.241913202492593,7,0.7490779768279991,1.4208750492669215,1.8981284186240404,0.8307267255579082,4.369652009669142,LRCX
1878,2024-03-21,1,reject,252,-0.12139108231255213,0.8243392358636502,0.5507094392358899,0.9162031447743838,1.0955864366190762,1.0079083265229423,-0.304386566109699,28,0.5117258599323519,1.1943655073730612,1.3001637937047554,1.653391532062041,1.7146483496940848,LRCX
1899,2024-04-22,-1,reject,252,-0.08177541435859012,0.8276590089685449,-0.5853919032456967,1.0852442134532398,1.0447897432888429,1.495933952608249,3.305858504265556,0,1.2340250448421677,0.9412504909599912,0.8246949627887713,0.37914846923747103,4.899173220542982,LRCX
1906,2024-05-01,-1,reject,252,-0.09089166488077147,0.8202950538812936,-0.5618540988905103,0.8766227703189569,0.9982438055200599,1.1187043316253433,-0.05122307860719046,1,0.2318196865635238,1.0117155717403505,1.2663136945745557,0.5648954078252459,2.818748201655464,LRCX
1927,2024-05-31,-1,reject,252,-0.12881354192431757,0.8047745172866717,-0.5585732648466344,1.1018295052292066,0.9515771578089649,1.1021652052905622,-0.09668635937930885,3,0.4587593608329906,0.6889736575882214,2.0719406389594166,0.11486677082625726,0.18563262052644078,LRCX
1939,2024-06-18,1,reject,252,-0.13435247075551357,0.8164098928247986,0.5361474303897196,0.9845490793717875,1.0265376737320364,1.0942477739778784,3.243686425062849,5,0.8921173297338235,0.9129043883670437,1.1616147443170048,0.0323502193822787,5.075327037143591,LRCX
1958,2024-07-17,-1,break,252,0.13517438104551968,0.8431582177810539,-0.5569626325730028,0.6451477493612398,1.5571239792680647,1.2895236157612373,3.9712427896638345,5,1.75571457069453,1.0321655451150658,1.6239024709522225,1.815591949208996,3.273249530824881,LRCX
2307,2025-12-05,1,break,252,0.26550996201554744,0.7731851968542968,0.7490786120656739,1.0353023503669958,0.5946738194255392,0.7980952706984281,0.8577275015124473,0,0.15849367928896962,0.9020628257117586,0.508012514652044,0.39087725431273873,1.0550672150213667,LRCX
2367,2026-03-05,-1,break,252,-0.01736287526879086,0.9487722155267088,-1.3727392352407304,0.7190622365067315,0.8343279471379725,0.9540593485513857,1.183001769211116,0,1.1897739649787002,0.9729012184218756,1.3729447635808318,0.6701728859572975,2.6100094865810246,LRCX
2404,2026-04-28,-1,reject,252,-0.2386027827949948,0.9600798124776249,-1.3497418766053848,0.6615418955943949,0.6677372806754609,1.0796540498852354,0.4837041928469197,24,0.43393391484606314,1.080874593942578,1.0742180457480708,0.8640237671392436,0.005811914012503059,LRCX
2424,2026-05-27,1,reject,252,0.23103262537397437,0.9568930471949278,1.2631654027925923,0.6896228990894641,0.9041248324017007,0.9113014776038577,1.5699649671111986,0,1.2166333896025114,0.6202388191586458,1.5843957966542732,0.7985844064649729,3.102779580739536,LRCX
2436,2026-06-12,1,break,252,-0.05811622789200937,0.9572818718707861,1.3767953408495954,0.4988240325428162,1.3949310136398994,1.353251510563679,0.6042665250553599,1,1.5559511185439203,0.8526485571915742,1.0976452663784668,0.18469356137451612,3.070845638350137,LRCX
2451,2026-07-07,-1,break,252,0.02606268229876518,0.9576767079835813,-1.4052874983946466,0.37192913378446985,1.492657287259185,1.4358923831689794,1.136576250010115,3,2.4024360713441757,1.1921058291544766,0.7224425554771378,1.278303392185231,2.0014020987614796,LRCX
186,2017-06-29,-1,break,126,-0.08795610533397002,0.9212528382574017,-0.7680853911317775,0.39073391251087325,1.146447158189204,1.2350456957759635,0.10931527339008147,0,1.043884554656731,3.53871671299856,1.3649353052529805,0.38702146891328165,3.2809128176968723,AMAT
205,2017-07-27,-1,break,126,0.05170491250988942,0.8606552018678332,-0.6137721528929553,0.5452218377781155,0.8076435943171016,0.9053489059949723,-0.7943668190496759,8,0.797106941997306,0.8013728245233255,2.3379288857732603,0.06310764159830086,-1.4677147332613438,AMAT
476,2018-08-23,-1,break,126,0.07671801767001817,0.7654850598173989,0.4976795213876125,0.6248099221793687,1.2817508241725344,1.732991703367543,0.8305592812974981,0,1.8622348124735053,0.9535918090222744,0.580873708811115,0.19610477685186067,4.62163839587766,AMAT
484,2018-09-05,-1,break,126,0.087995865659194,0.7734453320953029,0.5038131962827779,0.6788152123550986,0.5647480752095063,1.110930454462468,-0.8248792122596978,2,0.1542756626134003,0.7720002277673854,0.7028794878310516,0.3827722100894421,2.910912500140614,AMAT
491,2018-09-14,-1,break,126,0.1489214113103936,0.7613309844161763,0.5112121131434464,0.6201267910644883,0.9082567496458422,1.1869787707706667,-0.15619414758598066,4,1.0203953506792343,1.7583576291498815,0.7227679933293013,0.023549448661661213,3.0792349081978903,AMAT
508,2018-10-09,-1,break,126,0.024083960126309787,0.7666029716442929,0.8177050173230798,0.9412700358592795,0.7379824830600733,0.8729161370231276,2.4822128663353564,9,-0.4565916579560152,1.0946226267210537,1.0464466701696384,0.12857204558688662,5.756436711241712,AMAT
532,2018-11-12,-1,reject,126,-0.04730010192804565,0.855480770031269,0.8361875082126158,0.4112380866380819,1.469588813762186,0.7463557271923882,-0.356188709880294,27,0.972344638627332,1.0857369682460094,1.0403730881619588,0.5218979070649624,1.1041006894212866,AMAT
536,2018-11-16,1,break,126,-0.06175528397042597,0.8711984775692918,-0.9105943747058113,0.42751781421882806,1.0891901646852176,1.1547225358155084,1.6049442610784659,0,1.1871527430387625,0.914060932304698,2.705628517320169,2.7608941406158265,1.556969882326376,AMAT
558,2018-12-20,-1,break,126,-0.10846246812624379,0.7793416243356308,0.6982055136362963,0.6081417520622966,0.7883639874008596,0.977594902383763,3.758233402475801,19,1.6458391279130449,0.9523903510299786,1.0737760853288512,0.4245659091440787,4.137385414506804,AMAT
566,2019-01-03,1,break,126,0.22022236380627913,0.8293908254645833,-0.9464467286573054,0.5386381140439745,1.2283592730649129,0.9907377417722366,0.11404563582940833,16,0.9072304051517539,0.3980172180264115,1.26972768289304,0.6825238781699345,-1.0198292992208544,AMAT
772,2019-10-28,1,reject,126,0.023085257091669163,0.7674907217910832,0.5987229004539024,0.47626992775510785,1.423040784538811,1.381928359649455,2.910142904813395,0,0.8991513298377641,1.0743521535849367,1.1944453765336056,0.22357624416720573,3.793148627879787,AMAT
786,2019-11-15,1,break,126,-0.03442402318324596,0.8527986000536276,0.6484743872481789,0.33294286709294596,1.1091271782103023,1.531946914604716,2.542036910383581,2,1.9974560982930263,2.3562326875726147,2.3366480977354795,1.9856529868269333,3.8002350374097444,AMAT
833,2020-01-27,-1,break,126,0.003222776548269336,0.8643816221447334,-0.6635322833666591,0.47165756766332884,0.9604771602177291,0.9613735239024981,1.8732336171111241,0,2.169129451599009,2.0406557836172268,1.3139872861862743,1.943314525364782,2.6897103047543025,AMAT
846,2020-02-13,1,reject,126,-0.28053342713399404,0.8909209411857824,0.6674510345503231,0.3407869865805277,1.2756934674338176,1.449855394400204,0.6024100284359386,4,1.3997536347653932,0.8286976442923082,2.2328891110400346,0.8509897629124381,3.125635331737234,AMAT
852,2020-02-24,-1,break,126,0.419064107539857,0.8902981557010051,-0.6253081314188579,0.30204554246224613,1.3637812372653129,1.2783492626994606,-0.314753033597359,9,2.4040538536126106,1.8532551477616188,0.7643632054437762,1.7362869099743299,1.0731100353280734,AMAT
991,2020-09-10,-1,break,126,-0.12725264640358488,0.7743028470911258,-0.9612720514146187,0.5687909217014612,1.5642703433593603,1.9305506611455097,4.197483639086829,0,2.645130801028507,3.227708556060534,0.6922064115903842,0.23718129397067575,4.169184784757258,AMAT
1102,2021-02-19,1,reject,126,-0.03926757889025351,0.8540393805076733,1.651131773118572,0.4779596678873622,1.172016940455548,1.460757140543489,-2.328971501217622,0,0.48685015995743747,0.476986573603108,1.37880063244237,1.947281513347609,3.0920326015952866,AMAT
1111,2021-03-04,-1,break,126,-0.26809011591485393,0.9395628919528568,-1.6504329211439002,0.3654419300502347,1.4393228060884629,1.1465748554151842,1.4010127742973117,0,1.212025038248058,1.6831303164213387,1.8529151189635804,0.0216764176587044,1.162341519816884,AMAT
1131,2021-04-01,1,reject,126,-0.06427473300166137,0.929948118857559,1.5016238316564234,0.42722032489814865,0.8638584933033168,1.4101260228303234,3.7101591734807156,1,1.93520737182376,1.0750169972767978,0.9602687887086934,0.8469272714540511,4.257776692057811,AMAT
1143,2021-04-20,-1,reject,126,0.05416658613426132,0.9228947688606485,-1.4501473552712738,0.6116081378980368,0.27536041126308514,0.856019331975745,1.606601708430937,17,0.7752586612573859,1.0131361159324581,0.7000731782979255,0.4061157045409889,0.9859719395024183,AMAT
1150,2021-04-29,-1,break,126,-0.017789041073506668,0.9168597468815801,-1.4225663019529582,0.7775981470578486,0.6230598669983676,0.6607538574103453,-0.802564466909755,19,-0.047683432719641705,0.8020721216971388,1.052020313024165,0.519161397798381,0.20733613856925026,AMAT
1196,2021-07-06,-1,break,126,-0.03857942286149569,0.7544951881660384,-0.776149047502111,0.9067620431538455,0.7505838678066165,0.7254018680991077,0.6870073486175998,30,0.9285034397987565,1.0635487217145347,1.9634765291485436,0.43679927455775025,0.13293305922656606,AMAT
1411,2022-05-11,-1,reject,126,-0.031447938705173,0.7784531049303814,0.7924137219164246,0.5482948978944375,1.1922597942854598,1.061927566886468,2.512439997411363,0,1.1323919620145573,1.014632513150616,1.1662780910660442,0.15827762750824617,2.641206575232124,AMAT
1416,2022-05-18,1,reject,126,-0.21734488413096503,0.7868890443105423,-0.8537297568970693,0.4562637109915559,1.228087478901845,1.0166755254044961,1.5671606362105728,0,1.3458954161266918,0.3312629029760759,1.3040310388601601,0.6874290579772757,-0.056822083330679236,AMAT
1423,2022-05-27,1,reject,126,-0.2290616610140363,0.8223665256232779,-0.8039321321116302,0.44195575139793436,1.1350050074574376,0.9637830465615186,2.3708141750036553,1,1.5841271319026018,1.3963819915800229,0.6304920544025098,0.3673086560619463,1.9903130176733779,AMAT
1433,2022-06-13,-1,break,126,0.07814111544781938,0.8307568696808592,0.7341486687620051,0.4561388820848353,0.7771579931882203,0.8491186790687564,2.2388909983580394,2,2.6834698913139348,1.6118248320168491,0.6886158629066179,1.043254780932621,4.195178672028915,AMAT
1456,2022-07-18,1,break,126,0.164374621001027,0.8199338535108674,-1.1187311384328065,0.6646526755062796,0.6341071314822636,0.833803838630456,1.4510047327581914,9,1.7287391254498818,0.5826934950638789,1.0891082911972125,0.492927416637321,0.6136851749982578,AMAT
1746,2023-09-12,-1,break,126,0.018012242719555083,0.7727209984053797,-0.6636747827190854,0.7818103469023638,0.7587960382699372,0.8284049333879849,0.16055683211098018,0,1.2642962547922199,1.037619036383427,0.6491650637045432,0.23521251878399016,0.9926184196029235,AMAT
1871,2024-03-12,1,none,126,0.02081244408522755,0.7875657113462153,0.7093011836305038,0.54064161331446,0.9372681308584473,0.9502735606088984,0.4994412018569798,0,-0.002645787156936752,1.3256770860745641,1.0882914270643773,0.42450199983349063,0.84093946171094,AMAT
1896,2024-04-17,-1,break,126,-0.0843856855282387,0.9032744369630201,-0.9374143014241965,0.7346525601643248,0.8905270368757973,0.8039603947525354,0.5384507735376752,0,1.1766471902980231,1.1500315564012602,1.7159923383900293,0.9268997618123427,2.1703388520034936,AMAT
1927,2024-05-31,-1,reject,126,-0.09877855925798676,0.8176287947592521,-0.8089224244254862,0.9557403043130356,0.7710827269768822,1.3311439232718942,-0.28636472668653895,15,0.4148091544232771,0.8089539174352628,1.9092629195112212,0.05888322963128743,-0.41275514603943936,AMAT
1939,2024-06-18,1,reject,126,-0.12985479467536806,0.7844480151426352,0.6857066496808242,0.9331873308682148,0.9577269369969714,0.9373146971622194,3.3323576834534983,1,1.3839250125664917,1.1347556430396621,1.1905153119502083,0.019765102510951926,5.7562087994075535,AMAT
1953,2024-07-10,1,reject,126,-0.35650130467912305,0.780109232812853,0.6636161996134329,0.9406962759719376,0.46198373184747304,0.7942827993959063,1.831811717927756,2,0.7521672083615947,1.050604555439569,0.8490253014756562,0.3697327324471533,3.815377063636506,AMAT
1958,2024-07-17,-1,break,126,0.0875113519760766,0.7998781529996957,-0.715003682177473,0.4642749004579447,1.6578388362658194,1.1357911494633077,3.190536722160694,16,2.7315137734009336,1.6809092179613645,2.117428579563778,1.97337067223674,2.8013096082128177,AMAT
2331,2026-01-12,1,break,126,0.06864134700320415,0.7579497271630333,1.1668419589061718,0.7665159300650773,1.251696820862162,0.9518234648898699,1.4995434968189407,0,0.5580637956719119,1.0184091551676864,1.139313895879073,0.06150789225378316,4.494389095136642,AMAT
2342,2026-01-28,1,reject,126,0.10950337308481166,0.8655909433744483,1.4026971518817668,0.6499374143340636,0.9285260689587371,0.9046919831679187,0.13968104591271038,4,0.05044255919835294,0.7888196853427857,1.1559746756631701,0.9143182686766098,3.450712665259706,AMAT
2347,2026-02-04,-1,reject,126,-0.15221906797798912,0.9002568196944316,-1.4706049206936778,0.5396391261981346,1.1410456905660915,1.3651036294827168,1.638926900210762,0,1.9060107176391208,1.117191032296335,3.0228992391773435,0.4853904375593949,1.744876066742872,AMAT
2354,2026-02-13,1,reject,126,-0.024905396684161852,0.9160358230678675,1.511104087981228,0.49489699800824366,1.3531158814617747,1.2451850551230004,-1.384164449703661,5,0.7667857110709091,0.4843119770152683,1.5592670250197118,2.933321579123763,2.368698152986797,AMAT
2368,2026-03-06,-1,reject,126,-0.08236614391854431,0.9320779194731892,-1.4319797937714567,0.5056391244862586,1.0466086092129632,0.9188520574131934,0.5478985769780526,2,1.8341165032815043,1.3762805101498061,1.3802790043943942,1.3729506179409883,2.529765860130311,AMAT
2404,2026-04-28,-1,reject,126,-0.16226310355386717,0.8930036063484775,-1.3300565932502144,0.5857817137834587,0.7596904310568251,0.9729873955409458,0.06732713150054749,18,0.843607220259964,1.4322912901913882,0.961901946835625,1.5717592297282077,0.3467071281695261,AMAT
2428,2026-06-02,1,reject,126,0.2838639407396235,0.8879297948381829,1.1131880578063609,0.5346444229102115,0.8770887080212847,1.0811267714625439,1.329824183551398,0,0.7624142379419803,1.0475031281857288,1.7165859004849804,0.4689606971068278,3.507053622504996,AMAT
2459,2026-07-17,-1,reject,126,0.04336928482593388,0.8338568214665636,-1.3343969845589625,0.39205308874292677,0.7727904389832908,0.7933891594312112,1.3050580168294514,5,2.266114135914686,0.8272349180693788,0.9586591100645975,0.854572873960517,2.2428707458607193,AMAT
2465,2026-07-27,-1,break,126,0.06535271754260397,0.8296917676171265,-1.2740573058666407,0.46757049081284563,0.7848355450703014,0.6426268013280995,0.2692436332821813,5,0.2229157160701425,1.1696626604410882,1.404742392328704,0.11981992482140133,2.39430743914338,AMAT
312,2017-12-28,-1,break,252,-0.06747071249755617,0.8844731371679082,-0.5598626221526163,0.9106918824619218,0.8245880263722346,0.6573583133059726,-0.03303696807918943,0,0.5355367275132799,1.4697964336231137,0.3655799897981569,0.23102939420772362,-0.020933946199229406,AMAT
333,2018-01-30,-1,break,252,-0.0759127801821062,0.8726573336428802,-0.4809414651348676,0.748038757519291,1.149827821853197,1.042849719838096,1.4348982147727107,8,0.9430166843218094,1.1684043712651215,0.7823982902475357,0.8586732375390362,1.62419597474332,AMAT
370,2018-03-23,-1,reject,252,0.09860199000993876,0.7901455115070463,-0.4163451312879635,0.7111048717081639,0.8990906196579656,0.9463038118089948,1.3198651879937144,23,0.8734243210319993,1.0857323800698964,2.0638252461293276,0.20497920475847134,2.654110605172211,AMAT
560,2018-12-24,-1,reject,252,-0.26588712012278287,0.7951534976458065,0.6252261190236598,0.8177754938800911,0.757291311081878,1.1899995751034473,4.8685527711568195,0,0.9448423664825938,1.3035220881690326,1.0666671453737746,0.3585446972045896,5.6350260817629,AMAT
568,2019-01-07,1,reject,252,0.1314884859342958,0.842543108255774,-0.6885105578945923,0.6159554371162097,1.2082773073721609,1.0731404593481322,0.3897242976774712,0,0.5495308895266784,0.8425061686381475,0.8433295218719,0.08941607557460174,1.6082065450975185,AMAT
772,2019-10-28,1,break,252,0.023085257091669163,0.8690200162799891,0.44797969858537806,0.6111582540532363,1.423040784538811,1.381928359649455,2.910142904813395,0,1.3549521129564612,1.3985475362576438,1.1944453765336056,0.22357624416720573,3.793148627879787,AMAT
786,2019-11-15,1,break,252,-0.03442402318324596,0.875139537959489,0.5202842915591396,0.5385312250420353,1.1091271782103023,1.531946914604716,2.542036910383581,5,0.7054581232887993,1.5757747990889766,2.3366480977354795,1.9856529868269333,3.8002350374097444,AMAT
804,2019-12-12,1,none,252,0.023738541877620926,0.8900970297106694,0.4822470329253708,0.5209906757517336,0.7762485138535674,0.955541209312322,0.5209962794836225,9,0.9768428330118606,1.0697433440683604,1.0556566644846863,0.011610222927773885,1.3793888627783601,AMAT
828,2020-01-17,1,reject,252,0.03609492917749316,0.9070076674870169,0.49161499295850936,1.1013802878955774,0.6137842307144706,0.8607146477173618,0.042185030309499216,12,0.373967583347744,0.7993582335146513,1.1879374842787558,0.7315799446370174,1.6350320622268868,AMAT
837,2020-01-31,-1,reject,252,-0.03673706627279469,0.9119014929016247,-0.5147277771253189,0.6922651031971374,1.0285446338530266,1.207983559865883,2.068904120411298,0,1.2976407120600646,1.060800934250059,1.6577350397122472,0.37361294581481863,3.072601458670089,AMAT
846,2020-02-13,1,reject,252,-0.28053342713399404,0.9154393684353443,0.5256399790668917,0.5237154552869225,1.2756934674338176,1.449855394400204,0.6024100284359386,12,0.8831668206089862,1.1316025336683126,2.2328891110400346,0.8509897629124381,3.125635331737234,AMAT
852,2020-02-24,-1,break,252,0.419064107539857,0.9259022689030035,-0.5311118010506365,0.4391630222472832,1.3637812372653129,1.2783492626994606,-0.314753033597359,1,1.7878720144874305,0.831333509745775,0.7643632054437762,1.7362869099743299,1.0731100353280734,AMAT
1107,2021-02-26,1,break,252,0.08472428100523606,0.7934946683396642,0.8295628129736167,0.8039346639100592,1.3355539597092205,1.2904868086215235,0.3598343108891509,0,-0.05749275589873215,1.5007088978900371,1.4159471724481998,0.5832941527576154,1.7894863652134678,AMAT
1187,2021-06-22,-1,break,252,-0.033601728250858075,0.8946630443583212,-1.11682618007943,1.9039611271625472,0.696779188368021,0.8779913086550751,0.7759435876954716,0,0.5837867102629208,0.9654865391776095,0.833821837233114,0.10722358328245965,1.5626890287349735,AMAT
1197,2021-07-07,-1,break,252,-0.056853544818724115,0.9026324961085547,-1.0756868363166432,1.6648112707703164,0.7873325719386031,0.7428379962373415,1.296405659209526,1,0.5887239088968749,1.015778404803869,1.3708987268674968,0.6956546182544936,0.8943458402104923,AMAT
1516,2022-10-11,-1,reject,252,-0.24476904973424576,0.7651850025984797,0.6656676748455903,0.879554444993139,1.1870503185357866,1.3706576942508049,2.0843835943174662,0,1.3958355162016465,1.01586285034054,1.2874789183608555,0.7045715717159876,4.412099951272562,AMAT
1527,2022-10-26,1,break,252,0.20014452433240756,0.8642849927647451,-0.7562831389660244,0.5934924032184387,0.9667763802868141,1.3230811099295647,2.2851438321280617,0,1.9051496664064378,1.097389883011608,1.1537456529561085,0.3564493413466699,2.178889439138719,AMAT
1749,2023-09-15,-1,break,252,-0.020688660845799334,0.8700316652265118,-0.5762624676744789,0.7870187698923782,0.7212341358837937,1.1331010127648575,2.425360887832822,0,1.0583891560342835,1.3728499747569416,1.0850463297862871,1.198161005200084,2.943841954925523,AMAT
1826,2024-01-05,-1,reject,252,-0.13824340648651906,0.7726580980390475,-0.39386139476537413,0.8043963479451622,0.9612672777687451,1.043132985982109,2.727507272273446,17,1.2562640460421037,0.9474775355963666,0.9869176237769856,0.23603828934592933,2.545952818100778,AMAT
1836,2024-01-22,1,reject,252,0.11673935903077794,0.7594352555994461,0.33697410306637954,0.7630785900756154,0.925364510951395,1.2823761841745174,3.402073135866468,0,1.5441012597405703,0.764474876658384,1.2534868663141894,0.06820565843935415,3.311118134577421,AMAT
1849,2024-02-08,1,break,252,0.16731503836318323,0.764214860493241,0.3360704551954135,0.8049659989917286,0.8371610478899262,0.9612131916856019,1.1502052519838286,3,0.47343942081702445,0.9439325927373189,1.3933296751582103,0.2638205798841837,2.4977137104247973,AMAT
1887,2024-04-04,1,break,252,-0.027312914789709604,0.7674155588043339,0.4259514598217086,1.4056074577770414,0.5645241000079944,0.7107600448280813,0.3412104181631408,16,-1.3562855869629786,1.1210717975154225,2.425082286342314,1.337647682666583,-0.6442062335429886,AMAT
1922,2024-05-23,1,reject,252,0.05311773405543427,0.7842279631985567,0.49533983066039666,1.0809603810305097,0.9748731398233224,1.2246191974722462,-0.49655257932244495,7,0.1492783095982717,0.6660723655228012,1.6531128355538238,1.5662485125855663,2.1389874185691395,AMAT
1935,2024-06-12,1,none,252,0.023907178100130027,0.7994024213493982,0.5285453099104186,1.0924255641863516,1.096083886066588,0.9335385819109486,2.7440259329750707,8,0.5487437441401439,1.132591769551882,1.2386208603680589,0.3279962379439163,3.9832727635962795,AMAT
1951,2024-07-08,1,reject,252,-0.3031075707528855,0.8369409024232273,0.5531417327255521,1.2445845850251616,0.6523365778125566,0.7410446635735537,1.7983737853289121,11,0.27228163457400834,1.0158087620962999,0.6607667000397232,0.12748395979160976,2.371622154109363,AMAT
1959,2024-07-18,-1,break,252,0.027104165115158202,0.8645700616213206,-0.6331352432130625,0.6296519154695664,1.6321490680333468,1.1978307335347358,2.1390252646025663,0,1.5335077876333134,1.0730084796486585,1.3488821915802278,0.3084220407988828,3.0052888673971343,AMAT
2161,2025-05-08,1,break,252,0.06657973867741852,0.7760551407612755,-0.4858346712556579,0.642918755674448,0.41991900270671995,0.6042574923457892,-0.08593002598045693,0,0.7089888224917924,0.8680760892672092,0.526780794933519,0.4757485611358811,1.9693385838194495,AMAT
2347,2026-02-04,1,break,252,0.15221906797798912,0.7537527288285575,0.7535087628714928,0.6892195680362773,1.1410456905660915,1.3651036294827168,-1.638926900210762,0,-1.4716017550854206,0.507736846666912,3.0228992391773435,0.4853904375593949,-1.744876066742872,AMAT
2391,2026-04-09,1,reject,252,0.031742455697032816,0.906852386153166,0.9495683263576308,0.5751392117156161,1.3436972078336626,0.6347001108774573,1.8043015181207633,19,1.0965429882103641,1.1082013578759824,0.9731846784055528,0.03395517172489407,3.2507274135013327,AMAT
2401,2026-04-23,1,reject,252,0.0564346251519344,0.9088410738097924,0.9548221905871538,0.6109423849984019,0.341272235617653,0.7350105629765014,0.47113007425829145,21,0.22468092097039016,0.7867893154620951,1.295181440211335,0.19495730106842513,2.1841709296568617,AMAT
2410,2026-05-06,1,reject,252,0.15743162170695138,0.9119502336904166,0.9806989676573215,0.8270578467048821,1.0001360635082253,0.9482272930379584,1.206493676457782,20,1.1718051409409385,0.9516582353691496,1.273196012603321,0.9751776816846333,2.937341475164114,AMAT
2424,2026-05-27,1,break,252,0.39893706105140353,0.9230015572243864,1.0066150787812036,0.6666408680782697,0.8942141957256039,0.9018906210471845,1.4191061878353322,10,0.8906220049307121,0.7284523813902278,1.3545507162255654,0.44578835814652784,1.9402873097424282,AMAT
2459,2026-07-17,-1,reject,252,0.04336928482593388,0.9439986215660281,-1.3146533115030206,0.38672948080130237,0.7727904389832908,0.7933891594312112,1.3050580168294514,0,1.6988971949521277,0.7684086636667027,0.9586591100645975,0.854572873960517,2.2428707458607193,AMAT
2465,2026-07-27,-1,break,252,0.06535271754260397,0.9504038775623408,-1.2483028416071131,0.4513981653440575,0.7848355450703014,0.6426268013280995,0.2692436332821813,1,0.04789571627291822,0.9367199647013196,1.404742392328704,0.11981992482140133,2.39430743914338,AMAT
651,2019-05-07,-1,break,126,0.09547269108731722,0.805506142919765,-0.7087970421439634,0.9099824013894033,1.553911132193853,1.3500540291406065,0.1318246405375403,0,1.3344162834010933,0.7406520665804106,2.327098773766938,2.2470808435791674,3.3233031313394594,KLAC
775,2019-10-31,-1,reject,126,0.031122948431894833,0.8228431058651609,-1.050166820918659,0.518526170829695,1.4596866513449782,1.1036607235976892,-2.183761785431659,0,-0.0003282186412321142,0.49007556015816095,2.5266094951323717,1.3019483191724301,-1.4548978051227153,KLAC
788,2019-11-19,-1,break,126,0.004156695611870138,0.9578594672968439,-1.0718973622149297,0.487124377083823,0.36484793992109177,0.8024555987396593,0.13352453131754977,1,0.3419507560855706,0.8364686103960093,1.1456189709439923,0.01172799189397418,-0.9763746279335119,KLAC
823,2020-01-10,-1,break,126,0.02392418888303664,0.8407099891975468,-0.6802178095852283,1.0596164675406394,0.6727693298632861,0.8104244049144805,1.4118251028659055,24,0.8246977311304621,1.106383885144928,1.7369267260675334,0.4185831318353991,1.5136864856066223,KLAC
833,2020-01-27,-1,break,126,0.1444024819510898,0.8250749236188746,-0.574130692323334,0.7036998543131269,1.1125263349974097,1.0136559643360077,1.8327129996544973,27,0.9612652895912839,1.599836092719481,1.608851142469285,1.5514761372284773,2.5322429842918823,KLAC
978,2020-08-21,-1,break,126,0.11892349419487516,0.7928883667395055,-0.9248875569847738,0.7913931452781463,0.8233488920207169,0.8483565672531288,0.75366395817094,0,1.0180464171772732,0.9216773529760466,0.8788767214465698,0.024503923071375583,0.10956637512811651,KLAC
1106,2021-02-25,-1,reject,126,0.017809146827403026,0.8915095950383101,-1.3239574839216635,0.37816467869301496,1.5459371914307996,1.255359745782248,0.27682298628891905,0,1.6810395405153447,1.3389108354328487,1.8947442846542633,0.47633427332057865,0.35780114343245367,KLAC
1132,2021-04-05,1,reject,126,-0.1318109371687207,0.8397945487687268,0.9237311649531689,0.49280838668168947,0.8004439439544065,1.0562214200433064,2.9254393012172484,0,2.514638307232037,0.8671015983075648,1.0182059702509818,0.13410538390362553,3.972697418847786,KLAC
1151,2021-04-30,-1,break,126,-0.0048715562302909885,0.8028953765894065,-0.7974096241811311,0.8584593201565603,0.6625524666761143,0.7784857048281597,0.677386303802609,24,1.0387124239036845,1.3187713291877454,0.9266050021859144,1.820694820583826,3.260576499825642,KLAC
1735,2023-08-25,-1,reject,126,0.05622957125468916,0.8060262655115946,-0.6996560473928981,0.8319387202330136,0.9295855327987632,0.9255515814009565,-0.3141212072733738,0,0.07952385292766584,0.762751550603366,1.0684829963264626,0.011485759120511002,1.1019704711869462,KLAC
1746,2023-09-12,-1,break,126,0.024294386629767278,0.8292435079357422,-0.7397847376222243,0.889884789019105,0.7021174223452228,0.9357377964195717,0.01802355680541139,1,1.2989295013143005,1.2007802739401119,0.8125846445336126,0.7467869524071074,0.7072015314898618,KLAC
1858,2024-02-22,1,break,126,0.04204219392798238,0.7736961159236522,0.6821391554491314,0.6026296477258137,1.0268498166701454,1.0447194379466793,-0.2744253763927337,0,0.32606238997658077,1.267330627949297,0.9141834975097417,1.4943877193370656,3.51548888363759,KLAC
1876,2024-03-19,-1,reject,126,0.03295722436434048,0.9295726486631359,-0.9913459494932401,0.5751600443449715,0.7728085204495869,1.0588438899465056,1.0883914725374944,0,1.2759268844977187,0.8202058675630047,1.1544843351840397,0.8807549821553976,0.6798290100226223,KLAC
1935,2024-06-12,1,break,126,0.03549410483178424,0.8150920152069779,0.6851885437593966,0.6054337776024286,0.9871057702993701,0.8594180974773763,1.5363675517456132,0,0.5889565273693228,0.9998460770747364,1.2697667676472129,0.5439068977485103,3.43844515079461,KLAC
1951,2024-07-08,1,reject,126,-0.20848035601361084,0.8293140768051168,0.6798220570906843,0.6485600520755476,0.6836975414647153,0.6009163324278732,2.0134364818538253,4,0.9743328878204357,0.9783657517739625,0.6196206527837236,0.11496193231772953,2.5034217706959323,KLAC
1958,2024-07-17,-1,break,126,-0.015409876462617792,0.82993420486017,-0.6606368819669332,0.405005124061813,1.4965593592147057,1.1843121134747288,3.210354795133048,10,2.7152507679580875,1.311474171025894,1.9982676183749277,1.9925132398051426,2.4169228910942673,KLAC
2261,2025-10-01,1,reject,126,0.090080522460135,0.8003338700976542,0.8237782613417679,1.069103668218554,0.9380714578674733,0.8377490549530365,1.6140059411658825,0,0.4571931012362481,1.116697635144059,2.7058015671408815,0.18080339424490044,6.53785655745195,KLAC
2268,2025-10-10,-1,reject,126,-0.19418171980506635,0.8143396301774257,-0.8834196082971086,0.6397786499540639,1.3229700746392323,1.2577426721871714,2.9924347135339406,0,1.780710689733839,1.0335772403207726,2.5234104616325297,0.03856164014235508,2.6538286503851505,KLAC
2274,2025-10-20,1,reject,126,-0.016785201877704322,0.7948354443425861,0.7740450965591781,0.5836899592245759,1.4226542750401683,1.0893281178843277,2.4767550566087233,5,1.5463493486128694,0.9767954417124898,1.0545024741163125,0.6747792847749766,2.1136549000987226,KLAC
2298,2025-11-21,-1,reject,126,-0.14290519400550897,0.8075256416801548,-0.7541448707573639,0.7266833958554293,0.9798671128986445,1.1255506320986643,0.08824742066416619,1,0.6928028690900138,0.7060719033675088,0.9401947333615619,0.21610657698591512,3.2620248409637096,KLAC
2326,2026-01-05,1,break,126,0.002282178856041482,0.8159329517156293,0.7201965553998048,0.6243922880992794,0.9630517859085063,0.7831479826564723,-0.4636243252676491,14,0.5743707067800516,1.1404558323766942,2.204470860773671,1.072017801681363,3.2783175879634756,KLAC
2346,2026-02-03,-1,break,126,-0.0850748666368027,0.8830654180571808,-1.0607804890498451,0.33547384529903457,1.646567462225057,1.6993197611179889,2.76626611225814,1,3.039596147631926,1.2426600255100562,2.1038988744695564,0.506981900286756,1.7782799825618667,KLAC
2365,2026-03-03,-1,break,126,-0.02132035959524474,0.8648658250766964,-0.9941028498913698,0.5735398773366341,0.6539009604831204,0.945525454773874,-0.18976813711929957,8,0.8555591976819987,1.1716622315496685,1.0502940851822067,1.3572423188917941,0.4247499994951155,KLAC
2390,2026-04-08,1,break,126,0.08257214237668496,0.7721988185454192,0.6990879308038704,0.4591211651093369,1.0620994727766857,0.6473098714478025,1.8998600511880814,14,1.905322932295525,1.0145242194675466,0.8252722328994767,2.281409701716773,3.5291293367220096,KLAC
2419,2026-05-19,-1,reject,126,-0.31594461903170423,0.8292061638569104,-0.9467543245185973,0.5221637034363067,1.0616728731096798,0.9664980679718949,0.09268161573762997,15,0.8674837289046206,0.6674171461909406,1.0731702292538905,0.8754622876453633,1.2063888292368692,KLAC
2423,2026-05-26,1,reject,126,0.17864065926832254,0.826560983067155,0.8881513637150369,0.49270615793815975,1.005034899989422,0.9625848741624966,1.9070272905130254,14,1.7396589764276698,1.2467280565309793,1.559653023354484,0.758359134095158,3.108989302513669,KLAC
2457,2026-07-15,-1,break,126,0.07513642613535697,0.7802741323602278,-1.2878937377184514,0.4110040922671031,1.1170191678911212,0.7782874021769867,0.8322220443354093,1,0.3164460681517422,0.73922351790046,1.208801146482756,0.35527153984308035,1.2589571111125255,KLAC
2466,2026-07-28,-1,break,126,0.03988344244951019,0.7840783626281485,-1.3575416727367373,0.44626084004856414,0.5637075652014751,0.9277321940125572,0.10140001122953937,5,1.1770419555281573,2.7112789503279537,0.5685283048096524,0.991069625859347,3.2452905112484083,KLAC
752,2019-09-30,1,break,252,0.09179770254979833,0.7708483091284991,0.5002532820101041,1.727683772000131,0.7905208043348543,0.8078302054617068,0.15674015702131686,0,-0.04203607511766183,1.1235300968826067,0.7258293811318004,0.48418370675847267,2.6947639291794157,KLAC
765,2019-10-17,1,reject,252,0.08932027690937643,0.8159893224265108,0.5731090529003987,1.203112986343216,1.0123154018431177,0.8044751061263741,-1.7224074617384313,3,0.15993431420503312,0.6429349660610258,1.9353037088339702,1.076192180353753,0.9766738980003288,KLAC
771,2019-10-25,1,reject,252,-0.0697539046468484,0.824433820340727,0.5797047711115225,0.9558381635724059,1.1537360783910924,0.917976810390375,1.6491286214504182,4,0.5042309032105579,1.004286039175925,0.925358645633321,0.2813385155228162,2.6018569713187856,KLAC
851,2020-02-21,-1,break,252,0.345775489590223,0.82405405751513,-0.5189283139915444,0.6487406279212686,1.2728989198952452,1.176319600160788,2.3850186872611356,0,1.3193131958671862,1.2336073609533214,1.0439466118119445,0.3191011300899924,2.095890858384646,KLAC
1082,2021-01-21,1,break,252,0.0801536254096609,0.7521252064537808,0.6158886345111425,1.1976564244228762,1.078184483156185,1.5341483096467445,-0.5129283336054095,0,0.4229106204535855,1.5657361629529827,1.0083937438859012,0.5809600424040494,4.617872075828471,KLAC
1131,2021-04-01,1,reject,252,-0.09647704015046896,0.8819430419617253,0.7158515757406042,0.5550985115066468,0.802289021900517,1.0844048764069945,3.7316524483613343,27,1.6243287682916305,1.1812075429109383,0.7688733678178736,0.5229342096916343,3.629963961293498,KLAC
1152,2021-05-03,-1,break,252,-0.014355253821884946,0.8843445721521488,-0.7532570573335662,1.0998163716925977,0.6384702709640917,0.8306167509492058,1.4624451492510275,0,1.0063669169742682,0.9763967510570345,1.1063989440761326,0.3887069258443783,3.7870321241473417,KLAC
1177,2021-06-08,-1,break,252,0.021712665698171655,0.8484752681538104,-0.6901731697536976,1.0815256059577667,0.47878532912813915,0.7710477009052477,-0.4013565160853183,12,0.330723072069377,0.9823171186050498,1.3712984024375052,0.5912480378900594,-0.6885366143817349,KLAC
1228,2021-08-19,-1,reject,252,-0.13735140230810713,0.7511285876381093,-0.5218419933487081,1.0209033065098787,0.7779841397284587,0.9110654321906605,0.012205165641661058,28,0.22001601725308506,0.8571913518305629,1.1608541676554542,0.3387841774227872,1.3157434745769288,KLAC
1836,2024-01-22,1,reject,252,0.044984727332394274,0.7549272861031097,0.4693792997827768,0.9566407682142426,1.0291955269965658,1.1890267177653835,3.3065755157926318,0,0.9725483416608075,0.9364892886560562,0.9068164781645439,0.4513753775224912,4.1606913680753665,KLAC
1850,2024-02-09,1,break,252,0.05330878346537907,0.8353731434780447,0.4844994065914038,0.7148510514504837,0.8822943761850551,0.983433436736849,2.1659681189924114,3,0.7024075986443332,1.136740642739081,1.5172366688529135,0.6807059951129246,2.840859454837969,KLAC
1878,2024-03-21,1,reject,252,-0.12686884041689864,0.8665117450163498,0.5598505365431213,0.9050937548890591,0.8861827407887983,0.9838051679961419,-0.6500964315993996,20,0.22605627803747808,0.9647407748362876,1.0312046894206253,1.4859902674749543,1.311566036555141,KLAC
1898,2024-04-19,-1,reject,252,-0.17418010753876642,0.8685194281112779,-0.5478455249068831,0.8949190585688596,1.0352317354045508,1.068629197948445,2.4778243288049038,0,0.9160988327800335,1.0666744057513893,1.4166963967178023,0.15225033258429385,4.33879657388513,KLAC
1917,2024-05-16,1,break,252,0.09580983552079676,0.8541989301475802,0.4823534429606357,0.7251935554026774,0.7845860680615359,0.7919344549604873,0.576841682186326,12,0.9422711132710617,1.0394710871363633,0.7616863736154786,0.01630588818415457,3.2575201059446295,KLAC
1935,2024-06-12,1,break,252,0.03549410483178424,0.8716861071281397,0.5465487406605861,0.8673411958343257,0.9871057702993701,0.8594180974773763,1.5363675517456132,11,0.521451645458129,1.3841545070838852,1.2697667676472129,0.5439068977485103,3.43844515079461,KLAC
1958,2024-07-17,-1,break,252,-0.015409876462617792,0.9077560980697866,-0.6857877306651127,0.5513534717039051,1.4965593592147057,1.1843121134747288,3.210354795133048,2,2.524804192540808,1.050162854684742,1.9982676183749277,1.9925132398051426,2.4169228910942673,KLAC
2277,2025-10-23,1,break,252,-0.05002257677312247,0.7603612867396975,0.4366566165805678,0.5939620841223225,1.3241768927567341,1.0122370311107878,1.8546061831908873,0,0.4938150679173867,2.0263476753312,1.6155941955492046,0.2107091978543714,1.8514663929123112,KLAC
2305,2025-12-03,1,reject,252,0.0504647739714849,0.8242367497839469,0.5513654413395717,0.8593998715279983,1.0374348394524344,0.7399991244415935,1.4658288167345765,18,0.5508883844846237,1.0927607734637859,1.2717161024181356,0.13492659991706954,1.5794218988591167,KLAC
2313,2025-12-15,1,reject,252,0.15778568632838183,0.836509832342019,0.5730534959956434,0.9487335004088986,0.7370164395349801,0.9134971709110898,-0.32892227211914343,20,0.17792955482399386,0.8211183738910508,0.9913150850160545,1.273328219801557,1.691736169611524,KLAC
2361,2026-02-25,1,reject,252,-0.0018508044796219096,0.9228474632288939,0.8173783145236688,0.405424224563861,0.432628207564707,0.6774538216094377,0.54452833426526,24,0.47088316307347255,0.8118715862831289,0.5611440199873431,0.5495629703668526,1.1861966444121996,KLAC
2368,2026-03-06,-1,reject,252,-0.13576195710485386,0.941731729016433,-0.845712582709656,0.5747428080196639,0.8230950472944069,0.9278811673284091,0.6072702194415251,0,1.7934729997659367,1.386458395869489,1.588396559841127,1.3073098113325947,2.939626919012427,KLAC
2383,2026-03-27,-1,break,252,-0.27498409274439034,0.9424437998248625,-0.8365654682297331,0.5354233003055656,0.6886477642904637,0.7954650911003186,2.1173087575604623,2,0.7778174469438648,1.0355767314527806,0.6681699468527785,0.30553261360239165,0.48530657517886744,KLAC
2391,2026-04-09,1,break,252,0.02062235389308533,0.9385095637436162,0.8244270321143361,0.5498942879546992,1.0588906226614296,0.6612003082951834,2.350308761215921,14,1.5226839105054935,1.0168070112955996,1.0850187272540341,0.04513521133982471,4.203561019709041,KLAC
2412,2026-05-08,1,reject,252,0.12026287620710971,0.9425523444754982,0.8116011029446958,0.5694102505834681,1.0911626897314894,1.1762745015352054,0.5972695135633913,15,0.8122917295000518,1.1323462670524866,1.37308145118989,1.0061997310657675,1.3767022194451763,KLAC
2423,2026-05-26,1,break,252,0.17864065926832254,0.9446723649836694,0.8239490036254673,0.49971739284444827,1.005034899989422,0.9625848741624966,1.9070272905130254,17,1.5988419440146244,1.5314580332556507,1.559653023354484,0.758359134095158,3.108989302513669,KLAC
2464,2026-07-24,-1,break,252,0.1346992426185996,0.9338443913030834,-0.9656762887128602,0.326171884043563,0.5822520779978589,0.743550732400737,0.37148502687869417,0,0.44156173380776614,0.8604644559460038,0.7812259273577298,0.3369636822495999,1.6835159039426484,KLAC
248,2017-09-27,1,break,126,0.06054708770232682,0.7520041292460324,0.5096269007434839,0.8032426142999728,1.167356121205152,1.1773025242187876,2.73772289639887,0,-0.20160260192556523,0.9314520935235451,2.4089668256977363,0.14621834760003305,2.272436844112957,ASML
266,2017-10-23,1,reject,126,0.01924415003347076,0.8613639806111006,0.6212809651741985,0.895715221752398,1.0985792426043786,1.773833905514054,0.7465520478909368,11,-0.10935982024592561,0.8814202101658355,0.7848575930941535,1.2703621930952942,2.8522160584053013,ASML
283,2017-11-15,-1,reject,126,0.03430671967485756,0.9279976292921817,-0.7446876370921737,0.7123147637906541,0.8712236202650882,0.6422124285521834,-1.7804660511742063,0,1.0870057698386497,1.0352481432403076,0.9626633087703077,1.3020643499296534,0.9187010496280708,ASML
292,2017-11-29,-1,break,126,-0.010154682862762637,0.9450686787945712,-0.7672087817275446,0.3727849840767604,1.602497437020833,1.1449494547480696,3.378222418501519,2,2.8286806395133364,3.01149019399618,5.3227942877033305,0.5301546394817267,2.7754567277974447,ASML
321,2018-01-11,-1,reject,126,-0.028271968038827703,0.7663013902626034,-0.433217022375643,1.0413732974907668,0.7056324307723219,0.868753644802631,-0.4103505974630948,21,0.7636987752572485,0.9710042451400341,1.0448064270407391,0.36421281907861336,-0.9414015637855171,ASML
324,2018-01-17,1,break,126,-0.04015697062089098,0.7663013902626034,0.433217022375643,0.5663628082548828,1.3169244085523626,1.427938649867564,0.517792166414058,1,1.4192786720401844,1.3619715785139135,2.875000894069611,2.561439532134359,5.959581781582281,ASML
340,2018-02-08,-1,reject,126,-0.15189296324659074,0.7618021063071909,-0.4485942877250237,0.3854071587950254,1.3521509783383354,1.429366741387447,1.214252810974816,22,2.6395936394668027,1.6525265154990503,2.301417464678269,0.05218716494419354,3.14875758524296,ASML
558,2018-12-20,-1,break,126,-0.043699742318913826,0.7539047552191205,0.5601921971023589,0.5547192076162377,0.8540695555951471,0.9982438707338871,3.4224780507002848,0,0.7325735659250894,1.032238446380207,1.1730667763002856,0.6035391702430271,3.064506040437884,ASML
568,2019-01-07,1,break,126,0.14186483369541844,0.8269142601482571,-0.7384934578540387,0.40546287533823594,1.052167281428252,0.58896785796694,-0.19926285189844165,0,0.7969355616571385,0.8663759776266755,0.7411370634938638,0.5578096267264107,0.2518445265919004,ASML
796,2019-12-02,-1,reject,126,-0.10820298682156874,0.9053320349217567,-0.737229277316075,0.9887654391101944,0.6165462310427832,0.6891330076169089,0.5698141265468619,0,0.4215834577888423,1.2826088835276366,1.9754948920934676,0.208299688263037,1.7169997382992754,ASML
807,2019-12-17,1,reject,126,0.020943141667349122,0.8981271509917741,0.6911908305326212,0.8472341910078733,0.5637885281366748,0.895974046535804,2.235914194307686,0,1.3687292987877628,0.8531049962144659,1.0270127969270888,1.2185950367690856,5.949512079115465,ASML
830,2020-01-22,-1,break,126,-0.056499973158950806,0.9032304909571038,-0.7400072972368278,0.8705492472233622,0.8853856733498203,1.327935006280232,3.550796181555777,3,0.8556083211279721,1.0488574927516472,1.6815439697876304,0.713519963269359,0.7379045686725269,ASML
851,2020-02-21,-1,break,126,0.34784381019560007,0.910448481374439,-0.6615312882306185,0.35100222453625607,1.0689666849340127,1.3721357450949905,-0.6717868289830393,14,1.113931375629271,1.0694933317459057,1.2978675673034563,0.4621341699134362,-0.3439610577692696,ASML
982,2020-08-27,-1,break,126,0.04273757474865091,0.8033906991111366,-0.9544781813706843,1.0598909072515035,0.650620964711682,0.7151098243246184,-1.3728440354225915,0,-0.1761756236804699,1.0797180317033108,2.027208041418855,0.12789518592427018,-0.7151151991916431,ASML
1086,2021-01-27,1,break,126,0.06483275843622852,0.7754025431908866,0.6860517443777093,0.5482270189480088,1.612444508222589,1.5319951062074768,-0.18388776547317526,0,-0.9508347228593632,1.2072098345095161,1.5463604955400647,1.0141375040861507,0.13767273058188556,ASML
1104,2021-02-23,-1,reject,126,0.03031231457109027,0.8628950084697786,-1.187960867410773,0.4638738944031486,0.9332268466723244,1.0866619209575787,0.2813661232333783,0,1.7615174861624185,0.5785892072649734,1.5435725483795988,0.4781128358087694,-0.7075982329323801,ASML
1153,2021-05-04,-1,reject,126,-0.06923241629423353,0.8883184476625825,-0.9799674296957784,0.643369735273343,0.9277491000442571,0.7246538654452194,-0.06863448140711925,22,1.4375967183902465,1.0242529602322012,1.7397134589597008,1.3413950013141582,1.1664193573072061,ASML
1194,2021-07-01,-1,break,126,-0.12107017458079973,0.8287978156392091,-0.7096968552880312,0.7096345144537745,0.9169175809551915,0.8237403814669286,0.5329474093377796,12,0.7090137248777533,1.1752797655595593,1.5182998672632482,0.31489125453887823,0.9973179034257895,ASML
1205,2021-07-19,-1,reject,126,-0.14071492773597707,0.8092691529767897,-0.6071126241793404,0.6874186128778688,0.866218571918188,0.9768533310422042,0.2686753164788292,17,0.7153579445853375,1.0591977573504632,1.1085457220365504,1.2357657380800282,0.7296691446467044,ASML
1211,2021-07-27,1,break,126,0.07741050562531597,0.7982341303540686,0.5140667116873817,0.5839989422425543,1.0395644912874429,1.3270605802977786,1.436602505219289,0,1.861564551993745,0.8959927242170665,1.5111845514402398,0.20333068614519,2.966464553647103,ASML
1234,2021-08-27,1,break,126,0.0028653318926198912,0.8619392420721987,0.6383878582490145,0.9571987253429576,0.8437793509217396,0.844256022529003,1.9341443079359262,12,0.8860044653225141,1.332030789766515,1.7647049772349241,0.34452142174545747,4.287892656624327,ASML
1255,2021-09-28,-1,break,126,-0.01407684924403425,0.8944574035896953,-0.7274174786391991,0.47816592367209637,1.4390510908241532,1.4543020929100643,2.777570942995422,6,2.189177752786507,2.062179552891033,1.8750239601303431,2.2577825453583062,4.288242772114344,ASML
1396,2022-04-20,1,reject,126,-0.1822426650957611,0.770514901030185,-0.7252535668742857,0.6919872670390584,0.6738950624191199,0.9717689968731938,-0.12883259901828797,0,0.43244720840340195,0.8086481437666825,1.2052385712436853,2.1313948194228383,-0.7546539955366948,ASML
1409,2022-05-09,-1,reject,126,-0.11824680927778661,0.8150436372134636,0.7331998555785583,0.495606179693739,1.2464156271442484,1.0109361170320326,1.0208914167914027,0,1.6996378879209144,1.518750550641909,1.1695743814865536,1.1370600248096616,3.9535530692426395,ASML
1422,2022-05-26,1,break,126,-0.09750158753916668,0.8015974285684094,-0.9014537269980603,0.45297023507045336,0.9722383451473167,0.9112810534413321,1.279673258639448,2,1.1573057415352546,0.9654295621806233,1.0631982830063604,0.30201279879055354,0.6997495784605778,ASML
1434,2022-06-14,-1,reject,126,0.07232579217679061,0.7828643579334473,0.7833754434827762,0.5611590941285435,0.863153853894524,0.8763266523617539,2.4006940192100243,2,2.4409688302656987,0.8353848148777838,0.8703117060281459,0.013630962483372748,3.5965418111547245,ASML
1445,2022-06-30,-1,break,126,-0.18822992557355966,0.7916532121834086,0.7830857824393058,0.5436661380488694,1.1152332503002997,0.8001360037189718,0.6255736636082511,5,0.02030017557152186,0.7542079772033614,1.3297872024531254,0.6593090234527663,2.371295809555426,ASML
1459,2022-07-21,1,break,126,0.03449143179960061,0.7521858365558874,-0.6622226458030053,0.5386547293917102,0.7506804779858784,1.6424988859496923,5.550420667342232,9,2.3877122984399897,1.1978238332489979,1.127715753210309,0.8838488348724973,4.056967385711201,ASML
1868,2024-03-07,1,reject,126,-0.06696337826247206,0.7921798380783834,1.2890735599619838,0.5290000277444363,1.0710675439172639,1.1645532744507368,2.309283578720401,0,0.7598119902388281,1.2187857231939783,2.0046814790715546,0.4968016285686451,4.214334081550055,ASML
1871,2024-03-12,-1,break,126,0.00988317080952807,0.8671848599045849,-1.3780044452223856,0.4228892992252109,1.3253650238296715,1.0913382327021373,-0.3285888952361152,0,0.722726865707991,0.7272413050213085,1.4871799862542665,0.15867728486739893,-1.0809511108074803,ASML
2056,2024-12-04,1,break,126,-0.007753054539542146,0.8714422968441023,-0.9665603628880277,0.8022166554485773,0.47022715100132345,0.7807908360766583,1.4648277973271093,0,1.318408553821255,1.1418364456287393,0.48656113806277956,0.4078655815889827,3.0504349708941603,ASML
2321,2025-12-26,-1,reject,126,-0.30449860558516206,0.7786291256645782,-1.1098105370000146,0.9301430641276345,1.0536445568502792,0.6193865534834073,-0.8865972531212964,0,0.4631535021898465,1.123845958958479,0.529712256175205,0.031845038192393954,0.5067525389433892,ASML
2334,2026-01-15,1,break,126,0.05480133540983265,0.8505038448075491,1.1039987290725644,0.5884794626055544,1.426588853559434,1.3235681297102802,-0.2534315285882983,0,1.2347895439880974,0.8897793115271035,1.1406211267223925,2.169452146075843,4.558436336938883,ASML
2365,2026-03-03,-1,break,126,0.02991530081040108,0.8729423351685397,-1.1505851761430088,0.7439762445780977,0.916053723925178,0.9554679595471256,-0.17823559671769282,4,0.9450446922539127,0.8393025352267479,0.9685282424040369,1.9590708444645297,2.0678626392310897,ASML
312,2017-12-28,-1,reject,252,-0.1580140022960548,0.9196629389503593,-0.4648487572070949,0.9335962961199792,0.6004450520596072,0.377538924805793,-0.29938527026853656,0,0.286192315342616,0.9367329746887197,0.3312313582180039,0.03605119770778821,-0.39659753068872633,ASML
324,2018-01-17,1,break,252,-0.04015697062089098,0.9146750874126285,0.4520700771511071,0.5858731682668818,1.3169244085523626,1.427938649867564,0.517792166414058,0,1.6760075845109443,1.5484225953038837,2.875000894069611,2.561439532134359,5.959581781582281,ASML
340,2018-02-08,-1,reject,252,-0.15189296324659074,0.9177645090823803,-0.4767532936869256,0.40570821823005365,1.3521509783383354,1.429366741387447,1.214252810974816,3,2.59159210411374,1.4226514830688253,2.301417464678269,0.05218716494419354,3.14875758524296,ASML
360,2018-03-09,1,reject,252,-0.05335385421553018,0.9119729991506398,0.4521727575905659,0.7306289882998879,0.8327932406347838,0.9083376508964037,2.667796839425593,12,1.3767380338158781,1.048491546991406,0.6367661926707895,0.7451245122539677,4.361490120372156,ASML
373,2018-03-28,-1,reject,252,-0.005894247974703995,0.9230554830576424,-0.49054338905895994,0.5487234768231982,1.1043497124424397,1.1759057597786737,3.035817449557372,7,2.023714692110434,1.1315368807129855,1.3164575841105766,0.6471563011940544,2.5408167907306947,ASML
388,2018-04-19,-1,break,252,-0.03663486351546319,0.9180010892937431,-0.4801011190226734,0.44321815526516267,1.1462543368889742,1.3483498948567594,1.0836562623829658,13,1.2301854703893502,1.4729534831139985,1.8085908680799532,0.4969056412057719,1.1790120425234274,ASML
430,2018-06-19,-1,break,252,-0.05528667579512886,0.8167709289723812,-0.35341936226393694,0.7621585483306519,0.8443142361615994,0.9807014218009479,-1.5328135860774796,34,0.6716200077756619,0.6231226095526664,1.6394043673180934,2.1776774567194725,-0.06897903347375385,ASML
466,2018-08-09,-1,break,252,0.14536879553875237,0.7721021010522742,-0.3467477441041229,0.6167869871161517,0.42364359025069687,0.6699012882717083,0.9245733515258252,25,1.1921645424458807,1.275716933371291,1.2970408646606217,0.05295270846580737,0.9582889786548884,ASML
760,2019-10-10,1,break,252,0.06227688487494589,0.7885556737011731,0.39491320588659623,1.1082358667947554,0.9853573282913888,1.0247169885228564,-0.7819966252759971,0,0.07966811695152676,0.9708118816713196,1.4199168291170188,0.8661697341198135,1.4319879125293908,ASML
777,2019-11-04,1,reject,252,-0.031005035534767026,0.8575570318752346,0.5394419672341535,0.6950287059422317,0.9095427108376041,0.8466911122751877,-0.06337807821827322,7,0.0550690862814609,0.9111048518231137,0.6824051889125471,0.3635723032105754,2.4745059841176698,ASML
805,2019-12-13,1,none,252,0.042744921510830376,0.9231369759930549,0.544251186729404,1.0789914402375316,0.8361151255472736,0.8501190571981178,1.5879797050435855,8,0.3955756387947208,1.0694082147304786,1.2538187501697335,0.38142412539175674,4.817954836269846,ASML
852,2020-02-24,-1,break,252,0.21957726485718848,0.9345683924028265,-0.5805512374222761,0.4729872020479112,1.3250306280467752,1.5271225754400906,-0.1437179169490529,0,1.8277575815067657,1.2127236945158082,1.4720868538085679,2.2293153595535475,1.7066965098976397,ASML
1073,2021-01-07,1,break,252,0.09755035580179616,0.7653783748618225,0.5455354387575589,1.327422697324223,0.9104171047127321,1.2961578265793223,1.6321009714695958,0,-0.3105794434718554,0.9646228726174975,0.9435136660726563,0.7013015143418425,2.8985279127531838,ASML
1111,2021-03-04,-1,reject,252,-0.22153595319710861,0.8839363466165397,-0.737643303114383,0.7314219778634388,1.3561363359899619,1.2181982819566712,2.2530659512241047,0,1.11476273561488,0.8287867530629881,2.6453656308634255,0.3656787930579324,3.9084585514663974,ASML
1132,2021-04-05,1,reject,252,0.02153112340149052,0.8993457985833835,0.716554042106753,0.6011544656383863,1.0105569402959125,1.4617726109257707,1.1795843110815565,29,0.5086015563581509,1.0566160810930247,0.8655416627149635,0.6705308981746262,3.4175917925671433,ASML
1146,2021-04-23,1,reject,252,-0.04838632253862288,0.9006650887529603,0.7298406770752865,0.7615439547175824,0.8395585155515238,1.2517580075473977,1.8862885334087545,17,0.20887053805621936,1.03139010341469,0.8131278018566568,0.7036119203086754,2.2110113565453817,ASML
1159,2021-05-12,-1,reject,252,-0.15093652256875456,0.8955328172299475,-0.7925511946375272,0.7513842313242779,0.8513727848389945,0.7801188898506982,0.19097827670710762,1,1.2348420589241806,1.0027914811508714,1.2651647444839187,0.9435695174113348,2.641581858955436,ASML
1187,2021-06-22,-1,break,252,-0.050038519411680936,0.8970816564115557,-0.8581258624167173,1.1312310337652725,0.8081223307967065,0.9756236338376774,0.6237020094977782,1,0.9658018879730683,0.8981730071810003,0.9058870460738523,0.01565286822976132,-0.2611714630101434,ASML
1228,2021-08-19,-1,reject,252,-0.09552996885599496,0.951725165560377,-0.83965024494649,1.3297345440197574,0.5781333101729901,0.7034614722952438,-0.7763508770542726,14,0.2633315449852097,0.709525947466658,1.8908590803679013,1.2589911095194117,-0.6581401514046624,ASML
1254,2021-09-27,-1,break,252,0.05774659775889188,0.9558652293616257,-0.8380750915592781,0.8482170750985741,1.2798143833051272,1.0985070753120134,1.163058077318431,12,0.362310705085225,1.0191293988926509,1.0356882462224926,1.8250739575174777,1.8039898433623174,ASML
1464,2022-07-28,1,break,252,-0.03811635297287713,0.8136035682559777,-0.5949511167675292,0.7253614766784616,0.7988320205265397,1.1263750161601287,1.3474949369622888,0,0.5417974151481875,1.1249073933320548,1.220514885856245,0.09212949586574791,4.583723693781576,ASML
1494,2022-09-09,1,reject,252,-0.14296264553127108,0.817541232596243,-0.696946706461406,0.8724888937004219,0.8552296008130175,0.9033384246126991,0.581684402806372,17,0.9322528851235354,1.046425773878379,0.5118051124021048,1.076622704746004,-1.3467860326660628,ASML
1512,2022-10-05,1,reject,252,-0.050162373799467676,0.8310759464171723,-0.7214580207713862,0.6823260926667085,1.1196496674119831,1.4261691691942613,2.520768847170674,19,0.9194820873561902,0.99388317105785,1.570984683989639,0.5816467368871336,0.833340368053559,ASML
1518,2022-10-13,-1,reject,252,-0.3244722457483769,0.8614232188801865,0.6830370938498607,0.6655246997633908,1.3704862041974086,1.7260365897414514,1.2859935171460175,0,1.5300898414555226,0.6705481333361101,3.3232069897455188,2.8799738922411318,2.573969440057391,ASML
1525,2022-10-24,1,break,252,0.20449597660288635,0.8723108343736783,-0.6738856725425549,0.5137402571496418,1.2866276354869128,1.8421118755308081,3.4058949917331884,20,2.147151260828566,1.1715023339841408,0.9155001823481099,0.4445313485991501,2.489835397864541,ASML
1958,2024-07-17,-1,break,252,0.05795264743282547,0.7610288668704916,-0.7018068931215906,0.6766142645033713,1.6248372859778688,1.9442394135726533,6.582383853588183,0,1.7770540235574341,1.8288101333845677,2.0903119952369833,2.509420057239845,3.2985210459757326,ASML
2342,2026-01-28,1,break,252,0.028324698385936636,0.7628998767429573,0.602210841819646,0.9337660061610852,0.890930252063824,1.6472548121152706,0.8904852928296543,0,0.2082071533966312,1.9373629084647994,2.7174098324882223,0.872903870753259,3.363530260891639,ASML
2383,2026-03-27,-1,reject,252,-0.09511680375070398,0.9045987553020548,-0.8835558879127487,0.7862515214436807,0.9303859593795053,0.9666492397507951,0.817889418395834,0,0.3088364886934081,0.9796054359718226,0.7814801778371302,0.2869545187657126,1.5693247274285131,ASML
2429,2026-06-03,1,reject,252,0.024580124454932455,0.9036815936266438,0.795536442378902,0.6880277034053479,0.7507185630474975,0.7462862052065884,1.045621583977809,0,0.6378369283376402,0.947099722875215,1.0009678505929533,0.07375966443429159,2.8076717490432928,ASML
2459,2026-07-17,-1,break,252,-0.05374853569395057,0.9320253262822891,-0.9460484042631321,0.5421719052164957,0.7306369605371609,1.2720085318725256,0.07029206933677037,0,0.5462941824949639,0.9768751495244125,1.2853241042510262,0.7496953710418253,0.9863015030107776,ASML
2482,2026-08-19,-1,break,252,0.07222629259922439,0.908148825224177,-0.81504953116941,0.7167509247184705,0.665055999115157,0.6544526348919856,0.022633178620917672,15,0.4671732643712524,1.0750135442273796,0.9887453873333512,0.09564145564973886,-0.4273931815895134,ASML
536,2018-11-16,1,reject,126,0.0511184874404521,0.7787705411244406,-1.6021665383302806,0.6300717621307175,0.7200301882820727,0.8792714764387861,0.5165813766998727,0,1.7575950073983493,0.7567393782695241,1.9161670662518213,1.785310561151471,1.6879393770463162,SMCI
543,2018-11-28,1,break,126,-0.01073354557140537,0.8031739193927343,-1.7043902245265308,0.6170477810016582,0.5889567382627507,0.22195247188325962,0.2089361554122623,1,0.7361952746228481,1.118810998111635,0.8600679550060915,0.0,1.6651389294130379,SMCI
654,2019-05-10,-1,break,126,0.08561095769053406,0.8774096224497114,-1.167410966272554,1.3848257907987251,0.6476142240324375,1.2210805899210178,2.6994364480173205,0,1.241932050661314,1.3830916401307591,4.060403959832035,0.32548558007116646,6.171588335870083,SMCI
831,2020-01-23,1,break,126,-0.037152697290277543,0.7524165661678395,0.5759492579901178,0.3985144307979784,1.7769525727983362,1.751960804495955,1.9450443658999297,0,0.04712746828472181,3.2128775003970955,0.7025233105784541,0.010078865254839125,3.370207756342806,SMCI
841,2020-02-06,1,break,126,-0.11222524249892397,0.7839238378405052,0.6925759056096794,0.4600670228476905,0.7554543936929625,0.8558353677214544,0.12667356759927245,5,-1.768961952037436,1.359981753907216,1.6453752959672914,0.05691733234577245,0.0336778751221049,SMCI
852,2020-02-24,-1,break,126,0.4743916694525457,0.8417087101640601,-1.0522619492127963,0.811649212648673,0.841790060576714,1.0908818909417308,-1.4035281560992048,0,0.8492014570025287,0.9126314807368184,1.1569459773458308,2.1657570357842317,2.431791047632157,SMCI
1116,2021-03-11,1,break,126,0.102620057029504,0.7582885046859223,0.568727759225163,0.3855622623390289,1.0854069367048118,1.0391154844584585,-0.00195723235626982,0,1.8180194444950986,1.0272702671299507,0.6188798992907676,0.0,2.7056479070248196,SMCI
1151,2021-04-30,-1,break,126,0.06356652664453807,0.8453708059167396,-0.75588654168232,1.0782263325569676,0.6829431203823525,0.5318955318955318,0.8233633784707861,0,0.8428662887588882,1.1088702724269501,1.5338525019302758,0.08676453333934062,3.9482595926641078,SMCI
1702,2023-07-11,1,break,126,0.24854262545213526,0.8547819341459226,2.4493144170413412,1.2223301829520776,0.4330121749366955,0.87637773886105,0.44715829257081324,0,0.34951349010280996,0.8751664022114107,1.3199360985584336,0.5823402639780781,3.4877151387339436,SMCI
1723,2023-08-09,-1,break,126,-0.0050598230691120145,0.9008208900188638,-2.8284775157774833,0.5715710370047681,1.5987264949118223,1.5340621309435845,1.3997339280157333,0,1.4321945781236005,0.9497550348727763,2.060146723933412,2.302329879772549,2.5842685138105295,SMCI
1889,2024-04-08,-1,break,126,0.11172302160299105,0.77386438659772,-4.108791942333245,1.4128851955110953,0.4021361450565615,0.4432617799433645,0.22997618769599398,0,1.1632035294526097,1.028855969980313,0.7865580112751206,0.32727099881685706,2.009084914680303,SMCI
2029,2024-10-25,1,reject,126,-0.35483309182776585,0.7533581434397971,-1.8375830226890721,1.0777022529981473,0.3425326215616463,0.445883377620822,-0.40405946342364285,0,0.0861235713321038,0.9248847216292984,0.6465704659589346,0.2409321672836901,0.8673424344854443,SMCI
2032,2024-10-30,-1,break,126,-0.05871953768465719,0.77792484968213,1.7446653187827044,0.4031800044839181,1.5938484534027484,0.9784357617556297,2.289325818858308,0,1.7972011063297246,1.160426175853841,1.9778341718403563,3.5624614741867244,3.411015278104588,SMCI
2049,2024-11-22,1,break,126,-0.022884292768089464,0.8142065073566211,-2.6123454124077297,0.3402115700290453,1.3896449373176225,2.078809466154423,1.895520183677325,3,3.8392204444734683,0.8576009560213588,1.3296680522058448,0.2658109262185219,1.2954896437123733,SMCI
1584,2023-01-19,-1,break,252,-0.30239134600714945,0.7644925257379899,-1.0393417953418171,0.8286330800641092,1.3407450090751774,1.3869218444114713,1.5601962103808864,0,0.4695229324194241,1.4901387893390123,1.8775816256559046,0.6873327098242444,3.054873240648048,SMCI
1610,2023-02-27,1,reject,252,0.09222209849985488,0.8095446653490481,0.8143498037828706,1.049637991848447,0.9135644919269893,0.9322704314489138,1.0667724004803953,0,0.4653329811413755,0.8436573166091516,1.0923762163988036,0.19817485827587586,4.030245724695245,SMCI
1627,2023-03-22,1,reject,252,-0.04108490601243138,0.8303592478562818,0.8872383093628295,0.9134150056345026,1.158418365422653,1.2192618430306947,2.332884367683387,1,1.2901801014965357,0.9094164569695217,1.5671491856026785,0.13313527208443768,3.261551153479369,SMCI
1656,2023-05-03,1,break,252,0.5450376256523636,0.8295618403162878,0.858390872068103,0.53639873355302,1.7322864809363894,1.689628512252097,4.791114359424548,3,2.0175581961761764,1.4478738332770982,4.096162699718737,1.5498837678962758,3.3745103552504436,SMCI
1707,2023-07-18,1,break,252,-0.18652633581716924,0.77628341501902,1.1326131714098984,1.611049104848091,0.4281398612159169,1.0745281129452195,2.7570254132797114,46,-0.26082872911583976,3.1679639046709096,1.5366293698005387,0.05077404211954245,7.634909394849402,SMCI
1749,2023-09-15,-1,break,252,-0.13469415231815077,0.867690714121547,-2.049963804358444,1.5481664220175402,0.6849966901336568,0.851726704169883,2.4051650579586594,0,1.251527864360862,1.3026881713171048,1.355224867821651,0.2867157890487156,1.8581636694862076,SMCI
1773,2023-10-19,-1,break,252,-0.06789315538737606,0.8703162116587364,-1.7500879372208058,1.413608263721619,0.7781819552277923,1.074059898574299,0.30139947854945653,7,0.45302385805443257,1.0806440146854805,1.6614484668760348,0.21666499205618533,1.2850830539949791,SMCI
1845,2024-02-02,1,break,252,0.61707179038718,0.7650941367839906,1.4354367972841016,0.9279476132519082,0.5170376517055082,2.502567551431933,2.2704931937685324,0,0.3649603202629703,0.8783614157062395,1.2061123577954151,0.21268689752267855,4.50655539467939,SMCI
1862,2024-02-28,1,break,252,0.22570233642366963,0.7501444639135847,1.4987056503484397,0.7423806265821122,1.7893711521907527,1.334282751507436,0.7555284564742588,12,-0.14309344821947834,1.247786251452385,0.4205835749520163,0.3650111520788888,0.630661563159374,SMCI
2100,2025-02-10,1,break,252,-0.043365312681748584,0.7857338583717789,-1.2812484804408255,0.775360213324839,0.7710947155045607,1.348539679264403,3.817389181169997,0,2.0972102788272493,1.6582670396647252,2.6848250705758407,0.7474438862419935,4.8897984445054075,SMCI
349,2022-02-17,-1,break,126,-0.08545246752326552,0.8204296663864612,1.4736339113889456,0.49858340863512185,1.5828060119653364,1.4871741841254429,2.6613746262223166,0,-0.17041957712207823,1.3441988537549012,1.1301349580805287,2.1328889358061205,2.0517749877196056,PLTR
369,2022-03-18,1,break,126,-0.05367728929798897,0.9274269399129597,-1.9297345015698086,0.4671419228315213,0.9860821219632439,0.8708391493343629,1.9465466794336692,0,1.498609615814857,1.3959801578592173,0.8958879352560852,0.06238838630149786,2.178216416716326,PLTR
404,2022-05-09,-1,break,126,-0.20201028781227454,0.7937056746550389,1.4520190038551288,0.5520755553457024,1.3656231401976602,1.6671974806653638,3.3241852455880414,7,2.112634839557908,1.9203732604586423,0.7470571965981203,3.1124404496465106,6.6127273683917585,PLTR
435,2022-06-23,1,break,126,0.03938333947482486,0.7665018749189767,-1.5226635979106413,0.7424827296472001,0.9293413885169443,1.024816142315993,1.1066766973499944,21,1.1436859459238111,1.0281960469711913,1.2593013839696006,0.023026972339087584,2.044965788847986,PLTR
717,2023-08-08,-1,break,126,0.10771073426457814,0.7592443621787909,-2.3823686864017275,0.8276756433192541,1.2633260188293054,1.2119503737571369,-0.29473123831228476,0,1.3117627369071347,1.004095517179781,1.4005735209810242,0.6417430710252227,0.659744262306178,PLTR
1009,2024-10-04,1,break,126,0.046633615415085476,0.8372933604226593,1.2841230118185796,0.5903633647833513,0.6525618817759747,0.798298138837937,1.8072070469417576,0,0.6612858227417526,1.12369844202589,0.6634358571514896,0.3321108196447229,2.750801652692011,PLTR
1024,2024-10-25,1,reject,126,0.36079036763219435,0.9165040775803153,1.4953370991322015,0.7074268292746406,0.5119725378848584,0.6004745296430819,0.6051206980464905,8,0.16768468665463143,0.9949787941658251,0.9556373277611806,0.2827313099094913,3.3029355422340543,PLTR
1028,2024-10-31,-1,reject,126,-0.47874776497698723,0.9282517455805482,-1.6273033231671736,0.6116156389212744,0.7914038651898359,0.668687760166185,-0.23785875058161166,0,1.6001958863591512,0.9213633646098647,1.6786303979678239,0.8252704391664025,1.1211668878955954,PLTR
1031,2024-11-05,1,break,126,0.31197863387579544,0.9493705999926626,1.5308402686875207,0.29040405648700873,1.847663703065047,1.2788863303561195,1.4266617863144688,9,2.064649295224772,2.4606694456716425,3.2454567546692816,2.891721440351462,3.2479041068158705,PLTR
1073,2025-01-07,-1,break,126,-0.46369719246602376,0.9293165062927857,-2.6641756085311927,0.6257523346262769,0.8386970765558733,0.9197984543803687,0.6915123919037933,3,1.7832711073003784,1.5337830267695503,1.1538817541470119,0.2431746734963474,2.0961167506132643,PLTR
1091,2025-02-04,1,break,126,-0.14150192185572696,0.9355588926698585,2.4954966950581183,0.4662013325741084,1.4565704028942645,1.2943160802651017,1.5892364955176623,36,2.095723451597032,0.9510612048337735,1.7226302824103241,3.5360890750196083,5.425194754220622,PLTR
1104,2025-02-24,-1,break,126,-0.0647935029051485,0.9326966218680695,-2.5101130239788354,0.42263305568816323,1.1530517703830752,1.676634799352295,0.4114178241747046,18,2.4397531332397584,1.2558419948831245,1.478886479677801,0.7936551510538958,1.604760940885976,PLTR
1226,2025-08-19,-1,break,126,-0.06491484788743565,0.8499698277030325,-1.7381567798986537,0.5895522163329205,1.1129661360885184,1.0600024752055959,2.691789999751341,0,2.155211047659649,1.457924722125082,2.6501704385291514,0.4426019712338462,1.974225800707416,PLTR
1271,2025-10-22,-1,reject,126,0.05909440933274339,0.8652276495693373,-0.9777577417103196,0.5817074515941612,0.7855661573042737,0.6531670098796362,-0.08285714888964966,20,0.6968100333509719,1.063531761766351,1.738493246120307,0.08884307915684787,0.9822283485199048,PLTR
1278,2025-10-31,1,reject,126,-0.17974093491824522,0.855841950596928,0.900629147610796,0.6201224652439459,0.8840174343531794,0.895743773858992,-0.1516498022810557,0,1.1951388741928894,0.7671523333839073,0.8283209840474692,1.0014383741750907,3.688659025082408,PLTR
1281,2025-11-05,-1,break,126,0.0545758731658643,0.8597969677894886,-0.9762719930587176,0.483934754870226,1.2612804145335395,1.3568797912719897,-1.1424042830045735,22,1.4064814389545233,0.6571729594293222,1.2539659469397992,0.29962759751316714,-0.3685192692718799,PLTR
412,2022-05-19,-1,break,252,0.008459343218288435,0.752261213893306,1.0291869084349567,0.5692761450193718,1.6956976099346988,1.0181231063437262,-0.8317008329570197,0,-0.7572725937867817,1.394700732713073,0.8807036522331564,0.06564487139534571,1.673865021709971,PLTR
427,2022-06-10,-1,reject,252,-0.13881397326107206,0.8117654393887052,1.0470454905647437,0.8295563412262612,0.8211173552031287,0.7420758922994442,0.7761231224374646,10,0.27046729937782166,1.107039380118547,0.7900871989478587,0.457412442236811,0.5018931810866033,PLTR
447,2022-07-12,1,break,252,-0.02561503697928994,0.8378203724575699,-1.491648662200382,0.8435110226651549,0.6562954011692711,0.8946003913866836,-1.2582108936703515,0,0.6399733749251758,1.3208885640465415,1.216608476257649,0.21754708912185988,0.8050690215273576,PLTR
493,2022-09-15,1,break,252,0.008701073435905282,0.8699943549134614,-1.3224715914147183,1.1336383919726916,0.78136423286951,0.9432198700362943,2.474679511362428,31,0.49676970455069924,1.0305098878562051,2.0628385272529925,0.6065394566384023,0.4810195997783126,PLTR
519,2022-10-21,1,reject,252,-0.11492224765243032,0.8185915905431942,-1.026804170122519,1.4426020001297721,0.8977362180305605,0.9053267060933904,0.6554631194374718,35,0.6402755939354999,0.9855656895443815,1.2547660242828498,0.5026646288267845,1.0334398208219517,PLTR
547,2022-12-01,1,reject,252,-0.20236849384201858,0.7676781866783522,-0.932295612500485,0.7503927655391569,0.898081233197674,0.6606144605608638,0.8279003651803973,31,0.8095375317777915,1.0925906265083476,0.960975637833158,0.026828123467010162,0.7515915433478595,PLTR
772,2023-10-25,-1,break,252,-0.23348122691709147,0.7507768799004059,-1.3184165009320912,1.2271919355991052,0.8001860744292392,0.9265415218507437,1.1578813152648493,0,0.6691097453752359,1.4235052254743614,1.1739049031729223,0.11205758331856826,1.774889984871821,PLTR
799,2023-12-04,-1,break,252,0.13415267339519854,0.8425473059033138,-1.2414151437409613,1.1188174854989363,1.0039486226449024,1.0571171933516057,0.2795785757971951,6,0.33397319871599385,1.0674103905869188,1.7987189487566875,0.7133415262766375,1.6647491419611606,PLTR
973,2024-08-14,1,reject,252,0.11878611226090485,0.7619801981679644,0.6097022680178442,0.6824754615014892,1.5894367396320466,1.506068959263785,2.088651732874981,0,1.1686639093631193,0.9462656902234747,0.6653237196581647,0.1775416053441699,2.687779025076087,PLTR
990,2024-09-09,1,break,252,0.11688349451021851,0.7731335563427594,0.6618583120443519,0.9028738723140282,1.2483764668528918,1.1514730054471152,2.4804051807796084,8,0.5973631408476365,1.1580610739426809,1.9532267838997226,2.2300251806982865,2.9780542006844875,PLTR
1072,2025-01-06,1,reject,252,0.2889984118510454,0.8306795861569762,1.334612231054061,1.3785002179262626,0.9306165525313953,0.8583720521349144,0.07561902400558998,50,-2.1384238648136535,0.9144262879531121,1.1425931789294406,0.4047523011571261,-0.1331749112254074,PLTR
1091,2025-02-04,1,break,252,-0.14150192185572696,0.8353884224541719,1.52450001470929,0.8403454442011724,1.4565704028942645,1.2943160802651017,1.5892364955176623,32,1.137640272540042,1.4951263022131784,1.7226302824103241,3.5360890750196083,5.425194754220622,PLTR
1113,2025-03-07,-1,reject,252,0.13739166706712383,0.8908892870973347,-1.7815270016662064,0.7974254788389844,1.1165766533568513,1.2121135908242935,-0.2839914957570006,0,0.15299748472428065,0.6883747752551372,0.7507106679626051,0.10124766434721294,3.052497431561428,PLTR
1175,2025-06-05,-1,reject,252,-0.14859534301635488,0.9384212863251102,-1.8389351482974547,0.9942217232275723,0.7258744079051174,1.151108111514974,-1.112016392565756,27,0.34056173476739504,1.1434634320793262,2.41769633348285,0.15272770313821343,1.1690992092205181,PLTR
1190,2025-06-27,-1,none,252,-0.18862462152148843,0.935184384558538,-1.841168051097267,0.9481780013492576,0.7338777002659022,0.9827792236831611,2.078811677944621,17,0.8853349364894398,1.2689334551006977,2.3432760606716676,0.10849927005426485,0.870958761325714,PLTR
1226,2025-08-19,-1,break,252,-0.06491484788743565,0.9258869897055546,-1.674942907706074,1.0386380413662761,1.1129661360885184,1.0600024752055959,2.691789999751341,10,1.1910754629982794,1.1244531734731102,2.6501704385291514,0.4426019712338462,1.974225800707416,PLTR
1246,2025-09-17,-1,reject,252,-0.06491713174992014,0.9131813174653972,-1.5104123257101907,1.9312639972304728,0.7309267553097859,0.7331148136385665,-1.7528694574979693,22,-0.1081321666567695,0.7615335008652964,1.1626606205847698,0.3884255707389417,-2.4889565184749087,PLTR
1271,2025-10-22,-1,reject,252,0.05909440933274339,0.9040361645351893,-1.2712818638778296,1.0883447827044916,0.7855661573042737,0.6531670098796362,-0.08285714888964966,15,0.4041321668289347,0.9656306702555036,1.738493246120307,0.08884307915684787,0.9822283485199048,PLTR
1281,2025-11-05,-1,break,252,0.0545758731658643,0.9080509539992502,-1.252456900402916,0.8799442290733985,1.2612804145335395,1.3568797912719897,-1.1424042830045735,17,0.7059536487270147,0.8483623714250306,1.2539659469397992,0.29962759751316714,-0.3685192692718799,PLTR
1317,2025-12-29,-1,break,252,0.1574408382267481,0.8552691728143904,-1.0358710546591667,1.2936585979881043,0.9169493140305408,0.5317506509008894,1.1527632337357114,31,0.4954978596684704,1.040237457257663,0.5700599996286063,0.40187596040970724,-0.05268028769803367,PLTR
331,2018-01-26,1,reject,126,-0.031147244138789703,0.8365593153692078,0.49290708184545207,1.1038308743621628,0.6688242496450815,0.9991018904583127,3.3110887737275956,0,0.5523081718401797,0.9780795311640198,1.3641598239740664,0.11420554278489742,4.690534346137084,COST
337,2018-02-05,-1,break,126,-0.04645038944237833,0.8569265675696216,-0.567832950637637,0.7217116327915437,1.2471715613510739,0.8780069092247506,2.346498804517418,0,2.552499778478264,1.6871721544107952,3.5158026973098373,0.1263092947519129,3.7173649124333155,COST
462,2018-08-03,1,reject,126,0.048783756454286294,0.842987989616544,0.3549063959661794,0.9415319285926314,1.077138224044586,0.8276057405660281,-0.07224410023572324,0,0.04655656954835341,0.9851953147574668,0.5639669985176796,0.07349659046074704,3.0156624747467213,COST
474,2018-08-21,1,break,126,0.022968689930666874,0.8713085034585909,0.44221506172127,0.5966429962268701,1.385471575640594,1.0004223316997458,1.5517720475600434,4,0.4829424711212272,0.766721788993571,0.7784652672106146,0.9725147171785535,3.063634301483155,COST
498,2018-09-25,-1,break,126,0.01810824364376997,0.964640897313688,-0.5123334211917823,0.4897211687435945,1.0708787963390212,1.087998788087225,1.1615250509513366,0,0.7528421496856836,1.007697838318104,0.678266124740157,0.32000908289701013,1.2920380366334419,COST
534,2018-11-14,-1,break,126,0.11935943636359393,0.7569382730652076,-0.3622304642309704,0.5837006556850373,0.7116571351914309,0.8026566095546784,1.5876281890242823,29,0.8997816686336568,0.8359490966066566,1.1953133336221466,0.9015367205638594,-0.8167695510925544,COST
697,2019-07-12,1,reject,126,-0.019878496016489635,0.9094755316033946,0.5061097511440336,1.1003893542670746,0.8261906904959252,0.9234384867600829,3.3461090667112625,0,1.0408820560544634,1.098150283167033,1.3926633365484118,0.021743733719567986,6.786862300984998,COST
712,2019-08-02,-1,break,126,-0.07852288492626674,0.9128922635233627,-0.5426320533508279,1.08233248284899,0.6175064185731897,1.0134067935186561,2.1908113199100403,0,1.207807343805218,0.9516811385377814,1.44531467308808,0.14372512134416,2.8816394821265003,COST
729,2019-08-27,1,break,126,-0.013324561542717507,0.8500226122816916,0.38530707556287414,0.40133252294298577,1.7540734163413376,1.4207730943947783,3.1784387146536637,4,2.6945570366411835,1.5515548991914412,2.546162658997629,0.49900648385921165,3.46262384138149,COST
751,2019-09-27,-1,reject,126,-0.036230205387065256,0.8744490592225455,-0.4582730522031309,0.703187527637066,0.5817253544162985,0.9041885408997936,0.20574656364727234,12,0.3387830357529529,1.0604493462120494,1.1561866474542055,0.4223084596257751,1.9629373614539305,COST
770,2019-10-24,-1,break,126,-0.010781599603319682,0.8771631640122445,-0.471290576747616,0.9299671047835923,0.4163645055027431,0.789900855920741,1.324503147078616,18,0.8312697670517263,0.990222502306132,0.8570447259691997,0.9829627733124604,-0.973404683839994,COST
789,2019-11-20,-1,break,126,0.023087839426504896,0.8383629037575037,-0.3693699028912798,1.0100614473906986,0.7713292484822621,0.8163479145473042,0.21388531534624622,16,0.35625600649813083,0.7641029937982197,1.4383273233958827,0.0921079725272052,-0.11052737808110545,COST
796,2019-12-02,-1,break,126,0.01173679081776089,0.8279992257906524,-0.3178764900929867,1.0346502010002445,0.5592848534111762,1.113954238649806,-0.44499778646505606,17,0.5292233935686602,1.1839892893875041,1.7456631300926218,0.0331862277971798,2.0852448156153285,COST
1010,2020-10-07,1,break,126,0.035583305664344124,0.7567373852060437,0.3512884705190673,0.7554688065986348,0.885073563205555,0.9586275168224259,0.6326833997137695,0,0.433268166779084,0.9178914780915716,0.7824994940766422,0.5596581558534544,4.111920496800772,COST
1039,2020-11-17,1,reject,126,-0.033222845534437107,0.8978836063434071,0.44961098161933005,0.426777486414186,1.443982668832999,0.8191639778124207,-0.5238917732753166,20,0.9917741960703023,0.5300723287437864,0.9341625049351647,1.1342975099338486,1.3402369079260286,COST
1050,2020-12-03,-1,break,126,-0.016176449935244586,0.9166837028371354,-0.5011257572419049,0.4442935765564899,0.7781081037768917,1.2162275198661647,-0.33375992096980694,0,1.4200787829082047,1.2288285908982244,0.8220853558134069,0.8977042047298861,1.1239294815734644,COST
1216,2021-08-03,1,break,126,0.04586678660505378,0.7746135431811063,0.5349464661354453,1.0899385253467402,0.7481462170608537,0.8458456528259845,1.543721732329642,0,0.07440485024961352,0.8929146191621623,1.4801948983865125,0.3312595391630772,5.924694215616227,COST
1241,2021-09-08,1,reject,126,-0.035761844861195456,0.9366864451053744,0.566132537430918,0.8736062848978441,0.8107209639097167,0.829475627813847,2.3078525372990333,12,0.7809343918519744,1.0694984314231788,1.3771658534971711,0.13282067572521092,3.216061814568029,COST
1249,2021-09-20,-1,reject,126,-0.02367894145394283,0.9435713412467645,-0.581784259317377,0.8357393249916658,1.0997521526575897,1.297154977491643,-0.007214196538522131,0,1.221169396285128,0.782494722058291,2.5437158329335916,0.8016601606867152,1.8994560539081198,COST
1282,2021-11-04,1,break,126,0.025486033511098245,0.9027032868709206,0.5492603661636953,0.8442091624766044,0.8415617758024615,1.1853601504115778,2.2880883586536505,11,0.9654355140282418,1.4374113655670533,1.9789581576745308,1.0143792500793412,8.878800423418026,COST
1307,2021-12-10,1,reject,126,-0.0743090019166472,0.9067765093729534,0.6545328572007523,0.39598508260637993,1.7143508648539392,1.669508631280726,1.5866400562324552,15,1.2808717858419087,1.1977109042154597,2.3060330519719034,1.059925906691379,2.3501181821480968,COST
1326,2022-01-07,-1,break,126,0.03857631907534435,0.9033051231151465,-0.6409519446357941,0.36977738931305487,0.900375493668035,1.0431001962771462,0.88799289842436,5,2.0467894098447417,1.429396465473372,1.1243741732846393,0.19866767649135292,1.7387330418433848,COST
1731,2023-08-21,-1,break,126,-0.038178557190822,0.828651973347995,-0.347931806826128,0.7786930293880286,0.7583380320686179,1.023969998003623,2.009611989918624,0,1.2678956888988016,1.1516873395159546,1.2202735114664423,0.27049642603967566,3.512348233189578,COST
1756,2023-09-26,-1,reject,126,0.0020275080582182045,0.8198750665924073,-0.31447925553625866,0.7581730146967478,1.0551786066358997,1.0741029539813118,2.6355942999080293,15,0.9342781758907033,1.0176977714000068,1.2866446440162744,0.11250003450890393,0.2699924338306556,COST
1764,2023-10-06,-1,reject,126,-0.006026313947586376,0.8175142507037352,-0.30995326180071014,0.6081981710534738,1.332855031092439,1.4229876497238254,-1.6477013133422078,17,0.5923494332610797,0.989907535665755,2.8252780987219,0.5569338776066063,0.7930495483733699,COST
1774,2023-10-20,-1,break,126,-0.042870842376544545,0.8007534779988561,-0.2946987917101636,0.6021142559717875,1.0517477841142462,1.0059574063284065,1.5049937596894751,20,1.0158705493685454,1.5709420207730829,1.5042824222310809,0.14615115294397749,1.970419403799414,COST
1848,2024-02-07,1,break,126,0.08748941155462286,0.7973057390946161,0.5924134588262999,1.3825676738353314,0.6595881110886218,0.9316195800126765,2.300439173407913,0,0.7076609279785901,1.0542301037186215,1.2777261659086783,0.639514018024433,5.17818535974561,COST
1856,2024-02-20,1,break,126,0.008889774338884597,0.8843304420054218,0.5994828744187618,1.2979085799275134,0.5930247695192026,0.7664657915362536,0.13009964770990964,3,-0.05779774674403504,0.8755784802795086,1.1897208428996604,0.7431993277499526,3.231963281177059,COST
1876,2024-03-19,-1,break,126,0.023464459021181067,0.9026433631598458,-0.8385079558009997,0.4246744924949605,2.0711809481939003,0.9388650425489486,0.3438286539087814,0,1.5072518993295185,1.7364816376198902,0.47312189149067585,0.016173643602379616,0.6206593254576341,COST
1931,2024-06-06,1,break,126,0.044336190214199295,0.7619248938846611,0.39761425226200275,1.1201475169323047,0.9429123466469604,1.3449447834653432,4.023308999372243,0,0.46705150694731556,1.4751947801441534,1.1543591377701623,0.1498522828639549,5.3705491762062225,COST
1965,2024-07-26,-1,break,126,-0.07265061240363775,0.7768286226214312,-0.45056561444646404,0.7810452124658458,0.9304432695135305,1.001353760644901,0.8141775378781313,5,0.5593819439656449,0.9068783882554268,0.8510238543141856,0.17335258199804823,2.8148872303946626,COST
2009,2024-09-27,-1,break,126,-0.006303318514987367,0.8061685910780385,-0.5321794926397451,0.8727541612039793,0.7717640914875424,1.268976492989368,-0.3508523188138959,5,0.7633366836224628,1.3312111070282184,1.2301957416775402,0.7964375422589597,1.238742973200546,COST
484,2018-09-05,1,break,252,-0.01028145689902655,0.8805109517943788,0.33766787265006687,1.267267830525259,0.574900512702486,0.9918531071689547,2.626190900126908,0,0.3985174662702877,0.957588353896121,1.0509557665232667,0.05521942047317369,4.233614927301893,COST
506,2018-10-05,-1,break,252,-0.050525227634363054,0.8787980711090098,-0.34583171606569374,0.7951371828961294,1.557891191148926,1.5293418788853812,4.554202738935899,0,1.8856231839455946,1.2799780851263927,3.1811916030688243,2.017693327881167,4.905322637838213,COST
521,2018-10-26,-1,reject,252,-0.005758148203932406,0.8671766352714245,-0.30971423709314666,0.5784995473466025,1.1274188326314307,1.179932910492738,0.7250234362093427,4,1.3318563741085716,1.4457046431209706,1.9379838370740394,0.9831466984398398,2.1074878148984175,COST
538,2018-11-20,-1,break,252,0.10662280853980699,0.8553174304189877,-0.2937273088412367,0.5897049329787645,0.9712979352658594,1.0231498843677729,0.6398498177783953,6,1.5900356372980395,1.6891032448058059,1.401068161631542,0.9770950798992447,2.836755664411921,COST
777,2019-11-04,-1,break,252,0.003881906193620309,0.7830506891041296,-0.48938322372095056,1.2962473162263761,0.5954760045426851,0.6923563178362576,0.3910584186458154,0,0.2446184907320743,1.3499519308739745,0.8176906959068012,0.4963069114815404,0.5472617752373538,COST
853,2020-02-25,-1,break,252,0.06760679986432364,0.8790634614012316,-0.28990751348735033,0.7333767052318917,1.4818436906654835,0.9822403652426097,2.5644995851764745,43,1.4633655270110713,1.1336978528497637,2.8418033782789496,0.37131187741094546,2.2418982606253066,COST
1074,2021-01-08,-1,break,252,0.027709176546846546,0.774323389327616,-0.30349409155063717,1.5558331222820496,0.7736309729065507,1.1862665711933935,0.7561614340382352,0,0.6072542125800384,0.727516342509995,1.217249759116773,0.06795532584305344,0.24197413319152988,COST
1102,2021-02-19,-1,break,252,0.07568549296920148,0.7692934640534287,-0.3183357829668568,1.3964244467290212,0.7999078935005592,0.8125600244192366,-1.4899447131440422,23,-0.3125354541131853,1.8454827362396249,0.6616643867385033,0.07183850191215627,0.5664863788778385,COST
1297,2021-11-26,1,break,252,0.03125698979856953,0.7588112971828161,0.37306176227608817,1.6334252030810275,0.5151468793203683,1.0991349269038577,1.997961919571992,0,0.04640766119449369,1.763140444851157,1.217742449126906,0.035235353169816894,5.527223449155815,COST
1325,2022-01-06,-1,break,252,0.05616810991548858,0.854963878367604,-0.626913683755496,0.4765413065286391,0.7792191852043268,0.9800072299319181,-0.36912055410010824,0,1.1167899787548687,0.772550607404089,0.7564232699171842,0.3399978843736079,0.4878263647736699,COST
1399,2022-04-25,-1,break,252,0.2799159072255242,0.878938426241283,-0.47915439270432136,0.7655002293715734,1.2145312412886835,0.9836040423875796,-0.3660458419630453,33,0.5704103417545361,1.0030154735610315,1.3243452994693496,0.14186778090726576,1.5250970427942552,COST
1807,2023-12-07,1,break,252,0.07978202926174294,0.8576152745651773,0.22368714430900863,0.7334464495648438,0.5199965775450109,1.0659253682800407,3.3756531192803223,0,0.8528141465918249,1.1954869072399452,0.7751434311829958,0.37881259168448206,3.1608577965111886,COST
1898,2024-04-19,-1,reject,252,-0.11478585612002992,0.9062482540183192,-0.447938510169359,1.310331704737447,0.589355353531849,0.8253432318184165,1.633262056277027,0,0.7239619972785454,0.9577258972316125,1.2016801478748969,0.30136537406549274,1.8123872635477518,COST
1906,2024-05-01,-1,reject,252,-0.12127547604354608,0.9077693390399939,-0.44549482443466915,1.4608079118456083,0.4295997432049307,0.7801270599511787,-0.993274341020374,2,0.16690476945712085,0.8215176878852443,1.2489776359167513,0.11584397740729298,-0.5017090593254857,COST
1917,2024-05-16,1,break,252,0.07597326846324795,0.9102179542572902,0.4418976643444424,1.1198330716150602,0.7890265541792264,0.8169710719913056,0.4539335258713009,19,0.1932809842633193,0.733624295422091,1.3770091556459816,0.6196892388810709,5.994055623149406,COST
1923,2024-05-24,1,break,252,0.054996959105073115,0.9108542728741649,0.444259896800485,1.0672702235747098,0.6149794178398251,0.8318031712657956,-0.6110910276538517,14,0.14911932632450597,0.9174626097126949,1.4623489337734497,0.5234596412175346,4.674127924946606,COST
1957,2024-07-16,-1,break,252,-0.016379556530495366,0.9011906130074486,-0.5989564206014696,0.8547877420056362,1.6080624011870168,1.547159605882525,3.3587048770922934,3,2.1568724992472363,0.8652559181389494,0.6778242310639246,0.08001771339868063,0.8082604495036344,COST
1991,2024-09-03,-1,break,252,0.0013553946471283026,0.9326039453174426,-0.5597650424477245,0.8680282475903441,0.9349661803566288,0.9654340405560204,1.0108273673624926,18,0.5455473597071083,1.098879998648337,1.3953633940219794,0.3637846030682996,-0.7663612607685139,COST
2009,2024-09-27,-1,break,252,-0.006303318514987367,0.9322389985444014,-0.5247357058212632,1.0410135456187875,0.7717640914875424,1.268976492989368,-0.3508523188138959,25,0.5788141920709862,1.2645793561477676,1.2301957416775402,0.7964375422589597,1.238742973200546,COST
2056,2024-12-04,1,reject,252,-0.07798441657264721,0.8957960216131593,0.35562277909521395,0.8115056872314049,0.9360901399353281,0.8862558137729154,2.532826092334185,0,0.4329142161227042,1.0572767152223548,0.7797515096065234,0.012149412585705618,3.7811590199120024,COST
2072,2024-12-27,-1,break,252,-0.025551373164142386,0.9151266531825142,-0.3758281121692598,1.0991073035403656,0.7972169826069537,1.1541549892051828,-1.123132342630544,24,0.5818603699758467,1.039746979435139,1.1468186627726769,0.9035894084906577,4.286845698935502,COST
2097,2025-02-05,1,break,252,-0.015714273366478723,0.8666888201902314,0.2937163983896023,0.8887312479956739,0.9968069593136293,1.0317659902426901,2.519418854326936,4,2.0459688526327104,1.3426756507916684,1.3301821561161828,0.1548629434437488,7.457359418978988,COST
2118,2025-03-07,-1,break,252,0.0508725935665277,0.8527188681784117,-0.41643015341227135,0.5550033190443425,1.6297656953414208,1.5047314487987853,1.5111933808448328,20,2.3791364004022273,2.1927773597868385,3.106328556995924,1.627203945098806,4.155662986045109,COST
461,2018-08-02,1,break,126,0.05866528987399879,0.7715008039530766,0.342609295423523,0.44402322891281615,1.7048212314418032,1.2869859541103206,2.4552234981801098,0,1.3274824187317953,3.898530582095917,1.796407443099396,0.5403201892547468,5.472239884821655,LLY
476,2018-08-23,1,break,126,0.014302892420891396,0.81624418470672,0.5106019226274497,1.7321683203778238,0.5586673059561588,0.7403083330980618,0.06872507295130664,10,-3.1604894259503213,1.559321345707305,0.5469004148985024,0.060575812261929686,4.205154711626092,LLY
505,2018-10-04,1,reject,126,-0.04646520474696748,0.9244934498146469,0.7161715674064421,0.9197772016018909,1.061118547862253,1.3440551163565169,0.34531265749249085,15,1.005952146484559,0.8406583107676937,3.3048444504822716,4.309521332368671,5.354386989336491,LLY
511,2018-10-12,-1,reject,126,-0.0155375680316965,0.9310505154202684,-0.8445237508127809,0.5630558193287124,1.7025754219625997,1.4278584666696852,1.6743387058752597,0,2.045237214822963,0.868941624353525,1.3776576824455131,0.6041859106842695,-0.8891346184438872,LLY
548,2018-12-06,-1,break,126,0.004845955921653702,0.8576876931678945,-0.6409994062190132,0.7629503138738345,0.7710990699341053,1.211738977441843,-2.693739896904558,30,0.19016024516913332,0.6308684610745023,1.1111090771065923,0.685786855137914,-1.1264023568758168,LLY
636,2019-04-15,-1,break,126,0.07651625930503576,0.8121212155434174,-0.3789117237608263,0.7991844904135049,0.8830107030589299,0.24212226099501427,0.4327754791763335,0,0.8468473212525072,1.1565170742305555,0.6164177974905009,0.5691056208206774,2.752941890895753,LLY
721,2019-08-15,1,break,126,0.0059695910318818424,0.7549625386054255,-0.3910911739301628,0.45516031007889796,1.4622094119232183,0.9308215856322947,0.1369617216291042,0,-0.7343592132823465,0.8655863924248769,0.7790758396793701,0.06869127362647653,-0.009783820868845347,LLY
853,2020-02-25,-1,break,126,0.09701759870947668,0.7997434580782871,-0.6920412797266409,0.9405883888616289,0.9259902349878548,0.9644851030443148,1.656677227506697,0,1.110164056396634,1.1593070241753987,1.9504953371488336,0.425909969889251,3.6182372792495716,LLY
1122,2021-03-19,-1,break,126,-0.028616967402487866,0.7515203475147294,-0.8060434919826951,0.9173937881445721,1.2030158862902536,1.4193939667147513,3.2182740013711078,0,1.539311505371209,0.9813403380632438,0.41907636939029613,0.17578629181189107,3.4774663299348605,LLY
1236,2021-08-31,-1,break,126,0.1144397124741403,0.7871567075194306,-0.9969817318125249,0.9147285195210872,0.5987342957733444,0.747213052007081,1.0241318865909137,0,0.6545770347304082,1.1670999856919273,0.917391310139172,0.15981927013104902,2.1366753328934363,LLY
1456,2022-07-18,-1,break,126,0.024635077839393317,0.819923798318338,-0.7179616488565905,0.73111713415314,0.7225090310454276,0.8417789507187947,0.544513474654846,0,0.9660995514169337,0.9823241023325616,1.5466142884806617,0.25342158287412664,-0.10723611445457755,LLY
1716,2023-07-31,-1,break,126,-0.19771234942262866,0.7519996778142715,-1.2105799254529144,1.0300227629791352,0.7625608731837966,0.6858492182029637,-0.3364400810947099,0,0.6313302764115023,2.441751708433375,1.044738027148535,0.08220060884853558,-0.11570453807008622,LLY
1726,2023-08-14,1,reject,126,0.10790372693353929,0.8770748624787053,0.9661115737106676,0.4474851425008267,1.9333646220785596,2.1797407872030248,0.5757705406637162,0,2.265504091764018,0.8872028678982987,1.4176293159677151,0.18213697086504302,4.125098394971298,LLY
1744,2023-09-08,1,reject,126,-0.03688951798499736,0.8993193228483539,1.006992975514659,1.2786472961859092,0.46846970164725044,1.0672896031352632,2.4853608508956286,4,1.092119340730205,1.064597307987874,1.6457582439077802,0.14912517686081553,5.688138400022825,LLY
1753,2023-09-21,-1,break,126,-0.07132290718621741,0.8992124901813854,-1.0335104418645558,0.9209947564671482,0.7750829769142265,1.1573627392926502,2.935634094606127,6,1.659566206744133,0.8310996871015985,2.431930260823403,0.3001255649299091,2.309297860919307,LLY
1769,2023-10-13,1,reject,126,-0.01904091780575765,0.8643000408748849,0.8432868928959036,0.8072758550054066,0.85984429147166,1.3486940020255964,1.5415286621903053,9,1.080990359661779,0.5495697496832379,2.002848501593167,0.6528285815609283,4.4340716392167145,LLY
1779,2023-10-27,-1,reject,126,-0.0543650713398724,0.854404111150421,-0.7575900042981778,0.7051801521372668,0.7022116525160701,0.9133772043099618,2.121840984473645,13,0.44084710655187614,0.9157502537763907,0.8509734414664126,0.43438728496156964,1.5455076762512818,LLY
1797,2023-11-22,-1,break,126,0.03957370835973139,0.8347622166868633,-0.7665058408138713,0.6120692195504094,1.043505929055105,0.7409048586954377,0.22337769072671093,13,0.06379224560695385,0.8026301136582997,0.6719822822346704,0.1924680237575939,-0.5879951105429582,LLY
1895,2024-04-16,-1,break,126,-0.022824532681961027,0.7926701694811009,-0.7675166515703621,1.4493995367262962,0.7893801805083309,0.6793401619109369,0.8834191486573649,0,0.4072593420387408,0.9881687036375932,0.6034826280884923,0.10918662234607775,2.464271774619672,LLY
1956,2024-07-15,1,reject,126,-0.07205926099969415,0.7665809271211669,0.6038686507520357,1.6644544642870405,0.652320739324316,0.9386002531534552,0.8829300462511538,0,0.47114592892636764,0.9443915708934998,1.0130187891254154,0.943058226292545,5.057872335641932,LLY
1959,2024-07-18,-1,reject,126,-0.09294066517978716,0.7665809271211669,-0.6038686507520357,0.7563770820181414,1.426027657335038,1.3572468480961124,3.537044237714135,15,1.5379056066359937,0.9147409342727472,3.995745992088278,0.08313213360223543,3.7324315381958164,LLY
2336,2026-01-20,-1,break,126,0.02010887278509943,0.8018016430707313,-1.207306755282857,1.0677984589052179,1.2035743555567802,0.8542197723266041,-0.38440507193890433,0,-0.09923134605652639,1.3859394932409634,1.0432614668232747,0.5557139546024379,1.50881774102518,LLY
2491,2026-09-01,-1,break,126,0.002520452937780478,0.7721060619658693,-0.7020937759541667,0.7150509817164822,0.9898540532885841,0.9842382237382423,1.843239453206598,0,0.6755503788170767,1.3272542836545773,0.8359442680049952,1.1477677908093535,1.6918789680267883,LLY
567,2019-01-04,-1,break,252,-0.0469361322669119,0.7891026959520562,-0.5624995257616363,0.6711150080093484,1.1129456438894934,0.854253313906691,-1.4967712553227444,0,-0.12709960421932598,1.0934952478345041,1.0453539054608996,0.4086428881880576,-1.1159291427802265,LLY
611,2019-03-11,-1,reject,252,-0.029205008773794013,0.929411183006939,-0.5408471457519122,1.1446029032518972,0.81882497729495,3.7554814239089844,-3.127776916131997,22,0.8724073122258462,1.0758102831992018,0.9823994558551397,2.9245355170479823,0.39415785650890045,LLY
629,2019-04-04,-1,break,252,0.07177743421535901,0.9263399340323915,-0.516347528108817,1.1688591209053458,0.850301931277145,0.2424371930849266,0.23676863631625739,24,0.6522569963166586,1.1784137574640103,1.2049238092538077,0.21386534033785118,1.0703665040078048,LLY
928,2020-06-11,-1,break,252,-0.12558764457629393,0.7612331980565394,-0.4976683476018998,1.0064819092539843,0.6283589727657538,1.2303537207334025,1.7871153927286,0,0.829030465019415,1.5019485812471771,2.3876343915511717,0.3490641373241213,3.2923932708885966,LLY
962,2020-07-30,-1,break,252,0.026692969806645594,0.8754046344075727,-0.4906267108079187,0.865168417329909,0.7602921800999447,0.969666758189762,1.265923014115897,3,1.0868756253376675,1.5917358229862197,2.3551777616469836,1.263926988599304,4.162882167413253,LLY
1216,2021-08-03,1,none,252,0.008944615087054013,0.7721777882033692,0.528350250220557,1.8200692033659762,0.6751056904037103,0.7465442274559847,0.9866634158096568,0,0.33304767027696025,0.906226160097471,4.235389456687839,0.6370409827630024,5.574074690214895,LLY
1243,2021-09-10,-1,break,252,0.02348873419237303,0.8504894634443855,-0.6528960360786252,1.295600324323025,1.1394810906032429,1.1877867684597778,3.7652756028457004,0,1.1504690631623002,1.0026219218559094,1.005668243213814,0.5547610870836542,5.208547423347506,LLY
1279,2021-11-01,-1,reject,252,0.005107095832865173,0.764192109783028,-0.6255810973358886,2.1944550029191263,0.7240675342739491,1.2733078001214202,-0.6653134634233582,29,0.9265532786369953,1.0332738023269679,1.6220911557747044,0.1208018492700316,-3.085669474204005,LLY
1487,2022-08-30,-1,break,252,-0.08530002532270022,0.7650894163100574,-0.35623976467882834,0.9163754214123343,0.9932970154431131,0.7216014573874105,0.7852722296288238,0,0.4859664807147406,0.9551899744736448,0.8359618953041164,0.002017538474029538,0.9428948955203349,LLY
1535,2022-11-07,1,reject,252,0.00946014101326502,0.7511075540043185,0.3379186587612994,1.0516273658098139,0.7613704297142182,1.2582913345264712,1.2015467677770346,0,0.019138146134613843,0.9262359458225781,0.968153016793301,0.11210807550788765,3.748113699136983,LLY
1585,2023-01-20,-1,break,252,0.05240872890543301,0.8395125681434128,-0.36062490063757613,1.0961238298882157,1.1129237108357533,1.0616981039376823,1.4202291956097908,0,0.6867653231563547,1.0036623099290871,1.0232260681612901,0.8850089960040947,3.037817054234413,LLY
1767,2023-10-11,1,reject,252,0.022624065389046415,0.7531621896083808,0.5739304849673625,1.2184399015052136,0.9513411515227195,1.355475231286126,3.658332665076613,0,1.0966219959654242,1.0625174598240306,1.8291583362734722,1.4583680425339665,4.05709783056233,LLY
1804,2023-12-04,-1,break,252,-0.053229369631032926,0.8575720345850002,-0.7310379263770819,0.949947755527715,0.4243661671623734,0.9474552415200062,0.30370974927536715,0,0.5563733345367528,0.9025871375254698,0.7540488285029447,0.1619756969414622,0.8552193866002455,LLY
1853,2024-02-14,1,reject,252,0.004505795296239926,0.9130722793402394,0.7002834533438951,1.272503054617613,1.1559941017458544,1.047779953440948,2.192807700179003,0,0.7239250842167625,1.0208178437105284,1.1748736676261071,0.26220004730063623,7.7442854149280365,LLY
1895,2024-04-16,-1,break,252,-0.022824532681961027,0.9282562847695367,-0.711575875999917,1.4647120788749801,0.7893801805083309,0.6793401619109369,0.8834191486573649,7,0.39359186565612203,0.9644266247077868,0.6034826280884923,0.10918662234607775,2.464271774619672,LLY
1913,2024-05-10,-1,reject,252,-0.1294110736515025,0.9160209990003523,-0.6730010994501522,0.7999144823648703,1.4623295779845595,0.9282477292747346,-0.4106601009936775,10,0.22614956135796238,1.0979680523621722,1.0080421852704746,0.15076821125489087,-0.5460059456648011,LLY
1940,2024-06-20,1,reject,252,-0.03271949399869325,0.9080119987499506,0.5788895772548219,2.300795898976353,0.5331558356419611,0.9483914638067121,0.664888386459811,0,0.15243638941970328,0.777616052008276,2.0969518114507006,0.25447918899773997,7.168882684305954,LLY
1964,2024-07-25,-1,break,252,-0.15008732398523925,0.9087272039429104,-0.5791180163351863,0.7100379024137778,1.4461618368371427,1.187838593676388,1.8708873662277419,8,0.5597946752332801,1.2152663878338137,2.078805710116471,0.6891874270245949,4.312309635382756,LLY
1993,2024-09-05,-1,break,252,0.030253113417793968,0.8897757432409933,-0.6199405381318257,0.5764593266436713,0.5827101503424997,0.715942355730429,0.567461840827059,12,1.068993016340844,0.9871689925972823,1.576829898314811,0.2054793973383411,0.7357729968929152,LLY
276,2017-11-06,1,reject,126,0.04785419014275745,0.75697388340867,0.26694712123105274,0.8849270859941873,0.7897551598085009,0.7040238974360556,-0.6577050960094076,0,-0.5006284065908643,0.8750072066128053,0.8833617527471738,0.09070993358137701,1.7846525962847306,JPM
281,2017-11-13,-1,reject,126,-0.0878880753866219,0.7884005318275948,-0.3392609352807973,0.8578704077262671,0.8836557277774155,1.1560705728425924,1.2417301813344122,0,1.6769737443561947,0.8019665377433896,1.1941560367370876,1.0674494098410803,2.3628091905940845,JPM
292,2017-11-29,1,break,126,0.038393496481196235,0.7606580008311576,0.288392297748296,0.6034327641262055,1.3067854786107416,1.0635874515801533,0.2616994939391356,1,1.4897915499222139,1.0366452600980098,1.6878298512437662,0.9069904099881246,3.9262740369266576,JPM
337,2018-02-05,-1,break,126,-0.056811135073073706,0.8911396739777316,-0.5549080203678222,0.3999313222895026,1.519787388055742,1.1934147148757495,1.468180754661052,4,3.0414707434916624,2.243990061800223,6.803459279108933,0.7994452939501276,2.8764635741310887,JPM
354,2018-03-01,-1,break,126,0.030978296838212297,0.9266150581257416,-0.5599678292237014,0.3220831495258716,0.8423877680462499,1.0647176223514114,1.2675081130362569,7,0.8499922989004197,1.4392326291675628,1.3005209648598952,0.0083732662004119,0.23158574325424205,JPM
366,2018-03-19,-1,break,126,0.03844915835492099,0.915692720367512,-0.48962739312281667,0.6182368189843216,0.7838381345405071,0.847955135956573,2.172889757554498,14,1.2364504284675362,1.196719729661128,0.9958285693789888,0.2535256255548169,0.8130325271801405,JPM
823,2020-01-10,-1,break,126,-0.012198376967615221,0.7775814649916278,-0.614012583283346,0.7794422426464448,1.1476858972789985,1.0119058429437702,0.6359401666811939,0,1.4784113074705472,1.0206341199435773,0.8719353098136609,0.16313569257282542,1.2998393593140891,JPM
1104,2021-02-23,1,reject,126,-0.007664874853314705,0.8706807868956883,0.8608634990665927,1.0804254915100855,0.5697575230207322,0.8897615053785053,1.783331052693662,0,0.04182799075115773,0.8737148215988885,1.0721316765206634,1.0534374880674138,6.160576579874522,JPM
1122,2021-03-19,-1,break,126,0.016180251931365908,0.9504632900509836,-1.0857620645786326,0.6702178239504225,0.8416089025237941,1.5118395914046385,-1.3725990415275824,0,0.9328185767364542,0.8094971018265928,1.273116949747633,0.9627415340685698,-1.1254472947433805,JPM
1179,2021-06-10,-1,break,126,0.029290069614047377,0.8616184853644645,-0.5902410643731697,1.0931806115708165,0.7357986307507538,0.79340312454716,0.6745818103110646,36,0.5873940108256454,1.1099960490956116,1.9787307860373662,0.824514883570225,1.8671678390416095,JPM
1387,2022-04-06,-1,break,126,0.059294663542604174,0.7664569393554488,0.45157732649057003,0.5915687356492116,0.5876941107261515,0.9392165695609984,1.491289939460312,0,1.5096212679861278,1.1492219488913265,0.5177125102541954,0.7838723044629782,2.4576786160475117,JPM
1422,2022-05-26,1,break,126,-0.10635679654307516,0.8608821698268136,-0.6443519293109805,0.552178568956824,1.1162636383658322,1.1652978775091916,1.9580275941848657,0,1.8600325214034812,1.1284437370667775,0.5597951862557881,0.3954887662095203,2.6951958184041915,JPM
1456,2022-07-18,1,break,126,0.09116231910173336,0.8247664814896165,-0.7343203184818525,0.6488251849239638,1.0442870424150608,1.2345549800312503,1.7131264375377842,10,0.13545929801106987,0.48220212895758263,1.5976112058907086,0.8590884248128208,-0.898907348935695,JPM
1866,2024-03-05,1,reject,126,0.05041781102558148,0.8571890084424407,0.5527836330908646,1.1673226225544653,0.6985819586636857,0.804808356301146,1.173462240943638,0,0.5164405652739221,0.9685120467237845,1.3034827688150767,0.25122206893838983,6.357669655945846,JPM
1877,2024-03-20,1,break,126,-0.0799196325022866,0.9068133276780306,0.6027392914358579,0.9172588811941731,1.2392103049431111,1.2131369071372948,3.2940261178041004,4,0.41340141452006285,1.2668661793657945,1.1586801674512823,0.2666927909448051,5.5726347155424705,JPM
1887,2024-04-04,-1,break,126,0.020604329437389657,0.9390954789254413,-0.8050527821958715,0.7489924031130368,1.1891101311027386,1.0146166213763692,1.5159710254141254,0,2.5803678830634977,1.2062895189317018,1.5001779175992098,0.4213112782269626,-0.7213139380887319,JPM
1919,2024-05-20,-1,break,126,-0.007234216491681917,0.8773145724011592,-0.5341704742782137,0.6071403747964669,1.2347875687925325,1.1037693016460386,0.16930541728856902,25,0.8901294329578782,1.2490379793143027,3.733528303784257,0.15146119298824917,0.007722699308608225,JPM
2086,2025-01-21,1,break,126,0.05983934847671824,0.7619570177901774,0.4300215740347494,1.0335893195685097,0.61371943499185,1.5720768731852772,4.097871861583007,0,1.3626549228745735,1.0321810544893986,0.9372532076420388,0.33955270130766085,7.168055887847576,JPM
2109,2025-02-24,-1,break,126,0.05215158500299929,0.8076906888158377,-0.631110656952194,0.8106623211110299,1.3486185003175515,1.1026430546263533,1.2911915036276864,0,2.205303104329144,1.1298524688824492,1.8168048701187132,0.3451957078360772,2.6407089837710433,JPM
2243,2025-09-05,-1,reject,126,-0.05179759670184158,0.8467970466981868,-0.5818985713538349,0.8047473941556227,1.1567704691239962,0.882186729888286,-0.5305044499451542,0,0.76166164518466,1.1786888673719862,2.2696826865968243,0.052324008374728115,0.21472983213983166,JPM
2261,2025-10-01,-1,break,126,0.016877430502474686,0.8864123482645212,-0.6063188776387565,0.7877457740279947,0.6476272839012774,1.0546850396279723,-0.5414328141904119,4,0.7765340090949918,0.9043853371219395,1.38864566705592,0.4298833919509673,-0.6650290597449098,JPM
348,2018-02-21,1,reject,252,-0.003914279577302338,0.7645087188719094,0.2997948586556297,0.5771981938269104,1.3020190248646824,0.8815945516082979,-0.028012356248822864,0,0.5144000941555202,0.7807852962780136,0.990204750471827,0.12963583577183124,0.6050493332679313,JPM
369,2018-03-22,-1,break,252,-0.013729818107587862,0.8960602205026773,-0.36196188248902733,0.6475115840231462,1.133517202351444,0.9791675757825619,2.882483692044436,0,1.4446646598927506,1.2895596441073574,1.889249866068433,0.9103412335076132,3.2248222670374487,JPM
802,2019-12-10,1,break,252,0.021623276957484516,0.7543571388200859,0.28653749564250425,1.4044731465773979,0.8787555276817527,0.907147763172366,0.8178577914673082,0,0.6364410079265581,1.1300072086270418,1.4566445301888322,1.171117485826081,3.310012401851322,JPM
833,2020-01-27,-1,reject,252,0.04468587038668339,0.7737412532802974,-0.33953037498505384,1.0293244304494327,1.1732649489482265,1.0239639383603085,0.5439104604647294,0,1.5552950795876006,0.8017951057393391,1.8378357259755425,2.0805866238688964,3.674421058285942,JPM
852,2020-02-24,-1,break,252,0.5141858257115218,0.8166852165518286,-0.32406230569263517,0.8193497856302745,0.9727741503535263,0.8981545163867374,0.2909354197605765,1,0.9679367534498026,1.1110653702338813,1.1647631128972895,2.6351143067252516,2.2376827159860158,JPM
1117,2021-03-12,1,reject,252,-0.0012816211565808418,0.7596777025312672,0.5827472554579863,1.452804586294385,0.8380325203490454,1.0073270606879485,-0.042585143055413444,0,0.25171241570394365,0.9343494017552884,0.723264909158631,1.1928497096142034,2.900192124955951,JPM
1144,2021-04-21,-1,reject,252,-0.06785858028348514,0.821568154149122,-0.6744784530528994,1.4526832635607136,0.7747421223577869,0.9070235771358843,-0.6939921837043928,0,0.5648403823413157,0.7311499808066118,1.4769035453637482,0.8540219511501493,1.4740544000609976,JPM
1180,2021-06-11,-1,break,252,0.01438959972507003,0.90121828769331,-0.6580594919331086,1.6474566756619582,0.5881949709793571,0.8786446156936253,0.99874859557295,3,0.8181202930294116,0.9948511850333701,0.8390507664989925,0.021007451318496313,2.2428750397304595,JPM
1473,2022-08-10,1,break,252,0.0017722194297537363,0.7775076963882646,-0.5534295844274383,0.798234528731312,0.7972109898990336,1.0341682217304222,0.565741063324185,0,1.4899881907242234,1.3109119531518916,0.7293301532291095,1.1988613133724295,1.9899610114966817,JPM
1511,2022-10-04,1,reject,252,0.12785108870594775,0.8987543241488263,-0.530323629819486,0.6960670980665165,1.3342783118070816,1.2048492210139823,1.4299638570218638,26,1.4616088338052096,1.2520505959107335,1.0195430539521195,1.2507556299515457,-0.1035176479057723,JPM
1519,2022-10-14,1,break,252,0.19625408606000794,0.9060781691732382,-0.4774554597722821,0.5663760780967455,1.5408886567742544,1.5158851664078261,-1.669042176837984,27,0.926299300242447,0.9477241367303985,1.3831078949991749,0.9600308378789068,0.9242910006672101,JPM
1867,2024-03-06,1,break,252,0.031780000562804646,0.7665251411253923,0.30061885949697376,1.744097797244844,0.6944206413217966,0.8372931890930979,1.4636495347810479,0,0.24259973478772978,1.5946282419483908,1.0636463017524673,0.5422363169761659,6.5279471704867635,JPM
1969,2024-08-01,-1,break,252,-0.06627712510744056,0.8793059759223973,-0.4521887760578864,0.7429390351198039,0.8797604539694246,0.9502186262756118,1.1061937861734292,0,0.26610490171996737,0.8745200661032272,2.0192444092079693,0.12823166622868845,0.5850726939753494,JPM
1994,2024-09-06,-1,break,252,0.005853516854858885,0.9206456767817633,-0.4345080926707192,1.004306408677126,0.8338840695987655,0.9585055772098926,0.9816262147762344,10,1.259211494667903,1.0297689449354392,2.5045040769608313,0.014334282413376328,1.5392835159301845,JPM
2037,2024-11-06,1,break,252,-0.006415752110453551,0.8823160201376347,0.35746384520197916,0.3997092578905324,1.8064208852980728,1.1655018631535448,0.4507172343126863,0,1.831105746054423,1.7254061533764367,3.448006951362336,2.239271768032546,3.73750871511195,JPM
2066,2024-12-18,-1,reject,252,-0.13258139865755264,0.8918059970165236,-0.3825295177473805,0.9015251411175408,0.6184706228684005,1.0534436705484391,1.5038219294015513,13,1.8432299408741464,1.2824730548851517,2.5766385469600612,0.24321537774917942,5.235186757144847,JPM
2084,2025-01-16,1,break,252,0.0841395406756539,0.8966975619395327,0.3463949780082921,0.7612092758041109,0.5842370867308188,1.3961634166052086,2.658670415971881,22,0.8855892393350838,0.7720301748679324,1.0052302585461668,0.4969982005492692,3.898955039828163,JPM
2115,2025-03-04,-1,break,252,0.026686592239480854,0.8781587266671895,-0.38442199722621856,0.641176270466047,1.3970831344776342,0.987071063085942,0.15925551239102312,1,1.3562249077888315,1.0746896499552816,1.9917017702441107,1.1904760758745978,4.024186856584575,JPM
2357,2026-02-19,-1,break,252,0.06740575555124412,0.7538467060999665,-0.34709997474743554,0.8607235162807544,1.1576820967688626,0.8247741054138403,-0.22230673297471767,0,1.0735167103472985,1.4914967511850787,0.5661688995224474,0.326079633147628,0.0804392067866017,JPM
336,2018-02-02,-1,break,126,0.10282685433744007,0.7684913825545033,-0.2531514559724939,0.3678044619067452,1.8899223429268686,1.4717645303020763,-0.3748038532450015,0,2.337855868702111,1.3936466809414696,2.870767544864952,3.1381824302474874,2.3508467080740023,XOM
1033,2020-11-09,1,break,126,0.13434344200633536,0.8031722273270181,-0.9008275046539855,0.39358543968106646,1.6923151679122024,1.4253404084014445,-2.882735903993929,0,1.7212390675041127,2.2285156041368572,1.8352912454044117,3.0100600935757047,2.6562418925696463,XOM
1116,2021-03-11,1,reject,126,-0.09291543982054191,0.8445138021744932,1.1976618694193022,0.7742134721417084,1.018186767113737,1.1777432389780795,1.1931110580240871,0,0.25941326984938384,1.2695640626318387,0.7889913672352976,0.007484475903898634,4.258226583071293,XOM
1126,2021-03-25,-1,break,126,0.01091734530811106,0.9314482978757159,-1.3038564655290847,0.6696924663025026,0.7749303535216204,1.3126657509975512,1.4127402712494364,0,0.7094763149499002,0.8680960009210025,1.218026790930081,0.9052098568746397,1.603944019403726,XOM
1160,2021-05-13,-1,reject,126,-0.04726324569094053,0.8673047844928943,-1.0113151376574425,0.8869362786951831,1.05259428462692,1.1286670502660927,2.0664452969993747,25,0.40274774138913294,1.065568334806582,1.2477068073088189,0.9981137983189728,-0.9166320367111099,XOM
1185,2021-06-18,-1,reject,126,0.08731249861684054,0.7896843173234732,-0.7606594929105266,0.8508707808817434,1.1009932198198957,1.1516836123613168,0.9453088981063097,42,0.44382228979587024,1.2439197554866133,0.9849602031139103,0.9496217653876577,0.5990086726793135,XOM
1356,2022-02-22,1,reject,126,0.06799836060185999,0.7535692157347063,0.6458423293840128,0.7686401916288905,0.7479517023221587,0.9399081744614318,-1.1011747687447573,0,-1.0852212737256308,0.415952621748121,2.020749397555119,1.4700506285567998,-1.1711849746725433,XOM
1362,2022-03-02,1,break,126,0.039564530299459645,0.7596982710747802,0.6443557695067106,1.0430954801928123,0.7317584038367762,1.313344771108828,0.05971941686460218,1,0.5027001976452339,0.9402122169952983,1.0027981008442572,1.207025298170027,1.3911767229021887,XOM
1401,2022-04-27,-1,reject,126,-0.12906138959535043,0.8196708038772512,-0.8277627297549291,0.9017658542953112,0.7767110436146266,0.9789895217447753,0.9057575556096252,0,1.3884410661857363,0.766967313068843,1.5069479212643773,0.7625543766979919,0.2650129077931425,XOM
1409,2022-05-09,-1,reject,126,-0.20203677248476787,0.8409811464413951,-0.8448938895251344,0.5308845306122053,1.392442214137624,1.2102877860307573,-1.5208959694500415,1,0.6522646988716513,1.264841716514227,2.184973121098512,0.8953294113891029,0.962391122306943,XOM
1429,2022-06-07,1,reject,126,-0.1846654043956778,0.8664320764365503,0.806771773551629,0.9244654358848358,0.6858715668596986,0.8962286301670982,1.4621890379876015,2,0.9641357045444525,1.308978038107972,1.5148034799555259,0.5957185482725988,6.705662503122628,XOM
1436,2022-06-16,-1,break,126,0.059626662894058415,0.8436917499876776,-0.7227174600403584,0.6278202108040735,1.1577208229922933,1.1117230827123135,1.507236736883498,7,1.7899287669631594,0.9420730131139878,1.063829635752513,1.2699378354885402,2.8627155971857303,XOM
1926,2024-05-30,-1,break,126,-0.009864379929359058,0.7690355022924209,-0.5048770154225383,0.9882184144713239,1.1215549173309238,0.8073373454865558,0.08926968284844908,0,0.3964787437626702,1.7883413575407812,0.5892715414245936,0.32671888483514666,2.2774649992544354,XOM
2373,2026-03-13,1,break,126,-0.02254270733505019,0.791102304445751,0.6447462464599736,0.9140943178168054,0.7778842568901834,1.0276443402041535,0.13290585276305975,0,0.3686587670288317,0.9896304324069073,1.008642975159442,0.31739372802462884,2.297917939010651,XOM
2390,2026-04-08,-1,break,126,0.04940165986758171,0.8825005098096685,-0.8748015503198839,0.6296284182990008,1.404937225367004,1.1345391638327826,0.09786008144319398,0,1.5296851686155808,0.6275182209123585,1.1365104995034836,3.096809065548623,1.4983326290744103,XOM
842,2020-02-07,-1,break,252,0.3842185391788,0.7505537000676905,0.21401812154207933,0.5981282642557926,1.7694563641992695,1.5330485565116903,1.207918910135559,0,-0.0025324735823368805,1.4564039911107647,0.5657696519037884,0.46996460726172923,3.8981869654969503,XOM
1222,2021-08-11,-1,break,252,0.07581000387777644,0.7548040026476526,-0.813150235950115,1.4565496850555717,0.8167958775674741,0.7666252396177117,-1.1321208149989939,0,-0.09230824952983818,1.8860644980473138,0.621265440332424,0.00984337100965506,-0.7445408293766486,XOM
1436,2022-06-16,-1,break,252,0.059626662894058415,0.768709882997473,-0.675797635660666,0.829247667232336,1.1577208229922933,1.1117230827123135,1.507236736883498,0,1.8711115365571607,0.8488093569677289,1.063829635752513,1.2699378354885402,2.8627155971857303,XOM
1492,2022-09-07,-1,reject,252,-0.051548235541001325,0.8655086181370331,-0.5512780701878691,1.046057756070306,0.6885595095957421,0.866266149402603,0.12364682639903869,40,0.4086136693595048,0.8337598198016347,0.9730160616018098,1.055960535999075,0.5488769609250529,XOM
1499,2022-09-16,-1,break,252,-0.06218222512046857,0.8599117269581473,-0.5475886366711639,0.9504871538391838,0.8468451030032857,1.2126476810775717,1.6318891277266796,38,0.5279409232398298,1.115771764232045,1.4264348902754924,0.12975674530414621,1.5744365308531956,XOM
1587,2023-01-24,-1,reject,252,0.036507536246824776,0.7952808946855452,-0.401575531744147,0.9493196997376349,0.7046441297519841,0.8921066715490895,-0.23756140381405724,0,0.010652833468861693,0.05581080690676242,3.6251959868897727,2.094028538608606,-1.8785224904717293,XOM
1619,2023-03-10,-1,break,252,-0.06083201377931824,0.7870002024817785,-0.3402033569991207,0.9084153462164953,0.6474364048196102,0.8749191071483601,1.3831605331769938,1,0.7130651970539793,1.1139413278996284,1.6898349074347498,0.25390401527278267,2.673437985187599,XOM
2424,2026-05-27,-1,break,252,0.07254881889178136,0.8314938873659723,-0.4639246410683825,0.8342607620308691,1.11094062367977,0.7544711978941959,1.1001560838530453,0,1.43157758938644,0.8866305069863736,0.7646302361819126,0.8316931059628021,1.6227570730169625,XOM
2435,2026-06-11,-1,break,252,0.014359159788461216,0.8228292544533923,-0.4449948824331168,0.9094246767119102,0.8720636867869862,0.8879584831727264,2.2772830363898753,2,0.5400871909471688,1.1310187807863006,1.6668974795028773,0.5794383057323318,1.9148549013042553,XOM
241,2017-09-18,1,break,126,0.05986902597969521,0.9347250956590794,0.5253082048853541,0.6444140821126653,0.8988077590176559,1.093733981343662,2.065409084008793,0,1.176678016479951,1.0630434591712614,1.0249773073051176,2.047122875553489,5.625563942849667,CAT
253,2017-10-04,1,break,126,0.07264719213764151,0.9343525046219203,0.5169982401595089,0.8494216833849793,0.4056335239265612,0.7440490825393102,1.8894766815638095,5,0.6412285897830574,0.981782172951472,1.0812757588978237,0.2050006624055818,4.297462144334592,CAT
293,2017-11-30,-1,reject,126,-0.11011016597922997,0.9585270508900416,-0.6651623893279959,0.5662248377561332,0.897445194083248,0.9786857873656892,-1.9495812193660496,0,-0.20554461153578463,-0.0012667354364813545,2.566129122051701,0.5737422915726874,-2.660880148598849,CAT
302,2017-12-13,1,reject,126,0.13650532864117504,0.9712829283982831,0.6855387375020962,0.42400425238792006,1.2190181654251329,0.941301616934411,1.4645684814336688,27,1.3864268404108775,1.0775211658267274,2.361865848619255,0.4215672114969383,4.799012183984613,CAT
335,2018-02-01,-1,break,126,0.10287074073089568,0.9542559491877203,-0.7960479214432856,0.5985285183962257,0.9386483611351867,1.60791131800834,-0.6551544024678707,1,1.9073480187711103,0.6048664249730602,0.9645114408844059,0.8049778245153079,2.2642955123030553,CAT
1001,2020-09-24,-1,reject,126,-0.15609766631984828,0.8216298099594017,-0.6632922607581531,0.5499266597526479,1.2654206205581469,1.0515879327038689,1.9215769215820875,0,1.439962093844788,0.7813998003275482,1.087133767024601,0.12428873274649871,1.0714406988044207,CAT
1016,2020-10-15,1,reject,126,0.02447985077337079,0.8864508502062114,0.722551467750533,0.5844309415108367,0.6652898444328162,1.1874806219490468,2.2358064581042103,0,0.8559268536582069,0.9491665430782088,1.4619591198401294,1.20001031868153,4.59837708112124,CAT
1025,2020-10-28,-1,reject,126,-0.1443305752046592,0.8913255183989859,-0.7362430644781326,0.520747950936935,1.144224247064248,1.2157165434040207,2.0898009661081054,4,2.65656706666661,1.6466474163480929,1.3209547068050427,1.3248422133269346,2.990162904504056,CAT
1033,2020-11-09,1,reject,126,0.0458811174939423,0.8849029962068461,0.7216353588905621,0.3283422404386699,1.8386617139657215,1.4953885057074126,-2.9585768579762926,7,0.7854952986952736,0.5899069712094813,1.3722692394928098,2.4143234559990607,1.4193646094512888,CAT
1051,2020-12-04,1,reject,126,0.007817411148739295,0.9124236682951401,0.736636222312939,0.5544487206774338,0.6523433254652385,0.9670942534219591,1.1322882074317513,9,0.5336289873223619,0.8092532512552029,2.3884515603654277,0.42478209803422445,3.0498770410117126,CAT
1062,2020-12-21,-1,reject,126,-0.06463911347109108,0.9385504129383982,-0.774413440734838,0.663653323700143,0.43389170449108533,0.82611485119116,-1.571425297899739,8,0.11922576326905637,0.4818985718510714,1.3903229946960973,1.68208054538082,-1.0233114271694193,CAT
1072,2021-01-06,1,reject,126,-0.011465492233511145,0.9288173042389677,0.7598550645920091,0.5969729682893039,0.875982406570618,1.1919730493737968,0.8827358846729872,10,1.9756058877382636,0.7007374826956566,3.135654715845585,1.2372590983584726,4.703943197450633,CAT
1086,2021-01-27,-1,break,126,-0.2054155080187538,0.9393650127810004,-0.7720003114211396,0.5147439294042254,0.5963520164700151,1.0142157355888657,2.1170253718259358,10,2.1705012372066808,2.1398516637074168,1.4370027166755293,0.9192696485473908,2.746738398806449,CAT
1103,2021-02-22,1,break,126,0.03585326675282031,0.9254532482665674,0.7363587265488309,0.4595026799985646,1.1172945897390405,1.2109930759745804,2.6172063423374707,4,1.678049481642223,1.5592359317890532,2.107473175235221,0.06508931289626267,5.48737926216914,CAT
1126,2021-03-25,-1,reject,126,-0.02579595717601102,0.9222215724900928,-0.8502413252520631,0.47716178082875554,1.211197810138889,1.2469415014360608,2.0298488853027816,11,0.9906237301583216,0.206923383083827,1.4085185677677343,0.42839692117575323,-0.4326844897307973,CAT
1143,2021-04-20,-1,reject,126,-0.0507066279323951,0.926337184538316,-0.7958323909618289,0.7617225791554142,0.4589262002895413,0.6871599469648355,-0.19036227796225186,9,0.5347806334928384,0.8976159015396712,1.130727342621993,0.5065794931020741,0.7453353671306667,CAT
1266,2021-10-13,-1,reject,126,-0.0896937921508313,0.7818169373682107,0.3989141317819297,0.5833691278144757,0.8739759317460968,0.9391528793255687,1.8315412888838503,0,0.3634063477218925,0.9396777233741522,0.860660449061909,0.18526037379394977,1.819365554233032,CAT
1271,2021-10-20,1,reject,126,-0.005943513919492491,0.7950280450987843,-0.4120871745316028,0.6137790524284161,0.9419730596322987,1.0436496950764502,3.5212597957098732,0,2.12825318530479,1.188575461930638,1.2449790993264067,0.006459949874386906,2.739186687826583,CAT
1606,2023-02-21,-1,break,126,0.06784814202719736,0.7707120471566431,-0.9800466797351143,1.2945656849376705,0.8529523756198857,0.8259286366141697,0.24425350627427417,0,0.5074177816889672,1.466952289613595,1.405451521108989,0.8927083840906376,2.7801831559119923,CAT
1753,2023-09-21,-1,break,126,0.07295774068435652,0.811121668746611,-0.711744849142117,1.080182795798797,0.8077540740200231,1.0153998421313493,2.116487711116151,0,0.6496855987343292,1.0516572769831498,0.8509427771119714,0.6739204749326062,2.0735534121780304,CAT
1895,2024-04-16,-1,break,126,0.004735023226645799,0.8667518300401695,-1.0045907389218252,0.7641877073667422,1.1628715020180682,0.9972136932552551,-0.2387906081322885,0,1.340006376579705,1.1615142391670925,0.8171765805165118,0.17284813237622473,1.0815381003360411,CAT
2060,2024-12-10,-1,break,126,0.10122380368271218,0.7856074859909221,-0.5108437801308102,0.8730796037504013,0.5607598290843583,0.743695213563507,1.7275002412132245,0,0.7594087959047024,1.2320592073287475,1.3502256588970245,1.7727713313971822,1.2705502204490386,CAT
2157,2025-05-02,1,break,126,0.06283212570014296,0.7588407506343823,-0.5575263481969994,0.3654724152832338,0.7457034854811145,1.0701245880030594,0.9852340294548,0,2.3522280056795566,0.9986139572507884,0.4936204531956263,0.4455492519009648,2.639395444891637,CAT
2251,2025-09-17,-1,reject,126,-0.16977626162615744,0.7625922083900152,-1.0537144496102124,0.9113892242426206,0.6770819238339528,1.0034386871006524,-2.806876053218036,0,-0.7506576623297632,0.8066256929395614,1.205627493316032,0.6389357281401351,-3.4264900545616337,CAT
2271,2025-10-15,1,break,126,0.07043120952609581,0.9091071979750522,0.8283117587979789,0.7323035360967275,1.2737434786074058,1.2421087350445572,0.6069765621010342,0,1.7579986042657296,1.794920839154629,0.8642821968948101,0.7570075923974857,5.529445373014318,CAT
2281,2025-10-29,1,break,126,-0.02029021845640586,0.9307728892903049,0.8915781027804595,0.3502453648468913,1.7131763517932157,1.1696565863659663,1.1404116542839442,5,2.6914036980878855,2.8629800130405885,2.9298795337759045,2.135113203647285,4.235514843896378,CAT
2298,2025-11-21,-1,reject,126,-0.056474843312462414,0.9282701729877911,-1.0046909142442364,0.38150240205353336,0.6303941353934852,0.7926889599015924,0.34370748198099144,1,0.5643138630063691,0.6379999087005682,1.061709415223478,0.019142614967801168,0.5378211718407838,CAT
2315,2025-12-17,-1,break,126,-0.14087015996634975,0.926779342862551,-0.9924036627370504,0.5717033041024022,1.0546707573094083,1.2131443079767381,3.0088314352157073,1,2.3100893310558113,1.4451785088966358,2.0685827216262,0.1122687613872136,1.7331511852019967,CAT
2340,2026-01-26,-1,reject,126,-0.18901639966504985,0.9119193835662097,-0.9845663157161124,0.6386634778321715,0.7745074547277533,0.9322490109713973,-0.22484094347333608,9,1.0971250329545126,0.639646443729406,1.3510829195706295,0.10559545941183647,-1.3868613645666754,CAT
2346,2026-02-03,1,reject,126,0.0405390613440424,0.9272810866843839,0.9522631795554563,0.5551305255393822,1.1379488268755567,1.4271946793119703,2.3210341081285084,6,1.2681984099504031,0.9614340375893997,0.9739140090156779,0.22960457049108296,4.218521320532289,CAT
2367,2026-03-05,-1,break,126,-0.015654016993474774,0.9260843234072632,-1.1259341627051753,0.5240427365645868,0.8073455716624799,1.136065766091914,0.059442495666019425,9,2.1920658655681944,1.2690729910128988,1.3556324512716582,0.6494263106082082,2.20077002035091,CAT
2406,2026-04-30,1,break,126,-0.01612736161517093,0.8448646118507285,0.8300950749838291,0.5170205982072914,1.1591000787787282,1.0947406595659133,0.6580454764536527,16,0.7488963388961688,1.4284760894391928,2.3619060997689956,2.0469066304446604,4.238010060777114,CAT
2427,2026-06-01,-1,reject,126,-0.20749061155302365,0.8637707743317058,-1.0003777541660375,0.7144768996872098,0.7177798245126827,1.2268556470581649,-0.961987351054143,20,0.5265124669207397,0.8518833256165557,0.7930963500990973,0.8321603777789539,1.3916925829825229,CAT
2434,2026-06-10,-1,reject,126,-0.10653834295456097,0.8679799200151522,-0.9559639014389353,0.5916696917913171,1.1591499721387548,1.1879120192828385,1.069525659502593,15,1.2364360251610937,1.2251933366893746,1.811149177223248,0.5400929355825965,1.6113888036792252,CAT
2444,2026-06-25,1,reject,126,-0.17340600043085358,0.874200548346805,0.9879576753764022,0.4847698672677079,0.9038358017545136,1.6030701195963093,3.6292243897663385,10,1.1183159752993757,1.1877051972998518,1.450712687122003,0.9495610160350342,3.9224095860199686,CAT
2451,2026-07-07,-1,break,126,0.0700252071919202,0.8570876302543803,-1.0696297125477046,0.40973584785887507,1.3805793951998488,1.0643688639858135,0.6829182360215172,3,1.6969414028569607,1.1947768165660009,1.1807605796279712,0.6555648340459798,0.7482616838523535,CAT
312,2017-12-28,1,break,252,0.02592047710300622,0.9208456078981331,0.5146421564373228,1.0985158304112888,0.7921495706694108,0.7775760921433049,2.6596312797378046,0,0.5027465969499925,1.7230628119170859,0.5474161980159464,0.2401427032662314,6.254884964675702,CAT
337,2018-02-05,-1,reject,252,-0.017518396722602247,0.9420170291206676,-0.6057373087413265,0.7604523448760313,1.1416822580829906,1.5331112702576248,0.3386934389131459,0,1.5892311957089313,1.0306781896153177,4.176618233571938,1.0608864851672086,6.094494394962501,CAT
1103,2021-02-22,1,reject,252,0.03585326675282031,0.8846416440017479,0.7294358121573837,0.5771253532428198,1.1172945897390405,1.2109930759745804,2.6172063423374707,0,1.6414962432941202,1.1399672012895774,2.107473175235221,0.06508931289626267,5.48737926216914,CAT
1132,2021-04-05,1,reject,252,-0.02399010212575496,0.964691148800788,0.7263604001655802,0.5985785790021996,0.8296314705045166,0.9779235013477356,0.22613284518015372,13,0.5318103600557673,0.9255873850771317,0.5036755297447691,0.5200269670921537,1.616613147770233,CAT
1148,2021-04-27,-1,reject,252,-0.029220713514322885,0.9746331161953389,-0.7676869256958511,1.0671638457998371,0.683562903738418,0.7293780462882702,-0.11558526341455042,0,0.11116568869633203,0.7865375510387224,0.6038882327808657,0.12339310071586758,0.4106558966749413,CAT
2343,2026-01-29,1,break,252,0.11031937626943368,0.857408547382295,0.7592431054128845,0.9183254190626224,1.012876740218414,1.1152903994351895,1.0559960509837583,0,0.03298846475093298,0.8169604867647546,2.325044998929776,0.8550571396707355,2.672373604295991,CAT
2368,2026-03-06,-1,reject,252,-0.05755645102362084,0.9511232567262679,-0.9213140697523822,0.6027761226412099,0.8632536765157965,1.1352678036163908,0.8212754067466693,0,0.9892117653715726,0.9490283654477204,0.858695629397415,1.292783363304797,3.5108407239819703,CAT
2395,2026-04-15,-1,reject,252,-0.1583357979610007,0.9692293187231629,-0.9918780435824259,0.5610343074926772,0.9820090421498825,0.7859446949262943,-0.23498095949988299,19,0.3019040341184731,0.8910600178006826,1.5788826748750648,0.3445835094693139,-2.1099152170118383,CAT
2401,2026-04-23,1,reject,252,0.03610808726188273,0.9671992755579459,0.8952552693272896,0.5124137994822006,0.6625148202673199,0.8240314390669637,0.3060187166350117,12,1.7041266993045945,0.8023111219157812,1.4188484223018045,0.3921463124513102,3.6945975346958266,CAT
2434,2026-06-10,-1,reject,252,-0.10653834295456097,0.9700694341246763,-0.9135725676319063,0.5198389918596661,1.1591499721387548,1.1879120192828385,1.069525659502593,17,1.5778165860514886,1.0809652438031234,1.811149177223248,0.5400929355825965,1.6113888036792252,CAT
2441,2026-06-22,1,break,252,-0.13860301312716866,0.9701098747590179,0.9239958194232142,0.49321134945742473,1.063802327710351,1.3560779006387615,-0.08277099100156621,12,1.4882400072260098,1.2923205620451164,0.8414734491526579,0.4855317090821922,3.879205493052028,CAT
2451,2026-07-07,-1,break,252,0.0700252071919202,0.9696356533203289,-0.9319997637795203,0.3771198665177356,1.3805793951998488,1.0643688639858135,0.6829182360215172,3,1.8850087680249976,0.7317551123272972,1.1807605796279712,0.6555648340459798,0.7482616838523535,CAT
186,2017-06-29,-1,reject,126,0.056723041922139866,0.7856838396784549,0.2506932420059086,0.4519724013050283,0.7709723962925128,0.8508987099588663,2.1225094689916126,0,0.8771482230596219,0.8517711422629917,1.5012026458208059,0.24019605983334624,2.8675654701151267,GE
206,2017-07-28,-1,break,126,0.04158939005449753,0.7648479077711813,0.24258191373114843,0.48368977223158927,0.9534483499009678,1.0111387659626672,0.6090489926805304,10,0.8960318306508628,1.9758705207064455,1.1925500771954833,0.20531766396721265,2.519617438167827,GE
244,2017-09-21,1,break,126,-0.0484265546249649,0.9242742142911037,-0.4931700727044266,0.4070375295092339,0.9611951951571117,1.3364967502189347,1.6694972086699083,0,1.4045582790126618,1.33698031511166,1.8157175842836237,0.02977488947968261,1.204008714850904,GE
265,2017-10-20,1,reject,126,-0.2689743616023439,0.9160682889371149,-0.49799590404274235,0.45643276589843296,1.3301595769363517,1.6998130157573106,5.466558132555972,13,1.588092574479628,1.1335567274788043,4.04181415307425,4.585295343557569,-0.30168206836886186,GE
265,2017-10-20,-1,break,126,0.2689743616023439,0.9160682889371149,0.49799590404274235,0.45643276589843296,1.3301595769363517,1.6998130157573106,-5.466558132555972,29,-1.588092574479628,-1.1335567274788043,4.04181415307425,4.585295343557569,0.30168206836886186,GE
317,2018-01-05,1,reject,126,-0.21789849977785256,0.8866877057564664,-0.9831156797037628,1.5313622160319378,0.5684901840630486,1.0113200317175728,0.7451695946069425,1,1.2174073850991483,0.882563726274984,1.372913349453843,1.7774037617326337,4.444132843823562,GE
337,2018-02-05,-1,break,126,0.01827454760374715,0.8974537137821361,1.038621330039741,0.6214350600635357,1.1780104014912987,0.9647788484040739,2.7400164814825274,25,1.0790410798915033,1.2291826065277824,1.4457827858980628,0.44758783817147463,5.5714962429703325,GE
352,2018-02-27,1,reject,126,-0.07591336105793359,0.9034899192563832,-1.296467649397646,0.6365684871732434,0.6741805799843701,1.0036411413735435,-1.3521584013229007,7,0.7314460915622716,0.6178291955394294,1.5668200736522264,0.06366399761966292,-1.6411242621084314,GE
360,2018-03-09,1,break,126,-0.15225597873581548,0.9246871188751205,-1.2363685176597028,0.8318850179613888,0.8086067005605354,0.719612043192979,1.6561504764655601,8,0.9512259073973188,1.3867344014569318,1.023255831173228,0.4269559443493482,1.4320376901721126,GE
373,2018-03-28,1,reject,126,0.04990354870133142,0.9218587285032526,-1.2066103407555364,0.6042107619455677,1.0593404127662858,1.1563162724782399,-0.5795272544916602,14,0.2757199200359741,0.7112756061714531,2.1499989552727383,0.269104882378909,-1.3164810988039266,GE
384,2018-04-13,1,break,126,0.07907293334255779,0.9210860768590687,-1.161867688406502,0.5983224915210914,0.8314233555672077,0.760815794587482,-0.4973909576419961,8,0.9558589004990932,1.2230620992450005,0.7467897142681997,0.8149055656965793,0.4296943012780326,GE
568,2019-01-07,1,break,126,0.19576997012955039,0.7859001237134782,-1.5596497911824498,0.8974756437167271,1.018114880295192,0.8878738986688782,2.910490298986446,0,1.2152906410315236,1.112830471430652,1.2953384169694477,1.0438406164531633,4.530313477860788,GE
852,2020-02-24,-1,break,126,0.6632446189074015,0.8532849933636482,-0.9077880927303599,0.5945307896516695,0.660720530178472,0.8526091251826525,1.6013968965715926,0,1.2800529895274213,1.3182577903888202,1.5008149355830067,1.6633022269705338,2.0752209172758214,GE
1086,2021-01-27,-1,reject,126,-0.11445783245728351,0.8530801046841232,-1.6468994820303409,1.270191942224506,0.7750778890984851,1.277391262212043,1.211290033323755,0,0.3918724011329575,0.5968564500217532,2.417871031765388,0.8983516802198269,-0.8205550915744161,GE
1116,2021-03-11,-1,reject,126,-0.10291252347010438,0.8925492298545222,-1.5263662629211,0.7405084875397239,1.5001078309716445,2.0159854709870992,1.0374436270937464,10,1.0649189063788271,1.2102567851521728,1.870504151708037,1.3396700765291738,1.1381163079685785,GE
1180,2021-06-11,-1,break,126,0.043290261182302454,0.7824813738782516,-0.5761626018561116,0.6656522805716744,0.4575207653596162,0.7628261356397833,0.7043404762624684,33,0.5567848641763964,0.8759455707728447,0.7228919154364685,0.07933297840486016,-0.3529049250276213,GE
1446,2022-07-01,-1,reject,126,-0.1764286814015785,0.8078348676066562,0.9335942501716443,0.710296148998446,0.7741249361117267,0.96711452439046,0.40055558588380813,0,-0.44535952389721034,0.906966414490487,1.0915907131486373,0.11702209052430629,3.2943917459194507,GE
1460,2022-07-22,1,break,126,0.13081470697671366,0.8604909383420288,-1.0214242529419018,0.7979177843463645,0.8693707178642721,0.9598855604325051,1.3806916191487035,0,1.347340142940762,0.9459734518808893,0.4426253509608912,0.1846583395293804,2.744563682123998,GE
1622,2023-03-15,-1,reject,126,-0.0493417792848494,0.8966483447921485,-1.2975524132075682,0.9533944501345337,1.161726563036967,1.9351317049896672,2.1647293552262283,0,-0.18304228943783252,0.5270578176879703,1.5079685669122482,1.4996365060999872,-2.598250628001171,GE
1641,2023-04-12,-1,break,126,-0.056201468113976506,0.9153225160332499,-1.2122710252688178,0.8833454148433091,0.6658791250458239,0.9116061243193692,2.0232299552504545,1,0.9579578620501299,1.0188615188518773,0.44193418048601363,0.24394817117135625,-0.8056547464624326,GE
1657,2023-05-04,-1,reject,126,-0.06320352188505272,0.9160668800854088,-1.0084841314942485,0.8341381706821763,1.051080507392825,0.7553069818630803,-0.5561255442888211,5,0.11568478620147227,0.59505811805776,2.5748995615504002,0.21958231811900775,-1.2756287866917375,GE
1663,2023-05-12,-1,reject,126,-0.07250889100725008,0.9099315571540079,-0.9606175101938123,0.8120973500330023,0.8346296515467578,0.5551769903101961,0.2526011954318549,6,0.36453409983186846,0.8480998604504909,1.1624362883504278,0.054487959596312356,0.5142966296600477,GE
1671,2023-05-24,-1,reject,126,-0.027350766260129552,0.9100371499599795,-0.9351480616540072,0.7164423032911567,1.013648881488282,0.7798186723706606,0.4965321059052111,7,0.8923050939767923,0.8182463571660201,0.7126531904556546,0.2824969465759175,0.1121239692828446,GE
1682,2023-06-09,-1,break,126,-0.04524491804049412,0.9142063524989357,-1.046181123250613,0.8897025376547038,0.882985181712228,0.8502917671771604,0.8052478728931804,10,0.9459997351345266,0.8312311801645184,0.6901386484330382,0.14526746595894735,-1.9538368879448533,GE
1691,2023-06-23,-1,reject,126,-0.06047729837973985,0.8701926259455514,-0.7299825347522161,0.6747495497262085,0.8292914517141059,1.1386231537755482,1.9520827956349263,13,0.8111110836381266,1.1658567096147405,0.8467929009754058,1.380067878213332,0.7204068243485893,GE
1708,2023-07-19,-1,reject,126,-0.03293951488790431,0.9592844584724054,-0.7279212507297124,0.7420218699401528,0.7389146076330804,0.6998036808086804,0.4370267718954194,16,0.614533084945344,1.0778600780401313,1.180327625955571,0.6461821405153075,-1.3905534553960734,GE
1718,2023-08-02,-1,break,126,-0.020683051124101497,0.9566861917766686,-0.6915999144954756,0.4453542585815138,1.5092812590527263,0.9178081942757085,1.9538084380809113,19,1.0940725500955568,1.0733608735913507,0.8368857101581543,0.13253766682279208,-0.11309128230259126,GE
1753,2023-09-21,-1,break,126,0.05493783864073953,0.9156717858963386,-0.4569477428634374,0.5528070860585086,0.8958297969102479,1.023317682538656,-0.19554821105451137,34,1.1434714696574069,1.6042272799350805,1.0696695973451,0.6643181207272449,0.7144175367515072,GE
1861,2024-02-27,1,break,126,0.11957807500709777,0.7673904340257116,0.4929656845663409,1.1617817158690522,0.9445736538558107,1.0241422184906452,2.0362812258631546,0,-0.2985216838461846,2.252206542705056,0.8498310529163363,0.14267788865658984,7.162437086063069,GE
1919,2024-05-20,-1,break,126,-0.03509999449532028,0.9553632296584889,-1.3148701973385812,0.5742385852270945,0.6181101689506538,0.7213394091322739,0.19542146836468358,0,0.5154641549354326,1.0530611499517042,0.644758970757428,0.008217497138165695,0.9834245849905032,GE
2243,2025-09-05,-1,reject,126,-0.06169628448498678,0.834414255910384,-0.8777503837251097,1.039859872937949,0.8506019732927096,0.7882993465612722,-2.238467241005839,0,0.14490887519039475,0.5767569570751157,2.255371973573189,0.0,-1.8013656811716379,GE
2264,2025-10-06,-1,break,126,-0.03427925756556092,0.8703929099799195,-0.9105403011171076,0.905593855069943,0.8812539762462234,0.7564153898640041,-1.1950151826290125,2,0.23768149265332605,0.8200302370328453,0.6977652254321487,0.30210720789574874,-1.069928975809348,GE
2276,2025-10-22,-1,reject,126,-0.009787763556304393,0.8915686393373395,-0.6690099350252778,0.6701386803913748,1.1257543332630273,1.149409760710111,2.194039659541842,6,0.5295639528101581,0.8929252436091937,1.985183206838021,0.2418198020158737,0.3130466873447278,GE
2285,2025-11-04,-1,break,126,0.05302503050197579,0.9153078372261055,-0.695834463404588,0.5669791942391995,1.24915325715104,0.9430427173295433,0.9140682158004066,7,0.997793708997027,1.1613220986337616,0.824301521754755,0.5897695358510343,-0.06385051619624191,GE
312,2017-12-28,-1,break,252,0.06423137524494185,0.8494178244071842,0.5012857395827445,1.9275845360279298,0.30009386271859106,0.6990022894667737,1.0575517437446258,0,-1.1993483315685842,2.0744262266462687,0.5484453884353419,0.21971967678160184,2.351725854865978,GE
326,2018-01-19,-1,reject,252,0.07733013582392353,0.8474831710749882,0.6796664280511211,0.9330050318361051,1.1600203089675227,2.000526105629501,4.963686669620484,7,0.7331360111465204,1.028250141879734,1.8733500146805377,0.36857540677997425,4.842854502742706,GE
367,2018-03-20,-1,break,252,-0.001465308187360673,0.9336325398809258,0.8003750356405424,0.9069062955439875,0.9655757941484527,0.7791568594674042,1.7414036265044346,41,0.6943946539970428,1.2601631496287737,1.2877806727883763,0.11928692724959296,3.0776167526790412,GE
389,2018-04-20,1,break,252,0.029144794052628244,0.9507974830402961,-0.8635147684163624,0.757723249232223,0.9046048488027844,1.1043576754106268,-0.37043900360908766,0,1.147121009131222,1.029106008227539,1.6154736871559627,3.0627599972971487,3.909022755811111,GE
478,2018-08-27,1,break,252,-0.12495433928266558,0.8540407047345597,-0.7090220809790783,1.5923681724532424,0.6934258734558095,0.7239551360977562,1.2200604351902922,49,0.4618504707259362,1.0910966350277058,1.441048444757585,0.10518773925168004,0.09523402722309328,GE
490,2018-09-13,1,reject,252,0.0007864672455659436,0.8333195246373771,-0.6166879047887949,1.7346873362167186,0.7712334648071042,0.8606706362882526,1.747117307283256,41,0.2780021924922468,1.0042715914013054,1.2549029033553487,0.35986858615735384,0.794487019509543,GE
502,2018-10-01,1,break,252,-0.08004270218702751,0.8171692031104466,-0.5424198397223214,0.8350240136852941,1.732113860802785,2.244498796925522,-6.406187099780084,31,0.5354806120248371,0.5913692843526451,3.3883078795762316,5.969128870874397,-0.5743720519590862,GE
523,2018-10-30,-1,break,252,0.27402339221553196,0.8075948149541753,0.4177514337459936,0.5284571416043993,1.4008133062054493,1.7134838633630365,5.1009626179162915,0,2.8542801360120404,1.9014496183305218,3.161156049591031,1.782751273105845,6.2152652187520605,GE
1164,2021-05-19,-1,reject,252,0.0068991934053434754,0.825835693564483,-0.9997218385574705,2.26454932531834,0.5797685227914008,0.8361885185167125,-0.3291197530265004,0,0.13895166264197378,0.8645107054130436,0.9465652672659752,0.3927991985452769,0.7557232238695637,GE
1181,2021-06-14,-1,break,252,0.044013206884446335,0.851289455764021,-0.9663821851964933,1.6307611920665892,0.41459550515417504,0.7933073212592417,0.9227227830907455,1,0.3342922588799704,0.9963666176104845,1.4736847758949432,0.3569879066754515,0.5693097095648431,GE
1476,2022-08-15,1,reject,252,-0.1192250303510339,0.7571987688937007,-0.4195813399686624,1.284593151413974,0.6762067766918936,0.9388548901900038,1.3687241238062957,0,0.7127330137621839,0.9897649737147249,0.5597676902583758,0.4673612235063437,5.01398056426594,GE
1521,2022-10-18,1,break,252,0.20907045532019503,0.8007147525800788,-0.5006069130823599,0.8714711738038217,0.9984110821508108,1.0145148355347842,0.618534336427346,7,1.2291534055686384,0.9366763807597283,0.6164024749424785,0.9788241954836323,3.2947576864524413,GE
1708,2023-07-19,-1,reject,252,-0.03293951488790431,0.9065959789919111,-0.9232801956257591,1.775011484471008,0.7389146076330804,0.6998036808086804,0.4370267718954194,0,0.4250081479845988,0.9159755284715789,1.180327625955571,0.6461821405153075,-1.3905534553960734,GE
1717,2023-08-01,-1,break,252,-0.018464771420922933,0.9128031788068288,-0.9167280525433529,1.0299873279127014,1.5146164702490577,1.034604461371899,1.6817385438043595,3,0.6794131072886923,0.8988088522034682,1.0263196155203074,0.293766490004986,-0.8810707518468208,GE
1845,2024-02-02,1,break,252,0.16484884991721066,0.8717842999031955,0.377738424667734,1.3376653857419176,1.0028568268399862,1.1377167041116425,1.7382810274492757,0,1.4142539014466624,1.040548988016211,0.922536097005889,0.01453398537786771,4.546699901951857,GE
1955,2024-07-12,-1,break,252,-0.04980492313821276,0.8586481646701509,-0.8978514124444595,1.3830590209039109,0.7703514154962883,0.7743419608156236,1.2287046846588168,0,0.2877278743782359,1.088839468293931,0.8216922218550371,0.014148614241989125,0.8296387326444902,GE
1991,2024-09-03,-1,break,252,-0.1262121565988161,0.9143366608247504,-0.7935739449655127,1.2410686369185944,0.9607257646392471,0.9071549942399233,0.09546952614461475,16,0.6554832990185269,1.3495227254996967,3.342826525279026,0.1484336859422515,1.709482948695924,GE
2009,2024-09-27,-1,break,252,0.03446345564168492,0.9170560321655633,-0.8521598383915915,0.909223829777638,0.5750403479038352,0.7813667933225364,-0.09255923360807412,26,0.2506910851529611,0.9480380698808468,0.6778152069704036,0.1046530850137929,-2.210054768807459,GE
2293,2025-11-14,-1,break,252,0.012677608625289485,0.9101903631071373,-0.6741417819054121,1.0101765664644116,0.6543895648979952,0.8874718606294879,-0.5519837798099767,0,0.3662755044035739,0.8260648458637782,1.3734277630638265,0.7457359893727313,0.5622853221463819,GE
2336,2026-01-20,-1,break,252,-0.053726749505679045,0.8825213470670091,-0.6059826131410636,0.8485071667277361,1.1571280262695511,1.1201588463486514,1.1401356448070228,27,0.7524276999782787,1.1351067170288813,2.0701718142065215,0.5486577876705618,0.9516297307126829,GE
2367,2026-03-05,-1,break,252,0.1510056441919722,0.8544143404691097,-0.5493307369454626,0.8718839237026428,0.9742655675981536,0.9662237915146059,-1.3181606305820774,32,0.7482200535305987,0.8314904011408789,2.1626620741408247,0.46920007511005374,0.40837737704081556,GE
186,2017-06-29,-1,break,126,-0.04983693717320147,0.7995573450442987,-0.4314302443705054,0.4519537060801641,1.5980794594626746,0.8969422221239198,0.3148935097681298,0,0.7981103381832988,2.399145691693487,0.7490977316054606,0.2676481523888164,1.6452362315660172,WMT
301,2017-12-12,1,none,126,0.03375676021847386,0.7995232058909253,0.48907231194017914,0.39090111752186235,0.3077991292542087,0.779576561701129,-1.241018430691269,0,-0.815077293427381,0.8787262221253719,0.4324321816487347,0.034375299119228604,0.09374024837438119,WMT
337,2018-02-05,-1,break,126,0.11675952697115319,0.9079323389539204,-0.7190016006338682,0.5147256868934907,0.9789883565715843,1.1237453798142139,2.5768619080413706,0,3.0732751115105614,2.2762145522621733,4.666457645299735,0.7249401134150435,2.7051084638203666,WMT
432,2018-06-21,1,break,126,0.044704704433312,0.7672018716988964,-0.5116350059303991,1.0909668212045776,0.3954127326403709,1.004864292748634,1.8554489242548877,0,0.3124158250222051,1.0155467624210264,1.52636149282323,0.2502909056612267,0.5047459267876461,WMT
529,2018-11-07,1,break,126,-0.11282270629181675,0.8707148170430516,0.39890855602710124,0.559889282906776,0.7900674886998779,0.9363794820407868,3.0225176409099968,0,1.1381088908530022,1.2154862802266104,0.7665341099246435,0.27141550446408336,4.720752495741714,WMT
535,2018-11-15,-1,break,126,0.09223076405932312,0.8832599443914946,-0.39928939622251797,0.5400114750533979,1.1237240140935212,1.250053274753979,2.7235042993564065,0,2.0481759344653034,0.7045028283946103,2.313226061618221,0.6362456154115188,1.2387433577266072,WMT
676,2019-06-12,1,break,126,0.04580122479626472,0.7504157420919954,0.22645457524405804,0.810675753404346,0.7550712086802359,1.0512448468152618,1.422628792031587,0,1.2969176696717255,1.7464044884670022,0.6721020319688982,0.02615962517346533,7.483464741396877,WMT
696,2019-07-11,1,break,126,-0.048561941247793845,0.7772343132348029,0.2705126455822614,1.7687780815700058,0.4751272430618479,0.7107368040813542,1.1088549593977908,5,-0.7319000563915168,1.5940448086414505,0.7365900857069033,0.7793109081421217,6.434760394222883,WMT
711,2019-08-01,-1,break,126,-0.042071973347227946,0.8269496979394785,-0.3870173215869005,1.1432988564874391,0.8026021976154816,0.945495909263998,1.4238378622483367,0,1.4457454533889222,1.0758408577959744,2.2754492659340015,0.08936700364728592,5.227293352442004,WMT
727,2019-08-23,-1,reject,126,-0.059461666926016524,0.7631706301619836,-0.3807542501517692,0.4039150854851038,1.866373787452064,1.181213462906301,3.554966200403029,10,0.9593869664548621,1.074965874641041,0.8358779569493752,0.14185047290478942,-0.5176707372910696,WMT
755,2019-10-03,-1,reject,126,-0.008134625063898435,0.8114979206850219,-0.35778486541680854,1.0072289515220478,0.49584137904397674,0.7246273323220681,0.9346319277964639,12,0.5389748515977657,0.6208002868732359,1.5195091813095678,0.29024020180214094,0.890273027251586,WMT
771,2019-10-25,-1,break,126,-0.002684562793282232,0.8053249566896681,-0.3820923610391149,1.0276414377292962,0.34078784944480006,0.5519257833727877,-0.6706983887143,13,0.310556791458682,0.885196251474041,0.8111992671841015,0.12150471054161877,-0.37597524341387445,WMT
787,2019-11-18,-1,break,126,-0.008529034566081284,0.7617698325279549,-0.3074731299581897,0.8255784100369586,1.2005431978546033,2.0393067939218885,2.655298208012454,11,-0.13473082558746036,0.49463980926143886,1.5734371186231217,0.4414196525486349,-1.25444024985675,WMT
1027,2020-10-30,-1,reject,126,-0.09639068293014237,0.7795802626278662,-0.3487917511079384,0.8637439422971177,0.5481112655370856,0.521400384579233,0.38469149855073986,0,1.1710101526859749,0.8605577316181695,1.3545789712752456,0.575319677056146,3.026893841933217,WMT
1038,2020-11-16,1,reject,126,-0.04604523950146645,0.8122982376313012,0.3935806278546142,0.705311652431222,0.6888726421772021,0.8916619387065795,2.1567966583913534,0,1.3805316482765204,1.0960962561856185,1.735831826179112,0.0060044290404362,5.080995287330218,WMT
1051,2020-12-04,-1,break,126,0.021449270902224576,0.8765952827262965,-0.475561278095948,0.6280810294940412,0.6477153713417134,1.2576430058660613,-1.352455691740951,1,1.2333150620933757,0.8436652300648909,0.7362200479241944,0.12242131717672776,0.4829579050884123,WMT
1551,2022-11-30,1,reject,126,-0.06975708609243118,0.7532890760882484,0.3455526583888201,0.5221417391363559,0.37017874087573727,0.9163362568342992,0.7374819583112808,0,-0.16044115235298828,1.323069166155027,0.6165291451223988,0.1339787985659289,2.2160641558313845,WMT
1570,2022-12-28,-1,reject,126,-0.01412578025350372,0.7504603852722872,-0.3353705421193512,0.9101955618510367,0.6461968084177891,0.6271749885699601,0.02620283625068898,0,0.5510905772880089,1.1778394304845647,1.2594081452226493,0.23940022526664742,3.9525348405739202,WMT
1729,2023-08-17,-1,reject,126,-0.05589442516569595,0.7696478941836231,-0.2834361705204734,0.8709229026327202,1.1563832724995569,1.571510222058668,4.12732110442774,0,1.23222758691459,1.3381229833608648,3.173452317866254,1.4509101560122564,3.383155403726108,WMT
1746,2023-09-12,1,reject,126,-0.042971978402836966,0.7752782904705307,0.2097074214164409,0.6347510214609625,0.7935647383828988,0.9197106799038015,2.824878032703785,0,1.2985771834486486,0.9058482615793597,0.4022579910169675,0.11531587351522224,3.2501632755036716,WMT
1759,2023-09-29,-1,break,126,-0.007723428241575958,0.8048651447750591,-0.1880776460835294,0.6803556184300702,0.9027831403973111,0.8661314542764157,-0.052258181540549564,8,0.6915925280211336,0.8252722755293543,2.340368039856879,0.4456584279867556,2.751486946503946,WMT
1916,2024-05-15,-1,reject,126,-0.10869766916185626,0.7696741496790338,-0.4770184892306665,0.9468182369555288,0.8540899269914521,1.14665306630793,-0.45494108436834335,0,0.47714045579267794,1.7011305558435046,0.5405380504882993,0.05855660610450579,0.1404876888619203,WMT
1942,2024-06-24,1,reject,126,0.025081930562360272,0.8776092400917838,0.46499353293688556,0.9218418900632385,0.5779889938396505,0.9455187696316161,0.7052403626195425,0,0.5513897403872592,1.0217872365228364,1.302112222236262,0.2539402244788345,4.178129547549957,WMT
1950,2024-07-05,1,reject,126,-0.02281690076027633,0.8770921723844047,0.4593888144008622,0.6900186592180776,1.0096187932855643,0.8010197818239542,1.8497436865346866,1,0.6764449968838575,1.0865617095274958,2.198394513708978,0.1073691298785037,3.264792404167175,WMT
1970,2024-08-02,-1,break,126,-0.12053840631900878,0.8757981517427319,-0.47710896765939265,0.9159530506430884,0.707909676242552,1.1930455181234476,0.19701359526959847,1,0.8413872089868345,0.8436822806661974,2.7262818966162756,0.3299467861817899,2.5504857379438506,WMT
1979,2024-08-15,1,break,126,0.0965764668198142,0.8390610934633644,0.46932420354839727,0.5076503101689602,1.8017450262989159,1.6531257357649511,0.4577535003052264,2,2.106194379083889,0.7174244415501085,1.530662494477571,4.5724104528527025,3.3243401820895686,WMT
1999,2024-09-13,1,reject,126,-0.00622279555644322,0.819270735505065,0.6463049614567989,1.3076012725523383,0.6191074934989264,1.071569449858295,4.235804215077078,14,0.6560799415293869,1.1581639225366354,0.9828003195720644,0.34944962842271005,8.708267970911658,WMT
2015,2024-10-07,-1,break,126,-0.04147915650906751,0.9149104604318399,-0.7088052694043474,0.5318901816455586,0.9088139303879905,0.8336848697136211,-0.24078034558630948,9,1.7568986505750916,1.3788388600188388,1.6353761875767274,0.24867981916971765,0.8200117443211019,WMT
2046,2024-11-19,1,break,126,0.07719628739323388,0.9260355703907747,0.5653027815894506,0.4582745428523863,1.1113813760164333,1.4573085827024244,-2.3441621973496054,8,0.36819006350858985,0.5941648851163407,2.0101334371206243,2.542586052985969,3.6014682691116544,WMT
2069,2024-12-23,-1,reject,126,-0.04765640168446838,0.9264565587490079,-0.6651209227210726,0.6355850118245652,0.9704844789662472,1.7034610172650446,1.818215133762923,13,3.088863415204706,0.9543142009997514,1.6834548820791617,0.7217323343334232,2.9892015565602925,WMT
2084,2025-01-16,-1,reject,126,-0.13062462835368574,0.8822136243958232,-0.5409474511855923,0.6488875876782747,0.8267298402389283,0.9453870628759952,0.23750979427535585,12,0.3438933578398805,0.8605420322443303,1.094014623900032,0.1501560949234209,0.4587454326516961,WMT
2095,2025-02-03,1,break,126,-0.04699851751956373,0.8755499041665381,0.5394191534040583,0.8079716864726343,0.7913539029843952,0.8493160523457115,0.8658345682612192,20,0.3281634821861922,1.0023832459421764,2.3404981987438003,1.5167744545383062,6.195493299027249,WMT
2107,2025-02-20,-1,break,126,0.12473805604721404,0.9131633547786885,-0.671233939066943,0.43438078426872284,1.6119593288294596,1.4019810687915646,0.48785728442428755,7,2.6721874674428507,1.4699494605261128,2.096924289670664,2.7166694290932663,1.6881533323396916,WMT
2346,2026-02-03,1,break,126,0.0007827057024108397,0.7573055992228928,0.3782509214612886,0.647375028779126,1.066040315587774,0.7397548930767764,2.574146620642961,0,2.1714990280382205,2.012256713325982,1.7327959071217065,0.2281213492189603,5.302720443833904,WMT
2376,2026-03-18,-1,break,126,-0.023015572672299447,0.8411696085971526,-0.48290443949951906,0.6059394524295914,0.9489141527268796,0.5814592614860746,-0.029288736983955,0,0.6485844279883954,0.9967229353152565,0.9847675608841504,0.4006859296258628,1.7975881263769724,WMT
2405,2026-04-29,-1,reject,126,0.07382552642599352,0.7809885341813142,-0.4625248384599862,0.6609200664673559,0.715217148714608,0.8105751064575148,0.2920759403637512,20,0.4242962780719225,0.6572877217538451,0.8179411823489819,0.4475185770518939,-0.4384203208549722,WMT
312,2017-12-28,1,break,252,0.0972290068182233,0.8455127003295326,0.2907391744362992,1.748462442305562,0.34718211885377565,0.7069902880495028,-0.029294608737860547,0,-0.03227989635376716,2.2432627107505816,0.4330912181836655,0.46937172681549816,2.9850544074873744,WMT
347,2018-02-20,-1,break,252,0.06769583607843405,0.8813869625532166,-0.42019371885879797,0.4044667444001786,2.0643586297978525,1.8442397579008245,2.581949679435518,0,1.27512185970246,1.5304280395336602,1.4843456584776746,2.753303734919825,3.357507393216803,WMT
785,2019-11-14,1,reject,252,-0.0029882713887057198,0.8511609375856899,0.29299924298661034,1.033282213519134,0.9042408498811613,1.7528971577425514,-2.4039684182101952,0,0.09010904468992939,-0.13859925279001195,4.300359838894124,4.190659736532636,1.9160626793073678,WMT
787,2019-11-18,-1,none,252,-0.008529034566081284,0.9049845999796597,-0.3032190848794161,0.8636755040854563,1.2005431978546033,2.0393067939218885,2.655298208012454,0,0.03478240393763998,0.47931482418934673,1.5734371186231217,0.4414196525486349,-1.25444024985675,WMT
811,2019-12-23,-1,break,252,0.027424655809213324,0.9273180296945335,-0.27884428966444263,1.3345524967233615,0.8698451446276494,1.0637592903015913,3.069803608520248,15,0.5097827689705919,1.1466378523952174,1.4052729925218543,0.14523563586572683,0.7378299009187932,WMT
1047,2020-11-30,1,reject,252,-0.057170001499915635,0.765187689426398,0.2649461285439214,1.1023714517302203,0.9317951448682501,0.8964626871440348,1.9324050564427255,0,0.20276217275815522,0.9834294336588637,1.0807748308014122,0.0,2.767065888413483,WMT
1063,2020-12-22,-1,none,252,-0.014663179999182116,0.8227948905867731,-0.3151927386367655,1.638946708639037,0.48525019885579,1.5461638716523263,0.8990163939845214,0,0.4695342470642052,0.8808487973742458,1.6006198364867081,0.9219982737127802,4.682292816808603,WMT
1079,2021-01-15,-1,break,252,-0.007027245318138546,0.8569432614463066,-0.291679011350415,1.216151250166705,0.9611152343575273,1.090337144464692,0.7976159631131531,5,0.37707094876984415,0.9375093527584243,1.1675370068068378,1.5796159938654095,0.934814482415681,WMT
1970,2024-08-02,1,reject,252,0.12053840631900878,0.7745203888278803,0.2764358475469386,1.6049330603848375,0.707909676242552,1.1930455181234476,-0.19701359526959847,0,-0.8187510336346603,0.5680219380190047,2.7262818966162756,0.3299467861817899,-2.5504857379438506,WMT
1979,2024-08-15,1,break,252,0.0965764668198142,0.791817819022738,0.35978136585839154,0.7070266191632135,1.8017450262989159,1.6531257357649511,0.4577535003052264,1,1.0097809731727656,0.9716164535104085,1.530662494477571,4.5724104528527025,3.3243401820895686,WMT
2046,2024-11-19,1,break,252,0.07719628739323388,0.9594268877395781,0.5399469851055566,0.6716810640427151,1.1113813760164333,1.4573085827024244,-2.3441621973496054,26,0.3621429953756422,0.49789311899987637,2.0101334371206243,2.542586052985969,3.6014682691116544,WMT
2084,2025-01-16,-1,reject,252,-0.13062462835368574,0.9640119841175473,-0.5474695805376447,0.6028719895707714,0.8267298402389283,0.9453870628759952,0.23750979427535585,0,0.5159735114986862,0.6710366403983165,1.094014623900032,0.1501560949234209,0.4587454326516961,WMT
2092,2025-01-29,1,break,252,-0.007308685383899999,0.962355323903741,0.5394496024992875,0.7489174864543808,0.7236535298330896,0.8412276843324276,2.15398842752258,22,1.2438073671205434,0.9947555054263122,0.6846817322528106,0.14784635909659702,5.262168258125381,WMT
2108,2025-02-21,-1,break,252,0.09744365354878369,0.9613946452801284,-0.5541642116806605,0.41042730255241644,1.6104646438516608,1.6349365016878552,2.0917831711206083,1,3.282622282467361,1.233598546030556,1.570317623910803,0.35385912181395696,2.913544765245107,WMT
2184,2025-06-11,-1,break,252,0.014721627516897576,0.7806433532699985,-0.3911750072984257,1.6667526253544611,0.49933300260273206,0.7667921634165076,1.0002862313314451,47,0.5815773678875577,1.0972234893376578,1.028088470271634,0.03216975547009763,1.9306321182216954,WMT
2357,2026-02-19,1,reject,252,-0.030739177599182658,0.773720127600439,0.30939200526534555,0.5739604540168053,1.491219639878598,1.0698317498746683,-1.4806286985641135,0,-0.7665935937603172,1.0417836210860456,1.8086642481292972,0.7265958139147993,0.07685045825283106,WMT
2401,2026-04-23,1,reject,252,-0.08443266791187054,0.8606360698973003,0.31078735962938214,0.6768264496532669,0.713620455191469,0.8928073389529678,2.2024407769218928,12,1.0896553807850236,1.1134300735032647,0.770434474117126,0.3031481719879783,3.0746088603949695,WMT
2421,2026-05-21,-1,break,252,0.03488527561261357,0.892079795233474,-0.3327432385638577,0.4368078050343911,1.5375073023760726,1.5048436037406934,2.5069725300381456,0,2.210850038740023,1.6843274277715437,2.053912078312241,2.378354110236356,3.276240769785597,WMT
186,2017-06-29,1,break,126,0.001990020042230532,0.8262785996140601,0.38362754677876454,0.36775778185745933,2.0172859407395567,1.7884047530305291,-3.6762013543965306,0,-0.9367180688189316,1.5987175532352274,0.9923664439692828,0.11314574595986586,3.4828018267760523,ORCL
214,2017-08-09,-1,break,126,-0.05299380834391483,0.8212156217772139,-0.42025292495850336,1.1289069497963165,0.5153023846028308,0.7966651760726412,1.2957319584280345,0,0.6944299864449117,0.9702829057282428,1.0037854363113616,0.3774067436685881,3.91576786827401,ORCL
666,2019-05-29,-1,break,126,-0.09180417906920631,0.7806780464797143,-0.38604300129431135,0.7453549772393286,1.0477475155180171,1.2704952784101657,2.642598030521337,0,0.9844408733167842,2.3391923700167134,0.8978168355415235,0.6010878772637236,4.110123804478026,ORCL
1023,2020-10-26,-1,break,126,0.02483177345390826,0.7967105486778807,-0.31995063812453217,0.6027666750492794,0.8574331171698288,0.8275269655404994,-0.027073671029222465,0,1.2781623381173746,1.7026449247315116,2.258252126522483,2.6425728614174493,3.679528718903637,ORCL
1141,2021-04-16,1,break,126,-0.0007602326770834831,0.7538785285944515,0.45134000646470834,0.9969582848764622,0.5323795239881607,0.8899158310741665,1.8637563275154347,0,0.3317206737899183,1.9214349556269668,1.111106656181034,0.021643825147122476,7.25580534400099,ORCL
1153,2021-05-04,1,reject,126,0.021915208480593598,0.8382184406048461,0.5535782268766873,0.8732197499304204,0.8690201982593202,0.695080970732778,2.1911976600797822,5,0.384217596961581,0.9895777712458143,1.4205431565979265,0.25859039091381697,2.0972487457942317,ORCL
1177,2021-06-08,1,reject,126,0.017340747981597657,0.8545722388825404,0.6318037350329971,1.0292002221395542,0.66492513928932,0.9956931501044374,1.5191615050069909,10,0.9440326398185573,0.9281511936840874,0.7782385582145547,0.09497910093182571,5.338340298346284,ORCL
1183,2021-06-16,-1,break,126,-0.11229021508850959,0.8600940631048404,-0.6522424143289528,0.7058412417673212,1.4646759328860308,1.49567053076454,1.3344131312155931,0,2.1575926133408228,1.2982175323997842,2.121698942452121,2.8025630932769245,2.854244645387626,ORCL
1221,2021-08-10,-1,break,126,0.0018982549205876064,0.8616277349323656,-0.7743058841932107,0.7907389752532924,0.5871069099766854,0.5552604840773192,-0.7390360233582798,26,0.46342664766137265,0.8744126121552336,0.7037273737703461,0.6757404224229067,-1.0013299424139666,ORCL
1241,2021-09-08,-1,break,126,-0.020685380460471657,0.8563764703957416,-0.575084137878327,1.5396436595742573,0.4494430708445008,0.9026881778519652,-0.3131325799191061,38,0.10891654855761657,0.6756056596807327,1.3657298942751048,0.9003734619030921,-0.026087858926063443,ORCL
1257,2021-09-30,-1,reject,126,-0.09933996953240012,0.7833328736295265,-0.490841093890805,0.6915304886708912,1.3813889342059333,1.189252278045582,1.5836447464133687,33,0.8650624242831352,1.5759517106248502,2.6516071411561764,0.0,1.2263781754913075,ORCL
1264,2021-10-11,1,reject,126,-0.001575398379061464,0.77676109068462,0.362453048671611,0.5661178134664878,1.6008152671484726,1.0367904567821165,1.9656273855421613,0,1.9593645175994503,0.8240333949568042,1.2609154612992992,0.06082790360006665,3.5210584186063296,ORCL
1618,2023-03-09,-1,break,126,-0.09910171174088346,0.7501527782433147,-0.6986258341102908,1.1396969665742063,1.0087488830399902,1.0632624475041266,1.5287346152406756,0,-0.11230367804795516,1.0912639367165182,2.1257703384339397,0.14145625127197392,0.8670731043242742,ORCL
1666,2023-05-17,1,break,126,0.237770007827477,0.8117570405602258,0.40497435821613553,0.8496817816644183,0.7518819560724076,0.8326512495532452,1.5532398779131884,0,0.530823277458863,0.840014101034527,1.5536291529594748,0.607816492382487,4.330703191346384,ORCL
1706,2023-07-17,1,reject,126,-0.02832228638996737,0.7850618412076201,0.5934970806169607,1.100344687494598,0.5775830093131151,0.7290653655493291,-0.3024974770967283,24,-0.2795391327725284,0.9287387770986247,0.7333195849193342,0.3024608238293622,0.6115710433907733,ORCL
1721,2023-08-07,-1,break,126,-0.06566841378913799,0.8766595339068111,-0.8246698336978273,0.9456892544195118,0.6393898516128204,0.522780214756318,-0.05348416254421226,0,0.9778911909820511,1.1352910616751328,0.5962665968434027,0.7092359076172413,0.5892495747633268,ORCL
1746,2023-09-12,-1,break,126,-0.0009118956883982463,0.8376602008665986,-0.7060502227729929,0.31589276052750204,2.0374515784112393,2.6213841415219887,-1.512946995936483,20,2.44939977136943,2.920156253649781,1.9946809826041931,3.3895014752041246,2.269403224500258,ORCL
2016,2024-10-08,1,reject,126,-0.014964869094928794,0.760070913806881,0.6578901415104833,0.97233228741107,0.6023619697905641,0.7442003846576671,0.3822037983213186,0,0.07673415431089592,1.1598836540157973,1.0124130026828386,0.22052944560157495,2.5615043430827376,ORCL
2060,2024-12-10,-1,break,126,0.14012774287814378,0.8037301396739005,-0.8018959215043133,0.7522263387122209,1.5829734966982696,1.9318209384610914,-2.199956456951258,0,0.540449392279261,0.8156148600894769,1.570914644089123,4.102363545584656,2.283747873686044,ORCL
2239,2025-08-29,-1,reject,126,-0.22348843911170388,0.759023217861605,-1.4500378737599515,1.1397797586843676,0.9507452832004495,0.8045114890271825,0.9113410728851821,0,0.42827436176765155,1.159822258597997,2.0943927534466305,0.47230354086659376,3.0666595535500716,ORCL
2246,2025-09-10,1,reject,126,-0.12887355131262496,0.7622575311101465,1.9501930115656203,0.32903983874665854,2.111808818520884,2.997726827178025,2.257418287309554,0,2.218189022935022,0.7099077119122928,4.48609301111409,3.8789619888046167,4.3286469112653405,ORCL
2252,2025-09-18,-1,reject,126,-0.05375134868784496,0.8090098540691963,-2.0369537752689544,0.30422990105905484,2.141501415262394,2.214872829335915,4.6637988335100005,7,0.9398721384618898,0.9116036197715061,1.132076050755161,0.07357707189549383,-1.8999612159832355,ORCL
2260,2025-09-30,-1,break,126,0.001458906370199723,0.8911609174809682,-1.7449823445957282,0.3240309817621666,0.7160697032477887,1.3981181424696363,1.0513865962540456,8,0.38843853776375614,0.9776767582417707,0.6229335348593098,0.04330966088245307,0.15738699599917236,ORCL
2366,2026-03-04,1,break,126,-0.04799307823437418,0.8298409421415397,-1.7486989009044824,0.5124469616523001,0.8669891902919237,0.9077642850863655,2.6482933338332217,0,0.6704750024412442,0.9702463702357599,0.6029806400387127,0.17082493499364165,0.29273925022390757,ORCL
1106,2021-02-25,1,reject,252,0.04973763388359783,0.7587920558567123,0.22383589791985578,0.6717328509492275,1.4937608917392875,1.428199814375487,-0.24912010296253576,0,0.818552441514086,0.7282934576051737,1.4584176898186965,0.05826136860881902,2.408485345985533,ORCL
1197,2021-07-07,1,break,252,0.04497188737984516,0.8566202434862284,0.41988162425346554,0.7029217676073608,0.9620004310615123,1.2081724883707126,3.270543842582231,44,1.462501084159038,1.323099471570875,2.996439978670281,0.053781116862323605,3.6199535894064057,ORCL
1245,2021-09-14,-1,reject,252,-0.10098703877915015,0.9086411358965668,-0.5506754994466972,1.4327058102727825,0.8529362987852924,1.406715591557234,0.524395716871549,0,0.5336391653799734,1.1690838334703169,1.7452799067197526,3.284418400867442,3.343845178123924,ORCL
1280,2021-11-02,-1,break,252,0.0659651083695416,0.9495261324548632,-0.5517780586524866,1.120906398551378,0.874923676104204,0.6077393870488664,0.9379630156438107,18,0.11060215665693562,0.5844830828420096,1.3789172946974149,0.6659725797232766,-0.17153851568150782,ORCL
1312,2021-12-17,-1,break,252,0.12168475154248629,0.8997604934074488,-0.5383896409646208,0.33152544123457167,2.1103917298592076,1.678568715012335,2.2829230073250275,36,1.3813323417981693,1.4083256317850081,1.6915223445488854,1.4382003288874505,-0.6806912027247615,ORCL
1682,2023-06-09,1,break,252,0.044772296451593065,0.757723782175079,0.34861588916587405,0.7217155839592808,0.8239153868717324,1.205019676073412,1.9396984863853501,0,0.3131130925515695,2.1581039713375514,1.3255917302818705,0.11380072374511956,3.4515112467088187,ORCL
1697,2023-07-03,1,break,252,0.006466474668289555,0.7686596586471894,0.42304521159255315,0.6678294041801474,0.7527371482426126,0.7939691033357196,-1.0391054721485768,5,-1.2670159741100762,1.7667898840907081,0.4523726278612802,0.4117597756198681,0.2024273701291183,ORCL
1725,2023-08-11,-1,reject,252,-0.11398237393219607,0.8385722346719905,-0.6217372949548937,1.351513846187347,0.5958309064665314,0.5564307766344964,-0.23403920251651614,0,0.6726851495561165,0.8802314584813646,1.0347893408164797,0.43742057401964946,2.3251246779279544,ORCL
1743,2023-09-07,1,reject,252,-0.14366673505135455,0.8964934823764737,0.5260774159268518,0.744689032073262,1.2707057179178425,1.1863227283034057,1.8806175749550071,14,1.1477555606053387,0.9378933690683479,1.121651981973346,0.24996927915235134,3.6494837701683913,ORCL
1746,2023-09-12,-1,break,252,-0.0009118956883982463,0.8964934823764737,-0.5260774159268518,0.3316580624380868,2.0374515784112393,2.6213841415219887,-1.512946995936483,1,1.679379762007497,1.639391793400283,1.9946809826041931,3.3895014752041246,2.269403224500258,ORCL
2007,2024-09-25,1,break,252,0.04019639039903244,0.7529698184192757,0.33045923771663244,0.5855912674387108,0.9457401836614826,1.0048291761279922,1.2744017959521818,0,-0.21979292648567217,2.0975414204282035,0.7418954445672149,0.40865216565191625,2.5840857390511367,ORCL
2022,2024-10-16,1,break,252,0.08160398267701179,0.750898965234777,0.3424123873390918,1.4029437579537334,0.6738192725832511,0.6912719564880714,-0.34463839411388036,10,-0.5082408831639675,2.168234634671099,1.0522938014232037,0.2719758905719339,1.9290972540410032,ORCL
2038,2024-11-07,1,reject,252,0.02814557769327939,0.7926177608678278,0.541839541850522,1.111118285818257,1.125181997037253,0.7750493732977798,1.8088737724967991,15,0.9145430419031066,1.1946645727860277,2.2368181120931308,0.050872645027415835,3.816310358256391,ORCL
2058,2024-12-06,1,reject,252,-0.16809800084719007,0.880136894351791,0.5868578863480945,1.0429663530493245,1.248795434209212,1.2536861616629982,0.7435888302258032,27,0.3447841350833477,0.9404872361382026,1.5584099348633347,0.23604997381066628,1.2068754649876534,ORCL
2066,2024-12-18,-1,break,252,-0.04237573130778466,0.893796719396608,-0.5870192232613329,0.7806025641504668,1.2486933308076402,1.119038179697486,3.9415532611654736,0,1.1004150660104821,1.12711030576355,1.2446981680712672,0.0785286349517539,4.407953905853073,ORCL
186,2017-06-29,-1,reject,126,-0.043068312722971965,0.8075612996014001,-0.33713190687767114,0.5846405413014365,0.8612833117040916,1.0068139684306592,-0.07360938089953183,0,-0.2846401746566676,1.1642521610192411,1.0424916541275058,0.3888542035122873,1.3274484790453887,CRM
215,2017-08-10,-1,reject,126,-0.09569398596221543,0.7953305224447459,-0.22628736686020517,0.6276440319826259,0.8697808930436755,0.659757547985191,0.7732775015391793,5,1.5149541150467283,1.6745323113005763,1.9684355803729279,0.5743765578693815,3.19385761484942,CRM
224,2017-08-23,1,break,126,0.019050231965043737,0.7523593413116421,0.20788666914999432,0.49586995334575606,1.265161414902893,1.707846357032124,1.0103809258877308,0,0.36954053460499836,0.7228657126538541,2.404327546103432,0.7931100117695502,2.3748435866532858,CRM
246,2017-09-25,-1,reject,126,-0.06256296953319314,0.7777163538815104,-0.27217176704441154,0.7217514229698307,0.9453968544198424,0.8747750621105383,0.6496286931434648,8,1.5335565547335865,1.1154472674740794,2.1752711701350633,0.08093346745388029,3.4045121894524177,CRM
286,2017-11-20,1,break,126,-0.02939303919716505,0.7834192228631899,0.30678954853447654,0.9412349468478103,1.2262549587693432,1.106526484026682,0.3111750241976095,10,-0.8522959162518109,1.6348684478189195,1.1969914709085958,1.2377552749678344,4.518216751186452,CRM
295,2017-12-04,-1,break,126,-0.05304941198384798,0.81957975636306,-0.43876976560228975,0.44698728836349044,1.4135430176306174,1.3931369187827811,1.6982621005264225,5,3.191632299994706,1.9046907117814458,2.7993152679543707,0.5099641020101803,3.660848864374732,CRM
309,2017-12-22,-1,reject,126,-0.09492922884660034,0.8850629178389163,-0.3733658879804034,0.4584103865618413,0.710829073959218,0.7635296315768891,0.949765859608228,6,1.2661328297560175,1.0768986083240937,0.7748712389263879,0.23731006898793736,0.8626835103856417,CRM
326,2018-01-19,1,reject,126,0.008274439321371445,0.8719271024987193,0.40121088090024803,0.766630587995633,0.7211096963585873,0.9913647027870439,0.5989443382427322,5,0.5874695412270279,0.8644241668199456,0.549184023081778,0.45349527117984667,5.571480304662868,CRM
337,2018-02-05,-1,break,126,-0.14525984941291928,0.881141655426326,-0.4317140033375687,0.6051804811917485,1.0495256668972737,1.0586745081140645,3.1243099125709963,10,1.919623802720154,1.2789382276670962,2.6593355980464195,1.2895506518682915,2.8237632210633334,CRM
354,2018-03-01,1,break,126,-0.026557342470592223,0.8249511909119276,0.4437692106895474,0.375284321227543,0.9644299711428577,1.72379214385237,-1.7227495734983884,5,1.3314072821203573,0.9887258332243883,1.5280892949107254,1.8756471276340283,3.094466913743124,CRM
370,2018-03-23,-1,reject,126,-0.06315570866380414,0.8408077576274138,-0.47309576022657446,0.559805370904073,0.8595131144584274,1.6428123107559118,3.4385709018981707,13,2.8858123745677355,1.3350055048446625,1.5353305744680785,0.01637505794339222,4.541693597269027,CRM
421,2018-06-06,1,reject,126,0.0306576466060468,0.8190628663130008,0.487720326210112,0.7241166999031671,0.5649887375940192,1.1128445286234758,2.6053338759933746,7,1.0435372386662225,0.9884034063768699,0.645165784103839,0.1367311982581579,4.208839985857192,CRM
445,2018-07-11,1,break,126,-0.0005509388718592593,0.8150535237621114,0.503890865908654,0.6633946669387117,1.0537513665794245,0.9881749817253225,2.8621395729754022,8,1.107255043982092,1.2511277489754005,1.5906340581851517,0.6523119469655957,3.637223315275611,CRM
458,2018-07-30,-1,reject,126,-0.09430194622766871,0.8368624594382531,-0.5567448522421719,0.6084549317281048,1.1988345369668096,1.0324829450182609,0.9779400481884993,0,1.8208755130781524,1.0032496601614789,2.7541067183721775,0.15712790619341466,2.847802072607168,CRM
470,2018-08-15,-1,reject,126,-0.08672405863137383,0.79756827688991,-0.6328752593363631,0.6360937420621752,0.77363958087504,0.7149570748993719,0.4179527591528068,6,0.3255411827461052,0.922745091100935,1.3400117187845237,0.22705184963131259,-0.4246187922473599,CRM
484,2018-09-05,-1,reject,126,-0.06793846532203882,0.7560145917343452,-0.6491253855611874,0.7003861007994964,1.1384150960669652,1.7197299592204736,-2.228486672607975,7,1.4266194795522935,1.2585014020816647,2.196108609947407,0.4428932368506812,-0.15865446600608202,CRM
495,2018-09-20,-1,reject,126,0.08492063453088358,0.9076140776885829,-0.5957780420365013,0.558037017315059,0.9370211139795588,0.955651274337819,1.1413045171501457,13,0.2931796075726703,0.30538716210614697,1.3684254037615518,0.1773120540510172,-1.1267663618006174,CRM
505,2018-10-04,-1,break,126,0.10407017972996876,0.9330506252998807,-0.6001545936557627,0.5561813919579525,1.0006148325439093,0.8850690313723938,1.8018262773973215,14,1.471089400757038,1.154413569516759,1.5929474754665662,0.421374805419334,0.6927884630398798,CRM
842,2020-02-07,1,reject,126,-0.20557052619901175,0.7649765652545818,0.47694715417086564,0.9269163549097336,1.1306683297093152,0.9112340161300804,0.14044480953797842,0,-0.6814641618027242,0.7295673472228545,0.8367034883498249,0.05218243001344427,0.9486014956393297,CRM
854,2020-02-26,-1,break,126,0.19581860754040006,0.776586100745552,-0.5455508842125273,0.8486108969236303,0.9200089238044032,1.7727243897992797,-0.2661743337702632,0,1.9296588180716656,0.8044971883414278,1.8970364574452288,1.9309159843582009,3.258415571090129,CRM
986,2020-09-02,1,break,126,-0.08773120186186188,0.8005085877690008,0.8990087282376622,0.24209138729165255,1.9229826948316173,2.3646933092343585,4.437664488866464,0,-0.6394381126783912,4.033886456532851,2.1070022301381477,0.14715318933841443,3.9665728954750645,CRM
1011,2020-10-08,1,reject,126,0.0,0.8457973769299505,0.9427040369297646,0.7214639334468403,0.42609805297762693,0.49760538552898786,-0.3442722326433652,16,0.24626054085280213,0.9070332224884494,1.020851300266223,0.8342792966200081,2.5229694050492015,CRM
1023,2020-10-26,-1,break,126,-0.06270825807783693,0.8580456272132809,-1.0351248432517524,0.8909623193859135,0.3256981578088521,0.4359381213833793,0.007374780256364942,0,1.1410987964087274,1.3134685717901848,1.6979190862542637,1.2757647927276299,3.2619225005562984,CRM
1236,2021-08-31,1,reject,126,0.019523964485064924,0.781044794254386,0.35365586728370996,0.6857093129788872,0.903912592585359,1.5885521132688425,-3.5753532704457993,0,0.3509055727903746,1.0115720790860294,0.7489838468504517,0.05708736814242417,3.245446292029454,CRM
1252,2021-09-23,1,break,126,0.042108190421384584,0.7775981237640988,0.3828987614154394,0.5042761546414213,1.5958704740309946,1.2554096687792546,2.099120206365383,5,1.2768890761519156,1.2811778094407205,2.8612384357520866,2.2134043607707636,3.0887356377535884,CRM
1266,2021-10-13,1,break,126,0.05226504208945972,0.7801342128775346,0.3496320879876604,0.44485528785126827,0.7170771812088995,0.7747490241676489,-0.04184015839708805,9,1.0005587225581631,1.5568765771988253,1.1322067099056525,0.1776622513413327,2.2994666250637814,CRM
1296,2021-11-24,-1,reject,126,0.13307210394623933,0.8838758563769693,-0.5535452900128117,0.7781568525839976,0.7104270667284223,1.0312862061500168,1.273323051337986,0,1.8030016974142073,0.923066948864609,1.0895146978086283,1.5451115282559629,3.7796402657759076,CRM
1376,2022-03-22,1,break,126,-0.15847548662939107,0.7720511116646821,-1.0205096009427026,0.6088384266667256,0.9835133513872625,0.9833343408989736,2.7897435369604353,0,1.9079699612531218,1.5391000786298032,1.065944263389372,0.0,2.2332753835453163,CRM
1412,2022-05-12,-1,reject,126,-0.1065130683100478,0.8795536614938071,1.0398645173660142,0.5008802894125342,1.11698331373389,1.2602435154885305,1.7859592018581734,0,0.6706775827907628,0.9130137916392701,1.5740637832255526,0.8054519247034609,2.7329539671496965,CRM
1425,2022-06-01,1,break,126,-0.06469385675393317,0.8844412094987592,-1.0022584539056036,0.4181044920027238,1.150080193237053,1.9823130740531816,-3.1740235469131624,20,2.208448685033515,1.1917486426281088,1.3646559461759873,2.9374124350547843,1.9152266527086625,CRM
1440,2022-06-23,1,break,126,0.05300519492185298,0.8183771840637393,-0.8895571058960362,0.4749301914113032,1.065183533750786,0.9477180501377057,0.41063713186422257,24,0.43391413032138915,1.0392732486641345,0.8750268713792846,0.25619708917259687,0.0755279179792795,CRM
1676,2023-06-01,-1,break,126,0.007732966837867866,0.8923257167366075,-1.0548971822219493,0.7856625712522485,1.3313789574279125,2.15961864931254,-4.002342346383028,0,0.22696458300270994,0.7944175704620462,2.098848738498878,3.9888211689165565,-1.5048063869589496,CRM
1708,2023-07-19,1,reject,126,-0.1242305328719999,0.8822266921763229,0.6892572372478563,0.6367001137950448,0.9880469127033346,0.7598950434000227,-0.2355468160294656,0,0.4476112256020694,0.7032903678308084,1.5888188869871032,1.5941278053257057,4.472566374635347,CRM
1718,2023-08-02,-1,break,126,0.02507366877359704,0.8971097251241542,-0.6249819358030799,0.5546957077901313,0.522510406586886,0.6690730676819545,-0.5107423289227775,26,1.0085848079230508,1.1529295847332464,0.9426285108713331,0.6514589142889298,1.0663050170678208,CRM
1874,2024-03-15,-1,break,126,0.07559613587314987,0.8856501313380848,-1.0112336639881256,0.5705494348131911,1.1379301242319484,1.0601466234259456,1.9233718936948896,0,1.059002163302336,1.4942504368598684,0.9212936245960053,0.7316783975722155,1.0591733996714572,CRM
1881,2024-03-26,-1,break,126,0.10194030460151988,0.9343016994367396,-1.0718003978780415,0.6430432494542051,0.8029833334079787,0.7748778473316362,-0.08592801911321374,2,0.7769617776403862,1.4071011423454083,0.4606092918404515,0.2589552377215978,-0.13946586533026628,CRM
2051,2024-11-26,1,break,126,-0.004263377659617367,0.75325045609814,0.53621280975963,0.6326860646327286,1.0326615120951579,1.0797221471065441,0.606700924102581,0,0.8361368529956541,2.1106339201179836,0.539196729851783,0.40866823008207853,3.1598483993290567,CRM
2075,2025-01-02,-1,break,126,-0.025617124508375826,0.8275879776348265,-0.7946981754127918,0.521772754851478,0.668559529807092,0.5715172772851823,0.7197996283649313,0,1.0043522137236682,0.9620394832266956,1.2700060054863946,0.21251040197296836,1.7999403431103003,CRM
2422,2026-05-22,1,break,126,-0.16016645825946457,0.7542010169108523,-0.8616138915829666,0.9428056681968582,0.9451254092245588,1.0067823987713924,0.9287489267885326,0,0.5467217627728954,0.9132621241106045,0.9356460393044861,0.8347658595073186,0.2980433635636774,CRM
317,2018-01-05,1,break,252,-0.004171472544907884,0.9300679084599917,0.2917714265549039,0.8377968963258734,0.816141558105056,0.8204886600007614,0.5786271775271431,0,1.3765905682855852,1.0614837534975385,0.7191933541705533,1.157075328163434,4.2732510733755165,CRM
338,2018-02-06,-1,reject,252,-0.13438666160120918,0.9330494121135675,-0.32692808088798553,0.6667198796412126,1.1868578591720966,1.2160490287232433,1.1184279238929806,0,1.2776187170762932,0.017145724348203675,3.4964649921423026,2.0602797517909566,1.2529015305514652,CRM
345,2018-02-15,1,break,252,0.10759456662612511,0.9296023709423253,0.30475070233761714,0.38923664499417493,1.769166977897991,1.579854371706503,5.444902746755597,20,2.498044456087259,0.9648038696000684,1.2925420838460322,1.4850952742309194,1.0308063140464878,CRM
373,2018-03-28,-1,reject,252,-0.0680593309805073,0.9158996694816693,-0.3584350503278703,0.42988154655135474,1.254522622186098,1.5525039164352539,1.931931385893843,3,2.085580303191866,0.8737831280807856,1.1924131988506288,0.2889134361726277,4.104317354527613,CRM
387,2018-04-18,1,reject,252,0.03404352867962541,0.9181714629206235,0.36689478081357835,0.3641452494984699,0.8888229278285783,0.7045214341642626,0.8290586985608953,34,0.9470851229898805,1.0606513653983805,0.7122568186049734,0.062394983903805226,2.1718149717108832,CRM
392,2018-04-25,-1,reject,252,-0.08782787174489261,0.9184185206136328,-0.36795135244554356,0.4984396846026146,0.9174176411436273,0.6418620273746727,0.5923075140801316,4,1.7634984141351677,0.7028470487367872,0.921965860891025,0.05370265949541577,0.8910561034971454,CRM
400,2018-05-07,1,break,252,0.054784037495923914,0.9195895542725406,0.36850108028466727,0.553083977495484,0.9212690830934271,0.7181982188676567,1.703002919630917,26,1.0473758090302536,1.0263657222380305,0.7834196180155609,0.3405557999867935,2.6843754246823996,CRM
416,2018-05-30,1,reject,252,0.029866596768135308,0.9335401964330865,0.4106788856544569,0.697172739412792,0.735261862494273,1.3320832477006488,-0.13227043213647918,22,0.8547490551800783,0.34771582904974846,1.9555759414268024,3.624707232063075,1.2341481004585473,CRM
439,2018-07-02,1,break,252,-0.023633918943304032,0.9499391264257524,0.4225095532659595,0.6076496279916044,1.1433455388621379,1.242295875054058,0.028644985956579692,25,1.2361008550509849,1.4455204056292934,1.8385482446561008,0.13888221864145847,2.297064563882865,CRM
458,2018-07-30,-1,reject,252,-0.09430194622766871,0.9505826867378319,-0.46560170414228924,0.5455624650882666,1.1988345369668096,1.0324829450182609,0.9779400481884993,0,2.0761181358851464,0.6077585233575176,2.7541067183721775,0.15712790619341466,2.847802072607168,CRM
478,2018-08-27,1,reject,252,0.04631323677788675,0.9507030746590304,0.463724001486087,0.8991422607523388,0.821160257525553,1.0911138348199965,0.7831484650411603,34,0.768753825041941,0.839904161058181,1.5219545550857445,1.5549527922164603,4.5639053971212675,CRM
490,2018-09-13,1,reject,252,-0.12753447639391918,0.9538031799943939,0.4752862120705439,0.7657260871122291,1.0318578572368677,0.9773587756781034,3.107026635298506,27,1.124353960900603,1.1247946889759401,0.9811042872799752,0.2615865141273279,4.006150805112127,CRM
500,2018-09-27,1,reject,252,-0.13051719931095235,0.9548877330785606,0.47414861254682755,0.7066881510298183,0.9758872262128971,1.461898660324657,-0.3415558759164666,25,0.5101472343939246,0.9960591181284411,0.6386481796534829,0.3355510244287989,2.7282721796941116,CRM
507,2018-10-08,-1,break,252,0.09306575253384504,0.9550914279494632,-0.5179513816699163,0.5805168553978983,1.1533575128045448,1.1042767663048634,1.1703611727366912,2,2.1095518958252653,1.6164235718082456,2.7034286201668016,0.3287850806928846,3.1330930471668976,CRM
1467,2022-08-02,1,break,252,-0.14068459106341552,0.7658170235177951,-0.6796564532073357,0.9191124395338287,0.8920514325188141,0.6070461141567236,1.7552020624225317,0,0.7470886583585087,1.4147788314196177,0.9726606438163982,0.4429754739320661,1.7183172728385798,CRM
1521,2022-10-18,1,break,252,0.054132406141828474,0.8512056838769787,-0.6987157234933212,0.9389876766161096,1.0394965299211563,1.1452989333091317,-1.0979491511823083,14,0.8489504052731909,0.811637432849822,1.4323348969259238,2.4685767068851856,1.410284657696036,CRM
1539,2022-11-11,1,reject,252,-0.1697088247679571,0.8201916962523088,-0.5985944549134518,0.6300501215274261,1.5199325672304367,1.079455486360053,0.9006853928737291,12,1.5835998872560872,1.0769772935142574,0.7522963903786278,0.034690044865833554,0.618999545501415,CRM
1551,2022-11-30,1,reject,252,-0.18985065979610347,0.80738570467237,-0.5118219675865089,0.581593680914182,0.9998422121902132,1.0262770758468505,2.176601053559119,14,0.7732456838210335,1.1552727737294102,1.8288594721813571,0.16610469062079536,1.580929790700016,CRM
1557,2022-12-08,-1,reject,252,-0.12257868078844063,0.8035387895271769,0.49287096964580407,0.5174166147809092,1.231577368031705,1.874826789945997,0.9546659920289675,0,1.222187993612565,0.9853347572925997,0.8546696876810054,0.39789142638213326,3.337251259445326,CRM
1577,2023-01-09,1,break,252,0.15218696805480303,0.8072412455576594,-0.5140056556358813,0.9457479133673661,0.7014040870207252,1.1141695863711711,0.8859395452534199,15,1.5123435687207214,1.0877951763984388,1.705585814903348,0.73454468229803,4.99422138173338,CRM
1737,2023-08-29,-1,reject,252,0.04452258589425576,0.7555551940179381,-0.5065206803806434,1.319519587671469,0.8232448227314624,0.828415187372798,-0.5980078778567149,0,-0.12055750755021832,0.7052935868180189,1.3945304076007718,1.6175787122600962,-0.6134900141557219,CRM
1753,2023-09-21,-1,break,252,0.0013910888032930158,0.7987978331242978,-0.4849954460553038,1.3443445517387689,0.7247313903338414,1.0446947848499075,2.033595130401869,1,0.6311135331671607,1.1355864058282699,0.9098465217533518,1.1175448464345301,2.8132195054078015,CRM
2287,2025-11-06,1,reject,252,0.08527892795442484,0.7536633285557188,-0.4280488087350001,0.6229841045512575,0.973538091435932,0.7742156024701059,-0.1458941552593586,0,-0.8385954983043918,0.8462097667894136,2.1705630985630258,0.3369276707809064,-1.943649501787247,CRM
2306,2025-12-04,1,break,252,0.034943612272748,0.7768753224346217,-0.3689230571265373,0.7426674223681466,0.8696422829072165,1.2228182697878545,3.6867234190597618,7,1.0266021692040521,1.169162759486263,1.7248178672339023,0.9619279786524633,2.216435136671612,CRM
2438,2026-06-16,-1,break,252,-0.06563547916449738,0.753283513441825,0.4720250274698738,0.5725108055344673,0.456185554441927,0.988515467037813,1.161318213693151,0,0.7767111460809442,1.0389035174412078,0.7345030482797268,0.0856356670582567,3.0978926663629984,CRM
2466,2026-07-28,1,break,252,0.12511453915451465,0.7883434050133121,-0.5134709113967795,0.6867619240439095,1.09791064300411,0.8961709031316937,-0.11109565912425298,0,0.8195995301113519,1.1248097750093522,1.220895808820675,0.6336918975904517,2.739935456820182,CRM
186,2017-06-29,-1,break,126,-0.038133524148937836,0.9617728179637763,-0.659789875827788,0.43241081933980585,1.3548361814601093,1.0550365459574864,-0.08208143400879035,0,-0.1992143045579413,1.9034176388655146,1.2222411931736097,0.40194620857224495,0.18210725072819414,ADBE
205,2017-07-27,-1,break,126,-0.031045223742148905,0.9506650767331282,-0.5598630694386452,0.4891508497116485,0.905433808041718,0.7001555401232021,0.5784402827131945,13,0.8828566281548911,1.3399902497209393,2.8365152099327853,0.05011180720056683,-0.5424261721063798,ADBE
243,2017-09-20,-1,break,126,-0.020069284753671767,0.9410583923880412,-0.4094956468154832,0.42335219579891675,1.2787729210900962,2.255890270338155,1.3492454472295161,26,2.1805220589166994,2.0959684659849667,1.8338693250208327,2.6249101418047074,2.370144516360345,ADBE
264,2017-10-19,1,break,126,0.059730247308096236,0.7756563661678475,0.3510242895538682,0.24924910217457816,1.893721908225506,2.1712567699714156,6.483335077830288,0,3.6977105119756173,2.6675553103982557,3.2636685726471026,2.8897191443746313,4.767960483177151,ADBE
296,2017-12-05,-1,reject,126,-0.08946553459711862,0.7507174124780832,-0.6128049347729754,0.671783402940243,1.187467848192775,1.55346335378575,2.496572858644771,21,1.901880248861053,1.064258098757108,1.8222569055409337,0.22764119467160765,3.8634843767513773,ADBE
328,2018-01-23,1,reject,126,0.009945877582885891,0.7682974179265359,0.6045180971682617,1.3204502116681878,0.7740169878070152,1.010448513354611,1.00046095523667,0,0.4795560721000287,0.7612093773467901,1.7940886626830814,2.228735227437563,7.194726232044215,ADBE
338,2018-02-06,-1,reject,126,-0.10897407106466406,0.8094870516564391,-0.6316372293414209,0.8633415070372946,0.9835747132569996,1.1129520543759557,-0.015068225039165354,2,0.42426560180160533,0.23250242135644378,3.156327607312254,1.2972377237613055,0.31399444226160983,ADBE
361,2018-03-12,1,reject,126,0.016118140613189464,0.8281433763427478,0.6491761425197845,0.9884742283426,0.901456661183499,1.0053312614711092,1.2008721530983886,1,0.6129369605490618,0.8845865805386162,0.5364584757025993,0.614552260076079,4.6199571816030485,ADBE
375,2018-04-02,-1,reject,126,-0.04296783020681345,0.8443663793653677,-0.6965212377974831,0.5124357583215494,1.700388613457946,1.3584791841490529,-0.10870711368507806,3,0.3377259253938669,0.6483820746432994,1.394020834419713,0.22155444785539052,1.1630226982167917,ADBE
428,2018-06-15,-1,reject,126,-0.011293250731619266,0.9303343924958357,-0.7691701561255162,0.771294470353576,0.7227009085963703,1.8159771323636154,-1.2612859710017537,1,0.3259160525644587,0.6309794217111375,1.4408874265257445,2.243695554019112,-1.1772351645324035,ADBE
458,2018-07-30,-1,break,126,-0.07961083686520386,0.8880272040500481,-0.5601761152484681,0.5491145879664243,1.3966774616765594,1.0249838617507618,1.4659151964345924,16,1.6113893091136187,1.9337386157666685,3.0105717851236693,0.08994822156796277,2.588444738135513,ADBE
491,2018-09-14,1,reject,126,-0.09871254582157953,0.7925001601735379,0.37150700079296367,0.6464273744562965,1.1503471819315079,1.4898118709929573,2.3310967376595246,0,1.0459448225563146,0.7540979750228922,1.8811761562565013,0.12592093466208845,3.4483790522829327,ADBE
497,2018-09-24,-1,reject,126,0.05059799560835652,0.8027161022648986,-0.3806771080970174,0.5674128874711772,1.0183062032958752,1.2168942319635125,1.7117717648056157,26,0.589123011217878,0.44955558332943185,1.2285923534579355,0.2099506727190491,0.281464732642253,ADBE
506,2018-10-05,-1,break,126,0.09385239437498277,0.782751646799966,-0.32201652662937047,0.593543524186628,0.8488728755930026,1.145526091344483,1.2477912922172911,18,0.7659217525809989,0.62299077637615,1.295958819800836,0.06621621558299338,1.2537156493905133,ADBE
663,2019-05-23,-1,break,126,-0.08750649969998368,0.7535412163057158,-0.43917239236766986,0.5077769579491794,1.435222901463265,0.8005486873905284,0.7275277925333841,0,1.1705179656163858,0.8204832251552354,1.117743499892075,0.7022974449347408,1.027197143847624,ADBE
676,2019-06-12,-1,reject,126,-0.10536054872845703,0.7749477681281778,-0.4603328504904869,0.5057614088470876,1.3561257677563365,1.0176454630471468,0.9191322435274645,6,-0.13128826843336472,0.9802282407760312,0.4692929559439217,0.02693978794743189,-0.27363083532718996,ADBE
682,2019-06-20,1,reject,126,0.015633048245702153,0.7650172176023977,0.3850361063181043,0.4211413965439823,1.1318304481591246,1.894867868946855,2.320614961445677,0,2.437744331884609,1.3687662056317724,1.5969462217236519,0.32374313170755936,4.115785558694932,ADBE
712,2019-08-02,-1,break,126,0.0318244202226295,0.8313677023272963,-0.3931433913986678,0.9101743584264435,0.5324804089127232,1.1249175424295677,1.2343466064441753,11,1.890144897256269,1.0105350223062386,1.5549000594494211,1.1319035888281255,4.811027682987685,ADBE
846,2020-02-13,1,reject,126,-0.11087730207409292,0.751894401229524,0.6735452752723439,1.0734371430673035,1.130595577176761,0.9497858849443864,1.0752277811104862,0,-0.33863112644294735,0.8932024825807474,0.8389804792957232,0.4299648089780294,4.115424094810663,ADBE
852,2020-02-24,-1,break,126,0.15115678828962653,0.8091799742348633,-0.7404474559812875,0.698964306551505,1.3838272999640076,1.2712314984158926,0.8856966919904831,0,1.7852163696495431,0.6961641289942176,2.076392123798677,3.059652507330322,1.5451679074663311,ADBE
981,2020-08-26,1,reject,126,-0.12226091747236564,0.870079209808094,0.9702208881475766,0.5783401132016883,1.1822389583569923,1.4277269846257812,4.530489281541808,0,2.4709069756375444,1.3410338572271023,3.7841051538069217,1.054275801742333,5.821062907814046,ADBE
988,2020-09-04,-1,break,126,0.011181525518699184,0.9210910676900221,-1.0924378334323883,0.4536452358902178,1.5485147831216497,1.2938787220924997,-1.357846599605879,0,1.5074719277276272,0.6579003913313252,2.7194466994422086,0.21582427001754334,-0.7038247404661715,ADBE
1021,2020-10-22,-1,break,126,0.036193047880182835,0.8546311462236149,-0.6649831222497511,0.6432323604241947,0.5818813438455116,0.6344025593650995,1.4259168134779885,25,1.149944512853556,1.316492905094348,1.5305714887256825,0.08505381456046872,1.198571522952584,ADBE
1249,2021-09-20,-1,break,126,0.029208102648384082,0.8958402964214123,-0.776430700622133,1.0844919252405,1.4145281485118757,1.6399454418692643,0.3477481768531316,0,0.3821201749827539,0.8522115204082189,1.9804621433403313,1.1948733425126834,2.4097710656020386,ADBE
1396,2022-04-20,1,reject,126,-0.07322967313353271,0.8947694562897129,-1.0310625120549188,0.5094511754858951,0.6856425517631549,0.6491085071720654,-0.09858155752300497,0,-0.844288125644753,0.549180192895963,1.1022704209366576,0.31363930603388135,-1.0849516636185859,ADBE
1406,2022-05-04,1,reject,126,0.04148031733318714,0.9142100884171791,-1.1083224711216526,0.6614935990823179,0.9042853031802266,0.7909956640329185,1.15256374403167,1,1.3641466677194045,1.1372466407140662,2.017355011661012,0.029913580082200183,0.1964876082416214,ADBE
1415,2022-05-17,1,break,126,-0.08327012272503408,0.9090961254669121,-1.0318702319136994,0.5127408679786771,1.1515952459480747,0.9185161447180064,0.559878773088636,3,0.6920088688001291,1.0233870096989248,0.732120218845092,0.8347842870043826,0.5570655356718582,ADBE
1437,2022-06-17,-1,reject,126,-0.07227096935533439,0.8194436568946144,0.8543755318203649,0.4210276909269604,1.029551811880454,1.6421639416487175,0.5807372485984278,0,1.2752312367703103,0.2602094769445613,2.04927584857604,1.4470875411978805,3.797157947570044,ADBE
1441,2022-06-24,1,reject,126,0.01087633919430162,0.8230094037198559,-0.8483461837830609,0.4113039423603115,1.2664733456764667,1.421404951627346,2.9891741931634095,19,1.3370899975402877,1.222941114608436,0.6443373958167637,0.33466819666724507,-0.9577686494391968,ADBE
1726,2023-08-14,-1,reject,126,-0.03750702036089413,0.7791420754521577,-1.1319873444989637,0.9131027363548461,0.8051453938270215,0.5527031463091118,-0.01649123770572314,0,0.486031657008456,0.5382031016740676,1.5019918374757946,0.18812342023688458,0.24555248569315238,ADBE
1749,2023-09-15,-1,break,126,-0.036880706829824576,0.8431104954683216,-1.0334792550295904,0.7435483702328829,1.1489490113566443,1.6963913838607718,0.5867841417369231,4,1.1678788384306351,1.3390058411614918,1.0776252164384792,1.8369898633540769,1.2327473162488265,ADBE
1927,2024-05-31,-1,reject,126,-0.23041982535880476,0.8095009192025928,0.6624304667313178,0.7524596571296004,0.8592666518556809,1.3581943081452403,0.3566119714431302,0,1.1575194025376803,0.6510524537703445,1.4525830513532711,0.23261225216921233,4.234884654130051,ADBE
1937,2024-06-14,1,break,126,0.0755590883219888,0.8362382194567177,-0.7021217827157147,0.36128131973694677,1.8208065197523693,1.9781764534787836,-1.1704812076845663,0,2.4316862492433287,2.8763359858771413,1.2219309994971588,4.13955457584414,3.2625802366271626,ADBE
2161,2025-05-08,1,break,126,0.08227790392810932,0.7733431698973503,-0.7636356842014218,1.2273067118269885,0.25035320865033367,0.628377456613443,-0.47476131065781274,0,0.7949961928994451,0.8844864261253382,0.5126249155244893,0.591588051734997,3.732604690654043,ADBE
2392,2026-04-10,-1,reject,126,-0.11589277624330212,0.7717314371284264,0.8654494929018067,0.8081994518586153,0.8012940372064109,0.7507337784143807,1.8067823802110552,0,0.5771326590788501,1.0283927027645172,0.8866917814388258,0.0072968921202820934,3.011669411278201,ADBE
2400,2026-04-22,1,reject,126,-0.010092199838893283,0.7963554961387354,-0.9321356980049151,0.774269887023392,1.199318409870835,0.9919817792417435,-1.5483437325104272,0,0.936474374684049,0.9814609225163714,0.8257497694304721,1.2604766194793076,2.4502938047237826,ADBE
2407,2026-05-01,1,break,126,0.08894066553017384,0.8146345530451651,-0.9667678576509271,0.6342798310611207,1.1438379137537527,0.7700109370447873,0.7490345619195038,1,0.6342663206217546,1.1734910927945776,1.1481967808190003,0.8178498451179488,1.1404293839219013,ADBE
314,2018-01-02,-1,reject,252,-0.11701990048574411,0.9378563671266114,-0.5086752164814053,0.5455455852934707,0.292140956202707,0.5686823894514674,-0.9878786850628071,0,-0.3346087990195815,0.7071902324582157,0.6616327378273023,0.1883600164659894,-1.0210737530603389,ADBE
322,2018-01-12,1,break,252,-0.014979666352169178,0.9395423961813817,0.4803207596053835,0.865514402337455,0.4461931376775689,0.879291797918731,3.434819278269819,0,1.0279770254935876,1.400183826377567,2.438199075100639,0.08915892682774242,7.994544423161762,ADBE
338,2018-02-06,-1,reject,252,-0.10897407106466406,0.9378831480662302,-0.498842505207655,0.620593827337298,0.9835747132569996,1.1129520543759557,-0.015068225039165354,1,0.9912014309324833,-0.12147181559486266,3.156327607312254,1.2972377237613055,0.31399444226160983,ADBE
345,2018-02-15,1,break,252,0.105483686500959,0.936935521051336,0.48445791550565936,0.5386917991800808,1.2809452267782844,0.9219963714114631,3.323953440289121,15,2.114032143923575,0.9666931500401188,1.1983616727398037,0.5226774874229109,2.0215849164365287,ADBE
402,2018-05-09,1,break,252,0.0318959373472625,0.9355764152494758,0.5296449243950221,0.7649261086508722,0.5445895375777382,0.7336863849083419,2.5540246842740153,40,1.4098538619208403,1.3373316097160846,1.25843486644967,0.12756925366704405,3.963113395344029,ADBE
417,2018-05-31,1,reject,252,-0.038729824824271446,0.9471450891168269,0.5890946694185017,1.1169127686108424,0.4763014175390549,0.9686665368606288,0.9734966312430253,37,0.21495523888329304,0.9187909214363037,1.0312086269774443,0.11333951350492166,4.098763424616105,ADBE
437,2018-06-28,-1,reject,252,-0.06067122685322603,0.9541046741414344,-0.5926853156133092,0.8352747432633341,1.0272262821359874,1.2131879124967084,1.6731928199527615,0,0.9039406683823956,0.7642452930611429,1.0955008788329124,0.3376202932434344,2.9126353907648825,ADBE
458,2018-07-30,-1,break,252,-0.07961083686520386,0.9544941453253122,-0.586778894591855,0.6724273581066781,1.3966774616765594,1.0249838617507618,1.4659151964345924,1,1.5636121303074078,1.4611400073554555,3.0105717851236693,0.08994822156796277,2.588444738135513,ADBE
484,2018-09-05,-1,reject,252,-0.05458487509360785,0.9408801358831771,-0.5923282560419314,0.9002516264758771,1.14032288534557,1.168067200487634,1.1461854637514033,20,0.6675229386722095,1.3427356641844685,2.711471598283097,0.28261394428549136,0.20689298182778004,ADBE
494,2018-09-19,-1,break,252,0.022796386565425878,0.9354446979587517,-0.5937124648748137,0.837699161352255,0.9728578258529863,1.4403917931782952,-0.08140346404969942,23,0.5333028846141799,1.1042227292204876,1.4895569649144489,0.08144252428668203,-0.10816141603286539,ADBE
505,2018-10-04,-1,break,252,0.07244957197169717,0.9308396905877142,-0.5326083157763999,0.8695073332708326,0.9300023539069969,1.1301727127599082,1.743204565500338,26,0.4601880313452754,1.1623638088141626,1.8341751449166446,0.26116015385661967,1.092089170909129,ADBE
967,2020-08-06,1,reject,252,0.08996608369858526,0.7824695054135331,0.4575352621104213,0.8875766842015304,0.5756409874613341,0.7977650952594345,2.0323954144690948,0,0.6038982524457829,1.2360310605073177,1.2109171779100194,0.18587543854296784,2.230352947845678,ADBE
977,2020-08-20,1,break,252,-0.023108166924243452,0.8129715943778092,0.5118390219288856,1.1532587619486512,1.0125897796042378,0.7183258883060555,1.0269581658527438,2,0.7072051115786007,1.090519889440188,1.9454758071946583,0.1337364413066988,4.021011433882954,ADBE
1025,2020-10-28,-1,break,252,-0.028285118524207935,0.844627637866291,-0.5914773614684841,0.9593242904336221,0.6710208142492096,0.729280907397501,0.7730065295740501,0,1.3457626201788346,1.1596498234682808,1.2709507976262444,0.9700411940492036,3.5864923671217905,ADBE
1043,2020-11-23,-1,reject,252,-0.09036187325798914,0.804239446166882,-0.5035489620495756,0.7173518251402808,0.8245840373028777,0.840516306801177,0.6550671290278774,6,0.08880722682687514,0.8925113459624109,0.7657759475742868,0.1314522172733526,0.4229948213076499,ADBE
1072,2021-01-06,-1,break,252,-0.04828865001394499,0.7695857208011269,-0.4742835171215454,1.267272812701624,0.8149821492801709,0.9788969512368043,1.13836098548177,8,0.9364728631505197,1.2454642720591518,0.9416584888072875,1.5353421132840253,3.3080411158216734,ADBE
1302,2021-12-03,-1,reject,252,0.0883969746173989,0.7804038561704854,-0.43413723295457796,0.7335033657383273,1.6089472816250894,1.6747262808659966,2.8108988186250996,0,0.3731511721546802,1.0412188127142894,3.3630150463908484,0.7997288521064465,2.8567198213357616,ADBE
1309,2021-12-14,-1,break,252,0.14405584864023177,0.7872906864336269,-0.4206413381888436,0.5943580667030581,1.7353552984720695,1.4943002929434663,0.008509387175251735,2,0.6490159210490172,1.1095569583523583,1.7220068499169219,1.1039157796141572,2.1072251099275032,ADBE
1445,2022-06-30,-1,reject,252,-0.11365254017367578,0.7860614027114294,0.5893515932826615,0.7099650726828781,0.8112641469695829,0.7685233613056713,-0.3463100735983029,0,0.2932041859687603,0.7542475652533204,0.8498558774133663,0.5102534724340342,2.1203308994177323,ADBE
1459,2022-07-21,1,reject,252,0.07107265320516351,0.8581088245711714,-0.6331585219036328,0.9545870095689334,0.6982798958994784,0.7110466473275316,1.1452148751218976,0,1.148786066538044,1.0266813999219688,0.8921459691670023,0.3186762113871934,3.5038641002463966,ADBE
1498,2022-09-15,-1,break,252,0.04766833754062284,0.8114248404958387,0.6895086417920604,0.5413262671938112,1.879325791401635,2.8487970113468455,5.642719773951069,1,1.9860063732022897,0.919437922943687,2.308580074071758,3.077232184128,4.872718985060677,ADBE
1518,2022-10-13,-1,reject,252,-0.11284758617393854,0.8418285458397985,0.7469365265823089,1.2731448215812122,0.6529183807382467,0.8537711954259505,-0.16070774629911858,14,0.047243922735177635,0.5498336516053646,2.41396810911535,1.1813942745415278,-1.289622487899619,ADBE
1539,2022-11-11,1,break,252,-0.008773478041747992,0.8441708334478614,-0.7307524878360275,0.7649337061347414,1.2112833435199963,0.8534434335082542,1.95769992164935,17,1.6188692252109378,1.256766548877742,1.177228376885369,0.03664876273249102,3.076042882274917,ADBE
1551,2022-11-30,1,none,252,-0.02153899717568154,0.8188248856570407,-0.6274584443833188,0.7175762324389072,0.6831201454821408,0.6683830546070045,1.1690936365635116,8,0.8309540301608496,1.19327361882991,1.726691983559889,0.029857204861515357,1.8809694540132766,ADBE
1755,2023-09-25,-1,reject,252,-0.05478497939652605,0.8510376597605002,-0.7142682149167129,0.9816138790347981,1.2968402355423685,0.974230066219078,1.3563305612659369,0,0.8484468093869321,0.9225048634090569,0.5733861403784101,0.14681251804850817,3.1635227961703247,ADBE
1777,2023-10-25,-1,reject,252,-0.1732489680775271,0.8499894523678257,-0.6628989591138926,1.0908270742653547,0.8997999718210627,0.9302490472392094,1.5922155951304549,5,0.9695660131192887,1.0674834277486402,1.1804323231765417,0.6347058507258613,1.4425272821467412,ADBE
1824,2024-01-03,-1,reject,252,-0.09362504865146083,0.8735669545020391,-0.6350724882552456,0.9521683945376768,0.5959906555456214,0.7020477983035797,1.2828508592293013,5,0.7775280791849185,1.1135494197624598,0.6186634659812101,0.4842377124204351,2.478549972844734,ADBE
2187,2025-06-16,1,reject,252,-0.10477162810778338,0.7516747495965714,-0.5045754652314006,1.0412274507674932,1.0141994554522868,1.647010437562827,0.5984271829816955,0,-0.21923241987410935,1.234693710011065,1.9842878069196428,0.1988303335426927,-1.5197285028457372,ADBE
2196,2025-06-30,1,reject,252,-0.04272143696106477,0.7949836376778444,-0.49798567686721845,0.887746725027469,0.9041405579936069,1.197045799180844,-0.37125111132928273,2,0.24912535393884772,0.8791418084569955,0.7761420172374048,0.19426997463781956,-1.4443352665050975,ADBE
2220,2025-08-04,-1,reject,252,-0.019811303250791033,0.7645077816531636,0.3459038607061214,1.2256226050554577,0.7920508008084541,1.1855159246001952,4.198916718604367,0,1.1568262610546858,1.2841044594151962,1.937616988911393,0.7349203511731481,5.8867270262401945,ADBE
2248,2025-09-12,1,reject,252,-0.034507698810362475,0.8066604546858366,-0.42154810994321434,1.015017797708787,1.0521242155426653,2.0247356821482616,-2.1820847004044785,2,0.3575300481782328,0.3326078589275417,2.987457816969327,1.951078703112492,-0.8440002157950421,ADBE
2275,2025-10-21,1,reject,252,-0.09708209264406381,0.7764712117451409,-0.38720625624341837,0.8521169834160466,1.1465882203593465,0.927512779145112,0.9328229701507216,9,1.009797082690424,1.0486191776055838,1.8446991616228001,0.03035077995967034,1.7744476837696768,ADBE
2418,2026-05-18,1,reject,252,-0.20950667374494675,0.8631838607538351,-0.5679988873210841,0.568198092041262,0.9325857150026566,0.8556194332070015,1.8356293360554634,0,0.7410862156171931,0.9944680173271412,1.4193127432951314,0.044225978584051015,1.2743157924115425,ADBE
2426,2026-05-29,1,break,252,-0.22767717461348763,0.86307199429159,-0.5601457138980348,0.5862959969441794,1.139100715032598,0.9710714426760396,0.928857780114225,2,1.0011129917450088,1.410011776321547,1.9950035797639263,0.6030089582671374,1.7122907220416652,ADBE
2435,2026-06-11,-1,break,252,-0.05256989018030246,0.8511482668493082,0.5059586072107654,0.5180650634864304,1.464401534798835,1.4676740504676606,5.057309809483281,0,2.610072965801532,1.0807960356257462,1.5945558029271307,0.4483730640425364,3.724932367920475,ADBE
2459,2026-07-17,1,reject,252,0.1069103787508486,0.8559580914869005,-0.5745965022909291,0.810243949967442,0.7668043821282335,0.8533943067408674,1.004421144107474,8,0.8909364046711751,1.0576843325022809,1.0229128265484273,0.009742107597232822,4.752571777834175,ADBE
297,2017-12-06,-1,reject,126,-0.029257124307582642,0.7542426544943864,-0.7353025177707556,1.3881456683409539,0.8567819217684413,1.0535082143370098,0.07862781148209472,0,1.3955147933917114,0.7743797342174159,1.4000040690104167,0.6686902330740554,3.2706305211063618,INTC
306,2017-12-19,1,reject,126,-0.04834386148925119,0.8311802662678494,0.5962179514091493,0.7426525609748778,1.0035770872486922,1.2481793384113302,3.12587747229495,0,2.3351122057542035,1.1569223449070398,1.6758402194279913,0.06024768771519283,4.160437543036756,INTC
315,2018-01-03,-1,break,126,-0.05145905900245555,0.8626511694544858,-0.682247763684897,0.6301035563485621,0.961672481508599,1.1433375634638605,-1.1593085344778828,6,1.1191393472661808,0.5935883380391568,3.0367711092965277,1.8285760300311915,-0.1847296234955744,INTC
336,2018-02-02,-1,break,126,-0.07511346959227617,0.8003901012064882,-0.7172646009270764,0.41806916004077277,1.811576944455113,1.064286545110962,2.866474932396345,22,1.8953897519211815,1.3267176856871787,1.4863689236218867,0.2518281731794671,-0.4149818728386979,INTC
429,2018-06-18,-1,break,126,0.028009856340988955,0.8304065537139209,-0.5290128925735746,0.7637054911846612,0.6362679998807984,1.1536856693894657,-0.20925856421046277,0,0.7487139618010431,1.338753821323787,1.9938957070094592,1.0262569464007718,2.7204744992534007,INTC
521,2018-10-26,1,break,126,0.037797115616274,0.8227294293269185,-0.4741758955078965,0.3875188575893838,1.5747936166154024,1.6444117370490146,0.20105400047459956,0,0.9881961098733549,0.7782642226149231,1.3302736039133896,1.1617801697085774,0.02590100155510076,INTC
637,2019-04-16,1,break,126,-0.21760435243898604,0.7671371820228754,0.4172272586342418,0.8815402326085618,0.5471735983836762,0.802059702765296,0.7265689633288376,0,0.392608394756223,0.9229310277220911,1.808786217419847,0.6357072196890687,3.2589491801091652,INTC
644,2019-04-26,-1,break,126,0.16241797229372182,0.7728522748662932,-0.4058161052363647,0.40494134416132077,1.8609078030756,1.429135231603462,-0.8309628971675761,0,2.737667392206118,1.1535174273132658,1.960047633663694,3.6906675568492044,2.936495544481605,INTC
832,2020-01-24,1,reject,126,-0.10313983242198993,0.7828128135548476,0.6218909193257633,0.5033338660035404,1.7750338409688389,2.0025475773361334,3.2414852771887137,0,2.77674637282265,1.877599920530605,3.3953258365051946,2.5090482829678606,6.258592455519979,INTC
852,2020-02-24,-1,break,126,0.21966831500091238,0.8918968961602064,-0.6750592587642378,0.5038851317471906,0.9458297418623015,0.9103945530704104,1.0723913459443473,0,2.0975622014680795,1.7899870582854416,1.0383100285917752,2.1321095097203107,3.296099520071657,INTC
1146,2021-04-23,-1,break,126,0.054817742355837897,0.8660371821658545,-0.9191356137871833,0.5276040439683238,0.8983571411679712,1.1719920732859839,0.023977042759704383,0,1.622277076417497,2.944188771585698,1.31868105544884,2.4786496545409973,3.8235367644279323,INTC
1241,2021-09-08,1,break,126,0.007624394913510225,0.7538459910886663,-0.4311727113315966,1.0679762006931899,0.5260298562442558,0.7586719007463594,-0.40496616863815443,0,0.1530847750337858,0.8576053370916125,1.188493222274114,0.1646486605146112,0.35433206502961256,INTC
1446,2022-07-01,-1,reject,126,-0.016917154835800186,0.7614267136521307,0.6509531722889241,0.6814175694128871,0.7483336452396421,0.9042932041870066,1.6243749295439818,0,-0.1926352779688867,1.212844592650855,1.3735690665720335,0.40053763321521935,3.1692001892560655,INTC
1457,2022-07-19,1,reject,126,-0.10558161506620319,0.7743377119963709,-0.6803205065247931,0.8405581356738856,0.7017664134143005,1.0222813660139838,1.7103331454678534,0,1.7116150955136205,0.8785702165478932,1.592729603695385,0.8719444837764969,3.5145463504338372,INTC
1465,2022-07-29,-1,reject,126,0.08473562746107699,0.752436808669629,0.5688426520129594,0.539698532536623,1.3947032983723415,1.5659211621302782,-2.5130815438933283,5,1.3148736170053734,0.6972368236562015,1.333331121913895,3.987345619927011,2.0291048406148886,INTC
1472,2022-08-09,-1,reject,126,0.1189062295398259,0.773699103591238,0.6508167402328974,0.5416747653121491,1.3500666193488557,1.2188023820639158,0.5325485817954905,6,0.31444670454188783,0.9725256109653786,0.857958422677865,0.16658470618491097,3.4137542443396582,INTC
1486,2022-08-29,-1,break,126,0.202933235476127,0.8582079217966654,0.7123085897500544,0.6857590480089354,0.9417557171448956,0.8412196506652047,1.3527107396274978,7,0.28550953041065863,1.0387081598582228,0.6810422822879255,0.19282400104861894,3.2265582643204085,INTC
1527,2022-10-26,1,reject,126,0.0865519177257166,0.906820353236051,-1.2541874107063682,0.6457275649963508,0.8859069697079361,0.9746153603712887,0.8833421422628805,0,1.5649213370885984,0.7628939275623559,0.8833148439712425,0.32409101309018973,1.1849122323230479,INTC
1840,2024-01-26,-1,break,126,0.015235747691363996,0.7571457334747488,-0.7774528082757095,0.49809478618563224,1.5673029120295063,1.5817519627958876,1.6707167327602221,0,1.6937068834046844,1.244382759122078,1.5821827222882094,3.5369301883001802,2.7807040754692283,INTC
1939,2024-06-18,1,break,126,0.12964693661059032,0.8246030574383114,-1.248173730554424,1.1457063555793559,0.49890811526805434,0.760947897591394,0.40431427064348047,0,-0.05708600174277012,0.7401170431260107,1.2856186925725646,0.018908951540797945,-0.0917424917263371,INTC
1949,2024-07-03,1,break,126,-0.07236069960222477,0.8812710382641292,-1.096495135792648,1.58866870390473,0.442423853265767,0.718099324381383,0.8781979534304213,1,0.5564630186683608,1.0159727695413987,0.6745103835327124,0.15316084176684183,1.427320638851627,INTC
2297,2025-11-20,-1,reject,126,-0.09092007130638002,0.8068982087497829,-1.5789397654871098,1.0882488834504456,0.6106276657882964,0.6037212884321806,0.5858741604551074,0,0.7090801545243375,0.9998758488282551,1.8974213864645069,0.8599527024639483,3.9593361123681667,INTC
2313,2025-12-15,-1,break,126,-0.2614821291105111,0.8283386226265109,-1.6346101181624124,0.764809813041842,1.1401117707527053,0.7180470855390833,0.851888728244195,2,0.7478659893861151,1.0337728003909707,0.6065358074376915,0.33909427768073847,0.5439773813604958,INTC
2354,2026-02-13,-1,break,126,0.022259214053095316,0.7811295092377474,-1.4651488523345009,0.5232389965969441,0.697867861062501,0.8567097494042144,0.7117393605969704,20,0.8690197568109567,0.8137009508959049,0.9033535447261871,0.25013849294105134,0.47420138995363553,INTC
2451,2026-07-07,-1,break,126,0.09028612180116054,0.8095926326349906,-3.035740648233117,0.8152534404706321,0.8431431288650687,0.8233536794649859,1.7989229868039494,0,1.2724275433617327,1.2483255749980657,0.8778337305900574,0.7958370497264811,1.8964953209809163,INTC
362,2018-03-13,1,reject,252,-0.013219483399577292,0.7518993910986327,0.3486683115862151,0.9828658592217248,0.782723002248641,0.9291548857109926,0.3778103317546472,0,0.18481528002917247,1.3629471762147911,1.7855796242531987,1.0875679082626113,3.6876024472860602,INTC
394,2018-04-27,1,reject,252,0.050116785249783385,0.8510023273859645,0.4570572116185074,0.6430200896752118,0.6760563107488203,1.255781746686211,-2.121831553103139,5,0.2821695619223082,0.2447043138369829,2.203652616319912,1.9157498566209037,1.1385253290842205,INTC
425,2018-06-12,-1,break,252,0.06831553836114711,0.9233957311425336,-0.5545746207921798,0.8620276719670036,0.7000565934406254,1.010017880692283,0.06797972256499722,0,0.9510772259051964,0.8130946737885677,0.8087844313110675,0.4593104154794378,0.5595141036438689,INTC
1417,2022-05-19,-1,break,252,0.12780083926001934,0.755185710342541,0.22782390201759742,0.33140753450669386,0.922816624738748,0.8660447421254878,0.22482661603801984,0,0.20797829780259391,1.940585218862191,0.730252696580475,0.024395928724510955,1.9212504877991734,INTC
1430,2022-06-08,-1,break,252,0.08184312423478542,0.7597555917418352,0.24945275295650216,0.43785751889168756,0.987235054667578,1.0065493705748454,0.9715894615117229,6,1.3942551195744692,1.7375899152512542,1.0928472980468444,1.307943515303878,1.9194461780005787,INTC
1467,2022-08-02,-1,break,252,0.1099686103819401,0.7553589399671233,0.31335178213933645,0.4917967981208902,1.3480824377231397,1.731618720765742,-1.6091176838246797,13,0.9268942434244598,2.107613109212346,0.624704374356845,0.3661383517709998,2.3224004364749176,INTC
1482,2022-08-23,-1,break,252,0.1760379993054148,0.8010367746667988,0.43097542818016044,0.6139433115352428,0.8323898298352548,0.8450957980823978,1.5597071182653148,18,-0.171702246689305,1.4379953292571952,0.5245897948692934,0.1546385801202247,2.2682756161708415,INTC
1528,2022-10-27,-1,reject,252,-0.11052415679272552,0.8296460526289657,0.666553734979267,0.987520995312651,0.8744034547491104,1.0730583797195488,-0.3677541093371392,49,-1.864029546838017,1.0744256908214558,1.580943690752898,0.34691835023977297,0.2167028682389887,INTC
1539,2022-11-11,1,none,252,-0.058880325329621265,0.8633414845073996,-0.7674182299495005,0.685732289264946,1.1065743725011636,0.9608773986401054,2.1006433531116935,0,1.8436039728517137,1.0345536967525684,1.8079084754489765,0.8416560519453957,2.860324243070504,INTC
1560,2022-12-13,1,reject,252,0.052875798206645355,0.8905941992536205,-0.6855595202829665,1.0779965592227585,0.6154089835753589,0.8654135265896182,-0.32953059108475535,8,0.1548760521667743,0.5121832616208685,2.185513771748046,2.025751085758819,-0.9575145618626001,INTC
1574,2023-01-04,1,break,252,0.08680061963402658,0.9139085347196199,-0.7606965042162168,1.0542265311076005,0.7532050242495455,0.8111370026788042,1.0829883793697404,9,0.7806459436727752,0.9725269463334557,1.048999780437682,1.3973204538377766,0.9719951462217252,INTC
1802,2023-11-30,1,break,252,0.11703702825166551,0.7597310855130985,0.353873971838284,0.8356097709642255,0.9603614765709619,0.8491345559778277,0.35986605454166704,0,-0.313385759779079,2.029018737624639,0.6868686245943033,0.3191034074059873,3.869020602159099,INTC
1843,2024-01-31,-1,break,252,0.0006966816402087944,0.8486077491625807,-0.5702837969005472,0.5973627841814498,1.5812314519716801,1.6910227801556472,2.4912894191875687,0,1.770756340607969,0.8162113641089694,1.0358569149858485,0.2618417469358985,2.6755611255393648,INTC
2032,2024-10-30,1,break,252,0.058776454554602675,0.7610739188375952,-1.0399627229314854,2.0571640619579443,0.479353933210145,0.7287825826745619,-0.12220530847054767,0,0.1358113026383675,0.8923334382187373,0.9286207692362597,1.2131801721894893,-1.1152138132088825,INTC
2077,2025-01-06,1,reject,252,-0.011133779897877415,0.8276628240135191,-0.965754426615323,1.3068127533471148,0.7105330956524976,0.780451257216917,-1.1783410850252471,17,0.6288783081896507,0.6751164757646054,1.7479949922733646,0.557567981202616,-0.7187310184338251,INTC
2085,2025-01-17,1,break,252,0.24259026098745085,0.8232324765099717,-0.9630015393053114,1.0406214735189183,1.0990590781148124,1.0199550706253682,2.8659326520911454,18,0.9587535290259317,1.4480503857649771,1.302981854896965,2.6290360625075855,2.594689835235992,INTC
2101,2025-02-11,1,break,252,-0.013925747772367839,0.7943120105354619,-0.8083319608150998,0.9676823820450352,0.9295549443562916,1.0445700558223021,0.4369774577025542,13,0.7801371908675405,1.015950778635357,3.062922808668585,0.17052284346347293,1.354000517930757,INTC
2365,2026-03-03,-1,reject,252,-0.023616885778811866,0.7998313319528942,-1.0725829970975402,1.19004352804899,0.6020616013327257,0.693887475364922,-1.1852606986023555,0,0.5598816259926431,0.9859048265383884,0.6062974067368766,1.623276806064758,2.74605042199997,INTC
2375,2026-03-17,-1,break,252,-0.3879114317266449,0.8337108743762037,-1.0834898224433684,0.9582460464950265,0.8359833861036127,0.771773873444749,2.489379635923813,3,0.5049370925085739,1.0706330540178084,1.014493619477818,0.20525083686680962,0.8376080510774481,INTC
2391,2026-04-09,1,break,252,0.5744118174004125,0.8779240043895691,0.998814900989708,0.6681985503488141,1.087437620330717,1.3777795444798395,4.797704861007994,0,1.712195156824128,1.1573410369376653,1.4175959831224199,0.19299073036011472,5.46788688173775,INTC
2459,2026-07-17,-1,reject,252,-0.07556493333105418,0.878325637894768,-1.699409967883709,0.9345480683584472,0.6889960603023199,0.8534867599919883,0.3784642622302961,0,1.0032112253290952,0.80947560449691,1.0519780288221696,0.9787014900881423,4.377080926814271,INTC
2481,2026-08-18,-1,break,252,-0.044105464304814844,0.8574581515535938,-1.612681528911048,1.098239055646653,0.5830415641211455,0.965650732008398,1.5168808939154066,8,0.17998517777587875,1.0252854093133477,0.6831563282773664,0.8787697252834433,0.003773705742673661,INTC
337,2018-02-05,-1,break,126,-0.006619865152474502,0.7727814044153526,-0.6440377308337619,0.7881670620105884,1.5104075371085213,1.6980975577696782,3.1501321417675436,0,1.5239743595425836,1.5507669749483286,5.731879207728993,0.1717360850567773,3.977234649334994,QCOM
509,2018-10-10,-1,break,126,0.054192175221420086,0.8676769173227503,-0.7213419163145464,0.7540260816283622,0.9978700556861886,1.1384721119160794,3.019043368632815,0,1.5129712926888508,1.5934639135705846,1.8690359005773456,1.1212629587693503,4.819837480989429,QCOM
598,2019-02-20,1,break,126,0.08599400100384,0.804845929641544,-0.8532613632824011,1.016833992806657,0.48993500316805577,0.7750077954377551,-0.49417688248075897,0,0.8645440815381407,1.0296075551886401,0.6727028493278137,0.29183496380968377,1.9220414789386124,QCOM
828,2020-01-17,1,reject,126,-0.08573263831671249,0.7575300723204608,0.42329249710127326,0.7540764797306229,0.9084983888525938,1.1757390421223517,1.0755250416184041,0,0.7738476347720297,1.5706477661255644,2.131040844798048,0.9454007157769786,5.098793589135803,QCOM
833,2020-01-27,-1,break,126,0.08170982571287624,0.797876234458754,-0.4805167312745604,0.5781683530447497,1.178985992319921,1.0490358213645585,2.0301259478228,0,2.6423295322343647,1.0716817661088003,0.9168632966775867,1.504934402776751,1.9083104055051174,QCOM
989,2020-09-08,-1,break,126,-0.08526381393715779,0.8743592799121721,-1.2654748902426374,0.5606014665916376,0.9860165873089937,1.119540989437565,0.7813419535747246,0,1.5379027008523314,1.1473064655274654,1.2748745825125143,1.3655603457848833,1.7846505322357324,QCOM
1023,2020-10-26,-1,break,126,-0.1306946426754384,0.9266957950081565,-1.2074009795295015,0.8233873561864817,0.45586780328139365,0.5852953264253817,-0.29927967723108356,16,1.1182300945207544,1.12011019992791,1.4595779776438336,0.6238751353727285,-0.7863845894022289,QCOM
1031,2020-11-05,1,reject,126,0.08062967823701271,0.9200187387796204,1.0698505466852977,0.4809165523332135,1.6249305366975855,1.4851509891093069,0.73162140331042,0,1.91572289990955,1.1298044490867791,2.238998066672769,4.002353763506682,4.203411574521098,QCOM
1056,2020-12-11,-1,none,126,-0.06811455203103386,0.9254216918646466,-1.1150016793191881,0.6043052840399815,1.1687420668375628,1.283133826679998,1.2855326936291926,19,1.6717905246683986,0.8867905853660534,2.018791354212616,1.7426602182773898,1.4389893233145918,QCOM
1086,2021-01-27,-1,reject,126,0.12561442513070273,0.9027144695669469,-0.8900555592328991,0.5866771874441252,0.9857157134920795,0.855617596746603,1.3744436196735303,14,1.3237910600068858,1.168037522882719,2.0702957321164024,1.160450763457046,0.944381126581969,QCOM
1418,2022-05-20,-1,reject,126,0.05634527895539808,0.8225185381473555,0.6572451462254068,0.4087123174408192,0.9299043585248672,0.8284811885336796,0.04764886242885595,0,0.23395767410211465,0.5964969892193683,1.245180723777342,0.46095696989643165,1.160322062961828,QCOM
1423,2022-05-27,1,break,126,-0.060159561251021586,0.8449550933084327,-0.7955206304057538,0.48667543117388523,0.932619958788345,0.8244578118729543,2.5733075579784113,0,1.570725466800917,0.9742284775815485,0.7183488110983284,0.304121574381945,0.8409054997088469,QCOM
1437,2022-06-17,-1,reject,126,-0.19723851819502572,0.8611326637675759,0.7852282185949349,0.5225285403126954,0.8282566483876075,1.1631515621848734,0.6621096921351864,2,1.6224093125599213,0.6980693037399773,0.9167355257782384,0.17162845594388032,3.6893949730315243,QCOM
1443,2022-06-28,1,reject,126,0.15341218132572113,0.8708364761819622,-0.8660370521051662,0.4765272300390891,1.0359742370577183,1.173622237279532,0.3851622075199555,11,1.4342834741933908,1.1933035183009797,2.1954756392840222,0.6749705290044986,-0.15348350425610088,QCOM
1868,2024-03-07,1,reject,126,-0.024133654749267743,0.897863254740068,0.8700304237958458,0.5991294182735503,1.2052947614050964,1.2972884428718001,1.9338551339268366,0,1.7036795262148197,1.498268681884984,2.454508151951906,0.5113540318692238,5.6481840201160916,QCOM
1891,2024-04-10,-1,break,126,-0.055163253330325346,0.9325784423310702,-0.9399221906661395,0.7124062995285362,0.775141192340614,0.6968525494685193,0.4971124796730221,0,0.7796076422055849,1.018757115168279,1.1330745472530004,1.2366013747988078,-0.43371741268595637,QCOM
1916,2024-05-15,1,break,126,0.11262555288890178,0.8891244633300041,0.7025735155948049,0.4307297112788089,1.3228555560226223,0.8838680992299213,1.7162646794362513,2,2.032338346354882,1.4171257328767242,1.4971680510164131,0.2264892579245563,4.797177920042885,QCOM
1943,2024-06-25,-1,break,126,0.11022518128702653,0.876588780673502,-0.8697537284682156,0.4975531973740792,1.3047944410918622,1.7929105788609379,2.887089275627793,17,2.636852866286352,0.7609565679182994,0.6250975093447204,0.46838332239986347,1.7111332228723084,QCOM
2398,2026-04-20,1,break,126,0.39258433389440905,0.7769190480427605,-0.787306919362268,1.2500020295510583,0.6277323881625603,0.76961399352083,1.1385768420172944,0,0.3613856206939129,0.9973714560807108,0.7681318073245853,0.11951941454466686,4.5598453626735145,QCOM
1086,2021-01-27,-1,break,252,0.12561442513070273,0.7773209095362605,-1.059228917625547,0.8698656701232919,0.9857157134920795,0.855617596746603,1.3744436196735303,0,1.4047828999035425,1.4133755604498364,2.0702957321164024,1.160450763457046,0.944381126581969,QCOM
1538,2022-11-10,1,break,252,-0.013598818252537585,0.7533614228741563,-0.5602897443659672,0.6063820458359231,1.5313273850126037,1.1796010724500812,1.7751756843754214,0,2.099359679777251,1.022489795961449,1.3451150682815187,1.4042864196736942,1.7441946843044096,QCOM
1560,2022-12-13,1,reject,252,-0.015505464641098914,0.7662164082130443,-0.44891358300750966,0.8185806760286942,0.9378167292309143,0.8988238258075316,0.1285780107074404,16,0.30089663281745704,0.9436707554678936,1.6675726053280815,1.6963936786030518,0.299867203445898,QCOM
1915,2024-05-14,1,break,252,0.1308620567938402,0.7719542033898709,0.519237254222112,0.8483577292614752,1.3759742057252935,0.7605907043394302,1.6817386392158638,0,0.35138821679476806,1.1063582360086326,1.222303150780395,0.06557785270251724,3.8535483418508023,QCOM
1943,2024-06-25,-1,break,252,0.11022518128702653,0.7597090682790035,-0.8624337068543488,0.7441802687682515,1.3047944410918622,1.7929105788609379,2.887089275627793,0,1.8636844267715427,0.8689066698442813,0.6250975093447204,0.46838332239986347,1.7111332228723084,QCOM
1954,2024-07-11,-1,break,252,0.1919247365243335,0.84334069765416,-0.8185884587610233,0.606167175312729,0.7630488849225461,0.6287696265633764,0.3055846304872485,6,0.46510138236508536,1.1753208494159852,1.9276209154817414,0.23267386336580773,1.5379367281156966,QCOM
186,2017-06-29,-1,break,126,-0.02277572519475551,0.8103926627829512,-0.17054191662134072,0.6944646080460343,1.2343569963177043,1.068735204242953,1.0928852264185736,0,0.4332034964627558,1.502383347524334,2.822818763499647,0.15330503138556023,1.805058278080968,SPY
213,2017-08-08,1,reject,126,-0.0014570207320999421,0.7791063138904303,0.10431384864689427,1.1254178877272136,0.3470448894517933,0.7926580007393494,0.5180117331769617,0,0.04427389502791901,0.603404000823484,2.124618627722209,0.5938125788656804,1.0124776593936147,SPY
220,2017-08-17,-1,reject,126,-0.02478393741867132,0.7769816484356797,-0.09928278142930774,0.48342071964205924,1.5544637602505273,1.2180000291484743,1.9299843565509769,8,0.40683329386293154,1.0278963072191876,3.1579041297580766,0.5320781535257778,2.683264656872101,SPY
252,2017-10-03,1,break,126,0.016823570188145943,0.8343070662046514,0.11339810107818253,0.7869985542168205,0.5193069502067169,1.0348200350810484,4.054385616505757,1,1.4625443105886542,1.1441636602237226,0.6502488381165424,0.0,4.2632047712928385,SPY
291,2017-11-28,1,break,126,0.016786875221578845,0.8566096229502489,0.1533164353604682,0.6746224348117622,1.3951704246610894,0.9746404925921377,2.0228340505852604,29,1.3269663590980332,1.5419628345901153,1.9667749271409232,0.5515079165209995,4.331351648821593,SPY
337,2018-02-05,-1,break,126,-0.033348267282340305,0.9295826296841635,-0.26908551268429215,0.2484384859410963,1.8893021793389795,1.7023909035895133,5.936181193854351,0,6.124052846548983,3.783109863830614,5.557282157395761,0.6122653297078839,4.681738594614814,SPY
505,2018-10-04,-1,break,126,0.056609810112176084,0.9133032901268486,-0.21039124019665945,0.8051341818704041,0.7883091917449739,1.1513580961966652,0.9049920951323528,0,0.6065027253806035,0.7054885596607436,2.0905105586741515,0.4723776909878133,0.9376798296737688,SPY
831,2020-01-23,1,reject,126,0.005291683223977798,0.8176957052404966,0.27269232791597364,0.9130245508773656,0.9015719220603616,1.1284852803489835,1.534243156506385,0,0.1794211400157153,1.0159219893899998,1.5231846078187,0.47971678517505195,3.847006025421273,SPY
837,2020-01-31,-1,reject,126,0.04008023385267271,0.898804449025728,-0.29349873463248727,0.5125430774843572,1.5547895210126608,1.2652950322288512,0.7417726488151788,0,1.861174099396385,1.3937717465262147,2.633409102111896,0.2811139630874054,2.2317860422212297,SPY
852,2020-02-24,-1,break,126,0.3689075677091644,0.9266762133956843,-0.32598789687465257,0.283360294497221,1.4905758917248062,1.3672397998308168,2.1004709987141594,2,3.807353720857897,3.241807947581931,4.11971293794694,2.790889102630826,2.4418925730787384,SPY
986,2020-09-02,1,reject,126,-0.05949303736781891,0.8113680857454919,0.5476448758383985,1.4115053924678782,0.41385051575458165,0.9233016336240724,1.3892593521028365,0,0.5781665505269314,1.321231745961988,1.8966155955142974,1.0165047296262968,7.970935982950834,SPY
991,2020-09-10,-1,break,126,-0.029190273062566104,0.8617062780375824,-0.5542588048085514,0.6155028446533731,1.5658890944109094,1.7910291995714525,3.5528815440646513,0,2.2363474302154245,0.9151156842534363,2.192027145162349,0.45892656586215647,1.9974738430166377,SPY
1016,2020-10-15,-1,break,126,-0.016298091702760323,0.8305494871798601,-0.46497046159932853,0.5732992144011347,1.0147433272871025,0.9546195613175654,-0.6460804150796879,18,-0.07254427477672232,0.7483430727820438,0.9732283990640341,0.9922774783195366,-2.5046265692429586,SPY
1081,2021-01-20,1,reject,126,0.017635102671309473,0.7557237544111456,0.2935290779593095,0.7977563123664106,0.7549658998017309,0.9459210588681143,0.6034336877515191,0,0.5350377535239277,1.0624835229196632,0.9472126816752994,0.9400623324929366,3.6114331563077693,SPY
1094,2021-02-08,1,reject,126,-0.008589694410188026,0.7538344576704169,0.29117898880051474,0.5442346538949091,1.5561113634472241,0.7769251298571244,1.9345277056659698,4,1.2536759540034552,1.123979241868824,0.5122247261584949,0.38898237955426396,2.4467271238563084,SPY
1106,2021-02-25,-1,reject,126,-0.01909316876219612,0.8153596760211913,-0.3609224037699291,0.4816501347281035,1.057074001777827,1.4083777573812974,1.18038699085596,0,1.6598548090645338,1.166041794396781,2.3863275519549876,0.35204924620375905,1.091533958815288,SPY
1122,2021-03-19,-1,reject,126,-0.06397185144206824,0.8887984422043922,-0.3452079934563012,0.44356597001563347,0.8276087219137261,1.174210837454822,-0.21570146999699913,9,1.0221293459640597,0.7923037206598711,0.7171854895155538,0.34859972773498527,-0.28612078259887913,SPY
1136,2021-04-09,1,break,126,0.025504927482615174,0.867233362930363,0.30386414092579545,0.6181838816346112,0.6328273160677738,0.7536913888498161,2.1234318585397336,11,1.1403235480127156,1.2278278361625834,0.890340310809158,0.04393287175524848,4.837738785730018,SPY
1156,2021-05-07,1,reject,126,0.00016583322377237785,0.9252691786400667,0.3189628547556772,0.7074735912426557,0.565844893205725,0.8475338130504934,1.2269031662368997,20,0.2428265468113232,0.954255492804705,1.1136476647997693,0.32401270380498604,2.3770608021031574,SPY
1159,2021-05-12,-1,reject,126,-0.043914276302843794,0.9252691786400667,-0.3189628547556772,0.5158049797322097,0.9765676625436078,1.084778357722185,-0.1553102113306342,13,1.7068172899189054,1.3606510690941658,2.3867727220886943,0.872550406233928,3.1713469124530898,SPY
1174,2021-06-03,-1,reject,126,-0.027462875046618953,0.9093828364654507,-0.3244249033457801,0.5046658902206198,0.6196917228270495,0.7288686932618705,1.209325539618035,9,0.399127488521548,0.7046670145779859,0.9437777271437504,0.6915831277509792,-0.65304839221086,SPY
1183,2021-06-16,-1,break,126,-0.029505244360993062,0.9103710373150071,-0.3228032783740578,0.994191662433719,0.5724273366696541,0.798640126202384,-1.2374111501560188,7,0.5720982143326381,0.870497886807085,1.690857489842669,0.08162713825345126,-1.043689361562399,SPY
1205,2021-07-19,-1,reject,126,-0.0504728999283189,0.8997247718128224,-0.2770066943482869,0.7058655106410193,0.9715941668856433,1.1677689359683217,2.0867579903242435,10,1.7183888225971344,1.021673489439928,3.20979301800236,1.830264166889065,1.7834012056677238,SPY
1227,2021-08-18,-1,reject,126,-0.01802953039938006,0.9096985301001154,-0.298071703538863,0.8280779304622615,0.8181774641899835,1.0777540599524453,-1.7887551993408837,8,0.847543941024641,1.1306988619030114,2.1649281751334963,0.4875855872249222,0.9460396900394437,SPY
1244,2021-09-13,-1,break,126,0.026985386556205884,0.9203411227228082,-0.25625364390286953,0.6598955480165357,0.5757536181313577,1.094994640660426,1.9992462034797187,9,0.8389166730516945,0.7485414666601056,1.5401949196971303,1.3455461542755653,0.5818576247086521,SPY
1726,2023-08-14,-1,break,126,0.0047421969534086365,0.8287680641683517,-0.3528195541125954,0.8228458250962747,0.930250142587029,0.9547994842435459,0.22132634464210052,0,0.35979577589839395,0.9546801739018471,0.9439389510356383,0.3670944433262633,1.358212868089352,SPY
1885,2024-04-02,-1,break,126,0.03303530208646188,0.9493001572481812,-0.4416947431373644,0.5705325547286719,0.7188677406319943,1.0578094300184167,-0.1927181507745312,0,0.7424149595550906,0.8605519109930583,0.6478357761613516,1.2195531861990299,-0.7229489640723356,SPY
1922,2024-05-23,-1,reject,126,-0.0314051599113842,0.8287456777874873,-0.3139296657482646,0.7457268592383212,0.6923823221532099,0.7031696296987577,-0.6456693086485322,31,0.5764909959433114,0.8981555988458927,2.083079877001036,0.8782242129817652,-2.0117735403845876,SPY
1953,2024-07-10,1,reject,126,-0.07904265519251973,0.8145344923312807,0.2680716726070098,1.307834721175303,0.6059971520889745,0.7280640007238549,1.5653337618785328,0,0.3892910793457224,1.000108056059819,1.3099744796391903,0.5692839123726755,6.382703466558477,SPY
1964,2024-07-25,-1,reject,126,-0.03254354494030735,0.8163995645663553,-0.22815358683509307,0.5666511573378542,1.427367700618846,1.1700608142724696,3.0309436239633487,18,1.142707081516961,1.094337272211163,2.1212154526776783,0.027168857653386457,3.1990762274336606,SPY
1970,2024-08-02,-1,break,126,-0.05615286648302543,0.7905990849513358,-0.2040715018913447,0.42944087062355235,1.7123798454797334,1.2695988462886894,0.9195291566917425,13,1.0500845742419211,1.64957510532067,1.4005533460317976,1.311438909112067,3.2530677971168704,SPY
2066,2024-12-18,-1,reject,126,-0.028202550657208163,0.7786954868952608,-0.2395276152096731,0.5709329510634386,1.2842838955296616,1.289933777224925,2.9430591301938156,0,2.005943932439463,1.2812791778887849,5.580654558613231,0.06508160428580374,3.247979032950745,SPY
2095,2025-02-03,-1,reject,126,0.03560651989726252,0.7665341104151511,-0.20876352840951964,0.6008631823343018,0.8757246540144118,1.030772231271707,-0.6620608688681707,15,0.2889403774097432,0.8002607543672211,1.6396142852912312,1.7601546117740288,-0.25359394999547413,SPY
2257,2025-09-25,-1,break,126,-0.020620250682656785,0.8728541420530632,-0.450749081997406,1.0857894598798792,0.6760479274574457,1.143588656773093,-1.171556587045788,0,0.7333672651766517,1.0918074280642172,1.1279046953576506,1.039202479448732,-1.073844563199385,SPY
2268,2025-10-10,-1,break,126,-0.027116596331865243,0.894791563243304,-0.40023409413319905,0.6305110033044634,1.4107835036911394,1.134235085733024,1.6639027069924388,3,1.6043116259376249,1.9183421343397333,4.820731041855558,0.20143724031024468,2.449831109818685,SPY
2285,2025-11-04,-1,break,126,-0.012728938624935616,0.9428425720548196,-0.355942771792616,0.4028368648960533,1.100685086126117,1.0237029471763652,1.3510510335754453,13,1.3588355836917456,1.181320590945701,0.7685171784243942,1.127156152592097,-0.41259328847657306,SPY
2324,2025-12-31,-1,reject,126,-0.014630235889511083,0.8790755927000351,-0.21240362959776127,0.6329914700053213,0.7373814419443275,0.6670011190458369,0.810534834063973,39,0.6826810552032843,1.186825307066007,1.1099041158139964,0.0357988148042646,0.5410841839662018,SPY
2336,2026-01-20,-1,reject,126,-0.012772594718971592,0.8540804281462803,-0.17613950771205622,0.5483953624955571,0.9891146434477078,1.0862721772638355,1.1553359065347464,33,1.7397189752687492,1.6122473348946267,1.8529005315319542,2.377636752537889,2.5368217827915234,SPY
2343,2026-01-29,-1,reject,126,0.011666527950059135,0.8343672256646428,-0.17206432767276206,0.5268032008408293,1.1125051755037874,0.8387146222346988,-0.9560828354127626,33,-0.3273845657684648,0.28438303862227415,2.488546224321374,0.2134664932749131,-0.8958138113750485,SPY
315,2018-01-03,1,break,252,0.04025536042809968,0.9272857391553385,0.1664996420343632,0.874379390240175,0.9912204533503153,0.9983835037963232,1.4244425899842463,0,-0.359449962126702,1.3804767470937165,1.3192187874430865,0.20672046526210547,4.106608258106833,SPY
337,2018-02-05,-1,reject,252,-0.033348267282340305,0.8877594825778132,-0.15623599818642817,0.32988353770403944,1.8893021793389795,1.7023909035895133,5.936181193854351,0,4.486127315899761,1.1093323862693683,5.557282157395761,0.6122653297078839,4.681738594614814,SPY
346,2018-02-16,1,reject,252,-0.009639497874553456,0.8714920463046598,0.1477505342784117,0.2454974533601888,2.105140944993388,1.103927272052282,2.2065809219875776,23,2.5784235558088398,0.8010912552587337,0.6354862374529174,0.16020385111476618,-0.32736696357133166,SPY
354,2018-03-01,-1,reject,252,0.017142807520241735,0.8892739314272138,-0.180918987017279,0.22011262061972797,0.9770124378940925,1.0091724862867175,1.055342999227544,6,0.9370753497538312,1.5912658361205128,1.3263057144070847,0.052098167148213734,0.5282811184857434,SPY
361,2018-03-12,1,reject,252,-0.04919415006492802,0.8997712829961524,0.17531474240267822,0.3794644752814568,0.8965240221299868,0.7118408723324902,2.0335559607706433,24,1.4748831547728711,0.7936539328491548,0.4192956698383975,0.1255967979383493,2.4427162672067,SPY
366,2018-03-19,-1,break,252,0.0011096686684002647,0.9068423518689598,-0.17398418421299405,0.3851744391591469,0.690991933005434,0.8215475315953684,2.4948340829649536,9,1.99845844040878,1.2048045075596252,1.6290859609722617,0.33955180881915653,1.1776927518497229,SPY
817,2020-01-02,1,break,252,-0.009712368648623855,0.766067586446662,0.1266043517446731,1.7010331561495684,0.7773122721108882,0.8704780095742632,1.6538062868093268,0,0.3046475148120935,1.688985178958157,1.3474244335565886,1.305838392175665,4.928420419517799,SPY
853,2020-02-25,-1,break,252,0.25140582274348605,0.820169749755099,-0.15918515031651587,0.4830875276081274,1.562354229667208,1.7652461105250978,4.861275802312813,0,2.9790953002605,1.2668200472102842,3.859013939819866,0.37217845093244184,4.486103503264729,SPY
1111,2021-03-04,-1,reject,252,-0.0615392018078172,0.862422546699719,-0.36413108439520653,0.8219650102038039,1.3989428554485603,1.7629584904547826,2.7130506423025618,0,0.4468369410889872,1.2656531092328966,2.5566905448968127,0.0523737227215131,2.9094765585084557,SPY
1125,2021-03-24,-1,reject,252,-0.06191101585123405,0.8909418141583278,-0.3592657883879023,0.64653682630319,0.7548935731372423,1.1952861227503007,2.618559968790523,2,0.8903007589694094,1.0154420800788104,0.8647232738083784,0.32928777534652065,0.18075877819830866,SPY
1159,2021-05-12,-1,reject,252,-0.043914276302843794,0.9490232778137347,-0.33137847897771117,0.684570798556668,0.9765676625436078,1.084778357722185,-0.1553102113306342,5,1.2974914835751232,1.0320797831475754,2.3867727220886943,0.872550406233928,3.1713469124530898,SPY
1184,2021-06-17,-1,break,252,-0.021962409379290802,0.9540872878221522,-0.32272205796827497,1.1655717588829178,0.5478064884036168,0.9069899934570348,-1.5472650727084405,5,0.5229137958249411,0.7483331838006634,1.249784170733706,0.24511622475055886,-0.6732775166574004,SPY
1205,2021-07-19,-1,reject,252,-0.0504728999283189,0.9531903768910814,-0.3052875359667666,0.7478863308642495,0.9715941668856433,1.1677689359683217,2.0867579903242435,6,1.293156242024045,1.3317168875354906,3.20979301800236,1.830264166889065,1.7834012056677238,SPY
1227,2021-08-18,-1,reject,252,-0.01802953039938006,0.9530139143884364,-0.31418233692227265,0.9737073875278144,0.8181774641899835,1.0777540599524453,-1.7887551993408837,6,0.9085864331003317,1.2343051568872248,2.1649281751334963,0.4875855872249222,0.9460396900394437,SPY
1242,2021-09-09,-1,break,252,0.023253733908168584,0.9655164096355829,-0.31268939005688384,0.9281454166731201,0.6891135406557066,0.8390235005446528,0.15613903436187604,9,0.8912388838229522,1.0135523446189756,1.3679181094609898,0.09293717606749435,-0.47382666994128086,SPY
1297,2021-11-26,-1,break,252,-0.039076585119870236,0.9407559242771428,-0.25715777276818497,0.6979128413365823,1.0324934311266678,1.0373569590291056,0.9939345405447924,34,1.1833535310377452,1.4371268153472712,1.8284879936862055,2.425061176665114,2.4181450543039618,SPY
1327,2022-01-10,-1,reject,252,0.031799301369433736,0.924067985341549,-0.20674333378644164,0.5725549767460153,0.7092320836348269,1.206016960770256,0.43472777396230566,28,0.9255103310144233,0.6161785200009637,1.7708008451389579,0.7601912695365153,0.8786973202808597,SPY
1529,2022-10-28,1,reject,252,0.017556194009192085,0.7712314100098601,-0.25552892111002434,0.6272331604163934,0.8650507401349823,0.9899729508684698,0.7946831392305944,0,0.9085832167190122,1.0547683896463176,1.1162781519338494,0.0167257402014753,2.7664242957600913,SPY
1751,2023-09-19,-1,break,252,0.015226820182314943,0.8178330939453201,-0.2200182681267073,0.9902932082770719,0.9953334097865153,1.0401869366819125,-0.005533596886132172,0,0.40744864774703626,0.9872321794517626,0.8593070856649467,0.28733264470717573,0.8324121044305918,SPY
1863,2024-02-29,1,none,252,0.029076423256991436,0.7530249092692998,0.22420691493212774,1.0459740269757956,1.0484923837698468,0.7921125803976332,0.052446900986612824,0,-0.0973565551491874,0.9454433053395751,1.1272255399243505,0.48057877479013283,2.1663654600938935,SPY
1898,2024-04-19,-1,reject,252,-0.06695780487310414,0.772834512184989,-0.23843860073669917,1.2229921132721193,0.8687583567604868,1.1551667491174744,3.629371229383871,0,0.9830802418640561,0.9511931099345197,1.371856979109643,0.024163943115154064,5.666391815151494,SPY
1938,2024-06-17,1,break,252,0.017825962135214594,0.7885210977226254,0.21303992930360593,1.6460675909437126,0.5983114530574444,0.8408265119063063,1.8034093285218498,7,0.7873689883212467,1.1271342441184355,1.6523455034073489,0.25118031076724606,5.11174211391867,SPY
1953,2024-07-10,1,reject,252,-0.07904265519251973,0.8293025377943166,0.2466491135419569,1.949679971263348,0.6059971520889745,0.7280640007238549,1.5653337618785328,3,0.4412362076528803,1.0881287630728764,1.3099744796391903,0.5692839123726755,6.382703466558477,SPY
1970,2024-08-02,-1,break,252,-0.05615286648302543,0.8826310778159964,-0.27253095037186376,0.6898064570048084,1.7123798454797334,1.2695988462886894,0.9195291566917425,0,0.8497283971556051,1.3267048236288645,1.4005533460317976,1.311438909112067,3.2530677971168704,SPY
1991,2024-09-03,-1,break,252,-0.02951936985530937,0.9010304871481789,-0.29745958951010093,0.7390391162565,0.8981176393798997,0.9149691557508557,-0.3695077243294143,12,0.469828266497471,1.1845359108508817,1.644829440420476,0.5901184848485971,-0.5505132554969822,SPY
2033,2024-10-31,-1,break,252,-0.057923058487686314,0.9159688324746696,-0.26569035197165475,0.7917483826230265,0.8421242092920475,0.949044925866962,2.5028418545480338,20,1.0900657928626827,1.5775179960017693,1.605085543656798,1.0863817082800615,2.4810471842398303,SPY
2044,2024-11-15,-1,reject,252,-0.03528965384484529,0.9240470376299522,-0.2634744352180055,0.6147081542304382,1.2460126913139444,1.043018953295525,1.1068785339456082,15,1.0554258022526612,0.8703974388556431,1.360960002515565,0.6922080931579484,-0.25245715233678395,SPY
2066,2024-12-18,-1,reject,252,-0.028202550657208163,0.9349633654985969,-0.2358043735541795,0.6307539300748775,1.2842838955296616,1.289933777224925,2.9430591301938156,6,1.9314345146500707,1.2043482564843653,5.580654558613231,0.06508160428580374,3.247979032950745,SPY
2095,2025-02-03,-1,reject,252,0.03560651989726252,0.918386099090771,-0.21130414353254337,0.5914459737863851,0.8757246540144118,1.030772231271707,-0.6620608688681707,19,0.4891729201177661,0.8650146385368546,1.6396142852912312,1.7601546117740288,-0.25359394999547413,SPY
2109,2025-02-24,-1,break,252,0.03950005792665435,0.9099835084142062,-0.19028812602570516,0.6550866096531244,0.886972099703646,0.8985244231610927,0.8230833070037114,16,0.9490282513255809,1.0953703071414418,1.162467379105378,0.47589715164391255,1.649166972132852,SPY
2347,2026-02-04,-1,break,252,0.007137148954978235,0.780349944584701,-0.25938379521731725,0.9723535257018814,0.6440926452409201,1.2430640963575208,-1.3765107205041203,0,0.49994141803554115,1.2722884293051029,1.6107018267390443,0.18273172747812885,1.0553514882089057,SPY
186,2017-06-29,-1,break,126,-0.04442332344008276,0.9272332367797252,-0.31053904002854377,0.3578235363393039,1.4583677455884283,1.6155983723776925,1.0902076537841938,0,1.5757865464336185,2.1113888653652713,1.9576592740198593,0.3908052948438283,2.0394856641995958,QQQ
205,2017-07-27,1,reject,126,-0.011808839154133603,0.8655011760111448,0.24857533781187602,0.5544282542852516,0.5089922731534343,0.9891953057331896,1.7031939768687652,0,0.1273293734074965,0.30922704844281285,2.8056791544432436,0.8864130258343034,2.8112235270912582,QQQ
214,2017-08-09,-1,break,126,-0.009323636177107806,0.8636592440205274,-0.2586104293774901,0.9405660333755445,0.4359085353293921,0.7118921884523636,-0.7786954970281253,10,0.11731713446988762,0.48028476721160146,1.2264643390164465,2.17299084514069,-0.8270739056601948,QQQ
246,2017-09-25,-1,reject,126,-0.03400893800554604,0.7700402215610511,-0.19596414355688127,0.6781925562228925,0.5994588163746349,0.9453377545823034,-0.3294509117892471,22,1.1555733121223086,1.3568525323992313,1.4151287229554481,0.6228470197806912,2.4138351760404078,QQQ
291,2017-11-28,1,reject,126,-0.00031937568319711937,0.7715286026830324,0.21195501884114767,0.9250803193603624,0.93909695757475,0.7225966765744933,1.9704183845754075,0,0.2254694783080169,1.2441015420511197,1.0015235643069171,0.4647802550640013,3.3830253482491246,QQQ
304,2017-12-15,1,reject,126,0.05034453947969884,0.8663811104344685,0.22677701826020255,0.6127485099458688,0.9035293382187745,0.9936340098780402,1.0673591648445981,2,0.9771850312347176,0.9521120425981079,1.1538533939697948,0.5790553078824661,2.496147595275544,QQQ
317,2018-01-05,1,break,126,-0.023748167242648395,0.8768359996130258,0.2726738195706241,0.6083454833986592,1.0362799803392233,0.977496227880027,1.3063322970226978,4,1.632450650900657,1.2622837396858133,1.1720862496504678,0.7849395463899552,4.861140011726842,QQQ
337,2018-02-05,-1,reject,126,-0.06381886296069259,0.8977846391926612,-0.2935915659812423,0.34369140799140663,1.6616382160071148,1.7255060228830297,4.851393944921663,0,4.282371111457193,1.7733700323045187,4.6048738384208825,0.7823906757742628,4.0794948977153185,QQQ
351,2018-02-26,1,reject,126,-0.03584613308038963,0.8649357094433542,0.2922894748019099,0.21278781194056876,0.7657712275120029,0.9577540319451593,0.5335918512530357,24,2.0428888443464954,1.637652997513569,0.44444101067772684,0.2533416714122293,2.129720265720461,QQQ
354,2018-03-01,-1,reject,126,0.026802940464047253,0.8649357094433542,-0.2922894748019099,0.20804560585138432,0.9703996150314397,1.1438524525064222,0.4908884326017232,8,-0.11584977048082135,0.5685762957987492,1.3863854518568526,0.028437995643981584,-0.34622991665685104,QQQ
360,2018-03-09,1,break,126,-0.09333136031028029,0.8703101345100869,0.3224592354139643,0.3901123622842118,0.8767220425803645,0.7378430986070657,2.7985745257971972,25,1.4830971449755634,1.3677462237854012,0.7170211039966747,0.6629149160697294,4.062789290716213,QQQ
366,2018-03-19,-1,break,126,0.006002418762194377,0.8848625292893626,-0.34303667599603804,0.3745526702664914,0.8462585644651636,0.9651591367931731,2.0586440275095694,11,2.4137581747599364,1.204183740850591,1.4606298440533492,1.0207679362549393,0.8854239320341036,QQQ
492,2018-09-17,-1,break,126,0.05165900071987715,0.8435392449886503,-0.34164950292929486,0.7693650426118193,0.9228457679168194,1.0097273394715562,-0.8079167377530408,0,0.29537383083340774,1.3804972030174683,1.5102975028130126,0.23289271988389645,1.3584168849461917,QQQ
505,2018-10-04,-1,break,126,0.0582492102743307,0.8818580885117421,-0.29600274028362533,0.6776401393986075,0.9027646336282922,1.1330445768769517,1.9862702124358897,6,0.7592598632418605,1.380596900232787,2.204402978799171,0.5436478345584506,1.0626700084447187,QQQ
831,2020-01-23,1,reject,126,0.024976050613787243,0.8085644812581586,0.38326595700036936,0.8949234982613967,0.888753508993333,1.0816463598699102,2.3122494020135544,0,0.21388983198463318,1.3507013402535866,1.1456574131458472,0.09376308134794711,4.854374450619038,QQQ
839,2020-02-04,1,break,126,-0.04151463310934307,0.8964816332868848,0.3731996504008107,0.5226445714654037,1.764375627279102,1.5146913955286259,1.6337610810444065,2,1.0030516567305123,1.6017955199281533,1.3791654374405875,1.3521634071735116,2.7772716772356274,QQQ
852,2020-02-24,-1,break,126,0.26142514489831575,0.9313425418110628,-0.4577866362390003,0.3866555782516164,1.5337710449703226,1.7389083209902885,1.732965922901089,0,2.72780589738272,1.4157471140291513,1.3699593264755647,2.646743122562819,2.1320874527127804,QQQ
984,2020-08-31,1,reject,126,-0.06634877635825824,0.8799281907749101,0.8574540971440998,0.8088247518895565,0.5386564429348182,1.0088831903851383,2.1323715707461095,0,0.6759435945100638,0.8526608121992766,1.0257059345378423,0.18085332000859836,5.592970288347872,QQQ
988,2020-09-04,-1,break,126,0.012133341349595797,0.9264351035219741,-0.8792224849650845,0.49761866500068475,1.4041803647923452,1.7236872145182822,-1.4463878390203226,0,1.4006811016204912,0.6726902559655513,3.47077533414458,0.3956045135687193,-0.16039280907542827,QQQ
1096,2021-02-10,1,reject,126,-0.04521426937449473,0.751697364055643,0.4035173802244976,0.549754581296567,1.1587910972871673,0.7624653516460839,1.5276732788785838,0,0.05230029918099022,0.7440778522972636,1.2679486800763118,0.34893311051182824,2.049674806157552,QQQ
1103,2021-02-22,-1,break,126,0.011949341660238099,0.7529363291006688,-0.4479263511504093,0.5112268693082229,0.8283062373851088,1.1668154627580405,1.4872308182131564,0,2.000945297715958,1.0050690549259238,1.180204670459351,1.0772479369578603,1.5347068069910927,QQQ
1121,2021-03-18,-1,break,126,-0.09170859285066571,0.7709150044922353,-0.4597559502427901,0.39788399462478563,1.3564167438754147,1.3406616660899704,-0.012385393208430831,13,-0.47593910846860776,2.1060614050575484,0.8094414874876098,0.7682384925545516,0.6105892863093595,QQQ
1249,2021-09-20,-1,break,126,-0.01882626641378144,0.8605599740333485,-0.3502213923503544,0.752178978467995,1.1203693685061622,1.3974785799660157,-0.2085696348285813,0,1.224595720012155,1.4174682275643193,2.3406970749228257,2.152863736814224,3.8128308738165337,QQQ
1416,2022-05-18,-1,reject,126,0.07024734673683318,0.7622662883313385,0.5354733203854768,0.42200606163696613,1.2602865515252017,0.993973655861326,-0.5444924469693881,0,-0.6607796338582914,1.2838538869880345,1.1859208834449944,0.5327749028935252,2.3747797225339733,QQQ
1433,2022-06-13,-1,reject,126,-0.036506354050465234,0.7618764315389073,0.6415710568436873,0.5280075240990957,0.9331582123034481,0.7968782664410675,2.367437207674212,6,1.62565949817589,1.0814066001275748,0.975396133906867,1.3299179089344841,3.401734316814845,QQQ
1672,2023-05-25,1,break,126,0.05151695894363889,0.7525159059037533,0.3671649434842524,0.9345595205506854,0.9680707252747489,1.040105165876088,-0.07633368943958836,0,-0.09823284231151985,0.9199544719637426,1.1184100839595963,2.2702240923299812,3.8264401871330262,QQQ
1704,2023-07-13,1,reject,126,-0.0282469837966711,0.9005603941599553,0.5457622313499093,0.7822320338782752,0.7656732205110833,0.9365670644272824,1.2564658429338835,18,0.64707941085086,1.1014149744457584,0.9903810163683515,0.9020281791981352,3.3822425616586456,QQQ
1718,2023-08-02,-1,break,126,-0.00657565285346781,0.8874740558136351,-0.6499230845156425,0.6551957647136172,1.1344969891810381,1.0519347342230008,0.7191029959016203,0,1.1405937358366454,1.0916703270270314,1.3619199010637075,0.8991314547506453,0.6632813203682358,QQQ
1859,2024-02-23,1,reject,126,0.02174098509288123,0.7610177066119671,0.36122248644735727,0.7218109996567137,1.3190171294921853,1.1164229736239164,0.6035617108499517,0,0.05474094956187958,0.8026851519507904,1.0157634952607477,0.31817972247156945,1.4550008466480002,QQQ
1873,2024-03-14,-1,break,126,0.001983168453247905,0.8845944002521983,-0.49183728433478135,0.45290698953200836,1.1555384455077575,1.159676202198341,0.39484887579257527,0,0.98722157284944,0.7969112775472759,1.1398503233701047,0.25728069232872575,-0.33267869867399597,QQQ
2090,2025-01-27,-1,reject,126,0.0017323384147207243,0.7889444860234551,-0.3329427173785718,0.48858786395403125,1.1373999020437628,1.044102964863339,-0.9199845225340857,0,1.0201559981522053,1.4529753051531475,1.0908599118823012,2.778699340141303,0.6068275955277137,QQQ
2109,2025-02-24,-1,break,126,0.0578273398923655,0.803848916959271,-0.23023753598504806,0.46192374348260345,0.8580146961231884,0.9731536011599691,1.4995667107363846,3,1.6469055803294925,1.0235597267184504,1.3782130131496457,0.30591011438415155,1.2692471493473352,QQQ
2241,2025-09-03,-1,reject,126,-0.05657253135123722,0.7910341771459468,-0.5623100912275367,1.1097274519139546,1.0405487899989012,1.1579284906330978,-2.3351777884018756,0,1.044339544126616,0.9770806920784322,0.8288217314169332,0.8093985069296482,0.5268156082032895,QQQ
2257,2025-09-25,-1,break,126,-0.02832154335469701,0.8640486758698094,-0.5683376115061055,1.289493570642667,0.7878485168852499,1.2425814014682823,-1.5169370956580037,3,0.5640029762435236,0.808168547466048,1.288561995606662,1.096067635073568,-2.3767066492586273,QQQ
2268,2025-10-10,-1,reject,126,-0.03375790080407024,0.8689152535012103,-0.49597049934308757,0.6945449936504346,1.4906975305149384,1.1624618025419786,1.0677601869255335,4,0.718458982782251,1.3874077549426092,4.68134335250807,0.11857158691012225,1.7293907336704033,QQQ
2279,2025-10-27,1,break,126,-0.037190669560103105,0.8716987690107417,0.36411199818123013,0.39791393096138256,0.9518893748675682,0.9394542017932348,1.7619475882033409,0,1.8386442637444138,1.382992207383583,0.5884215515402216,1.0191598353302809,3.005653656314617,QQQ
2288,2025-11-07,-1,reject,126,-0.02356641182191803,0.9360981345166296,-0.368492123438684,0.3743280564175748,1.2906939090802592,1.0776613042365162,0.4185699484318911,10,1.9504420075792062,0.9635608499007586,1.3007422828867423,0.49584493087260245,0.8475497410602542,QQQ
316,2018-01-04,1,break,252,0.026469617974558338,0.9472965594024565,0.23592672911790108,0.7571867752981365,0.9953938274171397,0.9711916982922233,0.3274946192759795,0,0.7300181128158193,0.9433012689048584,0.6110071901351163,0.5908565977621896,3.7850316419315893,QQQ
338,2018-02-06,-1,reject,252,-0.039976312702751655,0.9350953764302752,-0.2307597505247412,0.32771149939627525,1.8252653364765592,2.030968742034088,1.6524006547383745,0,2.4006040121143584,-0.4273356606845381,3.6911529413553152,1.0994351524062924,1.7020831564156909,QQQ
345,2018-02-15,1,break,252,0.031601627694889285,0.9280540054352687,0.22407225453705637,0.24788874198714902,2.0742421218574836,1.5325706603864848,5.462818666372021,22,3.860198257329354,1.3328551832560784,0.9952665362607732,0.4883613013126138,0.40459117615096046,QQQ
369,2018-03-22,-1,break,252,0.0030759789901450125,0.9310194339506426,-0.248338803564952,0.4325856776945476,0.9532383508436683,1.0180652203136389,2.0937714808250263,5,2.4817873946121054,1.2294163883588116,1.2940021582742747,1.1211632984096402,2.94393504629442,QQQ
434,2018-06-25,-1,reject,252,-0.05079721395532212,0.8691564758205121,-0.23314791740197005,0.7748405658459568,0.821253984053557,1.2649356310822273,0.7172398378696976,32,1.221410617998728,0.8393561996100152,2.6108777917509944,1.1239183647957978,2.2017590920096333,QQQ
506,2018-10-05,-1,break,252,0.061645062992900165,0.8636532963700648,-0.2239030861198096,0.8040731314643795,1.0105744837980148,1.425275106835595,2.7271531361218986,0,1.2350791698978767,1.1909047970091202,2.2848546422556884,0.013925946817943863,2.5316957548612984,QQQ
817,2020-01-02,1,break,252,0.01337245572709317,0.795125865745786,0.19560786733338462,1.6302279769611734,0.9347118375080375,1.087643732627345,2.790900075283075,0,0.06452928731402019,1.4510538943791966,1.5740113884437648,1.5796382579474944,6.355651819074158,QQQ
855,2020-02-27,-1,reject,252,0.06915269301130102,0.7858332367275421,-0.2285669165687438,0.5339317162581051,1.5866147275329867,2.820780661537637,9.782339521879084,0,3.808502956072074,1.28356808200393,3.227904966979119,1.4379115212161109,5.461222182927517,QQQ
1079,2021-01-15,-1,reject,252,-0.0731868776228924,0.7785168299523578,-0.5413717477983473,1.5811482737307188,0.953936608591328,0.9123208289008805,1.0794171082281665,0,1.0799746155511485,0.9597298610340689,1.1710110475710693,0.0743977949377975,0.10150079684816657,QQQ
1088,2021-01-29,-1,reject,252,-0.02830244184367848,0.8255082041642755,-0.5325448122682458,0.959691113515631,1.200798307801534,1.5099028267394508,2.2063664750183483,1,0.8635173779280578,1.034336050623776,1.6301435913557074,0.39804716492924647,0.6937386496963879,QQQ
1103,2021-02-22,-1,break,252,0.011949341660238099,0.8913133336472565,-0.5259784346721785,0.9467592105018058,0.8283062373851088,1.1668154627580405,1.4872308182131564,2,0.9526551137007906,1.0796947449634118,1.180204670459351,1.0772479369578603,1.5347068069910927,QQQ
1153,2021-05-04,-1,break,252,-0.01003605865782768,0.8995679891539828,-0.38008102727032245,1.1644484661457102,0.6378618136310175,0.715521808513114,0.8514566318103498,34,0.42197910656770976,0.8939165840705735,1.9549503569899889,0.8617997361759114,2.5125375394479095,QQQ
1174,2021-06-03,-1,reject,252,-0.07181315388835557,0.8795674294959344,-0.33171435142835437,0.8294726948385401,0.766146167805684,0.6768801966171848,1.068928358449761,36,0.4485209448407652,1.0736094479669493,0.7491869263180415,0.7274009676403055,-0.41242571123491995,QQQ
1249,2021-09-20,-1,reject,252,-0.01882626641378144,0.9054635957827395,-0.2959190001718927,0.9536741377938099,1.1203693685061622,1.3974785799660157,-0.2085696348285813,0,1.0149284672501195,0.7549864509952634,2.3406970749228257,2.152863736814224,3.8128308738165337,QQQ
1255,2021-09-28,-1,break,252,-0.052109923225541525,0.9032211522896172,-0.2896767495568115,0.8103631733277451,1.6083065032988326,1.4755942582813535,0.0014367084290147643,1,0.6177416361463561,1.3711001282090838,2.7057033257146217,1.3809987709319793,4.489289634302682,QQQ
1282,2021-11-04,1,reject,252,-0.03863024953047522,0.8805240914103841,0.2574611644040767,1.1396496355417938,0.6639314853923376,0.8142716871636669,3.2373623869503665,0,0.8535225615315788,1.2195249208169223,1.3340077327188693,0.4820509563041539,8.345931969487859,QQQ
1293,2021-11-19,1,reject,252,-0.05940469895220532,0.8726804506986481,0.28262907918933816,1.1477213176440597,0.8417910279433908,0.8381436263659716,1.2869684444974259,4,0.5734870915605502,0.9336592093262724,0.6235686113321731,0.641162231065065,4.679283291082866,QQQ
1313,2021-12-20,-1,reject,252,0.0380414224979511,0.8776846566420948,-0.24636969393837851,0.5174846352980758,1.427094755744566,1.545095210247786,-1.338952527898493,13,0.9834394264790547,0.922458789312928,0.5048856977089838,0.9167198574884663,1.9690938973691041,QQQ
1324,2022-01-05,-1,break,252,0.08337261460712872,0.8767768084045723,-0.26365840200584767,0.5577006464510305,1.0917488798607808,0.9326515255096393,1.893167822398231,5,1.6015635698797568,1.1633571682833694,1.8819446310833279,0.3011574974353409,1.794087317721664,QQQ
1518,2022-10-13,-1,reject,252,-0.050521077107417545,0.7827153992130969,0.38147181049596407,0.8986411472355625,1.1267235467409327,1.251233828702637,0.3109006707933005,0,0.4902488992900394,0.24669965071904348,2.4949069565446265,1.6696685554836312,1.553641454788525,QQQ
1538,2022-11-10,1,break,252,-0.002514179848546528,0.8161298819059338,-0.41238363121223276,0.602107692906964,1.3879284675526136,1.0773018846364577,1.7542540809303404,0,1.553988718062273,1.0871199263185722,1.2221823677393964,1.869960123586682,1.5517972927670236,QQQ
1751,2023-09-19,-1,break,252,0.0045252773949027,0.8575019965863087,-0.40570070183491463,1.08687091028426,0.8521317488906848,0.9541432844565589,-0.2720110566386815,0,0.35604855164534477,0.8541604954312919,0.7852668279735094,0.3532086106173113,0.5826905044714045,QQQ
1850,2024-02-09,1,reject,252,0.0007777020073587158,0.8313417342232943,0.2908892962630533,1.2659958909998303,1.23617597969165,0.8108818648045656,1.6079289100336795,0,0.540721156281489,1.0483291577582856,1.0333463893436174,0.2915953892980212,3.579628912767514,QQQ
1896,2024-04-17,-1,break,252,-0.06160765682087756,0.8440711032050754,-0.31233586414756614,1.126896994948687,1.125180274402873,1.1862581450883551,2.3063410182285695,0,0.6045553608816029,1.0505647776612645,1.5417797039712906,0.5106995663957079,3.7314007228324577,QQQ
1935,2024-06-12,1,break,252,0.04267036041790813,0.8140826391890165,0.24884400185234212,1.2998411888979242,0.8723413495867635,0.6480372808835967,0.7841742357050082,0,0.413929744889009,1.1511893037412615,1.0468138648065473,1.155244112423048,4.778292079776542,QQQ
1952,2024-07-09,1,reject,252,-0.12443212947560683,0.8355528259439572,0.33359274758032054,1.3102173432896582,0.557259876671265,0.7856505893111453,2.398304182273175,12,0.7538109123917691,0.9554446685970811,0.7543401589950295,0.45678216163688967,4.780301254265249,QQQ
1963,2024-07-24,-1,break,252,-0.04043345843243025,0.8765349112175003,-0.3404232655766418,0.637452875467055,1.4976050032632922,1.3430711795422305,2.706639059009001,2,1.213981634329698,1.3476066190616955,1.9355360741585477,1.0767608702477787,3.736059096613087,QQQ
1987,2024-08-27,-1,break,252,-0.018824959904248303,0.8697243462245496,-0.3155016746894537,0.541417385920951,0.8050187591813195,0.8206678465768177,0.22074807499042842,19,0.3268285109234635,0.7669191566562692,0.657937425718446,0.20234553894011456,-1.6743695288367118,QQQ
2057,2024-12-05,1,break,252,0.005218113875725431,0.8380191686235756,0.22247286215616702,0.840487199093201,0.6203529412504286,0.7376072265377539,1.9230104570532167,0,1.0077220948027725,0.8958545781961111,0.4728375346599463,0.011429329808995144,2.7679900020415937,QQQ
2081,2025-01-13,-1,reject,252,-0.0434106046873045,0.8369563598237857,-0.21935457770543493,0.5489342950551928,0.9812553753554406,1.1663665903837328,-0.16196281452621472,0,0.8855805040718049,0.8805839895528125,0.7814510236090334,0.9221658914708046,2.250710963779707,QQQ
2110,2025-02-25,-1,break,252,0.039457662070498216,0.835008170763166,-0.211285019174267,0.7185918448533842,0.8161541191480554,1.1357152291349908,2.2436556720762817,2,1.8231706020227734,1.1431091744844928,1.3882275858283706,0.1278779085345129,2.822799364666285,QQQ
2343,2026-01-29,-1,break,252,0.03580823604034057,0.7598277278980275,-0.31756370171449966,1.0989283070160154,0.9074733260323112,0.9202781195456237,-1.0292948081550974,0,-0.2862073488582396,0.6867684367638169,2.270544421142242,0.1110891488184073,-1.4347758390832193,QQQ
201,2017-07-21,-1,break,126,-0.050617851600825284,0.797796354222484,-0.6527459119927105,0.9136679725222344,0.7940206075159106,0.8559892597416875,-1.2554357046048301,0,0.07053049188222704,0.8174857602520145,1.244540839125135,1.637515823988762,-0.11165593924383385,NVO
224,2017-08-23,-1,reject,126,-0.07819299668886565,0.7966654273369105,-0.7149371251960372,0.5204489571889779,1.0419680803982818,1.1128116447523728,1.701145797650628,13,0.8791989597088051,0.9826348359080697,0.8532422319491929,0.507981957963155,-1.5122722240123838,NVO
232,2017-09-05,-1,reject,126,-0.04332209733544632,0.8305502556573144,-0.6966302321276463,0.48690710864196735,0.7161621997757983,1.4102463833924963,-0.3012122911227151,14,0.15606707406637843,0.6239102874140076,4.930315337138725,0.009516719225894145,-1.248121257850709,NVO
279,2017-11-09,-1,reject,126,-0.059270751348320695,0.8434801776666928,-0.45638659961868705,0.4739638476127324,0.8109603500881581,1.3047643495989405,-2.7448968617072453,2,0.6838740128757264,1.0321169286718148,1.1090920188210227,1.7320442961267781,0.7921849657768764,NVO
296,2017-12-05,-1,reject,126,-0.07209130375296152,0.8509566449691117,-0.48976022563863797,0.6645495159718873,0.8905489955785244,0.7422741537077666,0.8518199942799323,1,1.4947737897241737,1.2536555799413638,2.5390596478261456,0.05446813130690838,0.29187193882654844,NVO
326,2018-01-19,1,break,126,-0.1082679742922661,0.8852361518283747,0.42205643249626273,0.8942085183503152,0.7974748018092822,1.0744811362942188,2.0582559721031792,0,2.191852672978715,2.0930253314920235,1.0421316976085815,2.3854414564429227,8.335991869199798,NVO
335,2018-02-01,-1,break,126,0.022223125216081965,0.8745774040574037,-0.40708245272881916,0.2924727272220978,1.723677531717811,1.609576485405999,0.13160727128772098,3,4.457574188370037,2.8235308174446043,2.6923094389636324,3.4787861678973298,4.313474272597894,NVO
439,2018-07-02,1,break,126,0.06238430135953307,0.7709532377842951,-0.3902447546625981,0.6295262980403439,1.0009421906759943,0.9767547824653843,-1.157223348716356,0,0.40403850348035253,1.020319889893638,1.2813344426770037,0.1409956912319029,1.9161493860160903,NVO
629,2019-04-04,-1,break,126,0.06264157909559816,0.7797123728427555,-0.4188524913006453,0.4874181824309227,1.0870107421526716,1.0414641395409316,1.379024907894904,0,1.4107845435324107,1.0958672681146286,1.690720887274918,0.12184562480567733,1.2708561870670105,NVO
820,2020-01-07,-1,reject,126,-0.12309525412517627,0.8046880284450153,-0.38024127952629244,0.736232170813753,0.688488922096927,0.7729368447807523,-1.5770195792069956,0,0.9524486984686039,0.8419099048009218,0.8357046881639718,0.017775943719223294,0.9828999551606711,NVO
826,2020-01-15,1,reject,126,0.005594233175417871,0.8500022189531041,0.3637117038174092,0.48277935953741274,1.2606199591590013,1.0879675681240513,1.1813429423051074,0,2.787451430723718,1.9998311702543536,2.3653825204058685,2.206391462633546,5.028856677489617,NVO
840,2020-02-05,1,break,126,-0.02292818480489652,0.8450383219208433,0.36812129777733466,0.4620038604434222,1.085005572538184,1.264589894544105,1.8360589883402354,7,1.5711029646633037,2.096596699719673,1.8787908562841371,2.1382711586684,3.890127979051434,NVO
852,2020-02-24,-1,break,126,0.19526394044464299,0.853222970483312,-0.5160508043045459,0.4568961884050015,1.098274483887402,0.7437685267738077,1.110922814585842,1,2.2828525803183126,1.3653309745871747,1.7251456443878808,2.0628545935539186,1.243003987542567,NVO
1212,2021-07-28,1,break,126,0.12459718335028029,0.7528999025486527,0.5029172389904834,0.9354157772481769,1.3521571984273582,1.37672095784503,1.25970707788189,0,0.37325280588148846,1.3162342346114775,1.7807531153372114,0.8962848736324703,4.422944329907215,NVO
1241,2021-09-08,-1,break,126,0.0420847289364971,0.9302359179629468,-0.9659599473740612,0.7890850446428209,0.7270988501706976,0.8277153772574446,-1.823394493822091,0,0.45004548482765694,1.0435205455617214,0.7064375253577027,0.6535032729323733,1.8218548116460398,NVO
1295,2021-11-23,-1,break,126,-0.0043772033923307795,0.8398982421347407,-0.7345273509060191,0.5742050534980658,0.7099421794454411,0.8700512300646259,1.2314887328174986,31,1.3272471530801155,1.4441854856353618,1.0160456988520719,1.5026915987888663,1.6230053282561263,NVO
1312,2021-12-17,-1,break,126,0.10862313922309201,0.7820195606383826,-0.6053102177597914,0.5284571047184785,1.7523307926608416,1.9087129047237115,3.509433010580868,34,1.0946850001563027,1.5143705679423105,5.995779582003917,0.4882308535844291,1.2841364780315512,NVO
1611,2023-02-28,-1,break,126,-0.0967985471804934,0.8882820318883946,-0.9267771167665954,0.6370864543918816,0.9123409325180805,0.6124730844042142,0.4610793239836421,0,0.9148097196091363,1.455943535065903,1.2036343989407916,0.15926885978017416,-0.3239349684950381,NVO
1657,2023-05-04,-1,reject,126,0.020720540845760964,0.9003411059807169,-0.8276554735900201,0.5210526800021377,1.430615860474498,1.084803716925244,-1.9271225527240194,19,1.1777602130846552,1.449261991577904,1.5986250699169784,1.9477282877879558,1.7610525357687923,NVO
1670,2023-05-23,-1,break,126,0.021391798440098773,0.9035023812740621,-0.6789173435813401,0.5041109202707508,0.9542532596564519,1.1734683854092116,-0.061037872318945134,21,0.8746739343406957,1.0627154528135405,2.5314360559042157,0.7923204015976344,1.34274762099918,NVO
1805,2023-12-05,-1,break,126,-0.07723609726852283,0.8117013088364856,-0.5715387121295193,0.7723188243355591,0.6722396077539913,0.6668056445352886,-0.6079625204399514,0,0.5875712045808156,0.8900977289541309,0.5018072940635975,0.9719429170694119,1.0801160076209493,NVO
1866,2024-03-05,1,break,126,0.018598504168031126,0.7691197337877156,0.5112225539469902,0.687122330719428,1.2400201590187794,1.101830955528311,0.8462962214451526,0,-0.08357475370742296,1.087927550544505,1.3664606461732443,0.7456147258571076,1.2061159398392582,NVO
1890,2024-04-09,-1,break,126,-0.019274840552910805,0.861220252905933,-0.7236710780262854,0.9038878218817186,0.6363465886414423,0.6951741512211382,-0.15778679926381192,0,0.4963633142043083,0.9238158112902776,1.073709285395485,0.8023793053845903,2.8027167550067023,NVO
1949,2024-07-03,-1,reject,126,0.04725744480742708,0.7999118741405955,-0.5691391365714485,0.7913443028205153,1.2391876215828512,1.1796057752953275,-1.329444318080924,21,0.8396463167063055,0.8342716054610813,2.337224565246095,0.8187104436168636,1.866828882352762,NVO
1958,2024-07-17,-1,break,126,0.0074118336162694465,0.7741123058186227,-0.4868167983419352,0.5723619905694541,1.2694836345177178,0.9878833561906282,1.9750334871037487,14,0.9939028384038862,1.330885366216995,0.8519749602799709,1.7529954940195538,2.5712130280145766,NVO
2059,2024-12-09,1,reject,126,-0.26009822232816937,0.8401824610959774,-0.679030334757747,0.6624803342235273,0.4547529490386469,0.9114749896822899,-1.2549771563175605,0,0.6450888623051094,0.9866170849045497,0.9679241919217519,0.49563710056266996,2.535103922371017,NVO
2068,2024-12-20,-1,break,126,0.04696831418373242,0.8418065557746411,0.6896682751647192,0.2528001017792344,2.0054527293695448,2.317869766305655,-1.4621745637542947,0,4.244364163707263,3.8018208304100334,2.487637596648044,4.928695299715416,5.003950726173642,NVO
2089,2025-01-24,1,reject,126,0.02934793011516037,0.7629230335342229,-1.1934781240718255,0.5734715587183512,1.0756030490007875,1.735053649447443,-1.8180329474615944,5,2.577445020212018,0.7920109684939136,2.022005235539143,3.6626496865847797,1.4048983881811612,NVO
2097,2025-02-05,1,break,126,0.02658840520954366,0.8540717614546294,-1.2452407425915257,0.4362577461608193,0.9087213152853444,0.9957278523246813,-1.0329448922601232,6,0.6891857861596498,1.1303639944360935,1.2007224826731544,1.5314086173923231,0.8158465581917178,NVO
2106,2025-02-19,1,break,126,-0.054200475193589615,0.9171590749992471,-1.180908682266332,0.45481515885412693,0.8175172729706429,0.9265448125108825,-0.796378069439254,10,0.32308949727816516,0.9591218580944367,0.5446675806144681,0.2584213194925402,-0.09682854660384502,NVO
2134,2025-03-31,-1,break,126,0.06361726557495018,0.8424277614200942,1.037023512554686,0.5950872093531718,0.4348445943068629,0.8741886079962492,1.4146962016168105,12,0.7808309175156439,0.8530750645953384,1.5576325064518193,0.7882807484140076,4.056306144727668,NVO
2157,2025-05-02,1,reject,126,0.05069364019180067,0.8518879771958576,-1.213074773465632,0.5262438140077278,0.6081686482932852,1.237361838207815,0.8094032370782581,17,1.813757119471971,0.9887181194931225,0.5493604159453054,1.5574941035651415,2.3210645564490746,NVO
2169,2025-05-20,1,break,126,0.08175572797122002,0.8377527656805185,-1.1572984669776525,0.7765939515259082,0.8782218441382271,1.2257171170879158,1.4739057510534281,13,0.9004083340216175,1.18654515455741,1.2427274166884366,1.2941805621713343,1.4197776529485697,NVO
334,2018-01-31,-1,break,252,0.09957146518347325,0.9473124362856701,-0.5418440337651588,0.9314283803773012,1.1999257645478458,1.204557876082744,1.105805149644722,0,1.3898154485823697,0.9203671541313682,2.673272262916529,0.4607481943911438,1.1846769935096721,NVO
941,2020-06-30,-1,reject,252,-0.021753044987296195,0.7774979801189432,-0.32988117843383924,0.6383028790426178,0.9583539851635927,0.8355049834808596,-0.06534924465544446,0,1.3410618905115066,0.7516007512425841,0.929245435652295,0.8647817510693351,0.3255507116563174,NVO
963,2020-07-31,-1,break,252,-0.007624312414246312,0.7894044052275473,-0.3118827258593282,0.633926866038925,1.1090942780797048,0.7019368925434448,0.30571974478468544,4,0.5498403771908832,1.1849246972837346,1.9506641465893602,0.5541938999147602,1.2641832025569562,NVO
1278,2021-10-29,1,break,252,-0.01684863914270721,0.8597734819670197,0.5064173429002503,1.2461274525074073,0.7984029842043071,0.8705710046710675,1.1528690703159132,0,0.3614376990401833,1.039622984522497,1.1700468297246456,1.395369099313253,6.37015237414676,NVO
1312,2021-12-17,-1,break,252,0.10862313922309201,0.9037270726465906,-0.5566246741699649,0.5719952069297252,1.7523307926608416,1.9087129047237115,3.509433010580868,0,1.1462524143890973,0.917488700277257,5.995779582003917,0.4882308535844291,1.2841364780315512,NVO
1322,2022-01-03,-1,break,252,0.05858150898398314,0.9115690841264343,-0.5658648058802453,0.47674869471582654,1.1546058798638237,0.7927635150566661,0.7109820817885001,3,0.7406046014011931,1.1395958628809293,0.9041591756666452,0.7553034297488358,0.7580060581722861,NVO
1662,2023-05-11,1,reject,252,-0.06692811611014557,0.7684704304898379,0.4428360861599048,1.0935863651479736,1.1935226839204578,0.9591855614729595,1.2080200452397916,0,0.4727151625121411,1.1729249613808093,0.7678240779484357,0.0999482453317908,0.45183478503400826,NVO
1687,2023-06-16,-1,break,252,0.006468849502251073,0.8062024436543186,-0.6756230367713757,1.1821195770060948,0.8024606075536903,0.8613573566658992,0.11401808761571358,0,0.5968912714722779,1.2564492934880922,0.5848631321500156,0.004198364498527702,-0.12223138366448322,NVO
1750,2023-09-18,-1,break,252,-0.08073087844289407,0.8813485861942024,-0.6469259286270824,1.0607666730818577,0.5739746670754341,1.4490878175764128,1.6311868031795766,32,1.3672535941693533,0.8616331068129401,1.4697918207221863,1.7311419374473607,1.2463293616104558,NVO
1807,2023-12-07,-1,reject,252,-0.09445532173506489,0.888862585646755,-0.4513777991863559,0.7372900650777262,0.7047210267102587,0.7140534454755303,0.48940486843675146,13,1.1090829438942464,1.1296171301529916,0.8262738875702905,0.1933799791669094,2.5187106399457186,NVO
1843,2024-01-31,1,break,252,0.04290452837553283,0.8773577756941042,0.427120317527428,0.7725904253772851,1.0757419723832633,1.4434751862411568,3.912132246247299,0,1.3705236853963965,1.0704590065969315,2.5530543200384854,1.716272153033797,4.14286276391524,NVO
1907,2024-05-02,-1,reject,252,-0.08690387971274272,0.9028644750914028,-0.566889157970939,0.8628035964194762,0.9764958126673708,1.121401285441186,2.295323501826251,0,0.45428016269949556,1.0527196495101916,1.7792199856990223,0.6480330295773604,0.8169555901927196,NVO
1949,2024-07-03,-1,reject,252,0.04725744480742708,0.9336988751567912,-0.5709837034439236,0.8773269391855626,1.2391876215828512,1.1796057752953275,-1.329444318080924,3,0.8078724476937338,0.7307078757102162,2.337224565246095,0.8187104436168636,1.866828882352762,NVO
1958,2024-07-17,-1,break,252,0.0074118336162694465,0.9321069779412917,-0.563412757809363,0.6609556803745475,1.2694836345177178,0.9878833561906282,1.9750334871037487,4,1.2356426488115682,1.507811509098029,0.8519749602799709,1.7529954940195538,2.5712130280145766,NVO
2142,2025-04-10,-1,break,252,-0.07185319636693445,0.7745442656473248,0.795694487062858,0.866517630685033,1.1243993190829904,1.3922080878739787,-0.18448873454940806,0,0.6129354005692074,1.6728999320603377,1.7238348193144386,1.0595076286790046,5.113722700602369,NVO
2169,2025-05-20,1,break,252,0.08175572797122002,0.9063614517638747,-0.9459552367610282,0.713320195401468,0.8782218441382271,1.2257171170879158,1.4739057510534281,0,0.3924194247912398,0.7824045173049156,1.2427274166884366,1.2941805621713343,1.4197776529485697,NVO
2216,2025-07-29,-1,break,252,-0.025623684864080124,0.8848501483112418,0.809905667201132,0.39657714876918987,1.934180393149807,2.709962550865787,4.843497946225026,0,1.9933231971159686,1.0099529283019266,1.2220765185100526,4.297765608884971,4.011293306277306,NVO
2252,2025-09-18,1,break,252,-0.09775452792720223,0.86766388678091,-0.8973411514286547,1.3151171067676444,0.526838701227519,0.881290009829699,-0.18299089741348198,21,1.7430652299837774,1.8383326611485045,1.2061589247187967,3.2319133627258214,5.169867372835093,NVO
2288,2025-11-07,-1,reject,252,-0.023581409496858326,0.8130231870923527,0.6651566072337536,1.6521773543301252,0.5914934052349169,1.9129210088232422,1.9766298889601075,0,0.6586738427904762,1.029600423201441,0.8433726460654832,0.6958609977660011,9.223049504944754,NVO
2299,2025-11-24,-1,reject,252,-0.13771983605941407,0.8113554370707614,0.6611527399045465,0.9334366273434234,1.458759548227464,1.6596987834198969,-3.19862342256362,2,0.5790251785830038,0.8901988246119041,1.4381711608981351,3.530196891104787,2.8468698053571764,NVO
2319,2025-12-23,1,break,252,0.18760367406760797,0.8089272038218107,-0.6626489039689624,0.8583240073027825,1.187824778031124,1.2623886901236312,-2.559515671510565,11,1.02360787859137,1.008006477022761,1.9618520019270969,3.3976584031921995,2.3435726149938905,NVO
186,2017-06-29,1,break,126,0.031244184589270092,0.8364230740250961,0.2583333353052036,0.7902812061514102,0.6885268441007036,0.8934846960848672,-0.24017841292758357,0,-0.4651841713553919,1.199130857983982,0.689517472871206,0.08973855998178941,1.9304245246015563,UNH
200,2017-07-20,1,reject,126,0.006246750962786381,0.880793000755199,0.33702913768369874,0.8944466542297984,0.8675359027205242,1.1020457959389083,3.4216383932660515,5,0.8438485001580172,1.0442062147007953,1.42925113123241,0.18454078507093527,4.051209605662987,UNH
210,2017-08-03,1,reject,126,0.020982757995835582,0.8980804221153016,0.3551695631976741,0.8505207350736493,0.7456872494237641,1.0124232873973058,1.2468563204992604,9,0.7986942401592418,1.01948120572324,0.9440873019977157,0.21080876819596286,4.3148435234549245,UNH
235,2017-09-08,-1,reject,126,-0.0015663961187940675,0.9125176280524617,-0.42715220564351986,0.6907105531188076,0.960751626989175,1.0359392892291572,0.40822549254827545,0,1.3012089816282058,0.8095016182503301,0.9652317959454516,0.20855609093938637,-1.8751751955771856,UNH
269,2017-10-26,1,break,126,0.015937351526074093,0.8726765817481283,0.3443506864686534,0.3646359324543876,1.6941527210377736,1.2001107729327134,1.313271011119157,2,1.0327505172987368,0.8557231820520105,1.2745527042610811,0.12201145001830867,3.062192890311988,UNH
291,2017-11-28,1,break,126,0.019608465905130882,0.8888122590027224,0.3174327679237059,0.6837066086302784,0.7685970315800641,0.7432953632335861,0.710221275708125,9,1.3090228929474534,1.17920899901341,1.5491253252135562,1.002973103991045,3.0553442136049944,UNH
317,2018-01-05,1,reject,126,-0.03882377923040897,0.8805289134750184,0.3847127622570935,0.6630424703022335,0.7196672678158791,0.9896648250460405,-0.17706377405876322,27,0.49777786245050903,1.0090413363716824,1.4503434056807345,0.4030091005576413,3.4749879038493066,UNH
323,2018-01-16,1,break,126,-0.027246297854484663,0.8849120267086875,0.3946768623509902,0.5862749048128408,1.0421828583477537,1.3359911516232352,1.2391128026169562,28,1.0580990196844484,1.2811304512749346,1.2309208766705033,2.2463747901444275,4.435216625298761,UNH
337,2018-02-05,-1,break,126,-0.027612639331122877,0.8750217424814234,-0.4252244939690597,0.3188592156491502,1.4796595026242911,1.8135543777500307,3.044895126613751,0,5.140873439371077,2.3195556836365645,5.573660958230657,0.2509479374417621,3.7560523313054874,UNH
487,2018-09-10,-1,break,126,-0.03510591773282249,0.8992652631122979,-0.38510026079046505,0.6123397581385418,1.260854768631106,1.2319173707729405,1.1771956010017615,0,1.6581214913643958,1.434112205969973,3.2097257188609194,0.5986008554895254,2.0681763865752667,UNH
507,2018-10-08,-1,break,126,0.0301898317544315,0.8871469402781719,-0.3297754470983768,0.8143877513072568,0.8726886272307267,0.9890006486860984,-0.5498806261531377,11,0.5324938310763785,0.634280591651199,1.239351333769232,0.2132146224407884,-1.742146841814941,UNH
852,2020-02-24,-1,break,126,0.35458410818301406,0.7834455279439622,-0.528542300144857,0.4588007585894708,1.6599161196200303,1.1186635482793184,1.0356226629256378,0,1.4648597332662407,1.383554329251113,1.7782971493243933,1.8240305697611319,1.6483117107067786,UNH
1203,2021-07-15,-1,break,126,0.034119111218017445,0.764362744213605,-0.5431492970779714,1.1684732422386812,0.7439905951553744,0.9697488246778958,-1.3777355171129095,0,0.11673896216634605,0.47297692192278096,2.57213619514609,0.691280731471255,-3.553488708297849,UNH
2006,2024-09-24,-1,break,126,0.009309734322817101,0.7677816168571585,-0.5822563628803519,1.4266460149293918,0.5745073130867516,0.9950287698103258,-0.28813304202352735,0,0.22933888623202814,0.8468307160753494,1.07280077231142,0.5245656661043949,2.620578569009688,UNH
2021,2024-10-15,-1,break,126,-0.09979580911509796,0.771825397275601,-0.5097108317212669,0.5647533174310845,1.8745994837492799,1.4249570209867333,-1.1455449374003286,2,1.0744821905186996,1.7213535502702675,2.800211750758859,4.524617221990423,2.350630400377124,UNH
2227,2025-08-13,1,break,126,0.26309128566432505,0.8189076451950245,-1.6924237179067538,0.7319191822329331,1.2750803901373025,0.877256072077676,1.797536071431087,0,1.2337490350344984,1.1535422517596117,1.0923169124847485,0.32267746595172675,0.7307715838208555,UNH
2466,2026-07-28,-1,break,126,0.07806431630503988,0.8315597575751676,-1.2285453993490425,0.9019049853783282,1.069408920387813,0.7142041373716843,0.27848300792781017,0,0.8664510684569289,1.2357470924971572,1.3112383535439207,0.3348431503542095,-0.5593605784768096,UNH
317,2018-01-05,1,reject,252,-0.03882377923040897,0.9637113841933977,0.3474359998385734,0.7237928615595105,0.7196672678158791,0.9896648250460405,-0.17706377405876322,0,0.7700177819254161,1.3711139440978033,1.4503434056807345,0.4030091005576413,3.4749879038493066,UNH
337,2018-02-05,-1,break,252,-0.027612639331122877,0.9593212191015001,-0.3874752296808732,0.28859225086896906,1.4796595026242911,1.8135543777500307,3.044895126613751,0,5.113845976263376,2.308676502862991,5.573660958230657,0.2509479374417621,3.7560523313054874,UNH
392,2018-04-25,-1,reject,252,-0.03907334357253538,0.8873838920871558,-0.32095326818891423,0.47844624268150293,0.7425649736702585,0.801825599369965,0.050428642423706274,47,0.3628021959384162,0.5892320513087097,0.9437024061015366,0.20137066550551577,-1.8823761139882533,UNH
398,2018-05-03,-1,break,252,-0.03853885179782622,0.8851308404198039,-0.31576863975752983,0.5437348572673036,0.5429544443563932,0.8292933819485466,0.07534806699789963,47,0.46869346827838865,0.8363375484317628,1.3587436173117426,0.4413346641108337,-0.6132636146150612,UNH
437,2018-06-28,-1,reject,252,-0.04413216194469377,0.8718597031762001,-0.30271871645000514,0.9492703527651111,0.5781653913304206,1.0322114124347639,1.4815356662096493,17,0.9915746705397526,0.786074506720752,1.7500766526011553,0.5208383051602755,2.8726376068236714,UNH
449,2018-07-17,-1,reject,252,-0.05135728671176096,0.8671054351932606,-0.3029984865228253,0.7800984266211421,1.1217661385380093,1.225793742953215,-0.8083025321159515,9,0.9149931612935598,0.5625701650838052,2.0223270635105,2.161731808920569,0.538864581787442,UNH
488,2018-09-11,-1,reject,252,-0.03415554418732639,0.8619629862059334,-0.30290383609399385,0.822561588685669,1.2034323682394281,1.2537005047811363,0.7069502589289526,2,0.9976944441743678,0.6921447578892992,1.411682634376975,0.742148079337432,1.5245195753147873,UNH
510,2018-10-11,-1,reject,252,-0.07321026428309063,0.8603450569612938,-0.2725898412962323,0.7396400461539426,1.3990370847615783,1.2258011090145013,2.46150225019914,1,1.5956238355644905,1.556070440357891,2.639719337070272,0.42687031871920067,3.5779540711662814,UNH
535,2018-11-15,-1,reject,252,0.02627250013926275,0.8343751657737959,-0.22760639957501605,0.44386157770889084,1.1229074868304814,0.9391271436059263,0.969212074351782,13,1.4423968646085323,0.6394820996689412,0.8479695324272397,0.21872286381991407,-0.06531231157674451,UNH
543,2018-11-28,1,reject,252,-0.13187006860858985,0.818254507301213,0.23256249166888404,0.4658778714789369,1.1506371971267175,0.9689922480620154,1.351511324817828,0,1.9643857417414354,0.8659259272190557,1.75377451027633,0.37472187852577116,3.0365649463231037,UNH
550,2018-12-10,-1,reject,252,0.08979507958367398,0.8243527871982368,-0.2355006504131947,0.4533168829140777,1.2420724368866936,1.244725567707718,-1.8339921380600284,16,1.7629278301894442,0.9083541905641704,1.382952306612858,0.12990140262063327,1.0772967468500636,UNH
1136,2021-04-09,1,break,252,0.10425708142820152,0.7643160230479606,0.2284315766797547,0.9375917578831493,1.1002238244938631,0.7305148991829953,0.803329093799496,0,0.3928293836007134,1.0228051050836375,1.435182526595769,0.7933788536997672,2.2070979049541983,UNH
1223,2021-08-12,-1,reject,252,0.005062521598798141,0.8436967775034351,-0.35504114440425,1.0194874623879229,1.1819977811805875,0.5660549454558722,0.7379082626106468,0,0.652172279644623,1.0371897164664845,0.6765975991442494,0.1679495384865855,1.7419473377385841,UNH
1237,2021-09-01,-1,reject,252,0.06588286075035198,0.8575895720615803,-0.3405515975796066,0.9630931554737255,0.952643721035659,0.7957208193560912,0.9319183481641468,3,0.31153826221001313,0.7174877421929388,1.4134809720543253,0.05774606198042347,-0.05037228679174053,UNH
1243,2021-09-10,-1,break,252,-0.011201879436022145,0.8569147345289604,-0.33879840455440885,0.9314084206587465,0.9453753851937425,1.1466689749575893,2.645799798669012,4,1.0958252660610421,1.528554493402225,2.2447269842421256,0.20892145687826852,3.162153912923024,UNH
1275,2021-10-26,1,reject,252,-0.01665653821651306,0.7677275066942507,0.26084426397134625,0.8597658626256999,1.030060544156327,1.0631644459696639,3.134386222674475,0,1.1147208853598793,0.9788793135718642,1.223994518061294,0.14944628127753415,6.04348599983726,UNH
1307,2021-12-10,1,break,252,-0.028054405699204574,0.8131770196853769,0.2915287889997086,0.8207119388740387,0.8760118959355192,1.1066148171103536,3.890858157849068,10,1.1153855879878343,1.0461118769805822,0.9164518374844928,0.20204392560877582,3.9713270130636875,UNH
1327,2022-01-10,-1,reject,252,-0.0593030732559723,0.8281013853100285,-0.347896598751019,0.8130011460706001,1.2037526145609823,1.6348061408238634,2.5884701014824554,0,2.109762362590536,0.5985013107123625,1.363091548894321,0.3763383825055853,3.352220808959241,UNH
1336,2022-01-24,-1,reject,252,-0.0005190872589359634,0.831486754027521,-0.3451055927069235,0.9102840594414653,0.7141186176189308,1.2047028871063206,2.2726476000160982,1,0.34060285207111396,0.8957391109533067,1.7540411762483452,0.5004063478785398,2.6337660376549286,UNH
1356,2022-02-22,-1,reject,252,-0.08852370700128981,0.8140215337185763,-0.29347717158865183,0.805418062551952,0.9829358226251744,0.8574672374181697,0.6586091566013991,6,0.6906157101888064,1.0264386050803636,0.8806798625038436,0.630849945127572,2.0375775999916086,UNH
1373,2022-03-17,1,break,252,0.0533798265046183,0.8095398058508465,0.24613350063769096,0.5203374836048266,1.262393075429295,0.8147088168429546,0.24156611948117984,11,0.5138848122720353,1.0274590481435273,0.9602316827369978,0.2505488626060329,2.869260214712608,UNH
1407,2022-05-05,-1,break,252,0.018586145977511147,0.8240741301631131,-0.2662194568749607,0.6091463191797658,1.1270773378025727,1.0136559688021056,0.8913577035793123,4,1.4671673410677173,0.8217645780880459,1.7308473341091455,0.05153336981878312,3.727927372685186,UNH
2245,2025-09-09,1,break,252,0.04424676837769683,0.8030372828296348,-0.8655923164722705,0.9455857267435057,0.862963003537924,1.0915325386682972,3.365576277577862,0,1.16605011359329,1.546585425348189,2.86698479128173,1.1919964398208125,4.367887147739423,UNH
192,2017-07-10,1,break,126,0.16367285087770433,0.861018040685651,0.40144328239438054,0.8579273933688429,0.9066524159819177,0.8763983966311393,1.1234860502629513,0,0.7633159059649144,0.9584578892548465,0.9569558940420819,0.03246430937090886,3.714216967270326,BA
245,2017-09-22,1,reject,126,0.03185222304619561,0.9042190086421902,0.765971421519392,1.1274929048359201,0.4334477376547791,0.965555266610951,0.2899056532862378,24,0.37248469170195736,0.7929870271072992,0.9010756843632696,0.12140622719472992,5.932588503156926,BA
264,2017-10-19,-1,reject,126,-0.017829616734392203,0.9405864804510474,-0.8252999390636895,1.4778264194729314,0.509098710837903,0.6869236783441732,-0.49473600002025375,0,0.7088459023821553,0.7433490065153576,0.9450537991495286,0.7927269010090771,-1.0152167959390708,BA
317,2018-01-05,1,break,126,0.06286962585342513,0.871359205218833,0.5277184603858125,0.6955390165432898,1.1682149824706494,1.1420850837559742,2.421444543331147,0,1.2651101621481433,1.8552209224142606,3.229402775854487,0.030443047053100525,4.381087610715918,BA
355,2018-03-02,-1,reject,126,0.06667039650455527,0.9148885217064741,-0.8501270463808689,0.4387697133505483,0.69360298749289,1.1923867265816501,0.5259532235628437,3,1.2743173235195633,0.49850573852166424,0.9377723599748137,0.8953204182228915,0.4663015245027666,BA
361,2018-03-12,-1,break,126,0.02757093733976232,0.918822584847552,-0.8845433373309922,0.6647113603511742,0.8634118533549298,0.7913013969033417,0.049105605045676654,1,1.0626358613393154,1.0436319096640763,1.2974205433988202,0.11077546309073466,1.3171386738132222,BA
386,2018-04-17,-1,break,126,-0.015909810352767246,0.7505837504239218,-0.6984450620218651,0.688022950090332,1.0519715065183848,0.6868538127000567,0.20302792125120306,21,-1.249515402421275,1.3177890374111134,0.583249134655825,0.3698892909825065,-0.9882181879636724,BA
918,2020-05-28,1,break,126,0.15466542994263477,0.7821036596930995,-2.6048377906528994,1.098476829790081,0.46925465783662645,0.8800894723669024,-0.22993269796709218,0,0.909153493784292,1.0041977419715404,1.056191282803669,1.0139511827135508,2.864427108819568,BA
1443,2022-06-28,1,reject,126,0.11811943519059101,0.7998250809533642,-1.0886527583512353,0.5930584681504593,0.9353369912672632,0.9303605621462739,0.49944305904601316,0,0.10180740956285467,0.5376086533793296,1.4155807735305388,0.3759526031745287,0.7362142353194093,BA
1449,2022-07-07,1,break,126,0.1735671867667672,0.8201912414852461,-1.1509217352921446,0.6095665664209342,0.6323877255769375,0.7036633902545827,1.4713605747172398,1,0.41600715889122575,0.9765921687805842,0.69172509802419,0.30326211610979026,0.9462610992171966,BA
1616,2023-03-07,-1,break,126,-0.028355206027224508,0.7519559150356188,-1.4348934422070403,0.9147339083823463,1.1703284006709505,0.9329454043390218,-1.272824098414786,0,0.4872836389522033,2.1223509808136902,1.0891474114768047,0.14296711037511337,0.4662883791469832,BA
1921,2024-05-22,1,reject,126,-0.053590163440269734,0.7782699955913085,-0.7302916528816248,0.8732230732694294,0.837892853074958,0.7198073432986364,1.7561411161133944,0,0.6247973702073611,1.3159586719141005,0.6279931844088927,0.051897577443009046,2.385337680212558,BA
2042,2024-11-13,-1,reject,126,-0.18104665319805985,0.766339841435322,0.4966792840442666,0.5539289620034025,1.1475641993565997,1.1812551838873044,1.6177360319948935,0,0.7103251199863072,1.2600922218265214,1.3316880854629964,0.13553944265916013,4.106629107759065,BA
2053,2024-11-29,1,break,126,0.12734431888430436,0.8245176825353719,-0.5063888260769305,0.5046908778014331,0.8529062060022358,0.6653608042446834,1.4582670675059854,0,1.7680853716663907,1.2681861697225396,0.9702647053485833,0.1752221933330665,2.1441373636130394,BA
2242,2025-09-04,-1,break,126,0.059457947421404964,0.81192183709958,-0.8003327020449169,0.8852036197691501,0.933828622624511,0.7304087932853819,0.03860798584921351,0,0.5526061273349581,0.9173467584832931,0.7598397134167214,0.16806363117772816,0.10912629443331036,BA
317,2018-01-05,1,break,252,0.06286962585342513,0.9600102354836375,0.6540088813520666,0.8945274126884182,1.1682149824706494,1.1420850837559742,2.421444543331147,0,0.6368175399054121,1.0624752214206967,3.229402775854487,0.030443047053100525,4.381087610715918,BA
353,2018-02-28,1,reject,252,-0.12384067102229068,0.9538332683096622,0.7998477173953173,0.4549238877877458,0.6061017969274592,0.7812792428773349,-0.6248237444805973,27,0.15537928813655166,0.5342006281163546,0.8553484016077744,0.2259230258256805,1.3523932584445175,BA
355,2018-03-02,-1,reject,252,0.06667039650455527,0.9538332683096622,-0.7998477173953173,0.4677705727482697,0.69360298749289,1.1923867265816501,0.5259532235628437,0,1.0006223761631823,0.5184271734284116,0.9377723599748137,0.8953204182228915,0.4663015245027666,BA
362,2018-03-13,-1,break,252,0.03396578357391759,0.9692878102384438,-0.7864850794745398,0.6991685259694678,0.8578908971838485,0.7992525880290028,0.46812009465328996,2,0.7845115845730417,1.1337393876012145,1.1543887994154785,0.20249761150023945,2.3615021039989803,BA
428,2018-06-15,-1,break,252,0.004986140899485391,0.8967828068503686,-0.5458552455970025,0.9478936380941048,0.6904193533046736,1.0919566421925484,0.7571422383885498,54,0.4056813616554117,0.9233729556159872,1.260387086351098,0.7321373712674538,0.5717062668564412,BA
1662,2023-05-11,-1,none,252,-0.07384960810779782,0.7513067698953666,-0.5722098237695364,1.42762947122697,0.6332187844868836,0.8695300070705033,-0.4029153481536087,0,-0.18018140772754898,1.0053877633959865,0.9400889079012186,0.4275901916247625,0.41472705355895295,BA
2042,2024-11-13,-1,reject,252,-0.18104665319805985,0.7851673138595987,0.3996699252920582,0.7241303102438019,1.1475641993565997,1.1812551838873044,1.6177360319948935,0,0.8433383252668911,1.2647978952301036,1.3316880854629964,0.13553944265916013,4.106629107759065,BA
2053,2024-11-29,1,break,252,0.12734431888430436,0.8130965083922678,-0.42789406697608534,0.6567966875577974,0.8529062060022358,0.6653608042446834,1.4582670675059854,0,1.3535812348057656,0.8058131499539946,0.9702647053485833,0.1752221933330665,2.1441373636130394,BA
2254,2025-09-22,-1,none,252,-0.02205685439284146,0.7779824863357742,-0.4690299793081458,1.274294945745612,0.6523577941770655,1.060243946564086,1.2885084084355007,0,0.396617672593765,1.054345223612571,0.8924829033646715,0.1634863768282856,4.514452158887939,BA
2268,2025-10-10,-1,break,252,0.07958011390519316,0.7746771003797422,-0.45151131287079616,1.0467086633037757,1.1172457048126683,1.2290462742874588,2.2322465585578284,4,0.4498368314855772,1.3021527291469233,1.5266680290678802,0.2773594931653111,1.628592725847418,BA
241,2017-09-18,-1,reject,126,-0.0003057512121869548,0.7628589333795608,0.2619632706600581,0.4885470956538358,1.2572091124796432,1.3841688891205453,-0.5371310631341166,0,-0.7787966723207065,0.9088628256348463,0.7209807873405913,0.10679948461664847,1.7785901314059434,DIS
256,2017-10-09,1,reject,126,0.010688875552372926,0.7842684817695786,-0.29416069671679945,0.7972233497593076,0.6896821207577306,0.5858804043320086,-0.14996141154621526,0,0.2657764090544295,0.5765114930813534,1.574891390050292,1.0093233672309638,0.6917401321838236,DIS
273,2017-11-01,1,break,126,0.05682176825598112,0.7613031691645123,-0.2566439434685767,0.7439686470486844,0.5955994648786559,0.8813292622518254,1.7003746808260602,1,1.1142178855146971,0.9753196736115182,1.444112110460823,0.486110632913255,0.6566813691799399,DIS
491,2018-09-14,-1,reject,126,-0.030200144609603092,0.7957986344788341,-0.29787129733980844,1.1688423177152882,0.8860828171836345,0.8175285910980796,1.419537129274154,0,0.5186579593739533,1.364090816122043,2.340743453414352,0.3866197744483836,3.142693200061242,DIS
501,2018-09-28,1,reject,126,-0.03259315941152374,0.7872126788464715,0.2772649595530843,0.6603347001138662,0.9953696446568956,1.3342181719868405,1.3877690535631182,0,1.8902846107806286,0.8880992728605129,1.4948646829151488,0.3597991269350299,5.142398479458362,DIS
509,2018-10-10,-1,break,126,-0.03645310206014206,0.8045188634321593,-0.31588188578666193,0.49908920240022575,1.3991993638717197,1.0073861893684073,1.396272542954848,6,1.8271764785314537,1.0678188442923848,2.6132425484856836,0.0335116403990223,0.5363362778706151,DIS
519,2018-10-24,-1,reject,126,-0.01264260226659086,0.7895385945928592,-0.29164918963550107,0.3619659752752217,1.7079788875094184,1.3325373233040794,0.3980812380524043,10,1.826265791644758,1.5274986395593269,2.632533145277473,0.37117557528346196,1.9813398866373744,DIS
701,2019-07-18,-1,break,126,0.059790937061388515,0.8439675372008535,-0.6467042468325972,1.2176120814140934,0.7222740772557463,0.749278255709663,-0.20538148689035512,0,0.5026575114114353,0.9426130605549179,1.2065369965125086,0.0976916496603691,0.26468596966096913,DIS
711,2019-08-01,-1,break,126,0.028676638630969756,0.8361244335492092,-0.590675733561232,1.0855210334613694,0.9589961588948422,1.0914492269578426,1.0206512475407061,5,0.4843588412366515,1.0081234418411102,1.7389007671990944,0.2573862384294998,0.819644286271922,DIS
911,2020-05-18,1,break,126,0.013515475919986506,0.7537262998627604,-1.0537364910623142,0.7838035367694018,0.639879703884781,1.076610697367029,1.0350588574457276,0,0.7560316253785229,1.995602352087806,1.446274993856897,1.5914676262539014,3.371145099053216,DIS
998,2020-09-21,-1,break,126,0.009453685789544352,0.8055513917053172,-0.6457161786623674,0.9746427680825355,0.651950133643674,0.7538275334591108,1.1531656316798051,0,1.1849403464941777,1.226766831383862,1.0336735274254303,1.4268275376190898,3.493126550690593,DIS
1111,2021-03-04,-1,reject,126,-0.004986760686402011,0.8345542867423112,-1.169952515057569,0.8133091827596756,0.9359348410232435,1.0239767964018687,0.9277170254569735,0,0.8647978528300075,1.160942333287834,1.5565070871966815,0.5869448536551019,0.28021513499240097,DIS
1349,2022-02-10,1,break,126,-0.14402643544309882,0.7809256198215461,-0.4562989822079434,0.46977027091434104,1.0050727072330565,1.4582543383253506,-0.1071715834403344,0,2.0295767262158804,0.9628969776325201,1.5694464354143418,2.4161763739145106,2.399628463505057,DIS
1366,2022-03-08,-1,reject,126,-0.028950633830592168,0.7546784658470521,0.48806893329743306,0.5480771564034898,1.0778858117820673,0.947270179774549,2.141780689252841,0,1.6283704515682682,1.108534411830773,1.4793641258095198,0.16399516395187058,5.040853314898616,DIS
1432,2022-06-10,-1,break,126,0.06012176183200144,0.794312940167982,0.7301932774325024,0.7320801554124675,1.0206473610951536,0.6665466536810468,2.064954580758,0,1.108525921211494,1.3554234612261145,0.8639462336374868,0.7278460452116345,2.588536202651638,DIS
1457,2022-07-19,1,break,126,0.22673111148032568,0.8855280300593875,-1.1638316954541272,0.8404260384585498,0.9470759826394737,0.9741443454711032,2.8400515867964793,0,1.266719376379399,1.4121524080156982,1.2544511719513634,0.567490656773463,2.4442002155157128,DIS
1751,2023-09-19,1,reject,126,0.050682840352651165,0.7770738056564521,-0.4358921073008409,0.537054305755182,0.977833520701595,1.0127753078195956,-0.6334890377612341,0,-0.15637511102576354,0.20536807566973528,2.2214231179282593,0.8562288442561763,-1.1071823601234756,DIS
1764,2023-10-06,1,break,126,0.025356959146397056,0.8480696587129852,-0.41721413621339576,0.5016414986963671,0.8861681580742291,0.8110186265859648,1.2431542664303292,1,0.624625018898968,0.9696029783703674,1.888787105627719,0.19772420218685477,0.7737742970613931,DIS
1866,2024-03-05,1,break,126,0.052718701672461905,0.7629774922992274,0.49145024142165916,0.5016929232778616,0.5187226672694311,0.8761089184113411,0.6230152506105765,0,0.14526344471421893,1.509023682954675,1.3518551092593336,0.027022123473526772,1.2829861843267578,DIS
1897,2024-04-18,-1,break,126,0.08401599732523982,0.8656428475069188,-0.7785100910149583,0.9864326495251603,0.5618663523591562,0.7631613352377653,2.281110953925241,0,0.9916875876824717,1.0747474087347955,0.8892713740334195,0.15452046738210168,3.206676269171356,DIS
1986,2024-08-26,1,break,126,0.020597090355070492,0.8028216264622449,-0.7476892160027863,0.5242522371994273,0.8096198662858087,0.6881605637181806,0.914992441832384,0,1.010533339605172,1.5457231496619273,0.4619449313774845,0.2166799715242168,1.512585351094233,DIS
2086,2025-01-21,-1,reject,126,-0.024086613947814237,0.7534204737795057,-0.526982554597029,1.839265619582603,0.6661533516573717,0.7372497049175692,1.0156853749733021,0,-0.7092048901525146,0.7527085148559894,1.3513487225914584,0.09595457797102638,1.701578269156596,DIS
2097,2025-02-05,-1,break,126,0.047330226203993755,0.8127366120425968,-0.635290369598712,1.126614486740262,0.8840798466071493,1.4526828767651336,3.3505250049053403,1,0.9359209057439364,1.3583148310269044,3.937822735608449,1.8989690230195808,0.02335365646980317,DIS
2311,2025-12-11,1,break,126,0.012127851679414658,0.7520558291887992,-0.3373279376211459,0.28699100782854853,0.8537315657799276,1.1414986438416588,2.4584013589627074,0,2.6008791481643736,2.0410842384485717,1.0278993994909573,0.14741184771558513,2.320429054207766,DIS
1126,2021-03-25,-1,break,252,0.021031777339526957,0.8817074517534612,-0.7526921749026694,0.8962162554982402,0.5770820016785231,1.1214000115529172,2.2149931662862454,0,0.9377852737293717,0.6140993185891231,1.2706257996718189,0.7576544771577509,1.5075898002871186,DIS
1137,2021-04-12,-1,break,252,0.011812766564476747,0.8786552038512881,-0.7462745044135899,1.6584308193300836,0.47158528323218435,0.5742212181542901,-0.24647619212736982,1,0.5617040494357102,1.0117433735332357,0.6177529242847881,0.06833096439480545,1.2294674480065801,DIS
1358,2022-02-24,-1,reject,252,0.07244106159724309,0.7537915017212716,0.257121411958285,0.6384413155146339,1.0959849533185708,0.8436065378741209,1.0594698009613268,0,0.8240204569431159,0.10144030347008128,2.4977190462327723,2.1845905474834386,-1.0494701244351987,DIS
1364,2022-03-04,-1,break,252,0.02679118327587304,0.7586179432884255,0.27955606832527213,0.6419298889818748,0.8833456137356288,0.7890941504909276,0.5626536588060056,1,0.8339954550952337,0.9002258981088296,1.2059898242142286,0.567161880417219,2.704569497852097,DIS
1387,2022-04-06,-1,break,252,0.16318033592971,0.7799999408032771,0.3042111440669773,0.7095581424999459,0.7801861233363123,0.90969392034139,1.0759756119309538,11,0.8803741920455497,1.215917096317575,0.9857801626157365,0.7724248845537578,1.9095951467332093,DIS
1468,2022-08-03,1,break,252,0.027681597521556404,0.9006380270657522,-0.7156797041381011,0.9309445476187131,0.940409546050322,0.8426177596276471,1.8835711770494632,0,0.9190351227877361,1.2736208181523245,1.6473000889093465,0.4506493583829083,3.9452254745447854,DIS
1521,2022-10-18,1,break,252,-0.030622539550453524,0.7938794791298189,-0.6326694718905609,0.9387422841428421,0.9360342380020127,0.7510706617522198,0.22845551543136805,39,0.6543635481741564,0.8395708931950132,0.909091717460472,1.0300349351732307,0.2680435749249078,DIS
186,2017-06-29,-1,break,126,-0.0733967368198234,0.9382046270039242,-1.7798576945152087,0.44893380995375637,1.1806936792822826,0.8339081380271737,-0.16123593818432588,0,1.3299016285693464,3.340709055580973,1.3238554770333761,0.19545482193925326,1.7510870351742593,SHOP
213,2017-08-08,-1,break,126,-0.1328317645445314,0.8540882077401262,-1.1673300822724297,0.5772743799595719,1.4914753881010976,1.0240993511276217,3.197484489923592,22,1.1159368852197495,1.007480423119452,0.7781471782066485,0.039334677674566734,-0.7010091838186687,SHOP
238,2017-09-13,1,reject,126,-0.22679922354694818,0.7844082346338364,0.9390742709414576,1.0615292247877826,0.5844071858205451,0.8319511929902879,1.5022319919166576,0,0.6852216580841457,0.7359430841311398,1.437558545308913,0.013396827054769944,5.957388522503271,SHOP
253,2017-10-04,-1,break,126,0.0712080229644099,0.78150969917128,-0.9473245407081679,0.5709896586771703,1.2769133399571309,2.402311237604889,7.082582116388828,27,1.6302707294229486,1.5705333035975853,4.296334318703622,0.004972353309518435,3.7114250247281753,SHOP
636,2019-04-15,1,break,126,0.149349574607439,0.8067098042956615,0.9245307648669914,0.9358592983051527,1.218128911778048,0.8399857117248906,2.9938548290147806,0,1.0245550250634277,0.974463898031747,0.9854001982753783,0.0,3.251856276303322,SHOP
646,2019-04-30,1,break,126,0.11305876908912545,0.8455851506574896,1.0457954060865244,0.7775600110267562,1.2460019522468038,1.710421628547368,1.4368866965962224,3,0.7599862098196177,1.436922409725735,3.2680314653000426,0.12106132428347557,5.40640482644257,SHOP
669,2019-06-03,-1,reject,126,-0.1395322330403325,0.8853997344806598,-1.6829679211505866,0.6259342285321065,1.0284943041648857,0.8677491821342239,0.8642116867121981,0,1.258755535110264,0.8710880274812252,1.6487004351869865,0.0901395121446781,0.47404705310550355,SHOP
672,2019-06-06,1,break,126,0.05456674253464528,0.9234681293297912,1.5673841973257039,0.5159327182319811,1.2905544735625396,0.9878838702517764,1.6271948568964993,18,0.959874322404609,0.9134530192723558,1.051284179129131,0.08093095239057035,3.0571998165954763,SHOP
685,2019-06-25,-1,reject,126,-0.148673747022038,0.9700720469082251,-1.680174676706357,0.3962585616411645,1.3916462006410601,1.4652390818330572,2.8662885887036325,2,2.1564779091361843,1.4244905493035327,2.623443675554582,0.4361110048997235,1.4391415678789246,SHOP
697,2019-07-12,-1,reject,126,-0.17673099488660657,0.9688206680843663,-1.56745499318705,0.41960959171240325,0.47424434887027966,0.9348470424536743,0.989788605782942,6,0.8000541003775948,0.9964425777041133,1.1823790888554093,0.0,0.06801620249329428,SHOP
705,2019-07-24,-1,break,126,-0.16792199379722875,0.9655470054699316,-1.609372298451554,0.7737057524825602,0.7077576156315498,0.9562423807496785,0.611541079657621,8,0.40709197983363465,0.9065505130440453,0.6509651273279358,0.04878912311580547,-2.12852721658187,SHOP
737,2019-09-09,-1,break,126,0.09452426778285708,0.9510849831705445,-1.4670195083209578,0.5836116532088151,0.9272131491287114,1.1739064063639602,1.386273181955939,17,1.3433021255648392,1.7907075403916979,2.39855330924807,0.36010853021899825,2.075379426338467,SHOP
862,2020-03-09,-1,break,126,0.0633280931120599,0.7514314088680086,-1.1294167975006704,0.5136326003584315,1.8435000617773565,1.2142193181507506,1.3451113047495207,0,0.8764175398633004,1.4640401089294912,1.046705499302059,1.868046841436235,3.463738758889393,SHOP
969,2020-08-10,-1,break,126,0.09175631793221291,0.7628024658440958,-2.436709504463883,1.0306531482743542,1.0335165687718955,0.6354380737855714,-0.20354738010123619,0,1.0689028755577248,1.0272211345137576,1.3012428342147144,0.04853310340660699,-0.07264467297308069,SHOP
987,2020-09-03,-1,break,126,-0.012999731840277431,0.8559530331082067,-2.1417446292099336,1.0865134162577181,1.1677070551089253,0.8465414963091396,0.8206888989834655,10,0.5266586740120678,1.2407986468533978,1.4026831625238596,0.8439002368122205,0.4556773236624079,SHOP
1241,2021-09-08,-1,break,126,0.0905455533710304,0.7982127845511604,-0.8292768160762218,1.041927798391199,0.8021763427103217,0.6801474867618275,1.8152895959957942,0,0.5698390992032306,1.1276478662268064,1.4605210937898945,0.011189778632365735,1.247838723839069,SHOP
1386,2022-04-05,1,reject,126,-0.3700843989249689,0.8003172428081085,-2.329313892486103,0.6056443299703498,0.5807282166917681,0.8447375093080036,-1.2882809180035175,0,-0.2311100763024344,0.9063226127726195,0.9833465177931655,0.03181369304535108,0.7921620797696388,SHOP
1401,2022-04-27,-1,reject,126,0.22269309779649135,0.8926719283280933,2.5633021963834755,0.7831954638226301,0.7990188599699128,1.2636669644283272,4.632031725455381,0,1.1492041333879532,1.0763382727215978,0.6236772733868823,0.20632301066035616,7.403725372080015,SHOP
1408,2022-05-06,-1,break,126,0.04571931285929972,0.9140596588563487,2.6992506816299806,0.5778320988468534,1.0192757464025213,1.8594996897978198,-2.721985219897333,2,0.3252309810060917,1.1228158510520037,1.1710435656412472,0.4732298081398655,4.526612775422,SHOP
1430,2022-06-08,1,reject,126,-0.09582119739660232,0.926684852017332,-3.024881659681331,0.5242180148963237,0.796890502356889,0.9586350854138693,1.1208860495509498,3,0.812225548483503,1.1216655509586555,0.5133001302343201,0.009304726102982337,0.9697440001611843,SHOP
1440,2022-06-23,1,break,126,0.026231254080457865,0.9192251620977359,-2.8697697315385158,0.6536553488786123,0.9246866533736172,0.8199912890845596,0.654545907459037,4,0.9476171944197246,1.0719300557365918,1.2626996062498432,0.0019611208169458038,0.6653433083822711,SHOP
1456,2022-07-18,1,break,126,0.2024013066200796,0.8860759588993083,-2.4074706603916964,0.7817354519167936,0.766352724647464,0.5689901135295032,-0.40921229356403727,10,0.2672191278312269,0.7716856260945085,0.90171189214955,0.41774902959239235,-0.6082805445912475,SHOP
2041,2024-11-12,1,break,126,0.07471771051853557,0.7662684126620578,0.7286787353642936,0.31668153748897415,1.817446279128553,3.081473943155381,-1.3581361076380514,0,4.848362117008406,4.18370480464497,4.116182900295515,4.053270741904901,6.21762700774439,SHOP
2073,2024-12-30,-1,reject,126,-0.11070750179291455,0.8246824873141976,-1.4698223737914486,0.8615442667856925,0.8954185318965447,0.40472316663113445,-0.7604380955749067,0,0.641667626423656,0.9010787363987699,0.6709460100954541,1.097668874755269,2.031991157873857,SHOP
2109,2025-02-24,-1,break,126,0.05518399921206447,0.8265141907612762,-1.1478919522956703,0.7828965449701072,1.146761233812941,1.1636878593400333,-0.5941739719109504,17,1.2319493601518658,0.9440415066509651,1.2747174858240315,0.0,1.1297451338548816,SHOP
2254,2025-09-22,1,reject,126,0.04717657902713783,0.8051508309636369,0.970671501658994,1.1205243448816158,0.5144164837413466,0.8267263601856192,0.9365998765909327,0,0.49766329813933685,0.9556202327958936,1.6906558336814783,0.049975066326604506,5.098647694003982,SHOP
2258,2025-09-26,-1,reject,126,-0.20957597333505346,0.8649019843636467,-1.0912214332315442,0.7569199214321585,0.7471383703115654,0.953242506404862,1.642506287091361,0,1.7341028684584816,1.04285833384291,1.0098403205744453,0.10735656960152543,1.8849098590799842,SHOP
2264,2025-10-06,1,reject,126,0.05003415744392851,0.9072350047577918,1.1857043057520578,0.5485109318317267,0.9920118736329422,1.270325190423811,1.7069439679431382,1,0.9258162873599247,0.6567124247999062,1.325742089109352,1.2025007311225435,3.5288409563011935,SHOP
2270,2025-10-14,-1,reject,126,-0.03887345600171165,0.9069215051537743,-1.0702254502530923,0.42056206237229876,1.0051728121703116,1.0791673297864481,0.43667985247332813,2,0.7850234245937043,0.4916249632172304,1.6164286492279754,1.0373283582145216,0.08328973221049968,SHOP
2280,2025-10-28,1,reject,126,-0.12856266511271652,0.9235240489020959,1.1119551573768753,0.45118506087166454,0.47837311045312003,1.058075201452425,2.4755571174342217,4,1.3541725799039255,1.068221005108805,1.080283162689585,0.3238180731847184,3.547432740487348,SHOP
2285,2025-11-04,-1,break,126,0.00585782465382699,0.9241015070859615,-1.1110834975448896,0.41643692829902634,1.1226406748520066,1.5906933732974986,3.975037911434552,3,2.2099847117372913,1.1417637066284863,2.1315834542470444,1.8733810775942765,0.8142795090210114,SHOP
312,2017-12-28,-1,reject,252,-0.21775738672170047,0.7913076172443455,-0.7778392169697943,1.5585555765032335,0.4201377964092253,0.2694736147294641,0.037094012817662135,0,0.1464992627764754,1.1697028392712625,0.9574045970301148,0.12179463677772343,0.07869106895499225,SHOP
347,2018-02-20,1,reject,252,0.06985163332121318,0.7619256807027384,0.5591846754331444,0.803773491898241,1.3060449015239546,2.3496152512998267,4.97093601662506,0,0.772785209363177,1.0546827691471283,1.419500454251032,0.15006993328946772,3.5043672320133674,SHOP
362,2018-03-13,1,reject,252,-0.1953707873682146,0.7680177806226204,0.5311575584385613,0.9553609704580555,0.5404174018231721,0.7885692747461647,0.8071235514121081,1,0.4177139057890017,0.957952008992966,0.8165819484606186,0.10592115854595284,1.4748373007523072,SHOP
459,2018-07-31,-1,break,252,-0.04795946762844852,0.7550466987687797,-0.5251685143167178,0.8567311145813448,1.3329895130565808,2.079899279944763,2.4842854505161402,0,1.2718993572941892,1.1675538001537953,1.6612900842835447,2.099385881820775,5.117415236035638,SHOP
702,2019-07-19,1,reject,252,0.08350525297272444,0.7532445484703523,0.8973513881950647,1.2090707738374098,0.7096744150924372,1.1234104941366256,-0.32116912272909964,0,0.20922396929615172,0.871411181255073,0.7712157809475588,0.2005085354465434,1.7004124664325448,SHOP
716,2019-08-08,1,break,252,0.06127383092090423,0.8313531316758241,0.953056025996586,1.1460687263902003,1.2396652107610808,1.0444300652075886,2.6449274778284324,2,0.3071122310837534,0.9902372539068995,1.2801413044197325,0.26626635760967143,2.829143209820999,SHOP
727,2019-08-23,1,reject,252,-0.2003485509341262,0.8661077889735386,1.1818049765568257,0.8316736450895533,0.8141945211265614,1.1013972673369425,0.8193583535238933,5,0.7588729806741124,0.6475677671213901,1.40764419660974,0.04466008871599254,2.617628439943738,SHOP
738,2019-09-10,-1,break,252,0.08084115785267572,0.8861699423489695,-1.2839934896503722,0.7711020353013435,0.9224808445226172,1.447847002229262,2.937060686861978,0,1.6004786933210335,1.4092755647928854,1.3603517350576697,0.5934711471467137,3.8301938220548615,SHOP
845,2020-02-12,1,reject,252,-0.34092070786620704,0.7867707639794459,0.9294911215335587,1.431559144243699,1.2503095037459278,1.5266464356066656,-2.849807751477631,0,0.45160663494767195,0.5437883965196363,4.273914629092208,6.25654301568974,5.1007426848517,SHOP
856,2020-02-28,-1,reject,252,0.0942919993854553,0.7982390636382521,-0.8670926006614427,0.9414637608171539,1.4120681764741154,1.4683352552303053,0.04330083752798894,6,0.7795667127296111,0.4316077471186563,1.7634708652429487,1.0461623362153363,1.8754484026112535,SHOP
862,2020-03-09,-1,break,252,0.0633280931120599,0.7938360226862882,-0.8352042403085564,0.6691998372504309,1.8435000617773565,1.2142193181507506,1.3451113047495207,1,1.0935622562283773,1.159956641775211,1.046705499302059,1.868046841436235,3.463738758889393,SHOP
987,2020-09-03,-1,break,252,-0.012999731840277431,0.8659845777843783,-1.5467497676502278,0.8174893275907458,1.1677070551089253,0.8465414963091396,0.8206888989834655,0,0.6993800891396855,1.0558013810510376,1.4026831625238596,0.8439002368122205,0.4556773236624079,SHOP
1020,2020-10-21,-1,break,252,0.0928055048553592,0.89078897875377,-1.3825058317918548,1.2962028800405625,0.5015826579580572,0.5627504159714982,0.7983139115682398,18,0.5635557371875836,1.153362190181816,1.2974841557946402,0.05714161923731825,0.8383382164644212,SHOP
1054,2020-12-09,-1,reject,252,-0.13556650297857817,0.8099795149899611,-1.25837960218216,1.5906090698191617,0.8972421109383648,0.7920841935646307,1.229399924061841,37,0.769174377414708,1.0895001512923344,2.0481062186650116,0.06504907918223916,-1.1193747252910395,SHOP
1432,2022-06-10,-1,none,252,0.07331123204566194,0.7738061347305151,1.484386530810937,0.9564381330068434,0.9033553415191721,0.8802513288303133,-0.1615603877867595,0,-0.19999213671052085,1.0588560276504795,0.6663552333174372,0.6314010298000341,0.7254291900348753,SHOP
1459,2022-07-21,1,reject,252,-0.09170285393606396,0.8642229968963824,-2.0838193676580548,1.0344289262379875,0.8190887583929013,0.803806464810657,2.2986394508888424,0,1.1623085307209176,1.0485046783512397,0.9979430241291616,0.24487638987818833,2.9603565398908454,SHOP
1467,2022-08-02,1,break,252,-0.18518736946993306,0.8895409162560743,-2.0234777100911665,0.8448746755216863,1.1598976978876465,1.1096114610877257,2.9992520574774493,2,0.8607066031290435,0.9218645909279076,1.2238417578217604,0.3192783491155155,1.300198358884669,SHOP
1494,2022-09-09,1,none,252,-0.24632022212596474,0.9042692692751267,-1.9720906562063776,1.476545079859541,0.7170198295750242,0.9877494406970814,2.157638968051709,20,0.5790224895569549,1.1641920515420843,1.2232132905368749,0.4218945978831134,0.7138828328596551,SHOP
1721,2023-08-07,-1,break,252,-0.13361829132380193,0.7846509855656288,-0.8231210840258898,0.9547058732103085,1.1002450941635613,1.5036282004280337,3.7812042673997057,0,1.2964562337543146,0.941607580330058,0.5961132210088068,0.17086950483563973,3.76647255709062,SHOP
429,2021-01-22,-1,break,126,-0.018245351502661347,0.837566189146606,-1.5475203719501156,0.6393277983707424,1.008615409670287,0.9005878377242923,1.504077858776643,0,0.7348918969062289,1.0461160648156531,0.6301536968066869,0.28827522814775003,0.09698078784567925,UBER
449,2021-02-22,-1,break,126,-0.006846824106446103,0.869750176530492,-1.3848258730320488,0.6292596278038108,0.9149170878254915,0.8826486885827937,1.5218456595524472,7,1.1378818242422013,1.2316396311352231,1.3860321135758067,0.2887843134902114,0.7322371911022445,UBER
581,2021-08-30,-1,reject,126,-0.14962994440708066,0.7536122277798066,0.6549088579184574,0.8554755722110794,1.0801701543571238,1.2038508368997,2.4206047190551243,0,0.2575757220954854,0.9619397941528961,1.183089130874779,0.13984633287654033,2.654023375865596,UBER
596,2021-09-21,1,break,126,0.058872673574666134,0.8003948606566238,-0.8635779080799078,0.46082783436272357,1.553234202075463,1.8429026676104088,3.577731331769262,0,2.4803404310290165,2.0783536444631547,2.031480492185662,1.9909033578885214,3.062958231337699,UBER
727,2022-03-29,1,break,126,-0.1924288845645116,0.7672494898701008,-0.8122420796341837,0.4399221886213449,0.9150945894553356,0.883750234237814,1.9390902921074635,0,1.3880861034124488,1.683234528199736,1.0613683425023501,0.5086735442530617,3.2019313698847545,UBER
779,2022-06-13,-1,reject,126,0.003250511119289135,0.7543304020392126,1.0802225739914504,0.6109149515796101,1.1030656862935604,0.9398264688323883,2.158029805019655,0,0.9013718159661782,1.0409932728054256,0.9228701557342058,1.3992815738387612,1.9538006371908203,UBER
804,2022-07-20,1,break,126,0.24187247927465746,0.8333918096375715,-1.3932276386561342,0.7250933431471179,0.8444579152802291,0.833517106753421,0.4036184571594288,0,1.148001490845591,1.3873823720025227,1.3471690486355288,0.252317142009383,2.3940816128714983,UBER
1076,2023-08-18,-1,break,126,-0.039917574931614706,0.7592793347275919,-1.1074822395200057,0.8220248456787341,0.7500638770333736,0.7225185226484344,0.32895780192488516,0,0.49890369582334404,1.2585595839667059,1.2015301565907655,0.7740627370893112,1.10434154266381,UBER
1096,2023-09-18,-1,break,126,0.03947013737883179,0.8461296046545133,-1.0074521758712414,1.0717263567919177,0.9133586608398923,0.7430856119613423,1.554600336238473,12,0.9470220881346751,1.2292710897437396,0.7089185985631329,0.2787578001531755,-0.24784828948176232,UBER
1194,2024-02-07,1,reject,126,0.11688622029533872,0.7739470573416142,0.9527901857615901,1.1359692745213108,1.0326046715418264,0.8237021385651797,2.2769524552698863,0,0.49136137889037423,0.9216889972156941,2.9014414315771573,2.6069927844350738,4.546837118859157,UBER
1221,2024-03-18,-1,reject,126,0.0209578485118169,0.9185453407374561,-1.3247483697469846,1.1203043654972995,0.46234848820035773,0.7615013950419852,0.6639739472233573,0,0.6483533328906357,0.9041418947395938,1.6572378095372753,0.8771789645370974,2.4026805643552205,UBER
1228,2024-03-27,-1,break,126,0.11952893673075803,0.9272113768223033,-1.3015243876276086,1.0387621908357842,0.5871597448906878,0.6320567080932761,0.6081023672663668,2,0.3462136848206604,0.8528561767579322,1.0071206598846263,0.9091942069708076,0.45754743596706104,UBER
1706,2026-02-24,-1,reject,126,-0.013359496316676246,0.7822472433047536,0.5742343352774832,0.6293996839301468,1.0090030198379245,0.9264094044062212,-0.48779161968733376,0,-1.099788302688975,0.9633925466246938,0.8213637910101743,0.06380350633051489,2.1485124949485916,UBER
1721,2026-03-17,1,reject,126,-0.006577725879484518,0.8725142673623089,-0.6637793908370125,0.5668035157840378,1.1177973504002432,0.9519220471317036,-1.3337988856097318,0,1.943151689767972,1.4291907294962432,0.8144416225789514,1.7013209302985906,2.232904534604067,UBER
1736,2026-04-08,1,reject,126,0.08966743586630677,0.8661482650973423,-0.6770840339281504,0.5416429019580823,0.8561748154455804,0.558885557137782,-0.04742168567404843,5,0.3751300801993097,0.8103378518571084,1.7151607605402654,2.054942213740412,-0.4420921377872901,UBER
470,2021-03-23,-1,reject,252,-0.041741346687290654,0.8335475172023157,-0.9266050534550565,0.8790684408515907,0.8083643112185506,0.7868367533256175,0.8646492721401718,0,1.2834498805881034,1.0455913125325254,0.9395800568424862,0.031469509554246385,1.173035234380036,UBER
490,2021-04-21,-1,break,252,0.11986964869428429,0.8352146884841946,-0.8216011227531625,1.2019150146722208,0.7701801930742009,0.8142574178607077,0.5885510075008364,4,0.5791994125083877,0.8557494293975947,0.7772022850894686,0.3542473765004237,0.7977034869834253,UBER
496,2021-04-29,-1,break,252,0.07993654115750054,0.8304038802808236,-0.8134059458562864,1.0644940743481464,0.9684894384671999,0.9194051116652061,0.8217243364853146,5,0.26859211888103685,1.0800268010809084,3.2400904603641174,0.3448665442649909,1.8823091008720012,UBER
792,2022-07-01,-1,break,252,-0.14216320542128622,0.7556441395913066,0.6455631255005978,0.7614162856526399,0.8219759880437146,0.7078006253722612,0.5295396995316708,0,-0.05980683281664767,1.460420452707939,0.7745556250921377,0.2760535109793127,1.4107693349015509,UBER
1102,2023-09-26,-1,break,252,0.0018087690186331022,0.8486120957111849,-0.7199413483985333,1.1573329670673145,0.9131451844489975,0.8791829538351549,1.6787909632118139,0,0.92007397599625,0.9755829868682867,1.1360480057524356,0.456374060699023,2.5411983347808693,UBER
1115,2023-10-13,-1,break,252,-0.1708329842276482,0.8642041796392694,-0.6610775053489153,1.0300486896084706,1.1389496026529786,1.011806935905379,0.9194443483263259,1,0.6700059967302058,1.184837640149783,2.748534971575601,0.12896390180977113,2.056064781572959,UBER
1150,2023-12-04,1,reject,252,-0.006502436748209412,0.8537936895540138,0.732124492728595,1.985611004569337,0.3413215283690644,1.707197231679011,-2.791360534907415,0,0.2587600356765821,0.645889522280934,1.6866420576311396,3.8679261315738818,7.077277201293909,UBER
1194,2024-02-07,1,reject,252,0.11688622029533872,0.8590347839568568,0.7880298611940396,1.376724454828708,1.0326046715418264,0.8237021385651797,2.2769524552698863,6,0.6438512577735153,0.8564804839678227,2.9014414315771573,2.6069927844350738,4.546837118859157,UBER
1243,2024-04-18,-1,break,252,0.07648429304981652,0.8980781348543782,-0.8365662395615223,1.3327761381104695,0.8090760254195883,0.853063502401355,1.1398827453911333,0,0.8305074596742155,0.9572611944262698,0.9533048887884844,0.26591297001155906,3.9003277734571387,UBER
1631,2025-11-04,-1,break,252,0.04306031179461104,0.7656892196124429,-0.41023215045425465,0.9552097085249803,1.2062817376265134,1.42238200546642,-3.1634733005610665,0,0.11325457530009125,0.512474997495093,1.8830587231424267,3.996785924033129,0.14485703606953737,UBER
1652,2025-12-04,-1,break,252,0.11951549792430777,0.7634762701869782,-0.4254720150274832,0.9378563427548086,1.319429878490981,0.9385031223567312,-2.210613959148722,16,-1.5539706082881397,1.253498388763065,0.6001017882656384,0.2603522245472754,-0.9118049367798561,UBER
1792,2026-06-29,1,reject,252,-0.0651215026759834,0.7891107565593514,-0.3642988926647637,0.5785159958504251,1.3912830805057255,1.5750570103011716,1.602450229892421,0,0.6855434899074111,1.1735529914324687,1.5022704674076977,0.09246951012026025,1.7925014137017987,UBER
1817,2026-08-04,1,break,252,0.0441557852333893,0.7974308957850129,-0.4158731549902734,0.7922716139807555,1.0489254254046216,0.7022159758156805,1.8689983393677077,11,0.8562571283472795,1.3175443344095419,0.54313265966478,0.2143276188560264,0.3004999520791695,UBER
186,2017-06-29,-1,break,126,-0.0029964860906710653,0.8893440794539113,-1.253130241326563,0.8822718521262859,1.475852235756418,1.0695263153069736,0.3633463671869302,0,0.9327992844393721,1.5076301377536352,1.7108282832377597,0.15137125041771285,1.372449839850269,ANET
219,2017-08-16,1,reject,126,0.007286135731662311,0.8021236632688357,0.6263576743036485,0.23800859129529503,1.9221936473856884,0.954575995392695,1.0494121837755999,0,0.11087761382038008,1.0732473050420064,1.0297655391276093,0.0013706569996668092,1.9528897589534941,ANET
226,2017-08-25,1,reject,126,0.04005502820944918,0.8776529480320969,0.6046635395495925,0.24574744335086424,0.439625176422966,0.791913448267151,0.14223188216918775,2,0.2498613740941601,0.672602196982664,0.7484778005345923,0.07277962371029087,1.0603715949942707,ANET
241,2017-09-18,1,reject,126,0.03289930242069458,0.8736587196703678,0.6555063505537883,0.6400375657688998,0.4867044603988209,1.0216188355198537,1.5089521845105742,5,0.7762659330287612,0.6608463571698067,1.817751768266056,0.9029999148296809,3.3503670201788736,ANET
274,2017-11-02,-1,reject,126,-0.23275661652927104,0.8832653184862183,-0.6902150152713701,0.42638017998315164,1.610199686620173,1.8665631495905233,3.723135043647429,0,1.8608273744702724,2.0457209454042875,5.433148346444158,0.056771125759104986,2.732712392248708,ANET
276,2017-11-06,1,break,126,0.0209234187068869,0.8819147991806132,0.6913384493828374,0.28611470280388185,1.9815772383636225,2.5314602373811463,2.3512458306546957,16,0.9508810095083073,1.052767904898983,1.45345043216984,0.22977905050681463,2.092048550422284,ANET
305,2017-12-18,1,reject,126,0.11920284896907223,0.8600442605323548,0.75438987195271,0.42378228387569,0.5703110232798599,0.9431785541068056,1.261962433748668,29,0.5230998124429874,1.1203731546672608,0.5408575678398806,0.6160467038773768,1.0049812119772155,ANET
314,2018-01-02,-1,reject,126,-0.17720093866500822,0.9179911232665852,-0.947008263142545,0.4318480050748506,0.48868265675668476,0.578494579265202,0.13209696452388017,1,0.46845601571518736,0.7226143234117702,1.7620432020675745,0.0,-0.5141088263635931,ANET
318,2018-01-08,1,break,126,0.0815062234016146,0.9148010719014348,0.9135637480671563,0.534704740318399,0.8269822451633764,0.9199342257733438,1.173372562193182,22,1.1795270247347716,0.936454482607713,2.5136756117496106,0.5480019770171863,3.8945487317499596,ANET
333,2018-01-30,-1,reject,126,0.020148655777791707,0.9196996793267335,-1.0951480432097094,0.5874077717404197,0.6137543036589165,0.971080299261986,-1.330201589678503,2,0.7928425900310252,-0.475692560239404,3.368890518940475,0.8413747601616799,-2.7214827316237504,ANET
339,2018-02-07,1,reject,126,0.04223848369848177,0.9233395225778259,1.0523031349796093,0.6503531034035701,0.8742077856440152,1.203093205062752,-0.04725036740392851,33,0.11780329211101659,0.5538750967172376,1.4764797272780048,1.049896019804856,2.1430865490754836,ANET
366,2018-03-19,-1,break,126,0.07712698673173035,0.8839285334614363,-0.9938860618530702,0.5325651708102863,0.6466756935290808,0.8967201929693583,0.11448037048874816,15,0.9826372302319716,1.1042612971952133,1.051416862942176,2.183506646859984,-0.27130266252800467,ANET
1096,2021-02-10,-1,break,126,0.14490149140148637,0.8039391215003182,-1.2071444837943168,1.5781878262646492,0.6865214327319273,0.7165863463541036,-0.742799934945342,0,1.0572310764962256,0.8611671966189668,0.9855564279961313,0.5041650998012848,-1.3262365256261197,ANET
1221,2021-08-10,-1,break,126,0.03320605522907523,0.8264989803042407,-0.724703087401684,0.9959639177567734,0.5994515944454994,0.7684301036339775,0.093906842919032,0,0.5648656780869389,1.2992682423593203,0.8693237407140518,0.3110782432905141,0.7141215875175002,ANET
1810,2023-12-12,1,reject,126,0.09092640008821092,0.8044800914874436,0.6566723580079509,1.0238492986929877,0.5579352113063065,0.8748401289435244,1.659610370156424,0,0.9615990814148203,0.9741296190369616,1.2149077456559834,0.08473415136385717,4.51246739911769,ANET
1827,2024-01-08,1,break,126,0.0745930820870468,0.8332218752751748,0.6802314649119408,0.6638272929768265,0.7862814845583739,0.7076972238406997,1.1014564448723265,6,0.5459422348290458,1.160053260660435,2.425092433485438,0.9657769706671115,2.7837214007753968,ANET
1856,2024-02-20,-1,reject,126,-0.10002302959333112,0.8803920313605951,-0.9456533758800644,0.5035654936323803,1.293053318495558,1.6882379527635525,-0.79088931886246,0,1.9307747058281577,1.0090122721612496,0.8267852939653798,0.599446161291566,1.2896814045931102,ANET
1869,2024-03-08,-1,reject,126,-0.08513620789095092,0.9049059473367594,-0.9948906532787981,0.4205211644592296,1.074767921838963,1.0566181167696052,0.8846668715921097,3,1.2912500722416367,1.06841104670934,1.971788553383177,0.0,0.05534998221043999,ANET
1878,2024-03-21,1,reject,126,-0.213302152697278,0.9395872310586505,0.9479852170758498,0.4216943851469183,1.2097884322483476,1.4580120076403968,4.499609662758982,21,1.212993018873969,0.9396187359972556,1.3094457086468623,0.35658009703049015,3.4058514874755876,ANET
1882,2024-03-27,-1,reject,126,0.08555929943550233,0.943274812910099,-0.9798745245923973,0.39691882559671127,1.0212025942971352,0.9576623685085974,-0.5063828108968716,8,1.2368905963802759,0.8305593490206298,1.6445107299129806,0.21708384762403113,-0.13733126525873562,ANET
2077,2025-01-06,1,reject,126,-0.0297715123441345,0.7511512986185165,0.6296960921426112,0.5671630450910399,0.7442662070430522,0.7054750920407621,1.2804374259969864,0,1.3086617721403067,1.1567811523830378,0.6325893000934067,0.8952623192532368,2.736779517812481,ANET
2081,2025-01-13,-1,reject,126,-0.036608559185469264,0.8052904466784888,-0.7997306402612414,0.520587127349788,0.845062624505513,0.8577335323838834,-0.8923648128538325,0,1.3278720748006574,0.6607973836347262,1.155939851646092,1.539865275165783,0.13106895990882086,ANET
2087,2025-01-22,1,break,126,-0.22754395519220477,0.8600112410732943,0.7910502127939887,0.5628436607647127,1.0241206535916343,0.9038178815982848,1.2333085987198666,2,2.0315299043121136,1.665129990056377,1.9121188535289826,1.749850821027486,5.319559451224114,ANET
2090,2025-01-27,-1,break,126,0.07685741757584957,0.8600112410732943,-0.7910502127939887,0.20171737491586855,2.0172760665974976,1.6289603134041695,1.575397535661154,1,3.472988058155705,3.2532693236658536,4.65672953107863,2.7230374343416504,2.503014955814544,ANET
2257,2025-09-25,-1,reject,126,-0.06560392078324774,0.9207276378878563,-1.548666924275491,0.6063602703218979,1.1674971791977766,1.0279604665139568,-0.4409193900832838,0,0.7585359448373326,0.8245389911557272,0.8115616029453386,0.217501626133899,-0.04769935044980383,ANET
318,2018-01-08,1,break,252,0.0815062234016146,0.9349031703005439,0.7921483051565036,0.7122762119385408,0.8269822451633764,0.9199342257733438,1.173372562193182,0,1.0338877514600677,1.283480177892576,2.5136756117496106,0.5480019770171863,3.8945487317499596,ANET
347,2018-02-20,-1,break,252,-0.13390191421944328,0.956670405050915,-0.8116940162416922,0.24996485513752661,2.0094061591279577,3.1336977234169074,3.705039547715184,0,2.6599568264715705,0.8995588896320358,0.5644688532041983,0.11245147854802719,1.906933999521656,ANET
357,2018-03-06,1,reject,252,-0.10836809086755715,0.9542160648118341,0.8113784304222896,0.2400387807295388,0.8164083907435024,1.4344871809115973,2.6955541722379324,28,1.4886736931031985,0.9962430151739211,0.6639734833780538,0.07047695119378752,1.161538474426863,ANET
370,2018-03-23,-1,break,252,0.03870156050523794,0.9556938283787213,-0.8536713917898807,0.5091455565211559,0.6999154273278813,0.8416193900960768,1.2014296539785891,5,2.0766693495592365,1.4349088072931633,1.3700070862119078,0.04758814586407884,2.2561129621441585,ANET
1237,2021-09-01,-1,break,252,0.04534200595818743,0.8531199722438233,-0.5584821804101566,2.0056633981437115,1.134470425873268,1.1974326605727843,1.62442021136564,0,0.5904094144412646,0.9843277444627409,1.9330571972873014,0.0028048870538830454,2.938293881296155,ANET
1280,2021-11-02,1,break,252,-0.012911585007138078,0.7912959279722455,0.36511019988227045,0.3779206311706049,2.0229087100251126,2.1832089506910224,-4.390425506255174,0,2.846986598665495,3.232801685094001,5.049855081725532,4.311443538588089,5.304348153370389,ANET
1337,2022-01-25,-1,break,252,-0.010377783220198925,0.7658170274908879,-0.7963140441023633,1.5146721661309388,0.5618284160894051,1.258052643851896,0.9219038332636924,0,0.7285480906139371,1.3003953056380047,1.14203487697894,0.9351243637402158,7.155979804878402,ANET
1350,2022-02-11,-1,reject,252,0.0477652136663233,0.8255061920253375,-0.7165768721610435,0.9733667468556965,1.1534414336549812,0.8615085789509125,0.11992805997971635,5,0.6495299061794286,1.0845358511587346,1.8180302057249311,0.06210616537121507,0.6903146898139362,ANET
1390,2022-04-11,-1,break,252,0.1904387381997742,0.7959033479735862,-0.6133903408611171,0.8902930740035427,0.8821364763328113,0.878172220421237,1.4155304864212814,26,1.1726454864170615,1.0401329935172323,0.6377007479355498,0.5700278416120211,1.987211115337333,ANET
1738,2023-08-30,1,reject,252,-0.014373317919735657,0.7530022997671553,0.41249098060688966,1.243181567122714,0.6770419199216865,0.5899728684015476,-0.48949307053864627,0,-0.1823660775215893,0.9565045712095274,0.6363894357706976,0.14169227326459533,1.8552446382013879,ANET
1778,2023-10-26,-1,reject,252,-0.2515433567813803,0.8011205345115574,-0.5124769936311697,0.7528349730290955,1.5625579358977706,1.255214967084552,2.767657140807961,0,2.064816194218828,1.6420451705760897,2.516530512881086,1.2573384877627745,4.118707791841714,ANET
1810,2023-12-12,1,break,252,0.09092640008821092,0.8498396410405675,0.5513499585223921,1.532884636165293,0.5579352113063065,0.8748401289435244,1.659610370156424,0,0.64921695350562,1.0418800111935553,1.2149077456559834,0.08473415136385717,4.51246739911769,ANET
1829,2024-01-10,1,break,252,0.10162614088759321,0.8561174870179814,0.6374483010093017,1.055449499064602,0.7949886226726456,0.7866919084411996,1.7214600159303595,12,0.8882652898486793,0.91677087332258,1.0817777459981628,0.5596500412898682,3.285167553755474,ANET
1893,2024-04-12,-1,break,252,-0.14655821469793504,0.9296082111539382,-0.8087764648625275,0.44810883936116647,1.379020872586286,0.8586718418621407,1.0651320447016792,0,1.7083286472670995,1.7105361101188141,1.5474521495485585,1.793653364612684,2.4883223583460072,ANET
1947,2024-07-01,1,break,252,-0.13575260005592546,0.9265695412475206,0.6964915167286291,0.8115821084981332,0.6905485625093104,0.8152441617485536,1.1890794989012219,0,1.2083068537413442,1.1323522420076506,1.4479420597067656,0.6055369090311505,4.963478701394394,ANET
1959,2024-07-18,-1,reject,252,-0.0695839467377354,0.9269376738477245,-0.7640769691772584,0.8052284519787262,0.8308255813634792,0.787593981905383,1.8767409932615726,30,1.4501632736389207,0.7873433843886032,1.4263202936672024,0.2940745055610557,2.765076673907286,ANET
1987,2024-08-27,-1,break,252,-0.11620651681146082,0.9117880483718783,-0.7137673065931381,0.530760752656186,0.4935919947851505,0.5483634162458066,0.12967533236303283,20,0.48531721692517066,0.9049022433703711,0.8093535746617752,0.2982960931317941,-0.351013896737782,ANET
2020,2024-10-14,1,reject,252,-0.039868137137775594,0.8940308002147918,0.6358008547305127,1.3308521117145358,0.39843910977090047,1.0619105301210376,2.232472975708271,0,0.7389810052883011,0.7400549295975468,1.0204762202461843,0.39308943909945654,4.352306762667918,ANET
2044,2024-11-15,-1,break,252,-0.219145027258452,0.9023532627412629,-0.6184814156619729,0.657119436033999,1.2669333269268626,1.6870227379617437,4.420220910535144,12,0.878338233312066,1.3626261185162023,1.1719408116903052,0.217755365697078,2.4878016475429106,ANET
2063,2024-12-13,1,reject,252,0.032654853198929676,0.8940765038913704,0.5634009188052317,0.7331214985573757,0.8615267542419388,0.7589288883165188,0.629195202530905,1,0.6165897435982874,0.9951304457311371,0.8639695757027117,1.8958944478944457,4.307499253258691,ANET
2084,2025-01-16,1,break,252,-0.10017252147290386,0.8937169424113921,0.5694875277919478,0.7337993137109913,0.8403586273692392,0.793098834697805,1.1189055797252565,10,0.44857115270219605,0.9315011553717535,1.0293563555393268,0.49110979621659706,1.8081200945783737,ANET
2090,2025-01-27,-1,reject,252,0.07685741757584957,0.8942587822210968,-0.5768094863856291,0.2630428217910499,2.0172760665974976,1.6289603134041695,1.575397535661154,4,2.7705092179981072,1.6524754983425822,4.65672953107863,2.7230374343416504,2.503014955814544,ANET
2103,2025-02-13,-1,break,252,0.27323864120960817,0.8939934645893266,-0.5998859969898697,0.25522377978924116,0.6684189028879475,1.1114265834338792,1.5404994436297723,6,0.9570913536482154,0.918426546944736,0.6317204783480853,0.011283445944683557,0.8632328985325513,ANET
186,2019-05-01,1,reject,126,-0.003960397476549598,0.7914702551168002,0.06707179342306298,0.4895605263018105,0.9037149352358653,1.4001975435884222,6.6763271425516955,0,-0.07676367216446589,0.8486427411825531,2.1412905412856404,0.961817428591565,2.3038906985183205,VRT
202,2019-05-23,-1,reject,126,-0.012839599672374942,0.8120071215857024,-0.07420565812354134,0.681299475656989,0.6192586960273674,0.12878223282158294,0.5678938739007303,0,1.0868086851455707,1.0241710942338653,2.4767708619361013,0.488278900358271,1.6386491820608706,VRT
234,2019-07-10,1,reject,126,-0.0019626604903780205,0.8749304939178769,0.058359010080184744,0.4181632814782389,0.8850778289113335,1.7432903433664952,0.6245856456190205,1,1.5396418132750995,0.851301331695913,1.5384615384615383,2.13317267180451,2.673494857181512,VRT
240,2019-07-18,-1,reject,126,-0.007843170127777039,0.8914662358420568,-0.0641129150695985,0.35932560845312084,1.0360325708156346,1.8729719034428176,-0.4851357888527466,15,0.8799651190508982,0.7002567222078149,3.278701054602748,1.4165107948999314,-0.23840653346173216,VRT
245,2019-07-25,1,reject,126,0.006852664484066467,0.8928988189352058,0.06289494396507131,0.4521084808192587,0.9321071472449819,0.13241923365890307,-0.16714449117669236,3,0.14898624789087467,-0.5512704743169402,4.274821386191664,2.750891308921187,0.6576563676572209,VRT
262,2019-08-19,1,reject,126,-0.002443159616824958,0.90109662257625,0.06071295418246388,0.3157092682084182,0.8778720817628268,0.03946985749304084,0.07088184904882927,7,1.1300973818067397,0.139871167352645,0.6711440324582351,0.0,0.9646555727968597,VRT
286,2019-09-23,1,reject,126,-0.0009761083247975212,0.8395616686748322,0.04430475715325855,0.3892256975890824,0.6773135677293272,0.9340659340659341,3.088061934398882,8,0.48967327765719765,-0.05495158836571198,4.571440249044625,3.800686568582249,1.1462605221916347,VRT
291,2019-09-30,-1,reject,126,-0.006839366922635979,0.8355290733497075,-0.043270537762244224,0.411430097933537,0.8675709003255273,0.5400379365492617,-1.0971973327404512,29,1.1468800038643452,1.201831592230057,1.7902923087992646,0.0,0.9637979807946399,VRT
299,2019-10-10,-1,reject,126,-0.002925471253745154,0.8211737279921918,-0.04258308647171088,0.38888679855126557,0.773792478765742,1.3376544748744614,2.2027093989926514,31,-0.040022054855786804,0.6663822078549235,0.47057529967732237,0.0,-0.07001795271204682,VRT
320,2019-11-08,-1,reject,126,-0.02030036289906004,0.8036049047276834,-0.03677402856745551,0.702431018859577,0.4984738195321355,0.24303363693750563,1.1013166200739473,25,0.7437977815142784,1.0266337354592638,2.035618346433191,0.0,0.8460483976568738,VRT
396,2020-03-02,-1,break,126,0.3679137397415313,0.7659755008435399,-0.480976258501824,0.617554457311318,1.259521778736134,1.4969843737253294,1.271782478809216,0,2.169011521112963,0.9943622840635095,1.1609464003717522,0.046829162870479356,4.0447602047318805,VRT
526,2020-09-03,-1,reject,126,-0.0972449730123382,0.8377494060499859,-1.4642655258833814,0.8796844257218062,0.7503454700678813,0.5713725353044726,0.39406436185632016,0,0.657151307907625,0.9202788921167097,1.4494032054083417,0.2811163381464711,0.8192518165538719,VRT
539,2020-09-23,-1,none,126,-0.1043438712939211,0.8793876829957962,-1.3540364010514456,1.0480483895253467,0.690742879073392,1.4800600364651013,-0.07789204716432294,3,0.7161040122955017,1.0076053280802226,1.0162954280876328,0.0,0.35855608575282005,VRT
552,2020-10-12,-1,break,126,0.061946404227015944,0.8862493333345827,-1.3217046032427897,1.323664266522998,0.5197621784020444,0.6412204625745312,0.5084226632861835,10,0.1687364647146039,0.9729883377606177,0.8307194494409834,0.49696802232770604,-2.037157852977152,VRT
564,2020-10-28,-1,break,126,-0.0675524148988158,0.894397476211129,-1.0133448507906386,1.0999021543338512,0.6454237925873809,1.004701792697737,0.34073484589760067,13,1.2196096790230078,1.1090263598149668,0.7726920984627048,1.3626431638869076,2.0053505501370372,VRT
596,2020-12-14,-1,break,126,0.018028067348340348,0.8413352106157209,-0.7632616958720269,0.7585028858401945,1.3513945934183549,1.1338926256187096,-0.058017994795222357,26,0.5081248107283226,0.7208297434961146,1.0845934112511582,0.32451957069314863,-0.22099192895543224,VRT
632,2021-02-05,1,reject,126,-0.06116303376094197,0.7592415532941756,0.4108705900866822,0.5153612741585459,1.0702953117252916,0.8138040146346287,0.11672841493200374,0,0.11274578830434068,0.8701990253621151,0.8513810897868257,0.3089588920178288,2.4534539513690006,VRT
644,2021-02-24,-1,reject,126,0.08004263125732523,0.776546986544143,-0.5032360168852288,0.5573323912849887,1.003638889068521,1.2825825067404035,-2.5769554232165515,13,0.9690515813903442,0.15191484862756902,2.623949703512712,4.025105113161662,0.08295484304087987,VRT
716,2021-06-08,1,break,126,0.03846629743112216,0.7661266186430129,0.5263208570530941,0.8621425328619885,0.25140338289916014,0.8707540048645475,2.893043797180511,0,-0.04814104941874864,1.4731487870180076,1.4025872351765398,0.15581499659424483,5.181885791983395,VRT
757,2021-08-05,-1,break,126,-0.04434046885563265,0.8607877952003419,-0.8174499012354381,1.0339432487158071,0.7908837986590024,1.026746244229589,2.0962449121670157,0,1.1674746380225596,0.9442181596908532,0.7683094743076608,0.32433599737957924,0.17474252343248706,VRT
780,2021-09-08,-1,break,126,0.11917878088945436,0.8920609378863578,-0.7133950574723965,0.5913581941688322,1.6763602866063245,0.9541298292035219,1.9366113977154829,16,1.5165087505414396,2.413148634316039,2.7018616612737785,2.497708341576678,2.9444954596545703,VRT
950,2022-05-11,-1,reject,126,-0.030980183026824048,0.8062443718169169,1.8940661154212157,0.5747146817518862,0.6104110701009372,0.8152595451133227,1.4141921044613723,0,1.4891842766783554,0.6899217929956927,0.9866022117577472,0.2954993014806466,3.359335641035162,VRT
961,2022-05-26,1,break,126,-0.08250118989822999,0.8271157583754707,-2.1502386706734433,0.5828567298460796,0.9540933636749889,1.2589724989203364,0.9209227429287532,0,0.39913119853684864,0.8667007137689928,1.289062310825086,0.2053233398153357,-0.8484563792681674,VRT
980,2022-06-24,1,reject,126,0.02223392706736279,0.8025922407020589,-1.9571380254535862,0.6928381306199541,0.9837391152018587,1.0133089862281566,2.70290528492631,10,1.1893643391382953,1.0999757982704914,1.2863984657655791,0.3107258852251371,0.0632462161717114,VRT
994,2022-07-15,1,break,126,0.41363456222464656,0.7757532558299989,-1.9984448032866995,0.7125554950897858,0.7138519179454413,0.6412542062706277,-0.04186444707020424,13,0.2138310413785428,0.9674196084498482,1.2586024087166388,0.5392909601265548,-0.13467160709141332,VRT
1291,2023-09-20,-1,break,126,-0.0429748766560127,0.9496341701076736,-2.9484851330988584,0.8688238947157706,0.5760657933644628,0.7174105026684893,0.00496201863209372,0,1.7006948696026012,2.145257444600977,1.0971339634836776,0.10728388235212889,1.1212010689903347,VRT
1339,2023-11-28,-1,reject,126,-0.1467863577348365,0.8513297800985231,-1.5663145524729964,1.4158843868204989,0.7748534149265534,0.9020238367003727,1.104272207786743,40,0.672197937768714,1.073412669263455,0.8894941297932267,0.03439900060123106,-0.5584582956926685,VRT
1362,2024-01-02,-1,reject,126,-0.21044277379177193,0.8169263476884475,-1.2446899341734192,1.0269879990492141,0.8560696412758168,0.48131272038558787,0.5990325858058363,31,0.6708926734448772,1.0053691147433155,1.4024416886517237,0.4713102557689951,1.5958582876558918,VRT
1376,2024-01-23,1,break,126,0.08702692494133897,0.7725405318421612,0.7944121110318301,0.7084588324243071,0.8132095596101204,0.9056996197028967,0.976779672476973,0,0.6584631521214784,1.201700139680655,0.902734427682106,0.2000403406374212,3.8846893315454287,VRT
1437,2024-04-19,-1,break,126,-0.255128803052626,0.9638341856299774,-1.7388908233999918,0.4671215973886196,0.9720070792757867,1.020907749627598,2.692399050545541,0,2.115997423054437,1.9197998172727968,1.2884015289266828,0.41912250927712796,2.810392921730704,VRT
1440,2024-04-24,1,reject,126,0.1688897241039774,0.9638341856299774,1.7388908233999918,0.40968344798686446,1.176164781704077,1.553851889743026,-2.6197324411713145,42,-0.03803235493240065,-0.4632056463615271,2.733372116731048,3.384420310896612,0.8802813342769031,VRT
1455,2024-05-15,1,reject,126,-0.0930088257089618,0.9643042086880598,1.767928337067318,0.41966121067337825,0.8231100488007981,0.7506091892200356,0.5854488794270987,29,0.4559574888598139,1.0760526711123137,0.7623810728103241,0.6065735469483999,3.648415378123875,VRT
1466,2024-05-31,-1,break,126,0.12368904772229182,0.9701632392109629,-1.8595883337512547,0.475833358926715,0.6852028357813453,1.1231944459838588,0.41228960209713506,3,0.9951250355948664,1.2591375297140361,2.009218701268686,0.5905103864899438,0.35086221541709073,VRT
1629,2025-01-27,-1,break,126,0.110136871899226,0.8277241011821732,-1.2938994611340515,0.30598110301888753,1.988149718814097,2.2078848236793926,4.8749272707673486,0,2.832888643080119,2.797631665130391,3.891958655054827,2.5904478883367412,2.649472687239585,VRT
1779,2025-09-02,-1,reject,126,-0.1959900337303426,0.7549441904308501,-1.2900303857499835,1.1047635840527215,1.0248889323799266,0.9234083730541419,-1.411705051679651,0,0.053352748612682355,1.1286831247867448,0.9899463054208397,1.2441552603405275,2.7990165958796736,VRT
1807,2025-10-10,1,reject,126,0.06188728674245883,0.7839997636229192,1.1645609392546172,0.7453453346664498,0.9979686291445647,1.154929707494665,-2.3868964689812135,0,0.34916787233605906,0.6258219520917039,1.9476671480033814,1.764827190814214,3.653121998536532,VRT
1831,2025-11-13,-1,reject,126,0.014588883846334586,0.8422307622358229,-1.0914442495997372,0.5922407861623394,1.1169388726806486,0.9766830975275327,0.7698161615547264,6,1.3121001486796993,0.9158614536448794,1.0939019368641754,0.5474948390766845,3.1287305300837036,VRT
1850,2025-12-11,-1,break,126,0.04950969388128372,0.7927457307647192,-0.9910493072362383,0.7091407131846226,0.7330306082355895,0.959629687618159,-2.2266585606279374,7,0.279955066191832,0.5177509512469424,1.2001163807808108,0.7372218224014847,-0.7972335887343804,VRT
1949,2026-05-06,1,reject,126,-0.10260294666358796,0.7669370530064786,1.5669945948307313,0.9306987447619905,0.7823395828905984,0.661181163306221,2.3534460140977247,0,0.79669812935497,1.0597299081665292,1.2547861852278075,0.9963211398437961,4.301438505844961,VRT
1963,2026-05-27,-1,break,126,-0.017944259247968136,0.9025374315189111,-1.8119586404498107,0.6349840019528842,0.8498535976497716,0.7510232475369258,1.728277491366969,0,0.5912964391389749,1.1582340604914494,0.9276062755890414,0.16675940175682444,1.577059372650204,VRT
317,2019-11-05,-1,break,252,-0.01357929150325935,0.9229306022764369,-0.05326268150359966,1.0900720358084681,0.4196672606714732,0.12294988480576656,0.6079062022400146,0,0.5881937734773547,1.1613799360341028,0.4619047514167472,2.267375113464081,0.7187272561824664,VRT
340,2019-12-09,1,break,252,0.09138775318350198,0.9109662396401437,0.052497176809136716,0.4817859026858526,1.4759752462361946,1.0129476358272556,4.017908763840604,0,1.362046092088277,1.3760620463337645,2.7836908398817206,0.3051813118591353,5.018473480507583,VRT
643,2021-02-23,-1,break,252,0.1048486022362684,0.8283138003175299,-0.8856066880781285,1.4347604216183718,0.8252740559151952,0.9468053606601696,-2.0324590991587415,0,0.3787257148068055,0.5406197424770786,2.7553428311558954,2.0750782407276165,-2.219837956769552,VRT
716,2021-06-08,1,none,252,0.03846629743112216,0.9090121065407899,0.5396997478913924,1.047537762118669,0.25140338289916014,0.8707540048645475,2.893043797180511,0,0.6238225918132052,1.0858194329353783,1.4025872351765398,0.15581499659424483,5.181885791983395,VRT
780,2021-09-08,-1,break,252,0.11917878088945436,0.923246546353583,-0.5867261509944572,0.7100973997731769,1.6763602866063245,0.9541298292035219,1.9366113977154829,0,1.7764795416359733,1.6745437032734172,2.7018616612737785,2.497708341576678,2.9444954596545703,VRT
972,2022-06-13,-1,break,252,0.11473237598219908,0.756498842544236,1.0759223994618439,1.1483302430796292,0.8913041418972362,1.2044210002667757,2.1367283073697645,0,0.6157483749962873,1.1693520610389077,0.7480927967441701,0.9370083254773519,3.243898810968312,VRT
984,2022-06-30,-1,reject,252,-0.32879596935525035,0.7917800308333665,1.2399825804102405,1.0763287029329007,1.0438016840490663,1.095500279452057,1.11956791887095,5,0.553040732603995,1.1634823343527438,1.1287483857338398,0.5380333703250257,4.111883598064314,VRT
1006,2022-08-02,1,break,252,-0.0017007195744271567,0.8443218139658824,-1.265987134834248,1.318108087279408,0.5671464704482924,0.576321424083876,1.8772937163266197,0,0.7461201792386158,1.10690435099142,1.5263895014014492,0.4199069386160987,5.429172698759909,VRT
1362,2024-01-02,-1,none,252,-0.21044277379177193,0.8891895632432832,-1.650975656180829,1.756854399913359,0.8560696412758168,0.48131272038558787,0.5990325858058363,0,0.4965447583976894,1.0488641986458094,1.4024416886517237,0.4713102557689951,1.5958582876558918,VRT
1409,2024-03-11,-1,reject,252,-0.1995846615252873,0.93201313460699,-1.8612314799949514,1.021536796267568,0.9298192935767924,1.0655889703172317,1.0028568627407795,5,1.1087841887668202,1.1097710692762681,0.7782475289196273,0.48530349742524764,-0.4521960620214663,VRT
1437,2024-04-19,-1,reject,252,-0.255128803052626,0.9432913645017021,-1.6251405733889939,0.886190059020337,0.9720070792757867,1.020907749627598,2.692399050545541,2,1.1515159735821392,1.0261283337363756,1.2884015289266828,0.41912250927712796,2.810392921730704,VRT
1455,2024-05-15,1,reject,252,-0.0930088257089618,0.9513247526977961,1.500369066583263,0.6770944985137924,0.8231100488007981,0.7506091892200356,0.5854488794270987,0,0.7126729973380086,1.109130528482296,0.7623810728103241,0.6065735469483999,3.648415378123875,VRT
1466,2024-05-31,-1,break,252,0.12368904772229182,0.9586396643406027,-1.6186234936312736,0.7503417204861736,0.6852028357813453,1.1231944459838588,0.41228960209713506,4,0.6041851530565673,0.6947864437209098,2.009218701268686,0.5905103864899438,0.35086221541709073,VRT
1887,2026-02-05,-1,reject,252,-0.30765014804167795,0.7799744269659039,-0.850780331584248,1.0799104086070113,0.808126350683377,0.9486316100528798,0.3007886133675051,0,0.48720670076224976,0.8007645732018163,1.1756397600425241,1.2388875793191858,0.38332053630195567,VRT
1891,2026-02-11,1,break,252,0.06567971543630226,0.7799744269659039,0.850780331584248,0.5496507375282721,1.7201731473805846,1.5572465607591026,3.2441736198953444,0,2.43350703893064,1.5598052838142618,1.6504621980587324,2.809166039160658,4.9759720945326595,VRT
1930,2026-04-09,1,break,252,0.16726530850339666,0.8839050827642398,1.0394414834112329,0.7865246653335771,1.1184743455260338,0.5000802159850998,0.5198139330056588,24,0.5797536170291004,0.9549886284236236,0.7284134330170111,0.0035530197551676126,2.287865435554165,VRT
1990,2026-07-07,-1,reject,252,0.12404892719091742,0.8999949666498784,-1.086845541819917,0.593092535029025,1.4098075005397743,1.009450143643558,-0.5230030464265552,0,0.18300378924486504,0.7342711195188887,1.0495530950068979,0.8187743645967567,0.368556239236704,VRT
1996,2026-07-15,-1,break,252,0.05469132109839181,0.8987447982876668,-1.0879793781791642,0.6156119465653435,0.9045079351085655,0.5867779819523243,0.9317578872774913,1,0.43268488653399534,0.9221954796604294,1.1167486109241112,0.16702258409643242,0.7173652263420969,VRT
